experiment_id,customer_id,variant,experiment_date,converted,revenue
EXP001_checkout_redesign,C110476,control,2025-06-27,0,0.0
EXP001_checkout_redesign,C101824,treatment,2025-06-06,0,0.0
EXP001_checkout_redesign,C100409,control,2025-06-20,0,0.0
EXP001_checkout_redesign,C112149,control,2025-06-21,0,0.0
EXP001_checkout_redesign,C104506,control,2025-06-29,0,0.0
EXP001_checkout_redesign,C104012,control,2025-06-11,0,0.0
EXP001_checkout_redesign,C103657,control,2025-06-15,0,0.0
EXP001_checkout_redesign,C102286,treatment,2025-06-22,0,0.0
EXP001_checkout_redesign,C112066,control,2025-06-23,0,0.0
EXP001_checkout_redesign,C101679,control,2025-06-04,0,0.0
EXP001_checkout_redesign,C111087,treatment,2025-06-27,0,0.0
EXP001_checkout_redesign,C112135,treatment,2025-06-24,1,1694.05
EXP001_checkout_redesign,C114617,control,2025-06-14,0,0.0
EXP001_checkout_redesign,C108935,treatment,2025-06-05,0,0.0
EXP001_checkout_redesign,C101424,treatment,2025-06-23,0,0.0
EXP001_checkout_redesign,C109674,control,2025-06-22,0,0.0
EXP001_checkout_redesign,C106912,control,2025-06-27,0,0.0
EXP001_checkout_redesign,C100520,treatment,2025-06-27,0,0.0
EXP001_checkout_redesign,C100488,treatment,2025-06-21,0,0.0
EXP001_checkout_redesign,C101535,control,2025-06-23,0,0.0
EXP001_checkout_redesign,C103582,treatment,2025-06-11,0,0.0
EXP001_checkout_redesign,C103811,treatment,2025-06-20,0,0.0
EXP001_checkout_redesign,C108279,control,2025-06-07,0,0.0
EXP001_checkout_redesign,C109863,control,2025-06-13,0,0.0
EXP001_checkout_redesign,C100434,control,2025-06-19,0,0.0
EXP001_checkout_redesign,C109195,treatment,2025-06-24,0,0.0
EXP001_checkout_redesign,C103257,treatment,2025-06-26,1,1993.49
EXP001_checkout_redesign,C111731,control,2025-06-04,0,0.0
EXP001_checkout_redesign,C110647,treatment,2025-06-20,1,1232.56
EXP001_checkout_redesign,C111490,treatment,2025-06-12,1,3254.5
EXP001_checkout_redesign,C108928,control,2025-06-14,0,0.0
EXP001_checkout_redesign,C106873,treatment,2025-06-01,0,0.0
EXP001_checkout_redesign,C103611,control,2025-06-08,1,4546.13
EXP001_checkout_redesign,C107359,control,2025-06-16,1,5546.36
EXP001_checkout_redesign,C109654,treatment,2025-06-21,0,0.0
EXP001_checkout_redesign,C104557,treatment,2025-06-25,0,0.0
EXP001_checkout_redesign,C113261,treatment,2025-06-19,0,0.0
EXP001_checkout_redesign,C114242,control,2025-06-05,0,0.0
EXP001_checkout_redesign,C100106,control,2025-06-14,0,0.0
EXP001_checkout_redesign,C112432,treatment,2025-06-12,0,0.0
EXP001_checkout_redesign,C113202,control,2025-06-12,0,0.0
EXP001_checkout_redesign,C102615,treatment,2025-06-30,0,0.0
EXP001_checkout_redesign,C111438,treatment,2025-06-20,0,0.0
EXP001_checkout_redesign,C106924,treatment,2025-06-12,0,0.0
EXP001_checkout_redesign,C105574,treatment,2025-06-11,0,0.0
EXP001_checkout_redesign,C104552,control,2025-06-15,1,5199.82
EXP001_checkout_redesign,C102547,treatment,2025-06-07,0,0.0
EXP001_checkout_redesign,C103527,control,2025-06-10,0,0.0
EXP001_checkout_redesign,C112509,treatment,2025-06-30,0,0.0
EXP001_checkout_redesign,C105514,control,2025-06-05,1,5297.1
EXP001_checkout_redesign,C101674,treatment,2025-06-15,0,0.0
EXP001_checkout_redesign,C101519,control,2025-06-02,0,0.0
EXP001_checkout_redesign,C106224,control,2025-06-22,0,0.0
EXP001_checkout_redesign,C101584,treatment,2025-06-13,0,0.0
EXP001_checkout_redesign,C105881,treatment,2025-06-14,0,0.0
EXP001_checkout_redesign,C113885,control,2025-06-20,0,0.0
EXP001_checkout_redesign,C105635,treatment,2025-06-06,0,0.0
EXP001_checkout_redesign,C109891,control,2025-06-01,0,0.0
EXP001_checkout_redesign,C104333,control,2025-06-15,0,0.0
EXP001_checkout_redesign,C113223,control,2025-06-11,0,0.0
EXP001_checkout_redesign,C100711,treatment,2025-06-13,0,0.0
EXP001_checkout_redesign,C111955,control,2025-06-28,0,0.0
EXP001_checkout_redesign,C107527,control,2025-06-17,0,0.0
EXP001_checkout_redesign,C108785,control,2025-06-04,0,0.0
EXP001_checkout_redesign,C102045,treatment,2025-06-23,1,3448.73
EXP001_checkout_redesign,C106201,control,2025-06-11,0,0.0
EXP001_checkout_redesign,C101291,treatment,2025-06-23,0,0.0
EXP001_checkout_redesign,C109044,control,2025-06-01,0,0.0
EXP001_checkout_redesign,C104803,treatment,2025-06-14,0,0.0
EXP001_checkout_redesign,C113588,control,2025-06-21,0,0.0
EXP001_checkout_redesign,C110299,treatment,2025-06-22,0,0.0
EXP001_checkout_redesign,C110133,treatment,2025-06-05,0,0.0
EXP001_checkout_redesign,C114507,treatment,2025-06-23,0,0.0
EXP001_checkout_redesign,C114118,treatment,2025-06-22,0,0.0
EXP001_checkout_redesign,C105925,treatment,2025-06-21,1,2154.39
EXP001_checkout_redesign,C109459,treatment,2025-06-05,0,0.0
EXP001_checkout_redesign,C103150,control,2025-06-25,0,0.0
EXP001_checkout_redesign,C111543,treatment,2025-06-03,0,0.0
EXP001_checkout_redesign,C101139,control,2025-06-09,0,0.0
EXP001_checkout_redesign,C100750,control,2025-06-13,1,2010.39
EXP001_checkout_redesign,C110834,treatment,2025-06-11,0,0.0
EXP001_checkout_redesign,C103733,control,2025-06-18,0,0.0
EXP001_checkout_redesign,C112665,treatment,2025-06-10,0,0.0
EXP001_checkout_redesign,C104741,control,2025-06-23,0,0.0
EXP001_checkout_redesign,C101307,treatment,2025-06-06,0,0.0
EXP001_checkout_redesign,C114013,control,2025-06-24,0,0.0
EXP001_checkout_redesign,C103814,treatment,2025-06-09,0,0.0
EXP001_checkout_redesign,C114196,treatment,2025-06-13,1,1373.41
EXP001_checkout_redesign,C101654,treatment,2025-06-22,0,0.0
EXP001_checkout_redesign,C106227,control,2025-06-18,0,0.0
EXP001_checkout_redesign,C104554,control,2025-06-10,1,3413.04
EXP001_checkout_redesign,C107428,treatment,2025-06-15,0,0.0
EXP001_checkout_redesign,C110415,treatment,2025-06-12,0,0.0
EXP001_checkout_redesign,C113666,control,2025-06-20,0,0.0
EXP001_checkout_redesign,C105977,control,2025-06-30,0,0.0
EXP001_checkout_redesign,C102664,control,2025-06-15,0,0.0
EXP001_checkout_redesign,C106065,control,2025-06-14,0,0.0
EXP001_checkout_redesign,C105820,control,2025-06-19,0,0.0
EXP001_checkout_redesign,C103432,treatment,2025-06-19,0,0.0
EXP001_checkout_redesign,C110980,treatment,2025-06-21,0,0.0
EXP001_checkout_redesign,C104374,control,2025-06-10,1,1688.71
EXP001_checkout_redesign,C111498,control,2025-06-01,1,1037.12
EXP001_checkout_redesign,C111199,treatment,2025-06-25,0,0.0
EXP001_checkout_redesign,C110617,treatment,2025-06-20,0,0.0
EXP001_checkout_redesign,C101169,control,2025-06-07,0,0.0
EXP001_checkout_redesign,C109980,control,2025-06-23,0,0.0
EXP001_checkout_redesign,C110403,control,2025-06-23,0,0.0
EXP001_checkout_redesign,C102803,treatment,2025-06-11,0,0.0
EXP001_checkout_redesign,C108751,control,2025-06-21,0,0.0
EXP001_checkout_redesign,C111946,treatment,2025-06-04,0,0.0
EXP001_checkout_redesign,C104010,control,2025-06-04,0,0.0
EXP001_checkout_redesign,C102677,control,2025-06-29,0,0.0
EXP001_checkout_redesign,C107573,treatment,2025-06-21,0,0.0
EXP001_checkout_redesign,C106216,control,2025-06-22,0,0.0
EXP001_checkout_redesign,C104422,treatment,2025-06-10,1,2945.34
EXP001_checkout_redesign,C110485,control,2025-06-23,0,0.0
EXP001_checkout_redesign,C111274,treatment,2025-06-05,0,0.0
EXP001_checkout_redesign,C109125,treatment,2025-06-29,0,0.0
EXP001_checkout_redesign,C103598,control,2025-06-16,1,1079.43
EXP001_checkout_redesign,C111216,control,2025-06-28,0,0.0
EXP001_checkout_redesign,C105313,treatment,2025-06-12,0,0.0
EXP001_checkout_redesign,C113809,control,2025-06-25,0,0.0
EXP001_checkout_redesign,C112588,treatment,2025-06-30,0,0.0
EXP001_checkout_redesign,C112713,treatment,2025-06-25,0,0.0
EXP001_checkout_redesign,C100916,control,2025-06-01,1,5897.36
EXP001_checkout_redesign,C103752,treatment,2025-06-05,1,5741.43
EXP001_checkout_redesign,C113464,control,2025-06-18,0,0.0
EXP001_checkout_redesign,C100525,control,2025-06-04,0,0.0
EXP001_checkout_redesign,C113189,treatment,2025-06-27,1,1610.9
EXP001_checkout_redesign,C105168,treatment,2025-06-15,0,0.0
EXP001_checkout_redesign,C106572,control,2025-06-23,0,0.0
EXP001_checkout_redesign,C104386,treatment,2025-06-26,0,0.0
EXP001_checkout_redesign,C101084,treatment,2025-06-06,0,0.0
EXP001_checkout_redesign,C103456,control,2025-06-07,0,0.0
EXP001_checkout_redesign,C109292,control,2025-06-19,0,0.0
EXP001_checkout_redesign,C114358,control,2025-06-14,0,0.0
EXP001_checkout_redesign,C111762,treatment,2025-06-15,0,0.0
EXP001_checkout_redesign,C105155,treatment,2025-06-21,0,0.0
EXP001_checkout_redesign,C103483,control,2025-06-16,0,0.0
EXP001_checkout_redesign,C110738,control,2025-06-22,0,0.0
EXP001_checkout_redesign,C108179,control,2025-06-15,0,0.0
EXP001_checkout_redesign,C106482,control,2025-06-27,0,0.0
EXP001_checkout_redesign,C114494,treatment,2025-06-06,0,0.0
EXP001_checkout_redesign,C110532,treatment,2025-06-06,0,0.0
EXP001_checkout_redesign,C107517,control,2025-06-25,0,0.0
EXP001_checkout_redesign,C102340,treatment,2025-06-06,0,0.0
EXP001_checkout_redesign,C104339,treatment,2025-06-12,0,0.0
EXP001_checkout_redesign,C102287,treatment,2025-06-02,0,0.0
EXP001_checkout_redesign,C104040,control,2025-06-25,1,1360.15
EXP001_checkout_redesign,C112205,control,2025-06-04,0,0.0
EXP001_checkout_redesign,C109197,treatment,2025-06-23,0,0.0
EXP001_checkout_redesign,C108830,control,2025-06-06,0,0.0
EXP001_checkout_redesign,C104304,control,2025-06-25,0,0.0
EXP001_checkout_redesign,C112239,treatment,2025-06-10,0,0.0
EXP001_checkout_redesign,C109577,treatment,2025-06-29,0,0.0
EXP001_checkout_redesign,C107019,control,2025-06-19,0,0.0
EXP001_checkout_redesign,C114709,treatment,2025-06-24,1,3575.11
EXP001_checkout_redesign,C109560,treatment,2025-06-05,0,0.0
EXP001_checkout_redesign,C106543,treatment,2025-06-06,0,0.0
EXP001_checkout_redesign,C105930,control,2025-06-14,0,0.0
EXP001_checkout_redesign,C103593,treatment,2025-06-15,0,0.0
EXP001_checkout_redesign,C102266,treatment,2025-06-19,0,0.0
EXP001_checkout_redesign,C108348,control,2025-06-19,0,0.0
EXP001_checkout_redesign,C108085,control,2025-06-07,0,0.0
EXP001_checkout_redesign,C101489,control,2025-06-22,0,0.0
EXP001_checkout_redesign,C112382,control,2025-06-18,0,0.0
EXP001_checkout_redesign,C100771,treatment,2025-06-26,0,0.0
EXP001_checkout_redesign,C114108,control,2025-06-29,0,0.0
EXP001_checkout_redesign,C101796,control,2025-06-12,0,0.0
EXP001_checkout_redesign,C102504,control,2025-06-08,0,0.0
EXP001_checkout_redesign,C110280,treatment,2025-06-28,0,0.0
EXP001_checkout_redesign,C102621,control,2025-06-21,1,2306.33
EXP001_checkout_redesign,C112977,control,2025-06-23,0,0.0
EXP001_checkout_redesign,C111149,treatment,2025-06-03,0,0.0
EXP001_checkout_redesign,C106916,treatment,2025-06-15,0,0.0
EXP001_checkout_redesign,C109771,treatment,2025-06-10,0,0.0
EXP001_checkout_redesign,C101040,treatment,2025-06-21,0,0.0
EXP001_checkout_redesign,C106304,treatment,2025-06-28,0,0.0
EXP001_checkout_redesign,C106252,treatment,2025-06-19,0,0.0
EXP001_checkout_redesign,C109763,treatment,2025-06-12,0,0.0
EXP001_checkout_redesign,C107668,control,2025-06-03,0,0.0
EXP001_checkout_redesign,C108669,control,2025-06-28,0,0.0
EXP001_checkout_redesign,C104119,control,2025-06-14,0,0.0
EXP001_checkout_redesign,C109064,treatment,2025-06-17,0,0.0
EXP001_checkout_redesign,C114103,treatment,2025-06-27,0,0.0
EXP001_checkout_redesign,C100188,control,2025-06-03,0,0.0
EXP001_checkout_redesign,C111145,treatment,2025-06-07,0,0.0
EXP001_checkout_redesign,C111808,control,2025-06-27,0,0.0
EXP001_checkout_redesign,C101876,control,2025-06-25,1,1089.03
EXP001_checkout_redesign,C111169,control,2025-06-17,0,0.0
EXP001_checkout_redesign,C114496,treatment,2025-06-15,0,0.0
EXP001_checkout_redesign,C108797,control,2025-06-20,0,0.0
EXP001_checkout_redesign,C112302,treatment,2025-06-10,0,0.0
EXP001_checkout_redesign,C104371,control,2025-06-07,0,0.0
EXP001_checkout_redesign,C112592,control,2025-06-22,0,0.0
EXP001_checkout_redesign,C110501,control,2025-06-20,0,0.0
EXP001_checkout_redesign,C105573,treatment,2025-06-27,0,0.0
EXP001_checkout_redesign,C101827,control,2025-06-03,1,3733.71
EXP001_checkout_redesign,C104808,control,2025-06-22,0,0.0
EXP001_checkout_redesign,C107123,treatment,2025-06-15,1,1906.73
EXP001_checkout_redesign,C102591,control,2025-06-20,0,0.0
EXP001_checkout_redesign,C107433,control,2025-06-05,0,0.0
EXP001_checkout_redesign,C100053,control,2025-06-02,0,0.0
EXP001_checkout_redesign,C111830,control,2025-06-09,1,1978.18
EXP001_checkout_redesign,C114349,treatment,2025-06-18,0,0.0
EXP001_checkout_redesign,C111791,control,2025-06-13,0,0.0
EXP001_checkout_redesign,C104315,control,2025-06-20,0,0.0
EXP001_checkout_redesign,C108201,treatment,2025-06-24,1,5681.34
EXP001_checkout_redesign,C112483,treatment,2025-06-07,0,0.0
EXP001_checkout_redesign,C102927,control,2025-06-04,0,0.0
EXP001_checkout_redesign,C108317,control,2025-06-08,0,0.0
EXP001_checkout_redesign,C101743,control,2025-06-27,0,0.0
EXP001_checkout_redesign,C114262,treatment,2025-06-06,1,3300.55
EXP001_checkout_redesign,C110244,treatment,2025-06-24,0,0.0
EXP001_checkout_redesign,C104889,treatment,2025-06-04,0,0.0
EXP001_checkout_redesign,C113789,control,2025-06-05,0,0.0
EXP001_checkout_redesign,C110468,control,2025-06-20,0,0.0
EXP001_checkout_redesign,C114789,treatment,2025-06-23,0,0.0
EXP001_checkout_redesign,C109977,treatment,2025-06-20,0,0.0
EXP001_checkout_redesign,C103258,control,2025-06-21,0,0.0
EXP001_checkout_redesign,C114830,treatment,2025-06-09,1,4163.55
EXP001_checkout_redesign,C106126,control,2025-06-08,0,0.0
EXP001_checkout_redesign,C112492,treatment,2025-06-02,0,0.0
EXP001_checkout_redesign,C102646,control,2025-06-07,0,0.0
EXP001_checkout_redesign,C108837,treatment,2025-06-28,0,0.0
EXP001_checkout_redesign,C112757,control,2025-06-18,0,0.0
EXP001_checkout_redesign,C108689,treatment,2025-06-10,1,4255.85
EXP001_checkout_redesign,C100009,treatment,2025-06-03,0,0.0
EXP001_checkout_redesign,C109813,treatment,2025-06-17,0,0.0
EXP001_checkout_redesign,C105310,treatment,2025-06-02,0,0.0
EXP001_checkout_redesign,C108005,treatment,2025-06-03,0,0.0
EXP001_checkout_redesign,C100319,treatment,2025-06-05,0,0.0
EXP001_checkout_redesign,C101832,control,2025-06-13,0,0.0
EXP001_checkout_redesign,C105947,treatment,2025-06-13,0,0.0
EXP001_checkout_redesign,C114396,control,2025-06-06,0,0.0
EXP001_checkout_redesign,C113626,treatment,2025-06-14,0,0.0
EXP001_checkout_redesign,C113218,treatment,2025-06-23,0,0.0
EXP001_checkout_redesign,C105038,control,2025-06-05,0,0.0
EXP001_checkout_redesign,C103923,control,2025-06-21,0,0.0
EXP001_checkout_redesign,C100949,control,2025-06-27,0,0.0
EXP001_checkout_redesign,C103946,treatment,2025-06-24,0,0.0
EXP001_checkout_redesign,C114385,treatment,2025-06-01,0,0.0
EXP001_checkout_redesign,C109295,control,2025-06-09,0,0.0
EXP001_checkout_redesign,C101290,control,2025-06-03,0,0.0
EXP001_checkout_redesign,C101403,control,2025-06-27,1,2080.35
EXP001_checkout_redesign,C111991,treatment,2025-06-06,0,0.0
EXP001_checkout_redesign,C107962,control,2025-06-04,0,0.0
EXP001_checkout_redesign,C113369,control,2025-06-02,0,0.0
EXP001_checkout_redesign,C101133,treatment,2025-06-30,0,0.0
EXP001_checkout_redesign,C112461,control,2025-06-30,0,0.0
EXP001_checkout_redesign,C108727,treatment,2025-06-16,0,0.0
EXP001_checkout_redesign,C112547,control,2025-06-29,0,0.0
EXP001_checkout_redesign,C102060,control,2025-06-06,0,0.0
EXP001_checkout_redesign,C102103,control,2025-06-14,0,0.0
EXP001_checkout_redesign,C110809,control,2025-06-10,0,0.0
EXP001_checkout_redesign,C107787,control,2025-06-24,0,0.0
EXP001_checkout_redesign,C109007,treatment,2025-06-04,1,3907.48
EXP001_checkout_redesign,C102705,control,2025-06-24,0,0.0
EXP001_checkout_redesign,C104342,control,2025-06-07,0,0.0
EXP001_checkout_redesign,C108645,control,2025-06-17,0,0.0
EXP001_checkout_redesign,C114293,control,2025-06-05,0,0.0
EXP001_checkout_redesign,C109938,treatment,2025-06-14,0,0.0
EXP001_checkout_redesign,C106932,control,2025-06-16,0,0.0
EXP001_checkout_redesign,C103470,treatment,2025-06-08,0,0.0
EXP001_checkout_redesign,C108835,treatment,2025-06-16,0,0.0
EXP001_checkout_redesign,C112374,treatment,2025-06-06,0,0.0
EXP001_checkout_redesign,C111959,treatment,2025-06-25,0,0.0
EXP001_checkout_redesign,C111302,control,2025-06-11,0,0.0
EXP001_checkout_redesign,C103295,treatment,2025-06-23,0,0.0
EXP001_checkout_redesign,C111680,control,2025-06-02,0,0.0
EXP001_checkout_redesign,C105107,treatment,2025-06-01,1,5678.71
EXP001_checkout_redesign,C106537,treatment,2025-06-28,0,0.0
EXP001_checkout_redesign,C111004,treatment,2025-06-09,0,0.0
EXP001_checkout_redesign,C114971,treatment,2025-06-29,0,0.0
EXP001_checkout_redesign,C106118,treatment,2025-06-05,0,0.0
EXP001_checkout_redesign,C107177,control,2025-06-02,1,5384.08
EXP001_checkout_redesign,C108479,control,2025-06-27,0,0.0
EXP001_checkout_redesign,C107397,control,2025-06-14,0,0.0
EXP001_checkout_redesign,C101982,treatment,2025-06-29,0,0.0
EXP001_checkout_redesign,C104061,treatment,2025-06-20,0,0.0
EXP001_checkout_redesign,C103681,control,2025-06-26,0,0.0
EXP001_checkout_redesign,C101049,treatment,2025-06-13,0,0.0
EXP001_checkout_redesign,C105539,treatment,2025-06-12,0,0.0
EXP001_checkout_redesign,C100344,treatment,2025-06-22,0,0.0
EXP001_checkout_redesign,C109638,control,2025-06-09,0,0.0
EXP001_checkout_redesign,C109075,control,2025-06-24,0,0.0
EXP001_checkout_redesign,C103770,treatment,2025-06-06,0,0.0
EXP001_checkout_redesign,C109641,control,2025-06-04,0,0.0
EXP001_checkout_redesign,C103608,treatment,2025-06-30,0,0.0
EXP001_checkout_redesign,C100117,control,2025-06-10,0,0.0
EXP001_checkout_redesign,C101163,control,2025-06-05,0,0.0
EXP001_checkout_redesign,C111597,control,2025-06-27,0,0.0
EXP001_checkout_redesign,C110339,control,2025-06-27,0,0.0
EXP001_checkout_redesign,C100964,treatment,2025-06-04,0,0.0
EXP001_checkout_redesign,C103750,control,2025-06-20,0,0.0
EXP001_checkout_redesign,C101104,control,2025-06-24,0,0.0
EXP001_checkout_redesign,C100514,treatment,2025-06-04,0,0.0
EXP001_checkout_redesign,C114084,treatment,2025-06-13,0,0.0
EXP001_checkout_redesign,C105413,control,2025-06-16,0,0.0
EXP001_checkout_redesign,C101160,treatment,2025-06-11,0,0.0
EXP001_checkout_redesign,C108423,control,2025-06-19,0,0.0
EXP001_checkout_redesign,C103899,control,2025-06-18,0,0.0
EXP001_checkout_redesign,C104562,control,2025-06-26,0,0.0
EXP001_checkout_redesign,C110960,control,2025-06-01,0,0.0
EXP001_checkout_redesign,C107953,treatment,2025-06-21,0,0.0
EXP001_checkout_redesign,C103510,treatment,2025-06-04,0,0.0
EXP001_checkout_redesign,C108834,control,2025-06-26,0,0.0
EXP001_checkout_redesign,C102167,treatment,2025-06-09,0,0.0
EXP001_checkout_redesign,C111851,treatment,2025-06-09,0,0.0
EXP001_checkout_redesign,C114456,control,2025-06-11,0,0.0
EXP001_checkout_redesign,C109355,control,2025-06-05,0,0.0
EXP001_checkout_redesign,C109440,control,2025-06-21,0,0.0
EXP001_checkout_redesign,C107744,control,2025-06-06,0,0.0
EXP001_checkout_redesign,C103981,treatment,2025-06-20,0,0.0
EXP001_checkout_redesign,C112855,control,2025-06-29,0,0.0
EXP001_checkout_redesign,C107749,control,2025-06-06,0,0.0
EXP001_checkout_redesign,C113230,treatment,2025-06-08,0,0.0
EXP001_checkout_redesign,C106669,control,2025-06-28,0,0.0
EXP001_checkout_redesign,C103119,control,2025-06-21,0,0.0
EXP001_checkout_redesign,C101545,treatment,2025-06-24,0,0.0
EXP001_checkout_redesign,C101588,treatment,2025-06-24,0,0.0
EXP001_checkout_redesign,C110796,control,2025-06-19,0,0.0
EXP001_checkout_redesign,C107062,control,2025-06-22,0,0.0
EXP001_checkout_redesign,C105804,treatment,2025-06-01,1,3822.35
EXP001_checkout_redesign,C106939,control,2025-06-05,0,0.0
EXP001_checkout_redesign,C106735,treatment,2025-06-23,0,0.0
EXP001_checkout_redesign,C107651,treatment,2025-06-21,0,0.0
EXP001_checkout_redesign,C114153,control,2025-06-19,1,2399.55
EXP001_checkout_redesign,C111945,treatment,2025-06-02,0,0.0
EXP001_checkout_redesign,C100887,control,2025-06-28,0,0.0
EXP001_checkout_redesign,C111032,treatment,2025-06-16,0,0.0
EXP001_checkout_redesign,C110706,treatment,2025-06-02,0,0.0
EXP001_checkout_redesign,C110587,control,2025-06-09,0,0.0
EXP001_checkout_redesign,C101612,control,2025-06-18,1,1122.5
EXP001_checkout_redesign,C100993,treatment,2025-06-16,0,0.0
EXP001_checkout_redesign,C106596,control,2025-06-07,0,0.0
EXP001_checkout_redesign,C111931,treatment,2025-06-09,0,0.0
EXP001_checkout_redesign,C105559,control,2025-06-12,1,1143.29
EXP001_checkout_redesign,C113116,control,2025-06-19,0,0.0
EXP001_checkout_redesign,C114117,control,2025-06-23,0,0.0
EXP001_checkout_redesign,C101790,control,2025-06-01,0,0.0
EXP001_checkout_redesign,C104073,treatment,2025-06-28,0,0.0
EXP001_checkout_redesign,C103139,control,2025-06-06,0,0.0
EXP001_checkout_redesign,C103116,control,2025-06-27,0,0.0
EXP001_checkout_redesign,C108786,control,2025-06-02,0,0.0
EXP001_checkout_redesign,C107350,control,2025-06-26,0,0.0
EXP001_checkout_redesign,C102296,control,2025-06-17,0,0.0
EXP001_checkout_redesign,C114983,control,2025-06-21,0,0.0
EXP001_checkout_redesign,C103006,control,2025-06-14,1,3325.72
EXP001_checkout_redesign,C104563,treatment,2025-06-13,0,0.0
EXP001_checkout_redesign,C107579,treatment,2025-06-22,0,0.0
EXP001_checkout_redesign,C104092,control,2025-06-11,0,0.0
EXP001_checkout_redesign,C114327,treatment,2025-06-16,0,0.0
EXP001_checkout_redesign,C101235,control,2025-06-18,0,0.0
EXP001_checkout_redesign,C107260,treatment,2025-06-20,0,0.0
EXP001_checkout_redesign,C113238,control,2025-06-30,0,0.0
EXP001_checkout_redesign,C114112,control,2025-06-03,0,0.0
EXP001_checkout_redesign,C114024,control,2025-06-01,0,0.0
EXP001_checkout_redesign,C109016,treatment,2025-06-14,0,0.0
EXP001_checkout_redesign,C101604,control,2025-06-17,0,0.0
EXP001_checkout_redesign,C100828,control,2025-06-03,0,0.0
EXP001_checkout_redesign,C110684,control,2025-06-12,0,0.0
EXP001_checkout_redesign,C108856,control,2025-06-02,0,0.0
EXP001_checkout_redesign,C113697,control,2025-06-02,0,0.0
EXP001_checkout_redesign,C100241,treatment,2025-06-12,0,0.0
EXP001_checkout_redesign,C101528,treatment,2025-06-26,0,0.0
EXP001_checkout_redesign,C112346,treatment,2025-06-30,1,4427.38
EXP001_checkout_redesign,C113905,control,2025-06-21,1,3654.21
EXP001_checkout_redesign,C103872,control,2025-06-05,0,0.0
EXP001_checkout_redesign,C102724,control,2025-06-28,0,0.0
EXP001_checkout_redesign,C106658,treatment,2025-06-23,0,0.0
EXP001_checkout_redesign,C107956,control,2025-06-16,1,948.68
EXP001_checkout_redesign,C107886,treatment,2025-06-05,0,0.0
EXP001_checkout_redesign,C103502,control,2025-06-30,0,0.0
EXP001_checkout_redesign,C114166,control,2025-06-03,0,0.0
EXP001_checkout_redesign,C106570,treatment,2025-06-26,1,1245.88
EXP001_checkout_redesign,C100960,control,2025-06-06,0,0.0
EXP001_checkout_redesign,C102697,control,2025-06-19,0,0.0
EXP001_checkout_redesign,C106209,treatment,2025-06-12,0,0.0
EXP001_checkout_redesign,C100035,treatment,2025-06-08,1,1077.69
EXP001_checkout_redesign,C106396,treatment,2025-06-06,0,0.0
EXP001_checkout_redesign,C104345,control,2025-06-14,0,0.0
EXP001_checkout_redesign,C112846,control,2025-06-23,0,0.0
EXP001_checkout_redesign,C112863,treatment,2025-06-29,0,0.0
EXP001_checkout_redesign,C107454,treatment,2025-06-03,0,0.0
EXP001_checkout_redesign,C104673,control,2025-06-11,0,0.0
EXP001_checkout_redesign,C106930,control,2025-06-07,0,0.0
EXP001_checkout_redesign,C111412,control,2025-06-09,0,0.0
EXP001_checkout_redesign,C111968,control,2025-06-24,0,0.0
EXP001_checkout_redesign,C112834,control,2025-06-11,0,0.0
EXP001_checkout_redesign,C109105,treatment,2025-06-13,0,0.0
EXP001_checkout_redesign,C110844,control,2025-06-18,0,0.0
EXP001_checkout_redesign,C111770,control,2025-06-10,0,0.0
EXP001_checkout_redesign,C107973,treatment,2025-06-26,0,0.0
EXP001_checkout_redesign,C102536,treatment,2025-06-29,0,0.0
EXP001_checkout_redesign,C103111,control,2025-06-02,1,4845.01
EXP001_checkout_redesign,C104861,control,2025-06-30,0,0.0
EXP001_checkout_redesign,C103566,control,2025-06-07,1,2186.44
EXP001_checkout_redesign,C100958,treatment,2025-06-30,0,0.0
EXP001_checkout_redesign,C109489,control,2025-06-15,0,0.0
EXP001_checkout_redesign,C112054,control,2025-06-10,0,0.0
EXP001_checkout_redesign,C108883,control,2025-06-12,0,0.0
EXP001_checkout_redesign,C100998,treatment,2025-06-20,0,0.0
EXP001_checkout_redesign,C112254,control,2025-06-25,0,0.0
EXP001_checkout_redesign,C105138,control,2025-06-22,0,0.0
EXP001_checkout_redesign,C100936,control,2025-06-09,1,1393.94
EXP001_checkout_redesign,C100821,control,2025-06-27,0,0.0
EXP001_checkout_redesign,C109571,treatment,2025-06-19,0,0.0
EXP001_checkout_redesign,C107811,control,2025-06-22,0,0.0
EXP001_checkout_redesign,C108238,treatment,2025-06-06,0,0.0
EXP001_checkout_redesign,C113970,treatment,2025-06-24,0,0.0
EXP001_checkout_redesign,C108701,treatment,2025-06-23,0,0.0
EXP001_checkout_redesign,C102579,control,2025-06-19,1,5950.79
EXP001_checkout_redesign,C100931,control,2025-06-01,0,0.0
EXP001_checkout_redesign,C108320,control,2025-06-02,0,0.0
EXP001_checkout_redesign,C101312,treatment,2025-06-15,0,0.0
EXP001_checkout_redesign,C113948,control,2025-06-11,0,0.0
EXP001_checkout_redesign,C103044,treatment,2025-06-26,1,1420.19
EXP001_checkout_redesign,C101122,treatment,2025-06-18,0,0.0
EXP001_checkout_redesign,C109749,treatment,2025-06-01,0,0.0
EXP001_checkout_redesign,C101113,control,2025-06-04,1,4307.3
EXP001_checkout_redesign,C111062,control,2025-06-22,0,0.0
EXP001_checkout_redesign,C114120,treatment,2025-06-04,1,3723.07
EXP001_checkout_redesign,C103853,treatment,2025-06-29,0,0.0
EXP001_checkout_redesign,C106615,treatment,2025-06-04,0,0.0
EXP001_checkout_redesign,C101964,control,2025-06-27,0,0.0
EXP001_checkout_redesign,C109333,treatment,2025-06-25,0,0.0
EXP001_checkout_redesign,C104033,control,2025-06-18,0,0.0
EXP001_checkout_redesign,C109485,control,2025-06-01,1,1812.8
EXP001_checkout_redesign,C109740,treatment,2025-06-07,1,2250.27
EXP001_checkout_redesign,C100651,control,2025-06-14,0,0.0
EXP001_checkout_redesign,C110147,control,2025-06-16,0,0.0
EXP001_checkout_redesign,C101343,treatment,2025-06-15,0,0.0
EXP001_checkout_redesign,C106868,control,2025-06-05,0,0.0
EXP001_checkout_redesign,C110770,control,2025-06-13,0,0.0
EXP001_checkout_redesign,C109562,control,2025-06-05,1,5296.28
EXP001_checkout_redesign,C109260,control,2025-06-18,0,0.0
EXP001_checkout_redesign,C108565,control,2025-06-29,1,2329.67
EXP001_checkout_redesign,C105183,control,2025-06-22,0,0.0
EXP001_checkout_redesign,C104272,control,2025-06-05,0,0.0
EXP001_checkout_redesign,C103346,treatment,2025-06-05,0,0.0
EXP001_checkout_redesign,C110972,treatment,2025-06-06,0,0.0
EXP001_checkout_redesign,C111734,control,2025-06-14,0,0.0
EXP001_checkout_redesign,C105147,control,2025-06-02,0,0.0
EXP001_checkout_redesign,C103910,treatment,2025-06-15,0,0.0
EXP001_checkout_redesign,C104351,control,2025-06-16,0,0.0
EXP001_checkout_redesign,C106484,control,2025-06-05,0,0.0
EXP001_checkout_redesign,C102144,control,2025-06-27,0,0.0
EXP001_checkout_redesign,C114727,control,2025-06-16,1,1019.43
EXP001_checkout_redesign,C110575,treatment,2025-06-01,0,0.0
EXP001_checkout_redesign,C104915,treatment,2025-06-29,0,0.0
EXP001_checkout_redesign,C107491,control,2025-06-29,0,0.0
EXP001_checkout_redesign,C105180,treatment,2025-06-08,0,0.0
EXP001_checkout_redesign,C112318,control,2025-06-01,0,0.0
EXP001_checkout_redesign,C101188,treatment,2025-06-07,0,0.0
EXP001_checkout_redesign,C100152,control,2025-06-29,0,0.0
EXP001_checkout_redesign,C107508,treatment,2025-06-06,0,0.0
EXP001_checkout_redesign,C110177,control,2025-06-08,0,0.0
EXP001_checkout_redesign,C109224,control,2025-06-05,1,5687.75
EXP001_checkout_redesign,C101638,treatment,2025-06-27,0,0.0
EXP001_checkout_redesign,C101200,treatment,2025-06-15,0,0.0
EXP001_checkout_redesign,C108808,control,2025-06-22,0,0.0
EXP001_checkout_redesign,C103492,treatment,2025-06-20,0,0.0
EXP001_checkout_redesign,C108288,treatment,2025-06-26,0,0.0
EXP001_checkout_redesign,C114618,control,2025-06-26,1,5860.1
EXP001_checkout_redesign,C102170,treatment,2025-06-16,0,0.0
EXP001_checkout_redesign,C105718,control,2025-06-17,0,0.0
EXP001_checkout_redesign,C114432,treatment,2025-06-11,1,1417.24
EXP001_checkout_redesign,C101127,control,2025-06-23,0,0.0
EXP001_checkout_redesign,C114405,control,2025-06-02,0,0.0
EXP001_checkout_redesign,C104002,treatment,2025-06-01,0,0.0
EXP001_checkout_redesign,C106054,control,2025-06-17,0,0.0
EXP001_checkout_redesign,C104669,control,2025-06-01,1,2499.89
EXP001_checkout_redesign,C102584,treatment,2025-06-02,0,0.0
EXP001_checkout_redesign,C107179,control,2025-06-28,0,0.0
EXP001_checkout_redesign,C113660,treatment,2025-06-17,0,0.0
EXP001_checkout_redesign,C108900,treatment,2025-06-29,0,0.0
EXP001_checkout_redesign,C111526,control,2025-06-04,0,0.0
EXP001_checkout_redesign,C104956,treatment,2025-06-12,0,0.0
EXP001_checkout_redesign,C110021,treatment,2025-06-29,0,0.0
EXP001_checkout_redesign,C114940,control,2025-06-10,1,3824.36
EXP001_checkout_redesign,C110714,treatment,2025-06-10,0,0.0
EXP001_checkout_redesign,C108666,control,2025-06-15,0,0.0
EXP001_checkout_redesign,C100128,treatment,2025-06-11,1,1440.32
EXP001_checkout_redesign,C110942,control,2025-06-07,1,5748.3
EXP001_checkout_redesign,C113387,treatment,2025-06-10,0,0.0
EXP001_checkout_redesign,C109086,control,2025-06-19,1,5105.68
EXP001_checkout_redesign,C104905,control,2025-06-25,0,0.0
EXP001_checkout_redesign,C110868,treatment,2025-06-18,0,0.0
EXP001_checkout_redesign,C101697,control,2025-06-02,0,0.0
EXP001_checkout_redesign,C114387,control,2025-06-07,0,0.0
EXP001_checkout_redesign,C102200,control,2025-06-29,0,0.0
EXP001_checkout_redesign,C114941,treatment,2025-06-25,0,0.0
EXP001_checkout_redesign,C101891,control,2025-06-14,0,0.0
EXP001_checkout_redesign,C101753,treatment,2025-06-22,0,0.0
EXP001_checkout_redesign,C112163,treatment,2025-06-11,0,0.0
EXP001_checkout_redesign,C114816,treatment,2025-06-01,0,0.0
EXP001_checkout_redesign,C102546,control,2025-06-22,0,0.0
EXP001_checkout_redesign,C104462,treatment,2025-06-20,0,0.0
EXP001_checkout_redesign,C104616,control,2025-06-05,0,0.0
EXP001_checkout_redesign,C109909,treatment,2025-06-04,0,0.0
EXP001_checkout_redesign,C103450,treatment,2025-06-14,0,0.0
EXP001_checkout_redesign,C111757,treatment,2025-06-03,0,0.0
EXP001_checkout_redesign,C105617,control,2025-06-18,0,0.0
EXP001_checkout_redesign,C103335,treatment,2025-06-18,1,4052.88
EXP001_checkout_redesign,C111263,control,2025-06-26,0,0.0
EXP001_checkout_redesign,C110391,control,2025-06-27,0,0.0
EXP001_checkout_redesign,C113974,treatment,2025-06-04,0,0.0
EXP001_checkout_redesign,C104325,treatment,2025-06-03,0,0.0
EXP001_checkout_redesign,C108280,treatment,2025-06-27,1,4207.01
EXP001_checkout_redesign,C108004,control,2025-06-28,0,0.0
EXP001_checkout_redesign,C104114,control,2025-06-22,0,0.0
EXP001_checkout_redesign,C113862,control,2025-06-10,0,0.0
EXP001_checkout_redesign,C100832,treatment,2025-06-29,0,0.0
EXP001_checkout_redesign,C101512,control,2025-06-16,0,0.0
EXP001_checkout_redesign,C110392,control,2025-06-03,0,0.0
EXP001_checkout_redesign,C114675,control,2025-06-19,1,1907.79
EXP001_checkout_redesign,C114930,control,2025-06-20,0,0.0
EXP001_checkout_redesign,C104533,treatment,2025-06-30,0,0.0
EXP001_checkout_redesign,C100722,treatment,2025-06-15,0,0.0
EXP001_checkout_redesign,C100058,treatment,2025-06-05,1,5077.18
EXP001_checkout_redesign,C105464,control,2025-06-11,0,0.0
EXP001_checkout_redesign,C112634,control,2025-06-09,1,3963.37
EXP001_checkout_redesign,C102143,treatment,2025-06-13,0,0.0
EXP001_checkout_redesign,C110438,treatment,2025-06-11,0,0.0
EXP001_checkout_redesign,C104291,control,2025-06-21,1,3168.28
EXP001_checkout_redesign,C102647,control,2025-06-14,0,0.0
EXP001_checkout_redesign,C112144,control,2025-06-01,0,0.0
EXP001_checkout_redesign,C107239,treatment,2025-06-09,0,0.0
EXP001_checkout_redesign,C109038,control,2025-06-13,0,0.0
EXP001_checkout_redesign,C111561,control,2025-06-02,0,0.0
EXP001_checkout_redesign,C107007,treatment,2025-06-29,0,0.0
EXP001_checkout_redesign,C109189,control,2025-06-04,0,0.0
EXP001_checkout_redesign,C100158,control,2025-06-16,0,0.0
EXP001_checkout_redesign,C114767,treatment,2025-06-10,1,5993.88
EXP001_checkout_redesign,C101232,control,2025-06-06,0,0.0
EXP001_checkout_redesign,C111321,control,2025-06-09,0,0.0
EXP001_checkout_redesign,C102442,control,2025-06-02,0,0.0
EXP001_checkout_redesign,C108938,treatment,2025-06-25,1,4431.6
EXP001_checkout_redesign,C100590,treatment,2025-06-25,0,0.0
EXP001_checkout_redesign,C113674,control,2025-06-01,1,5318.35
EXP001_checkout_redesign,C106049,control,2025-06-12,0,0.0
EXP001_checkout_redesign,C109543,control,2025-06-28,0,0.0
EXP001_checkout_redesign,C109052,treatment,2025-06-27,0,0.0
EXP001_checkout_redesign,C102426,control,2025-06-22,1,2971.17
EXP001_checkout_redesign,C107041,treatment,2025-06-28,1,4634.39
EXP001_checkout_redesign,C102088,control,2025-06-22,0,0.0
EXP001_checkout_redesign,C100685,treatment,2025-06-25,0,0.0
EXP001_checkout_redesign,C105050,treatment,2025-06-22,0,0.0
EXP001_checkout_redesign,C105974,control,2025-06-29,0,0.0
EXP001_checkout_redesign,C113043,treatment,2025-06-30,0,0.0
EXP001_checkout_redesign,C114101,control,2025-06-16,0,0.0
EXP001_checkout_redesign,C100653,treatment,2025-06-02,0,0.0
EXP001_checkout_redesign,C105862,control,2025-06-13,0,0.0
EXP001_checkout_redesign,C103441,treatment,2025-06-08,0,0.0
EXP001_checkout_redesign,C111174,treatment,2025-06-01,0,0.0
EXP001_checkout_redesign,C104088,treatment,2025-06-05,0,0.0
EXP001_checkout_redesign,C110927,treatment,2025-06-10,0,0.0
EXP001_checkout_redesign,C101684,control,2025-06-03,0,0.0
EXP001_checkout_redesign,C105794,treatment,2025-06-11,0,0.0
EXP001_checkout_redesign,C112781,treatment,2025-06-22,0,0.0
EXP001_checkout_redesign,C109173,treatment,2025-06-30,0,0.0
EXP001_checkout_redesign,C114331,treatment,2025-06-28,1,1823.21
EXP001_checkout_redesign,C114629,treatment,2025-06-05,0,0.0
EXP001_checkout_redesign,C110168,control,2025-06-12,1,4474.37
EXP001_checkout_redesign,C112279,control,2025-06-12,0,0.0
EXP001_checkout_redesign,C102532,control,2025-06-13,0,0.0
EXP001_checkout_redesign,C103878,treatment,2025-06-29,0,0.0
EXP001_checkout_redesign,C114165,control,2025-06-26,0,0.0
EXP001_checkout_redesign,C102662,control,2025-06-29,1,1377.91
EXP001_checkout_redesign,C113105,treatment,2025-06-29,0,0.0
EXP001_checkout_redesign,C113283,control,2025-06-14,0,0.0
EXP001_checkout_redesign,C102900,treatment,2025-06-04,0,0.0
EXP001_checkout_redesign,C106755,control,2025-06-03,1,2847.07
EXP001_checkout_redesign,C100406,control,2025-06-17,0,0.0
EXP001_checkout_redesign,C102938,control,2025-06-08,0,0.0
EXP001_checkout_redesign,C112067,control,2025-06-16,0,0.0
EXP001_checkout_redesign,C105442,treatment,2025-06-11,0,0.0
EXP001_checkout_redesign,C112818,control,2025-06-05,0,0.0
EXP001_checkout_redesign,C106745,treatment,2025-06-16,0,0.0
EXP001_checkout_redesign,C113143,treatment,2025-06-24,0,0.0
EXP001_checkout_redesign,C110975,control,2025-06-09,0,0.0
EXP001_checkout_redesign,C114156,treatment,2025-06-13,0,0.0
EXP001_checkout_redesign,C112043,treatment,2025-06-08,0,0.0
EXP001_checkout_redesign,C114428,treatment,2025-06-22,0,0.0
EXP001_checkout_redesign,C104065,treatment,2025-06-26,0,0.0
EXP001_checkout_redesign,C114806,control,2025-06-24,0,0.0
EXP001_checkout_redesign,C102608,treatment,2025-06-05,0,0.0
EXP001_checkout_redesign,C112900,treatment,2025-06-09,0,0.0
EXP001_checkout_redesign,C111489,control,2025-06-06,1,5658.7
EXP001_checkout_redesign,C101771,treatment,2025-06-02,0,0.0
EXP001_checkout_redesign,C106267,treatment,2025-06-07,0,0.0
EXP001_checkout_redesign,C114289,treatment,2025-06-30,0,0.0
EXP001_checkout_redesign,C100634,treatment,2025-06-17,0,0.0
EXP001_checkout_redesign,C114067,control,2025-06-26,0,0.0
EXP001_checkout_redesign,C107711,control,2025-06-12,0,0.0
EXP001_checkout_redesign,C103644,control,2025-06-01,1,4176.54
EXP001_checkout_redesign,C103269,treatment,2025-06-28,0,0.0
EXP001_checkout_redesign,C113378,control,2025-06-30,0,0.0
EXP001_checkout_redesign,C107541,control,2025-06-15,0,0.0
EXP001_checkout_redesign,C105728,treatment,2025-06-24,0,0.0
EXP001_checkout_redesign,C105000,treatment,2025-06-28,0,0.0
EXP001_checkout_redesign,C113443,treatment,2025-06-21,0,0.0
EXP001_checkout_redesign,C113030,treatment,2025-06-11,0,0.0
EXP001_checkout_redesign,C114275,treatment,2025-06-10,0,0.0
EXP001_checkout_redesign,C103728,control,2025-06-16,1,2160.18
EXP001_checkout_redesign,C103652,treatment,2025-06-09,0,0.0
EXP001_checkout_redesign,C100387,treatment,2025-06-30,0,0.0
EXP001_checkout_redesign,C110813,treatment,2025-06-12,0,0.0
EXP001_checkout_redesign,C103164,control,2025-06-22,0,0.0
EXP001_checkout_redesign,C106528,treatment,2025-06-15,0,0.0
EXP001_checkout_redesign,C105378,control,2025-06-29,0,0.0
EXP001_checkout_redesign,C104564,control,2025-06-16,0,0.0
EXP001_checkout_redesign,C114161,treatment,2025-06-01,0,0.0
EXP001_checkout_redesign,C101137,control,2025-06-06,0,0.0
EXP001_checkout_redesign,C112670,treatment,2025-06-13,0,0.0
EXP001_checkout_redesign,C104573,control,2025-06-01,0,0.0
EXP001_checkout_redesign,C105753,treatment,2025-06-13,0,0.0
EXP001_checkout_redesign,C110510,treatment,2025-06-05,0,0.0
EXP001_checkout_redesign,C108346,treatment,2025-06-03,0,0.0
EXP001_checkout_redesign,C106548,control,2025-06-12,0,0.0
EXP001_checkout_redesign,C111133,control,2025-06-26,0,0.0
EXP001_checkout_redesign,C113822,control,2025-06-10,0,0.0
EXP001_checkout_redesign,C114936,control,2025-06-09,0,0.0
EXP001_checkout_redesign,C105425,treatment,2025-06-17,0,0.0
EXP001_checkout_redesign,C100452,control,2025-06-06,0,0.0
EXP001_checkout_redesign,C101889,control,2025-06-14,1,3128.66
EXP001_checkout_redesign,C114369,control,2025-06-03,0,0.0
EXP001_checkout_redesign,C104279,control,2025-06-25,0,0.0
EXP001_checkout_redesign,C102925,control,2025-06-18,0,0.0
EXP001_checkout_redesign,C109512,control,2025-06-28,0,0.0
EXP001_checkout_redesign,C104349,control,2025-06-27,0,0.0
EXP001_checkout_redesign,C100626,control,2025-06-07,0,0.0
EXP001_checkout_redesign,C101776,control,2025-06-09,0,0.0
EXP001_checkout_redesign,C109774,treatment,2025-06-15,0,0.0
EXP001_checkout_redesign,C107119,treatment,2025-06-19,0,0.0
EXP001_checkout_redesign,C105663,treatment,2025-06-16,0,0.0
EXP001_checkout_redesign,C111936,control,2025-06-19,0,0.0
EXP001_checkout_redesign,C112884,treatment,2025-06-19,0,0.0
EXP001_checkout_redesign,C105139,treatment,2025-06-17,0,0.0
EXP001_checkout_redesign,C107149,treatment,2025-06-29,0,0.0
EXP001_checkout_redesign,C109932,treatment,2025-06-25,0,0.0
EXP001_checkout_redesign,C108379,treatment,2025-06-25,1,4359.57
EXP001_checkout_redesign,C101894,treatment,2025-06-06,0,0.0
EXP001_checkout_redesign,C106311,treatment,2025-06-25,0,0.0
EXP001_checkout_redesign,C109446,control,2025-06-25,0,0.0
EXP001_checkout_redesign,C103114,control,2025-06-01,0,0.0
EXP001_checkout_redesign,C104173,control,2025-06-19,0,0.0
EXP001_checkout_redesign,C100727,treatment,2025-06-15,0,0.0
EXP001_checkout_redesign,C111612,control,2025-06-03,1,3396.52
EXP001_checkout_redesign,C107144,control,2025-06-17,0,0.0
EXP001_checkout_redesign,C100027,treatment,2025-06-06,0,0.0
EXP001_checkout_redesign,C108518,treatment,2025-06-04,0,0.0
EXP001_checkout_redesign,C113213,treatment,2025-06-08,0,0.0
EXP001_checkout_redesign,C108821,treatment,2025-06-22,0,0.0
EXP001_checkout_redesign,C111253,control,2025-06-04,0,0.0
EXP001_checkout_redesign,C111787,control,2025-06-21,0,0.0
EXP001_checkout_redesign,C112156,treatment,2025-06-28,0,0.0
EXP001_checkout_redesign,C112075,treatment,2025-06-02,0,0.0
EXP001_checkout_redesign,C110987,treatment,2025-06-10,0,0.0
EXP001_checkout_redesign,C103228,control,2025-06-12,0,0.0
EXP001_checkout_redesign,C105967,treatment,2025-06-01,1,1238.6
EXP001_checkout_redesign,C107066,control,2025-06-12,0,0.0
EXP001_checkout_redesign,C101146,treatment,2025-06-23,0,0.0
EXP001_checkout_redesign,C110882,control,2025-06-10,0,0.0
EXP001_checkout_redesign,C105409,control,2025-06-12,0,0.0
EXP001_checkout_redesign,C110209,treatment,2025-06-19,0,0.0
EXP001_checkout_redesign,C105143,treatment,2025-06-29,0,0.0
EXP001_checkout_redesign,C114511,treatment,2025-06-03,0,0.0
EXP001_checkout_redesign,C113893,control,2025-06-22,0,0.0
EXP001_checkout_redesign,C102041,control,2025-06-19,0,0.0
EXP001_checkout_redesign,C111792,treatment,2025-06-23,0,0.0
EXP001_checkout_redesign,C104920,treatment,2025-06-07,0,0.0
EXP001_checkout_redesign,C108308,control,2025-06-21,0,0.0
EXP001_checkout_redesign,C105067,treatment,2025-06-01,0,0.0
EXP001_checkout_redesign,C110926,treatment,2025-06-13,0,0.0
EXP001_checkout_redesign,C106691,control,2025-06-09,0,0.0
EXP001_checkout_redesign,C105344,control,2025-06-16,0,0.0
EXP001_checkout_redesign,C106592,control,2025-06-18,0,0.0
EXP001_checkout_redesign,C111423,control,2025-06-15,1,5769.07
EXP001_checkout_redesign,C104844,control,2025-06-20,0,0.0
EXP001_checkout_redesign,C109083,treatment,2025-06-15,0,0.0
EXP001_checkout_redesign,C102085,control,2025-06-15,0,0.0
EXP001_checkout_redesign,C103143,control,2025-06-10,1,3182.56
EXP001_checkout_redesign,C106888,treatment,2025-06-26,1,940.31
EXP001_checkout_redesign,C110894,treatment,2025-06-18,0,0.0
EXP001_checkout_redesign,C106211,control,2025-06-15,0,0.0
EXP001_checkout_redesign,C111097,control,2025-06-12,1,3230.71
EXP001_checkout_redesign,C112257,control,2025-06-01,0,0.0
EXP001_checkout_redesign,C102851,control,2025-06-13,0,0.0
EXP001_checkout_redesign,C110084,treatment,2025-06-17,0,0.0
EXP001_checkout_redesign,C109324,treatment,2025-06-17,1,5965.6
EXP001_checkout_redesign,C104930,control,2025-06-07,0,0.0
EXP001_checkout_redesign,C106653,treatment,2025-06-11,0,0.0
EXP001_checkout_redesign,C108977,treatment,2025-06-12,1,3770.66
EXP001_checkout_redesign,C113659,control,2025-06-09,1,4675.66
EXP001_checkout_redesign,C100006,treatment,2025-06-15,0,0.0
EXP001_checkout_redesign,C104978,control,2025-06-01,0,0.0
EXP001_checkout_redesign,C104700,treatment,2025-06-26,0,0.0
EXP001_checkout_redesign,C103443,control,2025-06-22,0,0.0
EXP001_checkout_redesign,C107043,control,2025-06-11,0,0.0
EXP001_checkout_redesign,C112873,control,2025-06-05,0,0.0
EXP001_checkout_redesign,C109502,treatment,2025-06-30,0,0.0
EXP001_checkout_redesign,C109939,treatment,2025-06-19,0,0.0
EXP001_checkout_redesign,C110726,treatment,2025-06-18,0,0.0
EXP001_checkout_redesign,C105279,control,2025-06-18,0,0.0
EXP001_checkout_redesign,C107618,treatment,2025-06-18,0,0.0
EXP001_checkout_redesign,C107238,treatment,2025-06-23,0,0.0
EXP001_checkout_redesign,C107244,control,2025-06-20,1,3317.06
EXP001_checkout_redesign,C111069,control,2025-06-07,0,0.0
EXP001_checkout_redesign,C103501,control,2025-06-14,0,0.0
EXP001_checkout_redesign,C108375,treatment,2025-06-26,0,0.0
EXP001_checkout_redesign,C107752,control,2025-06-01,0,0.0
EXP001_checkout_redesign,C113004,control,2025-06-28,0,0.0
EXP001_checkout_redesign,C113042,treatment,2025-06-26,0,0.0
EXP001_checkout_redesign,C112057,treatment,2025-06-20,0,0.0
EXP001_checkout_redesign,C102780,treatment,2025-06-09,0,0.0
EXP001_checkout_redesign,C110794,control,2025-06-16,0,0.0
EXP001_checkout_redesign,C101389,control,2025-06-23,0,0.0
EXP001_checkout_redesign,C104649,treatment,2025-06-26,0,0.0
EXP001_checkout_redesign,C108445,control,2025-06-06,0,0.0
EXP001_checkout_redesign,C110876,control,2025-06-07,0,0.0
EXP001_checkout_redesign,C110370,treatment,2025-06-18,0,0.0
EXP001_checkout_redesign,C110145,treatment,2025-06-01,0,0.0
EXP001_checkout_redesign,C105491,control,2025-06-26,1,1484.81
EXP001_checkout_redesign,C101530,treatment,2025-06-25,0,0.0
EXP001_checkout_redesign,C113409,control,2025-06-16,0,0.0
EXP001_checkout_redesign,C112306,treatment,2025-06-18,0,0.0
EXP001_checkout_redesign,C103848,treatment,2025-06-18,0,0.0
EXP001_checkout_redesign,C111023,control,2025-06-19,1,3614.57
EXP001_checkout_redesign,C105085,control,2025-06-28,0,0.0
EXP001_checkout_redesign,C103680,control,2025-06-13,0,0.0
EXP001_checkout_redesign,C113214,treatment,2025-06-19,0,0.0
EXP001_checkout_redesign,C103262,control,2025-06-03,1,2922.6
EXP001_checkout_redesign,C102414,treatment,2025-06-20,0,0.0
EXP001_checkout_redesign,C100400,control,2025-06-27,0,0.0
EXP001_checkout_redesign,C100757,control,2025-06-17,0,0.0
EXP001_checkout_redesign,C104011,control,2025-06-11,1,1588.14
EXP001_checkout_redesign,C107784,control,2025-06-29,0,0.0
EXP001_checkout_redesign,C110015,control,2025-06-17,0,0.0
EXP001_checkout_redesign,C113922,control,2025-06-30,0,0.0
EXP001_checkout_redesign,C112590,control,2025-06-12,1,4694.37
EXP001_checkout_redesign,C101193,control,2025-06-12,0,0.0
EXP001_checkout_redesign,C107461,treatment,2025-06-20,1,5582.52
EXP001_checkout_redesign,C106790,treatment,2025-06-16,0,0.0
EXP001_checkout_redesign,C110318,treatment,2025-06-01,0,0.0
EXP001_checkout_redesign,C109431,control,2025-06-28,0,0.0
EXP001_checkout_redesign,C103185,treatment,2025-06-20,0,0.0
EXP001_checkout_redesign,C111769,treatment,2025-06-13,0,0.0
EXP001_checkout_redesign,C111409,control,2025-06-02,0,0.0
EXP001_checkout_redesign,C106291,control,2025-06-16,0,0.0
EXP001_checkout_redesign,C108099,treatment,2025-06-07,0,0.0
EXP001_checkout_redesign,C106547,treatment,2025-06-22,0,0.0
EXP001_checkout_redesign,C103997,treatment,2025-06-02,0,0.0
EXP001_checkout_redesign,C102417,treatment,2025-06-18,0,0.0
EXP001_checkout_redesign,C110748,control,2025-06-28,0,0.0
EXP001_checkout_redesign,C111266,control,2025-06-17,0,0.0
EXP001_checkout_redesign,C100090,treatment,2025-06-16,0,0.0
EXP001_checkout_redesign,C112303,treatment,2025-06-20,0,0.0
EXP001_checkout_redesign,C114097,treatment,2025-06-18,0,0.0
EXP001_checkout_redesign,C112616,treatment,2025-06-21,0,0.0
EXP001_checkout_redesign,C101746,control,2025-06-28,0,0.0
EXP001_checkout_redesign,C112753,control,2025-06-28,0,0.0
EXP001_checkout_redesign,C106965,treatment,2025-06-20,0,0.0
EXP001_checkout_redesign,C103585,control,2025-06-16,0,0.0
EXP001_checkout_redesign,C102881,treatment,2025-06-01,0,0.0
EXP001_checkout_redesign,C113174,treatment,2025-06-21,0,0.0
EXP001_checkout_redesign,C111401,treatment,2025-06-05,0,0.0
EXP001_checkout_redesign,C108486,control,2025-06-15,0,0.0
EXP001_checkout_redesign,C107611,control,2025-06-13,0,0.0
EXP001_checkout_redesign,C100822,treatment,2025-06-05,0,0.0
EXP001_checkout_redesign,C109132,treatment,2025-06-18,0,0.0
EXP001_checkout_redesign,C104082,control,2025-06-20,0,0.0
EXP001_checkout_redesign,C113899,control,2025-06-30,0,0.0
EXP001_checkout_redesign,C101988,treatment,2025-06-05,0,0.0
EXP001_checkout_redesign,C107478,treatment,2025-06-16,0,0.0
EXP001_checkout_redesign,C102184,treatment,2025-06-11,0,0.0
EXP001_checkout_redesign,C113130,treatment,2025-06-11,0,0.0
EXP001_checkout_redesign,C107612,control,2025-06-22,0,0.0
EXP001_checkout_redesign,C110937,control,2025-06-23,0,0.0
EXP001_checkout_redesign,C108702,control,2025-06-26,0,0.0
EXP001_checkout_redesign,C109157,control,2025-06-27,0,0.0
EXP001_checkout_redesign,C109755,control,2025-06-03,1,5456.78
EXP001_checkout_redesign,C105198,control,2025-06-19,0,0.0
EXP001_checkout_redesign,C114734,treatment,2025-06-10,1,3972.81
EXP001_checkout_redesign,C107251,control,2025-06-28,0,0.0
EXP001_checkout_redesign,C110037,treatment,2025-06-02,0,0.0
EXP001_checkout_redesign,C113353,control,2025-06-25,0,0.0
EXP001_checkout_redesign,C111784,control,2025-06-17,0,0.0
EXP001_checkout_redesign,C108270,control,2025-06-03,1,860.79
EXP001_checkout_redesign,C106991,control,2025-06-03,0,0.0
EXP001_checkout_redesign,C113608,treatment,2025-06-08,0,0.0
EXP001_checkout_redesign,C108976,treatment,2025-06-16,1,4087.5
EXP001_checkout_redesign,C107305,treatment,2025-06-12,0,0.0
EXP001_checkout_redesign,C102607,control,2025-06-22,0,0.0
EXP001_checkout_redesign,C112184,control,2025-06-19,0,0.0
EXP001_checkout_redesign,C114114,control,2025-06-01,0,0.0
EXP001_checkout_redesign,C107777,treatment,2025-06-19,0,0.0
EXP001_checkout_redesign,C107373,treatment,2025-06-04,0,0.0
EXP001_checkout_redesign,C104246,control,2025-06-17,1,1201.83
EXP001_checkout_redesign,C112317,control,2025-06-19,0,0.0
EXP001_checkout_redesign,C104050,treatment,2025-06-04,0,0.0
EXP001_checkout_redesign,C113760,control,2025-06-15,0,0.0
EXP001_checkout_redesign,C110447,treatment,2025-06-07,0,0.0
EXP001_checkout_redesign,C104543,control,2025-06-20,0,0.0
EXP001_checkout_redesign,C114748,treatment,2025-06-17,0,0.0
EXP001_checkout_redesign,C112741,treatment,2025-06-25,0,0.0
EXP001_checkout_redesign,C108540,treatment,2025-06-22,1,3963.75
EXP001_checkout_redesign,C107939,treatment,2025-06-09,0,0.0
EXP001_checkout_redesign,C110268,treatment,2025-06-07,0,0.0
EXP001_checkout_redesign,C103919,control,2025-06-04,0,0.0
EXP001_checkout_redesign,C104499,control,2025-06-17,0,0.0
EXP001_checkout_redesign,C107206,treatment,2025-06-15,0,0.0
EXP001_checkout_redesign,C101269,treatment,2025-06-23,0,0.0
EXP001_checkout_redesign,C111690,control,2025-06-09,0,0.0
EXP001_checkout_redesign,C104681,treatment,2025-06-28,0,0.0
EXP001_checkout_redesign,C103841,treatment,2025-06-16,0,0.0
EXP001_checkout_redesign,C104451,treatment,2025-06-06,0,0.0
EXP001_checkout_redesign,C105502,treatment,2025-06-28,1,1817.4
EXP001_checkout_redesign,C105238,control,2025-06-17,0,0.0
EXP001_checkout_redesign,C108849,control,2025-06-25,0,0.0
EXP001_checkout_redesign,C101320,control,2025-06-07,0,0.0
EXP001_checkout_redesign,C102267,control,2025-06-17,0,0.0
EXP001_checkout_redesign,C102471,treatment,2025-06-14,0,0.0
EXP001_checkout_redesign,C103788,control,2025-06-15,0,0.0
EXP001_checkout_redesign,C106275,control,2025-06-20,1,1887.69
EXP001_checkout_redesign,C111369,control,2025-06-21,0,0.0
EXP001_checkout_redesign,C102503,treatment,2025-06-18,0,0.0
EXP001_checkout_redesign,C111573,treatment,2025-06-19,0,0.0
EXP001_checkout_redesign,C103505,control,2025-06-18,0,0.0
EXP001_checkout_redesign,C101052,control,2025-06-14,0,0.0
EXP001_checkout_redesign,C106797,treatment,2025-06-20,1,1946.38
EXP001_checkout_redesign,C106678,treatment,2025-06-23,0,0.0
EXP001_checkout_redesign,C105421,control,2025-06-05,0,0.0
EXP001_checkout_redesign,C108890,control,2025-06-30,0,0.0
EXP001_checkout_redesign,C107633,control,2025-06-07,1,3329.82
EXP001_checkout_redesign,C106812,treatment,2025-06-12,0,0.0
EXP001_checkout_redesign,C101020,control,2025-06-17,0,0.0
EXP001_checkout_redesign,C103388,control,2025-06-30,0,0.0
EXP001_checkout_redesign,C113646,control,2025-06-19,0,0.0
EXP001_checkout_redesign,C106883,control,2025-06-16,0,0.0
EXP001_checkout_redesign,C106381,control,2025-06-02,0,0.0
EXP001_checkout_redesign,C112612,treatment,2025-06-12,0,0.0
EXP001_checkout_redesign,C109569,treatment,2025-06-29,0,0.0
EXP001_checkout_redesign,C111395,treatment,2025-06-17,0,0.0
EXP001_checkout_redesign,C100320,treatment,2025-06-21,0,0.0
EXP001_checkout_redesign,C114036,treatment,2025-06-03,0,0.0
EXP001_checkout_redesign,C112543,treatment,2025-06-08,0,0.0
EXP001_checkout_redesign,C109432,treatment,2025-06-05,0,0.0
EXP001_checkout_redesign,C106232,treatment,2025-06-21,0,0.0
EXP001_checkout_redesign,C107814,treatment,2025-06-23,0,0.0
EXP001_checkout_redesign,C100096,control,2025-06-24,0,0.0
EXP001_checkout_redesign,C105763,control,2025-06-17,1,1018.85
EXP001_checkout_redesign,C104892,treatment,2025-06-21,0,0.0
EXP001_checkout_redesign,C112344,treatment,2025-06-25,0,0.0
EXP001_checkout_redesign,C106389,control,2025-06-27,0,0.0
EXP001_checkout_redesign,C113982,control,2025-06-28,0,0.0
EXP001_checkout_redesign,C113692,control,2025-06-25,0,0.0
EXP001_checkout_redesign,C106865,treatment,2025-06-14,1,1727.01
EXP001_checkout_redesign,C108818,control,2025-06-23,0,0.0
EXP001_checkout_redesign,C112247,treatment,2025-06-14,1,4197.09
EXP001_checkout_redesign,C112036,treatment,2025-06-04,0,0.0
EXP001_checkout_redesign,C108947,control,2025-06-15,0,0.0
EXP001_checkout_redesign,C114429,treatment,2025-06-02,0,0.0
EXP001_checkout_redesign,C109883,control,2025-06-21,0,0.0
EXP001_checkout_redesign,C103613,control,2025-06-04,0,0.0
EXP001_checkout_redesign,C107999,control,2025-06-29,0,0.0
EXP001_checkout_redesign,C103595,control,2025-06-17,0,0.0
EXP001_checkout_redesign,C104471,control,2025-06-29,0,0.0
EXP001_checkout_redesign,C107140,control,2025-06-23,0,0.0
EXP001_checkout_redesign,C114628,control,2025-06-03,1,2391.65
EXP001_checkout_redesign,C100475,control,2025-06-22,1,5328.34
EXP001_checkout_redesign,C106371,treatment,2025-06-28,1,2827.96
EXP001_checkout_redesign,C105507,control,2025-06-21,0,0.0
EXP001_checkout_redesign,C110958,treatment,2025-06-16,0,0.0
EXP001_checkout_redesign,C111127,control,2025-06-12,0,0.0
EXP001_checkout_redesign,C113076,treatment,2025-06-20,0,0.0
EXP001_checkout_redesign,C106624,control,2025-06-03,0,0.0
EXP001_checkout_redesign,C111864,treatment,2025-06-25,0,0.0
EXP001_checkout_redesign,C102704,treatment,2025-06-05,1,2384.88
EXP001_checkout_redesign,C113770,treatment,2025-06-16,1,4109.74
EXP001_checkout_redesign,C107657,treatment,2025-06-26,0,0.0
EXP001_checkout_redesign,C102091,control,2025-06-07,0,0.0
EXP001_checkout_redesign,C110195,treatment,2025-06-20,0,0.0
EXP001_checkout_redesign,C114891,treatment,2025-06-16,0,0.0
EXP001_checkout_redesign,C100441,control,2025-06-17,0,0.0
EXP001_checkout_redesign,C106455,treatment,2025-06-02,0,0.0
EXP001_checkout_redesign,C109697,control,2025-06-12,0,0.0
EXP001_checkout_redesign,C109246,control,2025-06-26,0,0.0
EXP001_checkout_redesign,C110862,treatment,2025-06-13,0,0.0
EXP001_checkout_redesign,C100444,control,2025-06-05,0,0.0
EXP001_checkout_redesign,C101375,control,2025-06-16,0,0.0
EXP001_checkout_redesign,C110530,control,2025-06-30,0,0.0
EXP001_checkout_redesign,C107022,treatment,2025-06-28,0,0.0
EXP001_checkout_redesign,C102223,treatment,2025-06-08,1,1056.88
EXP001_checkout_redesign,C107564,treatment,2025-06-24,0,0.0
EXP001_checkout_redesign,C102977,treatment,2025-06-28,0,0.0
EXP001_checkout_redesign,C100823,treatment,2025-06-14,0,0.0
EXP001_checkout_redesign,C104262,control,2025-06-08,0,0.0
EXP001_checkout_redesign,C114313,control,2025-06-29,1,4405.8
EXP001_checkout_redesign,C105363,treatment,2025-06-25,0,0.0
EXP001_checkout_redesign,C103467,treatment,2025-06-18,0,0.0
EXP001_checkout_redesign,C107449,control,2025-06-20,0,0.0
EXP001_checkout_redesign,C105355,control,2025-06-12,0,0.0
EXP001_checkout_redesign,C105529,control,2025-06-11,0,0.0
EXP001_checkout_redesign,C112471,treatment,2025-06-16,0,0.0
EXP001_checkout_redesign,C114100,control,2025-06-26,0,0.0
EXP001_checkout_redesign,C104558,treatment,2025-06-22,1,5846.25
EXP001_checkout_redesign,C112320,treatment,2025-06-15,0,0.0
EXP001_checkout_redesign,C113630,control,2025-06-13,0,0.0
EXP001_checkout_redesign,C106906,control,2025-06-22,0,0.0
EXP001_checkout_redesign,C104133,treatment,2025-06-28,0,0.0
EXP001_checkout_redesign,C113679,treatment,2025-06-28,1,4175.46
EXP001_checkout_redesign,C101341,control,2025-06-21,0,0.0
EXP001_checkout_redesign,C107705,control,2025-06-18,0,0.0
EXP001_checkout_redesign,C100317,treatment,2025-06-24,0,0.0
EXP001_checkout_redesign,C112272,control,2025-06-01,0,0.0
EXP001_checkout_redesign,C114775,treatment,2025-06-29,0,0.0
EXP001_checkout_redesign,C100853,control,2025-06-01,0,0.0
EXP001_checkout_redesign,C105733,control,2025-06-28,0,0.0
EXP001_checkout_redesign,C103673,treatment,2025-06-01,0,0.0
EXP001_checkout_redesign,C110651,control,2025-06-09,0,0.0
EXP001_checkout_redesign,C101124,control,2025-06-21,0,0.0
EXP001_checkout_redesign,C112799,treatment,2025-06-14,0,0.0
EXP001_checkout_redesign,C110678,treatment,2025-06-28,1,1094.47
EXP001_checkout_redesign,C100659,control,2025-06-18,0,0.0
EXP001_checkout_redesign,C112357,treatment,2025-06-27,0,0.0
EXP001_checkout_redesign,C100508,control,2025-06-01,1,1037.56
EXP001_checkout_redesign,C104051,treatment,2025-06-20,0,0.0
EXP001_checkout_redesign,C103266,treatment,2025-06-11,0,0.0
EXP001_checkout_redesign,C113749,treatment,2025-06-02,0,0.0
EXP001_checkout_redesign,C100333,control,2025-06-19,0,0.0
EXP001_checkout_redesign,C110179,control,2025-06-02,0,0.0
EXP001_checkout_redesign,C102496,control,2025-06-24,0,0.0
EXP001_checkout_redesign,C103908,treatment,2025-06-30,1,2662.76
EXP001_checkout_redesign,C102068,treatment,2025-06-19,0,0.0
EXP001_checkout_redesign,C107758,control,2025-06-02,0,0.0
EXP001_checkout_redesign,C110968,control,2025-06-06,0,0.0
EXP001_checkout_redesign,C101874,treatment,2025-06-23,0,0.0
EXP001_checkout_redesign,C109240,control,2025-06-15,0,0.0
EXP001_checkout_redesign,C103571,control,2025-06-25,0,0.0
EXP001_checkout_redesign,C107619,control,2025-06-11,0,0.0
EXP001_checkout_redesign,C111460,treatment,2025-06-26,1,5769.97
EXP001_checkout_redesign,C104198,control,2025-06-16,0,0.0
EXP001_checkout_redesign,C112564,treatment,2025-06-20,0,0.0
EXP001_checkout_redesign,C106043,control,2025-06-21,0,0.0
EXP001_checkout_redesign,C102749,control,2025-06-30,0,0.0
EXP001_checkout_redesign,C109926,treatment,2025-06-27,0,0.0
EXP001_checkout_redesign,C109949,treatment,2025-06-22,0,0.0
EXP001_checkout_redesign,C114596,treatment,2025-06-03,1,4927.2
EXP001_checkout_redesign,C114251,control,2025-06-03,0,0.0
EXP001_checkout_redesign,C114811,control,2025-06-19,0,0.0
EXP001_checkout_redesign,C112743,control,2025-06-21,0,0.0
EXP001_checkout_redesign,C113423,control,2025-06-11,0,0.0
EXP001_checkout_redesign,C102683,control,2025-06-06,0,0.0
EXP001_checkout_redesign,C105096,control,2025-06-25,0,0.0
EXP001_checkout_redesign,C114409,treatment,2025-06-09,0,0.0
EXP001_checkout_redesign,C109481,treatment,2025-06-28,0,0.0
EXP001_checkout_redesign,C100420,control,2025-06-05,0,0.0
EXP001_checkout_redesign,C105111,treatment,2025-06-30,0,0.0
EXP001_checkout_redesign,C109433,treatment,2025-06-24,0,0.0
EXP001_checkout_redesign,C114312,control,2025-06-07,0,0.0
EXP001_checkout_redesign,C106149,treatment,2025-06-20,0,0.0
EXP001_checkout_redesign,C106498,control,2025-06-01,0,0.0
EXP001_checkout_redesign,C111714,treatment,2025-06-03,0,0.0
EXP001_checkout_redesign,C103249,control,2025-06-11,0,0.0
EXP001_checkout_redesign,C101245,treatment,2025-06-26,0,0.0
EXP001_checkout_redesign,C109700,treatment,2025-06-21,0,0.0
EXP001_checkout_redesign,C111315,control,2025-06-10,0,0.0
EXP001_checkout_redesign,C114208,control,2025-06-13,0,0.0
EXP001_checkout_redesign,C110276,treatment,2025-06-29,0,0.0
EXP001_checkout_redesign,C103978,control,2025-06-03,1,4957.55
EXP001_checkout_redesign,C101669,treatment,2025-06-11,0,0.0
EXP001_checkout_redesign,C111422,control,2025-06-20,0,0.0
EXP001_checkout_redesign,C112656,treatment,2025-06-09,1,1283.45
EXP001_checkout_redesign,C104941,treatment,2025-06-25,0,0.0
EXP001_checkout_redesign,C113931,control,2025-06-11,0,0.0
EXP001_checkout_redesign,C111210,control,2025-06-09,0,0.0
EXP001_checkout_redesign,C109837,treatment,2025-06-13,0,0.0
EXP001_checkout_redesign,C113197,control,2025-06-09,0,0.0
EXP001_checkout_redesign,C101983,treatment,2025-06-14,0,0.0
EXP001_checkout_redesign,C113045,control,2025-06-16,0,0.0
EXP001_checkout_redesign,C109272,control,2025-06-28,0,0.0
EXP001_checkout_redesign,C112822,control,2025-06-17,0,0.0
EXP001_checkout_redesign,C100672,control,2025-06-25,0,0.0
EXP001_checkout_redesign,C105688,treatment,2025-06-15,0,0.0
EXP001_checkout_redesign,C108728,control,2025-06-28,0,0.0
EXP001_checkout_redesign,C107018,treatment,2025-06-28,1,1304.81
EXP001_checkout_redesign,C110838,treatment,2025-06-11,0,0.0
EXP001_checkout_redesign,C106071,treatment,2025-06-12,1,875.36
EXP001_checkout_redesign,C101129,control,2025-06-30,0,0.0
EXP001_checkout_redesign,C108289,treatment,2025-06-11,0,0.0
EXP001_checkout_redesign,C110609,treatment,2025-06-29,0,0.0
EXP001_checkout_redesign,C105590,control,2025-06-18,0,0.0
EXP001_checkout_redesign,C100207,control,2025-06-24,0,0.0
EXP001_checkout_redesign,C113919,treatment,2025-06-25,0,0.0
EXP001_checkout_redesign,C106882,control,2025-06-12,0,0.0
EXP001_checkout_redesign,C113473,treatment,2025-06-08,0,0.0
EXP001_checkout_redesign,C108031,treatment,2025-06-25,0,0.0
EXP001_checkout_redesign,C101729,treatment,2025-06-21,0,0.0
EXP001_checkout_redesign,C107102,treatment,2025-06-10,0,0.0
EXP001_checkout_redesign,C105934,control,2025-06-28,0,0.0
EXP001_checkout_redesign,C110413,treatment,2025-06-23,0,0.0
EXP001_checkout_redesign,C113577,control,2025-06-27,0,0.0
EXP001_checkout_redesign,C107532,control,2025-06-03,0,0.0
EXP001_checkout_redesign,C111588,treatment,2025-06-20,0,0.0
EXP001_checkout_redesign,C102506,treatment,2025-06-04,0,0.0
EXP001_checkout_redesign,C107135,treatment,2025-06-13,0,0.0
EXP001_checkout_redesign,C102885,control,2025-06-26,1,4297.61
EXP001_checkout_redesign,C112022,control,2025-06-20,0,0.0
EXP001_checkout_redesign,C108548,control,2025-06-27,0,0.0
EXP001_checkout_redesign,C110657,treatment,2025-06-08,0,0.0
EXP001_checkout_redesign,C104425,treatment,2025-06-02,0,0.0
EXP001_checkout_redesign,C110091,treatment,2025-06-28,0,0.0
EXP001_checkout_redesign,C113241,control,2025-06-02,0,0.0
EXP001_checkout_redesign,C108817,control,2025-06-21,1,5694.92
EXP001_checkout_redesign,C112691,treatment,2025-06-06,0,0.0
EXP001_checkout_redesign,C107921,treatment,2025-06-20,0,0.0
EXP001_checkout_redesign,C107616,control,2025-06-28,0,0.0
EXP001_checkout_redesign,C107136,treatment,2025-06-07,0,0.0
EXP001_checkout_redesign,C113528,treatment,2025-06-26,0,0.0
EXP001_checkout_redesign,C111977,treatment,2025-06-04,0,0.0
EXP001_checkout_redesign,C109707,control,2025-06-08,0,0.0
EXP001_checkout_redesign,C104397,control,2025-06-18,0,0.0
EXP001_checkout_redesign,C105280,treatment,2025-06-30,0,0.0
EXP001_checkout_redesign,C113954,control,2025-06-10,1,2902.63
EXP001_checkout_redesign,C104022,control,2025-06-20,0,0.0
EXP001_checkout_redesign,C113610,treatment,2025-06-11,0,0.0
EXP001_checkout_redesign,C101419,treatment,2025-06-07,0,0.0
EXP001_checkout_redesign,C104569,treatment,2025-06-05,0,0.0
EXP001_checkout_redesign,C107385,treatment,2025-06-26,0,0.0
EXP001_checkout_redesign,C103995,treatment,2025-06-11,0,0.0
EXP001_checkout_redesign,C112295,control,2025-06-18,0,0.0
EXP001_checkout_redesign,C107613,control,2025-06-16,0,0.0
EXP001_checkout_redesign,C109336,control,2025-06-19,0,0.0
EXP001_checkout_redesign,C109999,control,2025-06-20,1,4384.69
EXP001_checkout_redesign,C110947,control,2025-06-05,0,0.0
EXP001_checkout_redesign,C114621,treatment,2025-06-07,0,0.0
EXP001_checkout_redesign,C105511,treatment,2025-06-03,0,0.0
EXP001_checkout_redesign,C100470,treatment,2025-06-25,1,2738.86
EXP001_checkout_redesign,C108098,treatment,2025-06-10,0,0.0
EXP001_checkout_redesign,C113942,control,2025-06-19,0,0.0
EXP001_checkout_redesign,C105325,treatment,2025-06-05,0,0.0
EXP001_checkout_redesign,C102979,treatment,2025-06-29,0,0.0
EXP001_checkout_redesign,C107988,treatment,2025-06-05,0,0.0
EXP001_checkout_redesign,C103475,treatment,2025-06-23,0,0.0
EXP001_checkout_redesign,C105813,treatment,2025-06-22,0,0.0
EXP001_checkout_redesign,C113071,control,2025-06-11,0,0.0
EXP001_checkout_redesign,C104232,treatment,2025-06-19,0,0.0
EXP001_checkout_redesign,C105576,control,2025-06-12,0,0.0
EXP001_checkout_redesign,C104581,control,2025-06-17,0,0.0
EXP001_checkout_redesign,C109767,treatment,2025-06-22,0,0.0
EXP001_checkout_redesign,C111488,control,2025-06-27,0,0.0
EXP001_checkout_redesign,C104526,control,2025-06-22,0,0.0
EXP001_checkout_redesign,C109106,treatment,2025-06-20,0,0.0
EXP001_checkout_redesign,C100166,control,2025-06-15,0,0.0
EXP001_checkout_redesign,C108464,control,2025-06-18,0,0.0
EXP001_checkout_redesign,C103130,treatment,2025-06-09,0,0.0
EXP001_checkout_redesign,C101402,treatment,2025-06-22,1,1382.44
EXP001_checkout_redesign,C103954,treatment,2025-06-29,0,0.0
EXP001_checkout_redesign,C111797,control,2025-06-17,0,0.0
EXP001_checkout_redesign,C114436,control,2025-06-24,0,0.0
EXP001_checkout_redesign,C114489,control,2025-06-26,0,0.0
EXP001_checkout_redesign,C109096,control,2025-06-23,0,0.0
EXP001_checkout_redesign,C112421,treatment,2025-06-27,1,5358.14
EXP001_checkout_redesign,C103937,treatment,2025-06-11,0,0.0
EXP001_checkout_redesign,C111314,control,2025-06-06,0,0.0
EXP001_checkout_redesign,C107800,control,2025-06-12,0,0.0
EXP001_checkout_redesign,C110582,control,2025-06-11,0,0.0
EXP001_checkout_redesign,C111662,control,2025-06-27,0,0.0
EXP001_checkout_redesign,C108041,treatment,2025-06-17,0,0.0
EXP001_checkout_redesign,C107342,control,2025-06-10,0,0.0
EXP001_checkout_redesign,C112991,treatment,2025-06-13,0,0.0
EXP001_checkout_redesign,C100282,treatment,2025-06-05,0,0.0
EXP001_checkout_redesign,C101524,treatment,2025-06-04,0,0.0
EXP001_checkout_redesign,C104820,control,2025-06-07,0,0.0
EXP001_checkout_redesign,C103630,treatment,2025-06-15,1,3907.65
EXP001_checkout_redesign,C106625,treatment,2025-06-02,0,0.0
EXP001_checkout_redesign,C111334,control,2025-06-17,0,0.0
EXP001_checkout_redesign,C103986,control,2025-06-23,0,0.0
EXP001_checkout_redesign,C105016,treatment,2025-06-24,0,0.0
EXP001_checkout_redesign,C110878,control,2025-06-21,0,0.0
EXP001_checkout_redesign,C109528,control,2025-06-08,0,0.0
EXP001_checkout_redesign,C106046,control,2025-06-16,0,0.0
EXP001_checkout_redesign,C107753,control,2025-06-20,0,0.0
EXP001_checkout_redesign,C109068,treatment,2025-06-24,0,0.0
EXP001_checkout_redesign,C108698,treatment,2025-06-27,0,0.0
EXP001_checkout_redesign,C105632,control,2025-06-03,0,0.0
EXP001_checkout_redesign,C106971,treatment,2025-06-23,0,0.0
EXP001_checkout_redesign,C112221,treatment,2025-06-22,0,0.0
EXP001_checkout_redesign,C109017,treatment,2025-06-17,1,1283.23
EXP001_checkout_redesign,C105419,treatment,2025-06-05,0,0.0
EXP001_checkout_redesign,C105764,control,2025-06-14,0,0.0
EXP001_checkout_redesign,C111515,control,2025-06-14,0,0.0
EXP001_checkout_redesign,C107434,control,2025-06-14,1,2424.95
EXP001_checkout_redesign,C104438,treatment,2025-06-11,1,3400.2
EXP001_checkout_redesign,C105023,control,2025-06-28,0,0.0
EXP001_checkout_redesign,C104118,control,2025-06-20,0,0.0
EXP001_checkout_redesign,C103777,control,2025-06-13,1,2888.59
EXP001_checkout_redesign,C101976,treatment,2025-06-22,0,0.0
EXP001_checkout_redesign,C111817,treatment,2025-06-09,0,0.0
EXP001_checkout_redesign,C103155,treatment,2025-06-20,0,0.0
EXP001_checkout_redesign,C105169,treatment,2025-06-02,0,0.0
EXP001_checkout_redesign,C101958,treatment,2025-06-12,0,0.0
EXP001_checkout_redesign,C112171,control,2025-06-08,0,0.0
EXP001_checkout_redesign,C108779,control,2025-06-16,1,3248.87
EXP001_checkout_redesign,C112487,treatment,2025-06-01,1,819.71
EXP001_checkout_redesign,C111307,control,2025-06-16,0,0.0
EXP001_checkout_redesign,C103033,control,2025-06-06,0,0.0
EXP001_checkout_redesign,C103138,control,2025-06-20,0,0.0
EXP001_checkout_redesign,C103545,control,2025-06-06,0,0.0
EXP001_checkout_redesign,C112101,treatment,2025-06-03,0,0.0
EXP001_checkout_redesign,C107933,control,2025-06-09,0,0.0
EXP001_checkout_redesign,C104530,treatment,2025-06-19,0,0.0
EXP001_checkout_redesign,C111871,treatment,2025-06-03,0,0.0
EXP001_checkout_redesign,C109659,treatment,2025-06-21,0,0.0
EXP001_checkout_redesign,C112455,treatment,2025-06-07,0,0.0
EXP001_checkout_redesign,C108595,control,2025-06-14,0,0.0
EXP001_checkout_redesign,C109777,treatment,2025-06-30,0,0.0
EXP001_checkout_redesign,C104636,control,2025-06-22,0,0.0
EXP001_checkout_redesign,C101647,control,2025-06-14,0,0.0
EXP001_checkout_redesign,C113641,treatment,2025-06-23,0,0.0
EXP001_checkout_redesign,C103180,treatment,2025-06-25,0,0.0
EXP001_checkout_redesign,C104853,treatment,2025-06-03,0,0.0
EXP001_checkout_redesign,C103727,treatment,2025-06-05,0,0.0
EXP001_checkout_redesign,C105912,treatment,2025-06-05,1,5224.24
EXP001_checkout_redesign,C102939,control,2025-06-19,0,0.0
EXP001_checkout_redesign,C104952,control,2025-06-27,0,0.0
EXP001_checkout_redesign,C100231,treatment,2025-06-10,0,0.0
EXP001_checkout_redesign,C111600,treatment,2025-06-09,0,0.0
EXP001_checkout_redesign,C114115,treatment,2025-06-29,1,2857.49
EXP001_checkout_redesign,C102073,treatment,2025-06-16,0,0.0
EXP001_checkout_redesign,C104494,treatment,2025-06-09,0,0.0
EXP001_checkout_redesign,C100745,treatment,2025-06-06,1,5181.04
EXP001_checkout_redesign,C100893,control,2025-06-05,0,0.0
EXP001_checkout_redesign,C109066,control,2025-06-04,0,0.0
EXP001_checkout_redesign,C104786,treatment,2025-06-20,0,0.0
EXP001_checkout_redesign,C111426,treatment,2025-06-21,0,0.0
EXP001_checkout_redesign,C114064,treatment,2025-06-18,0,0.0
EXP001_checkout_redesign,C110450,treatment,2025-06-16,0,0.0
EXP001_checkout_redesign,C112333,control,2025-06-24,0,0.0
EXP001_checkout_redesign,C108042,control,2025-06-28,0,0.0
EXP001_checkout_redesign,C101680,treatment,2025-06-07,1,3230.57
EXP001_checkout_redesign,C100200,control,2025-06-14,0,0.0
EXP001_checkout_redesign,C109405,treatment,2025-06-30,0,0.0
EXP001_checkout_redesign,C104658,control,2025-06-23,0,0.0
EXP001_checkout_redesign,C107690,control,2025-06-17,0,0.0
EXP001_checkout_redesign,C107843,treatment,2025-06-08,1,5417.33
EXP001_checkout_redesign,C107216,treatment,2025-06-11,0,0.0
EXP001_checkout_redesign,C105582,control,2025-06-17,0,0.0
EXP001_checkout_redesign,C103020,control,2025-06-14,0,0.0
EXP001_checkout_redesign,C100841,control,2025-06-09,0,0.0
EXP001_checkout_redesign,C104136,control,2025-06-06,1,5328.0
EXP001_checkout_redesign,C107827,control,2025-06-08,0,0.0
EXP001_checkout_redesign,C101869,treatment,2025-06-17,0,0.0
EXP001_checkout_redesign,C113469,treatment,2025-06-22,0,0.0
EXP001_checkout_redesign,C101070,control,2025-06-13,0,0.0
EXP001_checkout_redesign,C106565,control,2025-06-13,0,0.0
EXP001_checkout_redesign,C108056,control,2025-06-17,0,0.0
EXP001_checkout_redesign,C101213,treatment,2025-06-19,0,0.0
EXP001_checkout_redesign,C109453,treatment,2025-06-02,1,2451.74
EXP001_checkout_redesign,C110312,treatment,2025-06-30,0,0.0
EXP001_checkout_redesign,C111246,control,2025-06-18,0,0.0
EXP001_checkout_redesign,C100878,control,2025-06-04,0,0.0
EXP001_checkout_redesign,C102485,treatment,2025-06-07,1,1849.1
EXP001_checkout_redesign,C102444,treatment,2025-06-28,0,0.0
EXP001_checkout_redesign,C113289,treatment,2025-06-16,0,0.0
EXP001_checkout_redesign,C109221,treatment,2025-06-19,0,0.0
EXP001_checkout_redesign,C114302,control,2025-06-15,0,0.0
EXP001_checkout_redesign,C101395,treatment,2025-06-23,1,4735.45
EXP001_checkout_redesign,C104066,control,2025-06-25,0,0.0
EXP001_checkout_redesign,C101940,control,2025-06-14,0,0.0
EXP001_checkout_redesign,C109143,control,2025-06-13,1,1678.66
EXP001_checkout_redesign,C112524,control,2025-06-20,0,0.0
EXP001_checkout_redesign,C106818,control,2025-06-07,0,0.0
EXP001_checkout_redesign,C109933,control,2025-06-15,0,0.0
EXP001_checkout_redesign,C109766,control,2025-06-01,0,0.0
EXP001_checkout_redesign,C112955,treatment,2025-06-02,0,0.0
EXP001_checkout_redesign,C110132,treatment,2025-06-24,1,3868.25
EXP001_checkout_redesign,C103697,treatment,2025-06-03,0,0.0
EXP001_checkout_redesign,C112708,treatment,2025-06-21,0,0.0
EXP001_checkout_redesign,C108561,control,2025-06-24,0,0.0
EXP001_checkout_redesign,C114150,control,2025-06-05,0,0.0
EXP001_checkout_redesign,C107381,control,2025-06-16,0,0.0
EXP001_checkout_redesign,C107253,control,2025-06-28,0,0.0
EXP001_checkout_redesign,C104871,treatment,2025-06-17,0,0.0
EXP001_checkout_redesign,C109642,control,2025-06-29,0,0.0
EXP001_checkout_redesign,C107025,treatment,2025-06-18,1,1819.54
EXP001_checkout_redesign,C105003,control,2025-06-26,0,0.0
EXP001_checkout_redesign,C109316,treatment,2025-06-16,0,0.0
EXP001_checkout_redesign,C110174,treatment,2025-06-11,1,2534.03
EXP001_checkout_redesign,C100986,treatment,2025-06-03,0,0.0
EXP001_checkout_redesign,C109988,control,2025-06-10,1,5009.66
EXP001_checkout_redesign,C112125,treatment,2025-06-18,0,0.0
EXP001_checkout_redesign,C101625,treatment,2025-06-16,1,3847.8
EXP001_checkout_redesign,C112496,control,2025-06-09,0,0.0
EXP001_checkout_redesign,C103404,control,2025-06-21,0,0.0
EXP001_checkout_redesign,C110248,treatment,2025-06-01,0,0.0
EXP001_checkout_redesign,C103457,control,2025-06-11,0,0.0
EXP001_checkout_redesign,C104335,treatment,2025-06-11,0,0.0
EXP001_checkout_redesign,C110820,control,2025-06-27,0,0.0
EXP001_checkout_redesign,C101330,treatment,2025-06-13,0,0.0
EXP001_checkout_redesign,C102573,control,2025-06-28,0,0.0
EXP001_checkout_redesign,C103929,control,2025-06-08,0,0.0
EXP001_checkout_redesign,C102847,treatment,2025-06-19,0,0.0
EXP001_checkout_redesign,C109043,treatment,2025-06-27,0,0.0
EXP001_checkout_redesign,C101229,control,2025-06-09,1,4491.63
EXP001_checkout_redesign,C102564,control,2025-06-25,1,2207.88
EXP001_checkout_redesign,C100043,treatment,2025-06-28,0,0.0
EXP001_checkout_redesign,C106693,control,2025-06-06,0,0.0
EXP001_checkout_redesign,C113816,control,2025-06-04,0,0.0
EXP001_checkout_redesign,C111294,treatment,2025-06-28,0,0.0
EXP001_checkout_redesign,C109729,control,2025-06-28,1,3484.58
EXP001_checkout_redesign,C107699,control,2025-06-09,0,0.0
EXP001_checkout_redesign,C104771,treatment,2025-06-27,1,3874.53
EXP001_checkout_redesign,C100534,treatment,2025-06-25,0,0.0
EXP001_checkout_redesign,C103792,control,2025-06-15,0,0.0
EXP001_checkout_redesign,C104720,control,2025-06-18,0,0.0
EXP001_checkout_redesign,C111582,treatment,2025-06-26,0,0.0
EXP001_checkout_redesign,C104632,treatment,2025-06-22,0,0.0
EXP001_checkout_redesign,C111517,treatment,2025-06-27,1,5907.87
EXP001_checkout_redesign,C107438,treatment,2025-06-04,0,0.0
EXP001_checkout_redesign,C101166,treatment,2025-06-19,0,0.0
EXP001_checkout_redesign,C111262,control,2025-06-26,0,0.0
EXP001_checkout_redesign,C103824,control,2025-06-16,0,0.0
EXP001_checkout_redesign,C104334,control,2025-06-06,0,0.0
EXP001_checkout_redesign,C112907,treatment,2025-06-27,0,0.0
EXP001_checkout_redesign,C112963,treatment,2025-06-12,1,1007.91
EXP001_checkout_redesign,C110240,treatment,2025-06-15,0,0.0
EXP001_checkout_redesign,C109663,control,2025-06-15,0,0.0
EXP001_checkout_redesign,C110832,control,2025-06-15,0,0.0
EXP001_checkout_redesign,C113171,treatment,2025-06-16,0,0.0
EXP001_checkout_redesign,C103241,control,2025-06-30,0,0.0
EXP001_checkout_redesign,C114236,treatment,2025-06-14,1,2003.71
EXP001_checkout_redesign,C101880,control,2025-06-08,0,0.0
EXP001_checkout_redesign,C108922,control,2025-06-25,0,0.0
EXP001_checkout_redesign,C103683,treatment,2025-06-28,0,0.0
EXP001_checkout_redesign,C110610,treatment,2025-06-25,0,0.0
EXP001_checkout_redesign,C102441,treatment,2025-06-02,0,0.0
EXP001_checkout_redesign,C104352,treatment,2025-06-15,1,1699.98
EXP001_checkout_redesign,C113543,treatment,2025-06-29,0,0.0
EXP001_checkout_redesign,C102330,control,2025-06-08,0,0.0
EXP001_checkout_redesign,C114895,control,2025-06-11,0,0.0
EXP001_checkout_redesign,C100977,control,2025-06-16,0,0.0
EXP001_checkout_redesign,C102718,treatment,2025-06-08,0,0.0
EXP001_checkout_redesign,C112986,treatment,2025-06-05,0,0.0
EXP001_checkout_redesign,C105039,treatment,2025-06-20,0,0.0
EXP001_checkout_redesign,C114580,control,2025-06-25,0,0.0
EXP001_checkout_redesign,C112270,treatment,2025-06-04,0,0.0
EXP001_checkout_redesign,C113504,treatment,2025-06-12,0,0.0
EXP001_checkout_redesign,C109325,control,2025-06-10,0,0.0
EXP001_checkout_redesign,C104728,control,2025-06-04,0,0.0
EXP001_checkout_redesign,C107195,treatment,2025-06-19,0,0.0
EXP001_checkout_redesign,C102037,control,2025-06-10,0,0.0
EXP001_checkout_redesign,C107679,control,2025-06-29,0,0.0
EXP001_checkout_redesign,C111283,treatment,2025-06-28,0,0.0
EXP001_checkout_redesign,C104982,control,2025-06-29,0,0.0
EXP001_checkout_redesign,C111464,control,2025-06-19,0,0.0
EXP001_checkout_redesign,C106594,treatment,2025-06-19,0,0.0
EXP001_checkout_redesign,C104460,control,2025-06-11,0,0.0
EXP001_checkout_redesign,C108199,control,2025-06-23,0,0.0
EXP001_checkout_redesign,C108847,control,2025-06-13,0,0.0
EXP001_checkout_redesign,C108090,treatment,2025-06-21,0,0.0
EXP001_checkout_redesign,C107172,treatment,2025-06-25,0,0.0
EXP001_checkout_redesign,C101317,control,2025-06-02,0,0.0
EXP001_checkout_redesign,C109798,treatment,2025-06-14,1,1437.01
EXP001_checkout_redesign,C114447,control,2025-06-20,0,0.0
EXP001_checkout_redesign,C107078,control,2025-06-18,0,0.0
EXP001_checkout_redesign,C112034,treatment,2025-06-27,0,0.0
EXP001_checkout_redesign,C113975,treatment,2025-06-16,1,2533.33
EXP001_checkout_redesign,C114942,treatment,2025-06-24,0,0.0
EXP001_checkout_redesign,C104102,treatment,2025-06-04,0,0.0
EXP001_checkout_redesign,C100423,control,2025-06-01,1,4843.28
EXP001_checkout_redesign,C101496,control,2025-06-26,0,0.0
EXP001_checkout_redesign,C114705,control,2025-06-03,1,5912.42
EXP001_checkout_redesign,C111047,treatment,2025-06-12,0,0.0
EXP001_checkout_redesign,C113696,treatment,2025-06-23,0,0.0
EXP001_checkout_redesign,C109424,treatment,2025-06-28,0,0.0
EXP001_checkout_redesign,C109619,treatment,2025-06-03,0,0.0
EXP001_checkout_redesign,C100339,control,2025-06-21,0,0.0
EXP001_checkout_redesign,C112529,control,2025-06-18,0,0.0
EXP001_checkout_redesign,C111014,treatment,2025-06-24,0,0.0
EXP001_checkout_redesign,C113458,treatment,2025-06-04,0,0.0
EXP001_checkout_redesign,C104415,control,2025-06-29,0,0.0
EXP001_checkout_redesign,C109441,treatment,2025-06-17,1,3109.16
EXP001_checkout_redesign,C114074,treatment,2025-06-12,0,0.0
EXP001_checkout_redesign,C112502,control,2025-06-20,0,0.0
EXP001_checkout_redesign,C112390,control,2025-06-08,0,0.0
EXP001_checkout_redesign,C102870,control,2025-06-25,0,0.0
EXP001_checkout_redesign,C107708,treatment,2025-06-17,0,0.0
EXP001_checkout_redesign,C108502,treatment,2025-06-14,0,0.0
EXP001_checkout_redesign,C110674,treatment,2025-06-22,0,0.0
EXP001_checkout_redesign,C107245,treatment,2025-06-20,0,0.0
EXP001_checkout_redesign,C114964,treatment,2025-06-11,0,0.0
EXP001_checkout_redesign,C102973,control,2025-06-08,0,0.0
EXP001_checkout_redesign,C109590,control,2025-06-01,0,0.0
EXP001_checkout_redesign,C107141,control,2025-06-21,0,0.0
EXP001_checkout_redesign,C110400,control,2025-06-17,0,0.0
EXP001_checkout_redesign,C113340,treatment,2025-06-20,1,4923.72
EXP001_checkout_redesign,C113841,control,2025-06-28,0,0.0
EXP001_checkout_redesign,C101494,control,2025-06-18,0,0.0
EXP001_checkout_redesign,C107700,control,2025-06-29,0,0.0
EXP001_checkout_redesign,C105700,control,2025-06-10,1,4946.31
EXP001_checkout_redesign,C106690,treatment,2025-06-09,0,0.0
EXP001_checkout_redesign,C105460,treatment,2025-06-02,0,0.0
EXP001_checkout_redesign,C105260,control,2025-06-20,0,0.0
EXP001_checkout_redesign,C110979,treatment,2025-06-03,1,2925.64
EXP001_checkout_redesign,C101713,control,2025-06-01,1,2623.91
EXP001_checkout_redesign,C102634,control,2025-06-28,0,0.0
EXP001_checkout_redesign,C105403,control,2025-06-01,0,0.0
EXP001_checkout_redesign,C106744,treatment,2025-06-18,0,0.0
EXP001_checkout_redesign,C111365,control,2025-06-08,0,0.0
EXP001_checkout_redesign,C108117,treatment,2025-06-18,0,0.0
EXP001_checkout_redesign,C104722,treatment,2025-06-30,0,0.0
EXP001_checkout_redesign,C110855,treatment,2025-06-01,0,0.0
EXP001_checkout_redesign,C106561,treatment,2025-06-22,0,0.0
EXP001_checkout_redesign,C113329,control,2025-06-17,0,0.0
EXP001_checkout_redesign,C112460,treatment,2025-06-10,0,0.0
EXP001_checkout_redesign,C109012,control,2025-06-09,0,0.0
EXP001_checkout_redesign,C100601,control,2025-06-22,0,0.0
EXP001_checkout_redesign,C107451,treatment,2025-06-10,0,0.0
EXP001_checkout_redesign,C101442,control,2025-06-22,0,0.0
EXP001_checkout_redesign,C105153,control,2025-06-01,0,0.0
EXP001_checkout_redesign,C104135,treatment,2025-06-16,0,0.0
EXP001_checkout_redesign,C105296,treatment,2025-06-07,0,0.0
EXP001_checkout_redesign,C101899,treatment,2025-06-03,0,0.0
EXP001_checkout_redesign,C112657,treatment,2025-06-17,0,0.0
EXP001_checkout_redesign,C106622,control,2025-06-09,0,0.0
EXP001_checkout_redesign,C108431,control,2025-06-15,0,0.0
EXP001_checkout_redesign,C113515,treatment,2025-06-08,0,0.0
EXP001_checkout_redesign,C100018,treatment,2025-06-04,0,0.0
EXP001_checkout_redesign,C110775,control,2025-06-19,0,0.0
EXP001_checkout_redesign,C108889,control,2025-06-02,1,1642.57
EXP001_checkout_redesign,C107569,treatment,2025-06-02,0,0.0
EXP001_checkout_redesign,C106770,treatment,2025-06-13,0,0.0
EXP001_checkout_redesign,C100888,treatment,2025-06-27,0,0.0
EXP001_checkout_redesign,C103073,treatment,2025-06-19,1,4007.18
EXP001_checkout_redesign,C108494,treatment,2025-06-01,0,0.0
EXP001_checkout_redesign,C105927,treatment,2025-06-28,0,0.0
EXP001_checkout_redesign,C110201,treatment,2025-06-26,0,0.0
EXP001_checkout_redesign,C112393,control,2025-06-23,0,0.0
EXP001_checkout_redesign,C108167,control,2025-06-15,1,4284.87
EXP001_checkout_redesign,C110246,control,2025-06-02,0,0.0
EXP001_checkout_redesign,C107242,control,2025-06-28,0,0.0
EXP001_checkout_redesign,C112451,control,2025-06-16,0,0.0
EXP001_checkout_redesign,C100845,control,2025-06-22,0,0.0
EXP001_checkout_redesign,C114495,treatment,2025-06-28,0,0.0
EXP001_checkout_redesign,C104375,treatment,2025-06-14,0,0.0
EXP001_checkout_redesign,C108998,treatment,2025-06-06,0,0.0
EXP001_checkout_redesign,C102146,treatment,2025-06-11,0,0.0
EXP001_checkout_redesign,C104719,treatment,2025-06-14,0,0.0
EXP001_checkout_redesign,C107178,control,2025-06-20,0,0.0
EXP001_checkout_redesign,C111440,control,2025-06-04,0,0.0
EXP001_checkout_redesign,C107941,control,2025-06-17,0,0.0
EXP001_checkout_redesign,C101989,control,2025-06-16,0,0.0
EXP001_checkout_redesign,C100472,control,2025-06-27,0,0.0
EXP001_checkout_redesign,C110322,control,2025-06-06,1,1001.61
EXP001_checkout_redesign,C109975,control,2025-06-08,0,0.0
EXP001_checkout_redesign,C113095,control,2025-06-29,0,0.0
EXP001_checkout_redesign,C103920,treatment,2025-06-13,0,0.0
EXP001_checkout_redesign,C111629,control,2025-06-26,0,0.0
EXP001_checkout_redesign,C102594,treatment,2025-06-04,0,0.0
EXP001_checkout_redesign,C105091,treatment,2025-06-16,0,0.0
EXP001_checkout_redesign,C109024,treatment,2025-06-17,0,0.0
EXP001_checkout_redesign,C100224,control,2025-06-04,0,0.0
EXP001_checkout_redesign,C109048,control,2025-06-16,0,0.0
EXP001_checkout_redesign,C106684,control,2025-06-02,0,0.0
EXP001_checkout_redesign,C101527,control,2025-06-20,0,0.0
EXP001_checkout_redesign,C114719,control,2025-06-24,0,0.0
EXP001_checkout_redesign,C101858,control,2025-06-13,0,0.0
EXP001_checkout_redesign,C107560,treatment,2025-06-03,0,0.0
EXP001_checkout_redesign,C101924,control,2025-06-28,0,0.0
EXP001_checkout_redesign,C110612,control,2025-06-30,0,0.0
EXP001_checkout_redesign,C102522,control,2025-06-29,0,0.0
EXP001_checkout_redesign,C108165,control,2025-06-21,0,0.0
EXP001_checkout_redesign,C111740,control,2025-06-10,0,0.0
EXP001_checkout_redesign,C104781,control,2025-06-27,0,0.0
EXP001_checkout_redesign,C108337,treatment,2025-06-18,1,4474.47
EXP001_checkout_redesign,C111557,control,2025-06-25,0,0.0
EXP001_checkout_redesign,C104479,control,2025-06-30,0,0.0
EXP001_checkout_redesign,C106807,control,2025-06-03,0,0.0
EXP001_checkout_redesign,C107905,treatment,2025-06-01,0,0.0
EXP001_checkout_redesign,C107736,treatment,2025-06-23,0,0.0
EXP001_checkout_redesign,C103993,treatment,2025-06-11,0,0.0
EXP001_checkout_redesign,C107483,treatment,2025-06-05,0,0.0
EXP001_checkout_redesign,C109031,control,2025-06-25,0,0.0
EXP001_checkout_redesign,C102369,control,2025-06-03,0,0.0
EXP001_checkout_redesign,C106284,control,2025-06-11,0,0.0
EXP001_checkout_redesign,C103122,treatment,2025-06-01,0,0.0
EXP001_checkout_redesign,C109820,control,2025-06-15,0,0.0
EXP001_checkout_redesign,C108327,control,2025-06-07,0,0.0
EXP001_checkout_redesign,C112227,treatment,2025-06-24,0,0.0
EXP001_checkout_redesign,C102236,control,2025-06-27,0,0.0
EXP001_checkout_redesign,C101143,treatment,2025-06-02,0,0.0
EXP001_checkout_redesign,C113946,control,2025-06-15,0,0.0
EXP001_checkout_redesign,C112659,treatment,2025-06-18,0,0.0
EXP001_checkout_redesign,C112943,control,2025-06-25,0,0.0
EXP001_checkout_redesign,C106798,treatment,2025-06-29,0,0.0
EXP001_checkout_redesign,C105568,treatment,2025-06-04,0,0.0
EXP001_checkout_redesign,C112905,treatment,2025-06-01,0,0.0
EXP001_checkout_redesign,C108318,treatment,2025-06-30,1,5790.6
EXP001_checkout_redesign,C104377,treatment,2025-06-09,0,0.0
EXP001_checkout_redesign,C114397,control,2025-06-09,0,0.0
EXP001_checkout_redesign,C100042,control,2025-06-22,0,0.0
EXP001_checkout_redesign,C104634,control,2025-06-06,0,0.0
EXP001_checkout_redesign,C111895,treatment,2025-06-14,0,0.0
EXP001_checkout_redesign,C104891,treatment,2025-06-09,1,3622.47
EXP001_checkout_redesign,C109616,control,2025-06-02,0,0.0
EXP001_checkout_redesign,C109501,treatment,2025-06-09,0,0.0
EXP001_checkout_redesign,C110812,control,2025-06-13,0,0.0
EXP001_checkout_redesign,C108022,control,2025-06-20,0,0.0
EXP001_checkout_redesign,C102434,treatment,2025-06-20,0,0.0
EXP001_checkout_redesign,C107316,control,2025-06-29,0,0.0
EXP001_checkout_redesign,C108824,treatment,2025-06-25,0,0.0
EXP001_checkout_redesign,C107935,treatment,2025-06-23,1,3803.31
EXP001_checkout_redesign,C105654,treatment,2025-06-12,0,0.0
EXP001_checkout_redesign,C105446,control,2025-06-10,0,0.0
EXP001_checkout_redesign,C109042,control,2025-06-28,0,0.0
EXP001_checkout_redesign,C112498,treatment,2025-06-30,0,0.0
EXP001_checkout_redesign,C108903,control,2025-06-05,0,0.0
EXP001_checkout_redesign,C106180,treatment,2025-06-24,0,0.0
EXP001_checkout_redesign,C107460,control,2025-06-12,0,0.0
EXP001_checkout_redesign,C105272,treatment,2025-06-29,0,0.0
EXP001_checkout_redesign,C103090,treatment,2025-06-01,0,0.0
EXP001_checkout_redesign,C111427,control,2025-06-23,0,0.0
EXP001_checkout_redesign,C103912,control,2025-06-04,0,0.0
EXP001_checkout_redesign,C109368,treatment,2025-06-13,0,0.0
EXP001_checkout_redesign,C106274,control,2025-06-18,0,0.0
EXP001_checkout_redesign,C103826,treatment,2025-06-02,0,0.0
EXP001_checkout_redesign,C112706,control,2025-06-11,0,0.0
EXP001_checkout_redesign,C106730,control,2025-06-28,0,0.0
EXP001_checkout_redesign,C100715,treatment,2025-06-25,0,0.0
EXP001_checkout_redesign,C105213,control,2025-06-22,0,0.0
EXP001_checkout_redesign,C112201,control,2025-06-27,1,4900.31
EXP001_checkout_redesign,C114684,control,2025-06-04,0,0.0
EXP001_checkout_redesign,C111554,control,2025-06-18,0,0.0
EXP001_checkout_redesign,C113294,control,2025-06-07,0,0.0
EXP001_checkout_redesign,C106246,control,2025-06-09,0,0.0
EXP001_checkout_redesign,C106325,treatment,2025-06-02,0,0.0
EXP001_checkout_redesign,C110873,control,2025-06-04,0,0.0
EXP001_checkout_redesign,C112982,control,2025-06-14,0,0.0
EXP001_checkout_redesign,C113447,treatment,2025-06-17,1,1679.89
EXP001_checkout_redesign,C110682,control,2025-06-01,0,0.0
EXP001_checkout_redesign,C102492,treatment,2025-06-03,0,0.0
EXP001_checkout_redesign,C108115,control,2025-06-01,0,0.0
EXP001_checkout_redesign,C100606,control,2025-06-20,0,0.0
EXP001_checkout_redesign,C113861,control,2025-06-30,0,0.0
EXP001_checkout_redesign,C108229,treatment,2025-06-22,0,0.0
EXP001_checkout_redesign,C109669,control,2025-06-29,0,0.0
EXP001_checkout_redesign,C105439,treatment,2025-06-21,0,0.0
EXP001_checkout_redesign,C101644,control,2025-06-25,0,0.0
EXP001_checkout_redesign,C107213,control,2025-06-13,0,0.0
EXP001_checkout_redesign,C101633,treatment,2025-06-14,0,0.0
EXP001_checkout_redesign,C108617,control,2025-06-12,1,2857.51
EXP001_checkout_redesign,C107486,treatment,2025-06-11,0,0.0
EXP001_checkout_redesign,C100251,control,2025-06-18,0,0.0
EXP001_checkout_redesign,C111836,treatment,2025-06-02,1,1817.72
EXP001_checkout_redesign,C102361,treatment,2025-06-28,0,0.0
EXP001_checkout_redesign,C106717,treatment,2025-06-03,1,4505.94
EXP001_checkout_redesign,C110727,control,2025-06-04,0,0.0
EXP001_checkout_redesign,C102529,treatment,2025-06-09,0,0.0
EXP001_checkout_redesign,C101225,treatment,2025-06-11,0,0.0
EXP001_checkout_redesign,C107692,control,2025-06-22,0,0.0
EXP001_checkout_redesign,C112804,treatment,2025-06-29,0,0.0
EXP001_checkout_redesign,C114741,control,2025-06-25,0,0.0
EXP001_checkout_redesign,C105546,treatment,2025-06-21,0,0.0
EXP001_checkout_redesign,C110211,treatment,2025-06-25,0,0.0
EXP001_checkout_redesign,C111349,treatment,2025-06-09,0,0.0
EXP001_checkout_redesign,C106512,treatment,2025-06-17,0,0.0
EXP001_checkout_redesign,C110646,treatment,2025-06-15,1,5263.87
EXP001_checkout_redesign,C101315,treatment,2025-06-09,0,0.0
EXP001_checkout_redesign,C105383,control,2025-06-07,0,0.0
EXP001_checkout_redesign,C111048,control,2025-06-27,0,0.0
EXP001_checkout_redesign,C108742,control,2025-06-08,0,0.0
EXP001_checkout_redesign,C106226,control,2025-06-03,0,0.0
EXP001_checkout_redesign,C105188,control,2025-06-01,0,0.0
EXP001_checkout_redesign,C110269,control,2025-06-04,0,0.0
EXP001_checkout_redesign,C111775,treatment,2025-06-17,1,3914.89
EXP001_checkout_redesign,C112442,treatment,2025-06-01,0,0.0
EXP001_checkout_redesign,C107994,treatment,2025-06-04,0,0.0
EXP001_checkout_redesign,C108864,control,2025-06-08,1,2867.21
EXP001_checkout_redesign,C100588,control,2025-06-28,1,5747.1
EXP001_checkout_redesign,C110116,treatment,2025-06-17,0,0.0
EXP001_checkout_redesign,C101121,treatment,2025-06-26,0,0.0
EXP001_checkout_redesign,C103846,control,2025-06-26,0,0.0
EXP001_checkout_redesign,C110340,control,2025-06-12,0,0.0
EXP001_checkout_redesign,C111213,treatment,2025-06-25,0,0.0
EXP001_checkout_redesign,C104708,control,2025-06-22,0,0.0
EXP001_checkout_redesign,C113875,control,2025-06-16,0,0.0
EXP001_checkout_redesign,C112235,control,2025-06-29,1,1037.78
EXP001_checkout_redesign,C101480,treatment,2025-06-05,0,0.0
EXP001_checkout_redesign,C107110,control,2025-06-25,0,0.0
EXP001_checkout_redesign,C114666,treatment,2025-06-25,0,0.0
EXP001_checkout_redesign,C112457,treatment,2025-06-25,0,0.0
EXP001_checkout_redesign,C110383,control,2025-06-13,0,0.0
EXP001_checkout_redesign,C111532,treatment,2025-06-13,1,2530.92
EXP001_checkout_redesign,C101646,treatment,2025-06-12,0,0.0
EXP001_checkout_redesign,C107269,treatment,2025-06-03,1,1781.71
EXP001_checkout_redesign,C102725,treatment,2025-06-28,0,0.0
EXP001_checkout_redesign,C111370,treatment,2025-06-12,0,0.0
EXP001_checkout_redesign,C104906,treatment,2025-06-24,0,0.0
EXP001_checkout_redesign,C100474,control,2025-06-26,1,1659.34
EXP001_checkout_redesign,C100753,control,2025-06-30,0,0.0
EXP001_checkout_redesign,C105314,control,2025-06-20,1,3236.67
EXP001_checkout_redesign,C113044,treatment,2025-06-20,0,0.0
EXP001_checkout_redesign,C100919,control,2025-06-28,0,0.0
EXP001_checkout_redesign,C104806,control,2025-06-23,1,3601.9
EXP001_checkout_redesign,C105873,treatment,2025-06-24,0,0.0
EXP001_checkout_redesign,C106141,treatment,2025-06-20,1,1118.27
EXP001_checkout_redesign,C107056,control,2025-06-11,0,0.0
EXP001_checkout_redesign,C102385,control,2025-06-10,0,0.0
EXP001_checkout_redesign,C104000,control,2025-06-29,0,0.0
EXP001_checkout_redesign,C114219,treatment,2025-06-16,0,0.0
EXP001_checkout_redesign,C106751,control,2025-06-06,0,0.0
EXP001_checkout_redesign,C114017,control,2025-06-17,0,0.0
EXP001_checkout_redesign,C111170,treatment,2025-06-13,0,0.0
EXP001_checkout_redesign,C112984,treatment,2025-06-18,0,0.0
EXP001_checkout_redesign,C102950,treatment,2025-06-12,0,0.0
EXP001_checkout_redesign,C102785,control,2025-06-05,0,0.0
EXP001_checkout_redesign,C102868,treatment,2025-06-20,0,0.0
EXP001_checkout_redesign,C101293,treatment,2025-06-16,0,0.0
EXP001_checkout_redesign,C109985,treatment,2025-06-30,0,0.0
EXP001_checkout_redesign,C114408,treatment,2025-06-03,0,0.0
EXP001_checkout_redesign,C110153,treatment,2025-06-16,0,0.0
EXP001_checkout_redesign,C111192,control,2025-06-11,0,0.0
EXP001_checkout_redesign,C103945,control,2025-06-14,0,0.0
EXP001_checkout_redesign,C108153,control,2025-06-22,1,2567.84
EXP001_checkout_redesign,C109554,control,2025-06-26,0,0.0
EXP001_checkout_redesign,C102344,control,2025-06-22,0,0.0
EXP001_checkout_redesign,C103804,treatment,2025-06-13,0,0.0
EXP001_checkout_redesign,C107555,control,2025-06-11,0,0.0
EXP001_checkout_redesign,C110451,treatment,2025-06-14,0,0.0
EXP001_checkout_redesign,C104161,control,2025-06-10,0,0.0
EXP001_checkout_redesign,C107529,control,2025-06-24,1,3508.6
EXP001_checkout_redesign,C104183,control,2025-06-18,0,0.0
EXP001_checkout_redesign,C110925,treatment,2025-06-07,0,0.0
EXP001_checkout_redesign,C100153,control,2025-06-23,0,0.0
EXP001_checkout_redesign,C113183,treatment,2025-06-18,1,1336.18
EXP001_checkout_redesign,C107622,control,2025-06-29,0,0.0
EXP001_checkout_redesign,C104712,treatment,2025-06-22,0,0.0
EXP001_checkout_redesign,C111101,control,2025-06-21,1,5946.41
EXP001_checkout_redesign,C108955,treatment,2025-06-02,0,0.0
EXP001_checkout_redesign,C102588,treatment,2025-06-25,0,0.0
EXP001_checkout_redesign,C101210,control,2025-06-08,0,0.0
EXP001_checkout_redesign,C107237,control,2025-06-23,0,0.0
EXP001_checkout_redesign,C105661,control,2025-06-15,0,0.0
EXP001_checkout_redesign,C109626,control,2025-06-30,0,0.0
EXP001_checkout_redesign,C104901,control,2025-06-06,0,0.0
EXP001_checkout_redesign,C114783,treatment,2025-06-21,0,0.0
EXP001_checkout_redesign,C106951,control,2025-06-13,0,0.0
EXP001_checkout_redesign,C111310,control,2025-06-25,0,0.0
EXP001_checkout_redesign,C104097,control,2025-06-05,1,2382.03
EXP001_checkout_redesign,C107484,control,2025-06-29,0,0.0
EXP001_checkout_redesign,C104949,treatment,2025-06-22,0,0.0
EXP001_checkout_redesign,C103263,treatment,2025-06-03,0,0.0
EXP001_checkout_redesign,C106302,treatment,2025-06-25,0,0.0
EXP001_checkout_redesign,C107916,treatment,2025-06-15,0,0.0
EXP001_checkout_redesign,C101747,treatment,2025-06-27,0,0.0
EXP001_checkout_redesign,C103886,treatment,2025-06-30,0,0.0
EXP001_checkout_redesign,C106248,treatment,2025-06-24,0,0.0
EXP001_checkout_redesign,C109370,treatment,2025-06-09,0,0.0
EXP001_checkout_redesign,C114945,control,2025-06-17,0,0.0
EXP001_checkout_redesign,C109417,control,2025-06-17,1,1332.29
EXP001_checkout_redesign,C104847,control,2025-06-13,1,4442.14
EXP001_checkout_redesign,C111456,treatment,2025-06-18,0,0.0
EXP001_checkout_redesign,C104837,treatment,2025-06-20,0,0.0
EXP001_checkout_redesign,C100359,control,2025-06-26,0,0.0
EXP001_checkout_redesign,C110784,control,2025-06-05,0,0.0
EXP001_checkout_redesign,C114553,control,2025-06-13,0,0.0
EXP001_checkout_redesign,C104497,treatment,2025-06-07,0,0.0
EXP001_checkout_redesign,C100132,treatment,2025-06-04,0,0.0
EXP001_checkout_redesign,C113485,treatment,2025-06-13,0,0.0
EXP001_checkout_redesign,C111236,treatment,2025-06-17,0,0.0
EXP001_checkout_redesign,C112751,treatment,2025-06-08,0,0.0
EXP001_checkout_redesign,C112200,control,2025-06-27,0,0.0
EXP001_checkout_redesign,C100803,treatment,2025-06-03,0,0.0
EXP001_checkout_redesign,C109935,treatment,2025-06-25,0,0.0
EXP001_checkout_redesign,C112208,treatment,2025-06-16,0,0.0
EXP001_checkout_redesign,C108138,treatment,2025-06-02,0,0.0
EXP001_checkout_redesign,C104689,control,2025-06-27,0,0.0
EXP001_checkout_redesign,C112709,treatment,2025-06-01,0,0.0
EXP001_checkout_redesign,C113088,control,2025-06-26,0,0.0
EXP001_checkout_redesign,C114713,control,2025-06-08,0,0.0
EXP001_checkout_redesign,C109946,control,2025-06-30,0,0.0
EXP001_checkout_redesign,C113138,treatment,2025-06-03,1,5899.73
EXP001_checkout_redesign,C105772,control,2025-06-17,0,0.0
EXP001_checkout_redesign,C103588,control,2025-06-27,0,0.0
EXP001_checkout_redesign,C110430,treatment,2025-06-19,0,0.0
EXP001_checkout_redesign,C103115,control,2025-06-24,0,0.0
EXP001_checkout_redesign,C110172,treatment,2025-06-16,0,0.0
EXP001_checkout_redesign,C104106,control,2025-06-27,0,0.0
EXP001_checkout_redesign,C111104,control,2025-06-20,0,0.0
EXP001_checkout_redesign,C112379,treatment,2025-06-10,0,0.0
EXP001_checkout_redesign,C111811,treatment,2025-06-27,0,0.0
EXP001_checkout_redesign,C112574,treatment,2025-06-23,0,0.0
EXP001_checkout_redesign,C110800,treatment,2025-06-24,0,0.0
EXP001_checkout_redesign,C111155,control,2025-06-15,0,0.0
EXP001_checkout_redesign,C102240,control,2025-06-07,0,0.0
EXP001_checkout_redesign,C110293,control,2025-06-16,0,0.0
EXP001_checkout_redesign,C101591,treatment,2025-06-17,1,1060.66
EXP001_checkout_redesign,C114829,treatment,2025-06-20,1,1253.11
EXP001_checkout_redesign,C110589,treatment,2025-06-13,0,0.0
EXP001_checkout_redesign,C100645,control,2025-06-29,1,3891.26
EXP001_checkout_redesign,C105061,control,2025-06-10,0,0.0
EXP001_checkout_redesign,C112920,treatment,2025-06-09,0,0.0
EXP001_checkout_redesign,C107222,control,2025-06-07,0,0.0
EXP001_checkout_redesign,C100546,treatment,2025-06-12,0,0.0
EXP001_checkout_redesign,C109495,treatment,2025-06-01,0,0.0
EXP001_checkout_redesign,C114905,treatment,2025-06-24,0,0.0
EXP001_checkout_redesign,C111998,control,2025-06-16,0,0.0
EXP001_checkout_redesign,C102153,control,2025-06-04,0,0.0
EXP001_checkout_redesign,C101476,control,2025-06-30,0,0.0
EXP001_checkout_redesign,C104835,treatment,2025-06-14,0,0.0
EXP001_checkout_redesign,C105352,control,2025-06-30,0,0.0
EXP001_checkout_redesign,C112246,control,2025-06-28,0,0.0
EXP001_checkout_redesign,C113619,treatment,2025-06-23,0,0.0
EXP001_checkout_redesign,C102877,control,2025-06-29,1,2974.38
EXP001_checkout_redesign,C103289,control,2025-06-22,0,0.0
EXP001_checkout_redesign,C102165,treatment,2025-06-23,1,4798.34
EXP001_checkout_redesign,C112886,control,2025-06-26,0,0.0
EXP001_checkout_redesign,C114082,control,2025-06-26,0,0.0
EXP001_checkout_redesign,C105994,treatment,2025-06-17,0,0.0
EXP001_checkout_redesign,C108697,control,2025-06-12,0,0.0
EXP001_checkout_redesign,C108221,control,2025-06-15,0,0.0
EXP001_checkout_redesign,C104465,treatment,2025-06-22,0,0.0
EXP001_checkout_redesign,C102695,control,2025-06-12,1,3326.51
EXP001_checkout_redesign,C104210,control,2025-06-03,0,0.0
EXP001_checkout_redesign,C107894,control,2025-06-10,0,0.0
EXP001_checkout_redesign,C114346,control,2025-06-20,0,0.0
EXP001_checkout_redesign,C114514,control,2025-06-17,0,0.0
EXP001_checkout_redesign,C112231,control,2025-06-14,1,2445.33
EXP001_checkout_redesign,C105549,treatment,2025-06-13,1,2948.65
EXP001_checkout_redesign,C113176,treatment,2025-06-30,1,2743.63
EXP001_checkout_redesign,C101886,control,2025-06-13,0,0.0
EXP001_checkout_redesign,C107673,control,2025-06-26,0,0.0
EXP001_checkout_redesign,C101233,control,2025-06-08,1,5150.68
EXP001_checkout_redesign,C102306,treatment,2025-06-14,0,0.0
EXP001_checkout_redesign,C112356,control,2025-06-02,0,0.0
EXP001_checkout_redesign,C103696,treatment,2025-06-19,0,0.0
EXP001_checkout_redesign,C111080,control,2025-06-23,0,0.0
EXP001_checkout_redesign,C111865,treatment,2025-06-02,0,0.0
EXP001_checkout_redesign,C111049,control,2025-06-12,0,0.0
EXP001_checkout_redesign,C106511,treatment,2025-06-20,0,0.0
EXP001_checkout_redesign,C113182,control,2025-06-12,0,0.0
EXP001_checkout_redesign,C109131,treatment,2025-06-23,0,0.0
EXP001_checkout_redesign,C105992,control,2025-06-28,0,0.0
EXP001_checkout_redesign,C101479,control,2025-06-19,0,0.0
EXP001_checkout_redesign,C112954,control,2025-06-16,0,0.0
EXP001_checkout_redesign,C106464,control,2025-06-02,0,0.0
EXP001_checkout_redesign,C100228,treatment,2025-06-08,1,4491.22
EXP001_checkout_redesign,C104332,control,2025-06-02,0,0.0
EXP001_checkout_redesign,C108791,treatment,2025-06-10,0,0.0
EXP001_checkout_redesign,C102024,treatment,2025-06-16,0,0.0
EXP001_checkout_redesign,C114087,treatment,2025-06-07,0,0.0
EXP001_checkout_redesign,C106038,control,2025-06-27,0,0.0
EXP001_checkout_redesign,C114270,control,2025-06-19,0,0.0
EXP001_checkout_redesign,C112271,treatment,2025-06-20,0,0.0
EXP001_checkout_redesign,C111015,control,2025-06-22,0,0.0
EXP001_checkout_redesign,C104295,treatment,2025-06-27,0,0.0
EXP001_checkout_redesign,C114845,treatment,2025-06-03,0,0.0
EXP001_checkout_redesign,C106242,treatment,2025-06-17,0,0.0
EXP001_checkout_redesign,C110461,treatment,2025-06-28,0,0.0
EXP001_checkout_redesign,C106086,treatment,2025-06-08,0,0.0
EXP001_checkout_redesign,C101775,control,2025-06-04,0,0.0
EXP001_checkout_redesign,C111056,treatment,2025-06-01,0,0.0
EXP001_checkout_redesign,C103830,control,2025-06-18,1,2797.93
EXP001_checkout_redesign,C107724,treatment,2025-06-22,0,0.0
EXP001_checkout_redesign,C100410,control,2025-06-01,0,0.0
EXP001_checkout_redesign,C110150,treatment,2025-06-09,0,0.0
EXP001_checkout_redesign,C109198,control,2025-06-14,0,0.0
EXP001_checkout_redesign,C105374,control,2025-06-07,0,0.0
EXP001_checkout_redesign,C109995,control,2025-06-08,0,0.0
EXP001_checkout_redesign,C103626,treatment,2025-06-08,0,0.0
EXP001_checkout_redesign,C110611,treatment,2025-06-22,1,3902.06
EXP001_checkout_redesign,C101035,treatment,2025-06-24,0,0.0
EXP001_checkout_redesign,C110410,control,2025-06-23,0,0.0
EXP001_checkout_redesign,C107606,control,2025-06-01,0,0.0
EXP001_checkout_redesign,C111486,control,2025-06-03,0,0.0
EXP001_checkout_redesign,C104951,treatment,2025-06-09,0,0.0
EXP001_checkout_redesign,C110637,treatment,2025-06-08,0,0.0
EXP001_checkout_redesign,C106689,treatment,2025-06-05,0,0.0
EXP001_checkout_redesign,C101911,treatment,2025-06-01,1,4478.38
EXP001_checkout_redesign,C102290,treatment,2025-06-02,0,0.0
EXP001_checkout_redesign,C100742,treatment,2025-06-10,0,0.0
EXP001_checkout_redesign,C100609,treatment,2025-06-14,0,0.0
EXP001_checkout_redesign,C104986,treatment,2025-06-15,0,0.0
EXP001_checkout_redesign,C108071,treatment,2025-06-10,0,0.0
EXP001_checkout_redesign,C101902,control,2025-06-09,0,0.0
EXP001_checkout_redesign,C101592,control,2025-06-12,0,0.0
EXP001_checkout_redesign,C113670,treatment,2025-06-10,0,0.0
EXP001_checkout_redesign,C108807,treatment,2025-06-24,0,0.0
EXP001_checkout_redesign,C102222,control,2025-06-09,0,0.0
EXP001_checkout_redesign,C106367,treatment,2025-06-18,0,0.0
EXP001_checkout_redesign,C107432,control,2025-06-19,0,0.0
EXP001_checkout_redesign,C106078,control,2025-06-19,1,3779.01
EXP001_checkout_redesign,C110985,control,2025-06-17,1,1273.74
EXP001_checkout_redesign,C112175,control,2025-06-02,0,0.0
EXP001_checkout_redesign,C111411,treatment,2025-06-10,0,0.0
EXP001_checkout_redesign,C108850,treatment,2025-06-05,0,0.0
EXP001_checkout_redesign,C106866,treatment,2025-06-07,0,0.0
EXP001_checkout_redesign,C109622,treatment,2025-06-06,0,0.0
EXP001_checkout_redesign,C112161,treatment,2025-06-30,0,0.0
EXP001_checkout_redesign,C111904,treatment,2025-06-02,0,0.0
EXP001_checkout_redesign,C102531,treatment,2025-06-08,0,0.0
EXP001_checkout_redesign,C114168,control,2025-06-04,0,0.0
EXP001_checkout_redesign,C110730,control,2025-06-27,0,0.0
EXP001_checkout_redesign,C101622,control,2025-06-18,0,0.0
EXP001_checkout_redesign,C108017,treatment,2025-06-04,0,0.0
EXP001_checkout_redesign,C110086,control,2025-06-08,0,0.0
EXP001_checkout_redesign,C106686,treatment,2025-06-30,0,0.0
EXP001_checkout_redesign,C104583,treatment,2025-06-17,0,0.0
EXP001_checkout_redesign,C100536,treatment,2025-06-27,0,0.0
EXP001_checkout_redesign,C111309,control,2025-06-25,0,0.0
EXP001_checkout_redesign,C106070,control,2025-06-14,1,2146.48
EXP001_checkout_redesign,C103559,treatment,2025-06-08,0,0.0
EXP001_checkout_redesign,C107264,control,2025-06-14,0,0.0
EXP001_checkout_redesign,C107285,control,2025-06-08,0,0.0
EXP001_checkout_redesign,C103868,control,2025-06-26,0,0.0
EXP001_checkout_redesign,C105942,control,2025-06-25,0,0.0
EXP001_checkout_redesign,C101627,treatment,2025-06-14,0,0.0
EXP001_checkout_redesign,C111234,treatment,2025-06-23,0,0.0
EXP001_checkout_redesign,C106018,control,2025-06-11,0,0.0
EXP001_checkout_redesign,C108920,treatment,2025-06-09,0,0.0
EXP001_checkout_redesign,C110564,treatment,2025-06-17,1,1680.8
EXP001_checkout_redesign,C105876,treatment,2025-06-17,0,0.0
EXP001_checkout_redesign,C100992,treatment,2025-06-12,0,0.0
EXP001_checkout_redesign,C106523,treatment,2025-06-20,0,0.0
EXP001_checkout_redesign,C104520,treatment,2025-06-02,0,0.0
EXP001_checkout_redesign,C103109,control,2025-06-24,0,0.0
EXP001_checkout_redesign,C102001,treatment,2025-06-17,0,0.0
EXP001_checkout_redesign,C107450,treatment,2025-06-20,0,0.0
EXP001_checkout_redesign,C101501,control,2025-06-11,0,0.0
EXP001_checkout_redesign,C110858,control,2025-06-27,0,0.0
EXP001_checkout_redesign,C114492,control,2025-06-30,0,0.0
EXP001_checkout_redesign,C110513,treatment,2025-06-09,0,0.0
EXP001_checkout_redesign,C110477,control,2025-06-18,0,0.0
EXP001_checkout_redesign,C109783,treatment,2025-06-06,0,0.0
EXP001_checkout_redesign,C100349,treatment,2025-06-04,1,3863.38
EXP001_checkout_redesign,C114639,treatment,2025-06-14,0,0.0
EXP001_checkout_redesign,C112890,control,2025-06-28,1,2868.17
EXP001_checkout_redesign,C114478,treatment,2025-06-20,0,0.0
EXP001_checkout_redesign,C103990,control,2025-06-22,0,0.0
EXP001_checkout_redesign,C102063,treatment,2025-06-10,0,0.0
EXP001_checkout_redesign,C112893,treatment,2025-06-29,0,0.0
EXP001_checkout_redesign,C109250,control,2025-06-04,0,0.0
EXP001_checkout_redesign,C103362,treatment,2025-06-15,0,0.0
EXP001_checkout_redesign,C114077,treatment,2025-06-09,0,0.0
EXP001_checkout_redesign,C112536,treatment,2025-06-12,0,0.0
EXP001_checkout_redesign,C109080,treatment,2025-06-28,0,0.0
EXP001_checkout_redesign,C103394,control,2025-06-08,0,0.0
EXP001_checkout_redesign,C109607,treatment,2025-06-24,0,0.0
EXP001_checkout_redesign,C103538,control,2025-06-05,0,0.0
EXP001_checkout_redesign,C103817,treatment,2025-06-16,0,0.0
EXP001_checkout_redesign,C113979,treatment,2025-06-22,0,0.0
EXP001_checkout_redesign,C112687,control,2025-06-15,0,0.0
EXP001_checkout_redesign,C114245,control,2025-06-17,0,0.0
EXP001_checkout_redesign,C112921,treatment,2025-06-01,0,0.0
EXP001_checkout_redesign,C109764,control,2025-06-25,0,0.0
EXP001_checkout_redesign,C100046,control,2025-06-12,0,0.0
EXP001_checkout_redesign,C104542,treatment,2025-06-20,0,0.0
EXP001_checkout_redesign,C102370,treatment,2025-06-19,0,0.0
EXP001_checkout_redesign,C102129,control,2025-06-05,0,0.0
EXP001_checkout_redesign,C113301,control,2025-06-30,0,0.0
EXP001_checkout_redesign,C114273,control,2025-06-15,1,2973.5
EXP001_checkout_redesign,C113082,control,2025-06-09,0,0.0
EXP001_checkout_redesign,C102858,treatment,2025-06-25,0,0.0
EXP001_checkout_redesign,C101801,treatment,2025-06-03,0,0.0
EXP001_checkout_redesign,C110830,treatment,2025-06-12,0,0.0
EXP001_checkout_redesign,C100422,treatment,2025-06-23,0,0.0
EXP001_checkout_redesign,C102159,treatment,2025-06-19,0,0.0
EXP001_checkout_redesign,C100243,treatment,2025-06-15,0,0.0
EXP001_checkout_redesign,C105869,control,2025-06-03,0,0.0
EXP001_checkout_redesign,C113603,control,2025-06-20,0,0.0
EXP001_checkout_redesign,C112917,treatment,2025-06-18,0,0.0
EXP001_checkout_redesign,C103898,treatment,2025-06-22,1,4418.93
EXP001_checkout_redesign,C109647,treatment,2025-06-16,0,0.0
EXP001_checkout_redesign,C105304,control,2025-06-15,0,0.0
EXP001_checkout_redesign,C100258,control,2025-06-05,0,0.0
EXP001_checkout_redesign,C102854,control,2025-06-10,0,0.0
EXP001_checkout_redesign,C104347,control,2025-06-10,0,0.0
EXP001_checkout_redesign,C100858,control,2025-06-13,0,0.0
EXP001_checkout_redesign,C102076,treatment,2025-06-18,0,0.0
EXP001_checkout_redesign,C112152,treatment,2025-06-28,1,5856.73
EXP001_checkout_redesign,C106897,treatment,2025-06-10,0,0.0
EXP001_checkout_redesign,C108619,control,2025-06-16,0,0.0
EXP001_checkout_redesign,C101862,control,2025-06-02,0,0.0
EXP001_checkout_redesign,C112216,control,2025-06-30,1,2566.7
EXP001_checkout_redesign,C101041,control,2025-06-18,0,0.0
EXP001_checkout_redesign,C107802,control,2025-06-04,0,0.0
EXP001_checkout_redesign,C107344,treatment,2025-06-19,0,0.0
EXP001_checkout_redesign,C112747,treatment,2025-06-25,0,0.0
EXP001_checkout_redesign,C105931,control,2025-06-29,0,0.0
EXP001_checkout_redesign,C108408,treatment,2025-06-05,0,0.0
EXP001_checkout_redesign,C109726,control,2025-06-28,1,3098.82
EXP001_checkout_redesign,C101786,control,2025-06-17,1,1612.89
EXP001_checkout_redesign,C107405,control,2025-06-02,0,0.0
EXP001_checkout_redesign,C108254,control,2025-06-15,1,5369.09
EXP001_checkout_redesign,C103629,control,2025-06-23,0,0.0
EXP001_checkout_redesign,C110077,treatment,2025-06-24,0,0.0
EXP001_checkout_redesign,C100710,treatment,2025-06-06,0,0.0
EXP001_checkout_redesign,C111915,treatment,2025-06-29,0,0.0
EXP001_checkout_redesign,C112832,treatment,2025-06-23,0,0.0
EXP001_checkout_redesign,C110795,control,2025-06-18,0,0.0
EXP001_checkout_redesign,C108543,treatment,2025-06-14,0,0.0
EXP001_checkout_redesign,C114642,control,2025-06-12,0,0.0
EXP001_checkout_redesign,C107504,control,2025-06-06,0,0.0
EXP001_checkout_redesign,C110540,control,2025-06-28,0,0.0
EXP001_checkout_redesign,C100510,treatment,2025-06-22,1,2309.63
EXP001_checkout_redesign,C100996,control,2025-06-20,0,0.0
EXP001_checkout_redesign,C107847,treatment,2025-06-27,0,0.0
EXP001_checkout_redesign,C106580,control,2025-06-20,0,0.0
EXP001_checkout_redesign,C106984,control,2025-06-18,0,0.0
EXP001_checkout_redesign,C111241,control,2025-06-03,0,0.0
EXP001_checkout_redesign,C101768,treatment,2025-06-26,0,0.0
EXP001_checkout_redesign,C108032,control,2025-06-06,0,0.0
EXP001_checkout_redesign,C111671,treatment,2025-06-04,0,0.0
EXP001_checkout_redesign,C107267,treatment,2025-06-19,0,0.0
EXP001_checkout_redesign,C101204,control,2025-06-30,0,0.0
EXP001_checkout_redesign,C101323,control,2025-06-17,0,0.0
EXP001_checkout_redesign,C105277,treatment,2025-06-28,0,0.0
EXP001_checkout_redesign,C109966,treatment,2025-06-11,0,0.0
EXP001_checkout_redesign,C102430,control,2025-06-14,0,0.0
EXP001_checkout_redesign,C101076,treatment,2025-06-27,0,0.0
EXP001_checkout_redesign,C102067,control,2025-06-11,0,0.0
EXP001_checkout_redesign,C104505,control,2025-06-29,0,0.0
EXP001_checkout_redesign,C110228,control,2025-06-19,0,0.0
EXP001_checkout_redesign,C110372,control,2025-06-17,0,0.0
EXP001_checkout_redesign,C113704,control,2025-06-04,0,0.0
EXP001_checkout_redesign,C108984,treatment,2025-06-12,0,0.0
EXP001_checkout_redesign,C111667,control,2025-06-04,0,0.0
EXP001_checkout_redesign,C105327,treatment,2025-06-27,0,0.0
EXP001_checkout_redesign,C106240,control,2025-06-12,0,0.0
EXP001_checkout_redesign,C109787,control,2025-06-17,0,0.0
EXP001_checkout_redesign,C108692,treatment,2025-06-15,0,0.0
EXP001_checkout_redesign,C104831,treatment,2025-06-07,0,0.0
EXP001_checkout_redesign,C114798,treatment,2025-06-21,1,4177.06
EXP001_checkout_redesign,C108282,control,2025-06-01,0,0.0
EXP001_checkout_redesign,C109919,treatment,2025-06-05,0,0.0
EXP001_checkout_redesign,C107048,treatment,2025-06-12,0,0.0
EXP001_checkout_redesign,C101624,treatment,2025-06-07,0,0.0
EXP001_checkout_redesign,C112994,treatment,2025-06-22,0,0.0
EXP001_checkout_redesign,C111497,treatment,2025-06-26,0,0.0
EXP001_checkout_redesign,C114061,control,2025-06-15,0,0.0
EXP001_checkout_redesign,C114295,treatment,2025-06-05,0,0.0
EXP001_checkout_redesign,C110664,control,2025-06-24,1,1519.47
EXP001_checkout_redesign,C112598,control,2025-06-09,0,0.0
EXP001_checkout_redesign,C109033,treatment,2025-06-01,0,0.0
EXP001_checkout_redesign,C111810,treatment,2025-06-06,0,0.0
EXP001_checkout_redesign,C103522,control,2025-06-16,0,0.0
EXP001_checkout_redesign,C107046,control,2025-06-15,1,839.66
EXP001_checkout_redesign,C107398,treatment,2025-06-02,0,0.0
EXP001_checkout_redesign,C103743,control,2025-06-13,0,0.0
EXP001_checkout_redesign,C106779,control,2025-06-24,0,0.0
EXP001_checkout_redesign,C105553,control,2025-06-05,0,0.0
EXP001_checkout_redesign,C107430,control,2025-06-16,0,0.0
EXP001_checkout_redesign,C106532,control,2025-06-01,1,3751.21
EXP001_checkout_redesign,C106815,treatment,2025-06-21,1,5188.96
EXP001_checkout_redesign,C111953,control,2025-06-10,0,0.0
EXP001_checkout_redesign,C101557,control,2025-06-16,0,0.0
EXP001_checkout_redesign,C105120,treatment,2025-06-13,0,0.0
EXP001_checkout_redesign,C106992,treatment,2025-06-21,0,0.0
EXP001_checkout_redesign,C113140,control,2025-06-02,0,0.0
EXP001_checkout_redesign,C110897,control,2025-06-04,1,3984.79
EXP001_checkout_redesign,C104176,control,2025-06-29,0,0.0
EXP001_checkout_redesign,C106132,treatment,2025-06-22,0,0.0
EXP001_checkout_redesign,C102500,control,2025-06-01,0,0.0
EXP001_checkout_redesign,C111252,control,2025-06-11,0,0.0
EXP001_checkout_redesign,C107770,control,2025-06-09,0,0.0
EXP001_checkout_redesign,C101099,treatment,2025-06-23,0,0.0
EXP001_checkout_redesign,C113699,treatment,2025-06-06,0,0.0
EXP001_checkout_redesign,C101398,treatment,2025-06-01,0,0.0
EXP001_checkout_redesign,C113632,treatment,2025-06-08,0,0.0
EXP001_checkout_redesign,C107075,treatment,2025-06-08,0,0.0
EXP001_checkout_redesign,C101582,control,2025-06-04,0,0.0
EXP001_checkout_redesign,C112199,treatment,2025-06-04,0,0.0
EXP001_checkout_redesign,C112104,treatment,2025-06-01,0,0.0
EXP001_checkout_redesign,C106105,control,2025-06-29,0,0.0
EXP001_checkout_redesign,C102131,control,2025-06-25,0,0.0
EXP001_checkout_redesign,C109115,control,2025-06-30,0,0.0
EXP001_checkout_redesign,C100982,control,2025-06-08,0,0.0
EXP001_checkout_redesign,C109608,control,2025-06-29,0,0.0
EXP001_checkout_redesign,C109201,control,2025-06-26,0,0.0
EXP001_checkout_redesign,C109202,treatment,2025-06-23,0,0.0
EXP001_checkout_redesign,C105400,treatment,2025-06-18,0,0.0
EXP001_checkout_redesign,C110977,treatment,2025-06-23,0,0.0
EXP001_checkout_redesign,C102002,control,2025-06-20,0,0.0
EXP001_checkout_redesign,C113569,control,2025-06-19,0,0.0
EXP001_checkout_redesign,C105793,treatment,2025-06-11,0,0.0
EXP001_checkout_redesign,C110900,treatment,2025-06-30,0,0.0
EXP001_checkout_redesign,C112292,control,2025-06-28,0,0.0
EXP001_checkout_redesign,C106929,treatment,2025-06-26,1,3539.91
EXP001_checkout_redesign,C111813,control,2025-06-20,0,0.0
EXP001_checkout_redesign,C100842,control,2025-06-10,0,0.0
EXP001_checkout_redesign,C113460,control,2025-06-29,0,0.0
EXP001_checkout_redesign,C114021,control,2025-06-06,0,0.0
EXP001_checkout_redesign,C105119,treatment,2025-06-07,1,4027.57
EXP001_checkout_redesign,C105761,treatment,2025-06-02,1,4070.19
EXP001_checkout_redesign,C114510,treatment,2025-06-23,1,5859.83
EXP001_checkout_redesign,C109468,treatment,2025-06-26,0,0.0
EXP001_checkout_redesign,C108313,control,2025-06-18,0,0.0
EXP001_checkout_redesign,C103485,treatment,2025-06-27,0,0.0
EXP001_checkout_redesign,C102535,treatment,2025-06-18,1,4899.76
EXP001_checkout_redesign,C110759,control,2025-06-17,0,0.0
EXP001_checkout_redesign,C107900,control,2025-06-13,0,0.0
EXP001_checkout_redesign,C103674,treatment,2025-06-15,0,0.0
EXP001_checkout_redesign,C101773,control,2025-06-11,0,0.0
EXP001_checkout_redesign,C105736,control,2025-06-07,0,0.0
EXP001_checkout_redesign,C109113,control,2025-06-17,0,0.0
EXP001_checkout_redesign,C106022,control,2025-06-19,1,3439.81
EXP001_checkout_redesign,C101882,control,2025-06-27,0,0.0
EXP001_checkout_redesign,C112494,control,2025-06-08,0,0.0
EXP001_checkout_redesign,C114509,control,2025-06-17,0,0.0
EXP001_checkout_redesign,C109406,control,2025-06-16,0,0.0
EXP001_checkout_redesign,C103705,treatment,2025-06-28,0,0.0
EXP001_checkout_redesign,C107030,treatment,2025-06-30,0,0.0
EXP001_checkout_redesign,C109190,control,2025-06-14,0,0.0
EXP001_checkout_redesign,C112573,treatment,2025-06-22,0,0.0
EXP001_checkout_redesign,C110186,control,2025-06-28,0,0.0
EXP001_checkout_redesign,C110052,control,2025-06-18,1,807.9
EXP001_checkout_redesign,C111058,treatment,2025-06-09,0,0.0
EXP001_checkout_redesign,C110529,treatment,2025-06-18,0,0.0
EXP001_checkout_redesign,C109121,control,2025-06-22,1,1665.48
EXP001_checkout_redesign,C100430,control,2025-06-20,0,0.0
EXP001_checkout_redesign,C114781,control,2025-06-25,0,0.0
EXP001_checkout_redesign,C110777,control,2025-06-16,0,0.0
EXP001_checkout_redesign,C111361,treatment,2025-06-17,1,4371.89
EXP001_checkout_redesign,C104381,treatment,2025-06-17,0,0.0
EXP001_checkout_redesign,C113498,treatment,2025-06-16,0,0.0
EXP001_checkout_redesign,C102955,treatment,2025-06-26,0,0.0
EXP001_checkout_redesign,C104477,control,2025-06-19,0,0.0
EXP001_checkout_redesign,C111513,treatment,2025-06-11,0,0.0
EXP001_checkout_redesign,C112491,treatment,2025-06-06,0,0.0
EXP001_checkout_redesign,C105062,treatment,2025-06-19,0,0.0
EXP001_checkout_redesign,C105567,control,2025-06-07,0,0.0
EXP001_checkout_redesign,C105751,control,2025-06-09,0,0.0
EXP001_checkout_redesign,C100100,control,2025-06-12,0,0.0
EXP001_checkout_redesign,C102972,control,2025-06-26,0,0.0
EXP001_checkout_redesign,C102347,control,2025-06-02,0,0.0
EXP001_checkout_redesign,C109278,treatment,2025-06-04,0,0.0
EXP001_checkout_redesign,C110769,treatment,2025-06-03,0,0.0
EXP001_checkout_redesign,C106566,treatment,2025-06-22,0,0.0
EXP001_checkout_redesign,C101140,treatment,2025-06-21,0,0.0
EXP001_checkout_redesign,C102324,control,2025-06-12,0,0.0
EXP001_checkout_redesign,C112140,control,2025-06-03,0,0.0
EXP001_checkout_redesign,C110373,control,2025-06-09,0,0.0
EXP001_checkout_redesign,C100502,control,2025-06-12,0,0.0
EXP001_checkout_redesign,C101503,treatment,2025-06-08,0,0.0
EXP001_checkout_redesign,C112224,control,2025-06-19,0,0.0
EXP001_checkout_redesign,C108691,treatment,2025-06-26,0,0.0
EXP001_checkout_redesign,C103524,control,2025-06-05,0,0.0
EXP001_checkout_redesign,C106163,treatment,2025-06-21,0,0.0
EXP001_checkout_redesign,C106878,control,2025-06-05,0,0.0
EXP001_checkout_redesign,C113306,treatment,2025-06-08,0,0.0
EXP001_checkout_redesign,C105585,treatment,2025-06-03,0,0.0
EXP001_checkout_redesign,C102578,treatment,2025-06-19,0,0.0
EXP001_checkout_redesign,C106062,control,2025-06-24,0,0.0
EXP001_checkout_redesign,C105105,control,2025-06-09,1,1445.17
EXP001_checkout_redesign,C111822,control,2025-06-21,0,0.0
EXP001_checkout_redesign,C113496,treatment,2025-06-26,1,4526.92
EXP001_checkout_redesign,C112727,treatment,2025-06-24,0,0.0
EXP001_checkout_redesign,C109299,treatment,2025-06-14,0,0.0
EXP001_checkout_redesign,C109768,treatment,2025-06-21,0,0.0
EXP001_checkout_redesign,C101391,control,2025-06-28,0,0.0
EXP001_checkout_redesign,C100861,treatment,2025-06-20,1,2283.76
EXP001_checkout_redesign,C102549,control,2025-06-02,0,0.0
EXP001_checkout_redesign,C114587,treatment,2025-06-27,1,5598.48
EXP001_checkout_redesign,C112360,control,2025-06-30,0,0.0
EXP001_checkout_redesign,C110122,treatment,2025-06-15,0,0.0
EXP001_checkout_redesign,C100815,treatment,2025-06-29,0,0.0
EXP001_checkout_redesign,C111042,control,2025-06-30,0,0.0
EXP001_checkout_redesign,C101336,control,2025-06-04,0,0.0
EXP001_checkout_redesign,C104458,treatment,2025-06-02,0,0.0
EXP001_checkout_redesign,C107259,treatment,2025-06-23,0,0.0
EXP001_checkout_redesign,C110845,treatment,2025-06-23,0,0.0
EXP001_checkout_redesign,C106947,control,2025-06-09,0,0.0
EXP001_checkout_redesign,C107957,control,2025-06-28,0,0.0
EXP001_checkout_redesign,C113416,control,2025-06-04,0,0.0
EXP001_checkout_redesign,C113656,control,2025-06-05,0,0.0
EXP001_checkout_redesign,C106785,control,2025-06-11,0,0.0
EXP001_checkout_redesign,C104475,treatment,2025-06-04,1,5938.09
EXP001_checkout_redesign,C103531,treatment,2025-06-04,0,0.0
EXP001_checkout_redesign,C112368,control,2025-06-15,0,0.0
EXP001_checkout_redesign,C108394,treatment,2025-06-05,0,0.0
EXP001_checkout_redesign,C101864,control,2025-06-03,0,0.0
EXP001_checkout_redesign,C105655,control,2025-06-16,1,2741.29
EXP001_checkout_redesign,C114299,control,2025-06-30,0,0.0
EXP001_checkout_redesign,C101816,control,2025-06-25,0,0.0
EXP001_checkout_redesign,C104640,control,2025-06-30,0,0.0
EXP001_checkout_redesign,C111111,treatment,2025-06-23,0,0.0
EXP001_checkout_redesign,C111116,treatment,2025-06-01,0,0.0
EXP001_checkout_redesign,C109717,treatment,2025-06-01,0,0.0
EXP001_checkout_redesign,C107972,treatment,2025-06-01,0,0.0
EXP001_checkout_redesign,C108633,control,2025-06-03,1,4137.38
EXP001_checkout_redesign,C110930,treatment,2025-06-09,0,0.0
EXP001_checkout_redesign,C105053,treatment,2025-06-29,0,0.0
EXP001_checkout_redesign,C100744,control,2025-06-13,0,0.0
EXP001_checkout_redesign,C103612,treatment,2025-06-24,0,0.0
EXP001_checkout_redesign,C106475,treatment,2025-06-13,0,0.0
EXP001_checkout_redesign,C109819,treatment,2025-06-25,0,0.0
EXP001_checkout_redesign,C100897,treatment,2025-06-21,0,0.0
EXP001_checkout_redesign,C100125,control,2025-06-23,0,0.0
EXP001_checkout_redesign,C103349,control,2025-06-13,0,0.0
EXP001_checkout_redesign,C104938,treatment,2025-06-26,1,4677.01
EXP001_checkout_redesign,C103460,control,2025-06-25,1,5062.5
EXP001_checkout_redesign,C112572,treatment,2025-06-21,0,0.0
EXP001_checkout_redesign,C102248,treatment,2025-06-08,0,0.0
EXP001_checkout_redesign,C112520,treatment,2025-06-08,1,3030.91
EXP001_checkout_redesign,C104186,control,2025-06-30,0,0.0
EXP001_checkout_redesign,C104742,control,2025-06-19,0,0.0
EXP001_checkout_redesign,C105375,treatment,2025-06-05,0,0.0
EXP001_checkout_redesign,C101965,control,2025-06-24,0,0.0
EXP001_checkout_redesign,C100126,control,2025-06-10,0,0.0
EXP001_checkout_redesign,C108149,control,2025-06-19,0,0.0
EXP001_checkout_redesign,C114846,control,2025-06-03,0,0.0
EXP001_checkout_redesign,C107055,treatment,2025-06-22,0,0.0
EXP001_checkout_redesign,C102878,treatment,2025-06-07,1,4426.36
EXP001_checkout_redesign,C102116,treatment,2025-06-23,0,0.0
EXP001_checkout_redesign,C106229,treatment,2025-06-06,0,0.0
EXP001_checkout_redesign,C108725,treatment,2025-06-07,1,1759.26
EXP001_checkout_redesign,C111528,control,2025-06-30,0,0.0
EXP001_checkout_redesign,C113417,control,2025-06-07,0,0.0
EXP001_checkout_redesign,C108196,treatment,2025-06-20,0,0.0
EXP001_checkout_redesign,C109154,treatment,2025-06-08,0,0.0
EXP001_checkout_redesign,C110945,treatment,2025-06-24,0,0.0
EXP001_checkout_redesign,C105802,treatment,2025-06-02,1,2488.86
EXP001_checkout_redesign,C101180,control,2025-06-15,0,0.0
EXP001_checkout_redesign,C106505,control,2025-06-10,0,0.0
EXP001_checkout_redesign,C112157,treatment,2025-06-21,0,0.0
EXP001_checkout_redesign,C100693,treatment,2025-06-15,0,0.0
EXP001_checkout_redesign,C107147,control,2025-06-02,0,0.0
EXP001_checkout_redesign,C100307,treatment,2025-06-03,0,0.0
EXP001_checkout_redesign,C113995,treatment,2025-06-19,0,0.0
EXP001_checkout_redesign,C101275,treatment,2025-06-05,0,0.0
EXP001_checkout_redesign,C105129,treatment,2025-06-24,0,0.0
EXP001_checkout_redesign,C114039,control,2025-06-19,0,0.0
EXP001_checkout_redesign,C107033,treatment,2025-06-07,1,881.15
EXP001_checkout_redesign,C109394,control,2025-06-21,0,0.0
EXP001_checkout_redesign,C106626,control,2025-06-14,0,0.0
EXP001_checkout_redesign,C111624,treatment,2025-06-12,0,0.0
EXP001_checkout_redesign,C110488,treatment,2025-06-26,0,0.0
EXP001_checkout_redesign,C106843,treatment,2025-06-10,0,0.0
EXP001_checkout_redesign,C104743,treatment,2025-06-10,0,0.0
EXP001_checkout_redesign,C101887,control,2025-06-04,0,0.0
EXP001_checkout_redesign,C106636,treatment,2025-06-18,0,0.0
EXP001_checkout_redesign,C100341,treatment,2025-06-06,0,0.0
EXP001_checkout_redesign,C105321,control,2025-06-20,0,0.0
EXP001_checkout_redesign,C102815,treatment,2025-06-04,0,0.0
EXP001_checkout_redesign,C110127,treatment,2025-06-05,0,0.0
EXP001_checkout_redesign,C107538,control,2025-06-14,1,4131.58
EXP001_checkout_redesign,C111298,treatment,2025-06-09,0,0.0
EXP001_checkout_redesign,C105928,control,2025-06-15,1,843.18
EXP001_checkout_redesign,C101443,treatment,2025-06-01,0,0.0
EXP001_checkout_redesign,C107155,control,2025-06-21,0,0.0
EXP001_checkout_redesign,C101734,control,2025-06-21,0,0.0
EXP001_checkout_redesign,C113920,treatment,2025-06-13,0,0.0
EXP001_checkout_redesign,C107138,control,2025-06-02,0,0.0
EXP001_checkout_redesign,C109648,treatment,2025-06-15,0,0.0
EXP001_checkout_redesign,C106560,treatment,2025-06-15,1,1415.94
EXP001_checkout_redesign,C108584,treatment,2025-06-16,0,0.0
EXP001_checkout_redesign,C101288,treatment,2025-06-03,0,0.0
EXP001_checkout_redesign,C113431,treatment,2025-06-13,0,0.0
EXP001_checkout_redesign,C105083,treatment,2025-06-20,0,0.0
EXP001_checkout_redesign,C112219,treatment,2025-06-01,0,0.0
EXP001_checkout_redesign,C105562,treatment,2025-06-26,0,0.0
EXP001_checkout_redesign,C113923,control,2025-06-14,0,0.0
EXP001_checkout_redesign,C105456,treatment,2025-06-03,0,0.0
EXP001_checkout_redesign,C112765,control,2025-06-17,0,0.0
EXP001_checkout_redesign,C102754,control,2025-06-17,0,0.0
EXP001_checkout_redesign,C101251,control,2025-06-09,0,0.0
EXP001_checkout_redesign,C108363,control,2025-06-20,0,0.0
EXP001_checkout_redesign,C110374,treatment,2025-06-20,0,0.0
EXP001_checkout_redesign,C101868,treatment,2025-06-04,0,0.0
EXP001_checkout_redesign,C108693,control,2025-06-11,0,0.0
EXP001_checkout_redesign,C108355,control,2025-06-15,0,0.0
EXP001_checkout_redesign,C103176,control,2025-06-25,0,0.0
EXP001_checkout_redesign,C112717,treatment,2025-06-13,0,0.0
EXP001_checkout_redesign,C105724,treatment,2025-06-27,1,4502.25
EXP001_checkout_redesign,C105752,treatment,2025-06-28,0,0.0
EXP001_checkout_redesign,C111917,treatment,2025-06-24,0,0.0
EXP001_checkout_redesign,C110574,treatment,2025-06-20,0,0.0
EXP001_checkout_redesign,C102419,control,2025-06-12,0,0.0
EXP001_checkout_redesign,C103871,treatment,2025-06-15,0,0.0
EXP001_checkout_redesign,C114441,control,2025-06-06,0,0.0
EXP001_checkout_redesign,C102399,control,2025-06-18,0,0.0
EXP001_checkout_redesign,C104193,control,2025-06-22,0,0.0
EXP001_checkout_redesign,C103232,control,2025-06-17,0,0.0
EXP001_checkout_redesign,C102842,treatment,2025-06-21,0,0.0
EXP001_checkout_redesign,C109869,treatment,2025-06-24,0,0.0
EXP001_checkout_redesign,C114779,treatment,2025-06-17,0,0.0
EXP001_checkout_redesign,C113883,treatment,2025-06-11,1,1370.07
EXP001_checkout_redesign,C112437,treatment,2025-06-18,0,0.0
EXP001_checkout_redesign,C110739,control,2025-06-03,0,0.0
EXP001_checkout_redesign,C101234,treatment,2025-06-23,0,0.0
EXP001_checkout_redesign,C102902,treatment,2025-06-28,0,0.0
EXP001_checkout_redesign,C112662,treatment,2025-06-24,0,0.0
EXP001_checkout_redesign,C110288,control,2025-06-04,0,0.0
EXP001_checkout_redesign,C108095,control,2025-06-13,0,0.0
EXP001_checkout_redesign,C107601,treatment,2025-06-24,0,0.0
EXP001_checkout_redesign,C113033,control,2025-06-01,0,0.0
EXP001_checkout_redesign,C109236,control,2025-06-19,0,0.0
EXP001_checkout_redesign,C112449,control,2025-06-30,0,0.0
EXP001_checkout_redesign,C109494,control,2025-06-20,0,0.0
EXP001_checkout_redesign,C107354,treatment,2025-06-05,0,0.0
EXP001_checkout_redesign,C111159,treatment,2025-06-13,0,0.0
EXP001_checkout_redesign,C109248,control,2025-06-16,0,0.0
EXP001_checkout_redesign,C110534,control,2025-06-16,0,0.0
EXP001_checkout_redesign,C110408,control,2025-06-11,0,0.0
EXP001_checkout_redesign,C110232,control,2025-06-09,0,0.0
EXP001_checkout_redesign,C105295,control,2025-06-18,0,0.0
EXP001_checkout_redesign,C114029,control,2025-06-15,0,0.0
EXP001_checkout_redesign,C105179,treatment,2025-06-13,0,0.0
EXP001_checkout_redesign,C102473,control,2025-06-07,0,0.0
EXP001_checkout_redesign,C107205,treatment,2025-06-03,1,4960.55
EXP001_checkout_redesign,C101118,treatment,2025-06-12,0,0.0
EXP001_checkout_redesign,C107682,treatment,2025-06-26,0,0.0
EXP001_checkout_redesign,C113707,control,2025-06-18,0,0.0
EXP001_checkout_redesign,C110344,control,2025-06-09,0,0.0
EXP001_checkout_redesign,C104961,treatment,2025-06-03,1,5005.49
EXP001_checkout_redesign,C104500,treatment,2025-06-24,0,0.0
EXP001_checkout_redesign,C109689,control,2025-06-01,0,0.0
EXP001_checkout_redesign,C100920,control,2025-06-21,0,0.0
EXP001_checkout_redesign,C105766,control,2025-06-21,0,0.0
EXP001_checkout_redesign,C108312,control,2025-06-22,1,2929.74
EXP001_checkout_redesign,C101215,control,2025-06-07,0,0.0
EXP001_checkout_redesign,C114269,treatment,2025-06-19,0,0.0
EXP001_checkout_redesign,C107565,control,2025-06-12,0,0.0
EXP001_checkout_redesign,C107404,treatment,2025-06-30,0,0.0
EXP001_checkout_redesign,C100616,treatment,2025-06-14,0,0.0
EXP001_checkout_redesign,C100932,treatment,2025-06-13,0,0.0
EXP001_checkout_redesign,C106041,treatment,2025-06-05,0,0.0
EXP001_checkout_redesign,C104703,control,2025-06-12,1,4898.05
EXP001_checkout_redesign,C101257,treatment,2025-06-08,0,0.0
EXP001_checkout_redesign,C110562,treatment,2025-06-06,0,0.0
EXP001_checkout_redesign,C114212,control,2025-06-18,1,1744.12
EXP001_checkout_redesign,C110076,control,2025-06-07,0,0.0
EXP001_checkout_redesign,C109733,treatment,2025-06-19,1,3541.37
EXP001_checkout_redesign,C108307,control,2025-06-15,0,0.0
EXP001_checkout_redesign,C106299,control,2025-06-10,0,0.0
EXP001_checkout_redesign,C107581,control,2025-06-09,1,4535.45
EXP001_checkout_redesign,C109508,control,2025-06-20,0,0.0
EXP001_checkout_redesign,C109081,control,2025-06-16,0,0.0
EXP001_checkout_redesign,C112106,treatment,2025-06-27,0,0.0
EXP001_checkout_redesign,C114015,control,2025-06-20,0,0.0
EXP001_checkout_redesign,C107368,control,2025-06-04,0,0.0
EXP001_checkout_redesign,C109366,control,2025-06-10,1,2882.68
EXP001_checkout_redesign,C110679,control,2025-06-10,1,2048.51
EXP001_checkout_redesign,C103084,treatment,2025-06-08,0,0.0
EXP001_checkout_redesign,C105267,control,2025-06-01,0,0.0
EXP001_checkout_redesign,C109912,treatment,2025-06-03,0,0.0
EXP001_checkout_redesign,C107792,control,2025-06-24,0,0.0
EXP001_checkout_redesign,C108214,treatment,2025-06-12,0,0.0
EXP001_checkout_redesign,C114176,control,2025-06-07,0,0.0
EXP001_checkout_redesign,C101013,control,2025-06-22,0,0.0
EXP001_checkout_redesign,C114784,treatment,2025-06-23,0,0.0
EXP001_checkout_redesign,C101695,control,2025-06-01,0,0.0
EXP001_checkout_redesign,C105626,treatment,2025-06-24,1,1544.57
EXP001_checkout_redesign,C111703,control,2025-06-20,0,0.0
EXP001_checkout_redesign,C101381,treatment,2025-06-01,0,0.0
EXP001_checkout_redesign,C108266,treatment,2025-06-04,0,0.0
EXP001_checkout_redesign,C110586,control,2025-06-18,0,0.0
EXP001_checkout_redesign,C102827,treatment,2025-06-05,0,0.0
EXP001_checkout_redesign,C100641,control,2025-06-01,0,0.0
EXP001_checkout_redesign,C104059,treatment,2025-06-01,0,0.0
EXP001_checkout_redesign,C111593,control,2025-06-05,1,2446.99
EXP001_checkout_redesign,C113736,treatment,2025-06-18,0,0.0
EXP001_checkout_redesign,C107199,treatment,2025-06-09,0,0.0
EXP001_checkout_redesign,C108586,control,2025-06-10,1,4807.29
EXP001_checkout_redesign,C108564,treatment,2025-06-07,0,0.0
EXP001_checkout_redesign,C109991,control,2025-06-15,0,0.0
EXP001_checkout_redesign,C102600,control,2025-06-14,0,0.0
EXP001_checkout_redesign,C105962,control,2025-06-04,0,0.0
EXP001_checkout_redesign,C106108,control,2025-06-14,0,0.0
EXP001_checkout_redesign,C113595,control,2025-06-07,1,2380.93
EXP001_checkout_redesign,C106347,control,2025-06-08,0,0.0
EXP001_checkout_redesign,C106697,control,2025-06-24,0,0.0
EXP001_checkout_redesign,C112688,control,2025-06-08,0,0.0
EXP001_checkout_redesign,C105543,control,2025-06-28,0,0.0
EXP001_checkout_redesign,C111123,control,2025-06-05,0,0.0
EXP001_checkout_redesign,C109795,control,2025-06-23,0,0.0
EXP001_checkout_redesign,C100857,treatment,2025-06-11,0,0.0
EXP001_checkout_redesign,C110336,control,2025-06-23,0,0.0
EXP001_checkout_redesign,C110605,control,2025-06-02,0,0.0
EXP001_checkout_redesign,C105482,control,2025-06-15,0,0.0
EXP001_checkout_redesign,C101079,treatment,2025-06-19,0,0.0
EXP001_checkout_redesign,C105401,control,2025-06-27,0,0.0
EXP001_checkout_redesign,C101548,control,2025-06-18,0,0.0
EXP001_checkout_redesign,C109141,control,2025-06-15,0,0.0
EXP001_checkout_redesign,C111114,treatment,2025-06-19,0,0.0
EXP001_checkout_redesign,C106333,control,2025-06-25,1,2378.07
EXP001_checkout_redesign,C104655,treatment,2025-06-07,0,0.0
EXP001_checkout_redesign,C104128,control,2025-06-04,0,0.0
EXP001_checkout_redesign,C111857,control,2025-06-14,0,0.0
EXP001_checkout_redesign,C110757,treatment,2025-06-08,1,3085.58
EXP001_checkout_redesign,C109874,treatment,2025-06-29,0,0.0
EXP001_checkout_redesign,C102463,treatment,2025-06-23,0,0.0
EXP001_checkout_redesign,C105461,control,2025-06-10,0,0.0
EXP001_checkout_redesign,C101335,treatment,2025-06-13,0,0.0
EXP001_checkout_redesign,C109547,treatment,2025-06-06,0,0.0
EXP001_checkout_redesign,C110872,control,2025-06-04,0,0.0
EXP001_checkout_redesign,C102317,control,2025-06-05,0,0.0
EXP001_checkout_redesign,C105731,control,2025-06-10,0,0.0
EXP001_checkout_redesign,C105082,treatment,2025-06-24,0,0.0
EXP001_checkout_redesign,C114244,control,2025-06-13,0,0.0
EXP001_checkout_redesign,C111443,control,2025-06-19,1,2074.73
EXP001_checkout_redesign,C110848,treatment,2025-06-11,0,0.0
EXP001_checkout_redesign,C106421,control,2025-06-28,0,0.0
EXP001_checkout_redesign,C102112,control,2025-06-19,0,0.0
EXP001_checkout_redesign,C113752,treatment,2025-06-05,0,0.0
EXP001_checkout_redesign,C111613,treatment,2025-06-25,1,1894.04
EXP001_checkout_redesign,C101388,treatment,2025-06-05,0,0.0
EXP001_checkout_redesign,C105072,treatment,2025-06-01,0,0.0
EXP001_checkout_redesign,C114218,treatment,2025-06-21,0,0.0
EXP001_checkout_redesign,C106171,control,2025-06-09,0,0.0
EXP001_checkout_redesign,C110542,treatment,2025-06-07,0,0.0
EXP001_checkout_redesign,C105381,treatment,2025-06-09,0,0.0
EXP001_checkout_redesign,C102093,control,2025-06-26,0,0.0
EXP001_checkout_redesign,C113693,treatment,2025-06-10,0,0.0
EXP001_checkout_redesign,C113906,treatment,2025-06-30,1,1099.65
EXP001_checkout_redesign,C113124,control,2025-06-21,0,0.0
EXP001_checkout_redesign,C111229,control,2025-06-03,0,0.0
EXP001_checkout_redesign,C108624,control,2025-06-18,0,0.0
EXP001_checkout_redesign,C101531,control,2025-06-09,0,0.0
EXP001_checkout_redesign,C110584,control,2025-06-05,0,0.0
EXP001_checkout_redesign,C110984,control,2025-06-11,0,0.0
EXP001_checkout_redesign,C106937,treatment,2025-06-29,0,0.0
EXP001_checkout_redesign,C108331,control,2025-06-01,0,0.0
EXP001_checkout_redesign,C112949,control,2025-06-02,0,0.0
EXP001_checkout_redesign,C100298,control,2025-06-18,0,0.0
EXP001_checkout_redesign,C105940,control,2025-06-28,0,0.0
EXP001_checkout_redesign,C105060,treatment,2025-06-20,0,0.0
EXP001_checkout_redesign,C102953,control,2025-06-14,0,0.0
EXP001_checkout_redesign,C103509,treatment,2025-06-22,0,0.0
EXP001_checkout_redesign,C105598,treatment,2025-06-08,1,3083.97
EXP001_checkout_redesign,C112552,control,2025-06-30,0,0.0
EXP001_checkout_redesign,C107967,treatment,2025-06-29,0,0.0
EXP001_checkout_redesign,C103145,control,2025-06-29,0,0.0
EXP001_checkout_redesign,C103711,treatment,2025-06-19,0,0.0
EXP001_checkout_redesign,C102253,treatment,2025-06-14,0,0.0
EXP001_checkout_redesign,C102538,treatment,2025-06-26,0,0.0
EXP001_checkout_redesign,C101264,treatment,2025-06-14,0,0.0
EXP001_checkout_redesign,C104846,control,2025-06-26,1,5950.09
EXP001_checkout_redesign,C101657,treatment,2025-06-22,0,0.0
EXP001_checkout_redesign,C114782,control,2025-06-20,0,0.0
EXP001_checkout_redesign,C112630,treatment,2025-06-08,0,0.0
EXP001_checkout_redesign,C108843,control,2025-06-09,0,0.0
EXP001_checkout_redesign,C113888,treatment,2025-06-25,1,1387.17
EXP001_checkout_redesign,C108626,control,2025-06-14,0,0.0
EXP001_checkout_redesign,C100618,treatment,2025-06-12,1,2672.91
EXP001_checkout_redesign,C113026,control,2025-06-13,0,0.0
EXP001_checkout_redesign,C105517,control,2025-06-06,1,1384.59
EXP001_checkout_redesign,C112555,treatment,2025-06-14,0,0.0
EXP001_checkout_redesign,C110125,treatment,2025-06-15,0,0.0
EXP001_checkout_redesign,C102147,treatment,2025-06-02,0,0.0
EXP001_checkout_redesign,C109785,treatment,2025-06-18,1,3095.99
EXP001_checkout_redesign,C106172,treatment,2025-06-30,1,5799.33
EXP001_checkout_redesign,C102527,control,2025-06-10,0,0.0
EXP001_checkout_redesign,C102658,control,2025-06-25,0,0.0
EXP001_checkout_redesign,C102962,treatment,2025-06-21,0,0.0
EXP001_checkout_redesign,C111351,treatment,2025-06-07,0,0.0
EXP001_checkout_redesign,C112633,treatment,2025-06-22,0,0.0
EXP001_checkout_redesign,C110235,treatment,2025-06-25,0,0.0
EXP001_checkout_redesign,C102712,treatment,2025-06-05,0,0.0
EXP001_checkout_redesign,C111815,control,2025-06-08,0,0.0
EXP001_checkout_redesign,C107170,control,2025-06-20,0,0.0
EXP001_checkout_redesign,C113568,control,2025-06-13,0,0.0
EXP001_checkout_redesign,C106731,treatment,2025-06-07,0,0.0
EXP001_checkout_redesign,C105968,treatment,2025-06-25,0,0.0
EXP001_checkout_redesign,C111081,treatment,2025-06-18,0,0.0
EXP001_checkout_redesign,C111789,control,2025-06-09,0,0.0
EXP001_checkout_redesign,C103891,treatment,2025-06-12,1,3545.89
EXP001_checkout_redesign,C107277,treatment,2025-06-24,0,0.0
EXP001_checkout_redesign,C110003,treatment,2025-06-26,0,0.0
EXP001_checkout_redesign,C104668,control,2025-06-17,0,0.0
EXP001_checkout_redesign,C112327,control,2025-06-10,0,0.0
EXP001_checkout_redesign,C112264,control,2025-06-07,0,0.0
EXP001_checkout_redesign,C107355,control,2025-06-28,0,0.0
EXP001_checkout_redesign,C103833,control,2025-06-21,0,0.0
EXP001_checkout_redesign,C108749,control,2025-06-05,0,0.0
EXP001_checkout_redesign,C103918,treatment,2025-06-23,0,0.0
EXP001_checkout_redesign,C105070,treatment,2025-06-15,0,0.0
EXP001_checkout_redesign,C107684,treatment,2025-06-16,1,1638.05
EXP001_checkout_redesign,C103178,control,2025-06-27,0,0.0
EXP001_checkout_redesign,C106026,control,2025-06-16,0,0.0
EXP001_checkout_redesign,C111113,control,2025-06-10,0,0.0
EXP001_checkout_redesign,C109345,control,2025-06-14,0,0.0
EXP001_checkout_redesign,C107218,treatment,2025-06-20,0,0.0
EXP001_checkout_redesign,C114104,treatment,2025-06-17,1,4511.54
EXP001_checkout_redesign,C112606,control,2025-06-06,1,2799.59
EXP001_checkout_redesign,C114500,control,2025-06-01,0,0.0
EXP001_checkout_redesign,C106256,control,2025-06-11,0,0.0
EXP001_checkout_redesign,C108239,treatment,2025-06-01,0,0.0
EXP001_checkout_redesign,C108641,control,2025-06-12,0,0.0
EXP001_checkout_redesign,C106859,treatment,2025-06-24,0,0.0
EXP001_checkout_redesign,C102655,treatment,2025-06-20,0,0.0
EXP001_checkout_redesign,C103271,control,2025-06-15,0,0.0
EXP001_checkout_redesign,C109906,control,2025-06-05,0,0.0
EXP001_checkout_redesign,C114177,control,2025-06-10,0,0.0
EXP001_checkout_redesign,C104096,treatment,2025-06-26,0,0.0
EXP001_checkout_redesign,C100854,treatment,2025-06-17,0,0.0
EXP001_checkout_redesign,C110505,treatment,2025-06-10,0,0.0
EXP001_checkout_redesign,C107873,treatment,2025-06-07,0,0.0
EXP001_checkout_redesign,C106081,treatment,2025-06-27,0,0.0
EXP001_checkout_redesign,C109085,treatment,2025-06-18,0,0.0
EXP001_checkout_redesign,C113857,control,2025-06-06,0,0.0
EXP001_checkout_redesign,C111655,control,2025-06-09,0,0.0
EXP001_checkout_redesign,C108452,control,2025-06-02,0,0.0
EXP001_checkout_redesign,C102042,treatment,2025-06-22,0,0.0
EXP001_checkout_redesign,C104670,control,2025-06-28,0,0.0
EXP001_checkout_redesign,C101374,control,2025-06-12,0,0.0
EXP001_checkout_redesign,C113713,control,2025-06-05,0,0.0
EXP001_checkout_redesign,C102626,treatment,2025-06-15,0,0.0
EXP001_checkout_redesign,C104469,control,2025-06-13,1,5301.21
EXP001_checkout_redesign,C107361,control,2025-06-29,0,0.0
EXP001_checkout_redesign,C108410,treatment,2025-06-29,1,2713.01
EXP001_checkout_redesign,C114265,control,2025-06-02,0,0.0
EXP001_checkout_redesign,C107167,control,2025-06-15,1,4711.69
EXP001_checkout_redesign,C101502,treatment,2025-06-14,0,0.0
EXP001_checkout_redesign,C103637,control,2025-06-09,0,0.0
EXP001_checkout_redesign,C107391,treatment,2025-06-16,0,0.0
EXP001_checkout_redesign,C105727,treatment,2025-06-02,1,2249.61
EXP001_checkout_redesign,C100436,control,2025-06-01,0,0.0
EXP001_checkout_redesign,C113295,treatment,2025-06-25,0,0.0
EXP001_checkout_redesign,C100872,control,2025-06-09,0,0.0
EXP001_checkout_redesign,C106495,control,2025-06-25,0,0.0
EXP001_checkout_redesign,C108224,control,2025-06-24,0,0.0
EXP001_checkout_redesign,C114778,control,2025-06-20,0,0.0
EXP001_checkout_redesign,C103862,control,2025-06-14,0,0.0
EXP001_checkout_redesign,C106326,treatment,2025-06-25,0,0.0
EXP001_checkout_redesign,C101337,treatment,2025-06-02,1,4946.04
EXP001_checkout_redesign,C106142,control,2025-06-01,0,0.0
EXP001_checkout_redesign,C103678,treatment,2025-06-28,0,0.0
EXP001_checkout_redesign,C100461,control,2025-06-10,0,0.0
EXP001_checkout_redesign,C105221,control,2025-06-23,0,0.0
EXP001_checkout_redesign,C101623,control,2025-06-22,0,0.0
EXP001_checkout_redesign,C111709,control,2025-06-19,0,0.0
EXP001_checkout_redesign,C110648,treatment,2025-06-18,0,0.0
EXP001_checkout_redesign,C105493,control,2025-06-24,0,0.0
EXP001_checkout_redesign,C102392,control,2025-06-20,0,0.0
EXP001_checkout_redesign,C102254,control,2025-06-22,0,0.0
EXP001_checkout_redesign,C100627,control,2025-06-20,0,0.0
EXP001_checkout_redesign,C114301,treatment,2025-06-29,0,0.0
EXP001_checkout_redesign,C107740,control,2025-06-11,0,0.0
EXP001_checkout_redesign,C111404,treatment,2025-06-09,1,1237.47
EXP001_checkout_redesign,C102273,treatment,2025-06-15,0,0.0
EXP001_checkout_redesign,C114960,treatment,2025-06-28,0,0.0
EXP001_checkout_redesign,C111559,treatment,2025-06-16,0,0.0
EXP001_checkout_redesign,C107685,control,2025-06-13,0,0.0
EXP001_checkout_redesign,C107349,treatment,2025-06-21,0,0.0
EXP001_checkout_redesign,C110081,treatment,2025-06-06,0,0.0
EXP001_checkout_redesign,C100086,treatment,2025-06-25,0,0.0
EXP001_checkout_redesign,C101298,treatment,2025-06-15,0,0.0
EXP001_checkout_redesign,C100311,treatment,2025-06-15,0,0.0
EXP001_checkout_redesign,C112915,control,2025-06-22,0,0.0
EXP001_checkout_redesign,C103533,control,2025-06-18,0,0.0
EXP001_checkout_redesign,C102449,treatment,2025-06-11,0,0.0
EXP001_checkout_redesign,C108991,treatment,2025-06-01,0,0.0
EXP001_checkout_redesign,C113199,control,2025-06-14,0,0.0
EXP001_checkout_redesign,C113642,treatment,2025-06-25,0,0.0
EXP001_checkout_redesign,C108647,control,2025-06-02,0,0.0
EXP001_checkout_redesign,C106934,treatment,2025-06-02,0,0.0
EXP001_checkout_redesign,C101821,treatment,2025-06-20,1,1775.33
EXP001_checkout_redesign,C113782,control,2025-06-26,0,0.0
EXP001_checkout_redesign,C103893,treatment,2025-06-10,0,0.0
EXP001_checkout_redesign,C104934,treatment,2025-06-16,0,0.0
EXP001_checkout_redesign,C101996,control,2025-06-03,0,0.0
EXP001_checkout_redesign,C100782,treatment,2025-06-14,0,0.0
EXP001_checkout_redesign,C103906,control,2025-06-30,0,0.0
EXP001_checkout_redesign,C113048,treatment,2025-06-23,0,0.0
EXP001_checkout_redesign,C113451,control,2025-06-07,0,0.0
EXP001_checkout_redesign,C110204,treatment,2025-06-19,0,0.0
EXP001_checkout_redesign,C107489,control,2025-06-19,0,0.0
EXP001_checkout_redesign,C101029,control,2025-06-25,0,0.0
EXP001_checkout_redesign,C113013,control,2025-06-23,0,0.0
EXP001_checkout_redesign,C108189,treatment,2025-06-19,1,2638.61
EXP001_checkout_redesign,C109776,treatment,2025-06-03,0,0.0
EXP001_checkout_redesign,C108782,control,2025-06-13,0,0.0
EXP001_checkout_redesign,C100269,treatment,2025-06-19,0,0.0
EXP001_checkout_redesign,C110353,control,2025-06-25,0,0.0
EXP001_checkout_redesign,C108443,treatment,2025-06-14,0,0.0
EXP001_checkout_redesign,C109421,control,2025-06-08,0,0.0
EXP001_checkout_redesign,C103963,treatment,2025-06-29,0,0.0
EXP001_checkout_redesign,C111772,treatment,2025-06-23,1,4250.7
EXP001_checkout_redesign,C102352,treatment,2025-06-08,1,2006.56
EXP001_checkout_redesign,C104772,treatment,2025-06-17,0,0.0
EXP001_checkout_redesign,C107032,treatment,2025-06-25,0,0.0
EXP001_checkout_redesign,C100025,treatment,2025-06-21,0,0.0
EXP001_checkout_redesign,C110073,treatment,2025-06-29,0,0.0
EXP001_checkout_redesign,C105780,treatment,2025-06-05,0,0.0
EXP001_checkout_redesign,C103941,control,2025-06-05,1,4761.3
EXP001_checkout_redesign,C109349,control,2025-06-25,1,1329.23
EXP001_checkout_redesign,C106825,control,2025-06-21,0,0.0
EXP001_checkout_redesign,C103068,treatment,2025-06-02,0,0.0
EXP001_checkout_redesign,C110885,treatment,2025-06-22,0,0.0
EXP001_checkout_redesign,C110948,control,2025-06-23,0,0.0
EXP001_checkout_redesign,C113941,control,2025-06-11,0,0.0
EXP001_checkout_redesign,C108576,control,2025-06-15,0,0.0
EXP001_checkout_redesign,C105908,control,2025-06-23,0,0.0
EXP001_checkout_redesign,C101108,control,2025-06-07,0,0.0
EXP001_checkout_redesign,C108618,control,2025-06-11,0,0.0
EXP001_checkout_redesign,C108914,control,2025-06-30,0,0.0
EXP001_checkout_redesign,C112877,control,2025-06-02,0,0.0
EXP001_checkout_redesign,C108316,control,2025-06-06,0,0.0
EXP001_checkout_redesign,C109079,control,2025-06-09,0,0.0
EXP001_checkout_redesign,C114068,treatment,2025-06-17,0,0.0
EXP001_checkout_redesign,C106397,treatment,2025-06-19,0,0.0
EXP001_checkout_redesign,C107702,treatment,2025-06-12,0,0.0
EXP001_checkout_redesign,C100713,control,2025-06-06,0,0.0
EXP001_checkout_redesign,C110414,control,2025-06-16,0,0.0
EXP001_checkout_redesign,C106338,treatment,2025-06-23,0,0.0
EXP001_checkout_redesign,C106116,treatment,2025-06-02,0,0.0
EXP001_checkout_redesign,C104155,control,2025-06-26,1,2585.19
EXP001_checkout_redesign,C112244,treatment,2025-06-24,0,0.0
EXP001_checkout_redesign,C100266,treatment,2025-06-11,1,1857.63
EXP001_checkout_redesign,C105850,treatment,2025-06-15,0,0.0
EXP001_checkout_redesign,C101106,treatment,2025-06-29,1,5119.07
EXP001_checkout_redesign,C105649,treatment,2025-06-06,0,0.0
EXP001_checkout_redesign,C103950,treatment,2025-06-28,0,0.0
EXP001_checkout_redesign,C112008,treatment,2025-06-25,0,0.0
EXP001_checkout_redesign,C110765,treatment,2025-06-09,0,0.0
EXP001_checkout_redesign,C113401,treatment,2025-06-09,0,0.0
EXP001_checkout_redesign,C101698,control,2025-06-25,0,0.0
EXP001_checkout_redesign,C109533,treatment,2025-06-18,0,0.0
EXP001_checkout_redesign,C112045,control,2025-06-26,1,2165.9
EXP001_checkout_redesign,C112397,control,2025-06-13,0,0.0
EXP001_checkout_redesign,C105447,control,2025-06-26,0,0.0
EXP001_checkout_redesign,C102185,treatment,2025-06-29,0,0.0
EXP001_checkout_redesign,C100726,treatment,2025-06-23,0,0.0
EXP001_checkout_redesign,C113414,treatment,2025-06-05,1,1277.51
EXP001_checkout_redesign,C108945,treatment,2025-06-25,0,0.0
EXP001_checkout_redesign,C113534,treatment,2025-06-17,0,0.0
EXP001_checkout_redesign,C110531,treatment,2025-06-26,0,0.0
EXP001_checkout_redesign,C113480,treatment,2025-06-23,1,4118.37
EXP001_checkout_redesign,C111217,treatment,2025-06-26,0,0.0
EXP001_checkout_redesign,C114221,treatment,2025-06-21,0,0.0
EXP001_checkout_redesign,C111393,control,2025-06-11,0,0.0
EXP001_checkout_redesign,C107840,treatment,2025-06-09,1,1231.8
EXP001_checkout_redesign,C110350,treatment,2025-06-23,0,0.0
EXP001_checkout_redesign,C102986,treatment,2025-06-20,1,5324.37
EXP001_checkout_redesign,C102209,control,2025-06-27,0,0.0
EXP001_checkout_redesign,C101033,treatment,2025-06-24,1,1715.54
EXP001_checkout_redesign,C114972,treatment,2025-06-09,0,0.0
EXP001_checkout_redesign,C107498,control,2025-06-09,0,0.0
EXP001_checkout_redesign,C100605,treatment,2025-06-10,0,0.0
EXP001_checkout_redesign,C104807,control,2025-06-20,0,0.0
EXP001_checkout_redesign,C103302,control,2025-06-06,0,0.0
EXP001_checkout_redesign,C100717,treatment,2025-06-04,1,4798.51
EXP001_checkout_redesign,C103268,treatment,2025-06-01,0,0.0
EXP001_checkout_redesign,C100686,control,2025-06-06,0,0.0
EXP001_checkout_redesign,C105170,treatment,2025-06-24,0,0.0
EXP001_checkout_redesign,C105080,control,2025-06-06,0,0.0
EXP001_checkout_redesign,C108444,treatment,2025-06-29,0,0.0
EXP001_checkout_redesign,C106524,control,2025-06-12,0,0.0
EXP001_checkout_redesign,C108897,treatment,2025-06-03,0,0.0
EXP001_checkout_redesign,C107756,control,2025-06-13,0,0.0
EXP001_checkout_redesign,C104150,control,2025-06-24,1,2748.03
EXP001_checkout_redesign,C100599,control,2025-06-10,0,0.0
EXP001_checkout_redesign,C112341,treatment,2025-06-09,1,1877.21
EXP001_checkout_redesign,C110598,control,2025-06-17,0,0.0
EXP001_checkout_redesign,C103131,treatment,2025-06-11,0,0.0
EXP001_checkout_redesign,C104687,treatment,2025-06-27,0,0.0
EXP001_checkout_redesign,C105848,control,2025-06-06,0,0.0
EXP001_checkout_redesign,C100783,control,2025-06-10,0,0.0
EXP001_checkout_redesign,C110743,treatment,2025-06-24,0,0.0
EXP001_checkout_redesign,C105438,control,2025-06-18,0,0.0
EXP001_checkout_redesign,C104476,control,2025-06-14,0,0.0
EXP001_checkout_redesign,C102039,treatment,2025-06-30,1,4398.24
EXP001_checkout_redesign,C106029,control,2025-06-04,0,0.0
EXP001_checkout_redesign,C107159,treatment,2025-06-13,0,0.0
EXP001_checkout_redesign,C106553,control,2025-06-01,0,0.0
EXP001_checkout_redesign,C112178,control,2025-06-20,0,0.0
EXP001_checkout_redesign,C107204,treatment,2025-06-02,0,0.0
EXP001_checkout_redesign,C106334,control,2025-06-03,0,0.0
EXP001_checkout_redesign,C105554,treatment,2025-06-20,0,0.0
EXP001_checkout_redesign,C103060,control,2025-06-03,1,5136.57
EXP001_checkout_redesign,C108129,control,2025-06-06,0,0.0
EXP001_checkout_redesign,C111338,treatment,2025-06-29,0,0.0
EXP001_checkout_redesign,C108151,treatment,2025-06-07,0,0.0
EXP001_checkout_redesign,C113278,treatment,2025-06-11,1,5383.08
EXP001_checkout_redesign,C108507,treatment,2025-06-07,0,0.0
EXP001_checkout_redesign,C104369,treatment,2025-06-17,1,4972.94
EXP001_checkout_redesign,C101353,control,2025-06-21,0,0.0
EXP001_checkout_redesign,C111912,treatment,2025-06-19,0,0.0
EXP001_checkout_redesign,C106955,treatment,2025-06-12,0,0.0
EXP001_checkout_redesign,C113479,treatment,2025-06-01,1,4576.65
EXP001_checkout_redesign,C112985,treatment,2025-06-01,0,0.0
EXP001_checkout_redesign,C109870,treatment,2025-06-18,0,0.0
EXP001_checkout_redesign,C102956,treatment,2025-06-10,0,0.0
EXP001_checkout_redesign,C108937,treatment,2025-06-24,1,3235.24
EXP001_checkout_redesign,C104813,control,2025-06-20,0,0.0
EXP001_checkout_redesign,C105262,treatment,2025-06-30,0,0.0
EXP001_checkout_redesign,C112696,control,2025-06-26,0,0.0
EXP001_checkout_redesign,C101311,control,2025-06-03,0,0.0
EXP001_checkout_redesign,C105372,control,2025-06-14,0,0.0
EXP001_checkout_redesign,C110828,control,2025-06-08,0,0.0
EXP001_checkout_redesign,C104843,treatment,2025-06-16,0,0.0
EXP001_checkout_redesign,C105021,treatment,2025-06-18,0,0.0
EXP001_checkout_redesign,C114206,control,2025-06-09,0,0.0
EXP001_checkout_redesign,C109873,treatment,2025-06-04,0,0.0
EXP001_checkout_redesign,C111758,control,2025-06-27,0,0.0
EXP001_checkout_redesign,C106981,control,2025-06-25,0,0.0
EXP001_checkout_redesign,C102730,control,2025-06-01,0,0.0
EXP001_checkout_redesign,C111301,control,2025-06-21,0,0.0
EXP001_checkout_redesign,C107272,control,2025-06-26,0,0.0
EXP001_checkout_redesign,C105759,treatment,2025-06-23,1,2681.54
EXP001_checkout_redesign,C107325,treatment,2025-06-14,0,0.0
EXP001_checkout_redesign,C112971,treatment,2025-06-11,0,0.0
EXP001_checkout_redesign,C111908,treatment,2025-06-04,0,0.0
EXP001_checkout_redesign,C105776,treatment,2025-06-28,1,1170.83
EXP001_checkout_redesign,C112613,control,2025-06-28,0,0.0
EXP001_checkout_redesign,C107126,treatment,2025-06-21,0,0.0
EXP001_checkout_redesign,C104498,control,2025-06-16,0,0.0
EXP001_checkout_redesign,C113264,treatment,2025-06-27,0,0.0
EXP001_checkout_redesign,C100939,control,2025-06-09,0,0.0
EXP001_checkout_redesign,C113793,control,2025-06-22,0,0.0
EXP001_checkout_redesign,C110996,control,2025-06-29,0,0.0
EXP001_checkout_redesign,C110445,control,2025-06-14,1,1493.74
EXP001_checkout_redesign,C106655,control,2025-06-06,0,0.0
EXP001_checkout_redesign,C105952,control,2025-06-02,0,0.0
EXP001_checkout_redesign,C108406,treatment,2025-06-01,0,0.0
EXP001_checkout_redesign,C112286,treatment,2025-06-20,0,0.0
EXP001_checkout_redesign,C111131,control,2025-06-26,0,0.0
EXP001_checkout_redesign,C114828,control,2025-06-19,0,0.0
EXP001_checkout_redesign,C113192,treatment,2025-06-27,0,0.0
EXP001_checkout_redesign,C102339,control,2025-06-23,0,0.0
EXP001_checkout_redesign,C109954,treatment,2025-06-07,0,0.0
EXP001_checkout_redesign,C111109,control,2025-06-22,0,0.0
EXP001_checkout_redesign,C114525,treatment,2025-06-15,0,0.0
EXP001_checkout_redesign,C100570,control,2025-06-05,0,0.0
EXP001_checkout_redesign,C113553,treatment,2025-06-03,0,0.0
EXP001_checkout_redesign,C101101,treatment,2025-06-15,0,0.0
EXP001_checkout_redesign,C103866,treatment,2025-06-04,0,0.0
EXP001_checkout_redesign,C110570,control,2025-06-29,0,0.0
EXP001_checkout_redesign,C106001,treatment,2025-06-05,0,0.0
EXP001_checkout_redesign,C105933,treatment,2025-06-04,0,0.0
EXP001_checkout_redesign,C106272,control,2025-06-03,0,0.0
EXP001_checkout_redesign,C109293,control,2025-06-02,0,0.0
EXP001_checkout_redesign,C100530,control,2025-06-05,0,0.0
EXP001_checkout_redesign,C109913,treatment,2025-06-18,1,2506.52
EXP001_checkout_redesign,C102513,control,2025-06-02,0,0.0
EXP001_checkout_redesign,C111125,treatment,2025-06-15,0,0.0
EXP001_checkout_redesign,C107371,treatment,2025-06-18,0,0.0
EXP001_checkout_redesign,C106077,treatment,2025-06-30,0,0.0
EXP001_checkout_redesign,C106095,treatment,2025-06-18,0,0.0
EXP001_checkout_redesign,C107273,treatment,2025-06-08,0,0.0
EXP001_checkout_redesign,C101259,control,2025-06-12,0,0.0
EXP001_checkout_redesign,C109403,control,2025-06-23,0,0.0
EXP001_checkout_redesign,C102255,control,2025-06-09,0,0.0
EXP001_checkout_redesign,C108674,control,2025-06-19,0,0.0
EXP001_checkout_redesign,C106012,control,2025-06-01,0,0.0
EXP001_checkout_redesign,C106521,control,2025-06-22,0,0.0
EXP001_checkout_redesign,C105150,control,2025-06-25,0,0.0
EXP001_checkout_redesign,C110642,treatment,2025-06-29,0,0.0
EXP001_checkout_redesign,C104566,treatment,2025-06-17,0,0.0
EXP001_checkout_redesign,C104089,treatment,2025-06-01,0,0.0
EXP001_checkout_redesign,C114090,treatment,2025-06-20,0,0.0
EXP001_checkout_redesign,C100424,treatment,2025-06-26,0,0.0
EXP001_checkout_redesign,C112053,control,2025-06-17,0,0.0
EXP001_checkout_redesign,C103048,control,2025-06-25,0,0.0
EXP001_checkout_redesign,C108176,control,2025-06-06,0,0.0
EXP001_checkout_redesign,C108482,treatment,2025-06-05,0,0.0
EXP001_checkout_redesign,C106340,control,2025-06-27,0,0.0
EXP001_checkout_redesign,C113117,treatment,2025-06-05,0,0.0
EXP001_checkout_redesign,C101929,treatment,2025-06-11,0,0.0
EXP001_checkout_redesign,C104288,control,2025-06-11,0,0.0
EXP001_checkout_redesign,C104264,treatment,2025-06-11,1,5584.48
EXP001_checkout_redesign,C111534,treatment,2025-06-12,0,0.0
EXP001_checkout_redesign,C107311,control,2025-06-12,0,0.0
EXP001_checkout_redesign,C103515,control,2025-06-02,0,0.0
EXP001_checkout_redesign,C110024,control,2025-06-03,0,0.0
EXP001_checkout_redesign,C104678,control,2025-06-28,1,1620.88
EXP001_checkout_redesign,C113500,treatment,2025-06-07,0,0.0
EXP001_checkout_redesign,C108047,control,2025-06-20,0,0.0
EXP001_checkout_redesign,C103279,control,2025-06-14,0,0.0
EXP001_checkout_redesign,C102009,control,2025-06-22,0,0.0
EXP001_checkout_redesign,C114105,control,2025-06-16,0,0.0
EXP001_checkout_redesign,C113840,treatment,2025-06-24,0,0.0
EXP001_checkout_redesign,C107406,treatment,2025-06-14,0,0.0
EXP001_checkout_redesign,C102828,treatment,2025-06-17,0,0.0
EXP001_checkout_redesign,C111687,control,2025-06-15,0,0.0
EXP001_checkout_redesign,C107292,control,2025-06-11,0,0.0
EXP001_checkout_redesign,C101438,treatment,2025-06-13,0,0.0
EXP001_checkout_redesign,C111172,treatment,2025-06-06,0,0.0
EXP001_checkout_redesign,C105236,control,2025-06-17,1,2513.19
EXP001_checkout_redesign,C110941,treatment,2025-06-12,0,0.0
EXP001_checkout_redesign,C105692,control,2025-06-28,0,0.0
EXP001_checkout_redesign,C111625,control,2025-06-28,0,0.0
EXP001_checkout_redesign,C101063,treatment,2025-06-24,0,0.0
EXP001_checkout_redesign,C109011,treatment,2025-06-04,0,0.0
EXP001_checkout_redesign,C108882,control,2025-06-21,0,0.0
EXP001_checkout_redesign,C104757,control,2025-06-10,0,0.0
EXP001_checkout_redesign,C104914,treatment,2025-06-18,0,0.0
EXP001_checkout_redesign,C102580,treatment,2025-06-19,0,0.0
EXP001_checkout_redesign,C113930,treatment,2025-06-07,0,0.0
EXP001_checkout_redesign,C112414,control,2025-06-23,0,0.0
EXP001_checkout_redesign,C111472,treatment,2025-06-30,0,0.0
EXP001_checkout_redesign,C110448,treatment,2025-06-12,0,0.0
EXP001_checkout_redesign,C102852,treatment,2025-06-11,0,0.0
EXP001_checkout_redesign,C105922,control,2025-06-24,0,0.0
EXP001_checkout_redesign,C108335,control,2025-06-29,0,0.0
EXP001_checkout_redesign,C114079,control,2025-06-03,0,0.0
EXP001_checkout_redesign,C114225,control,2025-06-02,0,0.0
EXP001_checkout_redesign,C103292,control,2025-06-02,0,0.0
EXP001_checkout_redesign,C102275,treatment,2025-06-22,0,0.0
EXP001_checkout_redesign,C114532,control,2025-06-02,0,0.0
EXP001_checkout_redesign,C108094,treatment,2025-06-27,0,0.0
EXP001_checkout_redesign,C113077,control,2025-06-15,0,0.0
EXP001_checkout_redesign,C113874,control,2025-06-04,0,0.0
EXP001_checkout_redesign,C109077,control,2025-06-25,1,2561.69
EXP001_checkout_redesign,C109376,treatment,2025-06-26,0,0.0
EXP001_checkout_redesign,C106044,control,2025-06-03,1,4949.84
EXP001_checkout_redesign,C114926,treatment,2025-06-17,0,0.0
EXP001_checkout_redesign,C114470,treatment,2025-06-02,0,0.0
EXP001_checkout_redesign,C102126,control,2025-06-26,0,0.0
EXP001_checkout_redesign,C110026,treatment,2025-06-29,0,0.0
EXP001_checkout_redesign,C101412,treatment,2025-06-10,0,0.0
EXP001_checkout_redesign,C101077,control,2025-06-07,0,0.0
EXP001_checkout_redesign,C114325,treatment,2025-06-09,0,0.0
EXP001_checkout_redesign,C113273,control,2025-06-25,0,0.0
EXP001_checkout_redesign,C111746,control,2025-06-20,0,0.0
EXP001_checkout_redesign,C111777,treatment,2025-06-15,0,0.0
EXP001_checkout_redesign,C107842,treatment,2025-06-08,0,0.0
EXP001_checkout_redesign,C108612,treatment,2025-06-17,0,0.0
EXP001_checkout_redesign,C113113,treatment,2025-06-27,1,4676.4
EXP001_checkout_redesign,C106708,control,2025-06-11,0,0.0
EXP001_checkout_redesign,C109419,control,2025-06-16,0,0.0
EXP001_checkout_redesign,C101208,treatment,2025-06-30,0,0.0
EXP001_checkout_redesign,C102053,control,2025-06-22,0,0.0
EXP001_checkout_redesign,C105194,treatment,2025-06-30,0,0.0
EXP001_checkout_redesign,C110524,control,2025-06-24,0,0.0
EXP001_checkout_redesign,C112876,treatment,2025-06-18,0,0.0
EXP001_checkout_redesign,C107372,treatment,2025-06-24,0,0.0
EXP001_checkout_redesign,C107632,treatment,2025-06-04,0,0.0
EXP001_checkout_redesign,C111142,treatment,2025-06-18,0,0.0
EXP001_checkout_redesign,C108476,control,2025-06-20,0,0.0
EXP001_checkout_redesign,C105644,control,2025-06-08,0,0.0
EXP001_checkout_redesign,C102102,treatment,2025-06-15,0,0.0
EXP001_checkout_redesign,C109032,treatment,2025-06-13,0,0.0
EXP001_checkout_redesign,C110482,control,2025-06-04,0,0.0
EXP001_checkout_redesign,C109630,treatment,2025-06-29,0,0.0
EXP001_checkout_redesign,C102981,control,2025-06-14,0,0.0
EXP001_checkout_redesign,C102114,treatment,2025-06-15,0,0.0
EXP001_checkout_redesign,C107088,treatment,2025-06-15,0,0.0
EXP001_checkout_redesign,C114590,control,2025-06-24,1,972.95
EXP001_checkout_redesign,C100907,control,2025-06-23,0,0.0
EXP001_checkout_redesign,C102034,control,2025-06-05,0,0.0
EXP001_checkout_redesign,C108488,control,2025-06-24,0,0.0
EXP001_checkout_redesign,C102507,treatment,2025-06-15,0,0.0
EXP001_checkout_redesign,C113743,treatment,2025-06-18,0,0.0
EXP001_checkout_redesign,C114622,control,2025-06-03,0,0.0
EXP001_checkout_redesign,C102653,control,2025-06-20,0,0.0
EXP001_checkout_redesign,C105286,treatment,2025-06-10,0,0.0
EXP001_checkout_redesign,C111621,treatment,2025-06-05,0,0.0
EXP001_checkout_redesign,C103694,treatment,2025-06-05,0,0.0
EXP001_checkout_redesign,C105669,control,2025-06-15,0,0.0
EXP001_checkout_redesign,C108501,control,2025-06-01,0,0.0
EXP001_checkout_redesign,C104653,treatment,2025-06-01,0,0.0
EXP001_checkout_redesign,C101292,control,2025-06-16,0,0.0
EXP001_checkout_redesign,C104105,treatment,2025-06-28,0,0.0
EXP001_checkout_redesign,C103216,treatment,2025-06-27,0,0.0
EXP001_checkout_redesign,C110404,control,2025-06-17,0,0.0
EXP001_checkout_redesign,C113636,treatment,2025-06-14,0,0.0
EXP001_checkout_redesign,C104496,control,2025-06-15,0,0.0
EXP001_checkout_redesign,C102050,treatment,2025-06-14,0,0.0
EXP001_checkout_redesign,C113771,treatment,2025-06-21,0,0.0
EXP001_checkout_redesign,C112882,control,2025-06-02,0,0.0
EXP001_checkout_redesign,C110066,treatment,2025-06-03,0,0.0
EXP001_checkout_redesign,C108740,treatment,2025-06-24,1,1232.64
EXP001_checkout_redesign,C114274,treatment,2025-06-12,1,4665.56
EXP001_checkout_redesign,C108234,treatment,2025-06-26,0,0.0
EXP001_checkout_redesign,C114804,treatment,2025-06-24,0,0.0
EXP001_checkout_redesign,C102762,treatment,2025-06-28,0,0.0
EXP001_checkout_redesign,C109696,treatment,2025-06-26,0,0.0
EXP001_checkout_redesign,C109513,control,2025-06-02,0,0.0
EXP001_checkout_redesign,C102526,treatment,2025-06-08,0,0.0
EXP001_checkout_redesign,C102804,control,2025-06-27,0,0.0
EXP001_checkout_redesign,C110792,treatment,2025-06-12,0,0.0
EXP001_checkout_redesign,C110231,control,2025-06-09,0,0.0
EXP001_checkout_redesign,C111806,treatment,2025-06-26,0,0.0
EXP001_checkout_redesign,C109914,control,2025-06-14,0,0.0
EXP001_checkout_redesign,C105531,treatment,2025-06-26,0,0.0
EXP001_checkout_redesign,C109234,control,2025-06-06,0,0.0
EXP001_checkout_redesign,C100674,treatment,2025-06-17,0,0.0
EXP001_checkout_redesign,C100464,treatment,2025-06-11,0,0.0
EXP001_checkout_redesign,C113798,treatment,2025-06-27,1,3969.02
EXP001_checkout_redesign,C114286,treatment,2025-06-19,0,0.0
EXP001_checkout_redesign,C110509,treatment,2025-06-21,0,0.0
EXP001_checkout_redesign,C109449,treatment,2025-06-13,0,0.0
EXP001_checkout_redesign,C104336,treatment,2025-06-03,1,3444.74
EXP001_checkout_redesign,C110668,control,2025-06-03,0,0.0
EXP001_checkout_redesign,C103453,control,2025-06-25,1,5456.36
EXP001_checkout_redesign,C109373,treatment,2025-06-21,0,0.0
EXP001_checkout_redesign,C112609,control,2025-06-14,0,0.0
EXP001_checkout_redesign,C112952,control,2025-06-08,0,0.0
EXP001_checkout_redesign,C110469,treatment,2025-06-07,0,0.0
EXP001_checkout_redesign,C100496,control,2025-06-04,0,0.0
EXP001_checkout_redesign,C108159,treatment,2025-06-03,1,2295.9
EXP001_checkout_redesign,C110275,treatment,2025-06-19,1,2343.02
EXP001_checkout_redesign,C114461,treatment,2025-06-27,0,0.0
EXP001_checkout_redesign,C104745,control,2025-06-02,0,0.0
EXP001_checkout_redesign,C110517,treatment,2025-06-05,1,2864.48
EXP001_checkout_redesign,C113446,control,2025-06-12,0,0.0
EXP001_checkout_redesign,C107912,treatment,2025-06-02,0,0.0
EXP001_checkout_redesign,C114994,treatment,2025-06-18,0,0.0
EXP001_checkout_redesign,C111222,control,2025-06-15,0,0.0
EXP001_checkout_redesign,C114306,treatment,2025-06-16,0,0.0
EXP001_checkout_redesign,C104873,treatment,2025-06-12,0,0.0
EXP001_checkout_redesign,C113145,treatment,2025-06-12,0,0.0
EXP001_checkout_redesign,C101195,control,2025-06-28,1,4367.28
EXP001_checkout_redesign,C111282,treatment,2025-06-04,0,0.0
EXP001_checkout_redesign,C100981,control,2025-06-22,0,0.0
EXP001_checkout_redesign,C102589,treatment,2025-06-28,0,0.0
EXP001_checkout_redesign,C107202,control,2025-06-22,1,2947.29
EXP001_checkout_redesign,C106809,control,2025-06-08,0,0.0
EXP001_checkout_redesign,C113887,treatment,2025-06-11,0,0.0
EXP001_checkout_redesign,C107609,control,2025-06-22,1,5514.53
EXP001_checkout_redesign,C103342,treatment,2025-06-22,0,0.0
EXP001_checkout_redesign,C114803,treatment,2025-06-04,0,0.0
EXP001_checkout_redesign,C114296,treatment,2025-06-12,0,0.0
EXP001_checkout_redesign,C102353,control,2025-06-21,0,0.0
EXP001_checkout_redesign,C105121,control,2025-06-27,0,0.0
EXP001_checkout_redesign,C114049,control,2025-06-23,1,4263.55
EXP001_checkout_redesign,C105231,treatment,2025-06-10,0,0.0
EXP001_checkout_redesign,C112029,treatment,2025-06-27,0,0.0
EXP001_checkout_redesign,C105658,treatment,2025-06-09,0,0.0
EXP001_checkout_redesign,C113144,treatment,2025-06-16,0,0.0
EXP001_checkout_redesign,C102142,control,2025-06-04,0,0.0
EXP001_checkout_redesign,C113286,control,2025-06-26,1,3019.11
EXP001_checkout_redesign,C108437,control,2025-06-17,0,0.0
EXP001_checkout_redesign,C112438,control,2025-06-22,1,5046.84
EXP001_checkout_redesign,C101739,control,2025-06-18,1,4714.28
EXP001_checkout_redesign,C105228,control,2025-06-27,0,0.0
EXP001_checkout_redesign,C103960,control,2025-06-07,0,0.0
EXP001_checkout_redesign,C107642,control,2025-06-22,1,4935.68
EXP001_checkout_redesign,C102007,treatment,2025-06-09,0,0.0
EXP001_checkout_redesign,C104382,treatment,2025-06-06,1,4325.9
EXP001_checkout_redesign,C107366,control,2025-06-30,0,0.0
EXP001_checkout_redesign,C114720,control,2025-06-22,0,0.0
EXP001_checkout_redesign,C102308,control,2025-06-20,0,0.0
EXP001_checkout_redesign,C101586,treatment,2025-06-28,0,0.0
EXP001_checkout_redesign,C100829,control,2025-06-25,0,0.0
EXP001_checkout_redesign,C104754,control,2025-06-03,0,0.0
EXP001_checkout_redesign,C106293,control,2025-06-15,0,0.0
EXP001_checkout_redesign,C110082,control,2025-06-01,0,0.0
EXP001_checkout_redesign,C106850,control,2025-06-27,0,0.0
EXP001_checkout_redesign,C104067,control,2025-06-26,0,0.0
EXP001_checkout_redesign,C102616,treatment,2025-06-24,0,0.0
EXP001_checkout_redesign,C105364,treatment,2025-06-24,1,2351.83
EXP001_checkout_redesign,C109464,treatment,2025-06-27,0,0.0
EXP001_checkout_redesign,C111814,treatment,2025-06-17,0,0.0
EXP001_checkout_redesign,C105123,treatment,2025-06-09,1,3319.63
EXP001_checkout_redesign,C103110,treatment,2025-06-02,0,0.0
EXP001_checkout_redesign,C102610,control,2025-06-06,1,3930.85
EXP001_checkout_redesign,C108163,treatment,2025-06-25,0,0.0
EXP001_checkout_redesign,C108433,control,2025-06-16,0,0.0
EXP001_checkout_redesign,C107648,treatment,2025-06-13,0,0.0
EXP001_checkout_redesign,C108171,control,2025-06-06,0,0.0
EXP001_checkout_redesign,C105055,treatment,2025-06-23,1,2459.93
EXP001_checkout_redesign,C108148,control,2025-06-15,0,0.0
EXP001_checkout_redesign,C100379,treatment,2025-06-25,1,1778.2
EXP001_checkout_redesign,C101475,treatment,2025-06-05,1,5801.76
EXP001_checkout_redesign,C106442,control,2025-06-17,1,5462.47
EXP001_checkout_redesign,C108281,treatment,2025-06-09,0,0.0
EXP001_checkout_redesign,C114548,treatment,2025-06-26,0,0.0
EXP001_checkout_redesign,C103944,treatment,2025-06-30,1,2639.95
EXP001_checkout_redesign,C113050,control,2025-06-13,0,0.0
EXP001_checkout_redesign,C109557,control,2025-06-07,0,0.0
EXP001_checkout_redesign,C105781,control,2025-06-16,0,0.0
EXP001_checkout_redesign,C100797,control,2025-06-08,0,0.0
EXP001_checkout_redesign,C114963,treatment,2025-06-18,0,0.0
EXP001_checkout_redesign,C104609,control,2025-06-05,0,0.0
EXP001_checkout_redesign,C108108,treatment,2025-06-13,0,0.0
EXP001_checkout_redesign,C109789,treatment,2025-06-24,0,0.0
EXP001_checkout_redesign,C110719,treatment,2025-06-23,0,0.0
EXP001_checkout_redesign,C111018,treatment,2025-06-07,0,0.0
EXP001_checkout_redesign,C107710,control,2025-06-20,0,0.0
EXP001_checkout_redesign,C114184,treatment,2025-06-13,0,0.0
EXP001_checkout_redesign,C108793,treatment,2025-06-02,0,0.0
EXP001_checkout_redesign,C100133,treatment,2025-06-26,0,0.0
EXP001_checkout_redesign,C101761,control,2025-06-19,1,4437.74
EXP001_checkout_redesign,C107060,treatment,2025-06-14,0,0.0
EXP001_checkout_redesign,C102194,treatment,2025-06-30,0,0.0
EXP001_checkout_redesign,C114927,treatment,2025-06-14,0,0.0
EXP001_checkout_redesign,C111919,treatment,2025-06-09,0,0.0
EXP001_checkout_redesign,C113354,treatment,2025-06-04,0,0.0
EXP001_checkout_redesign,C106606,control,2025-06-17,0,0.0
EXP001_checkout_redesign,C105995,control,2025-06-26,0,0.0
EXP001_checkout_redesign,C100741,treatment,2025-06-20,0,0.0
EXP001_checkout_redesign,C106563,treatment,2025-06-29,0,0.0
EXP001_checkout_redesign,C100838,treatment,2025-06-16,0,0.0
EXP001_checkout_redesign,C109343,control,2025-06-24,0,0.0
EXP001_checkout_redesign,C109204,treatment,2025-06-30,0,0.0
EXP001_checkout_redesign,C103189,treatment,2025-06-08,0,0.0
EXP001_checkout_redesign,C105939,treatment,2025-06-26,1,1460.47
EXP001_checkout_redesign,C114503,treatment,2025-06-15,0,0.0
EXP001_checkout_redesign,C113748,treatment,2025-06-26,0,0.0
EXP001_checkout_redesign,C113356,treatment,2025-06-18,0,0.0
EXP001_checkout_redesign,C106329,control,2025-06-10,0,0.0
EXP001_checkout_redesign,C108261,treatment,2025-06-04,0,0.0
EXP001_checkout_redesign,C107378,treatment,2025-06-07,0,0.0
EXP001_checkout_redesign,C109008,treatment,2025-06-24,1,2001.87
EXP001_checkout_redesign,C104582,control,2025-06-17,0,0.0
EXP001_checkout_redesign,C113533,treatment,2025-06-08,1,4822.22
EXP001_checkout_redesign,C111147,control,2025-06-01,1,5009.62
EXP001_checkout_redesign,C110011,control,2025-06-22,0,0.0
EXP001_checkout_redesign,C101946,control,2025-06-21,0,0.0
EXP001_checkout_redesign,C102108,treatment,2025-06-10,0,0.0
EXP001_checkout_redesign,C114946,treatment,2025-06-15,0,0.0
EXP001_checkout_redesign,C106453,control,2025-06-23,0,0.0
EXP001_checkout_redesign,C106114,treatment,2025-06-06,0,0.0
EXP001_checkout_redesign,C105555,treatment,2025-06-10,0,0.0
EXP001_checkout_redesign,C109139,treatment,2025-06-30,0,0.0
EXP001_checkout_redesign,C105990,control,2025-06-01,0,0.0
EXP001_checkout_redesign,C102363,control,2025-06-06,0,0.0
EXP001_checkout_redesign,C103261,treatment,2025-06-13,0,0.0
EXP001_checkout_redesign,C112514,treatment,2025-06-30,0,0.0
EXP001_checkout_redesign,C108341,treatment,2025-06-03,0,0.0
EXP001_checkout_redesign,C106576,control,2025-06-12,1,3979.9
EXP001_checkout_redesign,C108193,treatment,2025-06-15,0,0.0
EXP001_checkout_redesign,C113714,control,2025-06-22,0,0.0
EXP001_checkout_redesign,C113316,control,2025-06-07,0,0.0
EXP001_checkout_redesign,C100637,control,2025-06-06,0,0.0
EXP001_checkout_redesign,C102245,treatment,2025-06-09,0,0.0
EXP001_checkout_redesign,C111691,treatment,2025-06-16,0,0.0
EXP001_checkout_redesign,C112934,control,2025-06-12,0,0.0
EXP001_checkout_redesign,C107761,treatment,2025-06-09,0,0.0
EXP001_checkout_redesign,C108508,treatment,2025-06-08,0,0.0
EXP001_checkout_redesign,C107487,treatment,2025-06-05,0,0.0
EXP001_checkout_redesign,C102440,control,2025-06-26,0,0.0
EXP001_checkout_redesign,C114864,treatment,2025-06-03,0,0.0
EXP001_checkout_redesign,C108446,treatment,2025-06-04,0,0.0
EXP001_checkout_redesign,C113317,control,2025-06-11,0,0.0
EXP001_checkout_redesign,C105373,control,2025-06-10,0,0.0
EXP001_checkout_redesign,C110044,control,2025-06-08,0,0.0
EXP001_checkout_redesign,C105218,treatment,2025-06-09,0,0.0
EXP001_checkout_redesign,C114430,treatment,2025-06-13,0,0.0
EXP001_checkout_redesign,C106438,treatment,2025-06-24,1,2300.78
EXP001_checkout_redesign,C110100,control,2025-06-26,0,0.0
EXP001_checkout_redesign,C112113,treatment,2025-06-19,0,0.0
EXP001_checkout_redesign,C104902,control,2025-06-23,0,0.0
EXP001_checkout_redesign,C109727,treatment,2025-06-11,1,1468.6
EXP001_checkout_redesign,C113961,treatment,2025-06-24,0,0.0
EXP001_checkout_redesign,C108311,treatment,2025-06-03,0,0.0
EXP001_checkout_redesign,C108351,treatment,2025-06-01,0,0.0
EXP001_checkout_redesign,C108721,treatment,2025-06-23,0,0.0
EXP001_checkout_redesign,C108025,control,2025-06-14,0,0.0
EXP001_checkout_redesign,C111611,treatment,2025-06-19,0,0.0
EXP001_checkout_redesign,C109222,treatment,2025-06-01,0,0.0
EXP001_checkout_redesign,C104911,control,2025-06-23,0,0.0
EXP001_checkout_redesign,C107780,treatment,2025-06-27,0,0.0
EXP001_checkout_redesign,C100272,control,2025-06-12,0,0.0
EXP001_checkout_redesign,C106035,treatment,2025-06-14,0,0.0
EXP001_checkout_redesign,C105427,control,2025-06-15,0,0.0
EXP001_checkout_redesign,C111039,control,2025-06-07,0,0.0
EXP001_checkout_redesign,C101795,control,2025-06-04,0,0.0
EXP001_checkout_redesign,C106824,treatment,2025-06-14,0,0.0
EXP001_checkout_redesign,C109563,control,2025-06-18,0,0.0
EXP001_checkout_redesign,C105040,treatment,2025-06-16,0,0.0
EXP001_checkout_redesign,C111883,treatment,2025-06-26,1,1157.58
EXP001_checkout_redesign,C111272,control,2025-06-14,0,0.0
EXP001_checkout_redesign,C110309,control,2025-06-21,0,0.0
EXP001_checkout_redesign,C112679,treatment,2025-06-11,0,0.0
EXP001_checkout_redesign,C109779,control,2025-06-27,0,0.0
EXP001_checkout_redesign,C107775,control,2025-06-25,0,0.0
EXP001_checkout_redesign,C104350,treatment,2025-06-06,0,0.0
EXP001_checkout_redesign,C110741,control,2025-06-15,0,0.0
EXP001_checkout_redesign,C109477,control,2025-06-10,0,0.0
EXP001_checkout_redesign,C109463,control,2025-06-30,0,0.0
EXP001_checkout_redesign,C114394,control,2025-06-12,0,0.0
EXP001_checkout_redesign,C111819,treatment,2025-06-09,0,0.0
EXP001_checkout_redesign,C113848,control,2025-06-28,1,4323.53
EXP001_checkout_redesign,C114842,treatment,2025-06-17,0,0.0
EXP001_checkout_redesign,C107871,treatment,2025-06-18,0,0.0
EXP001_checkout_redesign,C102793,treatment,2025-06-11,0,0.0
EXP001_checkout_redesign,C108589,control,2025-06-06,0,0.0
EXP001_checkout_redesign,C110305,treatment,2025-06-19,0,0.0
EXP001_checkout_redesign,C112737,treatment,2025-06-02,1,4840.15
EXP001_checkout_redesign,C113476,control,2025-06-22,0,0.0
EXP001_checkout_redesign,C113559,treatment,2025-06-23,0,0.0
EXP001_checkout_redesign,C102421,control,2025-06-20,1,3977.43
EXP001_checkout_redesign,C111153,control,2025-06-13,0,0.0
EXP001_checkout_redesign,C103968,treatment,2025-06-29,0,0.0
EXP001_checkout_redesign,C100517,control,2025-06-26,0,0.0
EXP001_checkout_redesign,C109380,treatment,2025-06-09,0,0.0
EXP001_checkout_redesign,C111477,control,2025-06-27,0,0.0
EXP001_checkout_redesign,C101800,treatment,2025-06-12,0,0.0
EXP001_checkout_redesign,C103125,treatment,2025-06-16,0,0.0
EXP001_checkout_redesign,C100310,control,2025-06-29,1,4360.92
EXP001_checkout_redesign,C107225,treatment,2025-06-19,0,0.0
EXP001_checkout_redesign,C114360,treatment,2025-06-02,0,0.0
EXP001_checkout_redesign,C106861,control,2025-06-16,0,0.0
EXP001_checkout_redesign,C102481,control,2025-06-27,0,0.0
EXP001_checkout_redesign,C106765,control,2025-06-30,0,0.0
EXP001_checkout_redesign,C111313,treatment,2025-06-05,0,0.0
EXP001_checkout_redesign,C103340,control,2025-06-28,0,0.0
EXP001_checkout_redesign,C106723,treatment,2025-06-25,1,2581.23
EXP001_checkout_redesign,C113376,control,2025-06-17,1,5624.99
EXP001_checkout_redesign,C110018,treatment,2025-06-06,0,0.0
EXP001_checkout_redesign,C107726,control,2025-06-24,0,0.0
EXP001_checkout_redesign,C112055,treatment,2025-06-07,0,0.0
EXP001_checkout_redesign,C113243,control,2025-06-06,0,0.0
EXP001_checkout_redesign,C114162,control,2025-06-03,0,0.0
EXP001_checkout_redesign,C111563,control,2025-06-25,0,0.0
EXP001_checkout_redesign,C102262,control,2025-06-21,0,0.0
EXP001_checkout_redesign,C108498,control,2025-06-15,0,0.0
EXP001_checkout_redesign,C103397,control,2025-06-28,0,0.0
EXP001_checkout_redesign,C114467,treatment,2025-06-16,0,0.0
EXP001_checkout_redesign,C113957,control,2025-06-17,0,0.0
EXP001_checkout_redesign,C110849,control,2025-06-09,1,3461.36
EXP001_checkout_redesign,C107837,control,2025-06-26,0,0.0
EXP001_checkout_redesign,C108609,control,2025-06-09,0,0.0
EXP001_checkout_redesign,C106173,treatment,2025-06-17,0,0.0
EXP001_checkout_redesign,C105140,control,2025-06-29,0,0.0
EXP001_checkout_redesign,C102837,treatment,2025-06-07,0,0.0
EXP001_checkout_redesign,C107531,treatment,2025-06-25,0,0.0
EXP001_checkout_redesign,C108734,control,2025-06-02,0,0.0
EXP001_checkout_redesign,C105608,treatment,2025-06-26,1,3216.68
EXP001_checkout_redesign,C108950,treatment,2025-06-06,0,0.0
EXP001_checkout_redesign,C114676,control,2025-06-10,0,0.0
EXP001_checkout_redesign,C111073,control,2025-06-17,1,1532.28
EXP001_checkout_redesign,C113406,treatment,2025-06-14,0,0.0
EXP001_checkout_redesign,C112120,treatment,2025-06-03,0,0.0
EXP001_checkout_redesign,C110539,treatment,2025-06-27,0,0.0
EXP001_checkout_redesign,C111359,treatment,2025-06-16,1,3601.21
EXP001_checkout_redesign,C104331,treatment,2025-06-16,0,0.0
EXP001_checkout_redesign,C113328,control,2025-06-05,0,0.0
EXP001_checkout_redesign,C107932,control,2025-06-16,1,2533.93
EXP001_checkout_redesign,C114923,control,2025-06-23,0,0.0
EXP001_checkout_redesign,C104038,treatment,2025-06-27,0,0.0
EXP001_checkout_redesign,C104571,treatment,2025-06-05,0,0.0
EXP001_checkout_redesign,C113827,treatment,2025-06-24,0,0.0
EXP001_checkout_redesign,C104890,treatment,2025-06-05,0,0.0
EXP001_checkout_redesign,C103684,control,2025-06-06,0,0.0
EXP001_checkout_redesign,C104876,control,2025-06-18,0,0.0
EXP001_checkout_redesign,C104735,treatment,2025-06-12,0,0.0
EXP001_checkout_redesign,C111549,control,2025-06-21,0,0.0
EXP001_checkout_redesign,C103396,control,2025-06-07,1,1079.22
EXP001_checkout_redesign,C111308,treatment,2025-06-17,0,0.0
EXP001_checkout_redesign,C111550,treatment,2025-06-10,0,0.0
EXP001_checkout_redesign,C108011,treatment,2025-06-09,0,0.0
EXP001_checkout_redesign,C112372,control,2025-06-09,0,0.0
EXP001_checkout_redesign,C107861,control,2025-06-24,0,0.0
EXP001_checkout_redesign,C105714,treatment,2025-06-11,1,1177.17
EXP001_checkout_redesign,C109183,control,2025-06-25,0,0.0
EXP001_checkout_redesign,C111823,treatment,2025-06-14,0,0.0
EXP001_checkout_redesign,C104480,control,2025-06-05,0,0.0
EXP001_checkout_redesign,C104715,control,2025-06-07,0,0.0
EXP001_checkout_redesign,C112635,control,2025-06-17,0,0.0
EXP001_checkout_redesign,C109395,treatment,2025-06-23,0,0.0
EXP001_checkout_redesign,C111085,treatment,2025-06-09,0,0.0
EXP001_checkout_redesign,C108899,treatment,2025-06-19,1,5375.18
EXP001_checkout_redesign,C106220,control,2025-06-25,0,0.0
EXP001_checkout_redesign,C113351,treatment,2025-06-21,0,0.0
EXP001_checkout_redesign,C113584,control,2025-06-13,0,0.0
EXP001_checkout_redesign,C112916,control,2025-06-09,0,0.0
EXP001_checkout_redesign,C104758,treatment,2025-06-13,0,0.0
EXP001_checkout_redesign,C100689,control,2025-06-14,0,0.0
EXP001_checkout_redesign,C113106,control,2025-06-08,0,0.0
EXP001_checkout_redesign,C111700,control,2025-06-14,0,0.0
EXP001_checkout_redesign,C101294,control,2025-06-13,0,0.0
EXP001_checkout_redesign,C105674,control,2025-06-27,0,0.0
EXP001_checkout_redesign,C107247,treatment,2025-06-23,0,0.0
EXP001_checkout_redesign,C110747,treatment,2025-06-10,0,0.0
EXP001_checkout_redesign,C104201,treatment,2025-06-22,0,0.0
EXP001_checkout_redesign,C107849,control,2025-06-02,0,0.0
EXP001_checkout_redesign,C114170,treatment,2025-06-12,0,0.0
EXP001_checkout_redesign,C103310,control,2025-06-16,0,0.0
EXP001_checkout_redesign,C113586,control,2025-06-07,0,0.0
EXP001_checkout_redesign,C104442,control,2025-06-02,0,0.0
EXP001_checkout_redesign,C109208,control,2025-06-16,0,0.0
EXP001_checkout_redesign,C111406,treatment,2025-06-22,0,0.0
EXP001_checkout_redesign,C104450,control,2025-06-06,0,0.0
EXP001_checkout_redesign,C102249,treatment,2025-06-16,0,0.0
EXP001_checkout_redesign,C101789,treatment,2025-06-25,0,0.0
EXP001_checkout_redesign,C110087,treatment,2025-06-13,0,0.0
EXP001_checkout_redesign,C109614,treatment,2025-06-10,0,0.0
EXP001_checkout_redesign,C113640,control,2025-06-27,0,0.0
EXP001_checkout_redesign,C103972,control,2025-06-20,1,3607.83
EXP001_checkout_redesign,C100831,control,2025-06-09,0,0.0
EXP001_checkout_redesign,C110974,control,2025-06-02,0,0.0
EXP001_checkout_redesign,C108700,treatment,2025-06-21,0,0.0
EXP001_checkout_redesign,C113820,control,2025-06-16,0,0.0
EXP001_checkout_redesign,C110452,control,2025-06-03,0,0.0
EXP001_checkout_redesign,C114913,control,2025-06-22,0,0.0
EXP001_checkout_redesign,C100860,control,2025-06-02,0,0.0
EXP001_checkout_redesign,C101641,treatment,2025-06-29,0,0.0
EXP001_checkout_redesign,C106771,control,2025-06-10,0,0.0
EXP001_checkout_redesign,C105411,control,2025-06-25,0,0.0
EXP001_checkout_redesign,C111753,treatment,2025-06-20,1,2320.49
EXP001_checkout_redesign,C107739,control,2025-06-23,1,3154.24
EXP001_checkout_redesign,C113879,control,2025-06-05,0,0.0
EXP001_checkout_redesign,C111160,control,2025-06-08,0,0.0
EXP001_checkout_redesign,C102252,control,2025-06-12,0,0.0
EXP001_checkout_redesign,C100084,treatment,2025-06-04,0,0.0
EXP001_checkout_redesign,C114641,treatment,2025-06-14,0,0.0
EXP001_checkout_redesign,C102587,control,2025-06-23,0,0.0
EXP001_checkout_redesign,C106666,control,2025-06-27,0,0.0
EXP001_checkout_redesign,C110696,treatment,2025-06-15,1,5229.35
EXP001_checkout_redesign,C107793,control,2025-06-21,0,0.0
EXP001_checkout_redesign,C107822,control,2025-06-03,0,0.0
EXP001_checkout_redesign,C110658,control,2025-06-24,1,1372.07
EXP001_checkout_redesign,C103267,treatment,2025-06-22,0,0.0
EXP001_checkout_redesign,C104706,treatment,2025-06-15,0,0.0
EXP001_checkout_redesign,C112510,treatment,2025-06-04,0,0.0
EXP001_checkout_redesign,C104676,treatment,2025-06-15,0,0.0
EXP001_checkout_redesign,C114023,treatment,2025-06-25,0,0.0
EXP001_checkout_redesign,C100969,treatment,2025-06-09,0,0.0
EXP001_checkout_redesign,C101465,control,2025-06-18,0,0.0
EXP001_checkout_redesign,C110687,control,2025-06-26,0,0.0
EXP001_checkout_redesign,C113087,treatment,2025-06-13,0,0.0
EXP001_checkout_redesign,C113470,treatment,2025-06-09,0,0.0
EXP001_checkout_redesign,C108767,control,2025-06-04,0,0.0
EXP001_checkout_redesign,C111847,treatment,2025-06-25,0,0.0
EXP001_checkout_redesign,C100611,treatment,2025-06-13,0,0.0
EXP001_checkout_redesign,C112568,treatment,2025-06-10,0,0.0
EXP001_checkout_redesign,C106846,control,2025-06-08,1,2671.91
EXP001_checkout_redesign,C102880,treatment,2025-06-14,0,0.0
EXP001_checkout_redesign,C100595,control,2025-06-16,0,0.0
EXP001_checkout_redesign,C106504,control,2025-06-26,0,0.0
EXP001_checkout_redesign,C108116,control,2025-06-30,0,0.0
EXP001_checkout_redesign,C103052,control,2025-06-19,1,1848.89
EXP001_checkout_redesign,C113927,control,2025-06-30,0,0.0
EXP001_checkout_redesign,C100613,control,2025-06-26,0,0.0
EXP001_checkout_redesign,C100151,treatment,2025-06-07,0,0.0
EXP001_checkout_redesign,C104888,treatment,2025-06-12,0,0.0
EXP001_checkout_redesign,C109305,control,2025-06-13,0,0.0
EXP001_checkout_redesign,C109875,treatment,2025-06-15,0,0.0
EXP001_checkout_redesign,C101758,treatment,2025-06-15,0,0.0
EXP001_checkout_redesign,C105489,treatment,2025-06-18,0,0.0
EXP001_checkout_redesign,C104662,treatment,2025-06-02,0,0.0
EXP001_checkout_redesign,C107444,treatment,2025-06-14,0,0.0
EXP001_checkout_redesign,C110507,treatment,2025-06-20,0,0.0
EXP001_checkout_redesign,C108901,treatment,2025-06-26,0,0.0
EXP001_checkout_redesign,C108590,control,2025-06-07,0,0.0
EXP001_checkout_redesign,C108092,treatment,2025-06-20,0,0.0
EXP001_checkout_redesign,C102198,treatment,2025-06-02,1,2299.34
EXP001_checkout_redesign,C112202,control,2025-06-28,0,0.0
EXP001_checkout_redesign,C114819,control,2025-06-02,0,0.0
EXP001_checkout_redesign,C104470,control,2025-06-05,0,0.0
EXP001_checkout_redesign,C103159,treatment,2025-06-03,0,0.0
EXP001_checkout_redesign,C101845,control,2025-06-03,0,0.0
EXP001_checkout_redesign,C105417,control,2025-06-01,1,5686.66
EXP001_checkout_redesign,C112165,control,2025-06-19,0,0.0
EXP001_checkout_redesign,C107518,control,2025-06-20,0,0.0
EXP001_checkout_redesign,C110621,treatment,2025-06-12,0,0.0
EXP001_checkout_redesign,C104215,treatment,2025-06-22,1,939.39
EXP001_checkout_redesign,C111773,treatment,2025-06-27,0,0.0
EXP001_checkout_redesign,C103050,control,2025-06-06,0,0.0
EXP001_checkout_redesign,C100230,treatment,2025-06-28,0,0.0
EXP001_checkout_redesign,C105523,treatment,2025-06-21,0,0.0
EXP001_checkout_redesign,C104833,treatment,2025-06-20,0,0.0
EXP001_checkout_redesign,C109302,treatment,2025-06-06,0,0.0
EXP001_checkout_redesign,C113358,treatment,2025-06-13,0,0.0
EXP001_checkout_redesign,C114390,treatment,2025-06-29,0,0.0
EXP001_checkout_redesign,C102875,treatment,2025-06-21,0,0.0
EXP001_checkout_redesign,C110009,control,2025-06-10,0,0.0
EXP001_checkout_redesign,C110464,control,2025-06-01,1,2531.26
EXP001_checkout_redesign,C106643,treatment,2025-06-16,0,0.0
EXP001_checkout_redesign,C114468,treatment,2025-06-14,0,0.0
EXP001_checkout_redesign,C108442,control,2025-06-28,0,0.0
EXP001_checkout_redesign,C112507,treatment,2025-06-18,0,0.0
EXP001_checkout_redesign,C101421,treatment,2025-06-14,1,1527.73
EXP001_checkout_redesign,C106567,treatment,2025-06-25,0,0.0
EXP001_checkout_redesign,C110965,control,2025-06-10,0,0.0
EXP001_checkout_redesign,C101562,control,2025-06-20,0,0.0
EXP001_checkout_redesign,C103027,control,2025-06-22,0,0.0
EXP001_checkout_redesign,C102303,treatment,2025-06-05,0,0.0
EXP001_checkout_redesign,C112001,control,2025-06-02,0,0.0
EXP001_checkout_redesign,C105301,treatment,2025-06-17,0,0.0
EXP001_checkout_redesign,C104064,control,2025-06-01,0,0.0
EXP001_checkout_redesign,C100111,control,2025-06-01,0,0.0
EXP001_checkout_redesign,C114560,control,2025-06-06,0,0.0
EXP001_checkout_redesign,C113612,control,2025-06-26,0,0.0
EXP001_checkout_redesign,C103858,control,2025-06-07,0,0.0
EXP001_checkout_redesign,C107319,treatment,2025-06-07,0,0.0
EXP001_checkout_redesign,C114899,treatment,2025-06-25,0,0.0
EXP001_checkout_redesign,C114661,treatment,2025-06-16,1,1334.18
EXP001_checkout_redesign,C104947,treatment,2025-06-19,1,4375.76
EXP001_checkout_redesign,C114457,treatment,2025-06-30,0,0.0
EXP001_checkout_redesign,C111843,control,2025-06-09,0,0.0
EXP001_checkout_redesign,C109386,control,2025-06-01,0,0.0
EXP001_checkout_redesign,C100187,treatment,2025-06-18,0,0.0
EXP001_checkout_redesign,C104285,treatment,2025-06-07,0,0.0
EXP001_checkout_redesign,C110709,treatment,2025-06-28,0,0.0
EXP001_checkout_redesign,C105890,treatment,2025-06-18,1,3121.46
EXP001_checkout_redesign,C111350,control,2025-06-10,0,0.0
EXP001_checkout_redesign,C112918,control,2025-06-27,0,0.0
EXP001_checkout_redesign,C101017,treatment,2025-06-20,0,0.0
EXP001_checkout_redesign,C112416,treatment,2025-06-02,0,0.0
EXP001_checkout_redesign,C101936,control,2025-06-11,0,0.0
EXP001_checkout_redesign,C107625,control,2025-06-18,0,0.0
EXP001_checkout_redesign,C105026,treatment,2025-06-11,0,0.0
EXP001_checkout_redesign,C114050,control,2025-06-14,0,0.0
EXP001_checkout_redesign,C106642,treatment,2025-06-13,0,0.0
EXP001_checkout_redesign,C111240,control,2025-06-01,0,0.0
EXP001_checkout_redesign,C108233,treatment,2025-06-25,0,0.0
EXP001_checkout_redesign,C111527,control,2025-06-10,0,0.0
EXP001_checkout_redesign,C105095,treatment,2025-06-15,0,0.0
EXP001_checkout_redesign,C113287,control,2025-06-19,0,0.0
EXP001_checkout_redesign,C101923,treatment,2025-06-29,0,0.0
EXP001_checkout_redesign,C111944,control,2025-06-17,0,0.0
EXP001_checkout_redesign,C111950,control,2025-06-10,0,0.0
EXP001_checkout_redesign,C106021,treatment,2025-06-22,0,0.0
EXP001_checkout_redesign,C110070,treatment,2025-06-08,0,0.0
EXP001_checkout_redesign,C103618,treatment,2025-06-23,0,0.0
EXP001_checkout_redesign,C103590,control,2025-06-07,0,0.0
EXP001_checkout_redesign,C102188,control,2025-06-18,0,0.0
EXP001_checkout_redesign,C107834,treatment,2025-06-27,0,0.0
EXP001_checkout_redesign,C102509,treatment,2025-06-04,0,0.0
EXP001_checkout_redesign,C114615,treatment,2025-06-06,0,0.0
EXP001_checkout_redesign,C109924,control,2025-06-02,0,0.0
EXP001_checkout_redesign,C106121,treatment,2025-06-13,0,0.0
EXP001_checkout_redesign,C106813,treatment,2025-06-21,1,3401.68
EXP001_checkout_redesign,C111500,control,2025-06-12,0,0.0
EXP001_checkout_redesign,C113651,treatment,2025-06-05,0,0.0
EXP001_checkout_redesign,C107714,control,2025-06-19,0,0.0
EXP001_checkout_redesign,C108806,control,2025-06-02,0,0.0
EXP001_checkout_redesign,C110880,control,2025-06-11,0,0.0
EXP001_checkout_redesign,C103578,treatment,2025-06-23,0,0.0
EXP001_checkout_redesign,C104054,control,2025-06-08,0,0.0
EXP001_checkout_redesign,C111146,control,2025-06-04,0,0.0
EXP001_checkout_redesign,C109761,treatment,2025-06-04,1,2940.88
EXP001_checkout_redesign,C114086,control,2025-06-11,1,1230.48
EXP001_checkout_redesign,C112090,control,2025-06-14,0,0.0
EXP001_checkout_redesign,C111926,treatment,2025-06-09,0,0.0
EXP001_checkout_redesign,C108653,control,2025-06-20,0,0.0
EXP001_checkout_redesign,C111530,treatment,2025-06-26,0,0.0
EXP001_checkout_redesign,C113661,control,2025-06-14,0,0.0
EXP001_checkout_redesign,C101279,control,2025-06-28,0,0.0
EXP001_checkout_redesign,C109243,treatment,2025-06-03,1,1392.19
EXP001_checkout_redesign,C101838,control,2025-06-27,0,0.0
EXP001_checkout_redesign,C101011,treatment,2025-06-13,0,0.0
EXP001_checkout_redesign,C108972,treatment,2025-06-14,0,0.0
EXP001_checkout_redesign,C112238,control,2025-06-17,0,0.0
EXP001_checkout_redesign,C103312,treatment,2025-06-03,0,0.0
EXP001_checkout_redesign,C109383,control,2025-06-15,0,0.0
EXP001_checkout_redesign,C108792,control,2025-06-21,0,0.0
EXP001_checkout_redesign,C102455,treatment,2025-06-29,0,0.0
EXP001_checkout_redesign,C113374,control,2025-06-02,0,0.0
EXP001_checkout_redesign,C112990,control,2025-06-21,1,5418.77
EXP001_checkout_redesign,C108525,control,2025-06-25,0,0.0
EXP001_checkout_redesign,C114471,control,2025-06-10,0,0.0
EXP001_checkout_redesign,C101904,control,2025-06-27,1,1416.85
EXP001_checkout_redesign,C114813,control,2025-06-22,0,0.0
EXP001_checkout_redesign,C103365,control,2025-06-15,0,0.0
EXP001_checkout_redesign,C111745,treatment,2025-06-19,0,0.0
EXP001_checkout_redesign,C113472,control,2025-06-21,0,0.0
EXP001_checkout_redesign,C108008,treatment,2025-06-12,1,1860.38
EXP001_checkout_redesign,C114835,treatment,2025-06-17,1,1148.13
EXP001_checkout_redesign,C108361,treatment,2025-06-16,1,4221.23
EXP001_checkout_redesign,C107298,control,2025-06-08,1,3777.03
EXP001_checkout_redesign,C100911,treatment,2025-06-25,1,5097.27
EXP001_checkout_redesign,C107429,control,2025-06-05,0,0.0
EXP001_checkout_redesign,C102161,treatment,2025-06-25,1,1506.28
EXP001_checkout_redesign,C108409,treatment,2025-06-24,0,0.0
EXP001_checkout_redesign,C106806,control,2025-06-15,0,0.0
EXP001_checkout_redesign,C113558,treatment,2025-06-08,1,2057.04
EXP001_checkout_redesign,C109239,treatment,2025-06-18,0,0.0
EXP001_checkout_redesign,C100945,control,2025-06-21,0,0.0
EXP001_checkout_redesign,C109155,control,2025-06-28,0,0.0
EXP001_checkout_redesign,C107575,control,2025-06-08,0,0.0
EXP001_checkout_redesign,C111022,control,2025-06-19,1,4221.87
EXP001_checkout_redesign,C105049,treatment,2025-06-17,0,0.0
EXP001_checkout_redesign,C100356,control,2025-06-30,0,0.0
EXP001_checkout_redesign,C106487,control,2025-06-27,0,0.0
EXP001_checkout_redesign,C104169,treatment,2025-06-04,0,0.0
EXP001_checkout_redesign,C100049,treatment,2025-06-04,0,0.0
EXP001_checkout_redesign,C103570,treatment,2025-06-26,0,0.0
EXP001_checkout_redesign,C109475,control,2025-06-20,0,0.0
EXP001_checkout_redesign,C101196,control,2025-06-20,0,0.0
EXP001_checkout_redesign,C112180,treatment,2025-06-09,0,0.0
EXP001_checkout_redesign,C106941,treatment,2025-06-27,0,0.0
EXP001_checkout_redesign,C112365,control,2025-06-14,1,2937.39
EXP001_checkout_redesign,C111475,control,2025-06-01,0,0.0
EXP001_checkout_redesign,C101044,control,2025-06-09,0,0.0
EXP001_checkout_redesign,C108866,treatment,2025-06-23,0,0.0
EXP001_checkout_redesign,C100987,treatment,2025-06-13,0,0.0
EXP001_checkout_redesign,C101130,treatment,2025-06-30,0,0.0
EXP001_checkout_redesign,C107734,control,2025-06-21,0,0.0
EXP001_checkout_redesign,C100519,control,2025-06-18,0,0.0
EXP001_checkout_redesign,C112869,treatment,2025-06-30,0,0.0
EXP001_checkout_redesign,C106698,treatment,2025-06-10,0,0.0
EXP001_checkout_redesign,C102948,control,2025-06-28,0,0.0
EXP001_checkout_redesign,C102218,treatment,2025-06-26,0,0.0
EXP001_checkout_redesign,C114381,control,2025-06-26,1,4326.32
EXP001_checkout_redesign,C111995,control,2025-06-04,0,0.0
EXP001_checkout_redesign,C106887,control,2025-06-27,0,0.0
EXP001_checkout_redesign,C106135,control,2025-06-15,0,0.0
EXP001_checkout_redesign,C106266,treatment,2025-06-04,0,0.0
EXP001_checkout_redesign,C107348,control,2025-06-20,0,0.0
EXP001_checkout_redesign,C106184,treatment,2025-06-11,0,0.0
EXP001_checkout_redesign,C106154,treatment,2025-06-12,0,0.0
EXP001_checkout_redesign,C101314,control,2025-06-13,0,0.0
EXP001_checkout_redesign,C111185,treatment,2025-06-02,0,0.0
EXP001_checkout_redesign,C110842,treatment,2025-06-08,0,0.0
EXP001_checkout_redesign,C114735,treatment,2025-06-04,0,0.0
EXP001_checkout_redesign,C102178,treatment,2025-06-09,1,4647.98
EXP001_checkout_redesign,C110707,treatment,2025-06-02,0,0.0
EXP001_checkout_redesign,C105697,control,2025-06-23,0,0.0
EXP001_checkout_redesign,C101943,treatment,2025-06-05,0,0.0
EXP001_checkout_redesign,C102924,control,2025-06-05,0,0.0
EXP001_checkout_redesign,C108802,treatment,2025-06-23,0,0.0
EXP001_checkout_redesign,C106439,control,2025-06-04,0,0.0
EXP001_checkout_redesign,C108664,treatment,2025-06-19,0,0.0
EXP001_checkout_redesign,C102086,treatment,2025-06-09,0,0.0
EXP001_checkout_redesign,C103648,treatment,2025-06-12,1,3839.26
EXP001_checkout_redesign,C100056,control,2025-06-03,0,0.0
EXP001_checkout_redesign,C100372,control,2025-06-05,0,0.0
EXP001_checkout_redesign,C111976,treatment,2025-06-02,0,0.0
EXP001_checkout_redesign,C107585,control,2025-06-23,0,0.0
EXP001_checkout_redesign,C111034,control,2025-06-13,0,0.0
EXP001_checkout_redesign,C111781,treatment,2025-06-28,0,0.0
EXP001_checkout_redesign,C113277,control,2025-06-27,0,0.0
EXP001_checkout_redesign,C106948,treatment,2025-06-07,0,0.0
EXP001_checkout_redesign,C108715,control,2025-06-28,0,0.0
EXP001_checkout_redesign,C106214,control,2025-06-21,0,0.0
EXP001_checkout_redesign,C103762,control,2025-06-08,1,4063.27
EXP001_checkout_redesign,C104055,control,2025-06-25,0,0.0
EXP001_checkout_redesign,C107546,treatment,2025-06-29,0,0.0
EXP001_checkout_redesign,C105671,control,2025-06-20,0,0.0
EXP001_checkout_redesign,C102541,control,2025-06-11,1,2452.41
EXP001_checkout_redesign,C104516,treatment,2025-06-12,0,0.0
EXP001_checkout_redesign,C103088,treatment,2025-06-18,0,0.0
EXP001_checkout_redesign,C101848,treatment,2025-06-18,0,0.0
EXP001_checkout_redesign,C100527,treatment,2025-06-27,1,5544.8
EXP001_checkout_redesign,C110816,control,2025-06-29,0,0.0
EXP001_checkout_redesign,C114566,control,2025-06-16,0,0.0
EXP001_checkout_redesign,C110074,control,2025-06-20,0,0.0
EXP001_checkout_redesign,C100256,treatment,2025-06-22,0,0.0
EXP001_checkout_redesign,C103943,treatment,2025-06-06,0,0.0
EXP001_checkout_redesign,C103376,control,2025-06-18,0,0.0
EXP001_checkout_redesign,C101102,treatment,2025-06-17,0,0.0
EXP001_checkout_redesign,C101653,treatment,2025-06-18,0,0.0
EXP001_checkout_redesign,C109731,control,2025-06-24,1,3746.47
EXP001_checkout_redesign,C100550,control,2025-06-21,0,0.0
EXP001_checkout_redesign,C107314,treatment,2025-06-03,0,0.0
EXP001_checkout_redesign,C109794,treatment,2025-06-09,0,0.0
EXP001_checkout_redesign,C111010,control,2025-06-28,0,0.0
EXP001_checkout_redesign,C111522,control,2025-06-28,0,0.0
EXP001_checkout_redesign,C112232,treatment,2025-06-07,0,0.0
EXP001_checkout_redesign,C104009,control,2025-06-24,1,3316.29
EXP001_checkout_redesign,C100724,control,2025-06-22,0,0.0
EXP001_checkout_redesign,C106590,treatment,2025-06-07,1,2960.93
EXP001_checkout_redesign,C107191,treatment,2025-06-19,0,0.0
EXP001_checkout_redesign,C103839,treatment,2025-06-01,0,0.0
EXP001_checkout_redesign,C112755,control,2025-06-01,1,5507.1
EXP001_checkout_redesign,C113285,treatment,2025-06-01,0,0.0
EXP001_checkout_redesign,C100924,treatment,2025-06-11,0,0.0
EXP001_checkout_redesign,C102295,treatment,2025-06-27,0,0.0
EXP001_checkout_redesign,C108255,treatment,2025-06-28,0,0.0
EXP001_checkout_redesign,C104739,treatment,2025-06-23,1,5069.28
EXP001_checkout_redesign,C103836,control,2025-06-18,0,0.0
EXP001_checkout_redesign,C109438,treatment,2025-06-13,0,0.0
EXP001_checkout_redesign,C105224,treatment,2025-06-28,0,0.0
EXP001_checkout_redesign,C109461,control,2025-06-22,0,0.0
EXP001_checkout_redesign,C109796,treatment,2025-06-30,0,0.0
EXP001_checkout_redesign,C112226,control,2025-06-30,1,2589.45
EXP001_checkout_redesign,C105253,control,2025-06-15,0,0.0
EXP001_checkout_redesign,C103881,treatment,2025-06-17,0,0.0
EXP001_checkout_redesign,C104944,treatment,2025-06-10,0,0.0
EXP001_checkout_redesign,C113062,control,2025-06-08,0,0.0
EXP001_checkout_redesign,C113522,treatment,2025-06-21,0,0.0
EXP001_checkout_redesign,C114192,treatment,2025-06-09,0,0.0
EXP001_checkout_redesign,C103621,treatment,2025-06-19,0,0.0
EXP001_checkout_redesign,C106775,treatment,2025-06-18,0,0.0
EXP001_checkout_redesign,C104923,treatment,2025-06-08,0,0.0
EXP001_checkout_redesign,C104508,control,2025-06-27,0,0.0
EXP001_checkout_redesign,C114597,control,2025-06-05,0,0.0
EXP001_checkout_redesign,C113078,control,2025-06-14,0,0.0
EXP001_checkout_redesign,C109693,control,2025-06-13,1,4877.83
EXP001_checkout_redesign,C102869,control,2025-06-01,0,0.0
EXP001_checkout_redesign,C110256,control,2025-06-11,0,0.0
EXP001_checkout_redesign,C111120,treatment,2025-06-12,0,0.0
EXP001_checkout_redesign,C106999,treatment,2025-06-06,0,0.0
EXP001_checkout_redesign,C109107,control,2025-06-12,0,0.0
EXP001_checkout_redesign,C108120,control,2025-06-03,0,0.0
EXP001_checkout_redesign,C100768,treatment,2025-06-08,0,0.0
EXP001_checkout_redesign,C105642,treatment,2025-06-29,0,0.0
EXP001_checkout_redesign,C113193,treatment,2025-06-22,0,0.0
EXP001_checkout_redesign,C110999,control,2025-06-02,0,0.0
EXP001_checkout_redesign,C106244,control,2025-06-06,0,0.0
EXP001_checkout_redesign,C108592,treatment,2025-06-03,0,0.0
EXP001_checkout_redesign,C105222,control,2025-06-07,0,0.0
EXP001_checkout_redesign,C111408,control,2025-06-16,0,0.0
EXP001_checkout_redesign,C106821,treatment,2025-06-17,1,3899.64
EXP001_checkout_redesign,C106688,treatment,2025-06-12,0,0.0
EXP001_checkout_redesign,C113834,treatment,2025-06-15,0,0.0
EXP001_checkout_redesign,C104913,control,2025-06-14,0,0.0
EXP001_checkout_redesign,C106167,treatment,2025-06-01,0,0.0
EXP001_checkout_redesign,C103012,control,2025-06-26,0,0.0
EXP001_checkout_redesign,C108813,treatment,2025-06-12,0,0.0
EXP001_checkout_redesign,C114063,treatment,2025-06-20,0,0.0
EXP001_checkout_redesign,C103948,treatment,2025-06-23,0,0.0
EXP001_checkout_redesign,C103692,treatment,2025-06-20,0,0.0
EXP001_checkout_redesign,C104927,control,2025-06-14,0,0.0
EXP001_checkout_redesign,C111592,treatment,2025-06-16,0,0.0
EXP001_checkout_redesign,C102365,treatment,2025-06-25,0,0.0
EXP001_checkout_redesign,C107586,treatment,2025-06-15,0,0.0
EXP001_checkout_redesign,C100944,control,2025-06-08,1,3000.32
EXP001_checkout_redesign,C109214,treatment,2025-06-21,0,0.0
EXP001_checkout_redesign,C106761,control,2025-06-01,0,0.0
EXP001_checkout_redesign,C112145,treatment,2025-06-13,1,2317.0
EXP001_checkout_redesign,C109130,control,2025-06-30,0,0.0
EXP001_checkout_redesign,C108683,control,2025-06-03,0,0.0
EXP001_checkout_redesign,C102196,control,2025-06-24,0,0.0
EXP001_checkout_redesign,C106363,control,2025-06-12,0,0.0
EXP001_checkout_redesign,C114028,control,2025-06-07,0,0.0
EXP001_checkout_redesign,C104177,control,2025-06-08,1,3499.33
EXP001_checkout_redesign,C103331,treatment,2025-06-17,0,0.0
EXP001_checkout_redesign,C112013,control,2025-06-18,0,0.0
EXP001_checkout_redesign,C110595,control,2025-06-10,0,0.0
EXP001_checkout_redesign,C101295,treatment,2025-06-15,1,1524.66
EXP001_checkout_redesign,C107369,control,2025-06-23,0,0.0
EXP001_checkout_redesign,C106079,control,2025-06-21,0,0.0
EXP001_checkout_redesign,C101514,treatment,2025-06-21,0,0.0
EXP001_checkout_redesign,C108775,treatment,2025-06-28,0,0.0
EXP001_checkout_redesign,C103120,treatment,2025-06-29,1,1174.25
EXP001_checkout_redesign,C100844,treatment,2025-06-10,0,0.0
EXP001_checkout_redesign,C104398,control,2025-06-09,0,0.0
EXP001_checkout_redesign,C106179,control,2025-06-01,0,0.0
EXP001_checkout_redesign,C111037,control,2025-06-21,0,0.0
EXP001_checkout_redesign,C109911,treatment,2025-06-23,0,0.0
EXP001_checkout_redesign,C109878,treatment,2025-06-05,0,0.0
EXP001_checkout_redesign,C100647,treatment,2025-06-15,0,0.0
EXP001_checkout_redesign,C101192,treatment,2025-06-14,0,0.0
EXP001_checkout_redesign,C103082,control,2025-06-26,0,0.0
EXP001_checkout_redesign,C113453,treatment,2025-06-11,1,3266.19
EXP001_checkout_redesign,C111001,treatment,2025-06-23,0,0.0
EXP001_checkout_redesign,C109156,control,2025-06-17,0,0.0
EXP001_checkout_redesign,C103555,treatment,2025-06-21,1,2295.36
EXP001_checkout_redesign,C107854,treatment,2025-06-14,0,0.0
EXP001_checkout_redesign,C103422,control,2025-06-30,0,0.0
EXP001_checkout_redesign,C105455,treatment,2025-06-06,0,0.0
EXP001_checkout_redesign,C104967,treatment,2025-06-22,1,4822.47
EXP001_checkout_redesign,C113544,control,2025-06-04,0,0.0
EXP001_checkout_redesign,C114736,treatment,2025-06-13,0,0.0
EXP001_checkout_redesign,C103113,treatment,2025-06-21,0,0.0
EXP001_checkout_redesign,C101922,control,2025-06-24,0,0.0
EXP001_checkout_redesign,C107846,control,2025-06-22,0,0.0
EXP001_checkout_redesign,C103974,treatment,2025-06-17,0,0.0
EXP001_checkout_redesign,C111397,control,2025-06-21,0,0.0
EXP001_checkout_redesign,C109902,control,2025-06-12,0,0.0
EXP001_checkout_redesign,C111874,treatment,2025-06-23,1,5035.94
EXP001_checkout_redesign,C103350,treatment,2025-06-12,0,0.0
EXP001_checkout_redesign,C114672,treatment,2025-06-24,1,5378.99
EXP001_checkout_redesign,C103921,treatment,2025-06-30,0,0.0
EXP001_checkout_redesign,C109045,control,2025-06-04,0,0.0
EXP001_checkout_redesign,C105269,control,2025-06-02,0,0.0
EXP001_checkout_redesign,C104637,treatment,2025-06-20,0,0.0
EXP001_checkout_redesign,C106236,control,2025-06-06,0,0.0
EXP001_checkout_redesign,C107639,treatment,2025-06-06,0,0.0
EXP001_checkout_redesign,C108743,treatment,2025-06-22,0,0.0
EXP001_checkout_redesign,C110628,control,2025-06-01,0,0.0
EXP001_checkout_redesign,C105886,treatment,2025-06-11,0,0.0
EXP001_checkout_redesign,C113005,treatment,2025-06-23,0,0.0
EXP001_checkout_redesign,C111918,control,2025-06-23,0,0.0
EXP001_checkout_redesign,C105892,treatment,2025-06-29,0,0.0
EXP001_checkout_redesign,C108401,treatment,2025-06-21,0,0.0
EXP001_checkout_redesign,C108147,control,2025-06-29,0,0.0
EXP001_checkout_redesign,C107635,treatment,2025-06-12,0,0.0
EXP001_checkout_redesign,C101615,treatment,2025-06-04,0,0.0
EXP001_checkout_redesign,C113537,treatment,2025-06-28,0,0.0
EXP001_checkout_redesign,C105246,treatment,2025-06-16,1,5777.36
EXP001_checkout_redesign,C103328,treatment,2025-06-27,1,4896.63
EXP001_checkout_redesign,C106073,treatment,2025-06-19,0,0.0
EXP001_checkout_redesign,C105126,control,2025-06-27,0,0.0
EXP001_checkout_redesign,C106781,treatment,2025-06-11,0,0.0
EXP001_checkout_redesign,C100749,treatment,2025-06-11,0,0.0
EXP001_checkout_redesign,C109216,treatment,2025-06-13,0,0.0
EXP001_checkout_redesign,C103625,control,2025-06-13,1,932.18
EXP001_checkout_redesign,C102390,control,2025-06-08,0,0.0
EXP001_checkout_redesign,C100265,treatment,2025-06-11,1,3127.36
EXP001_checkout_redesign,C111929,treatment,2025-06-16,0,0.0
EXP001_checkout_redesign,C109065,treatment,2025-06-13,0,0.0
EXP001_checkout_redesign,C109568,control,2025-06-24,0,0.0
EXP001_checkout_redesign,C109488,control,2025-06-03,0,0.0
EXP001_checkout_redesign,C106841,control,2025-06-27,0,0.0
EXP001_checkout_redesign,C104836,control,2025-06-11,0,0.0
EXP001_checkout_redesign,C102497,treatment,2025-06-21,0,0.0
EXP001_checkout_redesign,C103214,treatment,2025-06-08,0,0.0
EXP001_checkout_redesign,C105404,treatment,2025-06-10,0,0.0
EXP001_checkout_redesign,C103768,control,2025-06-26,0,0.0
EXP001_checkout_redesign,C106223,control,2025-06-30,0,0.0
EXP001_checkout_redesign,C109335,control,2025-06-22,0,0.0
EXP001_checkout_redesign,C104026,treatment,2025-06-18,0,0.0
EXP001_checkout_redesign,C108180,control,2025-06-17,0,0.0
EXP001_checkout_redesign,C109021,treatment,2025-06-07,0,0.0
EXP001_checkout_redesign,C110725,control,2025-06-18,0,0.0
EXP001_checkout_redesign,C111220,control,2025-06-10,0,0.0
EXP001_checkout_redesign,C105530,treatment,2025-06-26,0,0.0
EXP001_checkout_redesign,C104216,control,2025-06-20,0,0.0
EXP001_checkout_redesign,C114769,treatment,2025-06-27,0,0.0
EXP001_checkout_redesign,C113265,control,2025-06-22,0,0.0
EXP001_checkout_redesign,C108037,control,2025-06-13,0,0.0
EXP001_checkout_redesign,C107550,treatment,2025-06-07,1,4956.72
EXP001_checkout_redesign,C102756,control,2025-06-23,0,0.0
EXP001_checkout_redesign,C105770,control,2025-06-07,0,0.0
EXP001_checkout_redesign,C102773,treatment,2025-06-20,0,0.0
EXP001_checkout_redesign,C102293,control,2025-06-11,0,0.0
EXP001_checkout_redesign,C108954,treatment,2025-06-10,0,0.0
EXP001_checkout_redesign,C108000,treatment,2025-06-26,0,0.0
EXP001_checkout_redesign,C103015,treatment,2025-06-12,0,0.0
EXP001_checkout_redesign,C112411,control,2025-06-13,0,0.0
EXP001_checkout_redesign,C110515,treatment,2025-06-12,0,0.0
EXP001_checkout_redesign,C100962,control,2025-06-12,0,0.0
EXP001_checkout_redesign,C112941,treatment,2025-06-06,0,0.0
EXP001_checkout_redesign,C100554,treatment,2025-06-03,0,0.0
EXP001_checkout_redesign,C101217,control,2025-06-08,0,0.0
EXP001_checkout_redesign,C112712,treatment,2025-06-17,0,0.0
EXP001_checkout_redesign,C100794,treatment,2025-06-30,0,0.0
EXP001_checkout_redesign,C100104,treatment,2025-06-13,1,2659.1
EXP001_checkout_redesign,C106756,control,2025-06-08,0,0.0
EXP001_checkout_redesign,C112582,treatment,2025-06-05,0,0.0
EXP001_checkout_redesign,C110333,control,2025-06-24,0,0.0
EXP001_checkout_redesign,C103791,control,2025-06-28,0,0.0
EXP001_checkout_redesign,C114579,control,2025-06-04,0,0.0
EXP001_checkout_redesign,C102474,control,2025-06-16,0,0.0
EXP001_checkout_redesign,C100149,control,2025-06-18,0,0.0
EXP001_checkout_redesign,C103583,treatment,2025-06-04,0,0.0
EXP001_checkout_redesign,C108285,treatment,2025-06-11,0,0.0
EXP001_checkout_redesign,C107471,treatment,2025-06-08,1,5157.52
EXP001_checkout_redesign,C112191,control,2025-06-26,0,0.0
EXP001_checkout_redesign,C100990,treatment,2025-06-01,0,0.0
EXP001_checkout_redesign,C113032,treatment,2025-06-27,0,0.0
EXP001_checkout_redesign,C112404,treatment,2025-06-13,0,0.0
EXP001_checkout_redesign,C110924,control,2025-06-21,0,0.0
EXP001_checkout_redesign,C110101,treatment,2025-06-27,0,0.0
EXP001_checkout_redesign,C113597,treatment,2025-06-22,0,0.0
EXP001_checkout_redesign,C110801,control,2025-06-04,0,0.0
EXP001_checkout_redesign,C107993,treatment,2025-06-04,0,0.0
EXP001_checkout_redesign,C100257,treatment,2025-06-04,0,0.0
EXP001_checkout_redesign,C100108,control,2025-06-13,0,0.0
EXP001_checkout_redesign,C108719,control,2025-06-19,0,0.0
EXP001_checkout_redesign,C112388,control,2025-06-16,0,0.0
EXP001_checkout_redesign,C106739,control,2025-06-28,0,0.0
EXP001_checkout_redesign,C100194,treatment,2025-06-14,0,0.0
EXP001_checkout_redesign,C100274,control,2025-06-10,0,0.0
EXP001_checkout_redesign,C108673,treatment,2025-06-05,1,1331.77
EXP001_checkout_redesign,C104501,control,2025-06-15,0,0.0
EXP001_checkout_redesign,C108777,control,2025-06-06,0,0.0
EXP001_checkout_redesign,C104697,control,2025-06-19,0,0.0
EXP001_checkout_redesign,C100280,treatment,2025-06-14,0,0.0
EXP001_checkout_redesign,C108228,treatment,2025-06-27,0,0.0
EXP001_checkout_redesign,C111433,treatment,2025-06-11,0,0.0
EXP001_checkout_redesign,C111043,treatment,2025-06-03,0,0.0
EXP001_checkout_redesign,C107054,control,2025-06-25,0,0.0
EXP001_checkout_redesign,C102937,control,2025-06-02,0,0.0
EXP001_checkout_redesign,C114505,control,2025-06-06,0,0.0
EXP001_checkout_redesign,C101578,treatment,2025-06-24,0,0.0
EXP001_checkout_redesign,C108591,treatment,2025-06-08,0,0.0
EXP001_checkout_redesign,C102439,control,2025-06-01,0,0.0
EXP001_checkout_redesign,C111708,control,2025-06-30,0,0.0
EXP001_checkout_redesign,C103144,treatment,2025-06-28,0,0.0
EXP001_checkout_redesign,C110154,treatment,2025-06-14,0,0.0
EXP001_checkout_redesign,C108625,control,2025-06-16,1,4259.06
EXP001_checkout_redesign,C113676,control,2025-06-17,0,0.0
EXP001_checkout_redesign,C105807,control,2025-06-08,0,0.0
EXP001_checkout_redesign,C104379,treatment,2025-06-17,0,0.0
EXP001_checkout_redesign,C106502,treatment,2025-06-13,0,0.0
EXP001_checkout_redesign,C112041,control,2025-06-19,0,0.0
EXP001_checkout_redesign,C106112,control,2025-06-09,0,0.0
EXP001_checkout_redesign,C106652,control,2025-06-03,0,0.0
EXP001_checkout_redesign,C107520,treatment,2025-06-18,1,1938.96
EXP001_checkout_redesign,C109256,treatment,2025-06-01,1,3632.56
EXP001_checkout_redesign,C103984,control,2025-06-13,0,0.0
EXP001_checkout_redesign,C114320,control,2025-06-13,0,0.0
EXP001_checkout_redesign,C103700,control,2025-06-12,0,0.0
EXP001_checkout_redesign,C112409,treatment,2025-06-01,0,0.0
EXP001_checkout_redesign,C111207,treatment,2025-06-10,0,0.0
EXP001_checkout_redesign,C114178,treatment,2025-06-19,0,0.0
EXP001_checkout_redesign,C110710,treatment,2025-06-22,0,0.0
EXP001_checkout_redesign,C114726,control,2025-06-07,0,0.0
EXP001_checkout_redesign,C111821,control,2025-06-14,0,0.0
EXP001_checkout_redesign,C112778,treatment,2025-06-06,0,0.0
EXP001_checkout_redesign,C106640,treatment,2025-06-06,0,0.0
EXP001_checkout_redesign,C106213,treatment,2025-06-09,0,0.0
EXP001_checkout_redesign,C111681,control,2025-06-20,0,0.0
EXP001_checkout_redesign,C109055,treatment,2025-06-16,0,0.0
EXP001_checkout_redesign,C107798,control,2025-06-05,0,0.0
EXP001_checkout_redesign,C113494,control,2025-06-15,0,0.0
EXP001_checkout_redesign,C110432,control,2025-06-30,0,0.0
EXP001_checkout_redesign,C100154,treatment,2025-06-01,0,0.0
EXP001_checkout_redesign,C112782,treatment,2025-06-04,0,0.0
EXP001_checkout_redesign,C102807,treatment,2025-06-10,0,0.0
EXP001_checkout_redesign,C101354,treatment,2025-06-06,1,844.03
EXP001_checkout_redesign,C112626,control,2025-06-23,0,0.0
EXP001_checkout_redesign,C107109,control,2025-06-27,0,0.0
EXP001_checkout_redesign,C110566,treatment,2025-06-02,0,0.0
EXP001_checkout_redesign,C112148,control,2025-06-10,0,0.0
EXP001_checkout_redesign,C109270,control,2025-06-22,1,5560.26
EXP001_checkout_redesign,C114362,treatment,2025-06-19,0,0.0
EXP001_checkout_redesign,C111875,treatment,2025-06-23,0,0.0
EXP001_checkout_redesign,C100697,control,2025-06-09,0,0.0
EXP001_checkout_redesign,C103764,treatment,2025-06-11,0,0.0
EXP001_checkout_redesign,C103463,control,2025-06-04,0,0.0
EXP001_checkout_redesign,C111342,treatment,2025-06-24,1,3834.1
EXP001_checkout_redesign,C109286,control,2025-06-10,0,0.0
EXP001_checkout_redesign,C107790,treatment,2025-06-06,0,0.0
EXP001_checkout_redesign,C104441,control,2025-06-03,0,0.0
EXP001_checkout_redesign,C100762,treatment,2025-06-13,0,0.0
EXP001_checkout_redesign,C101218,treatment,2025-06-19,0,0.0
EXP001_checkout_redesign,C113513,treatment,2025-06-03,1,5090.89
EXP001_checkout_redesign,C104593,control,2025-06-20,0,0.0
EXP001_checkout_redesign,C114194,treatment,2025-06-30,0,0.0
EXP001_checkout_redesign,C109232,treatment,2025-06-18,0,0.0
EXP001_checkout_redesign,C110782,control,2025-06-12,0,0.0
EXP001_checkout_redesign,C100539,treatment,2025-06-12,0,0.0
EXP001_checkout_redesign,C114424,control,2025-06-21,0,0.0
EXP001_checkout_redesign,C105152,control,2025-06-12,0,0.0
EXP001_checkout_redesign,C112618,control,2025-06-30,0,0.0
EXP001_checkout_redesign,C113250,control,2025-06-24,1,1925.5
EXP001_checkout_redesign,C109617,control,2025-06-28,0,0.0
EXP001_checkout_redesign,C102362,control,2025-06-29,0,0.0
EXP001_checkout_redesign,C106525,treatment,2025-06-07,0,0.0
EXP001_checkout_redesign,C101260,control,2025-06-09,0,0.0
EXP001_checkout_redesign,C104903,treatment,2025-06-12,0,0.0
EXP001_checkout_redesign,C102661,control,2025-06-19,0,0.0
EXP001_checkout_redesign,C111921,treatment,2025-06-04,0,0.0
EXP001_checkout_redesign,C103939,control,2025-06-24,0,0.0
EXP001_checkout_redesign,C109284,control,2025-06-10,0,0.0
EXP001_checkout_redesign,C106375,treatment,2025-06-27,0,0.0
EXP001_checkout_redesign,C111092,treatment,2025-06-19,0,0.0
EXP001_checkout_redesign,C114637,control,2025-06-17,0,0.0
EXP001_checkout_redesign,C105435,control,2025-06-18,0,0.0
EXP001_checkout_redesign,C106288,treatment,2025-06-10,0,0.0
EXP001_checkout_redesign,C102292,treatment,2025-06-26,1,1636.07
EXP001_checkout_redesign,C111293,control,2025-06-24,0,0.0
EXP001_checkout_redesign,C101284,control,2025-06-12,0,0.0
EXP001_checkout_redesign,C108204,treatment,2025-06-23,0,0.0
EXP001_checkout_redesign,C105666,control,2025-06-20,0,0.0
EXP001_checkout_redesign,C100879,control,2025-06-08,0,0.0
EXP001_checkout_redesign,C101600,treatment,2025-06-19,0,0.0
EXP001_checkout_redesign,C107161,treatment,2025-06-01,0,0.0
EXP001_checkout_redesign,C103803,control,2025-06-04,0,0.0
EXP001_checkout_redesign,C114033,control,2025-06-06,0,0.0
EXP001_checkout_redesign,C105580,treatment,2025-06-22,0,0.0
EXP001_checkout_redesign,C109915,treatment,2025-06-04,0,0.0
EXP001_checkout_redesign,C110057,treatment,2025-06-16,0,0.0
EXP001_checkout_redesign,C109758,treatment,2025-06-08,0,0.0
EXP001_checkout_redesign,C106499,treatment,2025-06-09,0,0.0
EXP001_checkout_redesign,C105347,control,2025-06-15,0,0.0
EXP001_checkout_redesign,C100485,treatment,2025-06-18,0,0.0
EXP001_checkout_redesign,C110389,treatment,2025-06-03,0,0.0
EXP001_checkout_redesign,C104478,treatment,2025-06-28,0,0.0
EXP001_checkout_redesign,C114987,control,2025-06-24,0,0.0
EXP001_checkout_redesign,C108038,control,2025-06-17,0,0.0
EXP001_checkout_redesign,C103737,treatment,2025-06-01,1,5282.68
EXP001_checkout_redesign,C105829,control,2025-06-07,0,0.0
EXP001_checkout_redesign,C109060,treatment,2025-06-10,0,0.0
EXP001_checkout_redesign,C106150,treatment,2025-06-15,0,0.0
EXP001_checkout_redesign,C113127,treatment,2025-06-23,0,0.0
EXP001_checkout_redesign,C103043,control,2025-06-13,1,5542.1
EXP001_checkout_redesign,C111136,control,2025-06-23,0,0.0
EXP001_checkout_redesign,C109598,control,2025-06-29,1,2667.77
EXP001_checkout_redesign,C110824,treatment,2025-06-29,0,0.0
EXP001_checkout_redesign,C114910,control,2025-06-05,0,0.0
EXP001_checkout_redesign,C101404,treatment,2025-06-28,0,0.0
EXP001_checkout_redesign,C110135,control,2025-06-07,0,0.0
EXP001_checkout_redesign,C104839,treatment,2025-06-14,0,0.0
EXP001_checkout_redesign,C104037,treatment,2025-06-14,0,0.0
EXP001_checkout_redesign,C112204,control,2025-06-09,0,0.0
EXP001_checkout_redesign,C101344,treatment,2025-06-22,0,0.0
EXP001_checkout_redesign,C104390,control,2025-06-06,0,0.0
EXP001_checkout_redesign,C112326,treatment,2025-06-19,0,0.0
EXP001_checkout_redesign,C106225,treatment,2025-06-15,0,0.0
EXP001_checkout_redesign,C110385,control,2025-06-30,0,0.0
EXP001_checkout_redesign,C112744,treatment,2025-06-30,1,1638.21
EXP001_checkout_redesign,C106383,treatment,2025-06-16,0,0.0
EXP001_checkout_redesign,C113524,treatment,2025-06-23,0,0.0
EXP001_checkout_redesign,C105909,treatment,2025-06-22,1,3236.01
EXP001_checkout_redesign,C101745,control,2025-06-12,1,2493.05
EXP001_checkout_redesign,C101499,control,2025-06-21,0,0.0
EXP001_checkout_redesign,C100085,control,2025-06-03,0,0.0
EXP001_checkout_redesign,C114451,treatment,2025-06-03,0,0.0
EXP001_checkout_redesign,C107286,control,2025-06-06,0,0.0
EXP001_checkout_redesign,C105896,control,2025-06-22,0,0.0
EXP001_checkout_redesign,C104419,treatment,2025-06-21,0,0.0
EXP001_checkout_redesign,C114949,treatment,2025-06-19,0,0.0
EXP001_checkout_redesign,C114534,control,2025-06-12,0,0.0
EXP001_checkout_redesign,C101430,control,2025-06-16,0,0.0
EXP001_checkout_redesign,C103070,treatment,2025-06-18,0,0.0
EXP001_checkout_redesign,C107061,treatment,2025-06-04,0,0.0
EXP001_checkout_redesign,C107353,treatment,2025-06-20,0,0.0
EXP001_checkout_redesign,C114882,treatment,2025-06-26,1,999.2
EXP001_checkout_redesign,C109088,control,2025-06-13,0,0.0
EXP001_checkout_redesign,C108395,control,2025-06-13,0,0.0
EXP001_checkout_redesign,C106685,treatment,2025-06-02,0,0.0
EXP001_checkout_redesign,C101692,treatment,2025-06-30,1,1149.55
EXP001_checkout_redesign,C112394,control,2025-06-28,0,0.0
EXP001_checkout_redesign,C101468,control,2025-06-09,0,0.0
EXP001_checkout_redesign,C105798,control,2025-06-27,0,0.0
EXP001_checkout_redesign,C113251,control,2025-06-11,0,0.0
EXP001_checkout_redesign,C113925,treatment,2025-06-03,0,0.0
EXP001_checkout_redesign,C109780,control,2025-06-17,0,0.0
EXP001_checkout_redesign,C113734,treatment,2025-06-12,0,0.0
EXP001_checkout_redesign,C105315,treatment,2025-06-05,0,0.0
EXP001_checkout_redesign,C114355,control,2025-06-14,0,0.0
EXP001_checkout_redesign,C100202,treatment,2025-06-26,0,0.0
EXP001_checkout_redesign,C113623,treatment,2025-06-19,0,0.0
EXP001_checkout_redesign,C113147,treatment,2025-06-22,1,5309.13
EXP001_checkout_redesign,C106353,treatment,2025-06-17,0,0.0
EXP001_checkout_redesign,C101387,control,2025-06-30,0,0.0
EXP001_checkout_redesign,C109167,control,2025-06-26,0,0.0
EXP001_checkout_redesign,C103977,control,2025-06-04,0,0.0
EXP001_checkout_redesign,C113439,treatment,2025-06-01,0,0.0
EXP001_checkout_redesign,C108537,treatment,2025-06-30,0,0.0
EXP001_checkout_redesign,C102778,control,2025-06-17,0,0.0
EXP001_checkout_redesign,C111228,treatment,2025-06-10,0,0.0
EXP001_checkout_redesign,C106237,control,2025-06-08,0,0.0
EXP001_checkout_redesign,C102777,control,2025-06-26,0,0.0
EXP001_checkout_redesign,C102274,treatment,2025-06-11,1,3619.74
EXP001_checkout_redesign,C104405,control,2025-06-20,0,0.0
EXP001_checkout_redesign,C104933,treatment,2025-06-10,0,0.0
EXP001_checkout_redesign,C113976,control,2025-06-19,0,0.0
EXP001_checkout_redesign,C108079,treatment,2025-06-06,0,0.0
EXP001_checkout_redesign,C111630,treatment,2025-06-11,0,0.0
EXP001_checkout_redesign,C101036,control,2025-06-16,0,0.0
EXP001_checkout_redesign,C102739,control,2025-06-10,0,0.0
EXP001_checkout_redesign,C107121,treatment,2025-06-25,0,0.0
EXP001_checkout_redesign,C104521,treatment,2025-06-22,1,5527.04
EXP001_checkout_redesign,C106899,treatment,2025-06-01,0,0.0
EXP001_checkout_redesign,C113217,treatment,2025-06-08,0,0.0
EXP001_checkout_redesign,C112480,control,2025-06-17,0,0.0
EXP001_checkout_redesign,C113322,control,2025-06-19,0,0.0
EXP001_checkout_redesign,C105916,treatment,2025-06-09,0,0.0
EXP001_checkout_redesign,C104123,treatment,2025-06-20,0,0.0
EXP001_checkout_redesign,C114851,treatment,2025-06-08,1,1663.95
EXP001_checkout_redesign,C112336,control,2025-06-09,0,0.0
EXP001_checkout_redesign,C108123,control,2025-06-16,0,0.0
EXP001_checkout_redesign,C109728,treatment,2025-06-14,0,0.0
EXP001_checkout_redesign,C110103,treatment,2025-06-24,0,0.0
EXP001_checkout_redesign,C103203,treatment,2025-06-06,0,0.0
EXP001_checkout_redesign,C107501,control,2025-06-09,0,0.0
EXP001_checkout_redesign,C101752,control,2025-06-11,0,0.0
EXP001_checkout_redesign,C102219,treatment,2025-06-22,0,0.0
EXP001_checkout_redesign,C104991,treatment,2025-06-15,0,0.0
EXP001_checkout_redesign,C100110,treatment,2025-06-15,0,0.0
EXP001_checkout_redesign,C106483,control,2025-06-05,0,0.0
EXP001_checkout_redesign,C105443,treatment,2025-06-08,0,0.0
EXP001_checkout_redesign,C110161,treatment,2025-06-20,0,0.0
EXP001_checkout_redesign,C114947,control,2025-06-03,0,0.0
EXP001_checkout_redesign,C105399,treatment,2025-06-20,0,0.0
EXP001_checkout_redesign,C107212,control,2025-06-28,0,0.0
EXP001_checkout_redesign,C105484,treatment,2025-06-25,0,0.0
EXP001_checkout_redesign,C112515,control,2025-06-04,0,0.0
EXP001_checkout_redesign,C110666,control,2025-06-07,0,0.0
EXP001_checkout_redesign,C109738,control,2025-06-17,0,0.0
EXP001_checkout_redesign,C102230,treatment,2025-06-12,0,0.0
EXP001_checkout_redesign,C104922,treatment,2025-06-06,0,0.0
EXP001_checkout_redesign,C111743,control,2025-06-24,0,0.0
EXP001_checkout_redesign,C114135,treatment,2025-06-23,0,0.0
EXP001_checkout_redesign,C103290,control,2025-06-21,0,0.0
EXP001_checkout_redesign,C107848,control,2025-06-04,0,0.0
EXP001_checkout_redesign,C114556,control,2025-06-18,0,0.0
EXP001_checkout_redesign,C102910,treatment,2025-06-16,0,0.0
EXP001_checkout_redesign,C112548,control,2025-06-01,0,0.0
EXP001_checkout_redesign,C112269,treatment,2025-06-29,0,0.0
EXP001_checkout_redesign,C104775,treatment,2025-06-17,0,0.0
EXP001_checkout_redesign,C110369,control,2025-06-05,0,0.0
EXP001_checkout_redesign,C108044,treatment,2025-06-25,0,0.0
EXP001_checkout_redesign,C109435,treatment,2025-06-23,0,0.0
EXP001_checkout_redesign,C103971,treatment,2025-06-18,0,0.0
EXP001_checkout_redesign,C105339,control,2025-06-06,0,0.0
EXP001_checkout_redesign,C106161,treatment,2025-06-26,1,1519.08
EXP001_checkout_redesign,C104592,control,2025-06-23,0,0.0
EXP001_checkout_redesign,C106437,control,2025-06-13,0,0.0
EXP001_checkout_redesign,C105980,treatment,2025-06-08,0,0.0
EXP001_checkout_redesign,C101865,control,2025-06-27,0,0.0
EXP001_checkout_redesign,C109238,treatment,2025-06-25,0,0.0
EXP001_checkout_redesign,C103273,control,2025-06-19,0,0.0
EXP001_checkout_redesign,C109703,treatment,2025-06-28,1,4421.82
EXP001_checkout_redesign,C108939,treatment,2025-06-16,0,0.0
EXP001_checkout_redesign,C102947,control,2025-06-18,0,0.0
EXP001_checkout_redesign,C114810,control,2025-06-07,0,0.0
EXP001_checkout_redesign,C113681,control,2025-06-24,0,0.0
EXP001_checkout_redesign,C100440,control,2025-06-09,0,0.0
EXP001_checkout_redesign,C107563,control,2025-06-26,0,0.0
EXP001_checkout_redesign,C103434,treatment,2025-06-28,0,0.0
EXP001_checkout_redesign,C107183,treatment,2025-06-30,0,0.0
EXP001_checkout_redesign,C104773,control,2025-06-21,0,0.0
EXP001_checkout_redesign,C114751,control,2025-06-25,0,0.0
EXP001_checkout_redesign,C106703,treatment,2025-06-01,0,0.0
EXP001_checkout_redesign,C111026,treatment,2025-06-09,0,0.0
EXP001_checkout_redesign,C111615,treatment,2025-06-29,1,2416.74
EXP001_checkout_redesign,C102280,control,2025-06-10,0,0.0
EXP001_checkout_redesign,C110376,treatment,2025-06-21,0,0.0
EXP001_checkout_redesign,C112335,control,2025-06-30,0,0.0
EXP001_checkout_redesign,C103965,control,2025-06-18,0,0.0
EXP001_checkout_redesign,C104139,control,2025-06-22,0,0.0
EXP001_checkout_redesign,C110791,treatment,2025-06-01,0,0.0
EXP001_checkout_redesign,C102525,control,2025-06-13,0,0.0
EXP001_checkout_redesign,C114737,treatment,2025-06-14,0,0.0
EXP001_checkout_redesign,C106176,control,2025-06-23,0,0.0
EXP001_checkout_redesign,C101211,treatment,2025-06-07,0,0.0
EXP001_checkout_redesign,C107357,treatment,2025-06-28,0,0.0
EXP001_checkout_redesign,C111855,control,2025-06-29,1,4378.88
EXP001_checkout_redesign,C107851,control,2025-06-26,0,0.0
EXP001_checkout_redesign,C109539,control,2025-06-08,0,0.0
EXP001_checkout_redesign,C113059,treatment,2025-06-01,0,0.0
EXP001_checkout_redesign,C108755,treatment,2025-06-02,0,0.0
EXP001_checkout_redesign,C108300,treatment,2025-06-11,0,0.0
EXP001_checkout_redesign,C106853,treatment,2025-06-01,0,0.0
EXP001_checkout_redesign,C108907,control,2025-06-24,0,0.0
EXP001_checkout_redesign,C100602,treatment,2025-06-12,0,0.0
EXP001_checkout_redesign,C111916,control,2025-06-08,0,0.0
EXP001_checkout_redesign,C108796,treatment,2025-06-28,1,5034.86
EXP001_checkout_redesign,C113787,treatment,2025-06-03,0,0.0
EXP001_checkout_redesign,C110455,control,2025-06-10,0,0.0
EXP001_checkout_redesign,C101392,control,2025-06-15,0,0.0
EXP001_checkout_redesign,C101791,treatment,2025-06-12,0,0.0
EXP001_checkout_redesign,C112255,treatment,2025-06-02,1,1993.28
EXP001_checkout_redesign,C110774,control,2025-06-25,0,0.0
EXP001_checkout_redesign,C110890,treatment,2025-06-05,0,0.0
EXP001_checkout_redesign,C105816,treatment,2025-06-09,0,0.0
EXP001_checkout_redesign,C113501,control,2025-06-18,0,0.0
EXP001_checkout_redesign,C110600,control,2025-06-06,0,0.0
EXP001_checkout_redesign,C110038,control,2025-06-11,0,0.0
EXP001_checkout_redesign,C100725,treatment,2025-06-14,0,0.0
EXP001_checkout_redesign,C109227,control,2025-06-01,0,0.0
EXP001_checkout_redesign,C110568,control,2025-06-23,1,3111.04
EXP001_checkout_redesign,C111099,control,2025-06-04,0,0.0
EXP001_checkout_redesign,C110596,treatment,2025-06-07,1,5046.04
EXP001_checkout_redesign,C114247,control,2025-06-09,0,0.0
EXP001_checkout_redesign,C105432,treatment,2025-06-17,0,0.0
EXP001_checkout_redesign,C107052,treatment,2025-06-17,0,0.0
EXP001_checkout_redesign,C101735,control,2025-06-11,0,0.0
EXP001_checkout_redesign,C100172,treatment,2025-06-23,0,0.0
EXP001_checkout_redesign,C111640,control,2025-06-26,1,4583.69
EXP001_checkout_redesign,C104239,treatment,2025-06-27,0,0.0
EXP001_checkout_redesign,C112682,control,2025-06-12,0,0.0
EXP001_checkout_redesign,C108366,treatment,2025-06-15,0,0.0
EXP001_checkout_redesign,C108499,treatment,2025-06-02,0,0.0
EXP001_checkout_redesign,C109142,treatment,2025-06-08,0,0.0
EXP001_checkout_redesign,C109511,control,2025-06-20,0,0.0
EXP001_checkout_redesign,C114243,control,2025-06-23,0,0.0
EXP001_checkout_redesign,C113722,treatment,2025-06-26,0,0.0
EXP001_checkout_redesign,C111737,control,2025-06-02,1,1185.24
EXP001_checkout_redesign,C107303,treatment,2025-06-24,0,0.0
EXP001_checkout_redesign,C106129,control,2025-06-06,0,0.0
EXP001_checkout_redesign,C106408,control,2025-06-01,0,0.0
EXP001_checkout_redesign,C112843,treatment,2025-06-25,1,3183.78
EXP001_checkout_redesign,C114378,control,2025-06-27,0,0.0
EXP001_checkout_redesign,C109643,control,2025-06-18,0,0.0
EXP001_checkout_redesign,C113739,treatment,2025-06-04,1,3037.09
EXP001_checkout_redesign,C102469,treatment,2025-06-25,0,0.0
EXP001_checkout_redesign,C105651,control,2025-06-08,0,0.0
EXP001_checkout_redesign,C100402,treatment,2025-06-08,0,0.0
EXP001_checkout_redesign,C107909,control,2025-06-14,0,0.0
EXP001_checkout_redesign,C101712,control,2025-06-20,0,0.0
EXP001_checkout_redesign,C104840,control,2025-06-14,0,0.0
EXP001_checkout_redesign,C114419,control,2025-06-01,0,0.0
EXP001_checkout_redesign,C101406,control,2025-06-26,0,0.0
EXP001_checkout_redesign,C101901,treatment,2025-06-20,0,0.0
EXP001_checkout_redesign,C102321,treatment,2025-06-03,0,0.0
EXP001_checkout_redesign,C105707,control,2025-06-15,1,4313.25
EXP001_checkout_redesign,C105110,control,2025-06-27,1,3218.25
EXP001_checkout_redesign,C105620,treatment,2025-06-19,0,0.0
EXP001_checkout_redesign,C113578,treatment,2025-06-01,0,0.0
EXP001_checkout_redesign,C103389,treatment,2025-06-25,0,0.0
EXP001_checkout_redesign,C114155,control,2025-06-03,0,0.0
EXP001_checkout_redesign,C112298,treatment,2025-06-20,1,3107.19
EXP001_checkout_redesign,C105706,treatment,2025-06-01,0,0.0
EXP001_checkout_redesign,C107801,control,2025-06-19,0,0.0
EXP001_checkout_redesign,C101599,treatment,2025-06-17,0,0.0
EXP001_checkout_redesign,C113648,treatment,2025-06-13,0,0.0
EXP001_checkout_redesign,C107412,treatment,2025-06-20,1,1249.53
EXP001_checkout_redesign,C105225,control,2025-06-16,0,0.0
EXP001_checkout_redesign,C101100,control,2025-06-26,0,0.0
EXP001_checkout_redesign,C104919,control,2025-06-12,0,0.0
EXP001_checkout_redesign,C100732,treatment,2025-06-07,0,0.0
EXP001_checkout_redesign,C101885,treatment,2025-06-26,0,0.0
EXP001_checkout_redesign,C100370,treatment,2025-06-27,0,0.0
EXP001_checkout_redesign,C111244,control,2025-06-24,0,0.0
EXP001_checkout_redesign,C110616,control,2025-06-24,0,0.0
EXP001_checkout_redesign,C111291,treatment,2025-06-17,0,0.0
EXP001_checkout_redesign,C111094,treatment,2025-06-11,0,0.0
EXP001_checkout_redesign,C102692,treatment,2025-06-22,1,5262.05
EXP001_checkout_redesign,C103996,control,2025-06-08,0,0.0
EXP001_checkout_redesign,C108454,treatment,2025-06-10,0,0.0
EXP001_checkout_redesign,C113234,treatment,2025-06-16,0,0.0
EXP001_checkout_redesign,C113582,treatment,2025-06-29,0,0.0
EXP001_checkout_redesign,C102623,control,2025-06-10,1,1802.33
EXP001_checkout_redesign,C105422,treatment,2025-06-24,0,0.0
EXP001_checkout_redesign,C109172,control,2025-06-25,1,2537.72
EXP001_checkout_redesign,C106985,control,2025-06-08,0,0.0
EXP001_checkout_redesign,C107570,treatment,2025-06-05,1,2482.39
EXP001_checkout_redesign,C103798,control,2025-06-17,1,1785.5
EXP001_checkout_redesign,C112956,control,2025-06-13,0,0.0
EXP001_checkout_redesign,C110317,treatment,2025-06-25,0,0.0
EXP001_checkout_redesign,C103022,control,2025-06-10,0,0.0
EXP001_checkout_redesign,C103053,treatment,2025-06-10,1,5700.04
EXP001_checkout_redesign,C110493,treatment,2025-06-26,0,0.0
EXP001_checkout_redesign,C113060,treatment,2025-06-26,1,3922.21
EXP001_checkout_redesign,C107080,treatment,2025-06-21,0,0.0
EXP001_checkout_redesign,C106481,control,2025-06-23,0,0.0
EXP001_checkout_redesign,C100478,control,2025-06-12,0,0.0
EXP001_checkout_redesign,C110061,control,2025-06-12,0,0.0
EXP001_checkout_redesign,C112914,treatment,2025-06-07,0,0.0
EXP001_checkout_redesign,C107365,treatment,2025-06-11,0,0.0
EXP001_checkout_redesign,C109702,control,2025-06-20,0,0.0
EXP001_checkout_redesign,C107037,treatment,2025-06-24,0,0.0
EXP001_checkout_redesign,C106370,treatment,2025-06-27,0,0.0
EXP001_checkout_redesign,C100072,control,2025-06-26,0,0.0
EXP001_checkout_redesign,C103519,control,2025-06-25,0,0.0
EXP001_checkout_redesign,C103371,treatment,2025-06-12,0,0.0
EXP001_checkout_redesign,C104560,treatment,2025-06-04,0,0.0
EXP001_checkout_redesign,C101025,treatment,2025-06-18,0,0.0
EXP001_checkout_redesign,C114924,control,2025-06-10,0,0.0
EXP001_checkout_redesign,C101667,treatment,2025-06-20,0,0.0
EXP001_checkout_redesign,C111295,control,2025-06-02,0,0.0
EXP001_checkout_redesign,C103063,control,2025-06-28,0,0.0
EXP001_checkout_redesign,C105993,control,2025-06-01,0,0.0
EXP001_checkout_redesign,C105340,treatment,2025-06-14,1,4607.92
EXP001_checkout_redesign,C114339,control,2025-06-17,0,0.0
EXP001_checkout_redesign,C107496,control,2025-06-27,0,0.0
EXP001_checkout_redesign,C101867,control,2025-06-04,0,0.0
EXP001_checkout_redesign,C104298,treatment,2025-06-30,0,0.0
EXP001_checkout_redesign,C110988,control,2025-06-25,0,0.0
EXP001_checkout_redesign,C108019,treatment,2025-06-30,1,909.23
EXP001_checkout_redesign,C108646,treatment,2025-06-09,0,0.0
EXP001_checkout_redesign,C110471,treatment,2025-06-07,0,0.0
EXP001_checkout_redesign,C105134,control,2025-06-21,1,1005.69
EXP001_checkout_redesign,C111407,control,2025-06-22,0,0.0
EXP001_checkout_redesign,C113307,treatment,2025-06-17,0,0.0
EXP001_checkout_redesign,C114260,control,2025-06-03,0,0.0
EXP001_checkout_redesign,C106431,treatment,2025-06-01,0,0.0
EXP001_checkout_redesign,C114410,treatment,2025-06-10,0,0.0
EXP001_checkout_redesign,C101871,treatment,2025-06-05,0,0.0
EXP001_checkout_redesign,C114636,treatment,2025-06-04,0,0.0
EXP001_checkout_redesign,C112878,control,2025-06-19,1,4105.93
EXP001_checkout_redesign,C111368,control,2025-06-06,0,0.0
EXP001_checkout_redesign,C110114,control,2025-06-06,0,0.0
EXP001_checkout_redesign,C102826,control,2025-06-09,0,0.0
EXP001_checkout_redesign,C111036,treatment,2025-06-20,0,0.0
EXP001_checkout_redesign,C112294,treatment,2025-06-09,0,0.0
EXP001_checkout_redesign,C110067,control,2025-06-29,0,0.0
EXP001_checkout_redesign,C113551,treatment,2025-06-15,1,1681.63
EXP001_checkout_redesign,C112790,control,2025-06-20,1,1187.55
EXP001_checkout_redesign,C111011,treatment,2025-06-08,0,0.0
EXP001_checkout_redesign,C112937,treatment,2025-06-24,0,0.0
EXP001_checkout_redesign,C105131,control,2025-06-02,1,2518.01
EXP001_checkout_redesign,C101931,treatment,2025-06-30,0,0.0
EXP001_checkout_redesign,C114065,treatment,2025-06-10,0,0.0
EXP001_checkout_redesign,C113811,control,2025-06-14,0,0.0
EXP001_checkout_redesign,C101916,control,2025-06-28,1,5185.27
EXP001_checkout_redesign,C102999,control,2025-06-24,0,0.0
EXP001_checkout_redesign,C114258,treatment,2025-06-02,0,0.0
EXP001_checkout_redesign,C102316,treatment,2025-06-27,0,0.0
EXP001_checkout_redesign,C108369,treatment,2025-06-24,0,0.0
EXP001_checkout_redesign,C106364,control,2025-06-22,0,0.0
EXP001_checkout_redesign,C106852,treatment,2025-06-13,0,0.0
EXP001_checkout_redesign,C114824,control,2025-06-19,0,0.0
EXP001_checkout_redesign,C102258,treatment,2025-06-28,0,0.0
EXP001_checkout_redesign,C113437,treatment,2025-06-27,0,0.0
EXP001_checkout_redesign,C106286,treatment,2025-06-30,0,0.0
EXP001_checkout_redesign,C106931,control,2025-06-29,0,0.0
EXP001_checkout_redesign,C111449,treatment,2025-06-29,0,0.0
EXP001_checkout_redesign,C114606,treatment,2025-06-30,0,0.0
EXP001_checkout_redesign,C110412,control,2025-06-07,0,0.0
EXP001_checkout_redesign,C108804,treatment,2025-06-12,1,1878.65
EXP001_checkout_redesign,C110571,treatment,2025-06-06,0,0.0
EXP001_checkout_redesign,C102838,treatment,2025-06-03,0,0.0
EXP001_checkout_redesign,C109091,control,2025-06-30,0,0.0
EXP001_checkout_redesign,C102733,treatment,2025-06-05,0,0.0
EXP001_checkout_redesign,C113589,treatment,2025-06-04,0,0.0
EXP001_checkout_redesign,C104732,control,2025-06-14,0,0.0
EXP001_checkout_redesign,C102298,control,2025-06-29,0,0.0
EXP001_checkout_redesign,C103065,treatment,2025-06-06,0,0.0
EXP001_checkout_redesign,C105154,control,2025-06-17,0,0.0
EXP001_checkout_redesign,C107389,treatment,2025-06-17,0,0.0
EXP001_checkout_redesign,C110148,control,2025-06-24,1,4814.74
EXP001_checkout_redesign,C113836,treatment,2025-06-13,0,0.0
EXP001_checkout_redesign,C105882,control,2025-06-24,0,0.0
EXP001_checkout_redesign,C100157,control,2025-06-12,0,0.0
EXP001_checkout_redesign,C114191,treatment,2025-06-25,0,0.0
EXP001_checkout_redesign,C113607,control,2025-06-29,0,0.0
EXP001_checkout_redesign,C103196,control,2025-06-24,0,0.0
EXP001_checkout_redesign,C106290,control,2025-06-30,0,0.0
EXP001_checkout_redesign,C109200,control,2025-06-02,1,2992.07
EXP001_checkout_redesign,C111867,treatment,2025-06-14,0,0.0
EXP001_checkout_redesign,C110699,treatment,2025-06-27,0,0.0
EXP001_checkout_redesign,C108109,treatment,2025-06-05,0,0.0
EXP001_checkout_redesign,C111319,treatment,2025-06-08,0,0.0
EXP001_checkout_redesign,C113700,control,2025-06-15,0,0.0
EXP001_checkout_redesign,C112287,control,2025-06-09,0,0.0
EXP001_checkout_redesign,C112497,treatment,2025-06-16,0,0.0
EXP001_checkout_redesign,C108006,control,2025-06-13,0,0.0
EXP001_checkout_redesign,C102740,control,2025-06-22,0,0.0
EXP001_checkout_redesign,C111516,control,2025-06-15,0,0.0
EXP001_checkout_redesign,C109263,control,2025-06-04,0,0.0
EXP001_checkout_redesign,C100505,treatment,2025-06-25,1,2125.92
EXP001_checkout_redesign,C114134,control,2025-06-16,0,0.0
EXP001_checkout_redesign,C104785,treatment,2025-06-12,0,0.0
EXP001_checkout_redesign,C100535,control,2025-06-20,0,0.0
EXP001_checkout_redesign,C104503,treatment,2025-06-22,0,0.0
EXP001_checkout_redesign,C113763,treatment,2025-06-12,0,0.0
EXP001_checkout_redesign,C114538,treatment,2025-06-15,0,0.0
EXP001_checkout_redesign,C104729,treatment,2025-06-05,0,0.0
EXP001_checkout_redesign,C102755,treatment,2025-06-01,0,0.0
EXP001_checkout_redesign,C107492,control,2025-06-20,1,4102.36
EXP001_checkout_redesign,C109267,control,2025-06-26,0,0.0
EXP001_checkout_redesign,C113555,control,2025-06-03,0,0.0
EXP001_checkout_redesign,C109006,treatment,2025-06-08,0,0.0
EXP001_checkout_redesign,C111152,control,2025-06-07,0,0.0
EXP001_checkout_redesign,C101854,treatment,2025-06-13,0,0.0
EXP001_checkout_redesign,C113359,treatment,2025-06-10,1,1997.36
EXP001_checkout_redesign,C111173,treatment,2025-06-17,0,0.0
EXP001_checkout_redesign,C104389,treatment,2025-06-11,0,0.0
EXP001_checkout_redesign,C108898,treatment,2025-06-08,0,0.0
EXP001_checkout_redesign,C106010,treatment,2025-06-23,0,0.0
EXP001_checkout_redesign,C108880,treatment,2025-06-15,0,0.0
EXP001_checkout_redesign,C100681,control,2025-06-12,0,0.0
EXP001_checkout_redesign,C107231,treatment,2025-06-18,0,0.0
EXP001_checkout_redesign,C108951,treatment,2025-06-10,0,0.0
EXP001_checkout_redesign,C103580,control,2025-06-12,0,0.0
EXP001_checkout_redesign,C113766,control,2025-06-30,0,0.0
EXP001_checkout_redesign,C101677,control,2025-06-30,0,0.0
EXP001_checkout_redesign,C112100,control,2025-06-04,0,0.0
EXP001_checkout_redesign,C111783,treatment,2025-06-15,1,984.41
EXP001_checkout_redesign,C104877,control,2025-06-18,0,0.0
EXP001_checkout_redesign,C100528,control,2025-06-25,0,0.0
EXP001_checkout_redesign,C112856,treatment,2025-06-13,0,0.0
EXP001_checkout_redesign,C104305,control,2025-06-24,0,0.0
EXP001_checkout_redesign,C105711,control,2025-06-17,0,0.0
EXP001_checkout_redesign,C101425,treatment,2025-06-01,0,0.0
EXP001_checkout_redesign,C107193,treatment,2025-06-24,0,0.0
EXP001_checkout_redesign,C111901,control,2025-06-05,0,0.0
EXP001_checkout_redesign,C103882,treatment,2025-06-17,0,0.0
EXP001_checkout_redesign,C103438,treatment,2025-06-27,0,0.0
EXP001_checkout_redesign,C109632,treatment,2025-06-20,0,0.0
EXP001_checkout_redesign,C105744,control,2025-06-18,0,0.0
EXP001_checkout_redesign,C109998,control,2025-06-29,0,0.0
EXP001_checkout_redesign,C110367,treatment,2025-06-09,0,0.0
EXP001_checkout_redesign,C107015,treatment,2025-06-10,1,4742.83
EXP001_checkout_redesign,C102719,treatment,2025-06-22,0,0.0
EXP001_checkout_redesign,C110095,control,2025-06-27,0,0.0
EXP001_checkout_redesign,C102281,control,2025-06-25,0,0.0
EXP001_checkout_redesign,C103385,control,2025-06-17,0,0.0
EXP001_checkout_redesign,C103390,control,2025-06-01,0,0.0
EXP001_checkout_redesign,C100972,control,2025-06-27,1,5308.81
EXP001_checkout_redesign,C109340,control,2025-06-04,0,0.0
EXP001_checkout_redesign,C105747,treatment,2025-06-18,0,0.0
EXP001_checkout_redesign,C108720,control,2025-06-15,0,0.0
EXP001_checkout_redesign,C104605,control,2025-06-15,0,0.0
EXP001_checkout_redesign,C109778,control,2025-06-01,0,0.0
EXP001_checkout_redesign,C108827,treatment,2025-06-22,0,0.0
EXP001_checkout_redesign,C102758,treatment,2025-06-24,0,0.0
EXP001_checkout_redesign,C105302,treatment,2025-06-01,0,0.0
EXP001_checkout_redesign,C104794,treatment,2025-06-11,0,0.0
EXP001_checkout_redesign,C104740,treatment,2025-06-11,0,0.0
EXP001_checkout_redesign,C111095,treatment,2025-06-26,0,0.0
EXP001_checkout_redesign,C104380,treatment,2025-06-26,0,0.0
EXP001_checkout_redesign,C108428,treatment,2025-06-06,0,0.0
EXP001_checkout_redesign,C101560,control,2025-06-01,0,0.0
EXP001_checkout_redesign,C102221,control,2025-06-14,0,0.0
EXP001_checkout_redesign,C106743,control,2025-06-24,0,0.0
EXP001_checkout_redesign,C100971,control,2025-06-06,0,0.0
EXP001_checkout_redesign,C114195,treatment,2025-06-30,0,0.0
EXP001_checkout_redesign,C110746,control,2025-06-17,0,0.0
EXP001_checkout_redesign,C102078,control,2025-06-09,0,0.0
EXP001_checkout_redesign,C102174,control,2025-06-17,0,0.0
EXP001_checkout_redesign,C104090,control,2025-06-25,0,0.0
EXP001_checkout_redesign,C102396,control,2025-06-14,1,1276.52
EXP001_checkout_redesign,C113180,treatment,2025-06-19,0,0.0
EXP001_checkout_redesign,C111082,control,2025-06-08,1,5023.27
EXP001_checkout_redesign,C106434,treatment,2025-06-24,0,0.0
EXP001_checkout_redesign,C111182,treatment,2025-06-23,0,0.0
EXP001_checkout_redesign,C102329,treatment,2025-06-12,0,0.0
EXP001_checkout_redesign,C109460,control,2025-06-02,1,1564.52
EXP001_checkout_redesign,C110361,treatment,2025-06-03,0,0.0
EXP001_checkout_redesign,C104402,control,2025-06-21,0,0.0
EXP001_checkout_redesign,C110286,control,2025-06-13,0,0.0
EXP001_checkout_redesign,C106786,control,2025-06-05,0,0.0
EXP001_checkout_redesign,C106146,treatment,2025-06-18,0,0.0
EXP001_checkout_redesign,C113204,control,2025-06-01,0,0.0
EXP001_checkout_redesign,C101237,control,2025-06-05,0,0.0
EXP001_checkout_redesign,C110381,treatment,2025-06-21,0,0.0
EXP001_checkout_redesign,C101525,treatment,2025-06-12,1,4040.13
EXP001_checkout_redesign,C106600,control,2025-06-19,0,0.0
EXP001_checkout_redesign,C108447,treatment,2025-06-24,1,3691.51
EXP001_checkout_redesign,C114092,treatment,2025-06-06,0,0.0
EXP001_checkout_redesign,C113916,treatment,2025-06-02,0,0.0
EXP001_checkout_redesign,C114240,control,2025-06-02,0,0.0
EXP001_checkout_redesign,C107996,treatment,2025-06-20,0,0.0
EXP001_checkout_redesign,C105362,control,2025-06-13,0,0.0
EXP001_checkout_redesign,C109534,control,2025-06-14,0,0.0
EXP001_checkout_redesign,C100040,control,2025-06-06,0,0.0
EXP001_checkout_redesign,C101526,control,2025-06-12,1,2614.94
EXP001_checkout_redesign,C107511,control,2025-06-25,0,0.0
EXP001_checkout_redesign,C110401,treatment,2025-06-13,0,0.0
EXP001_checkout_redesign,C110881,control,2025-06-24,1,2907.21
EXP001_checkout_redesign,C113228,control,2025-06-08,1,1504.76
EXP001_checkout_redesign,C101037,control,2025-06-14,0,0.0
EXP001_checkout_redesign,C108756,treatment,2025-06-18,0,0.0
EXP001_checkout_redesign,C106516,control,2025-06-30,0,0.0
EXP001_checkout_redesign,C103568,treatment,2025-06-27,0,0.0
EXP001_checkout_redesign,C107039,treatment,2025-06-04,0,0.0
EXP001_checkout_redesign,C111665,treatment,2025-06-06,1,2244.42
EXP001_checkout_redesign,C108105,control,2025-06-30,0,0.0
EXP001_checkout_redesign,C104399,control,2025-06-22,0,0.0
EXP001_checkout_redesign,C105289,control,2025-06-28,0,0.0
EXP001_checkout_redesign,C104646,treatment,2025-06-26,0,0.0
EXP001_checkout_redesign,C105533,control,2025-06-06,0,0.0
EXP001_checkout_redesign,C108967,control,2025-06-15,0,0.0
EXP001_checkout_redesign,C113101,treatment,2025-06-24,0,0.0
EXP001_checkout_redesign,C102139,control,2025-06-24,0,0.0
EXP001_checkout_redesign,C109275,treatment,2025-06-30,0,0.0
EXP001_checkout_redesign,C107951,control,2025-06-13,0,0.0
EXP001_checkout_redesign,C105631,control,2025-06-07,0,0.0
EXP001_checkout_redesign,C100793,treatment,2025-06-13,0,0.0
EXP001_checkout_redesign,C100752,treatment,2025-06-21,0,0.0
EXP001_checkout_redesign,C101631,control,2025-06-06,0,0.0
EXP001_checkout_redesign,C110259,control,2025-06-06,1,4668.45
EXP001_checkout_redesign,C113466,control,2025-06-14,0,0.0
EXP001_checkout_redesign,C112587,treatment,2025-06-03,0,0.0
EXP001_checkout_redesign,C102035,control,2025-06-11,1,4699.03
EXP001_checkout_redesign,C113457,control,2025-06-13,0,0.0
EXP001_checkout_redesign,C107230,treatment,2025-06-03,0,0.0
EXP001_checkout_redesign,C107479,control,2025-06-12,0,0.0
EXP001_checkout_redesign,C100011,control,2025-06-23,0,0.0
EXP001_checkout_redesign,C107009,control,2025-06-22,0,0.0
EXP001_checkout_redesign,C103314,treatment,2025-06-21,0,0.0
EXP001_checkout_redesign,C111988,control,2025-06-27,0,0.0
EXP001_checkout_redesign,C110649,treatment,2025-06-22,0,0.0
EXP001_checkout_redesign,C104945,control,2025-06-22,0,0.0
EXP001_checkout_redesign,C102604,treatment,2025-06-20,1,4201.9
EXP001_checkout_redesign,C104489,treatment,2025-06-28,1,5356.88
EXP001_checkout_redesign,C101529,treatment,2025-06-27,0,0.0
EXP001_checkout_redesign,C110724,treatment,2025-06-05,0,0.0
EXP001_checkout_redesign,C105905,treatment,2025-06-13,0,0.0
EXP001_checkout_redesign,C113728,treatment,2025-06-23,0,0.0
EXP001_checkout_redesign,C101350,control,2025-06-27,0,0.0
EXP001_checkout_redesign,C106092,treatment,2025-06-11,0,0.0
EXP001_checkout_redesign,C110887,control,2025-06-17,1,3024.13
EXP001_checkout_redesign,C110631,control,2025-06-28,1,3235.18
EXP001_checkout_redesign,C102711,treatment,2025-06-29,0,0.0
EXP001_checkout_redesign,C100848,control,2025-06-10,0,0.0
EXP001_checkout_redesign,C106493,control,2025-06-12,0,0.0
EXP001_checkout_redesign,C110249,control,2025-06-06,0,0.0
EXP001_checkout_redesign,C105005,treatment,2025-06-05,0,0.0
EXP001_checkout_redesign,C111749,control,2025-06-22,0,0.0
EXP001_checkout_redesign,C112615,control,2025-06-01,0,0.0
EXP001_checkout_redesign,C112908,control,2025-06-20,0,0.0
EXP001_checkout_redesign,C114222,treatment,2025-06-24,0,0.0
EXP001_checkout_redesign,C101559,treatment,2025-06-20,0,0.0
EXP001_checkout_redesign,C100017,control,2025-06-30,0,0.0
EXP001_checkout_redesign,C103496,control,2025-06-15,1,3716.17
EXP001_checkout_redesign,C107812,treatment,2025-06-16,1,4986.98
EXP001_checkout_redesign,C101276,control,2025-06-29,0,0.0
EXP001_checkout_redesign,C111040,control,2025-06-10,0,0.0
EXP001_checkout_redesign,C113206,treatment,2025-06-24,0,0.0
EXP001_checkout_redesign,C113086,control,2025-06-27,0,0.0
EXP001_checkout_redesign,C108510,control,2025-06-08,0,0.0
EXP001_checkout_redesign,C107291,control,2025-06-02,1,2938.51
EXP001_checkout_redesign,C114544,treatment,2025-06-22,0,0.0
EXP001_checkout_redesign,C113429,treatment,2025-06-07,0,0.0
EXP001_checkout_redesign,C105629,treatment,2025-06-23,0,0.0
EXP001_checkout_redesign,C101975,treatment,2025-06-01,0,0.0
EXP001_checkout_redesign,C106919,control,2025-06-20,0,0.0
EXP001_checkout_redesign,C113381,treatment,2025-06-30,0,0.0
EXP001_checkout_redesign,C107826,treatment,2025-06-23,0,0.0
EXP001_checkout_redesign,C114700,treatment,2025-06-06,0,0.0
EXP001_checkout_redesign,C103751,control,2025-06-13,0,0.0
EXP001_checkout_redesign,C106276,control,2025-06-12,0,0.0
EXP001_checkout_redesign,C101463,treatment,2025-06-19,0,0.0
EXP001_checkout_redesign,C101678,control,2025-06-26,0,0.0
EXP001_checkout_redesign,C101690,treatment,2025-06-26,0,0.0
EXP001_checkout_redesign,C105133,control,2025-06-17,0,0.0
EXP001_checkout_redesign,C113091,treatment,2025-06-05,0,0.0
EXP001_checkout_redesign,C113298,control,2025-06-27,0,0.0
EXP001_checkout_redesign,C102246,treatment,2025-06-24,0,0.0
EXP001_checkout_redesign,C106270,control,2025-06-15,0,0.0
EXP001_checkout_redesign,C102181,control,2025-06-14,1,1001.25
EXP001_checkout_redesign,C110511,treatment,2025-06-03,1,1233.19
EXP001_checkout_redesign,C114854,treatment,2025-06-05,0,0.0
EXP001_checkout_redesign,C101120,control,2025-06-25,0,0.0
EXP001_checkout_redesign,C113051,control,2025-06-14,0,0.0
EXP001_checkout_redesign,C109228,treatment,2025-06-08,0,0.0
EXP001_checkout_redesign,C100138,treatment,2025-06-11,1,1763.24
EXP001_checkout_redesign,C113964,control,2025-06-25,0,0.0
EXP001_checkout_redesign,C113115,control,2025-06-15,0,0.0
EXP001_checkout_redesign,C102688,treatment,2025-06-13,1,3886.51
EXP001_checkout_redesign,C107210,treatment,2025-06-05,0,0.0
EXP001_checkout_redesign,C114382,control,2025-06-13,0,0.0
EXP001_checkout_redesign,C103490,control,2025-06-03,1,5254.12
EXP001_checkout_redesign,C110290,control,2025-06-13,0,0.0
EXP001_checkout_redesign,C102480,treatment,2025-06-11,1,3895.13
EXP001_checkout_redesign,C114420,control,2025-06-09,0,0.0
EXP001_checkout_redesign,C110093,treatment,2025-06-04,0,0.0
EXP001_checkout_redesign,C107248,control,2025-06-17,0,0.0
EXP001_checkout_redesign,C111754,control,2025-06-15,0,0.0
EXP001_checkout_redesign,C101420,treatment,2025-06-27,0,0.0
EXP001_checkout_redesign,C113503,treatment,2025-06-18,1,3989.95
EXP001_checkout_redesign,C111602,treatment,2025-06-16,0,0.0
EXP001_checkout_redesign,C102017,control,2025-06-24,1,3220.57
EXP001_checkout_redesign,C113884,control,2025-06-02,0,0.0
EXP001_checkout_redesign,C114249,treatment,2025-06-06,0,0.0
EXP001_checkout_redesign,C113804,control,2025-06-12,1,4328.08
EXP001_checkout_redesign,C107035,treatment,2025-06-05,0,0.0
EXP001_checkout_redesign,C111492,control,2025-06-25,0,0.0
EXP001_checkout_redesign,C112169,control,2025-06-24,0,0.0
EXP001_checkout_redesign,C112837,treatment,2025-06-17,1,976.21
EXP001_checkout_redesign,C104537,treatment,2025-06-19,0,0.0
EXP001_checkout_redesign,C110561,treatment,2025-06-30,0,0.0
EXP001_checkout_redesign,C101380,control,2025-06-12,0,0.0
EXP001_checkout_redesign,C114414,control,2025-06-05,0,0.0
EXP001_checkout_redesign,C113864,control,2025-06-28,1,3747.94
EXP001_checkout_redesign,C109846,control,2025-06-24,0,0.0
EXP001_checkout_redesign,C109830,treatment,2025-06-07,0,0.0
EXP001_checkout_redesign,C112475,treatment,2025-06-02,1,4835.38
EXP001_checkout_redesign,C113040,control,2025-06-30,0,0.0
EXP001_checkout_redesign,C100439,treatment,2025-06-12,0,0.0
EXP001_checkout_redesign,C110787,control,2025-06-23,0,0.0
EXP001_checkout_redesign,C104942,treatment,2025-06-05,0,0.0
EXP001_checkout_redesign,C103366,treatment,2025-06-22,0,0.0
EXP001_checkout_redesign,C112440,control,2025-06-08,0,0.0
EXP001_checkout_redesign,C109943,control,2025-06-05,0,0.0
EXP001_checkout_redesign,C114837,treatment,2025-06-16,0,0.0
EXP001_checkout_redesign,C113576,control,2025-06-09,1,4784.37
EXP001_checkout_redesign,C106418,treatment,2025-06-01,0,0.0
EXP001_checkout_redesign,C104842,control,2025-06-05,0,0.0
EXP001_checkout_redesign,C112840,treatment,2025-06-01,0,0.0
EXP001_checkout_redesign,C100894,control,2025-06-17,1,5862.22
EXP001_checkout_redesign,C112695,treatment,2025-06-01,0,0.0
EXP001_checkout_redesign,C112229,control,2025-06-15,1,3662.32
EXP001_checkout_redesign,C106322,treatment,2025-06-05,0,0.0
EXP001_checkout_redesign,C101847,treatment,2025-06-09,1,2580.68
EXP001_checkout_redesign,C103949,control,2025-06-18,1,4444.82
EXP001_checkout_redesign,C108185,treatment,2025-06-06,0,0.0
EXP001_checkout_redesign,C110454,control,2025-06-21,0,0.0
EXP001_checkout_redesign,C109730,control,2025-06-12,0,0.0
EXP001_checkout_redesign,C114843,treatment,2025-06-14,1,5734.97
EXP001_checkout_redesign,C108655,control,2025-06-07,0,0.0
EXP001_checkout_redesign,C100197,control,2025-06-07,0,0.0
EXP001_checkout_redesign,C111376,control,2025-06-19,0,0.0
EXP001_checkout_redesign,C105185,control,2025-06-06,0,0.0
EXP001_checkout_redesign,C102162,control,2025-06-03,0,0.0
EXP001_checkout_redesign,C106337,treatment,2025-06-16,0,0.0
EXP001_checkout_redesign,C109312,control,2025-06-16,0,0.0
EXP001_checkout_redesign,C106895,control,2025-06-18,0,0.0
EXP001_checkout_redesign,C105986,treatment,2025-06-05,1,1426.49
EXP001_checkout_redesign,C114989,control,2025-06-20,0,0.0
EXP001_checkout_redesign,C102830,control,2025-06-29,0,0.0
EXP001_checkout_redesign,C107717,treatment,2025-06-04,0,0.0
EXP001_checkout_redesign,C113110,treatment,2025-06-16,0,0.0
EXP001_checkout_redesign,C100273,treatment,2025-06-04,0,0.0
EXP001_checkout_redesign,C109623,control,2025-06-24,1,2403.95
EXP001_checkout_redesign,C112585,control,2025-06-13,0,0.0
EXP001_checkout_redesign,C100225,treatment,2025-06-14,0,0.0
EXP001_checkout_redesign,C113341,treatment,2025-06-17,0,0.0
EXP001_checkout_redesign,C103534,treatment,2025-06-03,0,0.0
EXP001_checkout_redesign,C100652,control,2025-06-25,0,0.0
EXP001_checkout_redesign,C111578,treatment,2025-06-03,0,0.0
EXP001_checkout_redesign,C106520,control,2025-06-17,0,0.0
EXP001_checkout_redesign,C111300,treatment,2025-06-13,0,0.0
EXP001_checkout_redesign,C104693,control,2025-06-21,0,0.0
EXP001_checkout_redesign,C110298,treatment,2025-06-20,0,0.0
EXP001_checkout_redesign,C108209,treatment,2025-06-10,0,0.0
EXP001_checkout_redesign,C111845,treatment,2025-06-29,0,0.0
EXP001_checkout_redesign,C114483,treatment,2025-06-24,0,0.0
EXP001_checkout_redesign,C112501,control,2025-06-27,0,0.0
EXP001_checkout_redesign,C110969,treatment,2025-06-12,0,0.0
EXP001_checkout_redesign,C110494,treatment,2025-06-27,0,0.0
EXP001_checkout_redesign,C113348,treatment,2025-06-09,0,0.0
EXP001_checkout_redesign,C113408,control,2025-06-26,0,0.0
EXP001_checkout_redesign,C110912,treatment,2025-06-21,0,0.0
EXP001_checkout_redesign,C102501,treatment,2025-06-01,1,809.33
EXP001_checkout_redesign,C104546,treatment,2025-06-04,0,0.0
EXP001_checkout_redesign,C101369,control,2025-06-19,0,0.0
EXP001_checkout_redesign,C105077,control,2025-06-06,0,0.0
EXP001_checkout_redesign,C111541,control,2025-06-15,1,1951.47
EXP001_checkout_redesign,C108377,control,2025-06-18,0,0.0
EXP001_checkout_redesign,C103329,control,2025-06-05,1,5105.51
EXP001_checkout_redesign,C102545,control,2025-06-08,0,0.0
EXP001_checkout_redesign,C108788,treatment,2025-06-11,0,0.0
EXP001_checkout_redesign,C105353,control,2025-06-05,0,0.0
EXP001_checkout_redesign,C106401,treatment,2025-06-21,1,3432.2
EXP001_checkout_redesign,C113119,treatment,2025-06-08,0,0.0
EXP001_checkout_redesign,C114484,treatment,2025-06-11,0,0.0
EXP001_checkout_redesign,C113530,control,2025-06-21,0,0.0
EXP001_checkout_redesign,C110537,control,2025-06-20,0,0.0
EXP001_checkout_redesign,C101083,treatment,2025-06-10,0,0.0
EXP001_checkout_redesign,C105081,treatment,2025-06-09,0,0.0
EXP001_checkout_redesign,C112684,treatment,2025-06-02,0,0.0
EXP001_checkout_redesign,C103909,control,2025-06-17,0,0.0
EXP001_checkout_redesign,C100948,treatment,2025-06-04,1,2046.14
EXP001_checkout_redesign,C104005,treatment,2025-06-26,0,0.0
EXP001_checkout_redesign,C112385,treatment,2025-06-12,0,0.0
EXP001_checkout_redesign,C107118,control,2025-06-19,1,2924.78
EXP001_checkout_redesign,C101900,control,2025-06-25,0,0.0
EXP001_checkout_redesign,C114908,control,2025-06-19,0,0.0
EXP001_checkout_redesign,C110031,control,2025-06-19,0,0.0
EXP001_checkout_redesign,C112642,control,2025-06-26,1,4438.34
EXP001_checkout_redesign,C100901,treatment,2025-06-29,0,0.0
EXP001_checkout_redesign,C112383,treatment,2025-06-07,0,0.0
EXP001_checkout_redesign,C110781,treatment,2025-06-13,0,0.0
EXP001_checkout_redesign,C113383,control,2025-06-28,0,0.0
EXP001_checkout_redesign,C101956,treatment,2025-06-02,0,0.0
EXP001_checkout_redesign,C114005,control,2025-06-27,0,0.0
EXP001_checkout_redesign,C113159,control,2025-06-08,0,0.0
EXP001_checkout_redesign,C100185,treatment,2025-06-06,0,0.0
EXP001_checkout_redesign,C102684,treatment,2025-06-28,0,0.0
EXP001_checkout_redesign,C108133,treatment,2025-06-11,0,0.0
EXP001_checkout_redesign,C105680,control,2025-06-28,0,0.0
EXP001_checkout_redesign,C108568,treatment,2025-06-30,0,0.0
EXP001_checkout_redesign,C108474,treatment,2025-06-09,0,0.0
EXP001_checkout_redesign,C104247,treatment,2025-06-08,0,0.0
EXP001_checkout_redesign,C102735,control,2025-06-20,0,0.0
EXP001_checkout_redesign,C114062,control,2025-06-24,0,0.0
EXP001_checkout_redesign,C102079,treatment,2025-06-20,0,0.0
EXP001_checkout_redesign,C104403,control,2025-06-27,0,0.0
EXP001_checkout_redesign,C101934,treatment,2025-06-15,0,0.0
EXP001_checkout_redesign,C100480,control,2025-06-21,1,3707.22
EXP001_checkout_redesign,C105488,treatment,2025-06-27,0,0.0
EXP001_checkout_redesign,C107034,control,2025-06-26,0,0.0
EXP001_checkout_redesign,C104456,control,2025-06-11,0,0.0
EXP001_checkout_redesign,C108582,treatment,2025-06-15,0,0.0
EXP001_checkout_redesign,C101046,control,2025-06-23,0,0.0
EXP001_checkout_redesign,C104308,treatment,2025-06-22,0,0.0
EXP001_checkout_redesign,C109447,treatment,2025-06-05,0,0.0
EXP001_checkout_redesign,C110281,treatment,2025-06-16,0,0.0
EXP001_checkout_redesign,C101262,control,2025-06-02,0,0.0
EXP001_checkout_redesign,C108128,control,2025-06-30,1,2639.11
EXP001_checkout_redesign,C107457,treatment,2025-06-15,0,0.0
EXP001_checkout_redesign,C108368,treatment,2025-06-05,0,0.0
EXP001_checkout_redesign,C105900,control,2025-06-15,0,0.0
EXP001_checkout_redesign,C100908,treatment,2025-06-26,0,0.0
EXP001_checkout_redesign,C112801,treatment,2025-06-23,0,0.0
EXP001_checkout_redesign,C109287,treatment,2025-06-11,0,0.0
EXP001_checkout_redesign,C102734,treatment,2025-06-29,0,0.0
EXP001_checkout_redesign,C106024,control,2025-06-06,0,0.0
EXP001_checkout_redesign,C102577,treatment,2025-06-06,0,0.0
EXP001_checkout_redesign,C104179,control,2025-06-05,0,0.0
EXP001_checkout_redesign,C101685,control,2025-06-30,0,0.0
EXP001_checkout_redesign,C109402,control,2025-06-30,0,0.0
EXP001_checkout_redesign,C114373,control,2025-06-25,1,1478.07
EXP001_checkout_redesign,C103742,treatment,2025-06-01,0,0.0
EXP001_checkout_redesign,C108336,treatment,2025-06-20,1,5697.48
EXP001_checkout_redesign,C113596,treatment,2025-06-07,0,0.0
EXP001_checkout_redesign,C100721,treatment,2025-06-16,0,0.0
EXP001_checkout_redesign,C100201,control,2025-06-17,0,0.0
EXP001_checkout_redesign,C104006,control,2025-06-29,0,0.0
EXP001_checkout_redesign,C113497,control,2025-06-28,0,0.0
EXP001_checkout_redesign,C107729,treatment,2025-06-27,0,0.0
EXP001_checkout_redesign,C105963,control,2025-06-15,0,0.0
EXP001_checkout_redesign,C113572,control,2025-06-20,0,0.0
EXP001_checkout_redesign,C102458,treatment,2025-06-22,0,0.0
EXP001_checkout_redesign,C102932,control,2025-06-10,0,0.0
EXP001_checkout_redesign,C100579,control,2025-06-08,0,0.0
EXP001_checkout_redesign,C109058,treatment,2025-06-23,0,0.0
EXP001_checkout_redesign,C112537,control,2025-06-28,0,0.0
EXP001_checkout_redesign,C106870,control,2025-06-09,0,0.0
EXP001_checkout_redesign,C112669,control,2025-06-23,0,0.0
EXP001_checkout_redesign,C113996,control,2025-06-19,0,0.0
EXP001_checkout_redesign,C111290,control,2025-06-10,0,0.0
EXP001_checkout_redesign,C106819,treatment,2025-06-20,0,0.0
EXP001_checkout_redesign,C105241,control,2025-06-03,0,0.0
EXP001_checkout_redesign,C104444,control,2025-06-25,0,0.0
EXP001_checkout_redesign,C110952,treatment,2025-06-11,0,0.0
EXP001_checkout_redesign,C109364,treatment,2025-06-11,0,0.0
EXP001_checkout_redesign,C112828,control,2025-06-08,0,0.0
EXP001_checkout_redesign,C110803,treatment,2025-06-10,0,0.0
EXP001_checkout_redesign,C108225,control,2025-06-29,0,0.0
EXP001_checkout_redesign,C100862,control,2025-06-09,0,0.0
EXP001_checkout_redesign,C111493,treatment,2025-06-10,0,0.0
EXP001_checkout_redesign,C103656,control,2025-06-10,0,0.0
EXP001_checkout_redesign,C108450,treatment,2025-06-18,0,0.0
EXP001_checkout_redesign,C110990,control,2025-06-05,0,0.0
EXP001_checkout_redesign,C106568,treatment,2025-06-05,0,0.0
EXP001_checkout_redesign,C114009,treatment,2025-06-07,0,0.0
EXP001_checkout_redesign,C107620,control,2025-06-20,0,0.0
EXP001_checkout_redesign,C104625,treatment,2025-06-20,0,0.0
EXP001_checkout_redesign,C105090,control,2025-06-08,0,0.0
EXP001_checkout_redesign,C111016,control,2025-06-17,0,0.0
EXP001_checkout_redesign,C101415,control,2025-06-06,0,0.0
EXP001_checkout_redesign,C109061,control,2025-06-25,0,0.0
EXP001_checkout_redesign,C113615,treatment,2025-06-13,0,0.0
EXP001_checkout_redesign,C100130,control,2025-06-13,0,0.0
EXP001_checkout_redesign,C113712,treatment,2025-06-13,0,0.0
EXP001_checkout_redesign,C103287,treatment,2025-06-16,0,0.0
EXP001_checkout_redesign,C104777,control,2025-06-02,1,5154.38
EXP001_checkout_redesign,C109237,control,2025-06-05,0,0.0
EXP001_checkout_redesign,C104979,control,2025-06-10,0,0.0
EXP001_checkout_redesign,C110202,control,2025-06-10,1,3475.05
EXP001_checkout_redesign,C111661,treatment,2025-06-25,0,0.0
EXP001_checkout_redesign,C107600,treatment,2025-06-11,0,0.0
EXP001_checkout_redesign,C106033,treatment,2025-06-28,0,0.0
EXP001_checkout_redesign,C109694,control,2025-06-20,0,0.0
EXP001_checkout_redesign,C108083,control,2025-06-25,0,0.0
EXP001_checkout_redesign,C103201,control,2025-06-24,0,0.0
EXP001_checkout_redesign,C111601,treatment,2025-06-09,0,0.0
EXP001_checkout_redesign,C104016,control,2025-06-13,0,0.0
EXP001_checkout_redesign,C102466,treatment,2025-06-13,0,0.0
EXP001_checkout_redesign,C111590,control,2025-06-29,0,0.0
EXP001_checkout_redesign,C106718,treatment,2025-06-02,0,0.0
EXP001_checkout_redesign,C100391,control,2025-06-26,0,0.0
EXP001_checkout_redesign,C113247,control,2025-06-05,0,0.0
EXP001_checkout_redesign,C108872,treatment,2025-06-26,0,0.0
EXP001_checkout_redesign,C105675,treatment,2025-06-25,0,0.0
EXP001_checkout_redesign,C110419,treatment,2025-06-05,0,0.0
EXP001_checkout_redesign,C114124,treatment,2025-06-12,1,3726.6
EXP001_checkout_redesign,C110888,treatment,2025-06-20,0,0.0
EXP001_checkout_redesign,C100023,treatment,2025-06-08,0,0.0
EXP001_checkout_redesign,C106164,treatment,2025-06-06,0,0.0
EXP001_checkout_redesign,C114762,treatment,2025-06-18,0,0.0
EXP001_checkout_redesign,C101703,treatment,2025-06-08,0,0.0
EXP001_checkout_redesign,C103361,treatment,2025-06-28,0,0.0
EXP001_checkout_redesign,C108680,treatment,2025-06-21,0,0.0
EXP001_checkout_redesign,C103902,control,2025-06-23,0,0.0
EXP001_checkout_redesign,C112632,treatment,2025-06-20,0,0.0
EXP001_checkout_redesign,C108061,treatment,2025-06-25,0,0.0
EXP001_checkout_redesign,C112290,treatment,2025-06-02,0,0.0
EXP001_checkout_redesign,C102332,treatment,2025-06-28,0,0.0
EXP001_checkout_redesign,C104584,treatment,2025-06-10,0,0.0
EXP001_checkout_redesign,C111717,control,2025-06-25,0,0.0
EXP001_checkout_redesign,C100719,control,2025-06-20,0,0.0
EXP001_checkout_redesign,C113783,treatment,2025-06-06,0,0.0
EXP001_checkout_redesign,C108515,treatment,2025-06-05,0,0.0
EXP001_checkout_redesign,C106767,treatment,2025-06-16,0,0.0
EXP001_checkout_redesign,C106102,treatment,2025-06-03,0,0.0
EXP001_checkout_redesign,C111012,control,2025-06-23,0,0.0
EXP001_checkout_redesign,C113037,treatment,2025-06-04,0,0.0
EXP001_checkout_redesign,C109515,control,2025-06-01,0,0.0
EXP001_checkout_redesign,C101565,control,2025-06-14,0,0.0
EXP001_checkout_redesign,C114490,control,2025-06-14,0,0.0
EXP001_checkout_redesign,C102187,control,2025-06-24,0,0.0
EXP001_checkout_redesign,C110440,treatment,2025-06-19,0,0.0
EXP001_checkout_redesign,C106461,control,2025-06-06,0,0.0
EXP001_checkout_redesign,C101226,treatment,2025-06-12,0,0.0
EXP001_checkout_redesign,C114643,control,2025-06-18,0,0.0
EXP001_checkout_redesign,C109303,treatment,2025-06-09,0,0.0
EXP001_checkout_redesign,C112099,treatment,2025-06-20,0,0.0
EXP001_checkout_redesign,C112490,control,2025-06-23,1,2584.46
EXP001_checkout_redesign,C102141,control,2025-06-25,0,0.0
EXP001_checkout_redesign,C103879,control,2025-06-13,0,0.0
EXP001_checkout_redesign,C104778,control,2025-06-27,0,0.0
EXP001_checkout_redesign,C104276,treatment,2025-06-19,1,2685.47
EXP001_checkout_redesign,C105161,control,2025-06-13,0,0.0
EXP001_checkout_redesign,C112164,control,2025-06-19,0,0.0
EXP001_checkout_redesign,C105345,treatment,2025-06-19,0,0.0
EXP001_checkout_redesign,C105211,treatment,2025-06-30,0,0.0
EXP001_checkout_redesign,C107417,treatment,2025-06-21,0,0.0
EXP001_checkout_redesign,C104455,treatment,2025-06-10,0,0.0
EXP001_checkout_redesign,C103827,treatment,2025-06-06,0,0.0
EXP001_checkout_redesign,C101223,control,2025-06-03,0,0.0
EXP001_checkout_redesign,C103321,control,2025-06-26,0,0.0
EXP001_checkout_redesign,C111353,control,2025-06-16,0,0.0
EXP001_checkout_redesign,C109579,treatment,2025-06-09,1,5555.54
EXP001_checkout_redesign,C101785,control,2025-06-17,0,0.0
EXP001_checkout_redesign,C114502,control,2025-06-23,0,0.0
EXP001_checkout_redesign,C101731,control,2025-06-27,0,0.0
EXP001_checkout_redesign,C102693,treatment,2025-06-09,0,0.0
EXP001_checkout_redesign,C111202,treatment,2025-06-05,0,0.0
EXP001_checkout_redesign,C111641,control,2025-06-19,0,0.0
EXP001_checkout_redesign,C105145,control,2025-06-29,0,0.0
EXP001_checkout_redesign,C106660,control,2025-06-15,0,0.0
EXP001_checkout_redesign,C101978,control,2025-06-10,0,0.0
EXP001_checkout_redesign,C108780,treatment,2025-06-04,1,820.96
EXP001_checkout_redesign,C105870,treatment,2025-06-24,0,0.0
EXP001_checkout_redesign,C103401,treatment,2025-06-12,0,0.0
EXP001_checkout_redesign,C114298,treatment,2025-06-14,0,0.0
EXP001_checkout_redesign,C105051,treatment,2025-06-15,0,0.0
EXP001_checkout_redesign,C107591,control,2025-06-19,1,5056.31
EXP001_checkout_redesign,C104341,treatment,2025-06-05,0,0.0
EXP001_checkout_redesign,C114574,treatment,2025-06-12,0,0.0
EXP001_checkout_redesign,C101481,control,2025-06-03,0,0.0
EXP001_checkout_redesign,C102582,treatment,2025-06-15,1,1379.22
EXP001_checkout_redesign,C104984,control,2025-06-30,0,0.0
EXP001_checkout_redesign,C109884,treatment,2025-06-15,1,3619.35
EXP001_checkout_redesign,C100660,treatment,2025-06-12,0,0.0
EXP001_checkout_redesign,C113151,treatment,2025-06-15,0,0.0
EXP001_checkout_redesign,C105370,control,2025-06-06,0,0.0
EXP001_checkout_redesign,C113178,control,2025-06-28,0,0.0
EXP001_checkout_redesign,C110957,control,2025-06-17,0,0.0
EXP001_checkout_redesign,C113829,treatment,2025-06-23,0,0.0
EXP001_checkout_redesign,C105828,control,2025-06-15,0,0.0
EXP001_checkout_redesign,C106492,control,2025-06-15,0,0.0
EXP001_checkout_redesign,C108412,treatment,2025-06-11,1,5946.17
EXP001_checkout_redesign,C100802,treatment,2025-06-30,0,0.0
EXP001_checkout_redesign,C104896,treatment,2025-06-22,1,5535.98
EXP001_checkout_redesign,C114448,treatment,2025-06-12,0,0.0
EXP001_checkout_redesign,C102848,control,2025-06-22,0,0.0
EXP001_checkout_redesign,C100509,control,2025-06-19,1,2684.14
EXP001_checkout_redesign,C114259,control,2025-06-01,0,0.0
EXP001_checkout_redesign,C107408,treatment,2025-06-16,0,0.0
EXP001_checkout_redesign,C109108,treatment,2025-06-11,0,0.0
EXP001_checkout_redesign,C109013,treatment,2025-06-01,0,0.0
EXP001_checkout_redesign,C104093,control,2025-06-23,0,0.0
EXP001_checkout_redesign,C101551,control,2025-06-04,0,0.0
EXP001_checkout_redesign,C111215,control,2025-06-30,0,0.0
EXP001_checkout_redesign,C114027,control,2025-06-06,1,3166.75
EXP001_checkout_redesign,C113111,treatment,2025-06-04,0,0.0
EXP001_checkout_redesign,C113645,treatment,2025-06-24,0,0.0
EXP001_checkout_redesign,C100195,treatment,2025-06-28,0,0.0
EXP001_checkout_redesign,C101010,control,2025-06-25,0,0.0
EXP001_checkout_redesign,C103641,control,2025-06-02,0,0.0
EXP001_checkout_redesign,C110667,control,2025-06-17,1,5914.23
EXP001_checkout_redesign,C103246,control,2025-06-01,0,0.0
EXP001_checkout_redesign,C112212,treatment,2025-06-30,0,0.0
EXP001_checkout_redesign,C106098,treatment,2025-06-13,0,0.0
EXP001_checkout_redesign,C110326,control,2025-06-12,0,0.0
EXP001_checkout_redesign,C112867,control,2025-06-28,0,0.0
EXP001_checkout_redesign,C101376,control,2025-06-23,1,1770.62
EXP001_checkout_redesign,C109540,treatment,2025-06-29,0,0.0
EXP001_checkout_redesign,C109602,control,2025-06-30,0,0.0
EXP001_checkout_redesign,C104240,control,2025-06-02,0,0.0
EXP001_checkout_redesign,C101228,control,2025-06-19,0,0.0
EXP001_checkout_redesign,C100357,control,2025-06-12,1,3650.42
EXP001_checkout_redesign,C101056,treatment,2025-06-04,0,0.0
EXP001_checkout_redesign,C103239,treatment,2025-06-25,0,0.0
EXP001_checkout_redesign,C110583,treatment,2025-06-26,0,0.0
EXP001_checkout_redesign,C107265,treatment,2025-06-18,0,0.0
EXP001_checkout_redesign,C102110,treatment,2025-06-30,0,0.0
EXP001_checkout_redesign,C101506,control,2025-06-26,0,0.0
EXP001_checkout_redesign,C111277,control,2025-06-02,0,0.0
EXP001_checkout_redesign,C112266,control,2025-06-29,0,0.0
EXP001_checkout_redesign,C100699,control,2025-06-01,0,0.0
EXP001_checkout_redesign,C107552,control,2025-06-24,0,0.0
EXP001_checkout_redesign,C112260,control,2025-06-30,0,0.0
EXP001_checkout_redesign,C102752,treatment,2025-06-13,0,0.0
EXP001_checkout_redesign,C110766,control,2025-06-24,0,0.0
EXP001_checkout_redesign,C107096,control,2025-06-05,0,0.0
EXP001_checkout_redesign,C106471,treatment,2025-06-19,0,0.0
EXP001_checkout_redesign,C110778,treatment,2025-06-01,0,0.0
EXP001_checkout_redesign,C100483,treatment,2025-06-02,1,3255.36
EXP001_checkout_redesign,C110929,control,2025-06-14,0,0.0
EXP001_checkout_redesign,C106990,control,2025-06-09,0,0.0
EXP001_checkout_redesign,C102831,treatment,2025-06-08,0,0.0
EXP001_checkout_redesign,C105799,treatment,2025-06-26,0,0.0
EXP001_checkout_redesign,C103517,treatment,2025-06-11,0,0.0
EXP001_checkout_redesign,C103066,treatment,2025-06-04,1,1431.18
EXP001_checkout_redesign,C113175,control,2025-06-29,0,0.0
EXP001_checkout_redesign,C104585,treatment,2025-06-03,0,0.0
EXP001_checkout_redesign,C107307,treatment,2025-06-05,0,0.0
EXP001_checkout_redesign,C102435,control,2025-06-24,0,0.0
EXP001_checkout_redesign,C100567,control,2025-06-14,0,0.0
EXP001_checkout_redesign,C111204,treatment,2025-06-10,0,0.0
EXP001_checkout_redesign,C110144,control,2025-06-06,0,0.0
EXP001_checkout_redesign,C110108,control,2025-06-10,0,0.0
EXP001_checkout_redesign,C111616,treatment,2025-06-11,0,0.0
EXP001_checkout_redesign,C113370,treatment,2025-06-20,0,0.0
EXP001_checkout_redesign,C108173,control,2025-06-08,0,0.0
EXP001_checkout_redesign,C106750,treatment,2025-06-04,0,0.0
EXP001_checkout_redesign,C109022,treatment,2025-06-21,0,0.0
EXP001_checkout_redesign,C111348,control,2025-06-18,0,0.0
EXP001_checkout_redesign,C100999,control,2025-06-26,1,1553.99
EXP001_checkout_redesign,C101437,control,2025-06-20,0,0.0
EXP001_checkout_redesign,C113833,control,2025-06-26,0,0.0
EXP001_checkout_redesign,C114174,control,2025-06-14,0,0.0
EXP001_checkout_redesign,C111572,treatment,2025-06-26,0,0.0
EXP001_checkout_redesign,C111774,control,2025-06-03,1,1299.6
EXP001_checkout_redesign,C111999,treatment,2025-06-12,0,0.0
EXP001_checkout_redesign,C113079,treatment,2025-06-15,0,0.0
EXP001_checkout_redesign,C108614,treatment,2025-06-28,0,0.0
EXP001_checkout_redesign,C114227,treatment,2025-06-24,0,0.0
EXP001_checkout_redesign,C110334,treatment,2025-06-08,0,0.0
EXP001_checkout_redesign,C112950,control,2025-06-14,0,0.0
EXP001_checkout_redesign,C114768,treatment,2025-06-23,0,0.0
EXP001_checkout_redesign,C111812,treatment,2025-06-06,0,0.0
EXP001_checkout_redesign,C105883,control,2025-06-25,0,0.0
EXP001_checkout_redesign,C107859,treatment,2025-06-14,0,0.0
EXP001_checkout_redesign,C108921,control,2025-06-04,0,0.0
EXP001_checkout_redesign,C107940,treatment,2025-06-20,0,0.0
EXP001_checkout_redesign,C105636,control,2025-06-06,0,0.0
EXP001_checkout_redesign,C111100,control,2025-06-16,0,0.0
EXP001_checkout_redesign,C108231,treatment,2025-06-17,0,0.0
EXP001_checkout_redesign,C111653,control,2025-06-02,0,0.0
EXP001_checkout_redesign,C111695,control,2025-06-18,0,0.0
EXP001_checkout_redesign,C104430,treatment,2025-06-13,0,0.0
EXP001_checkout_redesign,C102946,treatment,2025-06-26,0,0.0
EXP001_checkout_redesign,C100427,treatment,2025-06-20,1,5038.72
EXP001_checkout_redesign,C111747,treatment,2025-06-16,0,0.0
EXP001_checkout_redesign,C113263,treatment,2025-06-21,0,0.0
EXP001_checkout_redesign,C113413,treatment,2025-06-13,0,0.0
EXP001_checkout_redesign,C110788,control,2025-06-14,0,0.0
EXP001_checkout_redesign,C104602,treatment,2025-06-30,0,0.0
EXP001_checkout_redesign,C100959,treatment,2025-06-18,1,4327.93
EXP001_checkout_redesign,C107728,treatment,2025-06-08,0,0.0
EXP001_checkout_redesign,C112452,treatment,2025-06-05,0,0.0
EXP001_checkout_redesign,C105856,treatment,2025-06-24,0,0.0
EXP001_checkout_redesign,C111626,treatment,2025-06-09,1,4652.65
EXP001_checkout_redesign,C103813,treatment,2025-06-15,0,0.0
EXP001_checkout_redesign,C114958,treatment,2025-06-29,0,0.0
EXP001_checkout_redesign,C101640,treatment,2025-06-27,0,0.0
EXP001_checkout_redesign,C104060,control,2025-06-09,0,0.0
EXP001_checkout_redesign,C103951,control,2025-06-20,1,2340.88
EXP001_checkout_redesign,C104366,control,2025-06-10,0,0.0
EXP001_checkout_redesign,C111649,treatment,2025-06-18,0,0.0
EXP001_checkout_redesign,C114875,treatment,2025-06-14,0,0.0
EXP001_checkout_redesign,C103594,control,2025-06-27,0,0.0
EXP001_checkout_redesign,C114151,treatment,2025-06-18,0,0.0
EXP001_checkout_redesign,C110533,control,2025-06-16,0,0.0
EXP001_checkout_redesign,C113953,treatment,2025-06-28,1,4881.69
EXP001_checkout_redesign,C102846,treatment,2025-06-05,0,0.0
EXP001_checkout_redesign,C113991,treatment,2025-06-10,0,0.0
EXP001_checkout_redesign,C103875,treatment,2025-06-20,0,0.0
EXP001_checkout_redesign,C113977,control,2025-06-06,0,0.0
EXP001_checkout_redesign,C105210,treatment,2025-06-09,0,0.0
EXP001_checkout_redesign,C105878,control,2025-06-23,0,0.0
EXP001_checkout_redesign,C109692,treatment,2025-06-16,0,0.0
EXP001_checkout_redesign,C100462,control,2025-06-28,0,0.0
EXP001_checkout_redesign,C113103,treatment,2025-06-30,0,0.0
EXP001_checkout_redesign,C109300,treatment,2025-06-11,1,1653.11
EXP001_checkout_redesign,C112319,treatment,2025-06-20,0,0.0
EXP001_checkout_redesign,C102328,treatment,2025-06-23,0,0.0
EXP001_checkout_redesign,C109225,control,2025-06-18,0,0.0
EXP001_checkout_redesign,C112853,control,2025-06-05,0,0.0
EXP001_checkout_redesign,C108064,control,2025-06-28,0,0.0
EXP001_checkout_redesign,C111598,control,2025-06-27,0,0.0
EXP001_checkout_redesign,C105063,control,2025-06-09,0,0.0
EXP001_checkout_redesign,C102876,treatment,2025-06-11,1,2705.62
EXP001_checkout_redesign,C108035,control,2025-06-30,0,0.0
EXP001_checkout_redesign,C100621,control,2025-06-09,0,0.0
EXP001_checkout_redesign,C101478,control,2025-06-04,0,0.0
EXP001_checkout_redesign,C112879,treatment,2025-06-08,0,0.0
EXP001_checkout_redesign,C114978,control,2025-06-05,0,0.0
EXP001_checkout_redesign,C109857,control,2025-06-03,0,0.0
EXP001_checkout_redesign,C103584,control,2025-06-29,0,0.0
EXP001_checkout_redesign,C100326,control,2025-06-22,1,1685.05
EXP001_checkout_redesign,C111546,treatment,2025-06-04,0,0.0
EXP001_checkout_redesign,C107831,treatment,2025-06-29,0,0.0
EXP001_checkout_redesign,C110981,control,2025-06-16,0,0.0
EXP001_checkout_redesign,C112116,treatment,2025-06-13,0,0.0
EXP001_checkout_redesign,C113276,treatment,2025-06-03,0,0.0
EXP001_checkout_redesign,C103300,control,2025-06-04,0,0.0
EXP001_checkout_redesign,C102137,treatment,2025-06-29,0,0.0
EXP001_checkout_redesign,C113850,treatment,2025-06-01,0,0.0
EXP001_checkout_redesign,C102907,treatment,2025-06-26,0,0.0
EXP001_checkout_redesign,C111932,treatment,2025-06-08,0,0.0
EXP001_checkout_redesign,C100975,treatment,2025-06-09,0,0.0
EXP001_checkout_redesign,C113433,treatment,2025-06-22,1,2334.37
EXP001_checkout_redesign,C102420,treatment,2025-06-05,1,1845.88
EXP001_checkout_redesign,C109611,treatment,2025-06-12,0,0.0
EXP001_checkout_redesign,C102320,control,2025-06-09,0,0.0
EXP001_checkout_redesign,C101817,treatment,2025-06-04,0,0.0
EXP001_checkout_redesign,C108622,treatment,2025-06-30,0,0.0
EXP001_checkout_redesign,C105978,treatment,2025-06-17,0,0.0
EXP001_checkout_redesign,C114545,control,2025-06-12,0,0.0
EXP001_checkout_redesign,C106120,control,2025-06-13,0,0.0
EXP001_checkout_redesign,C111206,treatment,2025-06-11,0,0.0
EXP001_checkout_redesign,C109601,control,2025-06-23,0,0.0
EXP001_checkout_redesign,C101655,control,2025-06-17,0,0.0
EXP001_checkout_redesign,C114950,treatment,2025-06-30,0,0.0
EXP001_checkout_redesign,C111741,control,2025-06-15,0,0.0
EXP001_checkout_redesign,C105285,control,2025-06-28,0,0.0
EXP001_checkout_redesign,C102235,control,2025-06-09,1,3888.09
EXP001_checkout_redesign,C112408,control,2025-06-04,0,0.0
EXP001_checkout_redesign,C107157,control,2025-06-12,0,0.0
EXP001_checkout_redesign,C107982,control,2025-06-03,0,0.0
EXP001_checkout_redesign,C114216,control,2025-06-20,0,0.0
EXP001_checkout_redesign,C113221,treatment,2025-06-17,0,0.0
EXP001_checkout_redesign,C109207,control,2025-06-22,0,0.0
EXP001_checkout_redesign,C110055,control,2025-06-07,0,0.0
EXP001_checkout_redesign,C105846,control,2025-06-07,0,0.0
EXP001_checkout_redesign,C114993,treatment,2025-06-21,0,0.0
EXP001_checkout_redesign,C109649,treatment,2025-06-30,0,0.0
EXP001_checkout_redesign,C102872,treatment,2025-06-26,1,1482.3
EXP001_checkout_redesign,C106199,control,2025-06-12,1,1667.54
EXP001_checkout_redesign,C111909,treatment,2025-06-26,0,0.0
EXP001_checkout_redesign,C104825,control,2025-06-21,0,0.0
EXP001_checkout_redesign,C111796,treatment,2025-06-22,0,0.0
EXP001_checkout_redesign,C102911,control,2025-06-10,0,0.0
EXP001_checkout_redesign,C100029,control,2025-06-28,0,0.0
EXP001_checkout_redesign,C109385,control,2025-06-08,0,0.0
EXP001_checkout_redesign,C106415,treatment,2025-06-09,0,0.0
EXP001_checkout_redesign,C109297,treatment,2025-06-14,0,0.0
EXP001_checkout_redesign,C112463,treatment,2025-06-06,0,0.0
EXP001_checkout_redesign,C102983,treatment,2025-06-19,0,0.0
EXP001_checkout_redesign,C112912,treatment,2025-06-22,0,0.0
EXP001_checkout_redesign,C113567,control,2025-06-15,0,0.0
EXP001_checkout_redesign,C110016,control,2025-06-20,0,0.0
EXP001_checkout_redesign,C103619,treatment,2025-06-20,0,0.0
EXP001_checkout_redesign,C109265,control,2025-06-27,1,4174.13
EXP001_checkout_redesign,C101705,treatment,2025-06-27,0,0.0
EXP001_checkout_redesign,C112525,control,2025-06-07,0,0.0
EXP001_checkout_redesign,C102304,control,2025-06-22,0,0.0
EXP001_checkout_redesign,C114375,treatment,2025-06-24,0,0.0
EXP001_checkout_redesign,C101274,control,2025-06-27,0,0.0
EXP001_checkout_redesign,C114698,treatment,2025-06-08,0,0.0
EXP001_checkout_redesign,C105682,control,2025-06-03,0,0.0
EXP001_checkout_redesign,C105234,control,2025-06-11,0,0.0
EXP001_checkout_redesign,C102750,control,2025-06-04,0,0.0
EXP001_checkout_redesign,C101453,control,2025-06-02,1,5823.43
EXP001_checkout_redesign,C105500,treatment,2025-06-01,0,0.0
EXP001_checkout_redesign,C107317,treatment,2025-06-07,1,4559.39
EXP001_checkout_redesign,C100186,control,2025-06-24,0,0.0
EXP001_checkout_redesign,C114535,treatment,2025-06-12,1,5508.07
EXP001_checkout_redesign,C103435,treatment,2025-06-08,1,4658.08
EXP001_checkout_redesign,C114443,treatment,2025-06-13,0,0.0
EXP001_checkout_redesign,C101110,control,2025-06-06,0,0.0
EXP001_checkout_redesign,C105742,treatment,2025-06-07,0,0.0
EXP001_checkout_redesign,C104205,treatment,2025-06-24,0,0.0
EXP001_checkout_redesign,C101770,treatment,2025-06-20,0,0.0
EXP001_checkout_redesign,C100020,treatment,2025-06-24,0,0.0
EXP001_checkout_redesign,C100788,control,2025-06-06,0,0.0
EXP001_checkout_redesign,C106323,control,2025-06-12,0,0.0
EXP001_checkout_redesign,C112473,treatment,2025-06-07,0,0.0
EXP001_checkout_redesign,C106875,treatment,2025-06-10,0,0.0
EXP001_checkout_redesign,C111286,treatment,2025-06-30,0,0.0
EXP001_checkout_redesign,C106783,control,2025-06-07,0,0.0
EXP001_checkout_redesign,C108078,treatment,2025-06-24,0,0.0
EXP001_checkout_redesign,C106204,treatment,2025-06-27,0,0.0
EXP001_checkout_redesign,C105754,control,2025-06-30,0,0.0
EXP001_checkout_redesign,C108946,control,2025-06-15,0,0.0
EXP001_checkout_redesign,C114037,treatment,2025-06-21,0,0.0
EXP001_checkout_redesign,C101661,control,2025-06-02,0,0.0
EXP001_checkout_redesign,C107855,control,2025-06-08,0,0.0
EXP001_checkout_redesign,C109470,control,2025-06-17,0,0.0
EXP001_checkout_redesign,C103695,control,2025-06-16,1,5571.4
EXP001_checkout_redesign,C114904,control,2025-06-29,0,0.0
EXP001_checkout_redesign,C107393,control,2025-06-13,0,0.0
EXP001_checkout_redesign,C101207,control,2025-06-18,0,0.0
EXP001_checkout_redesign,C100547,control,2025-06-21,0,0.0
EXP001_checkout_redesign,C113165,treatment,2025-06-04,0,0.0
EXP001_checkout_redesign,C100328,treatment,2025-06-12,0,0.0
EXP001_checkout_redesign,C112667,control,2025-06-11,0,0.0
EXP001_checkout_redesign,C104278,treatment,2025-06-02,0,0.0
EXP001_checkout_redesign,C101715,treatment,2025-06-20,0,0.0
EXP001_checkout_redesign,C112370,treatment,2025-06-23,0,0.0
EXP001_checkout_redesign,C105600,control,2025-06-21,0,0.0
EXP001_checkout_redesign,C102787,treatment,2025-06-16,0,0.0
EXP001_checkout_redesign,C106151,treatment,2025-06-13,0,0.0
EXP001_checkout_redesign,C102636,treatment,2025-06-04,0,0.0
EXP001_checkout_redesign,C110594,treatment,2025-06-02,0,0.0
EXP001_checkout_redesign,C108962,control,2025-06-18,0,0.0
EXP001_checkout_redesign,C113344,treatment,2025-06-01,0,0.0
EXP001_checkout_redesign,C105536,treatment,2025-06-26,0,0.0
EXP001_checkout_redesign,C109732,treatment,2025-06-30,0,0.0
EXP001_checkout_redesign,C110053,control,2025-06-22,0,0.0
EXP001_checkout_redesign,C114344,treatment,2025-06-06,1,3182.08
EXP001_checkout_redesign,C100507,control,2025-06-20,1,4023.6
EXP001_checkout_redesign,C114337,control,2025-06-25,1,4332.9
EXP001_checkout_redesign,C102703,control,2025-06-29,0,0.0
EXP001_checkout_redesign,C109950,treatment,2025-06-20,1,2552.56
EXP001_checkout_redesign,C107113,control,2025-06-19,0,0.0
EXP001_checkout_redesign,C113797,control,2025-06-27,0,0.0
EXP001_checkout_redesign,C100877,control,2025-06-10,0,0.0
EXP001_checkout_redesign,C101659,treatment,2025-06-09,0,0.0
EXP001_checkout_redesign,C105424,treatment,2025-06-17,0,0.0
EXP001_checkout_redesign,C103367,control,2025-06-29,0,0.0
EXP001_checkout_redesign,C103112,treatment,2025-06-15,0,0.0
EXP001_checkout_redesign,C106705,treatment,2025-06-02,0,0.0
EXP001_checkout_redesign,C109078,treatment,2025-06-17,0,0.0
EXP001_checkout_redesign,C114179,control,2025-06-07,0,0.0
EXP001_checkout_redesign,C104346,treatment,2025-06-28,0,0.0
EXP001_checkout_redesign,C104612,treatment,2025-06-29,0,0.0
EXP001_checkout_redesign,C104872,control,2025-06-16,0,0.0
EXP001_checkout_redesign,C112730,control,2025-06-17,0,0.0
EXP001_checkout_redesign,C101571,treatment,2025-06-27,0,0.0
EXP001_checkout_redesign,C100813,treatment,2025-06-27,0,0.0
EXP001_checkout_redesign,C111335,control,2025-06-01,1,2638.79
EXP001_checkout_redesign,C109367,treatment,2025-06-22,0,0.0
EXP001_checkout_redesign,C109005,control,2025-06-22,0,0.0
EXP001_checkout_redesign,C108043,control,2025-06-27,0,0.0
EXP001_checkout_redesign,C102516,treatment,2025-06-16,0,0.0
EXP001_checkout_redesign,C113865,control,2025-06-28,0,0.0
EXP001_checkout_redesign,C105911,treatment,2025-06-21,0,0.0
EXP001_checkout_redesign,C100062,treatment,2025-06-04,0,0.0
EXP001_checkout_redesign,C107005,control,2025-06-16,0,0.0
EXP001_checkout_redesign,C101435,treatment,2025-06-24,1,3895.36
EXP001_checkout_redesign,C110441,treatment,2025-06-03,0,0.0
EXP001_checkout_redesign,C110241,control,2025-06-01,0,0.0
EXP001_checkout_redesign,C109833,treatment,2025-06-17,0,0.0
EXP001_checkout_redesign,C107869,control,2025-06-05,0,0.0
EXP001_checkout_redesign,C112705,control,2025-06-03,0,0.0
EXP001_checkout_redesign,C101589,treatment,2025-06-19,0,0.0
EXP001_checkout_redesign,C100421,treatment,2025-06-11,0,0.0
EXP001_checkout_redesign,C114578,treatment,2025-06-15,0,0.0
EXP001_checkout_redesign,C102798,treatment,2025-06-02,0,0.0
EXP001_checkout_redesign,C111402,control,2025-06-25,0,0.0
EXP001_checkout_redesign,C101342,treatment,2025-06-27,0,0.0
EXP001_checkout_redesign,C114917,treatment,2025-06-29,0,0.0
EXP001_checkout_redesign,C101892,treatment,2025-06-22,1,1518.53
EXP001_checkout_redesign,C105052,control,2025-06-07,0,0.0
EXP001_checkout_redesign,C113531,control,2025-06-18,0,0.0
EXP001_checkout_redesign,C107715,control,2025-06-27,0,0.0
EXP001_checkout_redesign,C108013,treatment,2025-06-01,0,0.0
EXP001_checkout_redesign,C113320,control,2025-06-08,0,0.0
EXP001_checkout_redesign,C101493,control,2025-06-30,0,0.0
EXP001_checkout_redesign,C112600,treatment,2025-06-16,0,0.0
EXP001_checkout_redesign,C106349,treatment,2025-06-26,1,5354.68
EXP001_checkout_redesign,C103029,control,2025-06-15,0,0.0
EXP001_checkout_redesign,C113305,control,2025-06-04,0,0.0
EXP001_checkout_redesign,C106249,treatment,2025-06-13,0,0.0
EXP001_checkout_redesign,C106052,treatment,2025-06-25,0,0.0
EXP001_checkout_redesign,C103056,control,2025-06-12,0,0.0
EXP001_checkout_redesign,C114857,control,2025-06-09,0,0.0
EXP001_checkout_redesign,C100731,control,2025-06-13,1,1581.11
EXP001_checkout_redesign,C104313,control,2025-06-11,0,0.0
EXP001_checkout_redesign,C113719,control,2025-06-12,0,0.0
EXP001_checkout_redesign,C114058,treatment,2025-06-04,0,0.0
EXP001_checkout_redesign,C114793,treatment,2025-06-26,0,0.0
EXP001_checkout_redesign,C103706,control,2025-06-03,0,0.0
EXP001_checkout_redesign,C104400,treatment,2025-06-05,0,0.0
EXP001_checkout_redesign,C109244,treatment,2025-06-06,0,0.0
EXP001_checkout_redesign,C101009,treatment,2025-06-26,1,1288.41
EXP001_checkout_redesign,C102476,treatment,2025-06-04,0,0.0
EXP001_checkout_redesign,C112193,treatment,2025-06-01,0,0.0
EXP001_checkout_redesign,C111444,control,2025-06-23,0,0.0
EXP001_checkout_redesign,C113912,control,2025-06-05,0,0.0
EXP001_checkout_redesign,C108871,treatment,2025-06-02,0,0.0
EXP001_checkout_redesign,C106782,control,2025-06-14,0,0.0
EXP001_checkout_redesign,C109662,treatment,2025-06-11,0,0.0
EXP001_checkout_redesign,C113511,treatment,2025-06-30,0,0.0
EXP001_checkout_redesign,C109070,control,2025-06-09,0,0.0
EXP001_checkout_redesign,C110555,treatment,2025-06-08,0,0.0
EXP001_checkout_redesign,C106342,control,2025-06-26,1,1259.95
EXP001_checkout_redesign,C113818,treatment,2025-06-07,0,0.0
EXP001_checkout_redesign,C106858,treatment,2025-06-29,0,0.0
EXP001_checkout_redesign,C108773,treatment,2025-06-15,0,0.0
EXP001_checkout_redesign,C107779,control,2025-06-09,0,0.0
EXP001_checkout_redesign,C111050,control,2025-06-10,0,0.0
EXP001_checkout_redesign,C103860,treatment,2025-06-18,0,0.0
EXP001_checkout_redesign,C107803,control,2025-06-30,0,0.0
EXP001_checkout_redesign,C111956,treatment,2025-06-29,0,0.0
EXP001_checkout_redesign,C112516,control,2025-06-19,0,0.0
EXP001_checkout_redesign,C106468,treatment,2025-06-25,1,1041.35
EXP001_checkout_redesign,C100568,treatment,2025-06-22,0,0.0
EXP001_checkout_redesign,C108226,treatment,2025-06-02,0,0.0
EXP001_checkout_redesign,C109358,control,2025-06-22,0,0.0
EXP001_checkout_redesign,C108467,treatment,2025-06-14,0,0.0
EXP001_checkout_redesign,C109363,control,2025-06-30,0,0.0
EXP001_checkout_redesign,C110162,control,2025-06-21,0,0.0
EXP001_checkout_redesign,C102415,control,2025-06-10,0,0.0
EXP001_checkout_redesign,C101970,control,2025-06-05,0,0.0
EXP001_checkout_redesign,C111306,control,2025-06-05,1,2709.75
EXP001_checkout_redesign,C102832,treatment,2025-06-02,0,0.0
EXP001_checkout_redesign,C102738,treatment,2025-06-30,1,2153.48
EXP001_checkout_redesign,C103471,control,2025-06-22,0,0.0
EXP001_checkout_redesign,C103157,control,2025-06-13,0,0.0
EXP001_checkout_redesign,C113367,treatment,2025-06-07,0,0.0
EXP001_checkout_redesign,C112777,treatment,2025-06-25,1,1034.98
EXP001_checkout_redesign,C106936,control,2025-06-30,0,0.0
EXP001_checkout_redesign,C101283,control,2025-06-21,1,1329.95
EXP001_checkout_redesign,C107133,control,2025-06-27,0,0.0
EXP001_checkout_redesign,C103308,control,2025-06-15,1,5800.79
EXP001_checkout_redesign,C102422,treatment,2025-06-27,1,1153.47
EXP001_checkout_redesign,C112792,treatment,2025-06-21,0,0.0
EXP001_checkout_redesign,C104225,control,2025-06-15,0,0.0
EXP001_checkout_redesign,C114180,control,2025-06-25,0,0.0
EXP001_checkout_redesign,C101097,control,2025-06-06,1,4182.98
EXP001_checkout_redesign,C111076,control,2025-06-07,0,0.0
EXP001_checkout_redesign,C106358,treatment,2025-06-04,0,0.0
EXP001_checkout_redesign,C113121,control,2025-06-04,1,1575.23
EXP001_checkout_redesign,C106510,treatment,2025-06-01,0,0.0
EXP001_checkout_redesign,C114932,control,2025-06-11,0,0.0
EXP001_checkout_redesign,C105343,treatment,2025-06-05,0,0.0
EXP001_checkout_redesign,C104525,control,2025-06-02,0,0.0
EXP001_checkout_redesign,C108514,control,2025-06-05,0,0.0
EXP001_checkout_redesign,C107506,treatment,2025-06-05,0,0.0
EXP001_checkout_redesign,C111403,treatment,2025-06-20,0,0.0
EXP001_checkout_redesign,C110208,treatment,2025-06-13,0,0.0
EXP001_checkout_redesign,C111674,control,2025-06-12,0,0.0
EXP001_checkout_redesign,C112580,treatment,2025-06-10,0,0.0
EXP001_checkout_redesign,C106874,control,2025-06-13,0,0.0
EXP001_checkout_redesign,C101843,control,2025-06-09,0,0.0
EXP001_checkout_redesign,C114255,treatment,2025-06-05,0,0.0
EXP001_checkout_redesign,C102451,treatment,2025-06-06,0,0.0
EXP001_checkout_redesign,C102428,treatment,2025-06-30,0,0.0
EXP001_checkout_redesign,C109283,control,2025-06-17,0,0.0
EXP001_checkout_redesign,C111071,control,2025-06-28,0,0.0
EXP001_checkout_redesign,C109546,control,2025-06-05,0,0.0
EXP001_checkout_redesign,C112015,treatment,2025-06-28,0,0.0
EXP001_checkout_redesign,C101730,treatment,2025-06-25,0,0.0
EXP001_checkout_redesign,C109219,control,2025-06-28,0,0.0
EXP001_checkout_redesign,C114911,treatment,2025-06-11,0,0.0
EXP001_checkout_redesign,C112540,control,2025-06-06,0,0.0
EXP001_checkout_redesign,C111685,treatment,2025-06-09,0,0.0
EXP001_checkout_redesign,C105633,treatment,2025-06-12,0,0.0
EXP001_checkout_redesign,C106732,treatment,2025-06-29,0,0.0
EXP001_checkout_redesign,C104327,control,2025-06-04,0,0.0
EXP001_checkout_redesign,C110552,treatment,2025-06-18,1,4267.93
EXP001_checkout_redesign,C107955,control,2025-06-15,0,0.0
EXP001_checkout_redesign,C109372,control,2025-06-25,0,0.0
EXP001_checkout_redesign,C114123,control,2025-06-04,0,0.0
EXP001_checkout_redesign,C107750,control,2025-06-14,0,0.0
EXP001_checkout_redesign,C111978,treatment,2025-06-27,1,4765.03
EXP001_checkout_redesign,C102821,control,2025-06-30,0,0.0
EXP001_checkout_redesign,C104512,treatment,2025-06-18,0,0.0
EXP001_checkout_redesign,C106602,control,2025-06-17,0,0.0
EXP001_checkout_redesign,C102356,treatment,2025-06-02,0,0.0
EXP001_checkout_redesign,C110129,control,2025-06-21,0,0.0
EXP001_checkout_redesign,C109972,treatment,2025-06-19,1,4812.46
EXP001_checkout_redesign,C106581,control,2025-06-29,0,0.0
EXP001_checkout_redesign,C100635,control,2025-06-22,0,0.0
EXP001_checkout_redesign,C112939,treatment,2025-06-14,0,0.0
EXP001_checkout_redesign,C105431,treatment,2025-06-04,0,0.0
EXP001_checkout_redesign,C103892,treatment,2025-06-02,0,0.0
EXP001_checkout_redesign,C100807,treatment,2025-06-13,0,0.0
EXP001_checkout_redesign,C107785,control,2025-06-07,0,0.0
EXP001_checkout_redesign,C110307,treatment,2025-06-28,0,0.0
EXP001_checkout_redesign,C110681,control,2025-06-27,0,0.0
EXP001_checkout_redesign,C100331,treatment,2025-06-22,0,0.0
EXP001_checkout_redesign,C105535,treatment,2025-06-08,0,0.0
EXP001_checkout_redesign,C104965,control,2025-06-29,0,0.0
EXP001_checkout_redesign,C105094,treatment,2025-06-10,0,0.0
EXP001_checkout_redesign,C114898,treatment,2025-06-21,0,0.0
EXP001_checkout_redesign,C108054,treatment,2025-06-03,0,0.0
EXP001_checkout_redesign,C101609,treatment,2025-06-04,0,0.0
EXP001_checkout_redesign,C103734,treatment,2025-06-21,0,0.0
EXP001_checkout_redesign,C102201,treatment,2025-06-21,0,0.0
EXP001_checkout_redesign,C111735,treatment,2025-06-06,0,0.0
EXP001_checkout_redesign,C113027,treatment,2025-06-25,0,0.0
EXP001_checkout_redesign,C105257,treatment,2025-06-20,0,0.0
EXP001_checkout_redesign,C104414,treatment,2025-06-07,0,0.0
EXP001_checkout_redesign,C106828,control,2025-06-07,0,0.0
EXP001_checkout_redesign,C111679,treatment,2025-06-22,0,0.0
EXP001_checkout_redesign,C101462,treatment,2025-06-17,0,0.0
EXP001_checkout_redesign,C103079,treatment,2025-06-25,0,0.0
EXP001_checkout_redesign,C113455,treatment,2025-06-06,0,0.0
EXP001_checkout_redesign,C111506,control,2025-06-19,0,0.0
EXP001_checkout_redesign,C106671,treatment,2025-06-27,0,0.0
EXP001_checkout_redesign,C107937,treatment,2025-06-18,0,0.0
EXP001_checkout_redesign,C108462,control,2025-06-30,0,0.0
EXP001_checkout_redesign,C112674,treatment,2025-06-12,0,0.0
EXP001_checkout_redesign,C110486,treatment,2025-06-28,0,0.0
EXP001_checkout_redesign,C111941,control,2025-06-19,0,0.0
EXP001_checkout_redesign,C114418,control,2025-06-11,0,0.0
EXP001_checkout_redesign,C101075,treatment,2025-06-17,0,0.0
EXP001_checkout_redesign,C105097,treatment,2025-06-03,0,0.0
EXP001_checkout_redesign,C108303,treatment,2025-06-15,0,0.0
EXP001_checkout_redesign,C106609,treatment,2025-06-05,0,0.0
EXP001_checkout_redesign,C113308,treatment,2025-06-04,0,0.0
EXP001_checkout_redesign,C112126,control,2025-06-26,0,0.0
EXP001_checkout_redesign,C109317,treatment,2025-06-01,0,0.0
EXP001_checkout_redesign,C113072,control,2025-06-21,0,0.0
EXP001_checkout_redesign,C111969,control,2025-06-03,0,0.0
EXP001_checkout_redesign,C103158,treatment,2025-06-10,1,2417.23
EXP001_checkout_redesign,C103288,treatment,2025-06-27,0,0.0
EXP001_checkout_redesign,C111702,treatment,2025-06-30,0,0.0
EXP001_checkout_redesign,C104087,control,2025-06-13,1,4530.21
EXP001_checkout_redesign,C100541,control,2025-06-30,0,0.0
EXP001_checkout_redesign,C114224,control,2025-06-07,0,0.0
EXP001_checkout_redesign,C114752,treatment,2025-06-14,0,0.0
EXP001_checkout_redesign,C105904,treatment,2025-06-26,0,0.0
EXP001_checkout_redesign,C114266,control,2025-06-30,0,0.0
EXP001_checkout_redesign,C104488,treatment,2025-06-27,0,0.0
EXP001_checkout_redesign,C114996,control,2025-06-13,0,0.0
EXP001_checkout_redesign,C107605,treatment,2025-06-24,0,0.0
EXP001_checkout_redesign,C108275,treatment,2025-06-21,0,0.0
EXP001_checkout_redesign,C106503,treatment,2025-06-26,0,0.0
EXP001_checkout_redesign,C102029,control,2025-06-24,0,0.0
EXP001_checkout_redesign,C100500,control,2025-06-22,0,0.0
EXP001_checkout_redesign,C112619,treatment,2025-06-22,0,0.0
EXP001_checkout_redesign,C114333,control,2025-06-05,1,1835.6
EXP001_checkout_redesign,C111853,control,2025-06-11,0,0.0
EXP001_checkout_redesign,C113055,control,2025-06-26,0,0.0
EXP001_checkout_redesign,C107308,treatment,2025-06-22,0,0.0
EXP001_checkout_redesign,C102909,treatment,2025-06-14,0,0.0
EXP001_checkout_redesign,C112137,treatment,2025-06-01,0,0.0
EXP001_checkout_redesign,C109615,control,2025-06-24,1,5273.12
EXP001_checkout_redesign,C113153,control,2025-06-05,0,0.0
EXP001_checkout_redesign,C105730,control,2025-06-24,1,4745.32
EXP001_checkout_redesign,C105640,control,2025-06-03,0,0.0
EXP001_checkout_redesign,C102679,control,2025-06-26,0,0.0
EXP001_checkout_redesign,C104237,control,2025-06-22,0,0.0
EXP001_checkout_redesign,C113509,treatment,2025-06-01,0,0.0
EXP001_checkout_redesign,C112692,treatment,2025-06-17,0,0.0
EXP001_checkout_redesign,C100449,treatment,2025-06-20,0,0.0
EXP001_checkout_redesign,C112811,treatment,2025-06-30,0,0.0
EXP001_checkout_redesign,C110351,control,2025-06-12,0,0.0
EXP001_checkout_redesign,C102669,control,2025-06-30,0,0.0
EXP001_checkout_redesign,C109375,control,2025-06-26,1,5624.42
EXP001_checkout_redesign,C103511,control,2025-06-13,0,0.0
EXP001_checkout_redesign,C113327,treatment,2025-06-06,0,0.0
EXP001_checkout_redesign,C103688,treatment,2025-06-03,0,0.0
EXP001_checkout_redesign,C103387,treatment,2025-06-29,0,0.0
EXP001_checkout_redesign,C104408,treatment,2025-06-11,1,2600.58
EXP001_checkout_redesign,C106709,treatment,2025-06-11,0,0.0
EXP001_checkout_redesign,C111846,control,2025-06-28,0,0.0
EXP001_checkout_redesign,C110386,control,2025-06-28,0,0.0
EXP001_checkout_redesign,C100145,treatment,2025-06-21,1,2439.36
EXP001_checkout_redesign,C107767,treatment,2025-06-10,0,0.0
EXP001_checkout_redesign,C114692,control,2025-06-11,0,0.0
EXP001_checkout_redesign,C112087,treatment,2025-06-16,0,0.0
EXP001_checkout_redesign,C109849,control,2025-06-20,0,0.0
EXP001_checkout_redesign,C110922,control,2025-06-10,0,0.0
EXP001_checkout_redesign,C103666,control,2025-06-12,0,0.0
EXP001_checkout_redesign,C111545,treatment,2025-06-19,0,0.0
EXP001_checkout_redesign,C109967,treatment,2025-06-09,0,0.0
EXP001_checkout_redesign,C105004,control,2025-06-04,0,0.0
EXP001_checkout_redesign,C104511,control,2025-06-26,0,0.0
EXP001_checkout_redesign,C106943,control,2025-06-15,0,0.0
EXP001_checkout_redesign,C106168,control,2025-06-23,0,0.0
EXP001_checkout_redesign,C105713,control,2025-06-21,0,0.0
EXP001_checkout_redesign,C111538,control,2025-06-07,0,0.0
EXP001_checkout_redesign,C112809,control,2025-06-05,0,0.0
EXP001_checkout_redesign,C103575,treatment,2025-06-19,0,0.0
EXP001_checkout_redesign,C107646,control,2025-06-22,0,0.0
EXP001_checkout_redesign,C104950,control,2025-06-25,0,0.0
EXP001_checkout_redesign,C108530,treatment,2025-06-15,0,0.0
EXP001_checkout_redesign,C106506,treatment,2025-06-28,0,0.0
EXP001_checkout_redesign,C109576,control,2025-06-06,0,0.0
EXP001_checkout_redesign,C101676,treatment,2025-06-20,0,0.0
EXP001_checkout_redesign,C100120,control,2025-06-15,0,0.0
EXP001_checkout_redesign,C108380,control,2025-06-17,0,0.0
EXP001_checkout_redesign,C106131,treatment,2025-06-19,0,0.0
EXP001_checkout_redesign,C113330,control,2025-06-03,0,0.0
EXP001_checkout_redesign,C111371,treatment,2025-06-18,0,0.0
EXP001_checkout_redesign,C109978,treatment,2025-06-10,0,0.0
EXP001_checkout_redesign,C104631,treatment,2025-06-15,0,0.0
EXP001_checkout_redesign,C112069,treatment,2025-06-18,1,5415.42
EXP001_checkout_redesign,C114043,control,2025-06-24,0,0.0
EXP001_checkout_redesign,C107892,control,2025-06-15,0,0.0
EXP001_checkout_redesign,C101045,control,2025-06-24,0,0.0
EXP001_checkout_redesign,C105509,control,2025-06-19,0,0.0
EXP001_checkout_redesign,C104529,treatment,2025-06-20,0,0.0
EXP001_checkout_redesign,C113169,treatment,2025-06-05,0,0.0
EXP001_checkout_redesign,C104536,treatment,2025-06-11,1,4599.64
EXP001_checkout_redesign,C110384,treatment,2025-06-09,0,0.0
EXP001_checkout_redesign,C104895,control,2025-06-05,0,0.0
EXP001_checkout_redesign,C103086,treatment,2025-06-11,0,0.0
EXP001_checkout_redesign,C102456,treatment,2025-06-22,0,0.0
EXP001_checkout_redesign,C108475,treatment,2025-06-07,0,0.0
EXP001_checkout_redesign,C113934,treatment,2025-06-27,0,0.0
EXP001_checkout_redesign,C100930,treatment,2025-06-02,0,0.0
EXP001_checkout_redesign,C110892,control,2025-06-20,0,0.0
EXP001_checkout_redesign,C106620,control,2025-06-22,0,0.0
EXP001_checkout_redesign,C112417,control,2025-06-20,0,0.0
EXP001_checkout_redesign,C111827,treatment,2025-06-21,0,0.0
EXP001_checkout_redesign,C100417,treatment,2025-06-19,0,0.0
EXP001_checkout_redesign,C112242,treatment,2025-06-18,0,0.0
EXP001_checkout_redesign,C112505,treatment,2025-06-30,0,0.0
EXP001_checkout_redesign,C104250,control,2025-06-16,0,0.0
EXP001_checkout_redesign,C106857,control,2025-06-01,0,0.0
EXP001_checkout_redesign,C106628,treatment,2025-06-03,0,0.0
EXP001_checkout_redesign,C106361,treatment,2025-06-26,0,0.0
EXP001_checkout_redesign,C100578,control,2025-06-09,0,0.0
EXP001_checkout_redesign,C109552,control,2025-06-17,0,0.0
EXP001_checkout_redesign,C110227,control,2025-06-08,0,0.0
EXP001_checkout_redesign,C114604,treatment,2025-06-21,0,0.0
EXP001_checkout_redesign,C105622,treatment,2025-06-16,1,3934.39
EXP001_checkout_redesign,C103643,treatment,2025-06-12,1,1524.59
EXP001_checkout_redesign,C108759,control,2025-06-04,0,0.0
EXP001_checkout_redesign,C107794,treatment,2025-06-05,0,0.0
EXP001_checkout_redesign,C113492,treatment,2025-06-27,0,0.0
EXP001_checkout_redesign,C112158,control,2025-06-07,0,0.0
EXP001_checkout_redesign,C104918,control,2025-06-30,0,0.0
EXP001_checkout_redesign,C113481,control,2025-06-24,0,0.0
EXP001_checkout_redesign,C109146,treatment,2025-06-18,0,0.0
EXP001_checkout_redesign,C102967,treatment,2025-06-22,1,3134.28
EXP001_checkout_redesign,C112511,control,2025-06-30,0,0.0
EXP001_checkout_redesign,C111237,treatment,2025-06-20,0,0.0
EXP001_checkout_redesign,C107713,treatment,2025-06-14,0,0.0
EXP001_checkout_redesign,C102096,treatment,2025-06-08,0,0.0
EXP001_checkout_redesign,C114276,control,2025-06-13,0,0.0
EXP001_checkout_redesign,C109159,control,2025-06-28,0,0.0
EXP001_checkout_redesign,C113403,control,2025-06-04,0,0.0
EXP001_checkout_redesign,C105499,control,2025-06-12,1,5003.25
EXP001_checkout_redesign,C110936,treatment,2025-06-03,0,0.0
EXP001_checkout_redesign,C114421,treatment,2025-06-05,0,0.0
EXP001_checkout_redesign,C114902,control,2025-06-04,0,0.0
EXP001_checkout_redesign,C103659,control,2025-06-15,0,0.0
EXP001_checkout_redesign,C105031,treatment,2025-06-28,0,0.0
EXP001_checkout_redesign,C106889,treatment,2025-06-05,1,3496.01
EXP001_checkout_redesign,C105428,control,2025-06-09,0,0.0
EXP001_checkout_redesign,C106089,treatment,2025-06-14,0,0.0
EXP001_checkout_redesign,C104269,control,2025-06-27,0,0.0
EXP001_checkout_redesign,C109593,treatment,2025-06-16,0,0.0
EXP001_checkout_redesign,C104817,control,2025-06-03,1,2283.18
EXP001_checkout_redesign,C107598,treatment,2025-06-15,0,0.0
EXP001_checkout_redesign,C112909,control,2025-06-30,0,0.0
EXP001_checkout_redesign,C107709,control,2025-06-18,0,0.0
EXP001_checkout_redesign,C111470,treatment,2025-06-18,1,1775.97
EXP001_checkout_redesign,C109561,control,2025-06-14,0,0.0
EXP001_checkout_redesign,C109507,treatment,2025-06-25,0,0.0
EXP001_checkout_redesign,C113777,control,2025-06-07,0,0.0
EXP001_checkout_redesign,C113617,control,2025-06-26,0,0.0
EXP001_checkout_redesign,C103187,control,2025-06-28,0,0.0
EXP001_checkout_redesign,C111257,control,2025-06-20,0,0.0
EXP001_checkout_redesign,C101963,control,2025-06-06,1,3503.2
EXP001_checkout_redesign,C106253,control,2025-06-26,0,0.0
EXP001_checkout_redesign,C110693,treatment,2025-06-16,0,0.0
EXP001_checkout_redesign,C114328,control,2025-06-22,0,0.0
EXP001_checkout_redesign,C106768,treatment,2025-06-19,0,0.0
EXP001_checkout_redesign,C100885,treatment,2025-06-09,0,0.0
EXP001_checkout_redesign,C102470,treatment,2025-06-20,0,0.0
EXP001_checkout_redesign,C102250,treatment,2025-06-01,0,0.0
EXP001_checkout_redesign,C103281,treatment,2025-06-18,0,0.0
EXP001_checkout_redesign,C105614,treatment,2025-06-21,0,0.0
EXP001_checkout_redesign,C106704,control,2025-06-14,0,0.0
EXP001_checkout_redesign,C109329,treatment,2025-06-14,1,1606.11
EXP001_checkout_redesign,C111186,control,2025-06-08,0,0.0
EXP001_checkout_redesign,C102346,control,2025-06-23,0,0.0
EXP001_checkout_redesign,C114561,control,2025-06-25,0,0.0
EXP001_checkout_redesign,C102954,control,2025-06-17,0,0.0
EXP001_checkout_redesign,C101324,control,2025-06-18,1,3516.04
EXP001_checkout_redesign,C113955,treatment,2025-06-15,0,0.0
EXP001_checkout_redesign,C105449,control,2025-06-10,0,0.0
EXP001_checkout_redesign,C102897,control,2025-06-20,0,0.0
EXP001_checkout_redesign,C111179,treatment,2025-06-16,0,0.0
EXP001_checkout_redesign,C100950,treatment,2025-06-07,0,0.0
EXP001_checkout_redesign,C100077,control,2025-06-29,0,0.0
EXP001_checkout_redesign,C112423,treatment,2025-06-29,0,0.0
EXP001_checkout_redesign,C104481,treatment,2025-06-17,0,0.0
EXP001_checkout_redesign,C103430,control,2025-06-05,0,0.0
EXP001_checkout_redesign,C112329,control,2025-06-18,1,4620.32
EXP001_checkout_redesign,C113715,control,2025-06-14,0,0.0
EXP001_checkout_redesign,C102595,control,2025-06-18,0,0.0
EXP001_checkout_redesign,C108021,treatment,2025-06-18,0,0.0
EXP001_checkout_redesign,C113678,treatment,2025-06-15,1,846.48
EXP001_checkout_redesign,C102120,control,2025-06-25,0,0.0
EXP001_checkout_redesign,C107105,control,2025-06-11,1,5719.58
EXP001_checkout_redesign,C110902,control,2025-06-26,0,0.0
EXP001_checkout_redesign,C114530,control,2025-06-05,0,0.0
EXP001_checkout_redesign,C107029,control,2025-06-16,0,0.0
EXP001_checkout_redesign,C107821,control,2025-06-08,0,0.0
EXP001_checkout_redesign,C106280,treatment,2025-06-13,0,0.0
EXP001_checkout_redesign,C100076,control,2025-06-26,0,0.0
EXP001_checkout_redesign,C112752,treatment,2025-06-22,0,0.0
EXP001_checkout_redesign,C108745,control,2025-06-27,1,3870.71
EXP001_checkout_redesign,C110549,treatment,2025-06-17,0,0.0
EXP001_checkout_redesign,C111540,control,2025-06-26,0,0.0
EXP001_checkout_redesign,C111952,treatment,2025-06-09,0,0.0
EXP001_checkout_redesign,C114294,treatment,2025-06-15,0,0.0
EXP001_checkout_redesign,C112020,control,2025-06-07,0,0.0
EXP001_checkout_redesign,C113611,control,2025-06-27,0,0.0
EXP001_checkout_redesign,C100293,control,2025-06-18,0,0.0
EXP001_checkout_redesign,C100067,control,2025-06-14,0,0.0
EXP001_checkout_redesign,C104076,control,2025-06-08,0,0.0
EXP001_checkout_redesign,C103707,treatment,2025-06-02,0,0.0
EXP001_checkout_redesign,C105641,control,2025-06-18,0,0.0
EXP001_checkout_redesign,C105113,treatment,2025-06-04,0,0.0
EXP001_checkout_redesign,C112793,treatment,2025-06-24,1,5986.23
EXP001_checkout_redesign,C101682,control,2025-06-23,0,0.0
EXP001_checkout_redesign,C111928,control,2025-06-02,0,0.0
EXP001_checkout_redesign,C108246,control,2025-06-10,0,0.0
EXP001_checkout_redesign,C109644,control,2025-06-06,0,0.0
EXP001_checkout_redesign,C105015,treatment,2025-06-11,1,5795.98
EXP001_checkout_redesign,C102736,treatment,2025-06-27,0,0.0
EXP001_checkout_redesign,C101069,treatment,2025-06-20,0,0.0
EXP001_checkout_redesign,C111633,treatment,2025-06-10,0,0.0
EXP001_checkout_redesign,C104885,control,2025-06-29,0,0.0
EXP001_checkout_redesign,C104764,treatment,2025-06-17,0,0.0
EXP001_checkout_redesign,C107469,control,2025-06-24,0,0.0
EXP001_checkout_redesign,C108524,treatment,2025-06-08,0,0.0
EXP001_checkout_redesign,C109770,treatment,2025-06-06,1,5773.08
EXP001_checkout_redesign,C108587,treatment,2025-06-16,0,0.0
EXP001_checkout_redesign,C110207,treatment,2025-06-10,0,0.0
EXP001_checkout_redesign,C114290,control,2025-06-30,0,0.0
EXP001_checkout_redesign,C102192,control,2025-06-23,0,0.0
EXP001_checkout_redesign,C105615,treatment,2025-06-28,1,1952.33
EXP001_checkout_redesign,C114001,control,2025-06-29,0,0.0
EXP001_checkout_redesign,C105885,treatment,2025-06-19,0,0.0
EXP001_checkout_redesign,C103087,treatment,2025-06-25,0,0.0
EXP001_checkout_redesign,C102701,treatment,2025-06-04,0,0.0
EXP001_checkout_redesign,C109996,control,2025-06-27,0,0.0
EXP001_checkout_redesign,C100313,treatment,2025-06-02,0,0.0
EXP001_checkout_redesign,C110764,control,2025-06-20,0,0.0
EXP001_checkout_redesign,C103675,treatment,2025-06-02,0,0.0
EXP001_checkout_redesign,C102149,control,2025-06-12,0,0.0
EXP001_checkout_redesign,C112996,treatment,2025-06-04,0,0.0
EXP001_checkout_redesign,C110470,treatment,2025-06-16,0,0.0
EXP001_checkout_redesign,C109661,control,2025-06-02,0,0.0
EXP001_checkout_redesign,C108267,treatment,2025-06-16,0,0.0
EXP001_checkout_redesign,C102768,treatment,2025-06-28,0,0.0
EXP001_checkout_redesign,C110906,treatment,2025-06-15,0,0.0
EXP001_checkout_redesign,C106006,treatment,2025-06-14,0,0.0
EXP001_checkout_redesign,C100612,treatment,2025-06-11,0,0.0
EXP001_checkout_redesign,C106147,control,2025-06-15,0,0.0
EXP001_checkout_redesign,C104190,control,2025-06-24,0,0.0
EXP001_checkout_redesign,C108761,control,2025-06-06,0,0.0
EXP001_checkout_redesign,C100796,treatment,2025-06-30,0,0.0
EXP001_checkout_redesign,C110870,control,2025-06-24,0,0.0
EXP001_checkout_redesign,C100785,treatment,2025-06-27,0,0.0
EXP001_checkout_redesign,C110098,treatment,2025-06-16,0,0.0
EXP001_checkout_redesign,C100323,control,2025-06-01,0,0.0
EXP001_checkout_redesign,C100790,treatment,2025-06-25,0,0.0
EXP001_checkout_redesign,C101897,control,2025-06-28,0,0.0
EXP001_checkout_redesign,C114116,control,2025-06-11,0,0.0
EXP001_checkout_redesign,C107279,treatment,2025-06-14,0,0.0
EXP001_checkout_redesign,C106230,control,2025-06-02,0,0.0
EXP001_checkout_redesign,C113347,control,2025-06-24,0,0.0
EXP001_checkout_redesign,C108966,treatment,2025-06-16,0,0.0
EXP001_checkout_redesign,C104140,control,2025-06-04,0,0.0
EXP001_checkout_redesign,C107772,control,2025-06-14,0,0.0
EXP001_checkout_redesign,C102508,treatment,2025-06-16,0,0.0
EXP001_checkout_redesign,C110886,control,2025-06-15,0,0.0
EXP001_checkout_redesign,C110946,treatment,2025-06-02,0,0.0
EXP001_checkout_redesign,C111388,treatment,2025-06-13,0,0.0
EXP001_checkout_redesign,C110861,control,2025-06-17,0,0.0
EXP001_checkout_redesign,C112739,treatment,2025-06-28,0,0.0
EXP001_checkout_redesign,C109965,treatment,2025-06-20,0,0.0
EXP001_checkout_redesign,C104423,control,2025-06-10,0,0.0
EXP001_checkout_redesign,C102247,treatment,2025-06-15,0,0.0
EXP001_checkout_redesign,C106862,treatment,2025-06-17,0,0.0
EXP001_checkout_redesign,C101718,control,2025-06-08,0,0.0
EXP001_checkout_redesign,C108381,control,2025-06-02,0,0.0
EXP001_checkout_redesign,C101928,treatment,2025-06-24,0,0.0
EXP001_checkout_redesign,C114504,treatment,2025-06-26,0,0.0
EXP001_checkout_redesign,C111807,control,2025-06-01,0,0.0
EXP001_checkout_redesign,C101741,treatment,2025-06-23,0,0.0
EXP001_checkout_redesign,C108154,control,2025-06-23,0,0.0
EXP001_checkout_redesign,C103254,treatment,2025-06-05,0,0.0
EXP001_checkout_redesign,C103272,treatment,2025-06-03,0,0.0
EXP001_checkout_redesign,C111495,treatment,2025-06-22,0,0.0
EXP001_checkout_redesign,C108571,treatment,2025-06-11,0,0.0
EXP001_checkout_redesign,C103304,treatment,2025-06-16,0,0.0
EXP001_checkout_redesign,C105864,treatment,2025-06-21,0,0.0
EXP001_checkout_redesign,C106713,control,2025-06-09,0,0.0
EXP001_checkout_redesign,C111442,treatment,2025-06-04,0,0.0
EXP001_checkout_redesign,C102627,treatment,2025-06-09,0,0.0
EXP001_checkout_redesign,C113397,treatment,2025-06-14,0,0.0
EXP001_checkout_redesign,C108980,control,2025-06-10,0,0.0
EXP001_checkout_redesign,C108132,treatment,2025-06-22,0,0.0
EXP001_checkout_redesign,C103402,control,2025-06-16,0,0.0
EXP001_checkout_redesign,C107875,treatment,2025-06-09,0,0.0
EXP001_checkout_redesign,C105416,control,2025-06-03,0,0.0
EXP001_checkout_redesign,C103842,treatment,2025-06-28,0,0.0
EXP001_checkout_redesign,C100044,treatment,2025-06-30,0,0.0
EXP001_checkout_redesign,C100208,treatment,2025-06-29,0,0.0
EXP001_checkout_redesign,C101458,treatment,2025-06-01,0,0.0
EXP001_checkout_redesign,C101809,treatment,2025-06-28,0,0.0
EXP001_checkout_redesign,C114754,treatment,2025-06-22,1,3597.07
EXP001_checkout_redesign,C112903,control,2025-06-20,0,0.0
EXP001_checkout_redesign,C102443,treatment,2025-06-11,0,0.0
EXP001_checkout_redesign,C112240,treatment,2025-06-26,0,0.0
EXP001_checkout_redesign,C108383,control,2025-06-20,0,0.0
EXP001_checkout_redesign,C112486,control,2025-06-20,0,0.0
EXP001_checkout_redesign,C110363,treatment,2025-06-01,0,0.0
EXP001_checkout_redesign,C104192,control,2025-06-05,0,0.0
EXP001_checkout_redesign,C103787,control,2025-06-09,0,0.0
EXP001_checkout_redesign,C114558,control,2025-06-03,0,0.0
EXP001_checkout_redesign,C104850,control,2025-06-12,0,0.0
EXP001_checkout_redesign,C110230,control,2025-06-18,0,0.0
EXP001_checkout_redesign,C113323,control,2025-06-28,0,0.0
EXP001_checkout_redesign,C100820,control,2025-06-02,0,0.0
EXP001_checkout_redesign,C101635,treatment,2025-06-10,0,0.0
EXP001_checkout_redesign,C102862,treatment,2025-06-07,0,0.0
EXP001_checkout_redesign,C100646,treatment,2025-06-30,0,0.0
EXP001_checkout_redesign,C104760,control,2025-06-22,0,0.0
EXP001_checkout_redesign,C105901,treatment,2025-06-18,0,0.0
EXP001_checkout_redesign,C112250,treatment,2025-06-16,0,0.0
EXP001_checkout_redesign,C106979,treatment,2025-06-13,0,0.0
EXP001_checkout_redesign,C101898,treatment,2025-06-01,0,0.0
EXP001_checkout_redesign,C101556,control,2025-06-07,0,0.0
EXP001_checkout_redesign,C100751,control,2025-06-30,0,0.0
EXP001_checkout_redesign,C114466,control,2025-06-11,0,0.0
EXP001_checkout_redesign,C112703,control,2025-06-06,0,0.0
EXP001_checkout_redesign,C112127,control,2025-06-21,0,0.0
EXP001_checkout_redesign,C105384,control,2025-06-05,0,0.0
EXP001_checkout_redesign,C105857,treatment,2025-06-10,0,0.0
EXP001_checkout_redesign,C107171,treatment,2025-06-29,0,0.0
EXP001_checkout_redesign,C104395,control,2025-06-03,0,0.0
EXP001_checkout_redesign,C101522,treatment,2025-06-27,0,0.0
EXP001_checkout_redesign,C113123,treatment,2025-06-15,0,0.0
EXP001_checkout_redesign,C109959,control,2025-06-12,0,0.0
EXP001_checkout_redesign,C102996,treatment,2025-06-05,0,0.0
EXP001_checkout_redesign,C111333,control,2025-06-14,0,0.0
EXP001_checkout_redesign,C114732,treatment,2025-06-12,1,3903.32
EXP001_checkout_redesign,C106557,control,2025-06-22,0,0.0
EXP001_checkout_redesign,C110982,control,2025-06-11,0,0.0
EXP001_checkout_redesign,C104453,control,2025-06-23,1,5615.13
EXP001_checkout_redesign,C106319,treatment,2025-06-23,0,0.0
EXP001_checkout_redesign,C107835,treatment,2025-06-13,0,0.0
EXP001_checkout_redesign,C106909,treatment,2025-06-10,0,0.0
EXP001_checkout_redesign,C102732,treatment,2025-06-10,0,0.0
EXP001_checkout_redesign,C101852,control,2025-06-24,0,0.0
EXP001_checkout_redesign,C102171,control,2025-06-21,0,0.0
EXP001_checkout_redesign,C114623,treatment,2025-06-14,0,0.0
EXP001_checkout_redesign,C102611,treatment,2025-06-20,0,0.0
EXP001_checkout_redesign,C101699,treatment,2025-06-16,0,0.0
EXP001_checkout_redesign,C106816,control,2025-06-12,0,0.0
EXP001_checkout_redesign,C109678,treatment,2025-06-23,0,0.0
EXP001_checkout_redesign,C107908,control,2025-06-18,0,0.0
EXP001_checkout_redesign,C109321,treatment,2025-06-24,0,0.0
EXP001_checkout_redesign,C113427,treatment,2025-06-04,0,0.0
EXP001_checkout_redesign,C102969,treatment,2025-06-10,0,0.0
EXP001_checkout_redesign,C106221,treatment,2025-06-01,0,0.0
EXP001_checkout_redesign,C105875,control,2025-06-18,0,0.0
EXP001_checkout_redesign,C113644,control,2025-06-15,0,0.0
EXP001_checkout_redesign,C102140,control,2025-06-17,1,3778.6
EXP001_checkout_redesign,C107914,control,2025-06-21,0,0.0
EXP001_checkout_redesign,C107997,control,2025-06-01,1,3467.23
EXP001_checkout_redesign,C101850,treatment,2025-06-27,1,4358.57
EXP001_checkout_redesign,C106738,treatment,2025-06-14,0,0.0
EXP001_checkout_redesign,C107220,treatment,2025-06-12,0,0.0
EXP001_checkout_redesign,C110758,control,2025-06-25,0,0.0
EXP001_checkout_redesign,C111008,control,2025-06-27,0,0.0
EXP001_checkout_redesign,C104286,treatment,2025-06-11,0,0.0
EXP001_checkout_redesign,C105148,control,2025-06-20,0,0.0
EXP001_checkout_redesign,C110250,treatment,2025-06-26,0,0.0
EXP001_checkout_redesign,C108598,treatment,2025-06-19,0,0.0
EXP001_checkout_redesign,C110805,treatment,2025-06-30,0,0.0
EXP001_checkout_redesign,C109257,control,2025-06-25,1,4709.59
EXP001_checkout_redesign,C103669,control,2025-06-04,0,0.0
EXP001_checkout_redesign,C105542,control,2025-06-17,0,0.0
EXP001_checkout_redesign,C108504,control,2025-06-18,0,0.0
EXP001_checkout_redesign,C108570,treatment,2025-06-04,0,0.0
EXP001_checkout_redesign,C113724,treatment,2025-06-27,1,1560.08
EXP001_checkout_redesign,C107091,treatment,2025-06-01,0,0.0
EXP001_checkout_redesign,C104072,control,2025-06-06,0,0.0
EXP001_checkout_redesign,C107895,control,2025-06-07,0,0.0
EXP001_checkout_redesign,C105664,control,2025-06-01,0,0.0
EXP001_checkout_redesign,C106305,treatment,2025-06-06,0,0.0
EXP001_checkout_redesign,C113069,control,2025-06-03,1,3581.19
EXP001_checkout_redesign,C109147,control,2025-06-23,0,0.0
EXP001_checkout_redesign,C113918,control,2025-06-16,0,0.0
EXP001_checkout_redesign,C100190,treatment,2025-06-27,1,4600.65
EXP001_checkout_redesign,C102571,treatment,2025-06-02,0,0.0
EXP001_checkout_redesign,C108283,treatment,2025-06-02,0,0.0
EXP001_checkout_redesign,C107688,treatment,2025-06-11,0,0.0
EXP001_checkout_redesign,C111372,control,2025-06-20,0,0.0
EXP001_checkout_redesign,C102709,treatment,2025-06-11,0,0.0
EXP001_checkout_redesign,C110672,control,2025-06-08,0,0.0
EXP001_checkout_redesign,C108055,treatment,2025-06-19,0,0.0
EXP001_checkout_redesign,C114193,treatment,2025-06-24,0,0.0
EXP001_checkout_redesign,C114759,treatment,2025-06-23,0,0.0
EXP001_checkout_redesign,C114625,control,2025-06-21,1,4647.8
EXP001_checkout_redesign,C113706,treatment,2025-06-15,0,0.0
EXP001_checkout_redesign,C100824,treatment,2025-06-28,0,0.0
EXP001_checkout_redesign,C108305,control,2025-06-20,0,0.0
EXP001_checkout_redesign,C111795,control,2025-06-14,0,0.0
EXP001_checkout_redesign,C109019,treatment,2025-06-26,0,0.0
EXP001_checkout_redesign,C106203,control,2025-06-26,0,0.0
EXP001_checkout_redesign,C106607,treatment,2025-06-18,0,0.0
EXP001_checkout_redesign,C103850,treatment,2025-06-25,0,0.0
EXP001_checkout_redesign,C114933,control,2025-06-20,0,0.0
EXP001_checkout_redesign,C107521,treatment,2025-06-05,0,0.0
EXP001_checkout_redesign,C112729,control,2025-06-02,0,0.0
EXP001_checkout_redesign,C109388,treatment,2025-06-02,0,0.0
EXP001_checkout_redesign,C107341,treatment,2025-06-02,0,0.0
EXP001_checkout_redesign,C110000,treatment,2025-06-26,0,0.0
EXP001_checkout_redesign,C108166,treatment,2025-06-02,0,0.0
EXP001_checkout_redesign,C107324,control,2025-06-09,0,0.0
EXP001_checkout_redesign,C105178,control,2025-06-29,0,0.0
EXP001_checkout_redesign,C101944,treatment,2025-06-12,1,1235.14
EXP001_checkout_redesign,C110079,control,2025-06-21,1,1073.84
EXP001_checkout_redesign,C100291,control,2025-06-27,0,0.0
EXP001_checkout_redesign,C101681,treatment,2025-06-22,0,0.0
EXP001_checkout_redesign,C110891,treatment,2025-06-20,0,0.0
EXP001_checkout_redesign,C114426,treatment,2025-06-18,1,1167.0
EXP001_checkout_redesign,C100587,control,2025-06-03,0,0.0
EXP001_checkout_redesign,C109128,treatment,2025-06-30,0,0.0
EXP001_checkout_redesign,C108996,treatment,2025-06-19,0,0.0
EXP001_checkout_redesign,C100002,treatment,2025-06-16,0,0.0
EXP001_checkout_redesign,C111852,control,2025-06-11,0,0.0
EXP001_checkout_redesign,C104990,control,2025-06-27,0,0.0
EXP001_checkout_redesign,C108328,control,2025-06-26,0,0.0
EXP001_checkout_redesign,C109213,treatment,2025-06-24,0,0.0
EXP001_checkout_redesign,C111242,control,2025-06-24,0,0.0
EXP001_checkout_redesign,C107474,control,2025-06-15,0,0.0
EXP001_checkout_redesign,C105584,treatment,2025-06-22,0,0.0
EXP001_checkout_redesign,C105953,treatment,2025-06-11,0,0.0
EXP001_checkout_redesign,C100889,control,2025-06-29,0,0.0
EXP001_checkout_redesign,C114393,control,2025-06-10,0,0.0
EXP001_checkout_redesign,C107445,control,2025-06-27,0,0.0
EXP001_checkout_redesign,C113550,control,2025-06-24,0,0.0
EXP001_checkout_redesign,C109177,treatment,2025-06-19,0,0.0
EXP001_checkout_redesign,C107751,treatment,2025-06-23,0,0.0
EXP001_checkout_redesign,C112482,control,2025-06-05,0,0.0
EXP001_checkout_redesign,C107414,treatment,2025-06-14,0,0.0
EXP001_checkout_redesign,C112928,treatment,2025-06-09,0,0.0
EXP001_checkout_redesign,C101596,control,2025-06-25,0,0.0
EXP001_checkout_redesign,C103633,control,2025-06-21,0,0.0
EXP001_checkout_redesign,C114620,control,2025-06-06,0,0.0
EXP001_checkout_redesign,C105592,treatment,2025-06-01,0,0.0
EXP001_checkout_redesign,C105818,control,2025-06-28,0,0.0
EXP001_checkout_redesign,C104783,control,2025-06-30,0,0.0
EXP001_checkout_redesign,C108973,treatment,2025-06-12,1,4442.99
EXP001_checkout_redesign,C108552,control,2025-06-14,1,2988.05
EXP001_checkout_redesign,C106125,treatment,2025-06-04,0,0.0
EXP001_checkout_redesign,C114499,control,2025-06-15,0,0.0
EXP001_checkout_redesign,C114920,treatment,2025-06-17,0,0.0
EXP001_checkout_redesign,C102689,treatment,2025-06-20,0,0.0
EXP001_checkout_redesign,C108067,control,2025-06-12,0,0.0
EXP001_checkout_redesign,C102301,control,2025-06-01,0,0.0
EXP001_checkout_redesign,C110020,control,2025-06-13,0,0.0
EXP001_checkout_redesign,C111367,control,2025-06-30,0,0.0
EXP001_checkout_redesign,C104166,control,2025-06-10,0,0.0
EXP001_checkout_redesign,C103209,treatment,2025-06-04,0,0.0
EXP001_checkout_redesign,C103072,control,2025-06-06,0,0.0
EXP001_checkout_redesign,C110644,control,2025-06-09,0,0.0
EXP001_checkout_redesign,C112563,control,2025-06-18,0,0.0
EXP001_checkout_redesign,C103532,treatment,2025-06-02,0,0.0
EXP001_checkout_redesign,C107488,control,2025-06-06,0,0.0
EXP001_checkout_redesign,C109984,treatment,2025-06-11,0,0.0
EXP001_checkout_redesign,C112929,treatment,2025-06-26,1,5155.36
EXP001_checkout_redesign,C101765,control,2025-06-28,0,0.0
EXP001_checkout_redesign,C114786,control,2025-06-13,0,0.0
EXP001_checkout_redesign,C100761,treatment,2025-06-06,0,0.0
EXP001_checkout_redesign,C113224,treatment,2025-06-12,0,0.0
EXP001_checkout_redesign,C102018,treatment,2025-06-19,0,0.0
EXP001_checkout_redesign,C113435,treatment,2025-06-18,0,0.0
EXP001_checkout_redesign,C107493,treatment,2025-06-30,0,0.0
EXP001_checkout_redesign,C109655,control,2025-06-19,0,0.0
EXP001_checkout_redesign,C108260,treatment,2025-06-28,1,5861.32
EXP001_checkout_redesign,C102205,treatment,2025-06-12,0,0.0
EXP001_checkout_redesign,C108172,treatment,2025-06-20,0,0.0
EXP001_checkout_redesign,C100071,treatment,2025-06-13,0,0.0
EXP001_checkout_redesign,C114773,treatment,2025-06-20,0,0.0
EXP001_checkout_redesign,C100795,control,2025-06-23,0,0.0
EXP001_checkout_redesign,C112206,control,2025-06-04,0,0.0
EXP001_checkout_redesign,C109810,treatment,2025-06-26,0,0.0
EXP001_checkout_redesign,C109586,control,2025-06-30,0,0.0
EXP001_checkout_redesign,C111906,treatment,2025-06-22,0,0.0
EXP001_checkout_redesign,C109762,control,2025-06-06,0,0.0
EXP001_checkout_redesign,C102903,control,2025-06-13,0,0.0
EXP001_checkout_redesign,C109479,control,2025-06-30,0,0.0
EXP001_checkout_redesign,C102845,control,2025-06-10,1,4914.3
EXP001_checkout_redesign,C114746,treatment,2025-06-03,0,0.0
EXP001_checkout_redesign,C101696,control,2025-06-09,0,0.0
EXP001_checkout_redesign,C112826,treatment,2025-06-15,0,0.0
EXP001_checkout_redesign,C105273,control,2025-06-30,0,0.0
EXP001_checkout_redesign,C108259,control,2025-06-26,0,0.0
EXP001_checkout_redesign,C113444,control,2025-06-30,1,2537.09
EXP001_checkout_redesign,C112707,treatment,2025-06-05,0,0.0
EXP001_checkout_redesign,C114765,control,2025-06-26,0,0.0
EXP001_checkout_redesign,C104482,control,2025-06-25,0,0.0
EXP001_checkout_redesign,C106518,control,2025-06-26,1,4098.79
EXP001_checkout_redesign,C114809,treatment,2025-06-22,0,0.0
EXP001_checkout_redesign,C104819,control,2025-06-22,0,0.0
EXP001_checkout_redesign,C107419,control,2025-06-09,0,0.0
EXP001_checkout_redesign,C113405,treatment,2025-06-29,0,0.0
EXP001_checkout_redesign,C102263,control,2025-06-26,0,0.0
EXP001_checkout_redesign,C106762,control,2025-06-15,0,0.0
EXP001_checkout_redesign,C108393,treatment,2025-06-13,0,0.0
EXP001_checkout_redesign,C104897,control,2025-06-21,0,0.0
EXP001_checkout_redesign,C108975,treatment,2025-06-03,0,0.0
EXP001_checkout_redesign,C114332,treatment,2025-06-19,1,3872.73
EXP001_checkout_redesign,C109069,treatment,2025-06-02,1,4873.2
EXP001_checkout_redesign,C103560,control,2025-06-18,0,0.0
EXP001_checkout_redesign,C103291,treatment,2025-06-14,0,0.0
EXP001_checkout_redesign,C113997,treatment,2025-06-22,0,0.0
EXP001_checkout_redesign,C112185,control,2025-06-24,0,0.0
EXP001_checkout_redesign,C105657,control,2025-06-13,0,0.0
EXP001_checkout_redesign,C102173,control,2025-06-27,0,0.0
EXP001_checkout_redesign,C102913,treatment,2025-06-24,1,3516.56
EXP001_checkout_redesign,C111751,treatment,2025-06-08,0,0.0
EXP001_checkout_redesign,C108888,treatment,2025-06-10,0,0.0
EXP001_checkout_redesign,C105281,control,2025-06-23,0,0.0
EXP001_checkout_redesign,C101890,treatment,2025-06-02,0,0.0
EXP001_checkout_redesign,C105771,treatment,2025-06-10,1,4735.56
EXP001_checkout_redesign,C109212,control,2025-06-27,0,0.0
EXP001_checkout_redesign,C107870,treatment,2025-06-02,0,0.0
EXP001_checkout_redesign,C109548,control,2025-06-29,0,0.0
EXP001_checkout_redesign,C112610,control,2025-06-26,0,0.0
EXP001_checkout_redesign,C106839,treatment,2025-06-23,0,0.0
EXP001_checkout_redesign,C108747,treatment,2025-06-04,0,0.0
EXP001_checkout_redesign,C104684,treatment,2025-06-22,0,0.0
EXP001_checkout_redesign,C106920,treatment,2025-06-09,0,0.0
EXP001_checkout_redesign,C100209,control,2025-06-21,0,0.0
EXP001_checkout_redesign,C113198,control,2025-06-10,0,0.0
EXP001_checkout_redesign,C101744,treatment,2025-06-04,0,0.0
EXP001_checkout_redesign,C100414,control,2025-06-03,0,0.0
EXP001_checkout_redesign,C113168,control,2025-06-07,0,0.0
EXP001_checkout_redesign,C102381,treatment,2025-06-23,0,0.0
EXP001_checkout_redesign,C100869,control,2025-06-23,0,0.0
EXP001_checkout_redesign,C100927,treatment,2025-06-16,1,3488.5
EXP001_checkout_redesign,C103275,treatment,2025-06-05,0,0.0
EXP001_checkout_redesign,C111925,control,2025-06-13,0,0.0
EXP001_checkout_redesign,C110378,treatment,2025-06-10,0,0.0
EXP001_checkout_redesign,C104695,control,2025-06-24,0,0.0
EXP001_checkout_redesign,C112342,control,2025-06-27,0,0.0
EXP001_checkout_redesign,C112046,control,2025-06-02,0,0.0
EXP001_checkout_redesign,C101016,control,2025-06-16,0,0.0
EXP001_checkout_redesign,C110560,treatment,2025-06-20,0,0.0
EXP001_checkout_redesign,C112284,treatment,2025-06-01,0,0.0
EXP001_checkout_redesign,C111825,control,2025-06-06,0,0.0
EXP001_checkout_redesign,C100529,control,2025-06-22,0,0.0
EXP001_checkout_redesign,C113275,treatment,2025-06-19,0,0.0
EXP001_checkout_redesign,C107415,treatment,2025-06-01,0,0.0
EXP001_checkout_redesign,C114990,control,2025-06-28,0,0.0
EXP001_checkout_redesign,C109205,treatment,2025-06-05,0,0.0
EXP001_checkout_redesign,C109951,control,2025-06-12,0,0.0
EXP001_checkout_redesign,C114974,treatment,2025-06-30,0,0.0
EXP001_checkout_redesign,C114127,control,2025-06-17,0,0.0
EXP001_checkout_redesign,C110213,treatment,2025-06-19,0,0.0
EXP001_checkout_redesign,C108370,treatment,2025-06-08,0,0.0
EXP001_checkout_redesign,C114416,treatment,2025-06-10,0,0.0
EXP001_checkout_redesign,C100769,control,2025-06-25,0,0.0
EXP001_checkout_redesign,C106251,control,2025-06-03,0,0.0
EXP001_checkout_redesign,C110320,control,2025-06-09,0,0.0
EXP001_checkout_redesign,C112308,treatment,2025-06-07,1,3623.24
EXP001_checkout_redesign,C105122,control,2025-06-24,0,0.0
EXP001_checkout_redesign,C109046,treatment,2025-06-06,0,0.0
EXP001_checkout_redesign,C100881,control,2025-06-15,0,0.0
EXP001_checkout_redesign,C100212,control,2025-06-13,0,0.0
EXP001_checkout_redesign,C104117,control,2025-06-14,0,0.0
EXP001_checkout_redesign,C103327,treatment,2025-06-05,0,0.0
EXP001_checkout_redesign,C110198,control,2025-06-26,0,0.0
EXP001_checkout_redesign,C110822,treatment,2025-06-29,0,0.0
EXP001_checkout_redesign,C106025,treatment,2025-06-24,0,0.0
EXP001_checkout_redesign,C113717,treatment,2025-06-28,0,0.0
EXP001_checkout_redesign,C103218,treatment,2025-06-30,0,0.0
EXP001_checkout_redesign,C103170,control,2025-06-30,1,1175.05
EXP001_checkout_redesign,C112880,treatment,2025-06-30,0,0.0
EXP001_checkout_redesign,C111418,treatment,2025-06-02,0,0.0
EXP001_checkout_redesign,C102906,control,2025-06-07,0,0.0
EXP001_checkout_redesign,C101220,treatment,2025-06-30,0,0.0
EXP001_checkout_redesign,C111190,treatment,2025-06-01,0,0.0
EXP001_checkout_redesign,C113795,control,2025-06-16,1,1109.67
EXP001_checkout_redesign,C108418,treatment,2025-06-07,0,0.0
EXP001_checkout_redesign,C101955,control,2025-06-15,0,0.0
EXP001_checkout_redesign,C113579,treatment,2025-06-06,0,0.0
EXP001_checkout_redesign,C100665,treatment,2025-06-20,0,0.0
EXP001_checkout_redesign,C107020,control,2025-06-19,0,0.0
EXP001_checkout_redesign,C104572,treatment,2025-06-09,0,0.0
EXP001_checkout_redesign,C109119,control,2025-06-22,0,0.0
EXP001_checkout_redesign,C104329,treatment,2025-06-30,0,0.0
EXP001_checkout_redesign,C113122,control,2025-06-06,0,0.0
EXP001_checkout_redesign,C112484,treatment,2025-06-29,0,0.0
EXP001_checkout_redesign,C110520,control,2025-06-17,0,0.0
EXP001_checkout_redesign,C104178,treatment,2025-06-05,0,0.0
EXP001_checkout_redesign,C100092,treatment,2025-06-15,0,0.0
EXP001_checkout_redesign,C105415,control,2025-06-28,0,0.0
EXP001_checkout_redesign,C107640,treatment,2025-06-07,0,0.0
EXP001_checkout_redesign,C114605,treatment,2025-06-14,0,0.0
EXP001_checkout_redesign,C100654,treatment,2025-06-20,0,0.0
EXP001_checkout_redesign,C102518,control,2025-06-28,0,0.0
EXP001_checkout_redesign,C110456,treatment,2025-06-30,0,0.0
EXP001_checkout_redesign,C100833,treatment,2025-06-18,0,0.0
EXP001_checkout_redesign,C112636,treatment,2025-06-29,0,0.0
EXP001_checkout_redesign,C111607,control,2025-06-25,0,0.0
EXP001_checkout_redesign,C109382,control,2025-06-22,0,0.0
EXP001_checkout_redesign,C110614,control,2025-06-25,0,0.0
EXP001_checkout_redesign,C105866,treatment,2025-06-24,0,0.0
EXP001_checkout_redesign,C101194,treatment,2025-06-17,0,0.0
EXP001_checkout_redesign,C105207,treatment,2025-06-18,0,0.0
EXP001_checkout_redesign,C108608,control,2025-06-02,0,0.0
EXP001_checkout_redesign,C103603,control,2025-06-29,0,0.0
EXP001_checkout_redesign,C111711,treatment,2025-06-18,0,0.0
EXP001_checkout_redesign,C108529,control,2025-06-14,0,0.0
EXP001_checkout_redesign,C101117,treatment,2025-06-04,0,0.0
EXP001_checkout_redesign,C108276,control,2025-06-07,0,0.0
EXP001_checkout_redesign,C109840,control,2025-06-07,0,0.0
EXP001_checkout_redesign,C106814,treatment,2025-06-01,0,0.0
EXP001_checkout_redesign,C113158,treatment,2025-06-08,1,3500.97
EXP001_checkout_redesign,C108798,treatment,2025-06-20,0,0.0
EXP001_checkout_redesign,C109964,control,2025-06-24,0,0.0
EXP001_checkout_redesign,C114667,control,2025-06-10,0,0.0
EXP001_checkout_redesign,C112923,control,2025-06-09,0,0.0
EXP001_checkout_redesign,C103624,control,2025-06-07,0,0.0
EXP001_checkout_redesign,C103495,control,2025-06-03,0,0.0
EXP001_checkout_redesign,C105437,control,2025-06-12,0,0.0
EXP001_checkout_redesign,C110362,treatment,2025-06-03,0,0.0
EXP001_checkout_redesign,C112883,control,2025-06-05,0,0.0
EXP001_checkout_redesign,C104809,control,2025-06-07,0,0.0
EXP001_checkout_redesign,C103579,control,2025-06-30,0,0.0
EXP001_checkout_redesign,C111575,control,2025-06-12,0,0.0
EXP001_checkout_redesign,C112151,control,2025-06-23,0,0.0
EXP001_checkout_redesign,C109196,treatment,2025-06-25,1,4815.27
EXP001_checkout_redesign,C100144,control,2025-06-17,0,0.0
EXP001_checkout_redesign,C101879,treatment,2025-06-14,0,0.0
EXP001_checkout_redesign,C105668,treatment,2025-06-03,0,0.0
EXP001_checkout_redesign,C107301,control,2025-06-01,0,0.0
EXP001_checkout_redesign,C113291,control,2025-06-22,0,0.0
EXP001_checkout_redesign,C103994,treatment,2025-06-28,1,3158.18
EXP001_checkout_redesign,C113733,control,2025-06-26,0,0.0
EXP001_checkout_redesign,C105258,control,2025-06-23,1,1491.12
EXP001_checkout_redesign,C113440,control,2025-06-18,0,0.0
EXP001_checkout_redesign,C101857,control,2025-06-14,0,0.0
EXP001_checkout_redesign,C110875,control,2025-06-25,0,0.0
EXP001_checkout_redesign,C104203,treatment,2025-06-13,0,0.0
EXP001_checkout_redesign,C108851,treatment,2025-06-12,0,0.0
EXP001_checkout_redesign,C104633,treatment,2025-06-05,0,0.0
EXP001_checkout_redesign,C100404,treatment,2025-06-03,0,0.0
EXP001_checkout_redesign,C108468,treatment,2025-06-14,1,5951.3
EXP001_checkout_redesign,C106143,control,2025-06-07,0,0.0
EXP001_checkout_redesign,C108426,control,2025-06-07,0,0.0
EXP001_checkout_redesign,C112401,control,2025-06-17,0,0.0
EXP001_checkout_redesign,C107300,treatment,2025-06-06,1,3498.38
EXP001_checkout_redesign,C107975,control,2025-06-15,0,0.0
EXP001_checkout_redesign,C100718,control,2025-06-19,0,0.0
EXP001_checkout_redesign,C104856,treatment,2025-06-15,0,0.0
EXP001_checkout_redesign,C103154,treatment,2025-06-07,0,0.0
EXP001_checkout_redesign,C105248,treatment,2025-06-05,1,5938.88
EXP001_checkout_redesign,C108419,control,2025-06-15,0,0.0
EXP001_checkout_redesign,C101349,treatment,2025-06-20,0,0.0
EXP001_checkout_redesign,C101572,treatment,2025-06-13,0,0.0
EXP001_checkout_redesign,C102742,treatment,2025-06-26,0,0.0
EXP001_checkout_redesign,C108814,control,2025-06-07,0,0.0
EXP001_checkout_redesign,C108736,treatment,2025-06-13,0,0.0
EXP001_checkout_redesign,C110106,treatment,2025-06-13,0,0.0
EXP001_checkout_redesign,C101072,treatment,2025-06-13,1,2671.81
EXP001_checkout_redesign,C112310,treatment,2025-06-23,0,0.0
EXP001_checkout_redesign,C114537,treatment,2025-06-08,1,4572.86
EXP001_checkout_redesign,C106950,treatment,2025-06-05,0,0.0
EXP001_checkout_redesign,C101702,control,2025-06-04,0,0.0
EXP001_checkout_redesign,C103368,control,2025-06-17,0,0.0
EXP001_checkout_redesign,C108810,treatment,2025-06-20,0,0.0
EXP001_checkout_redesign,C107130,control,2025-06-14,0,0.0
EXP001_checkout_redesign,C101181,control,2025-06-11,0,0.0
EXP001_checkout_redesign,C102519,control,2025-06-10,1,1602.83
EXP001_checkout_redesign,C100389,treatment,2025-06-01,0,0.0
EXP001_checkout_redesign,C107523,treatment,2025-06-07,1,3821.92
EXP001_checkout_redesign,C105434,control,2025-06-06,0,0.0
EXP001_checkout_redesign,C100620,control,2025-06-07,0,0.0
EXP001_checkout_redesign,C101433,control,2025-06-24,0,0.0
EXP001_checkout_redesign,C114539,control,2025-06-15,0,0.0
EXP001_checkout_redesign,C109756,treatment,2025-06-06,0,0.0
EXP001_checkout_redesign,C102916,control,2025-06-18,0,0.0
EXP001_checkout_redesign,C104127,treatment,2025-06-02,0,0.0
EXP001_checkout_redesign,C112070,control,2025-06-09,0,0.0
EXP001_checkout_redesign,C101154,treatment,2025-06-06,0,0.0
EXP001_checkout_redesign,C109420,treatment,2025-06-22,0,0.0
EXP001_checkout_redesign,C103729,treatment,2025-06-17,0,0.0
EXP001_checkout_redesign,C111576,treatment,2025-06-24,1,1332.22
EXP001_checkout_redesign,C114167,treatment,2025-06-30,0,0.0
EXP001_checkout_redesign,C106357,treatment,2025-06-11,0,0.0
EXP001_checkout_redesign,C112681,treatment,2025-06-24,0,0.0
EXP001_checkout_redesign,C112962,control,2025-06-04,0,0.0
EXP001_checkout_redesign,C107094,treatment,2025-06-07,0,0.0
EXP001_checkout_redesign,C113412,control,2025-06-15,0,0.0
EXP001_checkout_redesign,C100276,control,2025-06-25,0,0.0
EXP001_checkout_redesign,C114158,control,2025-06-30,0,0.0
EXP001_checkout_redesign,C101938,control,2025-06-27,0,0.0
EXP001_checkout_redesign,C108762,control,2025-06-29,0,0.0
EXP001_checkout_redesign,C114148,control,2025-06-17,0,0.0
EXP001_checkout_redesign,C111384,control,2025-06-12,0,0.0
EXP001_checkout_redesign,C113866,treatment,2025-06-13,0,0.0
EXP001_checkout_redesign,C101189,control,2025-06-21,0,0.0
EXP001_checkout_redesign,C105860,control,2025-06-13,0,0.0
EXP001_checkout_redesign,C114073,control,2025-06-08,0,0.0
EXP001_checkout_redesign,C101738,control,2025-06-07,1,2131.17
EXP001_checkout_redesign,C104748,control,2025-06-29,0,0.0
EXP001_checkout_redesign,C104937,control,2025-06-26,0,0.0
EXP001_checkout_redesign,C101417,treatment,2025-06-04,0,0.0
EXP001_checkout_redesign,C110355,control,2025-06-03,0,0.0
EXP001_checkout_redesign,C112736,control,2025-06-17,0,0.0
EXP001_checkout_redesign,C111212,control,2025-06-16,0,0.0
EXP001_checkout_redesign,C106473,control,2025-06-19,1,5688.35
EXP001_checkout_redesign,C100504,control,2025-06-02,0,0.0
EXP001_checkout_redesign,C107765,treatment,2025-06-21,0,0.0
EXP001_checkout_redesign,C102561,control,2025-06-14,0,0.0
EXP001_checkout_redesign,C113859,control,2025-06-16,0,0.0
EXP001_checkout_redesign,C103602,treatment,2025-06-17,0,0.0
EXP001_checkout_redesign,C102234,control,2025-06-04,1,5289.94
EXP001_checkout_redesign,C106406,treatment,2025-06-08,0,0.0
EXP001_checkout_redesign,C108941,treatment,2025-06-09,0,0.0
EXP001_checkout_redesign,C104832,treatment,2025-06-16,1,2718.12
EXP001_checkout_redesign,C102360,control,2025-06-16,0,0.0
EXP001_checkout_redesign,C104883,control,2025-06-17,0,0.0
EXP001_checkout_redesign,C106113,treatment,2025-06-03,0,0.0
EXP001_checkout_redesign,C100182,treatment,2025-06-22,1,2959.99
EXP001_checkout_redesign,C113914,control,2025-06-21,0,0.0
EXP001_checkout_redesign,C109094,control,2025-06-28,0,0.0
EXP001_checkout_redesign,C112079,treatment,2025-06-17,0,0.0
EXP001_checkout_redesign,C102019,treatment,2025-06-18,1,5616.1
EXP001_checkout_redesign,C100684,control,2025-06-18,0,0.0
EXP001_checkout_redesign,C100082,treatment,2025-06-23,0,0.0
EXP001_checkout_redesign,C110289,treatment,2025-06-06,0,0.0
EXP001_checkout_redesign,C106456,treatment,2025-06-29,0,0.0
EXP001_checkout_redesign,C108800,treatment,2025-06-06,0,0.0
EXP001_checkout_redesign,C108970,treatment,2025-06-01,0,0.0
EXP001_checkout_redesign,C101394,control,2025-06-29,0,0.0
EXP001_checkout_redesign,C104992,control,2025-06-16,0,0.0
EXP001_checkout_redesign,C114445,control,2025-06-17,0,0.0
EXP001_checkout_redesign,C112892,control,2025-06-04,0,0.0
EXP001_checkout_redesign,C103469,treatment,2025-06-16,0,0.0
EXP001_checkout_redesign,C106760,control,2025-06-26,0,0.0
EXP001_checkout_redesign,C108397,treatment,2025-06-22,0,0.0
EXP001_checkout_redesign,C102333,control,2025-06-27,0,0.0
EXP001_checkout_redesign,C102637,treatment,2025-06-22,0,0.0
EXP001_checkout_redesign,C103014,treatment,2025-06-21,0,0.0
EXP001_checkout_redesign,C103617,control,2025-06-20,0,0.0
EXP001_checkout_redesign,C114052,treatment,2025-06-02,0,0.0
EXP001_checkout_redesign,C103183,treatment,2025-06-23,0,0.0
EXP001_checkout_redesign,C101877,control,2025-06-12,0,0.0
EXP001_checkout_redesign,C102971,control,2025-06-16,1,4295.15
EXP001_checkout_redesign,C109294,treatment,2025-06-06,0,0.0
EXP001_checkout_redesign,C100891,control,2025-06-16,0,0.0
EXP001_checkout_redesign,C108992,treatment,2025-06-07,0,0.0
EXP001_checkout_redesign,C107557,control,2025-06-14,0,0.0
EXP001_checkout_redesign,C110348,treatment,2025-06-03,0,0.0
EXP001_checkout_redesign,C101198,control,2025-06-01,0,0.0
EXP001_checkout_redesign,C104762,control,2025-06-17,0,0.0
EXP001_checkout_redesign,C101103,control,2025-06-20,0,0.0
EXP001_checkout_redesign,C104107,treatment,2025-06-04,0,0.0
EXP001_checkout_redesign,C101608,control,2025-06-07,0,0.0
EXP001_checkout_redesign,C103234,control,2025-06-29,0,0.0
EXP001_checkout_redesign,C112018,treatment,2025-06-07,0,0.0
EXP001_checkout_redesign,C105420,control,2025-06-04,0,0.0
EXP001_checkout_redesign,C105851,treatment,2025-06-07,1,1276.22
EXP001_checkout_redesign,C102100,control,2025-06-08,1,2951.05
EXP001_checkout_redesign,C109892,control,2025-06-09,0,0.0
EXP001_checkout_redesign,C101639,control,2025-06-22,0,0.0
EXP001_checkout_redesign,C104671,treatment,2025-06-15,0,0.0
EXP001_checkout_redesign,C113606,control,2025-06-04,0,0.0
EXP001_checkout_redesign,C113331,treatment,2025-06-26,0,0.0
EXP001_checkout_redesign,C105206,control,2025-06-18,0,0.0
EXP001_checkout_redesign,C107960,control,2025-06-25,0,0.0
EXP001_checkout_redesign,C107383,treatment,2025-06-12,0,0.0
EXP001_checkout_redesign,C105379,treatment,2025-06-23,0,0.0
EXP001_checkout_redesign,C105008,control,2025-06-06,0,0.0
EXP001_checkout_redesign,C114066,treatment,2025-06-04,1,1931.13
EXP001_checkout_redesign,C109266,treatment,2025-06-04,0,0.0
EXP001_checkout_redesign,C110772,control,2025-06-18,1,3233.13
EXP001_checkout_redesign,C105971,treatment,2025-06-01,0,0.0
EXP001_checkout_redesign,C105182,treatment,2025-06-21,0,0.0
EXP001_checkout_redesign,C107017,control,2025-06-06,1,4146.34
EXP001_checkout_redesign,C110004,control,2025-06-26,0,0.0
EXP001_checkout_redesign,C100079,treatment,2025-06-09,0,0.0
EXP001_checkout_redesign,C112009,treatment,2025-06-17,0,0.0
EXP001_checkout_redesign,C114572,treatment,2025-06-21,0,0.0
EXP001_checkout_redesign,C114959,control,2025-06-11,1,4833.92
EXP001_checkout_redesign,C107145,treatment,2025-06-29,0,0.0
EXP001_checkout_redesign,C114481,control,2025-06-21,0,0.0
EXP001_checkout_redesign,C105889,control,2025-06-09,0,0.0
EXP001_checkout_redesign,C114508,treatment,2025-06-11,0,0.0
EXP001_checkout_redesign,C110879,treatment,2025-06-27,0,0.0
EXP001_checkout_redesign,C107863,treatment,2025-06-04,0,0.0
EXP001_checkout_redesign,C107583,treatment,2025-06-13,1,3759.73
EXP001_checkout_redesign,C107296,treatment,2025-06-29,0,0.0
EXP001_checkout_redesign,C105877,control,2025-06-19,0,0.0
EXP001_checkout_redesign,C110120,treatment,2025-06-03,0,0.0
EXP001_checkout_redesign,C107978,treatment,2025-06-22,0,0.0
EXP001_checkout_redesign,C111567,control,2025-06-27,0,0.0
EXP001_checkout_redesign,C101783,control,2025-06-01,0,0.0
EXP001_checkout_redesign,C102879,control,2025-06-17,0,0.0
EXP001_checkout_redesign,C114567,control,2025-06-17,0,0.0
EXP001_checkout_redesign,C104597,control,2025-06-07,0,0.0
EXP001_checkout_redesign,C110907,treatment,2025-06-14,0,0.0
EXP001_checkout_redesign,C112033,control,2025-06-05,0,0.0
EXP001_checkout_redesign,C113592,control,2025-06-30,0,0.0
EXP001_checkout_redesign,C104312,control,2025-06-14,0,0.0
EXP001_checkout_redesign,C101252,treatment,2025-06-11,1,881.29
EXP001_checkout_redesign,C114646,control,2025-06-25,0,0.0
EXP001_checkout_redesign,C100305,treatment,2025-06-28,0,0.0
EXP001_checkout_redesign,C108309,treatment,2025-06-27,1,2132.89
EXP001_checkout_redesign,C100511,treatment,2025-06-30,0,0.0
EXP001_checkout_redesign,C106637,treatment,2025-06-03,0,0.0
EXP001_checkout_redesign,C113099,treatment,2025-06-06,0,0.0
EXP001_checkout_redesign,C100600,control,2025-06-07,1,5846.07
EXP001_checkout_redesign,C109037,treatment,2025-06-19,0,0.0
EXP001_checkout_redesign,C110043,treatment,2025-06-09,0,0.0
EXP001_checkout_redesign,C108904,control,2025-06-02,0,0.0
EXP001_checkout_redesign,C108842,control,2025-06-28,0,0.0
EXP001_checkout_redesign,C114285,treatment,2025-06-12,0,0.0
EXP001_checkout_redesign,C109805,control,2025-06-07,0,0.0
EXP001_checkout_redesign,C111189,treatment,2025-06-10,0,0.0
EXP001_checkout_redesign,C106430,control,2025-06-20,0,0.0
EXP001_checkout_redesign,C103658,treatment,2025-06-15,0,0.0
EXP001_checkout_redesign,C104767,treatment,2025-06-25,1,3093.49
EXP001_checkout_redesign,C102193,treatment,2025-06-23,0,0.0
EXP001_checkout_redesign,C113966,control,2025-06-24,0,0.0
EXP001_checkout_redesign,C108210,control,2025-06-27,0,0.0
EXP001_checkout_redesign,C108362,control,2025-06-26,0,0.0
EXP001_checkout_redesign,C101483,control,2025-06-19,0,0.0
EXP001_checkout_redesign,C106500,treatment,2025-06-06,0,0.0
EXP001_checkout_redesign,C105961,control,2025-06-20,0,0.0
EXP001_checkout_redesign,C108227,control,2025-06-13,0,0.0
EXP001_checkout_redesign,C100173,treatment,2025-06-20,0,0.0
EXP001_checkout_redesign,C103913,treatment,2025-06-12,0,0.0
EXP001_checkout_redesign,C102717,control,2025-06-18,0,0.0
EXP001_checkout_redesign,C114699,treatment,2025-06-16,0,0.0
EXP001_checkout_redesign,C102299,control,2025-06-11,0,0.0
EXP001_checkout_redesign,C107310,control,2025-06-26,0,0.0
EXP001_checkout_redesign,C114412,control,2025-06-25,0,0.0
EXP001_checkout_redesign,C102935,treatment,2025-06-11,0,0.0
EXP001_checkout_redesign,C109279,treatment,2025-06-01,0,0.0
EXP001_checkout_redesign,C111511,treatment,2025-06-01,0,0.0
EXP001_checkout_redesign,C102395,treatment,2025-06-07,0,0.0
EXP001_checkout_redesign,C114143,treatment,2025-06-26,0,0.0
EXP001_checkout_redesign,C110502,control,2025-06-07,0,0.0
EXP001_checkout_redesign,C100662,control,2025-06-04,0,0.0
EXP001_checkout_redesign,C114235,treatment,2025-06-14,0,0.0
EXP001_checkout_redesign,C107989,control,2025-06-24,0,0.0
EXP001_checkout_redesign,C103796,control,2025-06-05,1,4334.08
EXP001_checkout_redesign,C112628,treatment,2025-06-22,0,0.0
EXP001_checkout_redesign,C112076,treatment,2025-06-12,0,0.0
EXP001_checkout_redesign,C110316,treatment,2025-06-04,0,0.0
EXP001_checkout_redesign,C103834,control,2025-06-03,0,0.0
EXP001_checkout_redesign,C100701,treatment,2025-06-18,0,0.0
EXP001_checkout_redesign,C110134,control,2025-06-24,0,0.0
EXP001_checkout_redesign,C108485,treatment,2025-06-27,0,0.0
EXP001_checkout_redesign,C105918,treatment,2025-06-05,0,0.0
EXP001_checkout_redesign,C110258,treatment,2025-06-26,0,0.0
EXP001_checkout_redesign,C107695,treatment,2025-06-06,0,0.0
EXP001_checkout_redesign,C107448,treatment,2025-06-14,1,3175.05
EXP001_checkout_redesign,C100760,control,2025-06-06,0,0.0
EXP001_checkout_redesign,C110072,control,2025-06-20,0,0.0
EXP001_checkout_redesign,C105309,treatment,2025-06-25,0,0.0
EXP001_checkout_redesign,C101691,treatment,2025-06-23,1,5427.01
EXP001_checkout_redesign,C108542,control,2025-06-12,1,3800.75
EXP001_checkout_redesign,C112754,treatment,2025-06-28,0,0.0
EXP001_checkout_redesign,C104314,treatment,2025-06-26,1,2602.99
EXP001_checkout_redesign,C108918,control,2025-06-12,0,0.0
EXP001_checkout_redesign,C110619,control,2025-06-29,0,0.0
EXP001_checkout_redesign,C112787,control,2025-06-08,0,0.0
EXP001_checkout_redesign,C114934,control,2025-06-23,1,5147.14
EXP001_checkout_redesign,C105985,control,2025-06-20,0,0.0
EXP001_checkout_redesign,C112967,treatment,2025-06-25,0,0.0
EXP001_checkout_redesign,C108465,control,2025-06-02,0,0.0
EXP001_checkout_redesign,C104121,control,2025-06-30,0,0.0
EXP001_checkout_redesign,C106165,control,2025-06-05,0,0.0
EXP001_checkout_redesign,C103651,control,2025-06-30,0,0.0
EXP001_checkout_redesign,C108460,control,2025-06-18,0,0.0
EXP001_checkout_redesign,C106649,treatment,2025-06-24,0,0.0
EXP001_checkout_redesign,C112233,treatment,2025-06-25,0,0.0
EXP001_checkout_redesign,C105653,control,2025-06-03,0,0.0
EXP001_checkout_redesign,C107976,treatment,2025-06-16,0,0.0
EXP001_checkout_redesign,C107898,treatment,2025-06-05,0,0.0
EXP001_checkout_redesign,C111569,treatment,2025-06-09,0,0.0
EXP001_checkout_redesign,C108222,treatment,2025-06-06,0,0.0
EXP001_checkout_redesign,C102276,treatment,2025-06-19,0,0.0
EXP001_checkout_redesign,C107207,control,2025-06-22,0,0.0
EXP001_checkout_redesign,C102713,treatment,2025-06-25,0,0.0
EXP001_checkout_redesign,C111619,control,2025-06-27,0,0.0
EXP001_checkout_redesign,C101263,control,2025-06-27,0,0.0
EXP001_checkout_redesign,C108430,treatment,2025-06-16,0,0.0
EXP001_checkout_redesign,C104600,control,2025-06-26,0,0.0
EXP001_checkout_redesign,C103465,control,2025-06-07,0,0.0
EXP001_checkout_redesign,C102461,treatment,2025-06-04,0,0.0
EXP001_checkout_redesign,C103062,control,2025-06-16,1,1209.83
EXP001_checkout_redesign,C114018,treatment,2025-06-20,0,0.0
EXP001_checkout_redesign,C113998,treatment,2025-06-17,0,0.0
EXP001_checkout_redesign,C112898,control,2025-06-19,0,0.0
EXP001_checkout_redesign,C103773,treatment,2025-06-28,0,0.0
EXP001_checkout_redesign,C106793,treatment,2025-06-25,0,0.0
EXP001_checkout_redesign,C105410,treatment,2025-06-17,0,0.0
EXP001_checkout_redesign,C101856,treatment,2025-06-13,0,0.0
EXP001_checkout_redesign,C107889,treatment,2025-06-02,0,0.0
EXP001_checkout_redesign,C107844,treatment,2025-06-02,0,0.0
EXP001_checkout_redesign,C110556,treatment,2025-06-24,0,0.0
EXP001_checkout_redesign,C103452,control,2025-06-22,0,0.0
EXP001_checkout_redesign,C102641,treatment,2025-06-23,0,0.0
EXP001_checkout_redesign,C112323,treatment,2025-06-27,0,0.0
EXP001_checkout_redesign,C100367,treatment,2025-06-04,0,0.0
EXP001_checkout_redesign,C103992,control,2025-06-16,0,0.0
EXP001_checkout_redesign,C100706,control,2025-06-27,0,0.0
EXP001_checkout_redesign,C102095,treatment,2025-06-04,0,0.0
EXP001_checkout_redesign,C102639,treatment,2025-06-20,0,0.0
EXP001_checkout_redesign,C102207,treatment,2025-06-12,0,0.0
EXP001_checkout_redesign,C108399,control,2025-06-22,0,0.0
EXP001_checkout_redesign,C100642,control,2025-06-28,0,0.0
EXP001_checkout_redesign,C102406,treatment,2025-06-28,1,3653.06
EXP001_checkout_redesign,C110512,control,2025-06-29,0,0.0
EXP001_checkout_redesign,C110402,treatment,2025-06-29,0,0.0
EXP001_checkout_redesign,C104231,treatment,2025-06-20,0,0.0
EXP001_checkout_redesign,C102949,treatment,2025-06-14,0,0.0
EXP001_checkout_redesign,C113943,control,2025-06-01,0,0.0
EXP001_checkout_redesign,C111907,control,2025-06-17,0,0.0
EXP001_checkout_redesign,C110497,control,2025-06-24,0,0.0
EXP001_checkout_redesign,C109706,treatment,2025-06-18,0,0.0
EXP001_checkout_redesign,C104644,treatment,2025-06-12,0,0.0
EXP001_checkout_redesign,C110302,control,2025-06-25,0,0.0
EXP001_checkout_redesign,C103548,treatment,2025-06-10,0,0.0
EXP001_checkout_redesign,C114966,control,2025-06-24,0,0.0
EXP001_checkout_redesign,C107723,control,2025-06-15,0,0.0
EXP001_checkout_redesign,C107891,treatment,2025-06-17,0,0.0
EXP001_checkout_redesign,C102794,control,2025-06-26,0,0.0
EXP001_checkout_redesign,C114442,treatment,2025-06-11,0,0.0
EXP001_checkout_redesign,C112377,treatment,2025-06-24,0,0.0
EXP001_checkout_redesign,C102338,treatment,2025-06-25,0,0.0
EXP001_checkout_redesign,C113956,control,2025-06-20,0,0.0
EXP001_checkout_redesign,C114038,control,2025-06-07,0,0.0
EXP001_checkout_redesign,C112218,control,2025-06-20,0,0.0
EXP001_checkout_redesign,C102747,control,2025-06-29,0,0.0
EXP001_checkout_redesign,C114520,treatment,2025-06-19,0,0.0
EXP001_checkout_redesign,C111848,control,2025-06-11,0,0.0
EXP001_checkout_redesign,C114531,control,2025-06-01,0,0.0
EXP001_checkout_redesign,C103765,treatment,2025-06-18,1,2424.81
EXP001_checkout_redesign,C106196,treatment,2025-06-23,0,0.0
EXP001_checkout_redesign,C106315,treatment,2025-06-22,0,0.0
EXP001_checkout_redesign,C102166,treatment,2025-06-15,0,0.0
EXP001_checkout_redesign,C101778,control,2025-06-13,0,0.0
EXP001_checkout_redesign,C100271,treatment,2025-06-24,1,1368.96
EXP001_checkout_redesign,C103315,control,2025-06-27,0,0.0
EXP001_checkout_redesign,C109658,control,2025-06-16,0,0.0
EXP001_checkout_redesign,C108263,control,2025-06-19,0,0.0
EXP001_checkout_redesign,C106877,treatment,2025-06-06,0,0.0
EXP001_checkout_redesign,C102450,treatment,2025-06-28,0,0.0
EXP001_checkout_redesign,C101577,control,2025-06-22,1,3390.07
EXP001_checkout_redesign,C109612,control,2025-06-28,0,0.0
EXP001_checkout_redesign,C107796,treatment,2025-06-16,1,5339.67
EXP001_checkout_redesign,C100639,treatment,2025-06-18,0,0.0
EXP001_checkout_redesign,C108706,control,2025-06-01,0,0.0
EXP001_checkout_redesign,C109974,control,2025-06-18,0,0.0
EXP001_checkout_redesign,C101925,treatment,2025-06-09,0,0.0
EXP001_checkout_redesign,C111013,treatment,2025-06-13,0,0.0
EXP001_checkout_redesign,C107901,control,2025-06-16,0,0.0
EXP001_checkout_redesign,C102135,treatment,2025-06-22,0,0.0
EXP001_checkout_redesign,C111805,treatment,2025-06-19,0,0.0
EXP001_checkout_redesign,C100019,treatment,2025-06-26,0,0.0
EXP001_checkout_redesign,C107069,control,2025-06-23,0,0.0
EXP001_checkout_redesign,C108553,treatment,2025-06-01,0,0.0
EXP001_checkout_redesign,C106892,treatment,2025-06-30,1,2972.35
EXP001_checkout_redesign,C106068,treatment,2025-06-29,0,0.0
EXP001_checkout_redesign,C114939,treatment,2025-06-08,0,0.0
EXP001_checkout_redesign,C110028,treatment,2025-06-10,1,4622.41
EXP001_checkout_redesign,C107028,treatment,2025-06-07,1,3064.76
EXP001_checkout_redesign,C103759,treatment,2025-06-03,1,2907.01
EXP001_checkout_redesign,C107899,treatment,2025-06-13,0,0.0
EXP001_checkout_redesign,C113562,control,2025-06-20,0,0.0
EXP001_checkout_redesign,C113324,control,2025-06-11,1,5626.69
EXP001_checkout_redesign,C111469,treatment,2025-06-23,0,0.0
EXP001_checkout_redesign,C113911,control,2025-06-20,0,0.0
EXP001_checkout_redesign,C114685,treatment,2025-06-05,0,0.0
EXP001_checkout_redesign,C104170,treatment,2025-06-13,0,0.0
EXP001_checkout_redesign,C107817,control,2025-06-12,0,0.0
EXP001_checkout_redesign,C103809,control,2025-06-16,0,0.0
EXP001_checkout_redesign,C101373,treatment,2025-06-17,0,0.0
EXP001_checkout_redesign,C104641,treatment,2025-06-14,0,0.0
EXP001_checkout_redesign,C108908,treatment,2025-06-21,0,0.0
EXP001_checkout_redesign,C106695,control,2025-06-26,0,0.0
EXP001_checkout_redesign,C104223,control,2025-06-30,0,0.0
EXP001_checkout_redesign,C103096,treatment,2025-06-10,0,0.0
EXP001_checkout_redesign,C100089,treatment,2025-06-13,0,0.0
EXP001_checkout_redesign,C100116,treatment,2025-06-30,0,0.0
EXP001_checkout_redesign,C110247,control,2025-06-12,0,0.0
EXP001_checkout_redesign,C101930,treatment,2025-06-04,0,0.0
EXP001_checkout_redesign,C110683,treatment,2025-06-19,0,0.0
EXP001_checkout_redesign,C114710,treatment,2025-06-12,0,0.0
EXP001_checkout_redesign,C106144,control,2025-06-25,0,0.0
EXP001_checkout_redesign,C111856,treatment,2025-06-01,0,0.0
EXP001_checkout_redesign,C105175,treatment,2025-06-10,1,2011.41
EXP001_checkout_redesign,C112131,control,2025-06-21,0,0.0
EXP001_checkout_redesign,C105935,control,2025-06-26,0,0.0
EXP001_checkout_redesign,C114238,control,2025-06-29,0,0.0
EXP001_checkout_redesign,C113098,control,2025-06-02,0,0.0
EXP001_checkout_redesign,C106980,treatment,2025-06-05,0,0.0
EXP001_checkout_redesign,C112589,control,2025-06-21,0,0.0
EXP001_checkout_redesign,C104281,control,2025-06-26,0,0.0
EXP001_checkout_redesign,C108783,treatment,2025-06-27,0,0.0
EXP001_checkout_redesign,C110841,control,2025-06-17,0,0.0
EXP001_checkout_redesign,C112188,control,2025-06-04,0,0.0
EXP001_checkout_redesign,C104514,treatment,2025-06-07,0,0.0
EXP001_checkout_redesign,C113357,treatment,2025-06-15,0,0.0
EXP001_checkout_redesign,C103337,treatment,2025-06-01,0,0.0
EXP001_checkout_redesign,C113665,treatment,2025-06-28,0,0.0
EXP001_checkout_redesign,C111654,control,2025-06-29,0,0.0
EXP001_checkout_redesign,C109135,treatment,2025-06-14,0,0.0
EXP001_checkout_redesign,C107904,treatment,2025-06-26,0,0.0
EXP001_checkout_redesign,C102928,treatment,2025-06-15,0,0.0
EXP001_checkout_redesign,C114903,control,2025-06-02,0,0.0
EXP001_checkout_redesign,C109160,treatment,2025-06-20,1,4246.31
EXP001_checkout_redesign,C111138,control,2025-06-26,0,0.0
EXP001_checkout_redesign,C107925,control,2025-06-02,0,0.0
EXP001_checkout_redesign,C104157,treatment,2025-06-16,0,0.0
EXP001_checkout_redesign,C105024,control,2025-06-02,0,0.0
EXP001_checkout_redesign,C109979,treatment,2025-06-16,1,2598.82
EXP001_checkout_redesign,C106522,control,2025-06-17,0,0.0
EXP001_checkout_redesign,C112097,treatment,2025-06-18,0,0.0
EXP001_checkout_redesign,C101951,treatment,2025-06-19,0,0.0
EXP001_checkout_redesign,C111507,treatment,2025-06-16,0,0.0
EXP001_checkout_redesign,C110416,control,2025-06-04,1,3921.42
EXP001_checkout_redesign,C102650,treatment,2025-06-17,0,0.0
EXP001_checkout_redesign,C101642,control,2025-06-01,0,0.0
EXP001_checkout_redesign,C103513,control,2025-06-23,0,0.0
EXP001_checkout_redesign,C109704,treatment,2025-06-21,0,0.0
EXP001_checkout_redesign,C106562,control,2025-06-13,0,0.0
EXP001_checkout_redesign,C105544,control,2025-06-07,0,0.0
EXP001_checkout_redesign,C109020,treatment,2025-06-26,0,0.0
EXP001_checkout_redesign,C100852,control,2025-06-09,1,3993.62
EXP001_checkout_redesign,C102633,control,2025-06-14,0,0.0
EXP001_checkout_redesign,C111480,treatment,2025-06-01,0,0.0
EXP001_checkout_redesign,C112650,treatment,2025-06-08,0,0.0
EXP001_checkout_redesign,C101492,treatment,2025-06-10,0,0.0
EXP001_checkout_redesign,C114965,treatment,2025-06-04,0,0.0
EXP001_checkout_redesign,C107727,control,2025-06-25,0,0.0
EXP001_checkout_redesign,C110266,control,2025-06-13,0,0.0
EXP001_checkout_redesign,C101444,treatment,2025-06-18,1,5391.91
EXP001_checkout_redesign,C114718,control,2025-06-09,0,0.0
EXP001_checkout_redesign,C104310,treatment,2025-06-08,1,1100.82
EXP001_checkout_redesign,C109746,treatment,2025-06-30,0,0.0
EXP001_checkout_redesign,C106075,control,2025-06-06,0,0.0
EXP001_checkout_redesign,C112508,treatment,2025-06-21,0,0.0
EXP001_checkout_redesign,C112831,control,2025-06-19,0,0.0
EXP001_checkout_redesign,C106296,control,2025-06-16,0,0.0
EXP001_checkout_redesign,C106564,control,2025-06-01,1,4748.87
EXP001_checkout_redesign,C108536,treatment,2025-06-15,0,0.0
EXP001_checkout_redesign,C113426,control,2025-06-06,0,0.0
EXP001_checkout_redesign,C100941,control,2025-06-10,0,0.0
EXP001_checkout_redesign,C102871,control,2025-06-05,0,0.0
EXP001_checkout_redesign,C114248,treatment,2025-06-08,0,0.0
EXP001_checkout_redesign,C107192,control,2025-06-01,0,0.0
EXP001_checkout_redesign,C100175,treatment,2025-06-13,0,0.0
EXP001_checkout_redesign,C109903,control,2025-06-26,0,0.0
EXP001_checkout_redesign,C108489,control,2025-06-16,0,0.0
EXP001_checkout_redesign,C104685,control,2025-06-17,0,0.0
EXP001_checkout_redesign,C103190,treatment,2025-06-07,0,0.0
EXP001_checkout_redesign,C111766,treatment,2025-06-15,0,0.0
EXP001_checkout_redesign,C108364,treatment,2025-06-24,0,0.0
EXP001_checkout_redesign,C108451,control,2025-06-14,0,0.0
EXP001_checkout_redesign,C103795,control,2025-06-26,0,0.0
EXP001_checkout_redesign,C102776,control,2025-06-28,0,0.0
EXP001_checkout_redesign,C114460,treatment,2025-06-17,0,0.0
EXP001_checkout_redesign,C105893,treatment,2025-06-25,0,0.0
EXP001_checkout_redesign,C114189,treatment,2025-06-23,0,0.0
EXP001_checkout_redesign,C100004,control,2025-06-07,0,0.0
EXP001_checkout_redesign,C113034,treatment,2025-06-24,0,0.0
EXP001_checkout_redesign,C101422,control,2025-06-14,0,0.0
EXP001_checkout_redesign,C113272,control,2025-06-08,0,0.0
EXP001_checkout_redesign,C106544,control,2025-06-13,0,0.0
EXP001_checkout_redesign,C105785,control,2025-06-01,0,0.0
EXP001_checkout_redesign,C106474,control,2025-06-04,0,0.0
EXP001_checkout_redesign,C109268,treatment,2025-06-29,0,0.0
EXP001_checkout_redesign,C110022,treatment,2025-06-29,0,0.0
EXP001_checkout_redesign,C112607,control,2025-06-11,0,0.0
EXP001_checkout_redesign,C111666,treatment,2025-06-09,0,0.0
EXP001_checkout_redesign,C113253,control,2025-06-19,0,0.0
EXP001_checkout_redesign,C101477,control,2025-06-22,0,0.0
EXP001_checkout_redesign,C109004,treatment,2025-06-04,0,0.0
EXP001_checkout_redesign,C104661,control,2025-06-01,0,0.0
EXP001_checkout_redesign,C105703,treatment,2025-06-19,0,0.0
EXP001_checkout_redesign,C105693,control,2025-06-19,0,0.0
EXP001_checkout_redesign,C113886,treatment,2025-06-29,0,0.0
EXP001_checkout_redesign,C114894,control,2025-06-19,0,0.0
EXP001_checkout_redesign,C110032,control,2025-06-11,0,0.0
EXP001_checkout_redesign,C113269,treatment,2025-06-06,0,0.0
EXP001_checkout_redesign,C106618,control,2025-06-25,0,0.0
EXP001_checkout_redesign,C109992,control,2025-06-07,0,0.0
EXP001_checkout_redesign,C104277,treatment,2025-06-23,0,0.0
EXP001_checkout_redesign,C102867,treatment,2025-06-01,0,0.0
EXP001_checkout_redesign,C106670,treatment,2025-06-29,0,0.0
EXP001_checkout_redesign,C108294,control,2025-06-15,0,0.0
EXP001_checkout_redesign,C109657,control,2025-06-25,0,0.0
EXP001_checkout_redesign,C101185,treatment,2025-06-04,0,0.0
EXP001_checkout_redesign,C108243,control,2025-06-13,0,0.0
EXP001_checkout_redesign,C104821,treatment,2025-06-24,0,0.0
EXP001_checkout_redesign,C105570,treatment,2025-06-12,0,0.0
EXP001_checkout_redesign,C101917,control,2025-06-01,0,0.0
EXP001_checkout_redesign,C110131,control,2025-06-08,0,0.0
EXP001_checkout_redesign,C104222,control,2025-06-25,1,3206.26
EXP001_checkout_redesign,C111710,treatment,2025-06-21,0,0.0
EXP001_checkout_redesign,C104098,control,2025-06-23,0,0.0
EXP001_checkout_redesign,C107254,control,2025-06-11,0,0.0
EXP001_checkout_redesign,C106178,treatment,2025-06-10,1,3396.57
EXP001_checkout_redesign,C107923,control,2025-06-02,0,0.0
EXP001_checkout_redesign,C103985,treatment,2025-06-17,0,0.0
EXP001_checkout_redesign,C105565,control,2025-06-28,0,0.0
EXP001_checkout_redesign,C114855,treatment,2025-06-13,0,0.0
EXP001_checkout_redesign,C107548,control,2025-06-27,0,0.0
EXP001_checkout_redesign,C100448,control,2025-06-22,0,0.0
EXP001_checkout_redesign,C107896,treatment,2025-06-09,0,0.0
EXP001_checkout_redesign,C111858,control,2025-06-16,0,0.0
EXP001_checkout_redesign,C104224,control,2025-06-28,0,0.0
EXP001_checkout_redesign,C110853,control,2025-06-17,0,0.0
EXP001_checkout_redesign,C106269,treatment,2025-06-30,1,1586.24
EXP001_checkout_redesign,C103610,control,2025-06-10,0,0.0
EXP001_checkout_redesign,C103767,treatment,2025-06-17,0,0.0
EXP001_checkout_redesign,C105172,control,2025-06-20,0,0.0
EXP001_checkout_redesign,C106757,treatment,2025-06-10,0,0.0
EXP001_checkout_redesign,C110257,treatment,2025-06-22,0,0.0
EXP001_checkout_redesign,C110187,control,2025-06-14,0,0.0
EXP001_checkout_redesign,C108776,treatment,2025-06-15,0,0.0
EXP001_checkout_redesign,C100159,treatment,2025-06-09,0,0.0
EXP001_checkout_redesign,C114308,treatment,2025-06-02,0,0.0
EXP001_checkout_redesign,C112559,control,2025-06-14,0,0.0
EXP001_checkout_redesign,C113390,treatment,2025-06-21,0,0.0
EXP001_checkout_redesign,C101523,treatment,2025-06-07,0,0.0
EXP001_checkout_redesign,C106536,control,2025-06-28,0,0.0
EXP001_checkout_redesign,C105603,treatment,2025-06-04,0,0.0
EXP001_checkout_redesign,C111466,control,2025-06-13,1,3006.91
EXP001_checkout_redesign,C111800,treatment,2025-06-22,0,0.0
EXP001_checkout_redesign,C107807,control,2025-06-22,0,0.0
EXP001_checkout_redesign,C105142,control,2025-06-04,0,0.0
EXP001_checkout_redesign,C105792,treatment,2025-06-04,0,0.0
EXP001_checkout_redesign,C111086,treatment,2025-06-09,0,0.0
EXP001_checkout_redesign,C114928,treatment,2025-06-11,1,1591.22
EXP001_checkout_redesign,C102994,control,2025-06-01,0,0.0
EXP001_checkout_redesign,C113411,control,2025-06-13,0,0.0
EXP001_checkout_redesign,C108175,control,2025-06-21,0,0.0
EXP001_checkout_redesign,C112819,control,2025-06-27,0,0.0
EXP001_checkout_redesign,C103847,treatment,2025-06-25,0,0.0
EXP001_checkout_redesign,C112107,control,2025-06-09,0,0.0
EXP001_checkout_redesign,C104348,control,2025-06-25,0,0.0
EXP001_checkout_redesign,C113965,treatment,2025-06-18,0,0.0
EXP001_checkout_redesign,C103755,control,2025-06-07,0,0.0
EXP001_checkout_redesign,C103322,treatment,2025-06-14,0,0.0
EXP001_checkout_redesign,C104091,treatment,2025-06-26,0,0.0
EXP001_checkout_redesign,C105833,treatment,2025-06-24,0,0.0
EXP001_checkout_redesign,C102555,treatment,2025-06-17,0,0.0
EXP001_checkout_redesign,C113442,control,2025-06-18,0,0.0
EXP001_checkout_redesign,C110636,treatment,2025-06-01,0,0.0
EXP001_checkout_redesign,C101285,treatment,2025-06-29,0,0.0
EXP001_checkout_redesign,C113313,control,2025-06-09,1,1248.07
EXP001_checkout_redesign,C109307,control,2025-06-10,0,0.0
EXP001_checkout_redesign,C110300,control,2025-06-16,0,0.0
EXP001_checkout_redesign,C100692,control,2025-06-11,0,0.0
EXP001_checkout_redesign,C109229,treatment,2025-06-21,0,0.0
EXP001_checkout_redesign,C112698,control,2025-06-04,0,0.0
EXP001_checkout_redesign,C105167,control,2025-06-24,1,4431.45
EXP001_checkout_redesign,C108066,treatment,2025-06-19,0,0.0
EXP001_checkout_redesign,C111562,treatment,2025-06-08,0,0.0
EXP001_checkout_redesign,C113929,treatment,2025-06-03,0,0.0
EXP001_checkout_redesign,C109853,control,2025-06-22,1,1656.04
EXP001_checkout_redesign,C108374,control,2025-06-04,0,0.0
EXP001_checkout_redesign,C104591,treatment,2025-06-29,1,4401.91
EXP001_checkout_redesign,C109691,control,2025-06-30,0,0.0
EXP001_checkout_redesign,C103638,control,2025-06-08,0,0.0
EXP001_checkout_redesign,C102101,control,2025-06-23,0,0.0
EXP001_checkout_redesign,C114670,treatment,2025-06-12,0,0.0
EXP001_checkout_redesign,C108613,control,2025-06-05,0,0.0
EXP001_checkout_redesign,C106933,control,2025-06-29,0,0.0
EXP001_checkout_redesign,C107836,treatment,2025-06-30,0,0.0
EXP001_checkout_redesign,C108859,control,2025-06-29,0,0.0
EXP001_checkout_redesign,C100533,treatment,2025-06-03,0,0.0
EXP001_checkout_redesign,C108232,treatment,2025-06-05,0,0.0
EXP001_checkout_redesign,C105689,control,2025-06-30,0,0.0
EXP001_checkout_redesign,C106450,control,2025-06-04,1,5197.05
EXP001_checkout_redesign,C102863,control,2025-06-24,1,3345.75
EXP001_checkout_redesign,C107490,control,2025-06-11,0,0.0
EXP001_checkout_redesign,C101972,control,2025-06-21,1,3827.85
EXP001_checkout_redesign,C108490,control,2025-06-26,0,0.0
EXP001_checkout_redesign,C107537,treatment,2025-06-26,1,4557.21
EXP001_checkout_redesign,C105171,control,2025-06-16,0,0.0
EXP001_checkout_redesign,C100137,control,2025-06-21,0,0.0
EXP001_checkout_redesign,C100193,treatment,2025-06-18,1,4723.6
EXP001_checkout_redesign,C109285,control,2025-06-25,0,0.0
EXP001_checkout_redesign,C114886,treatment,2025-06-06,0,0.0
EXP001_checkout_redesign,C101650,control,2025-06-27,1,2817.07
EXP001_checkout_redesign,C105331,treatment,2025-06-16,0,0.0
EXP001_checkout_redesign,C105924,control,2025-06-01,0,0.0
EXP001_checkout_redesign,C104254,control,2025-06-19,0,0.0
EXP001_checkout_redesign,C112468,control,2025-06-20,0,0.0
EXP001_checkout_redesign,C108987,treatment,2025-06-16,0,0.0
EXP001_checkout_redesign,C104306,treatment,2025-06-10,0,0.0
EXP001_checkout_redesign,C103885,treatment,2025-06-26,0,0.0
EXP001_checkout_redesign,C104413,treatment,2025-06-14,0,0.0
EXP001_checkout_redesign,C107722,treatment,2025-06-18,0,0.0
EXP001_checkout_redesign,C105621,control,2025-06-13,0,0.0
EXP001_checkout_redesign,C112214,treatment,2025-06-27,0,0.0
EXP001_checkout_redesign,C103013,control,2025-06-13,0,0.0
EXP001_checkout_redesign,C114877,treatment,2025-06-26,0,0.0
EXP001_checkout_redesign,C106945,control,2025-06-15,0,0.0
EXP001_checkout_redesign,C103449,treatment,2025-06-04,0,0.0
EXP001_checkout_redesign,C113300,control,2025-06-18,0,0.0
EXP001_checkout_redesign,C106099,control,2025-06-15,0,0.0
EXP001_checkout_redesign,C105981,treatment,2025-06-06,0,0.0
EXP001_checkout_redesign,C110602,control,2025-06-29,0,0.0
EXP001_checkout_redesign,C113949,treatment,2025-06-10,0,0.0
EXP001_checkout_redesign,C107384,control,2025-06-15,0,0.0
EXP001_checkout_redesign,C111328,control,2025-06-25,0,0.0
EXP001_checkout_redesign,C102148,treatment,2025-06-01,0,0.0
EXP001_checkout_redesign,C103744,control,2025-06-05,0,0.0
EXP001_checkout_redesign,C101636,control,2025-06-09,0,0.0
EXP001_checkout_redesign,C114885,treatment,2025-06-27,0,0.0
EXP001_checkout_redesign,C103863,treatment,2025-06-23,0,0.0
EXP001_checkout_redesign,C107081,treatment,2025-06-14,0,0.0
EXP001_checkout_redesign,C109715,treatment,2025-06-11,0,0.0
EXP001_checkout_redesign,C103212,control,2025-06-06,0,0.0
EXP001_checkout_redesign,C102389,treatment,2025-06-16,0,0.0
EXP001_checkout_redesign,C111332,treatment,2025-06-23,0,0.0
EXP001_checkout_redesign,C113565,treatment,2025-06-30,0,0.0
EXP001_checkout_redesign,C109063,control,2025-06-29,0,0.0
EXP001_checkout_redesign,C102893,treatment,2025-06-09,1,4410.88
EXP001_checkout_redesign,C114089,control,2025-06-03,1,3853.49
EXP001_checkout_redesign,C110773,treatment,2025-06-08,0,0.0
EXP001_checkout_redesign,C102203,control,2025-06-17,0,0.0
EXP001_checkout_redesign,C108470,control,2025-06-26,0,0.0
EXP001_checkout_redesign,C108748,control,2025-06-22,1,4207.77
EXP001_checkout_redesign,C109465,treatment,2025-06-09,0,0.0
EXP001_checkout_redesign,C113008,treatment,2025-06-17,0,0.0
EXP001_checkout_redesign,C114549,treatment,2025-06-05,0,0.0
EXP001_checkout_redesign,C104111,control,2025-06-24,0,0.0
EXP001_checkout_redesign,C100781,treatment,2025-06-26,0,0.0
EXP001_checkout_redesign,C106527,control,2025-06-11,0,0.0
EXP001_checkout_redesign,C101621,treatment,2025-06-06,0,0.0
EXP001_checkout_redesign,C102676,treatment,2025-06-22,0,0.0
EXP001_checkout_redesign,C100983,treatment,2025-06-14,0,0.0
EXP001_checkout_redesign,C103530,treatment,2025-06-03,0,0.0
EXP001_checkout_redesign,C111767,treatment,2025-06-24,0,0.0
EXP001_checkout_redesign,C109054,control,2025-06-30,0,0.0
EXP001_checkout_redesign,C114030,control,2025-06-17,0,0.0
EXP001_checkout_redesign,C107370,treatment,2025-06-28,0,0.0
EXP001_checkout_redesign,C105483,control,2025-06-04,0,0.0
EXP001_checkout_redesign,C104256,treatment,2025-06-08,0,0.0
EXP001_checkout_redesign,C105914,treatment,2025-06-06,0,0.0
EXP001_checkout_redesign,C105903,treatment,2025-06-11,0,0.0
EXP001_checkout_redesign,C114513,treatment,2025-06-25,0,0.0
EXP001_checkout_redesign,C105638,control,2025-06-01,0,0.0
EXP001_checkout_redesign,C100324,control,2025-06-15,0,0.0
EXP001_checkout_redesign,C106746,control,2025-06-16,0,0.0
EXP001_checkout_redesign,C101986,control,2025-06-02,0,0.0
EXP001_checkout_redesign,C112922,control,2025-06-13,0,0.0
EXP001_checkout_redesign,C103259,treatment,2025-06-12,0,0.0
EXP001_checkout_redesign,C114345,treatment,2025-06-14,1,4897.74
EXP001_checkout_redesign,C102859,control,2025-06-01,0,0.0
EXP001_checkout_redesign,C104663,control,2025-06-11,1,5033.72
EXP001_checkout_redesign,C109743,treatment,2025-06-04,0,0.0
EXP001_checkout_redesign,C105326,treatment,2025-06-13,0,0.0
EXP001_checkout_redesign,C112930,treatment,2025-06-25,0,0.0
EXP001_checkout_redesign,C107987,control,2025-06-20,0,0.0
EXP001_checkout_redesign,C107322,treatment,2025-06-25,0,0.0
EXP001_checkout_redesign,C111473,control,2025-06-06,0,0.0
EXP001_checkout_redesign,C106243,treatment,2025-06-05,0,0.0
EXP001_checkout_redesign,C104694,treatment,2025-06-26,0,0.0
EXP001_checkout_redesign,C110040,control,2025-06-04,0,0.0
EXP001_checkout_redesign,C102373,treatment,2025-06-13,1,3812.39
EXP001_checkout_redesign,C102745,treatment,2025-06-26,0,0.0
EXP001_checkout_redesign,C105527,treatment,2025-06-18,0,0.0
EXP001_checkout_redesign,C106911,control,2025-06-13,0,0.0
EXP001_checkout_redesign,C106631,control,2025-06-08,0,0.0
EXP001_checkout_redesign,C101168,treatment,2025-06-19,0,0.0
EXP001_checkout_redesign,C101296,control,2025-06-15,0,0.0
EXP001_checkout_redesign,C102654,treatment,2025-06-29,0,0.0
EXP001_checkout_redesign,C110944,control,2025-06-01,0,0.0
EXP001_checkout_redesign,C103739,control,2025-06-11,0,0.0
EXP001_checkout_redesign,C105136,control,2025-06-16,1,5741.67
EXP001_checkout_redesign,C105191,treatment,2025-06-10,0,0.0
EXP001_checkout_redesign,C114463,control,2025-06-07,0,0.0
EXP001_checkout_redesign,C112265,control,2025-06-08,0,0.0
EXP001_checkout_redesign,C106479,control,2025-06-23,0,0.0
EXP001_checkout_redesign,C110750,treatment,2025-06-20,0,0.0
EXP001_checkout_redesign,C107289,treatment,2025-06-16,0,0.0
EXP001_checkout_redesign,C105950,treatment,2025-06-24,1,4588.29
EXP001_checkout_redesign,C108535,treatment,2025-06-10,0,0.0
EXP001_checkout_redesign,C107377,control,2025-06-04,0,0.0
EXP001_checkout_redesign,C114929,treatment,2025-06-12,1,4981.94
EXP001_checkout_redesign,C102741,treatment,2025-06-21,0,0.0
EXP001_checkout_redesign,C110653,treatment,2025-06-16,0,0.0
EXP001_checkout_redesign,C100378,treatment,2025-06-24,0,0.0
EXP001_checkout_redesign,C102048,treatment,2025-06-29,0,0.0
EXP001_checkout_redesign,C103844,treatment,2025-06-18,0,0.0
EXP001_checkout_redesign,C104122,control,2025-06-16,1,1450.49
EXP001_checkout_redesign,C110035,treatment,2025-06-13,0,0.0
EXP001_checkout_redesign,C114498,control,2025-06-16,0,0.0
EXP001_checkout_redesign,C110771,control,2025-06-26,0,0.0
EXP001_checkout_redesign,C112973,treatment,2025-06-15,0,0.0
EXP001_checkout_redesign,C101687,control,2025-06-08,1,1841.49
EXP001_checkout_redesign,C110677,control,2025-06-15,0,0.0
EXP001_checkout_redesign,C110096,control,2025-06-21,0,0.0
EXP001_checkout_redesign,C114287,control,2025-06-21,0,0.0
EXP001_checkout_redesign,C109624,treatment,2025-06-07,0,0.0
EXP001_checkout_redesign,C100431,control,2025-06-20,0,0.0
EXP001_checkout_redesign,C111982,treatment,2025-06-19,0,0.0
EXP001_checkout_redesign,C111595,treatment,2025-06-29,0,0.0
EXP001_checkout_redesign,C101363,control,2025-06-22,1,1691.83
EXP001_checkout_redesign,C109522,control,2025-06-14,0,0.0
EXP001_checkout_redesign,C104300,control,2025-06-06,1,3713.97
EXP001_checkout_redesign,C102544,control,2025-06-13,0,0.0
EXP001_checkout_redesign,C112842,treatment,2025-06-26,0,0.0
EXP001_checkout_redesign,C106387,control,2025-06-12,0,0.0
EXP001_checkout_redesign,C105068,control,2025-06-22,1,1882.78
EXP001_checkout_redesign,C103757,treatment,2025-06-07,0,0.0
EXP001_checkout_redesign,C104053,treatment,2025-06-20,0,0.0
EXP001_checkout_redesign,C112810,treatment,2025-06-03,0,0.0
EXP001_checkout_redesign,C114645,treatment,2025-06-03,0,0.0
EXP001_checkout_redesign,C102071,control,2025-06-03,0,0.0
EXP001_checkout_redesign,C102150,control,2025-06-15,1,1913.38
EXP001_checkout_redesign,C108630,treatment,2025-06-16,0,0.0
EXP001_checkout_redesign,C102795,control,2025-06-13,0,0.0
EXP001_checkout_redesign,C100468,treatment,2025-06-16,0,0.0
EXP001_checkout_redesign,C100575,control,2025-06-02,0,0.0
EXP001_checkout_redesign,C114912,treatment,2025-06-06,0,0.0
EXP001_checkout_redesign,C105328,treatment,2025-06-17,0,0.0
EXP001_checkout_redesign,C111238,treatment,2025-06-06,0,0.0
EXP001_checkout_redesign,C107654,control,2025-06-24,0,0.0
EXP001_checkout_redesign,C111478,control,2025-06-22,0,0.0
EXP001_checkout_redesign,C104463,control,2025-06-18,0,0.0
EXP001_checkout_redesign,C107288,control,2025-06-23,0,0.0
EXP001_checkout_redesign,C102213,control,2025-06-12,0,0.0
EXP001_checkout_redesign,C112291,treatment,2025-06-19,0,0.0
EXP001_checkout_redesign,C114427,treatment,2025-06-25,0,0.0
EXP001_checkout_redesign,C107480,treatment,2025-06-12,1,2015.42
EXP001_checkout_redesign,C112311,treatment,2025-06-27,1,5746.06
EXP001_checkout_redesign,C112604,treatment,2025-06-24,1,4167.24
EXP001_checkout_redesign,C109990,treatment,2025-06-22,0,0.0
EXP001_checkout_redesign,C105073,treatment,2025-06-17,0,0.0
EXP001_checkout_redesign,C114014,treatment,2025-06-02,1,2265.51
EXP001_checkout_redesign,C114563,control,2025-06-14,0,0.0
EXP001_checkout_redesign,C108841,control,2025-06-28,0,0.0
EXP001_checkout_redesign,C103721,control,2025-06-13,0,0.0
EXP001_checkout_redesign,C101467,control,2025-06-24,1,1907.05
EXP001_checkout_redesign,C111859,control,2025-06-06,0,0.0
EXP001_checkout_redesign,C105044,treatment,2025-06-17,0,0.0
EXP001_checkout_redesign,C113371,treatment,2025-06-09,0,0.0
EXP001_checkout_redesign,C106753,treatment,2025-06-30,0,0.0
EXP001_checkout_redesign,C108942,treatment,2025-06-08,0,0.0
EXP001_checkout_redesign,C102551,control,2025-06-14,0,0.0
EXP001_checkout_redesign,C104973,control,2025-06-02,0,0.0
EXP001_checkout_redesign,C114883,control,2025-06-10,0,0.0
EXP001_checkout_redesign,C100001,control,2025-06-28,0,0.0
EXP001_checkout_redesign,C108574,treatment,2025-06-21,0,0.0
EXP001_checkout_redesign,C102233,treatment,2025-06-03,0,0.0
EXP001_checkout_redesign,C105634,treatment,2025-06-30,0,0.0
EXP001_checkout_redesign,C104698,treatment,2025-06-17,0,0.0
EXP001_checkout_redesign,C107687,treatment,2025-06-07,0,0.0
EXP001_checkout_redesign,C111989,treatment,2025-06-25,0,0.0
EXP001_checkout_redesign,C100136,control,2025-06-12,0,0.0
EXP001_checkout_redesign,C108059,treatment,2025-06-27,0,0.0
EXP001_checkout_redesign,C107816,control,2025-06-07,0,0.0
EXP001_checkout_redesign,C104908,treatment,2025-06-03,0,0.0
EXP001_checkout_redesign,C111583,control,2025-06-06,0,0.0
EXP001_checkout_redesign,C111276,control,2025-06-03,0,0.0
EXP001_checkout_redesign,C104799,control,2025-06-04,0,0.0
EXP001_checkout_redesign,C114175,control,2025-06-16,0,0.0
EXP001_checkout_redesign,C100118,treatment,2025-06-15,0,0.0
EXP001_checkout_redesign,C111889,control,2025-06-01,0,0.0
EXP001_checkout_redesign,C103089,treatment,2025-06-02,0,0.0
EXP001_checkout_redesign,C110913,treatment,2025-06-01,0,0.0
EXP001_checkout_redesign,C111468,control,2025-06-26,0,0.0
EXP001_checkout_redesign,C106467,control,2025-06-18,0,0.0
EXP001_checkout_redesign,C104094,treatment,2025-06-04,1,1064.6
EXP001_checkout_redesign,C102675,treatment,2025-06-06,0,0.0
EXP001_checkout_redesign,C106385,treatment,2025-06-11,0,0.0
EXP001_checkout_redesign,C110443,control,2025-06-30,0,0.0
EXP001_checkout_redesign,C103614,treatment,2025-06-12,0,0.0
EXP001_checkout_redesign,C109905,control,2025-06-08,0,0.0
EXP001_checkout_redesign,C101297,control,2025-06-30,0,0.0
EXP001_checkout_redesign,C106917,control,2025-06-14,0,0.0
EXP001_checkout_redesign,C103924,control,2025-06-10,1,2859.76
EXP001_checkout_redesign,C109269,control,2025-06-25,0,0.0
EXP001_checkout_redesign,C104454,control,2025-06-26,0,0.0
EXP001_checkout_redesign,C104664,treatment,2025-06-23,0,0.0
EXP001_checkout_redesign,C111786,treatment,2025-06-04,0,0.0
EXP001_checkout_redesign,C104404,treatment,2025-06-15,0,0.0
EXP001_checkout_redesign,C112108,control,2025-06-30,0,0.0
EXP001_checkout_redesign,C103080,treatment,2025-06-16,0,0.0
EXP001_checkout_redesign,C113516,control,2025-06-14,0,0.0
EXP001_checkout_redesign,C102988,treatment,2025-06-15,0,0.0
EXP001_checkout_redesign,C102238,treatment,2025-06-23,0,0.0
EXP001_checkout_redesign,C104744,treatment,2025-06-17,0,0.0
EXP001_checkout_redesign,C101808,treatment,2025-06-27,0,0.0
EXP001_checkout_redesign,C111243,control,2025-06-12,0,0.0
EXP001_checkout_redesign,C107418,treatment,2025-06-30,0,0.0
EXP001_checkout_redesign,C113028,control,2025-06-30,0,0.0
EXP001_checkout_redesign,C108060,control,2025-06-13,0,0.0
EXP001_checkout_redesign,C103076,control,2025-06-14,0,0.0
EXP001_checkout_redesign,C111764,control,2025-06-26,0,0.0
EXP001_checkout_redesign,C114702,treatment,2025-06-11,0,0.0
EXP001_checkout_redesign,C113556,treatment,2025-06-11,0,0.0
EXP001_checkout_redesign,C110140,control,2025-06-06,0,0.0
EXP001_checkout_redesign,C108764,treatment,2025-06-01,0,0.0
EXP001_checkout_redesign,C100362,treatment,2025-06-24,0,0.0
EXP001_checkout_redesign,C103046,control,2025-06-20,0,0.0
EXP001_checkout_redesign,C101675,control,2025-06-08,1,3376.53
EXP001_checkout_redesign,C104622,treatment,2025-06-08,0,0.0
EXP001_checkout_redesign,C104410,treatment,2025-06-30,0,0.0
EXP001_checkout_redesign,C108896,treatment,2025-06-30,0,0.0
EXP001_checkout_redesign,C111322,treatment,2025-06-18,0,0.0
EXP001_checkout_redesign,C100134,control,2025-06-22,0,0.0
EXP001_checkout_redesign,C112017,treatment,2025-06-13,0,0.0
EXP001_checkout_redesign,C110615,treatment,2025-06-26,0,0.0
EXP001_checkout_redesign,C102468,control,2025-06-14,0,0.0
EXP001_checkout_redesign,C114635,treatment,2025-06-30,0,0.0
EXP001_checkout_redesign,C108086,control,2025-06-15,1,3487.9
EXP001_checkout_redesign,C103558,control,2025-06-04,0,0.0
EXP001_checkout_redesign,C105601,treatment,2025-06-19,0,0.0
EXP001_checkout_redesign,C106885,treatment,2025-06-13,0,0.0
EXP001_checkout_redesign,C105104,control,2025-06-09,0,0.0
EXP001_checkout_redesign,C113625,treatment,2025-06-16,0,0.0
EXP001_checkout_redesign,C106084,treatment,2025-06-28,1,3651.03
EXP001_checkout_redesign,C107597,treatment,2025-06-26,0,0.0
EXP001_checkout_redesign,C112980,treatment,2025-06-28,0,0.0
EXP001_checkout_redesign,C109290,control,2025-06-09,0,0.0
EXP001_checkout_redesign,C114812,control,2025-06-02,0,0.0
EXP001_checkout_redesign,C102393,treatment,2025-06-21,0,0.0
EXP001_checkout_redesign,C100918,treatment,2025-06-26,0,0.0
EXP001_checkout_redesign,C110514,control,2025-06-10,1,3101.0
EXP001_checkout_redesign,C106429,treatment,2025-06-07,0,0.0
EXP001_checkout_redesign,C113757,treatment,2025-06-09,0,0.0
EXP001_checkout_redesign,C112594,treatment,2025-06-08,0,0.0
EXP001_checkout_redesign,C102975,control,2025-06-26,1,2471.67
EXP001_checkout_redesign,C103148,treatment,2025-06-20,1,5592.92
EXP001_checkout_redesign,C113448,control,2025-06-19,0,0.0
EXP001_checkout_redesign,C109629,control,2025-06-01,0,0.0
EXP001_checkout_redesign,C100206,treatment,2025-06-01,0,0.0
EXP001_checkout_redesign,C101998,control,2025-06-25,0,0.0
EXP001_checkout_redesign,C104078,control,2025-06-20,1,1108.98
EXP001_checkout_redesign,C114822,treatment,2025-06-08,0,0.0
EXP001_checkout_redesign,C107257,control,2025-06-04,0,0.0
EXP001_checkout_redesign,C104049,control,2025-06-28,0,0.0
EXP001_checkout_redesign,C100549,treatment,2025-06-22,0,0.0
EXP001_checkout_redesign,C113445,control,2025-06-04,1,3943.28
EXP001_checkout_redesign,C111606,treatment,2025-06-15,0,0.0
EXP001_checkout_redesign,C101539,control,2025-06-02,0,0.0
EXP001_checkout_redesign,C108538,treatment,2025-06-17,0,0.0
EXP001_checkout_redesign,C103415,treatment,2025-06-08,0,0.0
EXP001_checkout_redesign,C107746,control,2025-06-16,0,0.0
EXP001_checkout_redesign,C114827,control,2025-06-06,0,0.0
EXP001_checkout_redesign,C111574,treatment,2025-06-01,0,0.0
EXP001_checkout_redesign,C105293,treatment,2025-06-05,0,0.0
EXP001_checkout_redesign,C102598,treatment,2025-06-19,0,0.0
EXP001_checkout_redesign,C100691,treatment,2025-06-18,0,0.0
EXP001_checkout_redesign,C108534,control,2025-06-03,0,0.0
EXP001_checkout_redesign,C113270,control,2025-06-02,0,0.0
EXP001_checkout_redesign,C112545,control,2025-06-26,0,0.0
EXP001_checkout_redesign,C107884,control,2025-06-02,0,0.0
EXP001_checkout_redesign,C110090,treatment,2025-06-01,0,0.0
EXP001_checkout_redesign,C103255,control,2025-06-03,0,0.0
EXP001_checkout_redesign,C110971,treatment,2025-06-19,0,0.0
EXP001_checkout_redesign,C114081,control,2025-06-04,0,0.0
EXP001_checkout_redesign,C111005,control,2025-06-03,0,0.0
EXP001_checkout_redesign,C109826,control,2025-06-08,0,0.0
EXP001_checkout_redesign,C112469,treatment,2025-06-12,1,4373.82
EXP001_checkout_redesign,C110366,control,2025-06-29,0,0.0
EXP001_checkout_redesign,C105316,control,2025-06-04,0,0.0
EXP001_checkout_redesign,C100246,control,2025-06-14,0,0.0
EXP001_checkout_redesign,C109530,control,2025-06-10,0,0.0
EXP001_checkout_redesign,C104523,treatment,2025-06-17,0,0.0
EXP001_checkout_redesign,C101960,treatment,2025-06-30,0,0.0
EXP001_checkout_redesign,C110215,control,2025-06-18,0,0.0
EXP001_checkout_redesign,C103982,treatment,2025-06-07,0,0.0
EXP001_checkout_redesign,C100146,treatment,2025-06-13,0,0.0
EXP001_checkout_redesign,C100688,treatment,2025-06-22,0,0.0
EXP001_checkout_redesign,C107786,control,2025-06-25,1,1076.37
EXP001_checkout_redesign,C102539,control,2025-06-13,0,0.0
EXP001_checkout_redesign,C108766,treatment,2025-06-22,1,2247.75
EXP001_checkout_redesign,C101466,treatment,2025-06-02,0,0.0
EXP001_checkout_redesign,C104075,control,2025-06-08,0,0.0
EXP001_checkout_redesign,C102583,control,2025-06-25,0,0.0
EXP001_checkout_redesign,C108190,treatment,2025-06-21,0,0.0
EXP001_checkout_redesign,C101497,treatment,2025-06-22,0,0.0
EXP001_checkout_redesign,C109158,treatment,2025-06-20,0,0.0
EXP001_checkout_redesign,C108949,control,2025-06-11,0,0.0
EXP001_checkout_redesign,C100979,control,2025-06-02,0,0.0
EXP001_checkout_redesign,C105824,treatment,2025-06-12,0,0.0
EXP001_checkout_redesign,C102521,treatment,2025-06-05,1,1790.42
EXP001_checkout_redesign,C101759,treatment,2025-06-21,1,5743.34
EXP001_checkout_redesign,C102061,control,2025-06-30,0,0.0
EXP001_checkout_redesign,C107992,control,2025-06-16,1,2668.82
EXP001_checkout_redesign,C103812,treatment,2025-06-30,0,0.0
EXP001_checkout_redesign,C105189,control,2025-06-01,0,0.0
EXP001_checkout_redesign,C105690,control,2025-06-12,0,0.0
EXP001_checkout_redesign,C107187,control,2025-06-05,0,0.0
EXP001_checkout_redesign,C103161,control,2025-06-01,0,0.0
EXP001_checkout_redesign,C113262,treatment,2025-06-03,1,1523.06
EXP001_checkout_redesign,C106189,control,2025-06-27,0,0.0
EXP001_checkout_redesign,C105868,treatment,2025-06-25,0,0.0
EXP001_checkout_redesign,C109277,treatment,2025-06-04,0,0.0
EXP001_checkout_redesign,C111816,treatment,2025-06-09,0,0.0
EXP001_checkout_redesign,C109871,control,2025-06-22,1,3648.13
EXP001_checkout_redesign,C110993,control,2025-06-17,0,0.0
EXP001_checkout_redesign,C107168,treatment,2025-06-12,0,0.0
EXP001_checkout_redesign,C104828,treatment,2025-06-19,0,0.0
EXP001_checkout_redesign,C108029,treatment,2025-06-29,0,0.0
EXP001_checkout_redesign,C113271,treatment,2025-06-03,1,2596.24
EXP001_checkout_redesign,C103057,control,2025-06-30,0,0.0
EXP001_checkout_redesign,C105696,control,2025-06-20,0,0.0
EXP001_checkout_redesign,C105303,control,2025-06-10,0,0.0
EXP001_checkout_redesign,C107674,control,2025-06-20,0,0.0
EXP001_checkout_redesign,C104510,treatment,2025-06-08,0,0.0
EXP001_checkout_redesign,C109899,control,2025-06-03,0,0.0
EXP001_checkout_redesign,C101128,treatment,2025-06-11,0,0.0
EXP001_checkout_redesign,C108711,control,2025-06-15,0,0.0
EXP001_checkout_redesign,C107362,control,2025-06-20,0,0.0
EXP001_checkout_redesign,C114319,treatment,2025-06-28,0,0.0
EXP001_checkout_redesign,C109062,treatment,2025-06-12,0,0.0
EXP001_checkout_redesign,C106014,treatment,2025-06-03,1,1286.64
EXP001_checkout_redesign,C107439,control,2025-06-07,0,0.0
EXP001_checkout_redesign,C110479,treatment,2025-06-22,0,0.0
EXP001_checkout_redesign,C114008,treatment,2025-06-01,0,0.0
EXP001_checkout_redesign,C106210,control,2025-06-10,0,0.0
EXP001_checkout_redesign,C103039,treatment,2025-06-17,0,0.0
EXP001_checkout_redesign,C100306,treatment,2025-06-06,0,0.0
EXP001_checkout_redesign,C105965,control,2025-06-19,0,0.0
EXP001_checkout_redesign,C113574,treatment,2025-06-25,0,0.0
EXP001_checkout_redesign,C105254,treatment,2025-06-12,0,0.0
EXP001_checkout_redesign,C109822,treatment,2025-06-29,0,0.0
EXP001_checkout_redesign,C106348,treatment,2025-06-28,0,0.0
EXP001_checkout_redesign,C112249,control,2025-06-02,0,0.0
EXP001_checkout_redesign,C112833,treatment,2025-06-12,0,0.0
EXP001_checkout_redesign,C112523,treatment,2025-06-29,1,3996.07
EXP001_checkout_redesign,C113449,control,2025-06-19,0,0.0
EXP001_checkout_redesign,C104638,control,2025-06-09,1,3938.75
EXP001_checkout_redesign,C113172,control,2025-06-28,1,5314.59
EXP001_checkout_redesign,C106714,treatment,2025-06-06,0,0.0
EXP001_checkout_redesign,C105276,control,2025-06-17,1,3423.85
EXP001_checkout_redesign,C109888,treatment,2025-06-02,0,0.0
EXP001_checkout_redesign,C112571,control,2025-06-07,0,0.0
EXP001_checkout_redesign,C108572,treatment,2025-06-06,0,0.0
EXP001_checkout_redesign,C101092,treatment,2025-06-14,0,0.0
EXP001_checkout_redesign,C112554,control,2025-06-17,0,0.0
EXP001_checkout_redesign,C112387,control,2025-06-26,0,0.0
EXP001_checkout_redesign,C102926,control,2025-06-18,1,3445.28
EXP001_checkout_redesign,C100512,control,2025-06-06,1,1251.14
EXP001_checkout_redesign,C113731,treatment,2025-06-12,0,0.0
EXP001_checkout_redesign,C111553,control,2025-06-06,1,2605.0
EXP001_checkout_redesign,C107952,treatment,2025-06-22,0,0.0
EXP001_checkout_redesign,C114657,treatment,2025-06-14,0,0.0
EXP001_checkout_redesign,C101617,control,2025-06-13,0,0.0
EXP001_checkout_redesign,C100521,treatment,2025-06-09,0,0.0
EXP001_checkout_redesign,C106366,control,2025-06-18,0,0.0
EXP001_checkout_redesign,C108026,control,2025-06-10,0,0.0
EXP001_checkout_redesign,C108615,control,2025-06-10,0,0.0
EXP001_checkout_redesign,C112647,control,2025-06-27,0,0.0
EXP001_checkout_redesign,C100804,treatment,2025-06-14,0,0.0
EXP001_checkout_redesign,C106002,control,2025-06-09,0,0.0
EXP001_checkout_redesign,C103616,treatment,2025-06-09,0,0.0
EXP001_checkout_redesign,C101161,treatment,2025-06-26,0,0.0
EXP001_checkout_redesign,C100214,control,2025-06-25,0,0.0
EXP001_checkout_redesign,C103419,control,2025-06-09,0,0.0
EXP001_checkout_redesign,C108051,treatment,2025-06-03,0,0.0
EXP001_checkout_redesign,C101310,treatment,2025-06-26,0,0.0
EXP001_checkout_redesign,C111963,control,2025-06-09,0,0.0
EXP001_checkout_redesign,C100994,treatment,2025-06-13,0,0.0
EXP001_checkout_redesign,C105913,control,2025-06-10,0,0.0
EXP001_checkout_redesign,C109574,treatment,2025-06-25,0,0.0
EXP001_checkout_redesign,C111019,treatment,2025-06-03,0,0.0
EXP001_checkout_redesign,C100955,treatment,2025-06-30,1,3954.36
EXP001_checkout_redesign,C104355,control,2025-06-29,0,0.0
EXP001_checkout_redesign,C100666,treatment,2025-06-20,0,0.0
EXP001_checkout_redesign,C101153,control,2025-06-04,0,0.0
EXP001_checkout_redesign,C110718,treatment,2025-06-14,0,0.0
EXP001_checkout_redesign,C110742,treatment,2025-06-13,0,0.0
EXP001_checkout_redesign,C103537,treatment,2025-06-20,0,0.0
EXP001_checkout_redesign,C108511,control,2025-06-07,0,0.0
EXP001_checkout_redesign,C113400,control,2025-06-21,0,0.0
EXP001_checkout_redesign,C101658,control,2025-06-07,0,0.0
EXP001_checkout_redesign,C103784,control,2025-06-06,0,0.0
EXP001_checkout_redesign,C106313,treatment,2025-06-23,0,0.0
EXP001_checkout_redesign,C103104,treatment,2025-06-08,0,0.0
EXP001_checkout_redesign,C111947,treatment,2025-06-06,0,0.0
EXP001_checkout_redesign,C108708,treatment,2025-06-25,1,2977.32
EXP001_checkout_redesign,C102931,treatment,2025-06-04,1,3015.18
EXP001_checkout_redesign,C106802,control,2025-06-28,0,0.0
EXP001_checkout_redesign,C101728,control,2025-06-05,0,0.0
EXP001_checkout_redesign,C111659,control,2025-06-25,0,0.0
EXP001_checkout_redesign,C107515,treatment,2025-06-25,0,0.0
EXP001_checkout_redesign,C106997,treatment,2025-06-18,0,0.0
EXP001_checkout_redesign,C110427,control,2025-06-02,0,0.0
EXP001_checkout_redesign,C111137,treatment,2025-06-25,0,0.0
EXP001_checkout_redesign,C113952,control,2025-06-22,0,0.0
EXP001_checkout_redesign,C106579,treatment,2025-06-24,1,3158.89
EXP001_checkout_redesign,C108268,control,2025-06-14,0,0.0
EXP001_checkout_redesign,C114095,control,2025-06-24,1,4849.96
EXP001_checkout_redesign,C114799,control,2025-06-24,0,0.0
EXP001_checkout_redesign,C107258,treatment,2025-06-14,0,0.0
EXP001_checkout_redesign,C112995,control,2025-06-05,0,0.0
EXP001_checkout_redesign,C105163,control,2025-06-11,0,0.0
EXP001_checkout_redesign,C105319,control,2025-06-27,0,0.0
EXP001_checkout_redesign,C106090,treatment,2025-06-26,0,0.0
EXP001_checkout_redesign,C109769,control,2025-06-20,0,0.0
EXP001_checkout_redesign,C111555,treatment,2025-06-03,0,0.0
EXP001_checkout_redesign,C105299,control,2025-06-16,0,0.0
EXP001_checkout_redesign,C111771,treatment,2025-06-20,0,0.0
EXP001_checkout_redesign,C103504,treatment,2025-06-08,0,0.0
EXP001_checkout_redesign,C106145,control,2025-06-20,1,3500.66
EXP001_checkout_redesign,C104162,control,2025-06-15,0,0.0
EXP001_checkout_redesign,C105898,treatment,2025-06-14,0,0.0
EXP001_checkout_redesign,C111235,treatment,2025-06-14,0,0.0
EXP001_checkout_redesign,C107331,treatment,2025-06-08,0,0.0
EXP001_checkout_redesign,C114431,control,2025-06-24,0,0.0
EXP001_checkout_redesign,C100003,control,2025-06-30,0,0.0
EXP001_checkout_redesign,C110565,treatment,2025-06-01,1,5124.02
EXP001_checkout_redesign,C104660,control,2025-06-16,0,0.0
EXP001_checkout_redesign,C100267,control,2025-06-27,0,0.0
EXP001_checkout_redesign,C108480,control,2025-06-27,0,0.0
EXP001_checkout_redesign,C108857,treatment,2025-06-28,0,0.0
EXP001_checkout_redesign,C110976,control,2025-06-12,1,4656.81
EXP001_checkout_redesign,C100107,control,2025-06-14,0,0.0
EXP001_checkout_redesign,C114647,treatment,2025-06-09,0,0.0
EXP001_checkout_redesign,C103635,treatment,2025-06-14,0,0.0
EXP001_checkout_redesign,C111197,treatment,2025-06-13,0,0.0
EXP001_checkout_redesign,C105159,control,2025-06-19,0,0.0
EXP001_checkout_redesign,C100355,control,2025-06-22,0,0.0
EXP001_checkout_redesign,C111381,control,2025-06-30,0,0.0
EXP001_checkout_redesign,C108376,treatment,2025-06-16,0,0.0
EXP001_checkout_redesign,C102534,treatment,2025-06-19,0,0.0
EXP001_checkout_redesign,C101544,control,2025-06-25,0,0.0
EXP001_checkout_redesign,C111268,control,2025-06-17,0,0.0
EXP001_checkout_redesign,C107542,control,2025-06-23,0,0.0
EXP001_checkout_redesign,C105827,treatment,2025-06-05,0,0.0
EXP001_checkout_redesign,C102557,treatment,2025-06-28,0,0.0
EXP001_checkout_redesign,C109862,control,2025-06-03,1,2239.07
EXP001_checkout_redesign,C110323,treatment,2025-06-28,0,0.0
EXP001_checkout_redesign,C114818,treatment,2025-06-27,0,0.0
EXP001_checkout_redesign,C110613,control,2025-06-23,0,0.0
EXP001_checkout_redesign,C110704,control,2025-06-01,0,0.0
EXP001_checkout_redesign,C114056,control,2025-06-22,0,0.0
EXP001_checkout_redesign,C108566,control,2025-06-07,0,0.0
EXP001_checkout_redesign,C101505,control,2025-06-25,0,0.0
EXP001_checkout_redesign,C106550,control,2025-06-25,0,0.0
EXP001_checkout_redesign,C103562,control,2025-06-07,0,0.0
EXP001_checkout_redesign,C112760,control,2025-06-21,0,0.0
EXP001_checkout_redesign,C109963,treatment,2025-06-23,0,0.0
EXP001_checkout_redesign,C113618,control,2025-06-27,1,3410.26
EXP001_checkout_redesign,C110274,treatment,2025-06-17,0,0.0
EXP001_checkout_redesign,C114133,control,2025-06-30,0,0.0
EXP001_checkout_redesign,C111510,treatment,2025-06-07,0,0.0
EXP001_checkout_redesign,C104921,control,2025-06-13,0,0.0
EXP001_checkout_redesign,C109942,treatment,2025-06-28,0,0.0
EXP001_checkout_redesign,C108752,control,2025-06-29,0,0.0
EXP001_checkout_redesign,C109034,control,2025-06-13,0,0.0
EXP001_checkout_redesign,C109273,treatment,2025-06-10,0,0.0
EXP001_checkout_redesign,C105478,treatment,2025-06-20,0,0.0
EXP001_checkout_redesign,C112418,treatment,2025-06-02,0,0.0
EXP001_checkout_redesign,C107115,control,2025-06-06,0,0.0
EXP001_checkout_redesign,C111699,treatment,2025-06-07,0,0.0
EXP001_checkout_redesign,C101974,treatment,2025-06-27,0,0.0
EXP001_checkout_redesign,C103714,control,2025-06-13,0,0.0
EXP001_checkout_redesign,C112217,control,2025-06-29,0,0.0
EXP001_checkout_redesign,C112786,control,2025-06-23,0,0.0
EXP001_checkout_redesign,C100886,control,2025-06-08,0,0.0
EXP001_checkout_redesign,C104993,treatment,2025-06-21,0,0.0
EXP001_checkout_redesign,C114546,control,2025-06-13,0,0.0
EXP001_checkout_redesign,C112278,control,2025-06-26,0,0.0
EXP001_checkout_redesign,C109927,treatment,2025-06-11,1,2903.45
EXP001_checkout_redesign,C105354,control,2025-06-10,0,0.0
EXP001_checkout_redesign,C110535,treatment,2025-06-29,1,1477.06
EXP001_checkout_redesign,C109445,treatment,2025-06-27,0,0.0
EXP001_checkout_redesign,C111892,treatment,2025-06-24,0,0.0
EXP001_checkout_redesign,C100827,treatment,2025-06-04,0,0.0
EXP001_checkout_redesign,C106436,control,2025-06-10,1,2769.29
EXP001_checkout_redesign,C111303,control,2025-06-17,0,0.0
EXP001_checkout_redesign,C108269,treatment,2025-06-28,0,0.0
EXP001_checkout_redesign,C110632,treatment,2025-06-08,0,0.0
EXP001_checkout_redesign,C113167,control,2025-06-20,0,0.0
EXP001_checkout_redesign,C107076,treatment,2025-06-05,0,0.0
EXP001_checkout_redesign,C104747,control,2025-06-29,0,0.0
EXP001_checkout_redesign,C106460,control,2025-06-20,0,0.0
EXP001_checkout_redesign,C102425,treatment,2025-06-15,0,0.0
EXP001_checkout_redesign,C112518,control,2025-06-23,0,0.0
EXP001_checkout_redesign,C114126,treatment,2025-06-10,0,0.0
EXP001_checkout_redesign,C101352,treatment,2025-06-19,0,0.0
EXP001_checkout_redesign,C109235,control,2025-06-18,1,4066.89
EXP001_checkout_redesign,C110212,treatment,2025-06-26,1,5178.5
EXP001_checkout_redesign,C106540,control,2025-06-12,0,0.0
EXP001_checkout_redesign,C104301,control,2025-06-02,0,0.0
EXP001_checkout_redesign,C101393,control,2025-06-07,0,0.0
EXP001_checkout_redesign,C106529,treatment,2025-06-11,1,5805.41
EXP001_checkout_redesign,C114439,control,2025-06-15,0,0.0
EXP001_checkout_redesign,C113590,treatment,2025-06-12,0,0.0
EXP001_checkout_redesign,C102136,control,2025-06-10,0,0.0
EXP001_checkout_redesign,C112561,control,2025-06-13,0,0.0
EXP001_checkout_redesign,C107879,treatment,2025-06-22,0,0.0
EXP001_checkout_redesign,C103245,treatment,2025-06-02,0,0.0
EXP001_checkout_redesign,C111571,control,2025-06-24,0,0.0
EXP001_checkout_redesign,C106476,treatment,2025-06-30,0,0.0
EXP001_checkout_redesign,C108968,treatment,2025-06-15,0,0.0
EXP001_checkout_redesign,C104034,treatment,2025-06-22,0,0.0
EXP001_checkout_redesign,C103970,treatment,2025-06-08,1,4609.43
EXP001_checkout_redesign,C101173,treatment,2025-06-06,0,0.0
EXP001_checkout_redesign,C104362,treatment,2025-06-04,0,0.0
EXP001_checkout_redesign,C113150,control,2025-06-08,0,0.0
EXP001_checkout_redesign,C105298,treatment,2025-06-20,0,0.0
EXP001_checkout_redesign,C108845,treatment,2025-06-22,0,0.0
EXP001_checkout_redesign,C110245,treatment,2025-06-05,0,0.0
EXP001_checkout_redesign,C106776,control,2025-06-20,1,5394.44
EXP001_checkout_redesign,C109185,treatment,2025-06-23,0,0.0
EXP001_checkout_redesign,C105984,control,2025-06-08,0,0.0
EXP001_checkout_redesign,C111239,treatment,2025-06-14,0,0.0
EXP001_checkout_redesign,C111684,control,2025-06-22,0,0.0
EXP001_checkout_redesign,C108660,control,2025-06-17,0,0.0
EXP001_checkout_redesign,C111828,control,2025-06-23,0,0.0
EXP001_checkout_redesign,C100396,control,2025-06-20,0,0.0
EXP001_checkout_redesign,C104994,control,2025-06-02,0,0.0
EXP001_checkout_redesign,C111603,treatment,2025-06-19,1,3649.24
EXP001_checkout_redesign,C105729,treatment,2025-06-26,0,0.0
EXP001_checkout_redesign,C114361,treatment,2025-06-04,0,0.0
EXP001_checkout_redesign,C110997,control,2025-06-14,0,0.0
EXP001_checkout_redesign,C113851,control,2025-06-07,0,0.0
EXP001_checkout_redesign,C100735,treatment,2025-06-25,0,0.0
EXP001_checkout_redesign,C103825,treatment,2025-06-16,0,0.0
EXP001_checkout_redesign,C109625,treatment,2025-06-10,0,0.0
EXP001_checkout_redesign,C106124,treatment,2025-06-11,0,0.0
EXP001_checkout_redesign,C112391,treatment,2025-06-22,1,4300.29
EXP001_checkout_redesign,C101405,treatment,2025-06-26,0,0.0
EXP001_checkout_redesign,C101841,control,2025-06-05,0,0.0
EXP001_checkout_redesign,C110345,treatment,2025-06-25,0,0.0
EXP001_checkout_redesign,C108803,control,2025-06-12,0,0.0
EXP001_checkout_redesign,C112919,treatment,2025-06-24,0,0.0
EXP001_checkout_redesign,C104713,control,2025-06-24,1,1205.95
EXP001_checkout_redesign,C110852,treatment,2025-06-24,0,0.0
EXP001_checkout_redesign,C105624,control,2025-06-15,1,4441.22
EXP001_checkout_redesign,C101823,control,2025-06-24,1,5427.54
EXP001_checkout_redesign,C104999,control,2025-06-24,0,0.0
EXP001_checkout_redesign,C114201,control,2025-06-10,0,0.0
EXP001_checkout_redesign,C107719,control,2025-06-26,0,0.0
EXP001_checkout_redesign,C111793,control,2025-06-23,1,2696.25
EXP001_checkout_redesign,C109566,treatment,2025-06-02,0,0.0
EXP001_checkout_redesign,C103424,control,2025-06-18,0,0.0
EXP001_checkout_redesign,C110272,treatment,2025-06-11,0,0.0
EXP001_checkout_redesign,C103339,control,2025-06-05,0,0.0
EXP001_checkout_redesign,C109503,treatment,2025-06-06,0,0.0
EXP001_checkout_redesign,C107913,treatment,2025-06-13,0,0.0
EXP001_checkout_redesign,C102315,treatment,2025-06-25,0,0.0
EXP001_checkout_redesign,C100301,treatment,2025-06-17,0,0.0
EXP001_checkout_redesign,C106170,control,2025-06-27,0,0.0
EXP001_checkout_redesign,C100712,control,2025-06-16,0,0.0
EXP001_checkout_redesign,C104185,control,2025-06-23,0,0.0
EXP001_checkout_redesign,C102790,control,2025-06-23,0,0.0
EXP001_checkout_redesign,C100984,control,2025-06-24,0,0.0
EXP001_checkout_redesign,C114145,treatment,2025-06-29,0,0.0
EXP001_checkout_redesign,C113410,treatment,2025-06-01,0,0.0
EXP001_checkout_redesign,C108905,control,2025-06-28,0,0.0
EXP001_checkout_redesign,C109653,treatment,2025-06-13,0,0.0
EXP001_checkout_redesign,C107617,treatment,2025-06-10,0,0.0
EXP001_checkout_redesign,C108829,control,2025-06-13,0,0.0
EXP001_checkout_redesign,C101091,control,2025-06-20,1,3894.6
EXP001_checkout_redesign,C111177,control,2025-06-26,0,0.0
EXP001_checkout_redesign,C104445,control,2025-06-21,1,5814.77
EXP001_checkout_redesign,C111520,control,2025-06-18,0,0.0
EXP001_checkout_redesign,C101767,control,2025-06-18,0,0.0
EXP001_checkout_redesign,C100312,treatment,2025-06-27,1,3781.43
EXP001_checkout_redesign,C104792,control,2025-06-04,0,0.0
EXP001_checkout_redesign,C106332,control,2025-06-03,0,0.0
EXP001_checkout_redesign,C109879,treatment,2025-06-16,1,5091.72
EXP001_checkout_redesign,C111392,control,2025-06-29,0,0.0
EXP001_checkout_redesign,C112774,control,2025-06-07,1,2741.96
EXP001_checkout_redesign,C110989,treatment,2025-06-30,0,0.0
EXP001_checkout_redesign,C114870,control,2025-06-07,1,5623.47
EXP001_checkout_redesign,C110538,control,2025-06-02,0,0.0
EXP001_checkout_redesign,C113335,control,2025-06-16,0,0.0
EXP001_checkout_redesign,C103054,treatment,2025-06-05,0,0.0
EXP001_checkout_redesign,C114780,control,2025-06-21,0,0.0
EXP001_checkout_redesign,C108202,treatment,2025-06-30,1,2350.4
EXP001_checkout_redesign,C107503,control,2025-06-08,0,0.0
EXP001_checkout_redesign,C100352,treatment,2025-06-08,0,0.0
EXP001_checkout_redesign,C114569,treatment,2025-06-11,0,0.0
EXP001_checkout_redesign,C108873,control,2025-06-29,0,0.0
EXP001_checkout_redesign,C104995,control,2025-06-20,0,0.0
EXP001_checkout_redesign,C105465,treatment,2025-06-10,0,0.0
EXP001_checkout_redesign,C108027,treatment,2025-06-01,0,0.0
EXP001_checkout_redesign,C106445,treatment,2025-06-06,0,0.0
EXP001_checkout_redesign,C102572,control,2025-06-28,0,0.0
EXP001_checkout_redesign,C108440,control,2025-06-07,0,0.0
EXP001_checkout_redesign,C105681,treatment,2025-06-17,1,5089.32
EXP001_checkout_redesign,C105765,treatment,2025-06-24,0,0.0
EXP001_checkout_redesign,C105822,control,2025-06-16,0,0.0
EXP001_checkout_redesign,C104953,treatment,2025-06-14,0,0.0
EXP001_checkout_redesign,C103869,control,2025-06-25,0,0.0
EXP001_checkout_redesign,C108212,treatment,2025-06-24,0,0.0
EXP001_checkout_redesign,C104519,control,2025-06-03,0,0.0
EXP001_checkout_redesign,C101015,treatment,2025-06-09,1,5117.6
EXP001_checkout_redesign,C104221,control,2025-06-10,0,0.0
EXP001_checkout_redesign,C106343,control,2025-06-03,0,0.0
EXP001_checkout_redesign,C100482,treatment,2025-06-12,0,0.0
EXP001_checkout_redesign,C104590,treatment,2025-06-04,0,0.0
EXP001_checkout_redesign,C113721,treatment,2025-06-12,0,0.0
EXP001_checkout_redesign,C113835,control,2025-06-22,0,0.0
EXP001_checkout_redesign,C105599,treatment,2025-06-23,0,0.0
EXP001_checkout_redesign,C110252,control,2025-06-13,1,2999.85
EXP001_checkout_redesign,C110551,control,2025-06-24,0,0.0
EXP001_checkout_redesign,C112419,control,2025-06-07,0,0.0
EXP001_checkout_redesign,C106262,control,2025-06-19,1,3537.29
EXP001_checkout_redesign,C103726,control,2025-06-27,0,0.0
EXP001_checkout_redesign,C106837,control,2025-06-27,0,0.0
EXP001_checkout_redesign,C103938,control,2025-06-18,0,0.0
EXP001_checkout_redesign,C102502,control,2025-06-27,0,0.0
EXP001_checkout_redesign,C106987,treatment,2025-06-18,0,0.0
EXP001_checkout_redesign,C105118,treatment,2025-06-30,1,5547.87
EXP001_checkout_redesign,C105395,treatment,2025-06-28,0,0.0
EXP001_checkout_redesign,C109262,treatment,2025-06-29,0,0.0
EXP001_checkout_redesign,C102158,treatment,2025-06-09,0,0.0
EXP001_checkout_redesign,C114350,control,2025-06-07,0,0.0
EXP001_checkout_redesign,C102270,treatment,2025-06-07,0,0.0
EXP001_checkout_redesign,C112783,treatment,2025-06-21,0,0.0
EXP001_checkout_redesign,C111398,control,2025-06-13,0,0.0
EXP001_checkout_redesign,C113067,control,2025-06-06,0,0.0
EXP001_checkout_redesign,C102215,treatment,2025-06-07,1,3701.4
EXP001_checkout_redesign,C108483,treatment,2025-06-13,0,0.0
EXP001_checkout_redesign,C102378,treatment,2025-06-25,0,0.0
EXP001_checkout_redesign,C112289,treatment,2025-06-26,0,0.0
EXP001_checkout_redesign,C105201,control,2025-06-20,0,0.0
EXP001_checkout_redesign,C101111,treatment,2025-06-06,0,0.0
EXP001_checkout_redesign,C101939,treatment,2025-06-17,0,0.0
EXP001_checkout_redesign,C103016,control,2025-06-23,1,5693.09
EXP001_checkout_redesign,C105203,treatment,2025-06-20,1,4377.6
EXP001_checkout_redesign,C102384,control,2025-06-18,0,0.0
EXP001_checkout_redesign,C110576,control,2025-06-20,0,0.0
EXP001_checkout_redesign,C111435,control,2025-06-08,0,0.0
EXP001_checkout_redesign,C111162,control,2025-06-18,0,0.0
EXP001_checkout_redesign,C106737,control,2025-06-15,0,0.0
EXP001_checkout_redesign,C104970,treatment,2025-06-01,0,0.0
EXP001_checkout_redesign,C111967,treatment,2025-06-01,0,0.0
EXP001_checkout_redesign,C104485,control,2025-06-07,0,0.0
EXP001_checkout_redesign,C102489,treatment,2025-06-16,0,0.0
EXP001_checkout_redesign,C110192,control,2025-06-23,0,0.0
EXP001_checkout_redesign,C101749,control,2025-06-20,0,0.0
EXP001_checkout_redesign,C102155,treatment,2025-06-14,0,0.0
EXP001_checkout_redesign,C103026,treatment,2025-06-28,1,3979.4
EXP001_checkout_redesign,C100429,treatment,2025-06-21,0,0.0
EXP001_checkout_redesign,C104372,treatment,2025-06-29,1,5403.1
EXP001_checkout_redesign,C103783,treatment,2025-06-12,0,0.0
EXP001_checkout_redesign,C111990,control,2025-06-05,0,0.0
EXP001_checkout_redesign,C108343,treatment,2025-06-07,0,0.0
EXP001_checkout_redesign,C114107,treatment,2025-06-12,0,0.0
EXP001_checkout_redesign,C111647,treatment,2025-06-19,0,0.0
EXP001_checkout_redesign,C101302,treatment,2025-06-05,0,0.0
EXP001_checkout_redesign,C107808,treatment,2025-06-07,0,0.0
EXP001_checkout_redesign,C111696,treatment,2025-06-28,0,0.0
EXP001_checkout_redesign,C108230,control,2025-06-27,0,0.0
EXP001_checkout_redesign,C107680,control,2025-06-07,0,0.0
EXP001_checkout_redesign,C113235,control,2025-06-13,0,0.0
EXP001_checkout_redesign,C114354,control,2025-06-25,0,0.0
EXP001_checkout_redesign,C108658,control,2025-06-20,0,0.0
EXP001_checkout_redesign,C110481,treatment,2025-06-17,0,0.0
EXP001_checkout_redesign,C107763,control,2025-06-30,0,0.0
EXP001_checkout_redesign,C112762,treatment,2025-06-05,0,0.0
EXP001_checkout_redesign,C114045,control,2025-06-14,0,0.0
EXP001_checkout_redesign,C103166,control,2025-06-11,0,0.0
EXP001_checkout_redesign,C109102,treatment,2025-06-20,0,0.0
EXP001_checkout_redesign,C113360,treatment,2025-06-19,0,0.0
EXP001_checkout_redesign,C106694,control,2025-06-23,0,0.0
EXP001_checkout_redesign,C100245,control,2025-06-25,1,3886.63
EXP001_checkout_redesign,C104421,control,2025-06-04,0,0.0
EXP001_checkout_redesign,C113557,treatment,2025-06-22,1,5202.53
EXP001_checkout_redesign,C103646,control,2025-06-17,0,0.0
EXP001_checkout_redesign,C103323,treatment,2025-06-17,0,0.0
EXP001_checkout_redesign,C103351,treatment,2025-06-03,0,0.0
EXP001_checkout_redesign,C110819,treatment,2025-06-14,0,0.0
EXP001_checkout_redesign,C102901,treatment,2025-06-21,0,0.0
EXP001_checkout_redesign,C107197,treatment,2025-06-06,0,0.0
EXP001_checkout_redesign,C108404,treatment,2025-06-25,0,0.0
EXP001_checkout_redesign,C105323,control,2025-06-25,0,0.0
EXP001_checkout_redesign,C112103,treatment,2025-06-10,0,0.0
EXP001_checkout_redesign,C104043,control,2025-06-27,0,0.0
EXP001_checkout_redesign,C110342,treatment,2025-06-17,0,0.0
EXP001_checkout_redesign,C106633,control,2025-06-30,1,2249.15
EXP001_checkout_redesign,C114452,treatment,2025-06-02,0,0.0
EXP001_checkout_redesign,C113817,treatment,2025-06-27,1,2286.95
EXP001_checkout_redesign,C111635,control,2025-06-12,0,0.0
EXP001_checkout_redesign,C106457,treatment,2025-06-24,0,0.0
EXP001_checkout_redesign,C100630,control,2025-06-21,0,0.0
EXP001_checkout_redesign,C111226,treatment,2025-06-16,0,0.0
EXP001_checkout_redesign,C107399,control,2025-06-16,0,0.0
EXP001_checkout_redesign,C107485,control,2025-06-03,0,0.0
EXP001_checkout_redesign,C100694,treatment,2025-06-25,1,2481.27
EXP001_checkout_redesign,C104025,treatment,2025-06-18,0,0.0
EXP001_checkout_redesign,C113338,control,2025-06-07,0,0.0
EXP001_checkout_redesign,C100643,treatment,2025-06-10,0,0.0
EXP001_checkout_redesign,C109698,control,2025-06-08,1,4754.23
EXP001_checkout_redesign,C112345,control,2025-06-28,1,1397.65
EXP001_checkout_redesign,C108657,control,2025-06-18,0,0.0
EXP001_checkout_redesign,C104770,control,2025-06-17,0,0.0
EXP001_checkout_redesign,C107201,treatment,2025-06-03,0,0.0
EXP001_checkout_redesign,C112450,treatment,2025-06-08,0,0.0
EXP001_checkout_redesign,C104989,treatment,2025-06-20,0,0.0
EXP001_checkout_redesign,C109947,treatment,2025-06-29,0,0.0
EXP001_checkout_redesign,C107558,control,2025-06-05,0,0.0
EXP001_checkout_redesign,C102727,control,2025-06-25,1,5192.85
EXP001_checkout_redesign,C106921,control,2025-06-20,0,0.0
EXP001_checkout_redesign,C104823,treatment,2025-06-12,0,0.0
EXP001_checkout_redesign,C108458,control,2025-06-25,0,0.0
EXP001_checkout_redesign,C113758,control,2025-06-06,1,1895.66
EXP001_checkout_redesign,C107595,control,2025-06-28,0,0.0
EXP001_checkout_redesign,C107400,treatment,2025-06-23,1,4044.82
EXP001_checkout_redesign,C110635,treatment,2025-06-24,0,0.0
EXP001_checkout_redesign,C108411,treatment,2025-06-10,1,3982.9
EXP001_checkout_redesign,C111096,treatment,2025-06-10,0,0.0
EXP001_checkout_redesign,C102945,control,2025-06-01,0,0.0
EXP001_checkout_redesign,C102216,treatment,2025-06-09,0,0.0
EXP001_checkout_redesign,C106440,control,2025-06-18,0,0.0
EXP001_checkout_redesign,C111736,treatment,2025-06-03,0,0.0
EXP001_checkout_redesign,C108583,control,2025-06-01,1,3430.77
EXP001_checkout_redesign,C107387,control,2025-06-10,0,0.0
EXP001_checkout_redesign,C100408,treatment,2025-06-27,0,0.0
EXP001_checkout_redesign,C102930,treatment,2025-06-03,0,0.0
EXP001_checkout_redesign,C113164,control,2025-06-30,0,0.0
EXP001_checkout_redesign,C110265,control,2025-06-18,0,0.0
EXP001_checkout_redesign,C111744,control,2025-06-07,1,3160.05
EXP001_checkout_redesign,C110233,treatment,2025-06-07,0,0.0
EXP001_checkout_redesign,C108753,treatment,2025-06-22,0,0.0
EXP001_checkout_redesign,C109328,treatment,2025-06-10,0,0.0
EXP001_checkout_redesign,C102686,treatment,2025-06-28,0,0.0
EXP001_checkout_redesign,C109928,control,2025-06-27,0,0.0
EXP001_checkout_redesign,C110627,treatment,2025-06-13,0,0.0
EXP001_checkout_redesign,C101870,treatment,2025-06-04,0,0.0
EXP001_checkout_redesign,C108672,treatment,2025-06-12,0,0.0
EXP001_checkout_redesign,C105946,control,2025-06-03,0,0.0
EXP001_checkout_redesign,C101397,treatment,2025-06-23,0,0.0
EXP001_checkout_redesign,C106292,treatment,2025-06-16,0,0.0
EXP001_checkout_redesign,C102619,control,2025-06-11,0,0.0
EXP001_checkout_redesign,C110399,control,2025-06-03,1,1998.18
EXP001_checkout_redesign,C106235,treatment,2025-06-25,0,0.0
EXP001_checkout_redesign,C110685,treatment,2025-06-26,1,4860.28
EXP001_checkout_redesign,C102799,treatment,2025-06-08,0,0.0
EXP001_checkout_redesign,C114395,treatment,2025-06-07,0,0.0
EXP001_checkout_redesign,C102459,treatment,2025-06-14,0,0.0
EXP001_checkout_redesign,C102656,treatment,2025-06-02,1,5891.14
EXP001_checkout_redesign,C113613,control,2025-06-10,0,0.0
EXP001_checkout_redesign,C108512,treatment,2025-06-03,1,1579.64
EXP001_checkout_redesign,C100840,control,2025-06-24,0,0.0
EXP001_checkout_redesign,C113657,control,2025-06-28,1,3558.36
EXP001_checkout_redesign,C105047,treatment,2025-06-11,0,0.0
EXP001_checkout_redesign,C105071,control,2025-06-19,0,0.0
EXP001_checkout_redesign,C112433,control,2025-06-08,0,0.0
EXP001_checkout_redesign,C104731,control,2025-06-20,0,0.0
EXP001_checkout_redesign,C102960,control,2025-06-05,0,0.0
EXP001_checkout_redesign,C101926,control,2025-06-30,0,0.0
EXP001_checkout_redesign,C108347,treatment,2025-06-09,0,0.0
EXP001_checkout_redesign,C113599,treatment,2025-06-13,0,0.0
EXP001_checkout_redesign,C100057,control,2025-06-11,0,0.0
EXP001_checkout_redesign,C104146,control,2025-06-26,0,0.0
EXP001_checkout_redesign,C113856,treatment,2025-06-02,0,0.0
EXP001_checkout_redesign,C107514,treatment,2025-06-12,0,0.0
EXP001_checkout_redesign,C114002,treatment,2025-06-03,0,0.0
EXP001_checkout_redesign,C108169,treatment,2025-06-15,0,0.0
EXP001_checkout_redesign,C100094,control,2025-06-28,0,0.0
EXP001_checkout_redesign,C108084,control,2025-06-28,0,0.0
EXP001_checkout_redesign,C103897,treatment,2025-06-01,0,0.0
EXP001_checkout_redesign,C103553,control,2025-06-24,0,0.0
EXP001_checkout_redesign,C112334,control,2025-06-28,0,0.0
EXP001_checkout_redesign,C114632,treatment,2025-06-11,0,0.0
EXP001_checkout_redesign,C106719,treatment,2025-06-25,0,0.0
EXP001_checkout_redesign,C108844,control,2025-06-10,0,0.0
EXP001_checkout_redesign,C101300,treatment,2025-06-25,0,0.0
EXP001_checkout_redesign,C108567,control,2025-06-03,0,0.0
EXP001_checkout_redesign,C111760,treatment,2025-06-14,0,0.0
EXP001_checkout_redesign,C104556,control,2025-06-21,0,0.0
EXP001_checkout_redesign,C110641,treatment,2025-06-16,0,0.0
EXP001_checkout_redesign,C100801,control,2025-06-09,0,0.0
EXP001_checkout_redesign,C103028,treatment,2025-06-14,0,0.0
EXP001_checkout_redesign,C102429,treatment,2025-06-21,0,0.0
EXP001_checkout_redesign,C100902,control,2025-06-01,0,0.0
EXP001_checkout_redesign,C114533,treatment,2025-06-01,1,2259.98
EXP001_checkout_redesign,C113680,control,2025-06-04,0,0.0
EXP001_checkout_redesign,C109151,treatment,2025-06-23,0,0.0
EXP001_checkout_redesign,C100531,control,2025-06-23,0,0.0
EXP001_checkout_redesign,C114785,treatment,2025-06-23,0,0.0
EXP001_checkout_redesign,C109565,treatment,2025-06-29,0,0.0
EXP001_checkout_redesign,C101436,control,2025-06-22,0,0.0
EXP001_checkout_redesign,C113424,control,2025-06-29,0,0.0
EXP001_checkout_redesign,C101784,control,2025-06-01,0,0.0
EXP001_checkout_redesign,C106831,treatment,2025-06-27,0,0.0
EXP001_checkout_redesign,C102920,control,2025-06-19,0,0.0
EXP001_checkout_redesign,C102643,treatment,2025-06-21,0,0.0
EXP001_checkout_redesign,C104659,control,2025-06-12,0,0.0
EXP001_checkout_redesign,C114411,control,2025-06-20,0,0.0
EXP001_checkout_redesign,C108794,treatment,2025-06-27,0,0.0
EXP001_checkout_redesign,C108425,treatment,2025-06-04,0,0.0
EXP001_checkout_redesign,C113038,control,2025-06-09,0,0.0
EXP001_checkout_redesign,C110375,control,2025-06-07,0,0.0
EXP001_checkout_redesign,C111485,treatment,2025-06-25,0,0.0
EXP001_checkout_redesign,C111000,treatment,2025-06-29,0,0.0
EXP001_checkout_redesign,C113345,control,2025-06-14,0,0.0
EXP001_checkout_redesign,C107352,treatment,2025-06-23,0,0.0
EXP001_checkout_redesign,C108606,treatment,2025-06-26,0,0.0
EXP001_checkout_redesign,C109306,control,2025-06-03,1,3284.1
EXP001_checkout_redesign,C111594,treatment,2025-06-15,0,0.0
EXP001_checkout_redesign,C111525,control,2025-06-11,0,0.0
EXP001_checkout_redesign,C103500,treatment,2025-06-10,0,0.0
EXP001_checkout_redesign,C106908,control,2025-06-20,0,0.0
EXP001_checkout_redesign,C104509,treatment,2025-06-15,0,0.0
EXP001_checkout_redesign,C108208,control,2025-06-25,0,0.0
EXP001_checkout_redesign,C102398,treatment,2025-06-17,0,0.0
EXP001_checkout_redesign,C103856,treatment,2025-06-19,0,0.0
EXP001_checkout_redesign,C114434,control,2025-06-11,0,0.0
EXP001_checkout_redesign,C110295,treatment,2025-06-20,0,0.0
EXP001_checkout_redesign,C108694,control,2025-06-16,0,0.0
EXP001_checkout_redesign,C107040,treatment,2025-06-04,0,0.0
EXP001_checkout_redesign,C108384,treatment,2025-06-07,1,2691.21
EXP001_checkout_redesign,C102696,control,2025-06-11,0,0.0
EXP001_checkout_redesign,C104317,treatment,2025-06-20,0,0.0
EXP001_checkout_redesign,C109760,control,2025-06-26,0,0.0
EXP001_checkout_redesign,C104297,control,2025-06-24,0,0.0
EXP001_checkout_redesign,C101719,control,2025-06-17,0,0.0
EXP001_checkout_redesign,C108531,control,2025-06-19,0,0.0
EXP001_checkout_redesign,C113133,control,2025-06-26,0,0.0
EXP001_checkout_redesign,C105013,treatment,2025-06-10,0,0.0
EXP001_checkout_redesign,C100476,treatment,2025-06-15,0,0.0
EXP001_checkout_redesign,C100895,treatment,2025-06-06,0,0.0
EXP001_checkout_redesign,C104680,control,2025-06-13,0,0.0
EXP001_checkout_redesign,C113391,control,2025-06-03,0,0.0
EXP001_checkout_redesign,C111448,treatment,2025-06-08,1,4355.2
EXP001_checkout_redesign,C110901,control,2025-06-07,0,0.0
EXP001_checkout_redesign,C109253,control,2025-06-05,0,0.0
EXP001_checkout_redesign,C108087,treatment,2025-06-18,1,3465.31
EXP001_checkout_redesign,C109537,control,2025-06-27,0,0.0
EXP001_checkout_redesign,C103962,control,2025-06-21,0,0.0
EXP001_checkout_redesign,C113208,treatment,2025-06-16,0,0.0
EXP001_checkout_redesign,C109169,control,2025-06-09,0,0.0
EXP001_checkout_redesign,C104954,control,2025-06-11,0,0.0
EXP001_checkout_redesign,C107650,control,2025-06-21,0,0.0
EXP001_checkout_redesign,C109458,treatment,2025-06-28,0,0.0
EXP001_checkout_redesign,C111386,control,2025-06-19,0,0.0
EXP001_checkout_redesign,C105790,treatment,2025-06-14,0,0.0
EXP001_checkout_redesign,C112617,control,2025-06-07,0,0.0
EXP001_checkout_redesign,C103498,control,2025-06-12,0,0.0
EXP001_checkout_redesign,C104987,treatment,2025-06-19,0,0.0
EXP001_checkout_redesign,C113768,treatment,2025-06-08,1,3922.02
EXP001_checkout_redesign,C102592,control,2025-06-21,0,0.0
EXP001_checkout_redesign,C102127,treatment,2025-06-05,1,3275.75
EXP001_checkout_redesign,C114847,treatment,2025-06-06,0,0.0
EXP001_checkout_redesign,C104711,treatment,2025-06-11,0,0.0
EXP001_checkout_redesign,C114449,control,2025-06-26,0,0.0
EXP001_checkout_redesign,C102898,control,2025-06-29,0,0.0
EXP001_checkout_redesign,C107594,control,2025-06-22,0,0.0
EXP001_checkout_redesign,C101062,control,2025-06-03,0,0.0
EXP001_checkout_redesign,C105032,treatment,2025-06-11,0,0.0
EXP001_checkout_redesign,C112230,treatment,2025-06-23,0,0.0
EXP001_checkout_redesign,C110626,control,2025-06-25,0,0.0
EXP001_checkout_redesign,C104257,treatment,2025-06-12,0,0.0
EXP001_checkout_redesign,C105973,treatment,2025-06-01,0,0.0
EXP001_checkout_redesign,C105176,treatment,2025-06-04,1,2177.17
EXP001_checkout_redesign,C104077,treatment,2025-06-20,0,0.0
EXP001_checkout_redesign,C108487,control,2025-06-01,0,0.0
EXP001_checkout_redesign,C109099,treatment,2025-06-06,0,0.0
EXP001_checkout_redesign,C101473,treatment,2025-06-02,0,0.0
EXP001_checkout_redesign,C114292,treatment,2025-06-27,0,0.0
EXP001_checkout_redesign,C109454,treatment,2025-06-13,0,0.0
EXP001_checkout_redesign,C101906,control,2025-06-16,1,3923.55
EXP001_checkout_redesign,C112082,control,2025-06-11,0,0.0
EXP001_checkout_redesign,C102379,control,2025-06-14,0,0.0
EXP001_checkout_redesign,C108162,control,2025-06-06,0,0.0
EXP001_checkout_redesign,C101585,control,2025-06-16,0,0.0
EXP001_checkout_redesign,C100012,treatment,2025-06-17,0,0.0
EXP001_checkout_redesign,C100968,treatment,2025-06-10,0,0.0
EXP001_checkout_redesign,C100196,treatment,2025-06-29,1,3969.52
EXP001_checkout_redesign,C103808,control,2025-06-21,0,0.0
EXP001_checkout_redesign,C109868,control,2025-06-22,0,0.0
EXP001_checkout_redesign,C106526,treatment,2025-06-26,0,0.0
EXP001_checkout_redesign,C100966,control,2025-06-13,0,0.0
EXP001_checkout_redesign,C112870,treatment,2025-06-13,0,0.0
EXP001_checkout_redesign,C113025,treatment,2025-06-02,0,0.0
EXP001_checkout_redesign,C112579,control,2025-06-01,0,0.0
EXP001_checkout_redesign,C108545,treatment,2025-06-23,0,0.0
EXP001_checkout_redesign,C112143,treatment,2025-06-01,0,0.0
EXP001_checkout_redesign,C112064,treatment,2025-06-30,0,0.0
EXP001_checkout_redesign,C103391,control,2025-06-07,0,0.0
EXP001_checkout_redesign,C108448,control,2025-06-13,0,0.0
EXP001_checkout_redesign,C108891,control,2025-06-17,0,0.0
EXP001_checkout_redesign,C102864,treatment,2025-06-09,0,0.0
EXP001_checkout_redesign,C108389,control,2025-06-13,0,0.0
EXP001_checkout_redesign,C106603,treatment,2025-06-16,0,0.0
EXP001_checkout_redesign,C111718,treatment,2025-06-05,0,0.0
EXP001_checkout_redesign,C113751,control,2025-06-22,0,0.0
EXP001_checkout_redesign,C109596,control,2025-06-30,0,0.0
EXP001_checkout_redesign,C105247,treatment,2025-06-07,1,2568.7
EXP001_checkout_redesign,C101648,control,2025-06-01,0,0.0
EXP001_checkout_redesign,C105652,control,2025-06-08,0,0.0
EXP001_checkout_redesign,C102307,treatment,2025-06-06,0,0.0
EXP001_checkout_redesign,C102084,control,2025-06-12,0,0.0
EXP001_checkout_redesign,C111201,treatment,2025-06-02,0,0.0
EXP001_checkout_redesign,C100555,control,2025-06-01,0,0.0
EXP001_checkout_redesign,C113478,control,2025-06-15,0,0.0
EXP001_checkout_redesign,C108248,treatment,2025-06-17,0,0.0
EXP001_checkout_redesign,C108731,treatment,2025-06-20,0,0.0
EXP001_checkout_redesign,C110569,treatment,2025-06-03,1,4753.74
EXP001_checkout_redesign,C112350,treatment,2025-06-30,0,0.0
EXP001_checkout_redesign,C106283,control,2025-06-27,0,0.0
EXP001_checkout_redesign,C100050,control,2025-06-06,0,0.0
EXP001_checkout_redesign,C112871,control,2025-06-16,1,3736.99
EXP001_checkout_redesign,C105618,treatment,2025-06-10,0,0.0
EXP001_checkout_redesign,C112499,control,2025-06-13,0,0.0
EXP001_checkout_redesign,C102796,treatment,2025-06-08,0,0.0
EXP001_checkout_redesign,C103244,treatment,2025-06-17,0,0.0
EXP001_checkout_redesign,C114688,treatment,2025-06-28,1,2202.71
EXP001_checkout_redesign,C112641,control,2025-06-07,0,0.0
EXP001_checkout_redesign,C105046,control,2025-06-24,0,0.0
EXP001_checkout_redesign,C107865,treatment,2025-06-05,0,0.0
EXP001_checkout_redesign,C100238,treatment,2025-06-08,1,1847.52
EXP001_checkout_redesign,C109838,treatment,2025-06-29,0,0.0
EXP001_checkout_redesign,C112643,control,2025-06-27,0,0.0
EXP001_checkout_redesign,C110335,treatment,2025-06-01,0,0.0
EXP001_checkout_redesign,C102707,treatment,2025-06-02,1,1229.38
EXP001_checkout_redesign,C106830,treatment,2025-06-04,0,0.0
EXP001_checkout_redesign,C109945,control,2025-06-01,0,0.0
EXP001_checkout_redesign,C113844,control,2025-06-29,0,0.0
EXP001_checkout_redesign,C105508,treatment,2025-06-21,1,5598.4
EXP001_checkout_redesign,C113309,treatment,2025-06-10,0,0.0
EXP001_checkout_redesign,C107505,treatment,2025-06-03,0,0.0
EXP001_checkout_redesign,C103887,control,2025-06-02,0,0.0
EXP001_checkout_redesign,C106531,control,2025-06-07,1,1911.82
EXP001_checkout_redesign,C109772,treatment,2025-06-02,0,0.0
EXP001_checkout_redesign,C108192,control,2025-06-25,0,0.0
EXP001_checkout_redesign,C101112,treatment,2025-06-06,0,0.0
EXP001_checkout_redesign,C112236,control,2025-06-08,0,0.0
EXP001_checkout_redesign,C101272,treatment,2025-06-03,0,0.0
EXP001_checkout_redesign,C114595,control,2025-06-21,0,0.0
EXP001_checkout_redesign,C114865,treatment,2025-06-19,0,0.0
EXP001_checkout_redesign,C110567,treatment,2025-06-09,0,0.0
EXP001_checkout_redesign,C107087,treatment,2025-06-01,0,0.0
EXP001_checkout_redesign,C111682,control,2025-06-08,0,0.0
EXP001_checkout_redesign,C107339,treatment,2025-06-06,0,0.0
EXP001_checkout_redesign,C108919,treatment,2025-06-23,0,0.0
EXP001_checkout_redesign,C108822,treatment,2025-06-02,1,1765.48
EXP001_checkout_redesign,C106422,treatment,2025-06-23,0,0.0
EXP001_checkout_redesign,C114682,control,2025-06-14,0,0.0
EXP001_checkout_redesign,C108107,control,2025-06-01,1,4321.74
EXP001_checkout_redesign,C110715,treatment,2025-06-07,0,0.0
EXP001_checkout_redesign,C106083,control,2025-06-11,0,0.0
EXP001_checkout_redesign,C100458,treatment,2025-06-16,0,0.0
EXP001_checkout_redesign,C112961,control,2025-06-24,0,0.0
EXP001_checkout_redesign,C104268,treatment,2025-06-02,0,0.0
EXP001_checkout_redesign,C102452,treatment,2025-06-26,0,0.0
EXP001_checkout_redesign,C104628,treatment,2025-06-18,0,0.0
EXP001_checkout_redesign,C105938,treatment,2025-06-19,1,2317.16
EXP001_checkout_redesign,C112190,treatment,2025-06-10,0,0.0
EXP001_checkout_redesign,C114526,treatment,2025-06-04,0,0.0
EXP001_checkout_redesign,C104548,control,2025-06-24,0,0.0
EXP001_checkout_redesign,C111093,control,2025-06-28,1,4761.8
EXP001_checkout_redesign,C113463,control,2025-06-03,1,5031.75
EXP001_checkout_redesign,C101706,treatment,2025-06-13,0,0.0
EXP001_checkout_redesign,C104730,control,2025-06-06,0,0.0
EXP001_checkout_redesign,C109854,treatment,2025-06-29,0,0.0
EXP001_checkout_redesign,C109356,control,2025-06-10,1,5057.65
EXP001_checkout_redesign,C106549,treatment,2025-06-27,0,0.0
EXP001_checkout_redesign,C108065,control,2025-06-08,0,0.0
EXP001_checkout_redesign,C107274,treatment,2025-06-10,0,0.0
EXP001_checkout_redesign,C106519,control,2025-06-02,0,0.0
EXP001_checkout_redesign,C102896,treatment,2025-06-20,0,0.0
EXP001_checkout_redesign,C100542,control,2025-06-15,0,0.0
EXP001_checkout_redesign,C107943,treatment,2025-06-01,0,0.0
EXP001_checkout_redesign,C110656,control,2025-06-11,0,0.0
EXP001_checkout_redesign,C102297,control,2025-06-24,1,5777.84
EXP001_checkout_redesign,C112251,control,2025-06-01,0,0.0
EXP001_checkout_redesign,C100255,control,2025-06-28,0,0.0
EXP001_checkout_redesign,C111394,control,2025-06-25,0,0.0
EXP001_checkout_redesign,C113663,control,2025-06-22,0,0.0
EXP001_checkout_redesign,C105132,treatment,2025-06-16,0,0.0
EXP001_checkout_redesign,C104376,control,2025-06-12,0,0.0
EXP001_checkout_redesign,C106900,treatment,2025-06-30,0,0.0
EXP001_checkout_redesign,C101359,control,2025-06-29,1,5672.89
EXP001_checkout_redesign,C104677,treatment,2025-06-12,1,5139.01
EXP001_checkout_redesign,C113933,control,2025-06-19,0,0.0
EXP001_checkout_redesign,C103191,treatment,2025-06-13,0,0.0
EXP001_checkout_redesign,C114980,treatment,2025-06-08,1,3822.9
EXP001_checkout_redesign,C104875,treatment,2025-06-02,0,0.0
EXP001_checkout_redesign,C100957,control,2025-06-27,0,0.0
EXP001_checkout_redesign,C107082,control,2025-06-19,0,0.0
EXP001_checkout_redesign,C111261,control,2025-06-14,0,0.0
EXP001_checkout_redesign,C106156,treatment,2025-06-23,0,0.0
EXP001_checkout_redesign,C108654,control,2025-06-27,0,0.0
EXP001_checkout_redesign,C105777,treatment,2025-06-01,0,0.0
EXP001_checkout_redesign,C107027,control,2025-06-25,0,0.0
EXP001_checkout_redesign,C102576,treatment,2025-06-26,0,0.0
EXP001_checkout_redesign,C105815,control,2025-06-09,0,0.0
EXP001_checkout_redesign,C100259,control,2025-06-19,0,0.0
EXP001_checkout_redesign,C102224,control,2025-06-14,0,0.0
EXP001_checkout_redesign,C111587,treatment,2025-06-04,0,0.0
EXP001_checkout_redesign,C113832,treatment,2025-06-02,0,0.0
EXP001_checkout_redesign,C104071,control,2025-06-10,0,0.0
EXP001_checkout_redesign,C107184,control,2025-06-27,0,0.0
EXP001_checkout_redesign,C112195,treatment,2025-06-29,0,0.0
EXP001_checkout_redesign,C114582,treatment,2025-06-15,0,0.0
EXP001_checkout_redesign,C103702,control,2025-06-01,0,0.0
EXP001_checkout_redesign,C106794,control,2025-06-29,0,0.0
EXP001_checkout_redesign,C107788,control,2025-06-11,0,0.0
EXP001_checkout_redesign,C102479,treatment,2025-06-16,0,0.0
EXP001_checkout_redesign,C113256,treatment,2025-06-13,0,0.0
EXP001_checkout_redesign,C111269,control,2025-06-08,0,0.0
EXP001_checkout_redesign,C110304,treatment,2025-06-27,0,0.0
EXP001_checkout_redesign,C114372,control,2025-06-09,0,0.0
EXP001_checkout_redesign,C111521,control,2025-06-15,0,0.0
EXP001_checkout_redesign,C111259,treatment,2025-06-25,0,0.0
EXP001_checkout_redesign,C109369,control,2025-06-26,0,0.0
EXP001_checkout_redesign,C108663,control,2025-06-29,1,1903.84
EXP001_checkout_redesign,C109634,control,2025-06-05,0,0.0
EXP001_checkout_redesign,C110459,treatment,2025-06-21,1,3617.87
EXP001_checkout_redesign,C107482,control,2025-06-21,0,0.0
EXP001_checkout_redesign,C100758,treatment,2025-06-22,0,0.0
EXP001_checkout_redesign,C114562,treatment,2025-06-20,1,3053.57
EXP001_checkout_redesign,C104145,control,2025-06-18,1,4612.49
EXP001_checkout_redesign,C100204,treatment,2025-06-02,0,0.0
EXP001_checkout_redesign,C106545,control,2025-06-28,0,0.0
EXP001_checkout_redesign,C103953,treatment,2025-06-22,1,2863.39
EXP001_checkout_redesign,C107413,treatment,2025-06-05,0,0.0
EXP001_checkout_redesign,C112702,control,2025-06-20,0,0.0
EXP001_checkout_redesign,C110779,control,2025-06-16,0,0.0
EXP001_checkout_redesign,C101558,treatment,2025-06-16,1,2753.32
EXP001_checkout_redesign,C102786,treatment,2025-06-22,1,5407.15
EXP001_checkout_redesign,C107566,control,2025-06-29,0,0.0
EXP001_checkout_redesign,C112268,control,2025-06-04,0,0.0
EXP001_checkout_redesign,C106000,treatment,2025-06-26,0,0.0
EXP001_checkout_redesign,C107158,treatment,2025-06-20,1,1302.38
EXP001_checkout_redesign,C104289,control,2025-06-22,0,0.0
EXP001_checkout_redesign,C102542,control,2025-06-11,0,0.0
EXP001_checkout_redesign,C111400,treatment,2025-06-29,0,0.0
EXP001_checkout_redesign,C102681,control,2025-06-20,0,0.0
EXP001_checkout_redesign,C111617,treatment,2025-06-29,0,0.0
EXP001_checkout_redesign,C106303,control,2025-06-16,0,0.0
EXP001_checkout_redesign,C113703,treatment,2025-06-25,0,0.0
EXP001_checkout_redesign,C108631,control,2025-06-29,0,0.0
EXP001_checkout_redesign,C106734,treatment,2025-06-23,0,0.0
EXP001_checkout_redesign,C112719,treatment,2025-06-12,0,0.0
EXP001_checkout_redesign,C104228,control,2025-06-29,0,0.0
EXP001_checkout_redesign,C112823,treatment,2025-06-06,0,0.0
EXP001_checkout_redesign,C101087,control,2025-06-16,0,0.0
EXP001_checkout_redesign,C114951,control,2025-06-19,0,0.0
EXP001_checkout_redesign,C109192,control,2025-06-11,0,0.0
EXP001_checkout_redesign,C100299,control,2025-06-12,0,0.0
EXP001_checkout_redesign,C103763,control,2025-06-04,0,0.0
EXP001_checkout_redesign,C103175,treatment,2025-06-13,0,0.0
EXP001_checkout_redesign,C113519,control,2025-06-02,0,0.0
EXP001_checkout_redesign,C107084,control,2025-06-19,0,0.0
EXP001_checkout_redesign,C114371,control,2025-06-11,0,0.0
EXP001_checkout_redesign,C110815,treatment,2025-06-01,1,3544.11
EXP001_checkout_redesign,C100033,control,2025-06-09,1,4893.52
EXP001_checkout_redesign,C114953,control,2025-06-10,0,0.0
EXP001_checkout_redesign,C107637,treatment,2025-06-03,0,0.0
EXP001_checkout_redesign,C100360,control,2025-06-08,0,0.0
EXP001_checkout_redesign,C105628,control,2025-06-16,0,0.0
EXP001_checkout_redesign,C108112,treatment,2025-06-04,0,0.0
EXP001_checkout_redesign,C104868,treatment,2025-06-11,0,0.0
EXP001_checkout_redesign,C107142,treatment,2025-06-08,0,0.0
EXP001_checkout_redesign,C112593,treatment,2025-06-07,0,0.0
EXP001_checkout_redesign,C108082,control,2025-06-20,0,0.0
EXP001_checkout_redesign,C113775,treatment,2025-06-15,0,0.0
EXP001_checkout_redesign,C107284,treatment,2025-06-23,0,0.0
EXP001_checkout_redesign,C100377,treatment,2025-06-28,0,0.0
EXP001_checkout_redesign,C111683,treatment,2025-06-08,0,0.0
EXP001_checkout_redesign,C112435,control,2025-06-10,0,0.0
EXP001_checkout_redesign,C114220,control,2025-06-19,0,0.0
EXP001_checkout_redesign,C105398,control,2025-06-05,0,0.0
EXP001_checkout_redesign,C106107,control,2025-06-27,0,0.0
EXP001_checkout_redesign,C102559,control,2025-06-03,0,0.0
EXP001_checkout_redesign,C100184,control,2025-06-07,0,0.0
EXP001_checkout_redesign,C113419,treatment,2025-06-06,0,0.0
EXP001_checkout_redesign,C108186,control,2025-06-17,0,0.0
EXP001_checkout_redesign,C108554,treatment,2025-06-10,0,0.0
EXP001_checkout_redesign,C105233,control,2025-06-21,0,0.0
EXP001_checkout_redesign,C112123,control,2025-06-29,1,3043.19
EXP001_checkout_redesign,C108170,treatment,2025-06-29,1,5464.57
EXP001_checkout_redesign,C102628,control,2025-06-20,0,0.0
EXP001_checkout_redesign,C109162,control,2025-06-15,0,0.0
EXP001_checkout_redesign,C108648,treatment,2025-06-02,0,0.0
EXP001_checkout_redesign,C113624,control,2025-06-01,0,0.0
EXP001_checkout_redesign,C114838,control,2025-06-12,0,0.0
EXP001_checkout_redesign,C104360,control,2025-06-13,0,0.0
EXP001_checkout_redesign,C102614,treatment,2025-06-12,0,0.0
EXP001_checkout_redesign,C106330,treatment,2025-06-12,1,1889.29
EXP001_checkout_redesign,C112474,control,2025-06-07,0,0.0
EXP001_checkout_redesign,C105497,treatment,2025-06-07,0,0.0
EXP001_checkout_redesign,C100963,treatment,2025-06-06,1,4759.78
EXP001_checkout_redesign,C114693,treatment,2025-06-13,1,5654.17
EXP001_checkout_redesign,C108122,control,2025-06-21,0,0.0
EXP001_checkout_redesign,C114756,treatment,2025-06-09,0,0.0
EXP001_checkout_redesign,C102241,control,2025-06-16,0,0.0
EXP001_checkout_redesign,C100937,treatment,2025-06-02,0,0.0
EXP001_checkout_redesign,C100124,control,2025-06-27,0,0.0
EXP001_checkout_redesign,C107850,control,2025-06-11,0,0.0
EXP001_checkout_redesign,C105103,treatment,2025-06-30,0,0.0
EXP001_checkout_redesign,C111992,treatment,2025-06-03,0,0.0
EXP001_checkout_redesign,C104211,control,2025-06-09,0,0.0
EXP001_checkout_redesign,C112211,control,2025-06-12,0,0.0
EXP001_checkout_redesign,C111413,treatment,2025-06-29,0,0.0
EXP001_checkout_redesign,C108432,treatment,2025-06-02,1,4657.74
EXP001_checkout_redesign,C111730,control,2025-06-19,0,0.0
EXP001_checkout_redesign,C112881,treatment,2025-06-06,0,0.0
EXP001_checkout_redesign,C102609,treatment,2025-06-26,0,0.0
EXP001_checkout_redesign,C102220,treatment,2025-06-23,0,0.0
EXP001_checkout_redesign,C101159,control,2025-06-18,0,0.0
EXP001_checkout_redesign,C109150,control,2025-06-13,0,0.0
EXP001_checkout_redesign,C111604,control,2025-06-14,0,0.0
EXP001_checkout_redesign,C106586,control,2025-06-08,0,0.0
EXP001_checkout_redesign,C110467,treatment,2025-06-09,0,0.0
EXP001_checkout_redesign,C104702,treatment,2025-06-13,0,0.0
EXP001_checkout_redesign,C102005,control,2025-06-30,0,0.0
EXP001_checkout_redesign,C114755,control,2025-06-17,0,0.0
EXP001_checkout_redesign,C100583,control,2025-06-06,0,0.0
EXP001_checkout_redesign,C102550,treatment,2025-06-20,0,0.0
EXP001_checkout_redesign,C113903,control,2025-06-10,0,0.0
EXP001_checkout_redesign,C107309,treatment,2025-06-11,0,0.0
EXP001_checkout_redesign,C102774,control,2025-06-10,0,0.0
EXP001_checkout_redesign,C104428,treatment,2025-06-21,0,0.0
EXP001_checkout_redesign,C103634,treatment,2025-06-06,0,0.0
EXP001_checkout_redesign,C100415,treatment,2025-06-06,0,0.0
EXP001_checkout_redesign,C101065,control,2025-06-15,0,0.0
EXP001_checkout_redesign,C100237,control,2025-06-07,0,0.0
EXP001_checkout_redesign,C111317,control,2025-06-25,0,0.0
EXP001_checkout_redesign,C108301,control,2025-06-12,0,0.0
EXP001_checkout_redesign,C110998,control,2025-06-20,0,0.0
EXP001_checkout_redesign,C100413,treatment,2025-06-09,0,0.0
EXP001_checkout_redesign,C100867,treatment,2025-06-01,1,3912.82
EXP001_checkout_redesign,C103142,control,2025-06-25,1,5441.41
EXP001_checkout_redesign,C111325,control,2025-06-28,0,0.0
EXP001_checkout_redesign,C100705,treatment,2025-06-24,1,1400.98
EXP001_checkout_redesign,C103493,treatment,2025-06-16,0,0.0
EXP001_checkout_redesign,C103210,control,2025-06-18,0,0.0
EXP001_checkout_redesign,C108709,control,2025-06-23,0,0.0
EXP001_checkout_redesign,C114542,control,2025-06-07,0,0.0
EXP001_checkout_redesign,C112485,control,2025-06-18,0,0.0
EXP001_checkout_redesign,C109555,treatment,2025-06-08,1,5598.42
EXP001_checkout_redesign,C104855,control,2025-06-22,0,0.0
EXP001_checkout_redesign,C105156,treatment,2025-06-15,0,0.0
EXP001_checkout_redesign,C106849,control,2025-06-06,0,0.0
EXP001_checkout_redesign,C109310,treatment,2025-06-28,0,0.0
EXP001_checkout_redesign,C108469,control,2025-06-27,1,1621.71
EXP001_checkout_redesign,C114217,control,2025-06-21,0,0.0
EXP001_checkout_redesign,C105048,treatment,2025-06-12,0,0.0
EXP001_checkout_redesign,C109673,treatment,2025-06-27,1,1055.82
EXP001_checkout_redesign,C107920,treatment,2025-06-15,1,3441.72
EXP001_checkout_redesign,C102722,treatment,2025-06-24,0,0.0
EXP001_checkout_redesign,C106696,control,2025-06-15,0,0.0
EXP001_checkout_redesign,C112666,treatment,2025-06-29,0,0.0
EXP001_checkout_redesign,C105840,control,2025-06-10,0,0.0
EXP001_checkout_redesign,C106212,control,2025-06-09,0,0.0
EXP001_checkout_redesign,C105495,control,2025-06-14,0,0.0
EXP001_checkout_redesign,C106629,control,2025-06-21,0,0.0
EXP001_checkout_redesign,C104370,control,2025-06-14,0,0.0
EXP001_checkout_redesign,C108296,control,2025-06-17,0,0.0
EXP001_checkout_redesign,C107559,treatment,2025-06-11,0,0.0
EXP001_checkout_redesign,C106191,control,2025-06-06,0,0.0
EXP001_checkout_redesign,C108382,control,2025-06-12,0,0.0
EXP001_checkout_redesign,C109708,treatment,2025-06-28,0,0.0
EXP001_checkout_redesign,C104651,control,2025-06-17,0,0.0
EXP001_checkout_redesign,C112816,treatment,2025-06-29,0,0.0
EXP001_checkout_redesign,C109720,control,2025-06-05,0,0.0
EXP001_checkout_redesign,C113938,control,2025-06-06,0,0.0
EXP001_checkout_redesign,C114869,treatment,2025-06-03,1,4767.13
EXP001_checkout_redesign,C107534,treatment,2025-06-28,0,0.0
EXP001_checkout_redesign,C105722,control,2025-06-01,0,0.0
EXP001_checkout_redesign,C114696,treatment,2025-06-18,1,2926.36
EXP001_checkout_redesign,C114738,control,2025-06-14,0,0.0
EXP001_checkout_redesign,C103732,treatment,2025-06-12,0,0.0
EXP001_checkout_redesign,C107959,treatment,2025-06-12,0,0.0
EXP001_checkout_redesign,C105607,control,2025-06-11,0,0.0
EXP001_checkout_redesign,C109986,treatment,2025-06-28,0,0.0
EXP001_checkout_redesign,C108929,control,2025-06-19,0,0.0
EXP001_checkout_redesign,C106279,control,2025-06-03,0,0.0
EXP001_checkout_redesign,C108696,treatment,2025-06-02,0,0.0
EXP001_checkout_redesign,C103854,treatment,2025-06-22,0,0.0
EXP001_checkout_redesign,C109866,control,2025-06-07,0,0.0
EXP001_checkout_redesign,C113303,treatment,2025-06-21,0,0.0
EXP001_checkout_redesign,C101833,control,2025-06-23,0,0.0
EXP001_checkout_redesign,C101177,treatment,2025-06-12,1,4810.89
EXP001_checkout_redesign,C110492,treatment,2025-06-19,0,0.0
EXP001_checkout_redesign,C107337,treatment,2025-06-27,0,0.0
EXP001_checkout_redesign,C111646,treatment,2025-06-21,0,0.0
EXP001_checkout_redesign,C102113,treatment,2025-06-13,1,3066.99
EXP001_checkout_redesign,C114435,control,2025-06-19,0,0.0
EXP001_checkout_redesign,C114815,control,2025-06-04,1,1055.75
EXP001_checkout_redesign,C103211,treatment,2025-06-22,0,0.0
EXP001_checkout_redesign,C112683,control,2025-06-12,0,0.0
EXP001_checkout_redesign,C114076,control,2025-06-30,0,0.0
EXP001_checkout_redesign,C114347,control,2025-06-04,0,0.0
EXP001_checkout_redesign,C110012,control,2025-06-13,0,0.0
EXP001_checkout_redesign,C102706,control,2025-06-20,0,0.0
EXP001_checkout_redesign,C110673,treatment,2025-06-07,1,5080.58
EXP001_checkout_redesign,C107051,treatment,2025-06-06,0,0.0
EXP001_checkout_redesign,C107228,treatment,2025-06-12,0,0.0
EXP001_checkout_redesign,C102660,control,2025-06-12,0,0.0
EXP001_checkout_redesign,C103713,control,2025-06-16,0,0.0
EXP001_checkout_redesign,C113616,treatment,2025-06-13,0,0.0
EXP001_checkout_redesign,C100247,treatment,2025-06-17,0,0.0
EXP001_checkout_redesign,C111107,control,2025-06-08,0,0.0
EXP001_checkout_redesign,C112637,control,2025-06-01,0,0.0
EXP001_checkout_redesign,C112012,control,2025-06-12,1,2323.7
EXP001_checkout_redesign,C109391,control,2025-06-25,0,0.0
EXP001_checkout_redesign,C110877,control,2025-06-20,0,0.0
EXP001_checkout_redesign,C103778,control,2025-06-07,0,0.0
EXP001_checkout_redesign,C106928,treatment,2025-06-21,0,0.0
EXP001_checkout_redesign,C101399,treatment,2025-06-12,0,0.0
EXP001_checkout_redesign,C102312,treatment,2025-06-26,0,0.0
EXP001_checkout_redesign,C114016,treatment,2025-06-19,0,0.0
EXP001_checkout_redesign,C102855,control,2025-06-13,0,0.0
EXP001_checkout_redesign,C113321,control,2025-06-24,0,0.0
EXP001_checkout_redesign,C104707,treatment,2025-06-30,1,4915.06
EXP001_checkout_redesign,C101043,control,2025-06-10,0,0.0
EXP001_checkout_redesign,C113467,treatment,2025-06-02,0,0.0
EXP001_checkout_redesign,C100843,treatment,2025-06-27,0,0.0
EXP001_checkout_redesign,C108235,treatment,2025-06-26,0,0.0
EXP001_checkout_redesign,C112825,treatment,2025-06-03,0,0.0
EXP001_checkout_redesign,C109427,treatment,2025-06-12,0,0.0
EXP001_checkout_redesign,C108952,control,2025-06-05,0,0.0
EXP001_checkout_redesign,C100876,control,2025-06-05,0,0.0
EXP001_checkout_redesign,C110139,treatment,2025-06-05,1,5306.73
EXP001_checkout_redesign,C104555,treatment,2025-06-07,1,2263.37
EXP001_checkout_redesign,C105320,control,2025-06-08,0,0.0
EXP001_checkout_redesign,C100581,treatment,2025-06-24,0,0.0
EXP001_checkout_redesign,C106491,control,2025-06-27,0,0.0
EXP001_checkout_redesign,C111584,control,2025-06-19,0,0.0
EXP001_checkout_redesign,C104364,treatment,2025-06-24,0,0.0
EXP001_checkout_redesign,C103776,control,2025-06-16,1,3578.98
EXP001_checkout_redesign,C103283,treatment,2025-06-10,0,0.0
EXP001_checkout_redesign,C113434,control,2025-06-13,0,0.0
EXP001_checkout_redesign,C103386,control,2025-06-02,0,0.0
EXP001_checkout_redesign,C101954,treatment,2025-06-04,1,4480.62
EXP001_checkout_redesign,C105086,control,2025-06-02,0,0.0
EXP001_checkout_redesign,C112443,treatment,2025-06-21,0,0.0
EXP001_checkout_redesign,C110164,treatment,2025-06-03,0,0.0
EXP001_checkout_redesign,C108338,treatment,2025-06-10,0,0.0
EXP001_checkout_redesign,C114708,treatment,2025-06-26,0,0.0
EXP001_checkout_redesign,C111548,treatment,2025-06-11,1,1590.35
EXP001_checkout_redesign,C110169,control,2025-06-03,0,0.0
EXP001_checkout_redesign,C102791,control,2025-06-05,0,0.0
EXP001_checkout_redesign,C108597,control,2025-06-20,0,0.0
EXP001_checkout_redesign,C106667,treatment,2025-06-06,0,0.0
EXP001_checkout_redesign,C105685,control,2025-06-21,0,0.0
EXP001_checkout_redesign,C104841,control,2025-06-26,1,2463.92
EXP001_checkout_redesign,C113019,treatment,2025-06-13,1,4868.04
EXP001_checkout_redesign,C106425,treatment,2025-06-05,1,5244.22
EXP001_checkout_redesign,C114602,treatment,2025-06-03,0,0.0
EXP001_checkout_redesign,C111721,treatment,2025-06-20,0,0.0
EXP001_checkout_redesign,C106449,control,2025-06-30,0,0.0
EXP001_checkout_redesign,C114892,control,2025-06-12,0,0.0
EXP001_checkout_redesign,C113740,control,2025-06-29,0,0.0
EXP001_checkout_redesign,C105686,control,2025-06-03,0,0.0
EXP001_checkout_redesign,C110789,control,2025-06-19,1,1324.82
EXP001_checkout_redesign,C109483,treatment,2025-06-15,0,0.0
EXP001_checkout_redesign,C110045,control,2025-06-10,0,0.0
EXP001_checkout_redesign,C105485,treatment,2025-06-25,0,0.0
EXP001_checkout_redesign,C100638,control,2025-06-26,0,0.0
EXP001_checkout_redesign,C106056,treatment,2025-06-06,0,0.0
EXP001_checkout_redesign,C111910,control,2025-06-16,0,0.0
EXP001_checkout_redesign,C105831,control,2025-06-15,0,0.0
EXP001_checkout_redesign,C111820,treatment,2025-06-26,0,0.0
EXP001_checkout_redesign,C106854,treatment,2025-06-02,0,0.0
EXP001_checkout_redesign,C112945,treatment,2025-06-17,1,4178.27
EXP001_checkout_redesign,C114594,treatment,2025-06-16,1,3007.31
EXP001_checkout_redesign,C104851,control,2025-06-03,0,0.0
EXP001_checkout_redesign,C111670,control,2025-06-19,0,0.0
EXP001_checkout_redesign,C114638,treatment,2025-06-04,0,0.0
EXP001_checkout_redesign,C102665,control,2025-06-20,0,0.0
EXP001_checkout_redesign,C104547,treatment,2025-06-29,0,0.0
EXP001_checkout_redesign,C100799,control,2025-06-30,0,0.0
EXP001_checkout_redesign,C108639,treatment,2025-06-05,0,0.0
EXP001_checkout_redesign,C103647,treatment,2025-06-13,0,0.0
EXP001_checkout_redesign,C112948,control,2025-06-20,0,0.0
EXP001_checkout_redesign,C102523,control,2025-06-28,0,0.0
EXP001_checkout_redesign,C103324,control,2025-06-02,0,0.0
EXP001_checkout_redesign,C112472,treatment,2025-06-27,0,0.0
EXP001_checkout_redesign,C104900,control,2025-06-12,0,0.0
EXP001_checkout_redesign,C100890,control,2025-06-17,0,0.0
EXP001_checkout_redesign,C109958,treatment,2025-06-10,0,0.0
EXP001_checkout_redesign,C106668,control,2025-06-23,0,0.0
EXP001_checkout_redesign,C109968,treatment,2025-06-09,0,0.0
EXP001_checkout_redesign,C106318,control,2025-06-09,0,0.0
EXP001_checkout_redesign,C106716,treatment,2025-06-27,0,0.0
EXP001_checkout_redesign,C111518,treatment,2025-06-17,0,0.0
EXP001_checkout_redesign,C102682,control,2025-06-09,0,0.0
EXP001_checkout_redesign,C108746,control,2025-06-14,0,0.0
EXP001_checkout_redesign,C105283,control,2025-06-17,1,1128.28
EXP001_checkout_redesign,C105408,treatment,2025-06-17,1,1388.54
EXP001_checkout_redesign,C100503,control,2025-06-02,0,0.0
EXP001_checkout_redesign,C112213,treatment,2025-06-26,0,0.0
EXP001_checkout_redesign,C101782,control,2025-06-27,1,5590.48
EXP001_checkout_redesign,C113790,treatment,2025-06-15,0,0.0
EXP001_checkout_redesign,C101138,control,2025-06-11,0,0.0
EXP001_checkout_redesign,C107268,control,2025-06-22,0,0.0
EXP001_checkout_redesign,C112410,control,2025-06-25,0,0.0
EXP001_checkout_redesign,C108076,treatment,2025-06-05,0,0.0
EXP001_checkout_redesign,C113152,treatment,2025-06-09,0,0.0
EXP001_checkout_redesign,C110660,treatment,2025-06-09,0,0.0
EXP001_checkout_redesign,C106634,treatment,2025-06-14,0,0.0
EXP001_checkout_redesign,C108836,control,2025-06-08,0,0.0
EXP001_checkout_redesign,C109320,treatment,2025-06-11,0,0.0
EXP001_checkout_redesign,C101201,control,2025-06-12,1,2748.18
EXP001_checkout_redesign,C114701,control,2025-06-07,0,0.0
EXP001_checkout_redesign,C101222,treatment,2025-06-03,0,0.0
EXP001_checkout_redesign,C103710,control,2025-06-26,0,0.0
EXP001_checkout_redesign,C114197,control,2025-06-03,0,0.0
EXP001_checkout_redesign,C102387,control,2025-06-14,0,0.0
EXP001_checkout_redesign,C103194,control,2025-06-04,1,1926.03
EXP001_checkout_redesign,C105042,control,2025-06-25,0,0.0
EXP001_checkout_redesign,C104734,treatment,2025-06-28,0,0.0
EXP001_checkout_redesign,C103663,treatment,2025-06-14,0,0.0
EXP001_checkout_redesign,C101602,treatment,2025-06-14,0,0.0
EXP001_checkout_redesign,C113226,control,2025-06-03,1,1810.44
EXP001_checkout_redesign,C110474,control,2025-06-13,0,0.0
EXP001_checkout_redesign,C112927,treatment,2025-06-08,0,0.0
EXP001_checkout_redesign,C102593,control,2025-06-24,0,0.0
EXP001_checkout_redesign,C111863,treatment,2025-06-06,0,0.0
EXP001_checkout_redesign,C109423,control,2025-06-02,0,0.0
EXP001_checkout_redesign,C106507,control,2025-06-06,0,0.0
EXP001_checkout_redesign,C108854,treatment,2025-06-20,0,0.0
EXP001_checkout_redesign,C105566,control,2025-06-14,0,0.0
EXP001_checkout_redesign,C102494,control,2025-06-07,0,0.0
EXP001_checkout_redesign,C107524,treatment,2025-06-27,0,0.0
EXP001_checkout_redesign,C103561,treatment,2025-06-17,0,0.0
EXP001_checkout_redesign,C105880,treatment,2025-06-03,0,0.0
EXP001_checkout_redesign,C110064,treatment,2025-06-30,0,0.0
EXP001_checkout_redesign,C102820,treatment,2025-06-14,0,0.0
EXP001_checkout_redesign,C110313,treatment,2025-06-24,0,0.0
EXP001_checkout_redesign,C109206,control,2025-06-01,0,0.0
EXP001_checkout_redesign,C100066,control,2025-06-29,0,0.0
EXP001_checkout_redesign,C105009,treatment,2025-06-26,0,0.0
EXP001_checkout_redesign,C104181,control,2025-06-12,0,0.0
EXP001_checkout_redesign,C103311,control,2025-06-03,0,0.0
EXP001_checkout_redesign,C110118,treatment,2025-06-19,0,0.0
EXP001_checkout_redesign,C111826,control,2025-06-12,0,0.0
EXP001_checkout_redesign,C106983,control,2025-06-24,0,0.0
EXP001_checkout_redesign,C102409,control,2025-06-14,1,1602.29
EXP001_checkout_redesign,C112117,treatment,2025-06-01,0,0.0
EXP001_checkout_redesign,C103024,control,2025-06-26,0,0.0
EXP001_checkout_redesign,C113009,treatment,2025-06-05,0,0.0
EXP001_checkout_redesign,C112338,treatment,2025-06-07,0,0.0
EXP001_checkout_redesign,C100435,control,2025-06-20,0,0.0
EXP001_checkout_redesign,C114303,control,2025-06-26,0,0.0
EXP001_checkout_redesign,C110499,treatment,2025-06-19,0,0.0
EXP001_checkout_redesign,C104587,treatment,2025-06-26,1,2166.9
EXP001_checkout_redesign,C112105,treatment,2025-06-06,0,0.0
EXP001_checkout_redesign,C102942,control,2025-06-21,0,0.0
EXP001_checkout_redesign,C100898,treatment,2025-06-18,1,4330.72
EXP001_checkout_redesign,C111356,treatment,2025-06-06,0,0.0
EXP001_checkout_redesign,C102311,treatment,2025-06-11,0,0.0
EXP001_checkout_redesign,C110504,treatment,2025-06-29,0,0.0
EXP001_checkout_redesign,C111790,treatment,2025-06-29,0,0.0
EXP001_checkout_redesign,C101927,control,2025-06-29,0,0.0
EXP001_checkout_redesign,C103536,control,2025-06-03,0,0.0
EXP001_checkout_redesign,C108934,control,2025-06-09,0,0.0
EXP001_checkout_redesign,C104834,treatment,2025-06-03,0,0.0
EXP001_checkout_redesign,C103229,treatment,2025-06-25,0,0.0
EXP001_checkout_redesign,C112280,control,2025-06-06,0,0.0
EXP001_checkout_redesign,C102606,control,2025-06-24,0,0.0
EXP001_checkout_redesign,C105830,control,2025-06-09,0,0.0
EXP001_checkout_redesign,C103135,treatment,2025-06-08,0,0.0
EXP001_checkout_redesign,C103326,treatment,2025-06-27,0,0.0
EXP001_checkout_redesign,C112114,control,2025-06-30,0,0.0
EXP001_checkout_redesign,C103565,control,2025-06-02,0,0.0
EXP001_checkout_redesign,C113375,treatment,2025-06-19,0,0.0
EXP001_checkout_redesign,C110237,treatment,2025-06-24,0,0.0
EXP001_checkout_redesign,C111512,treatment,2025-06-16,0,0.0
EXP001_checkout_redesign,C110909,control,2025-06-05,0,0.0
EXP001_checkout_redesign,C103890,control,2025-06-10,0,0.0
EXP001_checkout_redesign,C114921,treatment,2025-06-20,0,0.0
EXP001_checkout_redesign,C101541,control,2025-06-22,0,0.0
EXP001_checkout_redesign,C104550,control,2025-06-12,0,0.0
EXP001_checkout_redesign,C112073,treatment,2025-06-12,0,0.0
EXP001_checkout_redesign,C108184,treatment,2025-06-29,0,0.0
EXP001_checkout_redesign,C114887,control,2025-06-06,1,5926.66
EXP001_checkout_redesign,C102951,treatment,2025-06-14,0,0.0
EXP001_checkout_redesign,C106880,control,2025-06-07,0,0.0
EXP001_checkout_redesign,C103417,control,2025-06-21,0,0.0
EXP001_checkout_redesign,C109301,treatment,2025-06-01,0,0.0
EXP001_checkout_redesign,C112187,control,2025-06-14,0,0.0
EXP001_checkout_redesign,C114359,control,2025-06-15,1,5224.02
EXP001_checkout_redesign,C111972,treatment,2025-06-13,0,0.0
EXP001_checkout_redesign,C101028,treatment,2025-06-24,1,1297.58
EXP001_checkout_redesign,C111233,treatment,2025-06-30,0,0.0
EXP001_checkout_redesign,C100095,treatment,2025-06-01,0,0.0
EXP001_checkout_redesign,C108195,control,2025-06-20,0,0.0
EXP001_checkout_redesign,C105311,control,2025-06-19,0,0.0
EXP001_checkout_redesign,C114516,control,2025-06-19,1,4196.33
EXP001_checkout_redesign,C101179,control,2025-06-06,0,0.0
EXP001_checkout_redesign,C111431,control,2025-06-24,0,0.0
EXP001_checkout_redesign,C107249,treatment,2025-06-05,0,0.0
EXP001_checkout_redesign,C103987,treatment,2025-06-22,0,0.0
EXP001_checkout_redesign,C105389,treatment,2025-06-28,0,0.0
EXP001_checkout_redesign,C103577,control,2025-06-22,0,0.0
EXP001_checkout_redesign,C110837,treatment,2025-06-28,0,0.0
EXP001_checkout_redesign,C113089,control,2025-06-17,0,0.0
EXP001_checkout_redesign,C109109,treatment,2025-06-15,0,0.0
EXP001_checkout_redesign,C105261,treatment,2025-06-07,0,0.0
EXP001_checkout_redesign,C110221,treatment,2025-06-17,0,0.0
EXP001_checkout_redesign,C103406,treatment,2025-06-12,1,3225.8
EXP001_checkout_redesign,C111270,treatment,2025-06-30,0,0.0
EXP001_checkout_redesign,C103735,control,2025-06-07,0,0.0
EXP001_checkout_redesign,C107320,control,2025-06-29,0,0.0
EXP001_checkout_redesign,C106462,control,2025-06-13,1,2508.44
EXP001_checkout_redesign,C108679,control,2025-06-08,0,0.0
EXP001_checkout_redesign,C110915,control,2025-06-04,0,0.0
EXP001_checkout_redesign,C103487,control,2025-06-08,0,0.0
EXP001_checkout_redesign,C108141,treatment,2025-06-22,0,0.0
EXP001_checkout_redesign,C101472,treatment,2025-06-16,1,5818.51
EXP001_checkout_redesign,C103722,treatment,2025-06-16,1,1790.79
EXP001_checkout_redesign,C114352,control,2025-06-22,0,0.0
EXP001_checkout_redesign,C103474,control,2025-06-11,0,0.0
EXP001_checkout_redesign,C104522,control,2025-06-27,0,0.0
EXP001_checkout_redesign,C114668,treatment,2025-06-09,1,2391.34
EXP001_checkout_redesign,C103686,treatment,2025-06-22,0,0.0
EXP001_checkout_redesign,C103151,treatment,2025-06-28,0,0.0
EXP001_checkout_redesign,C111346,treatment,2025-06-11,0,0.0
EXP001_checkout_redesign,C101849,treatment,2025-06-05,0,0.0
EXP001_checkout_redesign,C109856,treatment,2025-06-10,0,0.0
EXP001_checkout_redesign,C103479,control,2025-06-26,0,0.0
EXP001_checkout_redesign,C113872,control,2025-06-06,0,0.0
EXP001_checkout_redesign,C100060,treatment,2025-06-16,0,0.0
EXP001_checkout_redesign,C108334,treatment,2025-06-12,0,0.0
EXP001_checkout_redesign,C104080,control,2025-06-08,0,0.0
EXP001_checkout_redesign,C112775,treatment,2025-06-25,1,1968.43
EXP001_checkout_redesign,C105987,control,2025-06-26,0,0.0
EXP001_checkout_redesign,C114691,treatment,2025-06-29,0,0.0
EXP001_checkout_redesign,C109393,treatment,2025-06-13,1,1108.24
EXP001_checkout_redesign,C104110,treatment,2025-06-13,1,4705.66
EXP001_checkout_redesign,C109713,treatment,2025-06-16,0,0.0
EXP001_checkout_redesign,C109635,control,2025-06-26,0,0.0
EXP001_checkout_redesign,C104474,control,2025-06-11,0,0.0
EXP001_checkout_redesign,C104721,treatment,2025-06-24,0,0.0
EXP001_checkout_redesign,C114651,control,2025-06-08,0,0.0
EXP001_checkout_redesign,C111564,treatment,2025-06-23,1,2552.86
EXP001_checkout_redesign,C112162,control,2025-06-13,0,0.0
EXP001_checkout_redesign,C104654,control,2025-06-01,0,0.0
EXP001_checkout_redesign,C103958,treatment,2025-06-20,0,0.0
EXP001_checkout_redesign,C105774,control,2025-06-20,0,0.0
EXP001_checkout_redesign,C103019,treatment,2025-06-28,0,0.0
EXP001_checkout_redesign,C109652,control,2025-06-19,0,0.0
EXP001_checkout_redesign,C104753,treatment,2025-06-04,0,0.0
EXP001_checkout_redesign,C108828,control,2025-06-28,0,0.0
EXP001_checkout_redesign,C105656,treatment,2025-06-02,0,0.0
EXP001_checkout_redesign,C100655,control,2025-06-19,0,0.0
EXP001_checkout_redesign,C110869,treatment,2025-06-19,0,0.0
EXP001_checkout_redesign,C109897,treatment,2025-06-10,0,0.0
EXP001_checkout_redesign,C109184,control,2025-06-17,0,0.0
EXP001_checkout_redesign,C110437,control,2025-06-23,0,0.0
EXP001_checkout_redesign,C114551,control,2025-06-20,0,0.0
EXP001_checkout_redesign,C106148,treatment,2025-06-08,0,0.0
EXP001_checkout_redesign,C106380,treatment,2025-06-09,0,0.0
EXP001_checkout_redesign,C102289,control,2025-06-18,0,0.0
EXP001_checkout_redesign,C113687,control,2025-06-02,0,0.0
EXP001_checkout_redesign,C104234,control,2025-06-18,0,0.0
EXP001_checkout_redesign,C100640,treatment,2025-06-08,0,0.0
EXP001_checkout_redesign,C104287,control,2025-06-02,0,0.0
EXP001_checkout_redesign,C107290,treatment,2025-06-22,0,0.0
EXP001_checkout_redesign,C104997,treatment,2025-06-16,1,4716.17
EXP001_checkout_redesign,C111759,treatment,2025-06-05,0,0.0
EXP001_checkout_redesign,C102008,treatment,2025-06-10,0,0.0
EXP001_checkout_redesign,C103870,treatment,2025-06-09,0,0.0
EXP001_checkout_redesign,C105166,treatment,2025-06-02,0,0.0
EXP001_checkout_redesign,C109144,treatment,2025-06-16,0,0.0
EXP001_checkout_redesign,C111021,treatment,2025-06-16,0,0.0
EXP001_checkout_redesign,C108532,treatment,2025-06-17,0,0.0
EXP001_checkout_redesign,C110536,control,2025-06-02,0,0.0
EXP001_checkout_redesign,C109057,control,2025-06-26,0,0.0
EXP001_checkout_redesign,C108909,treatment,2025-06-05,0,0.0
EXP001_checkout_redesign,C104417,control,2025-06-08,0,0.0
EXP001_checkout_redesign,C106538,control,2025-06-24,1,5824.58
EXP001_checkout_redesign,C114571,control,2025-06-02,1,2907.75
EXP001_checkout_redesign,C109413,treatment,2025-06-12,0,0.0
EXP001_checkout_redesign,C105022,treatment,2025-06-13,0,0.0
EXP001_checkout_redesign,C100432,control,2025-06-16,0,0.0
EXP001_checkout_redesign,C107402,treatment,2025-06-05,0,0.0
EXP001_checkout_redesign,C102814,treatment,2025-06-12,1,2570.97
EXP001_checkout_redesign,C110544,treatment,2025-06-15,0,0.0
EXP001_checkout_redesign,C106377,treatment,2025-06-30,0,0.0
EXP001_checkout_redesign,C100088,control,2025-06-29,1,3958.5
EXP001_checkout_redesign,C103840,control,2025-06-02,0,0.0
EXP001_checkout_redesign,C103719,control,2025-06-12,0,0.0
EXP001_checkout_redesign,C104199,control,2025-06-23,0,0.0
EXP001_checkout_redesign,C107422,treatment,2025-06-10,0,0.0
EXP001_checkout_redesign,C103843,treatment,2025-06-08,0,0.0
EXP001_checkout_redesign,C104701,treatment,2025-06-21,0,0.0
EXP001_checkout_redesign,C106011,treatment,2025-06-11,1,5499.3
EXP001_checkout_redesign,C102715,treatment,2025-06-12,0,0.0
EXP001_checkout_redesign,C103448,treatment,2025-06-17,0,0.0
EXP001_checkout_redesign,C102891,treatment,2025-06-29,0,0.0
EXP001_checkout_redesign,C106539,treatment,2025-06-07,1,4617.07
EXP001_checkout_redesign,C102413,treatment,2025-06-15,0,0.0
EXP001_checkout_redesign,C111496,treatment,2025-06-19,0,0.0
EXP001_checkout_redesign,C101372,control,2025-06-29,0,0.0
EXP001_checkout_redesign,C100289,control,2025-06-02,0,0.0
EXP001_checkout_redesign,C109104,treatment,2025-06-30,0,0.0
EXP001_checkout_redesign,C108729,treatment,2025-06-06,0,0.0
EXP001_checkout_redesign,C106139,treatment,2025-06-02,0,0.0
EXP001_checkout_redesign,C102490,control,2025-06-14,0,0.0
EXP001_checkout_redesign,C105955,treatment,2025-06-26,0,0.0
EXP001_checkout_redesign,C107980,control,2025-06-08,1,5628.18
EXP001_checkout_redesign,C104617,treatment,2025-06-16,0,0.0
EXP001_checkout_redesign,C102133,control,2025-06-19,0,0.0
EXP001_checkout_redesign,C107701,treatment,2025-06-18,0,0.0
EXP001_checkout_redesign,C114862,control,2025-06-24,1,2054.18
EXP001_checkout_redesign,C103876,treatment,2025-06-29,0,0.0
EXP001_checkout_redesign,C104736,control,2025-06-13,0,0.0
EXP001_checkout_redesign,C101385,treatment,2025-06-06,0,0.0
EXP001_checkout_redesign,C104692,treatment,2025-06-29,0,0.0
EXP001_checkout_redesign,C113231,treatment,2025-06-04,0,0.0
EXP001_checkout_redesign,C105376,control,2025-06-21,0,0.0
EXP001_checkout_redesign,C111385,control,2025-06-10,0,0.0
EXP001_checkout_redesign,C109499,control,2025-06-15,1,3317.54
EXP001_checkout_redesign,C106040,control,2025-06-23,0,0.0
EXP001_checkout_redesign,C105114,treatment,2025-06-12,0,0.0
EXP001_checkout_redesign,C100223,treatment,2025-06-28,0,0.0
EXP001_checkout_redesign,C102349,treatment,2025-06-20,0,0.0
EXP001_checkout_redesign,C111339,control,2025-06-12,0,0.0
EXP001_checkout_redesign,C100675,treatment,2025-06-30,0,0.0
EXP001_checkout_redesign,C101038,control,2025-06-27,0,0.0
EXP001_checkout_redesign,C104141,control,2025-06-07,0,0.0
EXP001_checkout_redesign,C100629,control,2025-06-06,0,0.0
EXP001_checkout_redesign,C106975,treatment,2025-06-05,0,0.0
EXP001_checkout_redesign,C106420,control,2025-06-19,0,0.0
EXP001_checkout_redesign,C111975,control,2025-06-14,0,0.0
EXP001_checkout_redesign,C102064,control,2025-06-01,1,4253.6
EXP001_checkout_redesign,C101085,control,2025-06-24,0,0.0
EXP001_checkout_redesign,C111755,control,2025-06-11,0,0.0
EXP001_checkout_redesign,C109734,treatment,2025-06-30,0,0.0
EXP001_checkout_redesign,C112661,control,2025-06-23,1,3472.74
EXP001_checkout_redesign,C108001,control,2025-06-22,0,0.0
EXP001_checkout_redesign,C102104,control,2025-06-04,0,0.0
EXP001_checkout_redesign,C113118,control,2025-06-21,1,5921.11
EXP001_checkout_redesign,C111636,treatment,2025-06-14,0,0.0
EXP001_checkout_redesign,C100913,control,2025-06-21,1,997.4
EXP001_checkout_redesign,C104946,treatment,2025-06-18,0,0.0
EXP001_checkout_redesign,C111421,control,2025-06-06,0,0.0
EXP001_checkout_redesign,C113436,control,2025-06-27,0,0.0
EXP001_checkout_redesign,C106053,control,2025-06-05,0,0.0
EXP001_checkout_redesign,C101238,treatment,2025-06-17,0,0.0
EXP001_checkout_redesign,C112077,treatment,2025-06-25,0,0.0
EXP001_checkout_redesign,C113573,control,2025-06-07,0,0.0
EXP001_checkout_redesign,C110319,treatment,2025-06-30,0,0.0
EXP001_checkout_redesign,C106617,treatment,2025-06-11,0,0.0
EXP001_checkout_redesign,C108205,treatment,2025-06-14,1,4504.31
EXP001_checkout_redesign,C109829,control,2025-06-30,1,2086.19
EXP001_checkout_redesign,C106410,treatment,2025-06-02,1,3210.38
EXP001_checkout_redesign,C105740,treatment,2025-06-22,0,0.0
EXP001_checkout_redesign,C107737,treatment,2025-06-30,0,0.0
EXP001_checkout_redesign,C112023,treatment,2025-06-17,0,0.0
EXP001_checkout_redesign,C114977,treatment,2025-06-02,0,0.0
EXP001_checkout_redesign,C114379,treatment,2025-06-15,0,0.0
EXP001_checkout_redesign,C104320,control,2025-06-07,0,0.0
EXP001_checkout_redesign,C111419,control,2025-06-03,0,0.0
EXP001_checkout_redesign,C114944,treatment,2025-06-23,0,0.0
EXP001_checkout_redesign,C102808,treatment,2025-06-06,1,4869.72
EXP001_checkout_redesign,C112085,control,2025-06-21,1,3311.74
EXP001_checkout_redesign,C110463,treatment,2025-06-26,0,0.0
EXP001_checkout_redesign,C104878,control,2025-06-30,0,0.0
EXP001_checkout_redesign,C112734,treatment,2025-06-09,0,0.0
EXP001_checkout_redesign,C112933,control,2025-06-10,0,0.0
EXP001_checkout_redesign,C112110,control,2025-06-21,0,0.0
EXP001_checkout_redesign,C104062,treatment,2025-06-30,0,0.0
EXP001_checkout_redesign,C106166,treatment,2025-06-21,1,2447.06
EXP001_checkout_redesign,C103382,treatment,2025-06-08,0,0.0
EXP001_checkout_redesign,C106310,control,2025-06-07,0,0.0
EXP001_checkout_redesign,C113890,control,2025-06-01,0,0.0
EXP001_checkout_redesign,C101949,control,2025-06-10,0,0.0
EXP001_checkout_redesign,C105412,control,2025-06-18,0,0.0
EXP001_checkout_redesign,C103605,control,2025-06-16,0,0.0
EXP001_checkout_redesign,C114766,treatment,2025-06-04,0,0.0
EXP001_checkout_redesign,C105223,control,2025-06-09,1,3099.34
EXP001_checkout_redesign,C101370,control,2025-06-23,0,0.0
EXP001_checkout_redesign,C101727,treatment,2025-06-18,0,0.0
EXP001_checkout_redesign,C111135,treatment,2025-06-11,0,0.0
EXP001_checkout_redesign,C106015,control,2025-06-12,0,0.0
EXP001_checkout_redesign,C106896,control,2025-06-08,1,4736.66
EXP001_checkout_redesign,C111168,treatment,2025-06-01,0,0.0
EXP001_checkout_redesign,C100445,treatment,2025-06-08,1,5060.98
EXP001_checkout_redesign,C107592,control,2025-06-05,0,0.0
EXP001_checkout_redesign,C108505,control,2025-06-01,0,0.0
EXP001_checkout_redesign,C106188,treatment,2025-06-03,0,0.0
EXP001_checkout_redesign,C109901,treatment,2025-06-27,0,0.0
EXP001_checkout_redesign,C114671,treatment,2025-06-13,0,0.0
EXP001_checkout_redesign,C114612,control,2025-06-29,0,0.0
EXP001_checkout_redesign,C107664,control,2025-06-29,0,0.0
EXP001_checkout_redesign,C103801,control,2025-06-16,0,0.0
EXP001_checkout_redesign,C114070,treatment,2025-06-23,0,0.0
EXP001_checkout_redesign,C103901,control,2025-06-12,0,0.0
EXP001_checkout_redesign,C108774,control,2025-06-07,0,0.0
EXP001_checkout_redesign,C107401,treatment,2025-06-08,1,3357.53
EXP001_checkout_redesign,C113807,control,2025-06-11,0,0.0
EXP001_checkout_redesign,C113049,control,2025-06-13,0,0.0
EXP001_checkout_redesign,C108484,treatment,2025-06-11,0,0.0
EXP001_checkout_redesign,C101914,treatment,2025-06-04,0,0.0
EXP001_checkout_redesign,C111897,treatment,2025-06-06,0,0.0
EXP001_checkout_redesign,C108386,control,2025-06-28,0,0.0
EXP001_checkout_redesign,C114157,control,2025-06-23,0,0.0
EXP001_checkout_redesign,C103195,control,2025-06-24,0,0.0
EXP001_checkout_redesign,C111209,control,2025-06-30,0,0.0
EXP001_checkout_redesign,C102151,treatment,2025-06-19,0,0.0
EXP001_checkout_redesign,C114600,control,2025-06-21,0,0.0
EXP001_checkout_redesign,C114805,treatment,2025-06-08,0,0.0
EXP001_checkout_redesign,C107129,control,2025-06-06,0,0.0
EXP001_checkout_redesign,C107666,treatment,2025-06-17,1,3783.16
EXP001_checkout_redesign,C100097,treatment,2025-06-18,0,0.0
EXP001_checkout_redesign,C111704,control,2025-06-03,0,0.0
EXP001_checkout_redesign,C108063,control,2025-06-30,0,0.0
EXP001_checkout_redesign,C103676,treatment,2025-06-12,0,0.0
EXP001_checkout_redesign,C103129,treatment,2025-06-15,0,0.0
EXP001_checkout_redesign,C105558,control,2025-06-07,0,0.0
EXP001_checkout_redesign,C102586,treatment,2025-06-13,1,1004.42
EXP001_checkout_redesign,C104343,control,2025-06-30,0,0.0
EXP001_checkout_redesign,C105594,control,2025-06-10,1,1503.86
EXP001_checkout_redesign,C100336,control,2025-06-19,0,0.0
EXP001_checkout_redesign,C111761,control,2025-06-09,0,0.0
EXP001_checkout_redesign,C108685,treatment,2025-06-25,1,4654.05
EXP001_checkout_redesign,C108356,treatment,2025-06-28,0,0.0
EXP001_checkout_redesign,C108140,treatment,2025-06-12,0,0.0
EXP001_checkout_redesign,C114825,treatment,2025-06-28,1,4957.68
EXP001_checkout_redesign,C112378,treatment,2025-06-11,0,0.0
EXP001_checkout_redesign,C105001,treatment,2025-06-24,0,0.0
EXP001_checkout_redesign,C105341,control,2025-06-25,0,0.0
EXP001_checkout_redesign,C107031,control,2025-06-08,0,0.0
EXP001_checkout_redesign,C109029,treatment,2025-06-09,0,0.0
EXP001_checkout_redesign,C102744,control,2025-06-04,0,0.0
EXP001_checkout_redesign,C102214,control,2025-06-20,1,3445.13
EXP001_checkout_redesign,C110675,treatment,2025-06-05,0,0.0
EXP001_checkout_redesign,C110940,control,2025-06-07,0,0.0
EXP001_checkout_redesign,C100805,control,2025-06-09,0,0.0
EXP001_checkout_redesign,C114660,control,2025-06-04,0,0.0
EXP001_checkout_redesign,C105360,control,2025-06-23,0,0.0
EXP001_checkout_redesign,C111108,control,2025-06-12,0,0.0
EXP001_checkout_redesign,C103204,control,2025-06-12,0,0.0
EXP001_checkout_redesign,C113901,treatment,2025-06-06,0,0.0
EXP001_checkout_redesign,C110141,control,2025-06-13,0,0.0
EXP001_checkout_redesign,C114091,treatment,2025-06-09,0,0.0
EXP001_checkout_redesign,C106136,control,2025-06-25,0,0.0
EXP001_checkout_redesign,C101980,control,2025-06-09,0,0.0
EXP001_checkout_redesign,C110263,treatment,2025-06-21,0,0.0
EXP001_checkout_redesign,C105504,control,2025-06-03,0,0.0
EXP001_checkout_redesign,C104822,treatment,2025-06-13,0,0.0
EXP001_checkout_redesign,C113673,control,2025-06-06,0,0.0
EXP001_checkout_redesign,C109747,treatment,2025-06-18,0,0.0
EXP001_checkout_redesign,C104259,treatment,2025-06-23,0,0.0
EXP001_checkout_redesign,C102764,control,2025-06-14,0,0.0
EXP001_checkout_redesign,C105551,control,2025-06-29,0,0.0
EXP001_checkout_redesign,C112047,treatment,2025-06-23,0,0.0
EXP001_checkout_redesign,C110577,treatment,2025-06-02,0,0.0
EXP001_checkout_redesign,C102566,control,2025-06-06,0,0.0
EXP001_checkout_redesign,C104486,control,2025-06-20,0,0.0
EXP001_checkout_redesign,C109153,control,2025-06-07,0,0.0
EXP001_checkout_redesign,C112159,treatment,2025-06-08,0,0.0
EXP001_checkout_redesign,C100069,control,2025-06-10,0,0.0
EXP001_checkout_redesign,C111888,treatment,2025-06-13,0,0.0
EXP001_checkout_redesign,C100556,treatment,2025-06-27,0,0.0
EXP001_checkout_redesign,C114305,control,2025-06-01,0,0.0
EXP001_checkout_redesign,C109521,treatment,2025-06-05,1,1021.77
EXP001_checkout_redesign,C100800,treatment,2025-06-25,0,0.0
EXP001_checkout_redesign,C104302,treatment,2025-06-30,0,0.0
EXP001_checkout_redesign,C100851,control,2025-06-02,0,0.0
EXP001_checkout_redesign,C114404,treatment,2025-06-04,0,0.0
EXP001_checkout_redesign,C103653,control,2025-06-24,0,0.0
EXP001_checkout_redesign,C114744,control,2025-06-12,0,0.0
EXP001_checkout_redesign,C101797,treatment,2025-06-05,0,0.0
EXP001_checkout_redesign,C105941,control,2025-06-24,0,0.0
EXP001_checkout_redesign,C107880,control,2025-06-15,1,4752.73
EXP001_checkout_redesign,C113257,control,2025-06-10,0,0.0
EXP001_checkout_redesign,C101581,control,2025-06-26,0,0.0
EXP001_checkout_redesign,C100278,control,2025-06-17,1,3242.0
EXP001_checkout_redesign,C111565,treatment,2025-06-14,0,0.0
EXP001_checkout_redesign,C105074,control,2025-06-07,0,0.0
EXP001_checkout_redesign,C109823,control,2025-06-22,0,0.0
EXP001_checkout_redesign,C100465,control,2025-06-02,0,0.0
EXP001_checkout_redesign,C104867,treatment,2025-06-23,1,1429.96
EXP001_checkout_redesign,C114388,control,2025-06-03,0,0.0
EXP001_checkout_redesign,C106844,control,2025-06-04,0,0.0
EXP001_checkout_redesign,C114366,treatment,2025-06-30,0,0.0
EXP001_checkout_redesign,C104910,control,2025-06-16,0,0.0
EXP001_checkout_redesign,C105227,treatment,2025-06-16,0,0.0
EXP001_checkout_redesign,C100997,control,2025-06-27,0,0.0
EXP001_checkout_redesign,C105800,control,2025-06-22,0,0.0
EXP001_checkout_redesign,C113120,control,2025-06-03,0,0.0
EXP001_checkout_redesign,C100707,treatment,2025-06-17,0,0.0
EXP001_checkout_redesign,C111067,treatment,2025-06-26,1,2106.76
EXP001_checkout_redesign,C112313,treatment,2025-06-17,0,0.0
EXP001_checkout_redesign,C101064,control,2025-06-22,0,0.0
EXP001_checkout_redesign,C108349,treatment,2025-06-20,0,0.0
EXP001_checkout_redesign,C105377,treatment,2025-06-07,0,0.0
EXP001_checkout_redesign,C106257,treatment,2025-06-25,0,0.0
EXP001_checkout_redesign,C105307,control,2025-06-30,0,0.0
EXP001_checkout_redesign,C111652,treatment,2025-06-08,0,0.0
EXP001_checkout_redesign,C108594,treatment,2025-06-19,0,0.0
EXP001_checkout_redesign,C101513,treatment,2025-06-07,1,2403.06
EXP001_checkout_redesign,C111289,treatment,2025-06-01,0,0.0
EXP001_checkout_redesign,C105698,control,2025-06-16,0,0.0
EXP001_checkout_redesign,C101509,treatment,2025-06-18,0,0.0
EXP001_checkout_redesign,C102075,treatment,2025-06-25,0,0.0
EXP001_checkout_redesign,C112558,control,2025-06-26,0,0.0
EXP001_checkout_redesign,C111884,treatment,2025-06-08,0,0.0
EXP001_checkout_redesign,C108763,treatment,2025-06-07,1,4772.83
EXP001_checkout_redesign,C112726,control,2025-06-27,0,0.0
EXP001_checkout_redesign,C105232,control,2025-06-10,1,3783.3
EXP001_checkout_redesign,C108527,treatment,2025-06-02,0,0.0
EXP001_checkout_redesign,C102264,control,2025-06-15,0,0.0
EXP001_checkout_redesign,C109695,treatment,2025-06-14,0,0.0
EXP001_checkout_redesign,C103497,control,2025-06-02,0,0.0
EXP001_checkout_redesign,C105670,treatment,2025-06-07,0,0.0
EXP001_checkout_redesign,C105468,control,2025-06-23,0,0.0
EXP001_checkout_redesign,C106306,control,2025-06-22,1,3650.25
EXP001_checkout_redesign,C106308,control,2025-06-26,0,0.0
EXP001_checkout_redesign,C102649,treatment,2025-06-12,0,0.0
EXP001_checkout_redesign,C112194,control,2025-06-05,0,0.0
EXP001_checkout_redesign,C101326,treatment,2025-06-06,0,0.0
EXP001_checkout_redesign,C106395,treatment,2025-06-16,0,0.0
EXP001_checkout_redesign,C113554,control,2025-06-12,0,0.0
EXP001_checkout_redesign,C102271,treatment,2025-06-09,0,0.0
EXP001_checkout_redesign,C108635,treatment,2025-06-20,1,5256.3
EXP001_checkout_redesign,C107652,treatment,2025-06-12,0,0.0
EXP001_checkout_redesign,C107629,treatment,2025-06-10,0,0.0
EXP001_checkout_redesign,C109443,treatment,2025-06-17,0,0.0
EXP001_checkout_redesign,C113428,treatment,2025-06-25,0,0.0
EXP001_checkout_redesign,C100492,control,2025-06-24,0,0.0
EXP001_checkout_redesign,C102115,treatment,2025-06-11,0,0.0
EXP001_checkout_redesign,C113846,treatment,2025-06-18,0,0.0
EXP001_checkout_redesign,C102168,control,2025-06-04,0,0.0
EXP001_checkout_redesign,C101457,control,2025-06-03,0,0.0
EXP001_checkout_redesign,C103609,control,2025-06-19,0,0.0
EXP001_checkout_redesign,C110283,treatment,2025-06-06,0,0.0
EXP001_checkout_redesign,C104028,control,2025-06-23,0,0.0
EXP001_checkout_redesign,C101643,treatment,2025-06-08,0,0.0
EXP001_checkout_redesign,C109126,control,2025-06-07,0,0.0
EXP001_checkout_redesign,C114152,treatment,2025-06-15,0,0.0
EXP001_checkout_redesign,C101461,treatment,2025-06-12,0,0.0
EXP001_checkout_redesign,C105287,control,2025-06-15,0,0.0
EXP001_checkout_redesign,C104030,treatment,2025-06-09,0,0.0
EXP001_checkout_redesign,C113664,control,2025-06-02,0,0.0
EXP001_checkout_redesign,C101178,treatment,2025-06-26,0,0.0
EXP001_checkout_redesign,C112128,control,2025-06-20,0,0.0
EXP001_checkout_redesign,C106297,treatment,2025-06-15,0,0.0
EXP001_checkout_redesign,C110950,control,2025-06-18,0,0.0
EXP001_checkout_redesign,C112027,control,2025-06-13,0,0.0
EXP001_checkout_redesign,C105029,control,2025-06-16,0,0.0
EXP001_checkout_redesign,C105270,treatment,2025-06-15,0,0.0
EXP001_checkout_redesign,C100870,treatment,2025-06-11,0,0.0
EXP001_checkout_redesign,C108517,control,2025-06-03,0,0.0
EXP001_checkout_redesign,C112406,treatment,2025-06-29,0,0.0
EXP001_checkout_redesign,C102121,treatment,2025-06-10,0,0.0
EXP001_checkout_redesign,C100846,control,2025-06-17,0,0.0
EXP001_checkout_redesign,C100285,control,2025-06-30,0,0.0
EXP001_checkout_redesign,C100597,control,2025-06-08,0,0.0
EXP001_checkout_redesign,C100576,treatment,2025-06-05,1,5383.6
EXP001_checkout_redesign,C108164,treatment,2025-06-21,0,0.0
EXP001_checkout_redesign,C105960,control,2025-06-08,0,0.0
EXP001_checkout_redesign,C102052,control,2025-06-15,0,0.0
EXP001_checkout_redesign,C108427,treatment,2025-06-11,0,0.0
EXP001_checkout_redesign,C113190,control,2025-06-09,0,0.0
EXP001_checkout_redesign,C108034,treatment,2025-06-25,0,0.0
EXP001_checkout_redesign,C108131,control,2025-06-26,0,0.0
EXP001_checkout_redesign,C101219,control,2025-06-25,0,0.0
EXP001_checkout_redesign,C105348,control,2025-06-02,0,0.0
EXP001_checkout_redesign,C105245,control,2025-06-07,1,3011.66
EXP001_checkout_redesign,C100007,control,2025-06-16,0,0.0
EXP001_checkout_redesign,C100309,treatment,2025-06-07,0,0.0
EXP001_checkout_redesign,C105444,control,2025-06-04,0,0.0
EXP001_checkout_redesign,C103198,control,2025-06-05,0,0.0
EXP001_checkout_redesign,C102182,treatment,2025-06-14,0,0.0
EXP001_checkout_redesign,C101241,control,2025-06-22,1,5023.34
EXP001_checkout_redesign,C105734,control,2025-06-07,0,0.0
EXP001_checkout_redesign,C109955,control,2025-06-13,0,0.0
EXP001_checkout_redesign,C103205,control,2025-06-18,0,0.0
EXP001_checkout_redesign,C107778,control,2025-06-10,1,1731.59
EXP001_checkout_redesign,C100030,treatment,2025-06-02,0,0.0
EXP001_checkout_redesign,C111329,treatment,2025-06-13,1,1927.84
EXP001_checkout_redesign,C105796,control,2025-06-02,0,0.0
EXP001_checkout_redesign,C114111,treatment,2025-06-29,1,5515.33
EXP001_checkout_redesign,C104019,control,2025-06-30,0,0.0
EXP001_checkout_redesign,C103916,treatment,2025-06-15,0,0.0
EXP001_checkout_redesign,C103572,control,2025-06-05,0,0.0
EXP001_checkout_redesign,C113023,control,2025-06-22,0,0.0
EXP001_checkout_redesign,C106914,control,2025-06-11,0,0.0
EXP001_checkout_redesign,C109360,treatment,2025-06-06,0,0.0
EXP001_checkout_redesign,C112595,treatment,2025-06-19,0,0.0
EXP001_checkout_redesign,C106654,treatment,2025-06-28,0,0.0
EXP001_checkout_redesign,C106433,treatment,2025-06-15,0,0.0
EXP001_checkout_redesign,C100574,treatment,2025-06-04,0,0.0
EXP001_checkout_redesign,C104424,treatment,2025-06-07,0,0.0
EXP001_checkout_redesign,C108724,control,2025-06-23,1,2247.61
EXP001_checkout_redesign,C114348,control,2025-06-22,0,0.0
EXP001_checkout_redesign,C103149,treatment,2025-06-17,1,1198.04
EXP001_checkout_redesign,C105646,control,2025-06-10,0,0.0
EXP001_checkout_redesign,C106700,control,2025-06-22,0,0.0
EXP001_checkout_redesign,C106388,control,2025-06-30,0,0.0
EXP001_checkout_redesign,C113560,treatment,2025-06-29,0,0.0
EXP001_checkout_redesign,C113274,treatment,2025-06-17,0,0.0
EXP001_checkout_redesign,C107742,treatment,2025-06-11,0,0.0
EXP001_checkout_redesign,C104385,control,2025-06-21,0,0.0
EXP001_checkout_redesign,C102940,treatment,2025-06-22,0,0.0
EXP001_checkout_redesign,C102731,control,2025-06-16,0,0.0
EXP001_checkout_redesign,C113046,control,2025-06-07,0,0.0
EXP001_checkout_redesign,C110914,control,2025-06-08,0,0.0
EXP001_checkout_redesign,C109112,control,2025-06-16,0,0.0
EXP001_checkout_redesign,C114374,control,2025-06-16,0,0.0
EXP001_checkout_redesign,C112889,control,2025-06-25,0,0.0
EXP001_checkout_redesign,C105300,treatment,2025-06-22,0,0.0
EXP001_checkout_redesign,C114796,control,2025-06-27,0,0.0
EXP001_checkout_redesign,C102992,control,2025-06-23,0,0.0
EXP001_checkout_redesign,C114922,control,2025-06-04,0,0.0
EXP001_checkout_redesign,C113395,control,2025-06-26,0,0.0
EXP001_checkout_redesign,C110062,treatment,2025-06-07,1,3397.5
EXP001_checkout_redesign,C112181,control,2025-06-26,0,0.0
EXP001_checkout_redesign,C106890,treatment,2025-06-17,0,0.0
EXP001_checkout_redesign,C112895,control,2025-06-03,0,0.0
EXP001_checkout_redesign,C112122,treatment,2025-06-17,0,0.0
EXP001_checkout_redesign,C111055,treatment,2025-06-11,0,0.0
EXP001_checkout_redesign,C102375,treatment,2025-06-08,0,0.0
EXP001_checkout_redesign,C105306,control,2025-06-19,0,0.0
EXP001_checkout_redesign,C101663,treatment,2025-06-07,0,0.0
EXP001_checkout_redesign,C101446,control,2025-06-18,0,0.0
EXP001_checkout_redesign,C113240,treatment,2025-06-28,0,0.0
EXP001_checkout_redesign,C100322,treatment,2025-06-28,0,0.0
EXP001_checkout_redesign,C103147,control,2025-06-21,0,0.0
EXP001_checkout_redesign,C107421,treatment,2025-06-15,1,2613.81
EXP001_checkout_redesign,C101564,control,2025-06-19,0,0.0
EXP001_checkout_redesign,C102448,control,2025-06-26,0,0.0
EXP001_checkout_redesign,C113552,control,2025-06-03,0,0.0
EXP001_checkout_redesign,C109500,treatment,2025-06-30,0,0.0
EXP001_checkout_redesign,C100874,treatment,2025-06-16,0,0.0
EXP001_checkout_redesign,C114937,treatment,2025-06-15,0,0.0
EXP001_checkout_redesign,C111723,treatment,2025-06-05,0,0.0
EXP001_checkout_redesign,C102943,treatment,2025-06-14,1,5879.09
EXP001_checkout_redesign,C114250,control,2025-06-24,1,2058.46
EXP001_checkout_redesign,C100695,treatment,2025-06-02,0,0.0
EXP001_checkout_redesign,C109497,control,2025-06-27,0,0.0
EXP001_checkout_redesign,C103587,treatment,2025-06-04,1,1551.17
EXP001_checkout_redesign,C106023,treatment,2025-06-20,0,0.0
EXP001_checkout_redesign,C101552,control,2025-06-13,0,0.0
EXP001_checkout_redesign,C114336,control,2025-06-16,0,0.0
EXP001_checkout_redesign,C100292,control,2025-06-30,1,5178.7
EXP001_checkout_redesign,C107321,treatment,2025-06-12,1,3074.6
EXP001_checkout_redesign,C110802,treatment,2025-06-27,1,5427.1
EXP001_checkout_redesign,C111425,control,2025-06-05,0,0.0
EXP001_checkout_redesign,C104857,control,2025-06-22,1,3722.95
EXP001_checkout_redesign,C101953,treatment,2025-06-25,1,1409.11
EXP001_checkout_redesign,C104007,control,2025-06-21,0,0.0
EXP001_checkout_redesign,C103184,control,2025-06-12,0,0.0
EXP001_checkout_redesign,C100516,control,2025-06-26,0,0.0
EXP001_checkout_redesign,C106494,treatment,2025-06-08,0,0.0
EXP001_checkout_redesign,C114214,treatment,2025-06-05,0,0.0
EXP001_checkout_redesign,C107246,treatment,2025-06-03,0,0.0
EXP001_checkout_redesign,C102520,control,2025-06-22,0,0.0
EXP001_checkout_redesign,C108550,control,2025-06-13,1,2627.49
EXP001_checkout_redesign,C109650,treatment,2025-06-04,0,0.0
EXP001_checkout_redesign,C106834,treatment,2025-06-21,0,0.0
EXP001_checkout_redesign,C106650,control,2025-06-08,0,0.0
EXP001_checkout_redesign,C114268,treatment,2025-06-27,1,3032.39
EXP001_checkout_redesign,C114469,control,2025-06-27,0,0.0
EXP001_checkout_redesign,C100303,treatment,2025-06-04,0,0.0
EXP001_checkout_redesign,C102779,treatment,2025-06-07,0,0.0
EXP001_checkout_redesign,C100459,treatment,2025-06-03,0,0.0
EXP001_checkout_redesign,C102766,treatment,2025-06-04,0,0.0
EXP001_checkout_redesign,C112192,treatment,2025-06-24,1,4010.91
EXP001_checkout_redesign,C105906,treatment,2025-06-08,1,849.02
EXP001_checkout_redesign,C100350,control,2025-06-13,0,0.0
EXP001_checkout_redesign,C110655,control,2025-06-13,0,0.0
EXP001_checkout_redesign,C108119,control,2025-06-09,0,0.0
EXP001_checkout_redesign,C112946,treatment,2025-06-20,0,0.0
EXP001_checkout_redesign,C106611,treatment,2025-06-26,0,0.0
EXP001_checkout_redesign,C105356,treatment,2025-06-20,1,5797.67
EXP001_checkout_redesign,C105466,control,2025-06-05,0,0.0
EXP001_checkout_redesign,C111645,treatment,2025-06-14,0,0.0
EXP001_checkout_redesign,C103754,control,2025-06-05,0,0.0
EXP001_checkout_redesign,C112527,treatment,2025-06-03,0,0.0
EXP001_checkout_redesign,C110484,control,2025-06-01,0,0.0
EXP001_checkout_redesign,C112631,control,2025-06-10,0,0.0
EXP001_checkout_redesign,C112273,control,2025-06-15,0,0.0
EXP001_checkout_redesign,C104746,treatment,2025-06-17,0,0.0
EXP001_checkout_redesign,C101908,control,2025-06-12,1,4529.36
EXP001_checkout_redesign,C109123,treatment,2025-06-14,0,0.0
EXP001_checkout_redesign,C100302,control,2025-06-24,0,0.0
EXP001_checkout_redesign,C114565,control,2025-06-04,1,2623.95
EXP001_checkout_redesign,C108730,treatment,2025-06-29,0,0.0
EXP001_checkout_redesign,C110814,control,2025-06-11,0,0.0
EXP001_checkout_redesign,C111382,control,2025-06-26,1,1836.02
EXP001_checkout_redesign,C100156,treatment,2025-06-15,0,0.0
EXP001_checkout_redesign,C112904,control,2025-06-14,1,2327.01
EXP001_checkout_redesign,C105065,control,2025-06-27,0,0.0
EXP001_checkout_redesign,C100375,control,2025-06-18,0,0.0
EXP001_checkout_redesign,C112399,control,2025-06-22,0,0.0
EXP001_checkout_redesign,C105745,control,2025-06-09,0,0.0
EXP001_checkout_redesign,C113041,control,2025-06-15,0,0.0
EXP001_checkout_redesign,C109970,treatment,2025-06-21,0,0.0
EXP001_checkout_redesign,C114849,control,2025-06-03,0,0.0
EXP001_checkout_redesign,C101411,control,2025-06-20,0,0.0
EXP001_checkout_redesign,C109411,treatment,2025-06-13,1,2358.74
EXP001_checkout_redesign,C114997,control,2025-06-02,0,0.0
EXP001_checkout_redesign,C102517,treatment,2025-06-15,1,1148.09
EXP001_checkout_redesign,C107644,control,2025-06-14,0,0.0
EXP001_checkout_redesign,C106501,control,2025-06-07,0,0.0
EXP001_checkout_redesign,C107374,control,2025-06-29,0,0.0
EXP001_checkout_redesign,C111454,treatment,2025-06-04,1,2839.56
EXP001_checkout_redesign,C105007,treatment,2025-06-04,1,3325.64
EXP001_checkout_redesign,C113129,control,2025-06-24,1,4673.63
EXP001_checkout_redesign,C112959,control,2025-06-10,1,4951.53
EXP001_checkout_redesign,C108739,control,2025-06-21,0,0.0
EXP001_checkout_redesign,C100523,treatment,2025-06-19,0,0.0
EXP001_checkout_redesign,C106699,treatment,2025-06-13,0,0.0
EXP001_checkout_redesign,C113407,control,2025-06-28,0,0.0
EXP001_checkout_redesign,C100871,treatment,2025-06-06,0,0.0
EXP001_checkout_redesign,C100935,treatment,2025-06-08,1,4998.5
EXP001_checkout_redesign,C109809,treatment,2025-06-10,0,0.0
EXP001_checkout_redesign,C104874,treatment,2025-06-17,0,0.0
EXP001_checkout_redesign,C106546,control,2025-06-09,1,1861.01
EXP001_checkout_redesign,C105043,treatment,2025-06-14,0,0.0
EXP001_checkout_redesign,C101806,control,2025-06-29,0,0.0
EXP001_checkout_redesign,C107143,control,2025-06-20,0,0.0
EXP001_checkout_redesign,C110840,treatment,2025-06-05,0,0.0
EXP001_checkout_redesign,C101660,treatment,2025-06-26,0,0.0
EXP001_checkout_redesign,C103491,treatment,2025-06-03,1,4816.4
EXP001_checkout_redesign,C102763,treatment,2025-06-09,0,0.0
EXP001_checkout_redesign,C106647,treatment,2025-06-29,0,0.0
EXP001_checkout_redesign,C106847,control,2025-06-12,0,0.0
EXP001_checkout_redesign,C106045,control,2025-06-22,0,0.0
EXP001_checkout_redesign,C105557,control,2025-06-01,0,0.0
EXP001_checkout_redesign,C103293,control,2025-06-25,0,0.0
EXP001_checkout_redesign,C108247,treatment,2025-06-11,0,0.0
EXP001_checkout_redesign,C100989,treatment,2025-06-05,0,0.0
EXP001_checkout_redesign,C105604,treatment,2025-06-19,0,0.0
EXP001_checkout_redesign,C104718,treatment,2025-06-04,1,5281.83
EXP001_checkout_redesign,C114131,control,2025-06-12,0,0.0
EXP001_checkout_redesign,C101125,control,2025-06-16,0,0.0
EXP001_checkout_redesign,C113691,treatment,2025-06-16,0,0.0
EXP001_checkout_redesign,C111150,control,2025-06-21,0,0.0
EXP001_checkout_redesign,C106497,control,2025-06-01,1,3247.44
EXP001_checkout_redesign,C109191,treatment,2025-06-26,0,0.0
EXP001_checkout_redesign,C106260,treatment,2025-06-03,0,0.0
EXP001_checkout_redesign,C100373,control,2025-06-23,0,0.0
EXP001_checkout_redesign,C104858,treatment,2025-06-25,0,0.0
EXP001_checkout_redesign,C113461,treatment,2025-06-22,0,0.0
EXP001_checkout_redesign,C102748,treatment,2025-06-20,0,0.0
EXP001_checkout_redesign,C112118,control,2025-06-15,0,0.0
EXP001_checkout_redesign,C107063,treatment,2025-06-20,0,0.0
EXP001_checkout_redesign,C102243,control,2025-06-25,0,0.0
EXP001_checkout_redesign,C101157,treatment,2025-06-17,0,0.0
EXP001_checkout_redesign,C106205,treatment,2025-06-22,0,0.0
EXP001_checkout_redesign,C103400,treatment,2025-06-04,0,0.0
EXP001_checkout_redesign,C112542,control,2025-06-03,0,0.0
EXP001_checkout_redesign,C105704,control,2025-06-11,0,0.0
EXP001_checkout_redesign,C103030,treatment,2025-06-01,0,0.0
EXP001_checkout_redesign,C112454,treatment,2025-06-05,0,0.0
EXP001_checkout_redesign,C101351,control,2025-06-04,1,2256.35
EXP001_checkout_redesign,C114839,treatment,2025-06-26,0,0.0
EXP001_checkout_redesign,C101995,control,2025-06-20,0,0.0
EXP001_checkout_redesign,C110349,treatment,2025-06-08,0,0.0
EXP001_checkout_redesign,C112596,control,2025-06-11,0,0.0
EXP001_checkout_redesign,C111181,treatment,2025-06-11,0,0.0
EXP001_checkout_redesign,C100818,control,2025-06-18,0,0.0
EXP001_checkout_redesign,C106480,treatment,2025-06-27,0,0.0
EXP001_checkout_redesign,C111829,treatment,2025-06-10,0,0.0
EXP001_checkout_redesign,C109775,treatment,2025-06-27,0,0.0
EXP001_checkout_redesign,C105017,treatment,2025-06-30,0,0.0
EXP001_checkout_redesign,C103081,treatment,2025-06-26,0,0.0
EXP001_checkout_redesign,C114897,treatment,2025-06-13,0,0.0
EXP001_checkout_redesign,C112343,control,2025-06-20,0,0.0
EXP001_checkout_redesign,C107602,treatment,2025-06-16,0,0.0
EXP001_checkout_redesign,C103989,treatment,2025-06-27,0,0.0
EXP001_checkout_redesign,C100661,treatment,2025-06-17,0,0.0
EXP001_checkout_redesign,C100052,treatment,2025-06-18,0,0.0
EXP001_checkout_redesign,C100059,control,2025-06-26,0,0.0
EXP001_checkout_redesign,C101469,control,2025-06-26,0,0.0
EXP001_checkout_redesign,C100730,treatment,2025-06-03,0,0.0
EXP001_checkout_redesign,C105789,treatment,2025-06-28,0,0.0
EXP001_checkout_redesign,C113826,treatment,2025-06-01,1,4836.36
EXP001_checkout_redesign,C104863,treatment,2025-06-02,0,0.0
EXP001_checkout_redesign,C113057,treatment,2025-06-23,0,0.0
EXP001_checkout_redesign,C103409,treatment,2025-06-26,0,0.0
EXP001_checkout_redesign,C108400,control,2025-06-26,0,0.0
EXP001_checkout_redesign,C106614,control,2025-06-06,0,0.0
EXP001_checkout_redesign,C106490,control,2025-06-18,0,0.0
EXP001_checkout_redesign,C106328,control,2025-06-17,0,0.0
EXP001_checkout_redesign,C110422,treatment,2025-06-26,0,0.0
EXP001_checkout_redesign,C112731,treatment,2025-06-14,0,0.0
EXP001_checkout_redesign,C101039,control,2025-06-25,0,0.0
EXP001_checkout_redesign,C101688,control,2025-06-17,0,0.0
EXP001_checkout_redesign,C101172,treatment,2025-06-26,0,0.0
EXP001_checkout_redesign,C110744,control,2025-06-21,0,0.0
EXP001_checkout_redesign,C111366,control,2025-06-25,0,0.0
EXP001_checkout_redesign,C114364,treatment,2025-06-29,0,0.0
EXP001_checkout_redesign,C103689,control,2025-06-09,0,0.0
EXP001_checkout_redesign,C103375,treatment,2025-06-22,0,0.0
