date,channel,campaign,spend,impressions,clicks,conversions
2023-01-01,Google Ads,Search_Generic,5711.53,7046,186,9
2023-01-01,Google Ads,Shopping_Ads,10945.95,11614,316,11
2023-01-01,Google Ads,Display_Retarget,550.23,3181,18,1
2023-01-01,Meta Ads,IG_Retarget,769.09,1193,23,0
2023-01-01,YouTube Ads,YT_Skippable,905.73,5707,28,1
2023-01-01,YouTube Ads,YT_Bumper,6296.49,5300,165,5
2023-01-01,Email,Weekly_Newsletter,995.67,3357,115,4
2023-01-01,Email,Cart_Recovery,102.63,1486,25,0
2023-01-01,Email,Win_Back,542.12,1482,28,1
2023-01-01,Organic Search,SEO_Blog,428.35,1098,16,0
2023-01-01,Organic Search,SEO_Category,456.09,4035,121,2
2023-01-01,Direct,Direct_Traffic,269.07,3566,64,2
2023-01-02,Google Ads,Search_Generic,931.06,6445,58,2
2023-01-02,Google Ads,Display_Retarget,1043.25,3457,149,1
2023-01-02,Meta Ads,FB_Prospecting,2648.49,5064,63,3
2023-01-02,Meta Ads,IG_Retarget,2052.92,2952,70,2
2023-01-02,Meta Ads,FB_Lookalike,11596.18,13844,383,14
2023-01-02,Email,Weekly_Newsletter,1312.88,5981,35,0
2023-01-02,Email,Cart_Recovery,3569.79,4846,100,1
2023-01-02,Email,Win_Back,2378.83,4038,99,2
2023-01-02,Affiliate,Affiliate_Network_B,6717.58,15788,196,6
2023-01-02,Referral,Referral_Program,472.11,1897,54,1
2023-01-02,Direct,Direct_Traffic,162.32,1516,38,2
2023-01-03,Google Ads,Search_Brand,524.07,6428,53,0
2023-01-03,Meta Ads,FB_Prospecting,6193.12,6576,187,3
2023-01-03,Meta Ads,IG_Retarget,1044.39,2098,58,4
2023-01-03,Meta Ads,FB_Lookalike,2450.36,13580,254,18
2023-01-03,YouTube Ads,YT_Skippable,1841.0,1720,55,2
2023-01-03,Email,Weekly_Newsletter,5664.45,6175,212,11
2023-01-03,Email,Win_Back,1712.69,3612,81,4
2023-01-03,Organic Search,SEO_Blog,86.65,5719,104,1
2023-01-03,Organic Search,SEO_Category,,2381,106,7
2023-01-03,Affiliate,Affiliate_Network_A,11154.26,7574,294,22
2023-01-03,Affiliate,Affiliate_Network_B,8438.53,12296,412,5
2023-01-03,Referral,Referral_Program,225.69,1236,36,2
2023-01-03,Direct,Direct_Traffic,345.0,9584,373,26
2023-01-04,Google Ads,Search_Generic,4475.74,5198,123,3
2023-01-04,Google Ads,Shopping_Ads,983.95,2205,57,2
2023-01-04,Google Ads,Display_Retarget,7122.31,11879,235,4
2023-01-04,Meta Ads,FB_Prospecting,6686.71,10607,474,17
2023-01-04,Meta Ads,IG_Retarget,513.0,2449,43,1
2023-01-04,Meta Ads,FB_Lookalike,2365.16,5300,129,1
2023-01-04,YouTube Ads,YT_Skippable,1058.99,1702,67,1
2023-01-04,YouTube Ads,YT_Bumper,38.42,93,3,0
2023-01-04,Email,Cart_Recovery,4581.8,7327,106,2
2023-01-04,Email,Win_Back,5232.11,6037,198,8
2023-01-04,Organic Search,SEO_Category,176.0,17579,561,19
2023-01-04,Affiliate,Affiliate_Network_B,1977.13,5025,120,7
2023-01-04,Direct,Direct_Traffic,386.39,6460,169,7
2023-01-05,Google Ads,Search_Brand,1458.71,2434,49,1
2023-01-05,Google Ads,Shopping_Ads,564.93,2665,43,3
2023-01-05,Google Ads,Display_Retarget,6694.11,5086,154,5
2023-01-05,Meta Ads,IG_Retarget,2813.88,2678,107,6
2023-01-05,Meta Ads,FB_Lookalike,4223.58,8281,259,4
2023-01-05,YouTube Ads,YT_Skippable,848.53,1601,28,0
2023-01-05,YouTube Ads,YT_Bumper,1430.65,4515,190,9
2023-01-05,Email,Weekly_Newsletter,1009.29,2812,53,2
2023-01-05,Email,Cart_Recovery,3283.45,4568,73,3
2023-01-05,Organic Search,SEO_Blog,239.5,6259,111,3
2023-01-05,Organic Search,SEO_Category,175.92,5346,116,5
2023-01-05,Affiliate,Affiliate_Network_A,895.19,1244,27,1
2023-01-05,Affiliate,Affiliate_Network_B,1468.87,3186,33,0
2023-01-06,Google Ads,Search_Brand,323.06,1736,10,0
2023-01-06,Google Ads,Search_Generic,816.69,4073,47,1
2023-01-06,Google Ads,Shopping_Ads,9585.33,8658,256,19
2023-01-06,Google Ads,Display_Retarget,4708.2,9058,139,10
2023-01-06,Meta Ads,IG_Retarget,3481.99,6753,141,1
2023-01-06,Meta Ads,FB_Lookalike,1859.18,4597,187,13
2023-01-06,YouTube Ads,YT_Skippable,5120.07,4946,115,4
2023-01-06,YouTube Ads,YT_Bumper,9790.66,17730,374,17
2023-01-06,Email,Weekly_Newsletter,701.38,451,17,0
2023-01-06,Email,Cart_Recovery,1530.75,7721,59,4
2023-01-06,Affiliate,Affiliate_Network_A,1602.99,8704,161,10
2023-01-06,Referral,Referral_Program,473.56,17690,688,13
2023-01-06,Direct,Direct_Traffic,308.05,4783,50,3
2023-01-07,Google Ads,Search_Generic,4974.84,7876,113,6
2023-01-07,Google Ads,Shopping_Ads,1252.37,10808,163,2
2023-01-07,Google Ads,Display_Retarget,14376.69,9901,334,18
2023-01-07,Meta Ads,FB_Prospecting,1168.89,2404,29,0
2023-01-07,Meta Ads,IG_Retarget,4474.24,18973,385,14
2023-01-07,Meta Ads,FB_Lookalike,1622.32,6159,104,4
2023-01-07,YouTube Ads,YT_Bumper,6676.96,7090,163,7
2023-01-07,Email,Cart_Recovery,19546.38,10231,439,20
2023-01-07,Email,Win_Back,5261.43,9813,320,9
2023-01-07,Organic Search,SEO_Blog,31.01,8382,319,17
2023-01-07,Organic Search,SEO_Category,22.74,7817,320,16
2023-01-07,Affiliate,Affiliate_Network_A,613.04,1928,49,1
2023-01-07,Affiliate,Affiliate_Network_B,699.94,11146,95,3
2023-01-07,Direct,Direct_Traffic,398.75,5225,203,6
2023-01-08,Google Ads,Search_Brand,3806.96,8357,109,5
2023-01-08,Google Ads,Shopping_Ads,15052.97,8306,344,20
2023-01-08,Google Ads,Display_Retarget,1205.47,11697,176,11
2023-01-08,Meta Ads,FB_Prospecting,936.33,4787,47,1
2023-01-08,Meta Ads,IG_Retarget,5043.38,5972,185,13
2023-01-08,YouTube Ads,YT_Skippable,1154.46,4581,55,2
2023-01-08,YouTube Ads,YT_Bumper,2969.57,3503,74,2
2023-01-08,Email,Weekly_Newsletter,1404.92,4252,79,3
2023-01-08,Email,Cart_Recovery,1156.08,3188,55,4
2023-01-08,Email,Win_Back,4728.01,4727,137,7
2023-01-08,Affiliate,Affiliate_Network_A,,6743,243,17
2023-01-08,Affiliate,Affiliate_Network_B,14000.82,15012,423,9
2023-01-08,Referral,Referral_Program,339.07,20424,311,23
2023-01-08,Direct,Direct_Traffic,,2957,130,1
2023-01-09,Google Ads,Search_Brand,1939.83,3685,60,4
2023-01-09,Google Ads,Search_Generic,1309.4,2323,36,1
2023-01-09,Google Ads,Shopping_Ads,2782.9,10325,165,3
2023-01-09,Meta Ads,FB_Prospecting,1943.66,14957,356,23
2023-01-09,Meta Ads,IG_Retarget,6625.52,6587,187,13
2023-01-09,Meta Ads,FB_Lookalike,90.5,1474,8,0
2023-01-09,YouTube Ads,YT_Skippable,1378.41,5356,47,0
2023-01-09,YouTube Ads,YT_Bumper,3803.14,6860,164,9
2023-01-09,Email,Cart_Recovery,240.54,2385,30,0
2023-01-09,Email,Win_Back,6483.16,10293,228,2
2023-01-09,Affiliate,Affiliate_Network_A,8454.59,7416,297,20
2023-01-09,Referral,Referral_Program,154.17,3991,86,5
2023-01-09,Direct,Direct_Traffic,40.45,3960,60,0
2023-01-10,Google Ads,Search_Brand,6578.49,12275,194,2
2023-01-10,Google Ads,Shopping_Ads,1389.39,5186,66,3
2023-01-10,Google Ads,Display_Retarget,475.78,1900,24,0
2023-01-10,Meta Ads,FB_Prospecting,6517.8,3565,159,2
2023-01-10,Meta Ads,FB_Lookalike,5080.24,3625,152,1
2023-01-10,YouTube Ads,YT_Skippable,1571.38,1162,45,3
2023-01-10,YouTube Ads,YT_Bumper,3079.35,2537,76,4
2023-01-10,Email,Weekly_Newsletter,1676.44,4462,96,6
2023-01-10,Email,Cart_Recovery,515.09,969,43,3
2023-01-10,Organic Search,SEO_Blog,252.97,6905,58,1
2023-01-10,Organic Search,SEO_Category,377.63,1395,36,0
2023-01-10,Affiliate,Affiliate_Network_A,917.86,7223,58,2
2023-01-10,Affiliate,Affiliate_Network_B,3338.84,3442,115,6
2023-01-10,Referral,Referral_Program,142.83,5811,253,8
2023-01-10,Direct,Direct_Traffic,100.05,1701,40,1
2023-01-11,Google Ads,Search_Brand,155.6,6257,45,1
2023-01-11,Google Ads,Search_Generic,43677.33,26511,1114,69
2023-01-11,Google Ads,Shopping_Ads,1905.09,3055,44,1
2023-01-11,Meta Ads,IG_Retarget,5793.34,5910,207,16
2023-01-11,Meta Ads,FB_Lookalike,5532.63,9583,330,23
2023-01-11,YouTube Ads,YT_Skippable,3743.45,4082,147,7
2023-01-11,YouTube Ads,YT_Bumper,7427.45,6341,211,3
2023-01-11,Email,Weekly_Newsletter,392.81,1699,14,0
2023-01-11,Email,Cart_Recovery,15519.65,10535,377,29
2023-01-11,Email,Win_Back,1074.89,7597,50,1
2023-01-11,Organic Search,SEO_Blog,337.43,8962,346,4
2023-01-11,Organic Search,SEO_Category,117.99,9709,215,9
2023-01-11,Affiliate,Affiliate_Network_A,919.68,2345,49,2
2023-01-11,Affiliate,Affiliate_Network_B,2769.02,4253,87,5
2023-01-11,Referral,Referral_Program,171.52,1949,66,2
2023-01-12,Google Ads,Search_Brand,639.24,5331,27,1
2023-01-12,Google Ads,Search_Generic,1222.46,2378,85,1
2023-01-12,Google Ads,Shopping_Ads,867.82,2669,46,2
2023-01-12,Google Ads,Display_Retarget,1003.52,2690,74,1
2023-01-12,Meta Ads,FB_Prospecting,2852.7,4252,106,1
2023-01-12,Meta Ads,IG_Retarget,188.83,574,9,0
2023-01-12,Meta Ads,FB_Lookalike,998.01,3112,117,3
2023-01-12,YouTube Ads,YT_Skippable,358.36,1085,28,1
2023-01-12,YouTube Ads,YT_Bumper,5823.48,4814,169,4
2023-01-12,Organic Search,SEO_Blog,51.73,426,15,0
2023-01-12,Organic Search,SEO_Category,390.87,2865,30,0
2023-01-12,Affiliate,Affiliate_Network_A,2512.34,10569,415,8
2023-01-12,Affiliate,Affiliate_Network_B,138.95,4450,45,2
2023-01-12,Referral,Referral_Program,3.83,14331,132,5
2023-01-12,Direct,Direct_Traffic,322.09,759,8,0
2023-01-13,Google Ads,Search_Brand,17509.6,12626,401,14
2023-01-13,Google Ads,Search_Generic,1514.75,2784,118,4
2023-01-13,Google Ads,Shopping_Ads,2223.92,1789,59,3
2023-01-13,Google Ads,Display_Retarget,7068.11,13566,195,5
2023-01-13,Meta Ads,FB_Prospecting,394.58,2776,38,2
2023-01-13,Meta Ads,FB_Lookalike,4646.73,3300,144,6
2023-01-13,YouTube Ads,YT_Skippable,2715.93,6331,186,3
2023-01-13,YouTube Ads,YT_Bumper,,9209,202,9
2023-01-13,Email,Cart_Recovery,,2243,79,1
2023-01-13,Email,Win_Back,194.82,1694,13,0
2023-01-13,Organic Search,SEO_Blog,253.37,7586,112,4
2023-01-13,Organic Search,SEO_Category,184.94,20025,401,13
2023-01-13,Affiliate,Affiliate_Network_A,1710.74,5167,41,2
2023-01-13,Referral,Referral_Program,459.13,24003,613,15
2023-01-14,Google Ads,Search_Brand,711.93,1061,26,1
2023-01-14,Google Ads,Search_Generic,1169.77,6680,45,3
2023-01-14,Google Ads,Shopping_Ads,576.5,4043,40,1
2023-01-14,Meta Ads,IG_Retarget,2322.91,4522,112,4
2023-01-14,Meta Ads,FB_Lookalike,41.89,328,3,0
2023-01-14,YouTube Ads,YT_Skippable,9775.91,5971,218,17
2023-01-14,Email,Weekly_Newsletter,21834.74,16964,679,9
2023-01-14,Email,Cart_Recovery,10538.16,9303,252,5
2023-01-14,Email,Win_Back,2484.61,8144,202,9
2023-01-14,Organic Search,SEO_Blog,182.93,8718,112,2
2023-01-14,Organic Search,SEO_Category,492.51,5794,31,1
2023-01-14,Affiliate,Affiliate_Network_A,1512.06,9351,115,2
2023-01-14,Affiliate,Affiliate_Network_B,3474.2,2891,110,8
2023-01-14,Referral,Referral_Program,207.46,3829,123,6
2023-01-14,Direct,Direct_Traffic,491.38,1273,12,0
2023-01-15,Google Ads,Search_Generic,1665.25,1979,79,5
2023-01-15,Google Ads,Shopping_Ads,1122.05,709,27,0
2023-01-15,Google Ads,Display_Retarget,742.83,4673,126,3
2023-01-15,Meta Ads,FB_Prospecting,1525.42,4974,58,3
2023-01-15,Meta Ads,IG_Retarget,4042.12,7772,328,15
2023-01-15,YouTube Ads,YT_Bumper,21894.55,24164,909,44
2023-01-15,Email,Weekly_Newsletter,4758.93,7003,294,5
2023-01-15,Email,Cart_Recovery,1048.91,2549,37,1
2023-01-15,Email,Win_Back,5478.18,6438,244,2
2023-01-15,Organic Search,SEO_Blog,374.16,2717,115,3
2023-01-15,Organic Search,SEO_Category,426.16,576,7,0
2023-01-15,Affiliate,Affiliate_Network_A,2455.31,1589,57,4
2023-01-15,Affiliate,Affiliate_Network_B,4056.48,4896,121,7
2023-01-15,Referral,Referral_Program,73.07,2441,82,5
2023-01-15,Direct,Direct_Traffic,88.96,5673,95,6
2023-01-16,Google Ads,Search_Brand,8432.24,12074,356,16
2023-01-16,Google Ads,Search_Generic,6457.89,8084,165,5
2023-01-16,Google Ads,Shopping_Ads,311.03,6578,84,1
2023-01-16,Google Ads,Display_Retarget,14297.71,10637,343,8
2023-01-16,Meta Ads,FB_Prospecting,2349.71,3711,130,3
2023-01-16,Meta Ads,IG_Retarget,10013.68,7616,290,5
2023-01-16,YouTube Ads,YT_Skippable,1446.21,1735,69,1
2023-01-16,YouTube Ads,YT_Bumper,2766.22,2377,88,1
2023-01-16,Email,Weekly_Newsletter,10889.64,8535,343,7
2023-01-16,Email,Cart_Recovery,4860.75,4761,200,7
2023-01-16,Affiliate,Affiliate_Network_A,9467.72,5848,212,16
2023-01-16,Affiliate,Affiliate_Network_B,4080.39,6108,91,2
2023-01-16,Direct,Direct_Traffic,438.75,3745,163,7
2023-01-17,Google Ads,Search_Brand,2449.07,5943,100,5
2023-01-17,Google Ads,Display_Retarget,1261.44,10212,56,4
2023-01-17,Meta Ads,FB_Lookalike,9672.53,10142,276,20
2023-01-17,Email,Weekly_Newsletter,5261.19,5690,174,12
2023-01-17,Email,Cart_Recovery,10739.76,6980,279,11
2023-01-17,Organic Search,SEO_Category,188.5,8219,131,8
2023-01-17,Direct,Direct_Traffic,308.49,3571,136,8
2023-01-18,Google Ads,Search_Brand,2089.41,4740,140,9
2023-01-18,Google Ads,Search_Generic,1441.33,2793,100,4
2023-01-18,Google Ads,Shopping_Ads,9203.35,7662,229,4
2023-01-18,Meta Ads,FB_Prospecting,1584.45,4311,68,3
2023-01-18,YouTube Ads,YT_Bumper,290.92,1016,43,2
2023-01-18,Email,Weekly_Newsletter,906.99,5872,126,4
2023-01-18,Email,Cart_Recovery,4987.91,5720,120,7
2023-01-18,Email,Win_Back,1525.04,1871,43,1
2023-01-18,Organic Search,SEO_Blog,38.94,4998,129,8
2023-01-18,Organic Search,SEO_Category,194.89,1910,15,0
2023-01-18,Affiliate,Affiliate_Network_A,869.11,1690,26,0
2023-01-18,Referral,Referral_Program,490.1,4220,144,2
2023-01-18,Direct,Direct_Traffic,216.98,3460,48,1
2023-01-19,Google Ads,Search_Brand,887.24,1361,35,0
2023-01-19,Google Ads,Shopping_Ads,7822.56,9526,395,19
2023-01-19,Meta Ads,FB_Prospecting,13887.25,14020,559,27
2023-01-19,Meta Ads,FB_Lookalike,1449.17,5746,76,4
2023-01-19,YouTube Ads,YT_Skippable,800.92,4502,162,7
2023-01-19,Email,Win_Back,10307.34,15963,417,9
2023-01-19,Organic Search,SEO_Blog,99.19,4233,118,7
2023-01-19,Organic Search,SEO_Category,258.01,7612,253,13
2023-01-19,Referral,Referral_Program,10.62,6355,269,15
2023-01-19,Direct,Direct_Traffic,298.11,1463,32,0
2023-01-20,Google Ads,Search_Brand,9175.78,16395,639,8
2023-01-20,Google Ads,Shopping_Ads,1198.61,4254,133,8
2023-01-20,Google Ads,Display_Retarget,245.78,1859,9,0
2023-01-20,Meta Ads,IG_Retarget,3714.04,12653,260,14
2023-01-20,YouTube Ads,YT_Skippable,4200.78,7478,315,17
2023-01-20,YouTube Ads,YT_Bumper,7887.01,15311,626,40
2023-01-20,Email,Win_Back,1221.05,5873,237,15
2023-01-20,Organic Search,SEO_Blog,10.31,14024,509,18
2023-01-20,Organic Search,SEO_Category,478.62,15778,446,9
2023-01-20,Affiliate,Affiliate_Network_A,3349.05,2600,87,6
2023-01-20,Referral,Referral_Program,37.62,12105,314,12
2023-01-21,Google Ads,Search_Brand,2138.37,3891,48,3
2023-01-21,Google Ads,Shopping_Ads,848.12,1531,19,0
2023-01-21,Google Ads,Display_Retarget,8568.22,12901,220,4
2023-01-21,Meta Ads,IG_Retarget,16527.84,15379,423,16
2023-01-21,Meta Ads,FB_Lookalike,10027.78,9597,322,23
2023-01-21,YouTube Ads,YT_Skippable,2860.56,4459,111,4
2023-01-21,Email,Weekly_Newsletter,2982.39,5554,190,3
2023-01-21,Email,Cart_Recovery,1610.74,9067,357,3
2023-01-21,Email,Win_Back,6568.76,9494,243,9
2023-01-21,Affiliate,Affiliate_Network_A,6340.21,7909,296,22
2023-01-21,Affiliate,Affiliate_Network_B,7074.34,16632,174,7
2023-01-21,Referral,Referral_Program,130.67,14035,95,6
2023-01-21,Direct,Direct_Traffic,468.72,5994,150,8
2023-01-22,Google Ads,Search_Brand,524.64,4163,103,4
2023-01-22,Google Ads,Search_Generic,12437.44,13308,384,5
2023-01-22,Google Ads,Shopping_Ads,2031.3,5393,170,4
2023-01-22,Google Ads,Display_Retarget,2678.78,2682,74,4
2023-01-22,Meta Ads,FB_Prospecting,2059.31,4106,84,1
2023-01-22,Meta Ads,IG_Retarget,1921.87,3182,85,1
2023-01-22,Meta Ads,FB_Lookalike,9460.31,7932,237,11
2023-01-22,YouTube Ads,YT_Skippable,5470.08,12535,218,13
2023-01-22,YouTube Ads,YT_Bumper,980.23,2344,84,3
2023-01-22,Email,Cart_Recovery,2351.21,6220,83,4
2023-01-22,Organic Search,SEO_Blog,197.15,1421,14,1
2023-01-22,Affiliate,Affiliate_Network_A,10318.92,12792,407,30
2023-01-22,Affiliate,Affiliate_Network_B,6431.4,31165,913,14
2023-01-22,Referral,Referral_Program,292.46,9026,181,11
2023-01-23,Google Ads,Search_Brand,2087.25,3784,139,5
2023-01-23,Google Ads,Search_Generic,2530.78,13198,237,3
2023-01-23,Google Ads,Shopping_Ads,1434.91,2626,60,3
2023-01-23,Google Ads,Display_Retarget,1693.22,2766,53,3
2023-01-23,Meta Ads,FB_Prospecting,570.42,2797,43,2
2023-01-23,Meta Ads,IG_Retarget,2897.24,8405,206,10
2023-01-23,Meta Ads,FB_Lookalike,3513.07,9511,199,13
2023-01-23,YouTube Ads,YT_Skippable,5135.86,11663,149,4
2023-01-23,Email,Weekly_Newsletter,783.79,3390,97,3
2023-01-23,Organic Search,SEO_Blog,305.26,6312,39,0
2023-01-23,Organic Search,SEO_Category,83.47,820,8,0
2023-01-23,Affiliate,Affiliate_Network_A,1881.65,3307,90,4
2023-01-23,Affiliate,Affiliate_Network_B,280.21,1883,25,0
2023-01-23,Referral,Referral_Program,371.45,5678,160,6
2023-01-23,Direct,Direct_Traffic,209.98,1586,15,0
2023-01-24,Google Ads,Search_Brand,6291.01,6926,276,18
2023-01-24,Google Ads,Search_Generic,425.31,5765,106,1
2023-01-24,Meta Ads,FB_Prospecting,11719.83,23780,355,3
2023-01-24,Meta Ads,IG_Retarget,536.76,4497,57,1
2023-01-24,YouTube Ads,YT_Skippable,1833.87,4899,146,9
2023-01-24,YouTube Ads,YT_Bumper,3968.74,4683,160,9
2023-01-24,Email,Weekly_Newsletter,866.18,3067,30,1
2023-01-24,Email,Win_Back,6185.26,8295,361,10
2023-01-24,Organic Search,SEO_Blog,278.68,6114,177,9
2023-01-24,Affiliate,Affiliate_Network_B,604.14,10876,175,3
2023-01-24,Referral,Referral_Program,64.58,3476,29,0
2023-01-24,Direct,Direct_Traffic,483.71,6975,50,2
2023-01-25,Google Ads,Search_Brand,2970.56,3947,148,4
2023-01-25,Google Ads,Shopping_Ads,236.79,1360,25,0
2023-01-25,Google Ads,Display_Retarget,6135.98,6221,158,6
2023-01-25,Meta Ads,FB_Prospecting,188.34,686,12,0
2023-01-25,Meta Ads,IG_Retarget,8921.27,22211,210,5
2023-01-25,YouTube Ads,YT_Skippable,1563.97,1191,47,0
2023-01-25,Email,Weekly_Newsletter,6346.12,8987,257,15
2023-01-25,Email,Cart_Recovery,3072.64,6348,100,5
2023-01-25,Email,Win_Back,1832.26,1192,50,0
2023-01-25,Organic Search,SEO_Blog,449.87,367,6,0
2023-01-25,Affiliate,Affiliate_Network_A,1730.82,961,41,3
2023-01-25,Referral,Referral_Program,259.28,5499,152,3
2023-01-25,Direct,Direct_Traffic,317.48,263,11,0
2023-01-26,Google Ads,Search_Brand,1432.36,9580,53,3
2023-01-26,Meta Ads,IG_Retarget,1026.15,1911,81,2
2023-01-26,Meta Ads,FB_Lookalike,743.94,5536,37,2
2023-01-26,YouTube Ads,YT_Skippable,2144.01,4576,177,2
2023-01-26,YouTube Ads,YT_Bumper,3155.53,4347,84,6
2023-01-26,Email,Weekly_Newsletter,22391.1,21902,679,19
2023-01-26,Organic Search,SEO_Blog,262.1,6350,244,16
2023-01-26,Organic Search,SEO_Category,410.87,5185,76,5
2023-01-26,Referral,Referral_Program,80.99,4001,85,1
2023-01-26,Direct,Direct_Traffic,173.3,5251,32,2
2023-01-27,Google Ads,Search_Brand,1127.19,6737,49,3
2023-01-27,Google Ads,Display_Retarget,3781.71,3813,113,3
2023-01-27,Meta Ads,IG_Retarget,1000.91,4361,117,2
2023-01-27,Meta Ads,FB_Lookalike,1127.0,2161,57,2
2023-01-27,YouTube Ads,YT_Bumper,462.26,6749,39,0
2023-01-27,Organic Search,SEO_Category,307.79,2628,101,2
2023-01-27,Affiliate,Affiliate_Network_A,1110.63,6147,118,3
2023-01-27,Affiliate,Affiliate_Network_B,1070.8,2641,114,7
2023-01-28,Google Ads,Search_Brand,7362.35,12834,532,20
2023-01-28,Google Ads,Display_Retarget,1774.78,12511,338,8
2023-01-28,Meta Ads,IG_Retarget,5076.69,12236,122,4
2023-01-28,Meta Ads,FB_Lookalike,2953.52,5756,108,5
2023-01-28,YouTube Ads,YT_Bumper,1114.6,1241,41,0
2023-01-28,Email,Win_Back,1165.91,6284,113,6
2023-01-28,Organic Search,SEO_Blog,495.58,7828,272,15
2023-01-28,Organic Search,SEO_Category,480.21,2123,68,1
2023-01-28,Affiliate,Affiliate_Network_A,8043.37,4524,186,14
2023-01-28,Affiliate,Affiliate_Network_B,,13799,509,25
2023-01-28,Referral,Referral_Program,292.79,7644,115,6
2023-01-29,Google Ads,Shopping_Ads,7459.28,7850,200,15
2023-01-29,Google Ads,Display_Retarget,11767.18,12236,456,33
2023-01-29,Meta Ads,FB_Prospecting,1698.33,10059,160,6
2023-01-29,Meta Ads,IG_Retarget,1135.03,5703,30,0
2023-01-29,Meta Ads,FB_Lookalike,3625.55,5676,148,5
2023-01-29,YouTube Ads,YT_Skippable,,8915,94,4
2023-01-29,Email,Weekly_Newsletter,1173.9,1585,55,2
2023-01-29,Email,Cart_Recovery,8492.01,4695,195,8
2023-01-29,Organic Search,SEO_Blog,302.81,2814,41,3
2023-01-29,Affiliate,Affiliate_Network_B,5038.9,9125,177,4
2023-01-29,Direct,Direct_Traffic,111.89,8947,108,3
2023-01-30,Google Ads,Search_Brand,1123.97,5756,93,5
2023-01-30,Google Ads,Search_Generic,3879.04,9009,97,7
2023-01-30,Google Ads,Shopping_Ads,3883.81,19233,691,52
2023-01-30,Google Ads,Display_Retarget,814.23,3975,160,3
2023-01-30,Meta Ads,FB_Prospecting,5675.47,9627,172,5
2023-01-30,Meta Ads,IG_Retarget,1652.0,8728,128,1
2023-01-30,Meta Ads,FB_Lookalike,4124.46,3373,148,6
2023-01-30,YouTube Ads,YT_Skippable,3804.28,3098,120,8
2023-01-30,YouTube Ads,YT_Bumper,1197.14,934,29,1
2023-01-30,Email,Cart_Recovery,2383.23,5576,55,2
2023-01-30,Email,Win_Back,815.9,4165,149,1
2023-01-30,Organic Search,SEO_Category,59.87,12711,90,5
2023-01-30,Referral,Referral_Program,64.78,9291,176,13
2023-01-30,Direct,Direct_Traffic,390.42,5222,101,4
2023-01-31,Google Ads,Search_Brand,547.31,2507,22,0
2023-01-31,Google Ads,Search_Generic,5093.55,4713,131,6
2023-01-31,Google Ads,Shopping_Ads,1215.91,3126,98,5
2023-01-31,Google Ads,Display_Retarget,6945.79,14653,223,7
2023-01-31,Meta Ads,FB_Prospecting,1992.79,10024,72,4
2023-01-31,Meta Ads,FB_Lookalike,8205.55,11931,268,19
2023-01-31,YouTube Ads,YT_Skippable,2819.9,2266,64,3
2023-01-31,YouTube Ads,YT_Bumper,3641.83,6483,283,5
2023-01-31,Email,Win_Back,4138.36,7074,206,12
2023-01-31,Organic Search,SEO_Blog,46.68,6991,204,6
2023-01-31,Organic Search,SEO_Category,263.71,1349,15,0
2023-01-31,Affiliate,Affiliate_Network_A,6470.98,13913,354,20
2023-01-31,Affiliate,Affiliate_Network_B,1424.38,5916,74,5
2023-01-31,Referral,Referral_Program,94.29,2902,59,2
2023-01-31,Direct,Direct_Traffic,138.38,12037,250,15
2023-02-01,Google Ads,Search_Generic,415.39,1315,22,1
2023-02-01,Google Ads,Display_Retarget,747.54,4965,25,1
2023-02-01,Meta Ads,FB_Prospecting,1426.48,6081,125,6
2023-02-01,Meta Ads,FB_Lookalike,201.43,381,6,0
2023-02-01,YouTube Ads,YT_Skippable,,1369,12,0
2023-02-01,YouTube Ads,YT_Bumper,1004.46,7542,285,18
2023-02-01,Email,Weekly_Newsletter,8192.21,8251,277,4
2023-02-01,Email,Cart_Recovery,503.5,1674,54,2
2023-02-01,Organic Search,SEO_Blog,35.96,5370,28,0
2023-02-01,Affiliate,Affiliate_Network_A,6719.95,7914,342,3
2023-02-01,Affiliate,Affiliate_Network_B,2844.57,6613,80,2
2023-02-01,Direct,Direct_Traffic,289.77,7131,106,1
2023-02-02,Google Ads,Search_Brand,1142.48,2549,34,2
2023-02-02,Meta Ads,FB_Prospecting,13973.26,8476,335,5
2023-02-02,Meta Ads,IG_Retarget,3174.14,2410,97,4
2023-02-02,Meta Ads,FB_Lookalike,,13233,315,18
2023-02-02,YouTube Ads,YT_Skippable,926.75,1850,49,2
2023-02-02,Email,Cart_Recovery,2616.32,3307,109,1
2023-02-02,Email,Win_Back,5398.69,7858,148,11
2023-02-02,Organic Search,SEO_Category,25.93,184,3,0
2023-02-02,Affiliate,Affiliate_Network_A,1299.04,7799,143,9
2023-02-02,Referral,Referral_Program,355.75,7353,174,3
2023-02-02,Direct,Direct_Traffic,181.16,5007,75,3
2023-02-03,Google Ads,Search_Brand,33.85,1530,8,0
2023-02-03,Google Ads,Shopping_Ads,2113.42,4450,124,4
2023-02-03,Google Ads,Display_Retarget,974.07,5706,125,3
2023-02-03,Meta Ads,FB_Prospecting,3043.89,6417,95,1
2023-02-03,Meta Ads,FB_Lookalike,8005.78,18091,208,11
2023-02-03,YouTube Ads,YT_Skippable,598.13,4602,147,7
2023-02-03,YouTube Ads,YT_Bumper,19266.98,16461,592,14
2023-02-03,Email,Weekly_Newsletter,11096.94,12045,267,8
2023-02-03,Email,Cart_Recovery,2165.91,11133,420,33
2023-02-03,Organic Search,SEO_Blog,396.69,6191,208,3
2023-02-03,Organic Search,SEO_Category,475.98,10316,155,2
2023-02-03,Affiliate,Affiliate_Network_A,602.09,649,14,0
2023-02-03,Affiliate,Affiliate_Network_B,414.87,887,32,1
2023-02-03,Referral,Referral_Program,205.56,16629,291,19
2023-02-04,Google Ads,Search_Brand,8196.54,11373,212,5
2023-02-04,Google Ads,Search_Generic,3568.25,3883,154,10
2023-02-04,Google Ads,Shopping_Ads,488.41,10390,120,4
2023-02-04,Google Ads,Display_Retarget,8958.04,8405,241,10
2023-02-04,Meta Ads,FB_Prospecting,545.89,2558,55,4
2023-02-04,Meta Ads,IG_Retarget,149.29,570,9,0
2023-02-04,Meta Ads,FB_Lookalike,4940.49,5234,216,10
2023-02-04,YouTube Ads,YT_Skippable,1293.98,1837,35,1
2023-02-04,Email,Cart_Recovery,3201.63,19061,239,10
2023-02-04,Organic Search,SEO_Blog,38.54,8251,44,3
2023-02-04,Organic Search,SEO_Category,115.53,5291,32,2
2023-02-04,Affiliate,Affiliate_Network_B,807.38,5981,122,8
2023-02-04,Referral,Referral_Program,386.15,1916,14,0
2023-02-05,Google Ads,Search_Generic,4402.98,13500,271,13
2023-02-05,Google Ads,Shopping_Ads,16807.77,10038,375,23
2023-02-05,Google Ads,Display_Retarget,1381.31,1974,31,2
2023-02-05,Meta Ads,FB_Prospecting,1043.56,2700,24,0
2023-02-05,Meta Ads,IG_Retarget,1140.41,4416,61,3
2023-02-05,Meta Ads,FB_Lookalike,7417.49,6260,171,4
2023-02-05,YouTube Ads,YT_Skippable,367.67,3161,29,1
2023-02-05,Email,Win_Back,1357.71,6284,72,4
2023-02-05,Organic Search,SEO_Category,31.15,7045,56,1
2023-02-05,Affiliate,Affiliate_Network_A,313.74,1896,13,0
2023-02-05,Affiliate,Affiliate_Network_B,,6993,133,5
2023-02-06,Google Ads,Search_Brand,15140.7,15875,422,9
2023-02-06,Google Ads,Search_Generic,1409.23,14029,79,2
2023-02-06,Google Ads,Shopping_Ads,4763.8,2632,115,5
2023-02-06,Google Ads,Display_Retarget,860.08,2537,71,3
2023-02-06,Meta Ads,FB_Prospecting,3848.08,7828,194,8
2023-02-06,Meta Ads,IG_Retarget,4740.56,7712,127,3
2023-02-06,Meta Ads,FB_Lookalike,1899.26,10948,99,7
2023-02-06,YouTube Ads,YT_Bumper,468.84,683,11,0
2023-02-06,Email,Cart_Recovery,3952.05,12280,177,6
2023-02-06,Email,Win_Back,2361.15,1802,79,3
2023-02-06,Organic Search,SEO_Category,224.26,4863,106,3
2023-02-06,Affiliate,Affiliate_Network_A,12819.72,7706,335,22
2023-02-06,Affiliate,Affiliate_Network_B,,1543,20,1
2023-02-06,Referral,Referral_Program,319.94,4133,185,6
2023-02-07,Google Ads,Search_Brand,5668.11,8611,170,2
2023-02-07,Google Ads,Search_Generic,1033.53,1762,27,1
2023-02-07,Google Ads,Shopping_Ads,12033.98,7021,313,23
2023-02-07,Meta Ads,FB_Prospecting,2167.63,10537,238,10
2023-02-07,YouTube Ads,YT_Bumper,5410.17,7314,313,11
2023-02-07,Email,Weekly_Newsletter,560.68,1882,28,1
2023-02-07,Email,Cart_Recovery,1116.21,827,31,0
2023-02-07,Email,Win_Back,9960.65,5407,232,10
2023-02-07,Organic Search,SEO_Blog,29.26,3709,160,8
2023-02-07,Organic Search,SEO_Category,375.33,4547,170,5
2023-02-07,Affiliate,Affiliate_Network_A,11055.13,9434,378,10
2023-02-07,Affiliate,Affiliate_Network_B,2543.99,3843,73,0
2023-02-07,Referral,Referral_Program,147.52,5435,182,4
2023-02-07,Direct,Direct_Traffic,242.83,3064,57,1
2023-02-08,Google Ads,Search_Generic,637.85,8250,114,5
2023-02-08,Meta Ads,FB_Prospecting,3271.26,8876,296,21
2023-02-08,Meta Ads,IG_Retarget,424.72,3878,32,1
2023-02-08,Meta Ads,FB_Lookalike,,9203,180,11
2023-02-08,YouTube Ads,YT_Skippable,3063.7,2000,78,0
2023-02-08,YouTube Ads,YT_Bumper,5164.05,4213,168,3
2023-02-08,Email,Weekly_Newsletter,311.42,1266,7,0
2023-02-08,Email,Win_Back,7455.03,4205,186,9
2023-02-08,Organic Search,SEO_Blog,59.15,5713,123,4
2023-02-08,Affiliate,Affiliate_Network_A,3734.89,6279,265,4
2023-02-08,Affiliate,Affiliate_Network_B,1406.36,4338,163,10
2023-02-08,Referral,Referral_Program,436.16,12191,244,9
2023-02-08,Direct,Direct_Traffic,135.73,1794,10,0
2023-02-09,Google Ads,Search_Brand,2019.42,2500,57,1
2023-02-09,Google Ads,Search_Generic,705.05,3899,138,6
2023-02-09,Google Ads,Shopping_Ads,4956.02,8096,161,10
2023-02-09,Google Ads,Display_Retarget,2261.37,7797,73,4
2023-02-09,Meta Ads,FB_Prospecting,4647.57,8936,317,23
2023-02-09,Meta Ads,IG_Retarget,1143.18,4183,51,1
2023-02-09,Meta Ads,FB_Lookalike,906.84,5927,44,2
2023-02-09,YouTube Ads,YT_Skippable,1114.14,1933,55,0
2023-02-09,YouTube Ads,YT_Bumper,4136.9,6047,126,7
2023-02-09,Email,Cart_Recovery,200.81,3302,59,3
2023-02-09,Email,Win_Back,5608.46,6025,147,8
2023-02-09,Affiliate,Affiliate_Network_A,1562.53,2001,65,1
2023-02-09,Referral,Referral_Program,75.42,2732,93,3
2023-02-09,Direct,Direct_Traffic,94.05,427,7,0
2023-02-10,Google Ads,Search_Brand,1997.6,16801,87,0
2023-02-10,Google Ads,Search_Generic,1410.77,1939,46,1
2023-02-10,Meta Ads,FB_Prospecting,13614.57,11678,470,12
2023-02-10,Meta Ads,IG_Retarget,1095.31,7877,118,4
2023-02-10,Meta Ads,FB_Lookalike,434.04,619,18,0
2023-02-10,YouTube Ads,YT_Skippable,1420.87,7968,149,3
2023-02-10,YouTube Ads,YT_Bumper,8314.32,10032,242,16
2023-02-10,Email,Weekly_Newsletter,374.23,4382,22,0
2023-02-10,Email,Win_Back,524.94,1779,23,0
2023-02-10,Organic Search,SEO_Blog,234.96,8356,356,7
2023-02-10,Affiliate,Affiliate_Network_A,185.12,807,5,0
2023-02-10,Affiliate,Affiliate_Network_B,366.06,301,12,0
2023-02-11,Google Ads,Search_Brand,9840.37,7192,249,15
2023-02-11,Google Ads,Search_Generic,2180.08,5588,174,7
2023-02-11,Google Ads,Shopping_Ads,3156.63,8665,162,8
2023-02-11,Google Ads,Display_Retarget,4304.92,14948,99,2
2023-02-11,Meta Ads,FB_Prospecting,956.05,2452,59,1
2023-02-11,Meta Ads,IG_Retarget,531.61,1754,37,1
2023-02-11,Meta Ads,FB_Lookalike,3197.36,8455,140,7
2023-02-11,YouTube Ads,YT_Skippable,558.84,5918,85,5
2023-02-11,Email,Win_Back,3344.03,11776,500,21
2023-02-11,Organic Search,SEO_Blog,471.05,2156,39,0
2023-02-11,Organic Search,SEO_Category,265.26,9723,286,17
2023-02-11,Affiliate,Affiliate_Network_B,2130.83,6123,204,13
2023-02-11,Referral,Referral_Program,276.8,3724,95,5
2023-02-11,Direct,Direct_Traffic,487.41,6469,64,0
2023-02-12,Google Ads,Shopping_Ads,1360.46,8488,49,0
2023-02-12,Meta Ads,FB_Prospecting,491.11,2461,69,2
2023-02-12,Meta Ads,IG_Retarget,394.94,2405,45,2
2023-02-12,Meta Ads,FB_Lookalike,270.91,1853,49,1
2023-02-12,YouTube Ads,YT_Bumper,4711.85,7534,222,11
2023-02-12,Email,Cart_Recovery,517.06,7953,121,5
2023-02-12,Organic Search,SEO_Blog,225.29,2236,93,3
2023-02-12,Organic Search,SEO_Category,281.19,2572,95,1
2023-02-12,Affiliate,Affiliate_Network_A,418.46,2108,44,3
2023-02-12,Direct,Direct_Traffic,456.43,19613,656,37
2023-02-13,Google Ads,Search_Generic,6925.99,12125,253,9
2023-02-13,Google Ads,Shopping_Ads,1929.71,9708,311,24
2023-02-13,Meta Ads,FB_Prospecting,924.71,8723,148,8
2023-02-13,Meta Ads,IG_Retarget,1357.69,5365,67,2
2023-02-13,Meta Ads,FB_Lookalike,1168.79,3128,87,2
2023-02-13,YouTube Ads,YT_Skippable,4707.11,3725,149,2
2023-02-13,YouTube Ads,YT_Bumper,2047.9,3831,131,7
2023-02-13,Email,Weekly_Newsletter,2618.5,2659,67,4
2023-02-13,Email,Cart_Recovery,2606.23,9981,296,19
2023-02-13,Email,Win_Back,1858.07,2959,70,3
2023-02-13,Organic Search,SEO_Blog,120.6,2117,81,3
2023-02-13,Affiliate,Affiliate_Network_B,1080.96,4544,131,3
2023-02-13,Referral,Referral_Program,381.79,16684,568,27
2023-02-14,Google Ads,Search_Brand,615.66,3615,147,9
2023-02-14,Google Ads,Display_Retarget,3319.59,10701,79,1
2023-02-14,Meta Ads,FB_Prospecting,17326.39,10526,420,15
2023-02-14,Meta Ads,IG_Retarget,12405.13,13487,534,30
2023-02-14,YouTube Ads,YT_Skippable,18855.94,12449,535,27
2023-02-14,Email,Cart_Recovery,266.56,2115,43,2
2023-02-14,Email,Win_Back,533.59,382,14,0
2023-02-14,Organic Search,SEO_Blog,367.14,10246,114,4
2023-02-14,Organic Search,SEO_Category,445.22,5234,233,9
2023-02-14,Affiliate,Affiliate_Network_B,926.05,8720,152,3
2023-02-14,Referral,Referral_Program,482.89,5134,142,6
2023-02-14,Direct,Direct_Traffic,188.39,2859,46,1
2023-02-15,Google Ads,Search_Brand,8591.59,11811,408,17
2023-02-15,Google Ads,Search_Generic,9540.87,9552,373,20
2023-02-15,Google Ads,Display_Retarget,2763.46,6860,68,1
2023-02-15,Meta Ads,IG_Retarget,1945.36,15991,93,5
2023-02-15,YouTube Ads,YT_Skippable,806.09,6030,219,17
2023-02-15,Email,Weekly_Newsletter,23299.14,13845,580,42
2023-02-15,Email,Cart_Recovery,611.45,1601,43,2
2023-02-15,Email,Win_Back,2087.61,13214,76,5
2023-02-15,Organic Search,SEO_Category,16.55,1390,7,0
2023-02-15,Affiliate,Affiliate_Network_A,1595.01,3244,90,3
2023-02-15,Affiliate,Affiliate_Network_B,1568.67,3995,60,4
2023-02-15,Direct,Direct_Traffic,273.84,8749,171,11
2023-02-16,Google Ads,Search_Brand,1693.32,3253,73,4
2023-02-16,Google Ads,Search_Generic,3546.45,4665,113,2
2023-02-16,Google Ads,Display_Retarget,5417.33,6487,280,5
2023-02-16,Meta Ads,IG_Retarget,877.3,1718,48,1
2023-02-16,Meta Ads,FB_Lookalike,1569.72,2992,110,2
2023-02-16,YouTube Ads,YT_Skippable,3079.27,8698,215,7
2023-02-16,YouTube Ads,YT_Bumper,5207.33,4747,183,13
2023-02-16,Email,Cart_Recovery,3825.27,23835,120,5
2023-02-16,Email,Win_Back,699.51,1377,24,1
2023-02-16,Organic Search,SEO_Blog,385.6,1842,35,2
2023-02-16,Organic Search,SEO_Category,164.02,6184,124,6
2023-02-16,Affiliate,Affiliate_Network_B,2690.67,1621,64,4
2023-02-16,Referral,Referral_Program,379.68,13520,226,12
2023-02-16,Direct,Direct_Traffic,461.65,4161,40,1
2023-02-17,Google Ads,Search_Generic,677.24,1435,58,2
2023-02-17,Google Ads,Shopping_Ads,2165.4,1500,63,4
2023-02-17,Meta Ads,FB_Prospecting,14007.73,12591,414,12
2023-02-17,Meta Ads,IG_Retarget,5279.51,7503,253,18
2023-02-17,Meta Ads,FB_Lookalike,1521.14,4780,143,6
2023-02-17,YouTube Ads,YT_Skippable,4800.41,5151,150,8
2023-02-17,Email,Weekly_Newsletter,3220.1,6559,83,3
2023-02-17,Email,Cart_Recovery,483.62,3907,130,1
2023-02-17,Organic Search,SEO_Category,75.8,4919,144,5
2023-02-17,Affiliate,Affiliate_Network_A,1751.05,1627,41,1
2023-02-17,Affiliate,Affiliate_Network_B,,1202,43,0
2023-02-17,Referral,Referral_Program,255.24,833,18,0
2023-02-17,Direct,Direct_Traffic,125.67,901,33,1
2023-02-18,Google Ads,Search_Brand,6516.0,11801,508,18
2023-02-18,Google Ads,Display_Retarget,337.68,7536,91,7
2023-02-18,Meta Ads,IG_Retarget,5885.49,9000,168,8
2023-02-18,Meta Ads,FB_Lookalike,6052.22,10738,284,6
2023-02-18,YouTube Ads,YT_Skippable,8250.92,8573,335,15
2023-02-18,YouTube Ads,YT_Bumper,6994.5,9165,286,20
2023-02-18,Email,Cart_Recovery,405.75,8511,84,4
2023-02-18,Email,Win_Back,1471.44,3937,53,0
2023-02-18,Organic Search,SEO_Blog,371.98,308,13,0
2023-02-18,Organic Search,SEO_Category,251.06,5925,265,10
2023-02-18,Affiliate,Affiliate_Network_B,1913.98,1653,43,2
2023-02-18,Referral,Referral_Program,229.48,11594,70,0
2023-02-19,Google Ads,Search_Brand,1775.57,12637,72,4
2023-02-19,Google Ads,Search_Generic,,94,1,0
2023-02-19,Google Ads,Display_Retarget,2017.2,4751,184,11
2023-02-19,Meta Ads,FB_Prospecting,1085.16,5720,49,0
2023-02-19,Meta Ads,FB_Lookalike,1460.41,3195,88,1
2023-02-19,YouTube Ads,YT_Bumper,2151.02,13102,161,2
2023-02-19,Email,Cart_Recovery,11806.7,6047,264,16
2023-02-19,Email,Win_Back,14339.35,16116,543,11
2023-02-19,Organic Search,SEO_Blog,381.31,12945,553,8
2023-02-19,Organic Search,SEO_Category,81.22,4036,58,3
2023-02-19,Affiliate,Affiliate_Network_A,1049.39,7260,36,1
2023-02-19,Affiliate,Affiliate_Network_B,8500.25,5267,196,2
2023-02-19,Direct,Direct_Traffic,463.29,4258,167,7
2023-02-20,Google Ads,Search_Brand,3008.42,6800,93,7
2023-02-20,Google Ads,Search_Generic,6101.69,12222,276,12
2023-02-20,Google Ads,Display_Retarget,1477.37,1947,85,3
2023-02-20,Meta Ads,FB_Prospecting,1804.77,9809,125,2
2023-02-20,Meta Ads,IG_Retarget,1974.49,1636,58,3
2023-02-20,Meta Ads,FB_Lookalike,1177.44,5133,143,3
2023-02-20,YouTube Ads,YT_Skippable,229.7,1046,18,1
2023-02-20,YouTube Ads,YT_Bumper,9172.07,9120,240,10
2023-02-20,Email,Weekly_Newsletter,6263.84,6711,248,19
2023-02-20,Organic Search,SEO_Blog,59.27,6704,108,1
2023-02-20,Organic Search,SEO_Category,165.0,9465,407,5
2023-02-20,Referral,Referral_Program,257.36,13104,128,3
2023-02-20,Direct,Direct_Traffic,456.25,4626,28,1
2023-02-21,Google Ads,Search_Generic,8884.51,11611,443,35
2023-02-21,Google Ads,Shopping_Ads,2723.78,7860,309,23
2023-02-21,Google Ads,Display_Retarget,476.52,2197,20,0
2023-02-21,Meta Ads,FB_Prospecting,4288.91,5003,127,4
2023-02-21,Meta Ads,IG_Retarget,5315.39,8825,371,4
2023-02-21,Meta Ads,FB_Lookalike,232.41,1669,56,3
2023-02-21,YouTube Ads,YT_Skippable,5842.53,7763,139,3
2023-02-21,YouTube Ads,YT_Bumper,1032.96,766,24,1
2023-02-21,Email,Weekly_Newsletter,2629.2,2684,61,1
2023-02-21,Email,Cart_Recovery,1919.12,6150,51,1
2023-02-21,Organic Search,SEO_Blog,400.77,3041,31,1
2023-02-21,Organic Search,SEO_Category,159.07,5123,66,3
2023-02-21,Direct,Direct_Traffic,160.07,3644,122,3
2023-02-22,Google Ads,Search_Generic,7538.4,5336,221,5
2023-02-22,Google Ads,Display_Retarget,1242.85,8741,61,4
2023-02-22,Meta Ads,FB_Prospecting,1917.62,3748,86,2
2023-02-22,Meta Ads,IG_Retarget,949.13,2597,28,0
2023-02-22,Meta Ads,FB_Lookalike,1171.55,4143,33,1
2023-02-22,YouTube Ads,YT_Skippable,3875.58,3770,110,8
2023-02-22,Email,Weekly_Newsletter,3590.01,3984,149,6
2023-02-22,Email,Win_Back,1196.02,2993,66,1
2023-02-22,Organic Search,SEO_Blog,219.24,16819,92,1
2023-02-22,Organic Search,SEO_Category,128.83,5386,39,1
2023-02-22,Affiliate,Affiliate_Network_A,4232.36,9031,95,2
2023-02-22,Referral,Referral_Program,304.98,1312,15,0
2023-02-23,Google Ads,Search_Brand,5613.87,4664,192,14
2023-02-23,Google Ads,Search_Generic,359.91,2083,75,3
2023-02-23,Google Ads,Shopping_Ads,3506.26,6402,80,5
2023-02-23,Meta Ads,FB_Prospecting,560.24,6780,76,2
2023-02-23,YouTube Ads,YT_Skippable,3240.16,2364,78,3
2023-02-23,Email,Weekly_Newsletter,3922.19,4731,97,5
2023-02-23,Email,Cart_Recovery,2318.79,3461,114,3
2023-02-23,Organic Search,SEO_Blog,286.76,7044,314,24
2023-02-23,Organic Search,SEO_Category,443.5,4482,93,5
2023-02-23,Affiliate,Affiliate_Network_A,1565.78,9002,292,4
2023-02-24,Google Ads,Search_Brand,681.05,4592,130,5
2023-02-24,Google Ads,Shopping_Ads,390.51,801,22,0
2023-02-24,Meta Ads,FB_Prospecting,3479.31,4033,89,5
2023-02-24,Meta Ads,IG_Retarget,2845.48,6716,190,11
2023-02-24,YouTube Ads,YT_Skippable,10070.23,7630,291,20
2023-02-24,YouTube Ads,YT_Bumper,6870.42,10428,397,28
2023-02-24,Email,Weekly_Newsletter,13238.09,8865,326,20
2023-02-24,Email,Cart_Recovery,2761.91,10814,278,15
2023-02-24,Email,Win_Back,1865.2,2376,79,2
2023-02-24,Organic Search,SEO_Blog,100.26,7453,109,1
2023-02-24,Organic Search,SEO_Category,211.95,723,15,0
2023-02-24,Affiliate,Affiliate_Network_B,10209.22,9621,346,12
2023-02-24,Referral,Referral_Program,360.24,17143,711,47
2023-02-25,Google Ads,Search_Generic,1499.73,1405,40,2
2023-02-25,Google Ads,Display_Retarget,3384.81,4478,187,10
2023-02-25,Meta Ads,IG_Retarget,2575.79,4653,96,3
2023-02-25,Meta Ads,FB_Lookalike,5169.12,8723,118,6
2023-02-25,YouTube Ads,YT_Skippable,411.77,2285,13,0
2023-02-25,YouTube Ads,YT_Bumper,1893.01,7320,155,8
2023-02-25,Email,Cart_Recovery,1335.18,3857,38,2
2023-02-25,Email,Win_Back,158.33,1136,7,0
2023-02-25,Organic Search,SEO_Blog,183.97,1610,48,2
2023-02-25,Organic Search,SEO_Category,376.52,732,18,0
2023-02-25,Affiliate,Affiliate_Network_A,2041.16,6758,111,5
2023-02-25,Referral,Referral_Program,308.23,3139,77,4
2023-02-25,Direct,Direct_Traffic,379.12,6941,218,12
2023-02-26,Google Ads,Search_Brand,553.84,3902,107,6
2023-02-26,Google Ads,Search_Generic,1121.64,4728,50,0
2023-02-26,Google Ads,Display_Retarget,95.33,1686,20,0
2023-02-26,Meta Ads,FB_Prospecting,9557.03,9566,300,8
2023-02-26,Meta Ads,FB_Lookalike,3431.0,4889,143,10
2023-02-26,YouTube Ads,YT_Skippable,502.92,3344,18,1
2023-02-26,YouTube Ads,YT_Bumper,3577.15,2806,87,5
2023-02-26,Email,Weekly_Newsletter,1498.21,2064,72,5
2023-02-26,Email,Win_Back,13220.82,14196,423,30
2023-02-26,Organic Search,SEO_Blog,83.5,7251,144,2
2023-02-26,Organic Search,SEO_Category,459.42,5927,62,1
2023-02-26,Affiliate,Affiliate_Network_A,16565.57,20014,380,27
2023-02-26,Affiliate,Affiliate_Network_B,2339.07,7969,102,2
2023-02-26,Referral,Referral_Program,136.89,2204,98,7
2023-02-26,Direct,Direct_Traffic,249.45,6177,157,5
2023-02-27,Google Ads,Search_Brand,15325.81,11935,424,30
2023-02-27,Google Ads,Search_Generic,2884.63,6185,118,8
2023-02-27,Google Ads,Shopping_Ads,1107.97,4485,183,11
2023-02-27,Google Ads,Display_Retarget,6078.85,3337,137,9
2023-02-27,Meta Ads,IG_Retarget,5109.7,5574,232,15
2023-02-27,Meta Ads,FB_Lookalike,14253.18,7953,355,21
2023-02-27,YouTube Ads,YT_Skippable,6044.6,7054,158,4
2023-02-27,YouTube Ads,YT_Bumper,5109.73,3115,125,2
2023-02-27,Email,Cart_Recovery,1612.75,5962,121,4
2023-02-27,Email,Win_Back,404.94,767,10,0
2023-02-27,Organic Search,SEO_Category,115.81,2606,93,6
2023-02-27,Affiliate,Affiliate_Network_A,,2786,109,6
2023-02-27,Affiliate,Affiliate_Network_B,1542.83,6518,206,14
2023-02-27,Referral,Referral_Program,405.05,2456,25,0
2023-02-27,Direct,Direct_Traffic,145.85,1793,74,1
2023-02-28,Google Ads,Search_Brand,1395.3,1279,49,2
2023-02-28,Google Ads,Search_Generic,19626.56,14277,565,6
2023-02-28,Google Ads,Shopping_Ads,1370.11,1315,31,0
2023-02-28,Google Ads,Display_Retarget,2102.48,2048,50,0
2023-02-28,Meta Ads,FB_Prospecting,1947.95,5520,232,10
2023-02-28,Meta Ads,IG_Retarget,6587.35,12852,167,4
2023-02-28,YouTube Ads,YT_Skippable,5141.68,4803,145,6
2023-02-28,YouTube Ads,YT_Bumper,475.67,3310,16,0
2023-02-28,Email,Weekly_Newsletter,7097.42,11102,239,16
2023-02-28,Email,Cart_Recovery,,4016,101,2
2023-02-28,Email,Win_Back,1061.84,2125,34,1
2023-02-28,Organic Search,SEO_Blog,438.14,3515,127,9
2023-02-28,Affiliate,Affiliate_Network_B,3414.69,7562,133,6
2023-02-28,Referral,Referral_Program,252.48,5682,173,5
2023-02-28,Direct,Direct_Traffic,205.96,10199,94,3
2023-03-01,Google Ads,Shopping_Ads,1347.0,2716,62,4
2023-03-01,Google Ads,Display_Retarget,338.45,7323,92,3
2023-03-01,Meta Ads,FB_Prospecting,1884.28,5040,108,4
2023-03-01,Meta Ads,IG_Retarget,7621.59,9205,182,9
2023-03-01,Meta Ads,FB_Lookalike,3991.12,7575,245,13
2023-03-01,YouTube Ads,YT_Skippable,5892.95,9130,203,5
2023-03-01,Email,Weekly_Newsletter,658.66,3102,21,0
2023-03-01,Email,Cart_Recovery,1028.03,5820,130,2
2023-03-01,Email,Win_Back,425.65,4395,22,1
2023-03-01,Organic Search,SEO_Blog,353.61,4583,174,3
2023-03-01,Referral,Referral_Program,454.27,4038,97,5
2023-03-01,Direct,Direct_Traffic,432.23,5389,38,1
2023-03-02,Meta Ads,FB_Prospecting,682.38,1816,27,1
2023-03-02,Meta Ads,IG_Retarget,521.35,3502,89,7
2023-03-02,YouTube Ads,YT_Bumper,955.68,2142,41,0
2023-03-02,Email,Weekly_Newsletter,485.44,1829,67,4
2023-03-02,Email,Cart_Recovery,5454.88,5777,203,4
2023-03-02,Email,Win_Back,,9405,380,16
2023-03-02,Organic Search,SEO_Blog,228.9,737,32,1
2023-03-02,Organic Search,SEO_Category,101.37,2769,114,3
2023-03-02,Affiliate,Affiliate_Network_B,695.46,2374,75,1
2023-03-02,Direct,Direct_Traffic,63.28,8055,335,18
2023-03-03,Google Ads,Display_Retarget,6844.09,8055,360,7
2023-03-03,Meta Ads,FB_Lookalike,941.06,2482,87,2
2023-03-03,YouTube Ads,YT_Skippable,2605.15,1620,69,3
2023-03-03,YouTube Ads,YT_Bumper,8803.04,19736,297,23
2023-03-03,Email,Cart_Recovery,2721.97,5665,64,3
2023-03-03,Email,Win_Back,1942.72,4599,155,5
2023-03-03,Organic Search,SEO_Category,323.06,6372,40,1
2023-03-03,Direct,Direct_Traffic,366.47,2321,76,1
2023-03-04,Google Ads,Search_Generic,1070.4,9286,106,6
2023-03-04,Google Ads,Display_Retarget,2695.86,2873,90,6
2023-03-04,Meta Ads,FB_Prospecting,10808.92,12187,504,14
2023-03-04,Meta Ads,IG_Retarget,4269.32,6780,129,8
2023-03-04,Meta Ads,FB_Lookalike,2316.6,3617,77,3
2023-03-04,YouTube Ads,YT_Skippable,985.29,3589,115,9
2023-03-04,YouTube Ads,YT_Bumper,1645.9,1128,49,1
2023-03-04,Email,Weekly_Newsletter,157.9,935,9,0
2023-03-04,Email,Win_Back,1440.44,8767,111,4
2023-03-04,Organic Search,SEO_Blog,113.73,3680,151,10
2023-03-04,Affiliate,Affiliate_Network_A,3048.89,2356,83,2
2023-03-04,Referral,Referral_Program,166.42,11067,465,34
2023-03-04,Direct,Direct_Traffic,175.29,6516,222,6
2023-03-05,Google Ads,Display_Retarget,4954.54,7018,138,5
2023-03-05,Meta Ads,FB_Prospecting,284.9,3492,45,3
2023-03-05,Meta Ads,IG_Retarget,3599.22,4669,122,2
2023-03-05,YouTube Ads,YT_Skippable,3695.61,4430,85,3
2023-03-05,YouTube Ads,YT_Bumper,7063.87,6102,185,9
2023-03-05,Email,Weekly_Newsletter,5095.17,5012,204,8
2023-03-05,Email,Cart_Recovery,8579.46,11050,329,25
2023-03-05,Email,Win_Back,8417.47,6937,265,20
2023-03-05,Organic Search,SEO_Blog,31.43,11287,199,10
2023-03-05,Organic Search,SEO_Category,410.46,5781,134,3
2023-03-05,Affiliate,Affiliate_Network_B,2653.75,19615,833,44
2023-03-05,Referral,Referral_Program,178.82,2922,17,1
2023-03-05,Direct,Direct_Traffic,158.62,3774,75,2
2023-03-06,Google Ads,Search_Generic,77.3,1962,21,1
2023-03-06,Meta Ads,IG_Retarget,11901.98,10220,271,16
2023-03-06,YouTube Ads,YT_Skippable,1005.13,7691,43,1
2023-03-06,YouTube Ads,YT_Bumper,9467.65,13554,252,11
2023-03-06,Email,Weekly_Newsletter,1797.58,8486,342,14
2023-03-06,Email,Cart_Recovery,1343.8,6744,137,7
2023-03-06,Email,Win_Back,1854.13,5832,188,14
2023-03-06,Organic Search,SEO_Category,45.53,2034,55,1
2023-03-06,Affiliate,Affiliate_Network_B,3496.9,8346,225,13
2023-03-06,Referral,Referral_Program,338.12,5990,231,3
2023-03-06,Direct,Direct_Traffic,317.07,7327,53,3
2023-03-07,Google Ads,Search_Brand,730.81,1773,67,3
2023-03-07,Google Ads,Search_Generic,83.99,504,4,0
2023-03-07,Google Ads,Shopping_Ads,4625.99,6933,181,11
2023-03-07,Google Ads,Display_Retarget,370.97,9123,93,3
2023-03-07,Meta Ads,IG_Retarget,272.32,1538,29,1
2023-03-07,Meta Ads,FB_Lookalike,868.81,1454,28,1
2023-03-07,YouTube Ads,YT_Skippable,3559.61,3622,100,1
2023-03-07,YouTube Ads,YT_Bumper,2046.34,2618,106,1
2023-03-07,Email,Weekly_Newsletter,168.47,978,7,0
2023-03-07,Email,Cart_Recovery,1885.75,7546,336,15
2023-03-07,Email,Win_Back,1118.03,3697,49,1
2023-03-07,Organic Search,SEO_Blog,322.18,6295,107,3
2023-03-07,Organic Search,SEO_Category,45.69,3805,30,2
2023-03-07,Referral,Referral_Program,496.15,8399,219,9
2023-03-08,Google Ads,Shopping_Ads,2992.58,10196,115,1
2023-03-08,Google Ads,Display_Retarget,1416.98,3957,92,2
2023-03-08,Meta Ads,FB_Prospecting,5222.74,6801,154,9
2023-03-08,Meta Ads,IG_Retarget,456.04,4059,21,0
2023-03-08,Meta Ads,FB_Lookalike,965.91,1028,28,1
2023-03-08,YouTube Ads,YT_Skippable,1668.8,4386,93,6
2023-03-08,YouTube Ads,YT_Bumper,4174.95,9401,195,4
2023-03-08,Email,Cart_Recovery,4107.56,4866,165,11
2023-03-08,Email,Win_Back,1922.39,5065,211,5
2023-03-08,Organic Search,SEO_Blog,486.22,8222,258,18
2023-03-08,Organic Search,SEO_Category,335.87,2915,60,1
2023-03-08,Affiliate,Affiliate_Network_A,80.68,900,4,0
2023-03-08,Affiliate,Affiliate_Network_B,2686.43,2868,76,3
2023-03-08,Referral,Referral_Program,328.88,15764,216,15
2023-03-09,Google Ads,Search_Brand,8094.33,10279,394,4
2023-03-09,Google Ads,Search_Generic,635.76,5915,44,2
2023-03-09,Google Ads,Display_Retarget,2433.84,3046,89,3
2023-03-09,Meta Ads,FB_Prospecting,15869.28,16944,357,8
2023-03-09,Meta Ads,FB_Lookalike,918.32,5776,67,3
2023-03-09,YouTube Ads,YT_Bumper,2392.29,4922,185,11
2023-03-09,Email,Weekly_Newsletter,7163.25,19340,342,15
2023-03-09,Email,Cart_Recovery,9477.77,5857,225,5
2023-03-09,Affiliate,Affiliate_Network_B,2699.09,3088,68,5
2023-03-10,Google Ads,Search_Generic,700.37,5510,38,1
2023-03-10,Google Ads,Shopping_Ads,4907.64,8349,147,9
2023-03-10,Google Ads,Display_Retarget,12847.74,17571,509,38
2023-03-10,Meta Ads,FB_Prospecting,849.9,4306,54,4
2023-03-10,Meta Ads,IG_Retarget,231.93,4654,50,1
2023-03-10,YouTube Ads,YT_Skippable,2732.98,6090,91,1
2023-03-10,Email,Weekly_Newsletter,1455.82,3357,77,1
2023-03-10,Email,Cart_Recovery,3870.89,10819,254,7
2023-03-10,Organic Search,SEO_Category,252.9,9833,147,8
2023-03-10,Affiliate,Affiliate_Network_A,426.5,1935,82,2
2023-03-10,Affiliate,Affiliate_Network_B,326.1,2877,24,1
2023-03-10,Direct,Direct_Traffic,459.63,6993,132,10
2023-03-11,Google Ads,Search_Brand,2012.57,3083,114,8
2023-03-11,Google Ads,Shopping_Ads,1392.77,5798,52,1
2023-03-11,Meta Ads,IG_Retarget,14912.66,18556,450,34
2023-03-11,Meta Ads,FB_Lookalike,358.94,7512,37,1
2023-03-11,YouTube Ads,YT_Skippable,3047.04,3623,133,8
2023-03-11,Email,Cart_Recovery,2592.33,2044,86,4
2023-03-11,Email,Win_Back,2068.49,2025,78,5
2023-03-11,Organic Search,SEO_Blog,52.96,8640,284,3
2023-03-11,Organic Search,SEO_Category,233.15,2924,76,5
2023-03-11,Affiliate,Affiliate_Network_A,654.29,1384,29,1
2023-03-11,Referral,Referral_Program,164.34,2501,75,4
2023-03-11,Direct,Direct_Traffic,433.99,419,2,0
2023-03-12,Google Ads,Search_Generic,3555.22,7640,216,11
2023-03-12,Google Ads,Shopping_Ads,729.73,2095,27,1
2023-03-12,Google Ads,Display_Retarget,832.68,1486,21,0
2023-03-12,Meta Ads,IG_Retarget,4445.1,8800,135,4
2023-03-12,Meta Ads,FB_Lookalike,1204.02,2082,46,0
2023-03-12,YouTube Ads,YT_Bumper,581.47,3077,46,2
2023-03-12,Email,Weekly_Newsletter,2332.12,8753,390,8
2023-03-12,Email,Cart_Recovery,2709.27,4505,84,5
2023-03-12,Email,Win_Back,2549.94,6499,80,1
2023-03-12,Organic Search,SEO_Category,189.03,1686,70,1
2023-03-12,Affiliate,Affiliate_Network_B,216.67,1309,40,1
2023-03-13,Google Ads,Search_Brand,2664.93,5124,112,6
2023-03-13,Google Ads,Shopping_Ads,1156.08,3343,73,5
2023-03-13,Meta Ads,FB_Prospecting,1218.88,21855,165,4
2023-03-13,Meta Ads,IG_Retarget,1639.98,13901,306,16
2023-03-13,YouTube Ads,YT_Skippable,2395.53,6804,79,2
2023-03-13,YouTube Ads,YT_Bumper,10920.28,9751,368,28
2023-03-13,Email,Cart_Recovery,837.58,3513,20,1
2023-03-13,Organic Search,SEO_Category,402.65,1400,49,1
2023-03-13,Affiliate,Affiliate_Network_A,2277.01,2667,52,0
2023-03-13,Affiliate,Affiliate_Network_B,788.38,2150,75,1
2023-03-13,Referral,Referral_Program,476.59,3537,98,7
2023-03-13,Direct,Direct_Traffic,373.32,6680,134,2
2023-03-14,Google Ads,Search_Brand,516.18,4484,125,9
2023-03-14,Google Ads,Search_Generic,4140.13,3296,134,4
2023-03-14,Meta Ads,FB_Prospecting,6143.35,7190,175,4
2023-03-14,Meta Ads,FB_Lookalike,1274.4,1443,56,4
2023-03-14,YouTube Ads,YT_Skippable,1164.33,5749,74,2
2023-03-14,Email,Weekly_Newsletter,358.47,12284,109,2
2023-03-14,Email,Cart_Recovery,7016.36,7123,317,22
2023-03-14,Organic Search,SEO_Blog,273.01,9884,213,9
2023-03-14,Affiliate,Affiliate_Network_B,3306.12,2451,92,6
2023-03-14,Direct,Direct_Traffic,78.12,3360,73,4
2023-03-15,Google Ads,Search_Brand,2149.75,4732,54,0
2023-03-15,Google Ads,Search_Generic,2818.01,2678,75,3
2023-03-15,Google Ads,Shopping_Ads,48.48,807,16,0
2023-03-15,Meta Ads,FB_Prospecting,2726.03,5433,230,2
2023-03-15,Meta Ads,IG_Retarget,587.78,6537,45,2
2023-03-15,Meta Ads,FB_Lookalike,8652.69,10351,436,34
2023-03-15,YouTube Ads,YT_Skippable,12045.41,6560,292,14
2023-03-15,YouTube Ads,YT_Bumper,1185.45,5126,154,6
2023-03-15,Email,Weekly_Newsletter,4010.35,9946,220,9
2023-03-15,Email,Cart_Recovery,19349.87,15265,433,19
2023-03-15,Organic Search,SEO_Blog,110.56,12678,106,7
2023-03-15,Affiliate,Affiliate_Network_B,4965.81,4601,169,5
2023-03-16,Google Ads,Search_Brand,3140.49,10275,218,13
2023-03-16,Google Ads,Search_Generic,6949.36,6845,161,11
2023-03-16,Google Ads,Display_Retarget,782.81,1306,28,0
2023-03-16,Meta Ads,FB_Prospecting,11195.53,10702,267,9
2023-03-16,Meta Ads,FB_Lookalike,4078.03,7831,140,4
2023-03-16,YouTube Ads,YT_Skippable,3302.16,2881,80,4
2023-03-16,YouTube Ads,YT_Bumper,2204.78,6139,221,12
2023-03-16,Email,Cart_Recovery,1760.83,3660,92,3
2023-03-16,Email,Win_Back,887.45,6370,230,5
2023-03-16,Organic Search,SEO_Blog,91.32,6428,35,0
2023-03-16,Organic Search,SEO_Category,209.18,15149,136,4
2023-03-16,Affiliate,Affiliate_Network_B,3653.58,8805,221,7
2023-03-16,Direct,Direct_Traffic,408.33,10456,366,14
2023-03-17,Google Ads,Search_Brand,3557.98,5336,158,3
2023-03-17,Google Ads,Search_Generic,2771.14,8881,166,13
2023-03-17,Google Ads,Shopping_Ads,920.09,4350,59,1
2023-03-17,Google Ads,Display_Retarget,3300.09,11567,365,4
2023-03-17,Meta Ads,IG_Retarget,2774.39,3924,142,3
2023-03-17,YouTube Ads,YT_Skippable,1973.96,7093,316,23
2023-03-17,YouTube Ads,YT_Bumper,3923.7,8824,341,7
2023-03-17,Email,Cart_Recovery,3550.64,2185,89,2
2023-03-17,Email,Win_Back,3300.63,3020,104,1
2023-03-17,Organic Search,SEO_Blog,0.47,3148,126,6
2023-03-17,Organic Search,SEO_Category,326.39,1982,25,1
2023-03-17,Affiliate,Affiliate_Network_A,720.85,971,25,1
2023-03-17,Affiliate,Affiliate_Network_B,2789.3,2231,78,4
2023-03-17,Direct,Direct_Traffic,91.8,3634,123,3
2023-03-18,Google Ads,Search_Brand,6325.47,7502,199,8
2023-03-18,Google Ads,Search_Generic,2114.78,5185,135,5
2023-03-18,Meta Ads,FB_Prospecting,4239.28,10847,96,5
2023-03-18,YouTube Ads,YT_Bumper,6103.91,19028,774,21
2023-03-18,Email,Weekly_Newsletter,7445.4,10005,412,23
2023-03-18,Organic Search,SEO_Blog,412.53,3621,35,0
2023-03-18,Organic Search,SEO_Category,247.09,7463,269,10
2023-03-18,Affiliate,Affiliate_Network_A,3617.6,4733,83,1
2023-03-18,Affiliate,Affiliate_Network_B,14935.42,9945,400,22
2023-03-18,Referral,Referral_Program,28.86,4787,121,5
2023-03-18,Direct,Direct_Traffic,136.95,2447,88,6
2023-03-19,Google Ads,Search_Brand,7308.0,9642,341,17
2023-03-19,Google Ads,Shopping_Ads,364.01,1172,48,0
2023-03-19,Meta Ads,IG_Retarget,2902.76,2574,101,1
2023-03-19,Meta Ads,FB_Lookalike,416.43,2755,14,0
2023-03-19,Email,Weekly_Newsletter,3018.84,12741,242,12
2023-03-19,Email,Cart_Recovery,2370.44,3631,89,5
2023-03-19,Email,Win_Back,1362.85,4347,119,5
2023-03-19,Organic Search,SEO_Blog,272.84,2771,53,3
2023-03-19,Affiliate,Affiliate_Network_B,3081.17,6269,114,6
2023-03-19,Referral,Referral_Program,209.9,8262,172,3
2023-03-19,Direct,Direct_Traffic,423.67,2850,88,3
2023-03-20,Google Ads,Search_Generic,2989.81,5058,114,3
2023-03-20,Google Ads,Shopping_Ads,1001.59,4273,103,2
2023-03-20,Google Ads,Display_Retarget,8240.64,9763,290,20
2023-03-20,Meta Ads,FB_Prospecting,292.75,1705,11,0
2023-03-20,Meta Ads,IG_Retarget,1018.14,1659,25,0
2023-03-20,Meta Ads,FB_Lookalike,5634.85,9021,213,5
2023-03-20,YouTube Ads,YT_Skippable,794.93,2775,36,2
2023-03-20,Email,Cart_Recovery,5868.51,8199,222,2
2023-03-20,Organic Search,SEO_Category,44.81,2933,32,0
2023-03-20,Affiliate,Affiliate_Network_A,4359.82,5720,180,7
2023-03-20,Referral,Referral_Program,83.01,5975,207,12
2023-03-21,Google Ads,Search_Generic,616.76,3348,83,2
2023-03-21,Meta Ads,FB_Prospecting,1758.88,3658,119,6
2023-03-21,Meta Ads,IG_Retarget,505.59,1850,19,0
2023-03-21,Meta Ads,FB_Lookalike,1323.33,3888,54,3
2023-03-21,YouTube Ads,YT_Skippable,2969.66,3231,108,7
2023-03-21,YouTube Ads,YT_Bumper,719.08,1125,42,0
2023-03-21,Email,Cart_Recovery,184.47,734,20,1
2023-03-21,Email,Win_Back,3723.24,3680,101,4
2023-03-21,Referral,Referral_Program,23.4,1769,20,1
2023-03-21,Direct,Direct_Traffic,308.83,9716,101,3
2023-03-22,Google Ads,Search_Generic,540.62,8458,131,5
2023-03-22,Meta Ads,IG_Retarget,1925.73,3290,116,7
2023-03-22,YouTube Ads,YT_Skippable,2190.7,7210,207,9
2023-03-22,YouTube Ads,YT_Bumper,4134.09,5017,197,8
2023-03-22,Email,Win_Back,14206.54,10324,429,33
2023-03-22,Organic Search,SEO_Blog,246.18,5423,69,2
2023-03-22,Organic Search,SEO_Category,486.97,3096,132,5
2023-03-22,Affiliate,Affiliate_Network_A,1510.55,2160,35,1
2023-03-22,Affiliate,Affiliate_Network_B,2210.96,2738,52,1
2023-03-22,Referral,Referral_Program,245.77,973,14,0
2023-03-23,Google Ads,Search_Brand,358.27,1363,14,0
2023-03-23,Google Ads,Search_Generic,367.81,4824,39,2
2023-03-23,Google Ads,Shopping_Ads,1815.3,3974,134,2
2023-03-23,Google Ads,Display_Retarget,455.84,2337,54,2
2023-03-23,Meta Ads,FB_Lookalike,490.93,1917,45,2
2023-03-23,YouTube Ads,YT_Skippable,10771.94,8681,325,19
2023-03-23,YouTube Ads,YT_Bumper,2528.94,11331,113,2
2023-03-23,Email,Weekly_Newsletter,15321.9,8429,379,9
2023-03-23,Email,Cart_Recovery,890.79,10605,146,3
2023-03-23,Email,Win_Back,1531.37,2649,61,3
2023-03-23,Organic Search,SEO_Category,53.6,2616,51,0
2023-03-23,Affiliate,Affiliate_Network_A,260.79,11734,64,4
2023-03-23,Affiliate,Affiliate_Network_B,1470.21,6316,254,16
2023-03-23,Referral,Referral_Program,85.93,4062,88,1
2023-03-24,Google Ads,Search_Brand,3433.56,6594,288,8
2023-03-24,Google Ads,Display_Retarget,541.01,6506,155,4
2023-03-24,Meta Ads,FB_Prospecting,779.51,1500,31,0
2023-03-24,Meta Ads,FB_Lookalike,7353.03,4626,203,13
2023-03-24,YouTube Ads,YT_Skippable,3511.61,5852,174,11
2023-03-24,YouTube Ads,YT_Bumper,902.04,7376,85,2
2023-03-24,Email,Weekly_Newsletter,2485.53,8761,335,9
2023-03-24,Email,Cart_Recovery,14570.65,19336,499,7
2023-03-24,Organic Search,SEO_Blog,302.72,8506,331,5
2023-03-24,Affiliate,Affiliate_Network_B,2634.4,1881,71,3
2023-03-24,Referral,Referral_Program,347.24,6140,153,4
2023-03-24,Direct,Direct_Traffic,409.01,1260,14,0
2023-03-25,Google Ads,Search_Brand,4016.46,4861,151,9
2023-03-25,Google Ads,Search_Generic,2617.94,2797,69,5
2023-03-25,Google Ads,Display_Retarget,1442.73,4835,95,2
2023-03-25,Meta Ads,IG_Retarget,3575.72,3329,105,1
2023-03-25,Meta Ads,FB_Lookalike,933.99,9918,90,4
2023-03-25,YouTube Ads,YT_Skippable,11903.28,7157,274,9
2023-03-25,Email,Weekly_Newsletter,1665.26,5687,109,7
2023-03-25,Email,Cart_Recovery,2468.27,5455,147,5
2023-03-25,Organic Search,SEO_Category,95.4,10073,85,5
2023-03-25,Affiliate,Affiliate_Network_A,975.03,5106,117,5
2023-03-25,Affiliate,Affiliate_Network_B,14036.46,12887,424,15
2023-03-25,Referral,Referral_Program,47.82,9464,397,11
2023-03-25,Direct,Direct_Traffic,110.34,11087,389,31
2023-03-26,Google Ads,Search_Brand,7130.75,4494,195,15
2023-03-26,Google Ads,Search_Generic,9082.95,14215,357,13
2023-03-26,Google Ads,Display_Retarget,2779.64,3838,95,2
2023-03-26,YouTube Ads,YT_Bumper,15384.63,15522,435,24
2023-03-26,Email,Weekly_Newsletter,289.71,4066,24,1
2023-03-26,Email,Cart_Recovery,1542.44,849,35,2
2023-03-26,Organic Search,SEO_Blog,395.62,11308,134,5
2023-03-26,Organic Search,SEO_Category,219.9,5701,200,5
2023-03-26,Affiliate,Affiliate_Network_A,2939.94,7433,300,19
2023-03-26,Direct,Direct_Traffic,81.05,2111,49,2
2023-03-27,Google Ads,Search_Brand,7985.34,12552,204,12
2023-03-27,Google Ads,Search_Generic,791.28,3817,127,2
2023-03-27,Google Ads,Shopping_Ads,4072.57,2626,107,4
2023-03-27,Meta Ads,IG_Retarget,5210.67,5493,125,4
2023-03-27,YouTube Ads,YT_Bumper,4567.43,4073,115,2
2023-03-27,Email,Weekly_Newsletter,1952.92,7932,159,9
2023-03-27,Email,Cart_Recovery,16770.49,15937,647,37
2023-03-27,Email,Win_Back,3042.3,9399,414,21
2023-03-27,Organic Search,SEO_Category,388.8,7669,248,18
2023-03-27,Affiliate,Affiliate_Network_A,1262.63,4191,170,6
2023-03-27,Referral,Referral_Program,208.31,3899,115,5
2023-03-27,Direct,Direct_Traffic,75.84,14451,508,10
2023-03-28,Google Ads,Search_Brand,2665.86,12746,128,8
2023-03-28,Google Ads,Search_Generic,14001.23,8075,338,18
2023-03-28,Google Ads,Shopping_Ads,97.45,767,9,0
2023-03-28,Google Ads,Display_Retarget,5755.92,14917,165,13
2023-03-28,Meta Ads,FB_Prospecting,1864.47,2858,48,0
2023-03-28,Meta Ads,IG_Retarget,2187.73,5211,92,6
2023-03-28,Meta Ads,FB_Lookalike,1319.88,1833,59,2
2023-03-28,YouTube Ads,YT_Skippable,3146.03,4913,117,3
2023-03-28,YouTube Ads,YT_Bumper,67.81,227,2,0
2023-03-28,Email,Weekly_Newsletter,2030.47,4731,57,1
2023-03-28,Email,Cart_Recovery,3950.96,12957,358,25
2023-03-28,Email,Win_Back,6299.65,3179,140,9
2023-03-28,Organic Search,SEO_Blog,77.73,3550,136,4
2023-03-28,Affiliate,Affiliate_Network_A,1934.27,2734,43,1
2023-03-28,Affiliate,Affiliate_Network_B,2499.97,3291,118,4
2023-03-28,Referral,Referral_Program,82.56,1663,65,2
2023-03-28,Direct,Direct_Traffic,218.2,4882,40,1
2023-03-29,Google Ads,Search_Brand,,9898,415,11
2023-03-29,Google Ads,Search_Generic,1731.76,1458,50,3
2023-03-29,Google Ads,Shopping_Ads,4331.39,11982,168,10
2023-03-29,Google Ads,Display_Retarget,1698.94,2827,109,2
2023-03-29,Meta Ads,FB_Lookalike,445.75,2840,25,0
2023-03-29,YouTube Ads,YT_Skippable,16098.0,16630,435,27
2023-03-29,YouTube Ads,YT_Bumper,7418.48,4164,171,7
2023-03-29,Email,Win_Back,457.1,3080,20,0
2023-03-29,Organic Search,SEO_Blog,180.67,1662,10,0
2023-03-29,Organic Search,SEO_Category,237.21,3039,136,6
2023-03-29,Affiliate,Affiliate_Network_B,1629.64,9810,88,5
2023-03-29,Direct,Direct_Traffic,204.57,1899,30,1
2023-03-30,Google Ads,Shopping_Ads,1722.31,1667,40,2
2023-03-30,Google Ads,Display_Retarget,704.79,4269,24,0
2023-03-30,YouTube Ads,YT_Bumper,1475.98,1208,50,3
2023-03-30,Email,Weekly_Newsletter,268.59,1503,15,1
2023-03-30,Email,Cart_Recovery,583.4,1755,45,2
2023-03-30,Organic Search,SEO_Blog,33.69,4313,86,3
2023-03-30,Organic Search,SEO_Category,264.27,3774,160,9
2023-03-30,Affiliate,Affiliate_Network_A,232.72,1510,55,1
2023-03-30,Affiliate,Affiliate_Network_B,369.7,341,12,0
2023-03-31,Google Ads,Search_Generic,,6049,30,2
2023-03-31,Google Ads,Shopping_Ads,2255.1,2034,90,3
2023-03-31,Meta Ads,IG_Retarget,9942.55,9905,236,12
2023-03-31,Meta Ads,FB_Lookalike,801.42,1408,19,0
2023-03-31,YouTube Ads,YT_Skippable,1185.51,1571,42,3
2023-03-31,YouTube Ads,YT_Bumper,2410.22,5739,220,5
2023-03-31,Email,Weekly_Newsletter,9164.8,10216,231,8
2023-03-31,Email,Cart_Recovery,,10392,275,13
2023-03-31,Email,Win_Back,1751.16,23134,512,22
2023-03-31,Organic Search,SEO_Blog,455.49,8653,283,15
2023-03-31,Affiliate,Affiliate_Network_B,573.95,3177,124,9
2023-03-31,Referral,Referral_Program,320.62,1674,37,0
2023-03-31,Direct,Direct_Traffic,104.81,3112,84,5
2023-04-01,Google Ads,Search_Generic,7228.83,7786,225,6
2023-04-01,Meta Ads,IG_Retarget,371.61,4770,47,3
2023-04-01,Meta Ads,FB_Lookalike,134.66,1674,16,0
2023-04-01,YouTube Ads,YT_Skippable,1303.07,3033,70,2
2023-04-01,Email,Cart_Recovery,5433.9,8027,248,13
2023-04-01,Email,Win_Back,2199.2,7561,71,0
2023-04-01,Organic Search,SEO_Blog,228.61,10819,405,7
2023-04-01,Organic Search,SEO_Category,208.76,1679,39,0
2023-04-01,Affiliate,Affiliate_Network_A,826.62,2594,25,1
2023-04-01,Referral,Referral_Program,27.4,7379,213,9
2023-04-01,Direct,Direct_Traffic,307.07,8262,202,8
2023-04-02,Google Ads,Search_Brand,2518.51,4772,176,7
2023-04-02,Google Ads,Search_Generic,1356.73,2846,52,1
2023-04-02,Google Ads,Display_Retarget,896.48,1469,29,0
2023-04-02,Meta Ads,FB_Prospecting,17788.27,25065,639,23
2023-04-02,Meta Ads,IG_Retarget,1569.16,6294,145,10
2023-04-02,Meta Ads,FB_Lookalike,1215.38,1438,30,1
2023-04-02,YouTube Ads,YT_Bumper,2438.92,4745,147,10
2023-04-02,Email,Cart_Recovery,8771.13,7796,347,21
2023-04-02,Email,Win_Back,,8335,241,16
2023-04-02,Organic Search,SEO_Blog,193.39,6256,249,2
2023-04-02,Organic Search,SEO_Category,113.12,2396,52,2
2023-04-02,Referral,Referral_Program,346.63,9505,72,3
2023-04-02,Direct,Direct_Traffic,109.95,2987,28,1
2023-04-03,Google Ads,Search_Brand,23607.8,21796,636,48
2023-04-03,Google Ads,Search_Generic,2991.61,11736,432,13
2023-04-03,Meta Ads,FB_Prospecting,1699.08,3763,45,2
2023-04-03,YouTube Ads,YT_Skippable,402.35,6599,67,1
2023-04-03,Email,Weekly_Newsletter,265.86,776,28,1
2023-04-03,Email,Win_Back,4520.49,6623,222,14
2023-04-03,Organic Search,SEO_Blog,422.96,1112,37,1
2023-04-03,Affiliate,Affiliate_Network_B,4285.34,8025,119,2
2023-04-03,Referral,Referral_Program,299.75,2258,29,1
2023-04-03,Direct,Direct_Traffic,153.84,9066,161,3
2023-04-04,Google Ads,Search_Brand,10850.9,11949,273,3
2023-04-04,Google Ads,Shopping_Ads,3958.02,8982,278,17
2023-04-04,Google Ads,Display_Retarget,2502.62,4506,144,10
2023-04-04,Meta Ads,IG_Retarget,1359.82,1077,31,0
2023-04-04,YouTube Ads,YT_Skippable,8525.97,6910,263,19
2023-04-04,Email,Cart_Recovery,704.78,1735,55,1
2023-04-04,Organic Search,SEO_Blog,196.2,16011,680,46
2023-04-04,Organic Search,SEO_Category,26.51,9166,57,3
2023-04-04,Affiliate,Affiliate_Network_B,353.75,1444,11,0
2023-04-04,Direct,Direct_Traffic,78.54,9833,268,17
2023-04-05,Google Ads,Shopping_Ads,756.02,2314,79,4
2023-04-05,Google Ads,Display_Retarget,1956.84,1940,46,3
2023-04-05,Meta Ads,IG_Retarget,665.47,1542,40,0
2023-04-05,Meta Ads,FB_Lookalike,3518.45,3022,98,3
2023-04-05,YouTube Ads,YT_Skippable,2100.99,1416,47,1
2023-04-05,YouTube Ads,YT_Bumper,2757.08,4964,71,2
2023-04-05,Email,Weekly_Newsletter,323.07,5017,66,1
2023-04-05,Email,Win_Back,5632.68,5816,174,2
2023-04-05,Organic Search,SEO_Blog,293.23,8726,244,8
2023-04-05,Organic Search,SEO_Category,48.55,7350,310,21
2023-04-05,Affiliate,Affiliate_Network_B,4853.37,11187,205,9
2023-04-05,Referral,Referral_Program,487.91,3472,73,5
2023-04-05,Direct,Direct_Traffic,30.1,2640,94,2
2023-04-06,Google Ads,Search_Brand,3769.59,8684,191,1
2023-04-06,Meta Ads,FB_Prospecting,1377.13,1377,52,1
2023-04-06,Meta Ads,IG_Retarget,1973.38,11808,129,1
2023-04-06,Email,Weekly_Newsletter,3135.71,5666,84,2
2023-04-06,Email,Cart_Recovery,1881.39,4887,108,3
2023-04-06,Organic Search,SEO_Category,441.53,15957,361,24
2023-04-06,Affiliate,Affiliate_Network_A,2986.82,6343,80,0
2023-04-06,Affiliate,Affiliate_Network_B,3015.2,4799,140,5
2023-04-06,Referral,Referral_Program,64.58,2417,101,1
2023-04-06,Direct,Direct_Traffic,232.63,7682,305,9
2023-04-07,Google Ads,Search_Generic,616.95,4015,111,3
2023-04-07,Google Ads,Display_Retarget,402.0,3377,87,4
2023-04-07,Meta Ads,FB_Prospecting,1526.41,4204,85,4
2023-04-07,Meta Ads,IG_Retarget,4688.86,14126,212,6
2023-04-07,YouTube Ads,YT_Skippable,2311.33,10742,161,7
2023-04-07,YouTube Ads,YT_Bumper,7994.12,19829,252,16
2023-04-07,Email,Weekly_Newsletter,2836.83,4834,74,3
2023-04-07,Email,Cart_Recovery,24870.2,16074,666,29
2023-04-07,Email,Win_Back,6741.96,12925,428,11
2023-04-07,Organic Search,SEO_Blog,229.16,2213,47,2
2023-04-07,Organic Search,SEO_Category,176.87,16046,711,53
2023-04-07,Affiliate,Affiliate_Network_A,11419.4,10869,430,24
2023-04-07,Referral,Referral_Program,,6927,116,6
2023-04-07,Direct,Direct_Traffic,436.98,4666,136,4
2023-04-08,Google Ads,Search_Brand,897.34,2195,64,1
2023-04-08,Google Ads,Shopping_Ads,3386.68,8578,98,6
2023-04-08,Meta Ads,FB_Prospecting,4882.75,5910,175,7
2023-04-08,YouTube Ads,YT_Skippable,9534.93,7327,287,4
2023-04-08,YouTube Ads,YT_Bumper,6671.31,13094,194,8
2023-04-08,Email,Weekly_Newsletter,3879.46,4815,108,1
2023-04-08,Organic Search,SEO_Blog,215.75,786,13,0
2023-04-08,Organic Search,SEO_Category,394.48,4590,178,3
2023-04-08,Affiliate,Affiliate_Network_A,1094.49,5169,147,5
2023-04-08,Affiliate,Affiliate_Network_B,406.64,1114,28,1
2023-04-08,Referral,Referral_Program,186.4,3249,62,1
2023-04-09,Google Ads,Search_Brand,6331.81,11579,288,11
2023-04-09,Google Ads,Shopping_Ads,781.18,3386,67,3
2023-04-09,Google Ads,Display_Retarget,1222.11,10527,280,11
2023-04-09,Meta Ads,IG_Retarget,6954.85,4109,180,13
2023-04-09,YouTube Ads,YT_Skippable,6196.82,3300,140,3
2023-04-09,YouTube Ads,YT_Bumper,2569.6,7281,154,3
2023-04-09,Email,Weekly_Newsletter,4365.36,7253,219,5
2023-04-09,Direct,Direct_Traffic,159.01,732,4,0
2023-04-10,Google Ads,Search_Brand,2674.94,2527,63,3
2023-04-10,Google Ads,Search_Generic,13935.52,11485,373,5
2023-04-10,Google Ads,Shopping_Ads,878.79,4696,32,1
2023-04-10,Meta Ads,FB_Prospecting,947.65,11019,217,8
2023-04-10,Meta Ads,IG_Retarget,162.08,1845,47,2
2023-04-10,Meta Ads,FB_Lookalike,861.5,2683,37,1
2023-04-10,YouTube Ads,YT_Skippable,1650.94,1533,44,1
2023-04-10,YouTube Ads,YT_Bumper,9277.15,11002,237,4
2023-04-10,Email,Weekly_Newsletter,1092.49,1023,40,2
2023-04-10,Organic Search,SEO_Category,245.92,13719,433,33
2023-04-10,Affiliate,Affiliate_Network_A,4901.9,3433,151,5
2023-04-10,Affiliate,Affiliate_Network_B,2007.01,9680,185,11
2023-04-10,Direct,Direct_Traffic,59.43,3217,97,6
2023-04-11,Google Ads,Search_Brand,8451.05,8585,240,10
2023-04-11,Google Ads,Search_Generic,257.58,591,15,0
2023-04-11,Google Ads,Display_Retarget,7763.44,7758,202,12
2023-04-11,Meta Ads,FB_Prospecting,933.26,2272,32,2
2023-04-11,Meta Ads,FB_Lookalike,2120.38,3661,160,9
2023-04-11,YouTube Ads,YT_Skippable,5301.55,6626,183,3
2023-04-11,YouTube Ads,YT_Bumper,5720.55,5607,194,9
2023-04-11,Email,Weekly_Newsletter,1128.24,1834,54,0
2023-04-11,Email,Cart_Recovery,467.69,2800,92,2
2023-04-11,Email,Win_Back,978.56,3508,24,1
2023-04-11,Organic Search,SEO_Blog,222.91,11222,354,8
2023-04-11,Affiliate,Affiliate_Network_A,11324.87,8685,295,13
2023-04-11,Referral,Referral_Program,52.02,3791,63,2
2023-04-11,Direct,Direct_Traffic,193.18,1124,40,0
2023-04-12,Google Ads,Search_Generic,1893.43,12914,197,12
2023-04-12,Google Ads,Shopping_Ads,3489.04,6094,203,6
2023-04-12,Google Ads,Display_Retarget,7301.65,4239,178,5
2023-04-12,Meta Ads,FB_Prospecting,6462.38,6685,227,18
2023-04-12,Meta Ads,IG_Retarget,4631.56,5456,219,7
2023-04-12,Email,Weekly_Newsletter,1433.43,1206,49,1
2023-04-12,Email,Win_Back,7456.87,7381,301,22
2023-04-12,Organic Search,SEO_Blog,72.88,7012,119,6
2023-04-12,Organic Search,SEO_Category,326.29,2150,67,1
2023-04-12,Affiliate,Affiliate_Network_A,1466.04,4992,77,3
2023-04-12,Referral,Referral_Program,166.97,5829,204,6
2023-04-13,Google Ads,Search_Generic,11779.85,11244,368,12
2023-04-13,Google Ads,Display_Retarget,2671.59,3725,86,3
2023-04-13,YouTube Ads,YT_Skippable,1011.2,8830,72,5
2023-04-13,YouTube Ads,YT_Bumper,4131.44,5879,222,7
2023-04-13,Email,Weekly_Newsletter,4298.83,14151,334,5
2023-04-13,Email,Cart_Recovery,2557.46,5440,136,10
2023-04-13,Email,Win_Back,764.38,1120,45,3
2023-04-13,Organic Search,SEO_Blog,316.27,7777,312,19
2023-04-13,Organic Search,SEO_Category,157.26,672,13,0
2023-04-13,Referral,Referral_Program,212.37,2493,46,2
2023-04-14,Google Ads,Search_Brand,1927.71,10078,71,1
2023-04-14,Google Ads,Search_Generic,11076.8,16349,485,23
2023-04-14,Google Ads,Shopping_Ads,7086.62,10824,197,15
2023-04-14,Google Ads,Display_Retarget,298.82,926,10,0
2023-04-14,Meta Ads,FB_Prospecting,229.47,957,15,0
2023-04-14,Meta Ads,IG_Retarget,7010.18,19331,368,19
2023-04-14,YouTube Ads,YT_Bumper,827.27,4177,117,3
2023-04-14,Email,Weekly_Newsletter,3839.14,4965,126,7
2023-04-14,Email,Cart_Recovery,3537.83,8566,253,12
2023-04-14,Email,Win_Back,872.42,6364,70,4
2023-04-14,Affiliate,Affiliate_Network_A,2173.95,8881,223,4
2023-04-14,Affiliate,Affiliate_Network_B,3654.6,5748,117,7
2023-04-14,Referral,Referral_Program,291.53,2717,37,0
2023-04-14,Direct,Direct_Traffic,245.33,7677,246,9
2023-04-15,Google Ads,Search_Brand,15661.07,11590,494,14
2023-04-15,Google Ads,Search_Generic,1499.28,2939,70,3
2023-04-15,Meta Ads,IG_Retarget,281.87,1732,53,3
2023-04-15,Meta Ads,FB_Lookalike,1722.44,5328,120,6
2023-04-15,YouTube Ads,YT_Skippable,10573.34,7405,283,4
2023-04-15,YouTube Ads,YT_Bumper,500.29,2791,20,0
2023-04-15,Email,Cart_Recovery,1284.17,4535,63,3
2023-04-15,Email,Win_Back,1711.27,1615,53,2
2023-04-15,Organic Search,SEO_Blog,312.76,835,35,2
2023-04-15,Organic Search,SEO_Category,108.46,7502,53,2
2023-04-15,Affiliate,Affiliate_Network_A,7463.33,13816,539,12
2023-04-15,Affiliate,Affiliate_Network_B,2800.69,6798,297,16
2023-04-15,Referral,Referral_Program,248.49,4831,163,6
2023-04-16,Google Ads,Search_Generic,3601.62,5522,145,6
2023-04-16,Google Ads,Shopping_Ads,127.51,535,23,0
2023-04-16,Google Ads,Display_Retarget,568.21,1363,39,2
2023-04-16,Meta Ads,FB_Prospecting,3094.94,1813,72,2
2023-04-16,Meta Ads,IG_Retarget,2023.48,10294,140,2
2023-04-16,Meta Ads,FB_Lookalike,1228.21,5631,44,1
2023-04-16,YouTube Ads,YT_Skippable,1849.96,3357,57,1
2023-04-16,YouTube Ads,YT_Bumper,1015.38,4607,120,2
2023-04-16,Email,Weekly_Newsletter,3304.04,5874,124,7
2023-04-16,Email,Cart_Recovery,7953.45,9927,180,3
2023-04-16,Email,Win_Back,3871.12,2659,95,3
2023-04-16,Organic Search,SEO_Category,52.54,771,32,2
2023-04-16,Affiliate,Affiliate_Network_A,3128.37,3051,81,3
2023-04-16,Affiliate,Affiliate_Network_B,1105.01,3904,94,5
2023-04-16,Direct,Direct_Traffic,297.58,10859,100,6
2023-04-17,Google Ads,Search_Generic,3735.02,5209,184,6
2023-04-17,Google Ads,Shopping_Ads,1211.44,4917,202,5
2023-04-17,Google Ads,Display_Retarget,279.23,430,18,1
2023-04-17,Meta Ads,FB_Prospecting,7966.33,6172,239,18
2023-04-17,Meta Ads,IG_Retarget,413.4,7324,62,2
2023-04-17,Meta Ads,FB_Lookalike,1874.73,3616,92,1
2023-04-17,YouTube Ads,YT_Bumper,6391.86,7648,231,17
2023-04-17,Email,Weekly_Newsletter,1052.13,3861,118,3
2023-04-17,Email,Cart_Recovery,1972.88,5983,114,8
2023-04-17,Organic Search,SEO_Blog,12.37,2462,12,0
2023-04-17,Organic Search,SEO_Category,181.86,15401,629,48
2023-04-17,Affiliate,Affiliate_Network_A,10779.14,17118,675,43
2023-04-17,Affiliate,Affiliate_Network_B,213.25,1221,46,1
2023-04-17,Referral,Referral_Program,259.59,7054,36,1
2023-04-17,Direct,Direct_Traffic,336.1,16981,544,18
2023-04-18,Google Ads,Search_Brand,1374.04,2473,78,6
2023-04-18,Google Ads,Search_Generic,917.81,1897,40,1
2023-04-18,Google Ads,Shopping_Ads,393.17,3695,93,2
2023-04-18,Meta Ads,IG_Retarget,398.02,999,21,0
2023-04-18,Meta Ads,FB_Lookalike,2601.46,5716,86,5
2023-04-18,YouTube Ads,YT_Skippable,3559.68,9484,145,6
2023-04-18,YouTube Ads,YT_Bumper,2247.54,2765,55,3
2023-04-18,Email,Weekly_Newsletter,1094.31,6991,251,2
2023-04-18,Organic Search,SEO_Blog,484.39,1420,34,1
2023-04-18,Organic Search,SEO_Category,15.19,884,36,1
2023-04-18,Affiliate,Affiliate_Network_A,12406.81,12345,548,26
2023-04-18,Affiliate,Affiliate_Network_B,3296.05,5677,81,3
2023-04-18,Referral,Referral_Program,314.23,8793,370,18
2023-04-19,Google Ads,Search_Brand,694.24,2295,17,1
2023-04-19,Google Ads,Search_Generic,2391.15,6518,74,4
2023-04-19,Meta Ads,FB_Prospecting,5350.27,8520,371,12
2023-04-19,Meta Ads,IG_Retarget,1479.56,4954,76,2
2023-04-19,Meta Ads,FB_Lookalike,1260.96,7553,57,3
2023-04-19,YouTube Ads,YT_Skippable,3484.01,8719,99,7
2023-04-19,YouTube Ads,YT_Bumper,1183.13,3080,43,1
2023-04-19,Email,Weekly_Newsletter,8355.51,7623,221,16
2023-04-19,Email,Cart_Recovery,,8798,62,2
2023-04-19,Organic Search,SEO_Category,326.11,9334,121,2
2023-04-19,Affiliate,Affiliate_Network_A,5793.58,7581,163,9
2023-04-19,Affiliate,Affiliate_Network_B,898.79,3474,67,1
2023-04-19,Direct,Direct_Traffic,38.97,6934,146,5
2023-04-20,Google Ads,Search_Brand,15986.54,13154,375,28
2023-04-20,Google Ads,Shopping_Ads,5033.91,5829,195,9
2023-04-20,Meta Ads,FB_Prospecting,1581.02,3018,48,0
2023-04-20,Meta Ads,IG_Retarget,139.19,467,14,0
2023-04-20,Meta Ads,FB_Lookalike,110.57,409,4,0
2023-04-20,YouTube Ads,YT_Skippable,1943.56,1982,70,4
2023-04-20,YouTube Ads,YT_Bumper,7830.05,7434,241,12
2023-04-20,Email,Weekly_Newsletter,229.25,1446,11,0
2023-04-20,Email,Cart_Recovery,4982.36,7482,134,4
2023-04-20,Email,Win_Back,4183.95,5622,169,10
2023-04-20,Organic Search,SEO_Blog,58.86,2932,119,6
2023-04-20,Organic Search,SEO_Category,489.75,5442,62,4
2023-04-20,Affiliate,Affiliate_Network_A,1145.06,4807,55,3
2023-04-20,Affiliate,Affiliate_Network_B,2194.04,6792,253,6
2023-04-20,Referral,Referral_Program,266.36,7826,124,6
2023-04-21,Google Ads,Search_Brand,817.23,9683,107,8
2023-04-21,Google Ads,Search_Generic,9716.68,29742,461,33
2023-04-21,Google Ads,Shopping_Ads,12024.24,6601,278,16
2023-04-21,Meta Ads,IG_Retarget,1378.33,10520,248,17
2023-04-21,Meta Ads,FB_Lookalike,3714.51,10646,125,7
2023-04-21,YouTube Ads,YT_Bumper,25.45,388,6,0
2023-04-21,Email,Weekly_Newsletter,665.06,4781,24,1
2023-04-21,Email,Cart_Recovery,,9725,415,21
2023-04-21,Email,Win_Back,8782.13,9727,307,13
2023-04-21,Organic Search,SEO_Blog,175.04,2593,41,1
2023-04-21,Organic Search,SEO_Category,208.21,8613,259,18
2023-04-21,Affiliate,Affiliate_Network_A,499.12,3445,42,2
2023-04-21,Referral,Referral_Program,443.37,9964,189,12
2023-04-21,Direct,Direct_Traffic,107.97,3941,157,12
2023-04-22,Google Ads,Shopping_Ads,1322.03,5672,155,2
2023-04-22,Meta Ads,FB_Lookalike,1244.2,5212,58,3
2023-04-22,YouTube Ads,YT_Bumper,7032.74,4572,185,3
2023-04-22,Email,Weekly_Newsletter,219.49,4082,31,1
2023-04-22,Email,Cart_Recovery,2108.05,4058,127,5
2023-04-22,Email,Win_Back,,4772,107,3
2023-04-22,Organic Search,SEO_Blog,321.85,8325,278,13
2023-04-22,Organic Search,SEO_Category,251.0,4125,40,1
2023-04-22,Affiliate,Affiliate_Network_A,4756.09,4352,154,5
2023-04-22,Affiliate,Affiliate_Network_B,2795.54,3028,131,3
2023-04-22,Referral,Referral_Program,350.18,6540,171,8
2023-04-22,Direct,Direct_Traffic,370.68,12857,256,15
2023-04-23,Google Ads,Search_Brand,2543.49,4374,80,1
2023-04-23,Google Ads,Search_Generic,13925.71,11226,454,26
2023-04-23,Google Ads,Shopping_Ads,5062.4,12047,337,6
2023-04-23,Google Ads,Display_Retarget,111.02,372,15,0
2023-04-23,Meta Ads,FB_Prospecting,1789.31,3092,64,4
2023-04-23,Meta Ads,IG_Retarget,2320.53,5705,85,3
2023-04-23,Meta Ads,FB_Lookalike,1223.01,5772,78,5
2023-04-23,YouTube Ads,YT_Bumper,3646.8,4199,94,2
2023-04-23,Email,Weekly_Newsletter,3156.97,7017,203,10
2023-04-23,Email,Cart_Recovery,218.67,319,5,0
2023-04-23,Organic Search,SEO_Category,294.37,6511,201,8
2023-04-23,Affiliate,Affiliate_Network_A,4807.73,2969,113,3
2023-04-23,Affiliate,Affiliate_Network_B,4557.32,5256,200,3
2023-04-23,Referral,Referral_Program,396.21,2304,69,4
2023-04-23,Direct,Direct_Traffic,69.04,12119,281,20
2023-04-24,Google Ads,Search_Brand,1879.7,5520,115,9
2023-04-24,Google Ads,Search_Generic,2490.03,3668,87,4
2023-04-24,Google Ads,Shopping_Ads,1695.26,5253,64,4
2023-04-24,Meta Ads,FB_Prospecting,4705.85,8380,109,3
2023-04-24,Meta Ads,IG_Retarget,2434.18,11895,241,9
2023-04-24,Meta Ads,FB_Lookalike,5206.52,4557,175,3
2023-04-24,YouTube Ads,YT_Skippable,139.23,6958,39,0
2023-04-24,Email,Weekly_Newsletter,65.5,527,5,0
2023-04-24,Email,Win_Back,574.37,3881,106,2
2023-04-24,Organic Search,SEO_Category,445.35,4144,39,2
2023-04-24,Affiliate,Affiliate_Network_B,2275.64,8473,69,3
2023-04-24,Referral,Referral_Program,16.19,2316,53,3
2023-04-24,Direct,Direct_Traffic,216.07,8980,241,17
2023-04-25,Google Ads,Search_Generic,8024.94,23203,323,18
2023-04-25,Google Ads,Display_Retarget,663.59,1585,28,0
2023-04-25,Meta Ads,FB_Prospecting,1014.38,3659,142,2
2023-04-25,Meta Ads,FB_Lookalike,2404.97,10374,383,21
2023-04-25,YouTube Ads,YT_Skippable,806.68,2137,22,1
2023-04-25,Email,Weekly_Newsletter,1656.71,5921,106,4
2023-04-25,Email,Cart_Recovery,729.72,2235,76,4
2023-04-25,Email,Win_Back,975.14,5926,171,11
2023-04-25,Organic Search,SEO_Blog,110.15,3367,106,4
2023-04-25,Affiliate,Affiliate_Network_A,15850.88,19512,543,10
2023-04-25,Referral,Referral_Program,228.2,5122,91,1
2023-04-25,Direct,Direct_Traffic,187.72,5305,123,2
2023-04-26,Google Ads,Search_Brand,689.17,581,18,0
2023-04-26,Google Ads,Shopping_Ads,138.68,7496,39,3
2023-04-26,Meta Ads,FB_Prospecting,863.91,4938,58,0
2023-04-26,YouTube Ads,YT_Skippable,498.21,741,14,1
2023-04-26,YouTube Ads,YT_Bumper,909.27,1057,36,2
2023-04-26,Email,Weekly_Newsletter,1279.19,794,33,0
2023-04-26,Email,Cart_Recovery,1912.79,5189,148,11
2023-04-26,Email,Win_Back,2322.12,2241,77,4
2023-04-26,Organic Search,SEO_Blog,123.27,4272,106,1
2023-04-26,Affiliate,Affiliate_Network_A,242.3,2446,24,1
2023-04-26,Affiliate,Affiliate_Network_B,2194.31,4141,68,3
2023-04-26,Referral,Referral_Program,464.92,3984,68,3
2023-04-26,Direct,Direct_Traffic,165.15,3208,104,2
2023-04-27,Google Ads,Search_Brand,3537.12,4544,120,1
2023-04-27,Google Ads,Shopping_Ads,6896.61,12631,375,29
2023-04-27,Google Ads,Display_Retarget,5482.69,5012,132,10
2023-04-27,Meta Ads,FB_Prospecting,2665.3,3812,126,2
2023-04-27,Meta Ads,IG_Retarget,4465.84,4578,204,13
2023-04-27,YouTube Ads,YT_Skippable,3445.1,3197,95,5
2023-04-27,YouTube Ads,YT_Bumper,12195.16,13516,474,34
2023-04-27,Email,Weekly_Newsletter,805.27,2295,21,1
2023-04-27,Email,Cart_Recovery,1069.82,3266,52,2
2023-04-27,Email,Win_Back,233.54,2555,15,0
2023-04-27,Organic Search,SEO_Blog,138.43,3897,114,1
2023-04-27,Organic Search,SEO_Category,58.41,24455,367,10
2023-04-27,Affiliate,Affiliate_Network_B,,5923,40,1
2023-04-28,Google Ads,Search_Brand,3142.82,8949,71,5
2023-04-28,Google Ads,Shopping_Ads,2300.19,4412,180,10
2023-04-28,Meta Ads,FB_Prospecting,1133.49,4821,58,2
2023-04-28,Meta Ads,IG_Retarget,3561.19,2800,83,5
2023-04-28,Meta Ads,FB_Lookalike,3085.67,14567,507,31
2023-04-28,YouTube Ads,YT_Skippable,1712.16,6200,69,2
2023-04-28,Email,Weekly_Newsletter,6285.44,20506,785,37
2023-04-28,Email,Cart_Recovery,417.29,3660,26,0
2023-04-28,Email,Win_Back,853.52,2816,21,1
2023-04-28,Organic Search,SEO_Blog,254.08,8338,124,4
2023-04-28,Organic Search,SEO_Category,375.31,480,15,0
2023-04-28,Affiliate,Affiliate_Network_A,14112.22,10804,375,4
2023-04-28,Affiliate,Affiliate_Network_B,2672.48,6493,70,4
2023-04-28,Referral,Referral_Program,328.98,8415,254,4
2023-04-29,Google Ads,Search_Brand,4305.26,7832,156,7
2023-04-29,Google Ads,Display_Retarget,3799.95,3158,86,4
2023-04-29,Meta Ads,FB_Prospecting,2809.89,3976,177,12
2023-04-29,YouTube Ads,YT_Skippable,1776.61,10485,238,11
2023-04-29,Email,Cart_Recovery,189.8,2527,44,2
2023-04-29,Email,Win_Back,285.04,6216,41,0
2023-04-29,Organic Search,SEO_Category,194.58,9016,243,4
2023-04-29,Affiliate,Affiliate_Network_A,2406.13,8676,196,7
2023-04-29,Affiliate,Affiliate_Network_B,2621.25,10860,59,0
2023-04-29,Referral,Referral_Program,193.39,6729,175,13
2023-04-29,Direct,Direct_Traffic,462.07,1047,36,1
2023-04-30,Google Ads,Search_Brand,2207.75,10978,425,23
2023-04-30,Google Ads,Search_Generic,7204.1,8778,356,23
2023-04-30,Google Ads,Shopping_Ads,728.31,2338,89,1
2023-04-30,Google Ads,Display_Retarget,332.69,2977,49,3
2023-04-30,Meta Ads,IG_Retarget,2565.57,8603,66,1
2023-04-30,YouTube Ads,YT_Skippable,1486.03,926,41,2
2023-04-30,Email,Weekly_Newsletter,,17234,619,13
2023-04-30,Email,Cart_Recovery,1898.11,2782,80,4
2023-04-30,Email,Win_Back,11459.67,7445,298,20
2023-04-30,Organic Search,SEO_Category,263.58,19912,535,6
2023-04-30,Affiliate,Affiliate_Network_B,165.7,840,15,1
2023-05-01,Google Ads,Search_Brand,1727.57,6401,120,6
2023-05-01,Google Ads,Search_Generic,757.01,2232,20,1
2023-05-01,Google Ads,Shopping_Ads,6519.02,6949,223,15
2023-05-01,Google Ads,Display_Retarget,2379.99,9707,57,1
2023-05-01,Meta Ads,FB_Prospecting,252.5,5149,53,2
2023-05-01,YouTube Ads,YT_Skippable,15252.35,17578,351,22
2023-05-01,Email,Weekly_Newsletter,301.85,1604,12,0
2023-05-01,Email,Cart_Recovery,2501.23,2748,88,5
2023-05-01,Email,Win_Back,2049.38,5473,242,18
2023-05-01,Organic Search,SEO_Blog,363.3,23302,521,32
2023-05-01,Organic Search,SEO_Category,451.53,4147,153,7
2023-05-01,Affiliate,Affiliate_Network_B,1085.6,5559,48,3
2023-05-01,Referral,Referral_Program,38.95,5280,228,10
2023-05-01,Direct,Direct_Traffic,329.01,3247,61,2
2023-05-02,Google Ads,Search_Generic,230.9,2882,72,5
2023-05-02,Google Ads,Shopping_Ads,478.08,2657,83,5
2023-05-02,Google Ads,Display_Retarget,1585.95,7624,54,1
2023-05-02,Meta Ads,FB_Prospecting,1930.1,5341,212,7
2023-05-02,Meta Ads,IG_Retarget,712.28,3159,62,2
2023-05-02,Meta Ads,FB_Lookalike,233.33,6337,52,1
2023-05-02,Email,Cart_Recovery,875.07,3554,102,6
2023-05-02,Email,Win_Back,283.48,816,9,0
2023-05-02,Organic Search,SEO_Category,47.56,7680,234,7
2023-05-02,Affiliate,Affiliate_Network_A,1910.84,4495,79,5
2023-05-02,Affiliate,Affiliate_Network_B,446.56,2651,47,3
2023-05-02,Referral,Referral_Program,65.55,3859,165,11
2023-05-02,Direct,Direct_Traffic,239.09,3679,109,4
2023-05-03,Google Ads,Search_Brand,3893.83,8026,99,4
2023-05-03,Google Ads,Shopping_Ads,1139.45,2634,110,8
2023-05-03,Google Ads,Display_Retarget,4104.74,2292,93,7
2023-05-03,Meta Ads,FB_Prospecting,16084.78,11481,477,36
2023-05-03,Meta Ads,IG_Retarget,2826.91,4401,157,9
2023-05-03,Meta Ads,FB_Lookalike,704.6,387,17,1
2023-05-03,YouTube Ads,YT_Skippable,22358.88,17239,634,31
2023-05-03,YouTube Ads,YT_Bumper,5223.41,7694,187,6
2023-05-03,Email,Weekly_Newsletter,9785.89,8972,300,16
2023-05-03,Email,Cart_Recovery,1530.02,5998,137,4
2023-05-03,Email,Win_Back,1206.13,4522,56,0
2023-05-03,Organic Search,SEO_Category,332.88,3169,24,0
2023-05-03,Affiliate,Affiliate_Network_A,7457.88,6792,297,16
2023-05-03,Affiliate,Affiliate_Network_B,,4817,136,10
2023-05-03,Direct,Direct_Traffic,136.4,2204,11,0
2023-05-04,Google Ads,Search_Brand,22008.81,14763,551,25
2023-05-04,Google Ads,Search_Generic,1314.51,2597,40,2
2023-05-04,Google Ads,Shopping_Ads,2375.52,1501,57,0
2023-05-04,Meta Ads,FB_Prospecting,1179.34,2090,51,1
2023-05-04,YouTube Ads,YT_Bumper,6717.07,4241,165,5
2023-05-04,Email,Cart_Recovery,3508.37,7647,80,1
2023-05-04,Email,Win_Back,821.55,938,41,1
2023-05-04,Organic Search,SEO_Blog,161.04,11263,388,15
2023-05-04,Organic Search,SEO_Category,242.66,5123,83,4
2023-05-04,Affiliate,Affiliate_Network_A,7409.51,7003,249,7
2023-05-04,Affiliate,Affiliate_Network_B,3025.25,3260,74,5
2023-05-04,Referral,Referral_Program,217.62,2581,63,2
2023-05-04,Direct,Direct_Traffic,37.01,2105,79,3
2023-05-05,Google Ads,Shopping_Ads,1979.37,3234,98,4
2023-05-05,Google Ads,Display_Retarget,681.18,5549,27,0
2023-05-05,Meta Ads,FB_Prospecting,1562.78,3965,70,2
2023-05-05,Meta Ads,IG_Retarget,3748.64,4242,154,7
2023-05-05,Meta Ads,FB_Lookalike,2886.61,7409,179,5
2023-05-05,YouTube Ads,YT_Bumper,2399.78,8114,141,10
2023-05-05,Email,Cart_Recovery,3124.52,3994,168,7
2023-05-05,Email,Win_Back,17750.9,15598,552,13
2023-05-05,Affiliate,Affiliate_Network_B,9002.79,9417,209,13
2023-05-05,Referral,Referral_Program,406.22,15297,469,8
2023-05-05,Direct,Direct_Traffic,485.96,2881,72,4
2023-05-06,Google Ads,Shopping_Ads,3100.58,6348,79,4
2023-05-06,YouTube Ads,YT_Skippable,377.73,4578,44,2
2023-05-06,YouTube Ads,YT_Bumper,,4354,85,1
2023-05-06,Email,Weekly_Newsletter,4110.67,8320,297,13
2023-05-06,Email,Win_Back,986.96,5275,198,9
2023-05-06,Organic Search,SEO_Blog,426.81,3692,49,3
2023-05-06,Organic Search,SEO_Category,486.07,4993,139,9
2023-05-06,Affiliate,Affiliate_Network_B,2479.16,3262,99,3
2023-05-06,Direct,Direct_Traffic,178.05,2257,42,1
2023-05-07,Google Ads,Search_Brand,4798.47,5282,135,6
2023-05-07,Google Ads,Search_Generic,1777.75,4063,175,5
2023-05-07,Google Ads,Shopping_Ads,4036.13,6333,106,7
2023-05-07,Meta Ads,FB_Lookalike,4700.58,10052,361,21
2023-05-07,YouTube Ads,YT_Skippable,1452.74,5287,40,2
2023-05-07,YouTube Ads,YT_Bumper,1710.6,12897,280,10
2023-05-07,Email,Cart_Recovery,1348.16,6545,122,1
2023-05-07,Email,Win_Back,120.13,1063,28,1
2023-05-07,Organic Search,SEO_Blog,315.23,7101,50,0
2023-05-07,Affiliate,Affiliate_Network_B,3610.82,4414,94,6
2023-05-07,Referral,Referral_Program,175.1,4647,178,8
2023-05-07,Direct,Direct_Traffic,221.44,12466,123,5
2023-05-08,Google Ads,Search_Brand,5873.15,7904,166,7
2023-05-08,Google Ads,Search_Generic,3817.43,7901,144,11
2023-05-08,Google Ads,Shopping_Ads,307.95,2037,57,1
2023-05-08,Google Ads,Display_Retarget,3648.29,10093,92,7
2023-05-08,Meta Ads,FB_Prospecting,1703.27,4653,68,3
2023-05-08,Meta Ads,IG_Retarget,411.66,444,10,0
2023-05-08,Meta Ads,FB_Lookalike,11028.48,14949,375,26
2023-05-08,YouTube Ads,YT_Skippable,3805.4,3523,150,6
2023-05-08,YouTube Ads,YT_Bumper,179.17,2141,30,0
2023-05-08,Email,Weekly_Newsletter,1341.12,3574,38,2
2023-05-08,Organic Search,SEO_Blog,62.29,5414,43,2
2023-05-08,Organic Search,SEO_Category,273.64,11317,368,10
2023-05-08,Affiliate,Affiliate_Network_B,,5806,132,2
2023-05-08,Referral,Referral_Program,123.89,5424,100,2
2023-05-08,Direct,Direct_Traffic,303.01,9954,404,14
2023-05-09,Google Ads,Search_Brand,1709.08,5582,238,5
2023-05-09,Google Ads,Search_Generic,1632.75,8349,108,4
2023-05-09,Google Ads,Shopping_Ads,1398.21,2569,38,2
2023-05-09,Meta Ads,FB_Prospecting,2962.36,6852,291,6
2023-05-09,YouTube Ads,YT_Skippable,106.87,1969,24,1
2023-05-09,YouTube Ads,YT_Bumper,1082.61,1231,45,0
2023-05-09,Email,Weekly_Newsletter,2559.34,14542,269,17
2023-05-09,Organic Search,SEO_Blog,84.96,3160,80,3
2023-05-09,Organic Search,SEO_Category,393.24,962,36,0
2023-05-09,Referral,Referral_Program,170.95,1744,68,4
2023-05-09,Direct,Direct_Traffic,326.48,6143,244,12
2023-05-10,Google Ads,Search_Brand,1079.39,11641,133,10
2023-05-10,Google Ads,Shopping_Ads,2459.31,2634,65,0
2023-05-10,Google Ads,Display_Retarget,1022.51,3481,78,4
2023-05-10,Meta Ads,FB_Prospecting,2201.62,2593,113,4
2023-05-10,Meta Ads,IG_Retarget,,4507,110,5
2023-05-10,Meta Ads,FB_Lookalike,703.32,972,28,0
2023-05-10,YouTube Ads,YT_Bumper,1163.7,4799,55,2
2023-05-10,Email,Weekly_Newsletter,1317.16,2213,44,2
2023-05-10,Email,Cart_Recovery,1842.91,3907,115,4
2023-05-10,Email,Win_Back,3517.39,4736,92,4
2023-05-10,Organic Search,SEO_Blog,98.76,3323,72,1
2023-05-10,Organic Search,SEO_Category,305.54,3943,58,2
2023-05-10,Affiliate,Affiliate_Network_A,1045.18,5301,70,5
2023-05-10,Affiliate,Affiliate_Network_B,12068.96,8714,378,25
2023-05-10,Direct,Direct_Traffic,63.75,11030,401,30
2023-05-11,Google Ads,Search_Brand,5160.8,7414,136,2
2023-05-11,Google Ads,Search_Generic,,2619,27,1
2023-05-11,Google Ads,Shopping_Ads,2635.2,3742,60,4
2023-05-11,Google Ads,Display_Retarget,3750.33,3414,109,5
2023-05-11,Meta Ads,IG_Retarget,3537.25,9843,228,2
2023-05-11,YouTube Ads,YT_Bumper,1265.79,5242,40,2
2023-05-11,Email,Weekly_Newsletter,1122.9,2356,39,0
2023-05-11,Email,Cart_Recovery,1946.96,11449,228,4
2023-05-11,Email,Win_Back,7430.95,5583,192,5
2023-05-11,Organic Search,SEO_Blog,123.6,7199,249,14
2023-05-11,Affiliate,Affiliate_Network_A,5271.13,5513,130,8
2023-05-11,Affiliate,Affiliate_Network_B,478.54,9112,72,2
2023-05-11,Referral,Referral_Program,,3717,91,6
2023-05-11,Direct,Direct_Traffic,167.93,4767,171,13
2023-05-12,Google Ads,Search_Generic,5386.36,16679,309,14
2023-05-12,Google Ads,Shopping_Ads,3193.32,4047,97,1
2023-05-12,Google Ads,Display_Retarget,346.5,4259,22,1
2023-05-12,Meta Ads,FB_Prospecting,7422.85,4643,187,13
2023-05-12,Meta Ads,IG_Retarget,6829.05,5642,222,16
2023-05-12,YouTube Ads,YT_Skippable,132.37,1664,13,0
2023-05-12,Email,Cart_Recovery,3959.68,4370,165,2
2023-05-12,Organic Search,SEO_Blog,332.6,4059,116,2
2023-05-12,Affiliate,Affiliate_Network_B,9446.54,5648,249,19
2023-05-12,Referral,Referral_Program,131.56,6983,213,4
2023-05-12,Direct,Direct_Traffic,431.07,8281,340,9
2023-05-13,Google Ads,Search_Brand,1050.68,3035,31,2
2023-05-13,Google Ads,Search_Generic,967.28,1426,28,2
2023-05-13,Google Ads,Shopping_Ads,97.08,1975,10,0
2023-05-13,Meta Ads,IG_Retarget,177.7,1416,24,1
2023-05-13,Meta Ads,FB_Lookalike,400.85,1558,10,0
2023-05-13,Email,Win_Back,482.31,2609,49,0
2023-05-13,Organic Search,SEO_Blog,342.31,6183,200,3
2023-05-13,Organic Search,SEO_Category,302.77,2521,44,3
2023-05-13,Affiliate,Affiliate_Network_B,3592.22,5262,221,14
2023-05-14,Google Ads,Search_Brand,611.81,3512,46,3
2023-05-14,Google Ads,Shopping_Ads,2835.55,1709,68,2
2023-05-14,Google Ads,Display_Retarget,771.88,2102,72,3
2023-05-14,Meta Ads,FB_Prospecting,,1979,33,1
2023-05-14,Meta Ads,FB_Lookalike,1960.9,2995,75,3
2023-05-14,YouTube Ads,YT_Skippable,14074.02,15473,470,17
2023-05-14,YouTube Ads,YT_Bumper,2734.77,10183,109,2
2023-05-14,Email,Weekly_Newsletter,6475.28,6142,252,19
2023-05-14,Email,Cart_Recovery,158.04,788,7,0
2023-05-14,Email,Win_Back,711.16,7499,174,11
2023-05-14,Organic Search,SEO_Category,300.58,1597,58,3
2023-05-14,Affiliate,Affiliate_Network_A,5372.57,9249,339,4
2023-05-14,Affiliate,Affiliate_Network_B,501.56,1758,23,1
2023-05-14,Referral,Referral_Program,326.48,4580,160,5
2023-05-14,Direct,Direct_Traffic,455.52,9247,263,18
2023-05-15,Google Ads,Search_Generic,1865.56,10201,62,4
2023-05-15,Google Ads,Display_Retarget,3184.2,9474,124,1
2023-05-15,Meta Ads,FB_Prospecting,1601.46,12496,300,10
2023-05-15,Meta Ads,IG_Retarget,6064.2,5547,182,2
2023-05-15,YouTube Ads,YT_Skippable,1790.56,1342,50,0
2023-05-15,Email,Weekly_Newsletter,5918.06,5273,191,9
2023-05-15,Email,Cart_Recovery,6377.87,6377,232,6
2023-05-15,Email,Win_Back,887.8,3699,32,0
2023-05-15,Organic Search,SEO_Category,403.51,2191,81,4
2023-05-15,Affiliate,Affiliate_Network_A,3678.66,5780,189,5
2023-05-15,Affiliate,Affiliate_Network_B,7954.01,10469,384,22
2023-05-15,Direct,Direct_Traffic,429.62,10232,188,14
2023-05-16,Google Ads,Search_Brand,2050.05,5509,202,14
2023-05-16,Google Ads,Search_Generic,2015.1,1204,47,1
2023-05-16,Google Ads,Display_Retarget,1712.3,7869,306,4
2023-05-16,Meta Ads,FB_Prospecting,188.46,1352,42,2
2023-05-16,Meta Ads,IG_Retarget,197.01,1668,12,0
2023-05-16,Meta Ads,FB_Lookalike,2769.25,6138,75,3
2023-05-16,YouTube Ads,YT_Skippable,3130.62,5437,165,9
2023-05-16,YouTube Ads,YT_Bumper,10175.44,7263,262,15
2023-05-16,Email,Weekly_Newsletter,480.82,1946,22,0
2023-05-16,Email,Cart_Recovery,7127.12,4925,184,4
2023-05-16,Email,Win_Back,2203.01,3400,107,1
2023-05-16,Organic Search,SEO_Blog,303.57,5670,46,0
2023-05-16,Organic Search,SEO_Category,88.91,15486,434,21
2023-05-16,Affiliate,Affiliate_Network_A,379.4,628,14,0
2023-05-16,Direct,Direct_Traffic,86.21,5813,71,1
2023-05-17,Google Ads,Search_Brand,4820.29,6858,155,11
2023-05-17,Google Ads,Search_Generic,1440.73,1777,44,2
2023-05-17,Google Ads,Shopping_Ads,5169.42,4739,180,2
2023-05-17,Google Ads,Display_Retarget,1223.46,6575,144,5
2023-05-17,Meta Ads,FB_Lookalike,55.91,1321,9,0
2023-05-17,YouTube Ads,YT_Bumper,8979.26,6467,219,14
2023-05-17,Email,Weekly_Newsletter,984.9,627,22,0
2023-05-17,Email,Cart_Recovery,2745.42,5102,95,5
2023-05-17,Organic Search,SEO_Blog,105.57,2757,64,4
2023-05-17,Organic Search,SEO_Category,430.87,955,20,1
2023-05-17,Affiliate,Affiliate_Network_A,4340.11,4224,178,5
2023-05-17,Affiliate,Affiliate_Network_B,1815.45,9441,52,3
2023-05-17,Referral,Referral_Program,374.26,2212,76,3
2023-05-17,Direct,Direct_Traffic,77.96,4820,113,3
2023-05-18,Google Ads,Search_Brand,6876.52,7385,292,18
2023-05-18,Google Ads,Display_Retarget,,1076,41,2
2023-05-18,Meta Ads,FB_Prospecting,9550.56,9145,217,7
2023-05-18,Meta Ads,IG_Retarget,734.87,5293,31,1
2023-05-18,Meta Ads,FB_Lookalike,72.49,1721,9,0
2023-05-18,YouTube Ads,YT_Skippable,6545.53,4899,158,3
2023-05-18,YouTube Ads,YT_Bumper,1096.08,1378,59,4
2023-05-18,Email,Win_Back,652.35,530,20,1
2023-05-18,Organic Search,SEO_Blog,,4440,94,6
2023-05-18,Affiliate,Affiliate_Network_B,1437.29,1810,36,2
2023-05-18,Referral,Referral_Program,102.57,7841,55,2
2023-05-18,Direct,Direct_Traffic,299.37,2977,119,3
2023-05-19,Google Ads,Search_Generic,763.41,6184,44,2
2023-05-19,Google Ads,Shopping_Ads,366.11,834,29,2
2023-05-19,Google Ads,Display_Retarget,13673.05,13527,514,17
2023-05-19,Meta Ads,IG_Retarget,600.42,797,16,1
2023-05-19,Meta Ads,FB_Lookalike,4167.41,7506,137,10
2023-05-19,YouTube Ads,YT_Skippable,2169.29,1231,50,2
2023-05-19,YouTube Ads,YT_Bumper,12572.45,8830,303,13
2023-05-19,Email,Weekly_Newsletter,761.81,2122,38,1
2023-05-19,Email,Cart_Recovery,1290.87,3521,41,2
2023-05-19,Email,Win_Back,881.22,4743,89,3
2023-05-19,Organic Search,SEO_Blog,155.49,10914,208,11
2023-05-19,Affiliate,Affiliate_Network_A,5479.32,6557,225,7
2023-05-19,Referral,Referral_Program,420.53,4858,64,1
2023-05-19,Direct,Direct_Traffic,295.78,4335,52,0
2023-05-20,Google Ads,Search_Brand,5072.61,3270,143,6
2023-05-20,Google Ads,Search_Generic,9084.08,13227,295,16
2023-05-20,Meta Ads,FB_Lookalike,1462.75,6766,98,1
2023-05-20,YouTube Ads,YT_Skippable,1496.18,5586,135,8
2023-05-20,Email,Win_Back,1294.34,7587,163,9
2023-05-20,Organic Search,SEO_Blog,60.8,7331,120,7
2023-05-20,Affiliate,Affiliate_Network_A,1805.45,5359,114,6
2023-05-20,Referral,Referral_Program,376.78,1573,50,1
2023-05-20,Direct,Direct_Traffic,354.66,3788,56,1
2023-05-21,Google Ads,Search_Generic,1716.92,7001,52,3
2023-05-21,Google Ads,Shopping_Ads,227.61,1581,31,1
2023-05-21,Google Ads,Display_Retarget,1160.2,2679,89,5
2023-05-21,Meta Ads,FB_Prospecting,697.76,12494,107,3
2023-05-21,Meta Ads,IG_Retarget,289.92,3453,59,4
2023-05-21,Meta Ads,FB_Lookalike,12842.67,11365,393,15
2023-05-21,YouTube Ads,YT_Skippable,1601.04,5728,92,6
2023-05-21,YouTube Ads,YT_Bumper,4503.66,12479,149,6
2023-05-21,Email,Cart_Recovery,173.38,1443,20,0
2023-05-21,Organic Search,SEO_Blog,358.08,15518,541,38
2023-05-21,Organic Search,SEO_Category,195.77,11885,296,9
2023-05-21,Affiliate,Affiliate_Network_A,357.21,1643,27,0
2023-05-21,Direct,Direct_Traffic,473.89,4295,61,2
2023-05-22,Google Ads,Search_Brand,748.41,6979,61,0
2023-05-22,Google Ads,Search_Generic,3621.93,4326,86,3
2023-05-22,Google Ads,Shopping_Ads,598.55,2413,85,1
2023-05-22,Google Ads,Display_Retarget,4073.98,11494,359,11
2023-05-22,Meta Ads,FB_Prospecting,3795.38,5258,131,3
2023-05-22,Meta Ads,IG_Retarget,9216.59,17276,209,13
2023-05-22,YouTube Ads,YT_Skippable,5660.47,8613,143,4
2023-05-22,Email,Cart_Recovery,2041.09,5095,156,3
2023-05-22,Organic Search,SEO_Blog,491.76,5246,140,2
2023-05-22,Organic Search,SEO_Category,271.8,3764,99,4
2023-05-22,Affiliate,Affiliate_Network_A,5929.42,5881,188,10
2023-05-22,Affiliate,Affiliate_Network_B,8149.59,12443,305,21
2023-05-22,Referral,Referral_Program,416.45,2091,28,0
2023-05-22,Direct,Direct_Traffic,452.51,6211,179,3
2023-05-23,Google Ads,Search_Generic,10591.26,12833,249,12
2023-05-23,Google Ads,Shopping_Ads,2712.24,5278,195,9
2023-05-23,Meta Ads,FB_Prospecting,1478.55,8660,68,3
2023-05-23,Meta Ads,FB_Lookalike,3490.14,6870,251,7
2023-05-23,YouTube Ads,YT_Skippable,3839.77,12048,384,15
2023-05-23,YouTube Ads,YT_Bumper,876.19,7056,162,3
2023-05-23,Email,Cart_Recovery,129.72,963,6,0
2023-05-23,Email,Win_Back,5137.7,5003,223,6
2023-05-23,Organic Search,SEO_Blog,101.21,17371,108,2
2023-05-23,Affiliate,Affiliate_Network_B,5399.47,6337,127,2
2023-05-23,Direct,Direct_Traffic,426.15,18284,245,19
2023-05-24,Google Ads,Search_Brand,1391.74,10595,85,4
2023-05-24,Google Ads,Search_Generic,10845.95,11077,249,16
2023-05-24,Google Ads,Shopping_Ads,6898.62,8163,212,10
2023-05-24,Google Ads,Display_Retarget,9370.61,6648,297,5
2023-05-24,Meta Ads,FB_Prospecting,620.47,2593,38,1
2023-05-24,Meta Ads,FB_Lookalike,1157.83,1364,43,2
2023-05-24,YouTube Ads,YT_Bumper,786.12,3767,25,0
2023-05-24,Email,Weekly_Newsletter,8304.88,10989,330,13
2023-05-24,Email,Cart_Recovery,1567.59,7522,80,3
2023-05-24,Email,Win_Back,2162.16,10348,196,9
2023-05-24,Organic Search,SEO_Blog,78.65,1375,25,1
2023-05-24,Affiliate,Affiliate_Network_B,11725.17,12542,518,39
2023-05-25,Google Ads,Search_Generic,3096.4,4516,129,9
2023-05-25,Google Ads,Shopping_Ads,2653.67,3522,96,7
2023-05-25,Google Ads,Display_Retarget,14938.21,21267,462,28
2023-05-25,Meta Ads,FB_Prospecting,2794.44,5126,91,5
2023-05-25,Meta Ads,FB_Lookalike,6003.18,7826,167,5
2023-05-25,Email,Weekly_Newsletter,4987.19,3938,137,10
2023-05-25,Email,Win_Back,2311.96,6164,54,3
2023-05-25,Organic Search,SEO_Category,382.53,8281,49,3
2023-05-25,Affiliate,Affiliate_Network_A,6134.79,5333,215,9
2023-05-25,Affiliate,Affiliate_Network_B,3465.49,7959,350,6
2023-05-25,Referral,Referral_Program,,521,3,0
2023-05-26,Google Ads,Search_Brand,2460.76,13059,263,10
2023-05-26,Google Ads,Search_Generic,2317.13,1672,71,2
2023-05-26,Google Ads,Shopping_Ads,17528.46,19975,671,44
2023-05-26,Meta Ads,FB_Prospecting,288.92,3453,28,2
2023-05-26,Meta Ads,IG_Retarget,3470.51,6539,142,3
2023-05-26,Meta Ads,FB_Lookalike,2843.01,6405,282,7
2023-05-26,YouTube Ads,YT_Skippable,16920.62,12420,486,6
2023-05-26,YouTube Ads,YT_Bumper,2013.63,3411,87,4
2023-05-26,Email,Cart_Recovery,170.25,962,9,0
2023-05-26,Organic Search,SEO_Blog,340.76,1379,24,1
2023-05-26,Organic Search,SEO_Category,153.78,4689,32,2
2023-05-26,Affiliate,Affiliate_Network_B,2119.84,5141,221,2
2023-05-26,Referral,Referral_Program,195.17,3496,22,0
2023-05-27,Google Ads,Search_Brand,4023.15,4188,160,12
2023-05-27,Google Ads,Shopping_Ads,2895.85,6663,205,13
2023-05-27,Google Ads,Display_Retarget,1155.64,4372,59,0
2023-05-27,Meta Ads,FB_Prospecting,1477.63,3341,70,2
2023-05-27,Meta Ads,IG_Retarget,1359.16,4644,36,2
2023-05-27,Meta Ads,FB_Lookalike,2753.95,9699,139,1
2023-05-27,YouTube Ads,YT_Skippable,11737.71,7486,295,17
2023-05-27,YouTube Ads,YT_Bumper,9109.43,17096,499,16
2023-05-27,Email,Cart_Recovery,3145.54,14944,276,5
2023-05-27,Email,Win_Back,227.23,8332,73,1
2023-05-27,Affiliate,Affiliate_Network_B,11376.25,15309,499,12
2023-05-27,Direct,Direct_Traffic,20.58,9870,154,7
2023-05-28,Google Ads,Search_Generic,6446.85,3911,174,2
2023-05-28,Google Ads,Shopping_Ads,5951.12,8992,231,17
2023-05-28,Meta Ads,FB_Prospecting,2395.49,4472,175,3
2023-05-28,Meta Ads,IG_Retarget,5842.74,4674,163,9
2023-05-28,Meta Ads,FB_Lookalike,498.12,9740,80,6
2023-05-28,YouTube Ads,YT_Skippable,1172.8,6357,199,3
2023-05-28,YouTube Ads,YT_Bumper,1527.46,1841,41,0
2023-05-28,Email,Weekly_Newsletter,2363.61,5083,210,5
2023-05-28,Email,Cart_Recovery,6159.94,7028,244,3
2023-05-28,Email,Win_Back,14760.3,13594,443,15
2023-05-28,Affiliate,Affiliate_Network_A,1132.0,5803,134,8
2023-05-28,Affiliate,Affiliate_Network_B,331.59,2075,11,0
2023-05-29,Google Ads,Search_Brand,6674.21,10774,410,8
2023-05-29,Google Ads,Shopping_Ads,15424.09,8422,367,26
2023-05-29,Google Ads,Display_Retarget,1543.55,10747,67,2
2023-05-29,Meta Ads,FB_Prospecting,6266.94,5195,185,3
2023-05-29,Meta Ads,IG_Retarget,4703.81,9070,333,7
2023-05-29,Meta Ads,FB_Lookalike,2591.41,3787,65,4
2023-05-29,YouTube Ads,YT_Skippable,9631.83,18497,445,20
2023-05-29,YouTube Ads,YT_Bumper,460.45,2554,21,0
2023-05-29,Email,Weekly_Newsletter,425.85,968,13,1
2023-05-29,Email,Win_Back,1891.2,8291,336,4
2023-05-29,Organic Search,SEO_Blog,456.46,2664,15,0
2023-05-29,Organic Search,SEO_Category,449.05,6896,214,14
2023-05-29,Affiliate,Affiliate_Network_A,1667.21,2836,54,2
2023-05-29,Affiliate,Affiliate_Network_B,5499.8,4739,180,12
2023-05-29,Referral,Referral_Program,401.97,8115,170,12
2023-05-29,Direct,Direct_Traffic,208.14,4902,61,2
2023-05-30,Google Ads,Search_Brand,1272.96,2209,75,3
2023-05-30,Google Ads,Search_Generic,2420.05,4605,151,8
2023-05-30,Google Ads,Shopping_Ads,2260.44,3018,110,1
2023-05-30,Meta Ads,FB_Prospecting,4490.39,11914,352,21
2023-05-30,Meta Ads,IG_Retarget,895.28,921,32,1
2023-05-30,Meta Ads,FB_Lookalike,4293.25,8397,145,6
2023-05-30,YouTube Ads,YT_Skippable,19487.25,10670,445,24
2023-05-30,YouTube Ads,YT_Bumper,544.9,2451,15,1
2023-05-30,Email,Weekly_Newsletter,8599.74,6578,199,4
2023-05-30,Email,Cart_Recovery,1895.87,2439,65,1
2023-05-30,Email,Win_Back,1234.16,1110,37,1
2023-05-30,Organic Search,SEO_Blog,182.95,7990,192,15
2023-05-30,Organic Search,SEO_Category,28.49,6826,85,3
2023-05-30,Affiliate,Affiliate_Network_A,1814.07,1733,42,2
2023-05-30,Affiliate,Affiliate_Network_B,12610.01,11845,443,17
2023-05-30,Referral,Referral_Program,259.39,3720,77,3
2023-05-31,Google Ads,Search_Brand,1100.44,1704,42,2
2023-05-31,Google Ads,Search_Generic,8283.13,5274,210,9
2023-05-31,Google Ads,Shopping_Ads,2800.72,4590,83,3
2023-05-31,Google Ads,Display_Retarget,1171.34,2703,56,3
2023-05-31,Meta Ads,FB_Prospecting,11274.93,10177,351,23
2023-05-31,Meta Ads,IG_Retarget,7173.21,6905,224,7
2023-05-31,Meta Ads,FB_Lookalike,4219.75,2888,115,7
2023-05-31,YouTube Ads,YT_Bumper,3419.21,8474,286,17
2023-05-31,Email,Weekly_Newsletter,2001.22,6002,177,10
2023-05-31,Email,Cart_Recovery,7134.83,6941,186,8
2023-05-31,Email,Win_Back,7141.1,7277,287,20
2023-05-31,Organic Search,SEO_Blog,137.67,3245,55,0
2023-05-31,Affiliate,Affiliate_Network_A,,2140,57,2
2023-05-31,Affiliate,Affiliate_Network_B,1069.53,3421,55,3
2023-05-31,Direct,Direct_Traffic,377.94,13396,409,23
2023-06-01,Google Ads,Search_Brand,8333.0,6059,229,17
2023-06-01,Meta Ads,FB_Prospecting,5565.23,9888,171,6
2023-06-01,Meta Ads,IG_Retarget,10258.06,6748,280,5
2023-06-01,Meta Ads,FB_Lookalike,1098.4,1623,54,2
2023-06-01,YouTube Ads,YT_Skippable,908.31,537,23,0
2023-06-01,YouTube Ads,YT_Bumper,4181.88,6870,152,7
2023-06-01,Email,Weekly_Newsletter,3192.17,9826,160,6
2023-06-01,Email,Cart_Recovery,955.95,2300,56,1
2023-06-01,Email,Win_Back,1634.69,2426,100,1
2023-06-01,Organic Search,SEO_Blog,429.26,8372,77,5
2023-06-01,Organic Search,SEO_Category,379.27,8207,54,3
2023-06-01,Affiliate,Affiliate_Network_A,3332.87,7009,84,5
2023-06-01,Referral,Referral_Program,384.78,12665,196,12
2023-06-01,Direct,Direct_Traffic,297.45,8381,118,4
2023-06-02,Google Ads,Search_Brand,7754.04,4858,209,4
2023-06-02,Google Ads,Search_Generic,431.7,1058,14,0
2023-06-02,Google Ads,Shopping_Ads,5128.95,5707,225,4
2023-06-02,Meta Ads,IG_Retarget,903.84,4850,170,3
2023-06-02,Meta Ads,FB_Lookalike,5922.43,4506,183,13
2023-06-02,YouTube Ads,YT_Bumper,4688.86,10195,324,21
2023-06-02,Email,Weekly_Newsletter,5986.49,5326,182,2
2023-06-02,Email,Cart_Recovery,5994.74,6620,281,13
2023-06-02,Email,Win_Back,1499.05,4612,141,10
2023-06-02,Organic Search,SEO_Blog,313.94,3233,86,5
2023-06-02,Organic Search,SEO_Category,430.4,11972,181,9
2023-06-02,Affiliate,Affiliate_Network_A,1865.2,2287,68,3
2023-06-02,Referral,Referral_Program,182.65,3451,55,0
2023-06-03,Google Ads,Shopping_Ads,958.96,3310,70,2
2023-06-03,Meta Ads,FB_Prospecting,8602.24,4642,207,13
2023-06-03,Meta Ads,IG_Retarget,479.03,12478,133,7
2023-06-03,Meta Ads,FB_Lookalike,588.77,1062,16,0
2023-06-03,YouTube Ads,YT_Bumper,1584.82,4375,38,1
2023-06-03,Email,Weekly_Newsletter,8579.68,11364,358,16
2023-06-03,Email,Cart_Recovery,4218.21,2934,102,1
2023-06-03,Organic Search,SEO_Category,201.58,4766,54,0
2023-06-03,Affiliate,Affiliate_Network_A,23905.71,17513,583,28
2023-06-03,Affiliate,Affiliate_Network_B,5279.98,4327,141,3
2023-06-03,Direct,Direct_Traffic,457.84,3865,171,13
2023-06-04,Google Ads,Shopping_Ads,2802.96,12924,273,19
2023-06-04,Google Ads,Display_Retarget,3224.79,5653,165,11
2023-06-04,Meta Ads,FB_Prospecting,192.63,6863,49,3
2023-06-04,Meta Ads,FB_Lookalike,1402.81,3811,34,1
2023-06-04,YouTube Ads,YT_Skippable,1375.46,1641,65,2
2023-06-04,YouTube Ads,YT_Bumper,944.52,2147,27,0
2023-06-04,Email,Weekly_Newsletter,1800.28,1452,43,2
2023-06-04,Email,Cart_Recovery,4073.79,10000,201,8
2023-06-04,Email,Win_Back,3089.81,3851,114,8
2023-06-04,Organic Search,SEO_Blog,488.41,6757,201,11
2023-06-04,Organic Search,SEO_Category,203.27,5805,54,4
2023-06-04,Affiliate,Affiliate_Network_A,669.72,11356,60,1
2023-06-04,Affiliate,Affiliate_Network_B,136.28,5284,40,1
2023-06-04,Referral,Referral_Program,325.38,4631,81,2
2023-06-04,Direct,Direct_Traffic,446.4,3939,148,8
2023-06-05,Google Ads,Search_Brand,1006.81,5009,49,3
2023-06-05,Google Ads,Search_Generic,695.13,1689,72,2
2023-06-05,Google Ads,Shopping_Ads,211.59,404,6,0
2023-06-05,Meta Ads,IG_Retarget,355.89,9445,90,4
2023-06-05,Meta Ads,FB_Lookalike,1195.78,3072,71,4
2023-06-05,YouTube Ads,YT_Skippable,4879.99,8718,136,4
2023-06-05,YouTube Ads,YT_Bumper,5934.47,7115,248,7
2023-06-05,Email,Win_Back,16925.51,11137,383,26
2023-06-05,Organic Search,SEO_Category,103.59,6497,181,8
2023-06-05,Affiliate,Affiliate_Network_A,5340.4,11139,233,5
2023-06-05,Affiliate,Affiliate_Network_B,1741.95,1660,55,1
2023-06-05,Referral,Referral_Program,468.08,4375,59,0
2023-06-06,Google Ads,Search_Brand,1506.02,3294,39,2
2023-06-06,Google Ads,Search_Generic,264.33,783,9,0
2023-06-06,Google Ads,Shopping_Ads,464.77,2582,26,1
2023-06-06,Meta Ads,IG_Retarget,1379.71,7137,159,1
2023-06-06,Meta Ads,FB_Lookalike,1897.21,10487,402,17
2023-06-06,YouTube Ads,YT_Skippable,,4260,85,4
2023-06-06,Email,Weekly_Newsletter,9857.24,11427,378,6
2023-06-06,Email,Cart_Recovery,452.53,1608,16,0
2023-06-06,Email,Win_Back,152.32,1115,6,0
2023-06-06,Organic Search,SEO_Blog,86.93,15510,511,34
2023-06-06,Organic Search,SEO_Category,347.58,5609,248,17
2023-06-06,Affiliate,Affiliate_Network_A,1902.94,5983,224,17
2023-06-06,Affiliate,Affiliate_Network_B,865.09,1154,40,2
2023-06-06,Referral,Referral_Program,199.65,9729,209,10
2023-06-06,Direct,Direct_Traffic,374.01,3603,64,0
2023-06-07,Google Ads,Search_Brand,3071.4,2638,78,2
2023-06-07,Google Ads,Search_Generic,1252.77,1846,50,3
2023-06-07,Google Ads,Shopping_Ads,1018.63,2769,70,1
2023-06-07,Google Ads,Display_Retarget,413.5,2804,34,0
2023-06-07,Meta Ads,FB_Prospecting,1071.75,2247,42,0
2023-06-07,Meta Ads,FB_Lookalike,2101.23,8498,382,17
2023-06-07,YouTube Ads,YT_Skippable,288.59,1122,18,1
2023-06-07,Email,Weekly_Newsletter,1830.0,4567,125,8
2023-06-07,Email,Cart_Recovery,1656.61,3439,78,1
2023-06-07,Organic Search,SEO_Blog,300.48,5279,79,6
2023-06-07,Organic Search,SEO_Category,231.69,1068,31,1
2023-06-07,Affiliate,Affiliate_Network_A,1496.01,4380,109,2
2023-06-07,Affiliate,Affiliate_Network_B,2627.92,4125,167,10
2023-06-07,Referral,Referral_Program,411.53,3655,143,11
2023-06-08,Google Ads,Search_Brand,5036.0,6200,220,16
2023-06-08,Google Ads,Shopping_Ads,40.82,160,1,0
2023-06-08,Google Ads,Display_Retarget,102.77,1028,7,0
2023-06-08,Meta Ads,FB_Prospecting,1640.92,11381,193,6
2023-06-08,Meta Ads,IG_Retarget,3905.9,2804,107,6
2023-06-08,Meta Ads,FB_Lookalike,3000.77,5460,166,10
2023-06-08,Email,Weekly_Newsletter,3610.96,3930,107,5
2023-06-08,Email,Win_Back,1606.11,3391,80,3
2023-06-08,Organic Search,SEO_Blog,139.89,8738,62,3
2023-06-08,Organic Search,SEO_Category,222.01,5899,178,11
2023-06-08,Affiliate,Affiliate_Network_B,205.51,1104,12,0
2023-06-08,Direct,Direct_Traffic,121.37,1484,55,2
2023-06-09,Google Ads,Search_Brand,6205.52,10958,199,7
2023-06-09,Google Ads,Search_Generic,424.86,1735,17,0
2023-06-09,Google Ads,Shopping_Ads,245.53,2832,20,0
2023-06-09,Meta Ads,IG_Retarget,966.55,3806,32,2
2023-06-09,Meta Ads,FB_Lookalike,6177.81,8827,345,12
2023-06-09,YouTube Ads,YT_Bumper,5272.44,4396,175,11
2023-06-09,Email,Weekly_Newsletter,1491.71,1853,66,2
2023-06-09,Email,Cart_Recovery,3314.48,4861,182,13
2023-06-09,Email,Win_Back,4545.8,10842,400,9
2023-06-09,Organic Search,SEO_Blog,497.36,1730,71,1
2023-06-09,Affiliate,Affiliate_Network_B,1746.55,1601,53,2
2023-06-10,Google Ads,Search_Brand,11993.28,10992,335,14
2023-06-10,Meta Ads,FB_Prospecting,11543.78,7317,314,3
2023-06-10,Meta Ads,IG_Retarget,11488.96,8154,345,11
2023-06-10,Meta Ads,FB_Lookalike,2493.77,8864,81,6
2023-06-10,Email,Weekly_Newsletter,6477.38,5065,166,12
2023-06-10,Email,Cart_Recovery,4413.94,4428,100,4
2023-06-10,Email,Win_Back,14009.98,9936,392,9
2023-06-10,Organic Search,SEO_Blog,49.73,5659,168,8
2023-06-10,Organic Search,SEO_Category,168.11,1316,36,0
2023-06-10,Affiliate,Affiliate_Network_B,1032.01,8057,140,5
2023-06-10,Referral,Referral_Program,,9047,254,8
2023-06-10,Direct,Direct_Traffic,377.78,3001,36,0
2023-06-11,Google Ads,Search_Brand,1263.25,1821,51,1
2023-06-11,Google Ads,Search_Generic,1675.95,10430,440,31
2023-06-11,Google Ads,Display_Retarget,15567.34,14274,418,11
2023-06-11,Meta Ads,FB_Prospecting,398.86,6818,122,1
2023-06-11,Meta Ads,IG_Retarget,176.44,1482,41,2
2023-06-11,Meta Ads,FB_Lookalike,1634.87,9177,126,9
2023-06-11,YouTube Ads,YT_Skippable,15678.42,12190,400,26
2023-06-11,Email,Weekly_Newsletter,1569.49,1996,47,1
2023-06-11,Email,Cart_Recovery,630.51,3550,37,2
2023-06-11,Email,Win_Back,860.92,2726,45,3
2023-06-11,Affiliate,Affiliate_Network_A,772.53,899,39,0
2023-06-11,Affiliate,Affiliate_Network_B,2758.43,3519,75,1
2023-06-12,Google Ads,Search_Generic,3225.26,21481,237,13
2023-06-12,Google Ads,Shopping_Ads,4890.36,10856,457,24
2023-06-12,Google Ads,Display_Retarget,6801.9,9897,166,9
2023-06-12,Meta Ads,IG_Retarget,850.8,4748,204,9
2023-06-12,Meta Ads,FB_Lookalike,6332.79,6558,184,6
2023-06-12,YouTube Ads,YT_Skippable,14905.61,11082,394,27
2023-06-12,Email,Cart_Recovery,1213.04,1829,73,2
2023-06-12,Email,Win_Back,6585.05,16200,578,32
2023-06-12,Organic Search,SEO_Blog,476.33,1034,40,0
2023-06-12,Organic Search,SEO_Category,398.4,17416,229,16
2023-06-12,Affiliate,Affiliate_Network_A,1434.64,4801,48,2
2023-06-12,Referral,Referral_Program,480.83,5062,156,3
2023-06-13,Google Ads,Search_Brand,8513.62,13309,416,9
2023-06-13,Google Ads,Search_Generic,2746.29,10731,239,15
2023-06-13,Google Ads,Shopping_Ads,847.86,9360,95,3
2023-06-13,Meta Ads,FB_Prospecting,3016.38,2581,70,1
2023-06-13,Meta Ads,IG_Retarget,3987.03,11055,180,8
2023-06-13,Meta Ads,FB_Lookalike,4094.7,8927,117,6
2023-06-13,YouTube Ads,YT_Skippable,1658.51,10107,69,0
2023-06-13,YouTube Ads,YT_Bumper,1984.79,5586,72,1
2023-06-13,Email,Weekly_Newsletter,285.32,359,8,0
2023-06-13,Email,Cart_Recovery,3818.56,5381,131,4
2023-06-13,Email,Win_Back,76.24,598,5,0
2023-06-13,Organic Search,SEO_Category,497.53,8773,224,5
2023-06-13,Affiliate,Affiliate_Network_A,22707.43,17224,646,46
2023-06-13,Affiliate,Affiliate_Network_B,3630.35,4762,94,2
2023-06-13,Referral,Referral_Program,70.49,8779,351,8
2023-06-13,Direct,Direct_Traffic,169.16,9943,309,5
2023-06-14,Google Ads,Search_Brand,2306.25,1415,56,3
2023-06-14,Google Ads,Shopping_Ads,10833.13,16594,271,10
2023-06-14,Google Ads,Display_Retarget,8040.21,5712,224,10
2023-06-14,Meta Ads,IG_Retarget,4184.41,6064,124,3
2023-06-14,Meta Ads,FB_Lookalike,206.53,3448,21,1
2023-06-14,YouTube Ads,YT_Skippable,4859.55,4675,183,9
2023-06-14,YouTube Ads,YT_Bumper,2551.5,5409,150,8
2023-06-14,Email,Win_Back,9182.93,12425,216,14
2023-06-14,Organic Search,SEO_Category,20.73,4844,41,0
2023-06-14,Affiliate,Affiliate_Network_A,296.08,1097,21,1
2023-06-14,Referral,Referral_Program,20.13,7879,66,3
2023-06-14,Direct,Direct_Traffic,364.32,3695,131,2
2023-06-15,Google Ads,Search_Generic,6048.2,4162,168,6
2023-06-15,Google Ads,Shopping_Ads,1554.37,7946,318,21
2023-06-15,Google Ads,Display_Retarget,2906.43,2181,95,5
2023-06-15,Meta Ads,IG_Retarget,805.07,2983,78,3
2023-06-15,Meta Ads,FB_Lookalike,1009.36,1429,23,0
2023-06-15,YouTube Ads,YT_Skippable,128.93,6974,37,2
2023-06-15,Email,Weekly_Newsletter,4127.03,11883,301,18
2023-06-15,Email,Win_Back,2610.71,6962,131,7
2023-06-15,Organic Search,SEO_Category,214.27,4218,173,11
2023-06-15,Affiliate,Affiliate_Network_A,377.18,8432,70,3
2023-06-15,Referral,Referral_Program,213.31,8836,238,13
2023-06-15,Direct,Direct_Traffic,18.93,4092,167,2
2023-06-16,Google Ads,Search_Brand,116.26,1807,14,0
2023-06-16,Google Ads,Search_Generic,892.35,1299,38,2
2023-06-16,Google Ads,Shopping_Ads,3238.78,2777,113,7
2023-06-16,Meta Ads,FB_Prospecting,10267.43,5883,261,3
2023-06-16,Meta Ads,FB_Lookalike,474.05,3497,27,1
2023-06-16,YouTube Ads,YT_Skippable,2270.51,7386,283,16
2023-06-16,YouTube Ads,YT_Bumper,709.46,2238,74,1
2023-06-16,Email,Weekly_Newsletter,3194.32,2379,101,4
2023-06-16,Email,Cart_Recovery,4067.84,3896,148,7
2023-06-16,Organic Search,SEO_Category,274.26,9215,407,22
2023-06-16,Affiliate,Affiliate_Network_A,1891.16,4279,153,2
2023-06-16,Referral,Referral_Program,290.93,12440,131,8
2023-06-16,Direct,Direct_Traffic,129.03,5825,242,13
2023-06-17,Google Ads,Search_Brand,3847.02,6760,271,7
2023-06-17,Google Ads,Shopping_Ads,4335.15,9411,101,7
2023-06-17,Google Ads,Display_Retarget,3165.8,4266,165,4
2023-06-17,Meta Ads,FB_Prospecting,541.07,11531,70,1
2023-06-17,Meta Ads,FB_Lookalike,1090.85,6945,42,3
2023-06-17,YouTube Ads,YT_Bumper,1754.32,1560,64,1
2023-06-17,Email,Weekly_Newsletter,1648.84,4891,50,0
2023-06-17,Email,Win_Back,225.32,10690,64,1
2023-06-17,Organic Search,SEO_Category,43.98,2884,85,3
2023-06-17,Affiliate,Affiliate_Network_A,2727.35,2877,71,4
2023-06-17,Affiliate,Affiliate_Network_B,1686.07,4511,132,7
2023-06-17,Direct,Direct_Traffic,40.96,3775,109,6
2023-06-18,Google Ads,Search_Brand,6652.71,8441,326,4
2023-06-18,Google Ads,Shopping_Ads,5659.73,16673,694,27
2023-06-18,Google Ads,Display_Retarget,4852.3,5969,113,4
2023-06-18,Meta Ads,FB_Prospecting,1297.03,6005,33,2
2023-06-18,Meta Ads,IG_Retarget,14971.87,8622,340,10
2023-06-18,YouTube Ads,YT_Skippable,3186.6,2682,87,1
2023-06-18,YouTube Ads,YT_Bumper,8456.25,11099,293,16
2023-06-18,Email,Weekly_Newsletter,1722.84,2910,44,1
2023-06-18,Email,Cart_Recovery,911.16,2705,99,0
2023-06-18,Organic Search,SEO_Blog,270.72,2866,111,4
2023-06-18,Organic Search,SEO_Category,261.52,19115,424,4
2023-06-18,Affiliate,Affiliate_Network_A,300.09,585,12,0
2023-06-18,Affiliate,Affiliate_Network_B,2291.06,4040,70,3
2023-06-18,Referral,Referral_Program,147.55,13846,622,7
2023-06-19,Google Ads,Search_Brand,548.06,4236,50,2
2023-06-19,Google Ads,Search_Generic,1839.95,7016,42,3
2023-06-19,Google Ads,Display_Retarget,6148.56,8662,304,12
2023-06-19,Meta Ads,FB_Prospecting,1727.36,5488,145,6
2023-06-19,Meta Ads,IG_Retarget,417.68,2705,48,2
2023-06-19,YouTube Ads,YT_Skippable,1539.47,7838,112,7
2023-06-19,YouTube Ads,YT_Bumper,257.47,1721,49,1
2023-06-19,Email,Weekly_Newsletter,3383.39,8692,77,1
2023-06-19,Email,Win_Back,4853.25,20617,333,20
2023-06-19,Organic Search,SEO_Blog,271.96,2892,112,1
2023-06-19,Organic Search,SEO_Category,117.47,5289,101,5
2023-06-19,Referral,Referral_Program,267.58,7943,216,16
2023-06-19,Direct,Direct_Traffic,319.86,3165,51,1
2023-06-20,Google Ads,Search_Brand,435.58,2381,15,0
2023-06-20,Google Ads,Search_Generic,5242.75,2939,121,2
2023-06-20,Google Ads,Shopping_Ads,3759.2,6114,141,7
2023-06-20,Google Ads,Display_Retarget,65.13,246,2,0
2023-06-20,Meta Ads,FB_Prospecting,199.17,1534,63,4
2023-06-20,Meta Ads,FB_Lookalike,3471.45,3572,115,6
2023-06-20,YouTube Ads,YT_Bumper,10143.38,14241,307,18
2023-06-21,Google Ads,Search_Brand,9690.34,6730,249,11
2023-06-21,Google Ads,Search_Generic,837.93,4163,78,5
2023-06-21,Meta Ads,FB_Prospecting,14781.96,15792,511,19
2023-06-21,Meta Ads,FB_Lookalike,1550.2,5672,46,2
2023-06-21,YouTube Ads,YT_Skippable,12161.51,8291,320,20
2023-06-21,Email,Weekly_Newsletter,8713.3,7985,307,4
2023-06-21,Email,Cart_Recovery,1898.97,1295,45,3
2023-06-21,Email,Win_Back,844.27,904,25,0
2023-06-21,Organic Search,SEO_Blog,169.9,3592,30,0
2023-06-21,Organic Search,SEO_Category,270.17,6850,164,11
2023-06-21,Affiliate,Affiliate_Network_A,4234.26,2353,99,2
2023-06-21,Affiliate,Affiliate_Network_B,340.04,960,30,1
2023-06-21,Referral,Referral_Program,160.67,6028,230,13
2023-06-21,Direct,Direct_Traffic,46.37,3353,124,2
2023-06-22,Google Ads,Display_Retarget,370.8,1508,22,0
2023-06-22,Meta Ads,FB_Prospecting,2843.77,5175,101,2
2023-06-22,Meta Ads,FB_Lookalike,456.57,2913,24,1
2023-06-22,YouTube Ads,YT_Skippable,106.58,2143,28,1
2023-06-22,YouTube Ads,YT_Bumper,3293.86,5333,106,1
2023-06-22,Email,Weekly_Newsletter,730.47,4986,105,2
2023-06-22,Email,Win_Back,4389.72,14797,247,10
2023-06-22,Organic Search,SEO_Blog,353.88,7191,153,2
2023-06-22,Organic Search,SEO_Category,275.11,4669,39,2
2023-06-22,Affiliate,Affiliate_Network_A,,8964,136,5
2023-06-22,Affiliate,Affiliate_Network_B,1989.95,3018,123,6
2023-06-22,Referral,Referral_Program,373.59,7713,271,11
2023-06-22,Direct,Direct_Traffic,74.28,6060,116,1
2023-06-23,Google Ads,Search_Generic,9893.53,12863,504,10
2023-06-23,Google Ads,Shopping_Ads,4046.18,3227,105,4
2023-06-23,Google Ads,Display_Retarget,646.13,1367,59,3
2023-06-23,Meta Ads,FB_Lookalike,393.25,2313,22,0
2023-06-23,YouTube Ads,YT_Skippable,3999.61,11554,106,5
2023-06-23,YouTube Ads,YT_Bumper,9100.57,6386,264,13
2023-06-23,Email,Weekly_Newsletter,2205.82,1851,57,4
2023-06-23,Email,Cart_Recovery,1031.38,989,24,0
2023-06-23,Email,Win_Back,418.12,328,13,0
2023-06-23,Organic Search,SEO_Blog,425.96,27803,303,9
2023-06-23,Organic Search,SEO_Category,304.5,3105,80,3
2023-06-23,Affiliate,Affiliate_Network_B,818.52,2556,58,3
2023-06-23,Direct,Direct_Traffic,43.63,4397,102,3
2023-06-24,Google Ads,Search_Brand,,8725,295,17
2023-06-24,Google Ads,Search_Generic,4595.94,12120,214,6
2023-06-24,Google Ads,Shopping_Ads,1702.23,4604,62,1
2023-06-24,Meta Ads,IG_Retarget,87.08,1034,27,1
2023-06-24,YouTube Ads,YT_Skippable,13505.16,19794,487,5
2023-06-24,YouTube Ads,YT_Bumper,1206.85,1514,45,3
2023-06-24,Email,Weekly_Newsletter,698.34,2660,64,1
2023-06-24,Email,Cart_Recovery,10070.43,8277,236,8
2023-06-24,Organic Search,SEO_Blog,409.7,5528,213,9
2023-06-24,Organic Search,SEO_Category,289.8,7713,112,4
2023-06-24,Affiliate,Affiliate_Network_B,1075.12,3193,125,8
2023-06-24,Referral,Referral_Program,82.39,10339,228,12
2023-06-25,Google Ads,Display_Retarget,4591.3,3636,150,5
2023-06-25,Meta Ads,IG_Retarget,1003.45,7626,77,3
2023-06-25,Meta Ads,FB_Lookalike,5041.18,7030,138,9
2023-06-25,YouTube Ads,YT_Skippable,465.5,1793,16,0
2023-06-25,YouTube Ads,YT_Bumper,1831.36,2558,51,0
2023-06-25,Email,Cart_Recovery,1920.22,5775,92,4
2023-06-25,Email,Win_Back,1483.07,2158,95,4
2023-06-25,Organic Search,SEO_Blog,187.88,8291,370,28
2023-06-25,Organic Search,SEO_Category,438.59,1149,25,1
2023-06-25,Affiliate,Affiliate_Network_A,2812.96,5266,222,8
2023-06-25,Affiliate,Affiliate_Network_B,671.89,2357,68,0
2023-06-25,Referral,Referral_Program,498.83,7525,219,5
2023-06-25,Direct,Direct_Traffic,459.99,2518,33,1
2023-06-26,Google Ads,Search_Brand,1207.38,6750,263,9
2023-06-26,Google Ads,Search_Generic,635.66,5429,139,9
2023-06-26,Google Ads,Shopping_Ads,2313.99,3646,125,9
2023-06-26,Meta Ads,FB_Prospecting,4667.57,3827,114,4
2023-06-26,Meta Ads,IG_Retarget,4305.04,8952,191,5
2023-06-26,Meta Ads,FB_Lookalike,653.09,4121,169,5
2023-06-26,YouTube Ads,YT_Skippable,6793.57,10314,169,7
2023-06-26,Email,Weekly_Newsletter,11689.74,8412,290,18
2023-06-26,Email,Cart_Recovery,1149.86,3659,30,0
2023-06-26,Organic Search,SEO_Blog,204.6,6945,305,3
2023-06-26,Organic Search,SEO_Category,113.89,3608,98,3
2023-06-26,Affiliate,Affiliate_Network_A,981.41,1103,40,2
2023-06-26,Affiliate,Affiliate_Network_B,267.63,2367,59,1
2023-06-26,Referral,Referral_Program,409.24,4775,98,1
2023-06-26,Direct,Direct_Traffic,491.76,3744,142,5
2023-06-27,Google Ads,Search_Brand,3883.05,11917,516,22
2023-06-27,Google Ads,Search_Generic,5264.66,8228,295,21
2023-06-27,Google Ads,Display_Retarget,3248.13,2703,99,1
2023-06-27,Meta Ads,FB_Prospecting,13309.56,7835,336,19
2023-06-27,Meta Ads,IG_Retarget,6026.15,13565,435,27
2023-06-27,Meta Ads,FB_Lookalike,6168.0,7530,234,13
2023-06-27,YouTube Ads,YT_Skippable,2601.2,3974,70,3
2023-06-27,YouTube Ads,YT_Bumper,2153.57,2572,90,3
2023-06-27,Email,Weekly_Newsletter,5270.54,7525,157,4
2023-06-27,Email,Win_Back,1864.12,2913,43,1
2023-06-27,Organic Search,SEO_Blog,246.92,2718,19,0
2023-06-27,Organic Search,SEO_Category,498.98,5037,82,2
2023-06-27,Affiliate,Affiliate_Network_A,9804.35,5352,239,16
2023-06-27,Referral,Referral_Program,429.51,4850,195,1
2023-06-27,Direct,Direct_Traffic,400.72,15817,515,17
2023-06-28,Google Ads,Search_Brand,2965.49,2840,126,5
2023-06-28,Google Ads,Search_Generic,2177.86,8944,91,5
2023-06-28,Google Ads,Shopping_Ads,1895.57,20955,138,3
2023-06-28,Google Ads,Display_Retarget,907.53,2927,46,3
2023-06-28,Meta Ads,FB_Prospecting,4363.81,7021,191,13
2023-06-28,Meta Ads,IG_Retarget,4734.32,5838,245,8
2023-06-28,Meta Ads,FB_Lookalike,3752.68,2826,85,2
2023-06-28,YouTube Ads,YT_Bumper,42.5,1116,14,0
2023-06-28,Email,Cart_Recovery,10701.77,7299,270,5
2023-06-28,Email,Win_Back,1376.18,11277,115,8
2023-06-28,Organic Search,SEO_Category,5.21,14207,434,26
2023-06-28,Affiliate,Affiliate_Network_A,742.06,3967,23,0
2023-06-28,Affiliate,Affiliate_Network_B,1035.65,1871,42,1
2023-06-28,Referral,Referral_Program,94.32,6380,111,1
2023-06-28,Direct,Direct_Traffic,13.53,3549,31,0
2023-06-29,Google Ads,Search_Brand,3280.66,3116,137,10
2023-06-29,Google Ads,Shopping_Ads,491.61,3690,52,3
2023-06-29,Google Ads,Display_Retarget,527.97,2366,12,0
2023-06-29,Meta Ads,FB_Prospecting,7406.11,6330,182,13
2023-06-29,Meta Ads,IG_Retarget,2408.68,3684,66,1
2023-06-29,Meta Ads,FB_Lookalike,5134.28,7814,148,3
2023-06-29,YouTube Ads,YT_Skippable,3657.75,18299,645,28
2023-06-29,YouTube Ads,YT_Bumper,1438.21,2529,108,5
2023-06-29,Email,Weekly_Newsletter,1931.06,8677,369,4
2023-06-29,Organic Search,SEO_Blog,490.18,6298,146,7
2023-06-29,Organic Search,SEO_Category,1.1,5100,215,7
2023-06-29,Affiliate,Affiliate_Network_A,5238.32,7872,169,4
2023-06-29,Affiliate,Affiliate_Network_B,4853.62,8159,236,13
2023-06-29,Direct,Direct_Traffic,476.29,144,3,0
2023-06-30,Google Ads,Search_Brand,1197.85,5075,198,13
2023-06-30,Google Ads,Search_Generic,129.5,1281,20,0
2023-06-30,Google Ads,Shopping_Ads,1152.75,2666,97,6
2023-06-30,Meta Ads,IG_Retarget,,6377,62,3
2023-06-30,Meta Ads,FB_Lookalike,576.06,9737,60,3
2023-06-30,YouTube Ads,YT_Skippable,5996.77,7044,234,15
2023-06-30,YouTube Ads,YT_Bumper,45.52,2496,12,0
2023-06-30,Email,Cart_Recovery,1366.36,2691,63,2
2023-06-30,Email,Win_Back,322.53,1897,14,0
2023-06-30,Organic Search,SEO_Category,29.03,4497,33,0
2023-06-30,Affiliate,Affiliate_Network_A,8400.86,11296,506,37
2023-06-30,Direct,Direct_Traffic,15.65,5535,64,4
2023-07-01,Google Ads,Search_Brand,272.06,5432,75,0
2023-07-01,Google Ads,Search_Generic,3103.6,3343,112,4
2023-07-01,Google Ads,Shopping_Ads,166.61,473,12,0
2023-07-01,Meta Ads,FB_Prospecting,6927.39,7530,219,14
2023-07-01,Meta Ads,IG_Retarget,3193.51,3199,100,4
2023-07-01,Meta Ads,FB_Lookalike,10539.08,6843,238,14
2023-07-01,YouTube Ads,YT_Bumper,220.1,4308,49,3
2023-07-01,Email,Weekly_Newsletter,4020.94,4322,128,4
2023-07-01,Email,Win_Back,982.4,1305,22,0
2023-07-01,Organic Search,SEO_Category,369.38,12757,452,21
2023-07-01,Affiliate,Affiliate_Network_A,5473.06,17089,648,47
2023-07-01,Affiliate,Affiliate_Network_B,5605.25,3568,137,4
2023-07-01,Direct,Direct_Traffic,323.21,5366,69,5
2023-07-02,Google Ads,Search_Brand,3758.92,4199,135,8
2023-07-02,Google Ads,Search_Generic,691.19,6659,65,1
2023-07-02,Google Ads,Display_Retarget,429.91,432,15,0
2023-07-02,Meta Ads,FB_Prospecting,8698.33,17812,537,27
2023-07-02,Meta Ads,FB_Lookalike,1665.15,8093,353,13
2023-07-02,YouTube Ads,YT_Skippable,1446.9,2886,63,4
2023-07-02,Email,Win_Back,360.91,2168,46,3
2023-07-02,Organic Search,SEO_Blog,29.08,13757,174,13
2023-07-02,Organic Search,SEO_Category,196.59,2795,48,2
2023-07-02,Affiliate,Affiliate_Network_A,2402.49,1711,59,0
2023-07-02,Referral,Referral_Program,392.05,3243,92,1
2023-07-03,Google Ads,Search_Generic,3925.33,2310,92,4
2023-07-03,Meta Ads,FB_Prospecting,1225.85,10554,198,2
2023-07-03,Meta Ads,FB_Lookalike,2094.18,8654,388,17
2023-07-03,YouTube Ads,YT_Skippable,10390.24,10156,386,17
2023-07-03,Email,Weekly_Newsletter,1048.79,3888,41,1
2023-07-03,Email,Win_Back,731.89,1677,32,1
2023-07-03,Organic Search,SEO_Category,340.03,3192,106,2
2023-07-03,Affiliate,Affiliate_Network_A,1070.28,2092,68,5
2023-07-03,Affiliate,Affiliate_Network_B,,3385,110,6
2023-07-03,Direct,Direct_Traffic,426.37,13920,215,7
2023-07-04,Google Ads,Search_Generic,2371.03,2036,87,4
2023-07-04,Google Ads,Shopping_Ads,2114.25,1198,51,0
2023-07-04,Meta Ads,FB_Prospecting,3616.8,3337,135,1
2023-07-04,Meta Ads,FB_Lookalike,870.43,2711,34,0
2023-07-04,YouTube Ads,YT_Skippable,560.83,1780,18,0
2023-07-04,YouTube Ads,YT_Bumper,,6032,206,15
2023-07-04,Email,Weekly_Newsletter,1321.56,11365,395,22
2023-07-04,Email,Win_Back,3932.93,11237,375,11
2023-07-04,Organic Search,SEO_Blog,364.1,1653,8,0
2023-07-04,Organic Search,SEO_Category,85.36,1397,29,1
2023-07-04,Affiliate,Affiliate_Network_A,1473.48,4634,179,10
2023-07-04,Affiliate,Affiliate_Network_B,6734.72,5394,209,8
2023-07-04,Referral,Referral_Program,276.55,2992,27,0
2023-07-05,Google Ads,Search_Generic,3258.49,7651,296,9
2023-07-05,Google Ads,Display_Retarget,1820.71,5614,66,5
2023-07-05,Meta Ads,FB_Prospecting,3525.76,7226,244,9
2023-07-05,Meta Ads,IG_Retarget,5899.79,8680,163,9
2023-07-05,YouTube Ads,YT_Skippable,4068.56,8518,177,13
2023-07-05,YouTube Ads,YT_Bumper,215.24,1140,15,0
2023-07-05,Email,Weekly_Newsletter,587.08,4712,86,6
2023-07-05,Email,Cart_Recovery,2663.14,3650,139,6
2023-07-05,Email,Win_Back,940.73,3780,140,9
2023-07-05,Organic Search,SEO_Blog,157.37,897,20,0
2023-07-05,Affiliate,Affiliate_Network_A,8438.33,11696,359,22
2023-07-05,Affiliate,Affiliate_Network_B,1653.61,5964,137,3
2023-07-05,Referral,Referral_Program,295.53,3906,100,3
2023-07-05,Direct,Direct_Traffic,384.04,6625,87,3
2023-07-06,Google Ads,Search_Brand,3840.64,3878,134,6
2023-07-06,Google Ads,Search_Generic,6434.81,9926,191,12
2023-07-06,Google Ads,Display_Retarget,1065.48,2621,52,1
2023-07-06,Meta Ads,FB_Prospecting,367.72,1414,11,0
2023-07-06,Meta Ads,IG_Retarget,125.94,1137,11,0
2023-07-06,YouTube Ads,YT_Skippable,389.13,968,19,0
2023-07-06,YouTube Ads,YT_Bumper,2758.26,2355,78,3
2023-07-06,Email,Win_Back,2431.14,3598,154,7
2023-07-06,Organic Search,SEO_Blog,312.38,9832,149,3
2023-07-06,Organic Search,SEO_Category,239.23,8665,243,11
2023-07-06,Affiliate,Affiliate_Network_A,,4792,34,1
2023-07-06,Referral,Referral_Program,218.68,6446,77,1
2023-07-07,Google Ads,Search_Generic,2065.25,3947,148,11
2023-07-07,Google Ads,Shopping_Ads,256.32,2633,41,1
2023-07-07,YouTube Ads,YT_Skippable,3057.05,11291,103,4
2023-07-07,Email,Weekly_Newsletter,5474.47,5476,197,8
2023-07-07,Email,Cart_Recovery,607.95,10511,117,8
2023-07-07,Organic Search,SEO_Category,114.95,11560,342,8
2023-07-07,Affiliate,Affiliate_Network_A,3787.99,9333,87,0
2023-07-08,Google Ads,Search_Brand,5996.59,3707,141,8
2023-07-08,Google Ads,Search_Generic,12600.98,10325,450,30
2023-07-08,Google Ads,Shopping_Ads,4459.45,14037,174,2
2023-07-08,Meta Ads,FB_Prospecting,3679.52,11778,219,2
2023-07-08,Meta Ads,IG_Retarget,17369.74,18579,757,57
2023-07-08,Meta Ads,FB_Lookalike,2122.62,8580,138,10
2023-07-08,YouTube Ads,YT_Bumper,2012.16,3203,121,4
2023-07-08,Email,Weekly_Newsletter,800.15,1993,83,6
2023-07-08,Email,Cart_Recovery,524.75,1454,18,0
2023-07-08,Email,Win_Back,4835.99,8867,141,8
2023-07-08,Organic Search,SEO_Blog,282.36,3585,89,4
2023-07-08,Organic Search,SEO_Category,151.72,1909,34,1
2023-07-08,Affiliate,Affiliate_Network_A,1384.14,4661,82,5
2023-07-08,Affiliate,Affiliate_Network_B,1918.33,4645,107,4
2023-07-08,Referral,Referral_Program,135.16,4145,134,9
2023-07-08,Direct,Direct_Traffic,94.23,14037,484,22
2023-07-09,Google Ads,Search_Generic,1144.59,6026,248,18
2023-07-09,Google Ads,Shopping_Ads,1598.1,4376,52,0
2023-07-09,Google Ads,Display_Retarget,4161.59,4411,127,3
2023-07-09,Meta Ads,FB_Prospecting,7970.41,7261,304,18
2023-07-09,Meta Ads,IG_Retarget,666.33,7018,84,6
2023-07-09,Meta Ads,FB_Lookalike,3606.84,2662,114,8
2023-07-09,YouTube Ads,YT_Skippable,963.53,3363,59,0
2023-07-09,YouTube Ads,YT_Bumper,486.07,3933,30,2
2023-07-09,Email,Weekly_Newsletter,97.32,3474,24,1
2023-07-09,Email,Win_Back,171.7,2051,28,1
2023-07-09,Organic Search,SEO_Category,441.76,5909,108,7
2023-07-09,Affiliate,Affiliate_Network_A,1484.95,1751,52,1
2023-07-09,Referral,Referral_Program,253.2,8934,283,16
2023-07-09,Direct,Direct_Traffic,30.7,5845,208,13
2023-07-10,Meta Ads,IG_Retarget,292.88,761,7,0
2023-07-10,YouTube Ads,YT_Skippable,2892.73,13206,541,42
2023-07-10,YouTube Ads,YT_Bumper,2396.18,4205,70,1
2023-07-10,Email,Weekly_Newsletter,2855.97,7689,88,5
2023-07-10,Email,Cart_Recovery,453.56,1872,55,2
2023-07-10,Email,Win_Back,26475.04,15296,672,36
2023-07-10,Organic Search,SEO_Blog,63.23,4078,153,8
2023-07-10,Affiliate,Affiliate_Network_A,1691.83,5263,123,6
2023-07-10,Affiliate,Affiliate_Network_B,5248.84,7502,130,10
2023-07-10,Direct,Direct_Traffic,187.24,7740,279,18
2023-07-11,Google Ads,Shopping_Ads,9963.85,8980,326,15
2023-07-11,Google Ads,Display_Retarget,1947.88,2763,45,3
2023-07-11,Meta Ads,FB_Prospecting,6750.45,11215,385,14
2023-07-11,Meta Ads,FB_Lookalike,463.94,5375,70,5
2023-07-11,YouTube Ads,YT_Skippable,8796.59,5176,213,11
2023-07-11,Email,Weekly_Newsletter,4992.33,11708,354,6
2023-07-11,Email,Cart_Recovery,1770.65,4746,74,2
2023-07-11,Organic Search,SEO_Blog,,7291,61,2
2023-07-11,Organic Search,SEO_Category,149.01,4868,70,1
2023-07-11,Affiliate,Affiliate_Network_B,1331.51,1936,72,2
2023-07-11,Referral,Referral_Program,190.59,3977,114,8
2023-07-11,Direct,Direct_Traffic,326.08,5768,75,2
2023-07-12,Google Ads,Shopping_Ads,2919.36,4645,176,3
2023-07-12,Meta Ads,FB_Prospecting,8377.69,14571,573,21
2023-07-12,Meta Ads,IG_Retarget,5145.82,4436,188,6
2023-07-12,Meta Ads,FB_Lookalike,2318.0,4971,85,4
2023-07-12,YouTube Ads,YT_Bumper,917.79,5685,212,7
2023-07-12,Email,Weekly_Newsletter,3526.21,5081,189,11
2023-07-12,Email,Cart_Recovery,516.68,4352,96,2
2023-07-12,Email,Win_Back,1247.95,12498,119,6
2023-07-12,Organic Search,SEO_Blog,307.03,8417,322,22
2023-07-12,Affiliate,Affiliate_Network_A,4073.23,6895,246,12
2023-07-12,Referral,Referral_Program,64.59,6644,210,4
2023-07-13,Google Ads,Shopping_Ads,1484.17,4554,35,1
2023-07-13,Google Ads,Display_Retarget,1568.36,1473,55,2
2023-07-13,Meta Ads,FB_Prospecting,,6290,216,9
2023-07-13,Meta Ads,IG_Retarget,4161.04,6115,176,7
2023-07-13,YouTube Ads,YT_Skippable,6485.12,4167,184,7
2023-07-13,YouTube Ads,YT_Bumper,1681.45,5925,101,1
2023-07-13,Email,Weekly_Newsletter,1046.75,3906,63,1
2023-07-13,Email,Cart_Recovery,8455.17,15507,361,10
2023-07-13,Organic Search,SEO_Category,325.82,10497,411,28
2023-07-13,Affiliate,Affiliate_Network_A,2287.53,1757,55,3
2023-07-13,Affiliate,Affiliate_Network_B,446.85,872,26,0
2023-07-13,Referral,Referral_Program,166.46,9818,342,6
2023-07-14,Google Ads,Search_Brand,1062.81,4264,90,5
2023-07-14,Google Ads,Shopping_Ads,654.54,1540,16,1
2023-07-14,Google Ads,Display_Retarget,2192.81,7486,195,15
2023-07-14,Meta Ads,FB_Prospecting,2563.28,2858,115,6
2023-07-14,Meta Ads,IG_Retarget,3383.88,7794,102,7
2023-07-14,Meta Ads,FB_Lookalike,8130.61,7719,275,12
2023-07-14,YouTube Ads,YT_Skippable,928.33,10300,185,2
2023-07-14,Email,Weekly_Newsletter,1753.8,9855,89,3
2023-07-14,Email,Cart_Recovery,784.08,6910,106,7
2023-07-14,Organic Search,SEO_Blog,311.6,4118,163,11
2023-07-14,Organic Search,SEO_Category,163.06,8779,185,10
2023-07-14,Affiliate,Affiliate_Network_B,123.6,1294,12,0
2023-07-14,Referral,Referral_Program,98.08,7109,135,7
2023-07-15,Google Ads,Search_Brand,2341.53,2467,78,1
2023-07-15,Google Ads,Shopping_Ads,6225.64,9215,314,10
2023-07-15,Google Ads,Display_Retarget,2537.29,3208,97,3
2023-07-15,Meta Ads,FB_Prospecting,9970.22,8135,318,22
2023-07-15,Meta Ads,IG_Retarget,1608.4,6120,41,1
2023-07-15,YouTube Ads,YT_Bumper,4404.55,4386,141,5
2023-07-15,Organic Search,SEO_Category,338.86,6630,247,8
2023-07-15,Affiliate,Affiliate_Network_A,2300.72,5683,164,11
2023-07-15,Affiliate,Affiliate_Network_B,1034.0,1799,34,1
2023-07-15,Referral,Referral_Program,114.69,2831,35,1
2023-07-15,Direct,Direct_Traffic,441.32,16581,268,6
2023-07-16,Google Ads,Search_Brand,24696.13,21526,794,50
2023-07-16,Google Ads,Shopping_Ads,372.21,1217,39,2
2023-07-16,Google Ads,Display_Retarget,579.39,1009,31,0
2023-07-16,Meta Ads,IG_Retarget,668.38,12532,107,3
2023-07-16,Meta Ads,FB_Lookalike,3336.62,8308,87,4
2023-07-16,YouTube Ads,YT_Skippable,3440.79,3899,83,5
2023-07-16,YouTube Ads,YT_Bumper,1463.62,3969,148,7
2023-07-16,Email,Win_Back,5994.54,14513,375,12
2023-07-16,Organic Search,SEO_Blog,133.88,20200,774,53
2023-07-16,Organic Search,SEO_Category,171.24,5531,199,13
2023-07-16,Affiliate,Affiliate_Network_A,4713.61,2957,119,4
2023-07-16,Referral,Referral_Program,,2493,57,3
2023-07-16,Direct,Direct_Traffic,319.19,1296,11,0
2023-07-17,Google Ads,Shopping_Ads,10204.34,15329,253,19
2023-07-17,Google Ads,Display_Retarget,4308.78,10949,333,7
2023-07-17,Meta Ads,FB_Prospecting,1477.1,884,35,2
2023-07-17,Meta Ads,IG_Retarget,822.23,954,21,1
2023-07-17,Meta Ads,FB_Lookalike,252.36,1883,59,2
2023-07-17,YouTube Ads,YT_Skippable,2031.49,5410,152,2
2023-07-17,Email,Weekly_Newsletter,731.96,2421,25,1
2023-07-17,Email,Cart_Recovery,5149.13,6205,138,10
2023-07-17,Email,Win_Back,17471.84,14816,522,21
2023-07-17,Organic Search,SEO_Category,150.31,8599,242,13
2023-07-17,Affiliate,Affiliate_Network_A,6509.81,4197,152,12
2023-07-17,Affiliate,Affiliate_Network_B,160.7,459,20,1
2023-07-17,Referral,Referral_Program,136.77,1273,16,0
2023-07-17,Direct,Direct_Traffic,44.05,7640,98,4
2023-07-18,Google Ads,Search_Brand,671.02,3776,24,0
2023-07-18,Google Ads,Search_Generic,,7367,155,8
2023-07-18,Google Ads,Shopping_Ads,394.2,474,10,0
2023-07-18,Google Ads,Display_Retarget,324.08,4320,85,4
2023-07-18,Meta Ads,FB_Prospecting,2404.36,13445,365,25
2023-07-18,Meta Ads,IG_Retarget,424.22,3359,31,1
2023-07-18,Meta Ads,FB_Lookalike,15368.31,12214,452,13
2023-07-18,YouTube Ads,YT_Skippable,234.46,4010,29,0
2023-07-18,YouTube Ads,YT_Bumper,702.84,1820,30,0
2023-07-18,Email,Weekly_Newsletter,2848.13,3043,133,6
2023-07-18,Email,Cart_Recovery,621.08,1831,25,1
2023-07-18,Email,Win_Back,1832.46,10084,92,4
2023-07-18,Organic Search,SEO_Blog,359.86,6248,111,4
2023-07-18,Organic Search,SEO_Category,143.17,24255,653,48
2023-07-18,Affiliate,Affiliate_Network_A,1453.67,6672,47,2
2023-07-18,Affiliate,Affiliate_Network_B,3202.23,7982,272,4
2023-07-18,Referral,Referral_Program,219.58,12564,358,21
2023-07-18,Direct,Direct_Traffic,127.51,7436,249,14
2023-07-19,Google Ads,Search_Brand,1348.52,2722,69,1
2023-07-19,Google Ads,Search_Generic,76.43,598,12,0
2023-07-19,Google Ads,Shopping_Ads,512.74,6115,146,10
2023-07-19,Google Ads,Display_Retarget,1519.28,6950,40,0
2023-07-19,Meta Ads,FB_Lookalike,1904.71,4795,61,3
2023-07-19,YouTube Ads,YT_Skippable,332.79,3482,88,1
2023-07-19,YouTube Ads,YT_Bumper,121.83,3539,20,1
2023-07-19,Email,Weekly_Newsletter,2277.5,2131,69,1
2023-07-19,Email,Cart_Recovery,10105.53,9411,252,5
2023-07-19,Organic Search,SEO_Blog,320.2,3550,132,9
2023-07-19,Organic Search,SEO_Category,176.85,3383,116,4
2023-07-19,Affiliate,Affiliate_Network_A,2232.76,11479,61,4
2023-07-19,Referral,Referral_Program,329.08,3271,85,2
2023-07-19,Direct,Direct_Traffic,210.09,5670,45,0
2023-07-20,Google Ads,Search_Brand,2465.57,3854,158,8
2023-07-20,Google Ads,Shopping_Ads,1259.03,4239,44,2
2023-07-20,Google Ads,Display_Retarget,3221.34,9964,188,5
2023-07-20,Meta Ads,FB_Prospecting,387.66,3486,42,0
2023-07-20,Meta Ads,FB_Lookalike,4156.96,2723,99,1
2023-07-20,YouTube Ads,YT_Skippable,2434.25,3243,66,4
2023-07-20,YouTube Ads,YT_Bumper,6948.49,5909,168,8
2023-07-20,Email,Weekly_Newsletter,2042.76,11434,158,6
2023-07-20,Email,Cart_Recovery,13086.2,12618,443,5
2023-07-20,Email,Win_Back,2477.49,6286,69,2
2023-07-20,Organic Search,SEO_Blog,203.17,5747,82,3
2023-07-20,Organic Search,SEO_Category,348.34,12251,245,9
2023-07-20,Referral,Referral_Program,409.52,5557,208,4
2023-07-20,Direct,Direct_Traffic,418.3,6660,117,1
2023-07-21,Google Ads,Search_Generic,1008.6,3413,99,7
2023-07-21,Google Ads,Display_Retarget,7305.28,11975,292,19
2023-07-21,Meta Ads,FB_Prospecting,8438.21,9291,353,15
2023-07-21,Meta Ads,IG_Retarget,764.72,8445,81,5
2023-07-21,Meta Ads,FB_Lookalike,2372.79,9231,87,0
2023-07-21,YouTube Ads,YT_Bumper,11206.58,11161,280,20
2023-07-21,Email,Cart_Recovery,483.41,3183,33,0
2023-07-21,Organic Search,SEO_Category,464.03,954,32,2
2023-07-21,Affiliate,Affiliate_Network_B,718.69,3541,30,0
2023-07-21,Referral,Referral_Program,438.0,3171,138,3
2023-07-21,Direct,Direct_Traffic,306.01,13216,569,17
2023-07-22,Google Ads,Search_Brand,964.76,4859,125,6
2023-07-22,Google Ads,Search_Generic,2478.25,6549,286,19
2023-07-22,Google Ads,Shopping_Ads,2675.17,3934,65,1
2023-07-22,Google Ads,Display_Retarget,11095.85,6022,256,15
2023-07-22,Meta Ads,FB_Prospecting,1584.34,8733,368,26
2023-07-22,Meta Ads,IG_Retarget,535.15,2635,72,2
2023-07-22,Meta Ads,FB_Lookalike,8482.93,7563,307,5
2023-07-22,YouTube Ads,YT_Bumper,4564.39,5489,118,8
2023-07-22,Email,Weekly_Newsletter,1117.07,5412,52,3
2023-07-22,Email,Cart_Recovery,2424.0,14229,117,7
2023-07-22,Organic Search,SEO_Blog,489.89,3739,161,11
2023-07-22,Affiliate,Affiliate_Network_A,1022.99,3114,44,3
2023-07-22,Referral,Referral_Program,331.2,5160,72,3
2023-07-22,Direct,Direct_Traffic,191.82,6211,197,2
2023-07-23,Google Ads,Search_Brand,695.7,2710,59,1
2023-07-23,Google Ads,Search_Generic,1161.06,6486,124,6
2023-07-23,Google Ads,Shopping_Ads,1184.44,803,31,1
2023-07-23,Google Ads,Display_Retarget,2537.43,5631,122,7
2023-07-23,Meta Ads,FB_Prospecting,2376.96,5300,100,6
2023-07-23,Meta Ads,IG_Retarget,989.43,8654,62,2
2023-07-23,YouTube Ads,YT_Skippable,2254.56,4967,137,6
2023-07-23,YouTube Ads,YT_Bumper,1101.34,3600,97,3
2023-07-23,Email,Weekly_Newsletter,2082.04,3410,116,3
2023-07-23,Email,Win_Back,1462.94,6238,99,4
2023-07-23,Organic Search,SEO_Blog,240.1,2592,96,3
2023-07-23,Organic Search,SEO_Category,89.65,7686,283,8
2023-07-23,Affiliate,Affiliate_Network_A,5299.97,4513,159,7
2023-07-23,Affiliate,Affiliate_Network_B,1647.89,1903,51,0
2023-07-23,Direct,Direct_Traffic,262.13,4248,155,2
2023-07-24,Google Ads,Shopping_Ads,989.19,4164,83,1
2023-07-24,Google Ads,Display_Retarget,4663.14,5288,181,6
2023-07-24,Meta Ads,IG_Retarget,1395.26,3940,104,5
2023-07-24,Meta Ads,FB_Lookalike,4808.38,5075,200,4
2023-07-24,YouTube Ads,YT_Bumper,1974.95,3044,57,1
2023-07-24,Email,Weekly_Newsletter,1263.42,1800,53,3
2023-07-24,Email,Cart_Recovery,2169.21,4479,97,2
2023-07-24,Email,Win_Back,2141.48,4580,58,0
2023-07-24,Organic Search,SEO_Blog,354.22,4884,214,14
2023-07-24,Organic Search,SEO_Category,238.38,6169,94,4
2023-07-24,Affiliate,Affiliate_Network_A,720.99,7747,74,3
2023-07-24,Affiliate,Affiliate_Network_B,1988.67,1916,49,2
2023-07-24,Referral,Referral_Program,203.45,2684,49,2
2023-07-24,Direct,Direct_Traffic,221.37,8438,52,0
2023-07-25,Google Ads,Search_Generic,3707.5,2208,94,6
2023-07-25,Meta Ads,IG_Retarget,15223.23,20867,794,42
2023-07-25,Meta Ads,FB_Lookalike,932.73,2172,26,0
2023-07-25,YouTube Ads,YT_Skippable,208.46,2757,44,2
2023-07-25,YouTube Ads,YT_Bumper,28128.4,20017,869,58
2023-07-25,Organic Search,SEO_Blog,317.37,3686,28,0
2023-07-25,Organic Search,SEO_Category,237.49,16221,175,8
2023-07-25,Affiliate,Affiliate_Network_A,847.22,1659,33,2
2023-07-25,Affiliate,Affiliate_Network_B,263.83,1197,23,1
2023-07-25,Referral,Referral_Program,,3491,118,1
2023-07-25,Direct,Direct_Traffic,326.79,3547,91,3
2023-07-26,Google Ads,Search_Brand,5361.89,13276,402,12
2023-07-26,Google Ads,Search_Generic,982.15,8517,52,2
2023-07-26,Google Ads,Shopping_Ads,1452.89,1841,34,2
2023-07-26,Google Ads,Display_Retarget,6430.41,6331,146,10
2023-07-26,Meta Ads,FB_Lookalike,15348.27,11668,367,27
2023-07-26,Email,Weekly_Newsletter,2266.31,6207,73,1
2023-07-26,Email,Cart_Recovery,4782.4,10586,145,11
2023-07-26,Email,Win_Back,2417.4,3705,65,2
2023-07-26,Affiliate,Affiliate_Network_A,832.9,8947,50,1
2023-07-26,Affiliate,Affiliate_Network_B,5073.66,5136,117,6
2023-07-26,Direct,Direct_Traffic,439.03,7152,145,10
2023-07-27,Google Ads,Search_Brand,192.2,2409,62,4
2023-07-27,Google Ads,Search_Generic,10443.53,8233,303,18
2023-07-27,Google Ads,Shopping_Ads,1848.4,13278,492,13
2023-07-27,Google Ads,Display_Retarget,5537.11,9011,152,8
2023-07-27,Meta Ads,FB_Prospecting,1353.08,3911,40,0
2023-07-27,Meta Ads,IG_Retarget,2884.36,3952,129,7
2023-07-27,Meta Ads,FB_Lookalike,30.87,1032,9,0
2023-07-27,YouTube Ads,YT_Bumper,2296.06,2011,61,3
2023-07-27,Email,Weekly_Newsletter,19465.28,15894,526,36
2023-07-27,Email,Win_Back,734.33,7151,84,2
2023-07-27,Organic Search,SEO_Category,350.18,6361,201,5
2023-07-27,Affiliate,Affiliate_Network_A,323.16,2078,29,1
2023-07-27,Affiliate,Affiliate_Network_B,8702.3,6834,305,16
2023-07-27,Direct,Direct_Traffic,439.51,6475,107,4
2023-07-28,Google Ads,Search_Brand,1232.17,11517,86,5
2023-07-28,Google Ads,Search_Generic,5060.45,5065,188,9
2023-07-28,Google Ads,Shopping_Ads,2619.05,10550,128,1
2023-07-28,Google Ads,Display_Retarget,1646.61,2896,73,2
2023-07-28,Meta Ads,FB_Prospecting,7664.48,8359,297,18
2023-07-28,YouTube Ads,YT_Skippable,1009.05,10823,155,4
2023-07-28,Email,Cart_Recovery,351.19,2867,24,0
2023-07-28,Organic Search,SEO_Category,426.78,4910,178,8
2023-07-28,Affiliate,Affiliate_Network_A,1722.29,2748,65,4
2023-07-28,Referral,Referral_Program,467.47,1791,58,2
2023-07-28,Direct,Direct_Traffic,90.58,2493,88,5
2023-07-29,Google Ads,Search_Brand,2902.57,3513,65,2
2023-07-29,Google Ads,Shopping_Ads,249.05,537,6,0
2023-07-29,Google Ads,Display_Retarget,693.58,12671,86,5
2023-07-29,Meta Ads,FB_Prospecting,1158.7,3518,57,3
2023-07-29,Meta Ads,IG_Retarget,1843.39,8080,219,7
2023-07-29,YouTube Ads,YT_Skippable,6510.81,7815,211,4
2023-07-29,YouTube Ads,YT_Bumper,9781.78,9034,280,21
2023-07-29,Email,Weekly_Newsletter,6335.3,6746,167,4
2023-07-29,Email,Cart_Recovery,8939.93,6044,223,14
2023-07-29,Organic Search,SEO_Blog,159.7,732,8,0
2023-07-29,Organic Search,SEO_Category,50.83,8853,180,6
2023-07-29,Affiliate,Affiliate_Network_B,667.95,2529,20,0
2023-07-29,Referral,Referral_Program,265.24,7538,141,6
2023-07-30,Google Ads,Search_Brand,374.26,1696,18,0
2023-07-30,Google Ads,Search_Generic,7856.78,9749,241,10
2023-07-30,Google Ads,Shopping_Ads,516.4,2586,18,1
2023-07-30,Google Ads,Display_Retarget,8424.54,5987,243,10
2023-07-30,Meta Ads,FB_Prospecting,468.33,1065,15,0
2023-07-30,Meta Ads,FB_Lookalike,15161.21,10067,442,14
2023-07-30,YouTube Ads,YT_Skippable,835.56,558,21,1
2023-07-30,YouTube Ads,YT_Bumper,1873.0,6153,102,3
2023-07-30,Email,Weekly_Newsletter,8398.98,8317,338,6
2023-07-30,Email,Cart_Recovery,8839.92,11326,277,11
2023-07-30,Email,Win_Back,5292.92,9414,142,7
2023-07-30,Organic Search,SEO_Blog,142.77,3221,95,5
2023-07-30,Organic Search,SEO_Category,256.31,3023,129,5
2023-07-30,Affiliate,Affiliate_Network_B,9071.45,10401,348,14
2023-07-30,Referral,Referral_Program,369.18,12139,92,2
2023-07-30,Direct,Direct_Traffic,494.51,2630,88,6
2023-07-31,Google Ads,Search_Brand,2853.75,3706,139,2
2023-07-31,Google Ads,Display_Retarget,3306.84,5872,129,4
2023-07-31,Meta Ads,FB_Prospecting,8288.14,10447,394,26
2023-07-31,Meta Ads,IG_Retarget,625.0,8300,66,1
2023-07-31,YouTube Ads,YT_Skippable,3448.61,4186,134,10
2023-07-31,YouTube Ads,YT_Bumper,1043.1,1820,49,1
2023-07-31,Email,Weekly_Newsletter,3895.17,5114,102,2
2023-07-31,Email,Cart_Recovery,4178.13,4639,137,5
2023-07-31,Email,Win_Back,1138.64,3417,36,1
2023-07-31,Affiliate,Affiliate_Network_A,1145.07,7031,234,11
2023-07-31,Affiliate,Affiliate_Network_B,6985.34,13448,265,7
2023-07-31,Direct,Direct_Traffic,80.25,12469,422,13
2023-08-01,Google Ads,Search_Brand,5764.55,15978,216,5
2023-08-01,Google Ads,Search_Generic,9329.71,8591,232,17
2023-08-01,Google Ads,Display_Retarget,516.16,6114,32,2
2023-08-01,Meta Ads,FB_Prospecting,467.87,6251,60,0
2023-08-01,Meta Ads,IG_Retarget,817.52,2647,88,6
2023-08-01,Meta Ads,FB_Lookalike,1439.12,994,44,1
2023-08-01,YouTube Ads,YT_Skippable,10345.54,8965,293,18
2023-08-01,YouTube Ads,YT_Bumper,12337.8,16641,367,24
2023-08-01,Email,Weekly_Newsletter,444.76,1572,44,1
2023-08-01,Email,Cart_Recovery,5316.53,8395,136,4
2023-08-01,Email,Win_Back,1405.56,4078,53,3
2023-08-01,Organic Search,SEO_Category,217.33,6115,253,14
2023-08-01,Referral,Referral_Program,490.19,3135,128,4
2023-08-01,Direct,Direct_Traffic,119.34,3181,134,7
2023-08-02,Google Ads,Search_Brand,838.09,6577,45,3
2023-08-02,Google Ads,Search_Generic,908.38,3227,73,3
2023-08-02,Google Ads,Shopping_Ads,1056.4,6578,113,7
2023-08-02,Google Ads,Display_Retarget,913.32,3559,158,2
2023-08-02,Meta Ads,FB_Prospecting,12851.28,11655,332,11
2023-08-02,Meta Ads,IG_Retarget,246.59,1728,70,3
2023-08-02,Meta Ads,FB_Lookalike,1859.02,1366,49,1
2023-08-02,YouTube Ads,YT_Skippable,7016.16,7651,168,5
2023-08-02,YouTube Ads,YT_Bumper,262.3,1619,23,1
2023-08-02,Email,Weekly_Newsletter,2304.96,2706,55,2
2023-08-02,Organic Search,SEO_Blog,282.36,4090,23,1
2023-08-02,Referral,Referral_Program,240.79,1228,49,3
2023-08-03,Google Ads,Search_Brand,11086.02,15819,398,5
2023-08-03,Google Ads,Search_Generic,2127.18,2449,85,5
2023-08-03,Google Ads,Display_Retarget,1359.23,5934,92,3
2023-08-03,Meta Ads,IG_Retarget,978.96,3131,60,4
2023-08-03,Meta Ads,FB_Lookalike,7265.76,16128,651,46
2023-08-03,YouTube Ads,YT_Bumper,528.6,2901,98,7
2023-08-03,Email,Weekly_Newsletter,3565.3,4980,113,8
2023-08-03,Email,Win_Back,367.58,2903,17,0
2023-08-03,Organic Search,SEO_Blog,459.83,1280,34,2
2023-08-03,Organic Search,SEO_Category,267.46,4521,196,4
2023-08-03,Affiliate,Affiliate_Network_A,4906.59,5075,173,3
2023-08-03,Referral,Referral_Program,167.34,6059,85,3
2023-08-03,Direct,Direct_Traffic,23.74,495,21,1
2023-08-04,Google Ads,Search_Brand,1384.11,1130,35,1
2023-08-04,Google Ads,Search_Generic,2140.86,5232,116,7
2023-08-04,Google Ads,Shopping_Ads,774.26,2407,84,1
2023-08-04,Google Ads,Display_Retarget,789.27,2576,52,3
2023-08-04,Meta Ads,FB_Prospecting,156.56,4202,24,1
2023-08-04,Meta Ads,IG_Retarget,17890.87,17103,755,21
2023-08-04,Meta Ads,FB_Lookalike,4042.54,8547,225,11
2023-08-04,YouTube Ads,YT_Bumper,644.63,4346,33,1
2023-08-04,Email,Cart_Recovery,2271.87,5406,91,4
2023-08-04,Affiliate,Affiliate_Network_A,9464.65,6694,245,18
2023-08-04,Affiliate,Affiliate_Network_B,2685.84,2698,105,6
2023-08-05,Google Ads,Search_Brand,1268.09,5753,39,0
2023-08-05,Google Ads,Search_Generic,10871.71,11519,377,17
2023-08-05,Google Ads,Shopping_Ads,1450.49,2206,58,1
2023-08-05,Google Ads,Display_Retarget,3195.78,3948,74,3
2023-08-05,Meta Ads,FB_Prospecting,1014.58,6081,178,10
2023-08-05,Meta Ads,IG_Retarget,1114.01,2244,61,3
2023-08-05,Meta Ads,FB_Lookalike,730.56,4621,49,0
2023-08-05,YouTube Ads,YT_Skippable,12222.37,7532,312,19
2023-08-05,Email,Weekly_Newsletter,4030.29,8024,193,8
2023-08-05,Email,Cart_Recovery,2976.43,5843,96,2
2023-08-05,Email,Win_Back,739.4,11154,145,10
2023-08-05,Organic Search,SEO_Blog,245.39,14604,321,23
2023-08-05,Organic Search,SEO_Category,90.8,4030,40,2
2023-08-05,Referral,Referral_Program,128.79,5079,77,1
2023-08-05,Direct,Direct_Traffic,107.37,14975,567,40
2023-08-06,Google Ads,Search_Brand,1262.66,4032,41,1
2023-08-06,Google Ads,Shopping_Ads,814.23,1588,51,1
2023-08-06,Google Ads,Display_Retarget,17341.08,11206,454,28
2023-08-06,Meta Ads,FB_Prospecting,3326.33,5776,125,6
2023-08-06,Meta Ads,IG_Retarget,6208.66,8071,162,9
2023-08-06,Meta Ads,FB_Lookalike,5407.96,5295,153,3
2023-08-06,YouTube Ads,YT_Skippable,307.38,2717,14,1
2023-08-06,Email,Weekly_Newsletter,7564.18,14100,343,26
2023-08-06,Email,Cart_Recovery,1216.39,8608,193,7
2023-08-06,Email,Win_Back,2153.68,5245,234,11
2023-08-06,Affiliate,Affiliate_Network_A,1424.49,2954,128,2
2023-08-06,Affiliate,Affiliate_Network_B,2325.76,1447,57,3
2023-08-06,Direct,Direct_Traffic,33.78,10005,299,17
2023-08-07,Google Ads,Search_Brand,1937.45,1362,46,1
2023-08-07,Google Ads,Search_Generic,8278.8,7823,225,16
2023-08-07,Google Ads,Shopping_Ads,2100.45,5556,51,1
2023-08-07,Google Ads,Display_Retarget,664.54,1245,36,1
2023-08-07,Meta Ads,FB_Prospecting,2256.75,2046,55,4
2023-08-07,Meta Ads,IG_Retarget,5874.44,7715,268,19
2023-08-07,Meta Ads,FB_Lookalike,6948.51,12999,160,6
2023-08-07,YouTube Ads,YT_Bumper,888.84,838,20,0
2023-08-07,Email,Weekly_Newsletter,4148.32,5028,173,9
2023-08-07,Email,Win_Back,8153.72,9489,303,4
2023-08-07,Organic Search,SEO_Category,103.13,4428,149,4
2023-08-07,Affiliate,Affiliate_Network_B,5936.81,9904,181,13
2023-08-07,Referral,Referral_Program,2.96,5609,53,2
2023-08-07,Direct,Direct_Traffic,63.09,8976,365,15
2023-08-08,Google Ads,Search_Brand,1393.29,8162,218,13
2023-08-08,Google Ads,Shopping_Ads,1124.64,2470,37,0
2023-08-08,Google Ads,Display_Retarget,6105.23,7156,214,16
2023-08-08,Meta Ads,IG_Retarget,7065.22,11735,378,24
2023-08-08,Meta Ads,FB_Lookalike,2125.95,8584,117,6
2023-08-08,YouTube Ads,YT_Skippable,3644.04,12741,191,13
2023-08-08,Email,Cart_Recovery,7697.61,8992,234,15
2023-08-08,Organic Search,SEO_Blog,396.47,10541,406,7
2023-08-08,Organic Search,SEO_Category,137.14,4898,100,5
2023-08-08,Affiliate,Affiliate_Network_A,1280.04,7573,319,15
2023-08-08,Referral,Referral_Program,330.41,5508,189,10
2023-08-09,Google Ads,Search_Brand,,5965,167,11
2023-08-09,Google Ads,Display_Retarget,71.48,461,9,0
2023-08-09,Meta Ads,FB_Lookalike,12221.84,11708,285,9
2023-08-09,YouTube Ads,YT_Skippable,4083.88,3919,112,7
2023-08-09,YouTube Ads,YT_Bumper,780.86,1546,26,0
2023-08-09,Email,Cart_Recovery,485.76,7004,78,3
2023-08-09,Email,Win_Back,4320.94,7070,192,14
2023-08-09,Organic Search,SEO_Blog,344.24,5790,115,5
2023-08-09,Organic Search,SEO_Category,88.13,1782,23,0
2023-08-09,Affiliate,Affiliate_Network_A,6441.68,11188,180,11
2023-08-09,Affiliate,Affiliate_Network_B,3430.3,6116,132,2
2023-08-09,Direct,Direct_Traffic,477.41,7921,134,9
2023-08-10,Google Ads,Search_Brand,5473.76,4444,192,9
2023-08-10,Google Ads,Search_Generic,6237.4,5147,162,10
2023-08-10,Google Ads,Shopping_Ads,362.11,672,12,0
2023-08-10,Google Ads,Display_Retarget,379.05,4899,107,8
2023-08-10,Meta Ads,FB_Prospecting,2757.8,9822,70,4
2023-08-10,Meta Ads,IG_Retarget,5832.55,12374,241,17
2023-08-10,Meta Ads,FB_Lookalike,5900.0,7084,270,7
2023-08-10,YouTube Ads,YT_Skippable,1977.46,1551,66,3
2023-08-10,YouTube Ads,YT_Bumper,2543.63,1758,66,4
2023-08-10,Email,Weekly_Newsletter,10094.04,13044,277,17
2023-08-10,Email,Win_Back,7747.77,13042,215,10
2023-08-10,Organic Search,SEO_Category,430.97,15616,632,13
2023-08-10,Affiliate,Affiliate_Network_A,1915.44,10723,346,24
2023-08-11,Google Ads,Search_Brand,954.79,1056,37,1
2023-08-11,Google Ads,Search_Generic,7635.83,12183,320,15
2023-08-11,Google Ads,Shopping_Ads,1715.6,8754,124,8
2023-08-11,Meta Ads,FB_Prospecting,7555.01,5657,171,11
2023-08-11,Meta Ads,FB_Lookalike,5110.65,4029,161,10
2023-08-11,YouTube Ads,YT_Skippable,1617.23,2847,46,2
2023-08-11,Email,Weekly_Newsletter,5777.93,4288,171,8
2023-08-11,Email,Cart_Recovery,8501.87,7014,215,3
2023-08-11,Email,Win_Back,1977.14,3638,82,3
2023-08-11,Organic Search,SEO_Blog,18.6,2415,74,4
2023-08-11,Affiliate,Affiliate_Network_A,6701.84,5654,175,5
2023-08-11,Affiliate,Affiliate_Network_B,7036.56,5248,157,11
2023-08-11,Referral,Referral_Program,456.2,4102,160,9
2023-08-12,Google Ads,Search_Brand,13279.14,8826,384,20
2023-08-12,Google Ads,Search_Generic,587.01,5333,45,0
2023-08-12,Google Ads,Shopping_Ads,1431.8,1205,46,1
2023-08-12,Google Ads,Display_Retarget,7851.37,8970,304,17
2023-08-12,Meta Ads,IG_Retarget,294.55,565,10,0
2023-08-12,Meta Ads,FB_Lookalike,885.44,2738,67,4
2023-08-12,YouTube Ads,YT_Skippable,5145.19,17034,765,34
2023-08-12,YouTube Ads,YT_Bumper,8963.74,9232,255,12
2023-08-12,Email,Weekly_Newsletter,2740.92,8606,314,7
2023-08-12,Email,Cart_Recovery,588.22,1051,27,0
2023-08-12,Email,Win_Back,16983.49,9551,379,18
2023-08-12,Organic Search,SEO_Blog,238.74,8960,202,11
2023-08-12,Organic Search,SEO_Category,132.76,4507,140,3
2023-08-12,Affiliate,Affiliate_Network_A,491.14,4335,144,8
2023-08-12,Affiliate,Affiliate_Network_B,285.33,5510,54,0
2023-08-12,Referral,Referral_Program,138.82,16790,194,5
2023-08-12,Direct,Direct_Traffic,13.7,4841,29,2
2023-08-13,Google Ads,Search_Generic,5579.73,6812,271,13
2023-08-13,Google Ads,Shopping_Ads,149.49,2106,46,2
2023-08-13,Google Ads,Display_Retarget,662.98,2696,17,0
2023-08-13,Meta Ads,FB_Prospecting,539.43,1636,12,0
2023-08-13,Meta Ads,IG_Retarget,4396.81,4253,110,2
2023-08-13,Meta Ads,FB_Lookalike,885.67,1671,33,1
2023-08-13,YouTube Ads,YT_Skippable,5701.3,5492,179,4
2023-08-13,Email,Weekly_Newsletter,6449.88,5226,157,8
2023-08-13,Email,Cart_Recovery,464.22,924,15,1
2023-08-13,Organic Search,SEO_Category,247.48,8861,262,15
2023-08-13,Referral,Referral_Program,489.13,14490,221,5
2023-08-13,Direct,Direct_Traffic,335.18,1002,41,2
2023-08-14,Google Ads,Search_Generic,3470.78,7252,301,15
2023-08-14,Google Ads,Shopping_Ads,655.33,5555,150,1
2023-08-14,Meta Ads,FB_Prospecting,2899.45,7694,143,10
2023-08-14,YouTube Ads,YT_Skippable,125.69,376,4,0
2023-08-14,Email,Weekly_Newsletter,523.25,780,17,1
2023-08-14,Email,Cart_Recovery,22036.06,15410,689,48
2023-08-14,Email,Win_Back,3438.54,12998,144,5
2023-08-14,Organic Search,SEO_Blog,53.81,12603,76,4
2023-08-14,Referral,Referral_Program,36.34,2377,18,1
2023-08-15,Google Ads,Search_Brand,5420.62,30013,1211,16
2023-08-15,Google Ads,Search_Generic,20414.43,17704,498,16
2023-08-15,Google Ads,Shopping_Ads,5778.21,4740,203,13
2023-08-15,Google Ads,Display_Retarget,943.33,1757,61,2
2023-08-15,Meta Ads,FB_Prospecting,1000.25,2372,88,2
2023-08-15,Meta Ads,IG_Retarget,1611.67,6326,82,4
2023-08-15,YouTube Ads,YT_Bumper,1453.65,2885,84,0
2023-08-15,Email,Cart_Recovery,2438.98,4648,201,4
2023-08-15,Organic Search,SEO_Blog,428.92,11021,209,10
2023-08-15,Affiliate,Affiliate_Network_A,3967.18,10881,108,5
2023-08-15,Direct,Direct_Traffic,224.88,6944,111,6
2023-08-16,Google Ads,Search_Brand,425.65,1629,30,0
2023-08-16,Google Ads,Search_Generic,1169.95,9021,94,2
2023-08-16,Google Ads,Display_Retarget,3758.42,4873,136,10
2023-08-16,Meta Ads,FB_Prospecting,262.01,1964,27,1
2023-08-16,Meta Ads,IG_Retarget,656.19,10568,166,3
2023-08-16,YouTube Ads,YT_Skippable,894.58,10783,114,2
2023-08-16,YouTube Ads,YT_Bumper,4459.71,10945,193,5
2023-08-16,Email,Weekly_Newsletter,1134.15,7888,185,6
2023-08-16,Email,Cart_Recovery,4882.5,6811,143,4
2023-08-16,Email,Win_Back,3971.71,16121,123,8
2023-08-16,Organic Search,SEO_Blog,474.33,6832,183,7
2023-08-16,Organic Search,SEO_Category,177.7,4159,111,8
2023-08-16,Affiliate,Affiliate_Network_A,1604.86,4904,36,1
2023-08-16,Affiliate,Affiliate_Network_B,1592.01,4841,62,3
2023-08-16,Direct,Direct_Traffic,335.06,12913,242,15
2023-08-17,Google Ads,Search_Brand,844.79,8953,144,4
2023-08-17,Google Ads,Search_Generic,8665.77,6303,213,14
2023-08-17,Google Ads,Shopping_Ads,1063.48,5762,67,3
2023-08-17,Meta Ads,FB_Prospecting,5322.31,13121,487,35
2023-08-17,Meta Ads,IG_Retarget,1301.47,4881,86,5
2023-08-17,Meta Ads,FB_Lookalike,4401.52,4746,114,3
2023-08-17,YouTube Ads,YT_Skippable,3820.94,9035,188,14
2023-08-17,YouTube Ads,YT_Bumper,3311.75,7363,263,20
2023-08-17,Organic Search,SEO_Blog,451.27,6001,166,2
2023-08-17,Affiliate,Affiliate_Network_A,210.53,707,6,0
2023-08-17,Affiliate,Affiliate_Network_B,937.2,11024,55,3
2023-08-17,Direct,Direct_Traffic,444.89,12459,371,15
2023-08-18,Google Ads,Search_Brand,1771.46,10421,444,21
2023-08-18,Google Ads,Shopping_Ads,6536.14,6486,212,8
2023-08-18,YouTube Ads,YT_Skippable,6609.83,5655,187,8
2023-08-18,YouTube Ads,YT_Bumper,3628.89,3681,131,1
2023-08-18,Email,Cart_Recovery,2404.82,5474,93,3
2023-08-18,Email,Win_Back,2558.23,4727,119,2
2023-08-18,Organic Search,SEO_Blog,30.01,21327,877,13
2023-08-18,Affiliate,Affiliate_Network_B,3349.73,9798,208,9
2023-08-18,Referral,Referral_Program,318.53,4214,189,7
2023-08-18,Direct,Direct_Traffic,448.62,5551,76,0
2023-08-19,Google Ads,Search_Brand,848.84,5760,130,2
2023-08-19,Google Ads,Search_Generic,2215.06,11877,158,8
2023-08-19,Google Ads,Shopping_Ads,510.9,2153,13,0
2023-08-19,Google Ads,Display_Retarget,1638.41,2865,76,5
2023-08-19,Meta Ads,FB_Prospecting,33.42,278,5,0
2023-08-19,Meta Ads,FB_Lookalike,486.65,3449,42,2
2023-08-19,YouTube Ads,YT_Skippable,1266.49,6029,84,6
2023-08-19,Email,Weekly_Newsletter,7107.45,9053,297,9
2023-08-19,Email,Cart_Recovery,3944.18,3841,124,8
2023-08-19,Email,Win_Back,1146.97,4984,126,7
2023-08-19,Organic Search,SEO_Blog,131.38,11783,289,5
2023-08-19,Organic Search,SEO_Category,368.8,7474,238,9
2023-08-19,Affiliate,Affiliate_Network_A,888.77,5921,55,3
2023-08-19,Affiliate,Affiliate_Network_B,532.43,3901,39,0
2023-08-20,Google Ads,Search_Brand,1506.06,2497,82,1
2023-08-20,Google Ads,Search_Generic,1611.83,4867,124,4
2023-08-20,Google Ads,Shopping_Ads,461.44,2528,26,0
2023-08-20,Google Ads,Display_Retarget,169.17,4467,55,1
2023-08-20,Meta Ads,FB_Prospecting,966.79,6224,34,1
2023-08-20,Meta Ads,IG_Retarget,1054.59,2710,52,2
2023-08-20,Meta Ads,FB_Lookalike,11726.42,11967,496,5
2023-08-20,YouTube Ads,YT_Skippable,3525.83,11427,150,3
2023-08-20,YouTube Ads,YT_Bumper,6949.01,4666,155,8
2023-08-20,Email,Weekly_Newsletter,,19619,105,7
2023-08-20,Email,Cart_Recovery,297.9,1418,23,1
2023-08-20,Organic Search,SEO_Blog,352.94,2118,71,1
2023-08-20,Affiliate,Affiliate_Network_A,852.24,8245,229,3
2023-08-20,Referral,Referral_Program,262.03,4444,49,0
2023-08-21,Google Ads,Search_Brand,,5855,178,6
2023-08-21,Google Ads,Search_Generic,3601.34,4104,140,4
2023-08-21,Google Ads,Display_Retarget,2542.76,7489,128,10
2023-08-21,Meta Ads,IG_Retarget,4746.62,6836,127,1
2023-08-21,YouTube Ads,YT_Skippable,205.92,2157,30,0
2023-08-21,YouTube Ads,YT_Bumper,3966.06,7791,171,5
2023-08-21,Email,Win_Back,3469.15,5231,193,7
2023-08-21,Affiliate,Affiliate_Network_B,3450.81,5182,188,2
2023-08-21,Referral,Referral_Program,371.53,2896,43,1
2023-08-22,Google Ads,Search_Brand,600.75,2583,49,3
2023-08-22,Google Ads,Search_Generic,2609.1,3324,91,1
2023-08-22,Google Ads,Shopping_Ads,16822.6,22218,616,27
2023-08-22,Google Ads,Display_Retarget,129.01,3096,35,1
2023-08-22,Meta Ads,FB_Lookalike,7771.88,7655,342,4
2023-08-22,Email,Weekly_Newsletter,1148.96,5229,29,1
2023-08-22,Email,Cart_Recovery,2371.52,1891,61,3
2023-08-22,Email,Win_Back,736.77,2156,60,0
2023-08-22,Organic Search,SEO_Blog,50.91,178,4,0
2023-08-22,Affiliate,Affiliate_Network_A,4269.15,4385,115,1
2023-08-22,Affiliate,Affiliate_Network_B,15093.2,16715,345,15
2023-08-22,Referral,Referral_Program,54.33,15340,159,10
2023-08-22,Direct,Direct_Traffic,177.25,2605,68,4
2023-08-23,Google Ads,Search_Brand,5291.95,7270,282,8
2023-08-23,Google Ads,Search_Generic,389.68,4117,64,1
2023-08-23,Google Ads,Shopping_Ads,1038.81,3100,47,2
2023-08-23,Google Ads,Display_Retarget,5382.79,6335,233,10
2023-08-23,Meta Ads,FB_Prospecting,825.3,4439,22,1
2023-08-23,Meta Ads,IG_Retarget,3203.97,2281,82,2
2023-08-23,Meta Ads,FB_Lookalike,567.15,2536,46,1
2023-08-23,YouTube Ads,YT_Skippable,2044.42,9116,356,6
2023-08-23,YouTube Ads,YT_Bumper,807.64,5473,143,9
2023-08-23,Email,Weekly_Newsletter,5195.59,8350,319,19
2023-08-23,Email,Cart_Recovery,949.94,3977,36,1
2023-08-23,Organic Search,SEO_Blog,100.91,1038,24,1
2023-08-23,Organic Search,SEO_Category,23.92,3593,76,5
2023-08-23,Affiliate,Affiliate_Network_B,9659.83,6859,280,16
2023-08-23,Referral,Referral_Program,217.54,7214,194,4
2023-08-24,Google Ads,Search_Brand,143.24,1908,41,1
2023-08-24,Google Ads,Search_Generic,4088.12,4844,190,4
2023-08-24,Google Ads,Display_Retarget,4516.48,4009,105,5
2023-08-24,Meta Ads,FB_Prospecting,1432.53,7247,87,3
2023-08-24,Meta Ads,FB_Lookalike,1205.99,5026,54,4
2023-08-24,YouTube Ads,YT_Bumper,354.06,724,32,2
2023-08-24,Email,Win_Back,2065.16,6609,54,3
2023-08-24,Organic Search,SEO_Category,164.2,4870,169,10
2023-08-24,Affiliate,Affiliate_Network_A,241.25,3273,28,0
2023-08-24,Affiliate,Affiliate_Network_B,11659.89,7308,306,22
2023-08-24,Referral,Referral_Program,286.77,7131,313,20
2023-08-24,Direct,Direct_Traffic,92.39,15913,586,13
2023-08-25,Google Ads,Search_Generic,683.14,7241,38,0
2023-08-25,Google Ads,Shopping_Ads,8617.08,6921,248,3
2023-08-25,Meta Ads,IG_Retarget,9206.26,7001,275,9
2023-08-25,YouTube Ads,YT_Skippable,529.42,2016,16,0
2023-08-25,Email,Weekly_Newsletter,63.1,493,8,0
2023-08-25,Email,Cart_Recovery,4328.7,4536,180,7
2023-08-25,Email,Win_Back,5621.2,3660,151,9
2023-08-25,Organic Search,SEO_Blog,20.71,2620,75,2
2023-08-25,Organic Search,SEO_Category,102.32,5964,134,8
2023-08-25,Affiliate,Affiliate_Network_B,3966.25,7072,133,2
2023-08-25,Referral,Referral_Program,469.9,6419,116,1
2023-08-25,Direct,Direct_Traffic,382.47,13224,491,35
2023-08-26,Google Ads,Search_Brand,2758.39,4356,92,2
2023-08-26,Google Ads,Shopping_Ads,2725.25,5416,90,5
2023-08-26,Google Ads,Display_Retarget,3345.11,6353,83,6
2023-08-26,Meta Ads,FB_Prospecting,4380.83,5950,160,12
2023-08-26,Meta Ads,IG_Retarget,795.08,4155,45,3
2023-08-26,YouTube Ads,YT_Bumper,12957.85,9773,368,18
2023-08-26,Email,Cart_Recovery,73.61,308,4,0
2023-08-26,Organic Search,SEO_Blog,239.65,11420,305,23
2023-08-26,Organic Search,SEO_Category,283.66,12097,404,13
2023-08-26,Affiliate,Affiliate_Network_A,1514.72,4737,125,3
2023-08-26,Affiliate,Affiliate_Network_B,22230.53,18735,514,12
2023-08-26,Referral,Referral_Program,392.01,8014,118,1
2023-08-27,Google Ads,Search_Brand,3703.97,4942,138,8
2023-08-27,Google Ads,Search_Generic,874.96,7370,169,3
2023-08-27,Google Ads,Shopping_Ads,1187.6,2601,42,3
2023-08-27,Meta Ads,FB_Prospecting,2539.86,11987,307,13
2023-08-27,Meta Ads,FB_Lookalike,828.08,1582,57,4
2023-08-27,YouTube Ads,YT_Skippable,802.38,6397,72,0
2023-08-27,Email,Weekly_Newsletter,2164.8,7532,105,3
2023-08-27,Email,Cart_Recovery,519.63,4331,153,7
2023-08-27,Organic Search,SEO_Blog,280.23,13430,355,9
2023-08-27,Organic Search,SEO_Category,247.06,9274,354,8
2023-08-27,Affiliate,Affiliate_Network_B,34469.27,24272,949,12
2023-08-27,Referral,Referral_Program,172.8,14573,325,5
2023-08-27,Direct,Direct_Traffic,195.87,6512,165,7
2023-08-28,Google Ads,Search_Brand,8716.02,13345,203,3
2023-08-28,Google Ads,Search_Generic,3163.93,6044,106,8
2023-08-28,Google Ads,Display_Retarget,1685.45,5500,38,0
2023-08-28,Meta Ads,IG_Retarget,10368.48,14969,646,26
2023-08-28,Meta Ads,FB_Lookalike,2685.47,7014,176,12
2023-08-28,Email,Weekly_Newsletter,1576.64,1403,45,0
2023-08-28,Email,Cart_Recovery,5758.22,4418,160,9
2023-08-28,Email,Win_Back,1588.61,2904,72,1
2023-08-28,Organic Search,SEO_Blog,157.21,8038,178,2
2023-08-28,Organic Search,SEO_Category,417.72,13614,327,7
2023-08-28,Affiliate,Affiliate_Network_B,,10007,314,8
2023-08-29,Google Ads,Search_Brand,1679.76,8694,162,8
2023-08-29,Google Ads,Search_Generic,11186.71,15788,351,14
2023-08-29,Google Ads,Shopping_Ads,5012.7,9211,231,5
2023-08-29,Google Ads,Display_Retarget,9429.77,9112,295,21
2023-08-29,Meta Ads,FB_Lookalike,19733.34,15110,467,21
2023-08-29,YouTube Ads,YT_Skippable,18162.31,18187,637,26
2023-08-29,YouTube Ads,YT_Bumper,7808.58,7783,189,9
2023-08-29,Email,Weekly_Newsletter,1508.18,4114,146,4
2023-08-29,Email,Cart_Recovery,442.19,5420,64,1
2023-08-29,Organic Search,SEO_Blog,70.88,2769,35,1
2023-08-29,Organic Search,SEO_Category,357.18,5099,140,8
2023-08-29,Affiliate,Affiliate_Network_B,1061.55,6024,65,1
2023-08-29,Direct,Direct_Traffic,491.11,1049,12,0
2023-08-30,Google Ads,Search_Brand,2093.78,3199,48,3
2023-08-30,Google Ads,Search_Generic,672.78,3085,33,2
2023-08-30,Google Ads,Shopping_Ads,1736.74,3765,47,2
2023-08-30,Meta Ads,FB_Prospecting,1134.81,5748,38,1
2023-08-30,Meta Ads,IG_Retarget,2078.93,1672,60,1
2023-08-30,Meta Ads,FB_Lookalike,2760.34,5649,172,13
2023-08-30,YouTube Ads,YT_Skippable,1470.09,4693,119,8
2023-08-30,YouTube Ads,YT_Bumper,13479.93,11800,527,35
2023-08-30,Email,Cart_Recovery,2588.58,4162,102,3
2023-08-30,Email,Win_Back,5335.79,9936,194,12
2023-08-30,Organic Search,SEO_Category,285.39,1773,14,0
2023-08-30,Affiliate,Affiliate_Network_B,766.83,5909,85,6
2023-08-30,Referral,Referral_Program,335.17,13957,512,29
2023-08-30,Direct,Direct_Traffic,300.2,5763,205,11
2023-08-31,Google Ads,Search_Generic,332.41,5182,80,5
2023-08-31,Google Ads,Shopping_Ads,3807.92,4474,134,2
2023-08-31,Google Ads,Display_Retarget,4231.17,5574,158,2
2023-08-31,Meta Ads,IG_Retarget,1974.14,8078,58,0
2023-08-31,Meta Ads,FB_Lookalike,1722.37,16434,189,6
2023-08-31,YouTube Ads,YT_Skippable,11839.54,8808,309,6
2023-08-31,Email,Weekly_Newsletter,1214.39,1706,33,2
2023-08-31,Email,Cart_Recovery,25746.97,28218,953,74
2023-08-31,Email,Win_Back,154.08,1784,13,0
2023-08-31,Organic Search,SEO_Blog,201.57,2696,59,2
2023-08-31,Organic Search,SEO_Category,,18302,498,6
2023-08-31,Affiliate,Affiliate_Network_A,1149.43,6091,122,2
2023-08-31,Affiliate,Affiliate_Network_B,2904.17,2508,108,1
2023-08-31,Direct,Direct_Traffic,63.13,6730,212,11
2023-09-01,Google Ads,Shopping_Ads,1610.47,6141,76,1
2023-09-01,Meta Ads,FB_Prospecting,1068.76,8019,250,9
2023-09-01,Meta Ads,IG_Retarget,3320.13,8051,75,2
2023-09-01,Meta Ads,FB_Lookalike,994.56,1731,37,1
2023-09-01,YouTube Ads,YT_Skippable,9274.38,5579,233,5
2023-09-01,Email,Weekly_Newsletter,584.51,1644,15,0
2023-09-01,Email,Cart_Recovery,4285.88,9190,98,5
2023-09-01,Email,Win_Back,2388.16,9395,114,3
2023-09-01,Organic Search,SEO_Blog,371.99,6684,179,5
2023-09-01,Affiliate,Affiliate_Network_A,714.1,2050,17,1
2023-09-01,Affiliate,Affiliate_Network_B,1878.28,8099,122,8
2023-09-01,Referral,Referral_Program,434.59,4873,140,1
2023-09-01,Direct,Direct_Traffic,294.7,5159,53,1
2023-09-02,Google Ads,Search_Brand,783.33,2053,34,2
2023-09-02,Google Ads,Shopping_Ads,452.68,491,12,0
2023-09-02,Meta Ads,FB_Lookalike,3047.96,4093,170,13
2023-09-02,YouTube Ads,YT_Skippable,3101.25,13388,317,16
2023-09-02,YouTube Ads,YT_Bumper,1359.61,7930,99,5
2023-09-02,Email,Weekly_Newsletter,5989.22,12734,167,9
2023-09-02,Email,Cart_Recovery,2632.15,4240,95,4
2023-09-02,Email,Win_Back,1797.99,4411,116,7
2023-09-02,Organic Search,SEO_Blog,384.89,6841,219,7
2023-09-02,Organic Search,SEO_Category,104.19,10228,196,13
2023-09-02,Affiliate,Affiliate_Network_A,1010.66,4965,42,0
2023-09-02,Affiliate,Affiliate_Network_B,376.67,1717,51,0
2023-09-02,Referral,Referral_Program,465.01,2092,25,0
2023-09-02,Direct,Direct_Traffic,278.03,1445,44,0
2023-09-03,Google Ads,Search_Generic,85.87,1033,8,0
2023-09-03,Google Ads,Shopping_Ads,211.23,6597,68,2
2023-09-03,Google Ads,Display_Retarget,344.61,5050,109,5
2023-09-03,Meta Ads,IG_Retarget,574.08,1243,20,1
2023-09-03,Meta Ads,FB_Lookalike,1720.63,13664,361,14
2023-09-03,YouTube Ads,YT_Skippable,599.48,576,15,1
2023-09-03,YouTube Ads,YT_Bumper,6549.35,4944,206,4
2023-09-03,Email,Weekly_Newsletter,2506.41,4987,58,3
2023-09-03,Email,Cart_Recovery,2892.16,5828,194,14
2023-09-03,Email,Win_Back,8060.01,5656,243,15
2023-09-03,Affiliate,Affiliate_Network_A,1241.83,2806,57,1
2023-09-03,Direct,Direct_Traffic,16.81,5388,139,9
2023-09-04,Google Ads,Search_Brand,1832.93,1802,58,3
2023-09-04,Google Ads,Search_Generic,8801.01,6358,261,12
2023-09-04,Google Ads,Shopping_Ads,664.3,1974,44,1
2023-09-04,Google Ads,Display_Retarget,2151.01,4168,82,3
2023-09-04,Meta Ads,FB_Prospecting,496.03,782,28,0
2023-09-04,Meta Ads,IG_Retarget,3072.82,19235,101,5
2023-09-04,Meta Ads,FB_Lookalike,3381.43,2144,84,1
2023-09-04,YouTube Ads,YT_Bumper,6189.02,9373,194,11
2023-09-04,Email,Weekly_Newsletter,6292.83,6058,212,7
2023-09-04,Email,Cart_Recovery,315.77,2400,28,1
2023-09-04,Email,Win_Back,5006.09,15858,337,20
2023-09-04,Organic Search,SEO_Blog,208.89,4854,156,2
2023-09-04,Organic Search,SEO_Category,490.44,5828,69,1
2023-09-04,Affiliate,Affiliate_Network_A,4198.51,8205,274,13
2023-09-04,Referral,Referral_Program,102.93,4742,66,5
2023-09-05,Google Ads,Search_Brand,6239.4,11969,505,36
2023-09-05,Google Ads,Shopping_Ads,1555.41,2799,99,4
2023-09-05,Google Ads,Display_Retarget,1020.6,3316,33,1
2023-09-05,Meta Ads,FB_Prospecting,2236.01,5804,120,8
2023-09-05,Meta Ads,FB_Lookalike,6132.89,5548,193,13
2023-09-05,YouTube Ads,YT_Skippable,354.57,5584,41,2
2023-09-05,YouTube Ads,YT_Bumper,3833.25,3892,109,3
2023-09-05,Email,Cart_Recovery,376.29,2602,14,0
2023-09-05,Email,Win_Back,3425.55,7617,241,6
2023-09-05,Organic Search,SEO_Blog,85.09,3357,74,4
2023-09-05,Organic Search,SEO_Category,,4112,62,0
2023-09-05,Affiliate,Affiliate_Network_A,1299.06,3027,33,2
2023-09-05,Referral,Referral_Program,333.54,1655,70,2
2023-09-05,Direct,Direct_Traffic,372.3,18834,297,20
2023-09-06,Google Ads,Search_Brand,1329.12,7140,52,2
2023-09-06,Google Ads,Search_Generic,6897.8,9177,238,18
2023-09-06,Meta Ads,IG_Retarget,1273.68,4779,29,1
2023-09-06,Meta Ads,FB_Lookalike,10153.94,8698,345,10
2023-09-06,Email,Weekly_Newsletter,6201.65,9331,227,9
2023-09-06,Organic Search,SEO_Blog,253.24,4945,146,6
2023-09-06,Organic Search,SEO_Category,433.17,7679,64,2
2023-09-06,Affiliate,Affiliate_Network_A,1030.83,4582,98,2
2023-09-06,Affiliate,Affiliate_Network_B,437.62,4755,38,1
2023-09-06,Referral,Referral_Program,363.43,20973,417,10
2023-09-07,Google Ads,Search_Brand,2866.64,3709,101,1
2023-09-07,Google Ads,Search_Generic,802.05,3798,132,9
2023-09-07,Google Ads,Shopping_Ads,200.99,841,26,1
2023-09-07,Google Ads,Display_Retarget,2177.8,3793,55,3
2023-09-07,Meta Ads,FB_Prospecting,524.28,2886,25,1
2023-09-07,Meta Ads,IG_Retarget,595.65,2079,14,0
2023-09-07,YouTube Ads,YT_Bumper,1346.33,6199,34,0
2023-09-07,Organic Search,SEO_Blog,481.5,4658,114,2
2023-09-07,Organic Search,SEO_Category,45.5,3486,87,1
2023-09-07,Affiliate,Affiliate_Network_A,4475.66,5944,242,8
2023-09-07,Affiliate,Affiliate_Network_B,2563.63,7499,60,2
2023-09-07,Referral,Referral_Program,77.13,11424,306,20
2023-09-07,Direct,Direct_Traffic,147.31,8906,114,3
2023-09-08,Google Ads,Search_Brand,4004.81,5853,169,9
2023-09-08,Google Ads,Shopping_Ads,4772.46,8331,219,3
2023-09-08,Google Ads,Display_Retarget,15960.62,13560,375,19
2023-09-08,Meta Ads,IG_Retarget,3229.11,2135,77,5
2023-09-08,Meta Ads,FB_Lookalike,1539.14,8972,199,2
2023-09-08,YouTube Ads,YT_Skippable,763.92,840,23,1
2023-09-08,YouTube Ads,YT_Bumper,562.75,3463,129,4
2023-09-08,Email,Cart_Recovery,2102.66,2949,54,3
2023-09-08,Email,Win_Back,11063.55,6114,254,13
2023-09-08,Organic Search,SEO_Blog,388.27,12037,160,1
2023-09-08,Organic Search,SEO_Category,306.76,4458,124,8
2023-09-08,Affiliate,Affiliate_Network_B,4434.63,12263,431,22
2023-09-08,Referral,Referral_Program,267.78,10106,249,8
2023-09-09,Google Ads,Search_Brand,1003.47,6141,174,2
2023-09-09,Google Ads,Search_Generic,425.99,1269,20,1
2023-09-09,Google Ads,Display_Retarget,2611.89,7101,255,17
2023-09-09,Meta Ads,FB_Prospecting,3287.43,4486,84,2
2023-09-09,YouTube Ads,YT_Bumper,979.34,2767,89,1
2023-09-09,Email,Weekly_Newsletter,1940.18,3111,78,1
2023-09-09,Email,Cart_Recovery,745.92,3234,82,6
2023-09-09,Email,Win_Back,5438.16,6584,244,8
2023-09-09,Organic Search,SEO_Blog,280.06,3437,101,3
2023-09-09,Affiliate,Affiliate_Network_A,2988.13,5730,171,12
2023-09-09,Referral,Referral_Program,331.58,3135,93,2
2023-09-09,Direct,Direct_Traffic,129.03,4921,182,7
2023-09-10,Google Ads,Shopping_Ads,1208.58,4305,69,3
2023-09-10,Meta Ads,FB_Prospecting,2641.06,2542,69,0
2023-09-10,Meta Ads,IG_Retarget,1150.42,3313,89,6
2023-09-10,Email,Weekly_Newsletter,1456.07,1735,43,3
2023-09-10,Email,Cart_Recovery,25021.53,19875,680,42
2023-09-10,Email,Win_Back,1848.24,6231,42,1
2023-09-10,Organic Search,SEO_Blog,445.72,2187,47,2
2023-09-10,Affiliate,Affiliate_Network_A,1518.75,1387,55,1
2023-09-10,Affiliate,Affiliate_Network_B,5834.74,4407,138,1
2023-09-11,Google Ads,Search_Brand,3234.64,3767,115,6
2023-09-11,Google Ads,Shopping_Ads,2226.62,5429,59,2
2023-09-11,Google Ads,Display_Retarget,557.72,1108,39,0
2023-09-11,Meta Ads,FB_Lookalike,1823.86,8369,148,6
2023-09-11,YouTube Ads,YT_Skippable,4496.09,7966,145,5
2023-09-11,Email,Win_Back,1451.58,7649,52,0
2023-09-11,Organic Search,SEO_Category,2.98,13681,549,39
2023-09-11,Affiliate,Affiliate_Network_A,1824.47,2156,75,0
2023-09-11,Affiliate,Affiliate_Network_B,4432.97,4190,113,1
2023-09-11,Referral,Referral_Program,59.21,18742,616,13
2023-09-11,Direct,Direct_Traffic,232.95,3967,147,2
2023-09-12,Google Ads,Search_Brand,1426.68,8120,325,10
2023-09-12,Google Ads,Display_Retarget,1164.08,2443,48,3
2023-09-12,Meta Ads,FB_Prospecting,982.58,1532,44,1
2023-09-12,Meta Ads,IG_Retarget,3134.91,6763,267,5
2023-09-12,Meta Ads,FB_Lookalike,781.46,2041,42,2
2023-09-12,YouTube Ads,YT_Skippable,1290.32,1287,37,2
2023-09-12,YouTube Ads,YT_Bumper,3350.32,12098,175,7
2023-09-12,Email,Cart_Recovery,1040.13,1435,31,0
2023-09-12,Email,Win_Back,1734.88,5670,53,0
2023-09-12,Organic Search,SEO_Blog,13.07,3655,87,5
2023-09-12,Organic Search,SEO_Category,180.72,2381,103,3
2023-09-12,Affiliate,Affiliate_Network_A,2467.6,2990,58,1
2023-09-12,Referral,Referral_Program,16.28,12646,414,22
2023-09-12,Direct,Direct_Traffic,324.79,6205,112,4
2023-09-13,Google Ads,Search_Generic,4008.41,2743,102,7
2023-09-13,Google Ads,Display_Retarget,470.41,3015,29,1
2023-09-13,Meta Ads,FB_Prospecting,1127.13,1443,29,0
2023-09-13,Meta Ads,IG_Retarget,1241.53,1911,59,3
2023-09-13,Meta Ads,FB_Lookalike,1450.31,1935,39,1
2023-09-13,YouTube Ads,YT_Skippable,10328.4,8901,262,17
2023-09-13,Email,Weekly_Newsletter,3277.57,7289,121,3
2023-09-13,Email,Cart_Recovery,3339.08,8664,113,4
2023-09-13,Email,Win_Back,1064.79,774,28,1
2023-09-13,Organic Search,SEO_Blog,89.3,2188,30,1
2023-09-13,Organic Search,SEO_Category,31.14,4284,118,5
2023-09-13,Affiliate,Affiliate_Network_A,1770.69,4054,44,1
2023-09-13,Affiliate,Affiliate_Network_B,3839.04,3615,90,4
2023-09-13,Referral,Referral_Program,288.72,15166,118,2
2023-09-13,Direct,Direct_Traffic,55.25,1571,9,0
2023-09-14,Google Ads,Search_Generic,5138.22,5893,172,7
2023-09-14,Google Ads,Shopping_Ads,1547.66,1864,47,1
2023-09-14,Google Ads,Display_Retarget,912.83,2652,92,3
2023-09-14,Meta Ads,IG_Retarget,1840.74,2717,64,1
2023-09-14,Meta Ads,FB_Lookalike,3345.91,2297,81,5
2023-09-14,YouTube Ads,YT_Bumper,3929.93,8939,249,5
2023-09-14,Email,Weekly_Newsletter,3037.15,4807,117,2
2023-09-14,Email,Win_Back,216.52,1254,6,0
2023-09-14,Organic Search,SEO_Category,450.24,7334,254,7
2023-09-14,Affiliate,Affiliate_Network_A,205.43,2721,30,2
2023-09-14,Affiliate,Affiliate_Network_B,1518.41,2545,81,1
2023-09-14,Direct,Direct_Traffic,496.43,10144,333,15
2023-09-15,Google Ads,Search_Generic,1252.7,2568,55,3
2023-09-15,Google Ads,Shopping_Ads,1752.35,3550,111,5
2023-09-15,Google Ads,Display_Retarget,342.77,719,28,0
2023-09-15,Meta Ads,FB_Prospecting,2259.81,4753,155,5
2023-09-15,YouTube Ads,YT_Bumper,6531.54,7105,246,16
2023-09-15,Email,Weekly_Newsletter,1452.98,3321,58,0
2023-09-15,Email,Cart_Recovery,3787.29,4545,143,10
2023-09-15,Email,Win_Back,319.86,3291,30,1
2023-09-15,Organic Search,SEO_Blog,312.56,8371,182,9
2023-09-15,Affiliate,Affiliate_Network_A,747.24,2060,41,2
2023-09-15,Affiliate,Affiliate_Network_B,3020.1,2507,70,4
2023-09-16,Google Ads,Search_Brand,197.8,1629,8,0
2023-09-16,Google Ads,Search_Generic,5967.36,5889,176,1
2023-09-16,Google Ads,Shopping_Ads,879.64,5550,98,4
2023-09-16,Meta Ads,FB_Prospecting,129.61,2783,32,2
2023-09-16,Meta Ads,IG_Retarget,4254.21,3496,118,6
2023-09-16,Meta Ads,FB_Lookalike,5596.22,3257,130,5
2023-09-16,YouTube Ads,YT_Skippable,2859.8,7263,111,3
2023-09-16,Email,Weekly_Newsletter,3779.46,13196,208,10
2023-09-16,Email,Win_Back,1800.32,7236,88,5
2023-09-16,Organic Search,SEO_Blog,200.95,8011,250,11
2023-09-16,Organic Search,SEO_Category,333.73,5626,128,5
2023-09-16,Referral,Referral_Program,379.67,10160,241,14
2023-09-16,Direct,Direct_Traffic,264.65,7613,158,5
2023-09-17,Google Ads,Search_Brand,10367.5,7571,266,12
2023-09-17,Google Ads,Search_Generic,2903.98,2195,83,1
2023-09-17,Google Ads,Shopping_Ads,1723.78,3207,86,5
2023-09-17,Google Ads,Display_Retarget,5220.64,5086,127,8
2023-09-17,Meta Ads,FB_Lookalike,3520.7,2989,103,1
2023-09-17,Email,Weekly_Newsletter,1717.16,4161,89,5
2023-09-17,Email,Cart_Recovery,12024.97,6423,278,3
2023-09-17,Email,Win_Back,438.33,5238,130,4
2023-09-17,Organic Search,SEO_Blog,460.31,481,6,0
2023-09-17,Affiliate,Affiliate_Network_A,1077.76,4228,52,4
2023-09-17,Affiliate,Affiliate_Network_B,2129.18,2545,76,5
2023-09-18,Google Ads,Search_Brand,533.58,1242,43,1
2023-09-18,Google Ads,Search_Generic,2851.88,2770,67,2
2023-09-18,Google Ads,Display_Retarget,3451.43,8679,209,6
2023-09-18,Meta Ads,FB_Prospecting,1458.99,3768,108,4
2023-09-18,Meta Ads,IG_Retarget,1802.77,5413,142,3
2023-09-18,Meta Ads,FB_Lookalike,1520.22,2060,72,5
2023-09-18,YouTube Ads,YT_Bumper,1617.07,4735,76,3
2023-09-18,Email,Weekly_Newsletter,9383.51,15101,577,14
2023-09-18,Email,Cart_Recovery,5365.96,9951,436,6
2023-09-18,Organic Search,SEO_Blog,87.04,7759,57,3
2023-09-18,Referral,Referral_Program,279.64,10858,168,9
2023-09-19,Google Ads,Search_Generic,884.92,4041,23,0
2023-09-19,Google Ads,Shopping_Ads,3102.01,7742,94,4
2023-09-19,Google Ads,Display_Retarget,4980.34,5325,187,8
2023-09-19,Meta Ads,FB_Prospecting,8883.62,5321,232,12
2023-09-19,Meta Ads,IG_Retarget,1594.47,2203,58,2
2023-09-19,Meta Ads,FB_Lookalike,1926.73,5460,64,2
2023-09-19,YouTube Ads,YT_Skippable,2687.4,2813,105,8
2023-09-19,YouTube Ads,YT_Bumper,6407.44,20170,421,14
2023-09-19,Email,Weekly_Newsletter,1419.92,2714,68,0
2023-09-19,Email,Cart_Recovery,4583.86,5169,106,2
2023-09-19,Email,Win_Back,23259.68,15152,519,30
2023-09-19,Organic Search,SEO_Blog,365.16,3265,117,2
2023-09-19,Organic Search,SEO_Category,375.42,4523,154,2
2023-09-19,Affiliate,Affiliate_Network_A,9226.89,10206,297,5
2023-09-19,Referral,Referral_Program,369.27,7044,245,17
2023-09-19,Direct,Direct_Traffic,444.33,411,5,0
2023-09-20,Google Ads,Search_Generic,2396.05,2635,63,1
2023-09-20,Meta Ads,FB_Prospecting,1300.27,2506,94,2
2023-09-20,Meta Ads,IG_Retarget,2227.23,1884,69,2
2023-09-20,Meta Ads,FB_Lookalike,2240.46,6685,61,1
2023-09-20,YouTube Ads,YT_Bumper,606.9,2158,35,1
2023-09-20,Email,Weekly_Newsletter,1592.57,3894,62,2
2023-09-20,Email,Cart_Recovery,680.25,3587,35,0
2023-09-20,Organic Search,SEO_Blog,231.73,154,4,0
2023-09-20,Organic Search,SEO_Category,259.32,13984,586,30
2023-09-20,Affiliate,Affiliate_Network_A,986.5,1355,27,1
2023-09-20,Affiliate,Affiliate_Network_B,2457.04,9689,86,3
2023-09-20,Referral,Referral_Program,111.6,5904,251,6
2023-09-20,Direct,Direct_Traffic,308.82,4898,127,1
2023-09-21,Google Ads,Search_Generic,1416.27,2491,34,1
2023-09-21,Google Ads,Shopping_Ads,5710.91,5791,154,9
2023-09-21,Google Ads,Display_Retarget,3894.89,4335,170,4
2023-09-21,Meta Ads,IG_Retarget,9883.56,10097,257,15
2023-09-21,Meta Ads,FB_Lookalike,673.59,6020,155,7
2023-09-21,YouTube Ads,YT_Bumper,928.94,1434,49,2
2023-09-21,Email,Cart_Recovery,4061.86,5380,100,3
2023-09-21,Affiliate,Affiliate_Network_A,11304.07,16334,394,19
2023-09-21,Referral,Referral_Program,414.98,8023,318,17
2023-09-21,Direct,Direct_Traffic,45.23,752,11,0
2023-09-22,Google Ads,Search_Brand,1080.13,4099,83,2
2023-09-22,Google Ads,Search_Generic,7417.63,6848,214,5
2023-09-22,Google Ads,Shopping_Ads,3176.07,6329,98,4
2023-09-22,Google Ads,Display_Retarget,505.05,10150,54,2
2023-09-22,Meta Ads,FB_Prospecting,3973.18,4684,158,8
2023-09-22,Meta Ads,IG_Retarget,517.42,5545,105,1
2023-09-22,Meta Ads,FB_Lookalike,598.94,1912,33,0
2023-09-22,YouTube Ads,YT_Skippable,8856.79,21172,272,3
2023-09-22,Email,Weekly_Newsletter,122.89,1021,35,2
2023-09-22,Email,Cart_Recovery,950.19,979,28,1
2023-09-22,Affiliate,Affiliate_Network_A,5318.94,10990,152,9
2023-09-22,Affiliate,Affiliate_Network_B,10341.16,7102,290,22
2023-09-22,Referral,Referral_Program,409.08,8959,83,6
2023-09-22,Direct,Direct_Traffic,126.07,8385,182,5
2023-09-23,Google Ads,Search_Brand,2135.78,3390,93,1
2023-09-23,Google Ads,Search_Generic,8466.03,12161,224,4
2023-09-23,Google Ads,Display_Retarget,1227.43,3080,80,2
2023-09-23,Meta Ads,IG_Retarget,695.0,2615,116,8
2023-09-23,YouTube Ads,YT_Skippable,9871.91,9854,370,28
2023-09-23,YouTube Ads,YT_Bumper,15026.88,11551,370,10
2023-09-23,Email,Weekly_Newsletter,1221.33,4380,82,0
2023-09-23,Organic Search,SEO_Blog,250.39,4584,185,4
2023-09-23,Organic Search,SEO_Category,14.95,6794,118,1
2023-09-23,Affiliate,Affiliate_Network_B,133.44,5933,41,1
2023-09-23,Referral,Referral_Program,315.13,1643,34,1
2023-09-23,Direct,Direct_Traffic,64.88,2439,57,0
2023-09-24,Google Ads,Search_Brand,1755.32,8842,59,2
2023-09-24,Google Ads,Search_Generic,755.31,8240,78,5
2023-09-24,Google Ads,Display_Retarget,866.32,3499,55,4
2023-09-24,Meta Ads,FB_Prospecting,1241.19,3879,51,1
2023-09-24,Meta Ads,IG_Retarget,1044.94,3906,35,0
2023-09-24,Meta Ads,FB_Lookalike,751.78,982,27,1
2023-09-24,YouTube Ads,YT_Skippable,6164.05,5374,200,10
2023-09-24,YouTube Ads,YT_Bumper,1510.09,6132,124,7
2023-09-24,Email,Cart_Recovery,3456.16,3208,85,4
2023-09-24,Email,Win_Back,13960.97,14099,573,44
2023-09-24,Organic Search,SEO_Blog,190.0,1749,63,3
2023-09-24,Organic Search,SEO_Category,,17341,627,42
2023-09-24,Affiliate,Affiliate_Network_B,5117.62,9520,237,10
2023-09-24,Direct,Direct_Traffic,440.72,1542,26,2
2023-09-25,Google Ads,Search_Brand,5646.57,5319,181,7
2023-09-25,Google Ads,Search_Generic,899.25,1229,20,0
2023-09-25,Google Ads,Display_Retarget,1637.91,3564,88,6
2023-09-25,Meta Ads,FB_Prospecting,4178.83,4352,161,9
2023-09-25,Meta Ads,IG_Retarget,1244.59,2872,102,7
2023-09-25,YouTube Ads,YT_Bumper,1085.3,4798,190,11
2023-09-25,Email,Weekly_Newsletter,,9045,287,7
2023-09-25,Email,Cart_Recovery,6346.2,4154,183,10
2023-09-25,Organic Search,SEO_Category,242.77,7014,237,17
2023-09-25,Affiliate,Affiliate_Network_B,1098.84,14475,118,7
2023-09-25,Referral,Referral_Program,352.99,3314,142,2
2023-09-26,Google Ads,Search_Brand,3587.0,13809,333,17
2023-09-26,Google Ads,Search_Generic,3567.07,16304,200,3
2023-09-26,Google Ads,Display_Retarget,1406.26,4233,33,1
2023-09-26,Meta Ads,FB_Prospecting,3344.74,2039,81,5
2023-09-26,Meta Ads,IG_Retarget,1202.71,1723,31,2
2023-09-26,YouTube Ads,YT_Skippable,910.98,3584,30,1
2023-09-26,YouTube Ads,YT_Bumper,49.41,1550,13,0
2023-09-26,Email,Win_Back,4396.52,17217,735,10
2023-09-26,Organic Search,SEO_Blog,55.9,5794,102,2
2023-09-26,Organic Search,SEO_Category,367.7,7853,184,8
2023-09-26,Affiliate,Affiliate_Network_B,911.82,4028,97,5
2023-09-26,Direct,Direct_Traffic,195.33,6749,156,6
2023-09-27,Google Ads,Search_Brand,6427.63,7460,207,11
2023-09-27,Google Ads,Search_Generic,708.88,634,27,2
2023-09-27,Google Ads,Display_Retarget,219.3,1012,11,0
2023-09-27,Meta Ads,FB_Prospecting,1054.08,4300,48,1
2023-09-27,YouTube Ads,YT_Bumper,11011.01,7808,291,11
2023-09-27,Email,Weekly_Newsletter,1263.35,3154,43,3
2023-09-27,Organic Search,SEO_Blog,470.56,2466,46,3
2023-09-27,Organic Search,SEO_Category,200.51,10263,286,3
2023-09-27,Affiliate,Affiliate_Network_B,1664.44,7437,131,5
2023-09-27,Referral,Referral_Program,214.86,9299,90,2
2023-09-27,Direct,Direct_Traffic,399.96,3474,106,1
2023-09-28,Google Ads,Shopping_Ads,651.83,4632,70,3
2023-09-28,YouTube Ads,YT_Skippable,6632.58,6814,228,12
2023-09-28,Email,Weekly_Newsletter,2311.79,4854,130,7
2023-09-28,Email,Cart_Recovery,5635.54,10068,230,13
2023-09-28,Email,Win_Back,2283.92,4129,91,3
2023-09-28,Affiliate,Affiliate_Network_A,979.64,2072,68,2
2023-09-28,Direct,Direct_Traffic,140.18,3632,79,1
2023-09-29,YouTube Ads,YT_Skippable,3898.51,6888,152,4
2023-09-29,YouTube Ads,YT_Bumper,1010.2,6345,34,1
2023-09-29,Email,Weekly_Newsletter,3052.49,3825,112,6
2023-09-29,Email,Cart_Recovery,2183.52,2847,59,3
2023-09-29,Email,Win_Back,720.95,2891,48,3
2023-09-29,Organic Search,SEO_Category,55.5,3070,126,3
2023-09-29,Affiliate,Affiliate_Network_A,3299.29,2247,98,5
2023-09-29,Referral,Referral_Program,372.31,4583,193,7
2023-09-29,Direct,Direct_Traffic,164.11,165,6,0
2023-09-30,Google Ads,Search_Brand,4366.36,5565,144,3
2023-09-30,Google Ads,Search_Generic,1638.61,2879,37,0
2023-09-30,Google Ads,Display_Retarget,14594.46,8408,335,25
2023-09-30,Meta Ads,FB_Prospecting,2875.38,3684,65,4
2023-09-30,Meta Ads,IG_Retarget,3511.37,3682,126,9
2023-09-30,YouTube Ads,YT_Skippable,3502.25,8687,83,5
2023-09-30,Email,Weekly_Newsletter,1613.77,1202,47,2
2023-09-30,Email,Cart_Recovery,3871.15,9002,216,11
2023-09-30,Email,Win_Back,608.95,2505,60,2
2023-09-30,Organic Search,SEO_Blog,360.79,5448,109,7
2023-10-01,Google Ads,Search_Generic,13822.21,8017,326,5
2023-10-01,Google Ads,Shopping_Ads,521.46,2564,22,1
2023-10-01,Google Ads,Display_Retarget,8055.57,7850,247,6
2023-10-01,Meta Ads,FB_Lookalike,21239.38,13209,499,9
2023-10-01,Email,Win_Back,5678.16,7281,267,10
2023-10-01,Organic Search,SEO_Blog,1.65,4608,173,11
2023-10-01,Organic Search,SEO_Category,103.54,15177,513,22
2023-10-01,Affiliate,Affiliate_Network_A,4791.77,13299,219,16
2023-10-01,Affiliate,Affiliate_Network_B,304.47,2659,88,6
2023-10-01,Direct,Direct_Traffic,397.09,5204,67,4
2023-10-02,Google Ads,Search_Generic,8189.29,8011,193,5
2023-10-02,Google Ads,Shopping_Ads,613.43,4372,67,4
2023-10-02,Meta Ads,FB_Prospecting,2409.03,8271,226,13
2023-10-02,Meta Ads,FB_Lookalike,8352.78,6473,190,10
2023-10-02,YouTube Ads,YT_Skippable,509.64,1279,13,0
2023-10-02,YouTube Ads,YT_Bumper,3434.4,5133,122,5
2023-10-02,Email,Weekly_Newsletter,2741.35,2876,93,1
2023-10-02,Email,Win_Back,1022.34,2438,38,1
2023-10-02,Organic Search,SEO_Category,497.94,17476,169,8
2023-10-02,Affiliate,Affiliate_Network_B,404.97,12749,96,3
2023-10-02,Referral,Referral_Program,,559,10,0
2023-10-02,Direct,Direct_Traffic,76.72,6921,57,1
2023-10-03,Google Ads,Search_Brand,2227.82,3331,104,6
2023-10-03,Google Ads,Search_Generic,161.11,2732,51,1
2023-10-03,Google Ads,Shopping_Ads,2493.27,8703,104,4
2023-10-03,Meta Ads,FB_Prospecting,14617.08,15214,558,22
2023-10-03,YouTube Ads,YT_Skippable,17827.35,10615,415,9
2023-10-03,YouTube Ads,YT_Bumper,5390.7,6167,166,7
2023-10-03,Email,Weekly_Newsletter,7483.98,13671,167,9
2023-10-03,Email,Cart_Recovery,112.0,5058,35,2
2023-10-03,Email,Win_Back,2467.67,2842,89,1
2023-10-03,Organic Search,SEO_Category,265.92,7860,311,11
2023-10-03,Affiliate,Affiliate_Network_A,361.83,3468,35,2
2023-10-03,Affiliate,Affiliate_Network_B,3475.88,9624,99,4
2023-10-03,Referral,Referral_Program,479.42,13151,452,31
2023-10-03,Direct,Direct_Traffic,247.75,4143,20,0
2023-10-04,Google Ads,Search_Brand,1483.43,6924,69,1
2023-10-04,Google Ads,Shopping_Ads,2858.22,3431,125,3
2023-10-04,Google Ads,Display_Retarget,1646.3,1510,53,2
2023-10-04,Meta Ads,IG_Retarget,8319.29,9278,231,10
2023-10-04,YouTube Ads,YT_Bumper,1021.23,3468,27,0
2023-10-04,Email,Weekly_Newsletter,179.37,4473,45,3
2023-10-04,Email,Cart_Recovery,710.58,9019,118,1
2023-10-04,Email,Win_Back,503.16,1318,14,0
2023-10-04,Organic Search,SEO_Category,276.45,4522,69,3
2023-10-04,Affiliate,Affiliate_Network_A,1902.96,3271,44,3
2023-10-04,Affiliate,Affiliate_Network_B,664.16,4895,27,1
2023-10-04,Referral,Referral_Program,316.74,3368,120,3
2023-10-04,Direct,Direct_Traffic,17.65,9672,91,2
2023-10-05,Google Ads,Search_Brand,1773.56,7753,54,3
2023-10-05,Google Ads,Search_Generic,76.64,2140,17,0
2023-10-05,Google Ads,Shopping_Ads,1275.12,3923,66,2
2023-10-05,Google Ads,Display_Retarget,488.95,6085,65,4
2023-10-05,Meta Ads,FB_Prospecting,10266.01,8647,239,18
2023-10-05,Meta Ads,FB_Lookalike,17061.84,16411,718,37
2023-10-05,YouTube Ads,YT_Skippable,7857.0,5627,205,6
2023-10-05,YouTube Ads,YT_Bumper,8733.22,7606,329,16
2023-10-05,Email,Cart_Recovery,258.32,6005,73,1
2023-10-05,Email,Win_Back,1017.27,6116,153,5
2023-10-05,Organic Search,SEO_Blog,266.49,2870,23,0
2023-10-05,Organic Search,SEO_Category,260.14,7713,249,9
2023-10-05,Affiliate,Affiliate_Network_A,3981.56,5039,133,9
2023-10-05,Affiliate,Affiliate_Network_B,6679.96,7588,193,14
2023-10-05,Referral,Referral_Program,414.35,6354,227,8
2023-10-05,Direct,Direct_Traffic,133.52,699,30,1
2023-10-06,Google Ads,Search_Generic,3415.56,8069,238,18
2023-10-06,Google Ads,Shopping_Ads,673.1,5496,201,15
2023-10-06,Google Ads,Display_Retarget,20147.7,12129,467,26
2023-10-06,Meta Ads,FB_Prospecting,3135.76,7156,163,7
2023-10-06,Meta Ads,IG_Retarget,3194.33,5112,155,7
2023-10-06,Meta Ads,FB_Lookalike,2358.89,9495,360,4
2023-10-06,YouTube Ads,YT_Skippable,283.38,599,22,1
2023-10-06,YouTube Ads,YT_Bumper,9205.96,6958,305,19
2023-10-06,Email,Weekly_Newsletter,6067.14,17971,250,8
2023-10-06,Email,Cart_Recovery,397.22,2638,92,0
2023-10-06,Email,Win_Back,1443.31,2453,33,0
2023-10-06,Organic Search,SEO_Blog,87.27,1949,42,1
2023-10-06,Affiliate,Affiliate_Network_A,3888.2,11800,123,3
2023-10-06,Direct,Direct_Traffic,98.22,4482,175,12
2023-10-07,Google Ads,Search_Brand,693.06,1302,31,1
2023-10-07,Google Ads,Shopping_Ads,1389.48,5119,108,4
2023-10-07,Google Ads,Display_Retarget,5981.91,8266,139,9
2023-10-07,Meta Ads,FB_Prospecting,566.11,850,13,0
2023-10-07,Meta Ads,IG_Retarget,514.17,668,23,0
2023-10-07,Meta Ads,FB_Lookalike,955.63,3873,49,1
2023-10-07,YouTube Ads,YT_Skippable,1649.66,3202,142,1
2023-10-07,YouTube Ads,YT_Bumper,1259.23,2695,58,2
2023-10-07,Email,Cart_Recovery,797.09,8921,56,3
2023-10-07,Email,Win_Back,708.36,1220,36,0
2023-10-07,Organic Search,SEO_Blog,15.89,8961,86,3
2023-10-07,Organic Search,SEO_Category,366.96,2949,51,1
2023-10-07,Affiliate,Affiliate_Network_A,1402.01,2816,52,1
2023-10-07,Referral,Referral_Program,19.39,9965,182,5
2023-10-08,Google Ads,Search_Brand,4863.83,3905,123,1
2023-10-08,Google Ads,Search_Generic,589.04,5952,30,2
2023-10-08,Google Ads,Shopping_Ads,1250.14,5203,65,1
2023-10-08,Google Ads,Display_Retarget,6288.18,10530,201,8
2023-10-08,Meta Ads,FB_Prospecting,2946.61,3683,100,5
2023-10-08,Meta Ads,IG_Retarget,,3130,128,5
2023-10-08,YouTube Ads,YT_Skippable,2728.11,7958,284,21
2023-10-08,YouTube Ads,YT_Bumper,110.24,509,4,0
2023-10-08,Email,Weekly_Newsletter,3324.14,4615,184,8
2023-10-08,Email,Win_Back,8807.75,20425,755,54
2023-10-08,Organic Search,SEO_Category,20.66,7292,58,3
2023-10-08,Affiliate,Affiliate_Network_A,1624.97,3798,133,2
2023-10-08,Affiliate,Affiliate_Network_B,4034.07,12690,110,1
2023-10-08,Referral,Referral_Program,27.4,2250,24,0
2023-10-08,Direct,Direct_Traffic,341.84,461,3,0
2023-10-09,Google Ads,Search_Generic,13458.99,10534,327,5
2023-10-09,Google Ads,Shopping_Ads,555.27,3768,19,1
2023-10-09,Google Ads,Display_Retarget,494.68,1180,45,0
2023-10-09,Meta Ads,IG_Retarget,7856.63,8975,204,8
2023-10-09,Meta Ads,FB_Lookalike,1726.85,11020,102,3
2023-10-09,YouTube Ads,YT_Skippable,12563.18,10247,280,5
2023-10-09,YouTube Ads,YT_Bumper,2087.84,3041,108,4
2023-10-09,Email,Weekly_Newsletter,4781.23,3650,132,3
2023-10-09,Email,Cart_Recovery,1244.13,6482,106,1
2023-10-09,Email,Win_Back,4245.67,7583,336,9
2023-10-09,Organic Search,SEO_Blog,131.64,4642,109,1
2023-10-09,Organic Search,SEO_Category,242.84,17716,387,7
2023-10-09,Affiliate,Affiliate_Network_A,11055.04,16165,287,12
2023-10-09,Affiliate,Affiliate_Network_B,1457.74,4634,64,4
2023-10-09,Referral,Referral_Program,76.89,3881,145,4
2023-10-09,Direct,Direct_Traffic,493.72,7658,226,12
2023-10-10,Google Ads,Search_Brand,1429.33,2614,71,2
2023-10-10,Google Ads,Shopping_Ads,656.81,7700,107,3
2023-10-10,Google Ads,Display_Retarget,225.12,4268,27,1
2023-10-10,Meta Ads,IG_Retarget,859.43,1501,41,3
2023-10-10,Meta Ads,FB_Lookalike,10290.44,11133,458,9
2023-10-10,YouTube Ads,YT_Skippable,4227.63,3571,106,7
2023-10-10,Email,Cart_Recovery,540.96,2116,52,2
2023-10-10,Email,Win_Back,5370.99,5082,213,8
2023-10-10,Organic Search,SEO_Blog,454.91,6646,129,9
2023-10-10,Organic Search,SEO_Category,270.5,8346,237,7
2023-10-10,Affiliate,Affiliate_Network_A,1120.71,2048,30,2
2023-10-10,Affiliate,Affiliate_Network_B,6571.28,11705,286,3
2023-10-10,Referral,Referral_Program,91.41,25104,705,13
2023-10-10,Direct,Direct_Traffic,4.68,1630,29,0
2023-10-11,Google Ads,Search_Brand,79.88,1861,10,0
2023-10-11,Google Ads,Search_Generic,1059.44,1521,60,3
2023-10-11,Meta Ads,FB_Prospecting,1325.97,2623,45,1
2023-10-11,Meta Ads,IG_Retarget,,5035,90,2
2023-10-11,Meta Ads,FB_Lookalike,1466.76,4806,78,5
2023-10-11,YouTube Ads,YT_Skippable,979.45,4367,156,4
2023-10-11,Email,Win_Back,485.89,1159,11,0
2023-10-11,Organic Search,SEO_Blog,125.87,4070,96,3
2023-10-11,Affiliate,Affiliate_Network_A,435.67,6153,58,2
2023-10-11,Affiliate,Affiliate_Network_B,749.05,1964,85,3
2023-10-11,Referral,Referral_Program,176.6,5462,126,3
2023-10-11,Direct,Direct_Traffic,443.01,959,15,0
2023-10-12,Google Ads,Search_Brand,3787.72,4508,131,8
2023-10-12,Google Ads,Shopping_Ads,1547.71,5350,35,2
2023-10-12,Google Ads,Display_Retarget,4063.63,8490,340,10
2023-10-12,Meta Ads,FB_Lookalike,3168.13,6394,102,7
2023-10-12,YouTube Ads,YT_Skippable,3202.46,3955,115,8
2023-10-12,YouTube Ads,YT_Bumper,3283.73,3359,127,7
2023-10-12,Email,Weekly_Newsletter,1534.29,4332,109,2
2023-10-12,Email,Cart_Recovery,4864.27,3557,127,7
2023-10-12,Email,Win_Back,3546.38,3901,118,2
2023-10-12,Organic Search,SEO_Blog,44.54,3934,22,0
2023-10-12,Organic Search,SEO_Category,201.8,13809,295,11
2023-10-12,Affiliate,Affiliate_Network_A,4535.13,8860,360,23
2023-10-12,Affiliate,Affiliate_Network_B,419.29,1940,29,1
2023-10-12,Referral,Referral_Program,289.28,2629,32,1
2023-10-12,Direct,Direct_Traffic,469.92,3571,33,0
2023-10-13,Google Ads,Search_Brand,267.43,5822,33,1
2023-10-13,Google Ads,Shopping_Ads,6042.54,11174,150,3
2023-10-13,Google Ads,Display_Retarget,118.73,304,10,0
2023-10-13,YouTube Ads,YT_Skippable,1342.78,3445,63,3
2023-10-13,YouTube Ads,YT_Bumper,1370.82,2059,36,1
2023-10-13,Email,Weekly_Newsletter,2079.85,7693,119,3
2023-10-13,Email,Cart_Recovery,187.86,977,29,1
2023-10-13,Email,Win_Back,2577.34,2675,96,4
2023-10-13,Affiliate,Affiliate_Network_A,3850.37,4735,187,6
2023-10-13,Affiliate,Affiliate_Network_B,243.28,1328,45,3
2023-10-13,Referral,Referral_Program,256.32,2028,85,5
2023-10-14,Google Ads,Search_Generic,2630.07,3938,106,1
2023-10-14,Google Ads,Display_Retarget,1071.46,6887,110,3
2023-10-14,Meta Ads,FB_Prospecting,2659.52,10017,61,4
2023-10-14,Meta Ads,IG_Retarget,3612.47,5953,174,6
2023-10-14,Meta Ads,FB_Lookalike,3629.93,9829,232,8
2023-10-14,YouTube Ads,YT_Skippable,4050.68,6391,179,5
2023-10-14,YouTube Ads,YT_Bumper,7218.43,8643,180,12
2023-10-14,Email,Weekly_Newsletter,363.66,4506,40,1
2023-10-14,Email,Cart_Recovery,13990.78,10097,347,4
2023-10-14,Organic Search,SEO_Blog,404.84,4197,124,7
2023-10-14,Organic Search,SEO_Category,289.34,7112,220,16
2023-10-14,Affiliate,Affiliate_Network_A,4824.83,4508,115,8
2023-10-14,Affiliate,Affiliate_Network_B,6170.22,5147,150,5
2023-10-14,Referral,Referral_Program,351.48,3305,75,4
2023-10-15,Google Ads,Search_Generic,3341.62,8936,102,7
2023-10-15,Google Ads,Shopping_Ads,5111.54,13668,298,4
2023-10-15,Google Ads,Display_Retarget,1963.0,2339,45,2
2023-10-15,Meta Ads,IG_Retarget,4386.97,11144,141,5
2023-10-15,Meta Ads,FB_Lookalike,598.72,966,19,1
2023-10-15,YouTube Ads,YT_Bumper,1451.87,2490,50,1
2023-10-15,Organic Search,SEO_Blog,17.93,2477,70,3
2023-10-15,Referral,Referral_Program,416.67,5494,135,6
2023-10-16,Google Ads,Search_Brand,15032.01,11003,351,14
2023-10-16,Google Ads,Search_Generic,1112.4,2808,39,0
2023-10-16,Google Ads,Shopping_Ads,1095.37,5878,136,10
2023-10-16,Google Ads,Display_Retarget,1497.37,10139,51,1
2023-10-16,Meta Ads,FB_Prospecting,832.31,5509,170,5
2023-10-16,Meta Ads,FB_Lookalike,1130.56,2881,126,8
2023-10-16,YouTube Ads,YT_Bumper,3340.81,5128,130,9
2023-10-16,Email,Cart_Recovery,373.31,1698,55,1
2023-10-16,Email,Win_Back,921.49,1866,36,2
2023-10-16,Affiliate,Affiliate_Network_A,7973.49,8775,250,4
2023-10-16,Affiliate,Affiliate_Network_B,271.41,871,10,0
2023-10-16,Referral,Referral_Program,54.22,5361,195,2
2023-10-16,Direct,Direct_Traffic,222.35,4750,108,6
2023-10-17,Google Ads,Search_Brand,240.14,6637,77,3
2023-10-17,Google Ads,Shopping_Ads,1901.38,3022,46,1
2023-10-17,Google Ads,Display_Retarget,4203.9,5813,134,7
2023-10-17,Meta Ads,FB_Prospecting,2608.75,8367,237,7
2023-10-17,Meta Ads,IG_Retarget,4437.69,2652,110,1
2023-10-17,Meta Ads,FB_Lookalike,357.26,4171,28,0
2023-10-17,YouTube Ads,YT_Skippable,2043.91,2350,50,0
2023-10-17,Email,Weekly_Newsletter,1058.62,5713,34,0
2023-10-17,Email,Win_Back,2476.8,5325,197,6
2023-10-17,Organic Search,SEO_Blog,380.2,99,2,0
2023-10-17,Organic Search,SEO_Category,310.4,10445,332,20
2023-10-17,Affiliate,Affiliate_Network_A,1340.36,3240,91,3
2023-10-17,Affiliate,Affiliate_Network_B,12069.88,9389,418,6
2023-10-17,Referral,Referral_Program,272.07,9923,97,5
2023-10-17,Direct,Direct_Traffic,404.47,5399,51,2
2023-10-18,Google Ads,Search_Brand,8371.56,14738,211,11
2023-10-18,Google Ads,Shopping_Ads,3177.21,6029,187,8
2023-10-18,Google Ads,Display_Retarget,5418.05,13586,166,6
2023-10-18,Meta Ads,FB_Prospecting,9037.77,4738,205,15
2023-10-18,Meta Ads,IG_Retarget,1572.81,1062,39,2
2023-10-18,Email,Weekly_Newsletter,2505.76,4509,154,11
2023-10-18,Email,Cart_Recovery,3000.22,18299,415,27
2023-10-18,Email,Win_Back,85.81,2659,15,0
2023-10-18,Organic Search,SEO_Category,6.98,16667,154,3
2023-10-18,Affiliate,Affiliate_Network_A,293.95,1447,14,0
2023-10-18,Affiliate,Affiliate_Network_B,1169.79,7686,168,11
2023-10-18,Direct,Direct_Traffic,166.08,3988,154,3
2023-10-19,Google Ads,Search_Brand,716.37,6102,207,15
2023-10-19,Google Ads,Search_Generic,786.51,2273,43,2
2023-10-19,Google Ads,Display_Retarget,806.9,1413,54,0
2023-10-19,Meta Ads,FB_Prospecting,2607.93,12215,453,25
2023-10-19,Meta Ads,FB_Lookalike,681.83,2606,75,5
2023-10-19,YouTube Ads,YT_Skippable,2992.37,5248,211,5
2023-10-19,YouTube Ads,YT_Bumper,1143.26,5615,218,8
2023-10-19,Email,Win_Back,7769.93,10399,407,16
2023-10-19,Organic Search,SEO_Category,88.5,2630,36,1
2023-10-19,Affiliate,Affiliate_Network_A,2176.05,2666,57,2
2023-10-19,Affiliate,Affiliate_Network_B,947.47,12497,190,7
2023-10-19,Direct,Direct_Traffic,345.67,12387,426,15
2023-10-20,Google Ads,Search_Brand,437.88,5655,56,1
2023-10-20,Google Ads,Search_Generic,1419.59,2689,73,3
2023-10-20,Google Ads,Shopping_Ads,300.5,1999,88,6
2023-10-20,Google Ads,Display_Retarget,7737.28,10139,173,10
2023-10-20,YouTube Ads,YT_Bumper,5079.76,8532,381,20
2023-10-20,Email,Cart_Recovery,910.93,4139,70,2
2023-10-20,Email,Win_Back,1733.5,3475,152,6
2023-10-20,Organic Search,SEO_Blog,425.23,4894,148,6
2023-10-20,Organic Search,SEO_Category,222.77,10540,104,3
2023-10-20,Affiliate,Affiliate_Network_A,9466.39,7429,325,24
2023-10-20,Affiliate,Affiliate_Network_B,1319.73,2616,64,3
2023-10-20,Direct,Direct_Traffic,458.54,3087,113,3
2023-10-21,Google Ads,Search_Brand,1019.86,8894,92,5
2023-10-21,Google Ads,Search_Generic,3660.01,11215,310,3
2023-10-21,Meta Ads,IG_Retarget,3476.41,9500,161,4
2023-10-21,Meta Ads,FB_Lookalike,1068.3,4516,27,0
2023-10-21,YouTube Ads,YT_Skippable,1397.74,3729,136,1
2023-10-21,YouTube Ads,YT_Bumper,3808.11,9906,171,2
2023-10-21,Email,Weekly_Newsletter,2716.1,2084,85,1
2023-10-21,Organic Search,SEO_Blog,449.13,10476,334,21
2023-10-21,Organic Search,SEO_Category,55.05,1369,37,0
2023-10-21,Affiliate,Affiliate_Network_A,4916.66,10535,445,11
2023-10-21,Affiliate,Affiliate_Network_B,4411.89,5440,100,5
2023-10-21,Direct,Direct_Traffic,53.89,5289,39,2
2023-10-22,Google Ads,Search_Brand,11255.11,12556,444,8
2023-10-22,Google Ads,Search_Generic,866.97,4556,45,2
2023-10-22,Google Ads,Shopping_Ads,576.01,2973,52,0
2023-10-22,Google Ads,Display_Retarget,356.46,8192,66,4
2023-10-22,Meta Ads,FB_Prospecting,6627.51,5473,169,7
2023-10-22,Meta Ads,IG_Retarget,4535.99,3779,149,11
2023-10-22,Meta Ads,FB_Lookalike,592.28,2313,34,1
2023-10-22,YouTube Ads,YT_Skippable,9806.2,6332,229,13
2023-10-22,YouTube Ads,YT_Bumper,12739.3,7522,327,11
2023-10-22,Email,Weekly_Newsletter,11509.91,12632,339,4
2023-10-22,Email,Win_Back,220.64,1110,5,0
2023-10-22,Organic Search,SEO_Blog,273.91,3734,44,2
2023-10-22,Affiliate,Affiliate_Network_A,5462.94,6345,200,12
2023-10-22,Direct,Direct_Traffic,382.54,2916,48,2
2023-10-23,Google Ads,Shopping_Ads,3918.61,5420,179,11
2023-10-23,Google Ads,Display_Retarget,224.71,1412,22,0
2023-10-23,Meta Ads,IG_Retarget,2415.76,5906,104,4
2023-10-23,YouTube Ads,YT_Skippable,12731.87,8708,385,5
2023-10-23,YouTube Ads,YT_Bumper,9255.36,7241,226,11
2023-10-23,Email,Weekly_Newsletter,7635.97,4399,181,11
2023-10-23,Email,Cart_Recovery,679.17,2948,20,1
2023-10-23,Email,Win_Back,7413.75,12535,427,9
2023-10-23,Organic Search,SEO_Blog,265.22,3418,137,5
2023-10-23,Organic Search,SEO_Category,456.03,10171,278,11
2023-10-23,Affiliate,Affiliate_Network_A,3801.44,12248,240,9
2023-10-23,Affiliate,Affiliate_Network_B,11992.8,13037,508,32
2023-10-23,Referral,Referral_Program,73.0,11975,452,4
2023-10-23,Direct,Direct_Traffic,244.6,13642,97,1
2023-10-24,Google Ads,Search_Brand,196.16,2469,58,3
2023-10-24,Google Ads,Search_Generic,1647.42,9174,217,14
2023-10-24,Google Ads,Shopping_Ads,7501.67,8664,202,4
2023-10-24,Meta Ads,FB_Prospecting,3996.87,4384,93,2
2023-10-24,Meta Ads,IG_Retarget,6344.3,8138,209,15
2023-10-24,Meta Ads,FB_Lookalike,6677.37,4777,179,4
2023-10-24,YouTube Ads,YT_Bumper,89.2,2256,15,0
2023-10-24,Email,Weekly_Newsletter,16464.76,14230,424,30
2023-10-24,Email,Cart_Recovery,5254.79,3036,122,8
2023-10-24,Email,Win_Back,1989.87,3329,143,8
2023-10-24,Organic Search,SEO_Blog,386.93,6183,118,2
2023-10-24,Affiliate,Affiliate_Network_A,1633.5,3310,43,1
2023-10-24,Affiliate,Affiliate_Network_B,2074.41,10656,77,1
2023-10-24,Referral,Referral_Program,357.66,10764,94,6
2023-10-25,Google Ads,Search_Brand,550.69,1253,24,1
2023-10-25,Google Ads,Search_Generic,602.79,2526,30,2
2023-10-25,Google Ads,Shopping_Ads,1325.7,5607,53,3
2023-10-25,Google Ads,Display_Retarget,1072.15,5483,123,4
2023-10-25,Meta Ads,FB_Lookalike,423.07,721,23,1
2023-10-25,Email,Weekly_Newsletter,3957.92,9819,335,5
2023-10-25,Email,Cart_Recovery,8497.33,5495,226,8
2023-10-25,Email,Win_Back,,2084,37,2
2023-10-25,Organic Search,SEO_Category,400.8,3029,41,1
2023-10-25,Affiliate,Affiliate_Network_B,5669.75,7860,133,5
2023-10-25,Referral,Referral_Program,450.33,11741,409,32
2023-10-26,Google Ads,Search_Brand,2638.4,7964,115,6
2023-10-26,Google Ads,Search_Generic,1921.19,5305,44,2
2023-10-26,Google Ads,Shopping_Ads,1002.95,1913,30,2
2023-10-26,Google Ads,Display_Retarget,2408.48,13030,129,3
2023-10-26,Meta Ads,FB_Prospecting,2521.07,11119,95,4
2023-10-26,YouTube Ads,YT_Skippable,681.88,1784,18,0
2023-10-26,Email,Weekly_Newsletter,4090.28,4814,174,3
2023-10-26,Email,Cart_Recovery,277.41,1037,10,0
2023-10-26,Email,Win_Back,3081.86,3998,151,2
2023-10-26,Organic Search,SEO_Blog,157.76,8479,309,4
2023-10-26,Affiliate,Affiliate_Network_A,777.26,2275,20,0
2023-10-26,Affiliate,Affiliate_Network_B,442.21,5844,125,2
2023-10-26,Direct,Direct_Traffic,66.92,4166,81,6
2023-10-27,Google Ads,Search_Brand,3403.01,11713,121,7
2023-10-27,Google Ads,Search_Generic,951.55,5499,149,10
2023-10-27,Google Ads,Display_Retarget,230.76,4260,52,2
2023-10-27,Meta Ads,FB_Prospecting,7828.52,5767,217,17
2023-10-27,Meta Ads,FB_Lookalike,9140.8,17784,247,8
2023-10-27,YouTube Ads,YT_Skippable,1369.7,1831,32,2
2023-10-27,Email,Cart_Recovery,2153.5,1407,59,1
2023-10-27,Organic Search,SEO_Blog,480.61,1825,60,1
2023-10-27,Organic Search,SEO_Category,112.47,2652,51,3
2023-10-27,Affiliate,Affiliate_Network_A,10460.39,8847,275,9
2023-10-27,Referral,Referral_Program,286.52,7212,109,3
2023-10-27,Direct,Direct_Traffic,78.16,9050,239,9
2023-10-28,Google Ads,Search_Generic,,6423,243,4
2023-10-28,Google Ads,Shopping_Ads,1337.32,5292,154,7
2023-10-28,Meta Ads,IG_Retarget,4347.95,3888,169,3
2023-10-28,YouTube Ads,YT_Skippable,2204.48,1936,85,3
2023-10-28,YouTube Ads,YT_Bumper,2463.11,6306,170,2
2023-10-28,Email,Weekly_Newsletter,9841.65,6481,290,14
2023-10-28,Email,Cart_Recovery,1338.37,2645,81,4
2023-10-28,Direct,Direct_Traffic,184.14,8721,334,6
2023-10-29,Google Ads,Search_Generic,998.97,3958,65,5
2023-10-29,Google Ads,Shopping_Ads,205.19,6595,41,2
2023-10-29,Google Ads,Display_Retarget,2261.84,7134,255,12
2023-10-29,Meta Ads,FB_Prospecting,1122.48,3647,48,0
2023-10-29,Meta Ads,IG_Retarget,1474.61,2076,40,1
2023-10-29,Meta Ads,FB_Lookalike,1285.99,5312,35,1
2023-10-29,YouTube Ads,YT_Skippable,7648.19,5075,223,10
2023-10-29,YouTube Ads,YT_Bumper,312.53,4311,93,4
2023-10-29,Email,Win_Back,529.86,724,22,1
2023-10-29,Organic Search,SEO_Blog,23.64,4712,134,3
2023-10-29,Affiliate,Affiliate_Network_A,3110.38,16107,110,7
2023-10-29,Direct,Direct_Traffic,317.02,9755,159,7
2023-10-30,Google Ads,Display_Retarget,3164.93,3329,102,7
2023-10-30,Meta Ads,FB_Prospecting,673.82,2159,15,0
2023-10-30,Meta Ads,IG_Retarget,134.51,405,3,0
2023-10-30,Meta Ads,FB_Lookalike,1425.83,3774,39,2
2023-10-30,YouTube Ads,YT_Skippable,6327.38,15749,224,11
2023-10-30,Email,Weekly_Newsletter,1890.92,2520,82,3
2023-10-30,Email,Cart_Recovery,3966.95,5276,223,3
2023-10-30,Email,Win_Back,9864.67,11690,264,9
2023-10-30,Organic Search,SEO_Blog,384.28,3127,88,3
2023-10-30,Organic Search,SEO_Category,179.09,4361,166,6
2023-10-30,Referral,Referral_Program,205.92,2595,78,4
2023-10-31,Google Ads,Search_Brand,6407.5,12428,286,13
2023-10-31,Google Ads,Shopping_Ads,5559.39,5340,175,6
2023-10-31,Google Ads,Display_Retarget,3500.15,7906,97,6
2023-10-31,Meta Ads,FB_Prospecting,1008.87,15590,79,4
2023-10-31,Meta Ads,FB_Lookalike,450.66,3877,45,2
2023-10-31,YouTube Ads,YT_Skippable,350.64,2865,27,0
2023-10-31,Email,Weekly_Newsletter,2086.4,6157,233,14
2023-10-31,Email,Cart_Recovery,2516.51,4488,91,1
2023-10-31,Organic Search,SEO_Blog,376.48,7857,97,7
2023-10-31,Organic Search,SEO_Category,323.6,2541,40,1
2023-10-31,Affiliate,Affiliate_Network_A,2282.29,3413,138,3
2023-10-31,Affiliate,Affiliate_Network_B,2358.06,1677,57,1
2023-10-31,Referral,Referral_Program,450.5,4472,63,3
2023-10-31,Direct,Direct_Traffic,93.15,7596,185,5
2023-11-01,Google Ads,Search_Brand,379.75,1247,9,0
2023-11-01,Google Ads,Shopping_Ads,2819.39,2251,96,3
2023-11-01,Meta Ads,IG_Retarget,418.78,6545,138,3
2023-11-01,Meta Ads,FB_Lookalike,1566.5,4666,190,9
2023-11-01,YouTube Ads,YT_Skippable,24465.66,17826,608,25
2023-11-01,YouTube Ads,YT_Bumper,4136.77,5365,114,4
2023-11-01,Email,Cart_Recovery,643.34,2910,28,0
2023-11-01,Email,Win_Back,1120.38,7347,85,4
2023-11-01,Organic Search,SEO_Blog,184.21,19263,787,57
2023-11-01,Organic Search,SEO_Category,367.09,6813,219,10
2023-11-01,Affiliate,Affiliate_Network_A,320.23,496,13,0
2023-11-01,Referral,Referral_Program,461.11,5254,88,4
2023-11-01,Direct,Direct_Traffic,327.41,5683,92,5
2023-11-02,Google Ads,Search_Generic,4579.71,3617,118,6
2023-11-02,Google Ads,Shopping_Ads,353.88,1339,12,0
2023-11-02,Google Ads,Display_Retarget,7345.85,7568,329,18
2023-11-02,Meta Ads,FB_Prospecting,7946.31,5357,181,5
2023-11-02,Meta Ads,FB_Lookalike,2946.54,7466,67,4
2023-11-02,Email,Weekly_Newsletter,10435.93,9794,241,16
2023-11-02,Email,Cart_Recovery,6946.79,4200,156,4
2023-11-02,Email,Win_Back,997.81,5614,104,7
2023-11-02,Organic Search,SEO_Blog,298.21,3078,51,2
2023-11-02,Organic Search,SEO_Category,49.13,6449,142,3
2023-11-02,Affiliate,Affiliate_Network_A,2029.98,4965,46,2
2023-11-02,Referral,Referral_Program,263.8,4683,112,4
2023-11-03,Google Ads,Search_Brand,845.98,643,25,1
2023-11-03,Google Ads,Search_Generic,3495.15,3015,87,4
2023-11-03,Google Ads,Shopping_Ads,1563.16,12732,198,6
2023-11-03,Meta Ads,IG_Retarget,1990.36,3312,103,4
2023-11-03,YouTube Ads,YT_Skippable,,6397,261,15
2023-11-03,YouTube Ads,YT_Bumper,1125.99,2237,56,4
2023-11-03,Email,Weekly_Newsletter,,3267,121,5
2023-11-03,Organic Search,SEO_Blog,126.04,9578,396,10
2023-11-03,Affiliate,Affiliate_Network_A,1147.2,4166,55,4
2023-11-03,Referral,Referral_Program,65.47,7460,227,15
2023-11-03,Direct,Direct_Traffic,269.21,6714,253,10
2023-11-04,Google Ads,Search_Brand,8338.06,6898,265,2
2023-11-04,Google Ads,Search_Generic,1023.26,4112,40,2
2023-11-04,Google Ads,Shopping_Ads,2036.28,11382,313,12
2023-11-04,Google Ads,Display_Retarget,1810.63,9333,110,8
2023-11-04,Meta Ads,FB_Prospecting,4541.95,14408,161,10
2023-11-04,Meta Ads,FB_Lookalike,2058.87,11046,256,19
2023-11-04,YouTube Ads,YT_Skippable,4714.11,4740,178,6
2023-11-04,YouTube Ads,YT_Bumper,2353.3,1845,64,1
2023-11-04,Email,Cart_Recovery,2941.91,6157,82,1
2023-11-04,Email,Win_Back,2162.38,4196,61,4
2023-11-04,Organic Search,SEO_Blog,158.9,6081,163,4
2023-11-04,Organic Search,SEO_Category,281.27,8821,169,2
2023-11-04,Affiliate,Affiliate_Network_B,189.57,2770,13,0
2023-11-04,Referral,Referral_Program,460.99,2922,81,4
2023-11-04,Direct,Direct_Traffic,426.03,2343,46,0
2023-11-05,Google Ads,Search_Brand,331.81,1322,48,1
2023-11-05,Google Ads,Search_Generic,1126.9,1359,34,1
2023-11-05,Google Ads,Shopping_Ads,775.43,1415,24,1
2023-11-05,Google Ads,Display_Retarget,1064.78,3298,30,1
2023-11-05,Meta Ads,IG_Retarget,2674.98,2291,96,6
2023-11-05,Meta Ads,FB_Lookalike,1578.1,4419,114,6
2023-11-05,YouTube Ads,YT_Skippable,2533.99,6297,64,0
2023-11-05,YouTube Ads,YT_Bumper,13917.05,7103,314,8
2023-11-05,Email,Cart_Recovery,1999.3,2564,64,1
2023-11-05,Email,Win_Back,2244.15,2861,125,2
2023-11-05,Organic Search,SEO_Blog,208.8,6427,77,1
2023-11-05,Organic Search,SEO_Category,96.49,3610,137,4
2023-11-05,Affiliate,Affiliate_Network_A,18534.07,11843,432,12
2023-11-05,Affiliate,Affiliate_Network_B,12887.45,8516,357,12
2023-11-05,Direct,Direct_Traffic,281.07,11781,515,27
2023-11-06,Google Ads,Search_Generic,4700.41,9487,125,9
2023-11-06,Google Ads,Shopping_Ads,3007.45,3435,89,4
2023-11-06,Google Ads,Display_Retarget,9391.64,9544,344,13
2023-11-06,Meta Ads,FB_Prospecting,4511.14,5460,147,10
2023-11-06,Meta Ads,IG_Retarget,1104.82,16301,114,5
2023-11-06,Meta Ads,FB_Lookalike,2280.24,4886,83,5
2023-11-06,YouTube Ads,YT_Skippable,3755.53,7609,116,7
2023-11-06,YouTube Ads,YT_Bumper,979.66,2849,23,0
2023-11-06,Email,Weekly_Newsletter,5578.08,8174,195,6
2023-11-06,Email,Cart_Recovery,4059.24,6263,154,11
2023-11-06,Email,Win_Back,7043.89,9298,168,7
2023-11-06,Organic Search,SEO_Blog,467.24,6471,103,5
2023-11-06,Organic Search,SEO_Category,244.65,2161,37,1
2023-11-06,Affiliate,Affiliate_Network_A,12120.39,14668,366,13
2023-11-06,Affiliate,Affiliate_Network_B,10081.84,7824,263,6
2023-11-06,Referral,Referral_Program,310.49,6944,127,4
2023-11-06,Direct,Direct_Traffic,152.61,14912,228,12
2023-11-07,Google Ads,Search_Brand,1459.54,4403,79,5
2023-11-07,Google Ads,Shopping_Ads,601.94,5476,154,5
2023-11-07,Google Ads,Display_Retarget,15077.82,10252,435,9
2023-11-07,Meta Ads,IG_Retarget,2342.39,1927,81,4
2023-11-07,Meta Ads,FB_Lookalike,378.49,1461,16,0
2023-11-07,YouTube Ads,YT_Skippable,675.83,10117,71,3
2023-11-07,Email,Weekly_Newsletter,11773.6,8138,329,19
2023-11-07,Email,Win_Back,1112.12,2804,76,3
2023-11-07,Organic Search,SEO_Category,478.82,5812,258,6
2023-11-07,Affiliate,Affiliate_Network_B,9124.01,10490,264,13
2023-11-07,Referral,Referral_Program,85.67,2919,80,2
2023-11-07,Direct,Direct_Traffic,311.97,11727,331,15
2023-11-08,Google Ads,Display_Retarget,366.65,3419,62,2
2023-11-08,Meta Ads,IG_Retarget,2801.08,5132,105,4
2023-11-08,Meta Ads,FB_Lookalike,13073.4,9738,339,12
2023-11-08,YouTube Ads,YT_Skippable,2653.64,3141,84,1
2023-11-08,YouTube Ads,YT_Bumper,303.88,2356,31,0
2023-11-08,Email,Weekly_Newsletter,6111.92,11049,416,22
2023-11-08,Email,Cart_Recovery,1821.04,4993,139,5
2023-11-08,Email,Win_Back,9694.45,6164,227,14
2023-11-08,Organic Search,SEO_Category,371.04,2265,12,0
2023-11-08,Affiliate,Affiliate_Network_B,3019.87,11235,351,9
2023-11-08,Direct,Direct_Traffic,252.88,979,26,0
2023-11-09,Google Ads,Search_Brand,1174.11,2447,44,0
2023-11-09,Meta Ads,FB_Prospecting,3918.26,4984,151,11
2023-11-09,Meta Ads,IG_Retarget,28.0,1292,8,0
2023-11-09,Meta Ads,FB_Lookalike,11290.49,10174,267,18
2023-11-09,YouTube Ads,YT_Skippable,5605.17,4463,180,6
2023-11-09,YouTube Ads,YT_Bumper,6289.48,14616,413,12
2023-11-09,Email,Cart_Recovery,3330.03,3264,85,6
2023-11-09,Email,Win_Back,2911.37,2046,91,6
2023-11-09,Organic Search,SEO_Category,439.17,4027,94,2
2023-11-09,Affiliate,Affiliate_Network_A,4728.33,9690,194,7
2023-11-09,Affiliate,Affiliate_Network_B,505.69,5451,119,6
2023-11-09,Direct,Direct_Traffic,62.12,3261,96,6
2023-11-10,Google Ads,Search_Brand,5798.17,6960,266,15
2023-11-10,Google Ads,Shopping_Ads,1561.08,5398,62,1
2023-11-10,Google Ads,Display_Retarget,2514.77,4557,70,1
2023-11-10,Meta Ads,FB_Prospecting,16754.47,16926,431,18
2023-11-10,Meta Ads,FB_Lookalike,850.37,3545,86,2
2023-11-10,Email,Weekly_Newsletter,1810.51,10417,80,3
2023-11-10,Email,Cart_Recovery,1963.16,4485,111,5
2023-11-10,Organic Search,SEO_Category,150.52,3736,73,3
2023-11-10,Affiliate,Affiliate_Network_A,8387.92,6183,229,14
2023-11-10,Referral,Referral_Program,15.67,539,7,0
2023-11-11,Google Ads,Search_Generic,163.42,218,9,0
2023-11-11,Meta Ads,FB_Prospecting,245.99,2111,12,0
2023-11-11,Meta Ads,FB_Lookalike,9980.28,14063,254,13
2023-11-11,YouTube Ads,YT_Bumper,445.18,4029,39,0
2023-11-11,Email,Weekly_Newsletter,861.13,3774,22,1
2023-11-11,Email,Win_Back,4878.71,9666,179,8
2023-11-11,Organic Search,SEO_Blog,398.74,2792,48,3
2023-11-11,Organic Search,SEO_Category,493.83,4546,170,2
2023-11-11,Affiliate,Affiliate_Network_B,8933.8,7242,305,10
2023-11-11,Referral,Referral_Program,424.4,1089,45,1
2023-11-11,Direct,Direct_Traffic,142.34,4796,144,1
2023-11-12,Google Ads,Search_Brand,675.64,928,26,0
2023-11-12,Google Ads,Search_Generic,1048.82,5129,48,0
2023-11-12,Google Ads,Shopping_Ads,2246.94,14405,108,5
2023-11-12,Google Ads,Display_Retarget,1443.14,3885,68,4
2023-11-12,Meta Ads,FB_Prospecting,6994.82,10867,250,10
2023-11-12,Meta Ads,IG_Retarget,167.25,1166,10,0
2023-11-12,Meta Ads,FB_Lookalike,1572.68,5107,78,5
2023-11-12,YouTube Ads,YT_Skippable,2358.54,6279,106,1
2023-11-12,YouTube Ads,YT_Bumper,742.62,3705,98,6
2023-11-12,Email,Win_Back,4653.18,9351,171,6
2023-11-12,Organic Search,SEO_Blog,383.79,11258,292,15
2023-11-12,Organic Search,SEO_Category,442.51,5985,216,8
2023-11-12,Affiliate,Affiliate_Network_A,3805.48,9512,228,12
2023-11-12,Affiliate,Affiliate_Network_B,7481.79,10307,182,11
2023-11-12,Referral,Referral_Program,21.63,30361,1056,58
2023-11-13,Google Ads,Search_Brand,3609.2,6481,170,9
2023-11-13,Google Ads,Search_Generic,5271.88,10585,364,26
2023-11-13,Google Ads,Display_Retarget,446.26,5377,30,2
2023-11-13,Meta Ads,IG_Retarget,1884.99,3973,123,2
2023-11-13,YouTube Ads,YT_Skippable,5418.96,5202,213,16
2023-11-13,YouTube Ads,YT_Bumper,4001.61,14164,478,36
2023-11-13,Email,Cart_Recovery,14911.74,19625,463,8
2023-11-13,Organic Search,SEO_Blog,340.6,7834,168,2
2023-11-13,Organic Search,SEO_Category,363.93,950,8,0
2023-11-13,Affiliate,Affiliate_Network_B,4458.57,6364,154,9
2023-11-13,Referral,Referral_Program,207.32,3500,93,7
2023-11-14,Google Ads,Search_Brand,2009.37,7305,153,5
2023-11-14,Google Ads,Search_Generic,396.23,3636,58,1
2023-11-14,Google Ads,Shopping_Ads,432.2,1044,27,0
2023-11-14,Google Ads,Display_Retarget,3303.69,5627,108,4
2023-11-14,Meta Ads,FB_Lookalike,3200.56,6294,235,14
2023-11-14,YouTube Ads,YT_Skippable,696.85,3213,23,0
2023-11-14,YouTube Ads,YT_Bumper,1141.73,3796,149,4
2023-11-14,Email,Weekly_Newsletter,270.74,1044,11,0
2023-11-14,Email,Cart_Recovery,228.34,4226,59,1
2023-11-14,Email,Win_Back,651.32,13249,182,9
2023-11-14,Organic Search,SEO_Category,164.96,4826,165,8
2023-11-14,Affiliate,Affiliate_Network_A,1157.96,4535,31,0
2023-11-14,Affiliate,Affiliate_Network_B,751.33,3396,21,1
2023-11-14,Referral,Referral_Program,233.6,8802,327,5
2023-11-14,Direct,Direct_Traffic,485.95,950,7,0
2023-11-15,Google Ads,Search_Generic,1414.81,1593,62,4
2023-11-15,Meta Ads,FB_Prospecting,7027.52,7250,210,3
2023-11-15,Meta Ads,IG_Retarget,1572.14,5399,59,4
2023-11-15,Meta Ads,FB_Lookalike,2645.13,2639,81,4
2023-11-15,YouTube Ads,YT_Skippable,859.33,3144,26,1
2023-11-15,YouTube Ads,YT_Bumper,5499.74,4906,173,9
2023-11-15,Email,Win_Back,581.84,2398,58,1
2023-11-15,Organic Search,SEO_Blog,298.23,8874,220,14
2023-11-15,Organic Search,SEO_Category,203.93,3595,54,4
2023-11-15,Affiliate,Affiliate_Network_A,917.81,6075,68,2
2023-11-15,Affiliate,Affiliate_Network_B,1558.01,6230,204,4
2023-11-15,Referral,Referral_Program,95.16,2953,127,8
2023-11-15,Direct,Direct_Traffic,234.54,1168,7,0
2023-11-16,Google Ads,Search_Brand,4746.44,7565,240,6
2023-11-16,Google Ads,Search_Generic,1498.47,5071,94,3
2023-11-16,Meta Ads,FB_Prospecting,990.63,5234,97,2
2023-11-16,Meta Ads,IG_Retarget,1338.98,3471,90,3
2023-11-16,YouTube Ads,YT_Skippable,91.21,4251,25,1
2023-11-16,YouTube Ads,YT_Bumper,1609.06,6073,128,6
2023-11-16,Email,Weekly_Newsletter,9978.17,10061,301,6
2023-11-16,Email,Cart_Recovery,,5306,103,4
2023-11-16,Email,Win_Back,1996.31,3045,59,2
2023-11-16,Organic Search,SEO_Blog,199.35,262,1,0
2023-11-16,Organic Search,SEO_Category,12.83,6919,53,3
2023-11-16,Referral,Referral_Program,35.14,8156,348,21
2023-11-17,Google Ads,Search_Brand,6187.6,8981,203,4
2023-11-17,Google Ads,Search_Generic,1012.24,9695,58,1
2023-11-17,Google Ads,Shopping_Ads,882.16,5151,58,2
2023-11-17,Meta Ads,IG_Retarget,474.37,924,15,0
2023-11-17,Meta Ads,FB_Lookalike,2075.68,5650,49,2
2023-11-17,YouTube Ads,YT_Skippable,371.88,2870,27,0
2023-11-17,YouTube Ads,YT_Bumper,29869.51,21883,805,23
2023-11-17,Email,Weekly_Newsletter,15407.09,12412,349,26
2023-11-17,Email,Cart_Recovery,619.0,5207,89,6
2023-11-17,Email,Win_Back,584.13,5348,122,5
2023-11-17,Organic Search,SEO_Blog,358.01,15713,157,10
2023-11-17,Affiliate,Affiliate_Network_A,8015.64,9458,205,14
2023-11-17,Affiliate,Affiliate_Network_B,15210.49,12772,367,10
2023-11-17,Referral,Referral_Program,309.46,9476,414,12
2023-11-17,Direct,Direct_Traffic,447.97,5368,31,1
2023-11-18,Google Ads,Search_Brand,1202.11,11976,178,5
2023-11-18,Google Ads,Display_Retarget,1647.0,4486,69,4
2023-11-18,Meta Ads,IG_Retarget,27876.04,22594,711,48
2023-11-18,Meta Ads,FB_Lookalike,937.64,1307,49,2
2023-11-18,YouTube Ads,YT_Skippable,2057.01,7498,107,4
2023-11-18,YouTube Ads,YT_Bumper,5144.25,5088,179,12
2023-11-18,Email,Weekly_Newsletter,3527.0,6025,171,3
2023-11-18,Email,Cart_Recovery,1471.54,6175,133,3
2023-11-18,Email,Win_Back,1196.47,2937,55,4
2023-11-18,Organic Search,SEO_Blog,375.2,13194,323,13
2023-11-18,Organic Search,SEO_Category,114.51,6774,211,12
2023-11-18,Affiliate,Affiliate_Network_B,605.23,916,19,1
2023-11-18,Referral,Referral_Program,168.46,3726,63,1
2023-11-18,Direct,Direct_Traffic,151.23,5352,115,1
2023-11-19,Google Ads,Search_Brand,2619.13,2675,118,4
2023-11-19,Google Ads,Search_Generic,79.6,1590,8,0
2023-11-19,Google Ads,Shopping_Ads,3420.4,2329,83,1
2023-11-19,Google Ads,Display_Retarget,2870.82,3016,87,1
2023-11-19,Meta Ads,FB_Prospecting,205.21,494,6,0
2023-11-19,Meta Ads,FB_Lookalike,4546.9,7130,295,2
2023-11-19,YouTube Ads,YT_Skippable,409.8,5548,80,3
2023-11-19,Email,Win_Back,1148.6,998,29,1
2023-11-19,Organic Search,SEO_Blog,68.28,15013,132,3
2023-11-19,Organic Search,SEO_Category,479.56,7387,132,2
2023-11-19,Affiliate,Affiliate_Network_A,1290.1,1916,30,0
2023-11-19,Referral,Referral_Program,326.27,1740,49,2
2023-11-19,Direct,Direct_Traffic,351.67,14391,606,37
2023-11-20,Google Ads,Display_Retarget,593.29,3195,64,1
2023-11-20,Meta Ads,FB_Prospecting,,9990,377,6
2023-11-20,Meta Ads,IG_Retarget,4016.47,3842,136,2
2023-11-20,Meta Ads,FB_Lookalike,2459.06,4930,177,11
2023-11-20,YouTube Ads,YT_Skippable,1229.81,4412,98,0
2023-11-20,YouTube Ads,YT_Bumper,272.78,2144,28,0
2023-11-20,Email,Weekly_Newsletter,1809.9,2088,86,2
2023-11-20,Email,Cart_Recovery,3808.06,12119,154,9
2023-11-20,Organic Search,SEO_Blog,212.98,2315,59,2
2023-11-20,Affiliate,Affiliate_Network_A,1107.21,8787,193,11
2023-11-20,Affiliate,Affiliate_Network_B,2786.1,3424,63,1
2023-11-20,Referral,Referral_Program,279.84,1341,53,3
2023-11-20,Direct,Direct_Traffic,227.4,6254,229,4
2023-11-21,Google Ads,Search_Brand,2385.48,7092,73,1
2023-11-21,Google Ads,Search_Generic,5485.56,5167,142,4
2023-11-21,Google Ads,Display_Retarget,2745.69,4244,76,2
2023-11-21,Meta Ads,IG_Retarget,1280.89,7633,257,5
2023-11-21,Meta Ads,FB_Lookalike,3346.47,2377,75,1
2023-11-21,YouTube Ads,YT_Skippable,15311.21,11232,500,36
2023-11-21,YouTube Ads,YT_Bumper,4347.71,4963,161,9
2023-11-21,Email,Weekly_Newsletter,,4373,149,3
2023-11-21,Email,Win_Back,602.97,5730,171,13
2023-11-21,Organic Search,SEO_Blog,144.41,6361,96,1
2023-11-21,Affiliate,Affiliate_Network_A,9217.06,7670,263,7
2023-11-21,Direct,Direct_Traffic,189.51,9243,351,5
2023-11-22,Google Ads,Search_Brand,3107.9,4657,75,3
2023-11-22,Google Ads,Shopping_Ads,7800.76,11066,273,7
2023-11-22,Meta Ads,FB_Prospecting,1074.49,4417,28,0
2023-11-22,Meta Ads,IG_Retarget,2043.68,2255,47,2
2023-11-22,Meta Ads,FB_Lookalike,956.09,8841,71,5
2023-11-22,YouTube Ads,YT_Skippable,1880.29,6094,131,4
2023-11-22,YouTube Ads,YT_Bumper,715.4,3546,53,2
2023-11-22,Email,Weekly_Newsletter,552.14,1932,82,4
2023-11-22,Email,Cart_Recovery,973.2,3902,109,8
2023-11-22,Organic Search,SEO_Blog,188.07,1285,42,3
2023-11-22,Organic Search,SEO_Category,427.97,4610,121,7
2023-11-22,Affiliate,Affiliate_Network_A,252.73,11488,79,1
2023-11-22,Affiliate,Affiliate_Network_B,1183.22,4858,126,4
2023-11-22,Direct,Direct_Traffic,133.6,1207,24,1
2023-11-23,Google Ads,Search_Brand,160.74,363,6,0
2023-11-23,Google Ads,Shopping_Ads,1996.89,4550,65,1
2023-11-23,Meta Ads,IG_Retarget,1656.38,1603,57,2
2023-11-23,Meta Ads,FB_Lookalike,2080.12,5994,160,4
2023-11-23,YouTube Ads,YT_Skippable,3165.56,9047,102,3
2023-11-23,YouTube Ads,YT_Bumper,363.98,3915,56,1
2023-11-23,Email,Cart_Recovery,5820.3,8852,153,11
2023-11-23,Email,Win_Back,1955.88,4283,190,8
2023-11-23,Organic Search,SEO_Blog,229.64,5561,156,1
2023-11-23,Organic Search,SEO_Category,148.6,7747,340,4
2023-11-23,Affiliate,Affiliate_Network_A,8610.22,7546,226,12
2023-11-23,Affiliate,Affiliate_Network_B,4459.68,18909,297,20
2023-11-23,Referral,Referral_Program,212.36,7804,99,1
2023-11-23,Direct,Direct_Traffic,386.95,2928,86,2
2023-11-24,Google Ads,Search_Brand,11274.64,7720,330,4
2023-11-24,Meta Ads,IG_Retarget,564.81,850,25,1
2023-11-24,Meta Ads,FB_Lookalike,4892.9,4335,137,9
2023-11-24,YouTube Ads,YT_Skippable,1469.84,7106,114,6
2023-11-24,YouTube Ads,YT_Bumper,16955.47,13041,512,38
2023-11-24,Email,Weekly_Newsletter,5349.77,9038,229,12
2023-11-24,Email,Win_Back,3566.4,10919,108,7
2023-11-24,Organic Search,SEO_Blog,306.79,2262,13,0
2023-11-24,Referral,Referral_Program,216.31,14490,237,7
2023-11-24,Direct,Direct_Traffic,204.07,5351,157,11
2023-11-25,Google Ads,Shopping_Ads,2500.94,7827,199,14
2023-11-25,Meta Ads,FB_Lookalike,1411.23,8066,328,16
2023-11-25,YouTube Ads,YT_Skippable,275.74,7239,77,4
2023-11-25,YouTube Ads,YT_Bumper,9893.21,14444,236,16
2023-11-25,Email,Weekly_Newsletter,2338.47,4803,54,3
2023-11-25,Email,Win_Back,4702.93,9922,398,6
2023-11-25,Organic Search,SEO_Blog,294.92,10046,350,14
2023-11-25,Affiliate,Affiliate_Network_B,1078.68,5311,32,0
2023-11-25,Referral,Referral_Program,436.74,4787,71,3
2023-11-25,Direct,Direct_Traffic,126.06,4241,38,2
2023-11-26,Google Ads,Search_Generic,5911.53,18606,615,42
2023-11-26,Google Ads,Shopping_Ads,373.81,2123,17,0
2023-11-26,Google Ads,Display_Retarget,814.02,2249,49,0
2023-11-26,Meta Ads,FB_Prospecting,2651.51,2697,77,4
2023-11-26,Meta Ads,IG_Retarget,3643.73,5074,165,6
2023-11-26,Meta Ads,FB_Lookalike,80.76,924,10,0
2023-11-26,YouTube Ads,YT_Skippable,1110.74,3688,107,6
2023-11-26,Email,Cart_Recovery,1004.7,14261,175,1
2023-11-26,Email,Win_Back,6794.36,10242,181,14
2023-11-26,Organic Search,SEO_Blog,107.61,12173,139,5
2023-11-26,Organic Search,SEO_Category,493.54,5116,39,2
2023-11-26,Affiliate,Affiliate_Network_A,3268.53,9219,111,4
2023-11-26,Affiliate,Affiliate_Network_B,2135.14,6002,48,0
2023-11-26,Referral,Referral_Program,337.92,7499,65,4
2023-11-27,Google Ads,Search_Brand,19231.14,11477,484,33
2023-11-27,Google Ads,Search_Generic,2111.41,5830,187,8
2023-11-27,Google Ads,Shopping_Ads,3219.25,11706,77,2
2023-11-27,Google Ads,Display_Retarget,1454.36,5268,37,1
2023-11-27,Meta Ads,FB_Prospecting,415.73,1560,18,1
2023-11-27,Meta Ads,IG_Retarget,4385.92,2774,98,3
2023-11-27,Meta Ads,FB_Lookalike,9702.8,7175,249,7
2023-11-27,YouTube Ads,YT_Skippable,3266.68,5969,91,6
2023-11-27,Email,Weekly_Newsletter,3300.63,2403,74,0
2023-11-27,Email,Cart_Recovery,8643.34,4861,218,9
2023-11-27,Email,Win_Back,731.63,888,39,2
2023-11-27,Organic Search,SEO_Blog,154.67,10032,318,17
2023-11-27,Organic Search,SEO_Category,100.36,10476,148,10
2023-11-27,Affiliate,Affiliate_Network_A,5442.44,7222,153,8
2023-11-27,Affiliate,Affiliate_Network_B,1207.85,4767,27,0
2023-11-27,Referral,Referral_Program,363.34,9203,405,25
2023-11-27,Direct,Direct_Traffic,174.88,4958,36,2
2023-11-28,Google Ads,Search_Brand,126.11,1626,11,0
2023-11-28,Meta Ads,FB_Prospecting,18118.79,13004,409,18
2023-11-28,Meta Ads,IG_Retarget,48.95,1777,13,0
2023-11-28,Meta Ads,FB_Lookalike,1506.52,7439,65,2
2023-11-28,YouTube Ads,YT_Skippable,487.43,4548,83,4
2023-11-28,YouTube Ads,YT_Bumper,4517.03,2630,116,1
2023-11-28,Email,Weekly_Newsletter,2118.3,4763,79,3
2023-11-28,Organic Search,SEO_Category,52.64,15504,581,11
2023-11-28,Affiliate,Affiliate_Network_B,3631.59,5051,180,8
2023-11-28,Referral,Referral_Program,418.58,8227,54,0
2023-11-28,Direct,Direct_Traffic,291.7,3316,109,8
2023-11-29,Google Ads,Search_Brand,258.66,1320,7,0
2023-11-29,Google Ads,Search_Generic,3431.17,7103,97,4
2023-11-29,Google Ads,Display_Retarget,742.94,6172,38,1
2023-11-29,Meta Ads,FB_Prospecting,1355.18,1991,41,3
2023-11-29,Meta Ads,IG_Retarget,6547.9,13963,440,24
2023-11-29,Meta Ads,FB_Lookalike,6820.74,9326,165,13
2023-11-29,YouTube Ads,YT_Skippable,651.12,4208,48,3
2023-11-29,YouTube Ads,YT_Bumper,426.78,2483,59,2
2023-11-29,Email,Weekly_Newsletter,8840.87,8349,236,8
2023-11-29,Email,Cart_Recovery,1301.43,2524,48,2
2023-11-29,Organic Search,SEO_Blog,225.3,6133,34,0
2023-11-29,Direct,Direct_Traffic,350.74,9589,283,13
2023-11-30,Meta Ads,FB_Prospecting,2082.34,5027,85,1
2023-11-30,Meta Ads,FB_Lookalike,2147.72,6128,94,6
2023-11-30,YouTube Ads,YT_Bumper,766.18,4935,27,1
2023-11-30,Email,Win_Back,6593.99,11162,315,5
2023-11-30,Organic Search,SEO_Blog,318.66,8861,101,4
2023-11-30,Affiliate,Affiliate_Network_A,3026.96,2786,75,1
2023-11-30,Affiliate,Affiliate_Network_B,4953.06,5461,148,10
2023-11-30,Referral,Referral_Program,19.11,3367,71,3
2023-11-30,Direct,Direct_Traffic,311.65,6423,81,2
2023-12-01,Google Ads,Search_Brand,3271.91,5437,97,6
2023-12-01,Google Ads,Display_Retarget,353.6,14402,88,4
2023-12-01,Meta Ads,FB_Prospecting,20095.12,14585,479,15
2023-12-01,Meta Ads,FB_Lookalike,8269.71,17928,466,10
2023-12-01,YouTube Ads,YT_Skippable,709.54,1483,65,2
2023-12-01,Email,Cart_Recovery,374.5,1729,27,0
2023-12-01,Email,Win_Back,4217.12,7323,128,3
2023-12-01,Organic Search,SEO_Category,328.13,4666,121,6
2023-12-01,Affiliate,Affiliate_Network_A,2006.15,2998,49,1
2023-12-02,Google Ads,Search_Generic,400.37,1401,13,0
2023-12-02,Google Ads,Shopping_Ads,987.04,4320,98,4
2023-12-02,Google Ads,Display_Retarget,7431.62,4966,208,8
2023-12-02,Meta Ads,FB_Prospecting,3837.66,7900,317,11
2023-12-02,Meta Ads,IG_Retarget,2195.31,2139,57,1
2023-12-02,Meta Ads,FB_Lookalike,11238.99,9626,359,11
2023-12-02,YouTube Ads,YT_Skippable,363.18,1289,11,0
2023-12-02,YouTube Ads,YT_Bumper,8780.24,12050,316,14
2023-12-02,Email,Win_Back,1431.13,3425,105,1
2023-12-02,Organic Search,SEO_Blog,291.47,13873,219,16
2023-12-02,Organic Search,SEO_Category,499.57,2305,35,1
2023-12-02,Referral,Referral_Program,7.32,2123,32,2
2023-12-03,Google Ads,Search_Brand,3091.83,10545,209,3
2023-12-03,Google Ads,Shopping_Ads,1224.0,929,39,2
2023-12-03,Google Ads,Display_Retarget,3468.69,8124,162,6
2023-12-03,Meta Ads,IG_Retarget,3600.88,10268,221,12
2023-12-03,YouTube Ads,YT_Skippable,1846.66,7651,133,8
2023-12-03,YouTube Ads,YT_Bumper,756.09,5135,114,7
2023-12-03,Email,Weekly_Newsletter,25150.05,16303,563,33
2023-12-03,Email,Cart_Recovery,3126.6,5330,145,4
2023-12-03,Email,Win_Back,223.75,4444,33,2
2023-12-03,Organic Search,SEO_Blog,405.12,5500,186,3
2023-12-03,Organic Search,SEO_Category,60.65,13852,286,4
2023-12-03,Affiliate,Affiliate_Network_A,870.9,2598,41,3
2023-12-03,Referral,Referral_Program,170.33,12416,302,16
2023-12-03,Direct,Direct_Traffic,209.56,7971,291,9
2023-12-04,Google Ads,Search_Brand,2758.52,3922,65,2
2023-12-04,Google Ads,Shopping_Ads,,2813,57,3
2023-12-04,Google Ads,Display_Retarget,12357.29,10018,445,5
2023-12-04,Meta Ads,FB_Prospecting,15620.95,12738,423,4
2023-12-04,Meta Ads,IG_Retarget,4212.94,9104,283,20
2023-12-04,Meta Ads,FB_Lookalike,3864.69,4805,100,1
2023-12-04,YouTube Ads,YT_Bumper,3481.8,7630,142,9
2023-12-04,Email,Weekly_Newsletter,2665.9,8114,92,5
2023-12-04,Email,Win_Back,1767.63,3849,86,3
2023-12-04,Organic Search,SEO_Blog,481.97,6127,170,6
2023-12-04,Organic Search,SEO_Category,143.38,4418,117,6
2023-12-04,Affiliate,Affiliate_Network_A,423.07,1815,23,1
2023-12-04,Affiliate,Affiliate_Network_B,10623.17,9248,338,12
2023-12-04,Referral,Referral_Program,495.61,1184,25,1
2023-12-04,Direct,Direct_Traffic,182.56,10129,238,8
2023-12-05,Google Ads,Search_Brand,4890.02,4744,127,4
2023-12-05,Google Ads,Search_Generic,666.29,4959,109,2
2023-12-05,Google Ads,Shopping_Ads,442.19,1888,10,0
2023-12-05,Google Ads,Display_Retarget,107.58,4474,27,1
2023-12-05,Meta Ads,IG_Retarget,2028.49,2227,65,4
2023-12-05,YouTube Ads,YT_Bumper,930.09,1442,31,2
2023-12-05,Email,Weekly_Newsletter,448.79,777,32,1
2023-12-05,Email,Win_Back,4205.81,2710,121,3
2023-12-05,Organic Search,SEO_Blog,259.33,6966,242,11
2023-12-05,Affiliate,Affiliate_Network_A,647.87,3382,25,1
2023-12-05,Direct,Direct_Traffic,412.23,8060,293,16
2023-12-06,Google Ads,Search_Brand,3318.26,5999,176,3
2023-12-06,Google Ads,Search_Generic,4143.59,5538,163,6
2023-12-06,Google Ads,Display_Retarget,4973.7,3345,141,2
2023-12-06,Meta Ads,FB_Prospecting,11311.72,16258,290,14
2023-12-06,Meta Ads,IG_Retarget,2626.82,3439,102,4
2023-12-06,Meta Ads,FB_Lookalike,4135.82,4937,199,8
2023-12-06,YouTube Ads,YT_Skippable,1925.66,4911,212,3
2023-12-06,YouTube Ads,YT_Bumper,2281.3,6556,146,2
2023-12-06,Email,Weekly_Newsletter,2202.97,9653,67,4
2023-12-06,Email,Cart_Recovery,1845.66,7073,301,13
2023-12-06,Email,Win_Back,2543.15,2849,81,4
2023-12-06,Organic Search,SEO_Blog,350.97,5807,47,2
2023-12-06,Affiliate,Affiliate_Network_A,644.18,5005,26,0
2023-12-06,Affiliate,Affiliate_Network_B,7735.44,8211,251,9
2023-12-06,Referral,Referral_Program,363.87,1880,63,3
2023-12-07,Google Ads,Search_Brand,1997.01,6767,86,4
2023-12-07,Meta Ads,IG_Retarget,1279.35,2356,54,2
2023-12-07,YouTube Ads,YT_Bumper,2285.93,2025,64,0
2023-12-07,Email,Win_Back,410.35,3034,81,3
2023-12-07,Organic Search,SEO_Blog,336.64,13242,311,9
2023-12-07,Organic Search,SEO_Category,481.48,5928,169,9
2023-12-07,Affiliate,Affiliate_Network_A,1457.77,3555,103,2
2023-12-07,Referral,Referral_Program,19.27,2836,82,1
2023-12-08,Google Ads,Search_Brand,1548.09,6207,89,4
2023-12-08,Google Ads,Display_Retarget,889.3,6397,38,1
2023-12-08,Meta Ads,FB_Prospecting,684.97,10823,79,4
2023-12-08,Meta Ads,IG_Retarget,3515.55,3220,105,6
2023-12-08,YouTube Ads,YT_Bumper,973.94,5614,35,0
2023-12-08,Email,Cart_Recovery,603.89,7197,96,5
2023-12-08,Email,Win_Back,2208.39,3494,69,2
2023-12-08,Organic Search,SEO_Category,217.87,4609,151,3
2023-12-08,Affiliate,Affiliate_Network_A,1433.58,4774,65,2
2023-12-08,Referral,Referral_Program,155.43,830,30,1
2023-12-08,Direct,Direct_Traffic,58.11,1213,13,0
2023-12-09,Google Ads,Search_Brand,16402.28,11197,424,14
2023-12-09,Meta Ads,FB_Prospecting,2864.67,3230,71,4
2023-12-09,Meta Ads,IG_Retarget,2380.7,10365,134,3
2023-12-09,YouTube Ads,YT_Skippable,7096.8,12325,316,6
2023-12-09,YouTube Ads,YT_Bumper,,6283,216,5
2023-12-09,Email,Weekly_Newsletter,11506.26,7381,265,3
2023-12-09,Email,Cart_Recovery,362.9,1844,24,0
2023-12-09,Email,Win_Back,1484.87,7414,67,4
2023-12-09,Organic Search,SEO_Blog,313.34,17344,756,8
2023-12-09,Affiliate,Affiliate_Network_A,4836.43,3461,117,1
2023-12-09,Affiliate,Affiliate_Network_B,2598.59,3845,152,8
2023-12-09,Referral,Referral_Program,301.67,6718,234,10
2023-12-09,Direct,Direct_Traffic,235.81,12432,326,14
2023-12-10,Google Ads,Search_Generic,4527.96,6553,148,11
2023-12-10,Google Ads,Shopping_Ads,2334.6,8020,218,5
2023-12-10,Google Ads,Display_Retarget,13539.51,11473,465,34
2023-12-10,Meta Ads,FB_Prospecting,2546.17,6093,206,14
2023-12-10,Meta Ads,IG_Retarget,498.32,1962,16,0
2023-12-10,Meta Ads,FB_Lookalike,428.92,1800,15,1
2023-12-10,YouTube Ads,YT_Skippable,1013.38,3219,51,1
2023-12-10,YouTube Ads,YT_Bumper,4435.96,3273,112,5
2023-12-10,Email,Weekly_Newsletter,1776.75,8817,171,6
2023-12-10,Email,Win_Back,1713.72,1680,67,3
2023-12-10,Organic Search,SEO_Blog,46.5,185,6,0
2023-12-10,Organic Search,SEO_Category,75.99,524,3,0
2023-12-10,Affiliate,Affiliate_Network_A,18536.81,12261,477,29
2023-12-11,Google Ads,Search_Brand,2658.04,4518,145,6
2023-12-11,Google Ads,Search_Generic,3338.46,3732,84,2
2023-12-11,Google Ads,Shopping_Ads,395.2,908,28,1
2023-12-11,Google Ads,Display_Retarget,8239.03,12913,218,4
2023-12-11,Meta Ads,FB_Prospecting,1464.75,9100,294,7
2023-12-11,Meta Ads,IG_Retarget,4503.12,3232,125,5
2023-12-11,Meta Ads,FB_Lookalike,,9394,241,12
2023-12-11,YouTube Ads,YT_Skippable,1257.4,2598,80,2
2023-12-11,YouTube Ads,YT_Bumper,1754.51,1478,39,0
2023-12-11,Email,Weekly_Newsletter,1549.37,5049,117,5
2023-12-11,Email,Win_Back,6235.87,9018,378,29
2023-12-11,Organic Search,SEO_Blog,140.7,7126,193,5
2023-12-11,Organic Search,SEO_Category,309.86,9186,238,14
2023-12-11,Affiliate,Affiliate_Network_B,763.77,8893,62,2
2023-12-11,Direct,Direct_Traffic,354.84,3885,172,7
2023-12-12,Google Ads,Search_Brand,534.93,509,22,1
2023-12-12,Google Ads,Search_Generic,14527.79,11526,394,28
2023-12-12,Google Ads,Shopping_Ads,6593.15,17288,289,19
2023-12-12,Google Ads,Display_Retarget,9645.54,9020,349,7
2023-12-12,Meta Ads,FB_Prospecting,1961.85,6246,56,0
2023-12-12,Meta Ads,IG_Retarget,186.78,3305,47,3
2023-12-12,Meta Ads,FB_Lookalike,750.63,6520,208,2
2023-12-12,YouTube Ads,YT_Skippable,4780.55,3341,109,1
2023-12-12,YouTube Ads,YT_Bumper,3470.35,3870,145,10
2023-12-12,Email,Weekly_Newsletter,343.44,1477,44,1
2023-12-12,Email,Cart_Recovery,,1087,46,2
2023-12-12,Email,Win_Back,4234.06,8324,99,1
2023-12-12,Organic Search,SEO_Blog,163.69,5146,177,1
2023-12-12,Organic Search,SEO_Category,29.61,6633,289,7
2023-12-12,Referral,Referral_Program,,10662,241,4
2023-12-12,Direct,Direct_Traffic,485.02,7383,73,4
2023-12-13,Google Ads,Search_Generic,313.84,2311,17,1
2023-12-13,Google Ads,Shopping_Ads,5307.64,9502,213,5
2023-12-13,Google Ads,Display_Retarget,2931.98,2261,72,5
2023-12-13,Meta Ads,FB_Prospecting,3041.68,9258,97,1
2023-12-13,Meta Ads,FB_Lookalike,1256.84,3556,47,1
2023-12-13,YouTube Ads,YT_Skippable,2005.2,4058,156,9
2023-12-13,Email,Weekly_Newsletter,633.49,8301,53,1
2023-12-13,Email,Cart_Recovery,425.38,5948,122,7
2023-12-13,Email,Win_Back,545.54,731,26,1
2023-12-13,Organic Search,SEO_Blog,268.15,8797,165,6
2023-12-13,Organic Search,SEO_Category,377.58,4189,125,5
2023-12-13,Affiliate,Affiliate_Network_A,407.43,878,24,1
2023-12-13,Affiliate,Affiliate_Network_B,615.57,10373,125,7
2023-12-13,Direct,Direct_Traffic,329.4,7443,202,12
2023-12-14,Google Ads,Search_Brand,423.91,1757,40,1
2023-12-14,Google Ads,Search_Generic,283.67,2625,70,1
2023-12-14,Google Ads,Shopping_Ads,2031.99,1696,65,0
2023-12-14,Meta Ads,IG_Retarget,7269.15,14794,270,12
2023-12-14,Meta Ads,FB_Lookalike,807.0,1465,19,0
2023-12-14,Email,Weekly_Newsletter,3222.71,9354,389,9
2023-12-14,Email,Cart_Recovery,217.46,908,16,0
2023-12-14,Email,Win_Back,2613.65,7835,175,9
2023-12-14,Organic Search,SEO_Category,430.51,3912,134,6
2023-12-14,Affiliate,Affiliate_Network_B,3173.27,4266,88,5
2023-12-14,Referral,Referral_Program,399.79,4850,210,15
2023-12-15,Google Ads,Search_Generic,5576.27,7111,267,19
2023-12-15,Google Ads,Display_Retarget,531.1,4905,70,4
2023-12-15,YouTube Ads,YT_Skippable,1760.82,3848,45,2
2023-12-15,YouTube Ads,YT_Bumper,1639.5,8113,79,1
2023-12-15,Email,Weekly_Newsletter,1091.05,5469,75,0
2023-12-15,Email,Win_Back,5593.29,4565,126,9
2023-12-15,Organic Search,SEO_Blog,480.34,6912,91,5
2023-12-15,Organic Search,SEO_Category,135.95,3827,92,6
2023-12-15,Affiliate,Affiliate_Network_A,4381.51,12990,257,6
2023-12-15,Affiliate,Affiliate_Network_B,470.35,913,27,0
2023-12-15,Referral,Referral_Program,12.45,8204,182,8
2023-12-15,Direct,Direct_Traffic,65.0,7062,103,2
2023-12-16,Google Ads,Search_Brand,2890.98,12177,528,39
2023-12-16,Google Ads,Display_Retarget,2945.38,4333,127,1
2023-12-16,Meta Ads,FB_Prospecting,3398.68,5214,115,4
2023-12-16,Meta Ads,IG_Retarget,22105.38,15067,648,6
2023-12-16,Meta Ads,FB_Lookalike,477.93,4163,21,1
2023-12-16,YouTube Ads,YT_Bumper,848.04,1713,26,1
2023-12-16,Email,Cart_Recovery,,3767,113,4
2023-12-16,Email,Win_Back,5585.08,12278,268,18
2023-12-16,Organic Search,SEO_Blog,382.71,490,9,0
2023-12-16,Organic Search,SEO_Category,217.17,8020,267,16
2023-12-16,Affiliate,Affiliate_Network_A,537.55,7807,46,1
2023-12-16,Affiliate,Affiliate_Network_B,9188.38,7024,206,4
2023-12-16,Referral,Referral_Program,446.95,5220,194,6
2023-12-16,Direct,Direct_Traffic,417.78,7832,269,5
2023-12-17,Google Ads,Search_Brand,7313.56,11566,299,5
2023-12-17,Google Ads,Search_Generic,1585.1,5644,103,7
2023-12-17,Google Ads,Display_Retarget,1722.43,4791,44,2
2023-12-17,Meta Ads,FB_Prospecting,1487.48,4484,45,2
2023-12-17,Meta Ads,IG_Retarget,5129.31,16210,270,19
2023-12-17,Meta Ads,FB_Lookalike,2941.16,9694,218,13
2023-12-17,YouTube Ads,YT_Skippable,2091.47,7862,312,18
2023-12-17,YouTube Ads,YT_Bumper,16483.56,12566,465,12
2023-12-17,Email,Cart_Recovery,,3606,67,2
2023-12-17,Organic Search,SEO_Blog,315.43,2000,80,4
2023-12-17,Organic Search,SEO_Category,425.13,8545,76,2
2023-12-17,Affiliate,Affiliate_Network_A,3739.51,7884,93,5
2023-12-17,Referral,Referral_Program,174.27,3584,78,2
2023-12-17,Direct,Direct_Traffic,482.42,13706,217,12
2023-12-18,Google Ads,Search_Brand,44.53,1061,12,0
2023-12-18,Google Ads,Search_Generic,3929.59,3834,112,6
2023-12-18,Meta Ads,IG_Retarget,6890.63,12333,175,6
2023-12-18,Meta Ads,FB_Lookalike,1006.11,2170,86,4
2023-12-18,YouTube Ads,YT_Bumper,733.11,6283,67,2
2023-12-18,Email,Weekly_Newsletter,156.49,1979,19,0
2023-12-18,Email,Cart_Recovery,971.08,2627,67,3
2023-12-18,Email,Win_Back,798.78,7324,256,19
2023-12-18,Organic Search,SEO_Category,148.13,6739,263,12
2023-12-18,Affiliate,Affiliate_Network_A,9751.84,12153,270,20
2023-12-18,Referral,Referral_Program,35.13,210,3,0
2023-12-19,Google Ads,Search_Brand,2634.48,5578,230,18
2023-12-19,Google Ads,Search_Generic,752.91,5480,32,1
2023-12-19,Google Ads,Shopping_Ads,8727.51,6746,214,9
2023-12-19,Meta Ads,FB_Prospecting,22190.46,17444,519,39
2023-12-19,Meta Ads,IG_Retarget,7138.63,16970,474,12
2023-12-19,Meta Ads,FB_Lookalike,8195.01,7092,231,7
2023-12-19,YouTube Ads,YT_Skippable,9333.76,10970,234,6
2023-12-19,YouTube Ads,YT_Bumper,4245.32,7849,118,8
2023-12-19,Email,Weekly_Newsletter,813.33,9130,82,4
2023-12-19,Email,Cart_Recovery,7490.41,4517,197,13
2023-12-19,Email,Win_Back,912.44,815,22,1
2023-12-19,Organic Search,SEO_Blog,488.43,8162,120,8
2023-12-19,Organic Search,SEO_Category,13.49,2599,94,1
2023-12-19,Affiliate,Affiliate_Network_A,2707.0,5182,114,2
2023-12-19,Affiliate,Affiliate_Network_B,1676.65,6627,236,16
2023-12-19,Referral,Referral_Program,428.87,8862,242,12
2023-12-19,Direct,Direct_Traffic,367.81,4039,132,7
2023-12-20,Google Ads,Search_Brand,395.93,1144,17,1
2023-12-20,Google Ads,Display_Retarget,605.25,3050,31,2
2023-12-20,Meta Ads,FB_Prospecting,1256.95,2319,46,0
2023-12-20,Meta Ads,IG_Retarget,2484.33,4677,90,3
2023-12-20,Meta Ads,FB_Lookalike,2222.38,6103,68,2
2023-12-20,YouTube Ads,YT_Skippable,6504.91,3668,157,12
2023-12-20,YouTube Ads,YT_Bumper,5866.67,6524,190,10
2023-12-20,Email,Weekly_Newsletter,1052.49,9137,51,3
2023-12-20,Email,Win_Back,1491.36,2306,52,1
2023-12-20,Organic Search,SEO_Blog,164.64,11463,361,28
2023-12-20,Organic Search,SEO_Category,337.0,4466,141,4
2023-12-20,Affiliate,Affiliate_Network_A,1708.32,4301,45,0
2023-12-20,Referral,Referral_Program,412.3,969,28,0
2023-12-21,Google Ads,Search_Brand,1012.21,3274,48,0
2023-12-21,Google Ads,Search_Generic,599.85,1889,49,0
2023-12-21,Google Ads,Shopping_Ads,996.46,2246,29,0
2023-12-21,Meta Ads,IG_Retarget,665.17,4991,150,4
2023-12-21,YouTube Ads,YT_Skippable,1783.4,4937,59,4
2023-12-21,Email,Weekly_Newsletter,565.51,10025,88,2
2023-12-21,Email,Cart_Recovery,5318.0,9098,183,13
2023-12-21,Organic Search,SEO_Blog,148.3,6804,129,6
2023-12-21,Organic Search,SEO_Category,182.81,24385,322,18
2023-12-21,Affiliate,Affiliate_Network_A,308.97,2879,79,3
2023-12-21,Affiliate,Affiliate_Network_B,7385.29,9656,172,4
2023-12-21,Referral,Referral_Program,183.92,11362,444,21
2023-12-22,Google Ads,Search_Brand,2541.09,2676,68,5
2023-12-22,Google Ads,Search_Generic,865.82,645,22,1
2023-12-22,Google Ads,Display_Retarget,2703.04,5608,88,2
2023-12-22,Meta Ads,IG_Retarget,861.24,803,27,1
2023-12-22,Meta Ads,FB_Lookalike,2519.1,4692,75,4
2023-12-22,YouTube Ads,YT_Bumper,4703.06,9449,382,4
2023-12-22,Email,Weekly_Newsletter,10628.5,10792,459,7
2023-12-22,Organic Search,SEO_Blog,282.33,1972,31,0
2023-12-22,Organic Search,SEO_Category,9.96,2214,11,0
2023-12-22,Affiliate,Affiliate_Network_B,1514.75,5497,49,0
2023-12-22,Referral,Referral_Program,178.64,10116,431,21
2023-12-22,Direct,Direct_Traffic,112.39,8312,306,8
2023-12-23,Google Ads,Search_Brand,6561.5,5832,249,7
2023-12-23,Google Ads,Search_Generic,2870.17,7505,154,12
2023-12-23,Google Ads,Shopping_Ads,3600.5,7306,167,6
2023-12-23,Google Ads,Display_Retarget,1525.52,6048,118,5
2023-12-23,Meta Ads,FB_Prospecting,623.32,5500,38,0
2023-12-23,YouTube Ads,YT_Skippable,738.91,5088,171,9
2023-12-23,YouTube Ads,YT_Bumper,3045.08,2692,72,1
2023-12-23,Email,Weekly_Newsletter,1505.36,1549,68,2
2023-12-23,Email,Win_Back,3111.99,9175,123,7
2023-12-23,Organic Search,SEO_Blog,10.66,5328,74,3
2023-12-23,Organic Search,SEO_Category,134.79,9037,76,4
2023-12-23,Affiliate,Affiliate_Network_A,1948.29,5861,245,16
2023-12-23,Affiliate,Affiliate_Network_B,1062.77,2450,102,1
2023-12-23,Referral,Referral_Program,428.88,3301,41,2
2023-12-24,Google Ads,Search_Brand,13370.66,16489,420,16
2023-12-24,Google Ads,Search_Generic,9108.81,5207,215,4
2023-12-24,Google Ads,Shopping_Ads,3979.11,6222,198,13
2023-12-24,Google Ads,Display_Retarget,4592.21,7963,159,6
2023-12-24,Meta Ads,FB_Prospecting,11760.42,13077,420,31
2023-12-24,YouTube Ads,YT_Skippable,1175.1,6547,87,3
2023-12-24,YouTube Ads,YT_Bumper,436.92,6914,53,1
2023-12-24,Email,Weekly_Newsletter,2340.93,3701,55,2
2023-12-24,Email,Cart_Recovery,5707.41,4829,202,9
2023-12-24,Email,Win_Back,10917.45,6470,255,10
2023-12-24,Organic Search,SEO_Blog,113.02,2923,98,6
2023-12-24,Affiliate,Affiliate_Network_A,7265.57,5576,164,6
2023-12-24,Direct,Direct_Traffic,88.94,7308,134,3
2023-12-25,Google Ads,Search_Brand,5407.94,6110,195,7
2023-12-25,Google Ads,Search_Generic,3748.98,8756,223,10
2023-12-25,Google Ads,Shopping_Ads,12134.79,9150,272,20
2023-12-25,Google Ads,Display_Retarget,606.39,2750,28,1
2023-12-25,Meta Ads,IG_Retarget,3075.73,2084,90,3
2023-12-25,Meta Ads,FB_Lookalike,8953.82,7678,208,16
2023-12-25,YouTube Ads,YT_Skippable,2562.02,6300,253,3
2023-12-25,Email,Weekly_Newsletter,273.96,2729,27,1
2023-12-25,Email,Win_Back,1840.71,5005,127,2
2023-12-25,Organic Search,SEO_Category,410.87,1735,32,1
2023-12-25,Referral,Referral_Program,468.12,8261,245,6
2023-12-25,Direct,Direct_Traffic,481.88,5255,207,8
2023-12-26,Google Ads,Search_Brand,2366.15,7576,269,8
2023-12-26,Google Ads,Search_Generic,11917.1,11671,427,8
2023-12-26,Google Ads,Shopping_Ads,617.67,15802,148,10
2023-12-26,Google Ads,Display_Retarget,2164.44,4645,114,5
2023-12-26,Meta Ads,FB_Prospecting,5563.28,7015,166,10
2023-12-26,Meta Ads,FB_Lookalike,922.7,10099,215,11
2023-12-26,YouTube Ads,YT_Skippable,7437.78,7538,185,6
2023-12-26,Organic Search,SEO_Blog,420.95,6512,98,3
2023-12-26,Organic Search,SEO_Category,200.38,8462,229,3
2023-12-26,Affiliate,Affiliate_Network_A,2468.32,7432,141,2
2023-12-26,Affiliate,Affiliate_Network_B,606.08,5281,97,3
2023-12-26,Referral,Referral_Program,416.96,4743,65,4
2023-12-26,Direct,Direct_Traffic,73.04,1459,35,2
2023-12-27,Google Ads,Search_Brand,9326.74,7175,251,13
2023-12-27,Google Ads,Search_Generic,2439.58,4380,97,4
2023-12-27,Google Ads,Shopping_Ads,3739.4,10964,366,26
2023-12-27,Meta Ads,FB_Prospecting,12410.5,8257,307,7
2023-12-27,Meta Ads,IG_Retarget,1809.0,1561,59,0
2023-12-27,Meta Ads,FB_Lookalike,1409.92,4716,46,0
2023-12-27,YouTube Ads,YT_Bumper,5600.41,10366,281,4
2023-12-27,Email,Win_Back,8206.78,5833,191,11
2023-12-27,Organic Search,SEO_Blog,81.83,13160,215,13
2023-12-27,Organic Search,SEO_Category,433.31,2158,51,0
2023-12-27,Referral,Referral_Program,221.06,990,11,0
2023-12-28,Google Ads,Search_Brand,4642.79,3408,111,5
2023-12-28,Google Ads,Shopping_Ads,4160.93,12747,490,26
2023-12-28,Google Ads,Display_Retarget,5493.55,3878,172,4
2023-12-28,Meta Ads,FB_Prospecting,149.77,1321,17,0
2023-12-28,Meta Ads,IG_Retarget,605.97,2208,31,1
2023-12-28,Meta Ads,FB_Lookalike,894.44,16618,83,2
2023-12-28,YouTube Ads,YT_Skippable,835.46,1840,23,0
2023-12-28,Email,Cart_Recovery,4869.28,9692,228,5
2023-12-28,Email,Win_Back,3039.48,4046,93,4
2023-12-28,Organic Search,SEO_Blog,353.1,5209,191,6
2023-12-28,Organic Search,SEO_Category,351.91,1704,26,0
2023-12-28,Affiliate,Affiliate_Network_A,6149.01,10420,171,3
2023-12-28,Affiliate,Affiliate_Network_B,23668.52,18760,686,43
2023-12-28,Direct,Direct_Traffic,155.52,3324,59,2
2023-12-29,Google Ads,Search_Brand,1978.1,2170,45,2
2023-12-29,Google Ads,Search_Generic,5695.0,7326,133,10
2023-12-29,Google Ads,Shopping_Ads,3318.35,6693,174,7
2023-12-29,Google Ads,Display_Retarget,472.08,1617,39,1
2023-12-29,Meta Ads,IG_Retarget,2668.83,17869,151,3
2023-12-29,Meta Ads,FB_Lookalike,1257.53,5236,130,1
2023-12-29,YouTube Ads,YT_Bumper,2378.69,3839,78,2
2023-12-29,Email,Weekly_Newsletter,1031.16,5773,40,1
2023-12-29,Organic Search,SEO_Category,442.84,1118,36,2
2023-12-29,Affiliate,Affiliate_Network_A,2696.9,18972,148,10
2023-12-29,Referral,Referral_Program,318.97,6122,90,5
2023-12-29,Direct,Direct_Traffic,15.63,1085,25,0
2023-12-30,Google Ads,Shopping_Ads,2712.28,3513,80,1
2023-12-30,Meta Ads,FB_Prospecting,1486.94,4885,51,3
2023-12-30,YouTube Ads,YT_Skippable,1042.47,4041,137,8
2023-12-30,YouTube Ads,YT_Bumper,4276.24,7080,156,10
2023-12-30,Email,Weekly_Newsletter,2814.82,3799,92,5
2023-12-30,Email,Cart_Recovery,4481.91,2779,122,3
2023-12-30,Email,Win_Back,2494.03,2826,79,3
2023-12-30,Organic Search,SEO_Category,289.79,15621,601,43
2023-12-30,Affiliate,Affiliate_Network_A,7547.03,8857,303,12
2023-12-30,Affiliate,Affiliate_Network_B,192.51,2578,17,1
2023-12-30,Referral,Referral_Program,408.58,6676,247,9
2023-12-30,Direct,Direct_Traffic,7.4,10470,184,1
2023-12-31,Google Ads,Search_Brand,400.28,5321,77,3
2023-12-31,Google Ads,Search_Generic,4916.2,16968,433,17
2023-12-31,Google Ads,Display_Retarget,2009.83,5571,146,2
2023-12-31,Meta Ads,FB_Prospecting,5597.85,9740,416,15
2023-12-31,Meta Ads,FB_Lookalike,5534.21,7502,161,4
2023-12-31,YouTube Ads,YT_Skippable,7450.22,13471,264,6
2023-12-31,YouTube Ads,YT_Bumper,15071.29,17546,444,21
2023-12-31,Email,Cart_Recovery,1326.87,10335,67,4
2023-12-31,Email,Win_Back,855.66,5705,41,1
2023-12-31,Affiliate,Affiliate_Network_A,1947.21,5187,182,5
2023-12-31,Direct,Direct_Traffic,280.67,12482,361,16
2024-01-01,Google Ads,Search_Brand,1873.52,6592,92,6
2024-01-01,Google Ads,Search_Generic,2905.73,3824,106,6
2024-01-01,Meta Ads,FB_Prospecting,609.84,4386,27,0
2024-01-01,Meta Ads,IG_Retarget,1254.64,6227,90,2
2024-01-01,Meta Ads,FB_Lookalike,1716.0,4580,55,2
2024-01-01,YouTube Ads,YT_Bumper,557.86,1636,17,0
2024-01-01,Email,Weekly_Newsletter,2734.07,3614,101,4
2024-01-01,Email,Cart_Recovery,220.06,5038,47,1
2024-01-01,Organic Search,SEO_Blog,389.08,4302,106,3
2024-01-01,Organic Search,SEO_Category,474.26,4212,133,5
2024-01-01,Affiliate,Affiliate_Network_A,4912.66,5985,139,3
2024-01-01,Affiliate,Affiliate_Network_B,6396.85,5002,160,4
2024-01-01,Referral,Referral_Program,249.03,3876,35,0
2024-01-01,Direct,Direct_Traffic,149.6,2473,70,2
2024-01-02,Google Ads,Search_Brand,9676.0,11720,270,4
2024-01-02,Google Ads,Shopping_Ads,1232.53,5204,49,2
2024-01-02,Google Ads,Display_Retarget,1690.15,2497,84,5
2024-01-02,Meta Ads,FB_Prospecting,978.77,11318,87,1
2024-01-02,Meta Ads,IG_Retarget,2214.28,6396,69,2
2024-01-02,Meta Ads,FB_Lookalike,192.86,2475,46,2
2024-01-02,YouTube Ads,YT_Skippable,3845.48,7066,296,10
2024-01-02,Email,Weekly_Newsletter,2502.38,8238,64,3
2024-01-02,Email,Cart_Recovery,2648.06,2169,95,5
2024-01-02,Email,Win_Back,198.83,2697,15,0
2024-01-02,Organic Search,SEO_Blog,382.8,7972,120,5
2024-01-02,Organic Search,SEO_Category,388.75,5768,36,0
2024-01-02,Affiliate,Affiliate_Network_A,12041.77,6453,271,4
2024-01-02,Referral,Referral_Program,68.91,6849,149,7
2024-01-02,Direct,Direct_Traffic,402.41,3838,72,2
2024-01-03,Google Ads,Search_Generic,1268.66,6974,218,15
2024-01-03,Google Ads,Display_Retarget,649.04,1601,34,1
2024-01-03,Meta Ads,FB_Prospecting,1596.12,5086,198,10
2024-01-03,Meta Ads,IG_Retarget,2898.87,3671,110,4
2024-01-03,Email,Weekly_Newsletter,3681.4,5024,172,2
2024-01-03,Email,Win_Back,865.66,4151,176,13
2024-01-03,Organic Search,SEO_Blog,397.8,2760,98,4
2024-01-03,Affiliate,Affiliate_Network_A,1077.67,1243,37,1
2024-01-03,Affiliate,Affiliate_Network_B,2269.6,4177,82,4
2024-01-04,Google Ads,Search_Brand,1247.76,2430,86,2
2024-01-04,Google Ads,Search_Generic,9469.05,6653,245,18
2024-01-04,Google Ads,Display_Retarget,2128.92,4665,71,0
2024-01-04,Meta Ads,FB_Prospecting,5314.23,5771,199,3
2024-01-04,Meta Ads,IG_Retarget,1849.11,5411,196,11
2024-01-04,Meta Ads,FB_Lookalike,1868.82,3986,60,2
2024-01-04,YouTube Ads,YT_Bumper,5199.33,4746,201,11
2024-01-04,Email,Win_Back,1468.64,1203,50,1
2024-01-04,Organic Search,SEO_Blog,428.86,6544,44,2
2024-01-04,Affiliate,Affiliate_Network_B,5770.15,3733,144,3
2024-01-04,Referral,Referral_Program,438.39,4636,143,2
2024-01-04,Direct,Direct_Traffic,422.05,991,43,2
2024-01-05,Google Ads,Search_Brand,3368.29,3212,109,1
2024-01-05,Google Ads,Search_Generic,1329.83,3238,41,1
2024-01-05,Google Ads,Shopping_Ads,723.08,2290,49,3
2024-01-05,Meta Ads,FB_Prospecting,2850.07,5496,123,5
2024-01-05,Meta Ads,IG_Retarget,8217.32,7964,254,3
2024-01-05,Meta Ads,FB_Lookalike,916.33,15578,125,8
2024-01-05,YouTube Ads,YT_Skippable,5144.72,5807,186,7
2024-01-05,Email,Cart_Recovery,1049.86,2284,87,5
2024-01-05,Organic Search,SEO_Blog,8.68,3699,42,0
2024-01-05,Affiliate,Affiliate_Network_A,12947.93,24001,350,12
2024-01-05,Referral,Referral_Program,122.08,1873,14,0
2024-01-05,Direct,Direct_Traffic,,4153,170,7
2024-01-06,Google Ads,Search_Brand,504.27,2848,37,2
2024-01-06,Google Ads,Shopping_Ads,8432.2,5219,192,5
2024-01-06,Google Ads,Display_Retarget,3475.44,3586,141,1
2024-01-06,Meta Ads,FB_Prospecting,1582.01,5247,80,4
2024-01-06,Meta Ads,FB_Lookalike,286.41,1716,40,1
2024-01-06,YouTube Ads,YT_Skippable,553.21,3887,26,1
2024-01-06,YouTube Ads,YT_Bumper,5701.15,3434,143,5
2024-01-06,Email,Weekly_Newsletter,139.79,1203,43,2
2024-01-06,Email,Win_Back,1233.31,9235,248,18
2024-01-06,Organic Search,SEO_Blog,495.6,6853,145,3
2024-01-06,Organic Search,SEO_Category,41.59,4167,58,3
2024-01-06,Affiliate,Affiliate_Network_A,2861.66,6758,293,5
2024-01-06,Affiliate,Affiliate_Network_B,5921.84,6154,146,1
2024-01-06,Referral,Referral_Program,257.57,5348,82,2
2024-01-06,Direct,Direct_Traffic,,586,23,1
2024-01-07,Google Ads,Search_Brand,2882.64,5151,152,5
2024-01-07,Google Ads,Search_Generic,7806.87,14871,266,7
2024-01-07,Google Ads,Shopping_Ads,8265.39,8616,360,7
2024-01-07,Meta Ads,FB_Prospecting,6679.91,4973,152,10
2024-01-07,Meta Ads,IG_Retarget,5151.23,3984,161,4
2024-01-07,Meta Ads,FB_Lookalike,4279.16,10521,124,9
2024-01-07,YouTube Ads,YT_Skippable,2547.42,1805,62,2
2024-01-07,YouTube Ads,YT_Bumper,6800.17,6191,245,4
2024-01-07,Email,Weekly_Newsletter,875.55,4062,145,10
2024-01-07,Email,Cart_Recovery,9883.29,8789,274,16
2024-01-07,Email,Win_Back,299.32,486,21,0
2024-01-07,Organic Search,SEO_Category,217.87,7675,178,2
2024-01-07,Affiliate,Affiliate_Network_A,4744.4,10126,253,16
2024-01-07,Affiliate,Affiliate_Network_B,5681.28,9663,223,12
2024-01-07,Referral,Referral_Program,281.76,9875,339,12
2024-01-08,Google Ads,Search_Brand,19047.85,12447,496,27
2024-01-08,Google Ads,Shopping_Ads,4730.04,4637,175,4
2024-01-08,Google Ads,Display_Retarget,1354.49,4395,118,3
2024-01-08,Meta Ads,FB_Prospecting,576.91,2039,14,0
2024-01-08,Meta Ads,IG_Retarget,1831.83,1090,43,1
2024-01-08,Meta Ads,FB_Lookalike,214.69,803,29,2
2024-01-08,YouTube Ads,YT_Bumper,2120.06,6051,207,14
2024-01-08,Email,Win_Back,2560.98,1821,68,1
2024-01-08,Organic Search,SEO_Category,14.34,1743,76,2
2024-01-08,Affiliate,Affiliate_Network_A,556.79,2712,23,0
2024-01-08,Referral,Referral_Program,196.59,3606,115,5
2024-01-09,Google Ads,Search_Brand,5444.58,4733,127,6
2024-01-09,Google Ads,Search_Generic,2951.71,2614,110,6
2024-01-09,Google Ads,Shopping_Ads,4440.07,11882,133,1
2024-01-09,Meta Ads,FB_Prospecting,1378.35,4722,108,7
2024-01-09,Meta Ads,IG_Retarget,157.09,1080,20,0
2024-01-09,Meta Ads,FB_Lookalike,8722.3,9342,234,15
2024-01-09,YouTube Ads,YT_Skippable,2257.98,6953,235,12
2024-01-09,YouTube Ads,YT_Bumper,2924.48,8281,90,4
2024-01-09,Email,Cart_Recovery,1528.36,3274,139,8
2024-01-09,Organic Search,SEO_Blog,279.49,2192,28,1
2024-01-09,Organic Search,SEO_Category,,2376,77,1
2024-01-09,Affiliate,Affiliate_Network_B,2717.85,2455,83,1
2024-01-09,Referral,Referral_Program,452.09,5048,160,3
2024-01-09,Direct,Direct_Traffic,435.61,6836,74,3
2024-01-10,Google Ads,Search_Generic,1796.85,1643,67,4
2024-01-10,Google Ads,Display_Retarget,10452.61,11773,465,23
2024-01-10,Meta Ads,FB_Prospecting,528.89,1736,18,1
2024-01-10,Meta Ads,IG_Retarget,2218.93,5272,70,3
2024-01-10,Meta Ads,FB_Lookalike,2545.36,8747,202,13
2024-01-10,YouTube Ads,YT_Skippable,1538.94,5894,111,6
2024-01-10,Email,Weekly_Newsletter,2958.01,4343,96,3
2024-01-10,Email,Cart_Recovery,15460.71,16208,434,8
2024-01-10,Email,Win_Back,2743.31,8378,171,10
2024-01-10,Organic Search,SEO_Blog,61.37,5916,232,6
2024-01-10,Organic Search,SEO_Category,90.07,10682,85,3
2024-01-10,Affiliate,Affiliate_Network_A,9651.24,6046,223,17
2024-01-10,Affiliate,Affiliate_Network_B,1056.86,8012,238,5
2024-01-10,Referral,Referral_Program,109.47,13813,203,13
2024-01-10,Direct,Direct_Traffic,212.84,4184,124,9
2024-01-11,Google Ads,Search_Brand,7226.49,10840,423,33
2024-01-11,Google Ads,Search_Generic,337.77,1886,12,0
2024-01-11,Google Ads,Shopping_Ads,529.94,1665,13,0
2024-01-11,Meta Ads,FB_Prospecting,3030.29,4727,155,5
2024-01-11,Meta Ads,IG_Retarget,1643.92,13547,259,18
2024-01-11,Meta Ads,FB_Lookalike,4987.14,5917,170,4
2024-01-11,YouTube Ads,YT_Skippable,2460.68,2316,92,6
2024-01-11,Email,Win_Back,5461.09,6422,234,15
2024-01-11,Organic Search,SEO_Blog,52.48,3692,48,3
2024-01-11,Organic Search,SEO_Category,460.96,3933,148,4
2024-01-11,Affiliate,Affiliate_Network_A,133.24,1707,14,0
2024-01-12,Google Ads,Search_Generic,4353.86,5254,197,2
2024-01-12,Meta Ads,FB_Prospecting,3423.28,7195,199,5
2024-01-12,Meta Ads,IG_Retarget,4149.02,8679,105,7
2024-01-12,YouTube Ads,YT_Skippable,270.49,1914,72,4
2024-01-12,YouTube Ads,YT_Bumper,1301.23,3995,134,1
2024-01-12,Email,Weekly_Newsletter,2311.18,5016,63,2
2024-01-12,Email,Cart_Recovery,1592.03,9927,88,2
2024-01-12,Email,Win_Back,353.26,1525,9,0
2024-01-12,Organic Search,SEO_Blog,26.7,2876,26,0
2024-01-12,Organic Search,SEO_Category,257.43,6289,53,1
2024-01-12,Affiliate,Affiliate_Network_A,41.85,128,4,0
2024-01-12,Affiliate,Affiliate_Network_B,3138.48,5516,107,2
2024-01-12,Direct,Direct_Traffic,281.4,7989,91,4
2024-01-13,Google Ads,Search_Brand,41.43,195,8,0
2024-01-13,Google Ads,Shopping_Ads,3444.65,15712,419,13
2024-01-13,Meta Ads,FB_Prospecting,1200.75,8184,156,7
2024-01-13,Meta Ads,IG_Retarget,3298.38,6453,151,7
2024-01-13,Meta Ads,FB_Lookalike,4053.29,6059,120,1
2024-01-13,YouTube Ads,YT_Bumper,952.37,3702,60,4
2024-01-13,Email,Cart_Recovery,2496.55,4350,122,6
2024-01-13,Email,Win_Back,256.52,371,12,0
2024-01-13,Organic Search,SEO_Blog,270.91,2181,81,1
2024-01-13,Organic Search,SEO_Category,300.02,9723,172,4
2024-01-13,Affiliate,Affiliate_Network_B,828.54,5046,166,5
2024-01-13,Referral,Referral_Program,370.61,3091,73,3
2024-01-13,Direct,Direct_Traffic,370.66,3032,105,6
2024-01-14,Google Ads,Search_Brand,1990.18,2184,74,0
2024-01-14,Google Ads,Search_Generic,2698.46,6912,133,4
2024-01-14,Google Ads,Shopping_Ads,5971.41,11138,134,5
2024-01-14,Google Ads,Display_Retarget,4353.53,9466,411,28
2024-01-14,YouTube Ads,YT_Skippable,1774.37,5407,138,9
2024-01-14,YouTube Ads,YT_Bumper,1854.24,6217,106,1
2024-01-14,Email,Cart_Recovery,10915.67,9842,347,3
2024-01-14,Email,Win_Back,5022.62,10137,132,8
2024-01-14,Organic Search,SEO_Blog,193.76,13678,513,5
2024-01-14,Organic Search,SEO_Category,22.59,3990,72,2
2024-01-14,Affiliate,Affiliate_Network_A,6822.07,6280,191,14
2024-01-14,Affiliate,Affiliate_Network_B,1917.46,1437,59,3
2024-01-14,Direct,Direct_Traffic,8.86,5218,100,2
2024-01-15,Google Ads,Search_Brand,8014.71,7103,230,12
2024-01-15,Google Ads,Search_Generic,4031.35,6884,222,13
2024-01-15,Google Ads,Shopping_Ads,643.91,2630,33,0
2024-01-15,Google Ads,Display_Retarget,1623.91,9058,60,2
2024-01-15,Meta Ads,IG_Retarget,1165.57,1108,34,1
2024-01-15,YouTube Ads,YT_Bumper,1824.75,2146,67,3
2024-01-15,Email,Weekly_Newsletter,7560.68,9225,388,6
2024-01-15,Email,Cart_Recovery,3844.67,2253,97,4
2024-01-15,Email,Win_Back,401.28,2278,50,2
2024-01-15,Organic Search,SEO_Blog,321.49,11241,343,12
2024-01-15,Organic Search,SEO_Category,139.82,4519,75,3
2024-01-15,Affiliate,Affiliate_Network_A,6293.08,6309,161,5
2024-01-15,Direct,Direct_Traffic,346.03,3014,102,1
2024-01-16,Google Ads,Search_Brand,18755.77,18705,482,35
2024-01-16,Google Ads,Search_Generic,917.66,3625,29,0
2024-01-16,Google Ads,Shopping_Ads,683.67,3469,26,0
2024-01-16,Google Ads,Display_Retarget,5229.46,4422,166,2
2024-01-16,Meta Ads,FB_Prospecting,859.76,2264,56,1
2024-01-16,Meta Ads,IG_Retarget,4417.88,2664,102,3
2024-01-16,Meta Ads,FB_Lookalike,105.51,1306,34,2
2024-01-16,YouTube Ads,YT_Skippable,10450.8,6866,299,13
2024-01-16,YouTube Ads,YT_Bumper,755.8,2996,51,0
2024-01-16,Email,Weekly_Newsletter,268.91,2435,28,1
2024-01-16,Email,Cart_Recovery,4378.52,4766,139,6
2024-01-16,Email,Win_Back,9903.48,8076,308,12
2024-01-16,Organic Search,SEO_Blog,29.99,4693,134,9
2024-01-16,Direct,Direct_Traffic,69.82,4508,179,5
2024-01-17,Meta Ads,FB_Prospecting,329.31,1368,19,0
2024-01-17,Meta Ads,FB_Lookalike,1981.46,3762,147,4
2024-01-17,YouTube Ads,YT_Skippable,2799.31,7828,181,13
2024-01-17,YouTube Ads,YT_Bumper,985.44,6935,156,4
2024-01-17,Email,Weekly_Newsletter,9457.04,7418,286,13
2024-01-17,Email,Cart_Recovery,2055.9,4170,97,4
2024-01-17,Organic Search,SEO_Blog,423.36,9321,139,5
2024-01-17,Organic Search,SEO_Category,152.44,12242,334,7
2024-01-17,Affiliate,Affiliate_Network_B,325.34,3857,80,1
2024-01-17,Referral,Referral_Program,285.19,1260,12,0
2024-01-18,Google Ads,Search_Brand,4640.82,4108,125,1
2024-01-18,Meta Ads,FB_Prospecting,1800.46,7145,50,3
2024-01-18,Meta Ads,FB_Lookalike,2768.12,7286,100,7
2024-01-18,YouTube Ads,YT_Skippable,266.6,2814,21,0
2024-01-18,YouTube Ads,YT_Bumper,1671.22,4537,127,8
2024-01-18,Email,Weekly_Newsletter,1870.63,1260,56,1
2024-01-18,Email,Cart_Recovery,626.85,1172,17,0
2024-01-18,Email,Win_Back,2874.98,2962,126,9
2024-01-18,Organic Search,SEO_Category,495.64,8695,91,5
2024-01-18,Affiliate,Affiliate_Network_A,7011.69,9225,184,11
2024-01-18,Affiliate,Affiliate_Network_B,3309.72,6100,179,9
2024-01-19,Google Ads,Search_Brand,2276.89,5578,166,9
2024-01-19,Google Ads,Search_Generic,1010.41,4327,35,1
2024-01-19,Google Ads,Shopping_Ads,790.06,6476,69,4
2024-01-19,Google Ads,Display_Retarget,1025.39,2320,40,1
2024-01-19,Meta Ads,IG_Retarget,942.99,1669,64,1
2024-01-19,Meta Ads,FB_Lookalike,2207.65,5690,231,2
2024-01-19,YouTube Ads,YT_Bumper,1870.52,3796,127,3
2024-01-19,Email,Weekly_Newsletter,2366.81,10197,428,29
2024-01-19,Email,Cart_Recovery,4969.96,5988,120,6
2024-01-19,Organic Search,SEO_Blog,314.22,3440,128,3
2024-01-19,Organic Search,SEO_Category,220.71,8537,361,18
2024-01-19,Affiliate,Affiliate_Network_B,2716.48,6469,213,14
2024-01-20,Google Ads,Search_Brand,1980.26,9458,247,4
2024-01-20,Google Ads,Search_Generic,187.23,3673,19,0
2024-01-20,Google Ads,Shopping_Ads,6103.4,3702,138,5
2024-01-20,Google Ads,Display_Retarget,3662.16,4974,166,2
2024-01-20,Meta Ads,FB_Prospecting,12906.97,12219,326,21
2024-01-20,Meta Ads,IG_Retarget,178.46,690,15,0
2024-01-20,Meta Ads,FB_Lookalike,1496.6,5071,211,5
2024-01-20,YouTube Ads,YT_Skippable,1752.23,2484,105,2
2024-01-20,YouTube Ads,YT_Bumper,899.69,4725,92,6
2024-01-20,Email,Win_Back,283.66,773,20,0
2024-01-20,Organic Search,SEO_Blog,219.67,12502,226,6
2024-01-20,Organic Search,SEO_Category,425.58,14038,118,6
2024-01-20,Affiliate,Affiliate_Network_A,4527.47,2725,112,8
2024-01-20,Affiliate,Affiliate_Network_B,2654.37,3604,104,1
2024-01-20,Referral,Referral_Program,424.66,6601,51,3
2024-01-20,Direct,Direct_Traffic,426.56,5400,176,4
2024-01-21,Google Ads,Search_Brand,14362.05,11809,396,11
2024-01-21,Google Ads,Search_Generic,9044.01,10842,242,13
2024-01-21,Google Ads,Shopping_Ads,14108.34,16711,349,15
2024-01-21,Google Ads,Display_Retarget,1826.53,2848,107,3
2024-01-21,Meta Ads,IG_Retarget,9924.58,18567,688,46
2024-01-21,Meta Ads,FB_Lookalike,1697.71,4151,51,3
2024-01-21,YouTube Ads,YT_Skippable,2886.41,4965,66,1
2024-01-21,Email,Cart_Recovery,8689.14,6342,207,9
2024-01-21,Organic Search,SEO_Blog,208.76,8549,68,0
2024-01-21,Affiliate,Affiliate_Network_A,2172.41,6942,155,3
2024-01-21,Affiliate,Affiliate_Network_B,254.08,1606,17,1
2024-01-21,Referral,Referral_Program,482.37,2620,32,1
2024-01-21,Direct,Direct_Traffic,159.47,4368,74,2
2024-01-22,Google Ads,Search_Brand,2324.41,11372,128,1
2024-01-22,Google Ads,Shopping_Ads,7569.84,10791,293,21
2024-01-22,Google Ads,Display_Retarget,4013.73,3165,109,7
2024-01-22,Meta Ads,IG_Retarget,5421.28,4915,128,1
2024-01-22,Meta Ads,FB_Lookalike,19486.99,11583,492,39
2024-01-22,YouTube Ads,YT_Skippable,1034.88,7629,255,18
2024-01-22,Email,Weekly_Newsletter,2737.2,3050,85,6
2024-01-22,Email,Cart_Recovery,19.48,60,1,0
2024-01-22,Organic Search,SEO_Category,179.76,3143,32,1
2024-01-22,Affiliate,Affiliate_Network_A,144.55,1908,15,0
2024-01-22,Affiliate,Affiliate_Network_B,10249.76,6859,259,18
2024-01-22,Referral,Referral_Program,148.03,13191,204,6
2024-01-23,Google Ads,Search_Brand,4145.89,6727,167,4
2024-01-23,Meta Ads,FB_Prospecting,456.82,1851,14,0
2024-01-23,Meta Ads,IG_Retarget,14958.9,9755,424,14
2024-01-23,Meta Ads,FB_Lookalike,4630.8,3723,131,3
2024-01-23,YouTube Ads,YT_Skippable,4377.82,4454,165,6
2024-01-23,YouTube Ads,YT_Bumper,2136.94,3461,103,4
2024-01-23,Email,Cart_Recovery,213.68,876,36,1
2024-01-23,Email,Win_Back,2325.51,2973,107,6
2024-01-23,Organic Search,SEO_Blog,123.6,5771,243,14
2024-01-23,Organic Search,SEO_Category,378.84,6131,95,5
2024-01-23,Affiliate,Affiliate_Network_A,597.2,3474,53,3
2024-01-23,Affiliate,Affiliate_Network_B,6038.74,8101,259,20
2024-01-23,Referral,Referral_Program,282.29,5547,222,15
2024-01-24,Google Ads,Shopping_Ads,445.64,1050,23,1
2024-01-24,Google Ads,Display_Retarget,12081.51,11699,271,20
2024-01-24,Meta Ads,FB_Prospecting,1334.07,3445,113,5
2024-01-24,Meta Ads,IG_Retarget,6605.72,12416,511,21
2024-01-24,YouTube Ads,YT_Skippable,3661.57,3874,89,3
2024-01-24,YouTube Ads,YT_Bumper,983.24,1674,23,0
2024-01-24,Email,Weekly_Newsletter,7321.63,6143,246,14
2024-01-24,Email,Cart_Recovery,984.32,1993,69,3
2024-01-24,Organic Search,SEO_Blog,452.9,2497,55,2
2024-01-24,Organic Search,SEO_Category,2.92,2726,88,2
2024-01-24,Affiliate,Affiliate_Network_A,14842.19,12397,496,18
2024-01-24,Affiliate,Affiliate_Network_B,3408.35,6171,134,5
2024-01-24,Direct,Direct_Traffic,110.97,964,34,1
2024-01-25,Google Ads,Search_Brand,2220.79,5692,247,13
2024-01-25,Google Ads,Search_Generic,12043.36,8290,302,6
2024-01-25,Google Ads,Shopping_Ads,1038.5,7236,134,2
2024-01-25,Meta Ads,FB_Prospecting,412.33,1047,40,2
2024-01-25,Meta Ads,IG_Retarget,876.27,4814,35,2
2024-01-25,Meta Ads,FB_Lookalike,1988.88,1225,45,3
2024-01-25,YouTube Ads,YT_Skippable,4646.44,8959,162,9
2024-01-25,YouTube Ads,YT_Bumper,23.85,817,6,0
2024-01-25,Organic Search,SEO_Category,291.43,3459,85,4
2024-01-25,Affiliate,Affiliate_Network_B,4100.4,8860,242,3
2024-01-25,Direct,Direct_Traffic,137.84,4108,117,8
2024-01-26,Google Ads,Search_Generic,6177.18,7351,250,13
2024-01-26,Meta Ads,FB_Prospecting,1074.93,3430,44,1
2024-01-26,Meta Ads,FB_Lookalike,4603.65,19028,144,10
2024-01-26,YouTube Ads,YT_Skippable,968.67,5158,48,2
2024-01-26,YouTube Ads,YT_Bumper,1873.81,8985,46,2
2024-01-26,Email,Cart_Recovery,1421.11,5335,43,2
2024-01-26,Email,Win_Back,3532.89,6049,238,14
2024-01-26,Organic Search,SEO_Blog,198.64,5721,87,3
2024-01-26,Organic Search,SEO_Category,133.7,2365,48,2
2024-01-26,Affiliate,Affiliate_Network_B,11229.9,7560,278,19
2024-01-26,Direct,Direct_Traffic,139.89,9205,346,23
2024-01-27,Google Ads,Search_Brand,1342.46,7818,263,11
2024-01-27,Google Ads,Search_Generic,7240.81,7527,228,14
2024-01-27,Meta Ads,IG_Retarget,3646.24,15841,457,21
2024-01-27,Meta Ads,FB_Lookalike,232.38,1679,52,1
2024-01-27,YouTube Ads,YT_Bumper,944.02,8502,171,10
2024-01-27,Email,Cart_Recovery,1046.08,1060,29,0
2024-01-27,Organic Search,SEO_Blog,398.46,15804,561,9
2024-01-27,Affiliate,Affiliate_Network_A,467.53,2722,65,1
2024-01-27,Affiliate,Affiliate_Network_B,2322.5,3082,127,4
2024-01-27,Direct,Direct_Traffic,195.86,4415,25,1
2024-01-28,Google Ads,Search_Brand,5275.14,6104,134,4
2024-01-28,Google Ads,Shopping_Ads,8893.79,5171,210,10
2024-01-28,Meta Ads,FB_Lookalike,1416.04,1569,58,0
2024-01-28,YouTube Ads,YT_Skippable,5121.98,3758,119,1
2024-01-28,Email,Cart_Recovery,1337.11,7611,184,11
2024-01-28,Email,Win_Back,1812.3,10751,53,1
2024-01-28,Organic Search,SEO_Blog,377.95,1935,21,1
2024-01-28,Organic Search,SEO_Category,138.03,4997,97,6
2024-01-28,Affiliate,Affiliate_Network_A,362.36,2611,111,6
2024-01-28,Affiliate,Affiliate_Network_B,356.12,2074,11,0
2024-01-28,Referral,Referral_Program,492.16,4662,148,5
2024-01-28,Direct,Direct_Traffic,306.31,7708,224,10
2024-01-29,Google Ads,Shopping_Ads,400.29,15869,109,1
2024-01-29,Google Ads,Display_Retarget,16689.97,14315,401,30
2024-01-29,Meta Ads,FB_Prospecting,2077.21,3768,54,1
2024-01-29,Meta Ads,IG_Retarget,5178.04,5987,180,11
2024-01-29,Meta Ads,FB_Lookalike,2447.02,3346,147,4
2024-01-29,Email,Weekly_Newsletter,3638.61,6375,241,4
2024-01-29,Email,Cart_Recovery,997.85,4809,45,0
2024-01-29,Organic Search,SEO_Blog,31.03,7485,216,5
2024-01-29,Organic Search,SEO_Category,211.14,3164,59,2
2024-01-29,Affiliate,Affiliate_Network_A,1842.07,2533,68,3
2024-01-29,Affiliate,Affiliate_Network_B,2911.18,5898,88,1
2024-01-29,Direct,Direct_Traffic,342.23,6092,66,0
2024-01-30,Google Ads,Shopping_Ads,356.95,4779,46,2
2024-01-30,Google Ads,Display_Retarget,507.01,3467,25,1
2024-01-30,Meta Ads,FB_Prospecting,7010.78,5236,213,6
2024-01-30,Meta Ads,IG_Retarget,4101.23,6020,222,12
2024-01-30,Meta Ads,FB_Lookalike,2755.62,2565,79,2
2024-01-30,Email,Weekly_Newsletter,2275.45,7990,190,5
2024-01-30,Email,Cart_Recovery,334.29,3184,54,0
2024-01-30,Email,Win_Back,623.15,2697,38,1
2024-01-30,Organic Search,SEO_Category,159.43,3189,79,4
2024-01-30,Affiliate,Affiliate_Network_A,1601.83,7598,112,6
2024-01-31,Google Ads,Search_Brand,122.84,713,20,0
2024-01-31,Google Ads,Search_Generic,267.78,1631,42,2
2024-01-31,Google Ads,Shopping_Ads,460.72,895,12,0
2024-01-31,Meta Ads,IG_Retarget,1318.77,7823,40,2
2024-01-31,Meta Ads,FB_Lookalike,6094.55,15668,173,4
2024-01-31,YouTube Ads,YT_Skippable,3551.85,5828,108,6
2024-01-31,YouTube Ads,YT_Bumper,6344.15,4975,174,5
2024-01-31,Email,Win_Back,6261.14,4146,176,7
2024-01-31,Organic Search,SEO_Blog,139.28,10465,131,5
2024-01-31,Affiliate,Affiliate_Network_A,1056.29,3074,27,0
2024-01-31,Referral,Referral_Program,152.56,1288,48,3
2024-01-31,Direct,Direct_Traffic,152.42,5214,55,2
2024-02-01,Google Ads,Search_Generic,2785.57,4182,87,5
2024-02-01,Google Ads,Shopping_Ads,1898.45,2564,57,0
2024-02-01,Google Ads,Display_Retarget,1235.04,4190,48,1
2024-02-01,Meta Ads,FB_Prospecting,1873.09,2763,100,5
2024-02-01,Meta Ads,IG_Retarget,137.94,1302,10,0
2024-02-01,YouTube Ads,YT_Skippable,4300.79,12441,161,5
2024-02-01,YouTube Ads,YT_Bumper,778.62,5869,247,6
2024-02-01,Email,Win_Back,522.75,4461,85,6
2024-02-01,Organic Search,SEO_Category,364.19,12066,340,26
2024-02-01,Affiliate,Affiliate_Network_B,3251.36,7910,153,12
2024-02-01,Referral,Referral_Program,471.16,3715,156,11
2024-02-02,Google Ads,Shopping_Ads,582.1,5987,47,3
2024-02-02,Meta Ads,FB_Prospecting,3112.24,3687,115,4
2024-02-02,Meta Ads,IG_Retarget,483.53,606,21,0
2024-02-02,YouTube Ads,YT_Bumper,450.54,3379,22,1
2024-02-02,Email,Weekly_Newsletter,3627.79,6250,153,1
2024-02-02,Email,Cart_Recovery,13206.36,9704,318,8
2024-02-02,Organic Search,SEO_Category,93.46,9999,435,21
2024-02-02,Affiliate,Affiliate_Network_A,7327.43,11708,265,20
2024-02-02,Affiliate,Affiliate_Network_B,1066.94,2572,107,8
2024-02-02,Referral,Referral_Program,496.13,9834,333,15
2024-02-03,Google Ads,Shopping_Ads,13744.88,13612,563,15
2024-02-03,Meta Ads,FB_Prospecting,166.66,487,4,0
2024-02-03,Meta Ads,IG_Retarget,1151.79,8924,151,7
2024-02-03,YouTube Ads,YT_Bumper,6936.99,9069,155,2
2024-02-03,Email,Weekly_Newsletter,4764.26,6066,218,10
2024-02-03,Email,Cart_Recovery,697.98,2321,34,2
2024-02-03,Organic Search,SEO_Blog,334.38,6459,236,8
2024-02-03,Organic Search,SEO_Category,368.35,3213,73,4
2024-02-03,Affiliate,Affiliate_Network_A,286.21,1041,11,0
2024-02-03,Affiliate,Affiliate_Network_B,9102.07,6403,255,11
2024-02-03,Referral,Referral_Program,63.82,4667,90,6
2024-02-04,Google Ads,Search_Brand,782.34,2521,105,3
2024-02-04,Google Ads,Shopping_Ads,5695.26,7424,130,7
2024-02-04,Google Ads,Display_Retarget,1890.93,2595,103,1
2024-02-04,Meta Ads,FB_Prospecting,967.63,7517,204,14
2024-02-04,Meta Ads,IG_Retarget,7507.53,6490,226,2
2024-02-04,Meta Ads,FB_Lookalike,2707.67,3482,73,3
2024-02-04,YouTube Ads,YT_Skippable,533.11,2123,36,0
2024-02-04,Email,Weekly_Newsletter,1494.56,3153,35,0
2024-02-04,Email,Win_Back,1291.73,5595,61,0
2024-02-04,Organic Search,SEO_Blog,133.22,6692,56,2
2024-02-04,Organic Search,SEO_Category,437.87,3933,114,3
2024-02-04,Referral,Referral_Program,411.7,6466,67,2
2024-02-05,Google Ads,Search_Brand,4291.4,7263,111,3
2024-02-05,Google Ads,Search_Generic,4805.78,4890,156,2
2024-02-05,Google Ads,Shopping_Ads,8361.37,6069,191,9
2024-02-05,Meta Ads,FB_Lookalike,1792.81,1756,75,1
2024-02-05,YouTube Ads,YT_Bumper,1943.02,6427,59,3
2024-02-05,Email,Weekly_Newsletter,3122.66,6160,242,12
2024-02-05,Email,Cart_Recovery,55.3,769,3,0
2024-02-05,Email,Win_Back,7384.29,7780,199,13
2024-02-05,Organic Search,SEO_Blog,107.81,4326,57,2
2024-02-05,Organic Search,SEO_Category,241.15,1667,31,1
2024-02-05,Affiliate,Affiliate_Network_B,2756.8,10089,73,3
2024-02-05,Referral,Referral_Program,145.05,10858,197,14
2024-02-05,Direct,Direct_Traffic,40.55,2297,73,4
2024-02-06,Google Ads,Search_Brand,3251.54,3569,89,1
2024-02-06,Google Ads,Search_Generic,6989.74,19303,359,6
2024-02-06,Google Ads,Shopping_Ads,933.79,1238,36,2
2024-02-06,Google Ads,Display_Retarget,1744.23,2270,57,2
2024-02-06,Meta Ads,FB_Prospecting,5847.53,4485,148,9
2024-02-06,Meta Ads,FB_Lookalike,1769.02,2381,92,1
2024-02-06,YouTube Ads,YT_Bumper,2535.31,9927,289,21
2024-02-06,Email,Weekly_Newsletter,1852.64,2354,60,4
2024-02-06,Email,Cart_Recovery,4921.93,16877,393,4
2024-02-06,Email,Win_Back,3958.32,3562,124,3
2024-02-06,Affiliate,Affiliate_Network_A,14831.58,16562,537,5
2024-02-07,Google Ads,Search_Brand,1710.79,20109,231,16
2024-02-07,Google Ads,Shopping_Ads,1635.33,2838,50,1
2024-02-07,Google Ads,Display_Retarget,5333.53,5690,126,3
2024-02-07,Meta Ads,FB_Lookalike,1724.86,2890,48,2
2024-02-07,YouTube Ads,YT_Skippable,1355.93,9772,152,4
2024-02-07,YouTube Ads,YT_Bumper,694.49,4083,21,1
2024-02-07,Email,Weekly_Newsletter,3757.2,5634,193,2
2024-02-07,Email,Cart_Recovery,5848.58,10669,272,16
2024-02-07,Email,Win_Back,744.23,809,33,1
2024-02-07,Organic Search,SEO_Blog,144.08,6792,159,6
2024-02-07,Organic Search,SEO_Category,54.58,224,6,0
2024-02-07,Affiliate,Affiliate_Network_A,12328.45,8431,347,19
2024-02-07,Affiliate,Affiliate_Network_B,10586.45,6691,263,13
2024-02-07,Referral,Referral_Program,262.73,16209,528,9
2024-02-08,Google Ads,Search_Generic,2346.11,4316,158,7
2024-02-08,Meta Ads,FB_Prospecting,3931.09,8642,94,5
2024-02-08,Meta Ads,IG_Retarget,357.87,3498,48,0
2024-02-08,YouTube Ads,YT_Skippable,418.76,2162,42,1
2024-02-08,YouTube Ads,YT_Bumper,,9775,97,6
2024-02-08,Email,Win_Back,366.9,7652,46,2
2024-02-08,Affiliate,Affiliate_Network_A,2824.65,10460,382,9
2024-02-08,Referral,Referral_Program,62.55,8640,267,18
2024-02-08,Direct,Direct_Traffic,57.01,5502,33,0
2024-02-09,Google Ads,Search_Brand,1916.59,4721,58,0
2024-02-09,Google Ads,Search_Generic,102.36,1195,16,0
2024-02-09,Google Ads,Display_Retarget,924.31,9768,135,7
2024-02-09,Meta Ads,FB_Prospecting,1821.65,5299,51,3
2024-02-09,Meta Ads,FB_Lookalike,13815.74,11351,418,8
2024-02-09,YouTube Ads,YT_Bumper,5146.51,4773,150,2
2024-02-09,Email,Weekly_Newsletter,1890.58,1441,44,1
2024-02-09,Email,Win_Back,1778.56,9248,113,2
2024-02-09,Organic Search,SEO_Blog,311.69,3677,113,2
2024-02-09,Organic Search,SEO_Category,142.53,10512,70,4
2024-02-09,Affiliate,Affiliate_Network_B,1686.27,8844,387,8
2024-02-09,Referral,Referral_Program,347.26,1362,47,3
2024-02-09,Direct,Direct_Traffic,142.38,1596,11,0
2024-02-10,Google Ads,Search_Generic,5361.05,3341,130,10
2024-02-10,Google Ads,Shopping_Ads,5195.0,4375,134,8
2024-02-10,Google Ads,Display_Retarget,368.24,724,18,0
2024-02-10,Meta Ads,FB_Prospecting,346.95,1417,15,0
2024-02-10,YouTube Ads,YT_Bumper,5407.21,9875,385,8
2024-02-10,Email,Cart_Recovery,12498.23,10264,431,6
2024-02-10,Email,Win_Back,595.75,4132,23,1
2024-02-10,Organic Search,SEO_Blog,164.92,2768,23,1
2024-02-10,Organic Search,SEO_Category,468.74,4203,92,1
2024-02-10,Affiliate,Affiliate_Network_A,3152.17,4612,111,7
2024-02-10,Affiliate,Affiliate_Network_B,1708.21,2209,71,3
2024-02-10,Referral,Referral_Program,369.2,5381,81,5
2024-02-10,Direct,Direct_Traffic,256.14,13067,133,8
2024-02-11,Google Ads,Shopping_Ads,,2463,22,0
2024-02-11,Google Ads,Display_Retarget,1098.4,7171,126,4
2024-02-11,Meta Ads,IG_Retarget,6838.2,7044,191,7
2024-02-11,Meta Ads,FB_Lookalike,3125.84,9362,286,6
2024-02-11,YouTube Ads,YT_Skippable,3017.29,5842,251,4
2024-02-11,YouTube Ads,YT_Bumper,1436.73,1454,59,2
2024-02-11,Email,Cart_Recovery,3693.58,4225,107,3
2024-02-11,Email,Win_Back,1216.66,5793,39,1
2024-02-11,Organic Search,SEO_Blog,30.33,4279,132,9
2024-02-11,Organic Search,SEO_Category,278.51,4414,92,6
2024-02-11,Affiliate,Affiliate_Network_A,3596.46,6915,90,4
2024-02-11,Affiliate,Affiliate_Network_B,1812.53,4271,66,3
2024-02-12,Google Ads,Search_Generic,282.2,5377,48,0
2024-02-12,Google Ads,Display_Retarget,458.29,2586,104,8
2024-02-12,Meta Ads,FB_Prospecting,3618.15,10001,182,10
2024-02-12,Meta Ads,IG_Retarget,5121.08,6308,132,5
2024-02-12,YouTube Ads,YT_Skippable,2175.11,6316,72,4
2024-02-12,Email,Cart_Recovery,11462.63,17967,396,24
2024-02-12,Email,Win_Back,783.12,1699,28,1
2024-02-12,Organic Search,SEO_Blog,366.36,3847,36,1
2024-02-12,Affiliate,Affiliate_Network_B,6673.25,9610,248,17
2024-02-12,Referral,Referral_Program,394.35,5505,103,2
2024-02-12,Direct,Direct_Traffic,320.0,10541,175,3
2024-02-13,Google Ads,Search_Brand,2473.62,7748,257,20
2024-02-13,Google Ads,Search_Generic,2070.2,4990,52,1
2024-02-13,Google Ads,Display_Retarget,7252.84,7716,252,15
2024-02-13,Meta Ads,IG_Retarget,1883.22,10388,265,14
2024-02-13,YouTube Ads,YT_Bumper,1796.46,3445,70,5
2024-02-13,Email,Weekly_Newsletter,4149.4,16770,227,13
2024-02-13,Email,Cart_Recovery,13887.0,10732,311,22
2024-02-13,Email,Win_Back,1138.03,2062,35,1
2024-02-14,Google Ads,Search_Brand,404.53,933,17,0
2024-02-14,Google Ads,Search_Generic,1241.52,2184,72,4
2024-02-14,Google Ads,Shopping_Ads,6347.03,6539,222,4
2024-02-14,Google Ads,Display_Retarget,769.46,4601,137,9
2024-02-14,Meta Ads,FB_Prospecting,2331.83,5198,81,3
2024-02-14,Meta Ads,IG_Retarget,79.3,1491,9,0
2024-02-14,Meta Ads,FB_Lookalike,2858.38,2192,88,0
2024-02-14,YouTube Ads,YT_Skippable,434.66,5916,35,1
2024-02-14,Email,Weekly_Newsletter,1212.84,2395,52,3
2024-02-14,Email,Win_Back,726.44,4025,22,1
2024-02-14,Organic Search,SEO_Blog,25.35,2687,39,2
2024-02-14,Organic Search,SEO_Category,360.15,9982,149,2
2024-02-14,Affiliate,Affiliate_Network_A,3787.7,6050,152,3
2024-02-14,Affiliate,Affiliate_Network_B,10635.34,11550,244,8
2024-02-14,Referral,Referral_Program,249.59,2270,81,5
2024-02-14,Direct,Direct_Traffic,12.06,4115,135,5
2024-02-15,Google Ads,Search_Brand,639.19,5560,188,3
2024-02-15,Google Ads,Search_Generic,2866.19,2569,73,1
2024-02-15,Google Ads,Display_Retarget,4654.61,5156,114,3
2024-02-15,Meta Ads,FB_Prospecting,318.14,1520,27,1
2024-02-15,Meta Ads,IG_Retarget,1903.73,2350,45,3
2024-02-15,Meta Ads,FB_Lookalike,8964.06,11981,428,5
2024-02-15,YouTube Ads,YT_Skippable,3728.99,8257,87,5
2024-02-15,YouTube Ads,YT_Bumper,3505.39,4425,93,3
2024-02-15,Email,Weekly_Newsletter,320.8,3521,95,6
2024-02-15,Email,Win_Back,37.92,751,7,0
2024-02-15,Organic Search,SEO_Category,335.31,11728,319,17
2024-02-15,Affiliate,Affiliate_Network_A,7646.37,11317,475,32
2024-02-15,Referral,Referral_Program,56.27,5462,229,7
2024-02-16,Google Ads,Search_Brand,10039.76,8171,335,20
2024-02-16,Google Ads,Search_Generic,4524.04,4035,164,8
2024-02-16,Google Ads,Shopping_Ads,500.28,1100,19,0
2024-02-16,Google Ads,Display_Retarget,714.47,1120,26,1
2024-02-16,Meta Ads,IG_Retarget,120.07,708,4,0
2024-02-16,Meta Ads,FB_Lookalike,223.06,777,6,0
2024-02-16,YouTube Ads,YT_Skippable,6073.82,8289,235,4
2024-02-16,YouTube Ads,YT_Bumper,19344.7,18932,809,10
2024-02-16,Organic Search,SEO_Blog,272.73,3567,146,5
2024-02-16,Organic Search,SEO_Category,385.49,3783,59,1
2024-02-16,Affiliate,Affiliate_Network_A,1317.68,5858,106,1
2024-02-16,Referral,Referral_Program,410.2,2106,91,5
2024-02-16,Direct,Direct_Traffic,381.51,10105,303,4
2024-02-17,Google Ads,Shopping_Ads,238.78,1949,14,0
2024-02-17,Meta Ads,FB_Prospecting,644.76,3560,20,0
2024-02-17,Meta Ads,IG_Retarget,5566.38,3559,158,2
2024-02-17,Meta Ads,FB_Lookalike,222.93,3151,17,0
2024-02-17,YouTube Ads,YT_Bumper,12959.83,12411,507,8
2024-02-17,Email,Weekly_Newsletter,3613.37,10287,234,14
2024-02-17,Email,Win_Back,4355.79,3615,152,10
2024-02-17,Organic Search,SEO_Blog,128.72,1908,22,1
2024-02-17,Affiliate,Affiliate_Network_B,5601.8,3956,143,11
2024-02-17,Referral,Referral_Program,460.87,2981,31,1
2024-02-17,Direct,Direct_Traffic,323.35,11602,302,18
2024-02-18,Google Ads,Search_Brand,840.36,1272,29,1
2024-02-18,Google Ads,Search_Generic,500.16,1458,20,1
2024-02-18,Google Ads,Shopping_Ads,2308.18,3835,162,8
2024-02-18,Google Ads,Display_Retarget,2911.8,6675,109,7
2024-02-18,Meta Ads,FB_Prospecting,443.71,1322,33,1
2024-02-18,Meta Ads,IG_Retarget,791.82,1902,31,0
2024-02-18,Meta Ads,FB_Lookalike,25379.15,13869,620,33
2024-02-18,YouTube Ads,YT_Skippable,1916.68,1159,43,2
2024-02-18,YouTube Ads,YT_Bumper,1646.18,2896,106,7
2024-02-18,Email,Weekly_Newsletter,607.83,2366,44,2
2024-02-18,Email,Cart_Recovery,1847.41,5149,199,4
2024-02-18,Email,Win_Back,1695.56,8255,77,5
2024-02-18,Organic Search,SEO_Blog,68.84,8250,221,9
2024-02-18,Affiliate,Affiliate_Network_A,569.5,5218,70,0
2024-02-18,Affiliate,Affiliate_Network_B,4722.43,8363,138,6
2024-02-19,Google Ads,Search_Generic,611.78,12089,161,9
2024-02-19,Google Ads,Shopping_Ads,2716.68,5276,72,4
2024-02-19,Google Ads,Display_Retarget,2122.37,4821,140,9
2024-02-19,Meta Ads,FB_Prospecting,522.6,608,23,1
2024-02-19,Meta Ads,IG_Retarget,455.87,361,12,0
2024-02-19,YouTube Ads,YT_Bumper,7620.42,5872,170,2
2024-02-19,Email,Weekly_Newsletter,714.37,830,31,2
2024-02-19,Email,Cart_Recovery,995.08,8331,48,2
2024-02-19,Email,Win_Back,1492.5,3487,103,8
2024-02-19,Organic Search,SEO_Blog,37.92,5895,184,11
2024-02-19,Affiliate,Affiliate_Network_A,2174.95,3069,99,7
2024-02-19,Affiliate,Affiliate_Network_B,5360.38,13996,433,29
2024-02-19,Referral,Referral_Program,359.05,1949,58,3
2024-02-20,Google Ads,Search_Brand,1669.29,1637,55,2
2024-02-20,Google Ads,Search_Generic,2262.97,12897,124,1
2024-02-20,Google Ads,Shopping_Ads,866.7,1547,53,3
2024-02-20,Google Ads,Display_Retarget,6985.58,7675,270,5
2024-02-20,Meta Ads,FB_Prospecting,5204.59,7464,317,17
2024-02-20,Meta Ads,IG_Retarget,1727.81,2237,78,6
2024-02-20,Email,Weekly_Newsletter,2432.53,6343,99,1
2024-02-20,Email,Cart_Recovery,4960.76,3141,128,9
2024-02-20,Organic Search,SEO_Blog,61.69,8188,54,1
2024-02-20,Organic Search,SEO_Category,26.76,2135,78,1
2024-02-20,Affiliate,Affiliate_Network_A,22761.69,20371,515,19
2024-02-20,Affiliate,Affiliate_Network_B,1327.08,2509,58,3
2024-02-20,Referral,Referral_Program,85.97,15058,375,23
2024-02-21,Google Ads,Search_Brand,8950.53,10072,324,23
2024-02-21,Google Ads,Search_Generic,9710.78,5464,227,6
2024-02-21,Google Ads,Display_Retarget,6712.25,7098,219,6
2024-02-21,Meta Ads,FB_Prospecting,1737.54,1317,52,3
2024-02-21,YouTube Ads,YT_Skippable,13285.29,10427,351,11
2024-02-21,Email,Cart_Recovery,3319.63,5710,95,7
2024-02-21,Email,Win_Back,3814.98,8082,234,17
2024-02-21,Organic Search,SEO_Blog,70.21,3082,81,2
2024-02-21,Organic Search,SEO_Category,220.59,1886,31,1
2024-02-21,Affiliate,Affiliate_Network_A,3036.76,14273,84,1
2024-02-21,Affiliate,Affiliate_Network_B,70.41,499,4,0
2024-02-21,Referral,Referral_Program,196.05,1540,12,0
2024-02-22,Google Ads,Search_Brand,369.25,3458,21,0
2024-02-22,Google Ads,Search_Generic,4172.08,3944,164,3
2024-02-22,Google Ads,Shopping_Ads,469.88,4476,145,3
2024-02-22,Google Ads,Display_Retarget,4079.11,8299,330,15
2024-02-22,Meta Ads,FB_Prospecting,402.98,1605,27,1
2024-02-22,Meta Ads,IG_Retarget,3505.54,4998,220,8
2024-02-22,Meta Ads,FB_Lookalike,18543.28,20734,494,34
2024-02-22,YouTube Ads,YT_Skippable,2214.44,5826,66,2
2024-02-22,YouTube Ads,YT_Bumper,4252.25,6603,156,9
2024-02-22,Email,Weekly_Newsletter,8529.02,8136,233,15
2024-02-22,Email,Win_Back,5193.74,13744,176,9
2024-02-22,Organic Search,SEO_Blog,265.58,4924,70,3
2024-02-22,Organic Search,SEO_Category,108.83,5569,160,11
2024-02-22,Affiliate,Affiliate_Network_B,13633.14,15421,410,9
2024-02-22,Referral,Referral_Program,201.54,11220,443,31
2024-02-22,Direct,Direct_Traffic,220.86,3795,167,6
2024-02-23,Google Ads,Search_Brand,1169.66,7529,104,8
2024-02-23,Google Ads,Search_Generic,12623.47,14576,462,6
2024-02-23,Google Ads,Display_Retarget,171.99,1341,17,0
2024-02-23,Meta Ads,FB_Prospecting,1090.13,3590,73,0
2024-02-23,Meta Ads,IG_Retarget,3191.97,5873,122,4
2024-02-23,YouTube Ads,YT_Bumper,2756.83,1822,64,2
2024-02-23,Email,Weekly_Newsletter,1977.76,4249,82,2
2024-02-23,Email,Cart_Recovery,,6559,277,5
2024-02-23,Organic Search,SEO_Blog,399.17,3331,135,8
2024-02-23,Affiliate,Affiliate_Network_A,6547.41,5338,240,9
2024-02-23,Affiliate,Affiliate_Network_B,5786.81,4770,189,7
2024-02-23,Referral,Referral_Program,335.65,6649,152,7
2024-02-23,Direct,Direct_Traffic,258.64,1406,43,1
2024-02-24,Google Ads,Search_Brand,5461.08,4584,202,13
2024-02-24,Google Ads,Shopping_Ads,579.52,577,16,1
2024-02-24,Meta Ads,FB_Prospecting,2304.0,14622,218,8
2024-02-24,Meta Ads,IG_Retarget,11421.5,14753,333,4
2024-02-24,Meta Ads,FB_Lookalike,1430.16,4155,49,1
2024-02-24,YouTube Ads,YT_Bumper,931.45,6834,84,5
2024-02-24,Email,Weekly_Newsletter,777.01,5977,212,9
2024-02-24,Email,Cart_Recovery,450.86,2985,15,0
2024-02-24,Email,Win_Back,4103.66,7833,247,4
2024-02-24,Organic Search,SEO_Blog,318.03,3402,83,6
2024-02-24,Organic Search,SEO_Category,338.25,4925,172,6
2024-02-24,Affiliate,Affiliate_Network_A,3807.45,4620,194,12
2024-02-24,Affiliate,Affiliate_Network_B,11755.86,6625,297,21
2024-02-25,Google Ads,Search_Brand,159.91,1497,18,0
2024-02-25,Google Ads,Shopping_Ads,1341.63,2630,40,2
2024-02-25,Meta Ads,FB_Lookalike,17497.8,13196,489,28
2024-02-25,YouTube Ads,YT_Skippable,680.99,1505,29,2
2024-02-25,YouTube Ads,YT_Bumper,352.88,1031,19,1
2024-02-25,Email,Cart_Recovery,4028.36,3615,154,5
2024-02-25,Email,Win_Back,1789.81,12284,124,5
2024-02-25,Organic Search,SEO_Category,128.73,4397,185,11
2024-02-25,Affiliate,Affiliate_Network_A,1283.67,3949,71,1
2024-02-25,Affiliate,Affiliate_Network_B,3128.55,11699,111,8
2024-02-25,Referral,Referral_Program,60.09,14307,284,2
2024-02-25,Direct,Direct_Traffic,392.73,3090,111,1
2024-02-26,Google Ads,Shopping_Ads,15654.17,10877,353,10
2024-02-26,Google Ads,Display_Retarget,709.35,7196,230,17
2024-02-26,Meta Ads,FB_Prospecting,134.46,1703,9,0
2024-02-26,Meta Ads,IG_Retarget,1520.4,3023,36,2
2024-02-26,Meta Ads,FB_Lookalike,781.33,2116,94,1
2024-02-26,YouTube Ads,YT_Skippable,2546.47,2680,93,2
2024-02-26,YouTube Ads,YT_Bumper,1418.61,4413,77,1
2024-02-26,Email,Cart_Recovery,5305.61,4061,159,7
2024-02-26,Email,Win_Back,8297.92,9280,272,19
2024-02-26,Organic Search,SEO_Blog,0.82,5644,34,1
2024-02-26,Organic Search,SEO_Category,176.63,10519,458,25
2024-02-26,Affiliate,Affiliate_Network_A,189.71,3903,20,1
2024-02-26,Affiliate,Affiliate_Network_B,1174.1,10321,73,4
2024-02-26,Referral,Referral_Program,132.64,2835,69,2
2024-02-26,Direct,Direct_Traffic,475.85,8145,195,9
2024-02-27,Google Ads,Search_Brand,6140.02,5226,197,8
2024-02-27,Google Ads,Display_Retarget,1171.74,3600,51,1
2024-02-27,Meta Ads,FB_Prospecting,3664.3,9023,127,3
2024-02-27,Meta Ads,IG_Retarget,3578.92,3235,102,4
2024-02-27,Meta Ads,FB_Lookalike,1615.49,1539,46,1
2024-02-27,YouTube Ads,YT_Skippable,7441.79,6411,257,13
2024-02-27,YouTube Ads,YT_Bumper,3252.33,2987,128,2
2024-02-27,Email,Weekly_Newsletter,1969.88,7345,85,3
2024-02-27,Email,Cart_Recovery,1268.18,9404,390,5
2024-02-27,Email,Win_Back,6485.56,7716,154,9
2024-02-27,Organic Search,SEO_Category,113.21,5549,165,7
2024-02-27,Affiliate,Affiliate_Network_A,3019.42,5051,121,4
2024-02-27,Affiliate,Affiliate_Network_B,790.97,4659,42,1
2024-02-27,Direct,Direct_Traffic,108.85,414,2,0
2024-02-28,Google Ads,Search_Brand,2255.84,8771,99,4
2024-02-28,Google Ads,Display_Retarget,844.27,5630,28,0
2024-02-28,Meta Ads,FB_Prospecting,22162.46,15371,622,19
2024-02-28,Meta Ads,IG_Retarget,5015.08,5370,194,5
2024-02-28,Meta Ads,FB_Lookalike,1404.98,3668,119,5
2024-02-28,YouTube Ads,YT_Skippable,4778.07,8147,296,16
2024-02-28,YouTube Ads,YT_Bumper,804.09,4096,133,8
2024-02-28,Email,Cart_Recovery,925.76,2277,24,0
2024-02-28,Email,Win_Back,11391.32,6630,273,17
2024-02-28,Organic Search,SEO_Blog,274.19,2773,91,3
2024-02-28,Affiliate,Affiliate_Network_A,9631.42,6493,254,10
2024-02-28,Referral,Referral_Program,165.92,13473,418,11
2024-02-29,Google Ads,Search_Generic,153.66,1513,14,0
2024-02-29,Google Ads,Shopping_Ads,2069.68,2719,94,7
2024-02-29,Google Ads,Display_Retarget,976.2,4531,48,0
2024-02-29,Meta Ads,IG_Retarget,413.34,7210,87,2
2024-02-29,Meta Ads,FB_Lookalike,2484.3,8676,101,5
2024-02-29,YouTube Ads,YT_Skippable,2569.49,3668,59,2
2024-02-29,YouTube Ads,YT_Bumper,4496.23,11113,118,1
2024-02-29,Email,Weekly_Newsletter,7277.47,9538,219,9
2024-02-29,Email,Cart_Recovery,5279.99,4321,179,10
2024-02-29,Email,Win_Back,4593.45,7244,256,3
2024-02-29,Organic Search,SEO_Blog,19.97,13007,289,19
2024-02-29,Organic Search,SEO_Category,,4200,122,9
2024-02-29,Affiliate,Affiliate_Network_A,6740.11,8098,211,11
2024-02-29,Affiliate,Affiliate_Network_B,4751.49,8276,209,12
2024-02-29,Referral,Referral_Program,299.14,12013,291,15
2024-02-29,Direct,Direct_Traffic,10.34,13301,528,37
2024-03-01,Google Ads,Search_Generic,1817.88,2365,100,5
2024-03-01,Meta Ads,FB_Prospecting,3356.41,5513,106,5
2024-03-01,Meta Ads,IG_Retarget,3019.85,3376,102,2
2024-03-01,Meta Ads,FB_Lookalike,60.43,256,9,0
2024-03-01,YouTube Ads,YT_Skippable,3235.61,4351,102,3
2024-03-01,YouTube Ads,YT_Bumper,2448.52,5152,103,3
2024-03-01,Email,Weekly_Newsletter,2063.01,2141,62,2
2024-03-01,Email,Cart_Recovery,4472.61,5845,148,8
2024-03-01,Email,Win_Back,481.44,889,38,0
2024-03-01,Organic Search,SEO_Blog,107.99,9588,131,8
2024-03-01,Organic Search,SEO_Category,472.87,6140,166,4
2024-03-01,Referral,Referral_Program,168.2,4897,157,8
2024-03-02,Google Ads,Search_Brand,877.17,6829,62,3
2024-03-02,Google Ads,Search_Generic,1234.24,5120,163,3
2024-03-02,Google Ads,Shopping_Ads,1454.29,4804,56,1
2024-03-02,Meta Ads,FB_Prospecting,11777.99,17465,421,26
2024-03-02,Meta Ads,IG_Retarget,14055.36,11054,329,18
2024-03-02,Meta Ads,FB_Lookalike,518.45,2159,41,2
2024-03-02,YouTube Ads,YT_Skippable,1032.73,2423,57,4
2024-03-02,Email,Weekly_Newsletter,614.2,10997,77,1
2024-03-02,Email,Cart_Recovery,478.22,1812,21,0
2024-03-02,Email,Win_Back,2655.44,6558,103,4
2024-03-02,Referral,Referral_Program,273.71,2266,48,0
2024-03-03,Google Ads,Shopping_Ads,2467.59,9747,93,2
2024-03-03,Google Ads,Display_Retarget,1062.48,1939,34,0
2024-03-03,Meta Ads,IG_Retarget,280.82,1394,24,1
2024-03-03,Meta Ads,FB_Lookalike,1669.33,3191,39,0
2024-03-03,YouTube Ads,YT_Skippable,3758.05,5769,214,13
2024-03-03,YouTube Ads,YT_Bumper,4247.85,14404,222,4
2024-03-03,Email,Weekly_Newsletter,2719.98,2070,72,3
2024-03-03,Email,Cart_Recovery,11248.95,8697,290,7
2024-03-03,Email,Win_Back,649.89,1479,33,0
2024-03-03,Organic Search,SEO_Category,324.47,16991,621,29
2024-03-03,Affiliate,Affiliate_Network_A,570.34,5023,25,1
2024-03-03,Affiliate,Affiliate_Network_B,464.02,6947,103,2
2024-03-03,Referral,Referral_Program,37.85,5349,225,9
2024-03-03,Direct,Direct_Traffic,205.04,11884,515,16
2024-03-04,Google Ads,Search_Brand,6253.94,9880,141,4
2024-03-04,Google Ads,Search_Generic,376.5,6891,78,5
2024-03-04,Google Ads,Shopping_Ads,612.67,1950,22,1
2024-03-04,Google Ads,Display_Retarget,9066.34,8278,306,5
2024-03-04,Meta Ads,FB_Lookalike,,4697,98,2
2024-03-04,YouTube Ads,YT_Skippable,4550.02,6286,154,5
2024-03-04,Email,Weekly_Newsletter,2425.61,2345,94,2
2024-03-04,Email,Cart_Recovery,2591.48,4009,120,2
2024-03-04,Organic Search,SEO_Category,395.6,2047,32,1
2024-03-04,Affiliate,Affiliate_Network_B,2419.94,4336,170,5
2024-03-04,Referral,Referral_Program,101.33,20867,471,11
2024-03-05,Google Ads,Search_Brand,3780.47,4772,193,12
2024-03-05,Google Ads,Search_Generic,515.02,4066,133,7
2024-03-05,Google Ads,Shopping_Ads,856.72,3122,23,0
2024-03-05,Google Ads,Display_Retarget,2923.81,1923,82,2
2024-03-05,Meta Ads,FB_Lookalike,4489.47,14204,417,11
2024-03-05,Email,Weekly_Newsletter,138.49,396,7,0
2024-03-05,Email,Win_Back,4735.7,6493,106,5
2024-03-05,Organic Search,SEO_Blog,46.22,11357,273,10
2024-03-05,Organic Search,SEO_Category,94.81,3852,32,1
2024-03-05,Affiliate,Affiliate_Network_A,403.97,1476,50,3
2024-03-05,Referral,Referral_Program,99.55,1022,16,0
2024-03-05,Direct,Direct_Traffic,492.52,7531,315,6
2024-03-06,Google Ads,Search_Brand,3262.47,10854,116,3
2024-03-06,Google Ads,Shopping_Ads,4679.32,3382,131,4
2024-03-06,Meta Ads,IG_Retarget,5399.95,6424,246,10
2024-03-06,YouTube Ads,YT_Bumper,1270.86,7843,56,2
2024-03-06,Organic Search,SEO_Blog,244.58,7305,97,2
2024-03-06,Organic Search,SEO_Category,55.12,7423,145,3
2024-03-06,Affiliate,Affiliate_Network_B,533.54,2898,49,1
2024-03-06,Referral,Referral_Program,374.37,3215,133,5
2024-03-06,Direct,Direct_Traffic,406.52,6547,184,3
2024-03-07,Google Ads,Search_Brand,3467.35,10159,94,5
2024-03-07,Google Ads,Search_Generic,2699.73,1904,74,2
2024-03-07,Google Ads,Shopping_Ads,6596.73,9884,287,6
2024-03-07,Google Ads,Display_Retarget,3808.43,2839,108,2
2024-03-07,Meta Ads,FB_Prospecting,1678.06,6967,65,4
2024-03-07,Meta Ads,IG_Retarget,2503.3,9803,59,3
2024-03-07,Meta Ads,FB_Lookalike,846.15,5289,72,4
2024-03-07,YouTube Ads,YT_Bumper,4743.4,6423,229,14
2024-03-07,Email,Cart_Recovery,1637.22,23793,156,4
2024-03-07,Email,Win_Back,1539.55,9336,405,16
2024-03-07,Organic Search,SEO_Blog,236.96,3135,109,2
2024-03-07,Organic Search,SEO_Category,430.13,8748,367,27
2024-03-07,Affiliate,Affiliate_Network_A,1790.52,7061,209,6
2024-03-08,Google Ads,Search_Brand,2617.03,2224,97,7
2024-03-08,Google Ads,Display_Retarget,,2584,61,0
2024-03-08,Meta Ads,IG_Retarget,15270.29,12172,374,21
2024-03-08,Meta Ads,FB_Lookalike,4633.92,8814,226,3
2024-03-08,YouTube Ads,YT_Skippable,1874.69,8944,45,2
2024-03-08,YouTube Ads,YT_Bumper,1089.68,3921,163,12
2024-03-08,Email,Weekly_Newsletter,2785.77,24580,473,7
2024-03-08,Email,Cart_Recovery,2583.21,1806,64,1
2024-03-08,Referral,Referral_Program,58.09,2094,18,0
2024-03-08,Direct,Direct_Traffic,94.32,14965,143,11
2024-03-09,Google Ads,Search_Brand,394.53,2302,34,1
2024-03-09,Google Ads,Search_Generic,975.75,2196,30,0
2024-03-09,Google Ads,Shopping_Ads,1162.61,685,28,1
2024-03-09,Google Ads,Display_Retarget,1497.48,19035,165,10
2024-03-09,Meta Ads,FB_Prospecting,8364.34,5613,224,2
2024-03-09,YouTube Ads,YT_Skippable,245.06,3721,81,5
2024-03-09,Email,Cart_Recovery,3992.99,6079,90,4
2024-03-09,Email,Win_Back,238.52,2185,12,0
2024-03-09,Organic Search,SEO_Blog,495.17,5700,168,2
2024-03-09,Organic Search,SEO_Category,448.84,7954,110,4
2024-03-09,Affiliate,Affiliate_Network_A,4794.08,7759,251,5
2024-03-09,Affiliate,Affiliate_Network_B,282.45,2372,33,0
2024-03-09,Referral,Referral_Program,300.7,4364,126,4
2024-03-09,Direct,Direct_Traffic,467.58,2887,78,1
2024-03-10,Google Ads,Search_Brand,2168.96,5571,83,3
2024-03-10,Google Ads,Search_Generic,2575.74,5153,93,3
2024-03-10,Google Ads,Shopping_Ads,2554.92,6527,71,4
2024-03-10,Meta Ads,FB_Prospecting,884.77,2092,22,1
2024-03-10,YouTube Ads,YT_Skippable,504.65,6935,153,10
2024-03-10,YouTube Ads,YT_Bumper,5776.67,6254,176,8
2024-03-10,Email,Cart_Recovery,901.83,3386,92,2
2024-03-10,Email,Win_Back,4591.93,7822,132,3
2024-03-10,Affiliate,Affiliate_Network_A,326.78,2896,15,0
2024-03-10,Affiliate,Affiliate_Network_B,1434.59,1765,46,2
2024-03-10,Direct,Direct_Traffic,195.14,2633,18,1
2024-03-11,Google Ads,Search_Brand,3091.99,3540,148,9
2024-03-11,Google Ads,Display_Retarget,1534.29,6128,120,9
2024-03-11,Meta Ads,FB_Prospecting,4194.59,2599,96,7
2024-03-11,Meta Ads,IG_Retarget,1791.83,4477,88,0
2024-03-11,YouTube Ads,YT_Skippable,642.59,2634,45,1
2024-03-11,YouTube Ads,YT_Bumper,2392.87,6437,92,3
2024-03-11,Email,Weekly_Newsletter,6499.41,18179,417,19
2024-03-11,Email,Cart_Recovery,3867.01,6093,164,6
2024-03-11,Email,Win_Back,6947.48,5865,217,4
2024-03-11,Affiliate,Affiliate_Network_A,1334.94,5350,224,7
2024-03-11,Affiliate,Affiliate_Network_B,11073.72,11337,293,11
2024-03-11,Direct,Direct_Traffic,217.24,4248,119,6
2024-03-12,Google Ads,Search_Brand,276.51,1489,55,3
2024-03-12,Google Ads,Search_Generic,3672.82,5815,216,11
2024-03-12,Google Ads,Shopping_Ads,9320.78,6348,255,14
2024-03-12,Google Ads,Display_Retarget,7247.62,7626,201,7
2024-03-12,Meta Ads,FB_Prospecting,746.1,2984,115,6
2024-03-12,Meta Ads,IG_Retarget,1720.3,7167,313,24
2024-03-12,Meta Ads,FB_Lookalike,2192.31,4291,91,4
2024-03-12,YouTube Ads,YT_Skippable,8476.87,6483,237,7
2024-03-12,YouTube Ads,YT_Bumper,6918.56,9058,237,2
2024-03-12,Email,Weekly_Newsletter,1592.6,6174,83,5
2024-03-12,Affiliate,Affiliate_Network_A,1749.32,1633,70,1
2024-03-12,Affiliate,Affiliate_Network_B,8286.01,4418,185,8
2024-03-12,Referral,Referral_Program,175.25,18360,740,27
2024-03-12,Direct,Direct_Traffic,154.06,271,7,0
2024-03-13,Google Ads,Search_Brand,5007.37,10584,384,28
2024-03-13,Google Ads,Search_Generic,1480.57,6938,86,3
2024-03-13,Google Ads,Shopping_Ads,2662.39,6957,66,3
2024-03-13,Google Ads,Display_Retarget,2669.42,7065,127,4
2024-03-13,Meta Ads,IG_Retarget,4934.82,5306,151,7
2024-03-13,YouTube Ads,YT_Bumper,9491.37,10396,263,5
2024-03-13,Email,Weekly_Newsletter,1185.68,664,29,0
2024-03-13,Email,Win_Back,3135.32,5734,189,7
2024-03-13,Organic Search,SEO_Blog,136.68,5967,209,6
2024-03-13,Organic Search,SEO_Category,27.1,2684,60,4
2024-03-13,Affiliate,Affiliate_Network_A,5924.12,7507,133,5
2024-03-13,Affiliate,Affiliate_Network_B,9420.29,13124,287,12
2024-03-13,Referral,Referral_Program,378.93,3374,97,5
2024-03-13,Direct,Direct_Traffic,49.59,526,10,0
2024-03-14,Google Ads,Search_Brand,3506.11,6736,276,5
2024-03-14,Google Ads,Search_Generic,2958.32,4466,192,6
2024-03-14,Google Ads,Shopping_Ads,3339.1,8142,136,3
2024-03-14,Google Ads,Display_Retarget,1609.16,4125,36,2
2024-03-14,Meta Ads,FB_Prospecting,7797.46,10164,239,7
2024-03-14,Meta Ads,IG_Retarget,1015.36,1233,43,1
2024-03-14,Meta Ads,FB_Lookalike,1726.25,11331,174,12
2024-03-14,YouTube Ads,YT_Skippable,10291.46,11584,314,25
2024-03-14,YouTube Ads,YT_Bumper,7910.73,13144,202,12
2024-03-14,Email,Win_Back,3590.8,7154,144,5
2024-03-14,Organic Search,SEO_Blog,9.72,15185,675,52
2024-03-14,Organic Search,SEO_Category,44.79,18406,102,2
2024-03-14,Affiliate,Affiliate_Network_A,978.48,2374,47,1
2024-03-14,Affiliate,Affiliate_Network_B,3503.37,4768,166,2
2024-03-15,Google Ads,Search_Brand,1329.71,10885,88,3
2024-03-15,Google Ads,Search_Generic,,11230,427,22
2024-03-15,Google Ads,Display_Retarget,1322.05,8136,103,6
2024-03-15,Meta Ads,FB_Prospecting,1952.85,4683,140,5
2024-03-15,Meta Ads,IG_Retarget,653.3,2448,78,3
2024-03-15,Meta Ads,FB_Lookalike,5993.0,10960,271,10
2024-03-15,YouTube Ads,YT_Skippable,314.95,1923,10,0
2024-03-15,YouTube Ads,YT_Bumper,2013.23,5199,60,2
2024-03-15,Email,Cart_Recovery,510.28,855,32,2
2024-03-15,Organic Search,SEO_Category,468.53,2638,50,1
2024-03-15,Affiliate,Affiliate_Network_A,298.39,283,7,0
2024-03-15,Affiliate,Affiliate_Network_B,1667.84,8013,110,5
2024-03-15,Referral,Referral_Program,214.1,11160,294,9
2024-03-16,Google Ads,Search_Brand,5412.16,6206,174,5
2024-03-16,Google Ads,Search_Generic,1508.28,17540,178,10
2024-03-16,Google Ads,Shopping_Ads,1563.12,4766,112,4
2024-03-16,Google Ads,Display_Retarget,642.33,5045,64,1
2024-03-16,Meta Ads,FB_Prospecting,4778.25,7705,111,6
2024-03-16,Meta Ads,IG_Retarget,40.46,916,4,0
2024-03-16,YouTube Ads,YT_Bumper,1934.41,7547,61,2
2024-03-16,Email,Cart_Recovery,935.63,5244,94,6
2024-03-16,Email,Win_Back,1248.76,9147,188,14
2024-03-16,Organic Search,SEO_Blog,25.31,9408,306,14
2024-03-16,Affiliate,Affiliate_Network_A,7783.56,5410,185,8
2024-03-16,Affiliate,Affiliate_Network_B,2606.97,4661,76,2
2024-03-16,Direct,Direct_Traffic,142.01,1490,29,1
2024-03-17,Google Ads,Search_Brand,1166.71,8028,61,1
2024-03-17,Google Ads,Search_Generic,416.99,3643,28,1
2024-03-17,Google Ads,Display_Retarget,2245.88,2619,100,6
2024-03-17,Meta Ads,FB_Prospecting,1332.49,9216,90,1
2024-03-17,Meta Ads,IG_Retarget,54.95,1314,7,0
2024-03-17,YouTube Ads,YT_Skippable,383.96,1303,45,2
2024-03-17,YouTube Ads,YT_Bumper,15307.59,10768,420,27
2024-03-17,Email,Weekly_Newsletter,4851.81,8987,123,5
2024-03-17,Email,Cart_Recovery,295.75,2638,15,0
2024-03-17,Organic Search,SEO_Category,183.74,431,12,0
2024-03-17,Affiliate,Affiliate_Network_A,5014.61,8252,150,2
2024-03-17,Affiliate,Affiliate_Network_B,1216.66,5454,203,8
2024-03-17,Direct,Direct_Traffic,438.33,3503,28,1
2024-03-18,Google Ads,Search_Brand,7334.58,8298,270,12
2024-03-18,Google Ads,Search_Generic,893.79,1727,46,0
2024-03-18,Google Ads,Display_Retarget,8691.09,7113,275,8
2024-03-18,Meta Ads,IG_Retarget,1234.94,7725,118,5
2024-03-18,Meta Ads,FB_Lookalike,1179.87,3801,36,1
2024-03-18,YouTube Ads,YT_Bumper,75.98,591,9,0
2024-03-18,Email,Weekly_Newsletter,468.26,8570,55,3
2024-03-18,Email,Cart_Recovery,6016.8,7074,142,7
2024-03-18,Organic Search,SEO_Blog,318.27,11457,267,9
2024-03-18,Organic Search,SEO_Category,182.66,5382,57,2
2024-03-18,Affiliate,Affiliate_Network_A,661.06,1004,22,1
2024-03-18,Affiliate,Affiliate_Network_B,574.17,1637,13,0
2024-03-18,Direct,Direct_Traffic,154.32,8654,268,17
2024-03-19,Google Ads,Search_Brand,5698.45,10985,267,11
2024-03-19,Google Ads,Search_Generic,1864.95,2429,92,1
2024-03-19,Google Ads,Shopping_Ads,1189.08,670,29,0
2024-03-19,Google Ads,Display_Retarget,4211.9,5645,227,14
2024-03-19,Meta Ads,FB_Prospecting,10414.48,6860,250,15
2024-03-19,Meta Ads,IG_Retarget,906.4,2393,91,6
2024-03-19,Meta Ads,FB_Lookalike,4129.2,15051,287,5
2024-03-19,YouTube Ads,YT_Skippable,324.27,770,34,1
2024-03-19,YouTube Ads,YT_Bumper,1408.43,6974,51,1
2024-03-19,Email,Weekly_Newsletter,1088.58,2095,62,1
2024-03-19,Email,Cart_Recovery,414.88,5326,47,2
2024-03-19,Organic Search,SEO_Category,288.28,6971,105,8
2024-03-19,Affiliate,Affiliate_Network_A,131.53,578,18,1
2024-03-19,Affiliate,Affiliate_Network_B,3840.41,4437,90,6
2024-03-19,Direct,Direct_Traffic,289.07,15965,554,20
2024-03-20,Google Ads,Search_Brand,3794.42,5768,220,9
2024-03-20,Google Ads,Shopping_Ads,411.56,2516,57,2
2024-03-20,Meta Ads,FB_Lookalike,2010.52,2557,48,3
2024-03-20,Email,Weekly_Newsletter,818.5,1747,59,1
2024-03-20,Email,Cart_Recovery,3360.78,3500,107,3
2024-03-20,Email,Win_Back,24083.43,15744,560,12
2024-03-20,Organic Search,SEO_Category,34.71,11137,369,18
2024-03-20,Affiliate,Affiliate_Network_A,2595.08,1765,69,0
2024-03-20,Affiliate,Affiliate_Network_B,2187.46,1275,53,0
2024-03-20,Referral,Referral_Program,497.91,4399,78,0
2024-03-20,Direct,Direct_Traffic,130.06,2711,57,3
2024-03-21,Google Ads,Search_Brand,1046.89,1765,77,1
2024-03-21,Google Ads,Search_Generic,2547.54,6269,94,2
2024-03-21,Google Ads,Shopping_Ads,1300.21,2988,121,2
2024-03-21,Google Ads,Display_Retarget,2828.18,4696,169,2
2024-03-21,Meta Ads,FB_Prospecting,3147.07,7594,109,4
2024-03-21,YouTube Ads,YT_Skippable,,5419,233,16
2024-03-21,Email,Weekly_Newsletter,1811.18,2053,48,0
2024-03-21,Email,Cart_Recovery,687.42,1558,46,3
2024-03-21,Email,Win_Back,5495.14,3246,142,5
2024-03-21,Organic Search,SEO_Blog,312.98,4297,133,7
2024-03-21,Organic Search,SEO_Category,497.22,2558,36,0
2024-03-21,Affiliate,Affiliate_Network_A,1833.66,5429,135,10
2024-03-21,Referral,Referral_Program,252.68,8449,178,5
2024-03-21,Direct,Direct_Traffic,288.02,5461,134,3
2024-03-22,Google Ads,Search_Generic,2739.76,6504,150,10
2024-03-22,Google Ads,Shopping_Ads,705.53,764,29,0
2024-03-22,Google Ads,Display_Retarget,520.53,3423,24,1
2024-03-22,Meta Ads,FB_Prospecting,386.86,3794,115,4
2024-03-22,Meta Ads,IG_Retarget,3000.9,2534,109,7
2024-03-22,YouTube Ads,YT_Skippable,3734.2,11405,446,23
2024-03-22,YouTube Ads,YT_Bumper,989.68,5112,109,1
2024-03-22,Email,Weekly_Newsletter,2342.23,6088,53,0
2024-03-22,Email,Cart_Recovery,4466.34,7701,199,7
2024-03-22,Email,Win_Back,162.28,3814,23,1
2024-03-22,Organic Search,SEO_Category,294.27,2659,45,1
2024-03-22,Affiliate,Affiliate_Network_B,329.07,6594,78,0
2024-03-22,Referral,Referral_Program,344.15,4401,124,1
2024-03-22,Direct,Direct_Traffic,233.45,646,19,1
2024-03-23,Google Ads,Search_Brand,4480.69,5966,137,1
2024-03-23,Google Ads,Shopping_Ads,6574.7,7198,192,8
2024-03-23,Google Ads,Display_Retarget,3788.75,4630,163,5
2024-03-23,Meta Ads,FB_Prospecting,10303.09,8223,357,20
2024-03-23,Meta Ads,IG_Retarget,3733.32,6334,99,2
2024-03-23,Meta Ads,FB_Lookalike,320.8,974,8,0
2024-03-23,YouTube Ads,YT_Bumper,3801.66,6209,277,14
2024-03-23,Email,Weekly_Newsletter,3256.53,7425,176,13
2024-03-23,Email,Cart_Recovery,366.21,4919,29,0
2024-03-23,Organic Search,SEO_Blog,169.8,5266,133,8
2024-03-23,Affiliate,Affiliate_Network_B,1437.54,3574,53,1
2024-03-24,Google Ads,Search_Brand,208.46,1655,17,0
2024-03-24,Google Ads,Display_Retarget,3937.04,9127,167,8
2024-03-24,Meta Ads,FB_Prospecting,1966.39,3854,136,9
2024-03-24,Meta Ads,IG_Retarget,2093.17,4254,138,2
2024-03-24,Meta Ads,FB_Lookalike,616.75,4570,135,8
2024-03-24,YouTube Ads,YT_Skippable,1453.64,6715,44,2
2024-03-24,YouTube Ads,YT_Bumper,5068.67,7959,146,5
2024-03-24,Email,Cart_Recovery,1653.28,6257,37,1
2024-03-24,Email,Win_Back,2502.31,2939,125,6
2024-03-24,Organic Search,SEO_Blog,222.31,7880,182,7
2024-03-24,Organic Search,SEO_Category,331.19,3310,30,1
2024-03-24,Affiliate,Affiliate_Network_A,8410.77,5266,215,13
2024-03-24,Affiliate,Affiliate_Network_B,1560.9,2675,72,2
2024-03-24,Referral,Referral_Program,414.42,8781,93,2
2024-03-24,Direct,Direct_Traffic,117.13,7517,111,6
2024-03-25,Google Ads,Search_Generic,4190.43,9879,403,28
2024-03-25,Google Ads,Shopping_Ads,418.4,3024,23,1
2024-03-25,Google Ads,Display_Retarget,9822.78,5637,223,10
2024-03-25,Meta Ads,FB_Prospecting,8546.35,18336,221,7
2024-03-25,YouTube Ads,YT_Skippable,683.84,4364,56,2
2024-03-25,YouTube Ads,YT_Bumper,1375.9,3837,168,12
2024-03-25,Email,Win_Back,1807.53,5015,54,3
2024-03-25,Organic Search,SEO_Blog,286.91,988,43,1
2024-03-25,Organic Search,SEO_Category,224.08,10576,206,6
2024-03-25,Affiliate,Affiliate_Network_A,805.61,1759,29,1
2024-03-25,Affiliate,Affiliate_Network_B,198.9,2402,15,0
2024-03-25,Referral,Referral_Program,265.24,2686,44,2
2024-03-25,Direct,Direct_Traffic,211.59,6227,159,12
2024-03-26,Google Ads,Search_Brand,4433.45,11312,149,6
2024-03-26,Google Ads,Shopping_Ads,811.22,5163,61,4
2024-03-26,Meta Ads,IG_Retarget,12591.65,10190,351,4
2024-03-26,Meta Ads,FB_Lookalike,1111.33,4420,30,1
2024-03-26,YouTube Ads,YT_Skippable,810.16,3247,49,3
2024-03-26,YouTube Ads,YT_Bumper,3104.79,3927,88,3
2024-03-26,Email,Cart_Recovery,10904.04,8684,364,17
2024-03-26,Email,Win_Back,614.23,701,29,2
2024-03-26,Organic Search,SEO_Blog,476.77,6241,205,5
2024-03-26,Organic Search,SEO_Category,22.94,13834,252,13
2024-03-26,Referral,Referral_Program,324.49,1967,72,5
2024-03-26,Direct,Direct_Traffic,240.03,4594,155,9
2024-03-27,Google Ads,Search_Brand,695.33,9013,114,2
2024-03-27,Google Ads,Search_Generic,4413.14,9712,172,10
2024-03-27,Meta Ads,FB_Prospecting,3373.35,2849,78,1
2024-03-27,Meta Ads,IG_Retarget,5292.58,4993,149,11
2024-03-27,Meta Ads,FB_Lookalike,5771.07,8864,136,6
2024-03-27,YouTube Ads,YT_Skippable,569.69,1040,22,1
2024-03-27,Email,Weekly_Newsletter,1737.3,3856,92,3
2024-03-27,Email,Win_Back,1667.8,6303,74,2
2024-03-27,Organic Search,SEO_Blog,299.15,11053,485,7
2024-03-27,Organic Search,SEO_Category,215.13,2606,57,3
2024-03-27,Affiliate,Affiliate_Network_A,5043.81,15206,674,11
2024-03-27,Referral,Referral_Program,203.9,6950,117,7
2024-03-27,Direct,Direct_Traffic,420.59,7247,109,5
2024-03-28,Google Ads,Search_Generic,17345.86,10977,411,17
2024-03-28,Google Ads,Shopping_Ads,,3912,159,6
2024-03-28,Google Ads,Display_Retarget,9077.89,9791,370,17
2024-03-28,Meta Ads,FB_Prospecting,638.25,1592,49,1
2024-03-28,Meta Ads,FB_Lookalike,2548.29,2979,64,4
2024-03-28,YouTube Ads,YT_Bumper,2240.18,5084,167,9
2024-03-28,Email,Cart_Recovery,565.0,3953,146,6
2024-03-28,Email,Win_Back,6956.04,4329,160,10
2024-03-28,Organic Search,SEO_Category,335.5,13223,523,17
2024-03-28,Affiliate,Affiliate_Network_A,6610.43,9767,184,3
2024-03-28,Affiliate,Affiliate_Network_B,5619.82,5355,130,6
2024-03-28,Direct,Direct_Traffic,175.96,6865,105,2
2024-03-29,Google Ads,Search_Brand,11867.89,9717,421,8
2024-03-29,Google Ads,Search_Generic,18687.83,17567,417,26
2024-03-29,Google Ads,Display_Retarget,74.91,908,12,0
2024-03-29,Meta Ads,FB_Prospecting,388.29,3782,30,0
2024-03-29,Meta Ads,IG_Retarget,2662.82,7669,180,6
2024-03-29,Meta Ads,FB_Lookalike,2391.67,3379,107,1
2024-03-29,YouTube Ads,YT_Bumper,2018.74,13191,174,3
2024-03-29,Email,Win_Back,2346.28,5819,75,2
2024-03-29,Organic Search,SEO_Blog,198.04,2479,80,5
2024-03-29,Organic Search,SEO_Category,197.9,5782,154,9
2024-03-29,Affiliate,Affiliate_Network_A,4988.38,18042,234,16
2024-03-29,Referral,Referral_Program,418.11,1562,47,1
2024-03-30,Google Ads,Search_Generic,990.74,5896,243,13
2024-03-30,Google Ads,Shopping_Ads,2643.63,5401,82,5
2024-03-30,Google Ads,Display_Retarget,4110.96,4744,144,10
2024-03-30,Meta Ads,FB_Prospecting,183.48,859,9,0
2024-03-30,Meta Ads,FB_Lookalike,7052.27,16612,582,40
2024-03-30,YouTube Ads,YT_Skippable,989.94,4280,35,2
2024-03-30,YouTube Ads,YT_Bumper,625.61,3505,34,1
2024-03-30,Email,Weekly_Newsletter,3122.21,6791,112,7
2024-03-30,Email,Cart_Recovery,151.6,1957,29,0
2024-03-30,Email,Win_Back,1769.71,6246,279,14
2024-03-30,Organic Search,SEO_Blog,228.48,3779,135,7
2024-03-30,Affiliate,Affiliate_Network_A,176.33,1337,32,1
2024-03-30,Direct,Direct_Traffic,334.59,16289,290,16
2024-03-31,Google Ads,Search_Brand,1382.55,5490,137,2
2024-03-31,Google Ads,Search_Generic,11553.91,12431,352,8
2024-03-31,Google Ads,Display_Retarget,977.87,754,23,0
2024-03-31,Meta Ads,FB_Prospecting,2379.07,2732,56,3
2024-03-31,YouTube Ads,YT_Skippable,1838.92,2943,128,5
2024-03-31,YouTube Ads,YT_Bumper,112.99,3058,25,0
2024-03-31,Email,Weekly_Newsletter,1053.94,6655,42,0
2024-03-31,Organic Search,SEO_Category,201.28,1903,26,1
2024-03-31,Affiliate,Affiliate_Network_A,4482.89,8004,273,21
2024-03-31,Affiliate,Affiliate_Network_B,1359.75,4667,33,1
2024-03-31,Referral,Referral_Program,169.75,4326,160,7
2024-03-31,Direct,Direct_Traffic,455.05,9172,326,5
2024-04-01,Google Ads,Shopping_Ads,709.8,15565,116,5
2024-04-01,Meta Ads,FB_Prospecting,222.85,2297,15,1
2024-04-01,Meta Ads,IG_Retarget,5882.17,10554,289,9
2024-04-01,Meta Ads,FB_Lookalike,342.99,4953,47,1
2024-04-01,YouTube Ads,YT_Bumper,24548.74,17226,632,20
2024-04-01,Email,Weekly_Newsletter,117.12,955,26,1
2024-04-01,Email,Win_Back,380.43,1217,9,0
2024-04-01,Organic Search,SEO_Blog,286.71,7089,122,7
2024-04-01,Organic Search,SEO_Category,492.08,16379,334,18
2024-04-01,Affiliate,Affiliate_Network_A,3302.1,14122,161,12
2024-04-01,Affiliate,Affiliate_Network_B,7172.81,5210,196,15
2024-04-01,Referral,Referral_Program,403.61,3335,76,1
2024-04-01,Direct,Direct_Traffic,76.67,2469,80,4
2024-04-02,Google Ads,Search_Brand,5848.38,6273,173,10
2024-04-02,Google Ads,Search_Generic,2559.12,4174,121,4
2024-04-02,Google Ads,Shopping_Ads,2747.81,4361,148,2
2024-04-02,Google Ads,Display_Retarget,1952.83,10830,95,3
2024-04-02,Meta Ads,FB_Prospecting,678.71,8790,77,2
2024-04-02,Meta Ads,FB_Lookalike,7824.35,7097,199,10
2024-04-02,Email,Weekly_Newsletter,3627.5,4794,124,9
2024-04-02,Email,Win_Back,363.01,5614,32,0
2024-04-02,Organic Search,SEO_Category,341.93,261,4,0
2024-04-02,Affiliate,Affiliate_Network_A,10393.84,8419,329,20
2024-04-02,Affiliate,Affiliate_Network_B,781.59,1404,25,1
2024-04-02,Referral,Referral_Program,185.47,13824,246,16
2024-04-02,Direct,Direct_Traffic,488.81,4416,174,9
2024-04-03,Google Ads,Search_Brand,6212.1,6302,158,4
2024-04-03,Google Ads,Search_Generic,1386.44,4203,43,1
2024-04-03,Google Ads,Display_Retarget,182.86,1991,24,1
2024-04-03,Meta Ads,FB_Prospecting,1628.6,6824,154,7
2024-04-03,Meta Ads,FB_Lookalike,4786.56,6485,127,9
2024-04-03,YouTube Ads,YT_Skippable,7565.55,5832,175,9
2024-04-03,Email,Weekly_Newsletter,2215.89,11004,460,13
2024-04-03,Email,Cart_Recovery,1350.34,4841,98,2
2024-04-03,Email,Win_Back,1943.33,6739,47,2
2024-04-03,Organic Search,SEO_Blog,72.63,6589,224,16
2024-04-03,Organic Search,SEO_Category,37.46,9630,240,18
2024-04-03,Affiliate,Affiliate_Network_A,4873.24,10803,466,26
2024-04-03,Affiliate,Affiliate_Network_B,15045.14,17022,370,20
2024-04-03,Referral,Referral_Program,348.33,3801,128,8
2024-04-03,Direct,Direct_Traffic,136.87,7738,234,3
2024-04-04,Meta Ads,FB_Prospecting,207.79,2426,18,1
2024-04-04,Meta Ads,IG_Retarget,9890.98,10848,310,13
2024-04-04,YouTube Ads,YT_Bumper,2251.25,6602,155,11
2024-04-04,Email,Weekly_Newsletter,5083.23,8251,239,17
2024-04-04,Email,Cart_Recovery,1066.36,4565,28,1
2024-04-04,Email,Win_Back,6586.9,3332,148,10
2024-04-04,Organic Search,SEO_Blog,348.35,11754,427,25
2024-04-04,Organic Search,SEO_Category,354.11,1266,47,1
2024-04-04,Affiliate,Affiliate_Network_A,10767.75,9208,391,17
2024-04-04,Affiliate,Affiliate_Network_B,4864.81,7107,124,4
2024-04-04,Direct,Direct_Traffic,334.63,8040,80,4
2024-04-05,Google Ads,Search_Brand,615.02,5914,30,0
2024-04-05,Google Ads,Search_Generic,1919.29,7094,288,10
2024-04-05,Google Ads,Display_Retarget,9174.27,10758,446,29
2024-04-05,Meta Ads,FB_Prospecting,8389.21,12181,461,19
2024-04-05,Meta Ads,IG_Retarget,2007.5,8511,283,19
2024-04-05,YouTube Ads,YT_Skippable,3161.09,7099,251,10
2024-04-05,YouTube Ads,YT_Bumper,4585.31,5851,162,3
2024-04-05,Email,Weekly_Newsletter,3730.2,5390,172,5
2024-04-05,Email,Cart_Recovery,801.6,1398,49,2
2024-04-05,Email,Win_Back,10848.82,10777,278,8
2024-04-05,Organic Search,SEO_Blog,173.35,13390,122,9
2024-04-05,Referral,Referral_Program,48.51,2658,78,3
2024-04-05,Direct,Direct_Traffic,217.99,6412,49,0
2024-04-06,Google Ads,Search_Brand,1964.94,5759,128,6
2024-04-06,Google Ads,Search_Generic,2752.49,16690,246,17
2024-04-06,Meta Ads,FB_Prospecting,4176.08,4294,104,5
2024-04-06,Meta Ads,IG_Retarget,699.07,4040,35,1
2024-04-06,Meta Ads,FB_Lookalike,628.93,2902,39,1
2024-04-06,YouTube Ads,YT_Skippable,4977.94,6636,273,21
2024-04-06,YouTube Ads,YT_Bumper,5803.57,3200,131,8
2024-04-06,Email,Weekly_Newsletter,2526.68,2716,106,5
2024-04-06,Email,Cart_Recovery,6403.94,14038,178,13
2024-04-06,Email,Win_Back,7143.02,8917,312,7
2024-04-06,Organic Search,SEO_Blog,86.96,912,39,2
2024-04-06,Affiliate,Affiliate_Network_B,19528.58,11127,500,36
2024-04-06,Direct,Direct_Traffic,330.99,6580,227,17
2024-04-07,Google Ads,Shopping_Ads,23566.61,20948,715,30
2024-04-07,Google Ads,Display_Retarget,1087.68,4990,132,2
2024-04-07,Meta Ads,FB_Prospecting,7310.71,7052,234,2
2024-04-07,Meta Ads,IG_Retarget,2335.16,18042,134,1
2024-04-07,Meta Ads,FB_Lookalike,3221.99,14623,131,6
2024-04-07,YouTube Ads,YT_Bumper,376.65,2428,35,1
2024-04-07,Email,Weekly_Newsletter,128.98,297,4,0
2024-04-07,Email,Cart_Recovery,672.21,2226,25,1
2024-04-07,Email,Win_Back,5196.19,4261,122,5
2024-04-07,Organic Search,SEO_Blog,102.45,1617,39,3
2024-04-07,Organic Search,SEO_Category,28.28,16575,436,28
2024-04-07,Affiliate,Affiliate_Network_A,177.45,503,18,0
2024-04-07,Referral,Referral_Program,55.75,3785,162,4
2024-04-07,Direct,Direct_Traffic,237.66,6833,97,7
2024-04-08,Google Ads,Search_Brand,9282.98,9441,387,7
2024-04-08,Meta Ads,IG_Retarget,838.65,7889,105,3
2024-04-08,Meta Ads,FB_Lookalike,7482.45,6301,168,8
2024-04-08,YouTube Ads,YT_Skippable,3639.27,6214,278,21
2024-04-08,Email,Weekly_Newsletter,,5841,242,4
2024-04-08,Email,Cart_Recovery,10880.55,7113,286,3
2024-04-08,Email,Win_Back,4701.97,4369,113,2
2024-04-08,Organic Search,SEO_Blog,290.01,16694,416,4
2024-04-08,Affiliate,Affiliate_Network_A,488.57,2592,24,1
2024-04-08,Affiliate,Affiliate_Network_B,758.39,3272,77,3
2024-04-08,Referral,Referral_Program,30.35,12345,100,5
2024-04-09,Google Ads,Search_Brand,9396.6,9347,237,12
2024-04-09,Google Ads,Search_Generic,5886.14,5831,259,6
2024-04-09,Google Ads,Shopping_Ads,4567.55,5348,173,13
2024-04-09,Google Ads,Display_Retarget,2302.02,5745,178,11
2024-04-09,Meta Ads,FB_Lookalike,14851.98,14174,563,26
2024-04-09,Email,Weekly_Newsletter,920.47,1018,42,3
2024-04-09,Email,Win_Back,965.05,1607,33,2
2024-04-09,Organic Search,SEO_Category,359.78,5754,129,9
2024-04-09,Affiliate,Affiliate_Network_A,2726.49,11745,75,5
2024-04-09,Affiliate,Affiliate_Network_B,,9660,128,3
2024-04-09,Referral,Referral_Program,430.7,6606,228,7
2024-04-09,Direct,Direct_Traffic,400.13,3641,92,5
2024-04-10,Google Ads,Search_Brand,6179.93,4199,172,8
2024-04-10,Google Ads,Shopping_Ads,1454.4,3607,90,6
2024-04-10,Google Ads,Display_Retarget,2967.01,7537,219,14
2024-04-10,Meta Ads,IG_Retarget,5357.66,8884,207,3
2024-04-10,Meta Ads,FB_Lookalike,2947.35,4478,101,7
2024-04-10,YouTube Ads,YT_Skippable,6992.97,13699,235,5
2024-04-10,YouTube Ads,YT_Bumper,3146.84,4502,116,1
2024-04-10,Email,Cart_Recovery,461.89,1657,18,0
2024-04-10,Organic Search,SEO_Blog,190.11,2233,26,0
2024-04-10,Organic Search,SEO_Category,169.71,10871,170,12
2024-04-10,Affiliate,Affiliate_Network_A,334.05,1314,16,0
2024-04-10,Affiliate,Affiliate_Network_B,1692.94,10092,108,8
2024-04-10,Direct,Direct_Traffic,82.84,4892,52,1
2024-04-11,Google Ads,Search_Generic,2220.23,6706,216,5
2024-04-11,Google Ads,Shopping_Ads,9138.78,6687,240,19
2024-04-11,Meta Ads,IG_Retarget,596.61,2391,19,0
2024-04-11,YouTube Ads,YT_Skippable,1542.3,7690,163,5
2024-04-11,YouTube Ads,YT_Bumper,98.64,193,6,0
2024-04-11,Email,Weekly_Newsletter,546.29,1390,14,0
2024-04-11,Email,Cart_Recovery,3890.26,3485,151,6
2024-04-11,Email,Win_Back,14912.14,13639,335,5
2024-04-11,Organic Search,SEO_Category,23.49,1966,56,1
2024-04-11,Affiliate,Affiliate_Network_A,88.51,799,12,0
2024-04-11,Affiliate,Affiliate_Network_B,7036.68,10166,212,3
2024-04-11,Referral,Referral_Program,99.42,1195,15,0
2024-04-11,Direct,Direct_Traffic,339.97,4384,173,11
2024-04-12,Google Ads,Search_Brand,4771.96,9472,209,12
2024-04-12,Google Ads,Shopping_Ads,11191.01,13220,494,27
2024-04-12,Google Ads,Display_Retarget,19558.23,10588,437,30
2024-04-12,Meta Ads,FB_Prospecting,819.74,2458,48,3
2024-04-12,Meta Ads,IG_Retarget,8960.42,12760,475,8
2024-04-12,Meta Ads,FB_Lookalike,1117.93,4038,51,1
2024-04-12,YouTube Ads,YT_Skippable,1465.66,3919,102,5
2024-04-12,YouTube Ads,YT_Bumper,190.8,1354,8,0
2024-04-12,Email,Weekly_Newsletter,3279.73,2282,99,4
2024-04-12,Email,Cart_Recovery,9957.53,8036,236,17
2024-04-12,Organic Search,SEO_Category,149.94,13865,549,20
2024-04-12,Affiliate,Affiliate_Network_A,4246.86,4003,171,4
2024-04-12,Affiliate,Affiliate_Network_B,4159.32,6338,261,8
2024-04-12,Referral,Referral_Program,350.24,2332,16,1
2024-04-12,Direct,Direct_Traffic,343.42,5856,232,3
2024-04-13,Google Ads,Search_Brand,3649.3,4735,136,3
2024-04-13,Meta Ads,IG_Retarget,411.75,5069,34,1
2024-04-13,Email,Cart_Recovery,12127.01,10999,471,36
2024-04-13,Email,Win_Back,298.99,546,14,0
2024-04-13,Organic Search,SEO_Blog,62.25,7273,54,3
2024-04-13,Organic Search,SEO_Category,353.13,22787,195,10
2024-04-13,Affiliate,Affiliate_Network_A,5137.15,5363,157,2
2024-04-13,Affiliate,Affiliate_Network_B,1246.2,1966,70,1
2024-04-14,Google Ads,Search_Brand,4049.06,2766,99,3
2024-04-14,Google Ads,Search_Generic,1633.82,10795,382,11
2024-04-14,Google Ads,Shopping_Ads,15143.85,13114,543,38
2024-04-14,Google Ads,Display_Retarget,3495.48,4203,81,2
2024-04-14,Meta Ads,FB_Prospecting,5709.13,11511,337,23
2024-04-14,Meta Ads,IG_Retarget,2543.7,6445,127,4
2024-04-14,Meta Ads,FB_Lookalike,1070.06,1436,53,4
2024-04-14,YouTube Ads,YT_Skippable,5279.72,8900,373,5
2024-04-14,YouTube Ads,YT_Bumper,4522.67,14626,481,29
2024-04-14,Email,Weekly_Newsletter,944.5,3013,106,4
2024-04-14,Email,Cart_Recovery,16517.35,10613,450,5
2024-04-14,Email,Win_Back,5898.52,13873,157,10
2024-04-14,Organic Search,SEO_Category,145.63,9050,143,4
2024-04-14,Referral,Referral_Program,465.14,10292,295,20
2024-04-14,Direct,Direct_Traffic,493.27,22653,551,26
2024-04-15,Google Ads,Search_Generic,4018.32,12621,211,2
2024-04-15,Meta Ads,IG_Retarget,3060.09,2997,91,4
2024-04-15,Meta Ads,FB_Lookalike,1230.02,4159,30,2
2024-04-15,YouTube Ads,YT_Skippable,2054.16,12491,135,3
2024-04-15,YouTube Ads,YT_Bumper,1369.84,1098,39,1
2024-04-15,Email,Weekly_Newsletter,5113.96,4233,186,9
2024-04-15,Organic Search,SEO_Category,56.06,8331,64,0
2024-04-15,Affiliate,Affiliate_Network_A,5325.88,19502,695,42
2024-04-15,Affiliate,Affiliate_Network_B,27591.06,14191,630,32
2024-04-15,Referral,Referral_Program,149.36,4724,81,2
2024-04-15,Direct,Direct_Traffic,72.58,1106,38,2
2024-04-16,Google Ads,Search_Generic,3303.45,4558,159,1
2024-04-16,Google Ads,Shopping_Ads,2209.01,7335,208,8
2024-04-16,Google Ads,Display_Retarget,387.63,9552,48,1
2024-04-16,Meta Ads,FB_Lookalike,590.4,9331,185,11
2024-04-16,YouTube Ads,YT_Bumper,4665.24,13614,279,16
2024-04-16,Email,Weekly_Newsletter,1171.61,6270,117,6
2024-04-16,Email,Cart_Recovery,2816.81,4677,113,8
2024-04-16,Email,Win_Back,1820.2,1192,45,3
2024-04-16,Organic Search,SEO_Blog,411.66,16188,579,7
2024-04-16,Affiliate,Affiliate_Network_A,824.8,5777,90,2
2024-04-16,Affiliate,Affiliate_Network_B,1961.67,2360,49,0
2024-04-16,Referral,Referral_Program,68.97,14584,135,5
2024-04-16,Direct,Direct_Traffic,330.42,19240,199,7
2024-04-17,Google Ads,Display_Retarget,12987.58,8662,309,6
2024-04-17,Meta Ads,FB_Prospecting,1642.5,3631,61,4
2024-04-17,Meta Ads,IG_Retarget,4006.89,6833,107,7
2024-04-17,Meta Ads,FB_Lookalike,3953.95,3746,88,4
2024-04-17,YouTube Ads,YT_Skippable,13613.53,15226,419,18
2024-04-17,Email,Win_Back,6875.18,4656,160,7
2024-04-17,Organic Search,SEO_Blog,447.19,2037,39,1
2024-04-17,Affiliate,Affiliate_Network_A,1308.7,5307,104,3
2024-04-17,Referral,Referral_Program,38.41,2389,39,1
2024-04-17,Direct,Direct_Traffic,92.72,3327,131,4
2024-04-18,Google Ads,Search_Generic,2711.53,3516,136,10
2024-04-18,Google Ads,Display_Retarget,3889.34,4190,88,4
2024-04-18,Meta Ads,FB_Prospecting,2576.48,11315,123,6
2024-04-18,Meta Ads,IG_Retarget,1382.33,6407,159,7
2024-04-18,Meta Ads,FB_Lookalike,7941.68,23500,640,32
2024-04-18,YouTube Ads,YT_Skippable,2318.92,6587,173,2
2024-04-18,YouTube Ads,YT_Bumper,10566.71,6933,306,23
2024-04-18,Email,Weekly_Newsletter,3430.76,7363,116,6
2024-04-18,Email,Win_Back,1241.63,5546,248,7
2024-04-18,Organic Search,SEO_Blog,335.12,8005,333,13
2024-04-18,Organic Search,SEO_Category,211.13,8366,60,2
2024-04-18,Referral,Referral_Program,62.35,1233,6,0
2024-04-18,Direct,Direct_Traffic,171.03,7153,183,9
2024-04-19,Google Ads,Shopping_Ads,8552.28,9629,240,15
2024-04-19,Google Ads,Display_Retarget,10249.4,9386,407,10
2024-04-19,Meta Ads,IG_Retarget,2155.24,6753,293,5
2024-04-19,YouTube Ads,YT_Skippable,1316.73,2074,39,2
2024-04-19,Email,Weekly_Newsletter,4185.68,5481,101,6
2024-04-19,Email,Cart_Recovery,649.3,12879,150,11
2024-04-19,Email,Win_Back,6971.52,19864,212,8
2024-04-19,Organic Search,SEO_Blog,155.21,4648,104,4
2024-04-19,Organic Search,SEO_Category,495.76,3954,53,3
2024-04-19,Affiliate,Affiliate_Network_A,2835.04,1950,65,2
2024-04-19,Affiliate,Affiliate_Network_B,1054.07,2147,41,2
2024-04-19,Referral,Referral_Program,0.58,18812,769,28
2024-04-19,Direct,Direct_Traffic,470.92,11947,480,8
2024-04-20,Google Ads,Search_Brand,5141.49,6533,259,9
2024-04-20,Google Ads,Search_Generic,1770.57,5977,98,6
2024-04-20,Google Ads,Display_Retarget,8493.71,5404,228,4
2024-04-20,Meta Ads,FB_Prospecting,3169.02,5241,121,2
2024-04-20,Meta Ads,IG_Retarget,2091.31,4394,165,4
2024-04-20,YouTube Ads,YT_Skippable,3472.31,6643,124,2
2024-04-20,Email,Cart_Recovery,270.16,1704,25,1
2024-04-20,Organic Search,SEO_Category,40.46,2308,93,3
2024-04-20,Affiliate,Affiliate_Network_A,1052.31,2110,62,3
2024-04-20,Affiliate,Affiliate_Network_B,232.4,3410,53,4
2024-04-20,Direct,Direct_Traffic,66.82,2792,48,2
2024-04-21,Google Ads,Search_Brand,5782.41,4238,165,12
2024-04-21,Meta Ads,IG_Retarget,5533.9,9281,221,16
2024-04-21,Meta Ads,FB_Lookalike,6295.86,16518,612,6
2024-04-21,YouTube Ads,YT_Skippable,7667.96,8472,229,4
2024-04-21,Email,Weekly_Newsletter,1613.43,10273,74,4
2024-04-21,Email,Cart_Recovery,5167.49,13994,592,23
2024-04-21,Email,Win_Back,2943.33,5764,149,10
2024-04-21,Affiliate,Affiliate_Network_A,1644.98,6301,180,2
2024-04-21,Affiliate,Affiliate_Network_B,6293.54,9096,217,8
2024-04-21,Referral,Referral_Program,472.47,4709,85,3
2024-04-22,Google Ads,Shopping_Ads,996.17,5483,58,4
2024-04-22,Google Ads,Display_Retarget,5824.21,17950,140,9
2024-04-22,Meta Ads,FB_Prospecting,510.09,10393,65,2
2024-04-22,Meta Ads,FB_Lookalike,4093.25,4472,121,5
2024-04-22,YouTube Ads,YT_Skippable,8016.97,15218,470,11
2024-04-22,Email,Weekly_Newsletter,312.47,2618,39,3
2024-04-22,Email,Cart_Recovery,1682.3,2633,38,1
2024-04-22,Email,Win_Back,2478.53,13494,163,11
2024-04-22,Organic Search,SEO_Blog,29.46,1116,13,0
2024-04-22,Organic Search,SEO_Category,98.91,5297,145,8
2024-04-22,Affiliate,Affiliate_Network_A,4121.0,15086,374,8
2024-04-22,Affiliate,Affiliate_Network_B,7923.78,19141,558,13
2024-04-22,Referral,Referral_Program,67.27,4025,50,3
2024-04-22,Direct,Direct_Traffic,64.85,4732,35,2
2024-04-23,Google Ads,Shopping_Ads,1083.69,7840,167,3
2024-04-23,Google Ads,Display_Retarget,,2437,79,1
2024-04-23,Meta Ads,FB_Prospecting,4683.82,8249,299,5
2024-04-23,Meta Ads,IG_Retarget,1478.97,4295,102,6
2024-04-23,Meta Ads,FB_Lookalike,1042.19,3462,30,1
2024-04-23,YouTube Ads,YT_Skippable,18673.05,11982,435,27
2024-04-23,YouTube Ads,YT_Bumper,2292.83,6131,63,4
2024-04-23,Email,Weekly_Newsletter,2816.35,4063,182,4
2024-04-23,Email,Win_Back,2564.07,3735,113,5
2024-04-23,Organic Search,SEO_Blog,124.21,1632,44,1
2024-04-23,Organic Search,SEO_Category,73.7,4614,31,2
2024-04-23,Affiliate,Affiliate_Network_B,135.95,1974,32,0
2024-04-23,Direct,Direct_Traffic,398.06,757,25,1
2024-04-24,Google Ads,Search_Generic,1314.83,5638,43,2
2024-04-24,Google Ads,Shopping_Ads,283.61,1225,10,0
2024-04-24,Google Ads,Display_Retarget,521.98,1154,29,1
2024-04-24,Meta Ads,FB_Prospecting,7648.75,9346,205,15
2024-04-24,Meta Ads,IG_Retarget,4073.26,4771,202,12
2024-04-24,Meta Ads,FB_Lookalike,914.97,12806,200,8
2024-04-24,YouTube Ads,YT_Bumper,2613.58,3609,87,3
2024-04-24,Email,Win_Back,10943.79,10790,402,4
2024-04-24,Organic Search,SEO_Category,418.26,10658,217,11
2024-04-24,Affiliate,Affiliate_Network_A,6075.71,7001,152,4
2024-04-24,Affiliate,Affiliate_Network_B,3237.68,8734,93,2
2024-04-24,Referral,Referral_Program,347.62,5046,217,16
2024-04-24,Direct,Direct_Traffic,287.59,7004,172,12
2024-04-25,Google Ads,Search_Brand,2389.25,5352,193,7
2024-04-25,Google Ads,Shopping_Ads,277.19,842,20,0
2024-04-25,Meta Ads,IG_Retarget,4499.82,3566,136,3
2024-04-25,Meta Ads,FB_Lookalike,791.83,3886,55,4
2024-04-25,YouTube Ads,YT_Skippable,154.3,642,17,0
2024-04-25,YouTube Ads,YT_Bumper,3878.19,8341,199,6
2024-04-25,Email,Cart_Recovery,3554.99,6252,207,10
2024-04-25,Email,Win_Back,1090.35,12497,313,8
2024-04-25,Organic Search,SEO_Blog,425.58,10566,184,4
2024-04-25,Organic Search,SEO_Category,13.61,10501,165,8
2024-04-25,Affiliate,Affiliate_Network_A,3850.57,8504,105,2
2024-04-25,Referral,Referral_Program,402.21,7596,128,8
2024-04-25,Direct,Direct_Traffic,74.31,6929,45,0
2024-04-26,Google Ads,Search_Generic,15467.12,11523,346,25
2024-04-26,Google Ads,Display_Retarget,255.06,2846,66,3
2024-04-26,Meta Ads,FB_Prospecting,2716.58,5524,229,7
2024-04-26,Meta Ads,IG_Retarget,11866.25,11847,411,32
2024-04-26,YouTube Ads,YT_Skippable,341.61,1302,34,1
2024-04-26,YouTube Ads,YT_Bumper,1513.72,3875,79,5
2024-04-26,Email,Cart_Recovery,9021.76,13708,213,3
2024-04-26,Email,Win_Back,1932.41,4035,180,3
2024-04-26,Organic Search,SEO_Blog,227.37,378,7,0
2024-04-26,Affiliate,Affiliate_Network_A,4815.0,7463,277,20
2024-04-26,Direct,Direct_Traffic,156.05,1342,58,0
2024-04-27,Google Ads,Search_Brand,1598.03,5349,79,5
2024-04-27,Google Ads,Search_Generic,1222.29,4795,88,1
2024-04-27,Google Ads,Shopping_Ads,2468.0,3583,149,11
2024-04-27,Google Ads,Display_Retarget,2024.25,1544,57,0
2024-04-27,Meta Ads,FB_Prospecting,695.68,1993,71,3
2024-04-27,Meta Ads,IG_Retarget,3306.24,2015,90,3
2024-04-27,Meta Ads,FB_Lookalike,765.59,4000,46,1
2024-04-27,YouTube Ads,YT_Skippable,177.81,3411,20,0
2024-04-27,Email,Cart_Recovery,776.15,7547,77,3
2024-04-27,Email,Win_Back,6414.68,5886,176,12
2024-04-27,Affiliate,Affiliate_Network_A,3483.46,5914,140,10
2024-04-27,Affiliate,Affiliate_Network_B,966.88,7552,75,4
2024-04-27,Direct,Direct_Traffic,196.31,2882,38,1
2024-04-28,Google Ads,Search_Brand,358.86,521,18,0
2024-04-28,Google Ads,Shopping_Ads,1218.44,1406,31,2
2024-04-28,Meta Ads,FB_Prospecting,3254.21,10912,138,7
2024-04-28,Meta Ads,IG_Retarget,1197.53,2385,27,1
2024-04-28,YouTube Ads,YT_Skippable,4385.72,7284,100,3
2024-04-28,YouTube Ads,YT_Bumper,6267.05,10898,308,21
2024-04-28,Email,Weekly_Newsletter,5994.52,10109,360,13
2024-04-28,Email,Cart_Recovery,760.15,2169,43,2
2024-04-28,Email,Win_Back,385.08,2765,41,2
2024-04-28,Organic Search,SEO_Blog,167.09,4923,124,9
2024-04-28,Organic Search,SEO_Category,57.79,6162,194,6
2024-04-28,Affiliate,Affiliate_Network_B,368.5,3316,70,4
2024-04-28,Referral,Referral_Program,196.86,9587,326,4
2024-04-28,Direct,Direct_Traffic,256.05,7322,311,17
2024-04-29,Google Ads,Search_Brand,10779.48,7648,321,20
2024-04-29,Google Ads,Search_Generic,3187.35,4478,159,9
2024-04-29,Google Ads,Shopping_Ads,5005.16,4972,220,9
2024-04-29,Google Ads,Display_Retarget,4219.94,8498,166,13
2024-04-29,Meta Ads,FB_Prospecting,2036.21,4833,102,3
2024-04-29,Meta Ads,IG_Retarget,320.65,1554,41,1
2024-04-29,Meta Ads,FB_Lookalike,704.02,5838,94,6
2024-04-29,YouTube Ads,YT_Bumper,1414.71,6187,49,0
2024-04-29,Email,Weekly_Newsletter,754.64,1751,26,0
2024-04-29,Email,Cart_Recovery,4587.19,6924,137,2
2024-04-29,Email,Win_Back,458.6,1442,45,3
2024-04-29,Organic Search,SEO_Blog,444.71,4270,186,11
2024-04-29,Affiliate,Affiliate_Network_A,608.82,499,14,0
2024-04-29,Affiliate,Affiliate_Network_B,12078.24,16331,480,31
2024-04-29,Direct,Direct_Traffic,474.72,5091,120,1
2024-04-30,Google Ads,Search_Brand,1989.7,16375,531,28
2024-04-30,Google Ads,Search_Generic,3711.49,7313,163,6
2024-04-30,Google Ads,Display_Retarget,1937.44,1809,75,4
2024-04-30,Meta Ads,FB_Prospecting,4372.09,3915,161,7
2024-04-30,Meta Ads,IG_Retarget,11172.0,10132,452,15
2024-04-30,YouTube Ads,YT_Skippable,953.17,3743,59,2
2024-04-30,Email,Cart_Recovery,1335.88,4830,43,2
2024-04-30,Email,Win_Back,6401.66,6503,206,12
2024-04-30,Organic Search,SEO_Blog,17.37,4973,128,7
2024-04-30,Organic Search,SEO_Category,139.5,856,19,0
2024-04-30,Affiliate,Affiliate_Network_A,313.6,1316,17,0
2024-04-30,Affiliate,Affiliate_Network_B,7343.14,6798,300,8
2024-04-30,Referral,Referral_Program,281.34,12707,392,29
2024-04-30,Direct,Direct_Traffic,54.57,18362,113,5
2024-05-01,Google Ads,Search_Brand,4196.41,10165,106,2
2024-05-01,Google Ads,Search_Generic,989.37,14272,123,3
2024-05-01,Google Ads,Display_Retarget,5412.65,6492,233,16
2024-05-01,Meta Ads,FB_Prospecting,8000.03,5261,228,17
2024-05-01,Meta Ads,IG_Retarget,3489.65,4000,131,3
2024-05-01,YouTube Ads,YT_Skippable,8997.45,18019,610,10
2024-05-01,YouTube Ads,YT_Bumper,540.12,488,18,1
2024-05-01,Email,Weekly_Newsletter,10075.29,7677,266,11
2024-05-01,Email,Cart_Recovery,4341.88,4409,177,12
2024-05-01,Email,Win_Back,4279.05,10649,127,3
2024-05-01,Organic Search,SEO_Blog,125.66,4166,162,12
2024-05-01,Organic Search,SEO_Category,213.77,24787,131,6
2024-05-01,Referral,Referral_Program,189.69,1522,62,1
2024-05-01,Direct,Direct_Traffic,219.04,8496,220,12
2024-05-02,Google Ads,Search_Brand,184.03,1756,15,0
2024-05-02,Google Ads,Shopping_Ads,406.45,4358,89,4
2024-05-02,Meta Ads,FB_Prospecting,353.39,3629,23,1
2024-05-02,YouTube Ads,YT_Skippable,6779.56,6865,191,13
2024-05-02,Email,Weekly_Newsletter,194.6,717,8,0
2024-05-02,Email,Win_Back,18254.9,10216,431,22
2024-05-02,Organic Search,SEO_Category,480.94,9873,51,2
2024-05-02,Affiliate,Affiliate_Network_A,4297.22,13691,287,15
2024-05-02,Affiliate,Affiliate_Network_B,4591.09,8393,365,6
2024-05-02,Direct,Direct_Traffic,172.18,8663,157,4
2024-05-03,Google Ads,Search_Generic,865.36,3013,128,9
2024-05-03,Google Ads,Shopping_Ads,3424.88,4896,80,3
2024-05-03,Google Ads,Display_Retarget,,5621,197,11
2024-05-03,Meta Ads,FB_Prospecting,903.85,6129,51,3
2024-05-03,Meta Ads,IG_Retarget,928.96,2066,42,0
2024-05-03,Meta Ads,FB_Lookalike,1129.57,3252,35,1
2024-05-03,Organic Search,SEO_Blog,410.38,2391,28,0
2024-05-03,Affiliate,Affiliate_Network_A,1827.83,4326,68,2
2024-05-03,Affiliate,Affiliate_Network_B,14843.11,13066,385,29
2024-05-03,Referral,Referral_Program,390.78,4566,198,8
2024-05-03,Direct,Direct_Traffic,220.16,3880,41,1
2024-05-04,Google Ads,Search_Brand,2395.68,3812,86,6
2024-05-04,Google Ads,Search_Generic,3440.2,3691,152,2
2024-05-04,Google Ads,Shopping_Ads,4441.64,5411,212,4
2024-05-04,Meta Ads,FB_Prospecting,1616.15,3855,94,7
2024-05-04,Meta Ads,IG_Retarget,7568.05,5372,194,14
2024-05-04,YouTube Ads,YT_Bumper,4984.1,7550,331,5
2024-05-04,Email,Cart_Recovery,5234.58,3841,123,8
2024-05-04,Email,Win_Back,6025.7,6980,276,4
2024-05-04,Organic Search,SEO_Blog,222.34,6128,106,2
2024-05-04,Organic Search,SEO_Category,291.74,4245,79,5
2024-05-04,Affiliate,Affiliate_Network_A,3033.5,7699,82,4
2024-05-04,Affiliate,Affiliate_Network_B,1613.05,6936,223,13
2024-05-04,Referral,Referral_Program,177.22,7643,245,18
2024-05-04,Direct,Direct_Traffic,320.45,586,20,1
2024-05-05,Google Ads,Search_Brand,4549.67,4476,108,8
2024-05-05,Google Ads,Shopping_Ads,4417.91,10165,233,17
2024-05-05,Meta Ads,FB_Prospecting,249.16,3780,41,1
2024-05-05,Meta Ads,IG_Retarget,4660.24,8877,188,5
2024-05-05,YouTube Ads,YT_Skippable,2533.33,4250,131,1
2024-05-05,Email,Cart_Recovery,2234.06,1600,63,1
2024-05-05,Email,Win_Back,518.42,3126,53,1
2024-05-05,Organic Search,SEO_Blog,201.09,9866,121,2
2024-05-05,Organic Search,SEO_Category,386.65,2028,45,2
2024-05-05,Affiliate,Affiliate_Network_A,7219.14,7965,339,11
2024-05-05,Affiliate,Affiliate_Network_B,169.59,722,14,0
2024-05-06,Google Ads,Shopping_Ads,5340.15,4930,163,12
2024-05-06,Meta Ads,IG_Retarget,1841.46,1894,66,2
2024-05-06,Meta Ads,FB_Lookalike,436.67,1896,52,1
2024-05-06,YouTube Ads,YT_Bumper,867.5,6310,32,2
2024-05-06,Email,Cart_Recovery,,1294,21,1
2024-05-06,Email,Win_Back,2935.89,7511,77,2
2024-05-06,Organic Search,SEO_Blog,263.08,751,23,1
2024-05-06,Organic Search,SEO_Category,457.89,1440,49,2
2024-05-06,Affiliate,Affiliate_Network_A,362.03,4904,29,0
2024-05-06,Affiliate,Affiliate_Network_B,6293.27,5203,216,16
2024-05-06,Referral,Referral_Program,257.44,375,15,0
2024-05-06,Direct,Direct_Traffic,484.51,23156,400,17
2024-05-07,Meta Ads,FB_Prospecting,16803.49,12071,508,17
2024-05-07,Meta Ads,IG_Retarget,1947.86,2769,99,1
2024-05-07,Meta Ads,FB_Lookalike,11439.98,10105,388,21
2024-05-07,YouTube Ads,YT_Skippable,8524.24,7140,227,9
2024-05-07,Email,Weekly_Newsletter,2837.28,2727,95,4
2024-05-07,Email,Cart_Recovery,5352.7,8604,289,9
2024-05-07,Email,Win_Back,6456.67,11140,413,9
2024-05-07,Organic Search,SEO_Category,354.87,2660,44,3
2024-05-07,Referral,Referral_Program,430.12,4398,149,7
2024-05-07,Direct,Direct_Traffic,474.26,1497,66,1
2024-05-08,Google Ads,Search_Brand,3089.37,7276,102,5
2024-05-08,Google Ads,Search_Generic,1331.05,3154,38,1
2024-05-08,Google Ads,Display_Retarget,1474.65,1537,42,2
2024-05-08,Meta Ads,FB_Prospecting,960.83,8665,148,2
2024-05-08,Meta Ads,FB_Lookalike,4327.37,13269,99,1
2024-05-08,YouTube Ads,YT_Skippable,5937.99,6588,293,12
2024-05-08,YouTube Ads,YT_Bumper,2889.5,8449,82,2
2024-05-08,Email,Cart_Recovery,16422.53,14040,403,24
2024-05-08,Email,Win_Back,4874.06,7959,265,9
2024-05-08,Organic Search,SEO_Blog,,4897,79,1
2024-05-08,Organic Search,SEO_Category,286.55,6871,227,17
2024-05-08,Affiliate,Affiliate_Network_A,4047.73,10614,174,10
2024-05-08,Affiliate,Affiliate_Network_B,490.26,585,12,0
2024-05-09,Google Ads,Search_Brand,1732.86,3040,110,8
2024-05-09,Google Ads,Display_Retarget,4698.89,10847,138,4
2024-05-09,Meta Ads,FB_Lookalike,2029.35,3364,80,4
2024-05-09,YouTube Ads,YT_Skippable,4407.84,5744,109,4
2024-05-09,YouTube Ads,YT_Bumper,169.49,427,5,0
2024-05-09,Email,Cart_Recovery,1827.67,1984,45,1
2024-05-09,Email,Win_Back,4226.29,3163,136,3
2024-05-09,Organic Search,SEO_Blog,361.84,5613,157,5
2024-05-09,Organic Search,SEO_Category,134.51,3648,118,5
2024-05-09,Affiliate,Affiliate_Network_A,1075.04,2384,48,1
2024-05-09,Affiliate,Affiliate_Network_B,317.2,1598,17,1
2024-05-09,Referral,Referral_Program,18.2,8585,349,7
2024-05-09,Direct,Direct_Traffic,93.13,5919,200,15
2024-05-10,Google Ads,Search_Brand,4019.64,8397,107,2
2024-05-10,Google Ads,Search_Generic,4568.21,3760,132,6
2024-05-10,Google Ads,Shopping_Ads,2551.28,3092,86,3
2024-05-10,Meta Ads,FB_Prospecting,988.31,1249,32,1
2024-05-10,Meta Ads,IG_Retarget,1015.23,5119,27,1
2024-05-10,Meta Ads,FB_Lookalike,5947.39,5785,185,10
2024-05-10,YouTube Ads,YT_Bumper,228.5,1488,43,2
2024-05-10,Email,Weekly_Newsletter,5479.85,5252,193,13
2024-05-10,Email,Cart_Recovery,2316.01,20005,546,10
2024-05-10,Organic Search,SEO_Category,95.36,6189,210,6
2024-05-10,Affiliate,Affiliate_Network_A,1900.8,6054,108,1
2024-05-10,Affiliate,Affiliate_Network_B,4773.54,5813,239,4
2024-05-10,Referral,Referral_Program,158.57,11363,303,21
2024-05-11,Google Ads,Search_Brand,234.57,2221,16,0
2024-05-11,Google Ads,Shopping_Ads,14078.15,7431,324,17
2024-05-11,Google Ads,Display_Retarget,2285.51,5946,177,14
2024-05-11,Meta Ads,FB_Prospecting,522.28,1612,35,1
2024-05-11,Meta Ads,IG_Retarget,5086.1,5488,132,6
2024-05-11,Meta Ads,FB_Lookalike,2180.8,2027,49,2
2024-05-11,YouTube Ads,YT_Skippable,1208.66,3792,102,2
2024-05-11,YouTube Ads,YT_Bumper,3058.58,12174,240,6
2024-05-11,Email,Cart_Recovery,1118.73,6956,68,1
2024-05-11,Email,Win_Back,1236.76,3085,36,0
2024-05-11,Organic Search,SEO_Blog,32.91,3672,163,5
2024-05-11,Organic Search,SEO_Category,262.88,18248,160,6
2024-05-11,Affiliate,Affiliate_Network_A,3880.31,2755,106,3
2024-05-11,Referral,Referral_Program,109.56,8015,257,4
2024-05-11,Direct,Direct_Traffic,439.85,6516,184,14
2024-05-12,Google Ads,Search_Brand,862.92,6000,93,6
2024-05-12,Google Ads,Shopping_Ads,822.79,2226,22,1
2024-05-12,Google Ads,Display_Retarget,1389.24,3048,78,6
2024-05-12,Meta Ads,FB_Prospecting,953.17,7460,43,1
2024-05-12,YouTube Ads,YT_Bumper,1441.31,2376,106,3
2024-05-12,Email,Weekly_Newsletter,11696.13,11887,394,13
2024-05-12,Email,Cart_Recovery,602.96,1454,44,2
2024-05-12,Organic Search,SEO_Blog,359.44,17083,408,29
2024-05-12,Organic Search,SEO_Category,291.97,5675,223,14
2024-05-12,Affiliate,Affiliate_Network_A,1740.45,12445,295,20
2024-05-12,Referral,Referral_Program,414.64,2007,64,0
2024-05-13,Google Ads,Search_Brand,6976.05,4190,174,2
2024-05-13,Google Ads,Search_Generic,2028.92,1488,48,1
2024-05-13,Google Ads,Display_Retarget,5740.41,6565,132,6
2024-05-13,Meta Ads,IG_Retarget,2517.29,2917,112,4
2024-05-13,Meta Ads,FB_Lookalike,22475.99,14094,501,30
2024-05-13,YouTube Ads,YT_Skippable,6410.93,7640,194,12
2024-05-13,YouTube Ads,YT_Bumper,3095.51,14175,259,4
2024-05-13,Email,Cart_Recovery,3659.14,2381,102,2
2024-05-13,Email,Win_Back,1767.16,2908,96,4
2024-05-13,Organic Search,SEO_Blog,142.13,1197,9,0
2024-05-13,Affiliate,Affiliate_Network_A,1142.32,2380,78,4
2024-05-14,Google Ads,Shopping_Ads,23.53,131,1,0
2024-05-14,Google Ads,Display_Retarget,1581.74,3101,72,1
2024-05-14,YouTube Ads,YT_Skippable,1650.7,1961,56,0
2024-05-14,YouTube Ads,YT_Bumper,60.42,1442,20,0
2024-05-14,Email,Weekly_Newsletter,4615.24,8296,361,14
2024-05-14,Email,Cart_Recovery,3348.12,5298,176,4
2024-05-14,Email,Win_Back,632.55,8010,71,5
2024-05-14,Organic Search,SEO_Blog,299.38,10199,102,1
2024-05-14,Organic Search,SEO_Category,98.87,13411,560,33
2024-05-14,Affiliate,Affiliate_Network_B,2141.29,3883,55,1
2024-05-14,Referral,Referral_Program,114.11,1528,38,1
2024-05-14,Direct,Direct_Traffic,299.57,3880,30,1
2024-05-15,Google Ads,Search_Brand,677.93,987,18,1
2024-05-15,Google Ads,Search_Generic,9439.02,10987,267,5
2024-05-15,Google Ads,Display_Retarget,3129.24,4513,107,1
2024-05-15,Meta Ads,IG_Retarget,1055.65,4869,36,1
2024-05-15,YouTube Ads,YT_Skippable,1595.69,1951,41,1
2024-05-15,YouTube Ads,YT_Bumper,2365.43,2361,65,0
2024-05-15,Email,Weekly_Newsletter,10427.14,8134,262,17
2024-05-15,Email,Cart_Recovery,490.18,1866,35,2
2024-05-15,Email,Win_Back,1241.46,2811,39,2
2024-05-15,Organic Search,SEO_Blog,426.69,9856,319,17
2024-05-15,Affiliate,Affiliate_Network_B,18808.14,12233,423,11
2024-05-15,Referral,Referral_Program,6.9,7742,62,2
2024-05-16,Google Ads,Search_Generic,4323.9,17487,358,8
2024-05-16,Google Ads,Shopping_Ads,5114.87,4857,158,6
2024-05-16,Google Ads,Display_Retarget,164.85,1121,6,0
2024-05-16,Meta Ads,FB_Lookalike,266.06,4333,68,1
2024-05-16,YouTube Ads,YT_Skippable,1481.5,2399,77,5
2024-05-16,YouTube Ads,YT_Bumper,19.89,495,5,0
2024-05-16,Email,Weekly_Newsletter,308.46,1210,22,1
2024-05-16,Email,Cart_Recovery,1559.32,1533,35,2
2024-05-16,Email,Win_Back,,8958,60,3
2024-05-16,Organic Search,SEO_Category,475.69,3140,116,2
2024-05-16,Affiliate,Affiliate_Network_A,9315.7,15378,282,8
2024-05-16,Affiliate,Affiliate_Network_B,800.3,7246,93,2
2024-05-16,Direct,Direct_Traffic,144.99,2124,59,3
2024-05-17,Google Ads,Search_Brand,135.54,1940,31,1
2024-05-17,Google Ads,Search_Generic,2824.23,3846,136,8
2024-05-17,Google Ads,Shopping_Ads,73.7,2403,14,0
2024-05-17,Google Ads,Display_Retarget,1058.08,5727,248,15
2024-05-17,Meta Ads,FB_Prospecting,23578.08,16033,548,24
2024-05-17,Meta Ads,IG_Retarget,957.66,8511,46,2
2024-05-17,Meta Ads,FB_Lookalike,2457.5,7467,122,4
2024-05-17,YouTube Ads,YT_Skippable,10301.94,8251,346,20
2024-05-17,YouTube Ads,YT_Bumper,2728.25,8002,282,21
2024-05-17,Email,Weekly_Newsletter,2281.19,2498,51,1
2024-05-17,Email,Cart_Recovery,2077.69,11161,70,4
2024-05-17,Email,Win_Back,2295.7,2191,57,0
2024-05-17,Affiliate,Affiliate_Network_B,462.51,1669,73,5
2024-05-17,Referral,Referral_Program,463.58,2876,101,1
2024-05-17,Direct,Direct_Traffic,110.07,3681,129,9
2024-05-18,Google Ads,Search_Brand,3600.65,6605,93,3
2024-05-18,Google Ads,Search_Generic,4771.89,4227,158,8
2024-05-18,Google Ads,Display_Retarget,646.27,3924,21,1
2024-05-18,Meta Ads,FB_Prospecting,628.3,2788,62,2
2024-05-18,Meta Ads,IG_Retarget,14248.5,7685,332,20
2024-05-18,Meta Ads,FB_Lookalike,3437.52,4278,81,1
2024-05-18,YouTube Ads,YT_Skippable,3298.3,7486,246,2
2024-05-18,YouTube Ads,YT_Bumper,5248.54,5539,120,5
2024-05-18,Email,Weekly_Newsletter,1585.15,9416,391,20
2024-05-18,Email,Win_Back,522.7,3891,30,0
2024-05-18,Organic Search,SEO_Blog,114.3,3807,66,2
2024-05-18,Organic Search,SEO_Category,149.07,5702,246,4
2024-05-18,Affiliate,Affiliate_Network_A,8499.89,8124,321,6
2024-05-18,Affiliate,Affiliate_Network_B,12079.9,9022,322,10
2024-05-18,Referral,Referral_Program,341.0,1817,47,3
2024-05-18,Direct,Direct_Traffic,160.13,6503,33,2
2024-05-19,Google Ads,Search_Generic,24.12,1607,8,0
2024-05-19,Google Ads,Shopping_Ads,1976.87,3459,77,3
2024-05-19,Google Ads,Display_Retarget,7472.7,5424,178,10
2024-05-19,Meta Ads,FB_Prospecting,1875.4,1649,64,2
2024-05-19,Meta Ads,FB_Lookalike,,12435,153,10
2024-05-19,Email,Weekly_Newsletter,1848.05,4643,45,2
2024-05-19,Email,Win_Back,1087.68,2078,81,6
2024-05-19,Organic Search,SEO_Blog,480.55,6512,66,3
2024-05-19,Organic Search,SEO_Category,291.64,9926,122,6
2024-05-19,Affiliate,Affiliate_Network_A,1572.41,11135,67,1
2024-05-19,Referral,Referral_Program,484.57,1331,50,1
2024-05-19,Direct,Direct_Traffic,490.72,4226,108,8
2024-05-20,Google Ads,Search_Brand,853.2,879,31,1
2024-05-20,Google Ads,Search_Generic,2954.85,9525,161,11
2024-05-20,Google Ads,Display_Retarget,1193.27,2415,49,2
2024-05-20,Meta Ads,FB_Prospecting,13233.36,8215,322,14
2024-05-20,Meta Ads,IG_Retarget,404.84,384,16,0
2024-05-20,Meta Ads,FB_Lookalike,3380.77,7354,77,4
2024-05-20,YouTube Ads,YT_Bumper,7825.23,20197,179,2
2024-05-20,Email,Weekly_Newsletter,1206.49,1822,77,1
2024-05-20,Email,Cart_Recovery,1311.94,1949,49,0
2024-05-20,Email,Win_Back,6195.94,6911,156,2
2024-05-20,Organic Search,SEO_Blog,20.59,2715,26,0
2024-05-20,Organic Search,SEO_Category,299.33,8318,203,5
2024-05-20,Affiliate,Affiliate_Network_B,2893.43,4554,168,8
2024-05-20,Referral,Referral_Program,357.95,8932,280,18
2024-05-20,Direct,Direct_Traffic,196.03,8258,221,8
2024-05-21,Google Ads,Search_Brand,208.16,5689,34,2
2024-05-21,Google Ads,Search_Generic,1037.92,3806,113,1
2024-05-21,Google Ads,Shopping_Ads,662.32,4895,49,1
2024-05-21,Meta Ads,FB_Prospecting,2046.2,3366,104,1
2024-05-21,Meta Ads,IG_Retarget,9220.1,14409,574,17
2024-05-21,Meta Ads,FB_Lookalike,576.78,1994,50,2
2024-05-21,YouTube Ads,YT_Skippable,9637.01,7297,235,17
2024-05-21,YouTube Ads,YT_Bumper,766.18,14029,230,5
2024-05-21,Email,Cart_Recovery,422.16,1910,22,0
2024-05-21,Organic Search,SEO_Blog,435.29,12625,249,12
2024-05-21,Organic Search,SEO_Category,,2341,50,2
2024-05-21,Affiliate,Affiliate_Network_B,9451.81,11459,480,26
2024-05-21,Referral,Referral_Program,89.63,9151,50,3
2024-05-21,Direct,Direct_Traffic,358.36,5766,144,6
2024-05-22,Google Ads,Search_Brand,2022.45,3096,99,6
2024-05-22,Google Ads,Shopping_Ads,6012.08,6117,226,17
2024-05-22,Google Ads,Display_Retarget,188.88,243,8,0
2024-05-22,Meta Ads,IG_Retarget,1960.66,3907,44,0
2024-05-22,Meta Ads,FB_Lookalike,5787.61,6681,197,13
2024-05-22,YouTube Ads,YT_Skippable,895.3,2261,25,1
2024-05-22,YouTube Ads,YT_Bumper,4526.75,16929,141,3
2024-05-22,Email,Weekly_Newsletter,3211.48,8852,291,6
2024-05-22,Email,Cart_Recovery,9971.3,24507,375,5
2024-05-22,Email,Win_Back,1964.27,1974,64,4
2024-05-22,Organic Search,SEO_Blog,357.91,9793,421,27
2024-05-22,Organic Search,SEO_Category,173.2,4903,120,3
2024-05-22,Affiliate,Affiliate_Network_A,1738.92,3758,109,4
2024-05-22,Affiliate,Affiliate_Network_B,1621.92,3821,51,0
2024-05-22,Referral,Referral_Program,313.44,3818,100,2
2024-05-23,Google Ads,Search_Brand,160.34,517,11,0
2024-05-23,Google Ads,Search_Generic,2313.65,5201,52,3
2024-05-23,Google Ads,Display_Retarget,1946.44,6993,304,12
2024-05-23,Meta Ads,IG_Retarget,26602.8,13655,592,46
2024-05-23,Meta Ads,FB_Lookalike,498.47,4759,44,2
2024-05-23,YouTube Ads,YT_Skippable,135.74,822,8,0
2024-05-23,YouTube Ads,YT_Bumper,930.61,1397,54,3
2024-05-23,Email,Weekly_Newsletter,3295.0,20251,285,20
2024-05-23,Email,Cart_Recovery,772.77,19271,128,6
2024-05-23,Email,Win_Back,4349.5,3785,116,1
2024-05-23,Organic Search,SEO_Blog,195.65,12846,171,10
2024-05-23,Organic Search,SEO_Category,49.23,871,32,2
2024-05-23,Affiliate,Affiliate_Network_B,3496.63,4970,79,4
2024-05-23,Referral,Referral_Program,451.96,8501,51,1
2024-05-24,Google Ads,Search_Brand,9841.2,6621,245,11
2024-05-24,Google Ads,Display_Retarget,982.63,700,25,0
2024-05-24,Meta Ads,FB_Prospecting,1292.48,727,29,1
2024-05-24,Meta Ads,IG_Retarget,3380.78,5767,139,8
2024-05-24,Email,Weekly_Newsletter,16698.97,10922,467,6
2024-05-24,Email,Cart_Recovery,2101.05,5111,54,1
2024-05-24,Email,Win_Back,4401.31,7929,112,3
2024-05-24,Organic Search,SEO_Blog,257.42,9130,248,2
2024-05-24,Organic Search,SEO_Category,295.9,11724,301,3
2024-05-24,Affiliate,Affiliate_Network_B,5999.24,5711,152,3
2024-05-24,Referral,Referral_Program,198.4,14366,608,40
2024-05-24,Direct,Direct_Traffic,80.8,9259,338,19
2024-05-25,Google Ads,Search_Brand,4669.61,3936,104,7
2024-05-25,Google Ads,Search_Generic,0.0,162,0,0
2024-05-25,Google Ads,Display_Retarget,1033.92,4614,154,8
2024-05-25,Meta Ads,IG_Retarget,2710.45,2971,131,10
2024-05-25,Meta Ads,FB_Lookalike,3264.36,11558,367,4
2024-05-25,YouTube Ads,YT_Bumper,588.01,1966,65,3
2024-05-25,Email,Weekly_Newsletter,1116.08,1389,34,2
2024-05-25,Email,Cart_Recovery,6097.26,4755,158,2
2024-05-25,Email,Win_Back,11008.98,8527,280,11
2024-05-25,Organic Search,SEO_Blog,177.55,4850,70,3
2024-05-25,Organic Search,SEO_Category,36.23,618,20,1
2024-05-25,Affiliate,Affiliate_Network_B,5369.4,2888,125,8
2024-05-25,Referral,Referral_Program,184.06,3974,170,11
2024-05-25,Direct,Direct_Traffic,21.93,10030,228,14
2024-05-26,Google Ads,Search_Generic,1271.36,18556,391,9
2024-05-26,Google Ads,Display_Retarget,1010.57,970,29,1
2024-05-26,Meta Ads,FB_Prospecting,827.01,5702,212,16
2024-05-26,Meta Ads,IG_Retarget,4847.46,9651,250,13
2024-05-26,Meta Ads,FB_Lookalike,812.55,6611,76,5
2024-05-26,YouTube Ads,YT_Skippable,2726.77,7364,178,11
2024-05-26,Email,Weekly_Newsletter,1819.07,4190,84,2
2024-05-26,Email,Cart_Recovery,2861.86,7042,160,9
2024-05-26,Organic Search,SEO_Blog,45.29,5366,217,11
2024-05-26,Affiliate,Affiliate_Network_B,6474.23,5303,180,13
2024-05-26,Referral,Referral_Program,311.41,3767,91,1
2024-05-27,Google Ads,Search_Brand,2416.63,6816,176,5
2024-05-27,Google Ads,Search_Generic,10457.98,5432,236,14
2024-05-27,Google Ads,Shopping_Ads,1167.97,3232,71,3
2024-05-27,Google Ads,Display_Retarget,10227.27,9749,315,4
2024-05-27,Meta Ads,IG_Retarget,1178.18,9046,351,5
2024-05-27,Meta Ads,FB_Lookalike,323.89,2604,21,0
2024-05-27,YouTube Ads,YT_Skippable,1727.15,6658,210,2
2024-05-27,Email,Weekly_Newsletter,1454.55,7644,205,6
2024-05-27,Email,Win_Back,7248.34,9947,291,15
2024-05-27,Organic Search,SEO_Blog,44.26,8202,222,5
2024-05-27,Organic Search,SEO_Category,245.52,8518,108,5
2024-05-27,Affiliate,Affiliate_Network_B,1115.67,8943,358,21
2024-05-27,Referral,Referral_Program,177.01,10234,341,19
2024-05-27,Direct,Direct_Traffic,228.0,1759,28,2
2024-05-28,Google Ads,Search_Brand,1409.39,2746,47,2
2024-05-28,Google Ads,Search_Generic,12810.35,10458,362,27
2024-05-28,Google Ads,Shopping_Ads,2324.42,11398,499,33
2024-05-28,Meta Ads,IG_Retarget,8027.02,7466,292,18
2024-05-28,Meta Ads,FB_Lookalike,2829.04,5445,118,4
2024-05-28,YouTube Ads,YT_Skippable,2738.65,2682,76,2
2024-05-28,YouTube Ads,YT_Bumper,662.86,6591,51,1
2024-05-28,Email,Win_Back,481.0,7648,59,3
2024-05-28,Organic Search,SEO_Blog,307.4,7517,170,6
2024-05-28,Referral,Referral_Program,476.01,3736,108,4
2024-05-29,Google Ads,Search_Generic,2184.51,8804,153,12
2024-05-29,Google Ads,Display_Retarget,10363.44,10244,391,26
2024-05-29,Meta Ads,FB_Prospecting,1448.24,3677,47,1
2024-05-29,Meta Ads,IG_Retarget,1280.11,5963,102,2
2024-05-29,Meta Ads,FB_Lookalike,4077.62,4528,95,4
2024-05-29,YouTube Ads,YT_Skippable,5909.11,12464,182,5
2024-05-29,Email,Cart_Recovery,445.27,5559,118,4
2024-05-29,Email,Win_Back,1124.65,7995,83,3
2024-05-29,Organic Search,SEO_Blog,1.06,1530,16,1
2024-05-29,Organic Search,SEO_Category,209.32,18341,477,5
2024-05-29,Affiliate,Affiliate_Network_A,2278.59,3008,101,7
2024-05-30,Google Ads,Search_Brand,2719.9,11567,402,23
2024-05-30,Google Ads,Search_Generic,302.72,5160,35,1
2024-05-30,Google Ads,Shopping_Ads,4362.29,3319,131,6
2024-05-30,Google Ads,Display_Retarget,4329.32,3805,156,9
2024-05-30,Meta Ads,IG_Retarget,581.47,612,14,0
2024-05-30,Meta Ads,FB_Lookalike,2368.36,12256,222,4
2024-05-30,YouTube Ads,YT_Skippable,1715.68,7558,280,9
2024-05-30,Email,Weekly_Newsletter,6366.91,6430,157,5
2024-05-30,Email,Cart_Recovery,3030.43,5509,121,5
2024-05-30,Email,Win_Back,1024.0,1006,31,1
2024-05-30,Organic Search,SEO_Blog,29.16,3081,31,0
2024-05-30,Organic Search,SEO_Category,230.35,1234,44,2
2024-05-30,Affiliate,Affiliate_Network_A,1033.0,3344,61,4
2024-05-30,Affiliate,Affiliate_Network_B,580.9,3193,91,6
2024-05-30,Referral,Referral_Program,23.27,8691,240,7
2024-05-30,Direct,Direct_Traffic,95.19,9216,326,24
2024-05-31,Google Ads,Search_Brand,594.64,4200,80,6
2024-05-31,Google Ads,Search_Generic,1537.78,4040,59,1
2024-05-31,Google Ads,Shopping_Ads,3615.89,7575,173,8
2024-05-31,Google Ads,Display_Retarget,224.02,2705,42,2
2024-05-31,Meta Ads,IG_Retarget,5447.5,16792,280,6
2024-05-31,Meta Ads,FB_Lookalike,496.94,6198,37,2
2024-05-31,YouTube Ads,YT_Bumper,1749.0,2891,93,2
2024-05-31,Email,Weekly_Newsletter,297.42,777,11,0
2024-05-31,Email,Cart_Recovery,794.47,4702,32,0
2024-05-31,Email,Win_Back,4995.7,3670,147,5
2024-05-31,Organic Search,SEO_Blog,238.96,1702,68,5
2024-05-31,Affiliate,Affiliate_Network_A,1454.3,7380,55,1
2024-05-31,Affiliate,Affiliate_Network_B,1257.78,1319,33,2
2024-05-31,Referral,Referral_Program,217.09,6087,268,20
2024-05-31,Direct,Direct_Traffic,206.99,6079,47,1
2024-06-01,Google Ads,Search_Brand,940.02,1353,23,1
2024-06-01,Google Ads,Shopping_Ads,446.32,2661,81,2
2024-06-01,Google Ads,Display_Retarget,2542.73,4508,135,3
2024-06-01,Meta Ads,IG_Retarget,4672.58,7093,162,12
2024-06-01,Meta Ads,FB_Lookalike,4526.14,5806,135,7
2024-06-01,YouTube Ads,YT_Skippable,209.93,2696,26,0
2024-06-01,Email,Weekly_Newsletter,71.79,1163,12,0
2024-06-01,Email,Win_Back,5214.48,13726,129,6
2024-06-01,Organic Search,SEO_Blog,126.91,3811,102,5
2024-06-01,Organic Search,SEO_Category,163.33,10775,113,5
2024-06-01,Affiliate,Affiliate_Network_A,4237.14,5280,234,15
2024-06-01,Affiliate,Affiliate_Network_B,1197.19,7183,131,7
2024-06-01,Referral,Referral_Program,312.58,6939,144,3
2024-06-01,Direct,Direct_Traffic,105.27,2980,106,8
2024-06-02,Google Ads,Search_Brand,4095.01,5650,124,2
2024-06-02,Google Ads,Search_Generic,5831.49,21682,217,14
2024-06-02,Google Ads,Shopping_Ads,5399.9,6588,188,8
2024-06-02,Meta Ads,FB_Prospecting,4848.63,4719,136,7
2024-06-02,Meta Ads,IG_Retarget,6305.46,6530,171,2
2024-06-02,Meta Ads,FB_Lookalike,3226.91,3131,99,2
2024-06-02,YouTube Ads,YT_Skippable,1116.28,6890,179,9
2024-06-02,YouTube Ads,YT_Bumper,26342.3,14677,653,30
2024-06-02,Email,Weekly_Newsletter,1980.58,6902,130,8
2024-06-02,Email,Cart_Recovery,4516.18,6725,154,6
2024-06-02,Email,Win_Back,2328.47,5762,145,2
2024-06-02,Organic Search,SEO_Blog,489.42,1725,15,0
2024-06-02,Affiliate,Affiliate_Network_B,11701.32,8076,312,15
2024-06-02,Referral,Referral_Program,341.48,3426,129,10
2024-06-02,Direct,Direct_Traffic,302.6,2750,104,6
2024-06-03,Google Ads,Search_Generic,4192.42,2687,97,3
2024-06-03,Google Ads,Shopping_Ads,216.87,5457,49,1
2024-06-03,Google Ads,Display_Retarget,539.02,2827,105,5
2024-06-03,Meta Ads,FB_Prospecting,3565.99,7444,174,7
2024-06-03,YouTube Ads,YT_Skippable,5119.62,4526,137,4
2024-06-03,YouTube Ads,YT_Bumper,894.16,3782,134,1
2024-06-03,Email,Weekly_Newsletter,790.61,10331,184,5
2024-06-03,Email,Cart_Recovery,886.74,3849,64,2
2024-06-03,Email,Win_Back,1053.16,2349,60,1
2024-06-03,Organic Search,SEO_Blog,449.64,5562,180,8
2024-06-03,Organic Search,SEO_Category,84.66,9615,147,3
2024-06-03,Affiliate,Affiliate_Network_B,732.13,6782,51,1
2024-06-03,Referral,Referral_Program,389.27,3857,88,1
2024-06-04,Google Ads,Search_Brand,255.8,1881,16,1
2024-06-04,Google Ads,Search_Generic,1891.2,5547,172,3
2024-06-04,Google Ads,Shopping_Ads,703.34,9831,57,2
2024-06-04,Meta Ads,FB_Prospecting,1298.41,1398,37,2
2024-06-04,Meta Ads,IG_Retarget,1019.87,1696,52,3
2024-06-04,YouTube Ads,YT_Skippable,834.88,2964,20,1
2024-06-04,YouTube Ads,YT_Bumper,659.7,3866,162,10
2024-06-04,Email,Weekly_Newsletter,4302.31,9876,213,12
2024-06-04,Email,Win_Back,3284.97,6380,86,5
2024-06-04,Organic Search,SEO_Blog,59.99,1773,43,3
2024-06-04,Organic Search,SEO_Category,215.1,1073,15,0
2024-06-04,Affiliate,Affiliate_Network_B,1121.41,2778,37,2
2024-06-04,Direct,Direct_Traffic,269.89,4369,172,8
2024-06-05,Google Ads,Search_Brand,5152.17,14842,542,16
2024-06-05,Meta Ads,IG_Retarget,4188.31,5290,120,5
2024-06-05,YouTube Ads,YT_Bumper,2049.07,7182,47,0
2024-06-05,Email,Weekly_Newsletter,1495.76,10888,94,4
2024-06-05,Email,Win_Back,11447.06,9678,391,6
2024-06-05,Organic Search,SEO_Blog,459.81,11316,302,10
2024-06-05,Organic Search,SEO_Category,270.64,11196,326,24
2024-06-05,Affiliate,Affiliate_Network_B,16074.42,28801,1264,76
2024-06-05,Referral,Referral_Program,390.16,3372,34,1
2024-06-05,Direct,Direct_Traffic,441.69,12983,162,3
2024-06-06,Google Ads,Search_Brand,3035.14,1845,81,1
2024-06-06,Google Ads,Search_Generic,,1850,62,1
2024-06-06,Google Ads,Shopping_Ads,1562.53,7001,94,3
2024-06-06,Google Ads,Display_Retarget,5800.52,7368,227,15
2024-06-06,Meta Ads,FB_Lookalike,3521.67,14696,310,17
2024-06-06,YouTube Ads,YT_Skippable,1237.73,1118,34,1
2024-06-06,YouTube Ads,YT_Bumper,265.05,455,7,0
2024-06-06,Email,Weekly_Newsletter,6852.81,5074,199,3
2024-06-06,Email,Cart_Recovery,803.66,973,32,1
2024-06-06,Organic Search,SEO_Blog,154.82,6924,164,4
2024-06-06,Affiliate,Affiliate_Network_B,926.9,990,35,1
2024-06-06,Referral,Referral_Program,190.2,1093,44,1
2024-06-06,Direct,Direct_Traffic,148.81,2404,20,0
2024-06-07,Google Ads,Search_Brand,12206.08,9730,387,19
2024-06-07,Google Ads,Search_Generic,814.21,3155,22,1
2024-06-07,Google Ads,Shopping_Ads,8744.46,12842,337,6
2024-06-07,Meta Ads,IG_Retarget,3694.6,4338,103,5
2024-06-07,YouTube Ads,YT_Skippable,318.64,1342,54,1
2024-06-07,YouTube Ads,YT_Bumper,13071.64,10360,460,7
2024-06-07,Email,Weekly_Newsletter,1393.36,9459,160,5
2024-06-07,Email,Cart_Recovery,213.93,789,13,0
2024-06-07,Email,Win_Back,2712.44,6969,74,0
2024-06-07,Organic Search,SEO_Blog,447.85,12197,391,22
2024-06-07,Organic Search,SEO_Category,192.26,1164,29,1
2024-06-07,Affiliate,Affiliate_Network_B,1990.13,3828,146,6
2024-06-08,Meta Ads,FB_Prospecting,534.61,3575,113,7
2024-06-08,Meta Ads,FB_Lookalike,6219.71,8330,171,2
2024-06-08,YouTube Ads,YT_Bumper,15472.31,11793,475,30
2024-06-08,Email,Weekly_Newsletter,959.88,1193,35,1
2024-06-08,Email,Cart_Recovery,3555.91,2117,81,3
2024-06-08,Organic Search,SEO_Blog,224.86,4145,54,3
2024-06-08,Affiliate,Affiliate_Network_A,850.56,2030,38,2
2024-06-08,Affiliate,Affiliate_Network_B,15065.38,14443,549,43
2024-06-08,Referral,Referral_Program,297.45,5267,236,4
2024-06-08,Direct,Direct_Traffic,301.39,11799,445,22
2024-06-09,Google Ads,Search_Brand,1451.02,5371,50,2
2024-06-09,Google Ads,Shopping_Ads,4085.06,13910,253,17
2024-06-09,Google Ads,Display_Retarget,446.38,4077,107,4
2024-06-09,Meta Ads,FB_Lookalike,6214.25,7671,289,19
2024-06-09,YouTube Ads,YT_Bumper,1576.64,1430,53,2
2024-06-09,Email,Cart_Recovery,1178.53,3702,66,1
2024-06-09,Email,Win_Back,4389.36,8192,268,16
2024-06-09,Organic Search,SEO_Blog,158.31,5255,124,5
2024-06-09,Affiliate,Affiliate_Network_A,284.72,1500,15,0
2024-06-09,Referral,Referral_Program,193.88,982,36,0
2024-06-09,Direct,Direct_Traffic,26.48,12931,524,9
2024-06-10,Google Ads,Search_Brand,563.4,4848,30,0
2024-06-10,Google Ads,Search_Generic,1211.28,2775,96,5
2024-06-10,Google Ads,Shopping_Ads,642.75,6026,130,7
2024-06-10,Google Ads,Display_Retarget,9460.77,13809,564,32
2024-06-10,Meta Ads,FB_Lookalike,918.31,4931,63,4
2024-06-10,YouTube Ads,YT_Skippable,7494.3,9163,372,13
2024-06-10,YouTube Ads,YT_Bumper,220.01,1418,53,3
2024-06-10,Email,Weekly_Newsletter,711.89,6179,84,5
2024-06-10,Organic Search,SEO_Blog,40.64,5782,114,6
2024-06-10,Organic Search,SEO_Category,105.05,10574,468,20
2024-06-10,Affiliate,Affiliate_Network_A,4234.25,12390,444,32
2024-06-10,Referral,Referral_Program,396.42,9038,281,17
2024-06-11,Google Ads,Search_Brand,,8299,237,17
2024-06-11,Google Ads,Search_Generic,585.07,451,14,0
2024-06-11,Google Ads,Shopping_Ads,836.8,1642,25,1
2024-06-11,Google Ads,Display_Retarget,1001.91,3677,156,12
2024-06-11,Meta Ads,FB_Prospecting,4684.86,4625,137,2
2024-06-11,Meta Ads,IG_Retarget,438.84,8583,75,3
2024-06-11,YouTube Ads,YT_Skippable,2903.92,9449,82,4
2024-06-11,YouTube Ads,YT_Bumper,,16161,98,2
2024-06-11,Email,Weekly_Newsletter,6221.77,5740,177,12
2024-06-11,Email,Cart_Recovery,2778.78,12896,408,18
2024-06-11,Organic Search,SEO_Blog,251.92,1787,18,0
2024-06-11,Affiliate,Affiliate_Network_A,1585.52,4022,61,2
2024-06-11,Direct,Direct_Traffic,128.72,6236,273,13
2024-06-12,Google Ads,Search_Brand,2731.77,6017,137,8
2024-06-12,Google Ads,Search_Generic,8630.67,6270,192,10
2024-06-12,Google Ads,Shopping_Ads,1639.17,4290,43,2
2024-06-12,Google Ads,Display_Retarget,7995.32,8853,349,26
2024-06-12,Meta Ads,IG_Retarget,6251.78,8092,218,10
2024-06-12,YouTube Ads,YT_Skippable,438.75,7814,84,5
2024-06-12,YouTube Ads,YT_Bumper,2975.87,3864,107,2
2024-06-12,Email,Weekly_Newsletter,6433.18,9490,161,3
2024-06-12,Email,Cart_Recovery,1798.98,8644,172,5
2024-06-12,Email,Win_Back,11021.76,8209,278,18
2024-06-12,Organic Search,SEO_Blog,255.95,8055,361,4
2024-06-12,Organic Search,SEO_Category,406.83,9793,145,7
2024-06-12,Affiliate,Affiliate_Network_A,1649.54,5344,75,2
2024-06-12,Affiliate,Affiliate_Network_B,58.76,976,10,0
2024-06-12,Referral,Referral_Program,289.04,2682,98,2
2024-06-13,Google Ads,Search_Brand,2838.76,6308,170,10
2024-06-13,Google Ads,Search_Generic,4129.58,10052,133,10
2024-06-13,Google Ads,Shopping_Ads,1837.32,7431,118,8
2024-06-13,Google Ads,Display_Retarget,11026.86,8939,367,20
2024-06-13,Meta Ads,IG_Retarget,467.24,3858,56,2
2024-06-13,Meta Ads,FB_Lookalike,15106.28,10160,387,28
2024-06-13,YouTube Ads,YT_Bumper,3204.33,2853,105,5
2024-06-13,Email,Win_Back,824.62,4273,31,0
2024-06-13,Organic Search,SEO_Category,190.44,1678,30,1
2024-06-13,Affiliate,Affiliate_Network_B,619.44,2360,16,0
2024-06-13,Referral,Referral_Program,78.51,7928,217,3
2024-06-13,Direct,Direct_Traffic,168.91,1002,9,0
2024-06-14,Google Ads,Search_Generic,2375.16,2097,87,4
2024-06-14,Google Ads,Shopping_Ads,3010.05,6443,105,7
2024-06-14,Meta Ads,FB_Prospecting,277.3,1971,40,2
2024-06-14,Meta Ads,IG_Retarget,1030.51,4040,85,3
2024-06-14,Meta Ads,FB_Lookalike,836.04,2788,45,3
2024-06-14,YouTube Ads,YT_Skippable,279.91,1750,67,3
2024-06-14,YouTube Ads,YT_Bumper,8158.23,7387,281,21
2024-06-14,Email,Cart_Recovery,149.25,1110,6,0
2024-06-14,Email,Win_Back,3079.45,12159,88,5
2024-06-14,Organic Search,SEO_Blog,200.34,6882,281,5
2024-06-14,Organic Search,SEO_Category,465.96,9749,103,6
2024-06-14,Referral,Referral_Program,164.41,9034,290,13
2024-06-14,Direct,Direct_Traffic,68.54,11369,165,9
2024-06-15,Google Ads,Search_Brand,1549.81,17429,359,15
2024-06-15,Google Ads,Search_Generic,2044.84,2886,124,8
2024-06-15,Meta Ads,FB_Prospecting,1419.7,3953,130,8
2024-06-15,Meta Ads,IG_Retarget,122.8,2979,15,0
2024-06-15,Meta Ads,FB_Lookalike,300.52,3876,50,2
2024-06-15,YouTube Ads,YT_Skippable,1177.18,8698,45,2
2024-06-15,YouTube Ads,YT_Bumper,6922.53,13128,226,8
2024-06-15,Email,Weekly_Newsletter,2232.63,8333,67,3
2024-06-15,Email,Win_Back,366.31,4435,28,0
2024-06-15,Organic Search,SEO_Blog,484.85,4410,30,2
2024-06-15,Organic Search,SEO_Category,334.31,3296,52,3
2024-06-15,Affiliate,Affiliate_Network_A,985.8,2246,42,0
2024-06-15,Referral,Referral_Program,166.17,12579,565,33
2024-06-15,Direct,Direct_Traffic,376.72,7693,315,4
2024-06-16,Google Ads,Search_Generic,136.92,492,6,0
2024-06-16,Google Ads,Shopping_Ads,1147.67,2652,80,4
2024-06-16,Google Ads,Display_Retarget,1096.18,1522,55,1
2024-06-16,Meta Ads,FB_Prospecting,10766.39,7257,255,14
2024-06-16,Meta Ads,IG_Retarget,1272.09,5421,90,5
2024-06-16,Meta Ads,FB_Lookalike,2845.29,6748,168,10
2024-06-16,YouTube Ads,YT_Skippable,1730.54,2885,112,5
2024-06-16,YouTube Ads,YT_Bumper,4384.35,4127,103,3
2024-06-16,Email,Weekly_Newsletter,2578.51,4699,70,2
2024-06-16,Email,Win_Back,513.91,3049,49,1
2024-06-16,Organic Search,SEO_Blog,285.68,1951,25,1
2024-06-16,Organic Search,SEO_Category,290.0,4948,82,4
2024-06-16,Affiliate,Affiliate_Network_A,971.17,5624,174,4
2024-06-16,Affiliate,Affiliate_Network_B,2534.72,4473,59,2
2024-06-16,Referral,Referral_Program,158.79,5795,198,10
2024-06-16,Direct,Direct_Traffic,39.35,4948,124,7
2024-06-17,Google Ads,Search_Generic,331.97,1483,39,0
2024-06-17,Google Ads,Shopping_Ads,829.95,5278,89,4
2024-06-17,Google Ads,Display_Retarget,6171.06,12163,240,9
2024-06-17,Meta Ads,FB_Prospecting,3644.6,5280,93,4
2024-06-17,YouTube Ads,YT_Skippable,1649.58,5186,57,2
2024-06-17,YouTube Ads,YT_Bumper,7.68,244,2,0
2024-06-17,Email,Weekly_Newsletter,5178.3,3991,150,7
2024-06-17,Email,Cart_Recovery,4345.52,11414,275,19
2024-06-17,Email,Win_Back,278.49,219,9,0
2024-06-17,Organic Search,SEO_Category,117.48,18252,110,1
2024-06-17,Referral,Referral_Program,108.32,11273,455,12
2024-06-17,Direct,Direct_Traffic,291.52,770,10,0
2024-06-18,Google Ads,Search_Brand,751.93,1940,31,1
2024-06-18,Google Ads,Search_Generic,27311.79,19557,611,26
2024-06-18,Google Ads,Display_Retarget,7405.68,6750,283,22
2024-06-18,Meta Ads,FB_Prospecting,4255.78,14397,107,5
2024-06-18,Meta Ads,FB_Lookalike,560.04,2450,71,1
2024-06-18,YouTube Ads,YT_Bumper,3968.82,2663,90,1
2024-06-18,Email,Weekly_Newsletter,992.92,8599,129,9
2024-06-18,Email,Win_Back,3563.01,3358,134,5
2024-06-18,Organic Search,SEO_Blog,366.9,5283,86,3
2024-06-18,Organic Search,SEO_Category,184.04,5347,206,12
2024-06-18,Affiliate,Affiliate_Network_B,354.39,928,28,0
2024-06-18,Referral,Referral_Program,310.4,2727,32,1
2024-06-19,Google Ads,Search_Brand,2628.91,3469,138,9
2024-06-19,Google Ads,Search_Generic,1167.59,5121,101,4
2024-06-19,Google Ads,Shopping_Ads,630.98,3476,24,1
2024-06-19,Google Ads,Display_Retarget,3092.0,12221,340,7
2024-06-19,Meta Ads,FB_Prospecting,555.33,1409,17,0
2024-06-19,Meta Ads,IG_Retarget,726.3,1163,23,0
2024-06-19,Meta Ads,FB_Lookalike,953.84,5226,42,1
2024-06-19,YouTube Ads,YT_Bumper,846.23,3820,159,7
2024-06-19,Email,Weekly_Newsletter,2893.0,3428,80,0
2024-06-19,Email,Win_Back,978.84,1630,37,0
2024-06-19,Direct,Direct_Traffic,304.69,14833,284,21
2024-06-20,Google Ads,Search_Brand,2493.71,5006,79,1
2024-06-20,Google Ads,Shopping_Ads,15000.81,8023,355,8
2024-06-20,Google Ads,Display_Retarget,1038.56,1429,28,0
2024-06-20,Meta Ads,FB_Prospecting,979.22,6559,107,2
2024-06-20,Meta Ads,FB_Lookalike,1356.95,3226,138,4
2024-06-20,YouTube Ads,YT_Skippable,656.86,3490,42,0
2024-06-20,Email,Weekly_Newsletter,368.57,1725,26,1
2024-06-20,Email,Win_Back,2241.69,1944,72,2
2024-06-20,Organic Search,SEO_Category,9.44,11512,481,5
2024-06-20,Affiliate,Affiliate_Network_A,1195.12,1447,41,1
2024-06-20,Referral,Referral_Program,345.91,14372,578,21
2024-06-20,Direct,Direct_Traffic,402.42,2280,46,2
2024-06-21,Google Ads,Search_Brand,1567.75,3279,137,2
2024-06-21,Google Ads,Search_Generic,53.8,319,5,0
2024-06-21,Google Ads,Shopping_Ads,1784.45,7868,208,15
2024-06-21,Google Ads,Display_Retarget,416.2,839,23,1
2024-06-21,Meta Ads,FB_Prospecting,546.2,8015,86,3
2024-06-21,Meta Ads,IG_Retarget,270.0,1137,17,0
2024-06-21,Meta Ads,FB_Lookalike,2251.64,5569,157,7
2024-06-21,YouTube Ads,YT_Skippable,12748.38,14011,517,30
2024-06-21,YouTube Ads,YT_Bumper,1467.6,3940,80,4
2024-06-21,Email,Weekly_Newsletter,3466.59,4036,123,8
2024-06-21,Email,Cart_Recovery,33.2,1202,7,0
2024-06-21,Email,Win_Back,6778.47,5779,198,4
2024-06-21,Organic Search,SEO_Blog,123.79,3240,60,4
2024-06-21,Organic Search,SEO_Category,496.08,6854,234,15
2024-06-21,Referral,Referral_Program,184.73,3258,142,5
2024-06-21,Direct,Direct_Traffic,484.32,6350,48,2
2024-06-22,Google Ads,Search_Brand,640.7,1087,25,1
2024-06-22,Google Ads,Shopping_Ads,2778.37,2637,100,1
2024-06-22,Google Ads,Display_Retarget,1772.62,4603,65,2
2024-06-22,Meta Ads,FB_Prospecting,1047.79,2834,98,6
2024-06-22,Meta Ads,IG_Retarget,21853.21,16898,598,18
2024-06-22,Meta Ads,FB_Lookalike,621.9,2648,18,0
2024-06-22,Email,Weekly_Newsletter,4672.64,3948,120,6
2024-06-22,Email,Win_Back,1853.45,5796,241,16
2024-06-22,Organic Search,SEO_Blog,281.51,9164,355,9
2024-06-22,Organic Search,SEO_Category,84.34,8333,364,28
2024-06-22,Affiliate,Affiliate_Network_A,1236.94,1527,59,1
2024-06-23,Google Ads,Search_Brand,619.17,4791,81,4
2024-06-23,Google Ads,Search_Generic,6716.94,11380,392,10
2024-06-23,Google Ads,Shopping_Ads,2179.6,6100,196,4
2024-06-23,Google Ads,Display_Retarget,1804.33,4148,120,6
2024-06-23,Meta Ads,FB_Prospecting,433.63,1757,77,4
2024-06-23,Meta Ads,FB_Lookalike,7264.65,10269,244,7
2024-06-23,YouTube Ads,YT_Skippable,124.71,1835,12,0
2024-06-23,YouTube Ads,YT_Bumper,1015.87,4394,38,3
2024-06-23,Email,Weekly_Newsletter,2233.11,5856,62,2
2024-06-23,Email,Win_Back,13986.36,10481,334,4
2024-06-23,Organic Search,SEO_Category,267.63,11321,105,7
2024-06-23,Affiliate,Affiliate_Network_B,1221.69,732,30,2
2024-06-23,Direct,Direct_Traffic,86.07,7501,153,7
2024-06-24,Google Ads,Search_Generic,599.3,1716,64,3
2024-06-24,Google Ads,Shopping_Ads,2257.32,4462,90,2
2024-06-24,Google Ads,Display_Retarget,1768.99,2168,60,2
2024-06-24,Meta Ads,IG_Retarget,3816.45,5124,114,6
2024-06-24,Meta Ads,FB_Lookalike,3864.58,8978,137,5
2024-06-24,YouTube Ads,YT_Skippable,8551.08,14242,290,16
2024-06-24,YouTube Ads,YT_Bumper,11767.58,11547,279,14
2024-06-24,Email,Weekly_Newsletter,927.08,535,23,1
2024-06-24,Email,Win_Back,10450.94,7217,250,3
2024-06-24,Organic Search,SEO_Category,42.82,10053,417,12
2024-06-24,Affiliate,Affiliate_Network_A,4096.29,5404,134,2
2024-06-24,Affiliate,Affiliate_Network_B,866.38,5437,51,0
2024-06-25,Google Ads,Shopping_Ads,749.79,3435,65,2
2024-06-25,Meta Ads,IG_Retarget,746.46,2754,94,6
2024-06-25,Meta Ads,FB_Lookalike,712.58,6571,146,11
2024-06-25,YouTube Ads,YT_Skippable,2007.42,2874,72,2
2024-06-25,YouTube Ads,YT_Bumper,11534.33,9100,327,16
2024-06-25,Email,Weekly_Newsletter,3249.31,9117,302,13
2024-06-25,Organic Search,SEO_Blog,171.04,1762,33,2
2024-06-25,Organic Search,SEO_Category,263.41,5724,135,2
2024-06-25,Affiliate,Affiliate_Network_A,4626.48,9398,182,14
2024-06-25,Affiliate,Affiliate_Network_B,3710.52,10372,146,6
2024-06-25,Direct,Direct_Traffic,106.54,7082,254,16
2024-06-26,Google Ads,Shopping_Ads,5977.31,4926,221,12
2024-06-26,Google Ads,Display_Retarget,6745.12,4170,164,8
2024-06-26,Meta Ads,IG_Retarget,1089.42,7732,181,3
2024-06-26,YouTube Ads,YT_Skippable,5877.69,8732,284,21
2024-06-26,YouTube Ads,YT_Bumper,1600.91,2225,75,4
2024-06-26,Email,Weekly_Newsletter,3661.51,2837,118,3
2024-06-26,Email,Cart_Recovery,5697.14,7477,167,9
2024-06-26,Organic Search,SEO_Blog,186.84,7264,38,0
2024-06-26,Organic Search,SEO_Category,121.59,2829,72,2
2024-06-26,Affiliate,Affiliate_Network_A,1130.1,1325,43,1
2024-06-26,Affiliate,Affiliate_Network_B,4794.66,4601,147,7
2024-06-26,Direct,Direct_Traffic,223.71,20527,182,10
2024-06-27,Google Ads,Search_Brand,10823.26,6722,271,11
2024-06-27,Google Ads,Search_Generic,1595.5,5098,102,6
2024-06-27,Google Ads,Shopping_Ads,198.5,3278,31,2
2024-06-27,Google Ads,Display_Retarget,1253.02,6522,42,0
2024-06-27,Meta Ads,FB_Prospecting,4837.82,10773,368,15
2024-06-27,Meta Ads,IG_Retarget,4891.17,11305,170,7
2024-06-27,Meta Ads,FB_Lookalike,7193.64,6652,189,4
2024-06-27,YouTube Ads,YT_Skippable,792.88,13008,219,7
2024-06-27,YouTube Ads,YT_Bumper,,4599,99,4
2024-06-27,Email,Weekly_Newsletter,4907.8,11731,162,12
2024-06-27,Email,Win_Back,1024.61,3166,28,1
2024-06-27,Organic Search,SEO_Blog,136.12,2118,90,6
2024-06-27,Organic Search,SEO_Category,212.61,4710,46,1
2024-06-27,Affiliate,Affiliate_Network_A,13478.55,12116,390,12
2024-06-27,Affiliate,Affiliate_Network_B,2649.26,6837,171,2
2024-06-27,Referral,Referral_Program,103.31,4670,157,11
2024-06-28,Google Ads,Shopping_Ads,2569.45,4131,151,4
2024-06-28,Google Ads,Display_Retarget,197.37,6421,33,1
2024-06-28,Meta Ads,FB_Prospecting,19014.49,11799,482,23
2024-06-28,Meta Ads,IG_Retarget,2199.56,4892,69,4
2024-06-28,Meta Ads,FB_Lookalike,1177.44,1652,44,3
2024-06-28,YouTube Ads,YT_Skippable,3140.62,8277,74,3
2024-06-28,YouTube Ads,YT_Bumper,1577.82,1705,56,1
2024-06-28,Email,Weekly_Newsletter,11665.32,9403,290,11
2024-06-28,Email,Win_Back,1661.22,3853,133,4
2024-06-28,Organic Search,SEO_Category,88.66,11957,311,8
2024-06-28,Affiliate,Affiliate_Network_A,6047.15,6367,153,3
2024-06-28,Affiliate,Affiliate_Network_B,1297.38,3463,134,10
2024-06-28,Referral,Referral_Program,260.75,3331,70,2
2024-06-28,Direct,Direct_Traffic,259.62,4718,153,3
2024-06-29,Google Ads,Search_Brand,4261.95,7698,165,8
2024-06-29,Google Ads,Display_Retarget,2286.98,11568,61,3
2024-06-29,Meta Ads,IG_Retarget,199.16,1683,17,1
2024-06-29,Meta Ads,FB_Lookalike,9694.87,16002,444,5
2024-06-29,Email,Weekly_Newsletter,5012.97,6897,130,6
2024-06-29,Email,Cart_Recovery,461.14,432,17,0
2024-06-29,Organic Search,SEO_Blog,204.05,864,14,0
2024-06-29,Organic Search,SEO_Category,50.53,2166,56,3
2024-06-29,Direct,Direct_Traffic,33.68,5684,120,2
2024-06-30,Google Ads,Display_Retarget,364.34,2472,55,1
2024-06-30,Meta Ads,FB_Prospecting,269.89,360,7,0
2024-06-30,Meta Ads,IG_Retarget,233.28,1353,19,0
2024-06-30,Meta Ads,FB_Lookalike,1885.16,1800,73,3
2024-06-30,YouTube Ads,YT_Skippable,7565.71,14176,190,13
2024-06-30,YouTube Ads,YT_Bumper,4484.37,4637,124,2
2024-06-30,Email,Weekly_Newsletter,3494.8,7668,201,7
2024-06-30,Email,Cart_Recovery,6579.35,6402,168,5
2024-06-30,Email,Win_Back,1686.97,3888,71,3
2024-06-30,Organic Search,SEO_Blog,307.37,1977,84,6
2024-06-30,Affiliate,Affiliate_Network_A,1199.77,3748,72,3
2024-06-30,Referral,Referral_Program,376.66,7046,117,6
2024-06-30,Direct,Direct_Traffic,142.04,4807,158,12
2024-07-01,Google Ads,Search_Brand,1732.19,13132,190,2
2024-07-01,Google Ads,Shopping_Ads,7428.94,6693,241,15
2024-07-01,Google Ads,Display_Retarget,2015.39,5252,233,9
2024-07-01,Meta Ads,FB_Prospecting,2467.31,7421,307,3
2024-07-01,Meta Ads,FB_Lookalike,13560.89,13164,447,22
2024-07-01,YouTube Ads,YT_Bumper,286.39,438,13,0
2024-07-01,Email,Weekly_Newsletter,348.46,3862,21,0
2024-07-01,Email,Cart_Recovery,7157.33,10586,304,12
2024-07-01,Email,Win_Back,5623.49,4308,144,9
2024-07-01,Affiliate,Affiliate_Network_A,848.43,3573,50,1
2024-07-01,Affiliate,Affiliate_Network_B,3847.28,5629,209,2
2024-07-01,Referral,Referral_Program,365.08,4282,100,6
2024-07-02,Google Ads,Search_Brand,830.98,2616,58,3
2024-07-02,Google Ads,Search_Generic,1694.32,3634,78,5
2024-07-02,Google Ads,Shopping_Ads,1788.34,5294,58,4
2024-07-02,Google Ads,Display_Retarget,2666.9,4676,163,8
2024-07-02,Meta Ads,FB_Prospecting,1182.66,3328,77,3
2024-07-02,Meta Ads,IG_Retarget,268.95,4094,24,1
2024-07-02,Meta Ads,FB_Lookalike,230.84,1904,11,0
2024-07-02,YouTube Ads,YT_Bumper,282.95,7502,92,2
2024-07-02,Email,Weekly_Newsletter,66.89,645,14,0
2024-07-02,Email,Cart_Recovery,5082.45,7278,230,2
2024-07-02,Email,Win_Back,,4566,33,1
2024-07-02,Organic Search,SEO_Blog,373.95,12297,106,7
2024-07-02,Affiliate,Affiliate_Network_A,267.86,3076,45,2
2024-07-02,Affiliate,Affiliate_Network_B,2255.54,3901,106,5
2024-07-02,Referral,Referral_Program,322.34,8899,392,10
2024-07-02,Direct,Direct_Traffic,185.66,2811,109,3
2024-07-03,Google Ads,Search_Brand,7635.86,11948,395,8
2024-07-03,Google Ads,Search_Generic,2879.09,10930,87,1
2024-07-03,Google Ads,Shopping_Ads,8739.38,8582,317,22
2024-07-03,Meta Ads,FB_Prospecting,3757.34,8000,163,7
2024-07-03,Meta Ads,IG_Retarget,7533.08,6985,269,14
2024-07-03,Meta Ads,FB_Lookalike,1254.62,1799,28,0
2024-07-03,Email,Weekly_Newsletter,2025.68,3026,80,1
2024-07-03,Email,Win_Back,1141.24,3258,64,2
2024-07-03,Organic Search,SEO_Blog,250.53,1899,39,2
2024-07-03,Organic Search,SEO_Category,433.94,531,9,0
2024-07-03,Affiliate,Affiliate_Network_A,,1765,54,2
2024-07-03,Affiliate,Affiliate_Network_B,352.08,1728,10,0
2024-07-03,Referral,Referral_Program,172.29,467,12,0
2024-07-04,Google Ads,Shopping_Ads,1186.49,5042,44,0
2024-07-04,Google Ads,Display_Retarget,809.84,9289,69,4
2024-07-04,Meta Ads,FB_Prospecting,6418.43,3354,150,1
2024-07-04,YouTube Ads,YT_Bumper,4585.05,10376,107,2
2024-07-04,Email,Weekly_Newsletter,1350.75,2222,43,2
2024-07-04,Email,Cart_Recovery,3590.75,7121,226,7
2024-07-04,Email,Win_Back,1137.33,7270,77,3
2024-07-04,Organic Search,SEO_Blog,67.12,6688,181,6
2024-07-04,Affiliate,Affiliate_Network_B,4061.98,6466,143,7
2024-07-05,Google Ads,Search_Generic,1824.5,7212,169,8
2024-07-05,Google Ads,Shopping_Ads,1996.69,4837,90,5
2024-07-05,Google Ads,Display_Retarget,2281.75,13110,174,11
2024-07-05,Meta Ads,FB_Prospecting,630.46,3757,20,0
2024-07-05,Meta Ads,IG_Retarget,1670.04,8486,143,7
2024-07-05,Meta Ads,FB_Lookalike,1994.13,2512,112,6
2024-07-05,Email,Weekly_Newsletter,1079.55,2229,29,1
2024-07-05,Organic Search,SEO_Blog,23.08,3152,115,5
2024-07-05,Organic Search,SEO_Category,238.0,3367,127,9
2024-07-05,Affiliate,Affiliate_Network_A,522.65,2552,39,0
2024-07-05,Affiliate,Affiliate_Network_B,3253.75,9506,217,6
2024-07-05,Referral,Referral_Program,464.37,3182,66,1
2024-07-05,Direct,Direct_Traffic,376.74,2793,49,3
2024-07-06,Google Ads,Shopping_Ads,3423.96,4150,161,5
2024-07-06,Meta Ads,FB_Prospecting,1815.86,2934,74,4
2024-07-06,Meta Ads,IG_Retarget,2527.21,11418,87,1
2024-07-06,Meta Ads,FB_Lookalike,5664.16,6980,131,5
2024-07-06,YouTube Ads,YT_Bumper,403.81,5521,34,1
2024-07-06,Email,Weekly_Newsletter,3468.61,2862,111,8
2024-07-06,Email,Cart_Recovery,1468.19,2227,40,0
2024-07-06,Email,Win_Back,5765.55,6569,257,12
2024-07-06,Organic Search,SEO_Category,287.76,1286,7,0
2024-07-06,Affiliate,Affiliate_Network_A,5472.63,6003,195,13
2024-07-06,Affiliate,Affiliate_Network_B,525.7,4342,64,3
2024-07-06,Referral,Referral_Program,123.87,4743,138,2
2024-07-06,Direct,Direct_Traffic,60.86,7278,131,7
2024-07-07,Google Ads,Search_Brand,5929.44,5804,153,7
2024-07-07,Google Ads,Search_Generic,1856.85,1158,49,1
2024-07-07,Meta Ads,FB_Prospecting,4387.4,4493,128,2
2024-07-07,Meta Ads,IG_Retarget,2067.0,9540,48,2
2024-07-07,Meta Ads,FB_Lookalike,7062.14,7049,269,19
2024-07-07,YouTube Ads,YT_Skippable,4743.91,8022,194,7
2024-07-07,Email,Cart_Recovery,4954.9,4988,192,7
2024-07-07,Email,Win_Back,2024.81,3243,135,9
2024-07-07,Organic Search,SEO_Blog,210.82,2773,94,1
2024-07-07,Affiliate,Affiliate_Network_B,12184.69,17994,546,5
2024-07-07,Referral,Referral_Program,364.41,9222,365,16
2024-07-07,Direct,Direct_Traffic,,4178,30,0
2024-07-08,Google Ads,Search_Brand,2745.28,5329,71,3
2024-07-08,Google Ads,Shopping_Ads,579.13,4591,37,2
2024-07-08,Google Ads,Display_Retarget,1288.62,1755,71,3
2024-07-08,Meta Ads,IG_Retarget,6319.89,13759,171,8
2024-07-08,Meta Ads,FB_Lookalike,884.79,7669,52,2
2024-07-08,YouTube Ads,YT_Skippable,4583.57,6326,145,6
2024-07-08,YouTube Ads,YT_Bumper,8508.03,16311,266,11
2024-07-08,Email,Weekly_Newsletter,4920.15,6735,183,12
2024-07-08,Email,Cart_Recovery,720.49,744,30,1
2024-07-08,Email,Win_Back,2396.17,2178,88,3
2024-07-08,Organic Search,SEO_Blog,399.2,8460,354,14
2024-07-08,Organic Search,SEO_Category,50.96,12885,244,10
2024-07-08,Affiliate,Affiliate_Network_A,3305.46,7032,135,5
2024-07-08,Affiliate,Affiliate_Network_B,6866.44,5081,160,3
2024-07-08,Referral,Referral_Program,320.06,9883,97,1
2024-07-08,Direct,Direct_Traffic,192.16,11036,493,15
2024-07-09,Google Ads,Search_Brand,2497.61,8786,172,4
2024-07-09,Google Ads,Search_Generic,1735.14,6007,225,17
2024-07-09,Google Ads,Shopping_Ads,2497.01,2548,86,4
2024-07-09,Meta Ads,FB_Prospecting,7753.26,4706,200,4
2024-07-09,Meta Ads,IG_Retarget,2826.14,1931,69,2
2024-07-09,Meta Ads,FB_Lookalike,580.98,2643,17,1
2024-07-09,YouTube Ads,YT_Skippable,441.33,3819,102,5
2024-07-09,Email,Cart_Recovery,499.98,2966,108,1
2024-07-09,Organic Search,SEO_Category,249.92,1639,58,1
2024-07-09,Affiliate,Affiliate_Network_A,3658.66,3123,127,5
2024-07-09,Affiliate,Affiliate_Network_B,2382.43,4131,100,7
2024-07-09,Referral,Referral_Program,212.15,5751,152,6
2024-07-09,Direct,Direct_Traffic,326.32,1587,21,0
2024-07-10,Google Ads,Search_Brand,1681.83,5174,67,2
2024-07-10,Google Ads,Search_Generic,6081.14,7343,220,3
2024-07-10,Google Ads,Shopping_Ads,668.52,6512,50,1
2024-07-10,Google Ads,Display_Retarget,1802.78,3232,130,3
2024-07-10,Meta Ads,FB_Prospecting,3127.77,7584,92,3
2024-07-10,YouTube Ads,YT_Skippable,1464.0,11759,474,11
2024-07-10,YouTube Ads,YT_Bumper,1250.33,1625,49,3
2024-07-10,Email,Win_Back,11778.19,10849,390,8
2024-07-10,Organic Search,SEO_Blog,185.66,3662,152,9
2024-07-10,Affiliate,Affiliate_Network_A,1722.96,2474,44,1
2024-07-10,Referral,Referral_Program,455.99,842,20,0
2024-07-11,Google Ads,Search_Brand,15681.39,15757,378,4
2024-07-11,Google Ads,Search_Generic,1304.55,2014,73,2
2024-07-11,Google Ads,Shopping_Ads,723.27,3645,68,0
2024-07-11,Meta Ads,IG_Retarget,316.47,422,11,0
2024-07-11,Meta Ads,FB_Lookalike,2609.64,9910,88,5
2024-07-11,YouTube Ads,YT_Skippable,4469.03,7562,114,2
2024-07-11,YouTube Ads,YT_Bumper,764.64,2510,46,1
2024-07-11,Email,Weekly_Newsletter,5668.6,5425,182,7
2024-07-11,Email,Cart_Recovery,1214.93,2112,90,1
2024-07-11,Email,Win_Back,1318.32,3437,54,1
2024-07-11,Affiliate,Affiliate_Network_A,8686.05,7357,284,3
2024-07-11,Affiliate,Affiliate_Network_B,13314.91,9266,406,31
2024-07-11,Direct,Direct_Traffic,106.86,8197,133,5
2024-07-12,Google Ads,Search_Brand,1902.55,3285,80,2
2024-07-12,Google Ads,Search_Generic,1684.49,1535,63,3
2024-07-12,Google Ads,Shopping_Ads,3797.15,2891,117,3
2024-07-12,Google Ads,Display_Retarget,9275.52,8705,228,17
2024-07-12,Meta Ads,IG_Retarget,328.72,4060,65,2
2024-07-12,Meta Ads,FB_Lookalike,1120.6,5430,61,4
2024-07-12,YouTube Ads,YT_Skippable,1044.49,992,34,0
2024-07-12,YouTube Ads,YT_Bumper,4613.87,20737,705,41
2024-07-12,Email,Weekly_Newsletter,4338.68,8895,142,4
2024-07-12,Email,Cart_Recovery,956.86,2340,60,1
2024-07-12,Email,Win_Back,1888.78,3690,52,3
2024-07-12,Organic Search,SEO_Blog,134.97,435,2,0
2024-07-12,Organic Search,SEO_Category,61.79,9402,140,7
2024-07-12,Affiliate,Affiliate_Network_B,2353.48,3692,80,1
2024-07-12,Referral,Referral_Program,3.81,6868,125,4
2024-07-12,Direct,Direct_Traffic,73.12,5598,75,1
2024-07-13,Google Ads,Search_Brand,6610.35,5515,217,5
2024-07-13,Google Ads,Search_Generic,5979.58,8011,226,13
2024-07-13,Google Ads,Shopping_Ads,1304.24,8371,179,4
2024-07-13,Google Ads,Display_Retarget,146.42,1308,17,1
2024-07-13,Meta Ads,FB_Prospecting,174.94,1302,12,0
2024-07-13,YouTube Ads,YT_Skippable,2953.08,9506,70,4
2024-07-13,YouTube Ads,YT_Bumper,12817.72,12934,567,29
2024-07-13,Email,Weekly_Newsletter,8114.87,8326,206,12
2024-07-13,Email,Cart_Recovery,9243.27,5797,235,6
2024-07-13,Organic Search,SEO_Category,220.23,11360,387,8
2024-07-13,Affiliate,Affiliate_Network_A,650.97,3206,49,1
2024-07-13,Affiliate,Affiliate_Network_B,2059.83,8340,314,3
2024-07-14,Google Ads,Search_Brand,3144.34,5804,189,14
2024-07-14,Google Ads,Search_Generic,2433.98,6424,94,5
2024-07-14,Google Ads,Display_Retarget,2789.29,2232,72,3
2024-07-14,Meta Ads,FB_Prospecting,4832.71,7081,246,6
2024-07-14,Meta Ads,IG_Retarget,1409.21,12940,133,4
2024-07-14,YouTube Ads,YT_Skippable,13150.97,9975,397,31
2024-07-14,Email,Weekly_Newsletter,349.48,3716,27,0
2024-07-14,Email,Cart_Recovery,4289.28,4042,107,6
2024-07-14,Email,Win_Back,567.84,2377,17,1
2024-07-14,Organic Search,SEO_Category,176.78,4759,88,2
2024-07-14,Affiliate,Affiliate_Network_A,1160.83,4796,110,7
2024-07-14,Affiliate,Affiliate_Network_B,421.89,5143,105,6
2024-07-14,Referral,Referral_Program,347.45,5983,81,3
2024-07-15,Google Ads,Search_Brand,8021.03,6284,245,11
2024-07-15,Google Ads,Search_Generic,1271.95,4983,217,6
2024-07-15,Google Ads,Shopping_Ads,2784.77,12166,181,11
2024-07-15,Meta Ads,FB_Prospecting,696.93,7113,211,11
2024-07-15,Meta Ads,FB_Lookalike,3150.54,6353,88,4
2024-07-15,YouTube Ads,YT_Bumper,1055.0,1325,37,0
2024-07-15,Email,Cart_Recovery,410.87,4665,41,1
2024-07-15,Email,Win_Back,2035.08,8042,130,4
2024-07-15,Organic Search,SEO_Blog,310.3,12369,117,9
2024-07-15,Affiliate,Affiliate_Network_A,4855.47,3372,135,9
2024-07-15,Affiliate,Affiliate_Network_B,1847.21,1957,49,2
2024-07-15,Referral,Referral_Program,21.5,155,5,0
2024-07-16,Google Ads,Search_Brand,350.76,2742,26,2
2024-07-16,Google Ads,Search_Generic,524.79,6125,43,2
2024-07-16,Google Ads,Shopping_Ads,6887.63,11008,271,14
2024-07-16,Google Ads,Display_Retarget,4420.37,3907,163,7
2024-07-16,Meta Ads,FB_Prospecting,768.57,1702,49,3
2024-07-16,Meta Ads,IG_Retarget,3298.79,4230,77,2
2024-07-16,YouTube Ads,YT_Bumper,4450.68,8841,342,23
2024-07-16,Email,Weekly_Newsletter,2715.44,7124,81,4
2024-07-16,Email,Cart_Recovery,267.19,1357,10,0
2024-07-16,Organic Search,SEO_Blog,279.91,737,22,0
2024-07-16,Affiliate,Affiliate_Network_A,779.31,9680,145,4
2024-07-16,Affiliate,Affiliate_Network_B,764.42,4640,25,1
2024-07-16,Direct,Direct_Traffic,9.06,12808,256,16
2024-07-17,Google Ads,Search_Brand,5269.95,4765,209,9
2024-07-17,Google Ads,Search_Generic,89.53,1500,23,0
2024-07-17,Meta Ads,IG_Retarget,580.51,1891,29,0
2024-07-17,Meta Ads,FB_Lookalike,3030.94,8744,69,5
2024-07-17,YouTube Ads,YT_Skippable,6694.77,8767,346,24
2024-07-17,Email,Cart_Recovery,961.74,3908,142,7
2024-07-17,Email,Win_Back,21537.65,19377,687,52
2024-07-17,Organic Search,SEO_Blog,118.53,4188,187,5
2024-07-17,Affiliate,Affiliate_Network_A,1317.7,4679,123,1
2024-07-17,Affiliate,Affiliate_Network_B,8657.26,9375,279,20
2024-07-17,Referral,Referral_Program,347.79,3245,55,2
2024-07-17,Direct,Direct_Traffic,185.66,2807,73,4
2024-07-18,Google Ads,Search_Generic,1397.48,856,36,2
2024-07-18,Google Ads,Shopping_Ads,653.57,5245,71,2
2024-07-18,Google Ads,Display_Retarget,347.73,792,28,1
2024-07-18,Meta Ads,FB_Prospecting,968.21,4148,29,1
2024-07-18,Meta Ads,IG_Retarget,1383.91,2205,81,4
2024-07-18,Meta Ads,FB_Lookalike,825.33,681,20,0
2024-07-18,YouTube Ads,YT_Skippable,320.38,995,12,0
2024-07-18,YouTube Ads,YT_Bumper,720.43,1619,25,1
2024-07-18,Email,Cart_Recovery,1488.94,1838,68,3
2024-07-18,Affiliate,Affiliate_Network_A,5279.06,4113,118,2
2024-07-18,Affiliate,Affiliate_Network_B,3244.41,6652,134,3
2024-07-18,Direct,Direct_Traffic,165.41,13814,163,8
2024-07-19,Google Ads,Search_Brand,534.04,848,33,1
2024-07-19,Google Ads,Search_Generic,1683.42,4221,186,8
2024-07-19,Google Ads,Display_Retarget,2789.37,6146,136,10
2024-07-19,YouTube Ads,YT_Skippable,1462.3,9182,227,15
2024-07-19,YouTube Ads,YT_Bumper,1906.6,1430,43,0
2024-07-19,Email,Cart_Recovery,5266.0,3859,162,9
2024-07-19,Email,Win_Back,1587.8,5217,50,2
2024-07-19,Organic Search,SEO_Blog,242.46,11831,413,6
2024-07-19,Organic Search,SEO_Category,32.56,5023,197,6
2024-07-19,Affiliate,Affiliate_Network_B,2077.89,3786,89,1
2024-07-19,Referral,Referral_Program,336.62,8290,297,16
2024-07-19,Direct,Direct_Traffic,165.93,4141,151,6
2024-07-20,Google Ads,Search_Brand,4765.81,3924,148,10
2024-07-20,Google Ads,Display_Retarget,2155.06,4583,107,8
2024-07-20,Meta Ads,FB_Prospecting,,4860,133,5
2024-07-20,Meta Ads,IG_Retarget,2078.07,1836,73,2
2024-07-20,Meta Ads,FB_Lookalike,9145.3,8161,234,13
2024-07-20,YouTube Ads,YT_Skippable,1025.36,4034,46,0
2024-07-20,YouTube Ads,YT_Bumper,9116.4,9092,383,6
2024-07-20,Email,Weekly_Newsletter,606.35,6482,48,2
2024-07-20,Email,Cart_Recovery,466.6,5394,59,2
2024-07-20,Email,Win_Back,985.66,12827,65,4
2024-07-20,Organic Search,SEO_Blog,6.06,26857,722,24
2024-07-20,Organic Search,SEO_Category,422.53,2816,125,4
2024-07-20,Affiliate,Affiliate_Network_A,4837.06,13553,162,3
2024-07-20,Affiliate,Affiliate_Network_B,293.91,7190,59,1
2024-07-20,Referral,Referral_Program,450.82,6162,190,9
2024-07-20,Direct,Direct_Traffic,190.79,5625,242,16
2024-07-21,Google Ads,Search_Brand,4574.91,5613,108,3
2024-07-21,Google Ads,Shopping_Ads,2716.49,9755,118,7
2024-07-21,Google Ads,Display_Retarget,10265.66,6815,306,19
2024-07-21,Meta Ads,IG_Retarget,567.73,3525,54,3
2024-07-21,Meta Ads,FB_Lookalike,2431.35,3299,79,4
2024-07-21,YouTube Ads,YT_Skippable,10432.04,8236,256,14
2024-07-21,YouTube Ads,YT_Bumper,6744.58,7582,158,12
2024-07-21,Email,Weekly_Newsletter,159.84,1319,6,0
2024-07-21,Email,Cart_Recovery,431.61,5232,28,1
2024-07-21,Email,Win_Back,,7988,269,6
2024-07-21,Organic Search,SEO_Blog,103.24,2742,57,3
2024-07-21,Organic Search,SEO_Category,484.9,5551,178,1
2024-07-21,Affiliate,Affiliate_Network_A,3605.57,5802,85,2
2024-07-21,Affiliate,Affiliate_Network_B,92.19,967,27,0
2024-07-21,Referral,Referral_Program,336.34,16150,187,9
2024-07-21,Direct,Direct_Traffic,172.1,10499,335,9
2024-07-22,Google Ads,Search_Brand,2296.94,2648,68,3
2024-07-22,Meta Ads,FB_Lookalike,451.72,2466,13,0
2024-07-22,YouTube Ads,YT_Skippable,1855.65,3865,116,3
2024-07-22,Email,Weekly_Newsletter,4612.55,4647,164,4
2024-07-22,Email,Cart_Recovery,13314.46,8846,310,14
2024-07-22,Email,Win_Back,7497.09,7265,217,4
2024-07-22,Affiliate,Affiliate_Network_A,1194.53,2995,39,1
2024-07-22,Affiliate,Affiliate_Network_B,4521.36,6668,218,3
2024-07-22,Referral,Referral_Program,364.81,4092,169,12
2024-07-22,Direct,Direct_Traffic,30.32,4487,72,3
2024-07-23,Google Ads,Search_Brand,2312.33,2736,52,2
2024-07-23,Google Ads,Search_Generic,886.43,847,22,1
2024-07-23,Google Ads,Display_Retarget,4368.49,3792,102,6
2024-07-23,Meta Ads,FB_Prospecting,2748.27,6792,112,5
2024-07-23,Meta Ads,IG_Retarget,186.54,2085,14,0
2024-07-23,Meta Ads,FB_Lookalike,8738.83,13533,334,25
2024-07-23,YouTube Ads,YT_Skippable,8658.97,7806,227,10
2024-07-23,YouTube Ads,YT_Bumper,627.26,5803,55,1
2024-07-23,Email,Win_Back,1227.62,6026,260,5
2024-07-23,Organic Search,SEO_Category,427.94,10197,376,4
2024-07-23,Affiliate,Affiliate_Network_A,2388.61,10426,124,3
2024-07-23,Affiliate,Affiliate_Network_B,4455.75,5640,234,9
2024-07-23,Referral,Referral_Program,108.59,5072,167,6
2024-07-23,Direct,Direct_Traffic,184.77,2098,93,6
2024-07-24,Google Ads,Search_Brand,179.28,1483,10,0
2024-07-24,Google Ads,Search_Generic,58.22,1483,8,0
2024-07-24,Meta Ads,FB_Prospecting,2723.51,2062,75,1
2024-07-24,Meta Ads,IG_Retarget,134.48,3802,23,1
2024-07-24,Meta Ads,FB_Lookalike,4312.12,10845,123,6
2024-07-24,Email,Weekly_Newsletter,6694.01,12166,189,13
2024-07-24,Email,Win_Back,64.16,1911,12,0
2024-07-24,Organic Search,SEO_Blog,419.81,1903,64,3
2024-07-24,Affiliate,Affiliate_Network_A,506.43,6233,41,0
2024-07-24,Direct,Direct_Traffic,28.1,12649,258,4
2024-07-25,Google Ads,Search_Brand,2830.03,5102,154,5
2024-07-25,Google Ads,Search_Generic,2205.96,7136,66,5
2024-07-25,Google Ads,Shopping_Ads,2140.53,10890,126,4
2024-07-25,Google Ads,Display_Retarget,2053.83,1317,48,3
2024-07-25,Meta Ads,FB_Prospecting,2711.88,4600,112,8
2024-07-25,Meta Ads,IG_Retarget,10827.34,8999,270,7
2024-07-25,YouTube Ads,YT_Skippable,2183.18,6171,122,1
2024-07-25,YouTube Ads,YT_Bumper,1869.08,5756,60,4
2024-07-25,Email,Weekly_Newsletter,12949.86,7935,355,6
2024-07-25,Email,Cart_Recovery,882.07,1220,50,2
2024-07-25,Organic Search,SEO_Blog,166.03,5804,37,2
2024-07-25,Organic Search,SEO_Category,260.36,2521,48,1
2024-07-25,Affiliate,Affiliate_Network_A,1595.89,4074,88,5
2024-07-25,Referral,Referral_Program,135.47,6062,119,2
2024-07-25,Direct,Direct_Traffic,495.79,5844,117,2
2024-07-26,Google Ads,Search_Brand,3977.57,6990,304,20
2024-07-26,Google Ads,Shopping_Ads,3068.13,4520,123,2
2024-07-26,Meta Ads,FB_Prospecting,1489.25,2314,38,2
2024-07-26,Meta Ads,IG_Retarget,3964.14,2590,105,4
2024-07-26,Meta Ads,FB_Lookalike,804.12,2136,50,1
2024-07-26,YouTube Ads,YT_Bumper,,2405,104,4
2024-07-26,Email,Weekly_Newsletter,19379.9,15484,503,8
2024-07-26,Email,Cart_Recovery,18277.95,13260,474,8
2024-07-26,Organic Search,SEO_Blog,132.94,7907,97,6
2024-07-26,Organic Search,SEO_Category,354.84,2428,83,5
2024-07-26,Referral,Referral_Program,447.11,14522,444,10
2024-07-26,Direct,Direct_Traffic,142.09,16966,226,2
2024-07-27,Google Ads,Search_Brand,190.89,3405,21,0
2024-07-27,Google Ads,Shopping_Ads,10030.23,8696,353,19
2024-07-27,Google Ads,Display_Retarget,7578.11,5303,199,4
2024-07-27,Meta Ads,FB_Prospecting,7578.33,14695,565,42
2024-07-27,Meta Ads,IG_Retarget,1092.91,6405,35,2
2024-07-27,YouTube Ads,YT_Bumper,1763.0,2959,78,2
2024-07-27,Email,Cart_Recovery,2151.34,3846,72,1
2024-07-27,Email,Win_Back,5697.44,6083,170,11
2024-07-27,Organic Search,SEO_Blog,,1019,29,0
2024-07-27,Affiliate,Affiliate_Network_B,3130.22,3286,135,1
2024-07-27,Referral,Referral_Program,230.32,13553,175,5
2024-07-28,Google Ads,Shopping_Ads,5782.61,5954,219,14
2024-07-28,Google Ads,Display_Retarget,76.89,239,7,0
2024-07-28,Meta Ads,FB_Prospecting,1481.96,4505,136,4
2024-07-28,YouTube Ads,YT_Skippable,2396.96,4256,191,6
2024-07-28,Email,Weekly_Newsletter,3631.93,6803,284,17
2024-07-28,Email,Cart_Recovery,16378.08,16450,712,41
2024-07-28,Organic Search,SEO_Blog,427.32,5514,38,0
2024-07-28,Affiliate,Affiliate_Network_B,8151.08,7357,211,7
2024-07-28,Direct,Direct_Traffic,424.88,3342,90,6
2024-07-29,Google Ads,Search_Brand,3776.46,2255,90,2
2024-07-29,Google Ads,Shopping_Ads,1778.26,8328,55,3
2024-07-29,Google Ads,Display_Retarget,1336.91,4582,36,2
2024-07-29,Meta Ads,FB_Prospecting,4286.54,8984,133,9
2024-07-29,Meta Ads,FB_Lookalike,670.23,3304,37,1
2024-07-29,Email,Weekly_Newsletter,2667.06,3050,98,1
2024-07-29,Email,Cart_Recovery,4467.99,6843,142,1
2024-07-29,Email,Win_Back,2350.58,4942,57,0
2024-07-29,Affiliate,Affiliate_Network_A,8243.92,7276,214,16
2024-07-29,Affiliate,Affiliate_Network_B,7575.88,13988,358,21
2024-07-29,Referral,Referral_Program,124.69,1190,51,2
2024-07-29,Direct,Direct_Traffic,309.37,2619,50,3
2024-07-30,Google Ads,Search_Brand,308.69,680,8,0
2024-07-30,Google Ads,Search_Generic,5398.48,3837,121,6
2024-07-30,Google Ads,Shopping_Ads,8857.75,9982,206,3
2024-07-30,Meta Ads,FB_Prospecting,861.97,7224,103,2
2024-07-30,Meta Ads,IG_Retarget,5637.11,5240,176,9
2024-07-30,Meta Ads,FB_Lookalike,370.03,912,13,1
2024-07-30,YouTube Ads,YT_Bumper,,5971,126,7
2024-07-30,Email,Weekly_Newsletter,1782.36,3641,79,4
2024-07-30,Email,Cart_Recovery,5165.59,8604,257,14
2024-07-30,Referral,Referral_Program,396.26,4382,112,1
2024-07-31,Google Ads,Search_Brand,1680.37,1811,66,4
2024-07-31,Google Ads,Search_Generic,331.55,1256,43,1
2024-07-31,Google Ads,Shopping_Ads,11740.56,7049,295,12
2024-07-31,Google Ads,Display_Retarget,2320.74,8692,61,4
2024-07-31,Meta Ads,FB_Prospecting,3378.43,7032,264,4
2024-07-31,Meta Ads,FB_Lookalike,10737.24,9345,384,20
2024-07-31,YouTube Ads,YT_Bumper,181.01,761,8,0
2024-07-31,Email,Cart_Recovery,573.78,2182,38,2
2024-07-31,Email,Win_Back,8450.64,12897,190,2
2024-07-31,Organic Search,SEO_Category,107.28,5707,117,4
2024-07-31,Affiliate,Affiliate_Network_A,445.89,1422,17,1
2024-07-31,Affiliate,Affiliate_Network_B,884.64,3034,29,1
2024-07-31,Referral,Referral_Program,82.92,15265,685,23
2024-08-01,Google Ads,Search_Generic,5986.61,3356,137,7
2024-08-01,Google Ads,Shopping_Ads,3447.77,10159,424,7
2024-08-01,Google Ads,Display_Retarget,5955.72,7825,178,4
2024-08-01,Meta Ads,FB_Prospecting,71.34,440,11,0
2024-08-01,Meta Ads,IG_Retarget,10173.73,8195,232,12
2024-08-01,YouTube Ads,YT_Bumper,1229.55,5279,88,4
2024-08-01,Email,Weekly_Newsletter,589.57,1540,43,3
2024-08-01,Email,Cart_Recovery,5772.17,19933,257,16
2024-08-01,Email,Win_Back,2573.54,2594,102,6
2024-08-01,Organic Search,SEO_Blog,364.88,5354,214,8
2024-08-01,Organic Search,SEO_Category,276.43,2638,45,1
2024-08-01,Affiliate,Affiliate_Network_A,,3934,73,3
2024-08-01,Referral,Referral_Program,336.07,1910,11,0
2024-08-02,Google Ads,Display_Retarget,724.34,5331,55,1
2024-08-02,Meta Ads,IG_Retarget,1639.41,9989,400,6
2024-08-02,Meta Ads,FB_Lookalike,1338.91,7253,70,4
2024-08-02,YouTube Ads,YT_Skippable,989.96,2211,62,3
2024-08-02,YouTube Ads,YT_Bumper,7263.48,7606,276,14
2024-08-02,Email,Win_Back,1550.48,7194,56,3
2024-08-02,Organic Search,SEO_Blog,318.82,12521,64,2
2024-08-02,Organic Search,SEO_Category,33.78,1880,23,1
2024-08-02,Referral,Referral_Program,230.29,2837,68,1
2024-08-02,Direct,Direct_Traffic,428.21,13311,325,13
2024-08-03,Google Ads,Search_Brand,2111.68,2190,76,2
2024-08-03,Google Ads,Shopping_Ads,4368.16,6385,213,13
2024-08-03,Google Ads,Display_Retarget,2427.35,6540,126,7
2024-08-03,Meta Ads,FB_Prospecting,5316.19,5814,162,10
2024-08-03,Meta Ads,FB_Lookalike,4135.57,8633,213,13
2024-08-03,YouTube Ads,YT_Bumper,2384.44,2802,78,2
2024-08-03,Email,Weekly_Newsletter,4033.27,7678,120,8
2024-08-03,Email,Cart_Recovery,2887.37,3544,117,5
2024-08-03,Email,Win_Back,7721.69,11175,227,3
2024-08-03,Organic Search,SEO_Blog,198.12,12582,291,22
2024-08-03,Organic Search,SEO_Category,20.03,4114,73,0
2024-08-03,Affiliate,Affiliate_Network_B,459.85,1664,54,3
2024-08-03,Referral,Referral_Program,312.21,3194,89,2
2024-08-04,Google Ads,Search_Generic,797.81,4634,59,1
2024-08-04,Google Ads,Shopping_Ads,1249.07,2794,58,2
2024-08-04,Google Ads,Display_Retarget,2171.08,3552,56,1
2024-08-04,Meta Ads,FB_Prospecting,3769.9,2992,103,7
2024-08-04,Meta Ads,IG_Retarget,,7180,122,5
2024-08-04,YouTube Ads,YT_Skippable,4121.0,16243,331,18
2024-08-04,YouTube Ads,YT_Bumper,330.46,9222,69,2
2024-08-04,Email,Cart_Recovery,13803.92,10840,396,8
2024-08-04,Email,Win_Back,6484.45,17931,235,8
2024-08-04,Organic Search,SEO_Blog,149.89,5260,148,5
2024-08-04,Organic Search,SEO_Category,353.86,8864,316,5
2024-08-04,Affiliate,Affiliate_Network_A,1993.08,6708,88,2
2024-08-04,Affiliate,Affiliate_Network_B,31377.23,22630,972,21
2024-08-04,Referral,Referral_Program,326.86,10466,252,13
2024-08-05,Google Ads,Search_Brand,743.37,1212,23,0
2024-08-05,Google Ads,Shopping_Ads,7408.35,12071,171,6
2024-08-05,Google Ads,Display_Retarget,1277.78,1578,40,0
2024-08-05,Meta Ads,IG_Retarget,2879.22,6110,98,2
2024-08-05,Meta Ads,FB_Lookalike,513.45,3055,38,1
2024-08-05,YouTube Ads,YT_Bumper,2492.66,7199,154,7
2024-08-05,Email,Weekly_Newsletter,4562.36,12084,144,3
2024-08-05,Email,Cart_Recovery,10189.61,9312,323,10
2024-08-05,Email,Win_Back,1108.7,8923,59,3
2024-08-05,Organic Search,SEO_Blog,129.59,6237,39,1
2024-08-05,Affiliate,Affiliate_Network_A,1888.73,1402,62,0
2024-08-05,Referral,Referral_Program,351.09,8650,141,3
2024-08-05,Direct,Direct_Traffic,479.25,2092,84,6
2024-08-06,Google Ads,Search_Brand,1007.84,1406,49,2
2024-08-06,Google Ads,Search_Generic,13892.62,13284,490,21
2024-08-06,Google Ads,Shopping_Ads,4750.87,9647,348,15
2024-08-06,Google Ads,Display_Retarget,1960.36,10015,174,9
2024-08-06,Meta Ads,FB_Prospecting,3376.99,16831,278,17
2024-08-06,Meta Ads,IG_Retarget,19628.59,11319,473,17
2024-08-06,Meta Ads,FB_Lookalike,3594.14,7014,176,8
2024-08-06,YouTube Ads,YT_Skippable,7087.12,6233,271,7
2024-08-06,Email,Weekly_Newsletter,,5733,211,9
2024-08-06,Email,Cart_Recovery,1729.92,20532,409,4
2024-08-06,Organic Search,SEO_Blog,447.18,11614,228,10
2024-08-06,Organic Search,SEO_Category,107.73,10564,248,3
2024-08-06,Affiliate,Affiliate_Network_A,4571.78,6263,203,7
2024-08-06,Affiliate,Affiliate_Network_B,3885.57,4448,99,4
2024-08-06,Referral,Referral_Program,261.81,3024,30,1
2024-08-07,Google Ads,Search_Generic,634.28,7193,189,9
2024-08-07,Google Ads,Shopping_Ads,15300.33,9135,364,28
2024-08-07,Meta Ads,IG_Retarget,815.29,4683,129,2
2024-08-07,Meta Ads,FB_Lookalike,4023.32,9366,144,3
2024-08-07,YouTube Ads,YT_Skippable,447.21,1967,78,3
2024-08-07,YouTube Ads,YT_Bumper,764.41,5531,46,2
2024-08-07,Email,Weekly_Newsletter,4638.6,5052,128,8
2024-08-07,Email,Cart_Recovery,3153.23,6657,176,5
2024-08-07,Organic Search,SEO_Blog,94.09,3177,100,2
2024-08-07,Organic Search,SEO_Category,387.23,4370,171,4
2024-08-07,Affiliate,Affiliate_Network_A,5723.76,9744,175,5
2024-08-07,Affiliate,Affiliate_Network_B,757.29,3684,163,10
2024-08-07,Referral,Referral_Program,222.79,3303,110,7
2024-08-07,Direct,Direct_Traffic,453.34,7613,61,4
2024-08-08,Google Ads,Search_Brand,4158.84,6313,114,5
2024-08-08,Google Ads,Search_Generic,2298.7,5517,234,11
2024-08-08,Google Ads,Shopping_Ads,19609.84,14122,489,31
2024-08-08,Google Ads,Display_Retarget,1510.02,2055,37,0
2024-08-08,Meta Ads,FB_Prospecting,4949.45,6127,238,9
2024-08-08,Meta Ads,IG_Retarget,2232.47,3686,160,4
2024-08-08,Meta Ads,FB_Lookalike,5604.41,6806,268,9
2024-08-08,YouTube Ads,YT_Bumper,2178.98,19322,205,6
2024-08-08,Email,Weekly_Newsletter,2078.9,3775,118,4
2024-08-08,Email,Cart_Recovery,1770.54,2156,76,2
2024-08-08,Organic Search,SEO_Blog,156.76,12528,208,16
2024-08-08,Affiliate,Affiliate_Network_B,242.07,10241,55,1
2024-08-08,Referral,Referral_Program,272.02,11812,198,12
2024-08-09,Google Ads,Search_Brand,41.68,39,1,0
2024-08-09,Google Ads,Search_Generic,24507.97,24672,889,11
2024-08-09,Google Ads,Shopping_Ads,1296.3,4448,38,1
2024-08-09,Meta Ads,FB_Prospecting,3115.14,6515,113,6
2024-08-09,YouTube Ads,YT_Skippable,14569.04,11764,444,16
2024-08-09,YouTube Ads,YT_Bumper,8662.0,13835,458,14
2024-08-09,Email,Weekly_Newsletter,1235.02,2103,34,2
2024-08-09,Email,Cart_Recovery,,8218,156,4
2024-08-09,Email,Win_Back,10011.23,8098,335,12
2024-08-09,Organic Search,SEO_Blog,358.0,5403,115,5
2024-08-09,Affiliate,Affiliate_Network_A,5348.45,7963,146,6
2024-08-09,Referral,Referral_Program,74.25,3858,80,1
2024-08-09,Direct,Direct_Traffic,331.35,4808,52,3
2024-08-10,Google Ads,Search_Brand,2345.02,8698,102,3
2024-08-10,Google Ads,Search_Generic,466.38,1586,11,0
2024-08-10,Google Ads,Shopping_Ads,4829.83,4446,108,4
2024-08-10,Google Ads,Display_Retarget,2187.95,15232,145,3
2024-08-10,Meta Ads,FB_Prospecting,2798.65,6996,190,10
2024-08-10,Meta Ads,IG_Retarget,2489.02,8847,84,4
2024-08-10,Meta Ads,FB_Lookalike,914.33,2023,46,1
2024-08-10,YouTube Ads,YT_Bumper,13039.04,12678,348,10
2024-08-10,Email,Weekly_Newsletter,698.51,4287,68,3
2024-08-10,Email,Cart_Recovery,258.79,1928,41,1
2024-08-10,Email,Win_Back,1513.81,2851,115,7
2024-08-10,Organic Search,SEO_Blog,293.3,23494,825,40
2024-08-10,Organic Search,SEO_Category,310.42,7535,195,4
2024-08-10,Affiliate,Affiliate_Network_A,101.41,1083,10,0
2024-08-10,Affiliate,Affiliate_Network_B,19385.04,19357,797,9
2024-08-10,Referral,Referral_Program,230.84,1406,29,0
2024-08-11,Google Ads,Search_Brand,400.21,4150,44,1
2024-08-11,Google Ads,Search_Generic,5490.41,8037,188,12
2024-08-11,Google Ads,Shopping_Ads,1859.55,2366,55,1
2024-08-11,Google Ads,Display_Retarget,363.42,4108,43,2
2024-08-11,Meta Ads,FB_Prospecting,1990.04,8823,53,2
2024-08-11,Meta Ads,IG_Retarget,5014.62,4976,221,3
2024-08-11,YouTube Ads,YT_Skippable,8909.52,6848,200,6
2024-08-11,Email,Weekly_Newsletter,1929.05,7147,170,11
2024-08-11,Email,Cart_Recovery,549.86,6638,39,1
2024-08-11,Email,Win_Back,1367.26,2274,80,2
2024-08-11,Organic Search,SEO_Blog,63.82,12031,325,24
2024-08-11,Organic Search,SEO_Category,143.24,9079,129,4
2024-08-11,Affiliate,Affiliate_Network_A,4632.78,12440,360,25
2024-08-11,Direct,Direct_Traffic,67.37,4110,73,3
2024-08-12,Google Ads,Search_Brand,4727.37,6086,212,4
2024-08-12,Google Ads,Shopping_Ads,1263.31,4403,34,1
2024-08-12,Meta Ads,FB_Lookalike,1005.7,2319,82,4
2024-08-12,YouTube Ads,YT_Skippable,106.84,278,3,0
2024-08-12,YouTube Ads,YT_Bumper,4673.39,5926,168,8
2024-08-12,Email,Weekly_Newsletter,2050.88,3885,162,10
2024-08-12,Email,Win_Back,783.68,6935,134,9
2024-08-12,Organic Search,SEO_Category,337.97,3039,132,4
2024-08-12,Affiliate,Affiliate_Network_A,5678.31,13089,211,10
2024-08-12,Affiliate,Affiliate_Network_B,1103.65,2122,26,1
2024-08-12,Referral,Referral_Program,241.16,6160,194,9
2024-08-12,Direct,Direct_Traffic,52.0,2740,54,2
2024-08-13,Google Ads,Search_Brand,5597.25,7713,129,5
2024-08-13,Google Ads,Search_Generic,2565.19,6104,155,11
2024-08-13,Google Ads,Display_Retarget,2264.22,5681,85,5
2024-08-13,Meta Ads,IG_Retarget,6321.97,9214,141,3
2024-08-13,Meta Ads,FB_Lookalike,2670.08,9779,194,9
2024-08-13,YouTube Ads,YT_Bumper,588.24,6328,47,1
2024-08-13,Email,Weekly_Newsletter,7955.25,6716,216,12
2024-08-13,Email,Cart_Recovery,1846.56,3777,119,6
2024-08-13,Email,Win_Back,1618.74,6363,43,0
2024-08-13,Organic Search,SEO_Category,71.15,585,7,0
2024-08-13,Affiliate,Affiliate_Network_A,1545.34,2798,37,2
2024-08-13,Affiliate,Affiliate_Network_B,,3555,111,4
2024-08-13,Referral,Referral_Program,231.57,2049,81,1
2024-08-13,Direct,Direct_Traffic,193.56,13970,567,10
2024-08-14,Google Ads,Search_Brand,897.75,3291,22,0
2024-08-14,Google Ads,Search_Generic,2803.9,5093,141,8
2024-08-14,Google Ads,Display_Retarget,3416.33,8260,363,16
2024-08-14,Meta Ads,FB_Prospecting,4046.95,8611,372,10
2024-08-14,Meta Ads,FB_Lookalike,8536.68,10082,370,27
2024-08-14,YouTube Ads,YT_Bumper,2277.21,3181,138,7
2024-08-14,Email,Weekly_Newsletter,680.97,1685,16,0
2024-08-14,Email,Cart_Recovery,1148.78,2862,95,7
2024-08-14,Email,Win_Back,347.53,1736,11,0
2024-08-14,Organic Search,SEO_Blog,181.33,4255,21,1
2024-08-14,Organic Search,SEO_Category,28.47,8677,60,3
2024-08-14,Affiliate,Affiliate_Network_A,1426.22,9767,58,2
2024-08-14,Affiliate,Affiliate_Network_B,829.11,2513,79,3
2024-08-14,Referral,Referral_Program,7.09,11221,354,15
2024-08-15,Google Ads,Search_Generic,1589.98,5027,107,4
2024-08-15,Google Ads,Shopping_Ads,2616.04,1918,64,1
2024-08-15,Google Ads,Display_Retarget,2320.4,4046,118,4
2024-08-15,Meta Ads,FB_Prospecting,2210.76,3254,52,2
2024-08-15,Meta Ads,IG_Retarget,5104.41,6107,217,15
2024-08-15,Meta Ads,FB_Lookalike,1895.51,10306,394,18
2024-08-15,YouTube Ads,YT_Skippable,4473.17,5717,219,6
2024-08-15,YouTube Ads,YT_Bumper,135.32,475,17,1
2024-08-15,Email,Weekly_Newsletter,8132.17,16644,237,3
2024-08-15,Email,Cart_Recovery,8476.11,14509,214,15
2024-08-15,Email,Win_Back,3315.24,2997,91,1
2024-08-15,Organic Search,SEO_Blog,182.52,9242,97,6
2024-08-15,Organic Search,SEO_Category,180.13,2421,51,3
2024-08-15,Affiliate,Affiliate_Network_A,6470.01,6180,227,10
2024-08-15,Affiliate,Affiliate_Network_B,1081.33,2956,47,2
2024-08-15,Referral,Referral_Program,151.42,2159,17,0
2024-08-16,Google Ads,Search_Generic,2561.41,3309,102,3
2024-08-16,Google Ads,Shopping_Ads,328.32,1186,24,1
2024-08-16,Google Ads,Display_Retarget,1869.56,12999,278,13
2024-08-16,Meta Ads,FB_Prospecting,12587.38,12282,356,25
2024-08-16,Meta Ads,FB_Lookalike,4887.9,4222,114,6
2024-08-16,YouTube Ads,YT_Skippable,6458.32,8816,392,30
2024-08-16,YouTube Ads,YT_Bumper,13955.65,16932,560,23
2024-08-16,Email,Cart_Recovery,510.23,3897,152,12
2024-08-16,Email,Win_Back,914.0,1566,36,1
2024-08-16,Organic Search,SEO_Blog,112.46,3169,69,0
2024-08-16,Organic Search,SEO_Category,107.24,6328,200,8
2024-08-16,Affiliate,Affiliate_Network_A,972.91,5162,146,6
2024-08-16,Affiliate,Affiliate_Network_B,1788.75,9750,109,6
2024-08-16,Direct,Direct_Traffic,470.48,17407,218,16
2024-08-17,Google Ads,Search_Brand,1717.69,2420,48,1
2024-08-17,Google Ads,Search_Generic,7534.83,4834,174,12
2024-08-17,Google Ads,Shopping_Ads,2374.65,3488,100,4
2024-08-17,Google Ads,Display_Retarget,3245.68,2314,87,1
2024-08-17,Meta Ads,FB_Prospecting,,10177,258,6
2024-08-17,Meta Ads,IG_Retarget,3073.03,14129,179,3
2024-08-17,Meta Ads,FB_Lookalike,30053.21,15894,673,39
2024-08-17,YouTube Ads,YT_Bumper,604.63,6707,57,1
2024-08-17,Email,Weekly_Newsletter,922.19,6967,177,12
2024-08-17,Email,Cart_Recovery,2856.08,5260,171,4
2024-08-17,Email,Win_Back,3746.35,18054,99,5
2024-08-17,Organic Search,SEO_Category,389.73,3776,22,0
2024-08-17,Affiliate,Affiliate_Network_A,2930.11,6029,131,9
2024-08-17,Affiliate,Affiliate_Network_B,1473.58,1831,37,0
2024-08-17,Direct,Direct_Traffic,41.63,6848,271,3
2024-08-18,Google Ads,Search_Brand,2046.11,5990,253,9
2024-08-18,Google Ads,Search_Generic,278.04,1011,16,0
2024-08-18,Google Ads,Display_Retarget,7933.29,8537,301,11
2024-08-18,Meta Ads,FB_Prospecting,1716.71,4085,166,7
2024-08-18,Meta Ads,IG_Retarget,2409.43,2738,74,1
2024-08-18,Meta Ads,FB_Lookalike,21225.1,16881,558,40
2024-08-18,YouTube Ads,YT_Skippable,7469.59,6556,208,8
2024-08-18,YouTube Ads,YT_Bumper,2059.55,2416,68,5
2024-08-18,Email,Weekly_Newsletter,625.82,4329,179,2
2024-08-18,Email,Cart_Recovery,2132.98,5149,51,0
2024-08-18,Email,Win_Back,2396.95,3148,56,2
2024-08-18,Organic Search,SEO_Category,118.89,7861,255,14
2024-08-18,Affiliate,Affiliate_Network_A,5946.38,14357,591,35
2024-08-18,Referral,Referral_Program,460.98,5297,157,11
2024-08-19,Google Ads,Search_Brand,2567.38,7696,273,11
2024-08-19,Google Ads,Display_Retarget,2018.16,2690,91,1
2024-08-19,Meta Ads,FB_Prospecting,1628.2,5877,87,5
2024-08-19,Meta Ads,IG_Retarget,6507.04,6902,145,1
2024-08-19,Meta Ads,FB_Lookalike,2208.18,2074,84,3
2024-08-19,YouTube Ads,YT_Skippable,2966.46,4820,118,6
2024-08-19,YouTube Ads,YT_Bumper,1569.37,4930,105,2
2024-08-19,Email,Weekly_Newsletter,2877.46,6038,222,12
2024-08-19,Email,Win_Back,3969.81,7730,140,1
2024-08-19,Organic Search,SEO_Category,48.43,9632,155,5
2024-08-19,Affiliate,Affiliate_Network_A,1900.7,2038,69,1
2024-08-19,Affiliate,Affiliate_Network_B,4563.35,10684,172,8
2024-08-19,Referral,Referral_Program,14.86,7186,88,6
2024-08-19,Direct,Direct_Traffic,57.63,2705,45,0
2024-08-20,Google Ads,Search_Brand,5717.44,6096,247,9
2024-08-20,Google Ads,Shopping_Ads,3173.77,7833,295,19
2024-08-20,Meta Ads,FB_Prospecting,691.9,871,18,1
2024-08-20,Meta Ads,FB_Lookalike,21543.34,10984,487,37
2024-08-20,YouTube Ads,YT_Bumper,8341.36,14565,232,10
2024-08-20,Email,Weekly_Newsletter,2998.72,2562,77,3
2024-08-20,Email,Win_Back,1718.43,3075,52,2
2024-08-20,Organic Search,SEO_Blog,7.38,339,10,0
2024-08-20,Organic Search,SEO_Category,5.27,12030,129,7
2024-08-20,Affiliate,Affiliate_Network_A,1353.17,1446,64,3
2024-08-20,Referral,Referral_Program,453.05,2181,94,6
2024-08-20,Direct,Direct_Traffic,330.73,7034,199,7
2024-08-21,Google Ads,Search_Brand,2593.88,9307,221,10
2024-08-21,Google Ads,Search_Generic,4094.07,8452,238,10
2024-08-21,Google Ads,Shopping_Ads,1219.36,1046,36,1
2024-08-21,Google Ads,Display_Retarget,7509.98,14571,361,25
2024-08-21,Meta Ads,IG_Retarget,5793.88,7943,186,8
2024-08-21,Meta Ads,FB_Lookalike,3712.43,3117,83,1
2024-08-21,YouTube Ads,YT_Bumper,882.24,1724,21,0
2024-08-21,Email,Cart_Recovery,22544.03,13056,544,13
2024-08-21,Email,Win_Back,5255.37,6170,145,11
2024-08-21,Organic Search,SEO_Blog,456.03,11133,367,22
2024-08-21,Organic Search,SEO_Category,395.28,779,17,1
2024-08-21,Affiliate,Affiliate_Network_A,220.64,537,13,0
2024-08-21,Affiliate,Affiliate_Network_B,867.07,5409,50,1
2024-08-21,Referral,Referral_Program,285.94,4769,212,11
2024-08-22,Google Ads,Search_Brand,4310.5,4160,103,1
2024-08-22,Google Ads,Display_Retarget,10505.22,9762,320,17
2024-08-22,Meta Ads,IG_Retarget,11420.05,10695,449,12
2024-08-22,YouTube Ads,YT_Skippable,459.12,3455,52,1
2024-08-22,Email,Weekly_Newsletter,15980.58,12897,394,26
2024-08-22,Email,Cart_Recovery,1977.0,8659,47,2
2024-08-22,Email,Win_Back,4422.04,16645,329,19
2024-08-22,Organic Search,SEO_Category,201.92,2745,20,0
2024-08-22,Affiliate,Affiliate_Network_A,1335.69,3596,37,2
2024-08-22,Affiliate,Affiliate_Network_B,13720.35,9043,376,14
2024-08-22,Referral,Referral_Program,264.48,3628,48,2
2024-08-22,Direct,Direct_Traffic,46.31,4003,69,4
2024-08-23,Google Ads,Search_Brand,3660.02,19098,633,34
2024-08-23,Google Ads,Search_Generic,564.82,1658,73,2
2024-08-23,Google Ads,Shopping_Ads,2146.75,5484,139,8
2024-08-23,Google Ads,Display_Retarget,17282.53,10135,396,26
2024-08-23,Meta Ads,FB_Lookalike,1079.2,4127,61,3
2024-08-23,YouTube Ads,YT_Skippable,4482.25,21049,265,18
2024-08-23,YouTube Ads,YT_Bumper,126.98,437,8,0
2024-08-23,Email,Weekly_Newsletter,4443.31,2789,111,7
2024-08-23,Email,Cart_Recovery,787.62,10123,113,8
2024-08-23,Email,Win_Back,7734.36,4199,176,4
2024-08-23,Organic Search,SEO_Blog,91.87,2539,48,2
2024-08-23,Organic Search,SEO_Category,206.11,6812,151,4
2024-08-23,Affiliate,Affiliate_Network_A,803.9,1548,57,1
2024-08-23,Affiliate,Affiliate_Network_B,4652.78,6629,243,6
2024-08-23,Direct,Direct_Traffic,2.08,11251,463,5
2024-08-24,Google Ads,Search_Brand,1697.46,4936,128,8
2024-08-24,Google Ads,Search_Generic,999.82,3005,40,2
2024-08-24,Google Ads,Display_Retarget,1218.38,1257,33,1
2024-08-24,Meta Ads,IG_Retarget,461.24,1122,37,1
2024-08-24,Email,Weekly_Newsletter,8194.75,6390,226,4
2024-08-24,Email,Cart_Recovery,9964.99,8028,334,7
2024-08-24,Email,Win_Back,615.88,7694,59,2
2024-08-24,Organic Search,SEO_Blog,322.38,1396,45,1
2024-08-24,Organic Search,SEO_Category,224.13,1340,51,1
2024-08-24,Affiliate,Affiliate_Network_B,3866.35,3315,91,4
2024-08-24,Referral,Referral_Program,311.18,15603,467,28
2024-08-24,Direct,Direct_Traffic,70.74,6804,256,6
2024-08-25,Google Ads,Shopping_Ads,2684.2,11452,79,1
2024-08-25,Google Ads,Display_Retarget,677.95,2354,46,1
2024-08-25,Meta Ads,IG_Retarget,2593.63,7071,203,9
2024-08-25,YouTube Ads,YT_Skippable,1478.89,4398,98,1
2024-08-25,YouTube Ads,YT_Bumper,1919.66,2696,89,2
2024-08-25,Email,Weekly_Newsletter,2339.81,3420,71,3
2024-08-25,Organic Search,SEO_Blog,455.09,6364,271,18
2024-08-25,Organic Search,SEO_Category,458.89,12038,482,16
2024-08-25,Affiliate,Affiliate_Network_A,1218.6,1016,31,1
2024-08-25,Referral,Referral_Program,421.35,5396,230,16
2024-08-25,Direct,Direct_Traffic,445.19,6915,94,5
2024-08-26,Google Ads,Search_Brand,376.77,1567,55,1
2024-08-26,Google Ads,Search_Generic,7116.6,6858,204,8
2024-08-26,Google Ads,Display_Retarget,3583.66,4555,104,1
2024-08-26,Meta Ads,FB_Lookalike,2316.71,10090,61,1
2024-08-26,YouTube Ads,YT_Skippable,1033.45,11688,254,19
2024-08-26,Email,Weekly_Newsletter,847.69,2076,50,2
2024-08-26,Email,Cart_Recovery,1432.08,1222,47,1
2024-08-26,Email,Win_Back,966.97,1457,57,2
2024-08-26,Organic Search,SEO_Blog,300.1,1590,15,0
2024-08-26,Organic Search,SEO_Category,55.06,2268,24,0
2024-08-26,Affiliate,Affiliate_Network_A,4816.03,3739,128,9
2024-08-26,Affiliate,Affiliate_Network_B,6533.26,9856,288,18
2024-08-26,Referral,Referral_Program,342.09,7223,159,7
2024-08-26,Direct,Direct_Traffic,39.83,9036,371,14
2024-08-27,Google Ads,Search_Brand,2140.4,6169,172,13
2024-08-27,Google Ads,Search_Generic,3520.24,6636,262,15
2024-08-27,Google Ads,Shopping_Ads,4439.72,5283,115,5
2024-08-27,Google Ads,Display_Retarget,10596.6,7940,338,5
2024-08-27,Meta Ads,FB_Prospecting,957.62,4601,24,1
2024-08-27,Meta Ads,IG_Retarget,1157.26,4315,109,5
2024-08-27,Meta Ads,FB_Lookalike,15583.48,8029,353,28
2024-08-27,YouTube Ads,YT_Skippable,764.24,2774,49,2
2024-08-27,Email,Weekly_Newsletter,8776.9,8811,196,4
2024-08-27,Email,Cart_Recovery,1588.02,1609,56,3
2024-08-27,Email,Win_Back,5276.75,3094,126,6
2024-08-27,Organic Search,SEO_Category,90.75,7435,155,11
2024-08-27,Referral,Referral_Program,318.55,8486,369,26
2024-08-27,Direct,Direct_Traffic,340.47,2185,38,1
2024-08-28,Google Ads,Search_Brand,953.56,2811,73,2
2024-08-28,Google Ads,Search_Generic,393.55,2935,27,0
2024-08-28,Google Ads,Shopping_Ads,2976.87,4524,107,7
2024-08-28,Meta Ads,FB_Prospecting,1615.67,6983,50,1
2024-08-28,YouTube Ads,YT_Skippable,5494.19,3825,145,10
2024-08-28,Email,Weekly_Newsletter,10173.62,11524,237,18
2024-08-28,Email,Win_Back,1417.81,2554,37,0
2024-08-28,Organic Search,SEO_Blog,32.7,5472,225,8
2024-08-28,Organic Search,SEO_Category,244.6,6965,126,4
2024-08-28,Affiliate,Affiliate_Network_A,752.67,2130,29,2
2024-08-28,Affiliate,Affiliate_Network_B,465.05,540,13,0
2024-08-28,Referral,Referral_Program,207.34,5542,198,13
2024-08-29,Google Ads,Search_Generic,6632.44,4044,160,2
2024-08-29,Google Ads,Shopping_Ads,6065.08,7398,172,3
2024-08-29,Meta Ads,IG_Retarget,3429.51,11530,281,14
2024-08-29,Meta Ads,FB_Lookalike,568.41,4299,25,1
2024-08-29,YouTube Ads,YT_Skippable,3056.25,8459,351,20
2024-08-29,YouTube Ads,YT_Bumper,,1551,56,1
2024-08-29,Email,Cart_Recovery,13666.82,14988,329,12
2024-08-29,Organic Search,SEO_Blog,462.11,14008,71,1
2024-08-29,Organic Search,SEO_Category,217.46,2038,50,3
2024-08-29,Affiliate,Affiliate_Network_B,969.68,2933,27,1
2024-08-30,Google Ads,Search_Brand,1689.84,6582,231,7
2024-08-30,Meta Ads,IG_Retarget,3884.59,7916,123,5
2024-08-30,Meta Ads,FB_Lookalike,2724.19,2816,108,6
2024-08-30,YouTube Ads,YT_Bumper,863.78,2522,20,1
2024-08-30,Email,Cart_Recovery,635.55,11905,164,6
2024-08-30,Organic Search,SEO_Blog,226.21,1039,26,1
2024-08-30,Affiliate,Affiliate_Network_A,144.3,1803,31,0
2024-08-30,Referral,Referral_Program,76.38,2007,43,3
2024-08-31,Google Ads,Search_Brand,655.36,3173,19,0
2024-08-31,Google Ads,Shopping_Ads,895.6,2018,25,0
2024-08-31,Google Ads,Display_Retarget,3435.1,9426,213,16
2024-08-31,Meta Ads,FB_Prospecting,7125.0,8720,183,6
2024-08-31,Meta Ads,IG_Retarget,4718.39,3358,116,1
2024-08-31,Meta Ads,FB_Lookalike,3238.97,2800,85,5
2024-08-31,YouTube Ads,YT_Skippable,3151.04,8690,107,6
2024-08-31,YouTube Ads,YT_Bumper,3938.23,11532,185,13
2024-08-31,Email,Weekly_Newsletter,254.08,1227,19,1
2024-08-31,Email,Win_Back,8570.98,22340,524,18
2024-08-31,Organic Search,SEO_Blog,484.24,13199,227,14
2024-08-31,Organic Search,SEO_Category,11.04,2715,67,3
2024-08-31,Affiliate,Affiliate_Network_B,788.83,5035,178,8
2024-09-01,Google Ads,Shopping_Ads,2646.27,2841,88,6
2024-09-01,Meta Ads,FB_Prospecting,499.34,6644,98,1
2024-09-01,Meta Ads,FB_Lookalike,919.35,4047,162,11
2024-09-01,YouTube Ads,YT_Skippable,7227.26,7392,194,9
2024-09-01,Email,Weekly_Newsletter,3721.32,10131,110,7
2024-09-01,Email,Cart_Recovery,8962.85,9609,338,18
2024-09-01,Email,Win_Back,778.98,1992,42,1
2024-09-01,Organic Search,SEO_Blog,430.69,6991,229,3
2024-09-01,Organic Search,SEO_Category,448.31,1134,15,0
2024-09-01,Affiliate,Affiliate_Network_A,1005.1,2175,59,3
2024-09-01,Affiliate,Affiliate_Network_B,4160.96,3355,146,5
2024-09-01,Referral,Referral_Program,167.27,478,8,0
2024-09-02,Google Ads,Search_Generic,4079.95,5381,105,4
2024-09-02,Google Ads,Shopping_Ads,4439.01,3414,115,7
2024-09-02,Meta Ads,IG_Retarget,415.98,2049,51,2
2024-09-02,Meta Ads,FB_Lookalike,9275.98,4901,209,16
2024-09-02,YouTube Ads,YT_Skippable,2186.13,11363,271,11
2024-09-02,Email,Cart_Recovery,726.3,6014,133,4
2024-09-02,Email,Win_Back,6905.2,8049,204,14
2024-09-02,Affiliate,Affiliate_Network_B,403.03,2463,23,1
2024-09-02,Direct,Direct_Traffic,345.16,5045,72,5
2024-09-03,Google Ads,Search_Brand,1049.4,8193,106,4
2024-09-03,Google Ads,Search_Generic,855.3,1705,38,1
2024-09-03,Google Ads,Shopping_Ads,9134.51,12016,215,12
2024-09-03,Google Ads,Display_Retarget,1408.39,4447,48,1
2024-09-03,Meta Ads,FB_Prospecting,3756.26,13504,315,11
2024-09-03,Meta Ads,IG_Retarget,756.48,1608,19,0
2024-09-03,YouTube Ads,YT_Bumper,897.17,2311,92,3
2024-09-03,Email,Cart_Recovery,451.38,1775,41,2
2024-09-03,Organic Search,SEO_Blog,489.85,776,22,1
2024-09-03,Organic Search,SEO_Category,127.42,1282,36,2
2024-09-03,Affiliate,Affiliate_Network_A,1568.7,6653,260,6
2024-09-03,Affiliate,Affiliate_Network_B,457.52,1386,16,0
2024-09-03,Referral,Referral_Program,263.83,4903,209,2
2024-09-04,Google Ads,Shopping_Ads,846.13,4166,69,1
2024-09-04,Meta Ads,FB_Prospecting,24290.19,12822,566,11
2024-09-04,Meta Ads,IG_Retarget,25957.91,16558,691,49
2024-09-04,Meta Ads,FB_Lookalike,292.77,6439,86,4
2024-09-04,YouTube Ads,YT_Bumper,2272.01,6943,66,4
2024-09-04,Email,Weekly_Newsletter,9169.73,8551,281,13
2024-09-04,Email,Cart_Recovery,1248.58,1878,47,0
2024-09-04,Organic Search,SEO_Blog,449.87,5709,56,3
2024-09-04,Organic Search,SEO_Category,245.65,2476,110,6
2024-09-04,Affiliate,Affiliate_Network_A,8360.32,5377,240,6
2024-09-04,Affiliate,Affiliate_Network_B,1053.35,2218,95,5
2024-09-04,Referral,Referral_Program,319.54,3492,47,1
2024-09-04,Direct,Direct_Traffic,396.99,14845,395,11
2024-09-05,Google Ads,Search_Brand,5240.18,5888,239,12
2024-09-05,Google Ads,Search_Generic,952.15,2297,40,1
2024-09-05,Meta Ads,FB_Prospecting,9615.5,21410,431,11
2024-09-05,Meta Ads,IG_Retarget,612.72,969,22,0
2024-09-05,Meta Ads,FB_Lookalike,5949.85,10931,259,20
2024-09-05,YouTube Ads,YT_Bumper,169.63,661,13,0
2024-09-05,Email,Weekly_Newsletter,1345.29,3946,38,2
2024-09-05,Email,Cart_Recovery,3599.75,2948,124,4
2024-09-05,Email,Win_Back,9440.35,10743,438,15
2024-09-05,Organic Search,SEO_Blog,54.93,3698,104,7
2024-09-05,Organic Search,SEO_Category,373.87,8259,85,2
2024-09-05,Affiliate,Affiliate_Network_A,473.69,471,16,0
2024-09-06,Google Ads,Search_Generic,2643.3,4716,168,7
2024-09-06,Google Ads,Shopping_Ads,143.09,743,12,0
2024-09-06,Meta Ads,IG_Retarget,1620.98,2399,97,4
2024-09-06,YouTube Ads,YT_Skippable,534.85,4251,75,3
2024-09-06,YouTube Ads,YT_Bumper,617.42,1391,31,1
2024-09-06,Email,Weekly_Newsletter,213.21,1662,12,0
2024-09-06,Email,Cart_Recovery,4742.46,7660,337,16
2024-09-06,Organic Search,SEO_Blog,62.94,830,21,0
2024-09-06,Affiliate,Affiliate_Network_A,1370.86,2367,49,1
2024-09-06,Referral,Referral_Program,370.93,4766,139,10
2024-09-07,Google Ads,Search_Brand,4116.47,2780,122,9
2024-09-07,Google Ads,Search_Generic,4695.38,10623,345,13
2024-09-07,Google Ads,Shopping_Ads,3213.47,6878,135,8
2024-09-07,Meta Ads,FB_Prospecting,250.48,572,8,0
2024-09-07,Meta Ads,IG_Retarget,12415.81,10042,278,4
2024-09-07,YouTube Ads,YT_Skippable,984.27,3575,48,1
2024-09-07,YouTube Ads,YT_Bumper,7248.59,13079,191,9
2024-09-07,Email,Weekly_Newsletter,7698.47,6225,176,10
2024-09-07,Email,Cart_Recovery,2281.88,7112,111,5
2024-09-07,Email,Win_Back,1322.69,1752,36,1
2024-09-07,Organic Search,SEO_Blog,430.35,3897,153,9
2024-09-07,Organic Search,SEO_Category,194.26,7062,43,2
2024-09-07,Affiliate,Affiliate_Network_A,3515.58,9435,182,5
2024-09-07,Affiliate,Affiliate_Network_B,946.18,3548,102,6
2024-09-07,Referral,Referral_Program,143.16,3591,151,7
2024-09-08,Google Ads,Search_Brand,843.23,3441,146,8
2024-09-08,Google Ads,Shopping_Ads,1409.03,2177,35,1
2024-09-08,Meta Ads,FB_Prospecting,5273.48,2932,124,2
2024-09-08,YouTube Ads,YT_Skippable,8031.16,8406,210,5
2024-09-08,YouTube Ads,YT_Bumper,911.95,3027,28,0
2024-09-08,Email,Weekly_Newsletter,161.9,1957,31,1
2024-09-08,Email,Win_Back,5452.22,4616,141,4
2024-09-08,Affiliate,Affiliate_Network_A,6488.45,8303,331,23
2024-09-08,Affiliate,Affiliate_Network_B,10670.85,9895,440,20
2024-09-08,Direct,Direct_Traffic,54.93,4351,142,6
2024-09-09,Google Ads,Search_Brand,541.91,1961,25,1
2024-09-09,Google Ads,Search_Generic,631.96,1224,38,1
2024-09-09,Google Ads,Shopping_Ads,4079.63,3574,124,5
2024-09-09,Meta Ads,IG_Retarget,5335.09,10820,266,18
2024-09-09,YouTube Ads,YT_Skippable,1219.88,3800,68,4
2024-09-09,YouTube Ads,YT_Bumper,3080.55,9381,383,24
2024-09-09,Email,Cart_Recovery,1103.42,1974,28,0
2024-09-09,Email,Win_Back,5782.67,13158,140,9
2024-09-09,Direct,Direct_Traffic,211.83,3867,67,4
2024-09-10,Google Ads,Search_Brand,3961.65,3357,109,4
2024-09-10,Google Ads,Search_Generic,3029.46,4028,92,4
2024-09-10,Google Ads,Shopping_Ads,6729.33,4048,171,2
2024-09-10,Google Ads,Display_Retarget,4166.65,3007,132,6
2024-09-10,Meta Ads,IG_Retarget,8434.83,6722,198,8
2024-09-10,YouTube Ads,YT_Bumper,3617.34,8107,161,4
2024-09-10,Organic Search,SEO_Blog,287.41,21047,184,2
2024-09-10,Organic Search,SEO_Category,159.42,22942,804,58
2024-09-10,Affiliate,Affiliate_Network_A,48.82,1914,10,0
2024-09-10,Affiliate,Affiliate_Network_B,2842.06,5840,91,1
2024-09-10,Referral,Referral_Program,346.49,5280,198,3
2024-09-10,Direct,Direct_Traffic,226.29,2128,26,0
2024-09-11,Google Ads,Search_Brand,3732.76,3065,132,5
2024-09-11,Google Ads,Search_Generic,7205.65,6158,176,4
2024-09-11,Google Ads,Shopping_Ads,351.74,1264,47,1
2024-09-11,Google Ads,Display_Retarget,1852.33,3022,93,4
2024-09-11,Meta Ads,FB_Prospecting,2678.86,7973,120,6
2024-09-11,Meta Ads,IG_Retarget,6223.42,9380,409,11
2024-09-11,Meta Ads,FB_Lookalike,3104.96,13572,361,27
2024-09-11,YouTube Ads,YT_Bumper,18722.77,12282,451,20
2024-09-11,Email,Cart_Recovery,7536.08,7187,215,13
2024-09-11,Email,Win_Back,4117.38,9384,114,9
2024-09-11,Organic Search,SEO_Blog,376.43,1865,77,3
2024-09-11,Affiliate,Affiliate_Network_A,2881.91,5349,76,1
2024-09-11,Affiliate,Affiliate_Network_B,487.74,1956,65,1
2024-09-11,Referral,Referral_Program,493.9,3547,97,3
2024-09-11,Direct,Direct_Traffic,98.54,6804,255,6
2024-09-12,Google Ads,Search_Brand,112.41,595,7,0
2024-09-12,Google Ads,Search_Generic,2155.01,1922,54,1
2024-09-12,Google Ads,Shopping_Ads,4911.41,7570,179,1
2024-09-12,Google Ads,Display_Retarget,4083.57,3267,123,7
2024-09-12,Meta Ads,FB_Prospecting,7535.41,9068,217,7
2024-09-12,Meta Ads,FB_Lookalike,522.4,3122,52,2
2024-09-12,YouTube Ads,YT_Skippable,940.55,5666,115,6
2024-09-12,Email,Weekly_Newsletter,552.38,1630,32,2
2024-09-12,Email,Win_Back,3057.91,9606,226,10
2024-09-12,Organic Search,SEO_Blog,142.44,16861,629,13
2024-09-12,Affiliate,Affiliate_Network_A,377.36,1181,10,0
2024-09-12,Referral,Referral_Program,421.61,3326,16,0
2024-09-12,Direct,Direct_Traffic,325.32,3399,59,4
2024-09-13,Google Ads,Search_Brand,4570.24,4821,104,3
2024-09-13,Google Ads,Search_Generic,996.04,1433,63,4
2024-09-13,Google Ads,Display_Retarget,436.7,1591,23,0
2024-09-13,Meta Ads,FB_Prospecting,6356.88,5177,232,11
2024-09-13,Meta Ads,IG_Retarget,1146.23,5774,231,16
2024-09-13,Meta Ads,FB_Lookalike,1296.36,6351,68,3
2024-09-13,YouTube Ads,YT_Bumper,1715.35,8609,111,6
2024-09-13,Email,Win_Back,11420.96,13836,277,10
2024-09-13,Organic Search,SEO_Blog,48.88,8504,168,10
2024-09-13,Affiliate,Affiliate_Network_A,2095.49,7460,164,9
2024-09-13,Affiliate,Affiliate_Network_B,642.73,8849,78,4
2024-09-13,Referral,Referral_Program,176.06,2196,17,0
2024-09-13,Direct,Direct_Traffic,451.64,3360,89,5
2024-09-14,Google Ads,Search_Brand,1359.14,3546,132,8
2024-09-14,Google Ads,Search_Generic,710.03,1972,26,0
2024-09-14,Google Ads,Shopping_Ads,1154.47,3217,111,1
2024-09-14,Google Ads,Display_Retarget,1330.92,7901,64,4
2024-09-14,Meta Ads,FB_Prospecting,748.67,2718,79,1
2024-09-14,Meta Ads,IG_Retarget,2330.93,4565,135,2
2024-09-14,Meta Ads,FB_Lookalike,1760.48,7390,59,1
2024-09-14,YouTube Ads,YT_Skippable,463.47,3385,31,2
2024-09-14,YouTube Ads,YT_Bumper,2715.46,5004,124,2
2024-09-14,Email,Weekly_Newsletter,8666.74,9403,306,4
2024-09-14,Email,Win_Back,735.82,616,19,0
2024-09-14,Organic Search,SEO_Category,461.93,2042,19,1
2024-09-14,Affiliate,Affiliate_Network_B,150.07,1865,10,0
2024-09-14,Referral,Referral_Program,0.53,10172,302,14
2024-09-15,Google Ads,Display_Retarget,6672.6,9645,276,4
2024-09-15,Meta Ads,FB_Prospecting,686.01,5619,103,3
2024-09-15,Meta Ads,FB_Lookalike,15815.37,12145,355,27
2024-09-15,YouTube Ads,YT_Skippable,12453.53,7964,344,12
2024-09-15,YouTube Ads,YT_Bumper,1063.19,1325,30,1
2024-09-15,Email,Weekly_Newsletter,947.56,4063,33,0
2024-09-15,Email,Cart_Recovery,468.96,7582,37,2
2024-09-15,Email,Win_Back,17982.84,14976,545,32
2024-09-15,Affiliate,Affiliate_Network_A,6918.09,11742,460,11
2024-09-15,Referral,Referral_Program,220.42,4154,29,0
2024-09-16,Google Ads,Shopping_Ads,1179.39,6786,86,2
2024-09-16,Meta Ads,FB_Prospecting,371.87,4503,32,2
2024-09-16,Meta Ads,FB_Lookalike,751.05,3042,22,1
2024-09-16,YouTube Ads,YT_Skippable,10161.81,6588,270,14
2024-09-16,YouTube Ads,YT_Bumper,4891.16,9770,115,9
2024-09-16,Email,Weekly_Newsletter,1739.01,5643,72,1
2024-09-16,Email,Win_Back,15757.33,12282,416,26
2024-09-16,Affiliate,Affiliate_Network_A,61.55,1037,9,0
2024-09-16,Affiliate,Affiliate_Network_B,24452.56,14639,599,16
2024-09-16,Direct,Direct_Traffic,101.57,312,8,0
2024-09-17,Google Ads,Search_Brand,706.37,1750,17,1
2024-09-17,Google Ads,Search_Generic,17935.32,10393,410,5
2024-09-17,Google Ads,Shopping_Ads,10227.14,9927,271,12
2024-09-17,Meta Ads,FB_Prospecting,10849.52,9123,315,8
2024-09-17,Meta Ads,IG_Retarget,4049.01,6375,103,7
2024-09-17,YouTube Ads,YT_Skippable,6849.38,7501,194,10
2024-09-17,YouTube Ads,YT_Bumper,2113.57,3114,76,4
2024-09-17,Email,Weekly_Newsletter,6165.17,7283,165,5
2024-09-17,Email,Cart_Recovery,1251.67,1904,58,2
2024-09-17,Email,Win_Back,4153.63,9216,291,12
2024-09-17,Organic Search,SEO_Blog,173.37,9098,115,8
2024-09-17,Organic Search,SEO_Category,480.96,2332,50,3
2024-09-17,Affiliate,Affiliate_Network_A,329.52,2889,65,4
2024-09-17,Affiliate,Affiliate_Network_B,370.81,2392,30,1
2024-09-17,Direct,Direct_Traffic,362.15,3519,89,2
2024-09-18,Google Ads,Search_Generic,3562.57,7691,219,11
2024-09-18,Google Ads,Shopping_Ads,13289.11,11178,418,22
2024-09-18,Google Ads,Display_Retarget,420.79,2889,14,1
2024-09-18,Meta Ads,FB_Prospecting,2257.27,3543,94,6
2024-09-18,Meta Ads,IG_Retarget,1267.34,1356,45,2
2024-09-18,Meta Ads,FB_Lookalike,1688.51,3406,79,1
2024-09-18,YouTube Ads,YT_Skippable,11095.9,9698,398,4
2024-09-18,YouTube Ads,YT_Bumper,529.75,2272,17,1
2024-09-18,Email,Weekly_Newsletter,324.08,3171,35,1
2024-09-18,Email,Cart_Recovery,995.75,1418,52,0
2024-09-18,Email,Win_Back,27.86,151,1,0
2024-09-18,Organic Search,SEO_Category,114.46,1355,35,1
2024-09-18,Affiliate,Affiliate_Network_A,1040.08,1659,44,3
2024-09-18,Affiliate,Affiliate_Network_B,1133.04,4325,33,0
2024-09-18,Referral,Referral_Program,407.37,2681,61,3
2024-09-18,Direct,Direct_Traffic,392.83,4645,45,3
2024-09-19,Google Ads,Search_Generic,1043.26,3466,37,2
2024-09-19,Google Ads,Shopping_Ads,540.56,2281,30,2
2024-09-19,Google Ads,Display_Retarget,1267.99,901,36,0
2024-09-19,Meta Ads,FB_Prospecting,1258.39,8566,113,7
2024-09-19,Meta Ads,IG_Retarget,549.75,7298,175,8
2024-09-19,YouTube Ads,YT_Skippable,9922.08,5577,248,10
2024-09-19,Email,Weekly_Newsletter,1638.29,8666,73,3
2024-09-19,Email,Cart_Recovery,2484.77,4873,98,3
2024-09-19,Email,Win_Back,7081.95,6140,165,12
2024-09-19,Organic Search,SEO_Blog,278.09,8201,360,5
2024-09-19,Organic Search,SEO_Category,393.91,2178,41,0
2024-09-19,Affiliate,Affiliate_Network_A,1285.25,15445,89,5
2024-09-19,Direct,Direct_Traffic,385.63,6413,89,3
2024-09-20,Google Ads,Search_Brand,290.3,5951,84,6
2024-09-20,Google Ads,Search_Generic,694.73,5880,43,2
2024-09-20,Google Ads,Shopping_Ads,8999.58,12393,217,13
2024-09-20,Google Ads,Display_Retarget,1420.91,1818,46,2
2024-09-20,Meta Ads,FB_Prospecting,6950.71,12702,270,17
2024-09-20,Meta Ads,IG_Retarget,8960.32,6572,202,15
2024-09-20,Meta Ads,FB_Lookalike,3917.35,2890,110,5
2024-09-20,YouTube Ads,YT_Skippable,2892.18,11367,180,2
2024-09-20,YouTube Ads,YT_Bumper,7136.06,6243,273,20
2024-09-20,Email,Weekly_Newsletter,2654.31,5510,232,17
2024-09-20,Email,Win_Back,1730.77,2561,59,4
2024-09-20,Organic Search,SEO_Blog,325.11,7637,155,3
2024-09-20,Organic Search,SEO_Category,229.95,764,14,0
2024-09-20,Affiliate,Affiliate_Network_A,5642.36,6135,170,2
2024-09-20,Affiliate,Affiliate_Network_B,14020.17,19046,762,38
2024-09-20,Referral,Referral_Program,47.54,6540,191,12
2024-09-20,Direct,Direct_Traffic,198.75,673,11,0
2024-09-21,Google Ads,Search_Generic,94.81,1820,12,0
2024-09-21,Google Ads,Shopping_Ads,2060.4,3389,77,5
2024-09-21,Google Ads,Display_Retarget,533.49,4076,51,3
2024-09-21,Meta Ads,FB_Prospecting,1354.04,3481,37,1
2024-09-21,Meta Ads,IG_Retarget,4632.26,4091,125,6
2024-09-21,Meta Ads,FB_Lookalike,3295.51,2976,79,4
2024-09-21,YouTube Ads,YT_Skippable,7962.65,5457,228,7
2024-09-21,YouTube Ads,YT_Bumper,3533.11,5864,177,4
2024-09-21,Email,Weekly_Newsletter,2076.02,7650,58,3
2024-09-21,Email,Cart_Recovery,,1404,47,1
2024-09-21,Organic Search,SEO_Blog,426.14,4629,136,8
2024-09-21,Organic Search,SEO_Category,273.15,3041,126,9
2024-09-21,Affiliate,Affiliate_Network_B,263.2,487,10,0
2024-09-21,Direct,Direct_Traffic,277.76,11193,427,16
2024-09-22,Google Ads,Search_Brand,4616.87,3204,137,3
2024-09-22,Google Ads,Shopping_Ads,6737.93,10836,302,8
2024-09-22,Google Ads,Display_Retarget,5040.98,8222,132,5
2024-09-22,Meta Ads,FB_Prospecting,832.8,3032,71,1
2024-09-22,Meta Ads,FB_Lookalike,3846.27,6215,238,16
2024-09-22,YouTube Ads,YT_Skippable,5951.46,7163,318,21
2024-09-22,YouTube Ads,YT_Bumper,9316.3,5903,238,10
2024-09-22,Email,Win_Back,2392.07,6124,119,7
2024-09-22,Organic Search,SEO_Blog,145.64,3678,83,6
2024-09-22,Organic Search,SEO_Category,378.99,3445,50,2
2024-09-22,Affiliate,Affiliate_Network_B,4099.49,5272,169,4
2024-09-22,Referral,Referral_Program,495.06,2174,23,1
2024-09-22,Direct,Direct_Traffic,387.82,7486,312,6
2024-09-23,Google Ads,Search_Brand,739.5,2904,105,4
2024-09-23,Google Ads,Search_Generic,1175.49,3420,50,3
2024-09-23,Google Ads,Shopping_Ads,914.64,3298,22,0
2024-09-23,Meta Ads,FB_Prospecting,7965.21,9482,309,19
2024-09-23,Meta Ads,FB_Lookalike,384.66,738,24,0
2024-09-23,YouTube Ads,YT_Skippable,2824.75,8993,288,11
2024-09-23,YouTube Ads,YT_Bumper,2567.22,8779,95,6
2024-09-23,Email,Weekly_Newsletter,3318.16,12775,386,13
2024-09-23,Email,Cart_Recovery,10140.85,8463,357,11
2024-09-23,Email,Win_Back,3483.92,3136,116,8
2024-09-23,Organic Search,SEO_Category,480.88,2025,17,0
2024-09-23,Referral,Referral_Program,321.7,2904,99,2
2024-09-24,Google Ads,Search_Generic,1397.91,1509,36,2
2024-09-24,Google Ads,Display_Retarget,3954.55,15415,98,7
2024-09-24,Meta Ads,FB_Prospecting,13482.91,9790,368,20
2024-09-24,Meta Ads,IG_Retarget,890.89,2761,62,1
2024-09-24,Meta Ads,FB_Lookalike,582.18,2624,16,0
2024-09-24,Email,Cart_Recovery,1904.15,2260,89,5
2024-09-24,Email,Win_Back,2381.17,4769,167,8
2024-09-24,Organic Search,SEO_Category,241.68,16230,285,13
2024-09-24,Affiliate,Affiliate_Network_A,3288.94,19038,430,18
2024-09-25,Google Ads,Shopping_Ads,1953.1,2961,76,2
2024-09-25,Google Ads,Display_Retarget,709.7,4561,104,1
2024-09-25,Meta Ads,FB_Prospecting,18802.51,14649,532,29
2024-09-25,YouTube Ads,YT_Bumper,1533.87,2131,93,4
2024-09-25,Email,Weekly_Newsletter,351.65,6808,54,3
2024-09-25,Email,Cart_Recovery,22421.88,15436,649,8
2024-09-25,Email,Win_Back,1629.43,6263,105,5
2024-09-25,Organic Search,SEO_Blog,371.22,3056,75,5
2024-09-25,Organic Search,SEO_Category,92.9,3580,51,1
2024-09-25,Affiliate,Affiliate_Network_A,2245.37,7673,116,2
2024-09-25,Affiliate,Affiliate_Network_B,1526.25,5561,95,7
2024-09-25,Direct,Direct_Traffic,344.35,9490,151,8
2024-09-26,Google Ads,Search_Brand,3914.57,6858,253,17
2024-09-26,Google Ads,Search_Generic,4540.25,6205,243,10
2024-09-26,Google Ads,Shopping_Ads,4569.13,2746,123,3
2024-09-26,Google Ads,Display_Retarget,7287.05,10359,255,15
2024-09-26,Meta Ads,FB_Prospecting,14082.76,14635,651,37
2024-09-26,Meta Ads,IG_Retarget,11325.55,8784,252,7
2024-09-26,Meta Ads,FB_Lookalike,7887.26,7669,288,8
2024-09-26,YouTube Ads,YT_Skippable,1400.84,3010,56,2
2024-09-26,Email,Weekly_Newsletter,5084.75,5479,130,9
2024-09-26,Organic Search,SEO_Blog,418.06,1175,6,0
2024-09-26,Organic Search,SEO_Category,436.1,8672,102,3
2024-09-26,Affiliate,Affiliate_Network_A,488.96,2450,96,1
2024-09-26,Affiliate,Affiliate_Network_B,1340.44,1866,56,3
2024-09-26,Referral,Referral_Program,319.73,2903,24,0
2024-09-27,Google Ads,Search_Brand,7835.19,8169,219,9
2024-09-27,Google Ads,Search_Generic,3065.51,7512,312,3
2024-09-27,Google Ads,Shopping_Ads,9251.09,13899,214,8
2024-09-27,Google Ads,Display_Retarget,7725.93,12408,448,13
2024-09-27,Meta Ads,FB_Prospecting,1860.28,4684,117,4
2024-09-27,Meta Ads,IG_Retarget,6654.4,14717,195,14
2024-09-27,Meta Ads,FB_Lookalike,2314.96,3688,66,2
2024-09-27,YouTube Ads,YT_Skippable,2069.48,5503,132,8
2024-09-27,Email,Weekly_Newsletter,10029.89,11387,506,33
2024-09-27,Organic Search,SEO_Blog,405.64,5919,233,3
2024-09-27,Organic Search,SEO_Category,354.38,1845,40,1
2024-09-27,Affiliate,Affiliate_Network_A,14583.75,8120,342,22
2024-09-27,Affiliate,Affiliate_Network_B,,8287,72,2
2024-09-27,Referral,Referral_Program,138.24,5802,107,7
2024-09-28,Google Ads,Search_Brand,389.18,1655,16,1
2024-09-28,Google Ads,Shopping_Ads,6615.81,3982,168,4
2024-09-28,Meta Ads,FB_Prospecting,4312.71,9836,277,14
2024-09-28,Meta Ads,FB_Lookalike,1952.49,2553,87,4
2024-09-28,YouTube Ads,YT_Bumper,2345.71,16075,108,5
2024-09-28,Email,Weekly_Newsletter,2777.43,10594,165,11
2024-09-28,Email,Cart_Recovery,6704.68,7478,228,15
2024-09-28,Email,Win_Back,2917.07,10173,222,14
2024-09-28,Organic Search,SEO_Blog,151.62,1726,41,1
2024-09-28,Organic Search,SEO_Category,65.18,5866,117,3
2024-09-28,Affiliate,Affiliate_Network_B,2171.98,1851,54,2
2024-09-28,Referral,Referral_Program,119.45,9229,374,6
2024-09-28,Direct,Direct_Traffic,224.0,5175,93,5
2024-09-29,Google Ads,Search_Generic,2167.66,1242,50,0
2024-09-29,Google Ads,Shopping_Ads,434.62,1596,22,0
2024-09-29,Meta Ads,FB_Lookalike,1942.56,7340,49,2
2024-09-29,YouTube Ads,YT_Skippable,1233.04,1777,36,1
2024-09-29,Email,Weekly_Newsletter,1139.31,1986,68,5
2024-09-29,Email,Cart_Recovery,,1599,37,2
2024-09-29,Organic Search,SEO_Blog,310.11,12981,550,10
2024-09-29,Organic Search,SEO_Category,179.4,6049,80,1
2024-09-29,Affiliate,Affiliate_Network_A,1812.8,2640,75,4
2024-09-29,Referral,Referral_Program,244.85,4102,53,4
2024-09-29,Direct,Direct_Traffic,267.25,8126,147,8
2024-09-30,Google Ads,Search_Brand,65.37,1291,9,0
2024-09-30,Google Ads,Shopping_Ads,473.66,1962,26,0
2024-09-30,Meta Ads,FB_Prospecting,4683.36,6778,150,8
2024-09-30,YouTube Ads,YT_Skippable,4298.72,4718,159,6
2024-09-30,YouTube Ads,YT_Bumper,4959.31,12955,206,2
2024-09-30,Email,Cart_Recovery,533.84,2832,86,2
2024-09-30,Organic Search,SEO_Category,231.5,3598,31,1
2024-09-30,Affiliate,Affiliate_Network_A,7248.32,8973,272,3
2024-09-30,Affiliate,Affiliate_Network_B,1669.97,3176,57,2
2024-09-30,Referral,Referral_Program,492.63,7650,199,9
2024-09-30,Direct,Direct_Traffic,470.8,5652,173,12
2024-10-01,Google Ads,Search_Brand,291.04,2820,30,1
2024-10-01,Google Ads,Search_Generic,7210.79,10468,353,15
2024-10-01,Google Ads,Shopping_Ads,5442.66,3782,122,3
2024-10-01,Google Ads,Display_Retarget,3592.81,11553,177,2
2024-10-01,Meta Ads,FB_Prospecting,3425.32,4204,124,3
2024-10-01,Meta Ads,IG_Retarget,3971.39,5169,202,4
2024-10-01,Meta Ads,FB_Lookalike,18.27,108,2,0
2024-10-01,YouTube Ads,YT_Skippable,4912.41,7106,252,14
2024-10-01,Organic Search,SEO_Blog,379.95,2872,115,5
2024-10-01,Organic Search,SEO_Category,9.5,4841,186,10
2024-10-01,Affiliate,Affiliate_Network_A,218.1,7064,72,4
2024-10-01,Affiliate,Affiliate_Network_B,3674.51,4305,169,5
2024-10-01,Referral,Referral_Program,58.86,2743,97,2
2024-10-02,Google Ads,Search_Generic,2644.46,4952,166,11
2024-10-02,Google Ads,Shopping_Ads,1714.63,3974,119,9
2024-10-02,Google Ads,Display_Retarget,3148.9,7501,226,3
2024-10-02,Meta Ads,FB_Prospecting,6664.3,7118,268,2
2024-10-02,Meta Ads,IG_Retarget,2950.76,12422,105,6
2024-10-02,Meta Ads,FB_Lookalike,6833.07,12488,170,6
2024-10-02,YouTube Ads,YT_Skippable,2987.69,6299,93,4
2024-10-02,YouTube Ads,YT_Bumper,4434.81,22976,680,30
2024-10-02,Email,Weekly_Newsletter,7937.17,5755,180,10
2024-10-02,Email,Win_Back,253.96,1391,15,0
2024-10-02,Organic Search,SEO_Blog,78.54,9961,348,18
2024-10-02,Organic Search,SEO_Category,44.67,13681,227,3
2024-10-02,Affiliate,Affiliate_Network_A,5747.99,7788,329,17
2024-10-02,Affiliate,Affiliate_Network_B,1369.13,4838,34,1
2024-10-02,Referral,Referral_Program,335.84,1161,23,0
2024-10-03,Google Ads,Search_Brand,2586.92,13923,125,9
2024-10-03,Google Ads,Search_Generic,5164.48,3192,124,6
2024-10-03,Google Ads,Display_Retarget,737.07,4213,93,3
2024-10-03,Meta Ads,FB_Prospecting,213.94,3008,63,1
2024-10-03,Meta Ads,IG_Retarget,2069.21,3451,132,8
2024-10-03,Meta Ads,FB_Lookalike,705.61,6646,49,3
2024-10-03,YouTube Ads,YT_Skippable,5586.22,5604,139,4
2024-10-03,YouTube Ads,YT_Bumper,1462.11,1085,43,3
2024-10-03,Email,Weekly_Newsletter,5717.5,3531,135,1
2024-10-03,Email,Cart_Recovery,377.0,2067,13,0
2024-10-03,Email,Win_Back,1464.61,2908,33,0
2024-10-03,Organic Search,SEO_Blog,65.87,2902,53,4
2024-10-03,Organic Search,SEO_Category,123.22,4598,33,1
2024-10-03,Affiliate,Affiliate_Network_A,5754.97,5687,154,6
2024-10-03,Referral,Referral_Program,207.31,6663,255,12
2024-10-03,Direct,Direct_Traffic,52.23,6265,90,5
2024-10-04,Google Ads,Search_Brand,1582.56,3751,85,3
2024-10-04,Google Ads,Search_Generic,1823.48,5099,177,4
2024-10-04,Google Ads,Shopping_Ads,3290.91,4111,130,3
2024-10-04,Meta Ads,FB_Prospecting,529.67,2365,23,1
2024-10-04,Meta Ads,IG_Retarget,1639.97,1773,39,2
2024-10-04,YouTube Ads,YT_Skippable,4171.01,5626,100,3
2024-10-04,YouTube Ads,YT_Bumper,6289.04,6987,158,2
2024-10-04,Email,Weekly_Newsletter,330.67,245,8,0
2024-10-04,Email,Win_Back,2917.16,13536,140,3
2024-10-04,Organic Search,SEO_Blog,344.63,6876,252,12
2024-10-04,Organic Search,SEO_Category,25.15,3881,38,2
2024-10-04,Affiliate,Affiliate_Network_B,2873.63,11588,411,31
2024-10-04,Referral,Referral_Program,318.09,14232,355,26
2024-10-04,Direct,Direct_Traffic,52.56,1068,9,0
2024-10-05,Google Ads,Search_Brand,2492.8,4284,84,5
2024-10-05,Google Ads,Search_Generic,682.31,10965,138,9
2024-10-05,Google Ads,Display_Retarget,428.6,5614,33,2
2024-10-05,Meta Ads,FB_Prospecting,351.44,991,35,1
2024-10-05,Meta Ads,IG_Retarget,14178.43,14428,624,10
2024-10-05,YouTube Ads,YT_Skippable,6159.5,7726,338,27
2024-10-05,YouTube Ads,YT_Bumper,418.36,545,15,0
2024-10-05,Email,Weekly_Newsletter,469.89,1811,60,3
2024-10-05,Email,Cart_Recovery,7665.12,14076,598,13
2024-10-05,Organic Search,SEO_Blog,327.75,850,21,0
2024-10-05,Organic Search,SEO_Category,446.03,3031,96,1
2024-10-05,Affiliate,Affiliate_Network_A,323.35,2842,103,2
2024-10-05,Direct,Direct_Traffic,310.48,1801,78,3
2024-10-06,Google Ads,Search_Generic,5308.67,9127,366,16
2024-10-06,Google Ads,Shopping_Ads,14598.96,12226,529,13
2024-10-06,Meta Ads,IG_Retarget,767.7,6469,53,1
2024-10-06,Meta Ads,FB_Lookalike,2547.25,7365,103,2
2024-10-06,Email,Weekly_Newsletter,4513.93,4360,106,3
2024-10-06,Email,Win_Back,5342.95,10931,217,10
2024-10-06,Organic Search,SEO_Blog,203.28,3734,117,3
2024-10-06,Organic Search,SEO_Category,210.7,7612,151,6
2024-10-06,Affiliate,Affiliate_Network_A,92.92,2795,15,0
2024-10-06,Affiliate,Affiliate_Network_B,3297.24,13290,148,7
2024-10-06,Referral,Referral_Program,81.87,9793,243,10
2024-10-06,Direct,Direct_Traffic,319.61,11815,401,19
2024-10-07,Google Ads,Search_Generic,481.4,2298,49,1
2024-10-07,Google Ads,Shopping_Ads,10284.55,9770,356,12
2024-10-07,Meta Ads,FB_Prospecting,11159.86,12036,469,28
2024-10-07,Meta Ads,IG_Retarget,2872.12,7127,66,2
2024-10-07,Meta Ads,FB_Lookalike,2091.85,3588,123,2
2024-10-07,YouTube Ads,YT_Bumper,897.72,3748,108,3
2024-10-07,Email,Weekly_Newsletter,10474.69,8740,238,10
2024-10-07,Email,Cart_Recovery,3179.44,7933,339,11
2024-10-07,Email,Win_Back,4323.77,2731,109,1
2024-10-07,Organic Search,SEO_Category,241.25,11791,198,5
2024-10-07,Affiliate,Affiliate_Network_A,973.53,12817,167,2
2024-10-07,Affiliate,Affiliate_Network_B,676.39,6470,59,0
2024-10-07,Direct,Direct_Traffic,339.28,8439,176,10
2024-10-08,Google Ads,Search_Brand,2175.27,6097,52,0
2024-10-08,Google Ads,Search_Generic,562.3,5840,56,1
2024-10-08,Google Ads,Shopping_Ads,4643.58,6923,113,4
2024-10-08,Meta Ads,FB_Prospecting,4639.94,7907,117,7
2024-10-08,Meta Ads,IG_Retarget,6527.92,4665,208,13
2024-10-08,Meta Ads,FB_Lookalike,597.19,3051,19,0
2024-10-08,YouTube Ads,YT_Skippable,6159.28,8897,281,10
2024-10-08,YouTube Ads,YT_Bumper,5231.46,8743,335,23
2024-10-08,Email,Weekly_Newsletter,6044.2,4798,167,7
2024-10-08,Email,Cart_Recovery,12038.88,9967,382,27
2024-10-08,Organic Search,SEO_Blog,93.18,2787,73,0
2024-10-08,Organic Search,SEO_Category,236.73,8502,376,4
2024-10-08,Affiliate,Affiliate_Network_A,2112.12,1884,58,3
2024-10-08,Referral,Referral_Program,180.26,4253,34,1
2024-10-08,Direct,Direct_Traffic,450.83,7636,342,21
2024-10-09,Google Ads,Search_Generic,11812.12,6402,282,7
2024-10-09,Meta Ads,FB_Lookalike,322.33,3636,104,1
2024-10-09,YouTube Ads,YT_Skippable,1487.25,1593,70,1
2024-10-09,YouTube Ads,YT_Bumper,308.56,819,9,0
2024-10-09,Email,Weekly_Newsletter,5066.15,13050,416,27
2024-10-09,Email,Cart_Recovery,15374.36,13607,576,22
2024-10-09,Email,Win_Back,13369.28,14709,647,36
2024-10-09,Organic Search,SEO_Category,330.04,1373,49,1
2024-10-09,Affiliate,Affiliate_Network_A,2662.83,6599,95,3
2024-10-09,Affiliate,Affiliate_Network_B,667.26,905,38,1
2024-10-09,Direct,Direct_Traffic,388.74,5559,40,2
2024-10-10,Google Ads,Search_Brand,2660.62,14392,130,5
2024-10-10,Google Ads,Search_Generic,13417.29,9578,349,18
2024-10-10,Google Ads,Shopping_Ads,7011.21,16301,470,34
2024-10-10,Google Ads,Display_Retarget,9153.67,9287,384,17
2024-10-10,Meta Ads,FB_Prospecting,239.58,644,16,0
2024-10-10,Meta Ads,IG_Retarget,4527.75,6084,187,13
2024-10-10,Meta Ads,FB_Lookalike,1916.01,2606,70,4
2024-10-10,YouTube Ads,YT_Skippable,4251.09,6644,227,15
2024-10-10,YouTube Ads,YT_Bumper,1252.98,6530,63,3
2024-10-10,Email,Weekly_Newsletter,2955.65,3122,99,4
2024-10-10,Email,Cart_Recovery,357.39,3364,85,4
2024-10-10,Email,Win_Back,2611.03,5872,112,5
2024-10-10,Organic Search,SEO_Blog,13.85,12053,479,28
2024-10-10,Affiliate,Affiliate_Network_A,2322.1,25977,266,4
2024-10-10,Referral,Referral_Program,172.09,2856,49,2
2024-10-10,Direct,Direct_Traffic,30.46,5588,230,18
2024-10-11,Google Ads,Search_Brand,1591.05,8647,362,28
2024-10-11,Google Ads,Search_Generic,920.09,7040,94,1
2024-10-11,Google Ads,Display_Retarget,2649.65,7949,91,6
2024-10-11,Meta Ads,FB_Prospecting,922.84,3428,40,2
2024-10-11,Meta Ads,IG_Retarget,1397.83,7539,251,11
2024-10-11,Meta Ads,FB_Lookalike,30544.58,17425,713,21
2024-10-11,YouTube Ads,YT_Skippable,929.63,1141,38,2
2024-10-11,YouTube Ads,YT_Bumper,2252.68,2277,54,1
2024-10-11,Email,Cart_Recovery,8997.65,7245,281,9
2024-10-11,Email,Win_Back,697.66,8752,80,5
2024-10-11,Organic Search,SEO_Blog,223.64,2577,68,2
2024-10-11,Affiliate,Affiliate_Network_A,2877.4,18671,212,14
2024-10-11,Affiliate,Affiliate_Network_B,2444.63,5407,58,4
2024-10-11,Referral,Referral_Program,295.22,5487,245,12
2024-10-12,Google Ads,Search_Brand,1666.74,3827,48,3
2024-10-12,Google Ads,Search_Generic,2136.02,5836,176,12
2024-10-12,Google Ads,Display_Retarget,1587.07,1602,64,4
2024-10-12,Meta Ads,FB_Prospecting,4529.92,2960,123,9
2024-10-12,Meta Ads,FB_Lookalike,3812.86,4730,109,4
2024-10-12,YouTube Ads,YT_Skippable,8278.01,4526,201,2
2024-10-12,YouTube Ads,YT_Bumper,4652.27,14058,157,7
2024-10-12,Email,Weekly_Newsletter,7417.12,12557,188,13
2024-10-12,Email,Cart_Recovery,2399.4,4729,133,5
2024-10-12,Email,Win_Back,1320.97,8085,246,12
2024-10-12,Organic Search,SEO_Blog,353.9,11567,426,8
2024-10-12,Affiliate,Affiliate_Network_B,737.72,2267,69,3
2024-10-12,Referral,Referral_Program,161.03,386,12,0
2024-10-13,Google Ads,Search_Brand,543.35,8454,42,1
2024-10-13,Google Ads,Search_Generic,4666.31,3736,137,2
2024-10-13,Google Ads,Display_Retarget,1057.54,2186,46,1
2024-10-13,Meta Ads,FB_Prospecting,75.89,2083,15,0
2024-10-13,Meta Ads,IG_Retarget,2574.99,6716,60,1
2024-10-13,Meta Ads,FB_Lookalike,3464.17,5562,231,14
2024-10-13,YouTube Ads,YT_Skippable,20056.29,22794,986,14
2024-10-13,Email,Weekly_Newsletter,1900.91,5335,69,2
2024-10-13,Email,Cart_Recovery,1507.49,5389,49,2
2024-10-13,Organic Search,SEO_Blog,322.88,10601,327,8
2024-10-13,Organic Search,SEO_Category,347.96,8193,236,16
2024-10-13,Affiliate,Affiliate_Network_B,1243.71,3636,92,2
2024-10-13,Referral,Referral_Program,469.76,3809,106,6
2024-10-13,Direct,Direct_Traffic,131.09,2216,84,6
2024-10-14,Google Ads,Shopping_Ads,2103.18,7218,75,1
2024-10-14,Meta Ads,FB_Prospecting,1393.7,3022,63,3
2024-10-14,Meta Ads,IG_Retarget,526.73,953,18,0
2024-10-14,Meta Ads,FB_Lookalike,4615.49,6413,117,6
2024-10-14,YouTube Ads,YT_Skippable,945.42,2785,96,3
2024-10-14,YouTube Ads,YT_Bumper,1874.5,2358,53,2
2024-10-14,Email,Weekly_Newsletter,2020.41,2149,78,1
2024-10-14,Email,Cart_Recovery,3525.49,5785,84,0
2024-10-14,Email,Win_Back,2416.31,11952,131,5
2024-10-14,Organic Search,SEO_Blog,271.1,13539,132,8
2024-10-14,Affiliate,Affiliate_Network_A,688.27,6030,109,1
2024-10-14,Referral,Referral_Program,149.3,3280,103,7
2024-10-14,Direct,Direct_Traffic,476.1,9546,106,5
2024-10-15,Google Ads,Search_Brand,251.74,2501,34,2
2024-10-15,Google Ads,Shopping_Ads,986.75,8665,318,21
2024-10-15,Meta Ads,IG_Retarget,1183.56,5799,223,3
2024-10-15,Meta Ads,FB_Lookalike,1132.51,1499,64,4
2024-10-15,YouTube Ads,YT_Bumper,3455.62,3039,128,6
2024-10-15,Email,Weekly_Newsletter,1002.68,5373,44,2
2024-10-15,Email,Cart_Recovery,20527.7,20826,935,37
2024-10-15,Email,Win_Back,524.53,4478,90,1
2024-10-15,Organic Search,SEO_Blog,495.05,4293,125,5
2024-10-15,Affiliate,Affiliate_Network_B,1730.12,7458,166,11
2024-10-15,Referral,Referral_Program,317.3,8081,327,15
2024-10-16,Google Ads,Search_Brand,2718.91,3830,129,9
2024-10-16,Google Ads,Search_Generic,1474.62,1760,73,5
2024-10-16,Google Ads,Display_Retarget,227.28,1888,16,1
2024-10-16,Meta Ads,FB_Prospecting,1863.98,4132,133,4
2024-10-16,Meta Ads,IG_Retarget,5824.73,6493,223,5
2024-10-16,Meta Ads,FB_Lookalike,619.77,6913,200,7
2024-10-16,YouTube Ads,YT_Bumper,12890.94,16811,441,5
2024-10-16,Email,Weekly_Newsletter,2795.88,3634,118,5
2024-10-16,Email,Cart_Recovery,2482.81,7549,73,3
2024-10-16,Organic Search,SEO_Category,,12047,282,5
2024-10-16,Referral,Referral_Program,150.43,12172,263,17
2024-10-16,Direct,Direct_Traffic,20.16,6185,50,0
2024-10-17,Google Ads,Search_Generic,6307.25,7790,253,11
2024-10-17,Google Ads,Shopping_Ads,2601.63,8236,97,5
2024-10-17,Google Ads,Display_Retarget,1451.41,5210,208,13
2024-10-17,Meta Ads,IG_Retarget,4486.88,5629,131,6
2024-10-17,Email,Weekly_Newsletter,568.71,3228,27,1
2024-10-17,Email,Cart_Recovery,2351.04,7809,108,8
2024-10-17,Email,Win_Back,8773.32,9106,317,23
2024-10-17,Organic Search,SEO_Blog,138.45,5083,188,13
2024-10-17,Organic Search,SEO_Category,102.99,10719,386,16
2024-10-17,Affiliate,Affiliate_Network_A,5198.56,5459,160,5
2024-10-17,Affiliate,Affiliate_Network_B,1924.41,5078,187,2
2024-10-17,Referral,Referral_Program,127.8,1682,57,1
2024-10-17,Direct,Direct_Traffic,309.72,8702,127,8
2024-10-18,Google Ads,Search_Brand,6612.76,6934,214,7
2024-10-18,Google Ads,Shopping_Ads,5716.14,7981,216,11
2024-10-18,Google Ads,Display_Retarget,3994.62,6014,262,9
2024-10-18,Meta Ads,FB_Prospecting,8174.55,9535,364,20
2024-10-18,Meta Ads,IG_Retarget,761.52,5730,68,2
2024-10-18,Meta Ads,FB_Lookalike,929.15,7498,225,6
2024-10-18,YouTube Ads,YT_Bumper,599.92,1698,19,1
2024-10-18,Email,Weekly_Newsletter,7512.29,8477,376,29
2024-10-18,Email,Cart_Recovery,1124.64,1146,49,2
2024-10-18,Email,Win_Back,1064.02,1657,67,5
2024-10-18,Organic Search,SEO_Category,415.96,6484,254,15
2024-10-18,Direct,Direct_Traffic,325.99,3207,70,2
2024-10-19,Google Ads,Search_Generic,4847.1,5398,126,1
2024-10-19,Google Ads,Shopping_Ads,9186.25,13535,314,18
2024-10-19,Google Ads,Display_Retarget,684.46,2373,84,1
2024-10-19,Meta Ads,FB_Prospecting,6220.26,13401,158,12
2024-10-19,Meta Ads,FB_Lookalike,7992.11,6824,179,12
2024-10-19,YouTube Ads,YT_Bumper,28211.62,19635,812,32
2024-10-19,Email,Weekly_Newsletter,3667.23,5138,114,3
2024-10-19,Email,Cart_Recovery,2983.82,3947,81,5
2024-10-19,Email,Win_Back,3408.66,10028,115,7
2024-10-19,Organic Search,SEO_Blog,395.11,10593,370,28
2024-10-19,Referral,Referral_Program,263.6,10622,237,5
2024-10-19,Direct,Direct_Traffic,88.39,571,5,0
2024-10-20,Google Ads,Search_Brand,2469.07,5750,168,12
2024-10-20,Google Ads,Search_Generic,2751.46,7245,62,4
2024-10-20,Google Ads,Shopping_Ads,4036.39,6341,208,7
2024-10-20,Google Ads,Display_Retarget,1057.01,9173,164,7
2024-10-20,Meta Ads,FB_Prospecting,2590.13,4031,135,4
2024-10-20,Meta Ads,IG_Retarget,578.61,1585,43,3
2024-10-20,Meta Ads,FB_Lookalike,818.91,1454,26,0
2024-10-20,Email,Weekly_Newsletter,4361.76,8016,147,4
2024-10-20,Email,Cart_Recovery,911.72,13722,97,1
2024-10-20,Email,Win_Back,8771.13,9700,365,7
2024-10-20,Organic Search,SEO_Blog,17.37,7088,127,1
2024-10-20,Organic Search,SEO_Category,134.71,4823,90,2
2024-10-20,Referral,Referral_Program,394.18,8233,149,9
2024-10-20,Direct,Direct_Traffic,223.95,4775,163,7
2024-10-21,Google Ads,Search_Brand,10193.52,21351,227,2
2024-10-21,Google Ads,Display_Retarget,6650.24,15161,153,10
2024-10-21,Meta Ads,FB_Prospecting,2506.97,8360,240,17
2024-10-21,Meta Ads,IG_Retarget,2528.28,5811,180,5
2024-10-21,YouTube Ads,YT_Skippable,12923.03,12173,460,21
2024-10-21,Email,Weekly_Newsletter,6978.16,4440,163,7
2024-10-21,Email,Cart_Recovery,2336.27,5898,64,1
2024-10-21,Email,Win_Back,449.82,1094,21,0
2024-10-21,Organic Search,SEO_Blog,389.21,3782,140,9
2024-10-21,Affiliate,Affiliate_Network_B,7105.99,5923,232,7
2024-10-21,Referral,Referral_Program,335.69,3392,41,3
2024-10-21,Direct,Direct_Traffic,109.71,1926,18,1
2024-10-22,Google Ads,Search_Brand,340.43,1520,27,1
2024-10-22,Google Ads,Search_Generic,10815.66,7871,332,22
2024-10-22,Google Ads,Display_Retarget,8403.04,15519,368,22
2024-10-22,Meta Ads,FB_Prospecting,10530.77,8038,338,14
2024-10-22,Meta Ads,IG_Retarget,762.32,3963,111,5
2024-10-22,Meta Ads,FB_Lookalike,588.95,5645,30,1
2024-10-22,YouTube Ads,YT_Skippable,4584.47,11018,168,10
2024-10-22,YouTube Ads,YT_Bumper,61.72,892,11,0
2024-10-22,Email,Weekly_Newsletter,1224.32,2868,107,7
2024-10-22,Email,Cart_Recovery,444.01,2346,95,6
2024-10-22,Email,Win_Back,257.63,3912,22,1
2024-10-22,Organic Search,SEO_Blog,295.51,4309,81,2
2024-10-22,Affiliate,Affiliate_Network_B,5791.54,3220,138,5
2024-10-22,Referral,Referral_Program,498.28,3641,125,5
2024-10-23,Google Ads,Search_Brand,942.62,3535,26,0
2024-10-23,Google Ads,Search_Generic,2790.32,5213,111,8
2024-10-23,Google Ads,Display_Retarget,285.03,290,10,0
2024-10-23,Meta Ads,FB_Prospecting,924.46,8779,178,9
2024-10-23,Meta Ads,IG_Retarget,25254.91,14236,582,32
2024-10-23,Meta Ads,FB_Lookalike,1027.06,1729,68,4
2024-10-23,YouTube Ads,YT_Bumper,4403.13,8226,337,21
2024-10-23,Email,Weekly_Newsletter,3891.11,5713,202,11
2024-10-23,Email,Cart_Recovery,1048.99,2932,45,0
2024-10-23,Email,Win_Back,414.53,801,11,0
2024-10-23,Affiliate,Affiliate_Network_A,5196.32,7917,275,5
2024-10-23,Affiliate,Affiliate_Network_B,3566.14,8724,257,9
2024-10-23,Referral,Referral_Program,203.82,3670,131,8
2024-10-23,Direct,Direct_Traffic,482.27,4392,100,3
2024-10-24,Google Ads,Search_Brand,3304.2,8444,115,7
2024-10-24,Google Ads,Search_Generic,630.39,5619,39,2
2024-10-24,Google Ads,Shopping_Ads,1763.18,2940,43,2
2024-10-24,Google Ads,Display_Retarget,2031.45,3777,53,1
2024-10-24,Meta Ads,IG_Retarget,1172.72,6114,73,1
2024-10-24,Meta Ads,FB_Lookalike,41.01,56,2,0
2024-10-24,YouTube Ads,YT_Bumper,2397.14,5162,104,7
2024-10-24,Email,Weekly_Newsletter,3244.11,14150,457,28
2024-10-24,Email,Cart_Recovery,11551.07,10908,258,10
2024-10-24,Organic Search,SEO_Blog,173.15,5564,160,9
2024-10-24,Organic Search,SEO_Category,208.03,1775,37,1
2024-10-24,Referral,Referral_Program,43.39,18290,811,62
2024-10-25,Google Ads,Search_Brand,348.88,204,8,0
2024-10-25,Google Ads,Shopping_Ads,2671.47,8592,112,5
2024-10-25,Google Ads,Display_Retarget,8532.22,9260,337,14
2024-10-25,Meta Ads,FB_Prospecting,3615.96,4379,110,2
2024-10-25,Meta Ads,IG_Retarget,3259.02,4231,86,5
2024-10-25,YouTube Ads,YT_Skippable,946.61,1104,29,0
2024-10-25,YouTube Ads,YT_Bumper,6129.82,10404,234,16
2024-10-25,Email,Weekly_Newsletter,,18669,144,2
2024-10-25,Email,Cart_Recovery,9093.87,8980,228,2
2024-10-25,Organic Search,SEO_Blog,425.87,2397,20,0
2024-10-25,Organic Search,SEO_Category,389.26,2781,97,2
2024-10-25,Affiliate,Affiliate_Network_A,1148.24,3176,102,5
2024-10-25,Referral,Referral_Program,97.72,1742,27,0
2024-10-25,Direct,Direct_Traffic,399.87,2827,119,7
2024-10-26,Google Ads,Search_Brand,4341.12,8328,254,13
2024-10-26,Google Ads,Shopping_Ads,605.77,1832,17,0
2024-10-26,YouTube Ads,YT_Skippable,73.11,189,5,0
2024-10-26,Email,Cart_Recovery,1065.78,7408,126,6
2024-10-26,Email,Win_Back,1163.95,1626,47,1
2024-10-26,Organic Search,SEO_Category,304.1,1157,21,0
2024-10-26,Affiliate,Affiliate_Network_A,2791.55,2659,115,1
2024-10-26,Affiliate,Affiliate_Network_B,1401.53,5788,33,0
2024-10-26,Referral,Referral_Program,242.73,1663,21,1
2024-10-26,Direct,Direct_Traffic,381.03,3163,140,6
2024-10-27,Google Ads,Search_Brand,242.84,1529,14,0
2024-10-27,Google Ads,Search_Generic,19864.71,17150,719,23
2024-10-27,Google Ads,Shopping_Ads,3211.14,6795,99,3
2024-10-27,Google Ads,Display_Retarget,19567.71,15440,591,29
2024-10-27,Meta Ads,FB_Prospecting,1249.8,4476,62,2
2024-10-27,Meta Ads,FB_Lookalike,2757.23,6431,127,8
2024-10-27,YouTube Ads,YT_Skippable,58.33,345,3,0
2024-10-27,YouTube Ads,YT_Bumper,328.14,1382,37,2
2024-10-27,Email,Weekly_Newsletter,816.8,1287,20,1
2024-10-27,Email,Win_Back,258.92,216,6,0
2024-10-27,Organic Search,SEO_Blog,23.27,1333,32,1
2024-10-27,Affiliate,Affiliate_Network_A,680.43,2782,58,2
2024-10-27,Affiliate,Affiliate_Network_B,1245.49,2838,63,4
2024-10-27,Direct,Direct_Traffic,274.49,11746,258,13
2024-10-28,Google Ads,Search_Brand,337.26,1863,29,0
2024-10-28,Google Ads,Shopping_Ads,530.45,3539,116,1
2024-10-28,Google Ads,Display_Retarget,10459.43,7231,247,9
2024-10-28,Meta Ads,IG_Retarget,3287.93,3079,98,3
2024-10-28,YouTube Ads,YT_Bumper,150.4,1271,27,1
2024-10-28,Email,Weekly_Newsletter,114.53,7337,38,2
2024-10-28,Email,Cart_Recovery,6598.87,4448,175,6
2024-10-28,Organic Search,SEO_Blog,27.84,5140,215,13
2024-10-28,Affiliate,Affiliate_Network_B,4271.98,2458,109,6
2024-10-28,Referral,Referral_Program,281.41,1114,37,1
2024-10-28,Direct,Direct_Traffic,168.68,2686,17,0
2024-10-29,Google Ads,Search_Brand,1454.51,5832,161,11
2024-10-29,Google Ads,Search_Generic,4758.03,4530,158,5
2024-10-29,Google Ads,Shopping_Ads,2562.76,6915,257,6
2024-10-29,Google Ads,Display_Retarget,3338.89,8677,297,9
2024-10-29,Meta Ads,FB_Prospecting,3250.64,4099,176,7
2024-10-29,Meta Ads,IG_Retarget,5832.99,4160,163,3
2024-10-29,Meta Ads,FB_Lookalike,1947.04,5328,134,3
2024-10-29,YouTube Ads,YT_Bumper,2103.93,4193,98,1
2024-10-29,Email,Weekly_Newsletter,1567.87,2438,52,3
2024-10-29,Email,Cart_Recovery,2532.05,4999,120,4
2024-10-29,Email,Win_Back,1008.13,2416,25,0
2024-10-29,Organic Search,SEO_Blog,4.35,3480,60,4
2024-10-29,Organic Search,SEO_Category,101.73,6371,85,3
2024-10-29,Affiliate,Affiliate_Network_A,949.2,6297,95,5
2024-10-29,Direct,Direct_Traffic,159.07,7359,174,11
2024-10-30,Google Ads,Search_Brand,402.62,1360,22,1
2024-10-30,Google Ads,Shopping_Ads,7697.19,5651,198,6
2024-10-30,Meta Ads,FB_Prospecting,1293.88,4779,123,4
2024-10-30,Meta Ads,IG_Retarget,6842.92,6454,173,8
2024-10-30,Meta Ads,FB_Lookalike,6031.31,15983,300,21
2024-10-30,YouTube Ads,YT_Skippable,5334.53,8381,152,5
2024-10-30,Email,Weekly_Newsletter,352.8,259,10,0
2024-10-30,Email,Cart_Recovery,961.44,5227,91,5
2024-10-30,Organic Search,SEO_Category,336.45,10103,411,8
2024-10-30,Affiliate,Affiliate_Network_A,581.53,5718,62,2
2024-10-30,Affiliate,Affiliate_Network_B,9301.82,9488,237,4
2024-10-30,Referral,Referral_Program,36.0,5771,229,16
2024-10-30,Direct,Direct_Traffic,24.62,10089,387,22
2024-10-31,Google Ads,Search_Brand,3132.34,6282,252,10
2024-10-31,Google Ads,Search_Generic,1380.61,7117,218,14
2024-10-31,Google Ads,Display_Retarget,5134.51,10868,311,6
2024-10-31,Meta Ads,FB_Prospecting,6051.67,5653,141,6
2024-10-31,Meta Ads,IG_Retarget,23334.6,15394,671,9
2024-10-31,Meta Ads,FB_Lookalike,1244.5,920,30,0
2024-10-31,YouTube Ads,YT_Skippable,2862.25,4366,112,4
2024-10-31,Email,Weekly_Newsletter,10971.84,12354,420,30
2024-10-31,Email,Cart_Recovery,529.89,2693,24,1
2024-10-31,Email,Win_Back,7398.98,5443,168,2
2024-10-31,Organic Search,SEO_Blog,86.57,8625,202,8
2024-10-31,Affiliate,Affiliate_Network_B,8175.96,10153,341,7
2024-10-31,Direct,Direct_Traffic,40.68,3381,150,5
2024-11-01,Google Ads,Search_Brand,2734.75,1583,61,3
2024-11-01,Google Ads,Search_Generic,73.16,190,4,0
2024-11-01,Google Ads,Shopping_Ads,4400.36,4033,108,8
2024-11-01,Google Ads,Display_Retarget,6080.14,10657,208,8
2024-11-01,Meta Ads,FB_Prospecting,2426.36,9061,75,1
2024-11-01,Meta Ads,IG_Retarget,7075.9,3879,171,11
2024-11-01,YouTube Ads,YT_Skippable,634.34,5718,132,3
2024-11-01,YouTube Ads,YT_Bumper,1960.24,3281,69,1
2024-11-01,Email,Weekly_Newsletter,,15226,410,26
2024-11-01,Email,Cart_Recovery,4291.13,2848,101,7
2024-11-01,Organic Search,SEO_Blog,262.15,1369,9,0
2024-11-01,Affiliate,Affiliate_Network_A,1600.04,2566,60,2
2024-11-01,Referral,Referral_Program,469.76,17025,537,20
2024-11-01,Direct,Direct_Traffic,149.42,4842,37,2
2024-11-02,Google Ads,Search_Brand,555.51,4119,29,1
2024-11-02,Google Ads,Search_Generic,775.8,4709,23,0
2024-11-02,Google Ads,Shopping_Ads,7769.11,4480,199,11
2024-11-02,Google Ads,Display_Retarget,2884.3,2929,77,6
2024-11-02,Meta Ads,IG_Retarget,1239.42,2060,36,1
2024-11-02,YouTube Ads,YT_Skippable,3903.39,2572,103,7
2024-11-02,YouTube Ads,YT_Bumper,1809.31,3818,79,2
2024-11-02,Email,Cart_Recovery,498.37,2850,16,1
2024-11-02,Organic Search,SEO_Blog,33.52,6605,72,2
2024-11-02,Affiliate,Affiliate_Network_A,651.92,1754,30,1
2024-11-02,Affiliate,Affiliate_Network_B,1564.71,2720,73,0
2024-11-02,Referral,Referral_Program,481.47,8651,206,4
2024-11-02,Direct,Direct_Traffic,112.82,719,20,1
2024-11-03,Google Ads,Search_Brand,3583.1,5031,94,5
2024-11-03,Google Ads,Search_Generic,5697.19,3874,172,6
2024-11-03,Google Ads,Shopping_Ads,4017.65,3093,110,4
2024-11-03,Google Ads,Display_Retarget,4809.25,3819,148,2
2024-11-03,Meta Ads,FB_Lookalike,1213.66,6588,120,2
2024-11-03,YouTube Ads,YT_Bumper,3518.35,3361,91,6
2024-11-03,Email,Weekly_Newsletter,432.37,988,40,2
2024-11-03,Email,Cart_Recovery,5175.93,8116,191,5
2024-11-03,Email,Win_Back,93.9,503,6,0
2024-11-03,Organic Search,SEO_Blog,45.96,1463,49,3
2024-11-03,Affiliate,Affiliate_Network_B,4010.71,7170,218,4
2024-11-03,Referral,Referral_Program,442.08,10935,385,24
2024-11-03,Direct,Direct_Traffic,417.05,15865,637,21
2024-11-04,Google Ads,Search_Brand,1525.65,1313,46,3
2024-11-04,Google Ads,Search_Generic,1053.56,7191,77,5
2024-11-04,Google Ads,Shopping_Ads,11768.05,11306,364,5
2024-11-04,Meta Ads,FB_Prospecting,1625.3,2008,52,2
2024-11-04,Meta Ads,IG_Retarget,18112.67,14007,411,10
2024-11-04,Meta Ads,FB_Lookalike,3051.2,14579,78,2
2024-11-04,YouTube Ads,YT_Skippable,1871.33,4612,190,11
2024-11-04,Email,Weekly_Newsletter,5497.22,4119,125,2
2024-11-04,Email,Cart_Recovery,8334.41,11033,267,3
2024-11-04,Email,Win_Back,89.5,1751,10,0
2024-11-04,Organic Search,SEO_Blog,453.79,7541,270,14
2024-11-04,Organic Search,SEO_Category,205.86,1604,15,0
2024-11-04,Affiliate,Affiliate_Network_A,2110.74,2893,87,4
2024-11-04,Direct,Direct_Traffic,,12924,524,36
2024-11-05,Google Ads,Search_Brand,348.51,1916,29,0
2024-11-05,Google Ads,Search_Generic,2308.51,3303,82,1
2024-11-05,Google Ads,Shopping_Ads,972.38,6237,66,1
2024-11-05,Google Ads,Display_Retarget,8308.9,14089,345,25
2024-11-05,Meta Ads,FB_Prospecting,1227.11,1896,39,2
2024-11-05,Meta Ads,FB_Lookalike,4694.12,8025,205,3
2024-11-05,YouTube Ads,YT_Bumper,4946.11,4800,158,3
2024-11-05,Email,Cart_Recovery,4246.28,3040,136,9
2024-11-05,Organic Search,SEO_Blog,189.71,7846,117,5
2024-11-05,Affiliate,Affiliate_Network_B,1537.03,5589,82,2
2024-11-05,Direct,Direct_Traffic,104.48,3428,143,4
2024-11-06,Google Ads,Search_Brand,184.99,1095,36,0
2024-11-06,Google Ads,Search_Generic,2921.65,3249,73,2
2024-11-06,Google Ads,Display_Retarget,18269.02,17500,700,13
2024-11-06,Meta Ads,FB_Prospecting,4938.83,7045,297,3
2024-11-06,Meta Ads,IG_Retarget,1495.13,2766,111,2
2024-11-06,Meta Ads,FB_Lookalike,6325.81,5944,156,1
2024-11-06,YouTube Ads,YT_Bumper,426.6,1529,11,0
2024-11-06,Email,Cart_Recovery,4703.14,12289,164,10
2024-11-06,Email,Win_Back,453.77,3403,51,0
2024-11-06,Affiliate,Affiliate_Network_A,802.39,2118,70,2
2024-11-06,Affiliate,Affiliate_Network_B,265.54,3352,53,1
2024-11-06,Referral,Referral_Program,370.67,1265,28,0
2024-11-06,Direct,Direct_Traffic,314.47,7475,91,2
2024-11-07,Google Ads,Display_Retarget,1801.87,4170,139,4
2024-11-07,Meta Ads,FB_Prospecting,15422.96,11534,461,13
2024-11-07,Meta Ads,IG_Retarget,158.85,732,4,0
2024-11-07,Meta Ads,FB_Lookalike,4898.63,6036,175,6
2024-11-07,YouTube Ads,YT_Skippable,1608.34,3096,45,2
2024-11-07,YouTube Ads,YT_Bumper,1238.75,5559,38,2
2024-11-07,Email,Weekly_Newsletter,4136.14,4054,166,1
2024-11-07,Email,Cart_Recovery,2605.78,5989,230,10
2024-11-07,Email,Win_Back,6915.44,8630,177,13
2024-11-07,Organic Search,SEO_Blog,99.35,5343,42,0
2024-11-07,Organic Search,SEO_Category,362.43,1410,42,2
2024-11-07,Affiliate,Affiliate_Network_B,904.18,2121,21,0
2024-11-07,Referral,Referral_Program,122.98,6651,91,4
2024-11-08,Google Ads,Search_Brand,1243.36,8278,77,5
2024-11-08,Google Ads,Search_Generic,4426.65,4923,176,3
2024-11-08,Google Ads,Shopping_Ads,1413.44,3592,100,4
2024-11-08,Google Ads,Display_Retarget,888.77,12855,132,6
2024-11-08,Meta Ads,FB_Prospecting,50.39,289,11,0
2024-11-08,Meta Ads,IG_Retarget,475.15,779,34,1
2024-11-08,YouTube Ads,YT_Skippable,5751.15,7499,253,17
2024-11-08,YouTube Ads,YT_Bumper,259.88,3048,36,2
2024-11-08,Email,Weekly_Newsletter,1799.74,2811,42,2
2024-11-08,Email,Cart_Recovery,5304.24,8865,176,7
2024-11-08,Email,Win_Back,76.96,2576,21,1
2024-11-08,Organic Search,SEO_Category,302.5,3248,26,1
2024-11-08,Affiliate,Affiliate_Network_A,2435.78,5066,179,3
2024-11-08,Affiliate,Affiliate_Network_B,632.24,3182,17,0
2024-11-08,Direct,Direct_Traffic,351.8,10276,57,1
2024-11-09,Google Ads,Search_Brand,1334.76,5753,139,2
2024-11-09,Google Ads,Search_Generic,933.24,1136,28,1
2024-11-09,Google Ads,Shopping_Ads,8520.45,8060,217,9
2024-11-09,Meta Ads,FB_Prospecting,8016.07,7113,274,3
2024-11-09,Meta Ads,IG_Retarget,10964.43,10801,449,34
2024-11-09,YouTube Ads,YT_Skippable,5163.17,5920,124,3
2024-11-09,YouTube Ads,YT_Bumper,5834.21,5664,167,10
2024-11-09,Email,Cart_Recovery,,3193,82,6
2024-11-09,Email,Win_Back,12905.47,10552,471,20
2024-11-09,Organic Search,SEO_Blog,487.62,6569,49,1
2024-11-09,Organic Search,SEO_Category,332.56,875,37,0
2024-11-09,Affiliate,Affiliate_Network_B,249.55,1424,46,2
2024-11-09,Referral,Referral_Program,56.43,11602,430,20
2024-11-09,Direct,Direct_Traffic,130.7,6071,121,4
2024-11-10,Google Ads,Search_Generic,4615.8,10120,105,3
2024-11-10,Google Ads,Shopping_Ads,2321.09,15004,529,9
2024-11-10,Google Ads,Display_Retarget,1023.02,1274,57,3
2024-11-10,Meta Ads,IG_Retarget,682.25,8212,48,1
2024-11-10,Meta Ads,FB_Lookalike,5698.14,5320,215,14
2024-11-10,YouTube Ads,YT_Skippable,2909.48,10363,337,20
2024-11-10,YouTube Ads,YT_Bumper,2893.03,10186,105,6
2024-11-10,Email,Cart_Recovery,1307.7,8853,79,4
2024-11-10,Email,Win_Back,3334.47,5552,136,1
2024-11-10,Organic Search,SEO_Category,121.2,8116,128,7
2024-11-10,Affiliate,Affiliate_Network_B,2345.91,5863,99,5
2024-11-10,Referral,Referral_Program,226.23,3770,76,4
2024-11-11,Google Ads,Search_Brand,626.97,3690,82,5
2024-11-11,Google Ads,Display_Retarget,558.17,6550,165,9
2024-11-11,Meta Ads,IG_Retarget,1921.47,13379,476,21
2024-11-11,YouTube Ads,YT_Skippable,3942.38,5807,171,11
2024-11-11,YouTube Ads,YT_Bumper,1939.16,7131,70,2
2024-11-11,Email,Cart_Recovery,5928.01,18282,177,10
2024-11-11,Email,Win_Back,2821.21,1743,66,2
2024-11-11,Organic Search,SEO_Blog,272.7,2566,98,7
2024-11-11,Affiliate,Affiliate_Network_A,281.38,4025,42,0
2024-11-11,Affiliate,Affiliate_Network_B,6108.09,16260,274,16
2024-11-11,Referral,Referral_Program,,3321,133,4
2024-11-11,Direct,Direct_Traffic,112.94,4912,89,1
2024-11-12,Google Ads,Search_Brand,8061.14,5099,193,7
2024-11-12,Google Ads,Shopping_Ads,878.24,3824,155,2
2024-11-12,Google Ads,Display_Retarget,639.66,7336,80,5
2024-11-12,Meta Ads,IG_Retarget,2188.96,2720,71,3
2024-11-12,Meta Ads,FB_Lookalike,1906.97,1817,67,3
2024-11-12,YouTube Ads,YT_Bumper,2013.78,2998,124,3
2024-11-12,Email,Weekly_Newsletter,9204.72,13307,439,18
2024-11-12,Email,Cart_Recovery,10381.27,10195,291,10
2024-11-12,Email,Win_Back,8599.49,7861,320,21
2024-11-12,Organic Search,SEO_Blog,421.6,1529,40,1
2024-11-12,Organic Search,SEO_Category,335.21,2982,90,1
2024-11-12,Affiliate,Affiliate_Network_A,428.4,3338,74,1
2024-11-12,Affiliate,Affiliate_Network_B,3096.22,3124,77,2
2024-11-12,Referral,Referral_Program,,5543,106,1
2024-11-13,Google Ads,Search_Brand,1188.49,12010,294,6
2024-11-13,Google Ads,Search_Generic,407.17,1088,28,1
2024-11-13,Google Ads,Shopping_Ads,1303.54,2453,93,5
2024-11-13,Google Ads,Display_Retarget,1765.99,3067,93,4
2024-11-13,Meta Ads,FB_Prospecting,10158.65,7427,302,6
2024-11-13,Meta Ads,IG_Retarget,1533.9,1264,53,0
2024-11-13,YouTube Ads,YT_Skippable,1277.92,6936,118,6
2024-11-13,YouTube Ads,YT_Bumper,3018.31,8780,128,6
2024-11-13,Email,Weekly_Newsletter,4784.9,8790,220,3
2024-11-13,Email,Win_Back,2474.22,8144,182,2
2024-11-13,Organic Search,SEO_Blog,244.4,1929,18,0
2024-11-13,Organic Search,SEO_Category,354.63,3304,128,1
2024-11-13,Affiliate,Affiliate_Network_A,742.35,7057,94,4
2024-11-14,Google Ads,Search_Brand,1731.54,2468,94,4
2024-11-14,Google Ads,Search_Generic,2723.29,2479,83,5
2024-11-14,Google Ads,Shopping_Ads,1075.23,3530,64,3
2024-11-14,Meta Ads,FB_Prospecting,825.22,1499,19,0
2024-11-14,Meta Ads,IG_Retarget,2189.09,2891,67,0
2024-11-14,Meta Ads,FB_Lookalike,951.87,1626,55,2
2024-11-14,YouTube Ads,YT_Skippable,7093.84,4621,203,13
2024-11-14,YouTube Ads,YT_Bumper,295.56,485,17,1
2024-11-14,Email,Weekly_Newsletter,61.55,132,3,0
2024-11-14,Email,Win_Back,395.51,2479,19,1
2024-11-14,Organic Search,SEO_Blog,294.82,8174,73,2
2024-11-14,Organic Search,SEO_Category,144.81,3997,144,7
2024-11-14,Affiliate,Affiliate_Network_B,1013.17,9494,60,1
2024-11-14,Referral,Referral_Program,56.91,7101,108,7
2024-11-14,Direct,Direct_Traffic,182.87,4473,26,0
2024-11-15,Meta Ads,FB_Prospecting,8324.64,8293,274,16
2024-11-15,Meta Ads,IG_Retarget,1582.98,2765,85,5
2024-11-15,Meta Ads,FB_Lookalike,630.64,800,16,0
2024-11-15,YouTube Ads,YT_Bumper,144.12,2580,33,2
2024-11-15,Email,Weekly_Newsletter,460.07,2154,24,1
2024-11-15,Email,Win_Back,2750.97,2839,85,5
2024-11-15,Organic Search,SEO_Blog,134.12,6782,284,8
2024-11-15,Organic Search,SEO_Category,175.59,3094,125,7
2024-11-15,Affiliate,Affiliate_Network_A,5118.31,3578,149,9
2024-11-15,Affiliate,Affiliate_Network_B,11367.15,12455,498,24
2024-11-15,Referral,Referral_Program,64.54,1321,43,3
2024-11-16,Google Ads,Search_Generic,1047.2,3790,40,3
2024-11-16,Google Ads,Shopping_Ads,740.65,5474,28,0
2024-11-16,Google Ads,Display_Retarget,1323.79,4600,69,3
2024-11-16,Meta Ads,FB_Prospecting,2159.0,3094,50,3
2024-11-16,Meta Ads,IG_Retarget,2290.99,9516,146,9
2024-11-16,Meta Ads,FB_Lookalike,1321.69,2448,86,5
2024-11-16,YouTube Ads,YT_Bumper,5788.78,6835,167,7
2024-11-16,Email,Weekly_Newsletter,914.63,1584,34,1
2024-11-16,Email,Cart_Recovery,1878.04,2304,74,5
2024-11-16,Organic Search,SEO_Blog,150.1,4839,116,2
2024-11-16,Affiliate,Affiliate_Network_A,3830.28,8161,168,13
2024-11-16,Referral,Referral_Program,177.15,5238,159,8
2024-11-17,Google Ads,Search_Brand,2130.01,3336,54,1
2024-11-17,Google Ads,Search_Generic,135.56,1677,13,1
2024-11-17,Google Ads,Display_Retarget,483.89,892,16,0
2024-11-17,Meta Ads,FB_Prospecting,12277.22,8044,325,13
2024-11-17,Meta Ads,IG_Retarget,543.81,5220,59,0
2024-11-17,Meta Ads,FB_Lookalike,3180.68,2318,75,3
2024-11-17,YouTube Ads,YT_Bumper,299.58,3571,35,2
2024-11-17,Email,Weekly_Newsletter,4755.49,4779,204,16
2024-11-17,Email,Cart_Recovery,1018.76,13455,239,3
2024-11-17,Affiliate,Affiliate_Network_A,550.47,2307,81,5
2024-11-17,Affiliate,Affiliate_Network_B,1318.1,3857,63,4
2024-11-17,Referral,Referral_Program,421.94,3633,56,0
2024-11-17,Direct,Direct_Traffic,358.84,8916,152,11
2024-11-18,Google Ads,Search_Generic,2927.79,2570,85,2
2024-11-18,Google Ads,Shopping_Ads,3664.99,9062,314,24
2024-11-18,Meta Ads,FB_Prospecting,6719.83,4576,191,5
2024-11-18,Meta Ads,IG_Retarget,1733.69,5041,40,1
2024-11-18,Meta Ads,FB_Lookalike,2650.89,5881,176,3
2024-11-18,YouTube Ads,YT_Skippable,2917.11,10216,245,16
2024-11-18,YouTube Ads,YT_Bumper,2952.38,4797,84,1
2024-11-18,Email,Cart_Recovery,2428.36,4092,174,7
2024-11-18,Organic Search,SEO_Blog,446.93,5032,206,10
2024-11-18,Organic Search,SEO_Category,396.73,5074,106,5
2024-11-18,Affiliate,Affiliate_Network_B,8105.12,7833,211,12
2024-11-18,Referral,Referral_Program,128.98,5174,30,0
2024-11-18,Direct,Direct_Traffic,341.5,7958,194,8
2024-11-19,Google Ads,Search_Brand,1580.07,2044,84,6
2024-11-19,Meta Ads,FB_Prospecting,3628.7,5083,204,9
2024-11-19,Meta Ads,IG_Retarget,9841.9,6887,229,17
2024-11-19,Meta Ads,FB_Lookalike,2971.92,2536,85,2
2024-11-19,YouTube Ads,YT_Skippable,7674.38,13600,201,13
2024-11-19,YouTube Ads,YT_Bumper,12833.83,16129,301,7
2024-11-19,Email,Cart_Recovery,5409.98,5767,204,13
2024-11-19,Email,Win_Back,14999.91,10773,395,28
2024-11-19,Organic Search,SEO_Blog,426.65,699,22,1
2024-11-19,Organic Search,SEO_Category,295.98,8456,49,1
2024-11-19,Affiliate,Affiliate_Network_A,4265.9,5115,140,6
2024-11-19,Referral,Referral_Program,183.69,5235,144,4
2024-11-20,Google Ads,Search_Brand,287.06,1159,14,0
2024-11-20,Google Ads,Shopping_Ads,7710.95,14423,195,8
2024-11-20,Google Ads,Display_Retarget,613.87,2168,19,0
2024-11-20,Meta Ads,FB_Lookalike,1226.76,13711,180,13
2024-11-20,Email,Weekly_Newsletter,8869.21,7314,279,14
2024-11-20,Organic Search,SEO_Category,288.98,4615,179,6
2024-11-20,Affiliate,Affiliate_Network_A,4206.56,6189,130,9
2024-11-20,Affiliate,Affiliate_Network_B,5076.18,4633,135,3
2024-11-20,Direct,Direct_Traffic,351.77,4014,118,6
2024-11-21,Google Ads,Search_Generic,9910.35,14125,534,32
2024-11-21,Google Ads,Shopping_Ads,945.57,4998,51,1
2024-11-21,Google Ads,Display_Retarget,10580.49,7967,262,12
2024-11-21,Meta Ads,FB_Prospecting,249.77,2142,11,0
2024-11-21,Meta Ads,IG_Retarget,614.4,2443,27,1
2024-11-21,Meta Ads,FB_Lookalike,4619.21,10976,237,8
2024-11-21,YouTube Ads,YT_Skippable,1375.91,7855,316,14
2024-11-21,YouTube Ads,YT_Bumper,695.93,5493,227,5
2024-11-21,Email,Weekly_Newsletter,3183.9,2318,84,4
2024-11-21,Email,Cart_Recovery,412.75,3383,70,0
2024-11-21,Email,Win_Back,7061.73,8541,214,5
2024-11-21,Organic Search,SEO_Blog,139.24,2641,67,4
2024-11-21,Organic Search,SEO_Category,37.07,2848,47,2
2024-11-21,Affiliate,Affiliate_Network_A,3645.03,7568,139,10
2024-11-21,Direct,Direct_Traffic,377.36,2517,31,2
2024-11-22,Google Ads,Search_Brand,1630.18,5640,84,2
2024-11-22,Google Ads,Search_Generic,2148.57,5440,71,3
2024-11-22,Google Ads,Shopping_Ads,2572.11,3924,61,1
2024-11-22,Google Ads,Display_Retarget,4589.35,3288,115,4
2024-11-22,Meta Ads,FB_Prospecting,4241.45,4962,105,7
2024-11-22,Meta Ads,FB_Lookalike,2654.87,7851,270,8
2024-11-22,Email,Weekly_Newsletter,649.53,4076,43,0
2024-11-22,Email,Cart_Recovery,666.19,4092,115,6
2024-11-22,Organic Search,SEO_Blog,233.83,2247,44,2
2024-11-22,Affiliate,Affiliate_Network_A,784.07,4533,133,5
2024-11-22,Affiliate,Affiliate_Network_B,727.16,1140,17,0
2024-11-22,Referral,Referral_Program,351.35,8548,70,4
2024-11-22,Direct,Direct_Traffic,397.3,6577,215,9
2024-11-23,Google Ads,Display_Retarget,2037.94,1472,46,2
2024-11-23,Meta Ads,FB_Prospecting,3744.9,2331,92,1
2024-11-23,Meta Ads,IG_Retarget,3234.58,7300,158,6
2024-11-23,Meta Ads,FB_Lookalike,603.14,1951,62,4
2024-11-23,YouTube Ads,YT_Bumper,6361.23,3855,146,9
2024-11-23,Email,Cart_Recovery,1559.71,3374,104,1
2024-11-23,Organic Search,SEO_Blog,383.04,955,21,0
2024-11-23,Organic Search,SEO_Category,300.06,9454,163,10
2024-11-23,Affiliate,Affiliate_Network_A,,8009,86,2
2024-11-23,Affiliate,Affiliate_Network_B,1142.96,8023,216,15
2024-11-23,Direct,Direct_Traffic,340.66,8280,147,9
2024-11-24,Google Ads,Search_Brand,10577.97,9473,241,17
2024-11-24,Google Ads,Search_Generic,6114.18,5980,251,9
2024-11-24,Google Ads,Display_Retarget,10755.97,9834,431,14
2024-11-24,YouTube Ads,YT_Skippable,152.46,1390,8,0
2024-11-24,YouTube Ads,YT_Bumper,245.17,1141,39,1
2024-11-24,Email,Weekly_Newsletter,319.72,2980,21,1
2024-11-24,Email,Cart_Recovery,609.25,971,25,1
2024-11-24,Organic Search,SEO_Blog,136.82,3187,34,1
2024-11-24,Organic Search,SEO_Category,57.58,8703,268,6
2024-11-24,Affiliate,Affiliate_Network_A,913.0,2102,27,0
2024-11-24,Affiliate,Affiliate_Network_B,65.28,188,2,0
2024-11-24,Direct,Direct_Traffic,,6105,107,1
2024-11-25,Google Ads,Search_Brand,5724.09,10774,240,10
2024-11-25,Google Ads,Search_Generic,1093.78,1626,33,2
2024-11-25,Google Ads,Shopping_Ads,6240.19,11368,277,9
2024-11-25,Meta Ads,IG_Retarget,4363.49,5479,107,5
2024-11-25,YouTube Ads,YT_Skippable,1569.07,3104,84,1
2024-11-25,YouTube Ads,YT_Bumper,5519.99,6690,156,1
2024-11-25,Email,Weekly_Newsletter,446.24,1660,18,0
2024-11-25,Email,Cart_Recovery,3091.53,7390,137,3
2024-11-25,Affiliate,Affiliate_Network_B,2811.07,2901,105,8
2024-11-25,Referral,Referral_Program,167.29,6073,174,8
2024-11-25,Direct,Direct_Traffic,278.36,5684,84,5
2024-11-26,Google Ads,Search_Brand,5413.69,8724,279,4
2024-11-26,Google Ads,Shopping_Ads,3533.33,9920,338,18
2024-11-26,Google Ads,Display_Retarget,122.62,690,18,0
2024-11-26,Meta Ads,FB_Prospecting,5724.44,5491,133,4
2024-11-26,Meta Ads,IG_Retarget,1580.29,3282,92,7
2024-11-26,Email,Weekly_Newsletter,2531.62,6474,143,1
2024-11-26,Email,Win_Back,6350.95,11062,228,4
2024-11-26,Organic Search,SEO_Blog,386.83,4753,165,5
2024-11-26,Affiliate,Affiliate_Network_A,7852.88,7846,255,18
2024-11-26,Affiliate,Affiliate_Network_B,838.51,7596,150,6
2024-11-26,Referral,Referral_Program,295.09,8377,174,4
2024-11-26,Direct,Direct_Traffic,137.75,3410,110,5
2024-11-27,Google Ads,Search_Brand,5512.47,7089,293,15
2024-11-27,Google Ads,Search_Generic,999.49,2783,85,1
2024-11-27,Google Ads,Shopping_Ads,512.44,2141,53,3
2024-11-27,Meta Ads,FB_Prospecting,95.32,2903,15,0
2024-11-27,Meta Ads,FB_Lookalike,940.98,4633,121,8
2024-11-27,YouTube Ads,YT_Skippable,4220.63,4877,207,15
2024-11-27,Email,Win_Back,845.88,3646,35,1
2024-11-27,Organic Search,SEO_Blog,105.06,2542,107,3
2024-11-27,Organic Search,SEO_Category,417.19,9692,378,16
2024-11-27,Affiliate,Affiliate_Network_A,1924.29,1637,71,5
2024-11-27,Affiliate,Affiliate_Network_B,978.5,1826,37,2
2024-11-27,Referral,Referral_Program,288.0,1879,78,1
2024-11-27,Direct,Direct_Traffic,325.43,13973,208,3
2024-11-28,Google Ads,Search_Generic,6716.65,7052,230,4
2024-11-28,Google Ads,Shopping_Ads,9084.35,7686,284,7
2024-11-28,Google Ads,Display_Retarget,1564.78,3401,138,9
2024-11-28,Meta Ads,FB_Prospecting,7558.41,13391,181,6
2024-11-28,Meta Ads,IG_Retarget,4571.5,6992,202,3
2024-11-28,Meta Ads,FB_Lookalike,1802.66,3750,56,1
2024-11-28,YouTube Ads,YT_Skippable,1730.64,1913,50,1
2024-11-28,YouTube Ads,YT_Bumper,1969.1,3924,54,3
2024-11-28,Email,Weekly_Newsletter,4852.39,2711,113,8
2024-11-28,Email,Cart_Recovery,1493.71,2774,70,2
2024-11-28,Email,Win_Back,992.73,2073,27,0
2024-11-28,Organic Search,SEO_Blog,17.94,4265,54,2
2024-11-28,Organic Search,SEO_Category,351.45,12728,306,3
2024-11-28,Referral,Referral_Program,104.78,1259,26,0
2024-11-28,Direct,Direct_Traffic,165.04,850,15,0
2024-11-29,Google Ads,Shopping_Ads,1305.92,6227,67,3
2024-11-29,Google Ads,Display_Retarget,2422.85,1933,58,2
2024-11-29,Meta Ads,FB_Prospecting,723.31,1688,41,2
2024-11-29,Meta Ads,IG_Retarget,1185.5,2346,34,0
2024-11-29,YouTube Ads,YT_Bumper,10001.77,9791,340,14
2024-11-29,Email,Weekly_Newsletter,6113.78,4674,207,9
2024-11-29,Email,Cart_Recovery,749.93,4327,168,3
2024-11-29,Affiliate,Affiliate_Network_A,1045.38,2431,104,2
2024-11-29,Affiliate,Affiliate_Network_B,1877.17,6254,64,3
2024-11-29,Direct,Direct_Traffic,169.15,10028,113,1
2024-11-30,Google Ads,Search_Brand,2633.28,14854,649,36
2024-11-30,Google Ads,Search_Generic,3456.81,4651,127,2
2024-11-30,Google Ads,Display_Retarget,598.7,10585,173,10
2024-11-30,Meta Ads,IG_Retarget,650.43,2577,17,0
2024-11-30,Meta Ads,FB_Lookalike,8016.12,5958,211,7
2024-11-30,YouTube Ads,YT_Skippable,148.34,1284,28,1
2024-11-30,YouTube Ads,YT_Bumper,2897.27,4914,69,4
2024-11-30,Email,Weekly_Newsletter,4658.02,3547,104,5
2024-11-30,Email,Cart_Recovery,1988.93,1896,83,5
2024-11-30,Email,Win_Back,1799.22,2271,92,6
2024-11-30,Organic Search,SEO_Blog,146.1,7377,59,0
2024-11-30,Affiliate,Affiliate_Network_B,440.2,1478,21,1
2024-11-30,Referral,Referral_Program,150.96,4124,134,3
2024-11-30,Direct,Direct_Traffic,210.81,3867,71,1
2024-12-01,Google Ads,Search_Brand,1737.15,2983,85,4
2024-12-01,Google Ads,Search_Generic,7281.54,9668,321,23
2024-12-01,Google Ads,Shopping_Ads,3047.52,18468,230,8
2024-12-01,Google Ads,Display_Retarget,1121.97,3762,82,3
2024-12-01,Meta Ads,FB_Prospecting,10370.67,11189,254,12
2024-12-01,Meta Ads,IG_Retarget,761.99,3928,22,1
2024-12-01,Meta Ads,FB_Lookalike,7256.26,12996,426,20
2024-12-01,YouTube Ads,YT_Bumper,1412.45,4589,53,1
2024-12-01,Email,Weekly_Newsletter,102.37,1787,17,0
2024-12-01,Email,Win_Back,286.61,1492,13,0
2024-12-01,Organic Search,SEO_Blog,406.43,15078,565,10
2024-12-01,Organic Search,SEO_Category,195.87,8002,253,15
2024-12-01,Affiliate,Affiliate_Network_A,25930.18,17225,699,9
2024-12-02,Google Ads,Search_Brand,156.49,1030,42,2
2024-12-02,Google Ads,Search_Generic,6321.18,5701,153,11
2024-12-02,Google Ads,Display_Retarget,8032.76,7259,301,7
2024-12-02,Meta Ads,FB_Prospecting,35324.28,21314,834,25
2024-12-02,YouTube Ads,YT_Skippable,1323.3,1939,48,1
2024-12-02,YouTube Ads,YT_Bumper,1456.07,2442,68,5
2024-12-02,Email,Weekly_Newsletter,111.18,2216,19,1
2024-12-02,Email,Cart_Recovery,731.48,8506,42,1
2024-12-02,Email,Win_Back,1159.7,4788,31,0
2024-12-02,Organic Search,SEO_Blog,43.92,7052,91,4
2024-12-02,Organic Search,SEO_Category,113.18,5349,208,4
2024-12-02,Affiliate,Affiliate_Network_A,13864.32,17591,339,8
2024-12-02,Affiliate,Affiliate_Network_B,4686.63,3678,124,5
2024-12-02,Referral,Referral_Program,415.04,9721,432,22
2024-12-02,Direct,Direct_Traffic,424.38,3208,102,6
2024-12-03,Google Ads,Search_Brand,741.87,7199,49,2
2024-12-03,Google Ads,Search_Generic,3860.59,5774,119,4
2024-12-03,Meta Ads,FB_Prospecting,3860.33,2874,120,6
2024-12-03,Meta Ads,IG_Retarget,14249.71,15980,639,48
2024-12-03,Meta Ads,FB_Lookalike,2616.78,7175,247,13
2024-12-03,YouTube Ads,YT_Skippable,963.16,4450,134,3
2024-12-03,Email,Weekly_Newsletter,3961.52,2682,92,3
2024-12-03,Email,Cart_Recovery,5850.4,5263,180,4
2024-12-03,Email,Win_Back,1140.52,5915,149,5
2024-12-03,Organic Search,SEO_Category,397.07,3620,38,1
2024-12-03,Affiliate,Affiliate_Network_A,1204.44,1463,54,1
2024-12-03,Affiliate,Affiliate_Network_B,662.53,3617,26,1
2024-12-03,Referral,Referral_Program,473.9,7607,134,5
2024-12-03,Direct,Direct_Traffic,312.89,2559,103,7
2024-12-04,Google Ads,Search_Generic,8524.83,5012,192,7
2024-12-04,Google Ads,Shopping_Ads,3661.57,3469,136,10
2024-12-04,Google Ads,Display_Retarget,2404.46,3455,135,5
2024-12-04,Meta Ads,FB_Prospecting,1189.84,3591,155,5
2024-12-04,Meta Ads,IG_Retarget,653.36,3537,86,1
2024-12-04,Meta Ads,FB_Lookalike,2237.42,5466,115,7
2024-12-04,YouTube Ads,YT_Skippable,2770.0,2318,72,4
2024-12-04,YouTube Ads,YT_Bumper,312.24,436,11,0
2024-12-04,Email,Cart_Recovery,1857.57,5949,147,3
2024-12-04,Organic Search,SEO_Blog,409.65,3497,82,1
2024-12-04,Organic Search,SEO_Category,250.58,2930,95,5
2024-12-04,Affiliate,Affiliate_Network_A,3934.28,10654,141,6
2024-12-04,Affiliate,Affiliate_Network_B,3120.15,2744,84,1
2024-12-04,Referral,Referral_Program,422.01,5987,229,13
2024-12-04,Direct,Direct_Traffic,267.12,8560,161,4
2024-12-05,Google Ads,Search_Brand,4338.84,5431,202,10
2024-12-05,Google Ads,Shopping_Ads,8051.6,9850,422,29
2024-12-05,Google Ads,Display_Retarget,1378.5,1598,34,2
2024-12-05,Meta Ads,FB_Prospecting,714.13,7634,85,4
2024-12-05,Meta Ads,IG_Retarget,4464.3,6153,138,3
2024-12-05,Meta Ads,FB_Lookalike,2305.11,2743,52,1
2024-12-05,YouTube Ads,YT_Skippable,91.56,1192,10,0
2024-12-05,YouTube Ads,YT_Bumper,5018.15,6325,166,7
2024-12-05,Email,Weekly_Newsletter,1200.57,757,32,0
2024-12-05,Email,Cart_Recovery,3770.02,6965,215,5
2024-12-05,Email,Win_Back,6916.52,8532,220,15
2024-12-05,Organic Search,SEO_Category,28.23,7146,146,11
2024-12-05,Affiliate,Affiliate_Network_A,864.6,2083,51,2
2024-12-05,Direct,Direct_Traffic,349.19,10358,136,10
2024-12-06,Google Ads,Search_Brand,4456.06,19429,125,7
2024-12-06,Google Ads,Search_Generic,1709.85,5873,118,4
2024-12-06,Google Ads,Shopping_Ads,1589.59,2853,51,1
2024-12-06,Meta Ads,FB_Prospecting,891.48,1324,20,0
2024-12-06,Meta Ads,IG_Retarget,2593.37,8836,280,7
2024-12-06,YouTube Ads,YT_Skippable,11150.99,11541,496,8
2024-12-06,YouTube Ads,YT_Bumper,22336.98,13230,567,19
2024-12-06,Organic Search,SEO_Blog,109.99,15469,78,3
2024-12-06,Affiliate,Affiliate_Network_A,456.36,1220,23,1
2024-12-06,Affiliate,Affiliate_Network_B,711.45,4512,30,1
2024-12-06,Referral,Referral_Program,41.12,6804,41,1
2024-12-07,Google Ads,Search_Brand,5198.43,5450,240,16
2024-12-07,Google Ads,Search_Generic,,4122,162,4
2024-12-07,Google Ads,Display_Retarget,683.99,3964,172,11
2024-12-07,Meta Ads,IG_Retarget,,14390,212,13
2024-12-07,Meta Ads,FB_Lookalike,7353.13,13579,170,2
2024-12-07,YouTube Ads,YT_Skippable,1109.29,4215,58,1
2024-12-07,YouTube Ads,YT_Bumper,689.13,3892,21,0
2024-12-07,Organic Search,SEO_Blog,383.68,3836,141,9
2024-12-07,Affiliate,Affiliate_Network_A,431.71,1640,35,1
2024-12-07,Affiliate,Affiliate_Network_B,1372.84,5913,46,0
2024-12-08,Google Ads,Search_Generic,2279.54,10526,281,7
2024-12-08,Google Ads,Shopping_Ads,2455.92,3270,57,2
2024-12-08,Google Ads,Display_Retarget,2220.79,14727,87,3
2024-12-08,Meta Ads,FB_Prospecting,2516.74,2148,88,5
2024-12-08,Meta Ads,IG_Retarget,503.31,3509,47,1
2024-12-08,YouTube Ads,YT_Bumper,2749.31,3684,103,2
2024-12-08,Email,Weekly_Newsletter,5963.57,6692,203,6
2024-12-08,Email,Cart_Recovery,468.12,6065,68,1
2024-12-08,Organic Search,SEO_Blog,259.57,4583,23,1
2024-12-08,Affiliate,Affiliate_Network_A,429.62,1220,11,0
2024-12-08,Affiliate,Affiliate_Network_B,3179.27,14740,463,21
2024-12-08,Direct,Direct_Traffic,103.67,6099,53,3
2024-12-09,Google Ads,Search_Brand,2186.48,10833,56,2
2024-12-09,Google Ads,Search_Generic,667.49,1411,33,0
2024-12-09,Google Ads,Shopping_Ads,3636.22,6168,131,5
2024-12-09,Google Ads,Display_Retarget,2355.85,4703,105,1
2024-12-09,Meta Ads,IG_Retarget,2601.13,9686,214,8
2024-12-09,Meta Ads,FB_Lookalike,1404.55,4670,108,7
2024-12-09,YouTube Ads,YT_Skippable,3013.5,3831,162,7
2024-12-09,Email,Weekly_Newsletter,819.64,6378,162,12
2024-12-09,Email,Cart_Recovery,664.93,2072,85,3
2024-12-09,Email,Win_Back,16453.3,10082,375,7
2024-12-09,Organic Search,SEO_Category,235.68,561,19,1
2024-12-09,Affiliate,Affiliate_Network_B,10203.15,9522,249,6
2024-12-10,Google Ads,Search_Brand,780.74,4396,33,2
2024-12-10,Google Ads,Search_Generic,8883.75,9364,405,13
2024-12-10,Google Ads,Display_Retarget,3691.07,7351,192,10
2024-12-10,Meta Ads,FB_Prospecting,9469.22,6931,222,16
2024-12-10,Meta Ads,IG_Retarget,1719.14,7150,161,2
2024-12-10,Meta Ads,FB_Lookalike,3248.94,3843,105,3
2024-12-10,YouTube Ads,YT_Skippable,11101.15,10688,448,26
2024-12-10,YouTube Ads,YT_Bumper,1789.09,2962,58,2
2024-12-10,Email,Weekly_Newsletter,350.09,3517,52,3
2024-12-10,Email,Win_Back,11271.41,8727,383,28
2024-12-10,Organic Search,SEO_Blog,92.01,3774,125,1
2024-12-10,Organic Search,SEO_Category,364.14,1603,20,0
2024-12-10,Affiliate,Affiliate_Network_A,11008.76,12948,406,9
2024-12-10,Affiliate,Affiliate_Network_B,2941.59,10096,158,11
2024-12-11,Google Ads,Search_Generic,6918.46,15256,424,20
2024-12-11,Google Ads,Shopping_Ads,6119.32,10770,274,8
2024-12-11,Google Ads,Display_Retarget,286.87,1666,29,0
2024-12-11,Meta Ads,FB_Prospecting,6800.21,7450,165,6
2024-12-11,Meta Ads,IG_Retarget,2766.26,13509,282,22
2024-12-11,Meta Ads,FB_Lookalike,1934.02,7513,91,2
2024-12-11,YouTube Ads,YT_Bumper,3383.58,3613,151,8
2024-12-11,Email,Cart_Recovery,3763.45,4497,133,4
2024-12-11,Email,Win_Back,2820.1,2579,65,3
2024-12-11,Organic Search,SEO_Category,179.64,3233,143,4
2024-12-11,Affiliate,Affiliate_Network_B,4935.95,19035,170,12
2024-12-11,Referral,Referral_Program,96.87,7244,280,17
2024-12-11,Direct,Direct_Traffic,412.2,17842,785,9
2024-12-12,Google Ads,Search_Brand,2274.61,8790,148,4
2024-12-12,Google Ads,Search_Generic,853.99,3169,120,6
2024-12-12,Google Ads,Shopping_Ads,177.9,3525,21,0
2024-12-12,Google Ads,Display_Retarget,148.16,2564,14,0
2024-12-12,Meta Ads,FB_Prospecting,11752.99,13600,594,42
2024-12-12,Meta Ads,IG_Retarget,1451.14,3681,148,6
2024-12-12,Email,Weekly_Newsletter,2870.02,7066,200,9
2024-12-12,Email,Cart_Recovery,1226.86,3294,102,5
2024-12-12,Organic Search,SEO_Blog,121.08,15077,344,9
2024-12-12,Organic Search,SEO_Category,225.96,8802,301,21
2024-12-12,Affiliate,Affiliate_Network_A,5612.31,8721,163,2
2024-12-12,Affiliate,Affiliate_Network_B,4746.59,7609,321,15
2024-12-12,Referral,Referral_Program,131.58,2479,18,0
2024-12-12,Direct,Direct_Traffic,170.25,1059,35,2
2024-12-13,Google Ads,Search_Brand,,3201,60,4
2024-12-13,Google Ads,Search_Generic,13852.02,16711,396,16
2024-12-13,Google Ads,Shopping_Ads,1760.7,9018,88,4
2024-12-13,Meta Ads,FB_Prospecting,15146.19,12393,454,36
2024-12-13,Meta Ads,FB_Lookalike,750.17,3020,36,2
2024-12-13,YouTube Ads,YT_Skippable,5877.84,5717,171,9
2024-12-13,YouTube Ads,YT_Bumper,3763.71,4078,84,6
2024-12-13,Email,Weekly_Newsletter,1989.24,5277,46,2
2024-12-13,Email,Cart_Recovery,1114.72,3345,52,0
2024-12-13,Email,Win_Back,2343.13,1973,58,3
2024-12-13,Organic Search,SEO_Blog,470.79,1395,18,0
2024-12-13,Affiliate,Affiliate_Network_B,3663.5,2199,94,1
2024-12-13,Referral,Referral_Program,355.01,3252,70,1
2024-12-13,Direct,Direct_Traffic,305.77,6457,116,7
2024-12-14,Google Ads,Search_Brand,8935.83,7796,262,3
2024-12-14,Google Ads,Search_Generic,7945.98,12737,443,30
2024-12-14,Google Ads,Shopping_Ads,3741.55,11932,359,15
2024-12-14,Google Ads,Display_Retarget,9677.66,10459,233,5
2024-12-14,Meta Ads,FB_Prospecting,1885.69,11091,103,5
2024-12-14,Meta Ads,FB_Lookalike,1779.93,7537,331,12
2024-12-14,YouTube Ads,YT_Skippable,582.15,1558,26,1
2024-12-14,YouTube Ads,YT_Bumper,13434.51,14364,432,17
2024-12-14,Email,Weekly_Newsletter,3707.45,7438,88,1
2024-12-14,Email,Cart_Recovery,3791.64,10740,403,13
2024-12-14,Organic Search,SEO_Blog,32.05,4176,128,7
2024-12-14,Organic Search,SEO_Category,69.93,5668,58,3
2024-12-14,Affiliate,Affiliate_Network_A,6032.14,5457,179,3
2024-12-14,Referral,Referral_Program,26.65,7401,180,5
2024-12-14,Direct,Direct_Traffic,207.77,7800,309,23
2024-12-15,Google Ads,Search_Brand,3855.58,6201,254,14
2024-12-15,Meta Ads,FB_Prospecting,3523.91,4510,189,14
2024-12-15,Meta Ads,IG_Retarget,681.44,5038,33,1
2024-12-15,Meta Ads,FB_Lookalike,5234.43,5939,260,17
2024-12-15,YouTube Ads,YT_Skippable,1087.47,4810,86,6
2024-12-15,Email,Weekly_Newsletter,803.74,554,20,0
2024-12-15,Email,Cart_Recovery,302.63,1597,34,2
2024-12-15,Email,Win_Back,4696.99,3905,173,3
2024-12-15,Organic Search,SEO_Blog,396.69,2337,96,2
2024-12-15,Organic Search,SEO_Category,131.11,8042,92,4
2024-12-15,Affiliate,Affiliate_Network_A,848.35,2016,51,2
2024-12-15,Affiliate,Affiliate_Network_B,2746.66,6365,243,14
2024-12-15,Referral,Referral_Program,325.49,3979,49,2
2024-12-15,Direct,Direct_Traffic,171.46,1002,16,0
2024-12-16,Google Ads,Search_Generic,609.07,5462,109,6
2024-12-16,Google Ads,Display_Retarget,1201.86,2483,62,3
2024-12-16,Meta Ads,FB_Prospecting,2423.42,10618,75,4
2024-12-16,Meta Ads,IG_Retarget,211.97,2568,69,4
2024-12-16,Meta Ads,FB_Lookalike,690.34,3299,90,6
2024-12-16,YouTube Ads,YT_Skippable,,9895,105,3
2024-12-16,YouTube Ads,YT_Bumper,898.23,5123,40,1
2024-12-16,Email,Weekly_Newsletter,161.37,1834,15,0
2024-12-16,Email,Cart_Recovery,2561.41,7706,226,7
2024-12-16,Email,Win_Back,6416.68,8074,253,10
2024-12-16,Affiliate,Affiliate_Network_A,4483.46,7837,134,2
2024-12-16,Affiliate,Affiliate_Network_B,2688.97,1716,61,2
2024-12-16,Referral,Referral_Program,464.12,2427,106,1
2024-12-16,Direct,Direct_Traffic,322.08,11215,189,10
2024-12-17,Google Ads,Search_Brand,2915.13,4797,89,6
2024-12-17,Google Ads,Search_Generic,1577.29,1355,52,2
2024-12-17,Google Ads,Display_Retarget,4387.75,2683,118,6
2024-12-17,Meta Ads,IG_Retarget,2509.41,10667,104,4
2024-12-17,YouTube Ads,YT_Skippable,1291.48,3475,76,3
2024-12-17,Email,Cart_Recovery,614.34,1350,46,1
2024-12-17,Email,Win_Back,832.55,2389,24,1
2024-12-17,Organic Search,SEO_Blog,468.45,2728,39,1
2024-12-17,Affiliate,Affiliate_Network_A,1529.34,1624,57,2
2024-12-17,Affiliate,Affiliate_Network_B,652.93,5284,90,4
2024-12-17,Referral,Referral_Program,125.03,8506,289,8
2024-12-17,Direct,Direct_Traffic,302.13,22545,241,10
2024-12-18,Google Ads,Search_Brand,3226.15,4136,129,3
2024-12-18,Google Ads,Search_Generic,4743.76,9270,114,3
2024-12-18,Google Ads,Shopping_Ads,1847.2,3517,57,4
2024-12-18,Google Ads,Display_Retarget,709.69,2300,31,1
2024-12-18,Meta Ads,IG_Retarget,507.41,1004,17,1
2024-12-18,Meta Ads,FB_Lookalike,3102.92,3027,123,4
2024-12-18,YouTube Ads,YT_Skippable,1850.23,3234,49,2
2024-12-18,YouTube Ads,YT_Bumper,,9173,330,10
2024-12-18,Email,Weekly_Newsletter,5666.96,4953,161,6
2024-12-18,Email,Cart_Recovery,1527.25,2970,118,6
2024-12-18,Email,Win_Back,1817.36,2963,117,7
2024-12-18,Organic Search,SEO_Category,94.12,2571,101,6
2024-12-18,Affiliate,Affiliate_Network_A,1755.17,5121,195,9
2024-12-18,Affiliate,Affiliate_Network_B,9328.66,6934,264,15
2024-12-18,Referral,Referral_Program,431.63,3507,149,4
2024-12-18,Direct,Direct_Traffic,44.19,6191,277,6
2024-12-19,Google Ads,Search_Brand,597.61,1033,26,1
2024-12-19,Google Ads,Search_Generic,1693.48,3160,142,3
2024-12-19,Google Ads,Shopping_Ads,4586.74,11005,444,10
2024-12-19,Meta Ads,FB_Prospecting,3951.94,4657,127,6
2024-12-19,Meta Ads,IG_Retarget,6449.98,16209,507,36
2024-12-19,Meta Ads,FB_Lookalike,8823.91,6443,215,15
2024-12-19,YouTube Ads,YT_Bumper,336.52,1918,10,0
2024-12-19,Email,Weekly_Newsletter,663.57,1217,33,0
2024-12-19,Email,Cart_Recovery,8433.56,13030,334,15
2024-12-19,Email,Win_Back,303.47,1591,29,1
2024-12-19,Organic Search,SEO_Blog,16.06,6836,184,2
2024-12-19,Organic Search,SEO_Category,56.97,1224,17,0
2024-12-19,Affiliate,Affiliate_Network_A,83.48,177,2,0
2024-12-19,Affiliate,Affiliate_Network_B,10384.48,6374,285,20
2024-12-19,Referral,Referral_Program,124.03,3643,27,0
2024-12-19,Direct,Direct_Traffic,397.78,5871,182,6
2024-12-20,Google Ads,Search_Brand,2563.14,8481,112,8
2024-12-20,Google Ads,Search_Generic,5048.19,2772,124,6
2024-12-20,Google Ads,Display_Retarget,1773.57,9590,233,5
2024-12-20,Meta Ads,FB_Lookalike,887.81,1428,29,2
2024-12-20,YouTube Ads,YT_Bumper,11229.37,9155,392,21
2024-12-20,Email,Win_Back,3619.46,4244,129,1
2024-12-20,Organic Search,SEO_Category,314.4,10685,79,3
2024-12-20,Affiliate,Affiliate_Network_A,4188.67,12664,160,6
2024-12-20,Affiliate,Affiliate_Network_B,1263.89,2631,53,2
2024-12-20,Referral,Referral_Program,376.04,4163,137,9
2024-12-20,Direct,Direct_Traffic,97.64,7269,277,10
2024-12-21,Google Ads,Search_Generic,9718.12,15712,565,28
2024-12-21,Google Ads,Shopping_Ads,3.06,221,1,0
2024-12-21,Google Ads,Display_Retarget,1217.56,3015,54,3
2024-12-21,Meta Ads,FB_Prospecting,467.3,2719,26,1
2024-12-21,Meta Ads,IG_Retarget,3723.65,3108,91,4
2024-12-21,Meta Ads,FB_Lookalike,3496.49,10227,86,4
2024-12-21,YouTube Ads,YT_Bumper,1670.81,5399,61,2
2024-12-21,Email,Cart_Recovery,13734.28,12705,440,13
2024-12-21,Organic Search,SEO_Blog,419.8,3265,62,1
2024-12-21,Organic Search,SEO_Category,427.77,1827,46,2
2024-12-21,Affiliate,Affiliate_Network_A,2366.79,4748,81,1
2024-12-22,Google Ads,Search_Generic,2031.48,4440,85,5
2024-12-22,Google Ads,Shopping_Ads,1716.96,1534,46,2
2024-12-22,Google Ads,Display_Retarget,,2894,111,3
2024-12-22,Meta Ads,FB_Prospecting,136.48,263,5,0
2024-12-22,Meta Ads,IG_Retarget,8754.67,14572,464,24
2024-12-22,Meta Ads,FB_Lookalike,1255.31,6958,85,2
2024-12-22,YouTube Ads,YT_Skippable,618.82,3621,90,4
2024-12-22,YouTube Ads,YT_Bumper,12779.15,18800,675,13
2024-12-22,Email,Weekly_Newsletter,1539.01,3221,36,1
2024-12-22,Email,Win_Back,4019.84,2612,95,4
2024-12-22,Organic Search,SEO_Category,131.41,3572,112,7
2024-12-22,Affiliate,Affiliate_Network_B,3219.06,5607,166,10
2024-12-22,Referral,Referral_Program,200.3,10576,219,14
2024-12-23,Google Ads,Search_Brand,6928.99,5619,180,6
2024-12-23,Google Ads,Shopping_Ads,1828.82,9535,99,3
2024-12-23,Google Ads,Display_Retarget,2134.69,3720,72,5
2024-12-23,Meta Ads,FB_Prospecting,3431.54,2848,80,1
2024-12-23,Meta Ads,IG_Retarget,4333.37,3523,102,7
2024-12-23,Meta Ads,FB_Lookalike,1698.41,4063,40,2
2024-12-23,YouTube Ads,YT_Skippable,1451.43,3417,68,0
2024-12-23,YouTube Ads,YT_Bumper,5731.48,4285,142,5
2024-12-23,Email,Weekly_Newsletter,696.25,2906,18,0
2024-12-23,Email,Win_Back,3740.47,7917,112,7
2024-12-23,Organic Search,SEO_Blog,146.24,5353,49,2
2024-12-23,Organic Search,SEO_Category,303.15,5200,26,1
2024-12-23,Affiliate,Affiliate_Network_A,237.37,1680,36,0
2024-12-23,Affiliate,Affiliate_Network_B,1453.74,5389,93,4
2024-12-23,Direct,Direct_Traffic,486.06,4959,148,7
2024-12-24,Google Ads,Search_Generic,2355.16,7861,76,2
2024-12-24,Meta Ads,FB_Prospecting,4044.99,8029,99,4
2024-12-24,Meta Ads,IG_Retarget,1445.92,2142,37,1
2024-12-24,Meta Ads,FB_Lookalike,414.34,1708,50,3
2024-12-24,YouTube Ads,YT_Skippable,5448.92,24889,502,27
2024-12-24,YouTube Ads,YT_Bumper,,3815,147,2
2024-12-24,Email,Weekly_Newsletter,719.41,1016,37,1
2024-12-24,Email,Cart_Recovery,3097.38,5293,184,9
2024-12-24,Email,Win_Back,3059.05,1828,72,5
2024-12-24,Organic Search,SEO_Category,219.99,10032,92,1
2024-12-24,Affiliate,Affiliate_Network_A,907.91,12846,151,9
2024-12-24,Referral,Referral_Program,403.91,522,10,0
2024-12-24,Direct,Direct_Traffic,205.09,4026,129,7
2024-12-25,Google Ads,Search_Brand,1024.04,6695,51,2
2024-12-25,Google Ads,Display_Retarget,7649.06,19548,819,20
2024-12-25,Meta Ads,FB_Prospecting,2030.22,3664,46,1
2024-12-25,YouTube Ads,YT_Skippable,3767.23,4112,164,12
2024-12-25,YouTube Ads,YT_Bumper,1433.88,1986,74,2
2024-12-25,Email,Weekly_Newsletter,4841.23,13528,482,11
2024-12-25,Email,Cart_Recovery,3059.71,4787,84,5
2024-12-25,Email,Win_Back,986.29,2666,51,3
2024-12-25,Organic Search,SEO_Category,196.11,1315,12,0
2024-12-25,Affiliate,Affiliate_Network_A,1449.6,3443,55,1
2024-12-25,Affiliate,Affiliate_Network_B,1496.2,2604,70,3
2024-12-25,Referral,Referral_Program,494.89,4080,142,9
2024-12-25,Direct,Direct_Traffic,447.23,2820,98,4
2024-12-26,Google Ads,Search_Generic,4774.34,5385,109,2
2024-12-26,Google Ads,Shopping_Ads,1490.14,5365,190,3
2024-12-26,Google Ads,Display_Retarget,713.55,6766,175,10
2024-12-26,Meta Ads,FB_Prospecting,741.54,2959,74,4
2024-12-26,Meta Ads,IG_Retarget,10424.55,7033,258,9
2024-12-26,Meta Ads,FB_Lookalike,601.21,3236,31,1
2024-12-26,YouTube Ads,YT_Skippable,2337.21,2167,70,4
2024-12-26,Email,Win_Back,18774.78,10791,479,35
2024-12-26,Affiliate,Affiliate_Network_B,2100.44,2713,70,2
2024-12-26,Referral,Referral_Program,190.86,8362,272,15
2024-12-27,Google Ads,Search_Brand,963.17,2852,110,3
2024-12-27,Google Ads,Search_Generic,633.22,4246,26,1
2024-12-27,Meta Ads,FB_Prospecting,2101.52,6107,77,3
2024-12-27,Meta Ads,IG_Retarget,571.25,829,30,0
2024-12-27,Meta Ads,FB_Lookalike,1935.97,8543,126,5
2024-12-27,YouTube Ads,YT_Skippable,4573.33,5150,196,13
2024-12-27,YouTube Ads,YT_Bumper,7976.87,6121,234,4
2024-12-27,Email,Weekly_Newsletter,6702.37,5214,203,10
2024-12-27,Email,Win_Back,63.25,881,5,0
2024-12-27,Organic Search,SEO_Blog,199.8,9789,164,10
2024-12-27,Organic Search,SEO_Category,,3461,147,9
2024-12-27,Affiliate,Affiliate_Network_A,4171.66,4615,137,9
2024-12-27,Referral,Referral_Program,150.42,8112,289,18
2024-12-27,Direct,Direct_Traffic,417.98,4583,110,3
2024-12-28,Google Ads,Search_Brand,649.79,3402,63,3
2024-12-28,Google Ads,Search_Generic,1226.09,5457,66,1
2024-12-28,Google Ads,Shopping_Ads,1778.42,8778,48,1
2024-12-28,Google Ads,Display_Retarget,15649.62,8971,388,11
2024-12-28,Meta Ads,IG_Retarget,,4777,30,2
2024-12-28,Meta Ads,FB_Lookalike,414.7,1307,13,0
2024-12-28,YouTube Ads,YT_Skippable,4599.7,9383,182,14
2024-12-28,YouTube Ads,YT_Bumper,5067.21,9098,211,14
2024-12-28,Email,Weekly_Newsletter,4645.51,8814,179,10
2024-12-28,Email,Cart_Recovery,503.67,7915,126,8
2024-12-28,Email,Win_Back,4533.71,5434,163,9
2024-12-28,Organic Search,SEO_Blog,238.43,5542,198,5
2024-12-28,Affiliate,Affiliate_Network_A,1681.87,5051,80,4
2024-12-28,Direct,Direct_Traffic,191.81,724,19,0
2024-12-29,Google Ads,Search_Brand,9066.53,7897,209,5
2024-12-29,Google Ads,Search_Generic,212.6,741,7,0
2024-12-29,Google Ads,Shopping_Ads,437.3,2769,26,2
2024-12-29,Meta Ads,FB_Prospecting,5015.41,5784,161,9
2024-12-29,Meta Ads,IG_Retarget,2046.46,3851,162,9
2024-12-29,YouTube Ads,YT_Skippable,3000.16,5090,88,1
2024-12-29,YouTube Ads,YT_Bumper,,723,14,0
2024-12-29,Email,Weekly_Newsletter,3361.73,2801,88,5
2024-12-29,Email,Win_Back,5542.88,3727,133,8
2024-12-29,Organic Search,SEO_Category,427.22,8118,236,15
2024-12-29,Affiliate,Affiliate_Network_A,3826.03,5457,169,10
2024-12-29,Affiliate,Affiliate_Network_B,8466.29,11212,441,31
2024-12-29,Referral,Referral_Program,209.53,13305,93,1
2024-12-29,Direct,Direct_Traffic,134.96,4362,135,1
2024-12-30,Google Ads,Search_Brand,290.06,6009,95,5
2024-12-30,Google Ads,Search_Generic,7635.51,8833,373,23
2024-12-30,Google Ads,Shopping_Ads,2725.54,9021,67,1
2024-12-30,Meta Ads,FB_Prospecting,1739.23,5881,47,2
2024-12-30,Meta Ads,IG_Retarget,1620.51,6808,45,3
2024-12-30,YouTube Ads,YT_Bumper,494.76,6326,50,3
2024-12-30,Email,Weekly_Newsletter,482.99,3119,24,0
2024-12-30,Email,Win_Back,1044.74,1778,60,2
2024-12-30,Organic Search,SEO_Category,321.03,6295,72,2
2024-12-30,Affiliate,Affiliate_Network_A,1585.51,1410,59,1
2024-12-30,Affiliate,Affiliate_Network_B,7885.98,11679,277,19
2024-12-30,Referral,Referral_Program,127.95,7813,214,8
2024-12-30,Direct,Direct_Traffic,434.26,7652,258,7
2024-12-31,Google Ads,Search_Brand,1940.34,4202,106,8
2024-12-31,Google Ads,Search_Generic,11304.67,11910,273,14
2024-12-31,Google Ads,Shopping_Ads,266.06,767,19,0
2024-12-31,Google Ads,Display_Retarget,1431.02,3368,131,3
2024-12-31,Meta Ads,FB_Prospecting,8435.45,5541,223,12
2024-12-31,Meta Ads,IG_Retarget,2186.36,5264,64,4
2024-12-31,Meta Ads,FB_Lookalike,4321.63,3910,110,7
2024-12-31,YouTube Ads,YT_Skippable,3655.92,7297,324,4
2024-12-31,Email,Weekly_Newsletter,2523.19,6800,76,5
2024-12-31,Email,Cart_Recovery,,5390,241,16
2024-12-31,Email,Win_Back,87.41,1223,14,0
2024-12-31,Organic Search,SEO_Blog,429.12,6940,80,5
2024-12-31,Organic Search,SEO_Category,71.68,5985,39,1
2024-12-31,Affiliate,Affiliate_Network_A,3288.52,4158,107,5
2024-12-31,Affiliate,Affiliate_Network_B,1677.37,1807,52,2
2024-12-31,Referral,Referral_Program,346.1,6426,156,12
2024-12-31,Direct,Direct_Traffic,345.8,9265,407,8
2025-01-01,Google Ads,Search_Brand,7698.19,18172,503,15
2025-01-01,Google Ads,Shopping_Ads,10860.21,9678,407,15
2025-01-01,Google Ads,Display_Retarget,1933.5,7732,125,9
2025-01-01,Meta Ads,FB_Prospecting,2758.63,20831,561,26
2025-01-01,Meta Ads,IG_Retarget,3286.05,1838,76,4
2025-01-01,Meta Ads,FB_Lookalike,1080.8,5891,58,3
2025-01-01,YouTube Ads,YT_Skippable,864.21,2796,41,1
2025-01-01,YouTube Ads,YT_Bumper,405.09,3745,47,0
2025-01-01,Email,Weekly_Newsletter,10329.23,6894,237,14
2025-01-01,Email,Cart_Recovery,1877.96,3866,81,5
2025-01-01,Affiliate,Affiliate_Network_A,,15441,575,31
2025-01-01,Referral,Referral_Program,342.84,5033,87,5
2025-01-01,Direct,Direct_Traffic,89.77,5654,234,15
2025-01-02,Google Ads,Search_Brand,8449.51,4692,208,15
2025-01-02,Google Ads,Search_Generic,3838.09,7070,112,3
2025-01-02,Google Ads,Shopping_Ads,1528.35,2903,73,4
2025-01-02,Meta Ads,FB_Prospecting,3411.27,5015,122,2
2025-01-02,YouTube Ads,YT_Skippable,1553.82,3169,44,0
2025-01-02,YouTube Ads,YT_Bumper,4206.47,5397,118,7
2025-01-02,Email,Weekly_Newsletter,2433.19,3956,102,4
2025-01-02,Email,Cart_Recovery,17701.29,19129,499,38
2025-01-02,Email,Win_Back,3463.18,12725,497,5
2025-01-02,Organic Search,SEO_Category,378.22,3037,119,5
2025-01-02,Affiliate,Affiliate_Network_A,106.21,739,29,1
2025-01-02,Affiliate,Affiliate_Network_B,7406.2,8566,250,8
2025-01-02,Referral,Referral_Program,317.18,6626,52,2
2025-01-02,Direct,Direct_Traffic,331.04,8656,288,21
2025-01-03,Google Ads,Shopping_Ads,11631.01,8696,369,23
2025-01-03,Meta Ads,FB_Prospecting,2262.98,3691,65,4
2025-01-03,Email,Cart_Recovery,1705.16,2271,38,1
2025-01-03,Email,Win_Back,3652.56,9997,258,8
2025-01-03,Organic Search,SEO_Category,176.6,5386,166,3
2025-01-03,Affiliate,Affiliate_Network_A,9860.0,11249,445,13
2025-01-03,Affiliate,Affiliate_Network_B,2579.36,5172,58,2
2025-01-03,Direct,Direct_Traffic,221.12,256,8,0
2025-01-04,Google Ads,Search_Generic,2941.73,3896,70,1
2025-01-04,Google Ads,Shopping_Ads,7346.95,7476,171,2
2025-01-04,Google Ads,Display_Retarget,3412.51,6897,245,5
2025-01-04,Meta Ads,IG_Retarget,5084.51,3246,134,3
2025-01-04,Meta Ads,FB_Lookalike,766.42,3881,76,5
2025-01-04,YouTube Ads,YT_Skippable,1535.15,9156,273,17
2025-01-04,YouTube Ads,YT_Bumper,185.34,2622,48,0
2025-01-04,Email,Weekly_Newsletter,3318.81,5638,103,6
2025-01-04,Email,Win_Back,1522.73,3853,60,1
2025-01-04,Organic Search,SEO_Blog,410.93,3712,133,3
2025-01-04,Affiliate,Affiliate_Network_A,804.37,2320,18,0
2025-01-04,Affiliate,Affiliate_Network_B,5686.91,4781,201,4
2025-01-04,Referral,Referral_Program,218.45,1616,59,1
2025-01-04,Direct,Direct_Traffic,124.04,1539,24,0
2025-01-05,Google Ads,Search_Brand,616.51,4081,36,1
2025-01-05,Google Ads,Shopping_Ads,1133.58,5884,55,1
2025-01-05,Google Ads,Display_Retarget,544.67,973,41,1
2025-01-05,Meta Ads,FB_Prospecting,22568.94,15960,609,22
2025-01-05,Meta Ads,IG_Retarget,871.09,1643,27,2
2025-01-05,Meta Ads,FB_Lookalike,679.81,1003,32,1
2025-01-05,YouTube Ads,YT_Bumper,750.47,6689,59,1
2025-01-05,Email,Weekly_Newsletter,1321.3,1730,31,0
2025-01-05,Email,Cart_Recovery,965.9,5137,34,1
2025-01-05,Email,Win_Back,652.99,4608,108,2
2025-01-05,Direct,Direct_Traffic,63.57,9588,256,16
2025-01-06,Google Ads,Search_Brand,5319.64,4861,163,2
2025-01-06,Google Ads,Shopping_Ads,1470.08,10271,110,7
2025-01-06,Google Ads,Display_Retarget,349.25,13336,112,2
2025-01-06,YouTube Ads,YT_Skippable,17298.6,12264,534,19
2025-01-06,YouTube Ads,YT_Bumper,6567.9,11570,361,21
2025-01-06,Email,Win_Back,6269.7,4472,194,9
2025-01-06,Organic Search,SEO_Category,77.28,8774,368,22
2025-01-06,Referral,Referral_Program,205.2,5477,91,7
2025-01-06,Direct,Direct_Traffic,259.38,1846,46,1
2025-01-07,Google Ads,Search_Brand,2263.02,5132,83,2
2025-01-07,Google Ads,Search_Generic,,12508,338,15
2025-01-07,Google Ads,Shopping_Ads,15941.23,13231,536,41
2025-01-07,Google Ads,Display_Retarget,5468.19,11000,212,3
2025-01-07,Meta Ads,IG_Retarget,841.6,2723,20,0
2025-01-07,Meta Ads,FB_Lookalike,1037.97,1313,28,2
2025-01-07,YouTube Ads,YT_Skippable,11546.98,13159,391,27
2025-01-07,Email,Weekly_Newsletter,938.09,4296,190,12
2025-01-07,Email,Win_Back,1320.96,2634,43,1
2025-01-07,Organic Search,SEO_Category,498.88,5397,156,6
2025-01-07,Affiliate,Affiliate_Network_B,7580.28,7349,258,12
2025-01-08,Google Ads,Search_Brand,7659.7,7183,229,17
2025-01-08,Google Ads,Shopping_Ads,919.73,2506,74,3
2025-01-08,Google Ads,Display_Retarget,8971.71,6817,208,9
2025-01-08,Meta Ads,FB_Prospecting,8170.19,8098,269,19
2025-01-08,Meta Ads,IG_Retarget,907.74,2810,40,2
2025-01-08,YouTube Ads,YT_Bumper,9425.7,6383,240,8
2025-01-08,Email,Cart_Recovery,8788.08,11312,210,2
2025-01-08,Email,Win_Back,10269.16,6325,253,18
2025-01-08,Organic Search,SEO_Blog,31.55,7143,152,6
2025-01-08,Organic Search,SEO_Category,197.53,13442,554,20
2025-01-08,Affiliate,Affiliate_Network_A,2122.77,7532,245,19
2025-01-08,Direct,Direct_Traffic,80.29,13351,166,8
2025-01-09,Google Ads,Search_Brand,1305.23,9616,49,3
2025-01-09,Google Ads,Search_Generic,1370.22,8389,118,1
2025-01-09,Google Ads,Display_Retarget,4329.01,7656,126,3
2025-01-09,Email,Weekly_Newsletter,589.99,3393,53,3
2025-01-09,Email,Win_Back,6028.01,11894,359,12
2025-01-09,Organic Search,SEO_Category,155.93,2437,102,3
2025-01-09,Affiliate,Affiliate_Network_A,1884.11,5040,44,1
2025-01-09,Referral,Referral_Program,39.86,2662,73,3
2025-01-09,Direct,Direct_Traffic,181.51,5099,44,3
2025-01-10,Google Ads,Search_Generic,573.05,1960,60,2
2025-01-10,Google Ads,Shopping_Ads,6659.02,6065,197,2
2025-01-10,Meta Ads,FB_Prospecting,5863.19,5347,132,6
2025-01-10,Meta Ads,IG_Retarget,7132.08,6391,180,13
2025-01-10,Meta Ads,FB_Lookalike,74.51,1991,16,1
2025-01-10,YouTube Ads,YT_Skippable,5841.67,4943,188,2
2025-01-10,YouTube Ads,YT_Bumper,218.17,688,11,0
2025-01-10,Email,Weekly_Newsletter,1261.51,2502,74,3
2025-01-10,Organic Search,SEO_Blog,485.54,6515,64,2
2025-01-10,Organic Search,SEO_Category,449.37,3700,160,11
2025-01-10,Affiliate,Affiliate_Network_A,5814.95,4869,208,11
2025-01-10,Affiliate,Affiliate_Network_B,1436.7,2945,40,1
2025-01-10,Direct,Direct_Traffic,37.33,6446,255,14
2025-01-11,Google Ads,Search_Brand,411.86,1204,21,0
2025-01-11,Google Ads,Search_Generic,985.64,3736,30,1
2025-01-11,Google Ads,Display_Retarget,391.65,2288,60,2
2025-01-11,Meta Ads,IG_Retarget,8718.47,7873,237,2
2025-01-11,Meta Ads,FB_Lookalike,276.76,1308,43,1
2025-01-11,YouTube Ads,YT_Skippable,1037.43,4100,24,0
2025-01-11,YouTube Ads,YT_Bumper,926.11,1700,40,0
2025-01-11,Email,Weekly_Newsletter,773.77,4321,75,5
2025-01-11,Email,Win_Back,918.02,1993,37,0
2025-01-11,Organic Search,SEO_Blog,372.38,10962,234,15
2025-01-11,Affiliate,Affiliate_Network_A,,11189,259,17
2025-01-11,Affiliate,Affiliate_Network_B,325.94,1408,12,0
2025-01-11,Referral,Referral_Program,370.77,8630,361,3
2025-01-12,Google Ads,Display_Retarget,11668.04,11187,398,19
2025-01-12,Meta Ads,IG_Retarget,3553.83,5270,212,13
2025-01-12,Meta Ads,FB_Lookalike,1958.7,6161,69,0
2025-01-12,YouTube Ads,YT_Skippable,6553.98,7401,178,13
2025-01-12,YouTube Ads,YT_Bumper,759.85,6855,138,7
2025-01-12,Email,Weekly_Newsletter,8058.67,5683,238,3
2025-01-12,Email,Cart_Recovery,1040.73,2850,41,0
2025-01-12,Email,Win_Back,1270.82,1568,65,2
2025-01-12,Affiliate,Affiliate_Network_A,2982.0,3291,67,4
2025-01-12,Affiliate,Affiliate_Network_B,9394.6,9265,337,20
2025-01-12,Referral,Referral_Program,280.32,11123,190,5
2025-01-13,Google Ads,Search_Generic,3282.63,2646,98,5
2025-01-13,Google Ads,Shopping_Ads,,8125,231,17
2025-01-13,Google Ads,Display_Retarget,8212.54,6881,272,20
2025-01-13,Meta Ads,IG_Retarget,1113.84,1320,39,2
2025-01-13,YouTube Ads,YT_Skippable,1442.48,4936,57,3
2025-01-13,YouTube Ads,YT_Bumper,3208.96,6783,268,8
2025-01-13,Email,Cart_Recovery,1807.39,6121,188,10
2025-01-13,Organic Search,SEO_Category,55.26,8589,69,2
2025-01-13,Affiliate,Affiliate_Network_A,586.94,2257,82,6
2025-01-14,Google Ads,Search_Brand,16991.55,15123,651,18
2025-01-14,Google Ads,Search_Generic,15398.66,17689,734,49
2025-01-14,Google Ads,Shopping_Ads,7481.53,5461,226,16
2025-01-14,Google Ads,Display_Retarget,1044.95,8940,47,2
2025-01-14,Meta Ads,FB_Prospecting,4718.73,8569,212,11
2025-01-14,Meta Ads,IG_Retarget,869.36,848,29,0
2025-01-14,YouTube Ads,YT_Skippable,2816.87,4039,180,3
2025-01-14,YouTube Ads,YT_Bumper,2100.35,3359,58,2
2025-01-14,Email,Weekly_Newsletter,307.47,3092,36,1
2025-01-14,Email,Cart_Recovery,1682.67,5923,65,3
2025-01-14,Email,Win_Back,757.14,1802,66,3
2025-01-14,Organic Search,SEO_Category,43.03,2176,16,0
2025-01-14,Affiliate,Affiliate_Network_A,506.63,2762,120,9
2025-01-14,Affiliate,Affiliate_Network_B,9068.07,13073,223,3
2025-01-14,Referral,Referral_Program,203.61,2922,79,3
2025-01-15,Google Ads,Search_Brand,3453.66,2484,106,3
2025-01-15,Google Ads,Shopping_Ads,1336.03,5978,96,4
2025-01-15,Google Ads,Display_Retarget,9013.67,6821,233,9
2025-01-15,Meta Ads,IG_Retarget,2020.44,4220,110,1
2025-01-15,YouTube Ads,YT_Bumper,1051.28,903,24,1
2025-01-15,Email,Weekly_Newsletter,8770.27,8679,219,14
2025-01-15,Email,Cart_Recovery,13459.58,11269,401,25
2025-01-15,Email,Win_Back,662.29,5162,110,3
2025-01-15,Organic Search,SEO_Category,159.62,2715,46,3
2025-01-15,Affiliate,Affiliate_Network_B,1754.35,6523,231,3
2025-01-15,Referral,Referral_Program,265.48,8395,254,5
2025-01-16,Google Ads,Search_Generic,1335.93,2850,50,1
2025-01-16,Google Ads,Shopping_Ads,1629.58,6600,51,2
2025-01-16,Meta Ads,IG_Retarget,1475.88,3738,91,6
2025-01-16,YouTube Ads,YT_Skippable,1624.08,3237,95,1
2025-01-16,YouTube Ads,YT_Bumper,2566.82,4168,87,6
2025-01-16,Email,Weekly_Newsletter,7065.44,5669,195,13
2025-01-16,Email,Win_Back,3521.19,2665,82,3
2025-01-16,Organic Search,SEO_Blog,400.89,1103,42,2
2025-01-16,Organic Search,SEO_Category,43.45,8620,108,6
2025-01-16,Affiliate,Affiliate_Network_B,1955.51,3703,101,2
2025-01-16,Referral,Referral_Program,315.69,6576,227,12
2025-01-16,Direct,Direct_Traffic,329.84,4500,187,9
2025-01-17,Google Ads,Search_Brand,1671.19,3211,67,3
2025-01-17,Google Ads,Search_Generic,5529.5,7090,210,13
2025-01-17,Google Ads,Display_Retarget,642.16,10791,76,3
2025-01-17,Meta Ads,IG_Retarget,715.04,1358,59,3
2025-01-17,Meta Ads,FB_Lookalike,672.42,5884,34,0
2025-01-17,YouTube Ads,YT_Skippable,7320.07,7845,333,5
2025-01-17,Email,Cart_Recovery,5399.37,11284,426,10
2025-01-17,Email,Win_Back,2947.3,8959,85,1
2025-01-17,Affiliate,Affiliate_Network_A,12121.67,13430,317,22
2025-01-17,Affiliate,Affiliate_Network_B,17972.43,11759,500,5
2025-01-17,Referral,Referral_Program,99.47,14831,229,9
2025-01-18,Google Ads,Search_Brand,1391.86,2921,32,1
2025-01-18,Google Ads,Search_Generic,1739.17,2503,80,2
2025-01-18,Google Ads,Display_Retarget,7323.92,9774,192,7
2025-01-18,Meta Ads,FB_Prospecting,1193.44,2149,81,1
2025-01-18,Meta Ads,IG_Retarget,4507.61,17944,127,1
2025-01-18,Meta Ads,FB_Lookalike,15414.38,8381,346,11
2025-01-18,Email,Weekly_Newsletter,1185.02,3497,113,5
2025-01-18,Email,Cart_Recovery,4405.04,4916,147,8
2025-01-18,Email,Win_Back,207.53,917,29,0
2025-01-18,Organic Search,SEO_Category,162.95,3525,84,1
2025-01-18,Affiliate,Affiliate_Network_A,2725.11,7972,237,14
2025-01-18,Affiliate,Affiliate_Network_B,615.73,2517,27,1
2025-01-18,Direct,Direct_Traffic,224.41,3140,19,1
2025-01-19,Google Ads,Search_Brand,1105.94,1719,37,2
2025-01-19,Google Ads,Shopping_Ads,231.99,2220,17,0
2025-01-19,Meta Ads,FB_Prospecting,515.26,2109,19,1
2025-01-19,Meta Ads,IG_Retarget,6366.2,5716,170,12
2025-01-19,Meta Ads,FB_Lookalike,10508.22,12448,414,9
2025-01-19,YouTube Ads,YT_Skippable,3556.01,3014,80,4
2025-01-19,YouTube Ads,YT_Bumper,111.97,3809,33,1
2025-01-19,Email,Weekly_Newsletter,6001.06,5691,214,6
2025-01-19,Organic Search,SEO_Blog,95.27,8208,224,6
2025-01-19,Organic Search,SEO_Category,58.76,5203,67,2
2025-01-19,Referral,Referral_Program,22.43,8182,123,6
2025-01-19,Direct,Direct_Traffic,360.78,5832,181,1
2025-01-20,Google Ads,Search_Generic,830.49,2828,23,0
2025-01-20,Meta Ads,FB_Prospecting,,6297,173,9
2025-01-20,Meta Ads,IG_Retarget,1849.88,14677,165,10
2025-01-20,Meta Ads,FB_Lookalike,9671.53,11153,411,18
2025-01-20,YouTube Ads,YT_Skippable,4916.02,4524,144,5
2025-01-20,Email,Weekly_Newsletter,3914.36,3084,118,2
2025-01-20,Email,Cart_Recovery,176.35,1970,34,1
2025-01-20,Email,Win_Back,2166.42,4531,174,2
2025-01-20,Organic Search,SEO_Blog,322.82,1000,23,1
2025-01-20,Affiliate,Affiliate_Network_A,6322.67,10209,365,14
2025-01-20,Referral,Referral_Program,363.01,12543,76,2
2025-01-21,Google Ads,Search_Generic,382.86,1723,14,0
2025-01-21,Google Ads,Shopping_Ads,7861.41,10420,187,11
2025-01-21,Google Ads,Display_Retarget,12045.29,9697,329,4
2025-01-21,Meta Ads,IG_Retarget,536.47,3531,57,4
2025-01-21,Meta Ads,FB_Lookalike,1449.73,7279,50,1
2025-01-21,YouTube Ads,YT_Skippable,6769.47,6177,176,7
2025-01-21,YouTube Ads,YT_Bumper,1035.47,3494,129,3
2025-01-21,Email,Cart_Recovery,318.02,1962,15,0
2025-01-21,Email,Win_Back,6240.54,8175,259,3
2025-01-21,Organic Search,SEO_Blog,234.53,3524,121,5
2025-01-21,Affiliate,Affiliate_Network_A,906.15,2171,44,2
2025-01-21,Affiliate,Affiliate_Network_B,162.14,1481,9,0
2025-01-21,Direct,Direct_Traffic,43.76,5709,232,17
2025-01-22,Google Ads,Search_Brand,1864.63,2971,46,3
2025-01-22,Google Ads,Display_Retarget,4544.39,6364,215,11
2025-01-22,Meta Ads,FB_Prospecting,177.91,1295,6,0
2025-01-22,Meta Ads,IG_Retarget,343.25,6015,91,6
2025-01-22,Meta Ads,FB_Lookalike,5884.19,3817,169,12
2025-01-22,YouTube Ads,YT_Skippable,2446.27,2621,110,6
2025-01-22,Email,Weekly_Newsletter,852.49,5825,180,2
2025-01-22,Email,Cart_Recovery,23333.45,31672,1161,84
2025-01-22,Email,Win_Back,3442.46,3366,88,2
2025-01-22,Organic Search,SEO_Blog,369.99,666,13,0
2025-01-22,Organic Search,SEO_Category,365.43,1185,34,2
2025-01-22,Affiliate,Affiliate_Network_A,560.54,5359,51,2
2025-01-22,Direct,Direct_Traffic,147.36,8030,237,14
2025-01-23,Google Ads,Search_Brand,5451.11,7826,213,13
2025-01-23,Google Ads,Search_Generic,2264.12,2068,65,1
2025-01-23,Google Ads,Display_Retarget,372.51,3689,67,2
2025-01-23,Meta Ads,FB_Prospecting,10981.87,15625,619,39
2025-01-23,Meta Ads,IG_Retarget,1242.16,4839,43,2
2025-01-23,Meta Ads,FB_Lookalike,2117.64,4127,140,3
2025-01-23,Email,Weekly_Newsletter,3219.45,4083,124,7
2025-01-23,Email,Cart_Recovery,3876.37,3496,112,7
2025-01-23,Email,Win_Back,3702.69,6341,116,2
2025-01-23,Organic Search,SEO_Blog,151.89,5191,126,8
2025-01-23,Organic Search,SEO_Category,290.95,4233,104,7
2025-01-23,Affiliate,Affiliate_Network_B,639.81,3023,16,0
2025-01-23,Referral,Referral_Program,93.91,5533,155,9
2025-01-23,Direct,Direct_Traffic,54.95,5648,55,2
2025-01-24,Google Ads,Search_Generic,1459.87,3779,61,3
2025-01-24,Google Ads,Shopping_Ads,13432.05,10801,333,8
2025-01-24,Google Ads,Display_Retarget,1483.93,4748,66,1
2025-01-24,Meta Ads,FB_Prospecting,926.96,10993,141,6
2025-01-24,Organic Search,SEO_Blog,402.5,7151,63,3
2025-01-24,Organic Search,SEO_Category,444.59,5585,95,1
2025-01-24,Affiliate,Affiliate_Network_A,4621.21,7945,128,4
2025-01-24,Affiliate,Affiliate_Network_B,3650.34,2818,105,3
2025-01-24,Referral,Referral_Program,321.55,6215,102,1
2025-01-25,Google Ads,Shopping_Ads,1890.93,2117,71,0
2025-01-25,Google Ads,Display_Retarget,841.09,1704,26,1
2025-01-25,Meta Ads,FB_Prospecting,2634.81,4190,117,7
2025-01-25,Meta Ads,IG_Retarget,7287.74,7165,178,4
2025-01-25,Meta Ads,FB_Lookalike,4949.41,6804,252,8
2025-01-25,YouTube Ads,YT_Skippable,3077.08,3829,91,2
2025-01-25,YouTube Ads,YT_Bumper,758.25,6347,227,11
2025-01-25,Email,Weekly_Newsletter,344.39,3190,19,0
2025-01-25,Email,Cart_Recovery,687.7,2142,21,0
2025-01-25,Email,Win_Back,4496.61,11331,353,22
2025-01-25,Organic Search,SEO_Blog,82.52,29723,1080,83
2025-01-25,Organic Search,SEO_Category,282.85,3245,120,2
2025-01-25,Affiliate,Affiliate_Network_A,2340.05,18026,213,16
2025-01-25,Referral,Referral_Program,79.14,5680,135,8
2025-01-25,Direct,Direct_Traffic,324.89,14499,182,2
2025-01-26,Google Ads,Search_Brand,953.96,6481,72,4
2025-01-26,Google Ads,Search_Generic,4032.15,4155,142,8
2025-01-26,Google Ads,Display_Retarget,4830.14,7886,209,9
2025-01-26,Meta Ads,FB_Prospecting,793.68,2225,95,2
2025-01-26,Meta Ads,FB_Lookalike,876.41,2995,82,4
2025-01-26,YouTube Ads,YT_Skippable,3416.54,6745,225,6
2025-01-26,YouTube Ads,YT_Bumper,1692.55,4128,51,3
2025-01-26,Email,Weekly_Newsletter,,4361,173,3
2025-01-26,Email,Cart_Recovery,1835.89,3915,48,2
2025-01-26,Email,Win_Back,2826.37,2763,103,2
2025-01-26,Organic Search,SEO_Category,,4720,174,7
2025-01-26,Affiliate,Affiliate_Network_A,299.11,1650,8,0
2025-01-26,Affiliate,Affiliate_Network_B,7510.23,9302,330,9
2025-01-26,Referral,Referral_Program,434.87,10672,268,5
2025-01-26,Direct,Direct_Traffic,50.03,3743,26,1
2025-01-27,Google Ads,Search_Brand,6459.31,5428,226,11
2025-01-27,Google Ads,Search_Generic,797.03,3143,44,1
2025-01-27,Meta Ads,FB_Lookalike,1225.13,1411,30,0
2025-01-27,YouTube Ads,YT_Skippable,534.24,4678,93,3
2025-01-27,YouTube Ads,YT_Bumper,694.9,3732,38,1
2025-01-27,Email,Weekly_Newsletter,6598.33,4599,177,3
2025-01-27,Email,Cart_Recovery,3672.73,5786,98,2
2025-01-27,Organic Search,SEO_Blog,264.02,3503,32,1
2025-01-27,Affiliate,Affiliate_Network_A,5262.32,9689,138,5
2025-01-27,Affiliate,Affiliate_Network_B,822.2,3124,111,3
2025-01-27,Referral,Referral_Program,330.69,5847,92,1
2025-01-27,Direct,Direct_Traffic,193.68,4418,113,1
2025-01-28,Google Ads,Search_Brand,1251.74,4677,114,8
2025-01-28,Google Ads,Shopping_Ads,,7232,136,7
2025-01-28,Google Ads,Display_Retarget,3323.33,7078,111,1
2025-01-28,Meta Ads,FB_Prospecting,3945.54,2782,92,1
2025-01-28,Meta Ads,FB_Lookalike,4551.98,6724,210,14
2025-01-28,YouTube Ads,YT_Skippable,5527.41,5094,168,9
2025-01-28,YouTube Ads,YT_Bumper,3030.28,4916,208,16
2025-01-28,Email,Weekly_Newsletter,1690.66,1721,55,3
2025-01-28,Email,Win_Back,226.21,1817,57,4
2025-01-28,Organic Search,SEO_Blog,51.18,2380,44,1
2025-01-28,Organic Search,SEO_Category,213.62,8507,76,1
2025-01-28,Affiliate,Affiliate_Network_A,3183.66,5178,100,6
2025-01-28,Affiliate,Affiliate_Network_B,5204.72,15627,198,4
2025-01-28,Referral,Referral_Program,99.06,6083,193,4
2025-01-28,Direct,Direct_Traffic,250.25,3803,143,2
2025-01-29,Google Ads,Shopping_Ads,1345.96,4628,204,3
2025-01-29,Meta Ads,FB_Prospecting,448.17,2690,19,0
2025-01-29,Meta Ads,IG_Retarget,4133.72,9231,128,2
2025-01-29,Meta Ads,FB_Lookalike,1551.8,8015,161,4
2025-01-29,YouTube Ads,YT_Skippable,794.36,14200,162,9
2025-01-29,YouTube Ads,YT_Bumper,,1207,37,2
2025-01-29,Email,Weekly_Newsletter,2444.74,3048,126,3
2025-01-29,Organic Search,SEO_Blog,487.75,797,7,0
2025-01-29,Organic Search,SEO_Category,298.21,5787,88,3
2025-01-29,Affiliate,Affiliate_Network_B,4379.61,6113,145,6
2025-01-30,Google Ads,Search_Brand,10480.83,6960,270,8
2025-01-30,Google Ads,Search_Generic,12731.37,8234,314,9
2025-01-30,Google Ads,Display_Retarget,1765.55,12115,66,4
2025-01-30,Meta Ads,IG_Retarget,3410.01,5480,98,5
2025-01-30,Meta Ads,FB_Lookalike,1909.38,4922,52,2
2025-01-30,YouTube Ads,YT_Skippable,2664.95,3385,133,6
2025-01-30,YouTube Ads,YT_Bumper,3069.49,19868,379,24
2025-01-30,Email,Weekly_Newsletter,716.27,1860,44,2
2025-01-30,Email,Win_Back,253.63,4958,38,0
2025-01-30,Organic Search,SEO_Category,89.91,1891,48,3
2025-01-30,Affiliate,Affiliate_Network_A,620.47,5653,93,3
2025-01-30,Affiliate,Affiliate_Network_B,3100.3,3445,140,5
2025-01-30,Referral,Referral_Program,140.03,8667,303,5
2025-01-31,Google Ads,Search_Brand,1507.56,6136,104,2
2025-01-31,Google Ads,Shopping_Ads,4880.96,8670,186,2
2025-01-31,Google Ads,Display_Retarget,397.6,5333,38,0
2025-01-31,Meta Ads,FB_Prospecting,903.07,1427,38,1
2025-01-31,Meta Ads,FB_Lookalike,3604.1,2815,82,2
2025-01-31,YouTube Ads,YT_Bumper,13970.09,15473,615,7
2025-01-31,Email,Cart_Recovery,2906.32,5075,69,2
2025-01-31,Email,Win_Back,3547.86,4850,99,3
2025-01-31,Organic Search,SEO_Blog,,19546,547,25
2025-02-01,Google Ads,Shopping_Ads,2398.55,6055,265,11
2025-02-01,Google Ads,Display_Retarget,1481.81,4259,34,2
2025-02-01,Meta Ads,FB_Prospecting,2807.68,2389,63,4
2025-02-01,Meta Ads,IG_Retarget,3124.73,3431,106,1
2025-02-01,YouTube Ads,YT_Skippable,9114.6,12634,300,10
2025-02-01,YouTube Ads,YT_Bumper,2045.47,8522,70,1
2025-02-01,Email,Weekly_Newsletter,2406.45,3567,111,5
2025-02-01,Email,Cart_Recovery,265.4,1837,10,0
2025-02-01,Email,Win_Back,339.01,9468,65,5
2025-02-01,Organic Search,SEO_Blog,258.23,3012,29,1
2025-02-01,Affiliate,Affiliate_Network_A,11660.03,9002,327,26
2025-02-01,Referral,Referral_Program,331.84,13722,550,39
2025-02-01,Direct,Direct_Traffic,334.8,2962,42,0
2025-02-02,Google Ads,Search_Brand,86.24,1299,6,0
2025-02-02,Google Ads,Search_Generic,2232.75,5297,115,6
2025-02-02,Meta Ads,FB_Prospecting,783.34,6344,100,1
2025-02-02,YouTube Ads,YT_Skippable,186.55,3918,46,3
2025-02-02,YouTube Ads,YT_Bumper,1049.24,5962,52,1
2025-02-02,Email,Weekly_Newsletter,910.77,839,27,1
2025-02-02,Email,Win_Back,1192.42,2778,38,3
2025-02-02,Organic Search,SEO_Category,292.15,2079,69,4
2025-02-02,Affiliate,Affiliate_Network_A,1675.44,13011,300,19
2025-02-02,Affiliate,Affiliate_Network_B,15122.79,12616,391,12
2025-02-02,Referral,Referral_Program,373.22,7220,53,2
2025-02-02,Direct,Direct_Traffic,388.48,675,27,1
2025-02-03,Google Ads,Search_Generic,1601.49,3233,66,4
2025-02-03,Google Ads,Shopping_Ads,5175.08,10701,123,2
2025-02-03,Meta Ads,FB_Prospecting,1176.79,5268,27,0
2025-02-03,Meta Ads,IG_Retarget,9181.97,9093,329,22
2025-02-03,Meta Ads,FB_Lookalike,363.25,502,13,0
2025-02-03,YouTube Ads,YT_Bumper,1912.39,7470,43,1
2025-02-03,Email,Weekly_Newsletter,639.23,855,31,1
2025-02-03,Email,Cart_Recovery,5946.56,10209,134,6
2025-02-03,Email,Win_Back,4528.86,5933,126,3
2025-02-03,Organic Search,SEO_Blog,450.66,12660,213,6
2025-02-03,Organic Search,SEO_Category,10.4,7456,73,2
2025-02-03,Affiliate,Affiliate_Network_A,1559.74,4887,91,3
2025-02-03,Affiliate,Affiliate_Network_B,929.12,7210,82,4
2025-02-03,Direct,Direct_Traffic,397.5,967,28,0
2025-02-04,Google Ads,Search_Brand,1009.39,2797,33,1
2025-02-04,Google Ads,Shopping_Ads,847.04,2146,38,1
2025-02-04,Meta Ads,IG_Retarget,23452.72,18271,732,25
2025-02-04,YouTube Ads,YT_Skippable,4343.84,6540,112,6
2025-02-04,YouTube Ads,YT_Bumper,6460.64,5395,224,5
2025-02-04,Email,Weekly_Newsletter,3164.15,9749,233,17
2025-02-04,Email,Cart_Recovery,4472.89,3698,112,4
2025-02-04,Organic Search,SEO_Category,380.67,1746,32,0
2025-02-04,Affiliate,Affiliate_Network_A,1853.45,8762,244,13
2025-02-04,Direct,Direct_Traffic,85.52,2907,75,5
2025-02-05,Google Ads,Search_Brand,111.54,1661,11,0
2025-02-05,Google Ads,Shopping_Ads,6342.32,16267,142,2
2025-02-05,Google Ads,Display_Retarget,1074.88,6443,163,10
2025-02-05,Meta Ads,FB_Prospecting,806.76,3555,29,0
2025-02-05,Meta Ads,IG_Retarget,675.04,2266,92,5
2025-02-05,YouTube Ads,YT_Skippable,2331.8,2275,68,4
2025-02-05,YouTube Ads,YT_Bumper,234.99,1514,9,0
2025-02-05,Email,Weekly_Newsletter,280.3,3342,26,0
2025-02-05,Organic Search,SEO_Blog,496.18,3538,43,0
2025-02-05,Organic Search,SEO_Category,437.57,7746,146,1
2025-02-05,Affiliate,Affiliate_Network_A,4020.54,5118,189,9
2025-02-05,Referral,Referral_Program,455.63,1624,37,2
2025-02-05,Direct,Direct_Traffic,2.87,951,7,0
2025-02-06,Google Ads,Search_Brand,5577.55,5189,224,14
2025-02-06,Google Ads,Display_Retarget,3178.38,7511,317,6
2025-02-06,Meta Ads,IG_Retarget,440.08,2610,28,1
2025-02-06,Meta Ads,FB_Lookalike,1003.48,2914,23,0
2025-02-06,YouTube Ads,YT_Skippable,502.35,881,18,0
2025-02-06,YouTube Ads,YT_Bumper,3409.34,6707,208,6
2025-02-06,Email,Weekly_Newsletter,429.09,11060,75,5
2025-02-06,Email,Cart_Recovery,5445.1,5567,239,6
2025-02-06,Email,Win_Back,8011.86,9656,229,7
2025-02-06,Organic Search,SEO_Blog,266.74,15754,176,8
2025-02-06,Affiliate,Affiliate_Network_A,3745.64,10014,271,21
2025-02-06,Affiliate,Affiliate_Network_B,1356.49,2399,83,5
2025-02-06,Referral,Referral_Program,397.42,4816,209,8
2025-02-06,Direct,Direct_Traffic,272.89,15404,600,27
2025-02-07,Google Ads,Search_Brand,11323.43,5999,264,9
2025-02-07,Google Ads,Shopping_Ads,401.9,2290,11,0
2025-02-07,Google Ads,Display_Retarget,1900.5,3511,81,6
2025-02-07,Meta Ads,FB_Prospecting,1801.09,1964,66,4
2025-02-07,Meta Ads,IG_Retarget,13344.76,13724,592,9
2025-02-07,Meta Ads,FB_Lookalike,1868.77,10967,65,1
2025-02-07,Email,Cart_Recovery,1105.78,3278,32,1
2025-02-07,Organic Search,SEO_Blog,269.83,9822,110,1
2025-02-07,Organic Search,SEO_Category,333.16,2126,29,1
2025-02-07,Affiliate,Affiliate_Network_B,8031.26,14758,275,18
2025-02-07,Referral,Referral_Program,54.75,10707,117,2
2025-02-07,Direct,Direct_Traffic,299.31,3603,115,7
2025-02-08,Google Ads,Search_Brand,295.2,4024,66,4
2025-02-08,Google Ads,Display_Retarget,3300.04,9697,91,4
2025-02-08,Meta Ads,FB_Prospecting,3752.16,6471,103,6
2025-02-08,Meta Ads,IG_Retarget,3743.7,3012,90,4
2025-02-08,Meta Ads,FB_Lookalike,10811.81,5627,245,18
2025-02-08,YouTube Ads,YT_Skippable,1229.84,8025,53,2
2025-02-08,YouTube Ads,YT_Bumper,432.83,3692,59,1
2025-02-08,Email,Cart_Recovery,2927.27,10289,77,1
2025-02-08,Email,Win_Back,778.17,12235,93,5
2025-02-08,Organic Search,SEO_Blog,42.65,2630,18,0
2025-02-08,Affiliate,Affiliate_Network_A,4255.57,2883,99,5
2025-02-08,Referral,Referral_Program,377.83,5835,125,2
2025-02-08,Direct,Direct_Traffic,394.65,9552,369,27
2025-02-09,Google Ads,Search_Generic,2612.88,9097,121,2
2025-02-09,Google Ads,Shopping_Ads,6556.02,6483,186,13
2025-02-09,Google Ads,Display_Retarget,613.8,5620,102,7
2025-02-09,Meta Ads,FB_Prospecting,1806.18,1940,56,2
2025-02-09,Meta Ads,IG_Retarget,506.06,1071,43,0
2025-02-09,YouTube Ads,YT_Bumper,1752.6,5863,117,7
2025-02-09,Email,Weekly_Newsletter,347.65,1647,19,0
2025-02-09,Email,Cart_Recovery,1457.28,1907,60,3
2025-02-09,Email,Win_Back,2223.02,3240,76,5
2025-02-09,Organic Search,SEO_Blog,226.14,6930,52,3
2025-02-09,Affiliate,Affiliate_Network_A,537.31,4728,41,2
2025-02-09,Affiliate,Affiliate_Network_B,1536.48,6291,68,1
2025-02-09,Direct,Direct_Traffic,431.22,12340,185,6
2025-02-10,Google Ads,Search_Generic,5242.95,7278,123,9
2025-02-10,Google Ads,Shopping_Ads,520.13,1728,12,0
2025-02-10,Meta Ads,FB_Prospecting,2818.6,4468,106,7
2025-02-10,Meta Ads,IG_Retarget,5128.51,3938,117,8
2025-02-10,Meta Ads,FB_Lookalike,315.11,2760,34,1
2025-02-10,YouTube Ads,YT_Bumper,2166.97,3005,71,1
2025-02-10,Email,Weekly_Newsletter,2779.22,3907,96,1
2025-02-10,Email,Win_Back,10615.13,9569,260,8
2025-02-10,Organic Search,SEO_Blog,294.28,2113,83,2
2025-02-10,Organic Search,SEO_Category,155.9,4873,40,2
2025-02-10,Affiliate,Affiliate_Network_A,1590.56,3278,88,3
2025-02-10,Affiliate,Affiliate_Network_B,7736.76,7449,334,12
2025-02-10,Direct,Direct_Traffic,122.82,2124,90,4
2025-02-11,Google Ads,Search_Brand,801.63,6955,53,2
2025-02-11,Google Ads,Search_Generic,470.38,1926,26,1
2025-02-11,Google Ads,Display_Retarget,385.05,3279,27,1
2025-02-11,Meta Ads,FB_Prospecting,330.98,2853,85,2
2025-02-11,Meta Ads,FB_Lookalike,14723.23,16195,532,25
2025-02-11,YouTube Ads,YT_Skippable,2864.75,20270,188,3
2025-02-11,YouTube Ads,YT_Bumper,481.24,5466,80,2
2025-02-11,Email,Weekly_Newsletter,1903.92,8798,385,21
2025-02-11,Email,Cart_Recovery,513.88,2235,20,0
2025-02-11,Organic Search,SEO_Blog,341.42,2983,38,1
2025-02-11,Organic Search,SEO_Category,433.83,1797,66,1
2025-02-11,Affiliate,Affiliate_Network_A,4498.06,4938,104,8
2025-02-11,Affiliate,Affiliate_Network_B,1698.98,3583,149,10
2025-02-12,Google Ads,Search_Brand,646.7,9640,145,1
2025-02-12,Google Ads,Search_Generic,953.39,1511,39,2
2025-02-12,Google Ads,Display_Retarget,4418.76,13996,341,20
2025-02-12,Meta Ads,IG_Retarget,998.28,3364,39,1
2025-02-12,Meta Ads,FB_Lookalike,7089.02,4485,159,8
2025-02-12,YouTube Ads,YT_Skippable,5409.02,5749,219,5
2025-02-12,YouTube Ads,YT_Bumper,4452.13,12733,111,7
2025-02-12,Email,Weekly_Newsletter,4478.66,4546,121,2
2025-02-12,Email,Cart_Recovery,16583.31,13987,406,31
2025-02-12,Email,Win_Back,1148.32,5334,110,8
2025-02-12,Organic Search,SEO_Blog,302.62,3671,46,1
2025-02-12,Organic Search,SEO_Category,253.57,15073,248,18
2025-02-12,Affiliate,Affiliate_Network_A,469.74,2082,20,0
2025-02-12,Affiliate,Affiliate_Network_B,890.34,6051,67,1
2025-02-12,Referral,Referral_Program,89.68,3644,27,1
2025-02-13,Google Ads,Search_Brand,1395.63,10549,387,12
2025-02-13,Google Ads,Search_Generic,4744.01,14049,338,16
2025-02-13,Google Ads,Display_Retarget,5074.89,6228,153,9
2025-02-13,Meta Ads,FB_Prospecting,1699.06,2524,68,3
2025-02-13,Meta Ads,FB_Lookalike,650.77,770,19,0
2025-02-13,YouTube Ads,YT_Skippable,1038.56,3332,110,2
2025-02-13,YouTube Ads,YT_Bumper,29904.2,18011,725,56
2025-02-13,Email,Weekly_Newsletter,2222.18,2212,59,3
2025-02-13,Email,Cart_Recovery,1238.99,6641,59,3
2025-02-13,Organic Search,SEO_Blog,97.67,2424,67,3
2025-02-13,Organic Search,SEO_Category,43.95,1962,44,3
2025-02-13,Referral,Referral_Program,57.89,8332,291,9
2025-02-13,Direct,Direct_Traffic,161.94,1270,36,2
2025-02-14,Google Ads,Search_Brand,2478.33,7148,155,7
2025-02-14,Google Ads,Display_Retarget,417.5,6967,81,2
2025-02-14,Meta Ads,IG_Retarget,1761.86,5068,82,5
2025-02-14,Meta Ads,FB_Lookalike,7237.39,9253,317,17
2025-02-14,Email,Cart_Recovery,1193.45,3584,30,1
2025-02-14,Email,Win_Back,614.09,7098,202,4
2025-02-14,Affiliate,Affiliate_Network_B,56.97,2024,11,0
2025-02-14,Referral,Referral_Program,298.41,950,33,0
2025-02-15,Google Ads,Search_Generic,1688.18,2409,79,4
2025-02-15,Meta Ads,FB_Prospecting,5365.27,4039,153,6
2025-02-15,Meta Ads,FB_Lookalike,1871.84,3534,72,4
2025-02-15,YouTube Ads,YT_Skippable,4555.62,9190,302,9
2025-02-15,YouTube Ads,YT_Bumper,2817.0,7908,186,1
2025-02-15,Email,Weekly_Newsletter,4994.64,15080,427,30
2025-02-15,Organic Search,SEO_Blog,275.32,13314,519,31
2025-02-15,Affiliate,Affiliate_Network_B,879.72,1793,24,0
2025-02-16,Google Ads,Search_Brand,4252.2,8198,160,10
2025-02-16,Google Ads,Search_Generic,2535.32,2152,80,0
2025-02-16,Google Ads,Shopping_Ads,5997.69,8642,202,14
2025-02-16,Google Ads,Display_Retarget,2934.9,3590,95,5
2025-02-16,Meta Ads,FB_Prospecting,2775.02,3087,110,4
2025-02-16,Meta Ads,IG_Retarget,9781.46,13173,383,30
2025-02-16,Meta Ads,FB_Lookalike,1223.35,5499,96,7
2025-02-16,YouTube Ads,YT_Skippable,3691.21,2321,88,4
2025-02-16,YouTube Ads,YT_Bumper,725.22,2570,26,2
2025-02-16,Email,Weekly_Newsletter,1012.01,6048,58,2
2025-02-16,Email,Cart_Recovery,3922.12,4124,103,3
2025-02-16,Organic Search,SEO_Blog,116.0,3145,33,1
2025-02-16,Organic Search,SEO_Category,430.82,5819,87,1
2025-02-16,Affiliate,Affiliate_Network_A,13980.27,12045,397,4
2025-02-16,Affiliate,Affiliate_Network_B,6064.48,7606,261,14
2025-02-16,Referral,Referral_Program,256.01,4297,22,1
2025-02-16,Direct,Direct_Traffic,319.6,7691,344,7
2025-02-17,YouTube Ads,YT_Skippable,486.47,1096,13,0
2025-02-17,Email,Cart_Recovery,1049.67,2219,65,1
2025-02-17,Email,Win_Back,2615.16,2781,99,3
2025-02-17,Organic Search,SEO_Blog,140.47,2885,125,3
2025-02-17,Organic Search,SEO_Category,174.83,3467,138,10
2025-02-17,Affiliate,Affiliate_Network_A,,7967,316,14
2025-02-17,Direct,Direct_Traffic,219.78,5579,48,2
2025-02-18,Google Ads,Search_Brand,479.13,3966,20,0
2025-02-18,Google Ads,Search_Generic,211.77,862,6,0
2025-02-18,Google Ads,Shopping_Ads,1445.63,2998,62,4
2025-02-18,Meta Ads,IG_Retarget,347.49,2805,56,3
2025-02-18,Meta Ads,FB_Lookalike,3195.95,13074,232,7
2025-02-18,Email,Weekly_Newsletter,2928.05,6987,111,3
2025-02-18,Affiliate,Affiliate_Network_B,1821.06,1572,47,2
2025-02-18,Direct,Direct_Traffic,286.11,9488,419,4
2025-02-19,Google Ads,Search_Brand,3550.56,5533,148,7
2025-02-19,Google Ads,Display_Retarget,9785.01,6828,265,11
2025-02-19,Meta Ads,FB_Prospecting,4756.28,7611,275,4
2025-02-19,Meta Ads,IG_Retarget,13336.93,7938,346,6
2025-02-19,Meta Ads,FB_Lookalike,3976.43,5090,106,7
2025-02-19,Email,Weekly_Newsletter,1365.71,1313,37,1
2025-02-19,Email,Cart_Recovery,401.78,1685,12,0
2025-02-19,Organic Search,SEO_Blog,244.5,7330,252,11
2025-02-19,Organic Search,SEO_Category,265.08,5648,237,11
2025-02-19,Affiliate,Affiliate_Network_A,1088.72,2463,35,0
2025-02-20,Google Ads,Search_Brand,1408.87,5942,57,1
2025-02-20,Google Ads,Search_Generic,2370.67,2154,88,2
2025-02-20,Google Ads,Display_Retarget,696.45,10082,72,1
2025-02-20,Meta Ads,IG_Retarget,1500.0,2515,85,3
2025-02-20,Meta Ads,FB_Lookalike,4336.36,10573,380,13
2025-02-20,YouTube Ads,YT_Skippable,9049.46,18334,573,32
2025-02-20,YouTube Ads,YT_Bumper,1158.08,10579,72,4
2025-02-20,Email,Weekly_Newsletter,11089.78,6740,265,17
2025-02-20,Organic Search,SEO_Blog,368.65,10782,280,13
2025-02-20,Affiliate,Affiliate_Network_A,14786.3,10462,390,21
2025-02-20,Affiliate,Affiliate_Network_B,4547.9,4566,188,13
2025-02-20,Referral,Referral_Program,370.67,5076,46,3
2025-02-20,Direct,Direct_Traffic,467.09,8318,285,6
2025-02-21,Google Ads,Search_Brand,2152.44,3257,108,2
2025-02-21,Google Ads,Shopping_Ads,358.25,1893,10,0
2025-02-21,Google Ads,Display_Retarget,506.68,1436,25,0
2025-02-21,Meta Ads,FB_Prospecting,1312.87,6985,77,3
2025-02-21,Meta Ads,IG_Retarget,393.56,612,11,0
2025-02-21,Meta Ads,FB_Lookalike,1594.29,4236,123,6
2025-02-21,Email,Weekly_Newsletter,262.63,1755,35,0
2025-02-21,Email,Win_Back,3629.24,5131,179,7
2025-02-21,Organic Search,SEO_Blog,343.79,10215,279,6
2025-02-21,Organic Search,SEO_Category,445.7,4501,150,4
2025-02-21,Affiliate,Affiliate_Network_A,1721.04,3989,70,3
2025-02-21,Referral,Referral_Program,94.83,10318,330,7
2025-02-21,Direct,Direct_Traffic,172.03,11277,412,23
2025-02-22,Google Ads,Search_Generic,2050.03,3932,102,2
2025-02-22,Google Ads,Shopping_Ads,311.91,865,33,1
2025-02-22,Google Ads,Display_Retarget,2002.89,11242,153,7
2025-02-22,Meta Ads,FB_Prospecting,862.04,2499,93,4
2025-02-22,Meta Ads,FB_Lookalike,506.43,3041,70,2
2025-02-22,Email,Weekly_Newsletter,1587.59,2388,85,1
2025-02-22,Email,Cart_Recovery,29.48,568,4,0
2025-02-22,Email,Win_Back,6136.76,7370,212,2
2025-02-22,Organic Search,SEO_Blog,187.64,15433,559,26
2025-02-22,Organic Search,SEO_Category,395.02,8801,50,2
2025-02-22,Affiliate,Affiliate_Network_A,1216.24,4699,99,1
2025-02-22,Affiliate,Affiliate_Network_B,998.58,1846,71,4
2025-02-22,Referral,Referral_Program,384.8,2885,24,1
2025-02-22,Direct,Direct_Traffic,299.58,12479,230,16
2025-02-23,Google Ads,Search_Brand,931.49,1393,24,0
2025-02-23,Google Ads,Search_Generic,6929.7,8714,288,7
2025-02-23,Google Ads,Shopping_Ads,7117.87,6111,180,10
2025-02-23,Google Ads,Display_Retarget,5023.61,8823,390,10
2025-02-23,Meta Ads,FB_Prospecting,1415.99,1235,52,4
2025-02-23,Meta Ads,FB_Lookalike,298.27,1923,54,1
2025-02-23,YouTube Ads,YT_Skippable,1960.25,2473,45,2
2025-02-23,YouTube Ads,YT_Bumper,1858.39,1696,48,1
2025-02-23,Email,Cart_Recovery,3768.75,3910,86,6
2025-02-23,Email,Win_Back,16716.38,13358,485,23
2025-02-23,Organic Search,SEO_Blog,108.27,757,29,1
2025-02-23,Organic Search,SEO_Category,326.2,11732,154,7
2025-02-23,Affiliate,Affiliate_Network_A,3452.21,2333,81,5
2025-02-23,Affiliate,Affiliate_Network_B,6716.99,8682,157,7
2025-02-23,Referral,Referral_Program,250.78,10989,120,8
2025-02-24,Google Ads,Search_Brand,3876.17,9474,87,4
2025-02-24,Google Ads,Shopping_Ads,2903.73,8165,241,5
2025-02-24,Meta Ads,FB_Prospecting,1479.83,2390,38,2
2025-02-24,Meta Ads,IG_Retarget,1240.01,2584,84,2
2025-02-24,Meta Ads,FB_Lookalike,11822.33,10838,408,23
2025-02-24,YouTube Ads,YT_Bumper,777.47,7109,45,2
2025-02-24,Email,Weekly_Newsletter,1657.24,4463,160,8
2025-02-24,Email,Cart_Recovery,4505.8,8280,109,8
2025-02-24,Email,Win_Back,532.3,2106,65,2
2025-02-24,Affiliate,Affiliate_Network_A,7598.08,5320,206,9
2025-02-24,Affiliate,Affiliate_Network_B,643.1,1907,37,1
2025-02-24,Direct,Direct_Traffic,406.51,813,35,0
2025-02-25,Google Ads,Search_Generic,2351.01,6722,60,2
2025-02-25,Google Ads,Shopping_Ads,686.11,3781,54,0
2025-02-25,Meta Ads,FB_Prospecting,9032.14,8807,217,10
2025-02-25,Meta Ads,IG_Retarget,5878.88,12293,366,13
2025-02-25,YouTube Ads,YT_Skippable,4815.79,6499,201,9
2025-02-25,Email,Weekly_Newsletter,3242.51,7525,283,8
2025-02-25,Email,Win_Back,1787.82,7287,71,5
2025-02-25,Organic Search,SEO_Blog,42.8,8863,115,5
2025-02-25,Affiliate,Affiliate_Network_A,2528.9,2382,82,2
2025-02-25,Affiliate,Affiliate_Network_B,1626.48,12201,317,22
2025-02-25,Referral,Referral_Program,249.36,14401,258,5
2025-02-26,Google Ads,Search_Brand,1006.72,3451,75,1
2025-02-26,Google Ads,Search_Generic,4275.74,5097,134,10
2025-02-26,Google Ads,Shopping_Ads,2972.54,5117,82,5
2025-02-26,Google Ads,Display_Retarget,5885.63,5638,214,4
2025-02-26,Meta Ads,FB_Prospecting,3070.1,5640,101,4
2025-02-26,Meta Ads,IG_Retarget,724.26,2334,24,1
2025-02-26,Meta Ads,FB_Lookalike,7729.23,7514,236,14
2025-02-26,YouTube Ads,YT_Bumper,191.44,948,16,1
2025-02-26,Email,Weekly_Newsletter,1882.24,4933,49,2
2025-02-26,Email,Cart_Recovery,7761.25,16288,250,7
2025-02-26,Email,Win_Back,2377.08,3791,55,2
2025-02-26,Organic Search,SEO_Category,92.47,6536,292,18
2025-02-26,Referral,Referral_Program,10.65,7446,87,3
2025-02-27,Google Ads,Search_Brand,4960.01,4944,141,10
2025-02-27,Google Ads,Search_Generic,9421.49,9187,346,19
2025-02-27,Google Ads,Display_Retarget,1298.98,1824,38,2
2025-02-27,Meta Ads,IG_Retarget,10891.19,11088,297,17
2025-02-27,Meta Ads,FB_Lookalike,3117.36,6094,99,5
2025-02-27,Email,Weekly_Newsletter,1750.22,5308,41,3
2025-02-27,Email,Cart_Recovery,4807.27,12298,406,5
2025-02-27,Email,Win_Back,450.26,3328,81,1
2025-02-27,Organic Search,SEO_Blog,,1689,38,0
2025-02-27,Organic Search,SEO_Category,94.57,6256,76,5
2025-02-27,Affiliate,Affiliate_Network_A,5388.77,5378,157,12
2025-02-27,Affiliate,Affiliate_Network_B,824.9,659,28,2
2025-02-27,Referral,Referral_Program,332.67,9819,107,2
2025-02-28,Google Ads,Search_Brand,355.48,7793,76,3
2025-02-28,Google Ads,Shopping_Ads,3452.15,4632,109,1
2025-02-28,Meta Ads,FB_Prospecting,4511.22,6032,209,10
2025-02-28,Meta Ads,IG_Retarget,2457.33,4108,95,7
2025-02-28,Meta Ads,FB_Lookalike,1523.9,2484,35,0
2025-02-28,YouTube Ads,YT_Skippable,5762.63,7342,182,12
2025-02-28,YouTube Ads,YT_Bumper,1521.97,5065,126,5
2025-02-28,Email,Weekly_Newsletter,3390.22,16435,316,4
2025-02-28,Email,Cart_Recovery,1551.46,1515,49,1
2025-02-28,Organic Search,SEO_Category,100.65,4768,129,2
2025-02-28,Affiliate,Affiliate_Network_A,872.36,4982,83,2
2025-02-28,Referral,Referral_Program,245.77,5159,116,5
2025-02-28,Direct,Direct_Traffic,249.33,7586,63,1
2025-03-01,Google Ads,Search_Brand,824.25,7424,123,9
2025-03-01,Google Ads,Search_Generic,2773.44,2775,69,4
2025-03-01,Google Ads,Shopping_Ads,538.25,1165,25,1
2025-03-01,Google Ads,Display_Retarget,3876.0,8077,320,9
2025-03-01,Meta Ads,IG_Retarget,1535.82,6586,107,3
2025-03-01,Meta Ads,FB_Lookalike,5755.04,5999,176,2
2025-03-01,YouTube Ads,YT_Skippable,784.42,3598,84,2
2025-03-01,Email,Weekly_Newsletter,3853.35,11156,329,20
2025-03-01,Email,Cart_Recovery,1317.16,1526,42,3
2025-03-01,Email,Win_Back,5465.87,16034,200,3
2025-03-01,Organic Search,SEO_Category,218.41,5689,134,1
2025-03-01,Referral,Referral_Program,223.22,3849,89,1
2025-03-01,Direct,Direct_Traffic,74.16,2508,54,2
2025-03-02,Google Ads,Search_Brand,5829.29,5023,164,9
2025-03-02,Google Ads,Search_Generic,8213.44,7800,269,5
2025-03-02,Google Ads,Display_Retarget,2878.34,6012,217,10
2025-03-02,Meta Ads,FB_Prospecting,970.5,6139,213,12
2025-03-02,Meta Ads,IG_Retarget,2184.38,6557,128,3
2025-03-02,Meta Ads,FB_Lookalike,2979.29,9941,266,13
2025-03-02,YouTube Ads,YT_Skippable,877.92,1638,21,0
2025-03-02,YouTube Ads,YT_Bumper,425.24,7205,83,3
2025-03-02,Email,Weekly_Newsletter,1458.42,960,35,2
2025-03-02,Email,Cart_Recovery,6115.68,6989,167,12
2025-03-02,Email,Win_Back,9246.61,13436,210,5
2025-03-02,Affiliate,Affiliate_Network_A,1066.99,5007,198,7
2025-03-02,Affiliate,Affiliate_Network_B,2132.83,10615,64,4
2025-03-02,Referral,Referral_Program,330.58,4192,120,6
2025-03-02,Direct,Direct_Traffic,458.28,5240,195,6
2025-03-03,Google Ads,Shopping_Ads,2546.74,16350,515,24
2025-03-03,Google Ads,Display_Retarget,4018.86,4432,156,8
2025-03-03,Meta Ads,IG_Retarget,191.83,954,39,0
2025-03-03,Meta Ads,FB_Lookalike,2276.97,3278,58,2
2025-03-03,YouTube Ads,YT_Skippable,19446.26,12114,491,10
2025-03-03,YouTube Ads,YT_Bumper,1635.87,3080,59,3
2025-03-03,Email,Cart_Recovery,1381.89,1044,38,3
2025-03-03,Email,Win_Back,2037.59,6062,79,0
2025-03-03,Organic Search,SEO_Blog,207.89,7926,188,9
2025-03-03,Organic Search,SEO_Category,392.53,5214,100,2
2025-03-03,Affiliate,Affiliate_Network_A,23985.45,21201,597,23
2025-03-03,Affiliate,Affiliate_Network_B,764.72,7252,227,3
2025-03-03,Referral,Referral_Program,57.76,4519,91,4
2025-03-03,Direct,Direct_Traffic,228.43,1120,49,1
2025-03-04,Google Ads,Search_Generic,44.06,1192,9,0
2025-03-04,Google Ads,Shopping_Ads,4070.42,5146,130,4
2025-03-04,Meta Ads,FB_Lookalike,3418.86,4357,140,2
2025-03-04,YouTube Ads,YT_Skippable,5213.0,5807,116,4
2025-03-04,YouTube Ads,YT_Bumper,2508.62,7253,246,9
2025-03-04,Email,Cart_Recovery,2971.27,4528,116,1
2025-03-04,Organic Search,SEO_Category,287.48,13365,492,11
2025-03-04,Affiliate,Affiliate_Network_A,1148.67,3651,54,1
2025-03-04,Affiliate,Affiliate_Network_B,26593.59,17163,646,51
2025-03-04,Referral,Referral_Program,446.38,6014,80,2
2025-03-05,Google Ads,Search_Brand,1047.87,3197,74,0
2025-03-05,Google Ads,Search_Generic,2705.04,4776,209,12
2025-03-05,Google Ads,Shopping_Ads,1708.89,3303,51,0
2025-03-05,Google Ads,Display_Retarget,8463.14,5744,198,11
2025-03-05,Meta Ads,FB_Prospecting,6563.44,7064,246,3
2025-03-05,Meta Ads,IG_Retarget,1689.13,8698,176,10
2025-03-05,Meta Ads,FB_Lookalike,1454.39,5195,178,12
2025-03-05,YouTube Ads,YT_Skippable,3673.32,7636,107,1
2025-03-05,YouTube Ads,YT_Bumper,7851.78,17775,235,13
2025-03-05,Email,Weekly_Newsletter,3349.9,6836,283,9
2025-03-05,Email,Win_Back,934.91,3994,110,7
2025-03-05,Organic Search,SEO_Blog,178.47,5786,39,1
2025-03-05,Organic Search,SEO_Category,135.02,9317,200,8
2025-03-05,Affiliate,Affiliate_Network_A,460.42,1057,21,1
2025-03-05,Affiliate,Affiliate_Network_B,10483.52,12304,463,8
2025-03-05,Referral,Referral_Program,239.1,9928,130,5
2025-03-06,Google Ads,Search_Brand,5052.21,6833,122,8
2025-03-06,Meta Ads,FB_Lookalike,4552.21,16156,190,14
2025-03-06,Email,Weekly_Newsletter,8237.98,7759,267,15
2025-03-06,Email,Cart_Recovery,,4331,182,7
2025-03-06,Email,Win_Back,1009.22,6358,152,11
2025-03-06,Organic Search,SEO_Category,344.9,4205,145,1
2025-03-06,Affiliate,Affiliate_Network_B,5745.66,7340,132,2
2025-03-06,Referral,Referral_Program,355.5,2998,82,5
2025-03-06,Direct,Direct_Traffic,222.29,7063,215,3
2025-03-07,Google Ads,Search_Brand,5155.9,13867,368,22
2025-03-07,Google Ads,Shopping_Ads,4339.48,8452,216,7
2025-03-07,Google Ads,Display_Retarget,14673.67,19010,343,16
2025-03-07,Meta Ads,IG_Retarget,2496.77,4645,76,4
2025-03-07,Meta Ads,FB_Lookalike,6780.15,12926,372,20
2025-03-07,Email,Cart_Recovery,,2565,52,3
2025-03-07,Email,Win_Back,177.16,2043,12,0
2025-03-07,Organic Search,SEO_Blog,221.3,8234,115,2
2025-03-07,Organic Search,SEO_Category,392.81,971,17,0
2025-03-07,Affiliate,Affiliate_Network_A,1753.4,2940,56,2
2025-03-07,Affiliate,Affiliate_Network_B,676.27,4833,192,8
2025-03-07,Referral,Referral_Program,360.23,7214,236,10
2025-03-07,Direct,Direct_Traffic,203.96,692,11,0
2025-03-08,Google Ads,Search_Brand,2326.38,4100,58,2
2025-03-08,Google Ads,Shopping_Ads,2522.03,12945,270,20
2025-03-08,Google Ads,Display_Retarget,667.3,673,19,1
2025-03-08,Meta Ads,FB_Prospecting,3710.78,17543,120,1
2025-03-08,Meta Ads,IG_Retarget,3800.83,2475,104,1
2025-03-08,Meta Ads,FB_Lookalike,634.88,3273,36,1
2025-03-08,YouTube Ads,YT_Bumper,2110.01,7740,100,6
2025-03-08,Email,Cart_Recovery,676.51,1269,43,2
2025-03-08,Organic Search,SEO_Category,206.95,6565,294,21
2025-03-08,Affiliate,Affiliate_Network_A,6884.94,7144,162,10
2025-03-08,Affiliate,Affiliate_Network_B,16256.0,13205,421,17
2025-03-08,Direct,Direct_Traffic,33.14,8780,161,6
2025-03-09,Google Ads,Search_Brand,2564.91,6914,114,5
2025-03-09,Google Ads,Shopping_Ads,2309.08,12536,466,15
2025-03-09,Google Ads,Display_Retarget,808.21,4952,130,3
2025-03-09,Meta Ads,FB_Prospecting,9995.69,6821,293,13
2025-03-09,Meta Ads,IG_Retarget,12890.49,11717,325,4
2025-03-09,YouTube Ads,YT_Skippable,2847.21,4301,110,8
2025-03-09,YouTube Ads,YT_Bumper,2623.8,3434,111,7
2025-03-09,Email,Weekly_Newsletter,,16532,737,26
2025-03-09,Email,Cart_Recovery,8950.46,6348,209,7
2025-03-09,Email,Win_Back,13238.68,12457,335,26
2025-03-09,Affiliate,Affiliate_Network_A,9877.51,6681,294,3
2025-03-09,Direct,Direct_Traffic,120.6,4072,80,5
2025-03-10,Google Ads,Search_Brand,2887.85,15708,106,6
2025-03-10,Google Ads,Search_Generic,4282.51,6773,130,2
2025-03-10,Google Ads,Display_Retarget,13385.86,7935,354,27
2025-03-10,Meta Ads,IG_Retarget,3767.95,10640,139,3
2025-03-10,YouTube Ads,YT_Skippable,1660.1,2948,42,2
2025-03-10,YouTube Ads,YT_Bumper,1098.36,1339,31,1
2025-03-10,Email,Weekly_Newsletter,1390.21,1481,37,2
2025-03-10,Email,Win_Back,1682.64,6143,236,15
2025-03-10,Organic Search,SEO_Blog,495.8,1146,7,0
2025-03-10,Organic Search,SEO_Category,229.55,7764,171,10
2025-03-10,Affiliate,Affiliate_Network_B,2330.88,5513,99,1
2025-03-10,Direct,Direct_Traffic,376.58,6884,128,10
2025-03-11,Google Ads,Search_Brand,2266.15,7573,52,2
2025-03-11,Google Ads,Search_Generic,6249.02,8129,294,3
2025-03-11,Google Ads,Shopping_Ads,3965.72,10364,420,4
2025-03-11,Google Ads,Display_Retarget,17775.74,9910,430,20
2025-03-11,Meta Ads,FB_Prospecting,3189.27,8921,104,7
2025-03-11,Meta Ads,IG_Retarget,4321.79,10508,182,3
2025-03-11,Email,Weekly_Newsletter,3642.59,4876,148,4
2025-03-11,Email,Cart_Recovery,1931.54,3943,75,1
2025-03-11,Email,Win_Back,1377.24,5013,79,5
2025-03-11,Organic Search,SEO_Blog,162.32,922,21,1
2025-03-11,Organic Search,SEO_Category,177.07,3549,44,3
2025-03-11,Affiliate,Affiliate_Network_A,2304.36,1642,61,0
2025-03-11,Affiliate,Affiliate_Network_B,6357.22,6665,160,2
2025-03-11,Direct,Direct_Traffic,478.68,7004,223,11
2025-03-12,Google Ads,Search_Brand,185.89,1940,12,0
2025-03-12,Google Ads,Search_Generic,12784.93,10366,365,26
2025-03-12,Google Ads,Shopping_Ads,2026.21,4076,72,5
2025-03-12,Google Ads,Display_Retarget,7533.74,6624,270,18
2025-03-12,Meta Ads,IG_Retarget,2564.37,2786,116,6
2025-03-12,Meta Ads,FB_Lookalike,1694.24,10553,181,11
2025-03-12,YouTube Ads,YT_Bumper,710.91,826,17,0
2025-03-12,Email,Weekly_Newsletter,6298.52,6312,144,2
2025-03-12,Email,Cart_Recovery,1039.84,9449,72,2
2025-03-12,Email,Win_Back,3820.9,6798,179,4
2025-03-12,Organic Search,SEO_Blog,63.12,3640,124,1
2025-03-12,Organic Search,SEO_Category,240.74,1738,16,0
2025-03-12,Affiliate,Affiliate_Network_A,890.44,2124,30,2
2025-03-12,Affiliate,Affiliate_Network_B,1397.22,2454,53,4
2025-03-12,Referral,Referral_Program,226.29,8558,308,4
2025-03-12,Direct,Direct_Traffic,7.41,9984,268,19
2025-03-13,Google Ads,Search_Brand,625.89,6177,98,2
2025-03-13,Google Ads,Display_Retarget,2104.29,8078,127,9
2025-03-13,Meta Ads,FB_Prospecting,,3403,20,0
2025-03-13,Meta Ads,IG_Retarget,3663.61,6897,165,6
2025-03-13,YouTube Ads,YT_Skippable,2613.35,3195,95,5
2025-03-13,Email,Weekly_Newsletter,1668.19,3835,152,11
2025-03-13,Email,Win_Back,9468.2,7033,274,14
2025-03-13,Organic Search,SEO_Category,280.18,810,7,0
2025-03-13,Affiliate,Affiliate_Network_A,2692.7,4287,61,4
2025-03-13,Affiliate,Affiliate_Network_B,4177.7,2722,109,1
2025-03-13,Referral,Referral_Program,483.33,4969,53,2
2025-03-13,Direct,Direct_Traffic,150.17,5599,74,3
2025-03-14,Google Ads,Shopping_Ads,525.48,1458,21,0
2025-03-14,Google Ads,Display_Retarget,665.27,1182,40,1
2025-03-14,Meta Ads,IG_Retarget,1749.36,4078,161,8
2025-03-14,Meta Ads,FB_Lookalike,4160.8,13784,172,8
2025-03-14,YouTube Ads,YT_Skippable,2789.11,8146,301,23
2025-03-14,YouTube Ads,YT_Bumper,8696.95,13359,254,10
2025-03-14,Email,Weekly_Newsletter,210.98,1966,39,3
2025-03-14,Email,Win_Back,3931.89,3279,130,2
2025-03-14,Organic Search,SEO_Blog,486.23,8963,52,1
2025-03-14,Affiliate,Affiliate_Network_A,594.11,405,14,0
2025-03-14,Affiliate,Affiliate_Network_B,4818.33,7325,171,13
2025-03-14,Referral,Referral_Program,103.72,7020,123,5
2025-03-14,Direct,Direct_Traffic,452.99,5095,179,4
2025-03-15,Google Ads,Search_Brand,2346.94,5466,89,5
2025-03-15,Google Ads,Search_Generic,1344.62,4957,150,10
2025-03-15,Google Ads,Shopping_Ads,1692.56,9811,289,3
2025-03-15,Google Ads,Display_Retarget,925.89,1617,24,0
2025-03-15,Meta Ads,IG_Retarget,1265.17,3431,58,4
2025-03-15,YouTube Ads,YT_Skippable,2314.19,2392,69,1
2025-03-15,YouTube Ads,YT_Bumper,7237.84,18751,276,20
2025-03-15,Email,Cart_Recovery,4837.67,5050,189,2
2025-03-15,Email,Win_Back,535.1,3364,144,7
2025-03-15,Organic Search,SEO_Category,166.93,19308,108,6
2025-03-15,Affiliate,Affiliate_Network_A,10452.0,11370,454,6
2025-03-15,Referral,Referral_Program,396.45,5202,184,1
2025-03-15,Direct,Direct_Traffic,114.24,6472,39,2
2025-03-16,Google Ads,Search_Brand,2254.11,3368,90,4
2025-03-16,Google Ads,Display_Retarget,14665.22,8043,349,18
2025-03-16,Meta Ads,FB_Prospecting,9577.67,14078,231,9
2025-03-16,Meta Ads,IG_Retarget,5002.17,7901,195,11
2025-03-16,Meta Ads,FB_Lookalike,1116.34,4002,56,2
2025-03-16,YouTube Ads,YT_Bumper,5346.63,4461,120,2
2025-03-16,Email,Cart_Recovery,347.09,3956,55,3
2025-03-16,Email,Win_Back,11225.6,9462,309,4
2025-03-16,Organic Search,SEO_Blog,2.39,2336,72,3
2025-03-16,Organic Search,SEO_Category,216.89,17323,717,45
2025-03-16,Affiliate,Affiliate_Network_B,733.87,1353,29,2
2025-03-17,Google Ads,Search_Brand,11711.35,9889,436,25
2025-03-17,Google Ads,Search_Generic,3006.56,15576,558,34
2025-03-17,Google Ads,Shopping_Ads,3159.75,12250,140,3
2025-03-17,Meta Ads,IG_Retarget,1089.33,9112,105,5
2025-03-17,YouTube Ads,YT_Skippable,4016.7,6400,212,14
2025-03-17,YouTube Ads,YT_Bumper,545.93,5085,178,8
2025-03-17,Email,Weekly_Newsletter,408.82,1493,11,0
2025-03-17,Email,Cart_Recovery,2614.91,2168,61,2
2025-03-17,Email,Win_Back,2713.17,2554,90,2
2025-03-17,Organic Search,SEO_Category,92.12,3741,165,7
2025-03-17,Affiliate,Affiliate_Network_A,72.79,1163,17,1
2025-03-17,Direct,Direct_Traffic,122.06,11601,298,16
2025-03-18,Google Ads,Search_Brand,64.17,306,3,0
2025-03-18,Google Ads,Search_Generic,277.61,1231,23,0
2025-03-18,Google Ads,Shopping_Ads,1028.38,4386,119,4
2025-03-18,Google Ads,Display_Retarget,1522.71,7467,199,8
2025-03-18,Meta Ads,IG_Retarget,1408.82,2196,33,1
2025-03-18,Meta Ads,FB_Lookalike,7843.12,8015,289,19
2025-03-18,YouTube Ads,YT_Bumper,597.78,5024,181,2
2025-03-18,Email,Weekly_Newsletter,2143.44,7140,179,9
2025-03-18,Email,Cart_Recovery,914.53,8211,66,1
2025-03-18,Email,Win_Back,1003.03,4008,67,2
2025-03-18,Organic Search,SEO_Category,276.17,2747,79,5
2025-03-18,Affiliate,Affiliate_Network_B,485.31,1692,62,4
2025-03-18,Referral,Referral_Program,241.7,2515,27,1
2025-03-18,Direct,Direct_Traffic,313.71,17798,457,16
2025-03-19,Google Ads,Search_Brand,1738.28,6046,108,8
2025-03-19,Google Ads,Search_Generic,5630.06,6288,135,8
2025-03-19,Google Ads,Shopping_Ads,1096.93,6250,250,8
2025-03-19,Google Ads,Display_Retarget,2435.81,12940,382,18
2025-03-19,Meta Ads,FB_Prospecting,698.86,1554,62,4
2025-03-19,Meta Ads,IG_Retarget,2139.44,2985,129,9
2025-03-19,Meta Ads,FB_Lookalike,3244.56,2513,98,2
2025-03-19,YouTube Ads,YT_Skippable,1283.38,6170,46,3
2025-03-19,Email,Weekly_Newsletter,343.69,1442,12,0
2025-03-19,Email,Win_Back,556.45,7996,118,8
2025-03-19,Organic Search,SEO_Blog,293.93,2273,94,3
2025-03-19,Affiliate,Affiliate_Network_A,4099.5,5332,166,12
2025-03-19,Affiliate,Affiliate_Network_B,429.65,530,19,0
2025-03-19,Referral,Referral_Program,24.97,4783,208,3
2025-03-19,Direct,Direct_Traffic,128.91,5119,218,4
2025-03-20,Google Ads,Display_Retarget,1263.9,1343,42,2
2025-03-20,Meta Ads,IG_Retarget,3577.63,6203,137,9
2025-03-20,Meta Ads,FB_Lookalike,6794.08,7172,279,4
2025-03-20,YouTube Ads,YT_Skippable,4777.18,7115,198,9
2025-03-20,YouTube Ads,YT_Bumper,5960.48,3983,143,5
2025-03-20,Email,Weekly_Newsletter,566.08,2019,21,0
2025-03-20,Email,Cart_Recovery,2432.14,6981,74,1
2025-03-20,Email,Win_Back,5233.76,5705,122,4
2025-03-20,Organic Search,SEO_Blog,363.69,6160,204,2
2025-03-20,Affiliate,Affiliate_Network_B,1248.7,2181,57,2
2025-03-20,Referral,Referral_Program,369.35,7713,117,8
2025-03-20,Direct,Direct_Traffic,120.83,2529,23,0
2025-03-21,Google Ads,Search_Brand,641.92,2000,48,0
2025-03-21,Google Ads,Shopping_Ads,,679,24,1
2025-03-21,Google Ads,Display_Retarget,179.2,8873,58,4
2025-03-21,Meta Ads,FB_Prospecting,1914.0,2282,47,1
2025-03-21,Meta Ads,FB_Lookalike,1935.3,2347,91,5
2025-03-21,YouTube Ads,YT_Skippable,223.18,342,6,0
2025-03-21,YouTube Ads,YT_Bumper,2478.87,5065,147,3
2025-03-21,Email,Weekly_Newsletter,188.12,502,22,1
2025-03-21,Email,Cart_Recovery,905.12,7775,39,1
2025-03-21,Email,Win_Back,855.88,3288,26,1
2025-03-21,Organic Search,SEO_Blog,317.01,3455,64,3
2025-03-21,Direct,Direct_Traffic,420.39,1348,41,0
2025-03-22,Google Ads,Display_Retarget,8206.21,10725,416,4
2025-03-22,Meta Ads,FB_Prospecting,15008.76,13326,595,6
2025-03-22,Meta Ads,IG_Retarget,2750.57,3114,134,2
2025-03-22,YouTube Ads,YT_Skippable,7142.01,6573,181,4
2025-03-22,Email,Win_Back,1689.48,2546,54,2
2025-03-22,Organic Search,SEO_Blog,70.92,2864,60,4
2025-03-22,Organic Search,SEO_Category,167.64,6695,204,10
2025-03-22,Affiliate,Affiliate_Network_A,6691.61,11651,397,11
2025-03-22,Affiliate,Affiliate_Network_B,3473.73,11848,266,12
2025-03-22,Direct,Direct_Traffic,471.49,1323,39,3
2025-03-23,Google Ads,Search_Brand,3200.57,3170,128,7
2025-03-23,Google Ads,Search_Generic,1664.42,2880,126,7
2025-03-23,Google Ads,Display_Retarget,13450.46,12564,299,18
2025-03-23,Meta Ads,FB_Prospecting,10184.55,13265,247,2
2025-03-23,YouTube Ads,YT_Bumper,2579.32,3920,63,1
2025-03-23,Email,Weekly_Newsletter,367.1,4852,60,4
2025-03-23,Email,Win_Back,1384.34,2827,67,1
2025-03-23,Organic Search,SEO_Category,372.43,2211,26,1
2025-03-23,Affiliate,Affiliate_Network_A,11635.89,8892,265,19
2025-03-23,Affiliate,Affiliate_Network_B,665.23,2915,21,0
2025-03-23,Referral,Referral_Program,447.32,1465,17,1
2025-03-24,Google Ads,Search_Brand,9695.62,10546,470,29
2025-03-24,Google Ads,Shopping_Ads,4155.79,12437,353,7
2025-03-24,Google Ads,Display_Retarget,169.6,1645,49,3
2025-03-24,Meta Ads,FB_Prospecting,567.33,3438,127,3
2025-03-24,Email,Cart_Recovery,1008.0,2798,38,3
2025-03-24,Email,Win_Back,1606.61,5096,39,0
2025-03-24,Organic Search,SEO_Blog,367.51,2915,115,6
2025-03-24,Organic Search,SEO_Category,246.59,371,4,0
2025-03-24,Affiliate,Affiliate_Network_B,720.99,1305,38,1
2025-03-24,Referral,Referral_Program,88.79,3427,76,3
2025-03-24,Direct,Direct_Traffic,404.46,8264,203,11
2025-03-25,Google Ads,Search_Brand,6229.89,3932,156,6
2025-03-25,Google Ads,Search_Generic,1276.67,4130,103,4
2025-03-25,Meta Ads,FB_Prospecting,15094.45,16363,585,17
2025-03-25,Meta Ads,IG_Retarget,39.52,147,3,0
2025-03-25,Meta Ads,FB_Lookalike,1540.73,4908,46,2
2025-03-25,YouTube Ads,YT_Skippable,906.08,4071,111,4
2025-03-25,YouTube Ads,YT_Bumper,1674.0,6134,146,3
2025-03-25,Email,Weekly_Newsletter,1950.12,4096,160,9
2025-03-25,Email,Cart_Recovery,7358.1,3820,168,1
2025-03-25,Email,Win_Back,1564.6,3518,44,1
2025-03-25,Affiliate,Affiliate_Network_B,2523.0,5653,158,11
2025-03-25,Referral,Referral_Program,330.49,4191,48,3
2025-03-25,Direct,Direct_Traffic,356.47,4775,178,14
2025-03-26,Google Ads,Display_Retarget,2182.16,6659,279,19
2025-03-26,Meta Ads,FB_Prospecting,1154.23,8055,72,5
2025-03-26,Meta Ads,IG_Retarget,10784.49,10338,423,25
2025-03-26,Meta Ads,FB_Lookalike,1732.42,2941,39,0
2025-03-26,Email,Win_Back,1425.17,1620,33,0
2025-03-26,Organic Search,SEO_Blog,472.03,2702,102,2
2025-03-26,Organic Search,SEO_Category,207.07,12186,291,12
2025-03-26,Affiliate,Affiliate_Network_A,3508.74,15838,397,17
2025-03-27,Google Ads,Search_Brand,860.3,4925,62,2
2025-03-27,Google Ads,Search_Generic,3236.69,9112,195,15
2025-03-27,Google Ads,Shopping_Ads,8326.16,7479,233,17
2025-03-27,Google Ads,Display_Retarget,12927.15,10814,435,4
2025-03-27,Meta Ads,FB_Prospecting,7117.53,7023,253,9
2025-03-27,Meta Ads,IG_Retarget,1718.33,5633,56,3
2025-03-27,Meta Ads,FB_Lookalike,3115.87,2540,107,7
2025-03-27,YouTube Ads,YT_Skippable,2672.58,8723,220,2
2025-03-27,YouTube Ads,YT_Bumper,730.13,5406,86,6
2025-03-27,Email,Weekly_Newsletter,2776.09,3981,87,2
2025-03-27,Email,Cart_Recovery,1985.57,2704,74,1
2025-03-27,Email,Win_Back,1466.29,4479,62,2
2025-03-27,Referral,Referral_Program,467.4,2908,127,2
2025-03-27,Direct,Direct_Traffic,34.44,4275,111,7
2025-03-28,Google Ads,Search_Brand,13107.64,10475,392,29
2025-03-28,Google Ads,Search_Generic,185.11,1954,19,0
2025-03-28,Google Ads,Shopping_Ads,10152.36,22304,311,21
2025-03-28,Google Ads,Display_Retarget,945.75,3873,143,3
2025-03-28,Meta Ads,IG_Retarget,1458.1,5000,132,7
2025-03-28,Meta Ads,FB_Lookalike,4547.88,8093,131,9
2025-03-28,YouTube Ads,YT_Skippable,449.58,1998,43,2
2025-03-28,Email,Weekly_Newsletter,25.04,104,1,0
2025-03-28,Email,Cart_Recovery,5761.06,15844,655,45
2025-03-28,Email,Win_Back,3805.06,10291,100,2
2025-03-28,Organic Search,SEO_Blog,476.77,9155,268,5
2025-03-28,Organic Search,SEO_Category,368.55,33433,948,52
2025-03-28,Affiliate,Affiliate_Network_A,748.93,3918,23,0
2025-03-28,Affiliate,Affiliate_Network_B,2446.89,1869,55,1
2025-03-28,Referral,Referral_Program,200.42,1684,55,4
2025-03-28,Direct,Direct_Traffic,215.85,3525,69,0
2025-03-29,Google Ads,Shopping_Ads,1570.07,3711,35,1
2025-03-29,Google Ads,Display_Retarget,5752.18,6711,279,5
2025-03-29,Meta Ads,FB_Prospecting,9073.42,5037,214,14
2025-03-29,Meta Ads,IG_Retarget,6543.11,5857,186,14
2025-03-29,Meta Ads,FB_Lookalike,767.52,8576,243,16
2025-03-29,YouTube Ads,YT_Skippable,1708.01,4113,168,12
2025-03-29,YouTube Ads,YT_Bumper,1695.15,2113,38,1
2025-03-29,Email,Weekly_Newsletter,2802.86,3309,134,10
2025-03-29,Email,Win_Back,481.45,3151,30,2
2025-03-29,Affiliate,Affiliate_Network_A,3122.26,4268,88,5
2025-03-29,Affiliate,Affiliate_Network_B,7119.52,11052,187,8
2025-03-29,Referral,Referral_Program,496.83,14026,316,20
2025-03-29,Direct,Direct_Traffic,321.37,9948,414,13
2025-03-30,Google Ads,Shopping_Ads,471.42,4248,70,5
2025-03-30,Google Ads,Display_Retarget,2709.27,2724,119,2
2025-03-30,Meta Ads,FB_Prospecting,2587.85,3504,144,2
2025-03-30,Meta Ads,IG_Retarget,5091.28,6845,287,13
2025-03-30,Meta Ads,FB_Lookalike,849.91,5538,226,9
2025-03-30,Email,Weekly_Newsletter,1107.35,4082,75,5
2025-03-30,Email,Cart_Recovery,735.05,5713,39,2
2025-03-30,Organic Search,SEO_Category,55.29,5342,200,10
2025-03-30,Affiliate,Affiliate_Network_A,,14728,538,8
2025-03-30,Affiliate,Affiliate_Network_B,6756.99,3899,169,4
2025-03-30,Referral,Referral_Program,270.46,7799,55,2
2025-03-31,Google Ads,Search_Brand,2245.62,7290,254,12
2025-03-31,Google Ads,Shopping_Ads,1626.95,2443,58,3
2025-03-31,Google Ads,Display_Retarget,310.14,1234,11,0
2025-03-31,Meta Ads,IG_Retarget,1085.3,2993,125,3
2025-03-31,Meta Ads,FB_Lookalike,4637.98,5851,194,10
2025-03-31,YouTube Ads,YT_Bumper,797.04,4256,55,4
2025-03-31,Organic Search,SEO_Blog,158.58,640,22,1
2025-03-31,Affiliate,Affiliate_Network_A,4776.66,4089,140,6
2025-04-01,Google Ads,Search_Brand,763.55,8892,113,4
2025-04-01,Google Ads,Search_Generic,124.41,1351,21,0
2025-04-01,Google Ads,Display_Retarget,3648.02,11765,98,6
2025-04-01,Meta Ads,IG_Retarget,1676.5,3273,60,4
2025-04-01,YouTube Ads,YT_Bumper,2533.89,2156,93,6
2025-04-01,Email,Weekly_Newsletter,269.37,3524,30,1
2025-04-01,Email,Win_Back,11295.63,10249,326,17
2025-04-01,Organic Search,SEO_Blog,286.5,3782,76,1
2025-04-01,Organic Search,SEO_Category,431.9,514,12,0
2025-04-01,Affiliate,Affiliate_Network_A,1123.46,3991,140,8
2025-04-01,Affiliate,Affiliate_Network_B,15033.02,18474,767,34
2025-04-01,Direct,Direct_Traffic,196.58,7473,52,4
2025-04-02,Google Ads,Search_Brand,1115.79,2659,64,1
2025-04-02,Google Ads,Shopping_Ads,877.87,4270,142,4
2025-04-02,Google Ads,Display_Retarget,1046.93,2864,107,7
2025-04-02,Meta Ads,FB_Prospecting,4389.43,3519,139,10
2025-04-02,Meta Ads,IG_Retarget,9557.77,13552,227,3
2025-04-02,Meta Ads,FB_Lookalike,1162.09,3305,73,0
2025-04-02,YouTube Ads,YT_Skippable,2890.18,2981,76,3
2025-04-02,YouTube Ads,YT_Bumper,,3928,91,6
2025-04-02,Email,Weekly_Newsletter,,7221,135,7
2025-04-02,Email,Cart_Recovery,3059.2,6316,273,17
2025-04-02,Organic Search,SEO_Category,344.91,8825,374,9
2025-04-02,Referral,Referral_Program,31.22,5046,218,15
2025-04-03,Google Ads,Search_Brand,917.57,7259,37,1
2025-04-03,Google Ads,Search_Generic,588.73,3842,50,2
2025-04-03,Google Ads,Display_Retarget,1010.22,10704,281,12
2025-04-03,Meta Ads,FB_Prospecting,7925.35,5940,189,11
2025-04-03,Meta Ads,IG_Retarget,1055.33,14615,92,1
2025-04-03,Meta Ads,FB_Lookalike,3823.85,3368,136,2
2025-04-03,YouTube Ads,YT_Skippable,3012.06,5023,112,7
2025-04-03,YouTube Ads,YT_Bumper,1703.78,7961,54,1
2025-04-03,Email,Weekly_Newsletter,3659.13,3925,82,3
2025-04-03,Email,Cart_Recovery,1642.91,5457,69,1
2025-04-03,Email,Win_Back,1718.63,10937,116,8
2025-04-03,Organic Search,SEO_Blog,489.1,8379,212,4
2025-04-03,Organic Search,SEO_Category,103.19,1603,51,0
2025-04-03,Affiliate,Affiliate_Network_A,3325.33,4049,91,2
2025-04-04,Google Ads,Search_Brand,,8851,44,3
2025-04-04,Google Ads,Search_Generic,40.52,320,4,0
2025-04-04,Google Ads,Shopping_Ads,5573.31,11756,519,14
2025-04-04,Meta Ads,FB_Prospecting,3803.84,4491,96,1
2025-04-04,Meta Ads,FB_Lookalike,518.41,909,15,0
2025-04-04,YouTube Ads,YT_Skippable,4735.6,6293,197,12
2025-04-04,YouTube Ads,YT_Bumper,1531.87,3700,38,3
2025-04-04,Email,Weekly_Newsletter,205.62,1241,10,0
2025-04-04,Email,Win_Back,361.44,10128,53,1
2025-04-04,Organic Search,SEO_Category,377.13,7015,301,14
2025-04-04,Affiliate,Affiliate_Network_A,161.2,1766,16,0
2025-04-04,Referral,Referral_Program,1.65,3173,127,10
2025-04-04,Direct,Direct_Traffic,215.1,5455,150,9
2025-04-05,Google Ads,Search_Brand,450.64,4466,79,5
2025-04-05,Google Ads,Shopping_Ads,910.29,1482,46,0
2025-04-05,Google Ads,Display_Retarget,818.07,6404,201,12
2025-04-05,Meta Ads,IG_Retarget,1626.35,2667,59,1
2025-04-05,Meta Ads,FB_Lookalike,9234.03,18503,492,34
2025-04-05,YouTube Ads,YT_Bumper,5243.29,5123,142,4
2025-04-05,Organic Search,SEO_Blog,89.19,6459,258,9
2025-04-05,Organic Search,SEO_Category,86.47,1197,11,0
2025-04-05,Affiliate,Affiliate_Network_B,1818.7,7244,157,8
2025-04-06,Google Ads,Search_Generic,,4131,131,8
2025-04-06,Google Ads,Display_Retarget,463.61,6555,70,2
2025-04-06,Meta Ads,FB_Prospecting,5976.09,3944,149,9
2025-04-06,Meta Ads,IG_Retarget,1844.47,1788,44,1
2025-04-06,YouTube Ads,YT_Skippable,2514.99,5303,215,13
2025-04-06,YouTube Ads,YT_Bumper,4699.7,5921,135,6
2025-04-06,Email,Weekly_Newsletter,4355.02,6080,146,9
2025-04-06,Organic Search,SEO_Blog,111.99,7577,61,2
2025-04-06,Affiliate,Affiliate_Network_A,2578.92,2741,87,4
2025-04-06,Referral,Referral_Program,315.02,5487,134,6
2025-04-06,Direct,Direct_Traffic,,5196,181,13
2025-04-07,Google Ads,Search_Generic,6282.7,18224,220,10
2025-04-07,Google Ads,Shopping_Ads,6176.15,9475,228,9
2025-04-07,Meta Ads,IG_Retarget,5399.12,10847,402,4
2025-04-07,YouTube Ads,YT_Skippable,9031.98,13051,345,6
2025-04-07,YouTube Ads,YT_Bumper,16320.94,9807,416,19
2025-04-07,Email,Weekly_Newsletter,291.16,11583,64,1
2025-04-07,Email,Win_Back,5066.45,5058,196,11
2025-04-07,Organic Search,SEO_Blog,432.12,5511,113,4
2025-04-07,Organic Search,SEO_Category,179.68,5099,188,4
2025-04-07,Affiliate,Affiliate_Network_B,9633.05,8913,265,5
2025-04-07,Direct,Direct_Traffic,34.36,7325,188,6
2025-04-08,Google Ads,Search_Brand,13305.81,17270,429,5
2025-04-08,Google Ads,Search_Generic,1739.87,3454,56,3
2025-04-08,Google Ads,Shopping_Ads,54.85,954,4,0
2025-04-08,Google Ads,Display_Retarget,3839.29,2658,101,2
2025-04-08,Meta Ads,FB_Prospecting,7313.04,9369,182,9
2025-04-08,Meta Ads,IG_Retarget,5721.63,4105,145,2
2025-04-08,Meta Ads,FB_Lookalike,3448.4,12781,368,20
2025-04-08,YouTube Ads,YT_Skippable,840.53,7417,72,1
2025-04-08,YouTube Ads,YT_Bumper,4144.88,10909,122,2
2025-04-08,Email,Cart_Recovery,469.94,5641,81,5
2025-04-08,Organic Search,SEO_Blog,440.99,4205,84,5
2025-04-08,Organic Search,SEO_Category,422.87,5541,110,4
2025-04-08,Affiliate,Affiliate_Network_A,188.77,4395,53,2
2025-04-08,Affiliate,Affiliate_Network_B,3145.05,2469,87,3
2025-04-08,Referral,Referral_Program,293.4,949,11,0
2025-04-09,Google Ads,Search_Brand,22122.36,11148,496,20
2025-04-09,Google Ads,Search_Generic,4189.25,9992,109,3
2025-04-09,Google Ads,Shopping_Ads,653.45,1725,66,4
2025-04-09,Meta Ads,FB_Prospecting,10534.78,19025,374,19
2025-04-09,Meta Ads,IG_Retarget,4391.37,6734,263,20
2025-04-09,Meta Ads,FB_Lookalike,1447.16,6685,50,2
2025-04-09,YouTube Ads,YT_Skippable,4918.06,6383,168,2
2025-04-09,YouTube Ads,YT_Bumper,1339.69,5765,163,10
2025-04-09,Email,Cart_Recovery,383.27,1913,11,0
2025-04-09,Email,Win_Back,4415.17,13816,155,10
2025-04-09,Organic Search,SEO_Blog,131.1,3538,94,4
2025-04-09,Organic Search,SEO_Category,357.47,10020,163,2
2025-04-09,Affiliate,Affiliate_Network_A,530.26,2875,69,1
2025-04-09,Affiliate,Affiliate_Network_B,2577.59,4333,60,3
2025-04-09,Referral,Referral_Program,382.33,8380,250,6
2025-04-09,Direct,Direct_Traffic,429.29,18052,587,24
2025-04-10,Google Ads,Search_Brand,8991.82,5765,211,3
2025-04-10,Google Ads,Search_Generic,606.04,4275,52,2
2025-04-10,Google Ads,Shopping_Ads,1928.23,2080,43,3
2025-04-10,Google Ads,Display_Retarget,,392,8,0
2025-04-10,Meta Ads,FB_Prospecting,923.16,921,35,0
2025-04-10,Meta Ads,IG_Retarget,4341.77,8431,145,7
2025-04-10,Meta Ads,FB_Lookalike,9897.58,8468,340,19
2025-04-10,YouTube Ads,YT_Bumper,1315.45,850,38,2
2025-04-10,Email,Weekly_Newsletter,391.34,5212,109,3
2025-04-10,Email,Cart_Recovery,12683.91,16874,600,28
2025-04-10,Affiliate,Affiliate_Network_B,1740.16,4365,88,3
2025-04-11,Google Ads,Search_Brand,3892.15,5406,196,9
2025-04-11,Google Ads,Shopping_Ads,2820.65,5951,125,3
2025-04-11,Google Ads,Display_Retarget,1285.21,3073,48,2
2025-04-11,Meta Ads,FB_Prospecting,386.08,2372,95,1
2025-04-11,Meta Ads,IG_Retarget,2852.5,4482,70,3
2025-04-11,YouTube Ads,YT_Skippable,4109.91,5381,173,13
2025-04-11,Email,Weekly_Newsletter,5244.36,8290,138,3
2025-04-11,Email,Cart_Recovery,968.18,2365,78,5
2025-04-11,Email,Win_Back,9866.47,18745,368,25
2025-04-11,Affiliate,Affiliate_Network_A,4262.37,4682,102,7
2025-04-11,Affiliate,Affiliate_Network_B,2706.77,10368,182,3
2025-04-11,Direct,Direct_Traffic,276.65,13988,329,22
2025-04-12,Google Ads,Search_Generic,1091.45,5656,64,1
2025-04-12,Google Ads,Display_Retarget,1687.89,2313,71,4
2025-04-12,Meta Ads,FB_Prospecting,2279.44,3086,75,4
2025-04-12,Meta Ads,FB_Lookalike,7180.1,7284,323,24
2025-04-12,YouTube Ads,YT_Skippable,2579.6,4588,92,4
2025-04-12,Email,Weekly_Newsletter,5916.01,15949,284,18
2025-04-12,Email,Cart_Recovery,14082.43,12422,347,16
2025-04-12,Email,Win_Back,452.16,2118,37,1
2025-04-12,Organic Search,SEO_Blog,344.12,5247,100,7
2025-04-12,Affiliate,Affiliate_Network_A,687.36,924,21,0
2025-04-12,Affiliate,Affiliate_Network_B,18269.39,15397,654,18
2025-04-12,Referral,Referral_Program,269.56,2981,97,3
2025-04-12,Direct,Direct_Traffic,9.3,4565,49,0
2025-04-13,Google Ads,Search_Brand,3737.11,10611,144,3
2025-04-13,Google Ads,Search_Generic,9649.29,8592,370,13
2025-04-13,Google Ads,Shopping_Ads,4407.97,6620,108,7
2025-04-13,Meta Ads,FB_Prospecting,5897.76,3133,134,5
2025-04-13,Meta Ads,IG_Retarget,8583.28,9468,246,3
2025-04-13,Meta Ads,FB_Lookalike,3252.01,5050,82,1
2025-04-13,YouTube Ads,YT_Skippable,1288.76,13731,93,6
2025-04-13,Email,Weekly_Newsletter,4031.86,4612,120,8
2025-04-13,Email,Cart_Recovery,3909.84,8007,92,4
2025-04-13,Email,Win_Back,211.72,2063,26,0
2025-04-13,Organic Search,SEO_Blog,110.03,11932,439,14
2025-04-13,Organic Search,SEO_Category,127.02,21906,272,19
2025-04-13,Affiliate,Affiliate_Network_A,1578.62,4341,60,3
2025-04-13,Affiliate,Affiliate_Network_B,1692.46,4924,89,5
2025-04-13,Referral,Referral_Program,325.5,5795,174,11
2025-04-14,Google Ads,Search_Brand,2499.91,12352,548,40
2025-04-14,Google Ads,Search_Generic,6657.24,5126,210,13
2025-04-14,Google Ads,Shopping_Ads,330.44,1774,11,0
2025-04-14,Meta Ads,IG_Retarget,4604.05,13249,585,10
2025-04-14,Meta Ads,FB_Lookalike,925.24,1757,30,1
2025-04-14,YouTube Ads,YT_Skippable,607.43,1535,38,2
2025-04-14,Email,Weekly_Newsletter,5589.31,9574,198,7
2025-04-14,Email,Win_Back,2546.75,2854,99,2
2025-04-14,Organic Search,SEO_Blog,237.03,2461,43,2
2025-04-14,Affiliate,Affiliate_Network_A,8129.02,16918,236,9
2025-04-14,Affiliate,Affiliate_Network_B,793.71,1843,49,1
2025-04-14,Referral,Referral_Program,68.47,9926,56,2
2025-04-14,Direct,Direct_Traffic,327.69,6062,195,3
2025-04-15,Google Ads,Shopping_Ads,638.41,2915,100,2
2025-04-15,Google Ads,Display_Retarget,652.15,3132,116,8
2025-04-15,Meta Ads,FB_Prospecting,17459.77,11122,441,14
2025-04-15,Meta Ads,IG_Retarget,7743.53,14123,351,19
2025-04-15,Meta Ads,FB_Lookalike,1365.38,4554,74,2
2025-04-15,YouTube Ads,YT_Bumper,9727.25,18975,514,34
2025-04-15,Email,Cart_Recovery,3929.86,6204,200,10
2025-04-15,Email,Win_Back,7003.81,4403,176,13
2025-04-15,Organic Search,SEO_Blog,499.36,5571,116,8
2025-04-15,Organic Search,SEO_Category,326.07,6432,243,5
2025-04-15,Affiliate,Affiliate_Network_A,3733.38,3284,121,1
2025-04-15,Affiliate,Affiliate_Network_B,3913.11,6484,238,14
2025-04-15,Referral,Referral_Program,347.05,1504,20,1
2025-04-15,Direct,Direct_Traffic,139.08,14307,615,23
2025-04-16,Google Ads,Search_Generic,2919.67,11841,231,4
2025-04-16,Google Ads,Shopping_Ads,1416.3,2753,102,7
2025-04-16,Google Ads,Display_Retarget,2757.92,11578,107,8
2025-04-16,Meta Ads,FB_Prospecting,1345.9,10092,84,6
2025-04-16,Meta Ads,IG_Retarget,1345.49,1201,36,1
2025-04-16,Meta Ads,FB_Lookalike,256.72,1770,25,0
2025-04-16,YouTube Ads,YT_Skippable,10422.79,9257,235,11
2025-04-16,Email,Weekly_Newsletter,446.66,1188,39,1
2025-04-16,Email,Cart_Recovery,1678.38,6559,118,7
2025-04-16,Email,Win_Back,981.81,4841,24,0
2025-04-16,Organic Search,SEO_Blog,113.28,3921,21,0
2025-04-16,Organic Search,SEO_Category,372.69,1810,29,1
2025-04-16,Affiliate,Affiliate_Network_A,3363.46,5978,241,11
2025-04-16,Referral,Referral_Program,75.03,7552,230,14
2025-04-17,Google Ads,Search_Brand,5282.5,5834,181,13
2025-04-17,Google Ads,Search_Generic,2543.62,2145,67,0
2025-04-17,Google Ads,Shopping_Ads,650.87,5098,157,4
2025-04-17,Google Ads,Display_Retarget,2632.97,9161,164,4
2025-04-17,Meta Ads,IG_Retarget,2867.84,5599,209,13
2025-04-17,YouTube Ads,YT_Skippable,466.24,6519,120,1
2025-04-17,YouTube Ads,YT_Bumper,2099.2,4606,51,2
2025-04-17,Email,Weekly_Newsletter,596.83,2178,16,0
2025-04-17,Email,Cart_Recovery,1762.27,6832,279,12
2025-04-17,Email,Win_Back,3413.56,9355,76,4
2025-04-17,Organic Search,SEO_Blog,160.38,7683,269,3
2025-04-17,Organic Search,SEO_Category,180.65,4614,79,3
2025-04-17,Affiliate,Affiliate_Network_A,1455.0,2713,63,4
2025-04-17,Affiliate,Affiliate_Network_B,5540.31,7387,147,2
2025-04-17,Referral,Referral_Program,380.53,1338,42,0
2025-04-18,Google Ads,Search_Brand,4933.09,8202,309,10
2025-04-18,Google Ads,Search_Generic,3959.11,4049,122,9
2025-04-18,Google Ads,Shopping_Ads,165.6,1239,6,0
2025-04-18,Google Ads,Display_Retarget,1312.93,4848,94,5
2025-04-18,Meta Ads,FB_Prospecting,2210.05,3850,51,1
2025-04-18,Meta Ads,IG_Retarget,2296.88,2513,59,1
2025-04-18,Meta Ads,FB_Lookalike,1931.13,5051,128,5
2025-04-18,Email,Cart_Recovery,859.1,7671,176,2
2025-04-18,Organic Search,SEO_Blog,191.7,5985,156,5
2025-04-18,Organic Search,SEO_Category,357.34,2963,39,0
2025-04-18,Affiliate,Affiliate_Network_A,1941.2,2706,121,5
2025-04-18,Referral,Referral_Program,247.36,9437,398,15
2025-04-19,Google Ads,Search_Generic,966.08,4003,26,1
2025-04-19,Google Ads,Shopping_Ads,11056.14,12173,488,5
2025-04-19,Google Ads,Display_Retarget,4022.56,4873,208,2
2025-04-19,Meta Ads,FB_Prospecting,3469.28,3181,122,6
2025-04-19,Meta Ads,FB_Lookalike,4723.59,5752,199,15
2025-04-19,YouTube Ads,YT_Skippable,261.1,6103,59,0
2025-04-19,YouTube Ads,YT_Bumper,1587.37,5456,84,5
2025-04-19,Email,Weekly_Newsletter,245.31,2643,64,3
2025-04-19,Email,Win_Back,4860.46,10065,302,19
2025-04-19,Organic Search,SEO_Blog,19.19,6689,226,3
2025-04-19,Organic Search,SEO_Category,243.17,3944,78,1
2025-04-19,Affiliate,Affiliate_Network_B,1516.98,7587,47,3
2025-04-19,Direct,Direct_Traffic,201.49,808,22,0
2025-04-20,Google Ads,Shopping_Ads,1129.27,2506,39,1
2025-04-20,Meta Ads,FB_Prospecting,2728.41,6494,138,2
2025-04-20,YouTube Ads,YT_Bumper,754.06,3560,33,0
2025-04-20,Email,Weekly_Newsletter,2068.17,7991,163,2
2025-04-20,Email,Win_Back,3958.44,3656,96,6
2025-04-20,Organic Search,SEO_Blog,216.6,13348,539,39
2025-04-20,Organic Search,SEO_Category,416.82,1555,40,1
2025-04-20,Affiliate,Affiliate_Network_B,1426.54,2456,67,1
2025-04-20,Referral,Referral_Program,373.89,4095,88,3
2025-04-20,Direct,Direct_Traffic,33.84,1657,20,0
2025-04-21,Google Ads,Search_Brand,780.43,1754,70,4
2025-04-21,Google Ads,Search_Generic,664.36,3859,122,8
2025-04-21,Google Ads,Display_Retarget,3204.96,6591,103,4
2025-04-21,Meta Ads,IG_Retarget,1698.52,1258,38,2
2025-04-21,YouTube Ads,YT_Skippable,5182.32,4333,148,3
2025-04-21,Email,Win_Back,1603.16,1147,43,2
2025-04-21,Organic Search,SEO_Blog,47.67,4383,65,0
2025-04-21,Organic Search,SEO_Category,435.38,8733,120,9
2025-04-21,Affiliate,Affiliate_Network_A,798.58,7218,80,5
2025-04-21,Affiliate,Affiliate_Network_B,3747.74,3546,156,11
2025-04-21,Referral,Referral_Program,79.64,11291,475,29
2025-04-21,Direct,Direct_Traffic,491.46,9490,155,7
2025-04-22,Google Ads,Search_Brand,6058.66,6748,274,17
2025-04-22,Google Ads,Search_Generic,551.24,2816,50,2
2025-04-22,Google Ads,Shopping_Ads,534.76,4214,88,6
2025-04-22,Google Ads,Display_Retarget,1343.85,4813,86,1
2025-04-22,Meta Ads,FB_Prospecting,114.51,728,20,0
2025-04-22,Meta Ads,IG_Retarget,825.97,2359,68,4
2025-04-22,Meta Ads,FB_Lookalike,3752.71,8400,187,9
2025-04-22,YouTube Ads,YT_Skippable,1026.69,1086,24,1
2025-04-22,YouTube Ads,YT_Bumper,3222.56,5834,81,2
2025-04-22,Email,Cart_Recovery,4897.67,8057,347,26
2025-04-22,Organic Search,SEO_Blog,258.88,5731,118,7
2025-04-22,Organic Search,SEO_Category,438.8,2819,32,2
2025-04-22,Affiliate,Affiliate_Network_A,3397.79,4418,191,11
2025-04-22,Affiliate,Affiliate_Network_B,2336.77,3978,88,2
2025-04-22,Direct,Direct_Traffic,71.31,4559,123,7
2025-04-23,Google Ads,Search_Brand,6234.27,7579,189,7
2025-04-23,Google Ads,Search_Generic,6610.3,4868,168,10
2025-04-23,Google Ads,Display_Retarget,6932.32,5341,172,9
2025-04-23,Meta Ads,IG_Retarget,5168.36,11093,283,17
2025-04-23,YouTube Ads,YT_Skippable,684.77,2227,89,4
2025-04-23,YouTube Ads,YT_Bumper,5681.57,4858,167,2
2025-04-23,Email,Cart_Recovery,2542.41,6204,246,17
2025-04-23,Email,Win_Back,2270.83,8846,207,9
2025-04-23,Organic Search,SEO_Blog,104.72,9085,170,12
2025-04-23,Organic Search,SEO_Category,138.38,6737,99,1
2025-04-23,Affiliate,Affiliate_Network_A,1032.94,1330,25,1
2025-04-23,Affiliate,Affiliate_Network_B,6041.25,7862,149,9
2025-04-23,Referral,Referral_Program,381.85,7866,201,11
2025-04-23,Direct,Direct_Traffic,93.51,7978,224,10
2025-04-24,Google Ads,Search_Brand,1536.39,7477,65,2
2025-04-24,Google Ads,Shopping_Ads,9004.52,9253,265,21
2025-04-24,Google Ads,Display_Retarget,652.53,2441,24,0
2025-04-24,Meta Ads,IG_Retarget,3831.29,17115,694,34
2025-04-24,Meta Ads,FB_Lookalike,100.94,454,7,0
2025-04-24,YouTube Ads,YT_Skippable,3050.88,5025,73,3
2025-04-24,Email,Weekly_Newsletter,1095.94,7506,49,3
2025-04-24,Email,Cart_Recovery,1841.57,3711,56,1
2025-04-24,Email,Win_Back,3538.01,13698,584,9
2025-04-24,Organic Search,SEO_Blog,423.96,5540,202,10
2025-04-24,Organic Search,SEO_Category,387.7,4869,123,8
2025-04-24,Affiliate,Affiliate_Network_A,1424.66,6498,214,15
2025-04-24,Affiliate,Affiliate_Network_B,1686.07,5592,77,5
2025-04-24,Direct,Direct_Traffic,146.11,2685,104,8
2025-04-25,Google Ads,Search_Brand,686.3,3375,75,2
2025-04-25,Google Ads,Search_Generic,2762.65,4257,90,5
2025-04-25,Google Ads,Shopping_Ads,5640.1,5530,176,3
2025-04-25,Google Ads,Display_Retarget,1316.22,1414,34,2
2025-04-25,Meta Ads,IG_Retarget,15850.76,17171,735,55
2025-04-25,Meta Ads,FB_Lookalike,9916.77,6060,261,15
2025-04-25,YouTube Ads,YT_Skippable,827.68,6245,86,6
2025-04-25,YouTube Ads,YT_Bumper,6812.86,4389,162,6
2025-04-25,Email,Cart_Recovery,3043.38,3024,82,4
2025-04-25,Email,Win_Back,2513.07,2792,98,5
2025-04-25,Organic Search,SEO_Blog,40.87,5372,127,2
2025-04-25,Organic Search,SEO_Category,328.16,12562,431,27
2025-04-25,Affiliate,Affiliate_Network_A,2233.57,5361,109,3
2025-04-25,Affiliate,Affiliate_Network_B,566.92,1021,26,0
2025-04-25,Referral,Referral_Program,101.05,2574,72,1
2025-04-25,Direct,Direct_Traffic,418.82,8516,277,10
2025-04-26,Google Ads,Search_Brand,2603.34,8726,224,17
2025-04-26,Google Ads,Shopping_Ads,6196.15,5790,195,13
2025-04-26,Google Ads,Display_Retarget,5935.67,13174,247,3
2025-04-26,Meta Ads,FB_Lookalike,3718.82,5284,108,1
2025-04-26,YouTube Ads,YT_Skippable,696.12,3960,24,1
2025-04-26,Email,Weekly_Newsletter,1534.89,6041,126,1
2025-04-26,Email,Cart_Recovery,3667.09,3696,128,2
2025-04-26,Organic Search,SEO_Blog,90.47,10569,56,3
2025-04-26,Organic Search,SEO_Category,292.28,3836,45,0
2025-04-26,Affiliate,Affiliate_Network_B,364.92,1671,41,2
2025-04-26,Referral,Referral_Program,149.3,5418,63,0
2025-04-26,Direct,Direct_Traffic,231.91,8398,194,15
2025-04-27,Google Ads,Search_Brand,3576.14,7207,123,8
2025-04-27,Google Ads,Search_Generic,17568.64,12519,510,11
2025-04-27,Google Ads,Display_Retarget,6185.17,15772,570,9
2025-04-27,Meta Ads,FB_Prospecting,1791.18,7074,205,11
2025-04-27,Meta Ads,IG_Retarget,18896.18,15297,459,13
2025-04-27,Meta Ads,FB_Lookalike,18149.23,10962,487,38
2025-04-27,YouTube Ads,YT_Bumper,358.04,1240,19,1
2025-04-27,Email,Weekly_Newsletter,6886.12,5166,230,7
2025-04-27,Email,Cart_Recovery,6489.86,5403,208,15
2025-04-27,Organic Search,SEO_Blog,217.54,7305,130,8
2025-04-27,Organic Search,SEO_Category,459.82,10085,171,11
2025-04-27,Affiliate,Affiliate_Network_B,1166.66,6004,34,0
2025-04-27,Referral,Referral_Program,81.65,3579,131,4
2025-04-27,Direct,Direct_Traffic,418.41,6537,186,14
2025-04-28,Google Ads,Search_Generic,182.17,464,18,0
2025-04-28,Google Ads,Shopping_Ads,4710.07,6245,133,6
2025-04-28,Google Ads,Display_Retarget,,707,15,1
2025-04-28,Meta Ads,IG_Retarget,548.73,1756,31,2
2025-04-28,Meta Ads,FB_Lookalike,4878.15,3474,141,4
2025-04-28,YouTube Ads,YT_Bumper,1943.0,3293,64,3
2025-04-28,Email,Cart_Recovery,4909.9,4016,151,11
2025-04-28,Email,Win_Back,1553.64,9172,242,19
2025-04-28,Organic Search,SEO_Category,247.75,5792,113,3
2025-04-28,Affiliate,Affiliate_Network_A,424.03,4464,38,1
2025-04-28,Direct,Direct_Traffic,232.21,11804,456,13
2025-04-29,Google Ads,Search_Generic,4000.93,3307,147,4
2025-04-29,Google Ads,Display_Retarget,14518.57,17116,359,15
2025-04-29,Meta Ads,FB_Lookalike,2493.52,3070,118,8
2025-04-29,Email,Weekly_Newsletter,6208.27,5534,176,6
2025-04-29,Email,Cart_Recovery,4817.41,4731,138,3
2025-04-29,Email,Win_Back,685.66,4322,30,0
2025-04-29,Organic Search,SEO_Blog,,3278,123,1
2025-04-29,Organic Search,SEO_Category,353.42,9093,215,7
2025-04-29,Affiliate,Affiliate_Network_A,1205.85,3305,87,3
2025-04-29,Affiliate,Affiliate_Network_B,559.41,5426,160,2
2025-04-29,Referral,Referral_Program,78.68,134,3,0
2025-04-29,Direct,Direct_Traffic,413.31,5300,38,2
2025-04-30,Google Ads,Search_Brand,3308.6,6385,128,2
2025-04-30,Google Ads,Search_Generic,6203.42,3607,162,2
2025-04-30,Google Ads,Shopping_Ads,10313.81,12269,525,34
2025-04-30,Meta Ads,FB_Prospecting,109.61,210,7,0
2025-04-30,YouTube Ads,YT_Skippable,805.41,9215,62,1
2025-04-30,YouTube Ads,YT_Bumper,6644.83,8619,289,10
2025-04-30,Email,Cart_Recovery,6684.49,4612,175,8
2025-04-30,Email,Win_Back,2502.17,5166,85,4
2025-04-30,Organic Search,SEO_Blog,466.68,7962,171,5
2025-04-30,Organic Search,SEO_Category,418.01,9500,378,3
2025-04-30,Affiliate,Affiliate_Network_A,1644.99,2052,90,2
2025-04-30,Affiliate,Affiliate_Network_B,3212.67,2940,123,9
2025-04-30,Referral,Referral_Program,98.81,8711,213,16
2025-05-01,Meta Ads,FB_Prospecting,5384.71,4387,125,9
2025-05-01,Meta Ads,FB_Lookalike,149.01,485,5,0
2025-05-01,YouTube Ads,YT_Skippable,16243.19,18179,738,19
2025-05-01,YouTube Ads,YT_Bumper,13196.97,11682,373,12
2025-05-01,Email,Weekly_Newsletter,842.68,962,28,0
2025-05-01,Email,Cart_Recovery,1080.48,6472,66,2
2025-05-01,Email,Win_Back,6651.3,7242,295,18
2025-05-01,Organic Search,SEO_Blog,108.66,2085,67,4
2025-05-01,Organic Search,SEO_Category,181.32,2200,18,0
2025-05-01,Affiliate,Affiliate_Network_A,15129.36,15037,671,22
2025-05-01,Affiliate,Affiliate_Network_B,12387.55,13901,295,13
2025-05-01,Referral,Referral_Program,106.87,3584,147,4
2025-05-02,Google Ads,Search_Brand,5610.78,9650,306,17
2025-05-02,Google Ads,Search_Generic,2958.57,7089,107,8
2025-05-02,Google Ads,Shopping_Ads,7343.44,6896,207,3
2025-05-02,Google Ads,Display_Retarget,1460.35,2422,79,2
2025-05-02,Meta Ads,FB_Prospecting,4910.9,8097,162,10
2025-05-02,Meta Ads,FB_Lookalike,569.2,1378,30,1
2025-05-02,YouTube Ads,YT_Skippable,3098.62,3006,120,8
2025-05-02,YouTube Ads,YT_Bumper,242.54,502,19,1
2025-05-02,Email,Cart_Recovery,1982.08,4046,55,1
2025-05-02,Organic Search,SEO_Blog,2.2,13004,543,34
2025-05-02,Organic Search,SEO_Category,61.08,475,10,0
2025-05-02,Affiliate,Affiliate_Network_A,882.71,6698,102,5
2025-05-02,Affiliate,Affiliate_Network_B,3071.37,2450,70,3
2025-05-02,Referral,Referral_Program,415.31,4377,108,3
2025-05-03,Google Ads,Search_Brand,9387.52,8544,346,12
2025-05-03,Google Ads,Search_Generic,12124.96,8000,290,10
2025-05-03,Google Ads,Shopping_Ads,1966.56,13842,191,12
2025-05-03,Meta Ads,IG_Retarget,4153.44,9380,107,5
2025-05-03,Meta Ads,FB_Lookalike,14862.46,9251,361,16
2025-05-03,Email,Weekly_Newsletter,1135.49,5394,66,1
2025-05-03,Email,Cart_Recovery,3622.08,7776,109,2
2025-05-03,Email,Win_Back,6062.79,5951,228,9
2025-05-03,Organic Search,SEO_Category,10.8,2327,18,0
2025-05-03,Affiliate,Affiliate_Network_B,8364.47,7925,197,10
2025-05-03,Referral,Referral_Program,205.09,604,16,0
2025-05-04,Google Ads,Search_Generic,10484.24,16650,523,28
2025-05-04,Google Ads,Shopping_Ads,1371.55,1418,38,0
2025-05-04,Google Ads,Display_Retarget,3341.53,5571,211,3
2025-05-04,Meta Ads,FB_Prospecting,9319.01,11366,285,5
2025-05-04,Meta Ads,IG_Retarget,8470.6,9338,378,17
2025-05-04,YouTube Ads,YT_Skippable,776.54,1762,68,4
2025-05-04,YouTube Ads,YT_Bumper,2133.16,15411,110,6
2025-05-04,Email,Weekly_Newsletter,5625.5,5028,146,9
2025-05-04,Email,Cart_Recovery,1050.74,2037,58,2
2025-05-04,Email,Win_Back,1947.27,2276,81,1
2025-05-04,Organic Search,SEO_Blog,286.48,5448,206,15
2025-05-04,Organic Search,SEO_Category,46.26,11075,141,7
2025-05-04,Affiliate,Affiliate_Network_A,8877.47,13300,226,10
2025-05-04,Affiliate,Affiliate_Network_B,629.32,7228,65,4
2025-05-04,Referral,Referral_Program,183.67,1477,49,0
2025-05-04,Direct,Direct_Traffic,442.94,11197,314,10
2025-05-05,Google Ads,Search_Generic,3341.43,7178,277,7
2025-05-05,Google Ads,Shopping_Ads,163.89,3454,26,1
2025-05-05,Google Ads,Display_Retarget,200.02,2686,28,2
2025-05-05,Meta Ads,FB_Prospecting,,2459,55,2
2025-05-05,Meta Ads,FB_Lookalike,13144.25,15032,540,16
2025-05-05,YouTube Ads,YT_Skippable,4864.15,5193,150,8
2025-05-05,Email,Cart_Recovery,671.55,2749,15,0
2025-05-05,Organic Search,SEO_Blog,487.93,14537,92,2
2025-05-05,Organic Search,SEO_Category,246.06,7797,345,3
2025-05-05,Affiliate,Affiliate_Network_A,1704.05,6276,155,2
2025-05-05,Affiliate,Affiliate_Network_B,304.16,2578,38,0
2025-05-05,Referral,Referral_Program,370.76,1721,47,1
2025-05-05,Direct,Direct_Traffic,16.66,11010,153,4
2025-05-06,Google Ads,Search_Brand,1091.3,10076,59,4
2025-05-06,Google Ads,Shopping_Ads,5383.09,8441,149,4
2025-05-06,Google Ads,Display_Retarget,235.6,3951,44,3
2025-05-06,Meta Ads,FB_Prospecting,5035.96,4566,200,15
2025-05-06,Meta Ads,FB_Lookalike,3848.34,6319,189,10
2025-05-06,YouTube Ads,YT_Bumper,4691.08,10719,115,6
2025-05-06,Email,Weekly_Newsletter,3501.25,3105,80,1
2025-05-06,Email,Cart_Recovery,3862.34,3465,100,7
2025-05-06,Affiliate,Affiliate_Network_A,9372.36,10850,358,20
2025-05-06,Affiliate,Affiliate_Network_B,1209.3,2455,38,2
2025-05-06,Referral,Referral_Program,139.07,3389,53,3
2025-05-06,Direct,Direct_Traffic,195.69,9178,65,2
2025-05-07,Google Ads,Search_Brand,1457.57,1645,47,0
2025-05-07,Google Ads,Shopping_Ads,3421.48,7138,189,3
2025-05-07,Google Ads,Display_Retarget,5527.56,9740,144,10
2025-05-07,Meta Ads,IG_Retarget,434.74,798,21,1
2025-05-07,Meta Ads,FB_Lookalike,7987.31,11732,195,4
2025-05-07,YouTube Ads,YT_Skippable,2500.23,9976,448,16
2025-05-07,YouTube Ads,YT_Bumper,4861.98,15248,539,10
2025-05-07,Email,Weekly_Newsletter,3401.62,6148,77,5
2025-05-07,Email,Cart_Recovery,5169.57,10420,119,6
2025-05-07,Email,Win_Back,2481.69,9264,284,7
2025-05-07,Organic Search,SEO_Category,280.93,5010,191,13
2025-05-07,Affiliate,Affiliate_Network_A,1944.41,3880,81,2
2025-05-07,Affiliate,Affiliate_Network_B,1499.92,6458,77,3
2025-05-08,Google Ads,Search_Brand,3051.4,3507,82,3
2025-05-08,Google Ads,Search_Generic,4730.34,9981,112,5
2025-05-08,Google Ads,Shopping_Ads,2748.17,5516,86,1
2025-05-08,Google Ads,Display_Retarget,4271.73,4730,174,5
2025-05-08,Meta Ads,FB_Prospecting,5107.38,6509,181,8
2025-05-08,Meta Ads,IG_Retarget,3716.84,6308,112,6
2025-05-08,Meta Ads,FB_Lookalike,2016.51,2189,56,3
2025-05-08,YouTube Ads,YT_Skippable,866.83,3794,20,1
2025-05-08,YouTube Ads,YT_Bumper,136.04,979,10,0
2025-05-08,Email,Weekly_Newsletter,977.67,3165,29,0
2025-05-08,Email,Cart_Recovery,3446.79,4735,168,3
2025-05-08,Email,Win_Back,2148.55,4141,54,1
2025-05-08,Organic Search,SEO_Category,214.39,2354,102,5
2025-05-08,Affiliate,Affiliate_Network_A,1432.96,1037,46,3
2025-05-08,Affiliate,Affiliate_Network_B,627.41,3431,26,0
2025-05-08,Referral,Referral_Program,82.35,2489,38,2
2025-05-09,Meta Ads,FB_Prospecting,528.54,4430,82,6
2025-05-09,Meta Ads,IG_Retarget,1180.01,6655,79,4
2025-05-09,Meta Ads,FB_Lookalike,1610.12,4489,41,1
2025-05-09,YouTube Ads,YT_Bumper,2886.77,15533,79,4
2025-05-09,Email,Weekly_Newsletter,5398.03,3498,149,9
2025-05-09,Email,Win_Back,4478.96,13687,296,18
2025-05-09,Organic Search,SEO_Blog,148.84,19844,746,20
2025-05-09,Organic Search,SEO_Category,68.04,3528,106,7
2025-05-09,Affiliate,Affiliate_Network_B,29847.54,16742,665,33
2025-05-09,Referral,Referral_Program,270.73,3468,104,2
2025-05-09,Direct,Direct_Traffic,370.02,2930,74,3
2025-05-10,Google Ads,Shopping_Ads,2020.88,3412,144,6
2025-05-10,Google Ads,Display_Retarget,588.87,4403,48,3
2025-05-10,Meta Ads,FB_Prospecting,3174.98,3508,90,4
2025-05-10,Meta Ads,IG_Retarget,3292.76,10618,297,9
2025-05-10,Meta Ads,FB_Lookalike,810.43,3924,42,1
2025-05-10,YouTube Ads,YT_Bumper,7282.45,15811,605,12
2025-05-10,Email,Weekly_Newsletter,2409.07,6035,122,7
2025-05-10,Email,Cart_Recovery,245.6,8634,59,0
2025-05-10,Email,Win_Back,573.49,3753,167,11
2025-05-10,Organic Search,SEO_Blog,485.48,8004,59,2
2025-05-10,Organic Search,SEO_Category,124.65,1451,39,0
2025-05-10,Affiliate,Affiliate_Network_A,8488.69,9191,267,4
2025-05-10,Affiliate,Affiliate_Network_B,360.37,2002,23,1
2025-05-10,Direct,Direct_Traffic,194.08,4518,42,0
2025-05-11,Google Ads,Search_Brand,278.44,578,18,0
2025-05-11,Google Ads,Search_Generic,8967.81,7688,311,20
2025-05-11,Google Ads,Shopping_Ads,1626.41,4747,172,8
2025-05-11,Meta Ads,FB_Prospecting,4083.69,3127,93,5
2025-05-11,Meta Ads,IG_Retarget,1242.77,1437,32,1
2025-05-11,Meta Ads,FB_Lookalike,2362.39,12863,75,2
2025-05-11,YouTube Ads,YT_Skippable,14.94,173,1,0
2025-05-11,YouTube Ads,YT_Bumper,42.36,1585,9,0
2025-05-11,Email,Weekly_Newsletter,53.38,290,3,0
2025-05-11,Email,Cart_Recovery,20355.35,17120,698,39
2025-05-11,Email,Win_Back,4833.04,7798,150,9
2025-05-11,Organic Search,SEO_Blog,247.76,3863,129,2
2025-05-11,Affiliate,Affiliate_Network_A,3051.71,3439,117,8
2025-05-11,Affiliate,Affiliate_Network_B,20619.42,25177,977,47
2025-05-11,Direct,Direct_Traffic,399.77,1774,74,5
2025-05-12,Google Ads,Search_Brand,12413.27,11818,443,31
2025-05-12,Google Ads,Search_Generic,8577.18,5407,240,10
2025-05-12,Google Ads,Shopping_Ads,1403.86,3664,80,1
2025-05-12,Meta Ads,FB_Prospecting,4334.87,4128,141,7
2025-05-12,Meta Ads,IG_Retarget,3188.65,5024,83,5
2025-05-12,Meta Ads,FB_Lookalike,1047.13,1736,58,3
2025-05-12,Email,Win_Back,2809.54,17747,152,9
2025-05-12,Organic Search,SEO_Blog,102.25,12471,161,6
2025-05-12,Organic Search,SEO_Category,403.57,1021,32,2
2025-05-12,Affiliate,Affiliate_Network_B,2216.91,3253,84,1
2025-05-12,Direct,Direct_Traffic,385.96,4545,154,6
2025-05-13,Google Ads,Search_Brand,1410.59,3684,76,1
2025-05-13,Google Ads,Search_Generic,316.52,1388,8,0
2025-05-13,Google Ads,Display_Retarget,9947.11,17351,445,26
2025-05-13,Meta Ads,FB_Prospecting,1748.11,11421,86,6
2025-05-13,Meta Ads,IG_Retarget,1700.19,1427,38,1
2025-05-13,Email,Weekly_Newsletter,1221.54,4726,145,3
2025-05-13,Email,Win_Back,575.63,1735,62,4
2025-05-13,Organic Search,SEO_Blog,343.93,6246,112,5
2025-05-13,Organic Search,SEO_Category,243.76,3146,96,5
2025-05-13,Affiliate,Affiliate_Network_B,938.45,3576,21,1
2025-05-13,Direct,Direct_Traffic,,4505,179,5
2025-05-14,Google Ads,Search_Brand,1004.61,2762,32,1
2025-05-14,Google Ads,Search_Generic,7329.87,6494,241,11
2025-05-14,Google Ads,Shopping_Ads,333.58,1366,23,0
2025-05-14,Google Ads,Display_Retarget,4336.83,4731,126,6
2025-05-14,Meta Ads,FB_Prospecting,5308.41,3802,135,3
2025-05-14,Meta Ads,IG_Retarget,2255.77,6225,174,12
2025-05-14,Meta Ads,FB_Lookalike,6558.86,3639,160,8
2025-05-14,YouTube Ads,YT_Skippable,7243.24,8317,366,29
2025-05-14,YouTube Ads,YT_Bumper,789.1,7240,114,2
2025-05-14,Email,Cart_Recovery,1218.15,2191,92,3
2025-05-14,Email,Win_Back,8005.05,12654,348,7
2025-05-14,Organic Search,SEO_Blog,351.91,11435,79,5
2025-05-14,Organic Search,SEO_Category,108.22,4946,64,1
2025-05-14,Affiliate,Affiliate_Network_B,3391.51,5346,158,9
2025-05-14,Referral,Referral_Program,61.04,12479,467,11
2025-05-14,Direct,Direct_Traffic,272.69,2890,23,0
2025-05-15,Google Ads,Display_Retarget,1548.49,3319,39,1
2025-05-15,YouTube Ads,YT_Skippable,980.48,2067,86,6
2025-05-15,YouTube Ads,YT_Bumper,4019.91,7518,208,15
2025-05-15,Email,Weekly_Newsletter,7767.23,8504,219,5
2025-05-15,Email,Win_Back,5990.13,11798,385,6
2025-05-15,Organic Search,SEO_Blog,169.75,7488,215,2
2025-05-15,Organic Search,SEO_Category,453.62,3877,95,3
2025-05-15,Affiliate,Affiliate_Network_A,2708.65,2903,83,5
2025-05-15,Direct,Direct_Traffic,73.93,5497,231,17
2025-05-16,Google Ads,Search_Generic,4609.88,12090,503,5
2025-05-16,Google Ads,Shopping_Ads,1461.07,4471,50,3
2025-05-16,Google Ads,Display_Retarget,7289.6,8613,180,8
2025-05-16,Meta Ads,IG_Retarget,7747.33,9885,296,13
2025-05-16,YouTube Ads,YT_Skippable,144.27,5964,34,2
2025-05-16,YouTube Ads,YT_Bumper,1080.11,4340,157,10
2025-05-16,Email,Weekly_Newsletter,3970.37,8138,192,5
2025-05-16,Email,Cart_Recovery,977.81,8092,269,10
2025-05-16,Email,Win_Back,411.99,2286,57,4
2025-05-16,Organic Search,SEO_Blog,,3480,81,3
2025-05-16,Organic Search,SEO_Category,30.64,4196,49,1
2025-05-16,Affiliate,Affiliate_Network_A,8333.91,14450,240,4
2025-05-16,Affiliate,Affiliate_Network_B,584.32,1703,39,1
2025-05-16,Referral,Referral_Program,405.27,6925,275,20
2025-05-17,Meta Ads,IG_Retarget,1768.57,2185,77,5
2025-05-17,Meta Ads,FB_Lookalike,6395.52,5761,211,12
2025-05-17,YouTube Ads,YT_Skippable,23823.64,25770,967,45
2025-05-17,YouTube Ads,YT_Bumper,3654.62,3539,102,7
2025-05-17,Email,Weekly_Newsletter,17295.59,13744,407,6
2025-05-17,Email,Win_Back,1157.56,4050,124,9
2025-05-17,Affiliate,Affiliate_Network_A,587.06,11400,106,2
2025-05-17,Referral,Referral_Program,291.41,5111,42,2
2025-05-17,Direct,Direct_Traffic,22.41,5736,92,2
2025-05-18,Google Ads,Search_Brand,169.37,976,10,0
2025-05-18,Google Ads,Search_Generic,,906,20,1
2025-05-18,Google Ads,Display_Retarget,1527.16,3291,110,7
2025-05-18,Meta Ads,FB_Prospecting,7639.34,9354,420,14
2025-05-18,Meta Ads,IG_Retarget,2361.58,7766,212,16
2025-05-18,Meta Ads,FB_Lookalike,4815.6,4734,144,7
2025-05-18,YouTube Ads,YT_Skippable,1725.93,4031,83,0
2025-05-18,Email,Win_Back,1600.51,8384,57,1
2025-05-18,Organic Search,SEO_Blog,336.0,3500,147,10
2025-05-18,Affiliate,Affiliate_Network_B,411.01,2788,14,0
2025-05-19,Google Ads,Search_Brand,432.17,2617,23,1
2025-05-19,Google Ads,Search_Generic,13641.03,9948,319,21
2025-05-19,Google Ads,Shopping_Ads,654.56,3642,56,3
2025-05-19,Google Ads,Display_Retarget,2617.75,4756,81,2
2025-05-19,Meta Ads,IG_Retarget,1521.58,3345,77,2
2025-05-19,Meta Ads,FB_Lookalike,16430.44,11862,394,30
2025-05-19,YouTube Ads,YT_Bumper,3484.31,11186,102,4
2025-05-19,Email,Cart_Recovery,3166.86,6322,173,12
2025-05-19,Email,Win_Back,9833.69,9745,402,16
2025-05-19,Affiliate,Affiliate_Network_A,2847.14,5191,102,4
2025-05-19,Affiliate,Affiliate_Network_B,5507.28,12751,169,9
2025-05-19,Referral,Referral_Program,174.46,2043,80,2
2025-05-20,Google Ads,Search_Brand,114.45,4943,33,1
2025-05-20,Google Ads,Search_Generic,1112.38,4787,126,2
2025-05-20,Google Ads,Shopping_Ads,9390.36,16539,734,34
2025-05-20,Google Ads,Display_Retarget,3110.26,2827,95,5
2025-05-20,Meta Ads,FB_Prospecting,441.85,1560,54,1
2025-05-20,Meta Ads,IG_Retarget,8805.73,11997,238,14
2025-05-20,Meta Ads,FB_Lookalike,2119.72,3265,109,3
2025-05-20,YouTube Ads,YT_Skippable,10917.97,8033,276,8
2025-05-20,YouTube Ads,YT_Bumper,9397.56,8906,219,15
2025-05-20,Email,Weekly_Newsletter,3582.31,2378,91,3
2025-05-20,Organic Search,SEO_Blog,231.42,1982,35,1
2025-05-20,Organic Search,SEO_Category,84.53,3166,22,0
2025-05-20,Affiliate,Affiliate_Network_B,228.09,1164,19,0
2025-05-21,Google Ads,Search_Brand,3558.77,3549,99,5
2025-05-21,Google Ads,Search_Generic,8979.18,15816,397,3
2025-05-21,Google Ads,Display_Retarget,369.77,984,35,1
2025-05-21,Meta Ads,FB_Prospecting,343.01,1480,35,0
2025-05-21,Meta Ads,IG_Retarget,678.62,3350,77,2
2025-05-21,YouTube Ads,YT_Skippable,1872.94,3434,68,1
2025-05-21,Email,Weekly_Newsletter,5039.56,6165,174,6
2025-05-21,Email,Cart_Recovery,22.4,1073,7,0
2025-05-21,Email,Win_Back,1997.91,4223,80,4
2025-05-21,Organic Search,SEO_Blog,194.32,9083,227,17
2025-05-21,Organic Search,SEO_Category,214.87,2413,77,2
2025-05-21,Affiliate,Affiliate_Network_A,7573.12,10290,321,5
2025-05-21,Affiliate,Affiliate_Network_B,180.81,1369,58,2
2025-05-21,Referral,Referral_Program,246.28,3972,42,0
2025-05-21,Direct,Direct_Traffic,458.56,4440,179,5
2025-05-22,Google Ads,Shopping_Ads,5551.04,6744,247,11
2025-05-22,Google Ads,Display_Retarget,1696.54,5505,105,1
2025-05-22,Meta Ads,FB_Prospecting,874.27,4494,61,2
2025-05-22,Meta Ads,IG_Retarget,8860.39,8807,200,3
2025-05-22,Meta Ads,FB_Lookalike,550.98,4231,22,1
2025-05-22,YouTube Ads,YT_Skippable,2145.66,1291,53,1
2025-05-22,YouTube Ads,YT_Bumper,3780.14,4234,180,6
2025-05-22,Email,Weekly_Newsletter,255.86,3697,32,2
2025-05-22,Email,Cart_Recovery,7452.85,5793,188,11
2025-05-22,Email,Win_Back,206.84,1650,9,0
2025-05-22,Organic Search,SEO_Blog,341.17,5075,142,7
2025-05-22,Organic Search,SEO_Category,195.74,1044,26,1
2025-05-22,Affiliate,Affiliate_Network_A,731.63,2438,53,3
2025-05-22,Affiliate,Affiliate_Network_B,332.14,2037,51,3
2025-05-22,Referral,Referral_Program,183.69,3602,38,2
2025-05-23,Google Ads,Search_Generic,573.93,3667,26,1
2025-05-23,Google Ads,Shopping_Ads,322.03,857,12,0
2025-05-23,Google Ads,Display_Retarget,14562.55,11015,365,16
2025-05-23,Meta Ads,FB_Prospecting,4869.78,5955,120,3
2025-05-23,Meta Ads,IG_Retarget,1986.17,5116,190,9
2025-05-23,Meta Ads,FB_Lookalike,3824.7,10437,96,1
2025-05-23,YouTube Ads,YT_Skippable,1733.97,10426,116,6
2025-05-23,YouTube Ads,YT_Bumper,278.59,603,15,0
2025-05-23,Email,Weekly_Newsletter,16658.0,16899,714,25
2025-05-23,Email,Win_Back,857.22,1117,30,1
2025-05-23,Organic Search,SEO_Category,302.6,3884,120,4
2025-05-23,Affiliate,Affiliate_Network_A,2960.21,3158,97,1
2025-05-23,Affiliate,Affiliate_Network_B,827.8,2630,25,1
2025-05-23,Referral,Referral_Program,224.86,1295,16,0
2025-05-23,Direct,Direct_Traffic,340.81,7251,292,3
2025-05-24,Google Ads,Search_Generic,2999.59,6210,137,1
2025-05-24,Meta Ads,FB_Lookalike,11268.96,10996,266,20
2025-05-24,YouTube Ads,YT_Bumper,428.1,1069,13,0
2025-05-24,Email,Win_Back,3095.74,7109,91,1
2025-05-24,Organic Search,SEO_Blog,251.19,4818,93,4
2025-05-24,Organic Search,SEO_Category,,11227,462,7
2025-05-24,Affiliate,Affiliate_Network_A,188.33,2161,13,0
2025-05-24,Affiliate,Affiliate_Network_B,1544.55,4186,165,5
2025-05-24,Referral,Referral_Program,194.85,5404,224,6
2025-05-24,Direct,Direct_Traffic,480.92,15860,660,45
2025-05-25,Google Ads,Search_Generic,3164.85,8111,127,4
2025-05-25,Google Ads,Shopping_Ads,238.36,649,24,1
2025-05-25,Google Ads,Display_Retarget,197.33,1582,9,0
2025-05-25,Meta Ads,FB_Prospecting,912.72,8174,56,2
2025-05-25,Meta Ads,IG_Retarget,1012.03,1946,76,5
2025-05-25,Meta Ads,FB_Lookalike,1693.35,8140,241,17
2025-05-25,YouTube Ads,YT_Skippable,2320.32,10848,99,6
2025-05-25,YouTube Ads,YT_Bumper,513.26,10252,146,5
2025-05-25,Email,Weekly_Newsletter,1842.72,5080,105,6
2025-05-25,Email,Cart_Recovery,493.15,2812,48,1
2025-05-25,Organic Search,SEO_Blog,240.92,11027,290,7
2025-05-25,Organic Search,SEO_Category,56.79,8045,294,15
2025-05-25,Affiliate,Affiliate_Network_A,9587.45,6554,278,11
2025-05-25,Affiliate,Affiliate_Network_B,1504.92,4643,199,6
2025-05-25,Referral,Referral_Program,175.87,1610,33,0
2025-05-25,Direct,Direct_Traffic,402.93,22724,722,49
2025-05-26,Google Ads,Search_Brand,176.01,1637,20,0
2025-05-26,Google Ads,Search_Generic,2764.09,11041,182,8
2025-05-26,Google Ads,Shopping_Ads,339.06,432,12,0
2025-05-26,Google Ads,Display_Retarget,11173.01,16883,356,18
2025-05-26,Meta Ads,FB_Prospecting,1881.63,5218,109,3
2025-05-26,Meta Ads,IG_Retarget,1555.17,2755,110,3
2025-05-26,Meta Ads,FB_Lookalike,1661.48,9147,104,1
2025-05-26,YouTube Ads,YT_Skippable,2679.08,2790,111,5
2025-05-26,YouTube Ads,YT_Bumper,3688.33,3911,89,4
2025-05-26,Email,Weekly_Newsletter,238.52,2407,49,3
2025-05-26,Email,Cart_Recovery,1039.46,10112,234,11
2025-05-26,Email,Win_Back,4898.86,4163,168,8
2025-05-26,Organic Search,SEO_Blog,446.07,3668,124,4
2025-05-26,Affiliate,Affiliate_Network_A,2630.3,10629,154,10
2025-05-26,Affiliate,Affiliate_Network_B,1217.84,2039,55,2
2025-05-26,Referral,Referral_Program,240.79,643,17,0
2025-05-26,Direct,Direct_Traffic,468.67,25222,687,13
2025-05-27,Google Ads,Search_Brand,3226.77,7365,92,4
2025-05-27,Google Ads,Search_Generic,913.39,5790,214,15
2025-05-27,Google Ads,Display_Retarget,515.35,4705,35,1
2025-05-27,Meta Ads,IG_Retarget,21617.41,14447,549,31
2025-05-27,YouTube Ads,YT_Skippable,1411.33,4328,138,9
2025-05-27,YouTube Ads,YT_Bumper,650.42,2972,123,6
2025-05-27,Email,Weekly_Newsletter,10019.93,6080,267,13
2025-05-27,Email,Cart_Recovery,11817.38,10297,278,11
2025-05-27,Organic Search,SEO_Category,470.12,2865,80,1
2025-05-27,Affiliate,Affiliate_Network_A,4378.9,5979,133,10
2025-05-27,Affiliate,Affiliate_Network_B,5598.0,4097,156,9
2025-05-27,Referral,Referral_Program,283.46,4370,167,1
2025-05-27,Direct,Direct_Traffic,261.69,6078,66,1
2025-05-28,Google Ads,Search_Generic,220.21,2205,23,0
2025-05-28,Google Ads,Shopping_Ads,7768.3,5717,200,9
2025-05-28,Google Ads,Display_Retarget,4155.81,6641,268,11
2025-05-28,Meta Ads,FB_Prospecting,417.81,560,11,0
2025-05-28,Meta Ads,IG_Retarget,7410.69,9144,304,7
2025-05-28,Email,Cart_Recovery,467.01,6796,41,3
2025-05-28,Organic Search,SEO_Blog,428.25,13522,172,9
2025-05-28,Organic Search,SEO_Category,466.94,1212,21,1
2025-05-28,Affiliate,Affiliate_Network_A,1315.18,3935,96,3
2025-05-28,Affiliate,Affiliate_Network_B,6392.28,4452,192,12
2025-05-29,Google Ads,Search_Generic,2321.93,6370,144,3
2025-05-29,Google Ads,Shopping_Ads,1158.36,5731,69,1
2025-05-29,Meta Ads,FB_Prospecting,192.18,496,10,0
2025-05-29,Meta Ads,IG_Retarget,5922.36,8064,354,15
2025-05-29,Meta Ads,FB_Lookalike,1646.03,3006,57,0
2025-05-29,YouTube Ads,YT_Skippable,1906.92,1821,77,4
2025-05-29,YouTube Ads,YT_Bumper,897.43,581,24,1
2025-05-29,Email,Weekly_Newsletter,1551.54,3739,68,2
2025-05-29,Email,Cart_Recovery,1135.55,7557,134,2
2025-05-29,Email,Win_Back,5675.63,3778,129,7
2025-05-29,Organic Search,SEO_Blog,29.56,3764,40,1
2025-05-29,Affiliate,Affiliate_Network_A,2074.42,5170,144,7
2025-05-29,Affiliate,Affiliate_Network_B,1941.67,12380,116,4
2025-05-29,Direct,Direct_Traffic,354.52,2758,15,0
2025-05-30,Google Ads,Search_Generic,2261.97,14249,232,13
2025-05-30,Google Ads,Shopping_Ads,597.62,1593,36,1
2025-05-30,Google Ads,Display_Retarget,5680.93,11047,230,12
2025-05-30,Meta Ads,FB_Prospecting,2101.52,9522,125,9
2025-05-30,Meta Ads,IG_Retarget,7014.0,3708,158,5
2025-05-30,YouTube Ads,YT_Bumper,9339.99,6229,208,6
2025-05-30,Email,Weekly_Newsletter,2366.68,1653,64,0
2025-05-30,Email,Cart_Recovery,880.15,2281,35,2
2025-05-30,Email,Win_Back,1014.76,1987,61,3
2025-05-30,Organic Search,SEO_Blog,369.71,1767,59,2
2025-05-30,Organic Search,SEO_Category,105.3,2581,92,5
2025-05-30,Affiliate,Affiliate_Network_B,2514.92,14296,213,8
2025-05-30,Referral,Referral_Program,479.73,5513,126,4
2025-05-30,Direct,Direct_Traffic,369.22,4085,108,5
2025-05-31,Google Ads,Search_Brand,4292.4,6456,138,7
2025-05-31,Google Ads,Shopping_Ads,14220.33,12795,368,12
2025-05-31,Meta Ads,FB_Prospecting,6285.95,9400,211,9
2025-05-31,Meta Ads,IG_Retarget,7623.35,11014,421,24
2025-05-31,Email,Weekly_Newsletter,5072.47,5736,140,5
2025-05-31,Email,Cart_Recovery,8397.43,5071,219,10
2025-05-31,Email,Win_Back,317.97,3062,19,1
2025-05-31,Organic Search,SEO_Blog,312.17,1133,38,2
2025-05-31,Organic Search,SEO_Category,165.54,1023,28,1
2025-05-31,Affiliate,Affiliate_Network_A,17969.65,11796,458,17
2025-05-31,Referral,Referral_Program,336.9,2302,33,1
2025-05-31,Direct,Direct_Traffic,470.23,1034,35,1
2025-06-01,Google Ads,Search_Brand,12143.36,8433,359,8
2025-06-01,Google Ads,Search_Generic,186.7,3677,23,1
2025-06-01,Google Ads,Shopping_Ads,5019.86,7027,276,17
2025-06-01,Google Ads,Display_Retarget,9390.62,5547,246,7
2025-06-01,Meta Ads,IG_Retarget,4523.96,8388,104,1
2025-06-01,Meta Ads,FB_Lookalike,1609.96,968,37,2
2025-06-01,YouTube Ads,YT_Skippable,255.15,1483,60,3
2025-06-01,Email,Weekly_Newsletter,2302.9,7933,241,3
2025-06-01,Email,Win_Back,4955.55,3315,148,4
2025-06-01,Organic Search,SEO_Blog,428.75,1725,17,0
2025-06-01,Referral,Referral_Program,474.84,11142,219,11
2025-06-01,Direct,Direct_Traffic,39.48,3094,78,2
2025-06-02,Google Ads,Search_Brand,285.33,4786,32,1
2025-06-02,Google Ads,Search_Generic,8410.56,8352,192,4
2025-06-02,Google Ads,Shopping_Ads,4507.87,3152,102,1
2025-06-02,Google Ads,Display_Retarget,1510.42,4996,50,1
2025-06-02,YouTube Ads,YT_Skippable,1813.29,6879,50,2
2025-06-02,Email,Weekly_Newsletter,3076.79,2375,72,2
2025-06-02,Email,Cart_Recovery,11241.75,9868,420,21
2025-06-02,Email,Win_Back,3162.25,3325,122,9
2025-06-02,Organic Search,SEO_Blog,152.96,3136,87,5
2025-06-02,Organic Search,SEO_Category,,4313,115,7
2025-06-02,Affiliate,Affiliate_Network_A,821.99,1126,31,2
2025-06-02,Affiliate,Affiliate_Network_B,95.72,1396,8,0
2025-06-02,Referral,Referral_Program,297.48,2363,60,2
2025-06-02,Direct,Direct_Traffic,116.13,2348,30,2
2025-06-03,Google Ads,Search_Generic,3061.74,10478,117,3
2025-06-03,Google Ads,Shopping_Ads,580.0,4897,47,3
2025-06-03,Meta Ads,FB_Prospecting,1083.41,3956,38,0
2025-06-03,Meta Ads,FB_Lookalike,450.93,3080,59,3
2025-06-03,YouTube Ads,YT_Skippable,299.73,3259,34,0
2025-06-03,Email,Cart_Recovery,580.53,6367,48,3
2025-06-03,Organic Search,SEO_Blog,497.18,5621,245,3
2025-06-03,Organic Search,SEO_Category,325.86,4159,27,0
2025-06-03,Affiliate,Affiliate_Network_A,1303.81,2662,58,2
2025-06-03,Referral,Referral_Program,417.77,1746,60,4
2025-06-03,Direct,Direct_Traffic,245.55,13628,565,15
2025-06-04,Google Ads,Search_Brand,330.64,2020,47,1
2025-06-04,Google Ads,Search_Generic,8343.54,10082,195,9
2025-06-04,Google Ads,Shopping_Ads,7349.88,5792,189,7
2025-06-04,Google Ads,Display_Retarget,683.42,1976,28,2
2025-06-04,Meta Ads,IG_Retarget,634.67,938,28,0
2025-06-04,YouTube Ads,YT_Skippable,1063.57,2859,100,5
2025-06-04,Email,Weekly_Newsletter,4516.17,18177,164,3
2025-06-04,Email,Win_Back,4606.71,7179,261,11
2025-06-04,Organic Search,SEO_Blog,487.59,6842,240,11
2025-06-04,Affiliate,Affiliate_Network_B,4076.75,6102,138,9
2025-06-04,Referral,Referral_Program,409.55,1352,7,0
2025-06-04,Direct,Direct_Traffic,454.91,1753,67,4
2025-06-05,Google Ads,Search_Brand,684.51,2602,60,1
2025-06-05,Google Ads,Shopping_Ads,8034.13,6970,270,12
2025-06-05,Meta Ads,FB_Prospecting,2086.27,6037,233,6
2025-06-05,Meta Ads,FB_Lookalike,,9527,243,18
2025-06-05,YouTube Ads,YT_Bumper,4568.07,15823,698,51
2025-06-05,Email,Weekly_Newsletter,359.72,2558,13,0
2025-06-05,Email,Cart_Recovery,608.59,2975,15,0
2025-06-05,Email,Win_Back,4322.72,7934,213,2
2025-06-05,Organic Search,SEO_Category,333.27,5104,114,4
2025-06-05,Affiliate,Affiliate_Network_B,2235.89,3578,84,4
2025-06-05,Direct,Direct_Traffic,141.23,3520,132,3
2025-06-06,Google Ads,Search_Brand,8472.39,12030,403,14
2025-06-06,Google Ads,Search_Generic,5988.94,8707,333,17
2025-06-06,Google Ads,Shopping_Ads,1267.29,6125,116,2
2025-06-06,Google Ads,Display_Retarget,2339.3,3898,67,2
2025-06-06,Meta Ads,IG_Retarget,24.56,292,4,0
2025-06-06,Meta Ads,FB_Lookalike,3547.09,5585,141,2
2025-06-06,YouTube Ads,YT_Skippable,3678.02,10288,166,7
2025-06-06,Email,Weekly_Newsletter,1980.51,5575,216,9
2025-06-06,Email,Cart_Recovery,4047.18,10710,121,6
2025-06-06,Email,Win_Back,11241.99,9163,410,9
2025-06-06,Organic Search,SEO_Blog,217.07,6438,172,11
2025-06-06,Organic Search,SEO_Category,486.84,8407,134,2
2025-06-06,Affiliate,Affiliate_Network_A,667.94,3176,28,1
2025-06-06,Referral,Referral_Program,386.17,3941,126,4
2025-06-06,Direct,Direct_Traffic,411.45,1139,43,0
2025-06-07,Google Ads,Shopping_Ads,2079.83,4533,55,0
2025-06-07,Google Ads,Display_Retarget,382.4,1603,14,0
2025-06-07,Meta Ads,FB_Prospecting,1296.33,3669,30,0
2025-06-07,Meta Ads,FB_Lookalike,1971.09,4288,49,2
2025-06-07,YouTube Ads,YT_Skippable,4373.73,4511,199,13
2025-06-07,YouTube Ads,YT_Bumper,988.22,10723,151,3
2025-06-07,Email,Win_Back,1132.45,6623,54,4
2025-06-07,Organic Search,SEO_Blog,232.06,919,9,0
2025-06-07,Organic Search,SEO_Category,283.3,7174,52,1
2025-06-07,Affiliate,Affiliate_Network_A,547.62,6497,41,3
2025-06-07,Referral,Referral_Program,64.39,3039,93,2
2025-06-07,Direct,Direct_Traffic,387.54,2401,67,1
2025-06-08,Google Ads,Search_Generic,2556.6,5387,166,11
2025-06-08,Google Ads,Shopping_Ads,1201.3,5392,67,1
2025-06-08,Meta Ads,IG_Retarget,2115.77,10470,102,7
2025-06-08,Meta Ads,FB_Lookalike,9655.03,7291,261,11
2025-06-08,YouTube Ads,YT_Skippable,1111.96,5913,139,1
2025-06-08,YouTube Ads,YT_Bumper,7243.28,5661,224,7
2025-06-08,Email,Weekly_Newsletter,7718.38,6134,183,3
2025-06-08,Organic Search,SEO_Blog,154.78,6190,195,12
2025-06-08,Organic Search,SEO_Category,207.15,10787,110,6
2025-06-08,Affiliate,Affiliate_Network_A,11365.64,11676,453,13
2025-06-08,Referral,Referral_Program,186.12,12723,149,5
2025-06-08,Direct,Direct_Traffic,144.18,8432,370,17
2025-06-09,Google Ads,Search_Generic,10282.11,9356,327,12
2025-06-09,Google Ads,Display_Retarget,595.6,1976,44,2
2025-06-09,Meta Ads,FB_Prospecting,5528.67,5341,171,4
2025-06-09,Meta Ads,FB_Lookalike,11550.52,9391,422,11
2025-06-09,YouTube Ads,YT_Skippable,2666.18,4553,100,2
2025-06-09,YouTube Ads,YT_Bumper,1866.67,9657,121,9
2025-06-09,Email,Cart_Recovery,4712.51,2980,110,3
2025-06-09,Email,Win_Back,695.52,4492,23,1
2025-06-09,Affiliate,Affiliate_Network_A,9100.98,7268,232,12
2025-06-09,Affiliate,Affiliate_Network_B,873.19,1423,54,3
2025-06-09,Direct,Direct_Traffic,157.64,17806,213,16
2025-06-10,Google Ads,Search_Brand,21099.52,20778,643,36
2025-06-10,Google Ads,Search_Generic,6162.18,7148,278,17
2025-06-10,Google Ads,Display_Retarget,8422.65,19947,791,39
2025-06-10,Meta Ads,FB_Prospecting,3333.21,7016,176,13
2025-06-10,Meta Ads,IG_Retarget,6211.07,6539,152,8
2025-06-10,Meta Ads,FB_Lookalike,3321.08,8191,327,12
2025-06-10,YouTube Ads,YT_Bumper,872.21,4242,23,1
2025-06-10,Email,Weekly_Newsletter,6071.14,4717,167,7
2025-06-10,Organic Search,SEO_Blog,258.43,5452,141,4
2025-06-10,Organic Search,SEO_Category,103.43,16476,740,55
2025-06-10,Affiliate,Affiliate_Network_A,927.41,987,33,1
2025-06-10,Affiliate,Affiliate_Network_B,13702.57,9711,428,19
2025-06-10,Direct,Direct_Traffic,497.58,10986,400,5
2025-06-11,Google Ads,Search_Brand,432.25,1559,55,0
2025-06-11,Meta Ads,FB_Prospecting,2552.38,3315,61,4
2025-06-11,Meta Ads,IG_Retarget,2307.06,2820,85,6
2025-06-11,YouTube Ads,YT_Skippable,3150.88,2665,115,5
2025-06-11,YouTube Ads,YT_Bumper,1324.48,3759,45,2
2025-06-11,Email,Weekly_Newsletter,20080.91,11470,480,22
2025-06-11,Email,Win_Back,1224.37,7212,88,1
2025-06-11,Organic Search,SEO_Blog,288.42,15024,490,13
2025-06-11,Organic Search,SEO_Category,445.17,6291,227,4
2025-06-11,Affiliate,Affiliate_Network_B,3919.9,4343,125,9
2025-06-11,Referral,Referral_Program,150.13,3363,109,3
2025-06-12,Google Ads,Search_Generic,10644.14,9913,332,6
2025-06-12,Google Ads,Shopping_Ads,3583.15,10027,267,19
2025-06-12,Meta Ads,FB_Prospecting,1589.24,7994,50,1
2025-06-12,Meta Ads,IG_Retarget,1415.9,5834,127,4
2025-06-12,YouTube Ads,YT_Skippable,1986.4,3869,84,6
2025-06-12,YouTube Ads,YT_Bumper,891.53,6247,123,4
2025-06-12,Email,Weekly_Newsletter,1278.65,9247,261,12
2025-06-12,Email,Cart_Recovery,4580.13,8165,356,8
2025-06-12,Email,Win_Back,7332.45,9173,357,27
2025-06-12,Organic Search,SEO_Blog,219.38,6334,161,10
2025-06-12,Organic Search,SEO_Category,210.6,1238,11,0
2025-06-12,Affiliate,Affiliate_Network_B,2393.13,11818,131,6
2025-06-12,Referral,Referral_Program,70.62,9163,313,3
2025-06-12,Direct,Direct_Traffic,,6261,157,8
2025-06-13,Google Ads,Search_Generic,15166.69,11020,355,22
2025-06-13,YouTube Ads,YT_Skippable,1749.82,3085,41,1
2025-06-13,YouTube Ads,YT_Bumper,300.69,8433,80,4
2025-06-13,Email,Weekly_Newsletter,5465.19,8953,271,21
2025-06-13,Email,Cart_Recovery,650.69,2950,100,7
2025-06-13,Email,Win_Back,3800.41,4671,95,3
2025-06-13,Organic Search,SEO_Blog,269.04,3615,145,4
2025-06-13,Affiliate,Affiliate_Network_A,1801.33,1184,41,2
2025-06-13,Affiliate,Affiliate_Network_B,1633.25,3618,37,0
2025-06-13,Referral,Referral_Program,384.77,2648,38,1
2025-06-13,Direct,Direct_Traffic,444.39,918,20,0
2025-06-14,Google Ads,Search_Brand,3633.09,8651,120,7
2025-06-14,Google Ads,Display_Retarget,1803.31,7785,113,1
2025-06-14,Meta Ads,FB_Prospecting,3361.08,2508,85,6
2025-06-14,Meta Ads,FB_Lookalike,158.43,1287,34,1
2025-06-14,YouTube Ads,YT_Skippable,778.32,1136,28,1
2025-06-14,YouTube Ads,YT_Bumper,8553.47,7458,239,14
2025-06-14,Email,Cart_Recovery,7820.77,8123,210,11
2025-06-14,Email,Win_Back,600.94,3380,28,0
2025-06-14,Organic Search,SEO_Category,319.03,7792,342,26
2025-06-14,Affiliate,Affiliate_Network_A,767.76,1192,23,0
2025-06-15,Google Ads,Search_Brand,3900.18,3675,129,5
2025-06-15,Google Ads,Search_Generic,8041.45,6114,222,2
2025-06-15,Google Ads,Display_Retarget,2783.53,18127,508,16
2025-06-15,Meta Ads,IG_Retarget,5887.21,10356,344,16
2025-06-15,YouTube Ads,YT_Skippable,1293.65,2767,65,1
2025-06-15,Email,Cart_Recovery,2546.76,7277,82,1
2025-06-15,Email,Win_Back,4108.52,5071,133,2
2025-06-15,Organic Search,SEO_Blog,328.83,11555,314,24
2025-06-15,Organic Search,SEO_Category,457.79,2429,37,1
2025-06-15,Affiliate,Affiliate_Network_B,1408.55,3215,58,0
2025-06-15,Referral,Referral_Program,45.02,13029,505,35
2025-06-15,Direct,Direct_Traffic,139.64,1073,10,0
2025-06-16,Google Ads,Search_Brand,776.58,5061,32,0
2025-06-16,Google Ads,Search_Generic,1827.75,5052,50,1
2025-06-16,Google Ads,Display_Retarget,1161.47,3992,112,1
2025-06-16,Meta Ads,FB_Prospecting,6583.83,7529,277,5
2025-06-16,Meta Ads,FB_Lookalike,1469.98,3296,118,3
2025-06-16,YouTube Ads,YT_Skippable,1916.58,8354,163,5
2025-06-16,YouTube Ads,YT_Bumper,1591.72,5235,152,11
2025-06-16,Email,Weekly_Newsletter,10124.12,9068,246,15
2025-06-16,Email,Cart_Recovery,6988.39,7361,197,9
2025-06-16,Email,Win_Back,8295.92,6824,290,5
2025-06-16,Organic Search,SEO_Blog,496.05,10443,266,10
2025-06-16,Organic Search,SEO_Category,123.95,4072,61,1
2025-06-16,Affiliate,Affiliate_Network_A,904.34,8300,112,6
2025-06-16,Referral,Referral_Program,30.68,13109,431,11
2025-06-17,Google Ads,Search_Generic,1699.21,11630,501,13
2025-06-17,Google Ads,Shopping_Ads,1693.05,5725,49,0
2025-06-17,Google Ads,Display_Retarget,649.31,1382,24,0
2025-06-17,Meta Ads,FB_Prospecting,1541.97,4758,210,14
2025-06-17,Meta Ads,IG_Retarget,2019.19,7025,133,7
2025-06-17,YouTube Ads,YT_Skippable,3252.27,2334,99,7
2025-06-17,YouTube Ads,YT_Bumper,5563.4,4647,152,7
2025-06-17,Email,Weekly_Newsletter,223.0,1404,10,0
2025-06-17,Email,Cart_Recovery,5046.08,7305,116,8
2025-06-17,Organic Search,SEO_Blog,298.23,8092,301,7
2025-06-17,Organic Search,SEO_Category,57.38,3237,141,5
2025-06-17,Affiliate,Affiliate_Network_A,7355.48,17099,560,16
2025-06-17,Referral,Referral_Program,288.59,9529,192,9
2025-06-17,Direct,Direct_Traffic,389.55,4215,148,7
2025-06-18,Google Ads,Search_Brand,9154.15,11253,396,9
2025-06-18,Google Ads,Shopping_Ads,5223.59,16522,312,3
2025-06-18,Google Ads,Display_Retarget,552.57,11816,127,9
2025-06-18,Meta Ads,FB_Prospecting,956.81,10371,52,0
2025-06-18,YouTube Ads,YT_Skippable,15685.74,12256,490,26
2025-06-18,Email,Cart_Recovery,621.86,640,25,1
2025-06-18,Email,Win_Back,1968.17,5261,81,1
2025-06-18,Organic Search,SEO_Blog,384.22,9159,253,18
2025-06-18,Organic Search,SEO_Category,288.03,7210,145,1
2025-06-18,Affiliate,Affiliate_Network_A,7810.14,5288,208,2
2025-06-18,Affiliate,Affiliate_Network_B,1346.05,2325,68,1
2025-06-19,Google Ads,Search_Brand,4424.17,17744,710,51
2025-06-19,Google Ads,Search_Generic,6469.41,5858,263,4
2025-06-19,Google Ads,Shopping_Ads,323.13,1944,14,1
2025-06-19,Meta Ads,IG_Retarget,1544.34,5007,47,0
2025-06-19,YouTube Ads,YT_Skippable,3504.34,8436,109,6
2025-06-19,YouTube Ads,YT_Bumper,2018.0,6552,255,11
2025-06-19,Email,Weekly_Newsletter,2800.78,7680,262,10
2025-06-19,Organic Search,SEO_Blog,177.09,5725,164,7
2025-06-19,Affiliate,Affiliate_Network_B,1579.27,1947,83,2
2025-06-19,Referral,Referral_Program,315.82,5141,151,10
2025-06-19,Direct,Direct_Traffic,89.58,922,35,2
2025-06-20,Google Ads,Search_Brand,8159.7,5053,220,17
2025-06-20,Meta Ads,FB_Prospecting,768.44,3660,36,1
2025-06-20,Meta Ads,FB_Lookalike,284.69,5813,70,4
2025-06-20,YouTube Ads,YT_Bumper,5605.06,15628,249,12
2025-06-20,Email,Weekly_Newsletter,3821.68,5658,128,10
2025-06-20,Email,Cart_Recovery,4631.76,7344,131,4
2025-06-20,Email,Win_Back,1885.84,7604,125,5
2025-06-20,Organic Search,SEO_Blog,143.23,6498,109,5
2025-06-20,Organic Search,SEO_Category,227.55,5773,196,12
2025-06-20,Affiliate,Affiliate_Network_A,449.21,2205,17,0
2025-06-20,Referral,Referral_Program,427.68,2012,34,2
2025-06-20,Direct,Direct_Traffic,461.31,2587,90,3
2025-06-21,Google Ads,Search_Generic,1861.62,11581,108,6
2025-06-21,Google Ads,Shopping_Ads,2643.8,5687,121,6
2025-06-21,Meta Ads,FB_Prospecting,2352.87,5811,67,4
2025-06-21,Meta Ads,IG_Retarget,12456.69,12247,399,9
2025-06-21,YouTube Ads,YT_Bumper,3716.54,5448,130,3
2025-06-21,Email,Win_Back,8597.62,6921,215,15
2025-06-21,Organic Search,SEO_Blog,419.15,9003,176,9
2025-06-21,Organic Search,SEO_Category,353.06,4779,126,8
2025-06-21,Affiliate,Affiliate_Network_B,13248.4,10452,316,17
2025-06-21,Direct,Direct_Traffic,422.56,11503,434,23
2025-06-22,Google Ads,Search_Brand,734.46,2011,36,2
2025-06-22,Google Ads,Display_Retarget,2560.76,6034,244,5
2025-06-22,Meta Ads,FB_Prospecting,5978.0,10259,243,10
2025-06-22,Meta Ads,IG_Retarget,419.86,917,30,2
2025-06-22,YouTube Ads,YT_Skippable,6678.99,12905,483,22
2025-06-22,Email,Weekly_Newsletter,2259.36,3543,64,1
2025-06-22,Email,Win_Back,10337.31,19316,714,49
2025-06-22,Organic Search,SEO_Blog,128.96,11526,440,33
2025-06-22,Organic Search,SEO_Category,497.86,7703,269,20
2025-06-22,Affiliate,Affiliate_Network_B,4426.94,8357,116,4
2025-06-22,Referral,Referral_Program,146.25,6087,49,0
2025-06-22,Direct,Direct_Traffic,470.2,10132,116,8
2025-06-23,Google Ads,Search_Brand,4836.1,8507,111,6
2025-06-23,Google Ads,Shopping_Ads,5650.99,9374,407,17
2025-06-23,Google Ads,Display_Retarget,1030.49,3189,77,2
2025-06-23,Meta Ads,FB_Prospecting,5881.22,4891,141,8
2025-06-23,Meta Ads,IG_Retarget,4694.02,10351,107,7
2025-06-23,Email,Weekly_Newsletter,1436.51,2712,109,6
2025-06-23,Email,Cart_Recovery,5156.41,11113,190,10
2025-06-23,Organic Search,SEO_Blog,404.33,5100,138,10
2025-06-23,Organic Search,SEO_Category,83.42,13535,582,32
2025-06-23,Affiliate,Affiliate_Network_A,5893.6,7543,338,21
2025-06-23,Affiliate,Affiliate_Network_B,9077.15,9485,313,6
2025-06-23,Referral,Referral_Program,451.51,3815,50,2
2025-06-23,Direct,Direct_Traffic,113.28,883,34,1
2025-06-24,Google Ads,Search_Brand,3345.7,11209,153,10
2025-06-24,Google Ads,Shopping_Ads,706.32,1195,50,2
2025-06-24,Google Ads,Display_Retarget,12758.29,14434,586,13
2025-06-24,Meta Ads,FB_Prospecting,2076.34,13706,314,16
2025-06-24,Meta Ads,IG_Retarget,,6830,187,5
2025-06-24,Meta Ads,FB_Lookalike,1806.1,7041,301,19
2025-06-24,YouTube Ads,YT_Skippable,694.47,1073,45,2
2025-06-24,YouTube Ads,YT_Bumper,3435.8,8138,77,5
2025-06-24,Email,Weekly_Newsletter,3296.37,3584,83,4
2025-06-24,Email,Cart_Recovery,5237.94,4117,181,4
2025-06-24,Email,Win_Back,1559.03,6031,102,3
2025-06-24,Organic Search,SEO_Category,248.51,1647,36,0
2025-06-24,Affiliate,Affiliate_Network_B,1055.49,4838,133,5
2025-06-24,Referral,Referral_Program,35.91,16978,260,2
2025-06-25,Google Ads,Search_Brand,925.98,3679,22,0
2025-06-25,Google Ads,Search_Generic,651.2,2456,29,0
2025-06-25,Google Ads,Shopping_Ads,,5148,154,11
2025-06-25,Google Ads,Display_Retarget,3667.99,3677,135,6
2025-06-25,Meta Ads,IG_Retarget,,1582,70,1
2025-06-25,Meta Ads,FB_Lookalike,2405.53,4694,85,6
2025-06-25,YouTube Ads,YT_Bumper,1447.93,2506,53,3
2025-06-25,Email,Cart_Recovery,168.27,861,10,0
2025-06-25,Email,Win_Back,8581.94,5877,214,3
2025-06-25,Affiliate,Affiliate_Network_B,924.26,2893,68,1
2025-06-25,Direct,Direct_Traffic,370.57,6956,43,3
2025-06-26,Google Ads,Search_Brand,216.41,1285,9,0
2025-06-26,Google Ads,Search_Generic,2572.38,7736,133,5
2025-06-26,Google Ads,Shopping_Ads,1192.72,5264,59,1
2025-06-26,Meta Ads,IG_Retarget,1834.1,4392,69,4
2025-06-26,YouTube Ads,YT_Skippable,4138.62,3388,128,9
2025-06-26,YouTube Ads,YT_Bumper,439.35,7071,113,1
2025-06-26,Email,Weekly_Newsletter,8472.96,5302,205,2
2025-06-26,Organic Search,SEO_Blog,265.71,11537,153,3
2025-06-26,Organic Search,SEO_Category,254.65,4465,114,6
2025-06-26,Affiliate,Affiliate_Network_B,5493.22,9423,156,9
2025-06-26,Direct,Direct_Traffic,493.63,6126,78,4
2025-06-27,Google Ads,Search_Brand,493.54,1259,38,0
2025-06-27,Google Ads,Search_Generic,361.09,4927,32,1
2025-06-27,Google Ads,Display_Retarget,2924.29,3960,150,8
2025-06-27,Meta Ads,FB_Prospecting,1830.92,2014,58,4
2025-06-27,Meta Ads,IG_Retarget,825.45,1597,44,2
2025-06-27,YouTube Ads,YT_Skippable,5898.9,8325,263,13
2025-06-27,YouTube Ads,YT_Bumper,1300.54,7142,124,6
2025-06-27,Email,Weekly_Newsletter,2281.79,12064,338,19
2025-06-27,Email,Cart_Recovery,1517.36,1777,48,1
2025-06-27,Email,Win_Back,1793.42,11468,114,2
2025-06-27,Organic Search,SEO_Category,297.89,1128,16,0
2025-06-27,Affiliate,Affiliate_Network_A,2794.41,6228,155,1
2025-06-27,Referral,Referral_Program,385.82,3703,53,3
2025-06-28,Google Ads,Search_Brand,3232.53,7132,142,7
2025-06-28,Google Ads,Shopping_Ads,2113.77,7680,57,2
2025-06-28,Google Ads,Display_Retarget,2510.36,3354,130,10
2025-06-28,Meta Ads,FB_Prospecting,,5622,140,9
2025-06-28,Meta Ads,IG_Retarget,214.93,8326,53,3
2025-06-28,Meta Ads,FB_Lookalike,907.7,9190,106,7
2025-06-28,YouTube Ads,YT_Bumper,1146.57,3885,149,10
2025-06-28,Email,Weekly_Newsletter,756.62,1343,44,2
2025-06-28,Email,Cart_Recovery,537.26,5081,28,2
2025-06-28,Email,Win_Back,622.85,1553,17,0
2025-06-28,Organic Search,SEO_Blog,341.42,7990,200,15
2025-06-28,Organic Search,SEO_Category,444.32,7488,206,7
2025-06-28,Referral,Referral_Program,174.51,9529,410,11
2025-06-28,Direct,Direct_Traffic,367.42,4451,69,1
2025-06-29,Google Ads,Search_Generic,171.69,690,7,0
2025-06-29,Google Ads,Shopping_Ads,891.85,814,26,1
2025-06-29,Google Ads,Display_Retarget,215.76,10685,57,3
2025-06-29,Meta Ads,FB_Prospecting,570.92,1590,44,0
2025-06-29,Meta Ads,FB_Lookalike,12.99,123,4,0
2025-06-29,YouTube Ads,YT_Skippable,5900.38,8255,290,12
2025-06-29,YouTube Ads,YT_Bumper,13583.8,14995,310,16
2025-06-29,Email,Weekly_Newsletter,119.78,569,3,0
2025-06-29,Organic Search,SEO_Blog,104.43,6307,275,20
2025-06-29,Affiliate,Affiliate_Network_B,6427.44,8831,263,18
2025-06-29,Referral,Referral_Program,301.36,5419,232,4
2025-06-29,Direct,Direct_Traffic,122.87,12807,239,3
2025-06-30,Google Ads,Search_Brand,4111.82,4407,145,3
2025-06-30,Google Ads,Search_Generic,10752.94,10543,288,4
2025-06-30,Google Ads,Shopping_Ads,902.17,5391,97,7
2025-06-30,Google Ads,Display_Retarget,5626.66,17322,553,8
2025-06-30,Meta Ads,IG_Retarget,2461.09,3555,96,5
2025-06-30,YouTube Ads,YT_Skippable,870.78,7756,128,6
2025-06-30,Email,Weekly_Newsletter,8752.29,23204,537,31
2025-06-30,Email,Cart_Recovery,24117.59,12136,536,23
2025-06-30,Email,Win_Back,1023.07,1984,31,0
2025-06-30,Organic Search,SEO_Category,323.69,1847,61,0
2025-06-30,Affiliate,Affiliate_Network_A,750.18,6086,144,10
2025-06-30,Affiliate,Affiliate_Network_B,3861.45,7416,92,4
2025-06-30,Referral,Referral_Program,451.8,7958,218,2
2025-06-30,Direct,Direct_Traffic,12.39,16803,157,7
2025-07-01,Google Ads,Search_Brand,573.11,2794,95,2
2025-07-01,Google Ads,Shopping_Ads,1512.73,1447,62,3
2025-07-01,Google Ads,Display_Retarget,3848.7,2670,107,8
2025-07-01,Meta Ads,FB_Prospecting,291.08,6153,83,2
2025-07-01,Meta Ads,IG_Retarget,580.57,4328,27,0
2025-07-01,Meta Ads,FB_Lookalike,822.89,2056,27,0
2025-07-01,YouTube Ads,YT_Bumper,5194.02,5651,220,5
2025-07-01,Organic Search,SEO_Category,297.97,5014,68,0
2025-07-01,Affiliate,Affiliate_Network_A,9291.11,11337,257,19
2025-07-01,Affiliate,Affiliate_Network_B,12824.18,14936,297,18
2025-07-01,Referral,Referral_Program,141.89,1688,17,1
2025-07-02,Google Ads,Search_Brand,513.74,2478,26,0
2025-07-02,Google Ads,Search_Generic,3085.23,3356,98,4
2025-07-02,Google Ads,Display_Retarget,2795.0,6769,77,2
2025-07-02,Meta Ads,FB_Prospecting,795.09,589,24,0
2025-07-02,Meta Ads,FB_Lookalike,2648.93,4020,144,5
2025-07-02,YouTube Ads,YT_Skippable,3878.54,3746,149,9
2025-07-02,YouTube Ads,YT_Bumper,7316.24,8955,204,10
2025-07-02,Email,Weekly_Newsletter,5774.38,17230,671,8
2025-07-02,Email,Cart_Recovery,2119.15,4317,58,3
2025-07-02,Email,Win_Back,5738.05,6446,174,6
2025-07-02,Organic Search,SEO_Blog,407.18,6835,214,15
2025-07-02,Organic Search,SEO_Category,59.53,3485,78,3
2025-07-02,Affiliate,Affiliate_Network_A,9053.15,20686,687,43
2025-07-02,Referral,Referral_Program,309.57,4469,29,1
2025-07-02,Direct,Direct_Traffic,21.57,6769,289,12
2025-07-03,Google Ads,Search_Brand,746.64,1497,32,1
2025-07-03,Google Ads,Shopping_Ads,1432.32,3918,47,3
2025-07-03,Meta Ads,FB_Prospecting,2095.02,5118,68,5
2025-07-03,Meta Ads,IG_Retarget,756.35,2234,32,1
2025-07-03,Meta Ads,FB_Lookalike,6158.46,9073,169,9
2025-07-03,YouTube Ads,YT_Skippable,1241.2,9918,226,10
2025-07-03,YouTube Ads,YT_Bumper,1456.66,3501,72,5
2025-07-03,Email,Weekly_Newsletter,3991.7,7735,115,4
2025-07-03,Email,Cart_Recovery,7393.95,12149,382,26
2025-07-03,Email,Win_Back,632.0,1348,17,1
2025-07-03,Organic Search,SEO_Blog,208.62,573,22,1
2025-07-03,Organic Search,SEO_Category,215.15,1672,41,3
2025-07-03,Affiliate,Affiliate_Network_A,614.59,3118,71,3
2025-07-03,Referral,Referral_Program,222.91,2736,18,0
2025-07-03,Direct,Direct_Traffic,58.46,974,28,2
2025-07-04,Google Ads,Shopping_Ads,1615.49,4732,176,3
2025-07-04,Google Ads,Display_Retarget,941.98,5854,224,8
2025-07-04,Meta Ads,IG_Retarget,801.08,1253,43,2
2025-07-04,Meta Ads,FB_Lookalike,5430.07,6886,227,10
2025-07-04,YouTube Ads,YT_Bumper,1107.21,5029,32,1
2025-07-04,Email,Weekly_Newsletter,3287.02,2320,100,3
2025-07-04,Organic Search,SEO_Blog,138.32,11329,358,15
2025-07-04,Organic Search,SEO_Category,108.39,7661,200,5
2025-07-04,Affiliate,Affiliate_Network_A,,2564,105,2
2025-07-04,Direct,Direct_Traffic,37.21,6078,193,8
2025-07-05,Google Ads,Search_Brand,2745.12,6082,79,5
2025-07-05,Google Ads,Search_Generic,2726.01,10099,215,11
2025-07-05,Google Ads,Shopping_Ads,5825.87,3718,149,4
2025-07-05,Google Ads,Display_Retarget,108.49,551,4,0
2025-07-05,Meta Ads,FB_Prospecting,3882.42,6664,257,11
2025-07-05,Meta Ads,IG_Retarget,1630.64,2722,69,0
2025-07-05,Meta Ads,FB_Lookalike,3055.06,13062,160,5
2025-07-05,YouTube Ads,YT_Skippable,2017.85,2863,85,1
2025-07-05,YouTube Ads,YT_Bumper,186.82,1426,7,0
2025-07-05,Email,Win_Back,291.22,1209,37,1
2025-07-05,Organic Search,SEO_Blog,309.54,3677,64,1
2025-07-05,Organic Search,SEO_Category,332.37,9676,365,21
2025-07-05,Affiliate,Affiliate_Network_A,2407.57,6649,170,8
2025-07-05,Affiliate,Affiliate_Network_B,2561.56,2858,98,3
2025-07-05,Referral,Referral_Program,225.84,5051,29,1
2025-07-06,Google Ads,Search_Brand,11154.73,8814,306,14
2025-07-06,Google Ads,Shopping_Ads,523.82,2466,19,1
2025-07-06,Google Ads,Display_Retarget,29802.21,18274,773,39
2025-07-06,Meta Ads,FB_Prospecting,1280.45,1851,73,5
2025-07-06,Meta Ads,IG_Retarget,3534.61,3154,103,5
2025-07-06,Meta Ads,FB_Lookalike,355.56,4809,91,6
2025-07-06,YouTube Ads,YT_Skippable,145.92,3124,38,2
2025-07-06,Email,Weekly_Newsletter,,1674,40,0
2025-07-06,Email,Cart_Recovery,130.42,437,3,0
2025-07-06,Organic Search,SEO_Blog,48.08,4607,58,4
2025-07-06,Affiliate,Affiliate_Network_B,3457.02,5391,241,7
2025-07-06,Direct,Direct_Traffic,332.06,4889,60,1
2025-07-07,Google Ads,Search_Generic,22301.42,18367,610,7
2025-07-07,Google Ads,Shopping_Ads,10291.32,10911,335,19
2025-07-07,Google Ads,Display_Retarget,744.53,3134,41,2
2025-07-07,Meta Ads,FB_Prospecting,986.74,995,44,1
2025-07-07,Meta Ads,IG_Retarget,202.07,243,9,0
2025-07-07,Meta Ads,FB_Lookalike,8420.38,9426,247,4
2025-07-07,YouTube Ads,YT_Skippable,4148.42,6391,112,6
2025-07-07,YouTube Ads,YT_Bumper,500.91,398,16,1
2025-07-07,Email,Cart_Recovery,299.5,875,10,0
2025-07-07,Email,Win_Back,94.04,1364,26,0
2025-07-07,Organic Search,SEO_Blog,168.47,10559,350,8
2025-07-07,Organic Search,SEO_Category,356.96,5931,109,3
2025-07-07,Affiliate,Affiliate_Network_A,2250.2,4754,77,2
2025-07-07,Direct,Direct_Traffic,399.81,6365,260,11
2025-07-08,Google Ads,Search_Brand,2523.65,5704,146,8
2025-07-08,Google Ads,Search_Generic,1427.6,2439,33,1
2025-07-08,Google Ads,Shopping_Ads,700.88,3005,54,0
2025-07-08,Meta Ads,FB_Lookalike,3237.73,10416,281,8
2025-07-08,YouTube Ads,YT_Bumper,1417.78,7337,136,2
2025-07-08,Email,Cart_Recovery,6685.46,6866,172,3
2025-07-08,Email,Win_Back,2347.42,3232,53,0
2025-07-08,Organic Search,SEO_Blog,51.39,509,13,0
2025-07-08,Referral,Referral_Program,89.68,11622,419,18
2025-07-08,Direct,Direct_Traffic,190.46,7712,171,11
2025-07-09,Google Ads,Search_Brand,4112.97,4027,93,2
2025-07-09,Meta Ads,FB_Prospecting,4123.7,6176,185,13
2025-07-09,Meta Ads,IG_Retarget,1193.9,6425,94,6
2025-07-09,Meta Ads,FB_Lookalike,1276.4,3401,67,4
2025-07-09,YouTube Ads,YT_Skippable,94.33,3221,17,0
2025-07-09,Email,Cart_Recovery,1153.9,6897,129,1
2025-07-09,Email,Win_Back,6160.83,9668,153,4
2025-07-09,Organic Search,SEO_Blog,398.6,9524,188,2
2025-07-09,Organic Search,SEO_Category,376.24,3001,29,1
2025-07-09,Affiliate,Affiliate_Network_A,11155.95,10548,309,10
2025-07-09,Affiliate,Affiliate_Network_B,423.16,2745,38,1
2025-07-09,Referral,Referral_Program,362.03,4248,167,8
2025-07-09,Direct,Direct_Traffic,79.48,1849,73,4
2025-07-10,Google Ads,Search_Generic,5579.78,9203,274,10
2025-07-10,Google Ads,Shopping_Ads,2396.43,4395,124,7
2025-07-10,Meta Ads,FB_Prospecting,1910.46,9789,196,8
2025-07-10,Meta Ads,IG_Retarget,1106.2,2656,64,3
2025-07-10,Meta Ads,FB_Lookalike,,5049,214,5
2025-07-10,YouTube Ads,YT_Bumper,5802.13,5128,173,10
2025-07-10,Email,Weekly_Newsletter,1153.11,2023,32,0
2025-07-10,Email,Cart_Recovery,785.68,5829,213,15
2025-07-10,Email,Win_Back,507.91,3101,83,2
2025-07-10,Organic Search,SEO_Blog,209.02,1277,34,1
2025-07-10,Organic Search,SEO_Category,259.57,10556,304,9
2025-07-10,Affiliate,Affiliate_Network_A,1480.11,12577,65,2
2025-07-10,Affiliate,Affiliate_Network_B,1386.81,13767,75,4
2025-07-10,Referral,Referral_Program,496.57,3810,102,5
2025-07-11,Google Ads,Shopping_Ads,6212.11,4519,145,10
2025-07-11,Google Ads,Display_Retarget,997.38,9665,325,5
2025-07-11,Meta Ads,FB_Prospecting,947.05,2752,110,2
2025-07-11,Meta Ads,IG_Retarget,1402.58,6778,43,1
2025-07-11,Meta Ads,FB_Lookalike,671.59,4238,83,4
2025-07-11,YouTube Ads,YT_Bumper,,10199,157,8
2025-07-11,Email,Weekly_Newsletter,545.99,3382,128,3
2025-07-11,Email,Win_Back,6066.74,4001,162,7
2025-07-11,Organic Search,SEO_Blog,192.25,3225,110,8
2025-07-11,Affiliate,Affiliate_Network_A,435.3,1827,12,0
2025-07-11,Affiliate,Affiliate_Network_B,1642.32,7294,42,0
2025-07-11,Direct,Direct_Traffic,105.32,4725,71,2
2025-07-12,Google Ads,Shopping_Ads,6816.36,11663,271,13
2025-07-12,Google Ads,Display_Retarget,3289.43,7808,324,10
2025-07-12,Meta Ads,IG_Retarget,857.06,781,26,1
2025-07-12,Meta Ads,FB_Lookalike,12164.9,18070,414,4
2025-07-12,YouTube Ads,YT_Skippable,5641.52,9818,264,19
2025-07-12,YouTube Ads,YT_Bumper,1589.42,8967,157,11
2025-07-12,Email,Weekly_Newsletter,3769.57,23182,214,15
2025-07-12,Email,Cart_Recovery,175.31,1849,34,0
2025-07-12,Email,Win_Back,3939.01,10794,161,3
2025-07-12,Affiliate,Affiliate_Network_A,12524.03,7463,289,7
2025-07-12,Affiliate,Affiliate_Network_B,4182.21,11954,261,20
2025-07-12,Referral,Referral_Program,305.71,124,1,0
2025-07-12,Direct,Direct_Traffic,481.68,10259,283,8
2025-07-13,Google Ads,Search_Brand,11584.18,11545,335,13
2025-07-13,Google Ads,Search_Generic,1240.49,2610,29,2
2025-07-13,Google Ads,Display_Retarget,415.67,6687,84,4
2025-07-13,Meta Ads,FB_Prospecting,1064.97,5710,47,2
2025-07-13,Meta Ads,IG_Retarget,6078.55,7729,274,15
2025-07-13,Meta Ads,FB_Lookalike,895.52,6253,43,1
2025-07-13,YouTube Ads,YT_Skippable,3038.34,3339,104,5
2025-07-13,Email,Weekly_Newsletter,900.37,4376,40,2
2025-07-13,Email,Cart_Recovery,1694.46,8716,83,5
2025-07-13,Affiliate,Affiliate_Network_A,4344.01,6993,153,4
2025-07-13,Referral,Referral_Program,90.28,10719,374,24
2025-07-14,Google Ads,Search_Brand,4891.9,6771,303,12
2025-07-14,Google Ads,Search_Generic,297.15,1109,19,0
2025-07-14,Google Ads,Shopping_Ads,5530.36,8390,250,17
2025-07-14,Google Ads,Display_Retarget,410.79,488,10,0
2025-07-14,Meta Ads,IG_Retarget,2480.82,6350,77,1
2025-07-14,Meta Ads,FB_Lookalike,1448.91,6699,186,2
2025-07-14,YouTube Ads,YT_Skippable,3633.78,2131,82,2
2025-07-14,Email,Cart_Recovery,2168.32,6492,80,2
2025-07-14,Affiliate,Affiliate_Network_B,5665.0,4034,131,4
2025-07-14,Referral,Referral_Program,190.46,1999,42,2
2025-07-15,Google Ads,Search_Brand,3329.8,3555,149,6
2025-07-15,Google Ads,Search_Generic,1992.31,5545,140,5
2025-07-15,Google Ads,Display_Retarget,3864.52,9570,122,9
2025-07-15,Meta Ads,FB_Prospecting,194.68,3824,23,0
2025-07-15,Meta Ads,IG_Retarget,1130.92,5102,86,5
2025-07-15,Meta Ads,FB_Lookalike,7535.04,9471,184,11
2025-07-15,YouTube Ads,YT_Skippable,2704.8,7468,89,5
2025-07-15,YouTube Ads,YT_Bumper,3821.49,8825,240,14
2025-07-15,Email,Cart_Recovery,13187.39,9625,354,25
2025-07-15,Organic Search,SEO_Blog,72.64,7760,52,1
2025-07-15,Affiliate,Affiliate_Network_A,5581.79,3915,159,3
2025-07-15,Affiliate,Affiliate_Network_B,11971.99,8754,274,4
2025-07-15,Referral,Referral_Program,173.47,6182,172,6
2025-07-15,Direct,Direct_Traffic,458.19,5218,192,1
2025-07-16,Google Ads,Search_Brand,1985.39,4697,127,8
2025-07-16,Google Ads,Shopping_Ads,347.39,4195,102,5
2025-07-16,Google Ads,Display_Retarget,2193.32,2272,93,2
2025-07-16,Meta Ads,FB_Prospecting,6113.97,13719,511,11
2025-07-16,Meta Ads,IG_Retarget,14225.37,18363,667,51
2025-07-16,Meta Ads,FB_Lookalike,1251.77,4499,49,2
2025-07-16,Email,Weekly_Newsletter,6135.01,10935,165,12
2025-07-16,Email,Cart_Recovery,4269.92,3338,127,7
2025-07-16,Organic Search,SEO_Blog,27.83,535,4,0
2025-07-16,Organic Search,SEO_Category,3.07,4746,128,7
2025-07-16,Affiliate,Affiliate_Network_B,7334.1,4577,198,5
2025-07-16,Referral,Referral_Program,474.9,17135,731,11
2025-07-17,Google Ads,Search_Generic,5945.83,13375,246,16
2025-07-17,Meta Ads,FB_Prospecting,1041.88,2582,88,5
2025-07-17,Meta Ads,IG_Retarget,103.78,514,3,0
2025-07-17,Meta Ads,FB_Lookalike,2625.66,5054,204,15
2025-07-17,YouTube Ads,YT_Skippable,318.93,2833,25,0
2025-07-17,Email,Weekly_Newsletter,14613.37,14880,400,12
2025-07-17,Email,Win_Back,92.09,226,9,0
2025-07-17,Organic Search,SEO_Blog,458.21,2937,73,4
2025-07-17,Organic Search,SEO_Category,438.58,3549,25,1
2025-07-17,Affiliate,Affiliate_Network_A,2368.82,4619,147,10
2025-07-17,Affiliate,Affiliate_Network_B,928.23,2649,90,2
2025-07-17,Referral,Referral_Program,61.93,13032,249,16
2025-07-18,Google Ads,Search_Brand,431.7,1359,11,0
2025-07-18,Google Ads,Search_Generic,12889.83,10185,309,23
2025-07-18,Google Ads,Shopping_Ads,619.17,7892,44,0
2025-07-18,Google Ads,Display_Retarget,3550.25,3817,156,2
2025-07-18,Meta Ads,FB_Prospecting,3097.19,5521,160,10
2025-07-18,Meta Ads,IG_Retarget,4230.37,10665,406,16
2025-07-18,Meta Ads,FB_Lookalike,1298.66,1416,44,3
2025-07-18,YouTube Ads,YT_Skippable,103.63,534,11,0
2025-07-18,YouTube Ads,YT_Bumper,12479.12,16981,316,8
2025-07-18,Email,Weekly_Newsletter,3999.64,5036,159,6
2025-07-18,Organic Search,SEO_Blog,310.6,2720,119,9
2025-07-18,Organic Search,SEO_Category,47.74,4871,168,2
2025-07-18,Affiliate,Affiliate_Network_B,906.9,3170,30,0
2025-07-19,Google Ads,Search_Brand,877.23,2363,51,3
2025-07-19,Meta Ads,IG_Retarget,1578.69,1377,59,2
2025-07-19,Meta Ads,FB_Lookalike,3156.54,2661,80,3
2025-07-19,YouTube Ads,YT_Bumper,1608.01,6295,108,1
2025-07-19,Email,Weekly_Newsletter,6333.98,14551,345,9
2025-07-19,Email,Cart_Recovery,756.7,2151,39,1
2025-07-19,Email,Win_Back,2030.26,5673,84,4
2025-07-19,Organic Search,SEO_Blog,173.19,5838,149,6
2025-07-19,Organic Search,SEO_Category,431.27,2882,29,2
2025-07-19,Affiliate,Affiliate_Network_A,1174.69,2124,27,1
2025-07-19,Referral,Referral_Program,195.01,7033,290,4
2025-07-20,Google Ads,Search_Brand,10019.31,12198,390,7
2025-07-20,Google Ads,Search_Generic,4645.32,7006,251,7
2025-07-20,Meta Ads,FB_Prospecting,1202.91,6607,60,3
2025-07-20,Meta Ads,IG_Retarget,496.29,9636,75,4
2025-07-20,YouTube Ads,YT_Skippable,881.18,906,34,0
2025-07-20,YouTube Ads,YT_Bumper,1300.37,2348,64,1
2025-07-20,Email,Cart_Recovery,823.93,16126,110,4
2025-07-20,Organic Search,SEO_Blog,262.23,11596,398,25
2025-07-20,Organic Search,SEO_Category,29.27,9296,254,12
2025-07-20,Affiliate,Affiliate_Network_A,532.63,1449,35,1
2025-07-20,Affiliate,Affiliate_Network_B,4293.39,4181,156,7
2025-07-20,Direct,Direct_Traffic,168.45,3998,105,2
2025-07-21,Google Ads,Search_Brand,350.33,732,30,2
2025-07-21,Google Ads,Search_Generic,9903.05,10065,241,6
2025-07-21,Google Ads,Shopping_Ads,3976.14,3410,118,8
2025-07-21,Meta Ads,FB_Prospecting,394.44,4784,52,1
2025-07-21,Meta Ads,IG_Retarget,3059.59,24591,585,32
2025-07-21,Meta Ads,FB_Lookalike,637.75,5278,102,6
2025-07-21,YouTube Ads,YT_Skippable,3841.63,8327,269,8
2025-07-21,YouTube Ads,YT_Bumper,2611.73,3009,60,3
2025-07-21,Email,Win_Back,5319.31,6379,154,6
2025-07-22,Google Ads,Search_Brand,16991.63,11549,485,15
2025-07-22,Google Ads,Shopping_Ads,2550.41,2682,85,2
2025-07-22,Meta Ads,FB_Prospecting,6594.09,5599,218,17
2025-07-22,Meta Ads,FB_Lookalike,1482.37,2990,67,2
2025-07-22,YouTube Ads,YT_Skippable,3538.51,5355,87,1
2025-07-22,YouTube Ads,YT_Bumper,2865.11,1765,69,3
2025-07-22,Email,Weekly_Newsletter,2826.0,6162,67,2
2025-07-22,Email,Cart_Recovery,446.09,2756,20,0
2025-07-22,Email,Win_Back,3182.21,6458,89,5
2025-07-22,Organic Search,SEO_Blog,475.78,15520,224,8
2025-07-22,Organic Search,SEO_Category,368.06,5384,76,1
2025-07-22,Affiliate,Affiliate_Network_B,,3389,131,4
2025-07-22,Direct,Direct_Traffic,348.72,2901,53,2
2025-07-23,Google Ads,Search_Brand,8278.66,6985,304,13
2025-07-23,Google Ads,Search_Generic,1725.63,9340,94,5
2025-07-23,Google Ads,Display_Retarget,546.9,5156,37,1
2025-07-23,Meta Ads,IG_Retarget,450.21,756,22,1
2025-07-23,YouTube Ads,YT_Skippable,3701.49,3892,102,5
2025-07-23,YouTube Ads,YT_Bumper,139.55,1372,22,1
2025-07-23,Email,Win_Back,121.58,4124,33,1
2025-07-23,Organic Search,SEO_Blog,331.94,19211,236,7
2025-07-23,Affiliate,Affiliate_Network_A,1637.88,4699,51,3
2025-07-23,Referral,Referral_Program,442.66,9802,280,20
2025-07-23,Direct,Direct_Traffic,357.77,2990,74,2
2025-07-24,Google Ads,Search_Generic,2290.88,3047,55,3
2025-07-24,Google Ads,Display_Retarget,1962.21,7208,162,9
2025-07-24,Meta Ads,IG_Retarget,2353.74,2805,55,3
2025-07-24,YouTube Ads,YT_Skippable,11362.32,7075,301,8
2025-07-24,Email,Weekly_Newsletter,1272.65,3214,29,1
2025-07-24,Email,Cart_Recovery,6515.37,6884,182,9
2025-07-24,Organic Search,SEO_Blog,58.26,2506,83,3
2025-07-24,Organic Search,SEO_Category,261.69,1027,17,0
2025-07-24,Affiliate,Affiliate_Network_A,6920.48,10992,215,5
2025-07-24,Affiliate,Affiliate_Network_B,18325.11,10933,431,15
2025-07-25,Google Ads,Search_Generic,2513.16,5850,128,9
2025-07-25,Google Ads,Shopping_Ads,1175.56,9881,176,8
2025-07-25,Google Ads,Display_Retarget,825.92,820,29,2
2025-07-25,Meta Ads,IG_Retarget,490.81,4808,84,4
2025-07-25,Meta Ads,FB_Lookalike,2945.66,5882,101,3
2025-07-25,YouTube Ads,YT_Skippable,1347.07,4347,140,4
2025-07-25,YouTube Ads,YT_Bumper,503.91,3360,26,1
2025-07-25,Email,Cart_Recovery,3810.68,6788,104,6
2025-07-25,Email,Win_Back,615.31,2132,64,3
2025-07-25,Organic Search,SEO_Blog,407.65,3622,76,3
2025-07-25,Affiliate,Affiliate_Network_A,2449.15,8259,186,2
2025-07-25,Referral,Referral_Program,106.72,8906,304,12
2025-07-25,Direct,Direct_Traffic,127.58,7699,132,2
2025-07-26,Google Ads,Search_Brand,642.57,2056,84,5
2025-07-26,Google Ads,Search_Generic,535.16,1081,40,1
2025-07-26,Google Ads,Shopping_Ads,521.47,915,15,1
2025-07-26,Google Ads,Display_Retarget,3740.7,5425,93,6
2025-07-26,Meta Ads,FB_Lookalike,4769.94,7917,119,6
2025-07-26,YouTube Ads,YT_Skippable,5383.85,9611,403,28
2025-07-26,YouTube Ads,YT_Bumper,3283.39,7373,124,3
2025-07-26,Email,Weekly_Newsletter,4128.98,3808,97,4
2025-07-26,Email,Cart_Recovery,5078.76,11575,142,5
2025-07-26,Email,Win_Back,11101.23,13204,545,24
2025-07-26,Affiliate,Affiliate_Network_A,1113.76,11254,139,1
2025-07-26,Referral,Referral_Program,411.06,7718,123,2
2025-07-27,Google Ads,Search_Brand,2002.62,2826,48,2
2025-07-27,Google Ads,Search_Generic,711.95,5511,206,5
2025-07-27,Google Ads,Shopping_Ads,5714.21,17979,200,13
2025-07-27,Meta Ads,FB_Lookalike,718.08,3783,71,2
2025-07-27,YouTube Ads,YT_Skippable,4624.05,8967,273,11
2025-07-27,YouTube Ads,YT_Bumper,4981.16,17095,415,13
2025-07-27,Email,Win_Back,2501.68,7362,100,5
2025-07-27,Organic Search,SEO_Category,398.73,6358,274,14
2025-07-27,Affiliate,Affiliate_Network_B,234.76,901,19,0
2025-07-27,Referral,Referral_Program,168.69,14186,370,22
2025-07-27,Direct,Direct_Traffic,169.09,3256,50,1
2025-07-28,Google Ads,Search_Brand,4507.75,4029,105,6
2025-07-28,Google Ads,Search_Generic,2422.59,10171,439,27
2025-07-28,Google Ads,Shopping_Ads,632.99,8390,102,4
2025-07-28,Google Ads,Display_Retarget,8745.12,5581,232,9
2025-07-28,Meta Ads,FB_Lookalike,53.49,638,6,0
2025-07-28,YouTube Ads,YT_Skippable,11637.11,7770,284,11
2025-07-28,YouTube Ads,YT_Bumper,14139.93,11108,365,23
2025-07-28,Email,Weekly_Newsletter,129.63,1328,21,0
2025-07-28,Email,Win_Back,2495.44,4569,176,3
2025-07-28,Organic Search,SEO_Blog,492.12,2414,68,4
2025-07-28,Referral,Referral_Program,241.33,8065,46,0
2025-07-28,Direct,Direct_Traffic,142.5,2088,35,2
2025-07-29,Google Ads,Shopping_Ads,1373.47,3951,166,3
2025-07-29,Google Ads,Display_Retarget,4328.86,6003,120,7
2025-07-29,Meta Ads,IG_Retarget,9690.86,8190,315,21
2025-07-29,Meta Ads,FB_Lookalike,6344.3,5555,167,6
2025-07-29,Email,Weekly_Newsletter,9800.45,7241,248,9
2025-07-29,Organic Search,SEO_Blog,128.43,4585,167,12
2025-07-29,Organic Search,SEO_Category,498.08,2618,29,1
2025-07-29,Affiliate,Affiliate_Network_A,1954.91,17006,299,12
2025-07-29,Affiliate,Affiliate_Network_B,353.12,4066,32,2
2025-07-29,Direct,Direct_Traffic,91.25,6184,150,7
2025-07-30,Google Ads,Search_Brand,548.75,2484,78,4
2025-07-30,Google Ads,Search_Generic,7122.59,5124,200,7
2025-07-30,Google Ads,Shopping_Ads,2199.67,1350,58,3
2025-07-30,Google Ads,Display_Retarget,196.88,4755,39,1
2025-07-30,Meta Ads,FB_Prospecting,489.28,4314,110,1
2025-07-30,Meta Ads,IG_Retarget,22706.18,27214,965,68
2025-07-30,Meta Ads,FB_Lookalike,10674.36,11589,288,8
2025-07-30,YouTube Ads,YT_Skippable,2647.46,11876,127,2
2025-07-30,YouTube Ads,YT_Bumper,14349.58,12663,364,10
2025-07-30,Email,Weekly_Newsletter,334.02,5496,35,1
2025-07-30,Email,Cart_Recovery,8648.54,17858,741,26
2025-07-30,Email,Win_Back,260.89,3999,21,0
2025-07-30,Organic Search,SEO_Blog,396.69,8533,271,12
2025-07-30,Organic Search,SEO_Category,324.02,1602,19,0
2025-07-30,Affiliate,Affiliate_Network_A,3860.96,4052,128,3
2025-07-30,Affiliate,Affiliate_Network_B,2113.45,2154,48,2
2025-07-30,Referral,Referral_Program,348.5,1337,43,1
2025-07-30,Direct,Direct_Traffic,163.15,6973,171,4
2025-07-31,Google Ads,Shopping_Ads,18.43,131,1,0
2025-07-31,Google Ads,Display_Retarget,1749.62,2437,62,4
2025-07-31,Meta Ads,FB_Lookalike,1741.52,5387,54,2
2025-07-31,YouTube Ads,YT_Skippable,1839.96,6636,55,2
2025-07-31,YouTube Ads,YT_Bumper,118.92,4205,27,1
2025-07-31,Email,Weekly_Newsletter,3580.29,4873,121,5
2025-07-31,Email,Cart_Recovery,85.32,222,4,0
2025-07-31,Email,Win_Back,1153.64,3570,104,5
2025-07-31,Organic Search,SEO_Blog,461.81,1913,12,0
2025-07-31,Affiliate,Affiliate_Network_A,508.62,3040,72,4
2025-07-31,Affiliate,Affiliate_Network_B,3324.1,2785,122,8
2025-07-31,Referral,Referral_Program,68.69,8684,220,7
2025-08-01,Google Ads,Search_Brand,2263.49,6718,68,4
2025-08-01,Google Ads,Search_Generic,3065.12,7098,92,1
2025-08-01,Google Ads,Shopping_Ads,857.3,2156,43,1
2025-08-01,Google Ads,Display_Retarget,1764.85,1592,43,3
2025-08-01,Meta Ads,IG_Retarget,1430.81,2145,72,3
2025-08-01,Meta Ads,FB_Lookalike,4433.05,6353,238,5
2025-08-01,YouTube Ads,YT_Skippable,1574.38,10532,138,2
2025-08-01,YouTube Ads,YT_Bumper,3330.98,3518,79,3
2025-08-01,Email,Weekly_Newsletter,1061.8,1087,47,2
2025-08-01,Email,Cart_Recovery,4566.97,9934,226,4
2025-08-01,Email,Win_Back,10913.18,15496,543,7
2025-08-01,Organic Search,SEO_Category,81.18,4525,61,4
2025-08-01,Affiliate,Affiliate_Network_A,3801.43,6144,200,13
2025-08-01,Affiliate,Affiliate_Network_B,34489.35,23571,923,57
2025-08-01,Direct,Direct_Traffic,216.68,1158,26,1
2025-08-02,Google Ads,Search_Brand,1089.38,1955,57,0
2025-08-02,Google Ads,Search_Generic,635.07,721,15,0
2025-08-02,Google Ads,Shopping_Ads,1549.76,2100,65,5
2025-08-02,Google Ads,Display_Retarget,3215.11,4979,103,5
2025-08-02,Meta Ads,FB_Prospecting,4274.84,4394,129,8
2025-08-02,Meta Ads,IG_Retarget,2314.49,3521,110,4
2025-08-02,Meta Ads,FB_Lookalike,611.68,2887,58,3
2025-08-02,YouTube Ads,YT_Skippable,6505.26,13869,505,37
2025-08-02,Email,Cart_Recovery,3890.15,8800,272,19
2025-08-02,Email,Win_Back,751.57,3599,101,3
2025-08-02,Organic Search,SEO_Category,92.1,3683,124,5
2025-08-02,Affiliate,Affiliate_Network_A,4406.97,6272,182,2
2025-08-02,Affiliate,Affiliate_Network_B,1347.63,2639,31,0
2025-08-02,Direct,Direct_Traffic,408.96,4765,132,8
2025-08-03,Google Ads,Search_Generic,3457.66,8664,94,4
2025-08-03,Google Ads,Shopping_Ads,1262.34,5306,192,3
2025-08-03,Google Ads,Display_Retarget,4276.28,2497,99,2
2025-08-03,Meta Ads,FB_Prospecting,2978.24,4235,70,1
2025-08-03,YouTube Ads,YT_Bumper,3704.7,5534,199,5
2025-08-03,Email,Weekly_Newsletter,872.11,3277,40,1
2025-08-03,Email,Cart_Recovery,6544.76,4921,194,9
2025-08-03,Email,Win_Back,2408.96,4844,108,4
2025-08-03,Organic Search,SEO_Blog,106.6,4432,87,5
2025-08-03,Affiliate,Affiliate_Network_A,489.73,1964,16,0
2025-08-03,Referral,Referral_Program,180.86,2823,47,0
2025-08-03,Direct,Direct_Traffic,432.46,17403,580,46
2025-08-04,Google Ads,Shopping_Ads,5549.98,19040,214,10
2025-08-04,Meta Ads,FB_Lookalike,878.19,4413,141,10
2025-08-04,YouTube Ads,YT_Skippable,292.11,3194,16,1
2025-08-04,YouTube Ads,YT_Bumper,13323.92,15976,345,27
2025-08-04,Email,Weekly_Newsletter,901.92,1876,63,4
2025-08-04,Email,Win_Back,915.69,1613,29,1
2025-08-04,Organic Search,SEO_Blog,247.25,1518,49,0
2025-08-04,Organic Search,SEO_Category,172.74,8722,89,5
2025-08-04,Affiliate,Affiliate_Network_B,13724.46,18493,761,56
2025-08-05,Google Ads,Search_Generic,2993.95,1886,71,4
2025-08-05,Google Ads,Shopping_Ads,8910.72,12495,286,6
2025-08-05,Google Ads,Display_Retarget,1422.94,5062,60,3
2025-08-05,Meta Ads,IG_Retarget,5502.41,9454,180,13
2025-08-05,Meta Ads,FB_Lookalike,362.87,2358,34,1
2025-08-05,YouTube Ads,YT_Bumper,1614.57,4435,156,2
2025-08-05,Email,Weekly_Newsletter,2146.47,10181,298,19
2025-08-05,Email,Cart_Recovery,877.77,5753,58,2
2025-08-05,Email,Win_Back,1801.64,1952,60,1
2025-08-05,Organic Search,SEO_Category,113.64,2415,30,1
2025-08-05,Affiliate,Affiliate_Network_A,1709.03,8341,163,9
2025-08-05,Affiliate,Affiliate_Network_B,11679.88,7561,332,5
2025-08-05,Direct,Direct_Traffic,325.07,10871,267,11
2025-08-06,Google Ads,Search_Brand,8314.21,17093,721,36
2025-08-06,Google Ads,Search_Generic,2646.62,5061,137,3
2025-08-06,Google Ads,Shopping_Ads,3922.99,5547,128,5
2025-08-06,Meta Ads,IG_Retarget,13452.09,12603,479,18
2025-08-06,Meta Ads,FB_Lookalike,3028.56,6123,79,3
2025-08-06,YouTube Ads,YT_Skippable,2985.65,3473,103,7
2025-08-06,YouTube Ads,YT_Bumper,1623.78,7008,96,4
2025-08-06,Email,Weekly_Newsletter,5489.87,6938,302,23
2025-08-06,Email,Win_Back,5663.98,5670,252,10
2025-08-06,Organic Search,SEO_Blog,337.99,10651,57,2
2025-08-06,Organic Search,SEO_Category,309.04,5231,61,4
2025-08-06,Affiliate,Affiliate_Network_A,5128.0,14671,438,31
2025-08-06,Referral,Referral_Program,253.13,2341,76,4
2025-08-06,Direct,Direct_Traffic,491.67,9740,159,2
2025-08-07,Google Ads,Search_Brand,832.7,7463,139,8
2025-08-07,Google Ads,Search_Generic,698.34,1367,56,1
2025-08-07,Google Ads,Shopping_Ads,1442.12,7238,55,3
2025-08-07,Meta Ads,FB_Prospecting,619.2,2655,32,1
2025-08-07,Meta Ads,IG_Retarget,3244.29,5339,167,4
2025-08-07,Meta Ads,FB_Lookalike,1543.46,1915,64,4
2025-08-07,YouTube Ads,YT_Skippable,349.77,2768,69,1
2025-08-07,Email,Cart_Recovery,,6567,271,3
2025-08-07,Affiliate,Affiliate_Network_A,4839.33,5799,209,14
2025-08-07,Affiliate,Affiliate_Network_B,3284.53,3079,77,3
2025-08-07,Referral,Referral_Program,496.64,14656,280,14
2025-08-07,Direct,Direct_Traffic,419.65,5474,50,2
2025-08-08,Google Ads,Search_Brand,2657.93,14809,98,1
2025-08-08,Google Ads,Display_Retarget,3308.79,3652,94,6
2025-08-08,Meta Ads,FB_Prospecting,1467.03,2298,43,2
2025-08-08,Meta Ads,IG_Retarget,533.53,4766,118,5
2025-08-08,Meta Ads,FB_Lookalike,1385.53,1368,40,1
2025-08-08,YouTube Ads,YT_Skippable,818.01,3259,37,0
2025-08-08,YouTube Ads,YT_Bumper,3516.51,7435,123,6
2025-08-08,Email,Weekly_Newsletter,2018.8,2807,85,5
2025-08-08,Email,Cart_Recovery,1627.95,4014,66,1
2025-08-08,Email,Win_Back,4723.14,2904,124,6
2025-08-08,Organic Search,SEO_Blog,86.7,4351,166,10
2025-08-08,Organic Search,SEO_Category,144.8,17819,518,30
2025-08-08,Affiliate,Affiliate_Network_A,3755.94,3354,117,4
2025-08-08,Affiliate,Affiliate_Network_B,1012.98,6157,32,0
2025-08-08,Referral,Referral_Program,259.41,1191,16,0
2025-08-08,Direct,Direct_Traffic,213.15,794,16,0
2025-08-09,Google Ads,Search_Brand,2527.07,2625,112,5
2025-08-09,Google Ads,Search_Generic,10004.84,16808,234,6
2025-08-09,Google Ads,Shopping_Ads,1285.76,9183,195,6
2025-08-09,Google Ads,Display_Retarget,2389.23,3323,77,2
2025-08-09,Meta Ads,FB_Prospecting,8465.35,7278,284,7
2025-08-09,Meta Ads,FB_Lookalike,1011.1,2761,88,5
2025-08-09,YouTube Ads,YT_Skippable,5887.24,3816,137,8
2025-08-09,Email,Cart_Recovery,385.93,632,23,0
2025-08-09,Email,Win_Back,9545.4,4793,214,3
2025-08-09,Organic Search,SEO_Category,23.9,10725,99,1
2025-08-09,Affiliate,Affiliate_Network_A,9516.91,9461,405,8
2025-08-09,Affiliate,Affiliate_Network_B,7243.14,14953,406,30
2025-08-09,Referral,Referral_Program,191.84,6249,31,1
2025-08-09,Direct,Direct_Traffic,88.34,5748,217,16
2025-08-10,Google Ads,Search_Brand,46.93,631,14,0
2025-08-10,Google Ads,Search_Generic,1536.86,2711,50,0
2025-08-10,Google Ads,Shopping_Ads,7662.65,10322,300,17
2025-08-10,Meta Ads,FB_Prospecting,234.68,2157,22,1
2025-08-10,Meta Ads,FB_Lookalike,937.73,5112,74,2
2025-08-10,YouTube Ads,YT_Skippable,1340.57,5141,199,7
2025-08-10,Email,Weekly_Newsletter,1063.81,3133,75,0
2025-08-10,Email,Win_Back,527.71,1152,38,2
2025-08-10,Organic Search,SEO_Blog,391.77,4017,23,0
2025-08-10,Organic Search,SEO_Category,280.81,2832,23,0
2025-08-10,Affiliate,Affiliate_Network_A,1751.49,2530,44,0
2025-08-10,Affiliate,Affiliate_Network_B,1355.42,2418,33,2
2025-08-10,Referral,Referral_Program,62.87,6829,146,3
2025-08-10,Direct,Direct_Traffic,293.89,10628,396,8
2025-08-11,Google Ads,Search_Brand,1992.39,3352,64,2
2025-08-11,Google Ads,Search_Generic,2014.69,7937,111,6
2025-08-11,Google Ads,Display_Retarget,834.89,2598,70,1
2025-08-11,Meta Ads,FB_Prospecting,2944.67,3101,105,3
2025-08-11,Meta Ads,IG_Retarget,5422.47,3433,133,10
2025-08-11,YouTube Ads,YT_Skippable,92.41,425,12,0
2025-08-11,YouTube Ads,YT_Bumper,7257.66,4894,194,12
2025-08-11,Email,Weekly_Newsletter,4017.88,8575,221,17
2025-08-11,Organic Search,SEO_Category,497.61,12826,315,25
2025-08-11,Affiliate,Affiliate_Network_B,626.94,9700,103,7
2025-08-11,Referral,Referral_Program,89.6,12726,412,32
2025-08-11,Direct,Direct_Traffic,17.48,15325,606,12
2025-08-12,Google Ads,Search_Brand,827.35,3289,39,0
2025-08-12,Google Ads,Search_Generic,1426.62,2024,35,0
2025-08-12,Google Ads,Shopping_Ads,23352.24,20464,521,31
2025-08-12,Google Ads,Display_Retarget,11758.61,20387,328,12
2025-08-12,Meta Ads,FB_Prospecting,2114.21,4674,88,2
2025-08-12,Meta Ads,IG_Retarget,3596.4,7080,220,10
2025-08-12,YouTube Ads,YT_Skippable,238.37,1723,11,0
2025-08-12,YouTube Ads,YT_Bumper,520.8,2705,90,1
2025-08-12,Email,Weekly_Newsletter,2174.95,8586,358,19
2025-08-12,Email,Win_Back,2081.78,5566,180,8
2025-08-12,Organic Search,SEO_Blog,335.29,4753,178,7
2025-08-12,Organic Search,SEO_Category,88.58,14154,354,23
2025-08-12,Affiliate,Affiliate_Network_A,1130.25,6661,247,16
2025-08-12,Affiliate,Affiliate_Network_B,775.45,11595,138,5
2025-08-12,Referral,Referral_Program,363.19,4999,38,2
2025-08-13,Google Ads,Search_Generic,2699.14,7495,208,4
2025-08-13,Meta Ads,FB_Prospecting,5361.48,13508,132,9
2025-08-13,Meta Ads,IG_Retarget,435.55,759,22,0
2025-08-13,Meta Ads,FB_Lookalike,9070.71,17370,561,17
2025-08-13,YouTube Ads,YT_Bumper,,1037,14,0
2025-08-13,Email,Weekly_Newsletter,7775.73,7949,202,15
2025-08-13,Email,Cart_Recovery,475.52,7248,134,3
2025-08-13,Email,Win_Back,17601.23,12443,497,17
2025-08-13,Organic Search,SEO_Category,265.92,3511,46,1
2025-08-13,Affiliate,Affiliate_Network_A,1611.07,3957,45,1
2025-08-13,Affiliate,Affiliate_Network_B,1174.85,5175,53,2
2025-08-13,Direct,Direct_Traffic,234.15,7266,260,9
2025-08-14,Google Ads,Search_Generic,6445.31,7389,280,6
2025-08-14,Google Ads,Shopping_Ads,4681.59,6195,268,13
2025-08-14,Google Ads,Display_Retarget,3318.89,6062,119,6
2025-08-14,Meta Ads,FB_Prospecting,3112.2,3308,109,3
2025-08-14,Meta Ads,IG_Retarget,16619.23,12536,470,9
2025-08-14,YouTube Ads,YT_Skippable,5409.76,12506,385,18
2025-08-14,YouTube Ads,YT_Bumper,1439.95,3147,32,1
2025-08-14,Email,Weekly_Newsletter,2616.85,3834,166,5
2025-08-14,Email,Cart_Recovery,308.2,7821,44,2
2025-08-14,Email,Win_Back,5562.12,5650,156,9
2025-08-14,Organic Search,SEO_Blog,342.22,3942,170,3
2025-08-14,Affiliate,Affiliate_Network_A,1664.56,1799,42,0
2025-08-14,Referral,Referral_Program,317.42,3853,86,6
2025-08-14,Direct,Direct_Traffic,303.84,3050,118,2
2025-08-15,Google Ads,Search_Brand,1037.88,3175,117,8
2025-08-15,Google Ads,Shopping_Ads,4024.66,4205,123,6
2025-08-15,Google Ads,Display_Retarget,1211.36,8080,194,9
2025-08-15,Meta Ads,FB_Prospecting,3410.65,3146,113,4
2025-08-15,Meta Ads,FB_Lookalike,,1022,44,0
2025-08-15,YouTube Ads,YT_Bumper,2582.33,3638,103,2
2025-08-15,Email,Weekly_Newsletter,1344.65,3335,59,4
2025-08-15,Email,Cart_Recovery,6223.81,6022,198,11
2025-08-15,Email,Win_Back,5818.46,7209,307,21
2025-08-15,Affiliate,Affiliate_Network_A,2056.76,1613,53,2
2025-08-15,Affiliate,Affiliate_Network_B,648.3,1743,52,3
2025-08-15,Referral,Referral_Program,429.22,2457,47,1
2025-08-15,Direct,Direct_Traffic,140.38,2497,83,1
2025-08-16,Google Ads,Search_Brand,4130.22,13397,156,8
2025-08-16,Google Ads,Search_Generic,1827.07,3427,51,3
2025-08-16,Google Ads,Shopping_Ads,3241.81,7267,85,5
2025-08-16,Meta Ads,IG_Retarget,9151.18,7073,307,21
2025-08-16,YouTube Ads,YT_Bumper,5753.57,18923,789,28
2025-08-16,Email,Weekly_Newsletter,20376.68,16809,747,24
2025-08-16,Email,Cart_Recovery,6853.63,9691,170,7
2025-08-16,Email,Win_Back,1339.81,3604,39,1
2025-08-16,Organic Search,SEO_Blog,126.76,12130,381,24
2025-08-16,Organic Search,SEO_Category,485.59,1773,43,0
2025-08-16,Affiliate,Affiliate_Network_A,4364.53,12042,123,9
2025-08-17,Google Ads,Search_Brand,1228.56,14096,177,5
2025-08-17,Google Ads,Shopping_Ads,14.4,376,2,0
2025-08-17,Meta Ads,IG_Retarget,3754.82,4319,115,8
2025-08-17,Meta Ads,FB_Lookalike,719.96,1245,52,1
2025-08-17,YouTube Ads,YT_Skippable,3864.58,6880,267,14
2025-08-17,YouTube Ads,YT_Bumper,499.72,7542,111,6
2025-08-17,Email,Weekly_Newsletter,229.4,2039,58,2
2025-08-17,Email,Cart_Recovery,10246.99,7116,281,9
2025-08-17,Email,Win_Back,1888.98,7821,112,5
2025-08-17,Organic Search,SEO_Blog,11.04,16927,222,6
2025-08-17,Organic Search,SEO_Category,499.5,12199,378,30
2025-08-17,Affiliate,Affiliate_Network_B,6366.17,11328,284,15
2025-08-17,Referral,Referral_Program,94.62,15131,128,1
2025-08-17,Direct,Direct_Traffic,157.08,3346,25,1
2025-08-18,Google Ads,Search_Brand,1595.39,7501,51,1
2025-08-18,Google Ads,Search_Generic,1244.93,2525,63,1
2025-08-18,Google Ads,Display_Retarget,19806.66,13193,563,24
2025-08-18,Meta Ads,IG_Retarget,87.55,322,2,0
2025-08-18,YouTube Ads,YT_Bumper,5537.66,10799,193,15
2025-08-18,Email,Weekly_Newsletter,1453.71,4155,124,2
2025-08-18,Email,Win_Back,3130.53,3133,105,8
2025-08-18,Organic Search,SEO_Blog,261.98,5072,38,0
2025-08-18,Organic Search,SEO_Category,126.34,999,17,0
2025-08-18,Affiliate,Affiliate_Network_A,554.05,1615,21,0
2025-08-18,Referral,Referral_Program,55.38,7349,73,1
2025-08-18,Direct,Direct_Traffic,196.18,9743,208,6
2025-08-19,Google Ads,Search_Brand,4356.67,14036,630,49
2025-08-19,Google Ads,Search_Generic,14358.74,12253,502,32
2025-08-19,Google Ads,Shopping_Ads,730.3,6234,128,1
2025-08-19,Google Ads,Display_Retarget,1810.46,5843,160,5
2025-08-19,Meta Ads,FB_Prospecting,11777.72,10472,363,11
2025-08-19,Meta Ads,IG_Retarget,1145.42,2744,53,0
2025-08-19,Meta Ads,FB_Lookalike,7591.02,5068,172,3
2025-08-19,YouTube Ads,YT_Skippable,3749.48,13274,310,18
2025-08-19,Email,Weekly_Newsletter,891.09,2134,80,4
2025-08-19,Email,Win_Back,1775.76,7138,63,3
2025-08-19,Organic Search,SEO_Category,263.39,17166,337,6
2025-08-19,Affiliate,Affiliate_Network_A,1474.02,2485,58,1
2025-08-19,Referral,Referral_Program,170.35,4212,87,1
2025-08-19,Direct,Direct_Traffic,457.08,7756,269,6
2025-08-20,Google Ads,Search_Brand,739.07,4681,62,3
2025-08-20,Google Ads,Search_Generic,1360.89,10077,235,11
2025-08-20,Google Ads,Shopping_Ads,132.61,1550,30,0
2025-08-20,Google Ads,Display_Retarget,23054.21,14594,541,5
2025-08-20,Meta Ads,FB_Prospecting,1745.39,1853,43,1
2025-08-20,Meta Ads,FB_Lookalike,1426.24,4485,116,5
2025-08-20,YouTube Ads,YT_Bumper,8080.94,6798,219,14
2025-08-20,Email,Weekly_Newsletter,13397.17,10848,361,9
2025-08-20,Email,Cart_Recovery,934.2,4682,85,6
2025-08-20,Organic Search,SEO_Blog,438.54,6608,192,11
2025-08-20,Organic Search,SEO_Category,31.64,6491,41,0
2025-08-20,Affiliate,Affiliate_Network_B,1058.24,4435,100,3
2025-08-20,Referral,Referral_Program,366.03,1885,15,0
2025-08-21,Google Ads,Search_Brand,203.52,3830,49,3
2025-08-21,Google Ads,Shopping_Ads,8376.9,10865,282,5
2025-08-21,Google Ads,Display_Retarget,8714.23,4869,197,10
2025-08-21,Meta Ads,FB_Prospecting,2293.71,6497,69,0
2025-08-21,Meta Ads,IG_Retarget,2154.31,5711,105,4
2025-08-21,Meta Ads,FB_Lookalike,,3507,116,1
2025-08-21,YouTube Ads,YT_Skippable,1019.81,6080,57,3
2025-08-21,YouTube Ads,YT_Bumper,2258.28,4629,57,3
2025-08-21,Organic Search,SEO_Blog,45.15,9535,370,20
2025-08-21,Affiliate,Affiliate_Network_A,14775.07,12144,521,38
2025-08-21,Affiliate,Affiliate_Network_B,5866.04,4397,166,13
2025-08-21,Direct,Direct_Traffic,166.02,7370,310,22
2025-08-22,Google Ads,Search_Brand,34286.59,19199,791,62
2025-08-22,Google Ads,Search_Generic,1430.98,4648,73,5
2025-08-22,Google Ads,Shopping_Ads,,6270,225,16
2025-08-22,Google Ads,Display_Retarget,3714.21,3193,139,4
2025-08-22,Meta Ads,IG_Retarget,2166.78,4875,93,4
2025-08-22,Meta Ads,FB_Lookalike,1125.76,4620,198,11
2025-08-22,Email,Weekly_Newsletter,3962.71,7765,222,3
2025-08-22,Email,Cart_Recovery,301.42,1931,38,2
2025-08-22,Email,Win_Back,1230.6,13885,216,16
2025-08-22,Organic Search,SEO_Blog,340.9,2899,117,3
2025-08-22,Organic Search,SEO_Category,447.94,3291,99,7
2025-08-22,Referral,Referral_Program,103.4,1595,27,1
2025-08-23,Google Ads,Search_Brand,263.04,2431,23,0
2025-08-23,Google Ads,Search_Generic,2211.96,6742,85,1
2025-08-23,Google Ads,Display_Retarget,542.83,5448,116,6
2025-08-23,Meta Ads,FB_Prospecting,917.37,6311,99,3
2025-08-23,Meta Ads,IG_Retarget,667.07,2880,54,0
2025-08-23,Meta Ads,FB_Lookalike,249.74,515,13,0
2025-08-23,YouTube Ads,YT_Skippable,940.88,7902,107,5
2025-08-23,YouTube Ads,YT_Bumper,3250.48,11990,146,9
2025-08-23,Email,Weekly_Newsletter,1439.13,9027,213,5
2025-08-23,Email,Win_Back,938.34,4866,215,3
2025-08-23,Organic Search,SEO_Category,75.36,10427,76,1
2025-08-23,Referral,Referral_Program,171.43,3673,143,7
2025-08-23,Direct,Direct_Traffic,139.53,4606,75,3
2025-08-24,Google Ads,Search_Brand,1146.17,3622,36,2
2025-08-24,Google Ads,Search_Generic,1986.47,1425,55,2
2025-08-24,Google Ads,Shopping_Ads,1500.22,2038,36,0
2025-08-24,Google Ads,Display_Retarget,516.61,1565,40,3
2025-08-24,YouTube Ads,YT_Skippable,4050.35,3447,131,6
2025-08-24,YouTube Ads,YT_Bumper,2946.84,2151,70,1
2025-08-24,Email,Cart_Recovery,5807.04,6075,149,9
2025-08-24,Email,Win_Back,743.17,1211,23,0
2025-08-24,Organic Search,SEO_Blog,216.74,6380,207,16
2025-08-24,Affiliate,Affiliate_Network_B,1464.81,4234,102,5
2025-08-24,Referral,Referral_Program,429.74,6921,117,1
2025-08-25,Google Ads,Search_Brand,2372.28,6859,63,3
2025-08-25,Google Ads,Display_Retarget,8218.23,7029,250,15
2025-08-25,Meta Ads,FB_Prospecting,793.72,2856,57,3
2025-08-25,Meta Ads,IG_Retarget,3348.31,11044,148,8
2025-08-25,Meta Ads,FB_Lookalike,4292.75,2929,101,5
2025-08-25,YouTube Ads,YT_Skippable,2666.55,5472,71,3
2025-08-25,YouTube Ads,YT_Bumper,3426.14,5204,133,10
2025-08-25,Email,Weekly_Newsletter,6009.19,3863,168,9
2025-08-25,Email,Cart_Recovery,3563.54,9348,138,10
2025-08-25,Email,Win_Back,564.96,1440,32,1
2025-08-25,Affiliate,Affiliate_Network_B,10640.9,19628,344,6
2025-08-25,Referral,Referral_Program,,1495,33,1
2025-08-25,Direct,Direct_Traffic,193.74,1789,18,0
2025-08-26,Google Ads,Search_Brand,4208.43,2733,108,5
2025-08-26,Google Ads,Search_Generic,1673.23,1948,60,4
2025-08-26,Google Ads,Shopping_Ads,917.15,7007,135,4
2025-08-26,Google Ads,Display_Retarget,306.37,2200,66,2
2025-08-26,Meta Ads,FB_Prospecting,4577.68,6432,113,2
2025-08-26,Meta Ads,IG_Retarget,13760.04,10102,316,12
2025-08-26,Meta Ads,FB_Lookalike,654.92,5004,124,4
2025-08-26,YouTube Ads,YT_Bumper,129.57,2941,22,0
2025-08-26,Email,Cart_Recovery,818.6,3309,24,1
2025-08-26,Organic Search,SEO_Blog,394.85,1957,25,0
2025-08-26,Referral,Referral_Program,200.3,438,9,0
2025-08-26,Direct,Direct_Traffic,266.18,10475,356,16
2025-08-27,Google Ads,Search_Brand,9054.94,13550,538,25
2025-08-27,Google Ads,Search_Generic,168.95,567,8,0
2025-08-27,Google Ads,Shopping_Ads,822.49,5655,32,0
2025-08-27,Meta Ads,IG_Retarget,8295.93,6904,196,13
2025-08-27,Meta Ads,FB_Lookalike,532.79,1861,21,1
2025-08-27,YouTube Ads,YT_Skippable,5705.81,5457,177,6
2025-08-27,YouTube Ads,YT_Bumper,8516.68,7076,220,10
2025-08-27,Email,Win_Back,4325.4,6444,199,5
2025-08-27,Organic Search,SEO_Category,83.64,8875,348,17
2025-08-27,Affiliate,Affiliate_Network_A,3958.45,10300,163,3
2025-08-27,Affiliate,Affiliate_Network_B,1222.88,3297,75,3
2025-08-27,Referral,Referral_Program,9.24,1339,41,1
2025-08-28,Google Ads,Search_Brand,6869.23,11837,374,8
2025-08-28,Meta Ads,FB_Prospecting,412.09,3432,20,0
2025-08-28,Meta Ads,FB_Lookalike,1490.1,2679,34,2
2025-08-28,YouTube Ads,YT_Skippable,2911.62,1621,66,0
2025-08-28,YouTube Ads,YT_Bumper,1564.19,2589,47,0
2025-08-28,Email,Cart_Recovery,3912.35,3882,129,3
2025-08-28,Email,Win_Back,4715.44,6127,272,18
2025-08-28,Organic Search,SEO_Blog,405.24,4196,104,3
2025-08-28,Organic Search,SEO_Category,417.48,6337,69,2
2025-08-28,Affiliate,Affiliate_Network_A,1068.17,2061,31,2
2025-08-28,Referral,Referral_Program,128.43,5308,119,6
2025-08-29,Google Ads,Search_Brand,392.64,3827,26,1
2025-08-29,Google Ads,Shopping_Ads,2556.22,3582,66,5
2025-08-29,Meta Ads,FB_Prospecting,,4516,141,8
2025-08-29,Meta Ads,IG_Retarget,1236.13,1751,51,2
2025-08-29,Email,Weekly_Newsletter,8370.92,8075,221,9
2025-08-29,Organic Search,SEO_Blog,167.58,4729,106,4
2025-08-29,Organic Search,SEO_Category,447.03,10031,202,14
2025-08-29,Direct,Direct_Traffic,307.35,11598,291,8
2025-08-30,Google Ads,Search_Generic,13461.91,11048,325,9
2025-08-30,Google Ads,Shopping_Ads,138.46,1510,14,1
2025-08-30,Google Ads,Display_Retarget,594.74,6018,133,10
2025-08-30,Meta Ads,FB_Prospecting,875.2,2160,23,1
2025-08-30,Meta Ads,IG_Retarget,1571.87,3158,35,1
2025-08-30,Meta Ads,FB_Lookalike,4766.05,12382,257,11
2025-08-30,YouTube Ads,YT_Skippable,1379.48,8080,122,1
2025-08-30,YouTube Ads,YT_Bumper,3478.9,4650,177,1
2025-08-30,Email,Weekly_Newsletter,8745.1,5466,226,9
2025-08-30,Email,Cart_Recovery,374.55,10150,113,2
2025-08-30,Email,Win_Back,266.01,1478,12,0
2025-08-30,Organic Search,SEO_Blog,262.46,5249,107,4
2025-08-30,Affiliate,Affiliate_Network_A,3844.76,3410,114,4
2025-08-30,Affiliate,Affiliate_Network_B,16481.83,12567,431,13
2025-08-30,Direct,Direct_Traffic,400.97,12946,573,38
2025-08-31,Google Ads,Display_Retarget,481.09,3932,100,6
2025-08-31,Meta Ads,FB_Prospecting,546.5,1470,40,1
2025-08-31,YouTube Ads,YT_Skippable,1212.19,4133,40,1
2025-08-31,YouTube Ads,YT_Bumper,4114.7,8006,333,14
2025-08-31,Email,Weekly_Newsletter,556.46,873,28,1
2025-08-31,Email,Win_Back,2904.31,7895,162,9
2025-08-31,Organic Search,SEO_Blog,269.31,4444,173,3
2025-08-31,Affiliate,Affiliate_Network_A,228.61,3897,76,4
2025-08-31,Affiliate,Affiliate_Network_B,3546.36,5487,95,4
2025-08-31,Referral,Referral_Program,184.02,5493,30,2
2025-08-31,Direct,Direct_Traffic,152.8,6980,104,1
2025-09-01,Google Ads,Search_Generic,391.51,1225,20,0
2025-09-01,Google Ads,Shopping_Ads,320.97,1894,37,2
2025-09-01,Google Ads,Display_Retarget,489.64,3959,20,1
2025-09-01,Meta Ads,FB_Prospecting,5980.07,9828,239,11
2025-09-01,Meta Ads,IG_Retarget,14986.79,12247,497,26
2025-09-01,Meta Ads,FB_Lookalike,2197.31,3900,112,4
2025-09-01,YouTube Ads,YT_Bumper,2909.39,1710,73,2
2025-09-01,Email,Weekly_Newsletter,1891.26,2697,49,2
2025-09-01,Email,Win_Back,1801.7,12054,95,6
2025-09-01,Organic Search,SEO_Blog,433.03,7681,337,4
2025-09-01,Organic Search,SEO_Category,34.73,4506,109,3
2025-09-01,Referral,Referral_Program,402.15,5735,110,1
2025-09-01,Direct,Direct_Traffic,435.72,3132,40,2
2025-09-02,Google Ads,Search_Brand,6087.78,3550,142,5
2025-09-02,Google Ads,Search_Generic,7265.96,5994,179,12
2025-09-02,Google Ads,Shopping_Ads,4321.86,3860,172,3
2025-09-02,Meta Ads,FB_Prospecting,2109.34,3817,61,4
2025-09-02,Meta Ads,IG_Retarget,2538.05,11274,163,6
2025-09-02,Email,Weekly_Newsletter,4754.44,4271,176,8
2025-09-02,Organic Search,SEO_Blog,164.21,2519,45,0
2025-09-02,Organic Search,SEO_Category,97.78,10148,397,25
2025-09-02,Affiliate,Affiliate_Network_A,15535.69,8771,391,29
2025-09-02,Referral,Referral_Program,35.12,2131,70,2
2025-09-03,Google Ads,Search_Generic,4736.51,6285,179,7
2025-09-03,Google Ads,Shopping_Ads,11283.13,12988,488,26
2025-09-03,Google Ads,Display_Retarget,4854.1,7987,160,3
2025-09-03,Meta Ads,FB_Prospecting,4472.97,4024,173,11
2025-09-03,Meta Ads,IG_Retarget,7537.78,4258,179,5
2025-09-03,Meta Ads,FB_Lookalike,209.88,1730,52,3
2025-09-03,YouTube Ads,YT_Skippable,8875.36,16829,407,18
2025-09-03,YouTube Ads,YT_Bumper,3354.87,16271,223,17
2025-09-03,Email,Weekly_Newsletter,548.5,2508,14,0
2025-09-03,Email,Cart_Recovery,2954.44,3882,170,5
2025-09-03,Organic Search,SEO_Category,182.44,861,16,0
2025-09-03,Affiliate,Affiliate_Network_B,8001.96,8641,355,5
2025-09-03,Referral,Referral_Program,288.48,4462,91,1
2025-09-03,Direct,Direct_Traffic,93.14,3716,76,1
2025-09-04,Google Ads,Search_Brand,525.31,2475,82,6
2025-09-04,Google Ads,Shopping_Ads,2869.27,4041,181,9
2025-09-04,Google Ads,Display_Retarget,1528.65,1860,69,4
2025-09-04,Meta Ads,FB_Prospecting,1810.03,8090,41,2
2025-09-04,Meta Ads,FB_Lookalike,384.38,7774,76,4
2025-09-04,YouTube Ads,YT_Skippable,1843.41,2329,41,1
2025-09-04,Email,Weekly_Newsletter,5006.05,3451,128,7
2025-09-04,Email,Cart_Recovery,762.75,3471,17,0
2025-09-04,Email,Win_Back,6794.05,5359,188,3
2025-09-04,Organic Search,SEO_Category,378.87,19657,873,26
2025-09-04,Affiliate,Affiliate_Network_A,415.87,1495,47,3
2025-09-04,Affiliate,Affiliate_Network_B,8287.17,5752,250,11
2025-09-04,Referral,Referral_Program,137.9,17280,506,11
2025-09-05,Google Ads,Search_Generic,782.11,3948,126,5
2025-09-05,Google Ads,Shopping_Ads,708.72,3239,142,2
2025-09-05,Google Ads,Display_Retarget,3608.6,3274,115,2
2025-09-05,Meta Ads,FB_Prospecting,4558.94,5802,165,3
2025-09-05,Meta Ads,IG_Retarget,192.21,619,8,0
2025-09-05,Meta Ads,FB_Lookalike,792.36,4160,25,1
2025-09-05,YouTube Ads,YT_Bumper,1498.51,7882,67,1
2025-09-05,Email,Cart_Recovery,1102.87,4220,132,7
2025-09-05,Organic Search,SEO_Category,111.95,2706,25,1
2025-09-05,Affiliate,Affiliate_Network_A,7967.26,5512,200,4
2025-09-05,Affiliate,Affiliate_Network_B,2800.22,7506,143,9
2025-09-05,Direct,Direct_Traffic,425.29,3955,177,4
2025-09-06,Google Ads,Search_Generic,5055.88,6525,282,8
2025-09-06,Google Ads,Shopping_Ads,2203.27,4974,164,9
2025-09-06,Google Ads,Display_Retarget,4237.86,3520,139,10
2025-09-06,Meta Ads,FB_Prospecting,751.1,4764,36,0
2025-09-06,Meta Ads,FB_Lookalike,1734.08,8233,168,7
2025-09-06,YouTube Ads,YT_Skippable,419.73,823,15,0
2025-09-06,YouTube Ads,YT_Bumper,952.5,3793,144,10
2025-09-06,Email,Cart_Recovery,62.76,498,10,0
2025-09-06,Email,Win_Back,1622.42,3351,90,2
2025-09-06,Organic Search,SEO_Category,138.44,1827,23,0
2025-09-06,Affiliate,Affiliate_Network_A,505.82,1896,75,3
2025-09-06,Direct,Direct_Traffic,305.81,3348,65,3
2025-09-07,Google Ads,Search_Generic,2806.77,3881,166,9
2025-09-07,Google Ads,Display_Retarget,1504.29,3111,111,5
2025-09-07,Meta Ads,FB_Prospecting,1522.83,7531,266,8
2025-09-07,YouTube Ads,YT_Skippable,6786.67,10552,271,10
2025-09-07,YouTube Ads,YT_Bumper,67.82,1645,16,0
2025-09-07,Organic Search,SEO_Blog,87.82,2046,11,0
2025-09-07,Organic Search,SEO_Category,300.15,5965,89,4
2025-09-07,Affiliate,Affiliate_Network_A,,5645,106,2
2025-09-07,Referral,Referral_Program,118.83,4409,189,4
2025-09-07,Direct,Direct_Traffic,257.88,1503,50,2
2025-09-08,Google Ads,Search_Brand,7291.59,8569,330,12
2025-09-08,Google Ads,Search_Generic,905.41,1092,21,1
2025-09-08,Meta Ads,IG_Retarget,2286.67,1613,67,5
2025-09-08,Meta Ads,FB_Lookalike,881.97,1790,42,1
2025-09-08,YouTube Ads,YT_Skippable,1230.82,8199,248,6
2025-09-08,YouTube Ads,YT_Bumper,3628.43,3367,114,3
2025-09-08,Email,Weekly_Newsletter,9485.77,9862,257,20
2025-09-08,Email,Cart_Recovery,2447.59,2009,68,4
2025-09-08,Organic Search,SEO_Blog,480.34,3982,87,5
2025-09-08,Organic Search,SEO_Category,14.0,3931,80,6
2025-09-08,Affiliate,Affiliate_Network_A,3163.54,5073,138,9
2025-09-08,Referral,Referral_Program,70.31,5558,203,11
2025-09-09,Google Ads,Shopping_Ads,13775.44,10643,343,24
2025-09-09,Meta Ads,FB_Prospecting,1591.42,18153,108,4
2025-09-09,Meta Ads,IG_Retarget,2213.57,2012,58,1
2025-09-09,Meta Ads,FB_Lookalike,9933.81,5448,228,5
2025-09-09,YouTube Ads,YT_Skippable,5101.41,4967,219,11
2025-09-09,Email,Weekly_Newsletter,8559.36,11135,381,22
2025-09-09,Email,Win_Back,4004.24,15857,340,20
2025-09-09,Organic Search,SEO_Blog,299.99,8999,344,13
2025-09-09,Organic Search,SEO_Category,205.63,6313,257,3
2025-09-09,Referral,Referral_Program,382.06,4435,155,6
2025-09-09,Direct,Direct_Traffic,348.45,3794,110,2
2025-09-10,Google Ads,Search_Brand,9722.93,10247,266,5
2025-09-10,Google Ads,Search_Generic,1994.25,2527,84,1
2025-09-10,Google Ads,Shopping_Ads,6512.88,9803,283,14
2025-09-10,Google Ads,Display_Retarget,793.89,3555,19,0
2025-09-10,Meta Ads,IG_Retarget,17068.85,13311,387,28
2025-09-10,Meta Ads,FB_Lookalike,1214.0,6741,49,1
2025-09-10,YouTube Ads,YT_Skippable,3477.95,3053,131,6
2025-09-10,YouTube Ads,YT_Bumper,381.08,2732,71,3
2025-09-10,Email,Cart_Recovery,,13165,308,17
2025-09-10,Email,Win_Back,1994.7,3497,72,4
2025-09-10,Organic Search,SEO_Category,99.73,4450,51,1
2025-09-10,Affiliate,Affiliate_Network_A,1188.86,3570,44,3
2025-09-10,Affiliate,Affiliate_Network_B,1339.86,1992,63,2
2025-09-11,Google Ads,Search_Brand,5499.59,6074,156,3
2025-09-11,Google Ads,Shopping_Ads,2752.61,2898,78,0
2025-09-11,Google Ads,Display_Retarget,6403.92,10264,436,9
2025-09-11,Meta Ads,FB_Prospecting,2076.99,9186,91,3
2025-09-11,Meta Ads,IG_Retarget,9006.96,10355,201,9
2025-09-11,Meta Ads,FB_Lookalike,1538.47,1727,68,2
2025-09-11,YouTube Ads,YT_Skippable,6400.79,5965,158,8
2025-09-11,YouTube Ads,YT_Bumper,2503.39,5512,115,6
2025-09-11,Email,Win_Back,9930.67,11691,317,11
2025-09-11,Organic Search,SEO_Blog,62.19,1827,67,4
2025-09-11,Organic Search,SEO_Category,103.2,11156,188,12
2025-09-11,Affiliate,Affiliate_Network_A,35535.95,24003,868,59
2025-09-11,Affiliate,Affiliate_Network_B,546.85,3021,22,1
2025-09-12,Google Ads,Search_Brand,8840.78,6559,221,10
2025-09-12,Google Ads,Search_Generic,1474.47,5810,135,2
2025-09-12,Google Ads,Shopping_Ads,5171.35,5805,166,9
2025-09-12,Google Ads,Display_Retarget,1100.64,10651,65,0
2025-09-12,Meta Ads,IG_Retarget,1741.03,10967,131,3
2025-09-12,Meta Ads,FB_Lookalike,1398.89,7713,291,18
2025-09-12,YouTube Ads,YT_Skippable,50.38,664,8,0
2025-09-12,Email,Cart_Recovery,9338.71,8282,365,8
2025-09-12,Email,Win_Back,442.28,2696,51,0
2025-09-12,Organic Search,SEO_Blog,193.55,7346,252,18
2025-09-12,Affiliate,Affiliate_Network_A,2162.81,3756,143,5
2025-09-12,Affiliate,Affiliate_Network_B,2388.4,9085,99,3
2025-09-12,Referral,Referral_Program,13.31,7437,117,7
2025-09-12,Direct,Direct_Traffic,133.77,6478,179,2
2025-09-13,Google Ads,Search_Generic,1045.67,9910,198,4
2025-09-13,Google Ads,Shopping_Ads,720.71,5341,144,2
2025-09-13,Google Ads,Display_Retarget,730.32,6102,199,3
2025-09-13,Meta Ads,IG_Retarget,1518.78,3174,99,1
2025-09-13,Meta Ads,FB_Lookalike,744.31,8232,105,8
2025-09-13,YouTube Ads,YT_Skippable,408.34,794,20,1
2025-09-13,Email,Weekly_Newsletter,2272.95,9849,148,7
2025-09-13,Organic Search,SEO_Blog,15.34,3949,46,1
2025-09-13,Organic Search,SEO_Category,491.95,5244,226,18
2025-09-13,Affiliate,Affiliate_Network_B,5335.42,7264,154,3
2025-09-13,Direct,Direct_Traffic,61.94,21707,522,31
2025-09-14,Google Ads,Search_Brand,649.16,1381,49,1
2025-09-14,Google Ads,Search_Generic,1086.69,1654,59,4
2025-09-14,Google Ads,Shopping_Ads,1870.73,3175,81,4
2025-09-14,Google Ads,Display_Retarget,1143.96,7720,62,1
2025-09-14,Meta Ads,FB_Prospecting,1187.39,3899,29,0
2025-09-14,Meta Ads,IG_Retarget,3882.68,4950,98,1
2025-09-14,Meta Ads,FB_Lookalike,1670.51,4967,213,10
2025-09-14,YouTube Ads,YT_Skippable,165.57,816,10,0
2025-09-14,YouTube Ads,YT_Bumper,4104.1,2997,105,5
2025-09-14,Email,Weekly_Newsletter,437.13,1395,42,1
2025-09-14,Email,Cart_Recovery,4664.42,3645,126,3
2025-09-14,Email,Win_Back,1418.19,4100,65,4
2025-09-14,Organic Search,SEO_Blog,34.77,1199,12,0
2025-09-14,Organic Search,SEO_Category,295.59,6046,89,2
2025-09-14,Affiliate,Affiliate_Network_A,2240.15,6377,55,1
2025-09-14,Affiliate,Affiliate_Network_B,3382.75,8513,100,5
2025-09-14,Direct,Direct_Traffic,343.83,4518,50,2
2025-09-15,Google Ads,Search_Brand,1233.55,2953,128,6
2025-09-15,Google Ads,Shopping_Ads,7146.23,6258,269,17
2025-09-15,Google Ads,Display_Retarget,1171.3,8312,104,6
2025-09-15,Meta Ads,FB_Prospecting,1149.43,1817,58,2
2025-09-15,Meta Ads,IG_Retarget,1322.16,8692,201,6
2025-09-15,YouTube Ads,YT_Skippable,19475.27,15139,452,33
2025-09-15,Email,Weekly_Newsletter,11429.79,9396,388,25
2025-09-15,Email,Cart_Recovery,6348.68,12737,144,6
2025-09-15,Email,Win_Back,4775.91,12936,143,2
2025-09-15,Organic Search,SEO_Blog,234.12,14940,397,19
2025-09-15,Organic Search,SEO_Category,114.23,6175,114,8
2025-09-15,Direct,Direct_Traffic,224.95,13508,367,14
2025-09-16,Google Ads,Search_Generic,2366.87,4608,58,0
2025-09-16,Google Ads,Shopping_Ads,4910.46,4772,182,12
2025-09-16,Google Ads,Display_Retarget,1034.43,1814,51,4
2025-09-16,Meta Ads,FB_Prospecting,3254.16,3815,127,9
2025-09-16,Meta Ads,IG_Retarget,165.52,562,6,0
2025-09-16,Meta Ads,FB_Lookalike,505.53,2215,12,0
2025-09-16,YouTube Ads,YT_Skippable,2122.35,2916,113,8
2025-09-16,YouTube Ads,YT_Bumper,2665.27,2915,99,6
2025-09-16,Email,Cart_Recovery,1300.96,2510,37,0
2025-09-16,Email,Win_Back,534.95,3249,29,1
2025-09-16,Organic Search,SEO_Blog,318.15,8067,175,4
2025-09-16,Organic Search,SEO_Category,387.8,6522,218,4
2025-09-16,Affiliate,Affiliate_Network_A,8323.67,10117,220,7
2025-09-16,Affiliate,Affiliate_Network_B,12557.37,11140,432,6
2025-09-16,Direct,Direct_Traffic,488.78,3561,133,7
2025-09-17,Google Ads,Search_Brand,,11631,516,30
2025-09-17,Google Ads,Shopping_Ads,1222.97,3613,114,3
2025-09-17,Google Ads,Display_Retarget,2317.57,4198,78,2
2025-09-17,YouTube Ads,YT_Skippable,6298.81,13246,339,4
2025-09-17,YouTube Ads,YT_Bumper,5647.55,4230,156,11
2025-09-17,Email,Weekly_Newsletter,5231.9,6325,179,6
2025-09-17,Email,Cart_Recovery,3105.19,5076,139,5
2025-09-17,Organic Search,SEO_Blog,151.43,2190,82,5
2025-09-17,Referral,Referral_Program,451.11,4407,97,1
2025-09-18,Google Ads,Search_Brand,1983.47,2088,84,1
2025-09-18,Google Ads,Shopping_Ads,232.17,1086,9,0
2025-09-18,Google Ads,Display_Retarget,3808.01,2299,99,7
2025-09-18,Meta Ads,FB_Prospecting,13445.3,16921,320,13
2025-09-18,Meta Ads,IG_Retarget,723.44,2530,56,2
2025-09-18,Meta Ads,FB_Lookalike,1034.16,2997,23,1
2025-09-18,YouTube Ads,YT_Skippable,10755.28,7239,319,23
2025-09-18,YouTube Ads,YT_Bumper,4243.44,6546,122,8
2025-09-18,Email,Weekly_Newsletter,3256.62,6339,225,12
2025-09-18,Email,Cart_Recovery,2832.34,6177,134,8
2025-09-18,Email,Win_Back,2829.21,13244,212,5
2025-09-18,Organic Search,SEO_Blog,279.69,7998,139,10
2025-09-18,Affiliate,Affiliate_Network_A,2164.2,7550,138,6
2025-09-18,Referral,Referral_Program,389.69,4562,149,2
2025-09-18,Direct,Direct_Traffic,63.03,1935,24,0
2025-09-19,Google Ads,Search_Brand,1133.93,3811,128,4
2025-09-19,Meta Ads,FB_Prospecting,5708.15,6865,212,14
2025-09-19,Meta Ads,IG_Retarget,13165.49,19486,658,42
2025-09-19,Meta Ads,FB_Lookalike,4884.16,10278,239,16
2025-09-19,YouTube Ads,YT_Skippable,371.96,1786,32,0
2025-09-19,Email,Weekly_Newsletter,1921.78,1660,74,4
2025-09-19,Email,Cart_Recovery,210.75,1569,11,0
2025-09-19,Email,Win_Back,424.25,2300,69,5
2025-09-19,Affiliate,Affiliate_Network_B,1713.28,12920,255,10
2025-09-19,Referral,Referral_Program,329.25,4626,155,4
2025-09-19,Direct,Direct_Traffic,50.96,6297,38,2
2025-09-20,Google Ads,Search_Brand,574.22,1284,27,0
2025-09-20,Meta Ads,IG_Retarget,101.27,405,16,0
2025-09-20,Meta Ads,FB_Lookalike,4430.63,6070,147,3
2025-09-20,YouTube Ads,YT_Skippable,739.96,4538,117,7
2025-09-20,YouTube Ads,YT_Bumper,1120.42,6108,117,6
2025-09-20,Organic Search,SEO_Blog,4.16,20001,804,54
2025-09-20,Organic Search,SEO_Category,326.7,8147,342,10
2025-09-20,Affiliate,Affiliate_Network_A,645.93,1858,66,4
2025-09-21,Google Ads,Search_Brand,927.9,10311,294,10
2025-09-21,Google Ads,Search_Generic,2698.13,2759,102,5
2025-09-21,Google Ads,Display_Retarget,2900.48,3210,82,4
2025-09-21,Meta Ads,IG_Retarget,5521.89,6202,243,18
2025-09-21,YouTube Ads,YT_Skippable,235.82,1271,13,0
2025-09-21,Email,Win_Back,181.41,2176,12,0
2025-09-21,Organic Search,SEO_Blog,51.4,11098,486,5
2025-09-21,Organic Search,SEO_Category,,4081,57,4
2025-09-21,Affiliate,Affiliate_Network_B,1481.18,3340,63,1
2025-09-21,Direct,Direct_Traffic,132.0,1629,45,1
2025-09-22,Google Ads,Search_Generic,6939.96,13836,280,10
2025-09-22,Google Ads,Shopping_Ads,8691.89,8500,222,4
2025-09-22,Google Ads,Display_Retarget,659.69,1358,25,1
2025-09-22,Meta Ads,FB_Prospecting,837.35,5332,113,3
2025-09-22,Meta Ads,IG_Retarget,15878.29,19981,371,26
2025-09-22,Meta Ads,FB_Lookalike,381.22,2896,17,1
2025-09-22,YouTube Ads,YT_Bumper,2276.34,2990,105,6
2025-09-22,Email,Cart_Recovery,2611.77,5540,202,14
2025-09-22,Email,Win_Back,252.65,364,15,1
2025-09-22,Affiliate,Affiliate_Network_A,8216.97,7282,240,5
2025-09-22,Affiliate,Affiliate_Network_B,3990.81,7586,151,9
2025-09-22,Referral,Referral_Program,37.6,2573,96,5
2025-09-22,Direct,Direct_Traffic,495.74,3511,36,1
2025-09-23,Google Ads,Search_Brand,2778.69,2180,66,1
2025-09-23,Google Ads,Search_Generic,3155.75,1660,73,4
2025-09-23,Google Ads,Shopping_Ads,489.48,2166,14,0
2025-09-23,Meta Ads,FB_Prospecting,1076.42,5594,36,1
2025-09-23,Meta Ads,IG_Retarget,3968.93,3349,115,1
2025-09-23,Meta Ads,FB_Lookalike,2262.51,3422,91,3
2025-09-23,YouTube Ads,YT_Skippable,6550.1,6080,196,12
2025-09-23,YouTube Ads,YT_Bumper,2795.7,4903,151,6
2025-09-23,Email,Cart_Recovery,4689.8,9742,385,12
2025-09-23,Email,Win_Back,5382.79,10780,343,17
2025-09-23,Affiliate,Affiliate_Network_A,760.78,5702,38,2
2025-09-24,Google Ads,Search_Brand,24.44,209,1,0
2025-09-24,Google Ads,Search_Generic,1995.37,3542,77,5
2025-09-24,Google Ads,Shopping_Ads,2782.86,2567,94,6
2025-09-24,YouTube Ads,YT_Skippable,2010.76,10195,277,22
2025-09-24,Email,Weekly_Newsletter,9123.88,7177,291,9
2025-09-24,Email,Cart_Recovery,2639.03,8574,73,1
2025-09-24,Email,Win_Back,647.37,536,16,0
2025-09-24,Organic Search,SEO_Blog,29.78,13253,371,14
2025-09-24,Referral,Referral_Program,339.43,4733,87,2
2025-09-24,Direct,Direct_Traffic,397.69,3714,161,2
2025-09-25,Google Ads,Search_Generic,2823.46,3985,82,1
2025-09-25,Google Ads,Shopping_Ads,4188.85,3120,112,7
2025-09-25,Meta Ads,FB_Prospecting,9364.21,12360,474,8
2025-09-25,Meta Ads,IG_Retarget,6386.36,4773,188,12
2025-09-25,Meta Ads,FB_Lookalike,269.12,1908,53,3
2025-09-25,YouTube Ads,YT_Skippable,19174.63,16723,471,30
2025-09-25,YouTube Ads,YT_Bumper,4205.69,9444,159,11
2025-09-25,Email,Weekly_Newsletter,4480.53,4144,165,7
2025-09-25,Email,Win_Back,2552.07,2059,68,4
2025-09-25,Organic Search,SEO_Blog,453.15,8734,218,16
2025-09-25,Affiliate,Affiliate_Network_A,9386.58,11878,263,6
2025-09-25,Affiliate,Affiliate_Network_B,1603.7,7102,73,4
2025-09-25,Direct,Direct_Traffic,188.33,11400,105,5
2025-09-26,Google Ads,Search_Brand,10482.09,11850,357,16
2025-09-26,Google Ads,Shopping_Ads,7593.27,5899,264,15
2025-09-26,Google Ads,Display_Retarget,134.83,3085,35,1
2025-09-26,Meta Ads,FB_Prospecting,6357.51,12135,199,14
2025-09-26,Meta Ads,IG_Retarget,217.42,269,8,0
2025-09-26,YouTube Ads,YT_Skippable,1260.96,3173,74,1
2025-09-26,Email,Cart_Recovery,5298.57,3550,130,8
2025-09-26,Email,Win_Back,2898.23,5305,225,8
2025-09-26,Organic Search,SEO_Category,251.44,4442,191,14
2025-09-26,Affiliate,Affiliate_Network_B,6656.3,9067,179,10
2025-09-26,Referral,Referral_Program,89.5,9825,293,17
2025-09-26,Direct,Direct_Traffic,468.89,11629,349,13
2025-09-27,Google Ads,Search_Brand,4836.24,13864,459,21
2025-09-27,Google Ads,Shopping_Ads,302.62,997,10,0
2025-09-27,Meta Ads,FB_Lookalike,2221.63,3400,76,3
2025-09-27,YouTube Ads,YT_Bumper,5198.6,4094,183,1
2025-09-27,Email,Weekly_Newsletter,2481.78,6394,210,11
2025-09-27,Email,Cart_Recovery,234.32,2282,78,2
2025-09-27,Email,Win_Back,769.1,4139,146,8
2025-09-27,Organic Search,SEO_Blog,407.98,13420,343,11
2025-09-27,Organic Search,SEO_Category,202.51,6554,239,8
2025-09-27,Affiliate,Affiliate_Network_B,15705.65,16075,444,22
2025-09-27,Direct,Direct_Traffic,233.21,5437,172,2
2025-09-28,Google Ads,Search_Brand,379.83,3546,102,7
2025-09-28,Google Ads,Display_Retarget,2198.1,2608,73,4
2025-09-28,Meta Ads,FB_Prospecting,6653.1,8564,340,12
2025-09-28,Meta Ads,IG_Retarget,1916.69,5821,201,6
2025-09-28,Meta Ads,FB_Lookalike,3991.79,6006,217,5
2025-09-28,YouTube Ads,YT_Skippable,1668.85,5205,191,2
2025-09-28,YouTube Ads,YT_Bumper,1241.73,2398,28,1
2025-09-28,Email,Weekly_Newsletter,6663.95,8703,149,4
2025-09-28,Email,Cart_Recovery,1209.36,7766,270,6
2025-09-28,Email,Win_Back,1381.16,1692,73,3
2025-09-28,Organic Search,SEO_Blog,234.94,4612,75,3
2025-09-28,Affiliate,Affiliate_Network_A,3655.12,15121,166,8
2025-09-28,Affiliate,Affiliate_Network_B,769.08,6646,157,5
2025-09-28,Direct,Direct_Traffic,35.54,1881,48,0
2025-09-29,Google Ads,Search_Brand,8231.21,9930,344,11
2025-09-29,Google Ads,Display_Retarget,4955.43,4892,169,13
2025-09-29,Meta Ads,IG_Retarget,1107.03,4335,193,2
2025-09-29,Meta Ads,FB_Lookalike,204.12,971,31,0
2025-09-29,YouTube Ads,YT_Skippable,7873.79,11633,198,15
2025-09-29,Email,Weekly_Newsletter,3712.97,11447,130,6
2025-09-29,Email,Cart_Recovery,2203.66,7248,121,2
2025-09-29,Email,Win_Back,4160.46,4823,127,6
2025-09-29,Affiliate,Affiliate_Network_A,11307.97,9241,415,28
2025-09-29,Affiliate,Affiliate_Network_B,1241.87,6620,201,7
2025-09-29,Referral,Referral_Program,96.22,11276,217,15
2025-09-29,Direct,Direct_Traffic,336.29,10008,421,12
2025-09-30,Google Ads,Search_Brand,1538.32,9958,143,3
2025-09-30,Google Ads,Search_Generic,1201.06,4569,28,0
2025-09-30,Google Ads,Shopping_Ads,4658.5,3406,120,1
2025-09-30,Google Ads,Display_Retarget,2493.89,5612,61,4
2025-09-30,YouTube Ads,YT_Skippable,7380.47,11910,186,3
2025-09-30,YouTube Ads,YT_Bumper,2041.88,2601,105,2
2025-09-30,Email,Weekly_Newsletter,2074.45,3427,147,5
2025-09-30,Email,Win_Back,925.2,3997,75,1
2025-09-30,Organic Search,SEO_Blog,14.02,1211,19,0
2025-09-30,Organic Search,SEO_Category,13.71,5186,112,2
2025-09-30,Affiliate,Affiliate_Network_A,846.01,5324,176,13
2025-09-30,Affiliate,Affiliate_Network_B,7485.13,4436,190,9
2025-09-30,Referral,Referral_Program,157.53,6238,32,1
2025-10-01,Google Ads,Search_Generic,1146.79,2629,86,1
2025-10-01,Google Ads,Shopping_Ads,711.74,1567,27,0
2025-10-01,Google Ads,Display_Retarget,1659.65,12254,491,11
2025-10-01,Meta Ads,FB_Prospecting,2951.59,13427,297,21
2025-10-01,Meta Ads,IG_Retarget,1493.42,7779,78,5
2025-10-01,Meta Ads,FB_Lookalike,4719.44,6908,265,10
2025-10-01,YouTube Ads,YT_Skippable,5424.7,3772,164,10
2025-10-01,YouTube Ads,YT_Bumper,2471.59,8994,95,3
2025-10-01,Email,Weekly_Newsletter,2207.44,7141,58,2
2025-10-01,Email,Cart_Recovery,257.51,2646,81,1
2025-10-01,Email,Win_Back,5013.61,6857,209,8
2025-10-01,Organic Search,SEO_Blog,440.98,1071,30,0
2025-10-01,Referral,Referral_Program,232.2,5429,142,3
2025-10-01,Direct,Direct_Traffic,495.67,7485,218,3
2025-10-02,Google Ads,Search_Brand,1877.31,4176,56,3
2025-10-02,Google Ads,Search_Generic,4980.36,4617,123,4
2025-10-02,Google Ads,Display_Retarget,259.25,2432,73,4
2025-10-02,Meta Ads,FB_Prospecting,3196.74,3354,132,5
2025-10-02,Meta Ads,IG_Retarget,3932.31,6963,256,10
2025-10-02,Meta Ads,FB_Lookalike,5266.82,11053,122,6
2025-10-02,Email,Cart_Recovery,2528.34,6444,106,2
2025-10-02,Organic Search,SEO_Blog,129.14,5338,196,12
2025-10-02,Organic Search,SEO_Category,312.38,7161,202,13
2025-10-02,Affiliate,Affiliate_Network_A,2617.41,3117,75,5
2025-10-02,Affiliate,Affiliate_Network_B,7639.18,4706,207,16
2025-10-02,Direct,Direct_Traffic,250.18,5119,73,4
2025-10-03,Google Ads,Search_Generic,4674.7,10511,190,3
2025-10-03,Google Ads,Shopping_Ads,213.13,2552,16,0
2025-10-03,Google Ads,Display_Retarget,1387.55,1063,37,1
2025-10-03,Meta Ads,FB_Prospecting,3868.46,9241,264,20
2025-10-03,Meta Ads,IG_Retarget,6016.35,7029,304,6
2025-10-03,Meta Ads,FB_Lookalike,729.45,2006,30,0
2025-10-03,YouTube Ads,YT_Bumper,10348.85,9261,263,10
2025-10-03,Email,Cart_Recovery,2012.46,4966,180,13
2025-10-03,Email,Win_Back,832.95,2087,69,4
2025-10-03,Organic Search,SEO_Blog,380.03,2133,12,0
2025-10-03,Organic Search,SEO_Category,434.56,3462,142,2
2025-10-03,Affiliate,Affiliate_Network_A,4160.88,3515,98,6
2025-10-03,Direct,Direct_Traffic,354.31,11653,418,26
2025-10-04,Google Ads,Search_Brand,146.56,1438,20,1
2025-10-04,Google Ads,Search_Generic,3705.9,5126,100,5
2025-10-04,Google Ads,Shopping_Ads,1849.57,5952,177,9
2025-10-04,Google Ads,Display_Retarget,10449.12,7035,301,5
2025-10-04,Meta Ads,FB_Prospecting,3213.2,6404,77,1
2025-10-04,Meta Ads,IG_Retarget,2670.94,1652,70,1
2025-10-04,Meta Ads,FB_Lookalike,5203.2,6617,292,6
2025-10-04,YouTube Ads,YT_Skippable,5015.34,4101,139,7
2025-10-04,YouTube Ads,YT_Bumper,12523.04,32579,963,64
2025-10-04,Email,Cart_Recovery,10947.84,10543,344,16
2025-10-04,Email,Win_Back,847.32,4455,104,4
2025-10-04,Organic Search,SEO_Blog,28.48,1348,45,0
2025-10-04,Organic Search,SEO_Category,103.26,2041,82,6
2025-10-04,Affiliate,Affiliate_Network_A,370.6,1499,9,0
2025-10-04,Affiliate,Affiliate_Network_B,183.84,1277,37,1
2025-10-04,Direct,Direct_Traffic,290.13,5150,89,1
2025-10-05,Google Ads,Search_Brand,1858.94,5667,184,10
2025-10-05,Google Ads,Shopping_Ads,4969.59,4750,158,10
2025-10-05,Google Ads,Display_Retarget,4771.02,4792,179,11
2025-10-05,Meta Ads,FB_Prospecting,1038.98,3366,51,3
2025-10-05,Meta Ads,FB_Lookalike,2142.37,6304,258,14
2025-10-05,YouTube Ads,YT_Skippable,6858.73,5911,257,9
2025-10-05,YouTube Ads,YT_Bumper,6772.46,10295,421,28
2025-10-05,Email,Weekly_Newsletter,2550.76,8345,76,5
2025-10-05,Email,Cart_Recovery,197.77,2618,24,0
2025-10-05,Email,Win_Back,12136.8,20879,595,6
2025-10-05,Organic Search,SEO_Blog,420.23,3994,152,7
2025-10-05,Organic Search,SEO_Category,361.86,13811,595,23
2025-10-05,Affiliate,Affiliate_Network_A,4366.9,4409,114,2
2025-10-05,Affiliate,Affiliate_Network_B,711.45,5542,56,1
2025-10-06,Google Ads,Search_Brand,1565.13,3793,60,1
2025-10-06,Google Ads,Search_Generic,1564.81,1665,60,0
2025-10-06,Google Ads,Display_Retarget,11779.8,8378,328,6
2025-10-06,Meta Ads,FB_Prospecting,1887.17,10976,106,2
2025-10-06,Meta Ads,IG_Retarget,3544.27,5728,102,1
2025-10-06,Meta Ads,FB_Lookalike,733.91,6608,88,0
2025-10-06,YouTube Ads,YT_Skippable,7929.93,6777,196,14
2025-10-06,YouTube Ads,YT_Bumper,267.38,2085,20,0
2025-10-06,Email,Weekly_Newsletter,4101.52,7288,97,3
2025-10-06,Email,Cart_Recovery,564.49,2677,51,3
2025-10-06,Organic Search,SEO_Blog,355.04,4221,127,4
2025-10-06,Organic Search,SEO_Category,456.54,2464,85,5
2025-10-06,Affiliate,Affiliate_Network_A,2741.29,10629,163,3
2025-10-06,Referral,Referral_Program,20.06,1913,54,0
2025-10-06,Direct,Direct_Traffic,283.21,17422,552,21
2025-10-07,Google Ads,Display_Retarget,3193.3,5041,184,9
2025-10-07,Meta Ads,FB_Prospecting,423.97,1431,31,0
2025-10-07,Meta Ads,FB_Lookalike,2620.87,5351,95,5
2025-10-07,YouTube Ads,YT_Bumper,9468.93,5823,211,9
2025-10-07,Email,Weekly_Newsletter,1843.9,3767,72,5
2025-10-07,Email,Cart_Recovery,9138.72,7042,287,10
2025-10-07,Email,Win_Back,2032.89,1862,66,2
2025-10-07,Organic Search,SEO_Blog,,1372,52,1
2025-10-07,Organic Search,SEO_Category,211.63,2659,108,4
2025-10-07,Affiliate,Affiliate_Network_A,11231.78,8399,336,22
2025-10-07,Affiliate,Affiliate_Network_B,,13358,147,11
2025-10-07,Direct,Direct_Traffic,378.33,5790,154,7
2025-10-08,Google Ads,Search_Brand,5134.11,9991,259,5
2025-10-08,Google Ads,Shopping_Ads,358.16,564,14,0
2025-10-08,Google Ads,Display_Retarget,11160.27,15107,277,14
2025-10-08,Meta Ads,FB_Prospecting,5418.21,10990,316,10
2025-10-08,Meta Ads,IG_Retarget,4333.73,10059,348,21
2025-10-08,Meta Ads,FB_Lookalike,1087.98,2932,102,7
2025-10-08,YouTube Ads,YT_Bumper,5835.44,13233,204,11
2025-10-08,Email,Weekly_Newsletter,13887.9,11365,485,14
2025-10-08,Email,Win_Back,3974.26,3824,94,6
2025-10-08,Organic Search,SEO_Blog,384.99,13911,576,22
2025-10-08,Affiliate,Affiliate_Network_A,1933.85,4303,49,1
2025-10-08,Referral,Referral_Program,139.11,3781,73,2
2025-10-08,Direct,Direct_Traffic,189.01,1651,17,0
2025-10-09,Google Ads,Search_Brand,4026.9,11321,103,1
2025-10-09,Google Ads,Search_Generic,1138.42,3691,26,1
2025-10-09,Google Ads,Shopping_Ads,1813.7,1169,50,3
2025-10-09,Meta Ads,FB_Prospecting,2656.07,4444,86,6
2025-10-09,Meta Ads,IG_Retarget,1492.74,4333,67,0
2025-10-09,Meta Ads,FB_Lookalike,6404.99,6909,148,5
2025-10-09,YouTube Ads,YT_Skippable,1372.92,8750,48,2
2025-10-09,YouTube Ads,YT_Bumper,6941.83,15920,604,8
2025-10-09,Email,Weekly_Newsletter,2838.01,11558,164,11
2025-10-09,Email,Cart_Recovery,4679.49,3691,113,8
2025-10-09,Email,Win_Back,4368.06,6790,201,13
2025-10-09,Organic Search,SEO_Blog,414.13,15007,216,16
2025-10-09,Affiliate,Affiliate_Network_A,,16652,198,3
2025-10-10,Google Ads,Search_Brand,5801.83,8970,144,10
2025-10-10,Google Ads,Search_Generic,1590.48,4757,128,5
2025-10-10,Google Ads,Display_Retarget,1293.67,5491,33,0
2025-10-10,Meta Ads,FB_Prospecting,749.72,7629,62,3
2025-10-10,Meta Ads,IG_Retarget,2787.54,9280,98,1
2025-10-10,Email,Weekly_Newsletter,12015.87,7788,306,14
2025-10-10,Organic Search,SEO_Category,259.31,6599,59,1
2025-10-10,Affiliate,Affiliate_Network_A,1681.77,3062,133,3
2025-10-10,Affiliate,Affiliate_Network_B,16103.28,17880,448,13
2025-10-10,Referral,Referral_Program,137.7,5744,172,8
2025-10-11,Google Ads,Shopping_Ads,1761.59,3472,46,0
2025-10-11,Google Ads,Display_Retarget,70.6,355,9,0
2025-10-11,Meta Ads,FB_Prospecting,9621.34,16129,234,4
2025-10-11,Meta Ads,IG_Retarget,1993.64,6633,99,3
2025-10-11,YouTube Ads,YT_Skippable,4109.84,3734,145,10
2025-10-11,YouTube Ads,YT_Bumper,6959.9,5063,157,2
2025-10-11,Email,Weekly_Newsletter,15491.98,9886,367,4
2025-10-11,Email,Cart_Recovery,1292.99,976,36,2
2025-10-11,Email,Win_Back,3141.73,10518,432,9
2025-10-11,Organic Search,SEO_Blog,92.12,6589,110,2
2025-10-11,Affiliate,Affiliate_Network_A,1248.17,10433,59,3
2025-10-11,Affiliate,Affiliate_Network_B,13400.07,12567,415,21
2025-10-11,Referral,Referral_Program,411.73,3745,147,9
2025-10-11,Direct,Direct_Traffic,396.71,7276,106,7
2025-10-12,Google Ads,Search_Generic,3070.0,7954,78,1
2025-10-12,Google Ads,Shopping_Ads,1926.24,2408,70,1
2025-10-12,Google Ads,Display_Retarget,5531.82,3940,133,10
2025-10-12,Meta Ads,FB_Prospecting,15510.26,10070,407,18
2025-10-12,YouTube Ads,YT_Skippable,944.75,945,23,0
2025-10-12,Email,Weekly_Newsletter,5262.91,13602,425,23
2025-10-12,Email,Win_Back,8626.02,7193,207,11
2025-10-12,Organic Search,SEO_Blog,42.11,2980,125,2
2025-10-12,Organic Search,SEO_Category,388.43,3928,39,1
2025-10-12,Affiliate,Affiliate_Network_A,3007.03,3495,70,1
2025-10-12,Affiliate,Affiliate_Network_B,12443.94,12964,287,12
2025-10-12,Referral,Referral_Program,101.9,10099,392,24
2025-10-12,Direct,Direct_Traffic,413.53,10828,236,4
2025-10-13,Google Ads,Search_Brand,3899.92,5629,97,5
2025-10-13,Google Ads,Search_Generic,109.27,454,10,0
2025-10-13,Google Ads,Display_Retarget,8772.17,12839,221,16
2025-10-13,Meta Ads,IG_Retarget,4890.56,7226,207,3
2025-10-13,Meta Ads,FB_Lookalike,67.25,672,5,0
2025-10-13,YouTube Ads,YT_Bumper,961.71,1681,64,2
2025-10-13,Email,Weekly_Newsletter,3483.25,4605,82,5
2025-10-13,Email,Cart_Recovery,2469.4,7927,77,2
2025-10-13,Email,Win_Back,4006.23,5190,93,5
2025-10-13,Organic Search,SEO_Category,89.03,2886,25,0
2025-10-13,Affiliate,Affiliate_Network_B,6792.22,9859,323,17
2025-10-13,Direct,Direct_Traffic,292.54,2316,101,4
2025-10-14,Google Ads,Search_Brand,225.51,2261,16,1
2025-10-14,Google Ads,Search_Generic,550.38,1003,34,0
2025-10-14,Google Ads,Shopping_Ads,13776.88,10601,385,14
2025-10-14,Google Ads,Display_Retarget,8215.93,12255,384,20
2025-10-14,Meta Ads,FB_Lookalike,11328.13,15146,651,15
2025-10-14,YouTube Ads,YT_Skippable,1681.15,6159,57,4
2025-10-14,YouTube Ads,YT_Bumper,6103.95,8787,268,14
2025-10-14,Email,Weekly_Newsletter,604.54,3237,82,4
2025-10-14,Email,Cart_Recovery,2450.88,5467,214,3
2025-10-14,Email,Win_Back,782.89,2021,72,5
2025-10-14,Organic Search,SEO_Blog,498.73,12946,450,24
2025-10-14,Affiliate,Affiliate_Network_A,10139.63,13282,269,16
2025-10-15,Google Ads,Shopping_Ads,14918.84,12800,555,22
2025-10-15,Google Ads,Display_Retarget,,4786,82,1
2025-10-15,Meta Ads,FB_Prospecting,316.97,6254,70,1
2025-10-15,Meta Ads,FB_Lookalike,1749.08,6930,245,19
2025-10-15,YouTube Ads,YT_Skippable,2662.08,4947,95,2
2025-10-15,YouTube Ads,YT_Bumper,839.48,4684,131,7
2025-10-15,Email,Weekly_Newsletter,3643.96,8524,90,5
2025-10-15,Organic Search,SEO_Blog,405.42,1384,59,0
2025-10-15,Organic Search,SEO_Category,81.08,3512,136,3
2025-10-15,Affiliate,Affiliate_Network_B,5663.9,4135,126,1
2025-10-15,Referral,Referral_Program,384.52,9132,136,1
2025-10-16,Google Ads,Search_Generic,2389.64,5792,106,5
2025-10-16,Google Ads,Shopping_Ads,3333.4,19515,112,3
2025-10-16,Meta Ads,FB_Prospecting,1383.19,4103,35,1
2025-10-16,Meta Ads,IG_Retarget,5422.32,8575,140,8
2025-10-16,Meta Ads,FB_Lookalike,9217.29,7021,313,10
2025-10-16,YouTube Ads,YT_Skippable,328.39,8763,98,4
2025-10-16,YouTube Ads,YT_Bumper,103.83,777,28,2
2025-10-16,Email,Cart_Recovery,323.73,697,15,0
2025-10-16,Organic Search,SEO_Blog,425.61,1063,26,1
2025-10-16,Organic Search,SEO_Category,367.24,3563,122,7
2025-10-16,Affiliate,Affiliate_Network_A,654.31,3528,79,5
2025-10-16,Affiliate,Affiliate_Network_B,255.84,1583,28,2
2025-10-16,Referral,Referral_Program,102.46,8681,263,17
2025-10-16,Direct,Direct_Traffic,266.92,2143,43,3
2025-10-17,Google Ads,Search_Brand,1352.76,1970,73,1
2025-10-17,Google Ads,Search_Generic,1503.84,7811,64,3
2025-10-17,Google Ads,Shopping_Ads,712.32,774,21,0
2025-10-17,Google Ads,Display_Retarget,6035.59,7006,219,6
2025-10-17,Meta Ads,FB_Prospecting,1698.52,2746,40,2
2025-10-17,Meta Ads,IG_Retarget,16271.31,10497,446,26
2025-10-17,Meta Ads,FB_Lookalike,1235.46,5878,41,0
2025-10-17,YouTube Ads,YT_Skippable,6136.74,8958,352,24
2025-10-17,Email,Win_Back,666.94,1109,44,2
2025-10-17,Organic Search,SEO_Category,17.39,5711,93,6
2025-10-17,Affiliate,Affiliate_Network_A,3086.92,3437,101,1
2025-10-17,Affiliate,Affiliate_Network_B,911.49,2853,122,2
2025-10-17,Referral,Referral_Program,287.59,5547,99,4
2025-10-17,Direct,Direct_Traffic,444.94,10180,435,17
2025-10-18,Google Ads,Search_Brand,5252.03,10270,247,8
2025-10-18,Google Ads,Search_Generic,696.47,1097,40,1
2025-10-18,Google Ads,Shopping_Ads,705.36,5134,133,6
2025-10-18,Google Ads,Display_Retarget,1472.35,4266,151,8
2025-10-18,Meta Ads,FB_Prospecting,8067.49,9518,207,14
2025-10-18,Meta Ads,FB_Lookalike,1409.58,1842,35,0
2025-10-18,YouTube Ads,YT_Bumper,9716.58,8842,311,22
2025-10-18,Email,Weekly_Newsletter,34050.7,33211,838,25
2025-10-18,Email,Cart_Recovery,2805.49,4530,67,4
2025-10-18,Email,Win_Back,2999.54,7508,255,8
2025-10-18,Affiliate,Affiliate_Network_B,1060.32,3981,165,3
2025-10-18,Referral,Referral_Program,192.11,2331,82,4
2025-10-18,Direct,Direct_Traffic,282.21,2345,100,1
2025-10-19,Google Ads,Search_Brand,820.28,8010,109,4
2025-10-19,Google Ads,Shopping_Ads,4516.3,16284,381,5
2025-10-19,Meta Ads,FB_Prospecting,118.38,458,3,0
2025-10-19,Meta Ads,IG_Retarget,9801.5,6679,275,21
2025-10-19,Meta Ads,FB_Lookalike,3134.34,4899,118,8
2025-10-19,YouTube Ads,YT_Skippable,14367.34,10585,401,24
2025-10-19,YouTube Ads,YT_Bumper,1609.96,4038,40,0
2025-10-19,Email,Weekly_Newsletter,2600.6,1967,86,6
2025-10-19,Email,Win_Back,2664.33,1859,80,5
2025-10-19,Organic Search,SEO_Blog,193.23,6879,159,10
2025-10-19,Organic Search,SEO_Category,299.91,8765,286,16
2025-10-19,Affiliate,Affiliate_Network_B,3943.21,3558,116,5
2025-10-19,Direct,Direct_Traffic,88.36,5033,173,5
2025-10-20,Google Ads,Search_Generic,8424.47,11814,307,15
2025-10-20,Google Ads,Shopping_Ads,3955.97,5975,143,5
2025-10-20,Google Ads,Display_Retarget,218.55,2701,29,1
2025-10-20,Meta Ads,FB_Prospecting,776.96,4106,183,9
2025-10-20,Meta Ads,IG_Retarget,4976.94,9815,310,16
2025-10-20,Email,Cart_Recovery,2497.6,2945,69,2
2025-10-20,Organic Search,SEO_Category,480.53,6815,168,5
2025-10-20,Affiliate,Affiliate_Network_A,616.54,717,17,1
2025-10-20,Affiliate,Affiliate_Network_B,3058.36,2927,123,2
2025-10-20,Referral,Referral_Program,73.82,4188,123,9
2025-10-20,Direct,Direct_Traffic,240.59,5385,61,2
2025-10-21,Google Ads,Search_Brand,,7929,335,18
2025-10-21,Google Ads,Search_Generic,1821.43,4376,81,1
2025-10-21,Google Ads,Shopping_Ads,1168.09,4097,124,2
2025-10-21,Google Ads,Display_Retarget,786.55,1562,36,0
2025-10-21,Meta Ads,FB_Prospecting,646.32,1742,27,1
2025-10-21,Meta Ads,IG_Retarget,20914.4,13745,484,21
2025-10-21,YouTube Ads,YT_Bumper,4638.63,15236,248,16
2025-10-21,Email,Win_Back,6342.65,6060,175,1
2025-10-21,Organic Search,SEO_Blog,350.54,6183,92,3
2025-10-21,Organic Search,SEO_Category,245.28,9716,335,24
2025-10-21,Affiliate,Affiliate_Network_B,1595.06,4318,98,4
2025-10-21,Referral,Referral_Program,135.9,7887,221,14
2025-10-22,Google Ads,Search_Generic,1828.19,9101,103,5
2025-10-22,Google Ads,Shopping_Ads,1591.36,1885,63,4
2025-10-22,Google Ads,Display_Retarget,5439.99,8903,315,15
2025-10-22,Meta Ads,FB_Prospecting,9381.01,8720,349,21
2025-10-22,Meta Ads,IG_Retarget,1550.14,2996,43,1
2025-10-22,Meta Ads,FB_Lookalike,10061.09,10741,318,14
2025-10-22,YouTube Ads,YT_Bumper,12782.54,7374,330,19
2025-10-22,Email,Weekly_Newsletter,1690.21,3614,114,5
2025-10-22,Email,Cart_Recovery,10477.5,9326,290,13
2025-10-22,Organic Search,SEO_Blog,398.72,461,6,0
2025-10-22,Organic Search,SEO_Category,35.21,871,32,2
2025-10-22,Affiliate,Affiliate_Network_B,3952.65,3559,135,3
2025-10-22,Referral,Referral_Program,157.86,4214,110,1
2025-10-22,Direct,Direct_Traffic,481.29,13073,185,11
2025-10-23,Google Ads,Search_Brand,3005.18,8244,247,13
2025-10-23,Google Ads,Shopping_Ads,1879.06,4607,179,12
2025-10-23,Meta Ads,FB_Prospecting,13098.6,10110,301,5
2025-10-23,Meta Ads,IG_Retarget,2268.84,2908,85,6
2025-10-23,YouTube Ads,YT_Skippable,2348.23,13664,236,10
2025-10-23,Email,Cart_Recovery,1682.47,16403,83,5
2025-10-23,Email,Win_Back,761.3,635,21,1
2025-10-23,Organic Search,SEO_Blog,211.1,937,35,1
2025-10-23,Organic Search,SEO_Category,372.59,1827,66,4
2025-10-23,Affiliate,Affiliate_Network_A,3879.96,8193,267,19
2025-10-23,Referral,Referral_Program,238.49,7192,313,5
2025-10-23,Direct,Direct_Traffic,493.63,9271,167,5
2025-10-24,Google Ads,Search_Brand,6103.73,14006,354,17
2025-10-24,Google Ads,Search_Generic,25481.93,15677,647,30
2025-10-24,Google Ads,Shopping_Ads,4389.43,12194,140,1
2025-10-24,Meta Ads,IG_Retarget,131.71,1302,41,1
2025-10-24,Meta Ads,FB_Lookalike,1071.74,3871,68,1
2025-10-24,YouTube Ads,YT_Bumper,1421.6,6870,58,1
2025-10-24,Email,Weekly_Newsletter,7161.85,3791,168,5
2025-10-24,Email,Cart_Recovery,2290.16,7641,98,6
2025-10-24,Organic Search,SEO_Category,140.37,3162,18,0
2025-10-24,Referral,Referral_Program,248.6,6161,206,7
2025-10-24,Direct,Direct_Traffic,243.93,3839,57,2
2025-10-25,Google Ads,Search_Brand,3453.21,5642,87,2
2025-10-25,Google Ads,Search_Generic,6687.08,8047,232,7
2025-10-25,Google Ads,Display_Retarget,5108.49,6053,191,10
2025-10-25,Meta Ads,FB_Prospecting,82.8,1929,17,1
2025-10-25,YouTube Ads,YT_Skippable,8848.87,8660,212,3
2025-10-25,Email,Weekly_Newsletter,1089.48,2004,89,2
2025-10-25,Email,Cart_Recovery,15947.14,18212,800,52
2025-10-25,Affiliate,Affiliate_Network_A,23185.34,16008,600,9
2025-10-26,Google Ads,Search_Brand,8633.97,13190,477,5
2025-10-26,Google Ads,Display_Retarget,2190.62,4165,95,4
2025-10-26,Meta Ads,IG_Retarget,476.85,1263,26,1
2025-10-26,Meta Ads,FB_Lookalike,7268.91,6935,282,17
2025-10-26,YouTube Ads,YT_Skippable,549.4,5217,136,2
2025-10-26,YouTube Ads,YT_Bumper,6882.08,8681,241,11
2025-10-26,Email,Weekly_Newsletter,90.46,1005,26,1
2025-10-26,Email,Cart_Recovery,4721.18,6632,121,8
2025-10-26,Email,Win_Back,1502.72,17869,293,9
2025-10-26,Organic Search,SEO_Blog,411.14,4022,100,6
2025-10-26,Organic Search,SEO_Category,352.97,3959,127,5
2025-10-26,Affiliate,Affiliate_Network_A,1419.39,2713,105,4
2025-10-27,Google Ads,Search_Brand,3437.23,7625,85,0
2025-10-27,Google Ads,Display_Retarget,1191.44,2312,79,3
2025-10-27,Meta Ads,IG_Retarget,4661.96,7336,234,15
2025-10-27,Meta Ads,FB_Lookalike,426.63,6442,70,1
2025-10-27,YouTube Ads,YT_Skippable,4333.35,15519,136,7
2025-10-27,YouTube Ads,YT_Bumper,3783.41,6125,108,7
2025-10-27,Email,Weekly_Newsletter,282.03,6077,74,4
2025-10-27,Email,Cart_Recovery,5366.4,6150,173,10
2025-10-27,Email,Win_Back,3779.22,3437,108,3
2025-10-27,Organic Search,SEO_Blog,119.19,2790,75,1
2025-10-27,Organic Search,SEO_Category,55.09,8406,251,2
2025-10-27,Affiliate,Affiliate_Network_A,5272.37,5993,268,21
2025-10-27,Affiliate,Affiliate_Network_B,3466.6,11278,139,7
2025-10-27,Referral,Referral_Program,296.11,6884,206,12
2025-10-27,Direct,Direct_Traffic,212.67,3691,149,10
2025-10-28,Google Ads,Search_Brand,129.28,554,10,0
2025-10-28,Google Ads,Shopping_Ads,585.96,7147,139,10
2025-10-28,Google Ads,Display_Retarget,3698.64,5842,99,2
2025-10-28,Meta Ads,FB_Prospecting,9921.81,8211,237,7
2025-10-28,Meta Ads,IG_Retarget,8211.01,13026,486,18
2025-10-28,Meta Ads,FB_Lookalike,4983.95,10560,210,7
2025-10-28,YouTube Ads,YT_Skippable,4623.84,21436,249,12
2025-10-28,Email,Weekly_Newsletter,2612.66,2224,59,4
2025-10-28,Email,Cart_Recovery,4581.29,12160,477,34
2025-10-28,Email,Win_Back,151.07,672,17,1
2025-10-28,Affiliate,Affiliate_Network_A,2454.22,4726,208,12
2025-10-29,Google Ads,Search_Brand,846.97,7921,119,4
2025-10-29,Google Ads,Search_Generic,1391.5,2282,70,4
2025-10-29,Google Ads,Shopping_Ads,3925.53,5266,157,3
2025-10-29,Google Ads,Display_Retarget,8878.55,6229,266,3
2025-10-29,Meta Ads,FB_Lookalike,4612.75,6611,171,2
2025-10-29,YouTube Ads,YT_Skippable,1727.88,12298,275,20
2025-10-29,YouTube Ads,YT_Bumper,604.54,7966,187,5
2025-10-29,Email,Weekly_Newsletter,1924.59,6070,43,0
2025-10-29,Email,Cart_Recovery,653.51,2710,24,0
2025-10-29,Email,Win_Back,6623.54,6961,149,8
2025-10-29,Organic Search,SEO_Blog,181.14,2152,16,1
2025-10-29,Affiliate,Affiliate_Network_A,5425.22,11115,268,9
2025-10-29,Affiliate,Affiliate_Network_B,4162.88,4706,110,4
2025-10-29,Referral,Referral_Program,74.33,9323,121,8
2025-10-29,Direct,Direct_Traffic,216.47,7836,228,7
2025-10-30,Google Ads,Search_Brand,3345.49,2879,75,1
2025-10-30,Google Ads,Shopping_Ads,2012.47,10694,291,12
2025-10-30,Meta Ads,FB_Lookalike,3801.52,8877,362,12
2025-10-30,YouTube Ads,YT_Bumper,2489.61,5973,124,7
2025-10-30,Email,Win_Back,1055.64,1071,37,0
2025-10-30,Organic Search,SEO_Blog,254.95,11467,152,5
2025-10-30,Organic Search,SEO_Category,328.22,16372,570,12
2025-10-30,Affiliate,Affiliate_Network_A,13269.57,12226,466,9
2025-10-30,Referral,Referral_Program,120.45,3334,137,2
2025-10-31,Google Ads,Search_Brand,5450.43,4450,161,4
2025-10-31,Google Ads,Search_Generic,4307.77,2601,112,3
2025-10-31,Google Ads,Shopping_Ads,6344.07,26714,285,6
2025-10-31,Google Ads,Display_Retarget,177.96,1620,8,0
2025-10-31,Meta Ads,IG_Retarget,8048.24,10845,315,13
2025-10-31,YouTube Ads,YT_Skippable,1821.2,5359,240,12
2025-10-31,YouTube Ads,YT_Bumper,3252.74,3431,88,6
2025-10-31,Email,Weekly_Newsletter,5229.83,4955,155,4
2025-10-31,Email,Win_Back,395.5,1844,28,2
2025-10-31,Organic Search,SEO_Blog,417.3,2451,36,1
2025-10-31,Organic Search,SEO_Category,433.09,2826,80,4
2025-10-31,Affiliate,Affiliate_Network_A,8224.93,9361,323,22
2025-10-31,Direct,Direct_Traffic,498.22,9507,354,23
2025-11-01,Google Ads,Search_Brand,1739.48,3834,91,4
2025-11-01,Google Ads,Search_Generic,654.86,2108,89,2
2025-11-01,Meta Ads,FB_Prospecting,1158.48,9066,56,2
2025-11-01,Meta Ads,IG_Retarget,1891.26,3905,73,3
2025-11-01,YouTube Ads,YT_Bumper,380.03,928,10,0
2025-11-01,Email,Weekly_Newsletter,852.92,2215,49,3
2025-11-01,Email,Win_Back,5187.71,5397,211,13
2025-11-01,Organic Search,SEO_Category,160.05,18738,822,15
2025-11-01,Affiliate,Affiliate_Network_A,125.33,814,25,0
2025-11-01,Referral,Referral_Program,392.84,9769,192,8
2025-11-01,Direct,Direct_Traffic,398.64,3621,69,2
2025-11-02,Google Ads,Search_Brand,525.52,1734,59,0
2025-11-02,Google Ads,Search_Generic,283.74,1590,33,0
2025-11-02,Google Ads,Shopping_Ads,345.15,8607,50,0
2025-11-02,Google Ads,Display_Retarget,25837.79,17015,586,18
2025-11-02,Meta Ads,FB_Prospecting,1198.5,1781,29,1
2025-11-02,Meta Ads,IG_Retarget,7927.9,7673,211,10
2025-11-02,YouTube Ads,YT_Skippable,25458.49,13178,572,33
2025-11-02,YouTube Ads,YT_Bumper,2706.71,20143,837,57
2025-11-02,Email,Weekly_Newsletter,5351.61,9964,430,13
2025-11-02,Email,Cart_Recovery,250.27,8474,46,1
2025-11-02,Email,Win_Back,6639.83,5417,213,12
2025-11-02,Organic Search,SEO_Category,128.64,7326,231,5
2025-11-02,Affiliate,Affiliate_Network_B,1151.77,4486,143,5
2025-11-02,Referral,Referral_Program,147.22,3193,83,5
2025-11-03,Google Ads,Search_Generic,1157.17,4110,53,0
2025-11-03,Google Ads,Shopping_Ads,1640.81,3485,67,4
2025-11-03,Google Ads,Display_Retarget,4961.04,4601,198,7
2025-11-03,Meta Ads,FB_Prospecting,996.36,1759,30,1
2025-11-03,Meta Ads,FB_Lookalike,6597.45,10386,445,21
2025-11-03,YouTube Ads,YT_Skippable,53.19,3342,17,0
2025-11-03,YouTube Ads,YT_Bumper,404.77,662,18,0
2025-11-03,Email,Weekly_Newsletter,75.12,901,10,0
2025-11-03,Email,Win_Back,3782.03,3971,148,5
2025-11-03,Organic Search,SEO_Blog,178.57,2047,89,6
2025-11-03,Organic Search,SEO_Category,321.23,2823,43,2
2025-11-03,Referral,Referral_Program,142.78,5303,42,1
2025-11-03,Direct,Direct_Traffic,236.36,1098,13,0
2025-11-04,Google Ads,Search_Brand,9331.69,12373,234,12
2025-11-04,Google Ads,Shopping_Ads,3313.39,5336,111,8
2025-11-04,Meta Ads,FB_Prospecting,1764.7,4223,73,5
2025-11-04,Meta Ads,IG_Retarget,2095.56,2404,80,1
2025-11-04,Meta Ads,FB_Lookalike,1424.07,10125,269,4
2025-11-04,YouTube Ads,YT_Skippable,1059.51,2392,31,1
2025-11-04,YouTube Ads,YT_Bumper,98.28,1272,6,0
2025-11-04,Email,Cart_Recovery,804.33,4309,49,2
2025-11-04,Email,Win_Back,11488.63,6565,292,6
2025-11-04,Organic Search,SEO_Category,440.89,6844,52,1
2025-11-04,Affiliate,Affiliate_Network_A,815.96,2705,46,2
2025-11-04,Affiliate,Affiliate_Network_B,10923.4,7867,317,7
2025-11-04,Referral,Referral_Program,51.5,11027,271,21
2025-11-04,Direct,Direct_Traffic,487.0,6195,41,1
2025-11-05,Google Ads,Shopping_Ads,2784.04,7472,96,5
2025-11-05,Meta Ads,IG_Retarget,2628.01,8370,195,12
2025-11-05,Meta Ads,FB_Lookalike,6515.71,3960,155,7
2025-11-05,YouTube Ads,YT_Skippable,5627.71,6964,206,14
2025-11-05,YouTube Ads,YT_Bumper,3981.97,14340,97,1
2025-11-05,Email,Weekly_Newsletter,1674.65,8404,111,4
2025-11-05,Email,Cart_Recovery,572.73,12984,75,2
2025-11-05,Email,Win_Back,1031.78,1611,23,0
2025-11-05,Organic Search,SEO_Blog,404.34,7073,120,6
2025-11-05,Organic Search,SEO_Category,92.49,7111,171,12
2025-11-05,Affiliate,Affiliate_Network_A,991.5,14117,216,3
2025-11-05,Affiliate,Affiliate_Network_B,1694.41,5277,221,15
2025-11-05,Referral,Referral_Program,80.38,6597,83,3
2025-11-05,Direct,Direct_Traffic,103.16,12940,84,2
2025-11-06,Google Ads,Shopping_Ads,5503.03,8034,153,3
2025-11-06,Google Ads,Display_Retarget,4197.65,5873,169,9
2025-11-06,Meta Ads,FB_Prospecting,145.03,8800,46,2
2025-11-06,Meta Ads,IG_Retarget,5211.7,6961,247,11
2025-11-06,YouTube Ads,YT_Skippable,10238.97,7258,278,10
2025-11-06,Email,Weekly_Newsletter,7350.96,5774,225,11
2025-11-06,Email,Cart_Recovery,115.44,199,8,0
2025-11-06,Email,Win_Back,1357.85,6836,306,12
2025-11-06,Organic Search,SEO_Blog,22.59,2925,101,1
2025-11-06,Organic Search,SEO_Category,393.02,5592,28,1
2025-11-06,Affiliate,Affiliate_Network_B,879.46,8050,97,6
2025-11-06,Referral,Referral_Program,479.42,3755,159,8
2025-11-06,Direct,Direct_Traffic,496.83,2913,125,2
2025-11-07,Google Ads,Search_Brand,1967.96,4024,45,2
2025-11-07,Google Ads,Search_Generic,5358.1,8591,219,13
2025-11-07,Google Ads,Display_Retarget,2354.07,4762,99,6
2025-11-07,Meta Ads,FB_Prospecting,2516.44,2075,69,3
2025-11-07,Meta Ads,IG_Retarget,126.15,356,6,0
2025-11-07,YouTube Ads,YT_Skippable,1374.68,1298,42,1
2025-11-07,Email,Weekly_Newsletter,2572.81,15606,107,2
2025-11-07,Email,Win_Back,1194.16,8290,172,8
2025-11-07,Organic Search,SEO_Blog,395.16,6884,150,3
2025-11-07,Affiliate,Affiliate_Network_A,3920.26,13992,205,7
2025-11-07,Affiliate,Affiliate_Network_B,380.04,5710,83,1
2025-11-07,Referral,Referral_Program,54.78,7751,232,5
2025-11-07,Direct,Direct_Traffic,87.15,8099,230,8
2025-11-08,Google Ads,Search_Brand,4846.71,2997,113,5
2025-11-08,Google Ads,Search_Generic,1989.89,2910,63,3
2025-11-08,Google Ads,Shopping_Ads,1342.97,1048,45,1
2025-11-08,Google Ads,Display_Retarget,3285.38,6873,264,14
2025-11-08,Meta Ads,FB_Prospecting,4449.53,4022,162,11
2025-11-08,Meta Ads,IG_Retarget,3259.77,4141,174,9
2025-11-08,Meta Ads,FB_Lookalike,13895.87,7841,351,22
2025-11-08,YouTube Ads,YT_Bumper,14968.08,12499,408,31
2025-11-08,Email,Cart_Recovery,980.34,1786,25,0
2025-11-08,Email,Win_Back,1889.1,4039,83,2
2025-11-08,Organic Search,SEO_Blog,482.57,3643,142,11
2025-11-08,Organic Search,SEO_Category,197.91,5501,152,6
2025-11-08,Affiliate,Affiliate_Network_B,1141.94,5129,214,3
2025-11-08,Direct,Direct_Traffic,165.86,10488,140,7
2025-11-09,Google Ads,Search_Brand,4691.15,11427,178,3
2025-11-09,Google Ads,Search_Generic,626.85,9507,73,1
2025-11-09,Meta Ads,FB_Lookalike,1722.3,3577,113,5
2025-11-09,YouTube Ads,YT_Skippable,6070.69,5483,206,12
2025-11-09,YouTube Ads,YT_Bumper,,1474,34,1
2025-11-09,Email,Weekly_Newsletter,84.54,2761,24,1
2025-11-09,Email,Cart_Recovery,937.05,6825,189,7
2025-11-09,Email,Win_Back,4995.82,19337,766,8
2025-11-09,Organic Search,SEO_Blog,123.92,2194,40,0
2025-11-09,Organic Search,SEO_Category,32.54,6227,172,3
2025-11-09,Affiliate,Affiliate_Network_A,2125.88,5409,208,13
2025-11-09,Affiliate,Affiliate_Network_B,900.55,2997,94,1
2025-11-09,Referral,Referral_Program,389.97,16296,423,9
2025-11-10,Google Ads,Search_Brand,1133.02,6121,102,3
2025-11-10,Google Ads,Search_Generic,2893.78,4091,165,8
2025-11-10,Google Ads,Shopping_Ads,680.98,1273,30,2
2025-11-10,Google Ads,Display_Retarget,884.78,6079,98,3
2025-11-10,Meta Ads,IG_Retarget,2867.21,3493,99,3
2025-11-10,Meta Ads,FB_Lookalike,4141.67,3551,103,6
2025-11-10,YouTube Ads,YT_Skippable,,9668,302,6
2025-11-10,Email,Weekly_Newsletter,6812.18,4813,176,10
2025-11-10,Email,Cart_Recovery,4617.64,10068,304,4
2025-11-10,Email,Win_Back,138.56,440,15,1
2025-11-10,Affiliate,Affiliate_Network_A,2167.2,2684,92,6
2025-11-10,Affiliate,Affiliate_Network_B,2997.46,5365,143,10
2025-11-10,Referral,Referral_Program,427.35,5300,26,0
2025-11-10,Direct,Direct_Traffic,445.69,20610,243,17
2025-11-11,Google Ads,Search_Brand,857.21,4465,155,7
2025-11-11,Google Ads,Search_Generic,2500.36,4488,129,6
2025-11-11,Google Ads,Shopping_Ads,2321.96,11191,271,8
2025-11-11,Google Ads,Display_Retarget,2753.59,8155,201,12
2025-11-11,Meta Ads,FB_Prospecting,2996.98,2339,80,1
2025-11-11,Meta Ads,IG_Retarget,6006.5,6646,223,5
2025-11-11,Meta Ads,FB_Lookalike,94.34,636,3,0
2025-11-11,Email,Weekly_Newsletter,828.25,2704,59,1
2025-11-11,Email,Cart_Recovery,15491.57,8481,345,17
2025-11-11,Email,Win_Back,228.57,4615,30,1
2025-11-11,Organic Search,SEO_Blog,431.01,9244,180,13
2025-11-11,Affiliate,Affiliate_Network_A,173.34,1589,28,0
2025-11-11,Affiliate,Affiliate_Network_B,11137.23,6623,256,18
2025-11-11,Referral,Referral_Program,245.2,2044,66,2
2025-11-11,Direct,Direct_Traffic,248.13,4774,129,8
2025-11-12,Google Ads,Search_Brand,2608.42,3177,92,5
2025-11-12,Google Ads,Search_Generic,252.06,1526,13,0
2025-11-12,Google Ads,Shopping_Ads,1045.97,5424,98,1
2025-11-12,Google Ads,Display_Retarget,2916.82,2821,101,5
2025-11-12,Meta Ads,FB_Prospecting,291.92,1087,8,0
2025-11-12,Meta Ads,IG_Retarget,1018.52,1255,44,0
2025-11-12,Meta Ads,FB_Lookalike,4587.46,6570,290,4
2025-11-12,Email,Weekly_Newsletter,1325.33,2828,36,2
2025-11-12,Email,Cart_Recovery,4163.0,4003,101,5
2025-11-12,Referral,Referral_Program,221.86,2211,73,2
2025-11-12,Direct,Direct_Traffic,96.62,3028,96,5
2025-11-13,Google Ads,Search_Brand,1032.78,2680,84,3
2025-11-13,Google Ads,Search_Generic,4912.18,9079,126,7
2025-11-13,Google Ads,Shopping_Ads,2977.9,9300,101,4
2025-11-13,Google Ads,Display_Retarget,749.45,1525,47,1
2025-11-13,Meta Ads,FB_Prospecting,884.85,5279,48,1
2025-11-13,Meta Ads,IG_Retarget,5038.68,4443,128,2
2025-11-13,Meta Ads,FB_Lookalike,4099.07,3636,98,3
2025-11-13,YouTube Ads,YT_Bumper,3743.02,5036,115,6
2025-11-13,Email,Weekly_Newsletter,6484.37,6638,159,8
2025-11-13,Email,Cart_Recovery,6777.95,9765,187,11
2025-11-13,Email,Win_Back,29.95,676,5,0
2025-11-13,Organic Search,SEO_Blog,343.46,12018,459,18
2025-11-13,Organic Search,SEO_Category,120.0,12412,68,3
2025-11-13,Affiliate,Affiliate_Network_A,2842.54,5776,145,8
2025-11-13,Affiliate,Affiliate_Network_B,3130.28,12089,529,5
2025-11-13,Referral,Referral_Program,377.79,1744,72,3
2025-11-13,Direct,Direct_Traffic,292.7,1456,64,4
2025-11-14,Google Ads,Search_Generic,2068.4,15123,253,14
2025-11-14,Google Ads,Shopping_Ads,2680.12,1531,65,2
2025-11-14,Google Ads,Display_Retarget,2934.07,11693,220,5
2025-11-14,Meta Ads,IG_Retarget,36.79,1316,7,0
2025-11-14,Meta Ads,FB_Lookalike,891.75,9817,211,16
2025-11-14,YouTube Ads,YT_Skippable,1393.24,4374,54,0
2025-11-14,YouTube Ads,YT_Bumper,1385.07,14854,89,5
2025-11-14,Email,Weekly_Newsletter,,2198,13,0
2025-11-14,Email,Cart_Recovery,3341.58,5313,166,1
2025-11-14,Email,Win_Back,1057.38,6379,61,4
2025-11-14,Organic Search,SEO_Category,497.73,2571,25,0
2025-11-14,Affiliate,Affiliate_Network_A,1377.87,2287,96,6
2025-11-14,Referral,Referral_Program,166.94,5606,164,5
2025-11-14,Direct,Direct_Traffic,157.58,5455,126,2
2025-11-15,Google Ads,Search_Brand,2599.58,3486,69,3
2025-11-15,Google Ads,Search_Generic,8688.94,11136,445,11
2025-11-15,Google Ads,Shopping_Ads,3799.96,7734,263,7
2025-11-15,Google Ads,Display_Retarget,2443.12,2279,74,5
2025-11-15,Meta Ads,FB_Prospecting,630.18,989,15,1
2025-11-15,Meta Ads,IG_Retarget,1630.89,14490,77,1
2025-11-15,Meta Ads,FB_Lookalike,313.93,3585,44,1
2025-11-15,YouTube Ads,YT_Skippable,3350.52,10527,309,15
2025-11-15,YouTube Ads,YT_Bumper,10827.48,9384,344,22
2025-11-15,Email,Weekly_Newsletter,5391.53,4244,187,6
2025-11-15,Email,Cart_Recovery,17599.69,10329,429,11
2025-11-15,Organic Search,SEO_Blog,123.38,2921,75,1
2025-11-15,Organic Search,SEO_Category,4.08,5944,73,5
2025-11-15,Affiliate,Affiliate_Network_B,377.62,2300,15,0
2025-11-15,Referral,Referral_Program,356.27,4528,185,9
2025-11-15,Direct,Direct_Traffic,225.68,2237,80,1
2025-11-16,Google Ads,Search_Brand,,8849,144,10
2025-11-16,Google Ads,Shopping_Ads,3075.13,4239,146,6
2025-11-16,Google Ads,Display_Retarget,3094.72,3873,107,8
2025-11-16,Meta Ads,FB_Prospecting,3383.91,9165,132,5
2025-11-16,Meta Ads,FB_Lookalike,1458.13,7941,150,1
2025-11-16,YouTube Ads,YT_Skippable,3297.76,9138,302,5
2025-11-16,YouTube Ads,YT_Bumper,5202.84,10976,201,12
2025-11-16,Email,Weekly_Newsletter,190.61,2904,58,2
2025-11-16,Email,Cart_Recovery,4727.76,6826,210,4
2025-11-16,Email,Win_Back,2511.68,2486,108,7
2025-11-16,Organic Search,SEO_Category,275.29,5678,182,6
2025-11-16,Affiliate,Affiliate_Network_A,3796.76,6424,170,13
2025-11-16,Affiliate,Affiliate_Network_B,5504.16,7823,312,5
2025-11-16,Referral,Referral_Program,238.83,6738,287,15
2025-11-17,Google Ads,Search_Brand,15447.59,12860,493,19
2025-11-17,Google Ads,Search_Generic,401.43,1435,22,1
2025-11-17,Google Ads,Shopping_Ads,8886.53,7966,218,10
2025-11-17,Google Ads,Display_Retarget,331.81,2035,19,1
2025-11-17,Meta Ads,FB_Prospecting,638.72,6025,64,3
2025-11-17,Meta Ads,FB_Lookalike,2530.66,3565,149,8
2025-11-17,YouTube Ads,YT_Skippable,217.52,638,6,0
2025-11-17,Email,Weekly_Newsletter,3459.77,4970,97,0
2025-11-17,Email,Cart_Recovery,6396.34,7504,184,11
2025-11-17,Email,Win_Back,1436.56,2462,95,4
2025-11-17,Organic Search,SEO_Blog,468.9,2577,110,8
2025-11-17,Affiliate,Affiliate_Network_A,1589.41,4185,124,9
2025-11-17,Affiliate,Affiliate_Network_B,1723.3,6208,40,0
2025-11-18,Google Ads,Search_Brand,5257.95,4352,123,7
2025-11-18,Google Ads,Search_Generic,2101.35,9156,196,2
2025-11-18,Meta Ads,IG_Retarget,2155.08,1953,56,3
2025-11-18,Email,Weekly_Newsletter,4157.78,3843,149,7
2025-11-18,Email,Win_Back,8057.52,10037,249,12
2025-11-18,Organic Search,SEO_Blog,87.65,786,23,1
2025-11-18,Affiliate,Affiliate_Network_A,471.12,1857,27,1
2025-11-18,Affiliate,Affiliate_Network_B,9789.06,17112,624,26
2025-11-18,Direct,Direct_Traffic,261.36,1374,34,2
2025-11-19,Google Ads,Search_Brand,1702.55,2095,56,3
2025-11-19,Google Ads,Search_Generic,2177.84,17500,183,9
2025-11-19,Google Ads,Shopping_Ads,4281.16,18025,393,26
2025-11-19,Google Ads,Display_Retarget,2486.01,8010,89,2
2025-11-19,Meta Ads,IG_Retarget,7188.78,5908,234,6
2025-11-19,Email,Weekly_Newsletter,481.83,1620,44,1
2025-11-19,Email,Cart_Recovery,5548.07,4528,146,8
2025-11-19,Email,Win_Back,105.97,1145,24,0
2025-11-19,Organic Search,SEO_Category,118.41,5715,230,11
2025-11-19,Affiliate,Affiliate_Network_A,459.86,2644,18,1
2025-11-19,Affiliate,Affiliate_Network_B,218.41,999,8,0
2025-11-19,Direct,Direct_Traffic,226.24,1281,20,0
2025-11-20,Google Ads,Search_Brand,6141.64,7831,237,7
2025-11-20,Google Ads,Shopping_Ads,679.72,1047,44,2
2025-11-20,Google Ads,Display_Retarget,20467.06,12475,521,25
2025-11-20,Meta Ads,FB_Lookalike,2597.32,4370,122,7
2025-11-20,YouTube Ads,YT_Skippable,2401.67,3322,107,8
2025-11-20,Email,Weekly_Newsletter,5361.53,11453,169,4
2025-11-20,Email,Cart_Recovery,118.97,1269,6,0
2025-11-20,Organic Search,SEO_Category,397.1,5002,94,3
2025-11-20,Affiliate,Affiliate_Network_B,842.74,2090,40,1
2025-11-21,Google Ads,Search_Brand,287.47,2413,75,5
2025-11-21,Google Ads,Search_Generic,11659.6,6290,272,12
2025-11-21,Google Ads,Shopping_Ads,842.19,3943,159,11
2025-11-21,Google Ads,Display_Retarget,687.64,1987,84,1
2025-11-21,Meta Ads,IG_Retarget,5689.21,7818,291,6
2025-11-21,YouTube Ads,YT_Skippable,2691.25,3463,111,1
2025-11-21,YouTube Ads,YT_Bumper,1303.77,2092,61,1
2025-11-21,Email,Weekly_Newsletter,2697.75,3105,98,1
2025-11-21,Email,Win_Back,503.53,7774,42,1
2025-11-21,Organic Search,SEO_Blog,339.83,3685,137,5
2025-11-21,Organic Search,SEO_Category,237.37,6346,257,13
2025-11-21,Affiliate,Affiliate_Network_B,218.78,819,13,0
2025-11-21,Referral,Referral_Program,84.22,5850,146,7
2025-11-21,Direct,Direct_Traffic,357.72,10597,223,16
2025-11-22,Google Ads,Search_Brand,4265.08,5667,144,8
2025-11-22,Google Ads,Search_Generic,739.54,1770,52,1
2025-11-22,Google Ads,Shopping_Ads,2805.09,12548,111,7
2025-11-22,Meta Ads,FB_Prospecting,2764.13,22931,249,11
2025-11-22,Meta Ads,IG_Retarget,4243.39,9752,106,7
2025-11-22,Meta Ads,FB_Lookalike,3586.56,4197,125,2
2025-11-22,YouTube Ads,YT_Skippable,1724.54,4555,104,4
2025-11-22,YouTube Ads,YT_Bumper,2247.87,6492,211,2
2025-11-22,Email,Weekly_Newsletter,3153.55,2384,71,0
2025-11-22,Email,Win_Back,751.77,1097,18,0
2025-11-22,Affiliate,Affiliate_Network_A,1554.54,5743,147,1
2025-11-22,Referral,Referral_Program,363.83,2591,41,1
2025-11-22,Direct,Direct_Traffic,106.19,2471,86,2
2025-11-23,Google Ads,Search_Generic,6068.06,4207,182,13
2025-11-23,Meta Ads,IG_Retarget,5369.38,9270,292,13
2025-11-23,Meta Ads,FB_Lookalike,5522.95,7973,163,3
2025-11-23,YouTube Ads,YT_Skippable,12076.67,12640,493,31
2025-11-23,YouTube Ads,YT_Bumper,3839.88,6469,178,13
2025-11-23,Email,Weekly_Newsletter,12055.63,8868,343,3
2025-11-23,Email,Cart_Recovery,2734.19,6692,257,5
2025-11-23,Email,Win_Back,677.53,1848,72,3
2025-11-23,Organic Search,SEO_Blog,17.32,7987,219,7
2025-11-23,Direct,Direct_Traffic,70.26,4606,114,7
2025-11-24,Google Ads,Search_Brand,4291.23,4546,175,6
2025-11-24,Google Ads,Search_Generic,799.07,2776,23,1
2025-11-24,Meta Ads,IG_Retarget,3219.37,4970,105,4
2025-11-24,Meta Ads,FB_Lookalike,1940.66,1904,46,3
2025-11-24,YouTube Ads,YT_Skippable,409.95,1016,28,1
2025-11-24,YouTube Ads,YT_Bumper,1231.03,2389,90,4
2025-11-24,Email,Weekly_Newsletter,926.43,857,26,1
2025-11-24,Email,Cart_Recovery,4972.59,13072,199,4
2025-11-24,Email,Win_Back,167.35,1511,46,3
2025-11-24,Organic Search,SEO_Blog,450.28,5547,244,18
2025-11-24,Organic Search,SEO_Category,424.17,2688,20,0
2025-11-24,Affiliate,Affiliate_Network_A,2368.4,11167,87,0
2025-11-24,Referral,Referral_Program,360.48,6042,190,8
2025-11-25,Google Ads,Search_Brand,488.6,9764,159,9
2025-11-25,Google Ads,Shopping_Ads,2313.17,7282,209,12
2025-11-25,Google Ads,Display_Retarget,2624.2,4342,141,9
2025-11-25,Meta Ads,IG_Retarget,2080.98,5641,57,3
2025-11-25,Meta Ads,FB_Lookalike,859.08,4778,151,11
2025-11-25,YouTube Ads,YT_Skippable,734.26,6253,240,6
2025-11-25,YouTube Ads,YT_Bumper,732.79,1681,24,0
2025-11-25,Email,Weekly_Newsletter,160.57,1296,47,2
2025-11-25,Email,Cart_Recovery,704.32,3038,34,0
2025-11-25,Email,Win_Back,292.74,2199,11,0
2025-11-25,Organic Search,SEO_Blog,351.73,674,20,0
2025-11-25,Organic Search,SEO_Category,297.45,2813,113,7
2025-11-25,Direct,Direct_Traffic,335.6,9768,98,1
2025-11-26,Google Ads,Search_Generic,5314.11,5512,175,5
2025-11-26,Google Ads,Shopping_Ads,1592.19,2732,78,2
2025-11-26,Google Ads,Display_Retarget,4097.64,5027,180,1
2025-11-26,Meta Ads,FB_Prospecting,2766.2,7724,71,0
2025-11-26,Meta Ads,FB_Lookalike,9187.74,8452,265,5
2025-11-26,YouTube Ads,YT_Skippable,727.39,2711,36,1
2025-11-26,Email,Weekly_Newsletter,5205.72,6821,205,8
2025-11-26,Email,Cart_Recovery,3766.13,4875,176,10
2025-11-26,Organic Search,SEO_Blog,137.51,9952,335,19
2025-11-26,Organic Search,SEO_Category,361.54,6862,36,2
2025-11-26,Affiliate,Affiliate_Network_B,2261.43,2999,83,2
2025-11-26,Referral,Referral_Program,480.93,17141,710,45
2025-11-26,Direct,Direct_Traffic,349.79,12059,144,1
2025-11-27,Google Ads,Search_Brand,1371.43,9769,70,2
2025-11-27,Google Ads,Search_Generic,195.16,2773,38,0
2025-11-27,Google Ads,Display_Retarget,4771.46,3663,119,4
2025-11-27,Meta Ads,IG_Retarget,2910.15,2313,67,3
2025-11-27,Meta Ads,FB_Lookalike,3435.83,9299,280,18
2025-11-27,YouTube Ads,YT_Skippable,813.61,1636,40,1
2025-11-27,Email,Cart_Recovery,1007.88,4380,25,1
2025-11-27,Email,Win_Back,7061.44,6102,208,2
2025-11-27,Organic Search,SEO_Category,80.67,5205,102,7
2025-11-27,Affiliate,Affiliate_Network_A,3157.55,3356,93,1
2025-11-27,Referral,Referral_Program,299.31,17720,379,5
2025-11-27,Direct,Direct_Traffic,487.73,1812,80,6
2025-11-28,Google Ads,Shopping_Ads,5124.46,7463,139,9
2025-11-28,Meta Ads,FB_Prospecting,5175.72,6867,118,4
2025-11-28,Meta Ads,IG_Retarget,4576.91,6813,137,9
2025-11-28,YouTube Ads,YT_Skippable,1209.85,2874,76,1
2025-11-28,YouTube Ads,YT_Bumper,2302.54,9273,103,2
2025-11-28,Email,Cart_Recovery,3621.38,3291,117,3
2025-11-28,Organic Search,SEO_Blog,133.89,15858,649,39
2025-11-28,Organic Search,SEO_Category,195.74,875,31,1
2025-11-28,Affiliate,Affiliate_Network_A,8260.44,10618,218,15
2025-11-28,Affiliate,Affiliate_Network_B,482.97,20238,126,1
2025-11-28,Referral,Referral_Program,96.01,6317,35,2
2025-11-29,Google Ads,Search_Brand,5295.35,7880,145,8
2025-11-29,Google Ads,Search_Generic,1124.03,3850,74,5
2025-11-29,Meta Ads,FB_Prospecting,593.12,8048,187,7
2025-11-29,Meta Ads,IG_Retarget,492.96,2854,58,3
2025-11-29,Meta Ads,FB_Lookalike,2097.19,4689,137,3
2025-11-29,YouTube Ads,YT_Skippable,1241.61,2184,76,6
2025-11-29,YouTube Ads,YT_Bumper,1881.66,6329,74,3
2025-11-29,Email,Weekly_Newsletter,2943.84,3955,109,6
2025-11-29,Email,Win_Back,9936.8,14198,261,12
2025-11-29,Organic Search,SEO_Blog,189.55,5433,194,12
2025-11-29,Organic Search,SEO_Category,126.89,8871,190,7
2025-11-29,Affiliate,Affiliate_Network_A,1482.32,2440,46,1
2025-11-29,Affiliate,Affiliate_Network_B,1891.71,7837,344,16
2025-11-30,Google Ads,Search_Brand,,3146,86,4
2025-11-30,Google Ads,Display_Retarget,4229.71,8297,127,6
2025-11-30,YouTube Ads,YT_Skippable,676.74,2328,17,1
2025-11-30,YouTube Ads,YT_Bumper,1861.29,10575,235,4
2025-11-30,Email,Weekly_Newsletter,852.77,1080,25,0
2025-11-30,Organic Search,SEO_Blog,209.14,6953,42,2
2025-11-30,Organic Search,SEO_Category,378.61,4827,127,3
2025-11-30,Affiliate,Affiliate_Network_A,4207.06,5291,193,3
2025-11-30,Affiliate,Affiliate_Network_B,5764.33,9883,233,3
2025-11-30,Direct,Direct_Traffic,414.64,5357,110,1
2025-12-01,Meta Ads,FB_Prospecting,718.0,5428,28,0
2025-12-01,Meta Ads,IG_Retarget,2041.11,6673,255,13
2025-12-01,Meta Ads,FB_Lookalike,2902.46,2978,74,4
2025-12-01,YouTube Ads,YT_Bumper,5474.43,7998,141,8
2025-12-01,Email,Weekly_Newsletter,731.73,711,28,1
2025-12-01,Email,Cart_Recovery,2963.88,6202,93,6
2025-12-01,Organic Search,SEO_Blog,115.86,3891,94,4
2025-12-01,Organic Search,SEO_Category,231.17,8089,94,3
2025-12-01,Affiliate,Affiliate_Network_A,382.45,1716,54,3
2025-12-01,Affiliate,Affiliate_Network_B,956.01,3852,23,0
2025-12-01,Referral,Referral_Program,278.9,3748,27,1
2025-12-01,Direct,Direct_Traffic,267.63,254,6,0
2025-12-02,Meta Ads,FB_Prospecting,1815.11,7086,168,10
2025-12-02,Meta Ads,IG_Retarget,616.73,9637,181,8
2025-12-02,Meta Ads,FB_Lookalike,4537.46,5567,166,11
2025-12-02,YouTube Ads,YT_Skippable,3288.74,5198,186,7
2025-12-02,Email,Cart_Recovery,1996.73,5200,230,3
2025-12-02,Organic Search,SEO_Blog,284.2,3671,133,6
2025-12-02,Affiliate,Affiliate_Network_B,5880.21,8200,152,4
2025-12-02,Referral,Referral_Program,49.19,9893,347,16
2025-12-03,Google Ads,Search_Generic,2962.6,3348,68,2
2025-12-03,Meta Ads,FB_Lookalike,927.63,1553,44,0
2025-12-03,Email,Weekly_Newsletter,4234.93,8540,249,5
2025-12-03,Email,Cart_Recovery,1511.73,3098,121,4
2025-12-03,Email,Win_Back,10885.88,7988,255,3
2025-12-03,Organic Search,SEO_Blog,25.37,5577,110,7
2025-12-03,Affiliate,Affiliate_Network_A,256.51,3183,18,0
2025-12-03,Affiliate,Affiliate_Network_B,3497.18,2347,99,5
2025-12-03,Referral,Referral_Program,342.78,5913,94,1
2025-12-03,Direct,Direct_Traffic,196.76,787,6,0
2025-12-04,Google Ads,Search_Brand,7416.15,12037,199,9
2025-12-04,Google Ads,Search_Generic,13631.39,8447,306,7
2025-12-04,Meta Ads,FB_Prospecting,7710.09,13531,459,22
2025-12-04,Meta Ads,IG_Retarget,,14697,512,6
2025-12-04,YouTube Ads,YT_Skippable,16.45,254,1,0
2025-12-04,YouTube Ads,YT_Bumper,3330.23,4207,112,4
2025-12-04,Email,Weekly_Newsletter,5031.62,7186,292,22
2025-12-04,Email,Cart_Recovery,2297.25,8140,283,22
2025-12-04,Organic Search,SEO_Blog,424.89,5626,180,5
2025-12-04,Affiliate,Affiliate_Network_A,1354.51,7549,308,11
2025-12-04,Affiliate,Affiliate_Network_B,847.35,2166,31,1
2025-12-04,Referral,Referral_Program,261.28,5557,153,8
2025-12-04,Direct,Direct_Traffic,499.59,4080,159,4
2025-12-05,Google Ads,Search_Brand,1992.16,7074,60,1
2025-12-05,Google Ads,Shopping_Ads,2458.24,3335,68,5
2025-12-05,Google Ads,Display_Retarget,743.82,1590,36,1
2025-12-05,Meta Ads,FB_Prospecting,2475.83,2432,105,6
2025-12-05,Meta Ads,IG_Retarget,4866.21,7791,110,5
2025-12-05,YouTube Ads,YT_Skippable,1366.17,1880,39,1
2025-12-05,YouTube Ads,YT_Bumper,1614.64,5455,118,6
2025-12-05,Email,Weekly_Newsletter,1523.14,5035,51,1
2025-12-05,Email,Cart_Recovery,3031.52,3469,102,4
2025-12-05,Organic Search,SEO_Category,82.79,12527,524,41
2025-12-05,Affiliate,Affiliate_Network_A,488.49,2913,55,2
2025-12-05,Referral,Referral_Program,5.66,12732,282,11
2025-12-05,Direct,Direct_Traffic,421.86,6496,236,2
2025-12-06,Google Ads,Search_Brand,2127.23,3968,69,4
2025-12-06,Google Ads,Shopping_Ads,2556.85,3852,77,4
2025-12-06,Google Ads,Display_Retarget,573.45,2423,102,3
2025-12-06,Meta Ads,FB_Prospecting,2083.76,8837,107,3
2025-12-06,Meta Ads,IG_Retarget,5920.61,11034,252,2
2025-12-06,Meta Ads,FB_Lookalike,5010.83,4871,159,2
2025-12-06,YouTube Ads,YT_Skippable,4297.66,9288,210,12
2025-12-06,Email,Weekly_Newsletter,1417.87,1283,51,1
2025-12-06,Email,Cart_Recovery,3178.42,10651,244,16
2025-12-06,Email,Win_Back,1960.85,4246,63,2
2025-12-06,Organic Search,SEO_Category,103.71,10418,53,2
2025-12-06,Affiliate,Affiliate_Network_A,2375.38,12134,128,5
2025-12-06,Affiliate,Affiliate_Network_B,4298.04,2473,102,3
2025-12-06,Referral,Referral_Program,65.67,13789,321,3
2025-12-07,Google Ads,Shopping_Ads,5109.64,4948,148,9
2025-12-07,Meta Ads,IG_Retarget,1873.85,5144,163,3
2025-12-07,Meta Ads,FB_Lookalike,325.66,886,13,1
2025-12-07,YouTube Ads,YT_Skippable,2380.69,13464,518,28
2025-12-07,YouTube Ads,YT_Bumper,6016.62,6764,301,5
2025-12-07,Email,Weekly_Newsletter,619.16,1410,15,0
2025-12-07,Email,Cart_Recovery,1133.27,5324,203,8
2025-12-07,Organic Search,SEO_Blog,180.21,6006,189,9
2025-12-07,Organic Search,SEO_Category,316.83,8655,120,3
2025-12-07,Affiliate,Affiliate_Network_A,1361.01,8649,306,23
2025-12-07,Affiliate,Affiliate_Network_B,2735.8,2505,111,4
2025-12-07,Referral,Referral_Program,7.23,9941,377,21
2025-12-08,Google Ads,Search_Brand,5721.87,8438,164,6
2025-12-08,Google Ads,Search_Generic,298.53,2650,43,1
2025-12-08,Google Ads,Shopping_Ads,9269.35,11203,227,12
2025-12-08,Google Ads,Display_Retarget,3560.43,10524,96,2
2025-12-08,Meta Ads,FB_Prospecting,12167.69,8542,318,23
2025-12-08,Meta Ads,IG_Retarget,886.17,10061,55,4
2025-12-08,Meta Ads,FB_Lookalike,12405.49,13181,393,24
2025-12-08,YouTube Ads,YT_Bumper,1911.16,8171,85,1
2025-12-08,Email,Weekly_Newsletter,890.77,3423,73,1
2025-12-08,Email,Win_Back,1788.45,3971,75,1
2025-12-08,Organic Search,SEO_Blog,192.53,12019,181,4
2025-12-08,Affiliate,Affiliate_Network_A,412.54,696,18,0
2025-12-08,Affiliate,Affiliate_Network_B,757.35,2562,72,4
2025-12-08,Referral,Referral_Program,85.08,8309,231,7
2025-12-08,Direct,Direct_Traffic,154.96,7537,161,8
2025-12-09,Google Ads,Search_Generic,,3603,75,4
2025-12-09,Google Ads,Shopping_Ads,1471.6,1341,36,1
2025-12-09,Meta Ads,FB_Lookalike,2252.37,3565,86,5
2025-12-09,YouTube Ads,YT_Skippable,102.81,1217,13,0
2025-12-09,Email,Weekly_Newsletter,5110.95,10026,164,12
2025-12-09,Affiliate,Affiliate_Network_A,2766.23,10352,69,1
2025-12-09,Affiliate,Affiliate_Network_B,390.22,809,10,0
2025-12-09,Referral,Referral_Program,384.15,15313,571,36
2025-12-09,Direct,Direct_Traffic,129.95,2937,110,2
2025-12-10,Google Ads,Search_Brand,1729.57,12038,101,4
2025-12-10,Google Ads,Search_Generic,1888.26,4541,115,4
2025-12-10,Google Ads,Shopping_Ads,1532.96,2641,35,1
2025-12-10,Meta Ads,FB_Prospecting,650.96,1079,17,0
2025-12-10,Meta Ads,IG_Retarget,9990.25,7626,273,12
2025-12-10,YouTube Ads,YT_Bumper,343.43,3053,17,0
2025-12-10,Email,Cart_Recovery,1765.4,9774,53,3
2025-12-10,Email,Win_Back,18.52,469,3,0
2025-12-10,Organic Search,SEO_Blog,31.85,10664,256,2
2025-12-10,Affiliate,Affiliate_Network_A,18083.21,26974,655,23
2025-12-10,Affiliate,Affiliate_Network_B,4770.2,7334,214,16
2025-12-11,Google Ads,Search_Brand,8451.44,6801,190,7
2025-12-11,Google Ads,Search_Generic,1914.78,6069,120,3
2025-12-11,Google Ads,Shopping_Ads,3006.56,6998,124,2
2025-12-11,Google Ads,Display_Retarget,1554.99,4378,37,0
2025-12-11,Meta Ads,FB_Prospecting,2949.12,9486,69,4
2025-12-11,Meta Ads,IG_Retarget,206.32,1357,8,0
2025-12-11,Email,Cart_Recovery,,1541,15,0
2025-12-11,Affiliate,Affiliate_Network_A,2159.78,2973,63,4
2025-12-11,Referral,Referral_Program,432.05,2564,31,1
2025-12-11,Direct,Direct_Traffic,197.89,8768,146,2
2025-12-12,Google Ads,Search_Brand,2170.16,5974,189,5
2025-12-12,Google Ads,Search_Generic,4789.0,7954,281,10
2025-12-12,Google Ads,Shopping_Ads,1436.27,3502,42,0
2025-12-12,Google Ads,Display_Retarget,4039.37,4176,149,3
2025-12-12,Meta Ads,FB_Lookalike,8554.39,9155,347,15
2025-12-12,YouTube Ads,YT_Bumper,2985.74,2226,78,2
2025-12-12,Email,Cart_Recovery,928.45,10428,61,2
2025-12-12,Email,Win_Back,1722.72,2512,84,3
2025-12-12,Organic Search,SEO_Blog,390.6,3976,26,1
2025-12-12,Organic Search,SEO_Category,63.83,2594,54,4
2025-12-12,Affiliate,Affiliate_Network_B,663.37,9621,210,16
2025-12-12,Referral,Referral_Program,406.53,203,6,0
2025-12-13,Google Ads,Search_Generic,1268.8,1257,42,0
2025-12-13,Google Ads,Display_Retarget,7030.29,10215,399,20
2025-12-13,Meta Ads,FB_Prospecting,566.79,4637,166,8
2025-12-13,Meta Ads,IG_Retarget,2406.42,14774,175,6
2025-12-13,Meta Ads,FB_Lookalike,2858.37,8992,244,16
2025-12-13,YouTube Ads,YT_Skippable,186.6,1465,62,1
2025-12-13,YouTube Ads,YT_Bumper,3085.82,4773,191,8
2025-12-13,Email,Cart_Recovery,2442.69,8942,374,13
2025-12-13,Email,Win_Back,1619.7,5123,112,8
2025-12-13,Organic Search,SEO_Blog,430.24,8367,133,6
2025-12-13,Affiliate,Affiliate_Network_A,3854.13,10229,277,13
2025-12-13,Affiliate,Affiliate_Network_B,913.35,5064,54,2
2025-12-13,Referral,Referral_Program,47.71,1666,58,2
2025-12-13,Direct,Direct_Traffic,167.87,2809,32,1
2025-12-14,Google Ads,Search_Brand,1437.86,1336,44,2
2025-12-14,Google Ads,Search_Generic,2943.29,3317,139,8
2025-12-14,Google Ads,Shopping_Ads,193.41,737,5,0
2025-12-14,Google Ads,Display_Retarget,653.0,2553,83,3
2025-12-14,Meta Ads,FB_Prospecting,1204.89,3058,125,1
2025-12-14,Meta Ads,IG_Retarget,2063.91,5643,59,3
2025-12-14,Meta Ads,FB_Lookalike,17008.99,15782,583,17
2025-12-14,YouTube Ads,YT_Skippable,2425.47,10626,318,16
2025-12-14,YouTube Ads,YT_Bumper,2232.98,3156,138,6
2025-12-14,Email,Weekly_Newsletter,77.78,1700,12,0
2025-12-14,Email,Cart_Recovery,605.3,4612,186,2
2025-12-14,Email,Win_Back,855.34,4094,31,1
2025-12-14,Organic Search,SEO_Blog,426.29,2076,55,2
2025-12-14,Organic Search,SEO_Category,464.6,4193,88,2
2025-12-14,Affiliate,Affiliate_Network_A,1398.87,7352,181,12
2025-12-14,Affiliate,Affiliate_Network_B,879.16,3263,127,10
2025-12-14,Referral,Referral_Program,301.16,3458,51,3
2025-12-14,Direct,Direct_Traffic,463.44,7507,310,10
2025-12-15,Google Ads,Search_Brand,2741.94,3047,134,5
2025-12-15,Google Ads,Search_Generic,1363.73,6136,170,11
2025-12-15,Google Ads,Shopping_Ads,2204.23,2017,50,2
2025-12-15,Google Ads,Display_Retarget,1231.15,6763,242,3
2025-12-15,Meta Ads,FB_Prospecting,303.82,3565,60,4
2025-12-15,Meta Ads,IG_Retarget,3099.61,14823,132,5
2025-12-15,Meta Ads,FB_Lookalike,4433.02,12097,186,12
2025-12-15,YouTube Ads,YT_Skippable,518.7,1789,42,2
2025-12-15,YouTube Ads,YT_Bumper,2523.37,2425,59,3
2025-12-15,Email,Weekly_Newsletter,7932.91,12043,265,19
2025-12-15,Email,Cart_Recovery,1265.92,3156,53,1
2025-12-15,Organic Search,SEO_Blog,9.72,2385,42,2
2025-12-15,Referral,Referral_Program,291.06,5122,77,4
2025-12-15,Direct,Direct_Traffic,,4648,46,3
2025-12-16,Google Ads,Display_Retarget,3240.92,5088,103,5
2025-12-16,Meta Ads,IG_Retarget,11046.92,9920,376,19
2025-12-16,Meta Ads,FB_Lookalike,1293.13,1481,43,2
2025-12-16,YouTube Ads,YT_Bumper,794.88,8640,106,3
2025-12-16,Email,Weekly_Newsletter,1223.4,2422,86,4
2025-12-16,Email,Cart_Recovery,9701.91,7978,217,15
2025-12-16,Email,Win_Back,1918.31,4624,64,2
2025-12-16,Organic Search,SEO_Blog,488.53,1405,41,0
2025-12-16,Affiliate,Affiliate_Network_A,3986.96,4003,97,4
2025-12-16,Referral,Referral_Program,307.68,10200,318,14
2025-12-17,Google Ads,Search_Brand,2517.54,6883,89,4
2025-12-17,Google Ads,Search_Generic,3669.72,5708,138,8
2025-12-17,Meta Ads,FB_Prospecting,4862.08,5331,228,15
2025-12-17,YouTube Ads,YT_Skippable,525.65,11615,92,4
2025-12-17,YouTube Ads,YT_Bumper,5915.75,5417,154,11
2025-12-17,Email,Cart_Recovery,441.4,2252,20,1
2025-12-17,Email,Win_Back,7778.06,5316,177,6
2025-12-17,Organic Search,SEO_Blog,341.77,3412,23,1
2025-12-17,Organic Search,SEO_Category,184.08,4073,64,4
2025-12-17,Affiliate,Affiliate_Network_A,2170.67,2523,51,2
2025-12-17,Affiliate,Affiliate_Network_B,1212.48,1973,50,3
2025-12-17,Referral,Referral_Program,271.16,3029,69,3
2025-12-18,Google Ads,Search_Generic,1702.29,2193,43,2
2025-12-18,Meta Ads,FB_Prospecting,3655.79,6433,213,8
2025-12-18,Meta Ads,IG_Retarget,3568.54,3278,135,8
2025-12-18,Meta Ads,FB_Lookalike,5655.97,5028,156,5
2025-12-18,YouTube Ads,YT_Bumper,13119.8,12786,562,36
2025-12-18,Email,Cart_Recovery,6023.83,5515,168,9
2025-12-18,Organic Search,SEO_Blog,481.97,6658,93,5
2025-12-18,Organic Search,SEO_Category,64.11,10116,413,9
2025-12-18,Affiliate,Affiliate_Network_A,8614.56,5875,259,3
2025-12-18,Affiliate,Affiliate_Network_B,3329.95,2888,103,2
2025-12-18,Referral,Referral_Program,78.44,3523,130,6
2025-12-18,Direct,Direct_Traffic,250.08,3089,52,3
2025-12-19,Google Ads,Search_Brand,8727.1,6963,235,14
2025-12-19,Google Ads,Search_Generic,5012.45,8491,139,9
2025-12-19,Google Ads,Shopping_Ads,2272.93,2528,61,1
2025-12-19,Meta Ads,FB_Prospecting,5987.67,10141,333,26
2025-12-19,Meta Ads,FB_Lookalike,339.06,3832,48,2
2025-12-19,YouTube Ads,YT_Bumper,420.66,2402,78,3
2025-12-19,Email,Weekly_Newsletter,4576.36,16315,244,5
2025-12-19,Email,Cart_Recovery,8825.53,11556,198,13
2025-12-19,Email,Win_Back,7516.29,9096,290,18
2025-12-19,Organic Search,SEO_Blog,275.84,16794,647,16
2025-12-19,Organic Search,SEO_Category,168.19,5561,81,4
2025-12-19,Affiliate,Affiliate_Network_A,3346.53,11471,183,5
2025-12-19,Direct,Direct_Traffic,226.98,3632,32,2
2025-12-20,Google Ads,Search_Brand,588.78,4971,33,2
2025-12-20,Google Ads,Search_Generic,2797.35,5077,64,4
2025-12-20,Google Ads,Shopping_Ads,4254.32,7605,103,6
2025-12-20,Google Ads,Display_Retarget,994.28,1494,24,1
2025-12-20,Meta Ads,FB_Prospecting,7318.25,5391,208,12
2025-12-20,Meta Ads,IG_Retarget,699.9,2801,26,0
2025-12-20,Meta Ads,FB_Lookalike,1095.76,4394,42,2
2025-12-20,YouTube Ads,YT_Skippable,1422.18,3783,59,0
2025-12-20,Email,Weekly_Newsletter,161.1,703,9,0
2025-12-20,Email,Cart_Recovery,703.14,5134,116,7
2025-12-20,Email,Win_Back,1474.19,832,35,1
2025-12-20,Organic Search,SEO_Blog,104.12,2297,101,1
2025-12-20,Organic Search,SEO_Category,140.83,3726,29,1
2025-12-20,Affiliate,Affiliate_Network_A,30.41,302,9,0
2025-12-20,Affiliate,Affiliate_Network_B,6032.32,4268,143,5
2025-12-20,Referral,Referral_Program,280.55,3293,97,7
2025-12-20,Direct,Direct_Traffic,27.77,434,6,0
2025-12-21,Google Ads,Search_Brand,220.87,584,20,1
2025-12-21,Google Ads,Search_Generic,2908.37,15127,78,4
2025-12-21,Google Ads,Shopping_Ads,6029.75,8156,148,3
2025-12-21,Google Ads,Display_Retarget,3902.62,6301,268,20
2025-12-21,Meta Ads,FB_Prospecting,568.45,799,15,0
2025-12-21,Meta Ads,IG_Retarget,964.36,5898,32,1
2025-12-21,Meta Ads,FB_Lookalike,8565.09,6711,205,3
2025-12-21,YouTube Ads,YT_Skippable,4260.62,4923,177,2
2025-12-21,Email,Weekly_Newsletter,2950.92,4774,70,3
2025-12-21,Email,Cart_Recovery,7350.61,5852,178,3
2025-12-21,Organic Search,SEO_Blog,30.59,4527,173,3
2025-12-21,Organic Search,SEO_Category,120.11,7425,334,16
2025-12-21,Affiliate,Affiliate_Network_B,3023.52,2273,76,4
2025-12-21,Referral,Referral_Program,80.59,1112,8,0
2025-12-22,Google Ads,Search_Generic,2781.38,7643,230,14
2025-12-22,Google Ads,Display_Retarget,1143.41,2157,77,5
2025-12-22,Meta Ads,FB_Prospecting,1524.29,2227,35,2
2025-12-22,Meta Ads,IG_Retarget,435.92,9990,77,2
2025-12-22,Meta Ads,FB_Lookalike,1536.53,3485,35,1
2025-12-22,YouTube Ads,YT_Skippable,9166.6,6448,233,14
2025-12-22,Email,Weekly_Newsletter,402.53,2422,96,2
2025-12-22,Email,Win_Back,1044.21,2448,42,1
2025-12-22,Organic Search,SEO_Blog,445.27,6022,105,2
2025-12-22,Organic Search,SEO_Category,351.54,10669,200,8
2025-12-22,Affiliate,Affiliate_Network_B,1338.56,14308,365,8
2025-12-22,Referral,Referral_Program,242.79,1973,48,3
2025-12-22,Direct,Direct_Traffic,322.43,9507,226,5
2025-12-23,Google Ads,Search_Brand,234.83,1467,14,0
2025-12-23,Google Ads,Shopping_Ads,649.13,964,20,0
2025-12-23,Google Ads,Display_Retarget,962.47,3942,64,2
2025-12-23,Meta Ads,FB_Lookalike,1166.84,5074,76,2
2025-12-23,Email,Cart_Recovery,7220.09,5802,233,6
2025-12-23,Email,Win_Back,553.08,2189,85,5
2025-12-23,Organic Search,SEO_Blog,39.59,12832,335,4
2025-12-23,Organic Search,SEO_Category,142.87,1923,25,1
2025-12-23,Affiliate,Affiliate_Network_B,1882.71,6597,82,1
2025-12-23,Referral,Referral_Program,251.44,16332,451,30
2025-12-23,Direct,Direct_Traffic,331.58,5956,213,16
2025-12-24,Google Ads,Search_Brand,6444.5,6693,190,10
2025-12-24,Google Ads,Shopping_Ads,4279.67,4874,165,2
2025-12-24,Google Ads,Display_Retarget,654.8,1405,55,1
2025-12-24,Meta Ads,FB_Prospecting,2969.01,10241,73,3
2025-12-24,Email,Weekly_Newsletter,10086.68,19577,723,24
2025-12-24,Email,Cart_Recovery,3091.13,2483,73,5
2025-12-24,Email,Win_Back,1230.39,4900,175,11
2025-12-24,Organic Search,SEO_Category,368.97,1837,35,1
2025-12-24,Affiliate,Affiliate_Network_A,1132.6,6105,149,6
2025-12-24,Direct,Direct_Traffic,427.33,2639,98,5
2025-12-25,Google Ads,Search_Brand,778.56,5838,111,3
2025-12-25,Google Ads,Search_Generic,412.04,1961,20,1
2025-12-25,Google Ads,Shopping_Ads,1370.14,1384,32,2
2025-12-25,Meta Ads,FB_Prospecting,1650.58,5577,58,2
2025-12-25,Meta Ads,FB_Lookalike,2707.09,3078,84,2
2025-12-25,YouTube Ads,YT_Skippable,281.35,2689,78,0
2025-12-25,Email,Weekly_Newsletter,762.19,7922,54,1
2025-12-25,Email,Cart_Recovery,287.6,1916,23,1
2025-12-25,Organic Search,SEO_Category,440.86,5986,150,7
2025-12-25,Affiliate,Affiliate_Network_B,301.05,843,11,0
2025-12-25,Referral,Referral_Program,453.89,4718,73,5
2025-12-26,Google Ads,Search_Brand,4366.07,8596,372,26
2025-12-26,Google Ads,Search_Generic,2152.77,5629,143,2
2025-12-26,Google Ads,Display_Retarget,8281.52,10770,419,6
2025-12-26,Meta Ads,FB_Prospecting,368.21,12041,100,4
2025-12-26,Meta Ads,IG_Retarget,5059.52,8396,182,6
2025-12-26,Meta Ads,FB_Lookalike,958.65,2407,30,2
2025-12-26,YouTube Ads,YT_Skippable,629.14,5925,198,13
2025-12-26,YouTube Ads,YT_Bumper,4612.11,14702,300,4
2025-12-26,Email,Weekly_Newsletter,5250.78,8745,193,2
2025-12-26,Email,Win_Back,5076.57,3861,132,7
2025-12-26,Affiliate,Affiliate_Network_A,863.85,1750,23,1
2025-12-26,Referral,Referral_Program,110.0,3284,93,3
2025-12-26,Direct,Direct_Traffic,394.04,9337,408,6
2025-12-27,Google Ads,Search_Brand,787.02,7180,103,4
2025-12-27,Google Ads,Search_Generic,3978.62,12769,281,16
2025-12-27,Google Ads,Display_Retarget,309.65,826,14,0
2025-12-27,Meta Ads,FB_Prospecting,252.5,2989,43,0
2025-12-27,Meta Ads,IG_Retarget,4403.37,4347,99,7
2025-12-27,Meta Ads,FB_Lookalike,5205.0,6344,197,9
2025-12-27,YouTube Ads,YT_Skippable,2663.24,10373,65,2
2025-12-27,YouTube Ads,YT_Bumper,1783.72,3073,97,7
2025-12-27,Email,Cart_Recovery,4562.72,4288,135,8
2025-12-27,Email,Win_Back,678.11,3629,55,2
2025-12-27,Organic Search,SEO_Category,78.88,3284,68,4
2025-12-27,Affiliate,Affiliate_Network_B,1335.74,6310,38,2
2025-12-27,Direct,Direct_Traffic,202.58,5390,165,5
2025-12-28,Google Ads,Shopping_Ads,2899.03,7664,77,1
2025-12-28,Meta Ads,FB_Prospecting,279.69,2603,77,1
2025-12-28,YouTube Ads,YT_Bumper,1625.83,7265,97,3
2025-12-28,Email,Weekly_Newsletter,7863.83,10202,212,14
2025-12-28,Email,Cart_Recovery,1515.48,6691,188,9
2025-12-28,Email,Win_Back,3327.81,3199,101,7
2025-12-28,Organic Search,SEO_Blog,238.73,5446,222,8
2025-12-28,Organic Search,SEO_Category,91.37,7042,239,13
2025-12-28,Affiliate,Affiliate_Network_A,2339.39,3028,80,5
2025-12-28,Affiliate,Affiliate_Network_B,3920.04,6609,100,3
2025-12-28,Direct,Direct_Traffic,235.71,6343,119,5
2025-12-29,Google Ads,Search_Brand,1818.19,2531,88,6
2025-12-29,Google Ads,Shopping_Ads,1944.42,13335,88,2
2025-12-29,Google Ads,Display_Retarget,1274.17,11099,166,12
2025-12-29,Meta Ads,FB_Prospecting,2933.25,2663,102,8
2025-12-29,YouTube Ads,YT_Skippable,3636.22,1910,81,0
2025-12-29,YouTube Ads,YT_Bumper,1533.3,5655,117,5
2025-12-29,Email,Weekly_Newsletter,3207.4,12885,226,4
2025-12-29,Email,Cart_Recovery,596.04,2042,14,1
2025-12-29,Email,Win_Back,689.88,2065,26,0
2025-12-29,Organic Search,SEO_Blog,17.64,6950,63,1
2025-12-29,Organic Search,SEO_Category,431.51,2881,53,3
2025-12-29,Affiliate,Affiliate_Network_B,4991.97,9017,305,23
2025-12-29,Direct,Direct_Traffic,403.78,8776,65,4
2025-12-30,Google Ads,Search_Brand,1486.18,6176,131,7
2025-12-30,Google Ads,Search_Generic,2670.65,4089,110,6
2025-12-30,Google Ads,Shopping_Ads,2933.17,4524,69,0
2025-12-30,Meta Ads,FB_Prospecting,1003.42,834,23,0
2025-12-30,Meta Ads,IG_Retarget,243.49,3398,21,1
2025-12-30,Meta Ads,FB_Lookalike,1228.69,4186,69,3
2025-12-30,YouTube Ads,YT_Bumper,2756.54,5239,150,10
2025-12-30,Email,Cart_Recovery,13546.74,7567,305,14
2025-12-30,Email,Win_Back,928.15,2835,106,4
2025-12-30,Organic Search,SEO_Blog,122.27,1010,27,0
2025-12-30,Organic Search,SEO_Category,313.11,6786,194,9
2025-12-30,Referral,Referral_Program,59.04,5108,219,11
2025-12-31,Google Ads,Search_Brand,3604.38,9753,321,22
2025-12-31,Google Ads,Shopping_Ads,1169.36,2388,81,4
2025-12-31,Meta Ads,IG_Retarget,371.7,6637,73,2
2025-12-31,Meta Ads,FB_Lookalike,212.56,7359,55,1
2025-12-31,Email,Cart_Recovery,1182.61,7991,340,19
2025-12-31,Email,Win_Back,2523.74,1997,83,1
2025-12-31,Organic Search,SEO_Blog,62.35,9935,398,7
2025-12-31,Organic Search,SEO_Category,101.64,4233,142,2
2025-12-31,Affiliate,Affiliate_Network_A,1728.78,8205,135,3
2025-12-31,Affiliate,Affiliate_Network_B,1864.9,4346,45,1
2025-12-31,Referral,Referral_Program,119.95,1630,72,1
2025-12-31,Direct,Direct_Traffic,461.28,6785,148,5
