customer_id,days_since_last_purchase,purchase_frequency,total_spend,avg_order_value,number_of_sessions,cart_abandonment,returns,discount_usage,churned,churn_probability,risk_segment
C101110,579,1,68951.55,68951.55,10.0,1.0,2.0,0.0,1,0.8601964974190736,High Risk
C103925,642,1,67860.846,67860.846,8.0,0.0,1.0,1.0,1,0.8366556023456408,High Risk
C100595,193,1,69182.458,69182.458,9.0,0.0,1.0,1.0,1,0.8351183198553062,High Risk
C101405,755,1,68008.77900000001,68008.77900000001,16.0,3.0,1.0,1.0,1,0.8317893972817886,High Risk
C100339,472,1,69596.334,69596.334,13.0,2.0,1.0,1.0,1,0.8314420068956914,High Risk
C107089,277,1,75695.951,75695.951,6.0,2.0,2.0,1.0,1,0.8280283264508742,High Risk
C113120,382,1,23464.4395,23464.4395,21.0,6.0,0.0,1.0,1,0.8227645765372867,High Risk
C101935,416,1,23981.645,23981.645,15.0,6.0,0.0,1.0,1,0.812368784404691,High Risk
C103975,67,1,25536.855,25536.855,14.0,6.0,0.0,1.0,0,0.809228528148232,High Risk
C111225,646,1,89550.48000000001,89550.48000000001,4.0,1.0,0.0,0.0,1,0.8084880348047535,High Risk
C112405,734,1,74564.265,74564.265,8.0,0.0,1.0,1.0,1,0.8084197139086862,High Risk
C106830,309,1,22458.911999999997,22458.911999999997,14.0,6.0,0.0,1.0,1,0.8062958452592608,High Risk
C112138,273,1,46380.546,46380.546,10.0,1.0,2.0,1.0,1,0.8053809292070498,High Risk
C114095,869,1,54852.1735,54852.1735,8.0,6.0,2.0,1.0,1,0.8024324698275297,High Risk
C101701,216,1,70452.5475,70452.5475,11.0,3.0,1.0,1.0,1,0.8019494332903156,High Risk
C107376,185,1,24007.8165,24007.8165,14.0,4.0,0.0,1.0,1,0.8015671234136047,High Risk
C106214,610,1,67202.65,67202.65,7.0,2.0,0.0,0.0,1,0.7983070959675179,High Risk
C103427,176,1,36713.1395,36713.1395,10.0,4.0,3.0,1.0,1,0.7982656416214011,High Risk
C112656,50,1,24878.692499999997,24878.692499999997,15.0,4.0,0.0,1.0,0,0.7982370584089287,High Risk
C107421,257,1,71215.209,71215.209,9.0,2.0,1.0,1.0,1,0.7980547583129048,High Risk
C101597,680,1,66902.58,66902.58,5.0,2.0,0.0,0.0,1,0.797812759761619,High Risk
C113464,247,1,70658.53,70658.53,7.0,1.0,0.0,0.0,1,0.7966115990617226,High Risk
C114444,163,1,44242.956000000006,44242.956000000006,11.0,4.0,2.0,1.0,1,0.7964242675828618,High Risk
C108808,421,1,24978.744,24978.744,13.0,5.0,0.0,1.0,1,0.7961252830581955,High Risk
C111415,279,1,24612.696000000004,24612.696000000004,13.0,5.0,0.0,1.0,1,0.7946133106962568,High Risk
C106622,125,1,17142.29,17142.29,12.0,4.0,2.0,0.0,1,0.793568940213469,High Risk
C105348,243,1,70409.649,70409.649,14.0,1.0,0.0,1.0,1,0.7933721697525681,High Risk
C100621,345,1,16670.65,16670.65,13.0,4.0,2.0,0.0,1,0.7927796892192286,High Risk
C101558,935,1,72871.497,72871.497,11.0,2.0,1.0,1.0,1,0.7923666624365571,High Risk
C104955,250,1,70604.91,70604.91,12.0,4.0,1.0,0.0,1,0.7921809221658933,High Risk
C109276,137,1,25746.2705,25746.2705,16.0,6.0,0.0,1.0,1,0.7909188665388065,High Risk
C108929,174,1,79898.75,79898.75,3.0,1.0,0.0,0.0,1,0.79016794130176,High Risk
C108718,211,1,21270.440000000002,21270.440000000002,9.0,2.0,2.0,1.0,1,0.7899498050373549,High Risk
C107870,806,1,26107.2,26107.2,14.0,4.0,0.0,1.0,1,0.7896456366401177,High Risk
C113823,500,1,36538.656,36538.656,7.0,1.0,2.0,1.0,1,0.7895451806261461,High Risk
C114915,189,1,68446.16,68446.16,4.0,0.0,0.0,0.0,1,0.7893744351647649,High Risk
C103236,190,1,68691.76999999999,68691.76999999999,8.0,0.0,0.0,0.0,1,0.7891127799190035,High Risk
C111223,406,1,70956.63,70956.63,8.0,4.0,1.0,0.0,1,0.7874923548592225,High Risk
C114993,267,1,37074.496,37074.496,14.0,5.0,0.0,1.0,1,0.7874288181570792,High Risk
C103372,685,1,69680.28,69680.28,12.0,4.0,1.0,0.0,1,0.7871809221658933,High Risk
C106264,198,1,52373.340000000004,52373.340000000004,13.0,3.0,2.0,0.0,1,0.7870863291136542,High Risk
C104382,282,1,19467.37,19467.37,6.0,1.0,2.0,0.0,1,0.785899366627939,High Risk
C110047,464,1,66989.9815,66989.9815,9.0,3.0,1.0,1.0,1,0.7853879189041977,High Risk
C112007,1054,1,71195.24,71195.24,13.0,3.0,0.0,0.0,1,0.7851647659216553,High Risk
C114232,141,1,22009.928,22009.928,14.0,4.0,0.0,1.0,1,0.7847671277227558,High Risk
C109669,719,1,7450.640999999999,7450.640999999999,13.0,2.0,0.0,1.0,1,0.7847641120677874,High Risk
C113254,195,1,7284.088000000001,7284.088000000001,13.0,3.0,0.0,1.0,1,0.7845416667788094,High Risk
C104287,568,1,76923.2,76923.2,5.0,2.0,1.0,0.0,1,0.7843691546823882,High Risk
C112210,179,1,2806.1369999999997,2806.1369999999997,13.0,6.0,1.0,1.0,1,0.7835284139832965,High Risk
C108445,523,1,77845.42000000001,77845.42000000001,7.0,1.0,0.0,0.0,1,0.7820254643761549,High Risk
C113679,164,1,25066.5385,25066.5385,14.0,2.0,1.0,1.0,1,0.7817901981505909,High Risk
C101971,280,1,68548.54999999999,68548.54999999999,12.0,2.0,1.0,0.0,1,0.7816177219914784,High Risk
C112358,193,1,7529.3769999999995,7529.3769999999995,12.0,6.0,0.0,1.0,1,0.7816056233269084,High Risk
C113579,240,1,26882.811,26882.811,14.0,3.0,0.0,1.0,1,0.7814210378974241,High Risk
C103928,226,1,84030.29299999999,84030.29299999999,13.0,9.0,1.0,1.0,1,0.7797167003986312,High Risk
C104102,873,1,5082.994000000001,5082.994000000001,5.0,1.0,1.0,1.0,1,0.7796095802791253,High Risk
C105436,218,1,6714.144,6714.144,13.0,4.0,0.0,1.0,1,0.7791178602826246,High Risk
C103652,689,1,36839.520000000004,36839.520000000004,14.0,4.0,0.0,1.0,1,0.7780343440076335,High Risk
C103991,328,1,78891.85,78891.85,8.0,1.0,0.0,0.0,1,0.7780247880922846,High Risk
C104995,819,1,90155.7,90155.7,7.0,2.0,0.0,0.0,1,0.7776673147245571,High Risk
C107980,457,1,22431.399999999998,22431.399999999998,13.0,4.0,0.0,1.0,1,0.7776412369178699,High Risk
C100994,750,1,55831.43,55831.43,8.0,2.0,2.0,0.0,1,0.7774810125102992,High Risk
C107258,170,1,6628.977,6628.977,13.0,4.0,0.0,1.0,1,0.7770304478085791,High Risk
C106348,181,1,40041.72,40041.72,15.0,5.0,1.0,1.0,1,0.7769005797552418,High Risk
C101477,778,1,5255.808000000001,5255.808000000001,8.0,6.0,0.0,1.0,1,0.7768704439280094,High Risk
C110772,101,1,13268.619999999999,13268.619999999999,6.0,2.0,2.0,0.0,1,0.7767141536987616,High Risk
C107169,240,1,28619.4055,28619.4055,14.0,4.0,1.0,1.0,1,0.7766186591453913,High Risk
C111985,146,1,31368.374499999998,31368.374499999998,13.0,3.0,1.0,1.0,1,0.7759410971727366,High Risk
C102502,148,1,18828.648,18828.648,6.0,0.0,1.0,1.0,1,0.7757860720259788,High Risk
C103323,564,1,18781.8805,18781.8805,6.0,0.0,1.0,1.0,1,0.7757860720259788,High Risk
C107139,248,1,5583.53,5583.53,13.0,5.0,0.0,1.0,1,0.773968111873365,High Risk
C114796,422,1,41820.405999999995,41820.405999999995,14.0,4.0,0.0,1.0,1,0.7732160548447018,High Risk
C100338,403,1,28719.6685,28719.6685,15.0,4.0,0.0,1.0,1,0.7727697817854953,High Risk
C106244,363,1,23352.318,23352.318,14.0,2.0,0.0,1.0,1,0.7720324113628191,High Risk
C114406,643,1,73714.17,73714.17,6.0,2.0,0.0,0.0,1,0.7719900786039317,High Risk
C108734,591,1,14356.609,14356.609,14.0,4.0,0.0,1.0,1,0.7719765832986454,High Risk
C113992,1000,1,44311.923,44311.923,14.0,3.0,1.0,1.0,1,0.7702436149634734,High Risk
C110768,229,1,8391.8545,8391.8545,12.0,6.0,0.0,1.0,1,0.7701192578405576,High Risk
C106605,363,1,8967.0405,8967.0405,13.0,6.0,1.0,1.0,1,0.7700739310007303,High Risk
C107512,204,1,20891.7445,20891.7445,13.0,3.0,0.0,1.0,1,0.7699520591877846,High Risk
C113505,423,1,14297.920000000002,14297.920000000002,13.0,3.0,0.0,1.0,1,0.7697455982707168,High Risk
C111810,406,1,20449.854,20449.854,15.0,4.0,0.0,1.0,1,0.769449246815692,High Risk
C108404,412,1,2676.4320000000002,2676.4320000000002,7.0,6.0,0.0,1.0,1,0.7692508786636669,High Risk
C106505,223,1,17432.955,17432.955,13.0,4.0,0.0,1.0,1,0.7692168660246257,High Risk
C110855,296,1,19189.048000000003,19189.048000000003,13.0,4.0,0.0,1.0,1,0.7690108266069531,High Risk
C106599,49,1,79763.67,79763.67,11.0,2.0,1.0,0.0,0,0.7687818013882122,High Risk
C114572,814,1,5045.504,5045.504,7.0,1.0,1.0,1.0,1,0.7686269132108303,High Risk
C103333,150,1,28648.621,28648.621,13.0,3.0,1.0,1.0,1,0.7681337243399939,High Risk
C111646,98,1,31836.078,31836.078,14.0,4.0,0.0,1.0,1,0.7675385838913793,High Risk
C103600,231,1,28576.665,28576.665,14.0,3.0,0.0,1.0,1,0.765343318187185,High Risk
C111802,927,1,19234.607500000002,19234.607500000002,13.0,2.0,0.0,1.0,1,0.7649944588017141,High Risk
C113181,437,1,2535.0400000000004,2535.0400000000004,13.0,6.0,0.0,1.0,1,0.7648920437856801,High Risk
C104951,427,1,16907.32,16907.32,6.0,0.0,1.0,0.0,1,0.764502638158562,High Risk
C108774,313,1,12072.65,12072.65,6.0,0.0,1.0,0.0,1,0.764113018669235,High Risk
C103408,108,1,7478.880000000001,7478.880000000001,8.0,2.0,0.0,1.0,1,0.7639007096725874,High Risk
C103904,609,1,47136.69,47136.69,6.0,2.0,3.0,1.0,1,0.763884253711311,High Risk
C102253,124,1,17358.228000000003,17358.228000000003,14.0,2.0,0.0,1.0,1,0.7638738717363919,High Risk
C114732,148,1,19743.622,19743.622,14.0,4.0,0.0,1.0,1,0.7630028427110167,High Risk
C106533,297,1,15041.582999999999,15041.582999999999,13.0,5.0,0.0,1.0,1,0.76281919661838,High Risk
C101087,258,1,7370.043999999999,7370.043999999999,10.0,2.0,0.0,1.0,1,0.762761225123246,High Risk
C111593,140,1,22445.584499999997,22445.584499999997,16.0,5.0,1.0,1.0,1,0.762602242723787,High Risk
C100108,728,1,4815.063,4815.063,6.0,1.0,1.0,1.0,1,0.7624392002711184,High Risk
C112259,194,1,71376.21,71376.21,5.0,0.0,1.0,1.0,1,0.762358239622822,High Risk
C107955,342,1,7293.9945,7293.9945,7.0,1.0,0.0,1.0,1,0.7622879196209916,High Risk
C103148,6,1,7247.371999999999,7247.371999999999,8.0,1.0,0.0,1.0,0,0.762018477019161,High Risk
C113890,790,1,7261.232,7261.232,8.0,1.0,0.0,1.0,1,0.762018477019161,High Risk
C113567,353,1,7441.929,7441.929,8.0,1.0,0.0,1.0,1,0.762018477019161,High Risk
C109763,184,1,29199.584000000003,29199.584000000003,13.0,5.0,0.0,1.0,1,0.7619126280763657,High Risk
C113825,392,1,9196.960000000001,9196.960000000001,6.0,6.0,0.0,1.0,1,0.7614147764755858,High Risk
C110913,222,1,20641.888,20641.888,13.0,5.0,0.0,1.0,1,0.76109029054814,High Risk
C113021,393,1,21301.592,21301.592,13.0,5.0,0.0,1.0,1,0.760993177604438,High Risk
C112185,305,1,15117.534,15117.534,14.0,5.0,0.0,1.0,1,0.7609282939606004,High Risk
C110739,159,1,6980.714,6980.714,6.0,3.0,0.0,1.0,1,0.7608140709653821,High Risk
C108898,324,1,7291.782,7291.782,5.0,1.0,0.0,1.0,1,0.7607411110774932,High Risk
C106256,348,1,67329.72,67329.72,11.0,4.0,0.0,0.0,1,0.7604651135576116,High Risk
C107644,119,1,36123.674,36123.674,13.0,5.0,0.0,1.0,1,0.7603505204725078,High Risk
C102619,285,1,80282.4,80282.4,9.0,1.0,1.0,0.0,1,0.7602731861077472,High Risk
C112883,156,1,11271.5185,11271.5185,13.0,6.0,0.0,1.0,1,0.7599116051074593,High Risk
C113698,63,1,7527.744,7527.744,10.0,3.0,0.0,1.0,0,0.7598805715277948,High Risk
C104543,199,1,7231.617,7231.617,5.0,1.0,0.0,1.0,1,0.7594121453732516,High Risk
C109469,234,1,71887.564,71887.564,10.0,1.0,0.0,1.0,1,0.7593135765714433,High Risk
C105795,254,1,75067.93,75067.93,8.0,4.0,0.0,0.0,1,0.7591859541389843,High Risk
C110967,200,1,12731.27,12731.27,5.0,3.0,1.0,0.0,1,0.7589033101855377,High Risk
C110571,214,1,18900.198,18900.198,18.0,1.0,0.0,1.0,1,0.7588563917009539,High Risk
C101606,98,1,15063.664,15063.664,7.0,0.0,1.0,1.0,1,0.7588162808241161,High Risk
C105582,237,1,33014.888999999996,33014.888999999996,14.0,3.0,1.0,1.0,1,0.7588119714656004,High Risk
C108081,320,1,16892.1305,16892.1305,13.0,4.0,0.0,1.0,1,0.758640632633382,High Risk
C112413,97,1,14661.846000000001,14661.846000000001,13.0,2.0,0.0,1.0,1,0.7585955351626373,High Risk
C101623,458,1,16413.858,16413.858,13.0,2.0,0.0,1.0,1,0.7583374553805855,High Risk
C113339,545,1,5919.668499999999,5919.668499999999,14.0,6.0,0.0,1.0,1,0.7583304016099054,High Risk
C103657,876,1,66866.264,66866.264,10.0,1.0,0.0,1.0,1,0.7581399482257022,High Risk
C113694,537,1,22991.216,22991.216,11.0,6.0,0.0,1.0,1,0.7580715660765889,High Risk
C108594,576,1,9291.877,9291.877,9.0,6.0,0.0,1.0,1,0.7579979640161628,High Risk
C104159,49,1,69063.69,69063.69,12.0,2.0,0.0,0.0,0,0.7579225865888918,High Risk
C107558,512,1,47417.102999999996,47417.102999999996,13.0,5.0,0.0,1.0,1,0.7578682663586475,High Risk
C103570,617,1,70134.83,70134.83,6.0,0.0,1.0,0.0,1,0.7575011363166879,High Risk
C103438,553,1,7008.784,7008.784,7.0,3.0,0.0,1.0,1,0.7573650363705299,High Risk
C110743,139,1,7087.133,7087.133,7.0,3.0,0.0,1.0,1,0.7573650363705299,High Risk
C104730,277,1,7052.8285,7052.8285,9.0,2.0,0.0,1.0,1,0.7573163018647285,High Risk
C109268,330,1,62187.1475,62187.1475,14.0,4.0,0.0,1.0,1,0.7572983051822765,High Risk
C101260,316,1,8448.021,8448.021,8.0,2.0,0.0,1.0,1,0.7572190542173927,High Risk
C114841,318,1,7133.760000000001,7133.760000000001,8.0,1.0,0.0,1.0,1,0.75709996583472,High Risk
C110087,389,1,8294.198,8294.198,6.0,2.0,0.0,1.0,1,0.7570791629137023,High Risk
C103489,142,1,8379.828,8379.828,6.0,2.0,0.0,1.0,1,0.7570791629137023,High Risk
C107474,332,1,18979.2995,18979.2995,5.0,1.0,1.0,1.0,1,0.7570781070190316,High Risk
C105002,584,1,7489.224000000001,7489.224000000001,5.0,2.0,0.0,1.0,1,0.7569221317387097,High Risk
C108477,641,1,8354.208,8354.208,12.0,2.0,0.0,1.0,1,0.7568980078150848,High Risk
C107921,335,1,12846.574499999999,12846.574499999999,14.0,4.0,0.0,1.0,1,0.7568520811749031,High Risk
C109047,158,1,7450.11,7450.11,5.0,0.0,0.0,1.0,1,0.7568496743335227,High Risk
C113498,12,1,45380.768500000006,45380.768500000006,15.0,5.0,0.0,1.0,0,0.7567370253439275,High Risk
C107115,191,1,6900.942499999999,6900.942499999999,11.0,1.0,0.0,1.0,1,0.7567201294651604,High Risk
C108754,9,1,7083.77,7083.77,13.0,4.0,1.0,1.0,0,0.7566933624671708,High Risk
C104767,320,1,8383.5315,8383.5315,5.0,3.0,0.0,1.0,1,0.7565663114356588,High Risk
C112726,388,1,17809.668999999998,17809.668999999998,9.0,0.0,0.0,1.0,1,0.7565139320472689,High Risk
C104548,406,1,3166.47,3166.47,6.0,3.0,1.0,0.0,1,0.7564050127669639,High Risk
C110399,25,1,4713.4965,4713.4965,9.0,6.0,0.0,1.0,0,0.7560910831375273,High Risk
C101833,187,1,5119.805,5119.805,11.0,2.0,1.0,1.0,1,0.7559837901317834,High Risk
C113160,99,1,8087.472000000001,8087.472000000001,5.0,1.0,0.0,1.0,1,0.7559689400965424,High Risk
C110775,336,1,6738.5875,6738.5875,5.0,0.0,1.0,1.0,1,0.7558056194353062,High Risk
C102837,524,1,12630.24,12630.24,8.0,0.0,1.0,0.0,1,0.7557536320394328,High Risk
C112084,221,1,7281.559,7281.559,10.0,1.0,0.0,1.0,1,0.755598783601133,High Risk
C100501,783,1,6206.862999999999,6206.862999999999,6.0,0.0,1.0,1.0,1,0.7551620974329133,High Risk
C112098,261,1,12422.04,12422.04,5.0,2.0,1.0,0.0,1,0.7551591016720944,High Risk
C114381,3,1,22744.688000000002,22744.688000000002,5.0,0.0,1.0,1.0,0,0.7551509442877518,High Risk
C107617,797,1,8491.184,8491.184,9.0,2.0,0.0,1.0,1,0.7550100533788867,High Risk
C100770,345,1,3411.8064999999997,3411.8064999999997,8.0,3.0,1.0,1.0,1,0.7548847119833817,High Risk
C104721,179,1,55719.514500000005,55719.514500000005,5.0,0.0,1.0,1.0,1,0.754809258632849,High Risk
C112567,138,1,23720.032,23720.032,9.0,0.0,0.0,1.0,1,0.7547384924866134,High Risk
C100158,484,1,19103.3505,19103.3505,13.0,2.0,1.0,1.0,1,0.7546712817043195,High Risk
C100095,588,1,7212.7429999999995,7212.7429999999995,9.0,2.0,0.0,1.0,1,0.7543775775849817,High Risk
C103237,242,1,22587.704,22587.704,6.0,0.0,1.0,1.0,1,0.7542976669685497,High Risk
C107649,5,1,24426.304,24426.304,8.0,0.0,0.0,1.0,0,0.7542076381710365,High Risk
C110481,224,1,15240.168,15240.168,14.0,2.0,0.0,1.0,1,0.7541654097250139,High Risk
C113485,293,1,18259.547,18259.547,5.0,0.0,0.0,1.0,1,0.7539802347076671,High Risk
C106129,442,1,18451.01,18451.01,6.0,3.0,1.0,0.0,1,0.7538901414780408,High Risk
C112667,140,1,5057.376,5057.376,11.0,5.0,0.0,1.0,1,0.7537804319342828,High Risk
C104597,616,1,20442.816,20442.816,13.0,1.0,0.0,1.0,1,0.7536954488943975,High Risk
C111079,254,1,11494.352,11494.352,13.0,4.0,0.0,1.0,1,0.7536166917147252,High Risk
C107731,508,1,8133.292,8133.292,10.0,2.0,0.0,1.0,1,0.7534162534255082,High Risk
C100872,162,1,8305.896,8305.896,10.0,2.0,0.0,1.0,1,0.7534162534255082,High Risk
C105613,69,1,56519.167,56519.167,7.0,1.0,1.0,1.0,0,0.7534088232739399,High Risk
C105554,203,1,12994.86,12994.86,8.0,3.0,1.0,0.0,1,0.7533896676468159,High Risk
C113524,419,1,561.8584999999999,561.8584999999999,8.0,1.0,0.0,1.0,1,0.7533172873348539,High Risk
C113152,222,1,3259.3335,3259.3335,8.0,6.0,0.0,1.0,1,0.7532361649646253,High Risk
C108197,843,1,18386.379,18386.379,17.0,6.0,0.0,1.0,1,0.7528204225838152,High Risk
C110893,263,1,7516.5755,7516.5755,9.0,4.0,0.0,1.0,1,0.7528092132669911,High Risk
C109638,376,1,76333.43000000001,76333.43000000001,8.0,4.0,1.0,0.0,1,0.7527678652233845,High Risk
C105970,712,1,13362.493,13362.493,13.0,3.0,1.0,1.0,1,0.7524511136127644,High Risk
C106648,251,1,17671.551,17671.551,11.0,1.0,0.0,1.0,1,0.7523395908780505,High Risk
C113632,553,1,66368.43000000001,66368.43000000001,6.0,2.0,1.0,0.0,1,0.7523157380969415,High Risk
C110765,150,1,59383.92049999999,59383.92049999999,8.0,1.0,1.0,1.0,1,0.7522887468886624,High Risk
C103004,445,1,25449.3995,25449.3995,15.0,2.0,0.0,1.0,1,0.7521366577135626,High Risk
C113974,155,1,61271.559,61271.559,13.0,3.0,0.0,1.0,1,0.7520605245126992,High Risk
C112975,329,1,1504.008,1504.008,9.0,1.0,0.0,1.0,1,0.7520414460324574,High Risk
C100033,311,1,24156.624,24156.624,7.0,0.0,0.0,1.0,1,0.7520331324792267,High Risk
C105243,956,1,17135.442000000003,17135.442000000003,13.0,2.0,0.0,1.0,1,0.7519789873792654,High Risk
C110309,164,1,4875.84,4875.84,7.0,4.0,1.0,1.0,1,0.7519612270977436,High Risk
C104012,390,1,14844.063499999998,14844.063499999998,13.0,7.0,0.0,1.0,1,0.7519333183875804,High Risk
C100119,391,1,8109.252,8109.252,9.0,3.0,0.0,1.0,1,0.7518197777434592,High Risk
C113795,344,1,8379.176,8379.176,9.0,3.0,0.0,1.0,1,0.7518197777434592,High Risk
C108156,182,1,15337.93,15337.93,9.0,0.0,1.0,0.0,1,0.751739720447229,High Risk
C105109,249,1,18342.657,18342.657,12.0,0.0,0.0,1.0,1,0.7517263067824957,High Risk
C102836,356,1,7833.832999999999,7833.832999999999,8.0,2.0,0.0,1.0,1,0.7516988620137306,High Risk
C108047,117,1,8553.114,8553.114,6.0,2.0,0.0,1.0,1,0.7515179046953753,High Risk
C114949,143,1,12387.87,12387.87,8.0,2.0,1.0,0.0,1,0.7514676060522661,High Risk
C110281,437,1,8294.256000000001,8294.256000000001,10.0,3.0,0.0,1.0,1,0.7512585802137529,High Risk
C113088,367,1,6060.384,6060.384,5.0,1.0,1.0,1.0,1,0.7511782052671455,High Risk
C102943,409,1,14149.36,14149.36,8.0,5.0,0.0,1.0,1,0.7508456499560776,High Risk
C110156,305,1,1413.334,1413.334,9.0,1.0,0.0,1.0,1,0.7507487243394977,High Risk
C110845,11,1,14403.42,14403.42,8.0,5.0,0.0,1.0,0,0.750683812314206,High Risk
C106539,668,1,13825.349999999999,13825.349999999999,9.0,6.0,0.0,1.0,1,0.7506704144887009,High Risk
C100135,963,1,43627.113000000005,43627.113000000005,8.0,0.0,1.0,1.0,1,0.7506243302839346,High Risk
C114252,289,1,8377.251999999999,8377.251999999999,9.0,1.0,0.0,1.0,1,0.7503220267975322,High Risk
C107789,449,1,8142.753999999999,8142.753999999999,9.0,1.0,0.0,1.0,1,0.7503220267975322,High Risk
C101615,462,1,11599.184000000001,11599.184000000001,13.0,4.0,0.0,1.0,1,0.750280146083115,High Risk
C111378,375,1,92499.18000000001,92499.18000000001,5.0,2.0,1.0,0.0,1,0.7502666104116045,High Risk
C109907,585,1,0.0,0.0,9.0,1.0,0.0,1.0,1,0.7501222473653862,High Risk
C109777,644,1,7033.936999999999,7033.936999999999,9.0,4.0,0.0,1.0,1,0.7500967237756296,High Risk
C109096,375,1,27481.639000000003,27481.639000000003,13.0,7.0,0.0,1.0,1,0.7500955243299682,High Risk
C110012,363,1,3531.245,3531.245,4.0,3.0,0.0,1.0,1,0.750066439355107,High Risk
C101696,816,1,3980.7360000000003,3980.7360000000003,15.0,6.0,0.0,1.0,1,0.749956360285765,High Risk
C100407,294,1,8624.936,8624.936,6.0,3.0,0.0,1.0,1,0.749868963696516,High Risk
C101569,253,1,17878.779000000002,17878.779000000002,7.0,1.0,1.0,1.0,1,0.7497930444383794,High Risk
C113462,486,1,8155.715999999999,8155.715999999999,8.0,0.0,0.0,1.0,1,0.7496031012075328,High Risk
C112915,394,1,24628.95,24628.95,5.0,0.0,1.0,0.0,1,0.7495059841922594,High Risk
C104489,117,1,8002.620000000001,8002.620000000001,7.0,1.0,0.0,1.0,1,0.74948537401063,High Risk
C112923,297,1,18272.187,18272.187,11.0,1.0,0.0,1.0,1,0.749387917715257,High Risk
C110083,956,1,18323.334000000003,18323.334000000003,11.0,1.0,0.0,1.0,1,0.749387917715257,High Risk
C110457,146,1,17737.564,17737.564,7.0,2.0,1.0,1.0,1,0.7493699899409563,High Risk
C109598,551,1,15360.560000000001,15360.560000000001,6.0,1.0,1.0,0.0,1,0.7492693210574359,High Risk
C103852,465,1,8576.884999999998,8576.884999999998,7.0,3.0,0.0,1.0,1,0.7492635766635806,High Risk
C108873,362,1,7854.416499999999,7854.416499999999,5.0,1.0,0.0,1.0,1,0.7491640227362707,High Risk
C104164,168,1,12359.3485,12359.3485,13.0,3.0,0.0,1.0,1,0.7490824431799139,High Risk
C101697,220,1,1463.2279999999998,1463.2279999999998,9.0,4.0,0.0,1.0,1,0.7490690525816524,High Risk
C100216,895,1,8044.71,8044.71,6.0,1.0,1.0,0.0,1,0.749039693605952,High Risk
C109314,307,1,5267.94,5267.94,5.0,1.0,1.0,0.0,1,0.7489626971912172,High Risk
C112011,237,1,8550.9575,8550.9575,10.0,3.0,0.0,1.0,1,0.7489426698125469,High Risk
C112300,457,1,5094.407,5094.407,4.0,2.0,1.0,1.0,1,0.7488033626281139,High Risk
C113029,300,1,45084.47,45084.47,8.0,3.0,2.0,0.0,1,0.7486732374652527,High Risk
C103133,315,1,17599.2,17599.2,10.0,4.0,1.0,0.0,1,0.7486476393627786,High Risk
C107508,661,1,2633.691,2633.691,4.0,1.0,0.0,1.0,1,0.7485465742001167,High Risk
C111953,252,1,24288.896999999997,24288.896999999997,2.0,0.0,0.0,1.0,1,0.7485054258242543,High Risk
C109719,111,1,24372.05,24372.05,8.0,0.0,0.0,0.0,1,0.7484931080114526,High Risk
C108671,130,1,14054.4525,14054.4525,8.0,5.0,0.0,1.0,1,0.7484208148436798,High Risk
C108525,321,1,24475.739999999998,24475.739999999998,5.0,0.0,1.0,0.0,1,0.7482923404515964,High Risk
C107622,118,1,9007.938,9007.938,8.0,2.0,0.0,1.0,1,0.7482080117718682,High Risk
C114953,608,1,7228.2045,7228.2045,7.0,4.0,0.0,1.0,1,0.7482011421704826,High Risk
C105339,251,1,24847.795,24847.795,9.0,0.0,0.0,1.0,1,0.7481177011799389,High Risk
C103611,566,1,16636.1435,16636.1435,13.0,5.0,0.0,1.0,1,0.7480427933715036,High Risk
C114688,820,1,8034.995499999999,8034.995499999999,6.0,1.0,0.0,1.0,1,0.7480087667693405,High Risk
C103694,235,1,7951.095,7951.095,12.0,4.0,0.0,1.0,1,0.7479933548252413,High Risk
C105323,406,1,17817.1265,17817.1265,11.0,2.0,0.0,1.0,1,0.7478433563234512,High Risk
C105473,64,1,1569.3125,1569.3125,8.0,3.0,0.0,1.0,0,0.7477980586189952,High Risk
C107855,695,1,87558.3,87558.3,11.0,2.0,0.0,0.0,1,0.7477646649373145,High Risk
C104219,835,1,20894.8985,20894.8985,7.0,1.0,1.0,1.0,1,0.7477179890469029,High Risk
C109443,371,1,17631.069,17631.069,7.0,1.0,0.0,1.0,1,0.7477111395829986,High Risk
C113494,456,1,17754.5785,17754.5785,7.0,1.0,0.0,1.0,1,0.7477111395829986,High Risk
C113286,772,1,16275.488000000001,16275.488000000001,6.0,3.0,1.0,1.0,1,0.7476978257125186,High Risk
C103763,724,1,13408.236,13408.236,7.0,1.0,1.0,1.0,1,0.7475577032968453,High Risk
C103675,1020,1,13475.78,13475.78,8.0,1.0,1.0,0.0,1,0.747534890343998,High Risk
C113388,205,1,8957.075,8957.075,6.0,2.0,0.0,1.0,1,0.7473842481378427,High Risk
C105509,293,1,23290.101000000002,23290.101000000002,15.0,2.0,0.0,1.0,1,0.7473079125492376,High Risk
C101761,195,1,74349.16,74349.16,12.0,3.0,0.0,0.0,1,0.7472256178185711,High Risk
C109161,236,1,13589.142,13589.142,11.0,2.0,1.0,1.0,1,0.7471297993308846,High Risk
C112296,170,1,7740.567499999999,7740.567499999999,7.0,3.0,0.0,1.0,1,0.7471043239698462,High Risk
C111511,544,1,25108.699999999997,25108.699999999997,5.0,0.0,0.0,0.0,1,0.7470150216509472,High Risk
C100702,94,1,12741.777,12741.777,8.0,0.0,1.0,1.0,1,0.7470127996278706,High Risk
C109355,188,1,22481.18,22481.18,10.0,6.0,0.0,1.0,1,0.7470077034243654,High Risk
C111916,188,1,8032.8485,8032.8485,11.0,2.0,0.0,1.0,1,0.7469876407384932,High Risk
C105452,176,1,7761.924000000001,7761.924000000001,5.0,1.0,0.0,1.0,1,0.7469628521491277,High Risk
C103820,644,1,6559.839999999999,6559.839999999999,6.0,1.0,1.0,0.0,1,0.7469210694438105,High Risk
C107095,388,1,16844.33,16844.33,12.0,3.0,1.0,0.0,1,0.7468386125555565,High Risk
C114087,668,1,1078.022,1078.022,8.0,1.0,0.0,1.0,1,0.7468258279394024,High Risk
C100386,344,1,14262.122,14262.122,6.0,1.0,1.0,1.0,1,0.7468113513548587,High Risk
C111714,99,1,161.1685,161.1685,7.0,1.0,0.0,1.0,1,0.7468007218457748,High Risk
C111394,343,1,7691.571,7691.571,6.0,2.0,1.0,1.0,1,0.74669005606554,High Risk
C103406,305,1,13563.606,13563.606,7.0,1.0,1.0,1.0,1,0.746624475573857,High Risk
C101848,81,1,8752.445,8752.445,7.0,3.0,0.0,1.0,0,0.7465857984413802,High Risk
C114831,96,1,1159.1760000000002,1159.1760000000002,9.0,4.0,0.0,1.0,1,0.7465671841002788,High Risk
C114139,16,1,8571.352,8571.352,11.0,2.0,0.0,1.0,0,0.7463916763820124,High Risk
C106035,410,1,71437.7295,71437.7295,11.0,4.0,1.0,1.0,1,0.7463871079972586,High Risk
C111026,147,1,8860.2605,8860.2605,9.0,2.0,0.0,1.0,1,0.7463655937628095,High Risk
C100736,541,1,8921.432,8921.432,9.0,2.0,0.0,1.0,1,0.7463655937628095,High Risk
C109078,153,1,8817.538999999999,8817.538999999999,9.0,2.0,0.0,1.0,1,0.7463655937628095,High Risk
C101365,98,1,16096.464,16096.464,13.0,4.0,0.0,1.0,1,0.7463610927462296,High Risk
C103387,903,1,7764.856,7764.856,10.0,2.0,0.0,1.0,1,0.7462865104186897,High Risk
C104928,589,1,7776.3865000000005,7776.3865000000005,10.0,2.0,0.0,1.0,1,0.7462865104186897,High Risk
C113793,787,1,19156.256,19156.256,7.0,1.0,1.0,1.0,1,0.746095802647929,High Risk
C109012,207,1,3923.163,3923.163,10.0,1.0,1.0,1.0,1,0.7460671105568127,High Risk
C101723,304,1,19264.451,19264.451,5.0,0.0,0.0,1.0,1,0.7460128923754891,High Risk
C113010,266,1,1798.426,1798.426,6.0,3.0,0.0,1.0,1,0.7459945162820323,High Risk
C113303,193,1,1776.0345,1776.0345,6.0,3.0,0.0,1.0,1,0.7459945162820323,High Risk
C114271,584,1,7817.008000000001,7817.008000000001,10.0,5.0,0.0,1.0,1,0.7459393842162596,High Risk
C112291,657,1,8965.863000000001,8965.863000000001,7.0,2.0,0.0,1.0,1,0.7459294151572842,High Risk
C109626,119,1,59254.52099999999,59254.52099999999,14.0,8.0,0.0,1.0,1,0.7459169429032342,High Risk
C108395,587,1,18254.064000000002,18254.064000000002,11.0,3.0,0.0,1.0,1,0.7459030504352101,High Risk
C106964,624,1,11268.64,11268.64,13.0,3.0,0.0,1.0,1,0.7458405078115417,High Risk
C105819,157,1,13171.41,13171.41,11.0,4.0,1.0,0.0,1,0.7457714870246008,High Risk
C110608,132,1,7208.51,7208.51,9.0,4.0,0.0,1.0,1,0.7457556659107024,High Risk
C114548,302,1,6431.813999999999,6431.813999999999,6.0,2.0,1.0,1.0,1,0.7457346936726708,High Risk
C112582,157,1,223.65,223.65,6.0,3.0,1.0,0.0,1,0.7455910271426192,High Risk
C108755,402,1,16195.676000000001,16195.676000000001,6.0,2.0,1.0,1.0,1,0.7453296641717482,High Risk
C107706,215,1,16101.126,16101.126,14.0,4.0,0.0,1.0,1,0.745302966686299,High Risk
C108739,4,1,7805.295,7805.295,12.0,3.0,0.0,1.0,0,0.745269011775551,High Risk
C103238,315,1,14256.155999999999,14256.155999999999,10.0,5.0,0.0,1.0,1,0.7452553036495586,High Risk
C101909,495,1,28534.4375,28534.4375,6.0,1.0,2.0,1.0,1,0.7451986548321717,High Risk
C110962,437,1,13525.268,13525.268,7.0,2.0,1.0,1.0,1,0.7451001299816117,High Risk
C107438,675,1,15126.669,15126.669,7.0,0.0,0.0,1.0,1,0.7450801325253532,High Risk
C110116,117,1,24125.379999999997,24125.379999999997,8.0,0.0,0.0,0.0,1,0.745020600649834,High Risk
C106917,580,1,17658.888000000003,17658.888000000003,11.0,3.0,1.0,1.0,1,0.7450168035666025,High Risk
C105707,251,1,18387.12,18387.12,8.0,1.0,1.0,0.0,1,0.7449301164012074,High Risk
C113847,483,1,7811.696000000001,7811.696000000001,8.0,1.0,0.0,1.0,1,0.7448804320867598,High Risk
C111188,528,1,24930.907,24930.907,7.0,0.0,0.0,1.0,1,0.7447475416165514,High Risk
C100514,168,1,13204.740000000002,13204.740000000002,11.0,5.0,1.0,0.0,1,0.7447448450051881,High Risk
C103027,144,1,8850.208,8850.208,11.0,3.0,0.0,1.0,1,0.744594694542256,High Risk
C111020,346,1,43825.59,43825.59,4.0,0.0,1.0,1.0,1,0.7445920594767925,High Risk
C111591,896,1,9079.4705,9079.4705,8.0,2.0,0.0,1.0,1,0.7445000446574527,High Risk
C111425,476,1,13771.53,13771.53,4.0,2.0,1.0,1.0,1,0.7444957757981004,High Risk
C103539,608,1,13983.021,13983.021,7.0,1.0,1.0,1.0,1,0.7444813730180847,High Risk
C114075,672,1,22990.792,22990.792,11.0,5.0,0.0,1.0,1,0.7444357164651663,High Risk
C105040,204,1,1438.2904999999998,1438.2904999999998,7.0,1.0,0.0,1.0,1,0.7444098818856321,High Risk
C111094,0,1,2953.5215,2953.5215,11.0,1.0,1.0,1.0,0,0.7443302888051497,High Risk
C114159,152,1,8165.915,8165.915,7.0,1.0,1.0,1.0,1,0.7443046324931344,High Risk
C111382,334,1,11847.9535,11847.9535,14.0,5.0,0.0,1.0,1,0.7442098886040879,High Risk
C109008,687,1,8687.760000000002,8687.760000000002,6.0,1.0,0.0,1.0,1,0.7441864861094172,High Risk
C111494,171,1,8833.556,8833.556,10.0,3.0,0.0,1.0,1,0.7441033370514224,High Risk
C105262,92,1,8652.884999999998,8652.884999999998,10.0,3.0,0.0,1.0,1,0.7441033370514224,High Risk
C101970,390,1,24213.429,24213.429,6.0,0.0,0.0,1.0,1,0.7440539193491944,High Risk
C100606,719,1,8786.6165,8786.6165,5.0,1.0,0.0,1.0,1,0.7439775229782639,High Risk
C100605,153,1,17516.879,17516.879,12.0,2.0,0.0,1.0,1,0.7439770330886237,High Risk
C112359,390,1,8532.693,8532.693,10.0,3.0,0.0,1.0,1,0.7439384415374191,High Risk
C107001,528,1,39432.894499999995,39432.894499999995,12.0,2.0,1.0,1.0,1,0.7439341901201705,High Risk
C104912,43,1,13804.611499999999,13804.611499999999,10.0,5.0,0.0,1.0,0,0.7439210542333159,High Risk
C106618,901,1,17645.202,17645.202,10.0,3.0,0.0,1.0,1,0.7438789563930903,High Risk
C107067,674,1,17370.171,17370.171,7.0,1.0,0.0,1.0,1,0.7438744693999416,High Risk
C108499,482,1,18174.728000000003,18174.728000000003,11.0,2.0,0.0,1.0,1,0.7437871246574973,High Risk
C104615,693,1,17217.566,17217.566,8.0,0.0,0.0,1.0,1,0.7436805068920664,High Risk
C114017,99,1,9086.634,9086.634,6.0,2.0,0.0,1.0,1,0.7436762810234268,High Risk
C105433,374,1,8295.528,8295.528,11.0,4.0,0.0,1.0,1,0.7436052934061843,High Risk
C101721,551,1,5262.903,5262.903,7.0,1.0,0.0,1.0,1,0.7435482441408985,High Risk
C108842,381,1,5269.213,5269.213,7.0,1.0,0.0,1.0,1,0.7435482441408985,High Risk
C107846,700,1,97610.5,97610.5,6.0,3.0,0.0,0.0,1,0.7435255529878847,High Risk
C101897,127,1,5240.865,5240.865,6.0,1.0,0.0,1.0,1,0.743405279601654,High Risk
C110610,249,1,5180.336,5180.336,6.0,1.0,0.0,1.0,1,0.743405279601654,High Risk
C106564,8,1,5213.040000000001,5213.040000000001,6.0,1.0,0.0,1.0,0,0.743405279601654,High Risk
C108107,468,1,14349.176000000001,14349.176000000001,11.0,2.0,0.0,1.0,1,0.7433392790836533,High Risk
C106014,228,1,8742.76,8742.76,11.0,5.0,0.0,1.0,1,0.7433300034231652,High Risk
C103921,604,1,8805.749499999998,8805.749499999998,8.0,1.0,0.0,1.0,1,0.7432175339096345,High Risk
C107620,1028,1,13086.369999999999,13086.369999999999,10.0,5.0,1.0,0.0,1,0.7431540055035417,High Risk
C109943,68,1,13561.992,13561.992,13.0,1.0,0.0,1.0,0,0.7431362223543122,High Risk
C105922,271,1,9002.885499999999,9002.885499999999,5.0,2.0,0.0,1.0,1,0.7431142236391394,High Risk
C109364,406,1,18182.472,18182.472,10.0,1.0,0.0,1.0,1,0.7427604700077229,High Risk
C114009,104,1,23557.212,23557.212,5.0,0.0,0.0,1.0,1,0.7427547568484205,High Risk
C108355,428,1,14566.4545,14566.4545,11.0,2.0,0.0,1.0,1,0.742753035065582,High Risk
C111280,112,1,4548.798000000001,4548.798000000001,13.0,5.0,0.0,1.0,1,0.7426985997002946,High Risk
C109848,154,1,8007.084000000001,8007.084000000001,8.0,0.0,0.0,1.0,1,0.7426605436287798,High Risk
C110595,110,1,1117.008,1117.008,6.0,1.0,0.0,1.0,1,0.7426384885829244,High Risk
C103851,142,1,7961.695000000001,7961.695000000001,9.0,3.0,0.0,1.0,1,0.7426259259499031,High Risk
C108265,156,1,5288.949,5288.949,7.0,1.0,0.0,1.0,1,0.7425620668104691,High Risk
C103729,299,1,13621.19,13621.19,8.0,1.0,1.0,0.0,1,0.7425562497066289,High Risk
C108529,591,1,36197.289000000004,36197.289000000004,13.0,3.0,0.0,1.0,1,0.7425408317164052,High Risk
C107076,328,1,14994.323,14994.323,7.0,0.0,0.0,1.0,1,0.742536207294779,High Risk
C114737,107,1,6525.889999999999,6525.889999999999,6.0,3.0,1.0,0.0,1,0.7425268656318561,High Risk
C103479,91,1,2870.946,2870.946,11.0,6.0,0.0,1.0,1,0.7424841503799753,High Risk
C102823,151,1,13088.333999999999,13088.333999999999,10.0,2.0,1.0,1.0,1,0.7424371939173419,High Risk
C114151,809,1,8666.856,8666.856,11.0,5.0,0.0,1.0,1,0.7422853164914948,High Risk
C106839,308,1,1712.8095,1712.8095,7.0,3.0,0.0,1.0,1,0.742279061035787,High Risk
C107667,377,1,15377.21,15377.21,8.0,2.0,1.0,0.0,1,0.7422420989623046,High Risk
C106968,8,1,24195.046000000002,24195.046000000002,5.0,0.0,0.0,1.0,0,0.7421570668118801,High Risk
C104080,2,1,8036.525,8036.525,9.0,1.0,0.0,1.0,0,0.7421528903391769,High Risk
C112322,0,1,15728.344000000001,15728.344000000001,13.0,2.0,0.0,1.0,0,0.742149281614782,High Risk
C108924,193,1,15642.324,15642.324,13.0,2.0,0.0,1.0,1,0.742149281614782,High Risk
C104619,723,1,65942.23,65942.23,7.0,3.0,1.0,0.0,1,0.7421235163740671,High Risk
C108565,343,1,30391.772999999997,30391.772999999997,13.0,4.0,0.0,1.0,1,0.7420808405795393,High Risk
C109335,304,1,17463.109,17463.109,8.0,3.0,0.0,1.0,1,0.7420206371487394,High Risk
C104226,55,1,5458.750999999999,5458.750999999999,6.0,2.0,1.0,1.0,0,0.7420089454531413,High Risk
C109325,174,1,14372.577000000001,14372.577000000001,11.0,3.0,0.0,1.0,1,0.741933542257993,High Risk
C111675,383,1,5494.194,5494.194,12.0,4.0,1.0,1.0,1,0.7419289580132774,High Risk
C101107,309,1,9044.586000000001,9044.586000000001,9.0,2.0,0.0,1.0,1,0.7418433628272328,High Risk
C102081,256,1,2598.4075,2598.4075,3.0,1.0,0.0,1.0,1,0.7418273135048661,High Risk
C106877,160,1,9074.286000000002,9074.286000000002,7.0,3.0,0.0,1.0,1,0.7417191695129549,High Risk
C108069,165,1,2620.516,2620.516,5.0,1.0,0.0,1.0,1,0.7416066776777609,High Risk
C101129,172,1,17465.332000000002,17465.332000000002,7.0,3.0,0.0,1.0,1,0.7416048966194576,High Risk
C103858,198,1,17317.849,17317.849,8.0,3.0,0.0,1.0,1,0.7414664486285857,High Risk
C114036,517,1,17398.107,17398.107,8.0,3.0,0.0,1.0,1,0.7414664486285857,High Risk
C106327,304,1,35888.832,35888.832,16.0,7.0,0.0,1.0,1,0.7413127484246239,High Risk
C109004,685,1,8136.250999999999,8136.250999999999,14.0,3.0,0.0,1.0,1,0.741304233813514,High Risk
C102444,579,1,5092.6720000000005,5092.6720000000005,8.0,3.0,0.0,1.0,1,0.7411816305889376,High Risk
C105120,213,1,5030.192999999999,5030.192999999999,12.0,2.0,0.0,1.0,1,0.7411341897286269,High Risk
C112128,201,1,21588.102000000003,21588.102000000003,16.0,4.0,0.0,1.0,1,0.7411145998188867,High Risk
C109514,948,1,0.0,0.0,7.0,1.0,0.0,1.0,1,0.7409132564820089,High Risk
C107636,677,1,12218.1685,12218.1685,15.0,5.0,0.0,1.0,1,0.7409086073021602,High Risk
C100553,281,1,18424.81,18424.81,12.0,1.0,1.0,0.0,1,0.7408800712695732,High Risk
C105496,66,1,14051.91,14051.91,8.0,3.0,1.0,0.0,0,0.7407773385127794,High Risk
C110648,236,1,6860.412,6860.412,7.0,2.0,0.0,1.0,1,0.7407385848671154,High Risk
C102723,25,1,8528.254500000001,8528.254500000001,9.0,1.0,0.0,1.0,0,0.7407278795344411,High Risk
C105780,45,1,5037.9259999999995,5037.9259999999995,7.0,3.0,0.0,1.0,0,0.7406751555364933,High Risk
C102429,629,1,5186.200000000001,5186.200000000001,10.0,3.0,0.0,1.0,1,0.7406236271515024,High Risk
C108267,18,1,14195.583999999999,14195.583999999999,11.0,2.0,0.0,1.0,0,0.7404754547671607,High Risk
C107455,146,1,15177.753,15177.753,6.0,0.0,0.0,1.0,1,0.7403425634175628,High Risk
C105244,715,1,1159.68,1159.68,5.0,1.0,0.0,1.0,1,0.740288298094563,High Risk
C108061,117,1,18070.501,18070.501,5.0,3.0,0.0,1.0,1,0.7402048251648432,High Risk
C112056,452,1,50519.512,50519.512,5.0,1.0,1.0,1.0,1,0.740198045820743,High Risk
C114472,682,1,1705.68,1705.68,8.0,1.0,1.0,0.0,1,0.7401093605211799,High Risk
C101256,468,1,12122.77,12122.77,7.0,1.0,1.0,0.0,1,0.7400548151568975,High Risk
C101441,106,1,27138.949999999997,27138.949999999997,6.0,0.0,1.0,0.0,1,0.740050485511322,High Risk
C112027,134,1,12440.556,12440.556,12.0,4.0,1.0,1.0,1,0.7399271404273366,High Risk
C103969,186,1,17530.902000000002,17530.902000000002,9.0,3.0,0.0,1.0,1,0.7398875520192434,High Risk
C109887,420,1,14879.124000000002,14879.124000000002,8.0,0.0,0.0,1.0,1,0.739872037218373,High Risk
C112450,1035,1,14982.5545,14982.5545,15.0,5.0,0.0,1.0,1,0.7398300421931562,High Risk
C114566,184,1,14534.8575,14534.8575,11.0,2.0,1.0,1.0,1,0.7398292465415982,High Risk
C100989,547,1,17709.918999999998,17709.918999999998,11.0,6.0,1.0,1.0,1,0.7397814742754677,High Risk
C104579,98,1,3089.08,3089.08,8.0,5.0,0.0,1.0,1,0.7397202348093661,High Risk
C112055,699,1,17662.6855,17662.6855,11.0,4.0,0.0,1.0,1,0.7396676597923217,High Risk
C106134,435,1,3425.643,3425.643,4.0,1.0,0.0,1.0,1,0.7396443041295293,High Risk
C102983,219,1,43557.034499999994,43557.034499999994,5.0,1.0,1.0,1.0,1,0.7396216203472201,High Risk
C102146,283,1,12319.58,12319.58,12.0,2.0,1.0,0.0,1,0.7396092487701652,High Risk
C110861,821,1,16175.9335,16175.9335,5.0,0.0,0.0,1.0,1,0.7395143768755684,High Risk
C106116,192,1,2488.788,2488.788,5.0,1.0,0.0,1.0,1,0.7394661465685545,High Risk
C109467,415,1,18356.3275,18356.3275,6.0,1.0,0.0,1.0,1,0.7394390193882004,High Risk
C103412,416,1,37014.2955,37014.2955,8.0,0.0,0.0,1.0,1,0.739352769461717,High Risk
C108300,232,1,10367.168,10367.168,8.0,5.0,0.0,1.0,1,0.7392272854464612,High Risk
C101192,278,1,8279.8415,8279.8415,12.0,0.0,0.0,1.0,1,0.7391255776668016,High Risk
C102526,107,1,13773.789000000002,13773.789000000002,8.0,3.0,1.0,1.0,1,0.739103996699025,High Risk
C109339,286,1,14510.768,14510.768,8.0,2.0,0.0,1.0,1,0.7390844545456576,High Risk
C107300,202,1,14549.22,14549.22,8.0,2.0,0.0,1.0,1,0.7390844545456576,High Risk
C111247,222,1,17532.816,17532.816,7.0,2.0,0.0,1.0,1,0.73900924956299,High Risk
C109900,320,1,16537.0395,16537.0395,6.0,0.0,0.0,1.0,1,0.7389415956403786,High Risk
C112549,512,1,4096.4475,4096.4475,9.0,3.0,1.0,1.0,1,0.7389095314509733,High Risk
C101531,405,1,20822.056,20822.056,9.0,1.0,1.0,1.0,1,0.7388642948913868,High Risk
C106496,164,1,5211.52,5211.52,8.0,0.0,0.0,1.0,1,0.7388248495069584,High Risk
C101938,374,1,13822.105,13822.105,9.0,1.0,1.0,1.0,1,0.7388188270137599,High Risk
C114638,135,1,14851.782,14851.782,5.0,2.0,1.0,1.0,1,0.7387806086648943,High Risk
C103290,178,1,8879.679,8879.679,11.0,6.0,1.0,1.0,1,0.7387174720633667,High Risk
C112550,411,1,27537.960000000003,27537.960000000003,5.0,0.0,0.0,0.0,1,0.7387021460664615,High Risk
C110412,314,1,19704.87,19704.87,8.0,0.0,0.0,1.0,1,0.7386663697132552,High Risk
C103578,333,1,13259.817000000001,13259.817000000001,10.0,0.0,1.0,1.0,1,0.7385934311429727,High Risk
C114891,437,1,4795.75,4795.75,5.0,1.0,1.0,0.0,1,0.7385883437600045,High Risk
C106220,49,1,8548.641,8548.641,12.0,4.0,0.0,1.0,0,0.7385754142804278,High Risk
C113282,487,1,8627.319,8627.319,8.0,4.0,0.0,1.0,1,0.7384736800273143,High Risk
C107582,8,1,17788.34,17788.34,10.0,2.0,1.0,0.0,0,0.7383428463870113,High Risk
C103416,139,1,19370.472,19370.472,7.0,1.0,0.0,1.0,1,0.7383403904449546,High Risk
C105271,373,1,3185.0,3185.0,12.0,6.0,0.0,1.0,1,0.7383300924870406,High Risk
C112537,212,1,14546.373,14546.373,8.0,3.0,0.0,1.0,1,0.7382258397194574,High Risk
C111135,63,1,17518.56,17518.56,5.0,2.0,0.0,1.0,0,0.7381972751896765,High Risk
C103032,113,1,23819.5075,23819.5075,9.0,3.0,0.0,1.0,1,0.7381071542044517,High Risk
C109730,305,1,14519.572499999998,14519.572499999998,9.0,2.0,0.0,1.0,1,0.738008836557557,High Risk
C114610,526,1,9256.184,9256.184,11.0,2.0,0.0,1.0,1,0.7379521577541717,High Risk
C110425,493,1,17520.9565,17520.9565,10.0,2.0,0.0,1.0,1,0.7379334269530142,High Risk
C102822,569,1,17492.904000000002,17492.904000000002,10.0,2.0,0.0,1.0,1,0.7379334269530142,High Risk
C103629,269,1,14199.079999999998,14199.079999999998,8.0,1.0,0.0,1.0,1,0.7378358707211645,High Risk
C114424,528,1,13295.0505,13295.0505,19.0,3.0,0.0,1.0,1,0.7378213699905639,High Risk
C109909,126,1,12510.088000000002,12510.088000000002,9.0,5.0,0.0,1.0,1,0.7377573206540666,High Risk
C111656,516,1,694.0160000000001,694.0160000000001,8.0,1.0,0.0,1.0,1,0.737756535301025,High Risk
C112907,746,1,14180.1675,14180.1675,11.0,4.0,0.0,1.0,1,0.7377126999446776,High Risk
C113870,111,1,7044.1795,7044.1795,9.0,3.0,1.0,1.0,1,0.7376593426026982,High Risk
C105748,270,1,9351.564,9351.564,8.0,1.0,0.0,1.0,1,0.7376547281071707,High Risk
C106039,421,1,13082.624000000002,13082.624000000002,18.0,7.0,0.0,1.0,1,0.7376217037468965,High Risk
C106228,34,1,13719.32,13719.32,7.0,2.0,1.0,0.0,0,0.7376152569709905,High Risk
C114236,177,1,12946.588,12946.588,8.0,1.0,1.0,1.0,1,0.7376090121264256,High Risk
C112393,409,1,2418.62,2418.62,8.0,1.0,1.0,0.0,1,0.7375801875026423,High Risk
C103782,218,1,17984.944,17984.944,5.0,1.0,0.0,1.0,1,0.7375662223567743,High Risk
C103470,711,1,39001.7085,39001.7085,5.0,1.0,1.0,1.0,1,0.7375379215162939,High Risk
C102048,26,1,92460.5,92460.5,7.0,2.0,1.0,0.0,0,0.7374269538099228,High Risk
C108974,163,1,5155.012,5155.012,9.0,2.0,0.0,1.0,1,0.7373599193623387,High Risk
C105560,95,1,19340.071500000002,19340.071500000002,3.0,0.0,0.0,1.0,1,0.7373105917715431,High Risk
C104514,339,1,4438.56,4438.56,7.0,4.0,1.0,1.0,1,0.7371618900147259,High Risk
C108194,147,1,7320.0599999999995,7320.0599999999995,4.0,2.0,0.0,1.0,1,0.7370667237595981,High Risk
C114338,260,1,32176.324999999997,32176.324999999997,14.0,2.0,0.0,1.0,1,0.7370313251594428,High Risk
C106771,105,1,14251.151,14251.151,12.0,3.0,0.0,1.0,1,0.7369615475741672,High Risk
C104832,77,1,12023.982,12023.982,13.0,3.0,0.0,1.0,0,0.7368927174681315,High Risk
C103418,859,1,428.23,428.23,8.0,3.0,0.0,1.0,1,0.7368143728920483,High Risk
C110895,525,1,831.474,831.474,9.0,1.0,0.0,1.0,1,0.7367734233978842,High Risk
C108474,36,1,13837.626,13837.626,10.0,3.0,0.0,1.0,0,0.7365938048861633,High Risk
C110174,432,1,1039.152,1039.152,5.0,1.0,0.0,1.0,1,0.7365905197410428,High Risk
C112394,425,1,20849.176,20849.176,8.0,1.0,0.0,1.0,1,0.7365487840022411,High Risk
C108435,118,1,14809.493,14809.493,7.0,0.0,0.0,1.0,1,0.7365314847007819,High Risk
C108573,599,1,14111.176500000001,14111.176500000001,8.0,1.0,0.0,1.0,1,0.7364695352579723,High Risk
C105608,153,1,4151.9695,4151.9695,11.0,2.0,1.0,1.0,1,0.736452172536383,High Risk
C110740,150,1,12225.600999999999,12225.600999999999,10.0,5.0,0.0,1.0,1,0.7364345433638575,High Risk
C107154,192,1,14924.8525,14924.8525,5.0,0.0,0.0,1.0,1,0.7364097179464659,High Risk
C113535,199,2,109797.388,54898.694,11.0,2.0,2.0,0.5,1,0.7363762460760707,High Risk
C100258,37,1,9866.7575,9866.7575,12.0,6.0,0.0,1.0,0,0.7363499399981361,High Risk
C107030,340,1,9068.757,9068.757,5.0,0.0,0.0,1.0,1,0.7363431092824222,High Risk
C102978,99,1,16059.28,16059.28,11.0,4.0,1.0,0.0,1,0.7362934601970558,High Risk
C102326,194,1,13790.621,13790.621,11.0,4.0,0.0,1.0,1,0.7362166128865633,High Risk
C100453,584,1,76985.577,76985.577,13.0,2.0,0.0,1.0,1,0.7361440895379657,High Risk
C108027,400,1,24299.974000000002,24299.974000000002,11.0,1.0,0.0,1.0,1,0.7360717816743254,High Risk
C100593,574,1,14729.579,14729.579,8.0,0.0,0.0,1.0,1,0.7360611928501293,High Risk
C100874,398,1,13899.564,13899.564,8.0,1.0,0.0,1.0,1,0.7360561637921775,High Risk
C101984,492,1,77844.26,77844.26,7.0,0.0,0.0,0.0,1,0.7360557138381103,High Risk
C106763,923,1,3008.8305,3008.8305,8.0,1.0,0.0,1.0,1,0.7359748366452414,High Risk
C106337,612,1,19309.109999999997,19309.109999999997,12.0,3.0,1.0,1.0,1,0.7359566247461297,High Risk
C112626,439,1,12930.065999999999,12930.065999999999,9.0,2.0,1.0,1.0,1,0.7358941319302077,High Risk
C110899,172,1,3303.2340000000004,3303.2340000000004,6.0,3.0,0.0,1.0,1,0.7358622871303762,High Risk
C108002,512,1,12896.5655,12896.5655,9.0,4.0,0.0,1.0,1,0.7358384955837427,High Risk
C101204,823,1,24317.879500000003,24317.879500000003,8.0,3.0,0.0,1.0,1,0.7357747022560633,High Risk
C109233,783,1,18467.116499999996,18467.116499999996,7.0,1.0,0.0,1.0,1,0.7357627160718755,High Risk
C110044,977,1,2678.094,2678.094,12.0,5.0,0.0,1.0,1,0.7357352310777155,High Risk
C104447,829,1,19045.559,19045.559,6.0,1.0,0.0,1.0,1,0.7357201476587469,High Risk
C104147,163,1,19422.199,19422.199,8.0,2.0,1.0,1.0,1,0.7357031500814883,High Risk
C114609,413,1,1056.8179999999998,1056.8179999999998,9.0,2.0,0.0,1.0,1,0.7356829387303262,High Risk
C112575,121,1,3404.6155,3404.6155,8.0,1.0,0.0,1.0,1,0.735674937245355,High Risk
C105551,400,1,16389.054,16389.054,8.0,3.0,1.0,1.0,1,0.7356440822885695,High Risk
C113237,561,1,9016.4175,9016.4175,12.0,3.0,0.0,1.0,1,0.7356302163924633,High Risk
C106274,621,1,22593.501000000004,22593.501000000004,2.0,0.0,0.0,1.0,1,0.735604349755004,High Risk
C114225,131,1,9144.1585,9144.1585,8.0,1.0,0.0,1.0,1,0.7355885489982235,High Risk
C106317,351,1,25107.53,25107.53,5.0,3.0,0.0,0.0,1,0.7355545122738846,High Risk
C103650,399,1,17391.783,17391.783,11.0,4.0,0.0,1.0,1,0.7355387995531923,High Risk
C101303,187,1,6647.5015,6647.5015,12.0,2.0,0.0,1.0,1,0.7355303991210042,High Risk
C105344,233,1,23511.374,23511.374,11.0,3.0,0.0,1.0,1,0.7354527700437811,High Risk
C103873,49,1,9325.472,9325.472,7.0,3.0,0.0,1.0,0,0.7354389669002799,High Risk
C107181,453,1,24192.917999999998,24192.917999999998,10.0,3.0,0.0,1.0,1,0.735427799239161,High Risk
C106207,672,1,22944.105000000003,22944.105000000003,7.0,0.0,0.0,1.0,1,0.735418199926555,High Risk
C111957,102,1,16798.068,16798.068,18.0,5.0,1.0,1.0,1,0.7353100722766547,High Risk
C107866,516,1,6915.496000000001,6915.496000000001,9.0,0.0,0.0,1.0,1,0.7352847971979078,High Risk
C108488,201,1,13488.224,13488.224,7.0,0.0,0.0,1.0,1,0.7352401267997815,High Risk
C103846,143,1,14305.4895,14305.4895,7.0,2.0,0.0,1.0,1,0.7352383993671225,High Risk
C105113,520,1,14262.9575,14262.9575,7.0,2.0,0.0,1.0,1,0.7352383993671225,High Risk
C100184,315,1,22316.392,22316.392,5.0,1.0,1.0,1.0,1,0.7352322701066377,High Risk
C111463,1048,1,13315.512,13315.512,11.0,5.0,1.0,1.0,1,0.7352139459918863,High Risk
C114830,856,1,5412.204000000001,5412.204000000001,9.0,0.0,1.0,1.0,1,0.735193707510666,High Risk
C107384,204,1,13987.3725,13987.3725,9.0,4.0,0.0,1.0,1,0.7351804126818622,High Risk
C114386,163,1,20461.752,20461.752,8.0,0.0,0.0,1.0,1,0.7350837133813088,High Risk
C114322,26,1,9983.817,9983.817,13.0,3.0,0.0,1.0,0,0.7349934763918812,High Risk
C104054,793,1,14046.6325,14046.6325,8.0,1.0,0.0,1.0,1,0.7349500281042763,High Risk
C109817,178,1,14007.564000000002,14007.564000000002,8.0,1.0,0.0,1.0,1,0.7349500281042763,High Risk
C106601,364,1,18782.77,18782.77,11.0,4.0,1.0,0.0,1,0.7349170641530072,High Risk
C108605,641,1,23778.4,23778.4,12.0,2.0,0.0,1.0,1,0.7349130954006824,High Risk
C114763,504,1,14471.735999999999,14471.735999999999,7.0,1.0,0.0,1.0,1,0.7348773132343139,High Risk
C114888,214,1,46273.664,46273.664,5.0,1.0,1.0,1.0,1,0.7348230136518822,High Risk
C101123,97,1,14235.88,14235.88,10.0,3.0,1.0,1.0,1,0.7347451180529394,High Risk
C101849,256,1,20888.256,20888.256,7.0,1.0,0.0,1.0,1,0.7345779618541709,High Risk
C114889,596,1,770.128,770.128,13.0,4.0,0.0,1.0,1,0.7345715609666308,High Risk
C113314,140,1,14283.208000000002,14283.208000000002,5.0,1.0,0.0,1.0,1,0.7343674605943972,High Risk
C110662,123,1,14555.96,14555.96,5.0,1.0,0.0,1.0,1,0.7343674605943972,High Risk
C109936,209,1,14504.468,14504.468,5.0,1.0,0.0,1.0,1,0.7343674605943972,High Risk
C108852,119,1,38675.8015,38675.8015,3.0,0.0,1.0,1.0,1,0.7343614676005662,High Risk
C110355,19,1,14552.748,14552.748,7.0,3.0,0.0,1.0,0,0.734312383820217,High Risk
C101951,253,1,25378.47,25378.47,5.0,3.0,0.0,0.0,1,0.7342903155142123,High Risk
C110104,632,1,74391.50700000001,74391.50700000001,12.0,5.0,0.0,1.0,1,0.734241651670028,High Risk
C109445,173,1,7345.660000000001,7345.660000000001,9.0,1.0,1.0,0.0,1,0.7341876192666319,High Risk
C114190,85,1,26695.22,26695.22,2.0,0.0,2.0,0.0,0,0.7341866547048636,High Risk
C101632,218,1,18621.528,18621.528,11.0,3.0,0.0,1.0,1,0.7341494497287222,High Risk
C111841,858,1,30712.2175,30712.2175,13.0,6.0,0.0,1.0,1,0.7341297158006695,High Risk
C101675,553,1,19292.0675,19292.0675,5.0,3.0,0.0,1.0,1,0.7341118620902417,High Risk
C106523,758,1,19705.0995,19705.0995,12.0,2.0,1.0,1.0,1,0.7340337031461046,High Risk
C114893,300,1,14438.032000000001,14438.032000000001,5.0,2.0,0.0,1.0,1,0.7340264579832773,High Risk
C108624,645,1,3445.232,3445.232,3.0,1.0,0.0,1.0,1,0.7340051638150201,High Risk
C107177,636,1,14785.605000000001,14785.605000000001,12.0,6.0,0.0,1.0,1,0.7339780063450421,High Risk
C101248,382,1,3241.324,3241.324,4.0,0.0,0.0,1.0,1,0.7338857643945024,High Risk
C105279,323,1,13489.686000000002,13489.686000000002,8.0,2.0,0.0,1.0,1,0.733843245025807,High Risk
C100530,144,1,14118.234999999999,14118.234999999999,5.0,1.0,0.0,1.0,1,0.7338366912974618,High Risk
C103358,508,1,17595.567000000003,17595.567000000003,15.0,4.0,0.0,1.0,1,0.7338351553571418,High Risk
C101185,192,1,3330.8080000000004,3330.8080000000004,5.0,1.0,0.0,1.0,1,0.7337845279879147,High Risk
C112980,55,1,48493.229999999996,48493.229999999996,7.0,1.0,2.0,0.0,0,0.7337700010665512,High Risk
C108932,165,1,18666.0,18666.0,7.0,3.0,0.0,1.0,1,0.7337439491769626,High Risk
C100991,532,1,18932.645,18932.645,7.0,3.0,0.0,1.0,1,0.7337439491769626,High Risk
C103226,166,1,20809.864,20809.864,11.0,3.0,1.0,1.0,1,0.733720595512775,High Risk
C101862,105,1,19564.148,19564.148,12.0,3.0,0.0,1.0,1,0.7336519131360718,High Risk
C100808,247,1,19928.1025,19928.1025,14.0,6.0,1.0,1.0,1,0.7336515285637449,High Risk
C114611,144,1,13546.048,13546.048,10.0,2.0,0.0,1.0,1,0.7336093724794551,High Risk
C104545,266,1,13760.128,13760.128,9.0,3.0,1.0,1.0,1,0.7335703397131133,High Risk
C106412,309,1,17996.8035,17996.8035,11.0,2.0,1.0,1.0,1,0.7332821682750185,High Risk
C107476,141,1,6779.906,6779.906,11.0,4.0,0.0,1.0,1,0.7332734134979573,High Risk
C112615,135,1,6969.540000000001,6969.540000000001,10.0,1.0,1.0,0.0,1,0.7332194105158449,High Risk
C113566,357,1,13994.478000000001,13994.478000000001,12.0,2.0,0.0,1.0,1,0.7332074546378285,High Risk
C112272,514,1,13633.3645,13633.3645,7.0,2.0,0.0,1.0,1,0.7331245382491732,High Risk
C104083,285,1,14071.877499999999,14071.877499999999,5.0,1.0,0.0,1.0,1,0.7330697471283514,High Risk
C112163,487,1,12452.3625,12452.3625,12.0,5.0,0.0,1.0,1,0.7329549452683389,High Risk
C113709,79,1,13790.568000000001,13790.568000000001,5.0,1.0,0.0,1.0,0,0.7328550964792933,High Risk
C114094,109,1,56377.422999999995,56377.422999999995,4.0,1.0,1.0,1.0,1,0.7327409866520782,High Risk
C112658,94,1,18671.193,18671.193,8.0,3.0,0.0,1.0,1,0.7326922381667319,High Risk
C105143,577,1,17937.928499999998,17937.928499999998,9.0,1.0,0.0,1.0,1,0.7326575119478629,High Risk
C111534,197,1,5419.728,5419.728,11.0,1.0,0.0,1.0,1,0.7326432596596197,High Risk
C111252,811,1,26596.57,26596.57,6.0,0.0,0.0,0.0,1,0.7326221872376085,High Risk
C108152,225,1,13054.215,13054.215,6.0,4.0,1.0,1.0,1,0.7326151681789426,High Risk
C108586,204,1,25267.959000000003,25267.959000000003,6.0,0.0,0.0,1.0,1,0.7325385580582119,High Risk
C103352,603,1,3436.5440000000003,3436.5440000000003,9.0,1.0,0.0,1.0,1,0.7325194293621968,High Risk
C111200,11,1,5117.3745,5117.3745,6.0,0.0,0.0,1.0,0,0.7324877115769813,High Risk
C104121,377,1,17271.328,17271.328,11.0,3.0,1.0,1.0,1,0.7324232196667079,High Risk
C106874,698,1,4755.035,4755.035,11.0,4.0,0.0,1.0,1,0.7323890222873897,High Risk
C102296,302,1,18447.878999999997,18447.878999999997,9.0,1.0,0.0,1.0,1,0.7323768007326699,High Risk
C113041,184,1,25313.96,25313.96,8.0,3.0,0.0,0.0,1,0.7323352333108961,High Risk
C109180,207,1,25088.14,25088.14,8.0,3.0,0.0,0.0,1,0.7323352333108961,High Risk
C102009,322,1,16412.43,16412.43,13.0,4.0,1.0,0.0,1,0.7323330227758692,High Risk
C106915,382,1,24055.995,24055.995,11.0,3.0,1.0,1.0,1,0.7323319831519348,High Risk
C113036,195,1,11518.11,11518.11,13.0,2.0,0.0,1.0,1,0.732322528202982,High Risk
C110633,175,1,11051.886999999999,11051.886999999999,7.0,5.0,0.0,1.0,1,0.7323140802183545,High Risk
C103315,93,1,4728.474,4728.474,10.0,3.0,1.0,1.0,1,0.7323060682412005,High Risk
C111392,511,1,14248.41,14248.41,11.0,5.0,1.0,0.0,1,0.732287602703014,High Risk
C113386,73,1,80924.57999999999,80924.57999999999,12.0,2.0,0.0,0.0,0,0.7322798203061666,High Risk
C114283,385,1,840.6075000000001,840.6075000000001,6.0,3.0,0.0,1.0,1,0.7322583124633327,High Risk
C103272,530,1,13535.770999999999,13535.770999999999,7.0,2.0,0.0,1.0,1,0.7322352078698212,High Risk
C112154,775,1,5718.880000000001,5718.880000000001,3.0,3.0,0.0,1.0,1,0.7321676895313679,High Risk
C107048,313,1,2427.787,2427.787,9.0,4.0,0.0,1.0,1,0.7321095029679096,High Risk
C109229,199,1,13932.2905,13932.2905,6.0,3.0,0.0,1.0,1,0.7320908695433613,High Risk
C109854,10,1,14047.250999999998,14047.250999999998,7.0,3.0,0.0,1.0,0,0.7320877009063069,High Risk
C105680,500,1,13968.816,13968.816,9.0,1.0,0.0,1.0,1,0.7320310150333623,High Risk
C111444,467,1,50567.67,50567.67,10.0,2.0,1.0,1.0,1,0.7319766441106798,High Risk
C101160,242,1,24596.8775,24596.8775,9.0,6.0,1.0,1.0,1,0.7319739235579529,High Risk
C102676,268,1,3249.0,3249.0,5.0,1.0,0.0,1.0,1,0.7319316102537045,High Risk
C114317,31,1,29074.19,29074.19,6.0,3.0,2.0,0.0,0,0.7319146188118387,High Risk
C104799,158,1,13398.372,13398.372,6.0,0.0,0.0,1.0,1,0.7318776330541082,High Risk
C100035,255,1,11766.9325,11766.9325,14.0,4.0,1.0,1.0,1,0.7318764926473882,High Risk
C113259,325,1,9972.131,9972.131,8.0,0.0,0.0,1.0,1,0.7318675270079775,High Risk
C113325,20,1,24170.684999999998,24170.684999999998,7.0,3.0,0.0,1.0,0,0.7318629666789446,High Risk
C114544,568,1,20779.904000000002,20779.904000000002,7.0,1.0,0.0,1.0,1,0.7317938706336244,High Risk
C114774,143,1,13134.519499999999,13134.519499999999,10.0,4.0,0.0,1.0,1,0.7317772492602055,High Risk
C103496,769,1,45349.6505,45349.6505,12.0,5.0,0.0,1.0,1,0.731680972095446,High Risk
C105634,830,1,37182.384000000005,37182.384000000005,5.0,2.0,1.0,1.0,1,0.7315781837623466,High Risk
C108130,12,1,9010.263500000001,9010.263500000001,5.0,0.0,0.0,1.0,0,0.7315448077748876,High Risk
C112806,388,1,35607.186,35607.186,4.0,1.0,1.0,1.0,1,0.7315303329958169,High Risk
C111765,439,1,13614.048000000003,13614.048000000003,7.0,2.0,0.0,1.0,1,0.731490154597916,High Risk
C104142,155,1,15068.817,15068.817,11.0,3.0,0.0,1.0,1,0.7314891757367918,High Risk
C114588,593,1,13953.638,13953.638,7.0,3.0,0.0,1.0,1,0.7314342892168174,High Risk
C102780,530,1,13875.03,13875.03,6.0,2.0,0.0,1.0,1,0.7314308489365605,High Risk
C107868,127,1,6718.536,6718.536,7.0,3.0,0.0,1.0,1,0.7314017798559407,High Risk
C104528,91,1,19331.118000000002,19331.118000000002,10.0,3.0,0.0,1.0,1,0.7313807304404996,High Risk
C107996,550,1,12325.833,12325.833,5.0,3.0,0.0,1.0,1,0.7313678152058037,High Risk
C106654,535,1,5336.946,5336.946,6.0,0.0,0.0,1.0,1,0.7313436781433357,High Risk
C105841,-1,1,23630.004,23630.004,11.0,3.0,1.0,1.0,0,0.7313268267595597,High Risk
C102916,721,1,2634.1360000000004,2634.1360000000004,11.0,5.0,0.0,1.0,1,0.7312624968184086,High Risk
C108467,184,1,13421.8375,13421.8375,9.0,2.0,0.0,1.0,1,0.7312558126336771,High Risk
C114299,168,1,2480.004,2480.004,9.0,2.0,0.0,1.0,1,0.7312058502153814,High Risk
C107550,826,1,2199.472,2199.472,6.0,1.0,0.0,1.0,1,0.7311049782119988,High Risk
C104346,164,1,12537.312,12537.312,11.0,4.0,0.0,1.0,1,0.731085970576443,High Risk
C103011,716,1,18547.704,18547.704,9.0,1.0,0.0,1.0,1,0.7310784067000919,High Risk
C107609,451,1,9916.623,9916.623,6.0,0.0,0.0,1.0,1,0.7310681666902914,High Risk
C105047,740,1,12881.24,12881.24,3.0,3.0,0.0,1.0,1,0.7309888282704635,High Risk
C100935,14,1,9398.844000000001,9398.844000000001,5.0,0.0,0.0,1.0,0,0.7309745515123582,High Risk
C109808,250,1,23730.064,23730.064,9.0,2.0,0.0,1.0,1,0.7309635336147444,High Risk
C103338,147,1,6778.452499999999,6778.452499999999,6.0,2.0,0.0,1.0,1,0.7308830792538824,High Risk
C102333,553,1,42837.498,42837.498,3.0,0.0,1.0,1.0,1,0.7308662187135765,High Risk
C110128,511,1,18767.12,18767.12,7.0,2.0,0.0,1.0,1,0.7308629784354211,High Risk
C101539,114,1,9292.77,9292.77,14.0,2.0,0.0,1.0,1,0.7308537043635254,High Risk
C111520,210,1,965.7615000000001,965.7615000000001,9.0,3.0,0.0,1.0,1,0.7307797740931715,High Risk
C102994,118,1,13874.448,13874.448,12.0,4.0,0.0,1.0,1,0.7307227778755646,High Risk
C111769,793,1,1812.4099999999999,1812.4099999999999,6.0,2.0,0.0,1.0,1,0.7306983779914925,High Risk
C113718,205,1,9349.472,9349.472,11.0,4.0,0.0,1.0,1,0.7306717992536581,High Risk
C104564,747,1,3123.9455,3123.9455,13.0,2.0,0.0,1.0,1,0.730668405514226,High Risk
C102331,914,1,24710.951999999997,24710.951999999997,10.0,3.0,1.0,1.0,1,0.7306665160192751,High Risk
C107503,143,1,781.915,781.915,8.0,2.0,0.0,1.0,1,0.7306531744043263,High Risk
C107773,244,1,24478.803,24478.803,6.0,3.0,0.0,1.0,1,0.7306177774168268,High Risk
C110995,299,1,19739.08,19739.08,16.0,4.0,0.0,1.0,1,0.7305799705819664,High Risk
C110873,97,1,23623.712,23623.712,7.0,1.0,0.0,1.0,1,0.7305471336518261,High Risk
C106132,674,1,13863.832000000002,13863.832000000002,6.0,1.0,0.0,1.0,1,0.7305452628099315,High Risk
C108185,46,1,13898.231,13898.231,6.0,1.0,0.0,1.0,0,0.7305452628099315,High Risk
C112979,92,1,13445.658000000001,13445.658000000001,8.0,3.0,0.0,1.0,1,0.7305427313428637,High Risk
C106018,782,1,13409.248000000001,13409.248000000001,8.0,3.0,0.0,1.0,1,0.7305427313428637,High Risk
C111044,572,1,12054.512000000002,12054.512000000002,14.0,3.0,0.0,1.0,1,0.730522184712997,High Risk
C111751,207,1,12732.1565,12732.1565,9.0,5.0,1.0,1.0,1,0.7305134376788022,High Risk
C100246,152,1,23733.198,23733.198,8.0,1.0,0.0,1.0,1,0.7305131228734904,High Risk
C109827,9,1,17564.6165,17564.6165,10.0,4.0,0.0,1.0,0,0.730419287679208,High Risk
C108892,94,1,31704.160000000003,31704.160000000003,11.0,3.0,1.0,1.0,1,0.7303517255820574,High Risk
C106767,552,1,39667.426,39667.426,7.0,1.0,1.0,1.0,1,0.7303064645294005,High Risk
C110506,588,1,9434.916000000001,9434.916000000001,5.0,0.0,0.0,1.0,1,0.7302802989194866,High Risk
C100968,183,1,2303.7295,2303.7295,6.0,1.0,0.0,1.0,1,0.7302036687092058,High Risk
C114446,185,1,1448.739,1448.739,7.0,2.0,0.0,1.0,1,0.7301742577124444,High Risk
C107645,963,1,13398.218499999999,13398.218499999999,12.0,3.0,0.0,1.0,1,0.7301205612762718,High Risk
C109628,356,1,1368.0095,1368.0095,9.0,2.0,0.0,1.0,1,0.7301086501527558,High Risk
C109492,870,1,9678.296,9678.296,6.0,3.0,1.0,1.0,1,0.7300685882802352,High Risk
C109654,19,1,9232.072,9232.072,6.0,2.0,0.0,1.0,0,0.730016082739555,High Risk
C104726,712,1,19388.504,19388.504,8.0,2.0,0.0,1.0,1,0.7298565213968051,High Risk
C106811,77,1,19851.3995,19851.3995,8.0,1.0,0.0,1.0,0,0.7298346980620581,High Risk
C101529,459,1,6784.392,6784.392,7.0,2.0,0.0,1.0,1,0.7298315729272531,High Risk
C106522,48,1,14082.817,14082.817,6.0,1.0,0.0,1.0,0,0.7298240930742952,High Risk
C101637,269,1,13912.845,13912.845,11.0,1.0,0.0,1.0,1,0.7297155936731027,High Risk
C112080,416,1,572.576,572.576,10.0,3.0,0.0,1.0,1,0.7296807575143066,High Risk
C111081,516,1,17133.0675,17133.0675,8.0,3.0,1.0,1.0,1,0.7296646457752748,High Risk
C109882,161,1,2816.9255000000003,2816.9255000000003,7.0,2.0,0.0,1.0,1,0.7296509520597136,High Risk
C101301,301,1,51741.56800000001,51741.56800000001,7.0,0.0,0.0,1.0,1,0.7296486216670282,High Risk
C104793,776,1,15182.937,15182.937,7.0,1.0,0.0,1.0,1,0.7296255547465441,High Risk
C105311,484,1,14207.6735,14207.6735,6.0,0.0,0.0,1.0,1,0.7295828559062812,High Risk
C107026,16,1,14057.9035,14057.9035,12.0,4.0,0.0,1.0,0,0.7295777985294433,High Risk
C104004,291,1,20925.2225,20925.2225,10.0,2.0,0.0,1.0,1,0.729547119514281,High Risk
C114864,661,1,14888.52,14888.52,11.0,1.0,0.0,1.0,1,0.7295219688357267,High Risk
C103349,137,1,9588.3405,9588.3405,5.0,0.0,0.0,1.0,1,0.7294872726134058,High Risk
C112201,346,1,16680.1705,16680.1705,11.0,3.0,0.0,1.0,1,0.729454683754564,High Risk
C114517,139,1,13365.606999999998,13365.606999999998,5.0,1.0,0.0,1.0,1,0.7294542020314152,High Risk
C113571,740,1,13043.128,13043.128,8.0,4.0,0.0,1.0,1,0.7293941676858533,High Risk
C106008,586,1,18909.891,18909.891,4.0,1.0,0.0,1.0,1,0.729369361907777,High Risk
C106708,98,1,25762.24,25762.24,5.0,0.0,0.0,0.0,1,0.7293405850936163,High Risk
C102772,620,1,19538.352,19538.352,7.0,3.0,0.0,1.0,1,0.7293205343185789,High Risk
C101591,53,1,14201.520000000002,14201.520000000002,7.0,0.0,0.0,1.0,0,0.7293204250140717,High Risk
C113158,472,1,13919.598,13919.598,7.0,2.0,0.0,1.0,1,0.7293010854304555,High Risk
C105352,134,1,26025.17,26025.17,6.0,0.0,0.0,0.0,1,0.7292236421504985,High Risk
C104948,618,1,16270.08,16270.08,8.0,3.0,0.0,1.0,1,0.7292206841652761,High Risk
C113430,204,1,17418.778,17418.778,8.0,4.0,0.0,1.0,1,0.7292159905779347,High Risk
C113872,258,1,25035.312,25035.312,9.0,3.0,0.0,1.0,1,0.7291864691974768,High Risk
C105700,225,1,6570.8099999999995,6570.8099999999995,8.0,4.0,0.0,1.0,1,0.729179070119876,High Risk
C107140,118,1,16568.658,16568.658,5.0,1.0,0.0,1.0,1,0.7290900691853751,High Risk
C111236,173,1,15244.307999999999,15244.307999999999,11.0,1.0,0.0,1.0,1,0.7290767587687955,High Risk
C107400,129,1,1170.7305,1170.7305,6.0,2.0,0.0,1.0,1,0.7290645085353152,High Risk
C105907,502,1,23585.3155,23585.3155,11.0,2.0,1.0,1.0,1,0.7290471499516028,High Risk
C107943,206,1,16108.752,16108.752,11.0,3.0,0.0,1.0,1,0.7290334701597636,High Risk
C100346,282,1,558.9174999999999,558.9174999999999,7.0,3.0,0.0,1.0,1,0.7289928865296489,High Risk
C103785,346,1,9104.1545,9104.1545,11.0,3.0,1.0,1.0,1,0.7289782868200305,High Risk
C114675,252,1,9979.506000000001,9979.506000000001,6.0,1.0,0.0,1.0,1,0.7289395356600216,High Risk
C104703,284,1,6792.9365,6792.9365,7.0,2.0,1.0,1.0,1,0.7288475591256095,High Risk
C101130,203,1,74019.38,74019.38,9.0,4.0,0.0,0.0,1,0.7288013237066496,High Risk
C107463,242,1,13318.677000000001,13318.677000000001,9.0,2.0,0.0,1.0,1,0.7287879286363181,High Risk
C110719,212,1,20107.176,20107.176,11.0,1.0,0.0,1.0,1,0.7287436607055975,High Risk
C113896,677,1,3012.616,3012.616,9.0,3.0,0.0,1.0,1,0.728713842970087,High Risk
C102588,297,1,22415.264000000003,22415.264000000003,1.0,0.0,0.0,1.0,1,0.728703941664312,High Risk
C111409,97,1,16228.863,16228.863,8.0,1.0,0.0,1.0,1,0.7286551773167019,High Risk
C102838,475,1,2434.32,2434.32,7.0,2.0,0.0,1.0,1,0.7286210092216536,High Risk
C104048,286,1,6231.146,6231.146,12.0,2.0,0.0,1.0,1,0.728615130098479,High Risk
C112386,239,1,6751.023,6751.023,8.0,3.0,0.0,1.0,1,0.7285885407029348,High Risk
C111422,802,1,36222.568999999996,36222.568999999996,8.0,0.0,0.0,1.0,1,0.7285564322782022,High Risk
C100681,192,1,20923.884,20923.884,6.0,3.0,0.0,1.0,1,0.7285198060206812,High Risk
C106869,400,1,19675.877500000002,19675.877500000002,11.0,6.0,0.0,1.0,1,0.7284686675507115,High Risk
C101824,165,1,17938.185,17938.185,10.0,2.0,0.0,1.0,1,0.7284436378168266,High Risk
C112507,126,1,9048.114,9048.114,11.0,0.0,0.0,1.0,1,0.7284388535056973,High Risk
C100367,409,1,14977.619999999999,14977.619999999999,9.0,2.0,1.0,0.0,1,0.7284211298338292,High Risk
C114494,410,1,17151.413999999997,17151.413999999997,5.0,1.0,0.0,1.0,1,0.7283760702691207,High Risk
C114795,91,1,5481.909000000001,5481.909000000001,11.0,3.0,0.0,1.0,1,0.7283648819926379,High Risk
C103014,16,1,18171.476499999997,18171.476499999997,10.0,4.0,0.0,1.0,0,0.7283401275097338,High Risk
C100293,214,1,9625.230000000001,9625.230000000001,7.0,2.0,0.0,1.0,1,0.7283100119089688,High Risk
C112988,132,1,15107.483499999998,15107.483499999998,5.0,1.0,0.0,1.0,1,0.7282885064102659,High Risk
C106986,5,1,9187.038,9187.038,7.0,3.0,0.0,1.0,0,0.7282673554261063,High Risk
C102760,466,1,4703.3099999999995,4703.3099999999995,10.0,4.0,0.0,1.0,1,0.728257411268432,High Risk
C108212,42,1,13584.610499999999,13584.610499999999,6.0,3.0,0.0,1.0,0,0.728241188479504,High Risk
C105431,144,1,6598.737999999999,6598.737999999999,9.0,4.0,0.0,1.0,1,0.7282235387010296,High Risk
C110872,100,1,9597.519,9597.519,6.0,2.0,0.0,1.0,1,0.7281488946622852,High Risk
C103424,148,1,24600.19,24600.19,8.0,2.0,0.0,0.0,1,0.7281486633851327,High Risk
C101830,552,1,15510.869999999999,15510.869999999999,9.0,4.0,1.0,0.0,1,0.728143363562215,High Risk
C112326,180,1,15099.1025,15099.1025,7.0,2.0,0.0,1.0,1,0.7281251939372292,High Risk
C114238,52,1,13329.696,13329.696,12.0,5.0,0.0,1.0,0,0.7280984644869107,High Risk
C103594,119,1,257.368,257.368,18.0,4.0,0.0,1.0,1,0.7280368473002163,High Risk
C104873,722,1,13633.49,13633.49,9.0,4.0,0.0,1.0,1,0.7280311651116677,High Risk
C109930,747,1,12826.806,12826.806,15.0,4.0,0.0,1.0,1,0.7279718147956369,High Risk
C103966,73,1,17953.194999999996,17953.194999999996,9.0,1.0,1.0,1.0,0,0.7279692176074497,High Risk
C114573,5,1,5380.0305,5380.0305,7.0,1.0,0.0,1.0,0,0.7279631178237187,High Risk
C112046,167,1,24317.776,24317.776,5.0,1.0,0.0,1.0,1,0.7279382937287593,High Risk
C107142,914,1,36033.66,36033.66,8.0,0.0,0.0,1.0,1,0.7278551281026624,High Risk
C102226,13,1,9719.361,9719.361,7.0,2.0,0.0,1.0,0,0.7278268446336326,High Risk
C113962,133,1,13405.64,13405.64,6.0,2.0,0.0,1.0,1,0.7278252948402177,High Risk
C100173,158,1,13420.8115,13420.8115,6.0,2.0,0.0,1.0,1,0.7278252948402177,High Risk
C111288,198,1,24423.024,24423.024,8.0,2.0,0.0,1.0,1,0.7278127945895982,High Risk
C110593,150,1,12905.312,12905.312,9.0,3.0,0.0,1.0,1,0.7278080409567607,High Risk
C108809,743,1,12995.785999999998,12995.785999999998,8.0,3.0,0.0,1.0,1,0.7277749211887061,High Risk
C108117,125,1,2079.288,2079.288,9.0,1.0,0.0,1.0,1,0.7277497424746241,High Risk
C106973,419,1,12781.9345,12781.9345,12.0,4.0,0.0,1.0,1,0.7277257413040951,High Risk
C103492,93,1,15004.992000000002,15004.992000000002,5.0,1.0,0.0,1.0,1,0.7277022995847899,High Risk
C103799,93,1,17355.536999999997,17355.536999999997,1.0,0.0,0.0,1.0,1,0.727692072941014,High Risk
C114074,113,1,15049.408000000001,15049.408000000001,7.0,3.0,0.0,1.0,1,0.7276511103636419,High Risk
C103166,121,1,38266.218499999995,38266.218499999995,12.0,4.0,0.0,1.0,1,0.7276491870365885,High Risk
C106824,267,1,66188.02,66188.02,9.0,4.0,0.0,0.0,1,0.7276456686286034,High Risk
C108094,19,1,13930.128,13930.128,6.0,3.0,0.0,1.0,0,0.7274954536900219,High Risk
C106923,42,1,13248.538499999999,13248.538499999999,7.0,3.0,0.0,1.0,0,0.7274520653481292,High Risk
C100294,84,1,9578.583999999999,9578.583999999999,8.0,2.0,0.0,1.0,0,0.7274176128329144,High Risk
C107565,108,1,10035.784,10035.784,7.0,1.0,0.0,1.0,1,0.7273738217724504,High Risk
C114648,135,1,3650.72,3650.72,10.0,1.0,1.0,0.0,1,0.7273413596977876,High Risk
C110097,216,1,25221.26,25221.26,14.0,2.0,0.0,0.0,1,0.7273284371088361,High Risk
C104029,538,1,12701.488000000001,12701.488000000001,8.0,1.0,1.0,1.0,1,0.7273184047961229,High Risk
C114616,55,1,18960.252999999997,18960.252999999997,9.0,2.0,0.0,1.0,0,0.7273010784155699,High Risk
C103394,9,1,6592.599,6592.599,8.0,2.0,0.0,1.0,0,0.7271908661347993,High Risk
C108661,667,1,3703.8239999999996,3703.8239999999996,6.0,1.0,0.0,1.0,1,0.72714485962233,High Risk
C111946,533,1,3658.7790000000005,3658.7790000000005,6.0,1.0,0.0,1.0,1,0.72714485962233,High Risk
C114421,160,1,19597.3315,19597.3315,9.0,3.0,0.0,1.0,1,0.7271344625265475,High Risk
C113948,285,1,40951.768,40951.768,5.0,2.0,1.0,1.0,1,0.7271216045880248,High Risk
C107288,48,1,16367.892,16367.892,9.0,3.0,0.0,1.0,0,0.7270875990357797,High Risk
C104576,96,1,16225.552000000003,16225.552000000003,9.0,3.0,0.0,1.0,1,0.7270875990357797,High Risk
C113378,515,1,16595.739,16595.739,9.0,3.0,0.0,1.0,1,0.7270804274536414,High Risk
C111738,520,1,32043.483,32043.483,11.0,1.0,1.0,1.0,1,0.7270737246831593,High Risk
C101631,-1,1,13916.248000000001,13916.248000000001,7.0,1.0,0.0,1.0,0,0.7270572052361375,High Risk
C113521,260,1,13219.096000000001,13219.096000000001,6.0,0.0,0.0,1.0,1,0.7270500285478364,High Risk
C105277,108,1,25077.690000000002,25077.690000000002,11.0,2.0,1.0,0.0,1,0.7270411249127093,High Risk
C111057,280,1,23213.133,23213.133,10.0,1.0,1.0,1.0,1,0.7270050232728333,High Risk
C108454,843,1,24432.94,24432.94,8.0,2.0,0.0,0.0,1,0.7269289931918089,High Risk
C101775,31,1,16655.529,16655.529,7.0,2.0,0.0,1.0,0,0.7269197115818612,High Risk
C108032,748,1,16647.912,16647.912,8.0,2.0,0.0,1.0,1,0.7269051583540853,High Risk
C108514,0,1,12871.928000000002,12871.928000000002,11.0,3.0,1.0,1.0,0,0.726850392428788,High Risk
C105328,738,1,26799.2,26799.2,14.0,3.0,0.0,0.0,1,0.726839113883057,High Risk
C113522,897,1,12995.262,12995.262,12.0,3.0,0.0,1.0,1,0.7268338434358128,High Risk
C104893,17,1,5552.820000000001,5552.820000000001,8.0,3.0,0.0,1.0,0,0.726824148863481,High Risk
C107335,678,1,3201.606,3201.606,7.0,3.0,0.0,1.0,1,0.7267967915172951,High Risk
C101902,161,1,3185.0640000000003,3185.0640000000003,7.0,3.0,0.0,1.0,1,0.7267967915172951,High Risk
C111377,14,1,8616.888,8616.888,8.0,0.0,0.0,1.0,0,0.7267488305839767,High Risk
C113241,368,1,4251.824,4251.824,12.0,4.0,0.0,1.0,1,0.7267474414954583,High Risk
C105234,334,1,19612.815000000002,19612.815000000002,7.0,2.0,0.0,1.0,1,0.7267104274425007,High Risk
C112861,339,1,11524.336,11524.336,11.0,5.0,0.0,1.0,1,0.7266841431854298,High Risk
C103832,339,1,16375.014,16375.014,6.0,1.0,0.0,1.0,1,0.7266787824098186,High Risk
C103040,366,1,16214.536,16214.536,6.0,1.0,0.0,1.0,1,0.7266787824098186,High Risk
C114341,91,1,16834.167,16834.167,7.0,3.0,0.0,1.0,1,0.7266766586087968,High Risk
C109248,340,1,24105.3,24105.3,5.0,3.0,1.0,0.0,1,0.7266521849359887,High Risk
C110428,35,1,24778.042499999996,24778.042499999996,11.0,2.0,0.0,1.0,0,0.7266394869961527,High Risk
C106073,364,1,14797.807999999999,14797.807999999999,12.0,3.0,0.0,1.0,1,0.7266263090985932,High Risk
C112662,755,1,25700.050000000003,25700.050000000003,8.0,1.0,1.0,0.0,1,0.7265300968469801,High Risk
C111870,35,1,9738.1525,9738.1525,5.0,1.0,0.0,1.0,0,0.7265061176829489,High Risk
C106442,441,1,23014.339,23014.339,10.0,3.0,0.0,1.0,1,0.7264927518547608,High Risk
C112384,237,1,19131.018,19131.018,8.0,4.0,0.0,1.0,1,0.7264855823811028,High Risk
C106941,368,2,103597.22,51798.61,6.0,1.0,2.0,0.0,1,0.7264842183895144,High Risk
C100848,811,1,9734.3175,9734.3175,5.0,0.0,0.0,1.0,1,0.7264737195025025,High Risk
C111497,208,1,47225.475000000006,47225.475000000006,4.0,1.0,1.0,1.0,1,0.7263725812365479,High Risk
C104099,194,1,15034.443000000001,15034.443000000001,10.0,1.0,0.0,1.0,1,0.7263508839420187,High Risk
C110148,305,1,44077.1835,44077.1835,12.0,3.0,1.0,1.0,1,0.7261976776317656,High Risk
C113217,248,1,554.848,554.848,11.0,1.0,0.0,1.0,1,0.7261973622231496,High Risk
C113980,405,1,22532.004,22532.004,8.0,4.0,0.0,1.0,1,0.7261690925832469,High Risk
C103908,322,1,9890.396999999999,9890.396999999999,12.0,4.0,0.0,1.0,1,0.7261171526612674,High Risk
C102842,117,1,17155.498999999996,17155.498999999996,8.0,3.0,0.0,1.0,1,0.7260979401394287,High Risk
C107957,589,1,15157.659,15157.659,5.0,2.0,0.0,1.0,1,0.7260860568570225,High Risk
C114551,153,1,5736.159000000001,5736.159000000001,8.0,1.0,0.0,1.0,1,0.7260590716598085,High Risk
C103568,447,1,17121.773999999998,17121.773999999998,7.0,3.0,0.0,1.0,1,0.7260450926464993,High Risk
C108329,168,1,14436.68,14436.68,9.0,3.0,1.0,0.0,1,0.7260313687723209,High Risk
C102178,538,1,16519.9115,16519.9115,6.0,1.0,0.0,1.0,1,0.7260313018339069,High Risk
C106408,302,1,24595.62,24595.62,6.0,1.0,0.0,0.0,1,0.7260171396554479,High Risk
C111143,811,1,39626.664000000004,39626.664000000004,8.0,0.0,0.0,1.0,1,0.725988386909535,High Risk
C103150,681,1,15376.36,15376.36,15.0,3.0,0.0,1.0,1,0.7259883297042424,High Risk
C111557,243,1,5762.934,5762.934,10.0,4.0,0.0,1.0,1,0.7258760898741378,High Risk
C111617,524,1,22991.24,22991.24,11.0,1.0,0.0,1.0,1,0.7258001968759764,High Risk
C106086,99,1,13078.7925,13078.7925,7.0,0.0,0.0,1.0,1,0.7257539816316231,High Risk
C111679,3,1,9786.456,9786.456,7.0,0.0,0.0,1.0,0,0.7256865483431529,High Risk
C111527,62,1,19452.816000000003,19452.816000000003,9.0,3.0,0.0,1.0,0,0.7256770533755919,High Risk
C106247,145,1,3716.7440000000006,3716.7440000000006,9.0,1.0,0.0,1.0,1,0.7256186440909506,High Risk
C112558,0,1,13306.724999999999,13306.724999999999,10.0,2.0,0.0,1.0,0,0.7256121125163233,High Risk
C102814,19,1,14999.473999999998,14999.473999999998,7.0,2.0,0.0,1.0,0,0.7255812687066551,High Risk
C114722,235,1,72404.887,72404.887,9.0,2.0,0.0,1.0,1,0.7255230306038478,High Risk
C100832,100,1,23588.911,23588.911,4.0,1.0,0.0,1.0,1,0.7255032584830542,High Risk
C107386,323,1,6583.032000000001,6583.032000000001,7.0,2.0,0.0,1.0,1,0.7254830252147891,High Risk
C102175,81,1,8796.24,8796.24,8.0,2.0,1.0,1.0,0,0.7254787821055017,High Risk
C105508,810,1,64667.81,64667.81,7.0,1.0,0.0,0.0,1,0.7254610875617812,High Risk
C111803,317,1,12259.593,12259.593,6.0,0.0,0.0,1.0,1,0.7254526816612652,High Risk
C113875,364,1,24173.3,24173.3,5.0,1.0,0.0,0.0,1,0.7254384021909057,High Risk
C105202,392,1,13081.977,13081.977,8.0,2.0,0.0,1.0,1,0.7254097716398122,High Risk
C110695,211,1,4899.8165,4899.8165,6.0,4.0,0.0,1.0,1,0.7254068480286004,High Risk
C113513,683,1,25944.5585,25944.5585,8.0,0.0,0.0,1.0,1,0.7253916644640108,High Risk
C109496,511,1,16309.069,16309.069,5.0,2.0,0.0,1.0,1,0.7253773171939341,High Risk
C104304,315,1,16155.4435,16155.4435,5.0,2.0,0.0,1.0,1,0.7253773171939341,High Risk
C109390,145,1,2163.69,2163.69,10.0,2.0,1.0,0.0,1,0.7253707643285787,High Risk
C113497,77,1,407.48,407.48,10.0,3.0,0.0,1.0,0,0.7253671065879275,High Risk
C104804,197,1,15079.446,15079.446,9.0,1.0,0.0,1.0,1,0.7253669077422784,High Risk
C106372,173,1,5069.06,5069.06,9.0,0.0,0.0,1.0,1,0.7253388453576615,High Risk
C113006,45,1,15516.9795,15516.9795,5.0,0.0,0.0,1.0,0,0.725330008775191,High Risk
C104117,367,1,15769.6335,15769.6335,6.0,0.0,0.0,1.0,1,0.7252980270912684,High Risk
C105006,43,1,15035.720000000001,15035.720000000001,6.0,1.0,0.0,1.0,0,0.7252838412270954,High Risk
C106439,863,1,12364.7725,12364.7725,8.0,2.0,0.0,1.0,1,0.7252836515271714,High Risk
C110465,351,1,28876.581,28876.581,9.0,0.0,1.0,1.0,1,0.7252831328984877,High Risk
C106242,59,1,15189.1795,15189.1795,8.0,1.0,0.0,1.0,0,0.7252339473657614,High Risk
C112155,178,1,624.52,624.52,6.0,1.0,0.0,1.0,1,0.7252230173985756,High Risk
C102911,714,1,4859.912,4859.912,8.0,1.0,0.0,1.0,1,0.7251901731498848,High Risk
C100642,703,1,12350.16,12350.16,9.0,3.0,0.0,1.0,1,0.7251754352716848,High Risk
C109932,127,1,12334.154499999999,12334.154499999999,9.0,3.0,0.0,1.0,1,0.7251754352716848,High Risk
C111555,156,1,23229.0805,23229.0805,10.0,2.0,1.0,1.0,1,0.7251573480144801,High Risk
C110553,367,1,20458.117,20458.117,6.0,0.0,0.0,1.0,1,0.7251434581150303,High Risk
C110233,744,1,13187.0355,13187.0355,5.0,1.0,0.0,1.0,1,0.7251344459427368,High Risk
C104070,418,1,19188.55,19188.55,4.0,0.0,1.0,0.0,1,0.7251057510774818,High Risk
C100018,149,1,24399.05,24399.05,6.0,1.0,0.0,0.0,1,0.7250757516050512,High Risk
C114130,496,1,37764.416000000005,37764.416000000005,10.0,3.0,1.0,1.0,1,0.7250329586856672,High Risk
C100863,282,1,20595.733999999997,20595.733999999997,10.0,3.0,0.0,1.0,1,0.7250324217921136,High Risk
C106567,5,1,3219.0274999999997,3219.0274999999997,7.0,1.0,0.0,1.0,0,0.7249904201117091,High Risk
C105965,116,1,23185.03,23185.03,5.0,1.0,1.0,0.0,1,0.724981633834016,High Risk
C113559,89,1,18339.8925,18339.8925,9.0,4.0,0.0,1.0,0,0.7249347763148732,High Risk
C109309,345,1,11053.824999999999,11053.824999999999,10.0,4.0,0.0,1.0,1,0.7249341045232908,High Risk
C103390,9,1,395.20000000000005,395.20000000000005,8.0,2.0,0.0,1.0,0,0.7249148037199515,High Risk
C110573,121,1,23911.424,23911.424,7.0,2.0,1.0,1.0,1,0.7249132898357484,High Risk
C105788,452,1,20332.203999999998,20332.203999999998,8.0,1.0,0.0,1.0,1,0.724902608484878,High Risk
C100923,169,1,19568.56,19568.56,5.0,2.0,0.0,1.0,1,0.7248763701270491,High Risk
C100519,493,1,4342.536,4342.536,14.0,5.0,0.0,1.0,1,0.7248232173675535,High Risk
C101258,88,1,13360.913999999999,13360.913999999999,6.0,1.0,0.0,1.0,0,0.7247961550053319,High Risk
C114062,8,1,5434.896000000001,5434.896000000001,6.0,1.0,0.0,1.0,0,0.7247768229929169,High Risk
C113109,308,1,14830.524000000001,14830.524000000001,10.0,4.0,0.0,1.0,1,0.7247615615725564,High Risk
C103428,1004,1,3949.3,3949.3,9.0,4.0,1.0,0.0,1,0.7246818724843398,High Risk
C105767,501,1,11321.0,11321.0,9.0,4.0,0.0,1.0,1,0.724676935406391,High Risk
C101470,505,1,16432.389,16432.389,9.0,1.0,0.0,1.0,1,0.7246286038479893,High Risk
C101431,307,1,16182.138500000001,16182.138500000001,9.0,1.0,0.0,1.0,1,0.7246286038479893,High Risk
C105272,199,1,24895.649999999998,24895.649999999998,10.0,2.0,0.0,1.0,1,0.7246202034357944,High Risk
C103443,91,1,6456.389999999999,6456.389999999999,5.0,3.0,0.0,1.0,1,0.7245942642057264,High Risk
C112490,160,1,1791.491,1791.491,11.0,3.0,0.0,1.0,1,0.724593170041056,High Risk
C100392,15,1,8796.7815,8796.7815,7.0,2.0,1.0,1.0,0,0.7245914520557558,High Risk
C112985,146,1,9663.97,9663.97,8.0,1.0,0.0,1.0,1,0.7245650801980146,High Risk
C112057,672,1,13597.112000000001,13597.112000000001,9.0,1.0,0.0,1.0,1,0.7245499599532025,High Risk
C106985,479,1,43405.595,43405.595,5.0,2.0,1.0,1.0,1,0.724547240172306,High Risk
C105427,242,1,4925.008000000001,4925.008000000001,8.0,0.0,0.0,1.0,1,0.7245163682216283,High Risk
C111438,520,1,16066.5995,16066.5995,18.0,5.0,0.0,1.0,1,0.724491524146407,High Risk
C113387,285,1,14948.784,14948.784,9.0,2.0,0.0,1.0,1,0.7244116146123804,High Risk
C107585,384,1,14931.457,14931.457,9.0,2.0,0.0,1.0,1,0.7244116146123804,High Risk
C113441,445,1,5408.0824999999995,5408.0824999999995,7.0,2.0,0.0,1.0,1,0.7243702000962824,High Risk
C105891,611,1,44016.848,44016.848,8.0,0.0,0.0,1.0,1,0.7243231329671201,High Risk
C113408,63,1,18514.856,18514.856,10.0,2.0,0.0,1.0,0,0.7243102207922751,High Risk
C110701,698,1,15275.862000000001,15275.862000000001,9.0,3.0,0.0,1.0,1,0.7243029891635839,High Risk
C107504,716,1,15221.152,15221.152,9.0,3.0,0.0,1.0,1,0.7243029891635839,High Risk
C104373,108,1,25088.629999999997,25088.629999999997,7.0,3.0,0.0,0.0,1,0.7242806237464018,High Risk
C106982,115,1,25240.36,25240.36,7.0,3.0,0.0,0.0,1,0.7242806237464018,High Risk
C112862,3,1,24277.78,24277.78,6.0,3.0,0.0,0.0,0,0.7241987046727076,High Risk
C104246,478,1,16064.181,16064.181,9.0,3.0,0.0,1.0,1,0.7241712959668402,High Risk
C104434,180,1,10308.6685,10308.6685,11.0,2.0,0.0,1.0,1,0.724153653777894,High Risk
C101494,35,1,13776.0945,13776.0945,9.0,3.0,0.0,1.0,0,0.7241314879291653,High Risk
C104863,55,1,18124.4905,18124.4905,11.0,5.0,0.0,1.0,0,0.7240282220327476,High Risk
C102718,470,1,5835.168000000001,5835.168000000001,8.0,3.0,0.0,1.0,1,0.7239903743897547,High Risk
C112736,179,1,23034.456,23034.456,12.0,3.0,0.0,1.0,1,0.723975668555199,High Risk
C111781,394,1,18529.5125,18529.5125,6.0,2.0,0.0,1.0,1,0.7239535212633672,High Risk
C112519,28,1,11469.759999999998,11469.759999999998,6.0,2.0,1.0,0.0,0,0.7239423982860751,High Risk
C100579,754,1,23993.65,23993.65,8.0,2.0,0.0,0.0,1,0.7239394831879027,High Risk
C114046,644,1,22414.584000000003,22414.584000000003,10.0,3.0,1.0,1.0,1,0.7238951587906897,High Risk
C112573,229,1,24071.05,24071.05,8.0,2.0,0.0,0.0,1,0.7238919604157746,High Risk
C103426,56,1,9939.3655,9939.3655,8.0,4.0,0.0,1.0,0,0.7238517897779181,High Risk
C110584,218,1,31639.6455,31639.6455,8.0,1.0,1.0,1.0,1,0.723812823417316,High Risk
C100247,275,1,17119.627,17119.627,7.0,2.0,0.0,1.0,1,0.7238041391381524,High Risk
C111997,216,1,17128.304,17128.304,8.0,2.0,0.0,1.0,1,0.7237895859103763,High Risk
C103906,111,1,12369.115,12369.115,7.0,4.0,0.0,1.0,1,0.723780560200741,High Risk
C103828,277,1,21887.62,21887.62,10.0,3.0,1.0,0.0,1,0.7237788543171925,High Risk
C105649,441,1,5480.736000000001,5480.736000000001,7.0,1.0,0.0,1.0,1,0.7237205941362322,High Risk
C100859,80,1,13262.823,13262.823,12.0,3.0,0.0,1.0,0,0.7237151850276413,High Risk
C101860,199,1,42920.1165,42920.1165,12.0,4.0,0.0,1.0,1,0.7236084284750568,High Risk
C110993,469,1,5707.024,5707.024,8.0,2.0,0.0,1.0,1,0.7235575132434184,High Risk
C110276,117,1,12400.1485,12400.1485,11.0,3.0,0.0,1.0,1,0.7235349720124941,High Risk
C107978,784,1,12356.082,12356.082,10.0,2.0,0.0,1.0,1,0.7234901121156295,High Risk
C113270,224,1,23765.592,23765.592,5.0,2.0,0.0,1.0,1,0.723452180048762,High Risk
C110953,94,1,6584.624000000001,6584.624000000001,9.0,3.0,0.0,1.0,1,0.7234384576961713,High Risk
C100613,63,1,3020.8914999999997,3020.8914999999997,10.0,5.0,0.0,1.0,0,0.7233917935014363,High Risk
C112442,619,1,10453.436,10453.436,12.0,4.0,0.0,1.0,1,0.7233835366659274,High Risk
C109033,53,1,24076.728000000003,24076.728000000003,6.0,1.0,0.0,1.0,0,0.7233628206989752,High Risk
C104533,48,1,14510.48,14510.48,7.0,2.0,1.0,0.0,0,0.723318072060033,High Risk
C100062,404,1,9634.2825,9634.2825,8.0,3.0,0.0,1.0,1,0.723292476203711,High Risk
C106390,311,1,12024.333,12024.333,11.0,4.0,0.0,1.0,1,0.723258731753335,High Risk
C108850,197,1,23530.22,23530.22,5.0,0.0,0.0,0.0,1,0.723254384583895,High Risk
C105856,117,1,19957.405,19957.405,8.0,3.0,0.0,1.0,1,0.7231848276024002,High Risk
C103137,214,1,21551.184,21551.184,8.0,4.0,0.0,1.0,1,0.7231448792719456,High Risk
C103824,544,1,24850.39,24850.39,6.0,2.0,0.0,0.0,1,0.7231282975995756,High Risk
C102117,256,1,17144.31,17144.31,5.0,4.0,1.0,0.0,1,0.7231280351165554,High Risk
C109388,307,1,22316.472,22316.472,9.0,3.0,0.0,1.0,1,0.7230541274645571,High Risk
C104941,92,1,6830.785,6830.785,9.0,2.0,0.0,1.0,1,0.722997794074151,High Risk
C114267,670,1,14723.055,14723.055,9.0,5.0,0.0,1.0,1,0.7229830919748308,High Risk
C104992,264,1,0.0,0.0,11.0,3.0,0.0,1.0,1,0.7229548622520633,High Risk
C113222,340,1,3983.3600000000006,3983.3600000000006,6.0,4.0,0.0,1.0,1,0.7228948731625207,High Risk
C104806,760,1,8538.08,8538.08,9.0,3.0,1.0,1.0,1,0.7228935726577126,High Risk
C113678,356,1,5633.144,5633.144,6.0,2.0,0.0,1.0,1,0.722885229091993,High Risk
C103631,33,1,13269.163,13269.163,12.0,2.0,0.0,1.0,0,0.7228787502575913,High Risk
C102740,68,1,13413.123,13413.123,11.0,5.0,0.0,1.0,0,0.7228698642691905,High Risk
C107307,176,1,5582.464,5582.464,6.0,2.0,0.0,1.0,1,0.7228499711701845,High Risk
C106514,376,1,3619.86,3619.86,8.0,1.0,1.0,0.0,1,0.7228384911247369,High Risk
C104181,368,1,10396.107,10396.107,10.0,4.0,0.0,1.0,1,0.7227734910245246,High Risk
C107682,557,1,10940.231,10940.231,11.0,4.0,0.0,1.0,1,0.7227680470004992,High Risk
C113631,757,1,5567.114,5567.114,10.0,2.0,0.0,1.0,1,0.7227569812195738,High Risk
C107306,339,1,14373.648000000001,14373.648000000001,4.0,2.0,0.0,1.0,1,0.722750084311025,High Risk
C103818,251,1,21104.412,21104.412,11.0,1.0,0.0,1.0,1,0.7227353751159191,High Risk
C103010,2,1,20187.711,20187.711,7.0,1.0,1.0,1.0,0,0.7226935176883486,High Risk
C108762,142,1,1772.9360000000001,1772.9360000000001,4.0,2.0,0.0,1.0,1,0.7226829336503781,High Risk
C109686,129,1,22203.099000000002,22203.099000000002,7.0,0.0,0.0,1.0,1,0.7226718709484947,High Risk
C103902,316,1,12772.224000000002,12772.224000000002,10.0,7.0,0.0,1.0,1,0.7226590730855013,High Risk
C104384,646,1,22357.592,22357.592,3.0,1.0,1.0,1.0,1,0.7226033098809107,High Risk
C105786,332,1,11176.735,11176.735,10.0,3.0,0.0,1.0,1,0.7225921608076717,High Risk
C109992,537,1,11087.757,11087.757,10.0,3.0,0.0,1.0,1,0.7225921608076717,High Risk
C108988,176,1,5904.695,5904.695,6.0,1.0,0.0,1.0,1,0.7225558952854927,High Risk
C106384,169,1,6271.0960000000005,6271.0960000000005,8.0,1.0,0.0,1.0,1,0.7224963232386961,High Risk
C108979,311,1,51146.470499999996,51146.470499999996,10.0,5.0,0.0,1.0,1,0.7224782212756434,High Risk
C111429,904,1,3494.5625,3494.5625,7.0,2.0,0.0,1.0,1,0.7224098089137417,High Risk
C107418,104,1,1029.114,1029.114,6.0,2.0,0.0,1.0,1,0.7223836028104061,High Risk
C110942,190,1,9590.68,9590.68,10.0,3.0,0.0,1.0,1,0.7223683619666911,High Risk
C106897,37,1,23980.6695,23980.6695,10.0,2.0,1.0,1.0,0,0.7223171572173687,High Risk
C110992,716,1,7173.3150000000005,7173.3150000000005,4.0,2.0,0.0,1.0,1,0.7221482125751569,High Risk
C111146,481,1,24656.37,24656.37,7.0,3.0,0.0,0.0,1,0.7221067627925547,High Risk
C111144,163,1,18725.1,18725.1,13.0,4.0,1.0,0.0,1,0.7220132452019348,High Risk
C106394,823,1,24102.379999999997,24102.379999999997,6.0,3.0,0.0,0.0,1,0.7220130291317639,High Risk
C110161,442,1,14864.443,14864.443,6.0,1.0,0.0,1.0,1,0.7220119019221964,High Risk
C111598,1,1,9667.528,9667.528,5.0,2.0,1.0,1.0,0,0.7219970381614741,High Risk
C109036,608,1,3876.7989999999995,3876.7989999999995,9.0,1.0,0.0,1.0,1,0.7219644144952423,High Risk
C111380,22,1,13242.24,13242.24,12.0,2.0,0.0,1.0,0,0.7219029823868296,High Risk
C110615,137,1,14632.7835,14632.7835,4.0,2.0,0.0,1.0,1,0.7218377108840512,High Risk
C101705,557,1,12211.152000000002,12211.152000000002,7.0,3.0,0.0,1.0,1,0.7218219112416924,High Risk
C110236,75,1,13634.2,13634.2,9.0,3.0,0.0,1.0,0,0.7217824813814124,High Risk
C109550,931,1,1555.191,1555.191,4.0,0.0,0.0,1.0,1,0.7217733556425558,High Risk
C102172,826,1,24208.79,24208.79,6.0,1.0,0.0,0.0,1,0.7216032442434326,High Risk
C103504,27,1,6834.8075,6834.8075,10.0,3.0,0.0,1.0,0,0.7216008924260834,High Risk
C108350,125,1,41470.632999999994,41470.632999999994,7.0,1.0,1.0,1.0,1,0.7215844206448508,High Risk
C106786,1027,1,20643.5285,20643.5285,10.0,4.0,0.0,1.0,1,0.721574703364531,High Risk
C100787,445,1,17277.992000000002,17277.992000000002,9.0,5.0,0.0,1.0,1,0.7215654882989204,High Risk
C107432,343,1,4470.804499999999,4470.804499999999,12.0,5.0,0.0,1.0,1,0.7215622406347124,High Risk
C108679,235,1,12090.986499999999,12090.986499999999,12.0,4.0,0.0,1.0,1,0.7215437022427109,High Risk
C104289,120,1,15545.043000000001,15545.043000000001,5.0,3.0,0.0,1.0,1,0.7215104714082716,High Risk
C110390,287,1,16875.249,16875.249,6.0,1.0,0.0,1.0,1,0.7214777579736051,High Risk
C100509,204,1,17056.610999999997,17056.610999999997,4.0,0.0,0.0,1.0,1,0.7214471245177417,High Risk
C112792,280,1,16938.68,16938.68,4.0,0.0,0.0,1.0,1,0.7214471245177417,High Risk
C113675,579,1,5617.7435,5617.7435,6.0,4.0,0.0,1.0,1,0.7213824563448114,High Risk
C111046,379,1,26334.059999999998,26334.059999999998,8.0,2.0,1.0,0.0,1,0.7213627180501251,High Risk
C104378,317,1,1372.2144999999998,1372.2144999999998,7.0,4.0,0.0,1.0,1,0.7212574188710782,High Risk
C103566,610,1,10223.101999999999,10223.101999999999,10.0,2.0,0.0,1.0,1,0.7212377633231714,High Risk
C100718,176,1,11814.169999999998,11814.169999999998,14.0,5.0,1.0,0.0,1,0.7212324265887472,High Risk
C103886,169,1,16635.0,16635.0,11.0,6.0,0.0,1.0,1,0.7212305774570903,High Risk
C102950,135,1,25471.43,25471.43,7.0,2.0,1.0,0.0,1,0.7211872029390313,High Risk
C110311,117,1,26020.62,26020.62,14.0,3.0,0.0,0.0,1,0.7211713961021453,High Risk
C109066,357,1,59002.26400000001,59002.26400000001,12.0,1.0,0.0,1.0,1,0.7211679271929846,High Risk
C111342,234,1,9641.745499999999,9641.745499999999,12.0,4.0,0.0,1.0,1,0.7210962216787784,High Risk
C100607,119,1,4058.28,4058.28,10.0,4.0,0.0,1.0,1,0.7210625570582654,High Risk
C111123,8,1,6466.311,6466.311,7.0,2.0,0.0,1.0,0,0.7209607942792124,High Risk
C105771,440,1,12315.584,12315.584,6.0,1.0,0.0,1.0,1,0.7208840339171414,High Risk
C113031,30,1,14395.89,14395.89,6.0,2.0,1.0,0.0,0,0.7208633683482395,High Risk
C111316,804,1,20164.672000000002,20164.672000000002,9.0,1.0,0.0,1.0,1,0.72072929407134,High Risk
C100560,503,1,6232.72,6232.72,10.0,2.0,0.0,1.0,1,0.7207187336950046,High Risk
C104628,373,1,13289.4865,13289.4865,10.0,1.0,0.0,1.0,1,0.7206853806799154,High Risk
C113646,358,1,10224.684000000001,10224.684000000001,6.0,2.0,0.0,1.0,1,0.720640066257817,High Risk
C108998,519,1,11217.296000000002,11217.296000000002,8.0,2.0,0.0,1.0,1,0.720532917547599,High Risk
C107853,22,1,12114.818,12114.818,8.0,4.0,0.0,1.0,0,0.7205004097545235,High Risk
C109333,234,1,18968.265,18968.265,9.0,4.0,0.0,1.0,1,0.720497811052113,High Risk
C100438,117,1,23241.46,23241.46,11.0,4.0,1.0,0.0,1,0.7204797716222502,High Risk
C110261,16,1,3197.889,3197.889,7.0,2.0,0.0,1.0,0,0.720392995335056,High Risk
C114934,104,1,16755.811999999998,16755.811999999998,11.0,5.0,0.0,1.0,1,0.720381252430215,High Risk
C101728,10,1,23486.137499999997,23486.137499999997,8.0,3.0,0.0,1.0,0,0.7203254885449348,High Risk
C103744,166,1,20587.288999999997,20587.288999999997,8.0,2.0,0.0,1.0,1,0.7203041109659319,High Risk
C109181,396,1,11089.928000000002,11089.928000000002,11.0,2.0,0.0,1.0,1,0.7203028511798877,High Risk
C100571,112,1,13089.492,13089.492,10.0,1.0,0.0,1.0,1,0.7202928905369665,High Risk
C105718,506,1,12672.232,12672.232,12.0,4.0,0.0,1.0,1,0.7201919266232625,High Risk
C111961,487,1,9689.160000000002,9689.160000000002,11.0,1.0,0.0,1.0,1,0.7201890068890633,High Risk
C108720,449,1,10200.9005,10200.9005,5.0,2.0,0.0,1.0,1,0.7201440291307073,High Risk
C103212,123,1,12240.535499999998,12240.535499999998,8.0,3.0,0.0,1.0,1,0.7201020889558413,High Risk
C109952,85,1,14964.599499999998,14964.599499999998,12.0,3.0,1.0,1.0,0,0.7200326325992,High Risk
C106854,184,1,31993.263,31993.263,12.0,5.0,0.0,1.0,1,0.7199857183283065,High Risk
C112928,9,1,14666.036,14666.036,8.0,2.0,0.0,1.0,0,0.7198787630816456,High Risk
C105878,135,1,6317.6675,6317.6675,7.0,2.0,0.0,1.0,1,0.7198745671155887,High Risk
C111190,151,1,6355.3099999999995,6355.3099999999995,7.0,2.0,0.0,1.0,1,0.7198745671155887,High Risk
C109072,105,1,5808.496,5808.496,8.0,3.0,0.0,1.0,1,0.719862570823749,High Risk
C112508,222,1,14137.380000000001,14137.380000000001,0.0,0.0,0.0,0.0,1,0.7198516579052542,High Risk
C109858,1081,1,10137.18,10137.18,11.0,2.0,2.0,0.0,1,0.7198305476843255,High Risk
C109168,124,1,12724.167,12724.167,8.0,3.0,0.0,1.0,1,0.7197612945518819,High Risk
C101127,219,1,23445.9665,23445.9665,9.0,3.0,1.0,1.0,1,0.7197162217454123,High Risk
C113739,313,1,9969.378,9969.378,9.0,4.0,0.0,1.0,1,0.7196894784385219,High Risk
C113902,215,1,4840.728,4840.728,11.0,1.0,0.0,1.0,1,0.7196794573912961,High Risk
C111995,908,1,10523.928,10523.928,5.0,0.0,0.0,1.0,1,0.7196784578551124,High Risk
C114108,499,1,27477.28,27477.28,4.0,0.0,0.0,0.0,1,0.7196299270383154,High Risk
C110590,339,1,15410.975999999999,15410.975999999999,8.0,3.0,0.0,1.0,1,0.7196029599218976,High Risk
C102260,135,1,1596.807,1596.807,11.0,3.0,0.0,1.0,1,0.719593170041056,High Risk
C110185,-1,1,15757.731,15757.731,5.0,0.0,0.0,1.0,0,0.719577431614791,High Risk
C109600,488,1,3977.3120000000004,3977.3120000000004,9.0,1.0,0.0,1.0,1,0.7195624509981485,High Risk
C109501,20,1,13590.278999999999,13590.278999999999,9.0,1.0,0.0,1.0,0,0.7195499599532025,High Risk
C109197,172,1,11706.45,11706.45,14.0,5.0,1.0,0.0,1,0.7195401017931959,High Risk
C103706,191,1,15386.6845,15386.6845,10.0,2.0,0.0,1.0,1,0.7195177227234686,High Risk
C101240,422,1,15367.2,15367.2,10.0,2.0,0.0,1.0,1,0.7195177227234686,High Risk
C104009,169,1,17458.0835,17458.0835,7.0,4.0,0.0,1.0,1,0.719473818778024,High Risk
C106111,11,1,6792.8325,6792.8325,9.0,3.0,0.0,1.0,0,0.7194369342452948,High Risk
C100689,193,1,15660.960000000001,15660.960000000001,7.0,1.0,1.0,1.0,1,0.719417965045992,High Risk
C113668,336,1,10456.008000000002,10456.008000000002,10.0,2.0,0.0,1.0,1,0.7193755204315709,High Risk
C110891,355,1,24366.800000000003,24366.800000000003,11.0,3.0,0.0,0.0,1,0.7193430389330185,High Risk
C106438,-1,1,17918.519999999997,17918.519999999997,9.0,4.0,0.0,1.0,0,0.719189818658638,High Risk
C108788,349,1,3844.152,3844.152,10.0,4.0,0.0,1.0,1,0.7191404291446652,High Risk
C102359,248,1,9735.544000000002,9735.544000000002,4.0,3.0,0.0,1.0,1,0.7191250807083323,High Risk
C110094,36,1,13518.18,13518.18,12.0,5.0,0.0,1.0,0,0.7191013570372117,High Risk
C102494,186,1,3857.0789999999997,3857.0789999999997,7.0,3.0,0.0,1.0,1,0.7190891301911967,High Risk
C101444,59,1,14753.730500000001,14753.730500000001,10.0,3.0,0.0,1.0,0,0.7190734334198825,High Risk
C114019,98,1,44745.96,44745.96,15.0,3.0,1.0,0.0,1,0.7190703731879365,High Risk
C104163,38,1,14827.368,14827.368,8.0,2.0,0.0,1.0,0,0.7189991057556934,High Risk
C104679,250,1,14687.1075,14687.1075,5.0,1.0,0.0,1.0,1,0.7189839858975465,High Risk
C113961,73,1,15350.008,15350.008,12.0,3.0,0.0,1.0,0,0.7189570204883797,High Risk
C105587,685,1,13626.9045,13626.9045,12.0,3.0,0.0,1.0,1,0.7188921686420916,High Risk
C113893,87,1,5584.077,5584.077,7.0,2.0,0.0,1.0,0,0.7188897190459397,High Risk
C112570,479,1,45892.4005,45892.4005,8.0,5.0,0.0,1.0,1,0.7188860124854234,High Risk
C114363,462,1,24084.896,24084.896,6.0,2.0,0.0,1.0,1,0.7188688938924942,High Risk
C114202,886,1,5859.4495,5859.4495,9.0,2.0,0.0,1.0,1,0.7187922135449561,High Risk
C106345,743,1,4949.0485,4949.0485,17.0,5.0,0.0,1.0,1,0.7187893975465522,High Risk
C110938,255,1,27289.836499999998,27289.836499999998,12.0,6.0,0.0,1.0,1,0.7187888938964749,High Risk
C110989,290,1,10469.841,10469.841,11.0,3.0,0.0,1.0,1,0.7186934868697173,High Risk
C102808,264,1,11181.104,11181.104,9.0,2.0,0.0,1.0,1,0.7186904995385404,High Risk
C100578,162,1,11689.12,11689.12,11.0,1.0,1.0,0.0,1,0.7186850289734177,High Risk
C107688,385,1,37004.2,37004.2,8.0,4.0,0.0,1.0,1,0.71865830098824,High Risk
C108801,568,1,4874.411999999999,4874.411999999999,12.0,2.0,0.0,1.0,1,0.7186518050167063,High Risk
C113648,115,1,14673.510000000002,14673.510000000002,6.0,3.0,0.0,1.0,1,0.7186197093339456,High Risk
C110059,32,1,26705.190000000002,26705.190000000002,8.0,3.0,0.0,0.0,0,0.7185746512420853,High Risk
C111658,828,1,3652.28,3652.28,10.0,2.0,1.0,0.0,1,0.7185606880475209,High Risk
C107935,416,1,3441.0240000000003,3441.0240000000003,10.0,2.0,0.0,1.0,1,0.7185538978362362,High Risk
C106801,8,1,23242.707,23242.707,10.0,1.0,1.0,1.0,0,0.718545671069234,High Risk
C112552,96,1,14667.553499999998,14667.553499999998,12.0,1.0,1.0,1.0,1,0.7184626289955118,High Risk
C107246,320,1,26773.93,26773.93,10.0,2.0,1.0,0.0,1,0.7184558757640513,High Risk
C107790,41,1,10693.232000000002,10693.232000000002,14.0,4.0,0.0,1.0,0,0.7183646961624924,High Risk
C111937,73,1,12086.343,12086.343,12.0,6.0,0.0,1.0,0,0.7183417415897562,High Risk
C100494,192,1,12798.723,12798.723,6.0,3.0,0.0,1.0,1,0.7182237463018124,High Risk
C106238,198,1,15432.920000000002,15432.920000000002,7.0,1.0,0.0,1.0,1,0.7182087420556045,High Risk
C106040,300,1,25797.173999999995,25797.173999999995,11.0,4.0,0.0,1.0,1,0.7182054335234934,High Risk
C104913,243,1,36185.069500000005,36185.069500000005,10.0,3.0,1.0,1.0,1,0.7181961224434741,High Risk
C110968,735,1,39133.521,39133.521,8.0,1.0,0.0,1.0,1,0.7181452277174613,High Risk
C109158,177,1,384.516,384.516,12.0,4.0,0.0,1.0,1,0.7181085317006415,High Risk
C109049,767,1,10187.705,10187.705,9.0,3.0,0.0,1.0,1,0.718062248094766,High Risk
C100876,30,1,39021.8085,39021.8085,12.0,2.0,0.0,1.0,0,0.7180512918867903,High Risk
C108387,82,1,12990.878999999999,12990.878999999999,8.0,1.0,0.0,1.0,0,0.7180197290201197,High Risk
C103475,515,1,23345.22,23345.22,9.0,5.0,1.0,0.0,1,0.7180168714706144,High Risk
C110056,668,1,4602.789,4602.789,12.0,5.0,0.0,1.0,1,0.7179847331649845,High Risk
C103260,644,1,5934.072,5934.072,6.0,2.0,0.0,1.0,1,0.7179801139347667,High Risk
C102755,120,1,16927.533,16927.533,9.0,2.0,0.0,1.0,1,0.7179720421125798,High Risk
C101560,221,1,10260.027,10260.027,8.0,1.0,0.0,1.0,1,0.7179638000761013,High Risk
C112569,355,1,20526.272,20526.272,6.0,3.0,0.0,1.0,1,0.7179611730962654,High Risk
C102615,28,1,9503.739,9503.739,9.0,6.0,0.0,1.0,0,0.7179609287208796,High Risk
C109378,47,1,20666.952,20666.952,9.0,3.0,0.0,1.0,0,0.7179376965440452,High Risk
C105045,56,1,16973.259000000002,16973.259000000002,9.0,1.0,0.0,1.0,0,0.7178214011538421,High Risk
C103092,36,1,16877.8235,16877.8235,9.0,1.0,0.0,1.0,0,0.7178214011538421,High Risk
C113465,701,1,6377.072,6377.072,9.0,4.0,0.0,1.0,1,0.7177907965904536,High Risk
C112175,425,1,19986.552,19986.552,6.0,1.0,0.0,1.0,1,0.7177286111239196,High Risk
C106092,162,1,3966.3269999999998,3966.3269999999998,10.0,3.0,0.0,1.0,1,0.7177165825518379,High Risk
C112622,68,1,74108.18,74108.18,8.0,3.0,0.0,0.0,0,0.7176824635235021,High Risk
C104038,277,1,24557.013,24557.013,7.0,1.0,0.0,1.0,1,0.7176816416483719,High Risk
C113070,186,1,19146.49,19146.49,8.0,4.0,1.0,0.0,1,0.7175766913481888,High Risk
C114537,95,1,12866.958,12866.958,8.0,2.0,0.0,1.0,1,0.7175232821757495,High Risk
C100180,40,1,13567.895499999999,13567.895499999999,9.0,4.0,0.0,1.0,0,0.7175229038947587,High Risk
C102055,35,1,17058.1655,17058.1655,9.0,2.0,0.0,1.0,0,0.7175086978525281,High Risk
C100937,59,1,11416.792,11416.792,9.0,4.0,0.0,1.0,0,0.7174258611235225,High Risk
C101430,432,1,50976.495,50976.495,9.0,5.0,0.0,1.0,1,0.7173991762238837,High Risk
C104327,151,1,22271.336000000003,22271.336000000003,6.0,3.0,0.0,1.0,1,0.7172986006703925,High Risk
C102691,117,1,22263.112,22263.112,6.0,3.0,0.0,1.0,1,0.7172986006703925,High Risk
C100926,168,1,9107.592,9107.592,4.0,1.0,0.0,1.0,1,0.7172886171498135,High Risk
C100856,479,1,20437.2725,20437.2725,8.0,4.0,0.0,1.0,1,0.7172561361829947,High Risk
C108902,923,1,11236.704,11236.704,7.0,2.0,0.0,1.0,1,0.7172140639446877,High Risk
C104534,599,1,11821.158000000001,11821.158000000001,10.0,4.0,0.0,1.0,1,0.7172093620738371,High Risk
C105653,598,1,16047.115999999998,16047.115999999998,6.0,1.0,0.0,1.0,1,0.7171850772975158,High Risk
C103562,21,1,14786.082,14786.082,10.0,1.0,0.0,1.0,0,0.7171604552538637,High Risk
C113949,60,1,16696.8485,16696.8485,6.0,2.0,0.0,1.0,0,0.717118782993556,High Risk
C103681,487,1,440.61949999999996,440.61949999999996,17.0,4.0,0.0,1.0,1,0.7171005121580207,High Risk
C100899,280,1,1336.1065,1336.1065,10.0,3.0,0.0,1.0,1,0.7170928100833416,High Risk
C110081,234,1,8388.07,8388.07,10.0,1.0,1.0,0.0,1,0.7170833921751665,High Risk
C110897,19,1,15443.004,15443.004,8.0,1.0,1.0,1.0,0,0.7170691018432431,High Risk
C110959,169,1,98627.97600000001,98627.97600000001,11.0,6.0,1.0,1.0,1,0.7170492114301678,High Risk
C100381,151,1,10356.7655,10356.7655,9.0,2.0,0.0,1.0,1,0.7170426678672421,High Risk
C109578,32,1,14731.7495,14731.7495,11.0,1.0,1.0,1.0,0,0.7170259623354325,High Risk
C112614,232,1,18942.52,18942.52,5.0,0.0,0.0,0.0,1,0.7168557880609774,High Risk
C104655,59,1,24672.887,24672.887,10.0,1.0,0.0,1.0,0,0.7167491970200408,High Risk
C104421,26,1,13073.2635,13073.2635,8.0,0.0,0.0,1.0,0,0.7167315572297329,High Risk
C101978,957,1,12577.635,12577.635,10.0,3.0,0.0,1.0,1,0.7166024607315516,High Risk
C105264,510,1,5627.968000000001,5627.968000000001,5.0,0.0,0.0,1.0,1,0.716599827451583,High Risk
C110940,369,1,20880.22,20880.22,6.0,1.0,1.0,0.0,1,0.7165901082860269,High Risk
C104016,117,1,11912.316,11912.316,8.0,4.0,0.0,1.0,1,0.7165854378961355,High Risk
C101931,25,1,14655.916,14655.916,7.0,3.0,1.0,1.0,0,0.7164191590105459,High Risk
C104369,447,1,16532.505,16532.505,10.0,4.0,0.0,1.0,1,0.7164030123303996,High Risk
C103454,947,1,11155.337,11155.337,6.0,0.0,0.0,1.0,1,0.7163005235684271,High Risk
C110693,75,1,3608.437,3608.437,6.0,1.0,0.0,1.0,0,0.7162913776032269,High Risk
C102498,580,1,10396.971000000001,10396.971000000001,9.0,3.0,0.0,1.0,1,0.7162491964319831,High Risk
C106324,179,1,1263.1509999999998,1263.1509999999998,10.0,4.0,0.0,1.0,1,0.7162288157274045,High Risk
C108334,389,1,23513.736,23513.736,6.0,2.0,0.0,1.0,1,0.7162277393953846,High Risk
C104019,73,1,23906.8535,23906.8535,8.0,2.0,0.0,1.0,0,0.7162062115688665,High Risk
C106712,175,1,9718.9765,9718.9765,8.0,1.0,1.0,1.0,1,0.7161966836426812,High Risk
C110911,0,1,5832.170999999999,5832.170999999999,10.0,2.0,0.0,1.0,0,0.7161940189250946,High Risk
C113901,68,1,10075.457999999999,10075.457999999999,12.0,2.0,0.0,1.0,0,0.7161919612220374,High Risk
C100716,142,1,85091.86,85091.86,9.0,4.0,1.0,0.0,1,0.7161666568065604,High Risk
C103796,388,1,24676.290500000003,24676.290500000003,8.0,1.0,0.0,1.0,1,0.7161300432012364,High Risk
C101086,300,1,11062.674,11062.674,8.0,1.0,0.0,1.0,1,0.7161190873494163,High Risk
C105392,251,1,3175.2324999999996,3175.2324999999996,12.0,4.0,0.0,1.0,1,0.7161069678764587,High Risk
C102621,689,1,23905.420000000002,23905.420000000002,7.0,2.0,0.0,0.0,1,0.7160342592803468,High Risk
C114056,81,1,12726.704,12726.704,10.0,3.0,0.0,1.0,0,0.7160097317257116,High Risk
C104380,272,1,15999.511999999999,15999.511999999999,7.0,3.0,0.0,1.0,1,0.7160071354189018,High Risk
C111990,32,1,12475.0165,12475.0165,8.0,3.0,0.0,1.0,0,0.716002768219665,High Risk
C114321,64,1,36471.712,36471.712,11.0,2.0,1.0,1.0,0,0.7158877975926063,High Risk
C105800,138,1,1416.033,1416.033,5.0,0.0,0.0,1.0,1,0.7158547806636141,High Risk
C112604,354,1,1907.619,1907.619,9.0,2.0,0.0,1.0,1,0.7158363962028877,High Risk
C114840,0,1,14828.094000000001,14828.094000000001,5.0,2.0,0.0,1.0,0,0.7157397838818602,High Risk
C104757,39,1,12654.341999999999,12654.341999999999,9.0,5.0,0.0,1.0,0,0.7157189606889083,High Risk
C106279,606,1,25802.79,25802.79,8.0,1.0,0.0,0.0,1,0.7156878966408545,High Risk
C104390,216,1,3465.992,3465.992,11.0,5.0,0.0,1.0,1,0.7156287122772106,High Risk
C114578,415,1,2241.368,2241.368,7.0,2.0,0.0,1.0,1,0.7156222839859536,High Risk
C109664,18,1,3091.536,3091.536,12.0,2.0,0.0,1.0,0,0.7155833626451122,High Risk
C102577,150,1,12549.555,12549.555,8.0,0.0,0.0,1.0,1,0.7155331378455404,High Risk
C109961,137,1,11267.352,11267.352,5.0,2.0,0.0,1.0,1,0.7154841021496375,High Risk
C106309,701,1,382.65999999999997,382.65999999999997,10.0,2.0,0.0,1.0,1,0.7154693903119315,High Risk
C107411,814,1,27043.46,27043.46,6.0,1.0,0.0,0.0,1,0.7154574153389258,High Risk
C107856,352,1,22931.052499999998,22931.052499999998,10.0,2.0,0.0,1.0,1,0.7153648264644565,High Risk
C106418,95,1,19862.260000000002,19862.260000000002,11.0,1.0,1.0,0.0,1,0.7153347151092382,High Risk
C111725,124,1,38986.128000000004,38986.128000000004,10.0,1.0,0.0,1.0,1,0.7153224365077935,High Risk
C102464,288,1,11158.392,11158.392,6.0,2.0,0.0,1.0,1,0.7153172478077018,High Risk
C107219,272,1,4450.398499999999,4450.398499999999,8.0,4.0,0.0,1.0,1,0.715309924161884,High Risk
C106275,150,1,17242.353,17242.353,11.0,3.0,0.0,1.0,1,0.7152785711116714,High Risk
C107227,532,1,22263.4465,22263.4465,11.0,4.0,1.0,1.0,1,0.7152289506904294,High Risk
C112572,60,1,9752.067,9752.067,11.0,4.0,0.0,1.0,0,0.7152190798322308,High Risk
C100524,453,1,10516.423999999999,10516.423999999999,12.0,2.0,0.0,1.0,1,0.7151980261448706,High Risk
C112355,411,1,10236.42,10236.42,7.0,2.0,1.0,1.0,1,0.715191367851139,High Risk
C107234,791,1,12015.17,12015.17,4.0,0.0,1.0,0.0,1,0.7151556246906832,High Risk
C111142,169,1,12173.886,12173.886,11.0,2.0,0.0,1.0,1,0.7150797391137664,High Risk
C101388,304,1,34920.702,34920.702,7.0,1.0,1.0,1.0,1,0.7149842014051062,High Risk
C102765,524,1,40343.03200000001,40343.03200000001,7.0,2.0,1.0,1.0,1,0.7149567648403568,High Risk
C108819,656,1,37140.546,37140.546,10.0,4.0,0.0,1.0,1,0.7149493499648636,High Risk
C103440,311,1,19722.21,19722.21,9.0,2.0,0.0,1.0,1,0.7148859423317739,High Risk
C105067,834,1,9884.328000000001,9884.328000000001,12.0,3.0,0.0,1.0,1,0.7148718224407802,High Risk
C113641,253,1,3763.1795,3763.1795,10.0,3.0,0.0,1.0,1,0.7148697333929219,High Risk
C106678,2,1,16025.169,16025.169,8.0,2.0,0.0,1.0,0,0.7148573471247152,High Risk
C105774,4,1,7964.757,7964.757,6.0,4.0,0.0,1.0,0,0.7148204821541758,High Risk
C100847,394,1,22008.118,22008.118,7.0,2.0,1.0,1.0,1,0.7148115778573658,High Risk
C114106,730,1,2227.216,2227.216,6.0,1.0,1.0,1.0,1,0.7147688082355892,High Risk
C105226,902,1,21385.566,21385.566,12.0,4.0,0.0,1.0,1,0.7147253430585124,High Risk
C105892,288,1,3474.056,3474.056,12.0,4.0,0.0,1.0,1,0.7146300961376154,High Risk
C110613,30,1,17224.164,17224.164,8.0,3.0,0.0,1.0,0,0.7145777208904793,High Risk
C104111,537,1,12427.9095,12427.9095,9.0,1.0,0.0,1.0,1,0.7145010032454365,High Risk
C109063,556,1,15924.833999999997,15924.833999999997,5.0,2.0,0.0,1.0,1,0.7144933121334757,High Risk
C111643,265,1,15955.047,15955.047,5.0,2.0,0.0,1.0,1,0.7144933121334757,High Risk
C114325,482,1,21492.096999999998,21492.096999999998,8.0,3.0,0.0,1.0,1,0.7144825013725395,High Risk
C111369,144,1,6087.3769999999995,6087.3769999999995,7.0,1.0,0.0,1.0,1,0.7144468083561807,High Risk
C114536,501,1,26844.46,26844.46,6.0,1.0,0.0,0.0,1,0.7144458135740547,High Risk
C106036,159,1,10111.56,10111.56,10.0,3.0,1.0,1.0,1,0.7143903865685332,High Risk
C102930,221,1,37958.504,37958.504,10.0,3.0,0.0,1.0,1,0.7143676195216976,High Risk
C102053,901,1,16979.7105,16979.7105,9.0,4.0,0.0,1.0,1,0.7143578556767395,High Risk
C102788,214,1,12197.601,12197.601,7.0,3.0,0.0,1.0,1,0.7143400510367259,High Risk
C110467,242,1,6118.291499999999,6118.291499999999,6.0,1.0,0.0,1.0,1,0.7143038438169362,High Risk
C109926,77,1,19637.601000000002,19637.601000000002,8.0,2.0,0.0,1.0,0,0.7142990532343303,High Risk
C114370,221,1,6617.339,6617.339,4.0,0.0,0.0,1.0,1,0.7142929019796854,High Risk
C105204,106,1,26883.660000000003,26883.660000000003,10.0,1.0,0.0,0.0,1,0.7142703893747314,High Risk
C103673,14,1,16058.829000000002,16058.829000000002,10.0,1.0,1.0,1.0,0,0.7142577520355787,High Risk
C100695,198,1,37027.176,37027.176,9.0,1.0,0.0,1.0,1,0.7142353280414878,High Risk
C105015,178,1,12442.608,12442.608,10.0,1.0,0.0,1.0,1,0.7142307344852304,High Risk
C103493,86,1,21583.619999999995,21583.619999999995,13.0,5.0,1.0,1.0,0,0.7141689127358439,High Risk
C101619,336,1,25174.926,25174.926,5.0,1.0,0.0,1.0,1,0.7141507125060852,High Risk
C102486,328,1,4058.608,4058.608,5.0,1.0,0.0,1.0,1,0.714118769398055,High Risk
C105491,164,1,22388.779000000002,22388.779000000002,7.0,1.0,0.0,1.0,1,0.7141079876554217,High Risk
C104443,143,1,40561.260500000004,40561.260500000004,9.0,1.0,1.0,1.0,1,0.7140966065362396,High Risk
C104214,171,1,23479.411500000002,23479.411500000002,6.0,1.0,0.0,1.0,1,0.7140907872342835,High Risk
C110783,108,1,38767.657,38767.657,12.0,1.0,0.0,1.0,1,0.7140840955810455,High Risk
C106980,497,1,11070.4085,11070.4085,6.0,2.0,0.0,1.0,1,0.7140755799171804,High Risk
C104865,98,1,25349.4905,25349.4905,7.0,2.0,0.0,1.0,1,0.7140656147030672,High Risk
C112673,711,1,9500.764500000001,9500.764500000001,7.0,1.0,0.0,1.0,1,0.7140440491979747,High Risk
C109522,303,1,3035.07,3035.07,7.0,2.0,0.0,1.0,1,0.7140232316371034,High Risk
C114113,334,1,3886.625,3886.625,6.0,1.0,0.0,1.0,1,0.7140183407918971,High Risk
C108732,358,1,37949.0895,37949.0895,4.0,1.0,0.0,1.0,1,0.714016132447647,High Risk
C106749,119,1,20728.316,20728.316,6.0,1.0,0.0,1.0,1,0.7139983107773475,High Risk
C107660,5,1,22331.4695,22331.4695,5.0,0.0,0.0,1.0,0,0.7139925329244137,High Risk
C107168,406,1,3718.7839999999997,3718.7839999999997,10.0,1.0,0.0,1.0,1,0.7139710398929424,High Risk
C100927,318,1,19549.18,19549.18,8.0,2.0,1.0,0.0,1,0.7139566841387932,High Risk
C105325,900,1,27216.83,27216.83,6.0,3.0,0.0,0.0,1,0.7138847162591081,High Risk
C114922,13,1,11769.3465,11769.3465,7.0,0.0,1.0,1.0,0,0.7138666796275805,High Risk
C102561,263,1,44527.212,44527.212,4.0,2.0,1.0,1.0,1,0.7138585080291291,High Risk
C114677,118,1,21794.004,21794.004,5.0,0.0,0.0,1.0,1,0.7138302445269925,High Risk
C103200,327,1,12463.962,12463.962,6.0,0.0,0.0,1.0,1,0.7138258355651571,High Risk
C114189,92,1,20207.594,20207.594,10.0,2.0,0.0,1.0,1,0.7138053075476458,High Risk
C106842,64,1,12236.76,12236.76,5.0,0.0,0.0,1.0,0,0.7138048206817461,High Risk
C111939,112,1,43084.359,43084.359,11.0,3.0,1.0,1.0,1,0.7137826601117792,High Risk
C100756,342,1,15945.863999999998,15945.863999999998,7.0,2.0,0.0,1.0,1,0.7137661819105547,High Risk
C112844,498,1,4222.683,4222.683,9.0,3.0,0.0,1.0,1,0.7136295982963402,High Risk
C113512,316,1,10799.318,10799.318,9.0,5.0,0.0,1.0,1,0.713570915895133,High Risk
C113501,4,1,17163.096,17163.096,9.0,3.0,1.0,1.0,0,0.7135179228909806,High Risk
C106813,37,1,37433.4675,37433.4675,9.0,3.0,0.0,1.0,0,0.713444941374569,High Risk
C103823,296,1,37459.962,37459.962,9.0,3.0,0.0,1.0,1,0.713444941374569,High Risk
C108320,506,1,6041.256,6041.256,7.0,2.0,0.0,1.0,1,0.7134393152870598,High Risk
C106205,175,1,20190.856,20190.856,7.0,1.0,0.0,1.0,1,0.7134049723435771,High Risk
C101353,188,1,16820.756999999998,16820.756999999998,4.0,2.0,0.0,1.0,1,0.7133976794884616,High Risk
C110080,613,1,3728.52,3728.52,10.0,4.0,0.0,1.0,1,0.7133511957956908,High Risk
C101864,17,1,38700.015999999996,38700.015999999996,6.0,0.0,0.0,1.0,0,0.713342378414978,High Risk
C101750,75,1,15445.571,15445.571,10.0,3.0,0.0,1.0,0,0.7133072489471772,High Risk
C112882,19,1,4863.4205,4863.4205,10.0,3.0,0.0,1.0,0,0.7132973191255408,High Risk
C108401,193,1,38541.648,38541.648,7.0,1.0,0.0,1.0,1,0.713290918519561,High Risk
C103599,22,1,1210.4959999999999,1210.4959999999999,6.0,2.0,0.0,1.0,0,0.7132649688680469,High Risk
C109748,789,1,32066.199,32066.199,13.0,1.0,0.0,1.0,1,0.7131914828641522,High Risk
C103102,7,1,16542.7585,16542.7585,11.0,5.0,0.0,1.0,0,0.7131663346515842,High Risk
C100465,121,1,36838.808000000005,36838.808000000005,8.0,1.0,0.0,1.0,1,0.7131185526695996,High Risk
C111943,139,1,11423.848,11423.848,6.0,3.0,0.0,1.0,1,0.713094967963454,High Risk
C105451,177,1,37358.469000000005,37358.469000000005,4.0,1.0,0.0,1.0,1,0.7130340667354325,High Risk
C104101,36,1,20541.2275,20541.2275,6.0,3.0,0.0,1.0,0,0.7129611730962654,High Risk
C100412,476,1,25822.18,25822.18,8.0,2.0,0.0,0.0,1,0.7129146615394553,High Risk
C104555,207,1,31356.041999999994,31356.041999999994,12.0,5.0,0.0,1.0,1,0.7129035579614842,High Risk
C111814,370,1,31759.083,31759.083,6.0,1.0,1.0,1.0,1,0.7128920075597313,High Risk
C113842,162,1,3322.056,3322.056,2.0,2.0,0.0,1.0,1,0.7127926426015988,High Risk
C114121,152,1,15548.584,15548.584,9.0,2.0,0.0,1.0,1,0.7127399838740558,High Risk
C108447,125,1,10486.6415,10486.6415,6.0,3.0,0.0,1.0,1,0.7126933666343099,High Risk
C100630,158,1,11348.776000000002,11348.776000000002,10.0,3.0,0.0,1.0,1,0.7126722242511682,High Risk
C101336,481,1,22571.852,22571.852,5.0,1.0,0.0,1.0,1,0.7126472475141697,High Risk
C100352,190,1,0.0,0.0,14.0,3.0,0.0,1.0,1,0.7126435883126012,High Risk
C113770,24,1,2926.2865,2926.2865,6.0,2.0,0.0,1.0,0,0.7126378850072634,High Risk
C114337,583,1,40491.926,40491.926,8.0,2.0,1.0,1.0,1,0.7126133971105457,High Risk
C108283,89,1,42663.863,42663.863,6.0,1.0,1.0,1.0,0,0.7125907590918088,High Risk
C107391,10,1,10219.225999999999,10219.225999999999,13.0,1.0,0.0,1.0,0,0.7125794041358889,High Risk
C102678,551,1,26039.852,26039.852,7.0,1.0,1.0,1.0,1,0.7125689801393148,High Risk
C114439,94,1,25346.46,25346.46,4.0,0.0,0.0,0.0,1,0.7125351007465234,High Risk
C106396,70,1,6179.626499999999,6179.626499999999,5.0,3.0,0.0,1.0,0,0.7124920870432411,High Risk
C110812,649,1,12770.119499999999,12770.119499999999,5.0,2.0,0.0,1.0,1,0.7124372674927928,High Risk
C102026,139,1,21376.767,21376.767,8.0,5.0,0.0,1.0,1,0.7124158378828989,High Risk
C100893,494,1,16470.059,16470.059,4.0,1.0,0.0,1.0,1,0.7124098361085415,High Risk
C102707,290,1,15877.4645,15877.4645,5.0,2.0,0.0,1.0,1,0.7123845940452566,High Risk
C101157,766,1,31946.281,31946.281,12.0,3.0,0.0,1.0,1,0.7123671497279805,High Risk
C101478,65,1,17266.808,17266.808,5.0,2.0,0.0,1.0,0,0.712317472375857,High Risk
C101517,713,1,21434.5,21434.5,8.0,4.0,1.0,0.0,1,0.7122460789982114,High Risk
C113207,558,1,43158.100999999995,43158.100999999995,10.0,3.0,1.0,1.0,1,0.7121597802930097,High Risk
C107534,246,1,23498.3,23498.3,8.0,0.0,0.0,0.0,1,0.7121466087441708,High Risk
C102485,139,1,28831.239,28831.239,12.0,3.0,1.0,1.0,1,0.7121340622180128,High Risk
C102669,173,1,38935.185,38935.185,8.0,2.0,0.0,1.0,1,0.7121332682579138,High Risk
C114662,21,1,9982.281,9982.281,9.0,4.0,0.0,1.0,0,0.7121254806708093,High Risk
C114605,-1,1,19649.556,19649.556,7.0,2.0,0.0,1.0,0,0.7121126273326531,High Risk
C110948,359,1,16009.476,16009.476,6.0,2.0,0.0,1.0,1,0.7120748537757811,High Risk
C101900,145,1,57592.04749999999,57592.04749999999,11.0,3.0,0.0,1.0,1,0.7120694416911612,High Risk
C107631,615,1,11712.663,11712.663,9.0,4.0,0.0,1.0,1,0.7120317055944344,High Risk
C109366,242,1,12547.048999999999,12547.048999999999,10.0,0.0,0.0,1.0,1,0.7120011473645728,High Risk
C105586,183,1,29471.472,29471.472,5.0,0.0,0.0,1.0,1,0.7119225928990458,High Risk
C112551,559,1,23146.978,23146.978,9.0,4.0,0.0,1.0,1,0.7118628919073926,High Risk
C101026,550,1,15486.253999999999,15486.253999999999,10.0,3.0,0.0,1.0,1,0.7118408189429724,High Risk
C105944,125,1,27225.232999999997,27225.232999999997,11.0,5.0,0.0,1.0,1,0.7118307947601668,High Risk
C107742,294,1,1306.584,1306.584,9.0,0.0,0.0,1.0,1,0.7117657162774855,High Risk
C113298,654,1,1260.0320000000002,1260.0320000000002,9.0,0.0,0.0,1.0,1,0.7117657162774855,High Risk
C102623,65,1,16018.596,16018.596,8.0,1.0,0.0,1.0,0,0.7117401211916521,High Risk
C107635,21,1,38497.288,38497.288,9.0,1.0,0.0,1.0,0,0.7117054407033616,High Risk
C101768,14,1,5939.827499999999,5939.827499999999,9.0,1.0,0.0,1.0,0,0.7116988215793946,High Risk
C113112,36,1,37011.45849999999,37011.45849999999,10.0,1.0,0.0,1.0,0,0.7115979831064113,High Risk
C107098,171,1,12734.462,12734.462,7.0,2.0,0.0,1.0,1,0.7115190680671175,High Risk
C103114,18,1,15990.592,15990.592,6.0,1.0,0.0,1.0,0,0.711500843252499,High Risk
C112048,117,1,578.26,578.26,5.0,3.0,0.0,0.0,1,0.7114622044211403,High Risk
C100921,273,1,15409.168000000001,15409.168000000001,8.0,4.0,0.0,1.0,1,0.7114527268619318,High Risk
C102450,409,1,38837.396499999995,38837.396499999995,7.0,1.0,0.0,1.0,1,0.7114358621991015,High Risk
C105507,968,1,25139.753,25139.753,4.0,2.0,0.0,1.0,1,0.7114034863751242,High Risk
C107691,56,1,20226.379,20226.379,5.0,0.0,0.0,1.0,0,0.711384192870947,High Risk
C106992,193,1,10440.198,10440.198,6.0,2.0,0.0,1.0,1,0.711335210829968,High Risk
C102020,301,1,15483.272,15483.272,9.0,3.0,0.0,1.0,1,0.7112664774429802,High Risk
C105462,492,1,12140.0405,12140.0405,8.0,2.0,0.0,1.0,1,0.7112024952212144,High Risk
C112770,168,1,26634.3505,26634.3505,9.0,6.0,0.0,1.0,1,0.711132160734905,High Risk
C111825,142,1,23781.392,23781.392,3.0,2.0,0.0,1.0,1,0.7111203729964565,High Risk
C103890,61,1,10268.352,10268.352,11.0,4.0,0.0,1.0,0,0.71111521021285,High Risk
C102617,624,1,7297.01,7297.01,2.0,0.0,0.0,0.0,1,0.7110500994252879,High Risk
C114160,28,1,15921.152999999998,15921.152999999998,6.0,2.0,0.0,1.0,0,0.7110304831245707,High Risk
C110275,346,1,4718.2225,4718.2225,11.0,2.0,0.0,1.0,1,0.7110174744068675,High Risk
C100316,127,1,2393.468,2393.468,7.0,2.0,0.0,1.0,1,0.7110121484984653,High Risk
C113135,339,1,20080.587,20080.587,8.0,2.0,0.0,1.0,1,0.7109685488217075,High Risk
C101338,126,1,36629.4635,36629.4635,4.0,0.0,0.0,1.0,1,0.7108761663523694,High Risk
C110165,42,1,19712.760000000002,19712.760000000002,6.0,1.0,0.0,1.0,0,0.7108633129693384,High Risk
C112664,399,1,38283.9645,38283.9645,5.0,3.0,0.0,1.0,1,0.7107697893631982,High Risk
C101458,514,1,37288.0125,37288.0125,4.0,2.0,0.0,1.0,1,0.7107381226029156,High Risk
C112850,44,1,12448.305999999999,12448.305999999999,10.0,2.0,0.0,1.0,0,0.7107245705130009,High Risk
C104002,226,1,15521.768,15521.768,8.0,1.0,0.0,1.0,1,0.7107158040292351,High Risk
C109020,352,1,4300.824,4300.824,8.0,2.0,0.0,1.0,1,0.7107142503361534,High Risk
C107301,344,1,15825.6,15825.6,9.0,2.0,0.0,1.0,1,0.7105541961162737,High Risk
C106517,160,1,37674.966499999995,37674.966499999995,9.0,2.0,0.0,1.0,1,0.7105449416821075,High Risk
C113414,347,1,24833.718999999997,24833.718999999997,8.0,4.0,1.0,1.0,1,0.7105172614229367,High Risk
C103211,431,1,12184.643,12184.643,6.0,0.0,0.0,1.0,1,0.7103406454234072,High Risk
C113867,437,1,42664.918,42664.918,6.0,2.0,1.0,1.0,1,0.7103203463795725,High Risk
C109665,35,1,3122.3050000000003,3122.3050000000003,11.0,4.0,0.0,1.0,0,0.7102583474938186,High Risk
C109487,41,1,17104.028,17104.028,9.0,4.0,0.0,1.0,0,0.7102457179887897,High Risk
C112445,289,1,26066.754,26066.754,5.0,2.0,1.0,1.0,1,0.7102181310205756,High Risk
C107383,554,1,21657.5495,21657.5495,11.0,3.0,0.0,1.0,1,0.7101414099589995,High Risk
C100124,46,1,15828.425,15828.425,8.0,1.0,0.0,1.0,0,0.7101361945293866,High Risk
C110520,197,1,53461.8,53461.8,10.0,3.0,1.0,1.0,1,0.7100923011964977,High Risk
C108973,32,1,10284.473,10284.473,8.0,3.0,0.0,1.0,0,0.7100886488559627,High Risk
C103762,41,1,19841.263,19841.263,5.0,2.0,0.0,1.0,0,0.7100691003635737,High Risk
C108397,309,1,33284.2855,33284.2855,12.0,2.0,1.0,1.0,1,0.710018181899684,High Risk
C101053,239,1,38491.146,38491.146,6.0,1.0,0.0,1.0,1,0.7099443993697498,High Risk
C107936,327,1,31064.157,31064.157,8.0,3.0,1.0,1.0,1,0.7098959602598721,High Risk
C109014,339,1,1239.674,1239.674,12.0,2.0,0.0,1.0,1,0.7098860480576356,High Risk
C109509,246,1,4235.755499999999,4235.755499999999,12.0,2.0,0.0,1.0,1,0.7098391550904476,High Risk
C103155,133,1,37414.6385,37414.6385,10.0,2.0,0.0,1.0,1,0.7098301550422093,High Risk
C108016,12,1,9544.416000000001,9544.416000000001,8.0,3.0,0.0,1.0,0,0.7098122929688446,High Risk
C114167,234,1,19185.78,19185.78,7.0,0.0,0.0,0.0,1,0.7098082843721827,High Risk
C103872,110,1,24654.267,24654.267,6.0,2.0,0.0,1.0,1,0.7097663279799608,High Risk
C112145,552,1,37162.264,37162.264,9.0,2.0,0.0,1.0,1,0.7097382360187366,High Risk
C108213,50,1,12368.373,12368.373,12.0,3.0,0.0,1.0,0,0.7096200013325585,High Risk
C104055,358,1,20854.5615,20854.5615,4.0,1.0,0.0,1.0,1,0.7095992474210822,High Risk
C110419,4,1,15807.525,15807.525,10.0,2.0,0.0,1.0,0,0.7095661400931311,High Risk
C109340,346,1,37448.365,37448.365,5.0,2.0,0.0,1.0,1,0.7095647064967376,High Risk
C102732,248,1,12041.1765,12041.1765,8.0,0.0,0.0,1.0,1,0.7095182046314703,High Risk
C106808,528,1,2041.0400000000002,2041.0400000000002,5.0,3.0,0.0,1.0,1,0.7095065060456974,High Risk
C102663,118,1,29865.160000000003,29865.160000000003,9.0,2.0,1.0,1.0,1,0.7094714922819364,High Risk
C106077,129,1,64298.479999999996,64298.479999999996,8.0,2.0,0.0,0.0,1,0.7094675915316914,High Risk
C103500,257,1,10276.449,10276.449,7.0,2.0,0.0,1.0,1,0.7094449850925288,High Risk
C105114,850,1,44506.949,44506.949,8.0,1.0,0.0,1.0,1,0.7094366559624459,High Risk
C101471,493,1,40224.69,40224.69,8.0,2.0,0.0,1.0,1,0.7094205621612388,High Risk
C100942,448,1,6184.842,6184.842,8.0,3.0,0.0,1.0,1,0.7094087553497052,High Risk
C108168,389,1,11385.48,11385.48,7.0,4.0,1.0,0.0,1,0.709405935762601,High Risk
C109435,302,1,27049.84,27049.84,12.0,5.0,1.0,0.0,1,0.7093353144335967,High Risk
C103813,674,1,12779.397,12779.397,6.0,1.0,0.0,1.0,1,0.7093246228396188,High Risk
C100941,656,1,17216.154000000002,17216.154000000002,3.0,1.0,0.0,1.0,1,0.7092935092577366,High Risk
C105072,467,1,22328.11,22328.11,12.0,4.0,1.0,0.0,1,0.7092923288202154,High Risk
C100384,93,1,11387.187,11387.187,7.0,3.0,0.0,1.0,1,0.7092471642516365,High Risk
C104810,584,1,11511.225999999999,11511.225999999999,7.0,3.0,0.0,1.0,1,0.7092471642516365,High Risk
C106700,525,1,9601.57,9601.57,6.0,1.0,1.0,0.0,1,0.7092299973243513,High Risk
C105092,172,1,19640.49,19640.49,2.0,0.0,0.0,0.0,1,0.7092005755868942,High Risk
C111540,93,1,50231.430499999995,50231.430499999995,8.0,1.0,0.0,1.0,1,0.7091348878903819,High Risk
C100291,140,1,16023.9365,16023.9365,3.0,0.0,0.0,1.0,1,0.7091306216628915,High Risk
C102089,311,2,106052.29999999999,53026.149999999994,8.0,0.0,2.0,0.0,1,0.7091017248250384,High Risk
C100483,12,1,4970.184,4970.184,5.0,1.0,0.0,1.0,0,0.7090943405373069,High Risk
C111874,139,1,5908.92,5908.92,11.0,2.0,1.0,0.0,1,0.7090813328138692,High Risk
C100802,290,1,22035.98,22035.98,7.0,2.0,1.0,0.0,1,0.7090571893968215,High Risk
C100919,30,1,3904.0629999999996,3904.0629999999996,7.0,1.0,0.0,1.0,0,0.7090260356059401,High Risk
C103247,178,1,3580.557,3580.557,7.0,0.0,0.0,1.0,1,0.7090152546595386,High Risk
C112466,-1,1,15797.6155,15797.6155,9.0,2.0,0.0,1.0,0,0.708991798593139,High Risk
C103405,180,1,30684.249000000003,30684.249000000003,9.0,1.0,1.0,1.0,1,0.7088756175305377,High Risk
C114257,50,1,2327.922,2327.922,9.0,3.0,0.0,1.0,0,0.70884170856893,High Risk
C112968,104,1,22370.444499999998,22370.444499999998,2.0,1.0,0.0,1.0,1,0.7087889488523316,High Risk
C105793,19,1,17084.048,17084.048,4.0,1.0,0.0,1.0,0,0.7087660413375858,High Risk
C105148,438,1,40828.9385,40828.9385,8.0,2.0,0.0,1.0,1,0.7087626133361802,High Risk
C100766,283,1,22277.53,22277.53,7.0,3.0,1.0,0.0,1,0.7087520361006944,High Risk
C112492,280,1,42848.312,42848.312,8.0,3.0,1.0,1.0,1,0.7086351006770505,High Risk
C108398,223,1,2362.347,2362.347,5.0,0.0,0.0,1.0,1,0.7086111474426886,High Risk
C113776,272,1,41082.786,41082.786,9.0,1.0,0.0,1.0,1,0.708571341858904,High Risk
C113663,172,1,31139.523,31139.523,9.0,3.0,1.0,1.0,1,0.7085648785967442,High Risk
C100421,50,1,25429.536,25429.536,11.0,2.0,0.0,1.0,0,0.7085596040970619,High Risk
C101475,99,1,23074.567499999997,23074.567499999997,9.0,3.0,0.0,1.0,1,0.7084236343996005,High Risk
C108489,20,1,20026.917,20026.917,6.0,1.0,0.0,1.0,0,0.7084081257568581,High Risk
C103884,60,1,15882.064,15882.064,8.0,1.0,0.0,1.0,0,0.7083509473400025,High Risk
C102539,14,1,20360.928,20360.928,9.0,3.0,0.0,1.0,0,0.7083160313160749,High Risk
C108105,69,1,10143.224000000002,10143.224000000002,10.0,4.0,1.0,1.0,0,0.7082889868367647,High Risk
C105347,9,1,52819.41650000001,52819.41650000001,12.0,2.0,0.0,1.0,0,0.7082348748152757,High Risk
C110559,264,1,2231.7019999999998,2231.7019999999998,10.0,1.0,0.0,1.0,1,0.70821500519143,High Risk
C114255,169,1,3142.016,3142.016,8.0,0.0,0.0,1.0,1,0.7081913951751936,High Risk
C114875,223,1,4102.134,4102.134,4.0,1.0,0.0,1.0,1,0.708160697436875,High Risk
C107766,1,1,19115.03,19115.03,12.0,2.0,1.0,0.0,0,0.7081360338751472,High Risk
C103087,431,1,11986.666,11986.666,12.0,3.0,0.0,1.0,1,0.7081181663096602,High Risk
C113310,299,1,110273.36,110273.36,5.0,0.0,0.0,0.0,1,0.7080979728308253,High Risk
C105435,387,1,53989.992000000006,53989.992000000006,11.0,0.0,0.0,1.0,1,0.7080846305382105,High Risk
C107804,554,1,9503.895,9503.895,7.0,4.0,0.0,1.0,1,0.7080399750787053,High Risk
C103365,102,1,4319.384,4319.384,9.0,2.0,0.0,1.0,1,0.7080361644930292,High Risk
C113937,139,1,40262.178,40262.178,7.0,0.0,0.0,1.0,1,0.707927308643497,High Risk
C100542,746,2,27144.864,13572.432,19.0,6.0,1.0,0.5,1,0.7079021227665927,High Risk
C101904,579,1,9190.773,9190.773,4.0,1.0,0.0,1.0,1,0.7078614896361674,High Risk
C108252,129,1,11323.742499999998,11323.742499999998,8.0,1.0,0.0,1.0,1,0.7078086273638543,High Risk
C107163,184,1,38452.55499999999,38452.55499999999,11.0,1.0,0.0,1.0,1,0.7077918687561013,High Risk
C110519,62,1,11436.824,11436.824,8.0,2.0,1.0,1.0,0,0.7077783558205045,High Risk
C111049,868,1,284.751,284.751,12.0,6.0,0.0,1.0,1,0.7076888317061379,High Risk
C113899,163,1,55794.6,55794.6,5.0,1.0,1.0,0.0,1,0.7076184096545726,High Risk
C103721,20,1,41374.880000000005,41374.880000000005,9.0,0.0,1.0,1.0,0,0.707582667113573,High Risk
C103276,202,1,6031.8295,6031.8295,5.0,2.0,0.0,1.0,1,0.7074940760350369,High Risk
C113463,109,1,31336.713,31336.713,10.0,4.0,1.0,1.0,1,0.7073685224793361,High Risk
C112473,422,1,204.051,204.051,10.0,5.0,0.0,1.0,1,0.7073231124801752,High Risk
C113338,5,1,36386.808000000005,36386.808000000005,4.0,0.0,0.0,1.0,0,0.7072454546677552,High Risk
C110963,195,1,34864.0675,34864.0675,6.0,0.0,0.0,1.0,1,0.7071454375387494,High Risk
C103043,98,1,34798.86,34798.86,6.0,0.0,0.0,1.0,1,0.7071454375387494,High Risk
C111249,17,1,356.53499999999997,356.53499999999997,7.0,3.0,0.0,1.0,0,0.7071381019362348,High Risk
C105701,429,1,22066.29,22066.29,11.0,1.0,0.0,1.0,1,0.7070621070728427,High Risk
C106285,860,1,34527.024000000005,34527.024000000005,7.0,2.0,1.0,1.0,1,0.7070478821391543,High Risk
C109564,255,1,21750.030000000002,21750.030000000002,6.0,1.0,1.0,0.0,1,0.7069734223518198,High Risk
C112141,243,1,16039.7525,16039.7525,9.0,4.0,0.0,1.0,1,0.7069700210461253,High Risk
C111464,499,1,41538.264,41538.264,8.0,4.0,0.0,1.0,1,0.706967004903633,High Risk
C101382,19,1,20033.991,20033.991,8.0,2.0,0.0,1.0,0,0.7069316098688357,High Risk
C108220,164,1,31784.1265,31784.1265,12.0,2.0,0.0,1.0,1,0.7069049351056615,High Risk
C111919,236,1,43866.621499999994,43866.621499999994,8.0,1.0,0.0,1.0,1,0.7068977498021836,High Risk
C105260,620,1,12379.05,12379.05,5.0,2.0,0.0,0.0,1,0.7068378895666605,High Risk
C110915,9,1,24274.949999999997,24274.949999999997,10.0,4.0,1.0,0.0,0,0.706760613840886,High Risk
C109359,38,1,6169.05,6169.05,9.0,3.0,0.0,1.0,0,0.7067163567199678,High Risk
C110282,313,1,15478.093499999999,15478.093499999999,9.0,1.0,0.0,1.0,1,0.7066892305605224,High Risk
C109106,286,1,11623.7925,11623.7925,11.0,3.0,0.0,1.0,1,0.7066855071444162,High Risk
C109524,75,1,11321.336999999998,11321.336999999998,6.0,2.0,0.0,1.0,0,0.7066567601055403,High Risk
C104631,394,1,10256.144,10256.144,9.0,3.0,1.0,1.0,1,0.7066179403549606,High Risk
C102781,442,1,4351.761,4351.761,4.0,0.0,0.0,1.0,1,0.7066163037236821,High Risk
C114415,39,1,17226.2275,17226.2275,10.0,2.0,0.0,1.0,0,0.7065351976264245,High Risk
C101879,380,1,11333.078999999998,11333.078999999998,8.0,1.0,0.0,1.0,1,0.7065202783587676,High Risk
C114222,19,1,38475.68,38475.68,8.0,2.0,0.0,1.0,0,0.7064432352379708,High Risk
C103019,352,1,35210.286,35210.286,7.0,3.0,1.0,1.0,1,0.7064162713503795,High Risk
C108305,154,1,36605.9555,36605.9555,9.0,3.0,0.0,1.0,1,0.706311932790195,High Risk
C113829,392,1,13447.752,13447.752,2.0,2.0,0.0,1.0,1,0.7062353704267391,High Risk
C105566,334,1,23259.942499999997,23259.942499999997,7.0,2.0,0.0,1.0,1,0.7062244874790085,High Risk
C106389,899,1,11590.596000000001,11590.596000000001,10.0,3.0,0.0,1.0,1,0.7061941496535824,High Risk
C107044,171,1,20023.8,20023.8,9.0,3.0,1.0,0.0,1,0.7061847404348994,High Risk
C110039,339,1,18951.55,18951.55,8.0,3.0,0.0,0.0,1,0.7061788277804666,High Risk
C103008,45,1,40238.3045,40238.3045,10.0,3.0,1.0,1.0,0,0.7061776428025004,High Risk
C106329,665,1,19729.143,19729.143,9.0,4.0,1.0,1.0,1,0.7060398179915635,High Risk
C111157,155,1,40027.214,40027.214,6.0,1.0,0.0,1.0,1,0.7059660812842965,High Risk
C100281,81,1,24578.067499999997,24578.067499999997,6.0,1.0,0.0,1.0,0,0.7059535607841165,High Risk
C101371,106,1,15311.223,15311.223,3.0,0.0,0.0,1.0,1,0.7059517974477306,High Risk
C100625,0,1,3158.896,3158.896,8.0,0.0,0.0,1.0,0,0.7059067785207823,High Risk
C103357,41,1,5953.662,5953.662,10.0,4.0,0.0,1.0,0,0.7058990827958144,High Risk
C104343,4,1,19283.82,19283.82,8.0,4.0,1.0,0.0,0,0.7058427205284796,High Risk
C106233,163,1,6185.839499999999,6185.839499999999,5.0,2.0,0.0,1.0,1,0.7057964817698489,High Risk
C100800,714,1,11499.3355,11499.3355,12.0,3.0,0.0,1.0,1,0.7057905334798698,High Risk
C105516,397,1,34295.472,34295.472,7.0,3.0,1.0,1.0,1,0.7057761667621816,High Risk
C112603,15,1,4002.4480000000003,4002.4480000000003,7.0,2.0,0.0,1.0,0,0.7057400169367891,High Risk
C113035,360,1,4669.1645,4669.1645,8.0,0.0,0.0,1.0,1,0.7057287600652223,High Risk
C110423,186,1,26412.510000000002,26412.510000000002,13.0,4.0,1.0,0.0,1,0.7057154775792711,High Risk
C111400,8,1,4004.559,4004.559,17.0,3.0,0.0,1.0,0,0.705667656242919,High Risk
C101033,218,1,26296.94,26296.94,5.0,2.0,0.0,0.0,1,0.7056168634302358,High Risk
C102639,287,1,26274.15,26274.15,5.0,2.0,0.0,0.0,1,0.7056168634302358,High Risk
C113087,556,1,10940.616,10940.616,7.0,2.0,0.0,1.0,1,0.7056140747543516,High Risk
C104022,145,1,58383.008,58383.008,11.0,2.0,0.0,1.0,1,0.7055693855839468,High Risk
C101505,274,1,21590.991,21590.991,11.0,1.0,0.0,1.0,1,0.7055569746859518,High Risk
C104942,656,1,15715.207999999999,15715.207999999999,9.0,5.0,0.0,1.0,1,0.7055241819168399,High Risk
C108713,59,1,18424.998,18424.998,12.0,5.0,0.0,1.0,0,0.7054539778593678,High Risk
C104744,93,1,27854.75,27854.75,10.0,3.0,1.0,0.0,1,0.7053733615829088,High Risk
C108925,18,1,10453.626,10453.626,5.0,2.0,0.0,1.0,0,0.7053620957120346,High Risk
C108650,62,1,16275.144,16275.144,9.0,5.0,0.0,1.0,0,0.705334392017118,High Risk
C114185,156,1,3749.29,3749.29,2.0,0.0,0.0,0.0,1,0.705324278959723,High Risk
C102936,68,1,761.337,761.337,10.0,4.0,0.0,1.0,0,0.705310918367342,High Risk
C100223,428,1,29382.255,29382.255,11.0,3.0,0.0,1.0,1,0.7053018518623757,High Risk
C105354,676,1,21816.921,21816.921,8.0,2.0,0.0,1.0,1,0.7051424721712446,High Risk
C103162,555,1,36005.704,36005.704,9.0,3.0,0.0,1.0,1,0.7051372808408949,High Risk
C107248,212,1,3960.1530000000002,3960.1530000000002,7.0,2.0,0.0,1.0,1,0.7051132056545792,High Risk
C107779,30,1,23146.6835,23146.6835,10.0,6.0,1.0,1.0,0,0.7051112645245169,High Risk
C109828,951,1,32108.156999999996,32108.156999999996,7.0,2.0,1.0,1.0,1,0.7051065268163988,High Risk
C114382,580,1,15966.915999999997,15966.915999999997,4.0,2.0,0.0,1.0,1,0.7050048524915533,High Risk
C108972,56,1,30030.264000000003,30030.264000000003,5.0,0.0,1.0,1.0,0,0.7049957350962593,High Risk
C108981,10,1,3619.971,3619.971,7.0,2.0,0.0,1.0,0,0.7049611683108808,High Risk
C104797,458,1,50175.143,50175.143,11.0,3.0,0.0,1.0,1,0.7049422253988655,High Risk
C113213,30,1,3767.733,3767.733,10.0,1.0,0.0,1.0,0,0.7049204233394242,High Risk
C112439,136,1,26557.326,26557.326,11.0,3.0,0.0,1.0,1,0.7049132902504947,High Risk
C101610,453,1,34367.96,34367.96,8.0,3.0,0.0,1.0,1,0.704791273350401,High Risk
C103855,3,1,21359.020999999997,21359.020999999997,11.0,3.0,0.0,1.0,0,0.7047251093695285,High Risk
C108750,677,1,14955.848000000002,14955.848000000002,4.0,1.0,0.0,1.0,1,0.7046935510892793,High Risk
C100658,80,1,12827.898000000001,12827.898000000001,6.0,1.0,0.0,1.0,0,0.7046643345062177,High Risk
C108791,179,1,26852.400999999998,26852.400999999998,11.0,4.0,0.0,1.0,1,0.7046516255652587,High Risk
C108282,162,1,25280.47,25280.47,9.0,5.0,0.0,0.0,1,0.7045934050076057,High Risk
C111468,70,1,15049.216,15049.216,7.0,4.0,0.0,1.0,0,0.704578781052946,High Risk
C110328,310,1,3277.288,3277.288,17.0,3.0,0.0,1.0,1,0.7045188284530028,High Risk
C114982,276,1,3116.45,3116.45,5.0,1.0,0.0,0.0,1,0.7044732504756392,High Risk
C102471,164,1,56957.9245,56957.9245,9.0,3.0,0.0,1.0,1,0.7043849265587642,High Risk
C107902,495,1,3819.6459999999997,3819.6459999999997,5.0,2.0,0.0,1.0,1,0.7043707385336967,High Risk
C107212,763,1,23571.940000000002,23571.940000000002,8.0,2.0,0.0,0.0,1,0.7043671286895719,High Risk
C105639,60,1,36141.173,36141.173,10.0,4.0,0.0,1.0,0,0.7043476513560303,High Risk
C104310,186,1,4461.363,4461.363,11.0,3.0,0.0,1.0,1,0.7043463393821189,High Risk
C110751,40,1,10727.392,10727.392,7.0,5.0,0.0,1.0,0,0.7042024901444307,High Risk
C108167,92,1,20333.4675,20333.4675,6.0,1.0,0.0,1.0,1,0.7041919253783098,High Risk
C114687,694,1,27375.49,27375.49,6.0,2.0,0.0,0.0,1,0.7041493872133509,High Risk
C105676,771,1,18617.81,18617.81,5.0,0.0,0.0,0.0,1,0.7041308308237736,High Risk
C101170,956,1,26006.440000000002,26006.440000000002,10.0,5.0,1.0,1.0,1,0.7041166977168914,High Risk
C108096,23,1,27177.120000000003,27177.120000000003,7.0,2.0,0.0,0.0,0,0.704115298004518,High Risk
C100733,16,1,7192.0509999999995,7192.0509999999995,9.0,0.0,1.0,1.0,0,0.7040616616574981,High Risk
C114119,4,1,12815.019,12815.019,9.0,2.0,0.0,1.0,0,0.7040430862787618,High Risk
C112585,87,1,9663.048499999999,9663.048499999999,9.0,3.0,1.0,1.0,0,0.7040332169205223,High Risk
C113539,101,1,25014.61,25014.61,11.0,6.0,0.0,0.0,1,0.7039339637113134,High Risk
C106547,319,1,49554.432,49554.432,11.0,3.0,0.0,1.0,1,0.7038401076731096,High Risk
C114775,103,1,45157.2335,45157.2335,4.0,0.0,0.0,1.0,1,0.7036726717573889,High Risk
C107143,252,1,31040.49,31040.49,11.0,0.0,0.0,1.0,1,0.7036515178576072,High Risk
C114117,42,1,22142.41,22142.41,9.0,1.0,0.0,1.0,0,0.7036346424887446,High Risk
C104874,47,1,6121.7429999999995,6121.7429999999995,10.0,4.0,0.0,1.0,0,0.7036297502638333,High Risk
C100207,1,1,27145.129999999997,27145.129999999997,7.0,3.0,1.0,0.0,0,0.7035715281416579,High Risk
C112424,231,1,27752.64,27752.64,9.0,6.0,1.0,0.0,1,0.7035285157559295,High Risk
C105526,286,1,42689.397,42689.397,8.0,3.0,0.0,1.0,1,0.7035126290943917,High Risk
C108537,168,1,11669.6,11669.6,8.0,2.0,0.0,1.0,1,0.7034916409638938,High Risk
C100470,27,1,25002.935999999998,25002.935999999998,6.0,1.0,0.0,1.0,0,0.7034544057396189,High Risk
C114563,681,1,38191.104,38191.104,6.0,2.0,0.0,1.0,1,0.7034298903877584,High Risk
C113861,116,1,38078.945,38078.945,6.0,2.0,0.0,1.0,1,0.7034298903877584,High Risk
C103678,300,1,38402.728,38402.728,6.0,2.0,0.0,1.0,1,0.7034298903877584,High Risk
C107686,262,1,12697.3935,12697.3935,7.0,1.0,0.0,1.0,1,0.7033431397099068,High Risk
C103936,422,1,37276.032,37276.032,8.0,5.0,1.0,1.0,1,0.7032907259954235,High Risk
C105971,390,1,22009.301999999996,22009.301999999996,10.0,2.0,0.0,1.0,1,0.7032721602376842,High Risk
C110290,470,1,25767.65,25767.65,11.0,1.0,0.0,0.0,1,0.7032437208692115,High Risk
C102507,468,1,20021.265499999998,20021.265499999998,7.0,4.0,0.0,1.0,1,0.7032103007738252,High Risk
C106609,242,1,173.25,173.25,5.0,1.0,0.0,1.0,1,0.7031740007495512,High Risk
C103589,757,1,38941.200000000004,38941.200000000004,7.0,2.0,0.0,1.0,1,0.7031145505647416,High Risk
C101189,427,1,11304.439,11304.439,6.0,1.0,0.0,1.0,1,0.7030522988505804,High Risk
C105890,269,1,21323.558999999997,21323.558999999997,12.0,4.0,1.0,1.0,1,0.7030402541102043,High Risk
C114645,139,1,429.09,429.09,8.0,3.0,0.0,0.0,1,0.702993218494623,High Risk
C101273,367,1,11502.392,11502.392,5.0,2.0,0.0,1.0,1,0.7029833080449306,High Risk
C104307,158,1,34274.8125,34274.8125,11.0,4.0,0.0,1.0,1,0.7029739171308401,High Risk
C102297,41,1,12584.938499999998,12584.938499999998,8.0,0.0,0.0,1.0,0,0.7029606791873653,High Risk
C112918,123,1,17332.85,17332.85,5.0,3.0,0.0,0.0,1,0.7028508099497861,High Risk
C102594,548,1,37698.197,37698.197,4.0,3.0,0.0,1.0,1,0.7027972478099234,High Risk
C101373,116,1,13051.89,13051.89,19.0,2.0,0.0,0.0,1,0.7027491670860522,High Risk
C103931,186,1,12583.14,12583.14,5.0,0.0,0.0,0.0,1,0.7027156634358706,High Risk
C106710,540,1,28163.75,28163.75,6.0,0.0,0.0,0.0,1,0.7027010259130096,High Risk
C101374,146,1,43105.765499999994,43105.765499999994,8.0,3.0,0.0,1.0,1,0.7026941697038392,High Risk
C108365,265,1,22092.15,22092.15,5.0,1.0,1.0,0.0,1,0.7026904758930654,High Risk
C103089,137,1,2097.0679999999998,2097.0679999999998,11.0,4.0,0.0,1.0,1,0.7026537097155612,High Risk
C102228,630,1,11807.528499999999,11807.528499999999,12.0,2.0,0.0,1.0,1,0.7026433136626696,High Risk
C100310,487,1,102832.07999999999,102832.07999999999,8.0,3.0,1.0,0.0,1,0.7026055042087294,High Risk
C111103,117,1,2092.2135,2092.2135,11.0,3.0,0.0,1.0,1,0.7025354160089476,High Risk
C106615,77,1,27681.2,27681.2,11.0,3.0,0.0,0.0,0,0.7024484988010121,High Risk
C107746,351,1,25953.449999999997,25953.449999999997,11.0,2.0,0.0,0.0,1,0.7024330858577961,High Risk
C100464,237,1,59767.093499999995,59767.093499999995,6.0,1.0,0.0,1.0,1,0.7024062507044339,High Risk
C114411,557,1,35983.8,35983.8,5.0,3.0,0.0,1.0,1,0.7023644240814154,High Risk
C100166,646,1,18797.76,18797.76,8.0,3.0,0.0,0.0,1,0.7023605234449845,High Risk
C114464,383,1,12809.304,12809.304,5.0,1.0,0.0,1.0,1,0.7023424048667927,High Risk
C111515,6,1,12801.920000000002,12801.920000000002,5.0,1.0,0.0,1.0,0,0.7023424048667927,High Risk
C113097,240,1,3581.05,3581.05,5.0,1.0,0.0,0.0,1,0.702321797318128,High Risk
C107012,84,1,38630.46,38630.46,10.0,3.0,0.0,1.0,0,0.7022148740008162,High Risk
C110109,108,1,18414.06,18414.06,8.0,3.0,0.0,0.0,1,0.7021302784045129,High Risk
C107264,63,1,15461.297499999999,15461.297499999999,10.0,4.0,0.0,1.0,0,0.7021299192342875,High Risk
C114269,14,1,26541.55,26541.55,7.0,2.0,0.0,0.0,0,0.7020944022300565,High Risk
C111470,561,1,12036.289,12036.289,9.0,1.0,0.0,1.0,1,0.7020266132618853,High Risk
C111896,59,1,22108.383,22108.383,7.0,2.0,0.0,1.0,0,0.7019027434393839,High Risk
C101797,194,1,6836.76,6836.76,8.0,4.0,1.0,0.0,1,0.7019010419750932,High Risk
C103060,297,1,21505.464,21505.464,7.0,2.0,0.0,1.0,1,0.7018471420986809,High Risk
C101992,700,1,26993.1005,26993.1005,5.0,1.0,1.0,1.0,1,0.701825911746688,High Risk
C107036,159,1,38473.824,38473.824,7.0,2.0,0.0,1.0,1,0.7018031212791174,High Risk
C101555,79,1,11340.264,11340.264,11.0,1.0,0.0,1.0,0,0.7017358668865813,High Risk
C110826,325,1,10884.862000000001,10884.862000000001,7.0,0.0,1.0,1.0,1,0.7017211719857406,High Risk
C104362,45,1,3240.333,3240.333,11.0,4.0,0.0,1.0,0,0.7017124466801503,High Risk
C110382,394,1,47350.8225,47350.8225,8.0,1.0,0.0,1.0,1,0.7016933685674934,High Risk
C111837,206,1,39735.97,39735.97,6.0,3.0,0.0,1.0,1,0.701692533622412,High Risk
C106640,140,1,12886.91,12886.91,6.0,0.0,0.0,0.0,1,0.701692004141907,High Risk
C111585,570,1,1996.344,1996.344,7.0,2.0,0.0,1.0,1,0.7016214074056991,High Risk
C109613,211,1,19080.16,19080.16,6.0,1.0,0.0,0.0,1,0.7016007975936576,High Risk
C110413,391,1,20901.3895,20901.3895,3.0,1.0,0.0,1.0,1,0.7015861408661486,High Risk
C100218,626,1,19186.99,19186.99,6.0,3.0,0.0,0.0,1,0.7015836646709404,High Risk
C112661,375,1,55716.48,55716.48,9.0,4.0,1.0,0.0,1,0.7015707999274367,High Risk
C113672,36,1,61744.29299999999,61744.29299999999,4.0,0.0,0.0,1.0,0,0.7015123390880628,High Risk
C111567,772,1,41805.2865,41805.2865,6.0,3.0,1.0,1.0,1,0.7014766693710189,High Risk
C109150,309,1,45356.0495,45356.0495,7.0,1.0,0.0,1.0,1,0.7013142431146769,High Risk
C110307,83,1,18457.444,18457.444,12.0,5.0,1.0,1.0,0,0.7011798789380177,High Risk
C110732,209,1,21560.652,21560.652,7.0,1.0,0.0,1.0,1,0.7011321508583572,High Risk
C108089,14,1,1369.1360000000002,1369.1360000000002,10.0,2.0,0.0,1.0,0,0.701083720051646,High Risk
C102895,164,1,12287.66,12287.66,7.0,1.0,0.0,0.0,1,0.7010832032674429,High Risk
C103604,56,1,34720.2485,34720.2485,6.0,2.0,1.0,1.0,0,0.7010681664750933,High Risk
C104260,112,1,19111.91,19111.91,5.0,2.0,0.0,0.0,1,0.7009816960076091,High Risk
C100138,729,1,18828.86,18828.86,7.0,1.0,0.0,0.0,1,0.7009719570911136,High Risk
C106713,253,1,19132.36,19132.36,11.0,3.0,0.0,0.0,1,0.7009692070438276,High Risk
C108526,205,1,3435.88,3435.88,5.0,0.0,0.0,0.0,1,0.7009620557431018,High Risk
C113145,422,1,16459.496,16459.496,7.0,4.0,0.0,1.0,1,0.7009167260202952,High Risk
C101358,331,1,24550.64,24550.64,4.0,1.0,0.0,0.0,1,0.7009141538727053,High Risk
C107990,192,1,22213.101000000002,22213.101000000002,6.0,2.0,0.0,1.0,1,0.7008221069744788,High Risk
C101886,379,1,50652.090000000004,50652.090000000004,7.0,1.0,0.0,1.0,1,0.7008187349417919,High Risk
C101467,274,1,4601.313,4601.313,9.0,3.0,0.0,1.0,1,0.7008013061689234,High Risk
C114409,523,1,10541.48,10541.48,11.0,4.0,1.0,0.0,1,0.7007189001300048,High Risk
C101648,34,1,12004.8365,12004.8365,6.0,2.0,0.0,1.0,0,0.7007150105106341,High Risk
C106355,538,1,35045.4,35045.4,5.0,1.0,0.0,1.0,1,0.7007039294695923,High Risk
C104187,513,1,64708.72,64708.72,9.0,3.0,1.0,0.0,1,0.7006751188756891,High Risk
C104850,405,1,36800.46,36800.46,6.0,1.0,0.0,1.0,1,0.7006441420761407,High Risk
C105828,425,1,290.377,290.377,4.0,1.0,0.0,1.0,1,0.7005815044808478,High Risk
C111015,43,1,11941.992,11941.992,8.0,1.0,1.0,1.0,0,0.7005347506222731,High Risk
C109486,344,1,18048.18,18048.18,8.0,3.0,0.0,0.0,1,0.7005269053607606,High Risk
C111750,1,1,26058.566499999997,26058.566499999997,5.0,0.0,0.0,1.0,0,0.7004765696681317,High Risk
C105905,477,1,38701.479999999996,38701.479999999996,4.0,2.0,0.0,1.0,1,0.7004680383569553,High Risk
C105855,754,1,25752.144,25752.144,9.0,1.0,0.0,1.0,1,0.7004047894943463,High Risk
C114452,164,1,10897.392,10897.392,8.0,2.0,0.0,1.0,1,0.7004037052241157,High Risk
C110760,493,1,15957.529999999999,15957.529999999999,5.0,0.0,0.0,0.0,1,0.7003978874194108,High Risk
C111284,331,1,36280.4055,36280.4055,9.0,3.0,0.0,1.0,1,0.7003525642567863,High Risk
C114209,81,1,36294.712,36294.712,9.0,3.0,0.0,1.0,0,0.7003525642567863,High Risk
C106684,51,1,22553.824,22553.824,6.0,2.0,0.0,1.0,0,0.7003132063321728,High Risk
C114477,568,1,12636.24,12636.24,6.0,0.0,0.0,0.0,1,0.7003060062215672,High Risk
C105910,97,1,194.14849999999998,194.14849999999998,8.0,0.0,0.0,1.0,1,0.7003001180570197,High Risk
C114013,343,1,42184.218,42184.218,10.0,2.0,0.0,1.0,1,0.7002487107980747,High Risk
C102650,496,1,8320.04,8320.04,18.0,6.0,0.0,0.0,1,0.7001899291601457,High Risk
C106075,317,1,3505.9770000000003,3505.9770000000003,17.0,2.0,0.0,1.0,1,0.7001476387391216,High Risk
C108372,326,1,1748.62,1748.62,5.0,1.0,0.0,0.0,1,0.7001113433711508,High Risk
C111757,437,1,23657.65,23657.65,11.0,3.0,0.0,0.0,1,0.7001050180146748,High Risk
C108806,302,1,4191.552,4191.552,9.0,1.0,0.0,1.0,1,0.7000641953782164,High Risk
C106038,252,1,25673.216,25673.216,6.0,3.0,0.0,1.0,1,0.7000380646571293,High Risk
C106886,248,1,2277.3875,2277.3875,11.0,2.0,0.0,1.0,1,0.699974031287224,High Risk
C109752,55,1,2180.754,2180.754,11.0,2.0,0.0,1.0,0,0.699974031287224,High Risk
C105405,209,1,17731.14,17731.14,6.0,3.0,0.0,0.0,1,0.6999108333668411,High Risk
C108301,503,1,17753.84,17753.84,6.0,3.0,0.0,0.0,1,0.6999108333668411,High Risk
C101682,139,1,52721.694,52721.694,9.0,1.0,0.0,1.0,1,0.6998693212394703,High Risk
C102816,421,1,43368.53600000001,43368.53600000001,9.0,4.0,0.0,1.0,1,0.6997064653888484,High Risk
C110105,445,1,44985.200000000004,44985.200000000004,9.0,4.0,0.0,1.0,1,0.6997007954972922,High Risk
C105825,82,1,4654.368,4654.368,5.0,3.0,0.0,1.0,0,0.6996847858723478,High Risk
C106059,313,1,36755.47899999999,36755.47899999999,7.0,2.0,0.0,1.0,1,0.699678470563081,High Risk
C105142,195,1,32019.550499999998,32019.550499999998,8.0,4.0,0.0,1.0,1,0.6996670788190541,High Risk
C104387,10,1,35192.8,35192.8,11.0,3.0,0.0,1.0,0,0.6996310775407392,High Risk
C105543,417,1,20944.5,20944.5,8.0,1.0,0.0,0.0,1,0.6996245720349897,High Risk
C100055,49,1,25361.586,25361.586,7.0,1.0,0.0,1.0,0,0.699544164647481,High Risk
C114857,15,1,17407.66,17407.66,8.0,3.0,0.0,0.0,0,0.6995438405431544,High Risk
C104250,382,1,51423.174,51423.174,8.0,4.0,0.0,1.0,1,0.699528406022154,High Risk
C114884,308,1,13494.914499999999,13494.914499999999,3.0,1.0,0.0,1.0,1,0.6994676556429913,High Risk
C114524,279,1,31615.4525,31615.4525,10.0,1.0,0.0,1.0,1,0.6994500170655846,High Risk
C107299,1016,1,1687.62,1687.62,5.0,3.0,0.0,0.0,1,0.6994359417520425,High Risk
C112338,549,1,19402.29,19402.29,8.0,3.0,0.0,0.0,1,0.6994082961543377,High Risk
C112654,308,1,33696.43,33696.43,9.0,3.0,3.0,0.0,1,0.6993602944740244,High Risk
C106641,589,1,41591.087999999996,41591.087999999996,6.0,1.0,0.0,1.0,1,0.6993450858791178,High Risk
C108982,39,1,18939.85,18939.85,7.0,3.0,0.0,0.0,0,0.6993216824019083,High Risk
C107137,361,1,61676.289,61676.289,5.0,1.0,0.0,1.0,1,0.6992780854514958,High Risk
C108179,215,1,29205.311499999996,29205.311499999996,12.0,5.0,1.0,1.0,1,0.6992539650960409,High Risk
C110674,205,4,207347.38,51836.845,7.0,3.0,2.0,0.5,1,0.6992014277707806,High Risk
C112548,100,1,20659.92,20659.92,6.0,2.0,1.0,0.0,1,0.6991791887181009,High Risk
C109241,78,1,18014.6,18014.6,3.0,2.0,1.0,0.0,0,0.6991419519915333,High Risk
C110040,666,1,14768.503499999999,14768.503499999999,4.0,1.0,0.0,1.0,1,0.6991379239071169,High Risk
C109713,361,1,25868.672,25868.672,10.0,1.0,0.0,1.0,1,0.6991342768863241,High Risk
C104143,214,3,160721.7,53573.9,8.0,4.0,1.0,0.0,1,0.6991318331659176,High Risk
C103016,171,1,27235.584000000003,27235.584000000003,11.0,1.0,0.0,1.0,1,0.6991158614316921,High Risk
C111125,457,1,27235.911,27235.911,11.0,1.0,0.0,1.0,1,0.6991158614316921,High Risk
C100046,156,1,108.14,108.14,9.0,3.0,0.0,0.0,1,0.6990959317155443,High Risk
C107424,15,1,43407.4,43407.4,8.0,3.0,1.0,1.0,0,0.6990755335758578,High Risk
C102138,507,1,26502.870000000003,26502.870000000003,9.0,2.0,0.0,0.0,1,0.6990286262671624,High Risk
C102957,85,1,26484.98,26484.98,5.0,2.0,0.0,0.0,0,0.6989920706059458,High Risk
C114765,266,1,1590.927,1590.927,10.0,0.0,0.0,1.0,1,0.6989658410100641,High Risk
C111152,79,1,10967.976,10967.976,7.0,2.0,0.0,1.0,0,0.6988469452834432,High Risk
C113701,243,1,31868.709499999997,31868.709499999997,10.0,1.0,0.0,1.0,1,0.6987362396182583,High Risk
C110853,60,1,32032.93,32032.93,12.0,2.0,0.0,1.0,0,0.6987266374273788,High Risk
C114956,1,1,3964.5,3964.5,5.0,2.0,0.0,1.0,0,0.6986677586669622,High Risk
C106027,16,1,12721.856,12721.856,9.0,2.0,0.0,1.0,0,0.6986125723632377,High Risk
C111544,257,1,24497.25,24497.25,3.0,2.0,0.0,0.0,1,0.698560698111371,High Risk
C101412,361,1,12325.81,12325.81,10.0,3.0,0.0,0.0,1,0.6985435052102921,High Risk
C104006,146,1,57866.231999999996,57866.231999999996,8.0,2.0,0.0,1.0,1,0.6985230915110634,High Risk
C100288,723,1,41195.382,41195.382,9.0,2.0,0.0,1.0,1,0.6984942187785712,High Risk
C111690,104,1,12493.52,12493.52,5.0,1.0,0.0,0.0,1,0.6984535328253665,High Risk
C108276,76,1,14640.089,14640.089,7.0,4.0,0.0,1.0,0,0.6984383779545957,High Risk
C109272,142,1,14663.991,14663.991,7.0,4.0,0.0,1.0,1,0.6984383779545957,High Risk
C112429,896,1,386.87,386.87,8.0,1.0,0.0,0.0,1,0.6984332089292589,High Risk
C100870,454,1,42637.3395,42637.3395,4.0,0.0,0.0,1.0,1,0.6984086677646719,High Risk
C105847,342,1,35284.4605,35284.4605,6.0,1.0,0.0,1.0,1,0.6983781905540575,High Risk
C106381,229,1,5017.87,5017.87,12.0,3.0,1.0,0.0,1,0.698358462451337,High Risk
C110473,483,1,18752.2,18752.2,6.0,1.0,0.0,0.0,1,0.6983562871303054,High Risk
C104884,135,2,4046.7980000000007,2023.3990000000003,8.0,4.0,1.0,0.5,1,0.6983150028499026,High Risk
C112884,178,1,13435.966999999999,13435.966999999999,3.0,0.0,0.0,1.0,1,0.6982841558118659,High Risk
C106420,87,1,22508.862999999998,22508.862999999998,6.0,2.0,0.0,1.0,0,0.6982373027741389,High Risk
C111628,106,1,13477.241499999998,13477.241499999998,1.0,0.0,0.0,1.0,1,0.6982271050487401,High Risk
C114276,252,1,877.89,877.89,9.0,2.0,0.0,0.0,1,0.6981996414254706,High Risk
C109507,31,1,36677.268000000004,36677.268000000004,12.0,1.0,0.0,1.0,0,0.6981809813227388,High Risk
C114461,0,1,36660.032999999996,36660.032999999996,12.0,1.0,0.0,1.0,0,0.6981809813227388,High Risk
C102265,41,1,2600.0074999999997,2600.0074999999997,12.0,1.0,0.0,1.0,0,0.698166284499646,High Risk
C114263,108,1,22111.971999999998,22111.971999999998,6.0,1.0,0.0,1.0,1,0.6981421014445698,High Risk
C106754,84,1,54436.78800000001,54436.78800000001,6.0,3.0,1.0,1.0,0,0.6980715877837608,High Risk
C110411,4,1,21458.592000000004,21458.592000000004,13.0,2.0,0.0,1.0,0,0.6980690952359844,High Risk
C107321,599,1,59784.01299999999,59784.01299999999,9.0,3.0,0.0,1.0,1,0.6980677799826991,High Risk
C103081,601,1,25085.08,25085.08,13.0,4.0,0.0,0.0,1,0.6980484646054195,High Risk
C106416,269,1,52530.36,52530.36,6.0,1.0,1.0,0.0,1,0.6980423242117783,High Risk
C108140,0,1,37257.557,37257.557,6.0,2.0,0.0,1.0,0,0.6980025925659722,High Risk
C105017,64,1,6073.673,6073.673,11.0,5.0,1.0,1.0,0,0.6979990863579664,High Risk
C111876,245,1,60236.8685,60236.8685,8.0,1.0,0.0,1.0,1,0.6979950415705959,High Risk
C101446,669,1,23371.43,23371.43,11.0,3.0,0.0,0.0,1,0.6979331430620763,High Risk
C112886,570,2,154917.062,77458.53099999999,12.0,3.0,0.0,0.5,1,0.6979314717239856,High Risk
C112067,138,1,5579.424,5579.424,3.0,1.0,0.0,1.0,1,0.6979165304311692,High Risk
C114700,450,1,1561.2030000000002,1561.2030000000002,15.0,4.0,0.0,1.0,1,0.6979076747275463,High Risk
C100315,138,1,34238.48,34238.48,4.0,0.0,0.0,1.0,1,0.6978875247664851,High Risk
C113541,900,1,49785.417,49785.417,7.0,3.0,0.0,1.0,1,0.6977504483048489,High Risk
C110675,30,1,35452.359000000004,35452.359000000004,9.0,2.0,0.0,1.0,0,0.6976759906728955,High Risk
C112487,604,1,20777.489999999998,20777.489999999998,8.0,1.0,0.0,0.0,1,0.6976176824032224,High Risk
C112706,997,1,11491.452000000001,11491.452000000001,11.0,0.0,0.0,1.0,1,0.697584078482251,High Risk
C111405,694,1,46465.551,46465.551,9.0,5.0,0.0,1.0,1,0.6975800184778039,High Risk
C114203,415,1,10647.176000000001,10647.176000000001,8.0,4.0,0.0,1.0,1,0.6975050333527716,High Risk
C112776,377,1,11617.893,11617.893,6.0,2.0,0.0,1.0,1,0.6974594651959773,High Risk
C111902,45,1,18509.92,18509.92,7.0,0.0,0.0,0.0,0,0.6973930302943979,High Risk
C111857,489,1,13611.78,13611.78,5.0,3.0,0.0,0.0,1,0.6972657614797914,High Risk
C114801,3,1,5943.2880000000005,5943.2880000000005,9.0,0.0,0.0,1.0,0,0.697189756974785,High Risk
C100101,0,1,25531.152000000002,25531.152000000002,10.0,1.0,0.0,1.0,0,0.6971814388449283,High Risk
C107869,72,1,38854.78200000001,38854.78200000001,6.0,2.0,0.0,1.0,0,0.6971777404295837,High Risk
C101114,305,1,15735.524499999998,15735.524499999998,4.0,1.0,0.0,1.0,1,0.6971600893014976,High Risk
C113123,173,1,34700.994999999995,34700.994999999995,8.0,2.0,0.0,1.0,1,0.6971237909193941,High Risk
C110079,276,1,61569.062999999995,61569.062999999995,3.0,0.0,0.0,1.0,1,0.6971009381545548,High Risk
C111341,350,1,31954.415999999997,31954.415999999997,9.0,2.0,0.0,1.0,1,0.69703894812593,High Risk
C106900,481,1,12907.336000000001,12907.336000000001,4.0,0.0,0.0,1.0,1,0.6969866447771428,High Risk
C105346,761,1,9345.716999999999,9345.716999999999,3.0,0.0,0.0,1.0,1,0.6969394829876108,High Risk
C110581,65,1,3874.986,3874.986,17.0,2.0,0.0,1.0,0,0.6969113571003304,High Risk
C103994,270,1,20858.52,20858.52,8.0,2.0,0.0,0.0,1,0.696910500300131,High Risk
C102211,299,1,18093.26,18093.26,5.0,2.0,0.0,0.0,1,0.696895110151513,High Risk
C104765,605,1,46599.2005,46599.2005,7.0,2.0,1.0,1.0,1,0.6968901720316713,High Risk
C112977,6,1,18184.92,18184.92,9.0,0.0,0.0,0.0,0,0.6968447700416728,High Risk
C101361,286,1,11547.664,11547.664,9.0,1.0,0.0,1.0,1,0.6968417429664067,High Risk
C103218,141,1,21354.5925,21354.5925,10.0,3.0,1.0,1.0,1,0.6968301705446045,High Risk
C110203,257,1,32034.735,32034.735,8.0,2.0,0.0,1.0,1,0.6968072626405984,High Risk
C104791,290,1,34095.008,34095.008,8.0,2.0,0.0,1.0,1,0.6967920009877563,High Risk
C111391,275,1,43258.611,43258.611,9.0,3.0,0.0,1.0,1,0.6967242356375043,High Risk
C103411,2,1,11327.431499999999,11327.431499999999,7.0,2.0,1.0,1.0,0,0.6967109600055816,High Risk
C114306,729,1,4680.702,4680.702,10.0,3.0,0.0,1.0,1,0.6966541831671555,High Risk
C107518,8,1,3066.93,3066.93,6.0,1.0,0.0,0.0,0,0.6966017168073225,High Risk
C103720,135,1,0.0,0.0,7.0,0.0,0.0,0.0,1,0.696572913031601,High Risk
C113509,278,1,27890.489999999998,27890.489999999998,11.0,2.0,0.0,0.0,1,0.696571623377507,High Risk
C111231,109,1,15206.51,15206.51,5.0,3.0,0.0,0.0,1,0.6964771447167665,High Risk
C113209,291,1,4334.15,4334.15,4.0,2.0,1.0,0.0,1,0.6964527300997645,High Risk
C105999,991,1,45695.648,45695.648,8.0,3.0,1.0,1.0,1,0.6964213863624069,High Risk
C113102,105,1,12971.54,12971.54,9.0,3.0,0.0,0.0,1,0.6963904199565942,High Risk
C101809,617,1,35037.288,35037.288,6.0,1.0,0.0,1.0,1,0.6963542002077105,High Risk
C114720,463,1,33918.016,33918.016,9.0,3.0,1.0,1.0,1,0.6962966799327108,High Risk
C106891,368,1,7281.04,7281.04,6.0,1.0,0.0,0.0,1,0.6962964737129499,High Risk
C105363,429,1,7284.56,7284.56,6.0,1.0,0.0,0.0,1,0.6962964737129499,High Risk
C110291,112,1,27163.169499999996,27163.169499999996,10.0,3.0,0.0,1.0,1,0.6962822847006155,High Risk
C114805,969,1,26283.512000000002,26283.512000000002,8.0,3.0,0.0,1.0,1,0.6962698513513483,High Risk
C111702,205,1,16595.6,16595.6,8.0,3.0,0.0,0.0,1,0.6962621761727001,High Risk
C105294,175,1,34491.973,34491.973,10.0,2.0,0.0,1.0,1,0.6962509354221973,High Risk
C101176,115,1,11523.9685,11523.9685,6.0,1.0,0.0,1.0,1,0.6961952610345296,High Risk
C107569,287,1,17661.440000000002,17661.440000000002,9.0,2.0,0.0,0.0,1,0.6961796426778766,High Risk
C106928,117,1,58743.3545,58743.3545,7.0,3.0,0.0,1.0,1,0.6961302492379926,High Risk
C106162,48,1,32111.657,32111.657,8.0,3.0,0.0,1.0,0,0.6960944512795689,High Risk
C101981,54,1,25987.07,25987.07,4.0,0.0,0.0,0.0,0,0.6960228653751531,High Risk
C107283,270,1,29532.251,29532.251,11.0,2.0,0.0,1.0,1,0.6959834885892697,High Risk
C100828,468,1,59194.44900000001,59194.44900000001,11.0,4.0,0.0,1.0,1,0.695967543274414,High Risk
C110696,163,1,26429.62,26429.62,11.0,2.0,0.0,0.0,1,0.6959301522835443,High Risk
C107769,29,1,11685.63,11685.63,7.0,2.0,0.0,1.0,0,0.6958994488521948,High Risk
C102144,156,1,40898.358,40898.358,4.0,1.0,0.0,1.0,1,0.6958186597266007,High Risk
C113093,359,1,12742.68,12742.68,8.0,3.0,0.0,0.0,1,0.6957179203158502,High Risk
C100449,57,1,9451.511999999999,9451.511999999999,12.0,3.0,0.0,1.0,0,0.6957094671093627,High Risk
C107329,149,1,9454.158000000001,9454.158000000001,12.0,3.0,0.0,1.0,1,0.6957094671093627,High Risk
C113671,10,1,7989.2945,7989.2945,9.0,0.0,1.0,1.0,0,0.695625913226488,High Risk
C112489,651,1,19574.2,19574.2,8.0,1.0,0.0,0.0,1,0.6955505022840299,High Risk
C107834,39,1,25832.718,25832.718,9.0,1.0,0.0,1.0,0,0.6953733730073275,High Risk
C100068,550,1,20765.07,20765.07,9.0,1.0,0.0,0.0,1,0.6953503532141903,High Risk
C110840,30,1,9319.15,9319.15,6.0,2.0,1.0,0.0,0,0.6953313723355614,High Risk
C105504,9,1,18583.05,18583.05,8.0,1.0,0.0,0.0,0,0.6953179040679047,High Risk
C111562,259,1,17041.38,17041.38,8.0,3.0,0.0,0.0,1,0.6952762090839921,High Risk
C106546,6,1,4382.307,4382.307,9.0,1.0,0.0,1.0,0,0.6952708803020877,High Risk
C114374,292,1,51310.848000000005,51310.848000000005,7.0,2.0,0.0,1.0,1,0.6952629035423662,High Risk
C114394,270,1,18721.53,18721.53,10.0,3.0,0.0,0.0,1,0.6951508322392534,High Risk
C104339,114,1,10736.310999999998,10736.310999999998,8.0,2.0,0.0,1.0,1,0.6951324567108692,High Risk
C103345,620,1,26205.288,26205.288,7.0,2.0,1.0,1.0,1,0.6950838158525273,High Risk
C114163,54,1,7683.381,7683.381,7.0,4.0,1.0,1.0,0,0.6950787222213785,High Risk
C111776,94,1,17886.5,17886.5,6.0,1.0,0.0,0.0,1,0.6950345594234666,High Risk
C106789,459,1,29373.46,29373.46,8.0,0.0,0.0,0.0,1,0.6949878582814815,High Risk
C114378,112,1,18499.68,18499.68,9.0,2.0,0.0,0.0,1,0.694977689581899,High Risk
C106562,495,1,12835.2,12835.2,6.0,0.0,0.0,0.0,1,0.6949757608130688,High Risk
C111663,69,1,42104.7755,42104.7755,7.0,3.0,1.0,1.0,0,0.6949507012960435,High Risk
C112351,114,1,12918.619999999999,12918.619999999999,7.0,1.0,0.0,0.0,1,0.6949360221296346,High Risk
C105359,155,1,12881.36,12881.36,7.0,1.0,0.0,0.0,1,0.6949360221296346,High Risk
C103181,48,1,32338.610999999997,32338.610999999997,8.0,3.0,0.0,1.0,0,0.6948708466803158,High Risk
C114632,182,1,10041.97,10041.97,5.0,0.0,0.0,0.0,1,0.6947573124395474,High Risk
C111595,502,1,18447.5,18447.5,12.0,3.0,0.0,0.0,1,0.6947545816450271,High Risk
C101153,118,1,16642.14,16642.14,5.0,1.0,0.0,0.0,1,0.6947404023538892,High Risk
C103395,386,1,17081.16,17081.16,5.0,1.0,0.0,0.0,1,0.6947404023538892,High Risk
C104650,209,1,53004.15,53004.15,7.0,2.0,1.0,0.0,1,0.6947242039918027,High Risk
C111310,26,1,26110.894999999997,26110.894999999997,7.0,1.0,1.0,1.0,0,0.6946985432124813,High Risk
C110102,797,1,12391.51,12391.51,11.0,3.0,0.0,0.0,1,0.6946718321153494,High Risk
C106319,244,1,12978.62,12978.62,9.0,2.0,0.0,0.0,1,0.6946661047030065,High Risk
C104470,289,1,34287.336,34287.336,7.0,2.0,0.0,1.0,1,0.6946519343810691,High Risk
C104824,108,1,19094.98,19094.98,7.0,2.0,0.0,0.0,1,0.6946084376572559,High Risk
C109652,484,1,22087.674000000003,22087.674000000003,5.0,2.0,0.0,1.0,1,0.6945399415979923,High Risk
C100296,147,1,13094.6,13094.6,5.0,3.0,0.0,0.0,1,0.6944664851715454,High Risk
C112990,519,1,12791.61,12791.61,9.0,3.0,0.0,0.0,1,0.6944482139181395,High Risk
C111793,12,1,4881.240000000001,4881.240000000001,5.0,2.0,0.0,1.0,0,0.694448001883703,High Risk
C101844,443,1,27170.883,27170.883,8.0,3.0,0.0,1.0,1,0.6944302877554054,High Risk
C105144,322,1,22477.73,22477.73,9.0,3.0,0.0,0.0,1,0.694342148232257,High Risk
C114907,151,1,16002.34,16002.34,5.0,1.0,0.0,0.0,1,0.6942990735495644,High Risk
C110341,741,1,31293.22,31293.22,14.0,5.0,1.0,0.0,1,0.6942414831743026,High Risk
C104292,141,1,13943.32,13943.32,5.0,0.0,0.0,0.0,1,0.6942399481038981,High Risk
C109485,125,1,43554.663,43554.663,9.0,5.0,1.0,1.0,1,0.6942357856245769,High Risk
C106960,112,1,4577.0545,4577.0545,10.0,3.0,0.0,1.0,1,0.6942228557109144,High Risk
C109794,126,1,48781.789,48781.789,9.0,4.0,0.0,1.0,1,0.6942034785907295,High Risk
C110410,780,1,10748.367,10748.367,11.0,0.0,1.0,1.0,1,0.6941347096527355,High Risk
C101433,526,1,16205.84,16205.84,6.0,0.0,0.0,0.0,1,0.6941263059489041,High Risk
C106456,81,1,15313.472499999998,15313.472499999998,4.0,1.0,0.0,1.0,0,0.694100954340152,High Risk
C101548,912,1,30581.307000000004,30581.307000000004,12.0,3.0,0.0,1.0,1,0.6940989484360558,High Risk
C106876,464,1,18265.92,18265.92,7.0,1.0,0.0,0.0,1,0.6940960157615035,High Risk
C101462,179,1,0.0,0.0,10.0,1.0,0.0,0.0,1,0.6940851962496015,High Risk
C104667,205,1,11680.92,11680.92,6.0,2.0,0.0,1.0,1,0.6940026327152087,High Risk
C103911,308,1,31020.632,31020.632,12.0,2.0,0.0,1.0,1,0.6939847603936283,High Risk
C104484,385,1,26204.496,26204.496,7.0,3.0,1.0,1.0,1,0.693979277788546,High Risk
C107205,191,1,51259.32000000001,51259.32000000001,8.0,1.0,0.0,1.0,1,0.693971933273939,High Risk
C113300,131,1,5605.880000000001,5605.880000000001,3.0,0.0,0.0,1.0,1,0.6939486270813423,High Risk
C107314,110,1,41156.564999999995,41156.564999999995,7.0,2.0,0.0,1.0,1,0.6939447464865487,High Risk
C107176,118,1,31860.5245,31860.5245,3.0,1.0,1.0,1.0,1,0.6939432835400097,High Risk
C112168,51,1,41137.900499999996,41137.900499999996,11.0,2.0,0.0,1.0,0,0.6939254842500507,High Risk
C107655,200,1,23944.52,23944.52,4.0,1.0,0.0,0.0,1,0.6939244991208074,High Risk
C114883,199,1,21500.121,21500.121,5.0,1.0,0.0,1.0,1,0.6939209174676697,High Risk
C110394,169,1,12251.83,12251.83,7.0,3.0,0.0,0.0,1,0.693895946362157,High Risk
C113104,189,1,29183.949,29183.949,10.0,3.0,0.0,1.0,1,0.6938870940946225,High Risk
C107151,921,1,22855.608,22855.608,3.0,2.0,0.0,1.0,1,0.6938235919663664,High Risk
C112553,10,1,1386.1040000000003,1386.1040000000003,4.0,0.0,0.0,1.0,0,0.6938215215603456,High Risk
C110686,421,1,21971.699999999997,21971.699999999997,9.0,3.0,0.0,0.0,1,0.6938101388217182,High Risk
C112158,272,1,15439.32,15439.32,3.0,2.0,0.0,1.0,1,0.6937678821178079,High Risk
C100651,80,1,28871.2955,28871.2955,12.0,3.0,0.0,1.0,0,0.6937540654885883,High Risk
C114485,9,1,34441.3665,34441.3665,11.0,1.0,0.0,1.0,0,0.693734057957958,High Risk
C107785,173,1,63027.264,63027.264,6.0,1.0,1.0,1.0,1,0.6937219167090689,High Risk
C106452,19,1,17414.72,17414.72,6.0,1.0,0.0,0.0,0,0.6937210355532492,High Risk
C112782,347,1,45240.435,45240.435,8.0,2.0,0.0,1.0,1,0.6936788163839952,High Risk
C101182,310,1,32123.625,32123.625,9.0,2.0,0.0,1.0,1,0.6936786827774527,High Risk
C101628,258,1,21648.08,21648.08,8.0,3.0,0.0,0.0,1,0.6936609437617227,High Risk
C109417,399,1,12796.6,12796.6,8.0,2.0,0.0,0.0,1,0.6936389115141418,High Risk
C107787,751,1,26009.508499999996,26009.508499999996,7.0,1.0,0.0,1.0,1,0.6935897426095617,High Risk
C112178,422,1,19470.52,19470.52,5.0,1.0,0.0,0.0,1,0.6935786719014159,High Risk
C101454,369,1,10522.970000000001,10522.970000000001,5.0,0.0,0.0,0.0,1,0.6935520876086058,High Risk
C104881,531,1,29580.021,29580.021,6.0,2.0,1.0,1.0,1,0.6935484893771897,High Risk
C114146,583,1,10346.880000000001,10346.880000000001,16.0,6.0,0.0,1.0,1,0.6935454341626331,High Risk
C101318,795,1,40562.9955,40562.9955,4.0,2.0,0.0,1.0,1,0.6934720599107959,High Risk
C109137,177,1,44462.261,44462.261,8.0,3.0,0.0,1.0,1,0.6934322620699942,High Risk
C106391,98,1,15107.32,15107.32,7.0,0.0,0.0,0.0,1,0.6933690343589645,High Risk
C101652,8,1,32910.6125,32910.6125,11.0,3.0,0.0,1.0,0,0.6933120344984797,High Risk
C108962,534,1,15903.48,15903.48,9.0,3.0,0.0,0.0,1,0.6932771528600974,High Risk
C114848,307,1,15991.35,15991.35,9.0,3.0,0.0,0.0,1,0.6932771528600974,High Risk
C103845,140,1,12235.05,12235.05,8.0,3.0,0.0,0.0,1,0.6932751089818745,High Risk
C100993,612,1,17313.3,17313.3,9.0,1.0,0.0,0.0,1,0.693267187450094,High Risk
C110353,196,1,1750.2,1750.2,6.0,1.0,0.0,0.0,1,0.6931735197881415,High Risk
C106320,682,1,15214.51,15214.51,5.0,1.0,0.0,0.0,1,0.6930090671404314,High Risk
C106000,96,1,15561.06,15561.06,5.0,1.0,0.0,0.0,1,0.6930090671404314,High Risk
C105626,845,1,15194.03,15194.03,5.0,1.0,0.0,0.0,1,0.6930090671404314,High Risk
C104637,416,1,15337.46,15337.46,5.0,1.0,0.0,0.0,1,0.6930090671404314,High Risk
C114560,9,1,52471.64749999999,52471.64749999999,11.0,4.0,1.0,1.0,0,0.6929521698489733,High Risk
C106620,105,1,31024.432,31024.432,6.0,2.0,1.0,1.0,1,0.6929408253557352,High Risk
C110416,12,1,21496.22,21496.22,5.0,0.0,1.0,0.0,0,0.6928588501283468,High Risk
C112068,137,1,12538.74,12538.74,14.0,2.0,0.0,0.0,1,0.6928356525599291,High Risk
C110240,403,1,2953.3165,2953.3165,16.0,6.0,0.0,1.0,1,0.6928217681661593,High Risk
C101354,534,1,32455.458000000002,32455.458000000002,9.0,3.0,0.0,1.0,1,0.6927876122000198,High Risk
C114445,111,1,3682.15,3682.15,5.0,1.0,0.0,0.0,1,0.6927604604311506,High Risk
C110844,222,1,47934.032999999996,47934.032999999996,11.0,2.0,0.0,1.0,1,0.6927439546010733,High Risk
C108390,57,1,4698.4529999999995,4698.4529999999995,7.0,2.0,0.0,1.0,0,0.6927110816347265,High Risk
C111465,58,1,41275.62,41275.62,7.0,3.0,0.0,1.0,0,0.6926423477785956,High Risk
C107828,189,1,10741.554,10741.554,11.0,7.0,0.0,1.0,1,0.6926190676588924,High Risk
C112021,846,1,27996.81,27996.81,6.0,2.0,0.0,0.0,1,0.6925985080574537,High Risk
C111319,364,1,17772.88,17772.88,7.0,2.0,0.0,0.0,1,0.6925960013311314,High Risk
C103077,643,1,34311.049,34311.049,5.0,2.0,0.0,1.0,1,0.6925599377394818,High Risk
C114460,8,1,27052.61,27052.61,4.0,3.0,0.0,1.0,0,0.6925559863779212,High Risk
C114401,67,1,50600.347,50600.347,8.0,1.0,0.0,1.0,0,0.692545140246454,High Risk
C105158,743,1,25710.296000000002,25710.296000000002,7.0,1.0,0.0,1.0,1,0.6924698162761369,High Risk
C109914,634,1,77084.2825,77084.2825,7.0,2.0,0.0,1.0,1,0.6924064855310786,High Risk
C101656,57,1,1962.157,1962.157,11.0,1.0,0.0,1.0,0,0.6923907547993687,High Risk
C113775,81,1,1255.536,1255.536,5.0,2.0,0.0,1.0,0,0.6923840558517343,High Risk
C114736,137,1,17527.99,17527.99,11.0,1.0,0.0,0.0,1,0.6923562709651594,High Risk
C110349,169,1,23168.95,23168.95,15.0,4.0,0.0,0.0,1,0.6923254161482473,High Risk
C104073,382,1,4090.205999999999,4090.205999999999,8.0,0.0,0.0,1.0,1,0.692304720918202,High Risk
C114553,529,1,4626.18,4626.18,6.0,2.0,0.0,1.0,1,0.6922639403207621,High Risk
C106748,331,1,13389.34,13389.34,6.0,1.0,0.0,0.0,1,0.6922252644471265,High Risk
C104062,294,1,13388.51,13388.51,6.0,1.0,0.0,0.0,1,0.6922252644471265,High Risk
C105969,158,1,5795.911999999999,5795.911999999999,4.0,1.0,0.0,1.0,1,0.6922008317884072,High Risk
C114634,12,1,5768.2080000000005,5768.2080000000005,4.0,1.0,0.0,1.0,0,0.6922008317884072,High Risk
C100268,150,1,11986.296000000002,11986.296000000002,6.0,1.0,0.0,1.0,1,0.6921706064955189,High Risk
C107272,107,1,12907.87,12907.87,14.0,2.0,0.0,0.0,1,0.6921561271327715,High Risk
C108636,15,1,17023.13,17023.13,8.0,0.0,0.0,0.0,0,0.6920783211355799,High Risk
C114691,74,1,43249.887,43249.887,8.0,2.0,0.0,1.0,0,0.6920659554631142,High Risk
C113287,729,1,20687.34,20687.34,5.0,0.0,0.0,0.0,1,0.6920159688803192,High Risk
C114196,51,1,29567.4455,29567.4455,12.0,3.0,0.0,1.0,0,0.6919974203219432,High Risk
C112919,71,1,49542.46400000001,49542.46400000001,8.0,2.0,0.0,1.0,0,0.6919542956686137,High Risk
C112120,47,1,40524.35400000001,40524.35400000001,5.0,1.0,0.0,1.0,0,0.6919253736825135,High Risk
C107429,350,1,16279.49,16279.49,8.0,1.0,0.0,0.0,1,0.6918237863286159,High Risk
C109989,870,1,16027.87,16027.87,8.0,2.0,0.0,0.0,1,0.6918003937534907,High Risk
C111639,714,1,11664.747,11664.747,9.0,1.0,0.0,1.0,1,0.691783185012745,High Risk
C100337,186,1,17213.28,17213.28,8.0,1.0,0.0,0.0,1,0.6917735375091185,High Risk
C108694,539,1,488.26,488.26,6.0,2.0,0.0,0.0,1,0.6917696213523662,High Risk
C112828,27,1,29063.322,29063.322,7.0,2.0,1.0,1.0,0,0.6917170695689456,High Risk
C100655,609,1,0.0,0.0,10.0,3.0,0.0,0.0,1,0.6917012676484144,High Risk
C114327,396,1,30189.807,30189.807,11.0,3.0,0.0,1.0,1,0.6916861365613732,High Risk
C107097,720,1,16316.02,16316.02,9.0,3.0,0.0,0.0,1,0.6916721040149728,High Risk
C110295,4,1,16413.62,16413.62,9.0,3.0,0.0,0.0,0,0.6916721040149728,High Risk
C111756,62,1,21833.952,21833.952,4.0,0.0,0.0,1.0,0,0.6916716119229182,High Risk
C103866,114,1,22945.370000000003,22945.370000000003,8.0,3.0,0.0,0.0,1,0.6916298411777545,High Risk
C103546,205,1,27974.042,27974.042,9.0,5.0,0.0,1.0,1,0.6916294963013627,High Risk
C109143,423,1,32975.304000000004,32975.304000000004,8.0,4.0,0.0,1.0,1,0.6916037791876082,High Risk
C100547,143,1,55812.47,55812.47,4.0,2.0,0.0,0.0,1,0.6915431957015882,High Risk
C101787,522,1,12743.94,12743.94,7.0,1.0,0.0,0.0,1,0.6915416416852748,High Risk
C111381,125,1,40739.94,40739.94,15.0,3.0,0.0,0.0,1,0.6914903645522475,High Risk
C108535,197,1,876.51,876.51,8.0,1.0,0.0,0.0,1,0.6914833417420782,High Risk
C105250,171,1,80147.12049999999,80147.12049999999,7.0,2.0,0.0,1.0,1,0.6914775045784141,High Risk
C113064,166,1,47729.761,47729.761,11.0,2.0,0.0,1.0,1,0.691406582498029,High Risk
C106432,323,1,18672.07,18672.07,9.0,2.0,0.0,0.0,1,0.6913953238566128,High Risk
C106576,112,1,18369.25,18369.25,7.0,2.0,0.0,0.0,1,0.6913940482351538,High Risk
C109230,89,1,23040.9865,23040.9865,6.0,2.0,0.0,1.0,0,0.6913834863902398,High Risk
C103854,28,1,60419.943,60419.943,10.0,2.0,0.0,1.0,0,0.6913833280070861,High Risk
C106199,163,1,27448.64,27448.64,4.0,3.0,0.0,1.0,1,0.691356792981992,High Risk
C100603,57,1,2302.11,2302.11,11.0,2.0,0.0,1.0,0,0.6913354885667076,High Risk
C105865,534,1,23109.070000000003,23109.070000000003,11.0,2.0,0.0,0.0,1,0.6912999947327029,High Risk
C111357,97,1,36061.452000000005,36061.452000000005,7.0,4.0,0.0,1.0,1,0.6912415215072005,High Risk
C106066,88,1,24747.72,24747.72,10.0,4.0,0.0,0.0,0,0.6911945356302246,High Risk
C111476,302,1,34501.887,34501.887,5.0,2.0,0.0,1.0,1,0.6911940111253183,High Risk
C110298,565,1,27095.605499999998,27095.605499999998,8.0,2.0,0.0,1.0,1,0.6911572821358358,High Risk
C104590,87,1,26348.269999999997,26348.269999999997,7.0,2.0,0.0,0.0,0,0.6911571465080932,High Risk
C108051,366,1,0.0,0.0,8.0,2.0,0.0,0.0,1,0.6911563578660241,High Risk
C110563,15,1,19492.02,19492.02,8.0,2.0,0.0,0.0,0,0.6911539199252017,High Risk
C105669,620,1,13023.46,13023.46,6.0,2.0,0.0,0.0,1,0.6911513614742694,High Risk
C109780,609,1,27503.0,27503.0,10.0,2.0,0.0,1.0,1,0.6911243111395352,High Risk
C100671,588,1,19444.13,19444.13,10.0,3.0,0.0,0.0,1,0.691093591050262,High Risk
C111813,258,1,26163.520000000004,26163.520000000004,10.0,1.0,0.0,1.0,1,0.6910559586378389,High Risk
C106344,403,1,74558.979,74558.979,8.0,3.0,0.0,1.0,1,0.6910196175242618,High Risk
C114615,154,1,16031.47,16031.47,11.0,3.0,0.0,0.0,1,0.6908717268744244,High Risk
C106947,244,1,15749.86,15749.86,6.0,1.0,0.0,0.0,1,0.6908600103649292,High Risk
C111159,193,2,119805.425,59902.712499999994,8.0,3.0,1.0,0.5,1,0.690847361622722,High Risk
C103528,34,1,17866.11,17866.11,7.0,1.0,0.0,0.0,0,0.6907081819439362,High Risk
C112594,138,1,16020.73,16020.73,8.0,2.0,0.0,0.0,1,0.6906946753115544,High Risk
C105132,331,1,28106.9185,28106.9185,11.0,2.0,1.0,1.0,1,0.69064308705003,High Risk
C110197,107,1,1353.45,1353.45,9.0,3.0,0.0,0.0,1,0.6906420523534093,High Risk
C106304,104,1,16208.68,16208.68,6.0,1.0,0.0,0.0,1,0.6906358248658667,High Risk
C105532,227,1,16933.629999999997,16933.629999999997,8.0,2.0,0.0,0.0,1,0.6905860226724743,High Risk
C112684,147,1,15782.09,15782.09,7.0,1.0,0.0,0.0,1,0.6905535317070272,High Risk
C102123,155,1,18392.99,18392.99,12.0,2.0,0.0,0.0,1,0.6905161382834822,High Risk
C114329,326,1,28478.85,28478.85,8.0,0.0,0.0,0.0,1,0.6905149483046429,High Risk
C104945,13,1,17179.63,17179.63,6.0,0.0,0.0,0.0,0,0.6905000874032674,High Risk
C107553,111,1,3804.7,3804.7,4.0,3.0,0.0,0.0,1,0.6904744827063212,High Risk
C107524,210,1,28963.035000000003,28963.035000000003,8.0,2.0,0.0,1.0,1,0.6903947951433931,High Risk
C103316,169,1,9167.64,9167.64,8.0,2.0,1.0,0.0,1,0.6903807846323079,High Risk
C108883,174,1,3646.0,3646.0,6.0,0.0,0.0,0.0,1,0.6903402910621759,High Risk
C102120,104,1,12662.09,12662.09,5.0,1.0,0.0,0.0,1,0.6903031538564258,High Risk
C101075,54,1,24894.74,24894.74,13.0,4.0,0.0,0.0,0,0.690272508456225,High Risk
C101242,571,1,30213.324999999997,30213.324999999997,7.0,0.0,0.0,1.0,1,0.6902266493682226,High Risk
C111295,176,1,42612.630000000005,42612.630000000005,6.0,2.0,0.0,1.0,1,0.6901899666147123,High Risk
C104740,76,1,15073.08,15073.08,5.0,1.0,0.0,0.0,0,0.6901773843494426,High Risk
C102504,258,1,17184.739999999998,17184.739999999998,8.0,2.0,0.0,0.0,1,0.6901708938669325,High Risk
C109389,688,1,382.74,382.74,6.0,1.0,0.0,0.0,1,0.6900583304572965,High Risk
C113742,8,1,10875.104,10875.104,11.0,1.0,0.0,1.0,0,0.6900341084924904,High Risk
C100585,229,1,19777.93,19777.93,11.0,1.0,0.0,0.0,1,0.6900223932042171,High Risk
C112325,212,1,48630.294,48630.294,7.0,3.0,0.0,1.0,1,0.6900187649445313,High Risk
C108978,470,1,254.16699999999997,254.16699999999997,7.0,0.0,0.0,1.0,1,0.6898867741474581,High Risk
C114355,558,1,30365.336000000003,30365.336000000003,10.0,2.0,0.0,1.0,1,0.6898705680531763,High Risk
C103302,505,1,3029.11,3029.11,3.0,1.0,0.0,0.0,1,0.6898444611220548,High Risk
C110257,42,1,18361.24,18361.24,7.0,2.0,0.0,0.0,0,0.6897906751914015,High Risk
C103765,167,1,34399.784999999996,34399.784999999996,6.0,2.0,0.0,1.0,1,0.6897876568434758,High Risk
C101401,109,1,16147.31,16147.31,7.0,3.0,0.0,0.0,1,0.6897728798156634,High Risk
C107519,147,1,13064.74,13064.74,2.0,0.0,0.0,0.0,1,0.6896761752990686,High Risk
C102831,30,1,32014.71,32014.71,4.0,0.0,0.0,1.0,0,0.6895906327884097,High Risk
C102180,4,1,29242.3715,29242.3715,9.0,3.0,0.0,1.0,0,0.6895167343144546,High Risk
C113119,140,1,8121.17,8121.17,5.0,0.0,0.0,0.0,1,0.6895111935639225,High Risk
C110352,540,1,43830.76800000001,43830.76800000001,6.0,1.0,0.0,1.0,1,0.6895103930638541,High Risk
C114704,304,1,16677.31,16677.31,9.0,1.0,0.0,0.0,1,0.6895088703622717,High Risk
C105396,225,1,29083.23,29083.23,3.0,0.0,1.0,0.0,1,0.6894671026047896,High Risk
C114694,14,1,16630.48,16630.48,9.0,2.0,0.0,0.0,0,0.6894642808982069,High Risk
C107689,360,1,15201.09,15201.09,6.0,1.0,0.0,0.0,1,0.6894239904616726,High Risk
C109790,799,1,15660.45,15660.45,6.0,1.0,0.0,0.0,1,0.6894239904616726,High Risk
C100471,195,1,30420.36,30420.36,11.0,4.0,0.0,1.0,1,0.6893841501217115,High Risk
C111966,829,1,15270.64,15270.64,8.0,2.0,0.0,0.0,1,0.6893582859911891,High Risk
C106450,341,1,15137.37,15137.37,8.0,2.0,0.0,0.0,1,0.6893582859911891,High Risk
C101831,299,1,15230.93,15230.93,8.0,2.0,0.0,0.0,1,0.6893582859911891,High Risk
C104668,171,1,21172.3185,21172.3185,9.0,2.0,0.0,1.0,1,0.6893340155430535,High Risk
C114315,699,1,27517.148999999998,27517.148999999998,9.0,1.0,0.0,1.0,1,0.6893216773574043,High Risk
C109391,291,1,16422.96,16422.96,12.0,3.0,0.0,0.0,1,0.6893125071052129,High Risk
C109558,95,1,13948.52,13948.52,5.0,1.0,0.0,0.0,1,0.6893063176931884,High Risk
C109795,65,1,18643.769999999997,18643.769999999997,9.0,2.0,0.0,0.0,0,0.689250113041734,High Risk
C100200,410,1,17130.0,17130.0,12.0,3.0,0.0,0.0,1,0.6892314473872457,High Risk
C100728,82,1,3459.753,3459.753,14.0,4.0,0.0,1.0,0,0.6892314123148435,High Risk
C101865,515,1,26525.690000000002,26525.690000000002,10.0,2.0,0.0,0.0,1,0.6892133235348781,High Risk
C109277,38,1,16473.72,16473.72,5.0,1.0,0.0,0.0,0,0.6891526577846924,High Risk
C100300,179,1,13475.4,13475.4,9.0,3.0,0.0,0.0,1,0.6891378758485874,High Risk
C105633,647,1,15196.78,15196.78,7.0,1.0,0.0,0.0,1,0.6891175118037703,High Risk
C107186,167,1,15630.06,15630.06,7.0,1.0,0.0,0.0,1,0.6891175118037703,High Risk
C109515,214,1,20222.02,20222.02,8.0,3.0,0.0,0.0,1,0.6891127308980215,High Risk
C105827,57,1,29265.856,29265.856,8.0,3.0,0.0,1.0,0,0.6890960614191823,High Risk
C102589,86,1,16298.37,16298.37,8.0,2.0,0.0,0.0,0,0.68908962646643,High Risk
C100928,276,1,32858.6455,32858.6455,8.0,3.0,0.0,1.0,1,0.6890825190456148,High Risk
C105088,130,1,16248.48,16248.48,10.0,3.0,0.0,0.0,1,0.6890216620648278,High Risk
C113183,111,1,15641.16,15641.16,15.0,2.0,0.0,0.0,1,0.6890112035772137,High Risk
C112436,299,1,16477.58,16477.58,7.0,0.0,0.0,0.0,1,0.6889883285263495,High Risk
C111266,145,1,10826.135499999999,10826.135499999999,5.0,1.0,0.0,1.0,1,0.6889457205948345,High Risk
C114440,434,1,16264.95,16264.95,9.0,2.0,0.0,0.0,1,0.6889447800889432,High Risk
C107361,96,1,16202.36,16202.36,9.0,2.0,0.0,0.0,1,0.6889447800889432,High Risk
C102786,700,1,13624.94,13624.94,6.0,3.0,0.0,0.0,1,0.6889282753382404,High Risk
C112819,910,1,18223.24,18223.24,12.0,2.0,0.0,0.0,1,0.6889127652397299,High Risk
C111620,193,1,20823.899999999998,20823.899999999998,7.0,1.0,0.0,0.0,1,0.6888964009359733,High Risk
C105618,169,1,2406.4519999999998,2406.4519999999998,13.0,3.0,0.0,1.0,1,0.688878562741705,High Risk
C111458,493,1,33243.0935,33243.0935,8.0,4.0,0.0,1.0,1,0.6888640111939975,High Risk
C104140,276,1,10759.18,10759.18,5.0,0.0,0.0,0.0,1,0.6887826331317025,High Risk
C111243,6,1,15683.29,15683.29,8.0,2.0,0.0,0.0,0,0.6887588606441795,High Risk
C102591,11,1,8529.7245,8529.7245,2.0,1.0,0.0,1.0,0,0.6887580623466377,High Risk
C109769,598,1,25560.144,25560.144,6.0,1.0,0.0,1.0,1,0.6886779529219998,High Risk
C114629,27,1,12643.673499999999,12643.673499999999,11.0,0.0,0.0,1.0,0,0.6886679632332305,High Risk
C103664,75,1,4196.637,4196.637,6.0,2.0,0.0,1.0,0,0.6886451770078992,High Risk
C108496,33,1,3930.8400000000006,3930.8400000000006,8.0,0.0,0.0,1.0,0,0.6886177353202296,High Risk
C113399,161,1,23824.44,23824.44,12.0,5.0,0.0,0.0,1,0.6885781043102415,High Risk
C112034,533,1,16455.33,16455.33,9.0,3.0,0.0,0.0,1,0.688566722740528,High Risk
C110697,43,1,11966.484999999999,11966.484999999999,8.0,1.0,0.0,1.0,0,0.6885412131644071,High Risk
C101188,115,1,16836.9,16836.9,9.0,1.0,0.0,0.0,1,0.6885229032735637,High Risk
C110129,558,1,23673.36,23673.36,10.0,3.0,0.0,0.0,1,0.68851753501903,High Risk
C101955,599,1,30656.462,30656.462,11.0,2.0,0.0,1.0,1,0.6885034072924292,High Risk
C107830,194,1,15229.19,15229.19,11.0,3.0,0.0,0.0,1,0.6884449302440454,High Risk
C111022,365,1,20046.92,20046.92,8.0,3.0,0.0,0.0,1,0.6884214087486721,High Risk
C109512,82,1,12467.43,12467.43,9.0,1.0,0.0,0.0,0,0.6884086746882541,High Risk
C110224,846,1,33892.656,33892.656,9.0,3.0,0.0,1.0,1,0.6883144632398721,High Risk
C102587,181,1,13218.989999999998,13218.989999999998,6.0,1.0,0.0,0.0,1,0.6883134867298305,High Risk
C101184,17,1,55307.6045,55307.6045,7.0,3.0,0.0,1.0,0,0.6882624854828407,High Risk
C110032,793,1,30552.91,30552.91,6.0,0.0,0.0,1.0,1,0.6882563113470613,High Risk
C108746,106,1,20551.8015,20551.8015,9.0,4.0,1.0,1.0,1,0.6882148310155626,High Risk
C112472,23,1,31873.8865,31873.8865,10.0,4.0,0.0,1.0,0,0.6882082218012987,High Risk
C108544,86,1,43733.341499999995,43733.341499999995,11.0,3.0,0.0,1.0,0,0.6881621677191277,High Risk
C103552,35,1,1871.6670000000001,1871.6670000000001,10.0,4.0,0.0,1.0,0,0.6881571359080181,High Risk
C102133,559,1,19115.51,19115.51,3.0,1.0,0.0,0.0,1,0.6881524193739805,High Risk
C100865,88,1,15177.61,15177.61,7.0,3.0,0.0,0.0,0,0.6881250597661664,High Risk
C108270,466,1,15593.95,15593.95,7.0,3.0,0.0,0.0,1,0.6881250597661664,High Risk
C106925,0,1,15179.29,15179.29,7.0,3.0,0.0,0.0,0,0.6881250597661664,High Risk
C113625,316,1,21707.01,21707.01,10.0,1.0,0.0,0.0,1,0.6881235998868506,High Risk
C107184,538,1,14213.85,14213.85,6.0,1.0,0.0,0.0,1,0.6881108392886459,High Risk
C106270,522,1,9932.199999999999,9932.199999999999,7.0,4.0,1.0,0.0,1,0.6881063551028122,High Risk
C106555,50,1,6395.831999999999,6395.831999999999,4.0,2.0,0.0,1.0,0,0.6879713578010288,High Risk
C113821,83,1,10831.728000000001,10831.728000000001,9.0,1.0,0.0,1.0,0,0.6879160606423125,High Risk
C104737,102,1,682.06,682.06,7.0,3.0,0.0,0.0,1,0.6879077266778242,High Risk
C111983,3,1,18242.66,18242.66,10.0,2.0,0.0,0.0,0,0.6879011030098817,High Risk
C114699,3,1,34651.1085,34651.1085,5.0,2.0,0.0,1.0,0,0.6878917276711195,High Risk
C114673,1,1,20087.34,20087.34,8.0,1.0,0.0,0.0,0,0.6877925903650521,High Risk
C100495,141,1,31642.771,31642.771,6.0,1.0,0.0,1.0,1,0.6877596666627582,High Risk
C103543,195,1,11816.0335,11816.0335,7.0,1.0,0.0,1.0,1,0.6877402402809358,High Risk
C100628,98,4,183501.568,45875.392,12.0,4.0,1.0,0.75,1,0.6876151138616186,High Risk
C101845,64,1,12659.9765,12659.9765,9.0,1.0,0.0,1.0,0,0.6876045325752466,High Risk
C103889,341,1,19897.36,19897.36,11.0,1.0,0.0,0.0,1,0.6875931245156406,High Risk
C113428,221,1,9034.76,9034.76,5.0,1.0,0.0,0.0,1,0.6875412566393467,High Risk
C105107,0,1,12837.31,12837.31,9.0,1.0,0.0,0.0,0,0.6874514329435952,High Risk
C108494,11,1,66432.9,66432.9,10.0,2.0,1.0,0.0,0,0.6874510853035622,High Risk
C113623,484,1,1503.4,1503.4,6.0,3.0,0.0,0.0,1,0.6874427742639778,High Risk
C100841,88,1,23022.088,23022.088,3.0,1.0,0.0,1.0,0,0.6874231369107219,High Risk
C110263,237,1,22640.22,22640.22,9.0,3.0,0.0,0.0,1,0.6874169155371368,High Risk
C110369,205,1,14194.849999999999,14194.849999999999,8.0,2.0,0.0,0.0,1,0.6874122877677713,High Risk
C101036,51,1,16563.62,16563.62,6.0,1.0,0.0,0.0,0,0.6874040707645755,High Risk
C112289,273,1,32196.744499999997,32196.744499999997,5.0,1.0,0.0,1.0,1,0.6874005288418998,High Risk
C101731,166,1,722.5,722.5,8.0,0.0,0.0,0.0,1,0.6873785776587147,High Risk
C103724,57,1,19455.760000000002,19455.760000000002,6.0,3.0,0.0,0.0,0,0.6873234786825271,High Risk
C114254,0,1,47873.072,47873.072,9.0,2.0,0.0,1.0,0,0.68729603610027,High Risk
C113956,9,1,15210.55,15210.55,9.0,2.0,0.0,0.0,0,0.6872505771282138,High Risk
C100946,667,1,31469.319999999996,31469.319999999996,4.0,2.0,0.0,1.0,1,0.6872467393113096,High Risk
C105762,107,1,14605.96,14605.96,8.0,3.0,0.0,0.0,1,0.6871531646426025,High Risk
C113999,47,1,11856.015000000001,11856.015000000001,7.0,1.0,0.0,1.0,0,0.687108264179213,High Risk
C109215,376,1,15227.83,15227.83,12.0,3.0,0.0,0.0,1,0.6870492607739936,High Risk
C100388,706,1,15792.0,15792.0,13.0,3.0,0.0,0.0,1,0.6870276515754354,High Risk
C114450,29,1,26305.584000000003,26305.584000000003,8.0,3.0,0.0,1.0,0,0.6870107281703279,High Risk
C101065,703,1,22340.32,22340.32,7.0,2.0,0.0,0.0,1,0.686984370818253,High Risk
C106226,37,1,25585.11,25585.11,13.0,5.0,0.0,0.0,0,0.6869630531705175,High Risk
C100771,303,1,6894.34,6894.34,5.0,1.0,0.0,0.0,1,0.6869347367262513,High Risk
C112153,91,1,16141.72,16141.72,8.0,2.0,0.0,0.0,1,0.6869280473702488,High Risk
C112017,606,1,20006.75,20006.75,9.0,3.0,0.0,0.0,1,0.6868807874722723,High Risk
C102721,671,1,14566.77,14566.77,8.0,1.0,0.0,0.0,1,0.6868581508670979,High Risk
C104213,144,1,14525.6,14525.6,8.0,1.0,0.0,0.0,1,0.6868581508670979,High Risk
C101805,85,1,16123.0,16123.0,5.0,2.0,0.0,0.0,0,0.6868285077246619,High Risk
C114947,4,1,26632.593,26632.593,5.0,2.0,1.0,1.0,0,0.686801292877942,High Risk
C103968,964,1,19389.15,19389.15,10.0,2.0,0.0,0.0,1,0.6867824938034589,High Risk
C109922,20,1,49461.322499999995,49461.322499999995,9.0,4.0,0.0,1.0,0,0.6867448486357891,High Risk
C100024,329,1,65102.04,65102.04,10.0,1.0,1.0,0.0,1,0.6867034366995738,High Risk
C113447,131,1,18532.989999999998,18532.989999999998,10.0,3.0,0.0,0.0,1,0.6866856863462025,High Risk
C102288,24,1,18560.28,18560.28,10.0,3.0,0.0,0.0,0,0.6866856863462025,High Risk
C109864,42,1,13467.6,13467.6,7.0,4.0,1.0,1.0,0,0.6866678157156794,High Risk
C101709,35,1,21565.503,21565.503,6.0,2.0,0.0,1.0,0,0.686653002833463,High Risk
C106841,864,1,29312.624000000003,29312.624000000003,6.0,3.0,0.0,1.0,1,0.686644379256022,High Risk
C112247,57,1,3105.585,3105.585,14.0,3.0,0.0,1.0,0,0.6865435569936692,High Risk
C110527,148,1,1770.74,1770.74,3.0,1.0,0.0,0.0,1,0.6865206121665045,High Risk
C111875,879,1,29604.608,29604.608,10.0,3.0,0.0,1.0,1,0.6865082373165039,High Risk
C110296,96,1,13081.45,13081.45,9.0,3.0,0.0,0.0,1,0.6864249136274801,High Risk
C109297,14,1,32675.7425,32675.7425,10.0,3.0,0.0,1.0,0,0.6863696443454868,High Risk
C112659,584,1,16075.69,16075.69,6.0,2.0,0.0,0.0,1,0.6863424295927222,High Risk
C101653,448,1,16679.95,16679.95,11.0,2.0,0.0,0.0,1,0.6862625897622833,High Risk
C103616,484,1,8644.38,8644.38,5.0,3.0,0.0,0.0,1,0.6862551823952721,High Risk
C101647,100,1,13487.71,13487.71,14.0,2.0,0.0,0.0,1,0.6861974994993928,High Risk
C105610,608,1,13132.11,13132.11,5.0,0.0,0.0,0.0,1,0.6861683730512883,High Risk
C108874,83,1,13167.050000000001,13167.050000000001,5.0,0.0,0.0,0.0,0,0.6861683730512883,High Risk
C104594,171,1,21816.79,21816.79,9.0,4.0,0.0,0.0,1,0.6861641978569126,High Risk
C100383,310,1,16721.55,16721.55,6.0,2.0,0.0,0.0,1,0.6861140256004136,High Risk
C102340,17,1,10785.744,10785.744,7.0,1.0,0.0,1.0,0,0.6860791988117307,High Risk
C101372,142,1,10594.071,10594.071,8.0,0.0,0.0,1.0,1,0.6860677638781217,High Risk
C114574,92,1,3203.37,3203.37,9.0,1.0,0.0,0.0,1,0.6860188117636212,High Risk
C100634,178,1,13260.65,13260.65,8.0,2.0,0.0,0.0,1,0.6859703047716033,High Risk
C111778,119,1,31668.653999999995,31668.653999999995,4.0,1.0,0.0,1.0,1,0.6859190632766766,High Risk
C108643,202,1,32926.69,32926.69,5.0,0.0,0.0,0.0,1,0.685917629880731,High Risk
C102458,585,1,19869.39,19869.39,10.0,1.0,0.0,0.0,1,0.685906610005204,High Risk
C113520,156,1,24061.09,24061.09,13.0,4.0,0.0,0.0,1,0.6858938760421335,High Risk
C107820,52,1,1630.51,1630.51,5.0,2.0,0.0,0.0,0,0.6858850546661831,High Risk
C103285,191,1,34572.136,34572.136,7.0,2.0,0.0,1.0,1,0.6858622273343629,High Risk
C106065,109,1,54280.254499999995,54280.254499999995,3.0,1.0,0.0,1.0,1,0.6858321252019947,High Risk
C109432,87,1,30713.492,30713.492,8.0,4.0,0.0,1.0,0,0.6858153251084909,High Risk
C100403,839,1,2946.96,2946.96,6.0,1.0,0.0,0.0,1,0.6857482556754135,High Risk
C105413,213,1,13579.55,13579.55,8.0,2.0,0.0,0.0,1,0.6857349534094196,High Risk
C111743,132,1,47436.768,47436.768,9.0,2.0,0.0,1.0,1,0.6857170030240198,High Risk
C112008,341,1,15595.869999999999,15595.869999999999,11.0,1.0,0.0,0.0,1,0.6857116973052122,High Risk
C110939,961,1,21396.23,21396.23,9.0,2.0,0.0,0.0,1,0.6856798009473731,High Risk
C104731,329,1,4090.51,4090.51,6.0,0.0,0.0,0.0,1,0.6856757564310785,High Risk
C112938,172,1,22557.69,22557.69,7.0,2.0,0.0,0.0,1,0.6856417442427248,High Risk
C112344,63,1,24263.78,24263.78,13.0,5.0,0.0,0.0,0,0.6856100767617521,High Risk
C103912,42,1,16479.47,16479.47,6.0,1.0,0.0,0.0,0,0.6855675811059334,High Risk
C114253,239,1,60581.76000000001,60581.76000000001,6.0,3.0,1.0,0.0,1,0.6855432984288312,High Risk
C113330,704,1,26525.320499999994,26525.320499999994,9.0,2.0,0.0,1.0,1,0.6855234926276067,High Risk
C112754,70,1,48338.508,48338.508,9.0,2.0,0.0,1.0,0,0.6855035626019848,High Risk
C114525,148,1,48449.259,48449.259,9.0,2.0,0.0,1.0,1,0.6855035626019848,High Risk
C103761,28,1,13055.7,13055.7,8.0,3.0,0.0,0.0,0,0.6854117144738023,High Risk
C112834,148,1,17175.19,17175.19,9.0,2.0,0.0,0.0,1,0.6853185615433064,High Risk
C105871,157,1,64612.06999999999,64612.06999999999,8.0,2.0,0.0,1.0,1,0.68529590632573,High Risk
C109567,210,1,16900.46,16900.46,7.0,2.0,0.0,0.0,1,0.6852575654991061,High Risk
C113164,0,1,10693.457999999999,10693.457999999999,5.0,0.0,0.0,1.0,0,0.6851996505765942,High Risk
C111641,72,1,3191.36,3191.36,8.0,1.0,0.0,0.0,0,0.685193592128117,High Risk
C110113,47,1,30928.2665,30928.2665,6.0,1.0,1.0,1.0,0,0.6851331591248139,High Risk
C108840,498,1,16753.23,16753.23,6.0,2.0,0.0,0.0,1,0.6851280585117056,High Risk
C109448,215,1,21750.41,21750.41,9.0,1.0,0.0,0.0,1,0.6850973553564004,High Risk
C110660,482,1,53243.5,53243.5,14.0,4.0,0.0,0.0,1,0.6850012776871615,High Risk
C106103,8,1,18502.13,18502.13,6.0,2.0,0.0,0.0,0,0.684995013749665,High Risk
C104665,31,1,4128.984,4128.984,7.0,1.0,0.0,1.0,0,0.6849546107299372,High Risk
C112064,113,1,29397.0185,29397.0185,7.0,2.0,0.0,1.0,1,0.6849534213966,High Risk
C110626,105,1,29509.8785,29509.8785,7.0,2.0,0.0,1.0,1,0.6849534213966,High Risk
C107954,182,1,21680.03,21680.03,6.0,3.0,0.0,0.0,1,0.6849513947307786,High Risk
C103367,646,1,11702.064,11702.064,6.0,1.0,0.0,1.0,1,0.6849501125905024,High Risk
C105900,47,2,126518.7115,63259.35575,6.0,4.0,2.0,0.5,0,0.6849415770985785,High Risk
C109369,54,1,13084.69,13084.69,7.0,1.0,0.0,0.0,0,0.6849170420984122,High Risk
C107077,70,1,13942.460000000001,13942.460000000001,6.0,1.0,0.0,0.0,0,0.6848940453180679,High Risk
C103547,15,1,3774.64,3774.64,6.0,1.0,0.0,0.0,0,0.6848889267628339,High Risk
C106016,891,1,51010.096000000005,51010.096000000005,5.0,2.0,0.0,1.0,1,0.6848746004182208,High Risk
C112426,696,1,20361.33,20361.33,10.0,4.0,1.0,1.0,1,0.6848625777697274,High Risk
C114116,87,1,41229.031,41229.031,4.0,1.0,0.0,1.0,0,0.6848547892668332,High Risk
C112035,200,1,14006.43,14006.43,9.0,3.0,0.0,0.0,1,0.6848214703533287,High Risk
C106193,26,1,14242.06,14242.06,7.0,0.0,0.0,0.0,0,0.6848152823783262,High Risk
C114596,47,1,40552.3935,40552.3935,4.0,0.0,0.0,1.0,0,0.6848011887093761,High Risk
C107150,429,1,64877.03999999999,64877.03999999999,10.0,3.0,0.0,0.0,1,0.6847920706277836,High Risk
C107786,635,1,3586.45,3586.45,5.0,2.0,0.0,0.0,1,0.6847104049688961,High Risk
C106927,46,1,16435.77,16435.77,7.0,3.0,0.0,0.0,0,0.6847046360557302,High Risk
C105940,169,2,108283.1485,54141.574250000005,9.0,3.0,0.0,0.5,1,0.6847042884548563,High Risk
C105217,53,1,13568.44,13568.44,6.0,1.0,0.0,0.0,0,0.6847015757391887,High Risk
C109279,344,1,14037.048,14037.048,1.0,0.0,0.0,1.0,1,0.6846991882108594,High Risk
C108170,256,1,14377.1,14377.1,6.0,1.0,0.0,0.0,1,0.6845770575058256,High Risk
C103683,704,1,14417.39,14417.39,6.0,1.0,0.0,0.0,1,0.6845770575058256,High Risk
C105683,641,1,2351.6609999999996,2351.6609999999996,10.0,2.0,0.0,1.0,1,0.6845647781446194,High Risk
C102799,45,1,59139.21,59139.21,5.0,1.0,0.0,1.0,0,0.6845181475210257,High Risk
C108402,404,1,16932.2125,16932.2125,1.0,1.0,1.0,1.0,1,0.6845067934567765,High Risk
C100590,491,1,17157.92,17157.92,13.0,1.0,0.0,0.0,1,0.6843851410790434,High Risk
C100326,13,1,13685.45,13685.45,6.0,1.0,0.0,0.0,0,0.68431291363504,High Risk
C102578,303,1,14223.28,14223.28,8.0,2.0,0.0,0.0,1,0.6843042931912141,High Risk
C102503,70,1,13846.33,13846.33,6.0,3.0,0.0,0.0,0,0.6842751381778146,High Risk
C101426,280,1,47466.255999999994,47466.255999999994,3.0,0.0,0.0,1.0,1,0.6842065673866888,High Risk
C112246,2,1,30429.2945,30429.2945,12.0,4.0,0.0,1.0,0,0.6841726307553115,High Risk
C112851,271,1,15644.75,15644.75,7.0,2.0,0.0,0.0,1,0.6840762117290536,High Risk
C112722,7,1,15571.32,15571.32,7.0,2.0,0.0,0.0,0,0.6840762117290536,High Risk
C102756,343,1,15227.529999999999,15227.529999999999,7.0,2.0,0.0,0.0,1,0.6840762117290536,High Risk
C103949,37,1,24503.730000000003,24503.730000000003,10.0,4.0,0.0,0.0,0,0.6840411528910085,High Risk
C106587,257,1,507.11,507.11,11.0,3.0,0.0,0.0,1,0.68398207670573,High Risk
C108964,3,1,21786.68,21786.68,7.0,3.0,0.0,0.0,0,0.6839639747571639,High Risk
C106015,377,1,14154.58,14154.58,11.0,3.0,0.0,0.0,1,0.6838634633492169,High Risk
C104114,0,1,13984.64,13984.64,6.0,3.0,0.0,0.0,0,0.6838532016975074,High Risk
C111972,80,1,12458.537499999999,12458.537499999999,17.0,4.0,0.0,1.0,0,0.6837924202285299,High Risk
C112584,839,1,16427.22,16427.22,7.0,2.0,0.0,0.0,1,0.6837611692930621,High Risk
C105080,199,1,12231.31,12231.31,11.0,2.0,0.0,0.0,1,0.6837601116110218,High Risk
C109956,281,1,9521.95,9521.95,6.0,0.0,0.0,0.0,1,0.6836968806372465,High Risk
C108903,46,1,13035.79,13035.79,8.0,2.0,0.0,0.0,0,0.6836873992202149,High Risk
C114547,0,1,17114.06,17114.06,10.0,2.0,0.0,0.0,0,0.6835901081631388,High Risk
C106670,62,1,16726.73,16726.73,10.0,2.0,0.0,0.0,0,0.6835901081631388,High Risk
C113592,585,1,17089.61,17089.61,10.0,2.0,0.0,0.0,1,0.6835901081631388,High Risk
C104293,31,1,14237.42,14237.42,9.0,1.0,0.0,0.0,0,0.6835645156759498,High Risk
C113913,291,1,13213.4,13213.4,7.0,3.0,0.0,0.0,1,0.6832832557340562,High Risk
C112517,40,1,13219.86,13219.86,7.0,3.0,0.0,0.0,0,0.6832832557340562,High Risk
C106821,179,1,13802.41,13802.41,8.0,1.0,0.0,0.0,1,0.683266522063185,High Risk
C108778,350,1,13816.81,13816.81,8.0,2.0,0.0,0.0,1,0.6832364740058549,High Risk
C114066,165,1,15345.439999999999,15345.439999999999,12.0,2.0,0.0,0.0,1,0.6831965827398792,High Risk
C103626,29,1,42668.8695,42668.8695,5.0,3.0,0.0,1.0,0,0.6831470828713789,High Risk
C106288,7,1,20376.560000000005,20376.560000000005,11.0,5.0,1.0,1.0,0,0.6831085262295136,High Risk
C103012,27,1,20017.38,20017.38,5.0,0.0,0.0,0.0,0,0.6830921176550352,High Risk
C108549,153,1,14738.41,14738.41,8.0,3.0,0.0,0.0,1,0.6830877557377946,High Risk
C106187,310,1,32907.942,32907.942,8.0,1.0,0.0,1.0,1,0.6830151412326458,High Risk
C105572,150,1,15905.39,15905.39,10.0,2.0,0.0,0.0,1,0.6829791717093626,High Risk
C102720,18,1,22803.81,22803.81,9.0,3.0,0.0,0.0,0,0.6829660138160897,High Risk
C114030,45,1,32526.467999999997,32526.467999999997,9.0,1.0,0.0,1.0,0,0.6829468118773692,High Risk
C103141,609,1,1201.1,1201.1,9.0,4.0,0.0,0.0,1,0.6829316806517185,High Risk
C104077,528,1,20178.079999999998,20178.079999999998,10.0,1.0,0.0,0.0,1,0.6829278301806488,High Risk
C104502,188,1,18523.77,18523.77,7.0,2.0,0.0,0.0,1,0.6828987813008528,High Risk
C114212,121,1,12566.52,12566.52,14.0,6.0,0.0,0.0,1,0.6828854340392163,High Risk
C111606,60,1,23710.68,23710.68,8.0,1.0,1.0,0.0,0,0.6828498753855932,High Risk
C113038,126,1,12857.82,12857.82,13.0,2.0,0.0,0.0,1,0.6828198067757194,High Risk
C101230,29,1,65740.45999999999,65740.45999999999,9.0,2.0,1.0,0.0,0,0.6828011090379246,High Risk
C103942,52,1,15336.84,15336.84,11.0,2.0,0.0,0.0,0,0.6827913253082536,High Risk
C110415,18,1,52944.42,52944.42,5.0,2.0,0.0,0.0,0,0.6827749505261653,High Risk
C111108,25,2,101266.64,50633.32000000001,9.0,4.0,0.0,0.5,0,0.6827576040389668,High Risk
C105342,36,1,4480.71,4480.71,9.0,3.0,1.0,0.0,0,0.6826890951082356,High Risk
C108821,23,1,10864.503,10864.503,5.0,1.0,1.0,1.0,0,0.6826505237319477,High Risk
C111838,53,1,47427.671,47427.671,9.0,3.0,1.0,1.0,0,0.6826500979990803,High Risk
C100314,748,1,22947.14,22947.14,14.0,5.0,0.0,0.0,1,0.6826162240554949,High Risk
C109856,1043,1,14515.92,14515.92,14.0,1.0,0.0,0.0,1,0.6826043370426825,High Risk
C100905,501,1,12335.17,12335.17,10.0,4.0,0.0,0.0,1,0.6826017713681801,High Risk
C102913,118,1,7462.02,7462.02,7.0,1.0,0.0,0.0,1,0.6825745874416275,High Risk
C100066,186,1,33714.706,33714.706,10.0,4.0,0.0,1.0,1,0.6824974358663981,High Risk
C103118,4,1,10823.928,10823.928,7.0,3.0,0.0,1.0,0,0.6824174376836365,High Risk
C104357,367,1,20108.86,20108.86,10.0,3.0,0.0,0.0,1,0.682402064247591,High Risk
C100005,207,1,16546.36,16546.36,6.0,2.0,0.0,0.0,1,0.682362770689859,High Risk
C100975,12,1,34548.444,34548.444,6.0,3.0,1.0,1.0,0,0.682308727017533,High Risk
C102312,355,2,23662.690000000002,11831.345000000001,19.0,4.0,0.0,0.0,1,0.6822644933939468,High Risk
C107192,692,1,14297.24,14297.24,6.0,3.0,0.0,0.0,1,0.6822639360500298,High Risk
C101740,5,1,26051.428999999996,26051.428999999996,6.0,1.0,0.0,1.0,0,0.6822417968263291,High Risk
C107415,193,1,66008.709,66008.709,6.0,3.0,0.0,1.0,1,0.6822347759207446,High Risk
C103760,12,1,2050.38,2050.38,5.0,0.0,0.0,1.0,0,0.6821898377477944,High Risk
C110338,38,1,26149.638,26149.638,12.0,4.0,1.0,1.0,0,0.6821811812064645,High Risk
C109447,353,1,14331.64,14331.64,10.0,0.0,0.0,0.0,1,0.6821765537037515,High Risk
C107378,86,1,2961.7315,2961.7315,14.0,3.0,0.0,1.0,0,0.6821032257201467,High Risk
C110969,455,1,13742.72,13742.72,8.0,2.0,0.0,0.0,1,0.6820372806099256,High Risk
C112596,231,1,7676.38,7676.38,5.0,1.0,0.0,0.0,1,0.6819986361167245,High Risk
C114414,212,1,14178.86,14178.86,10.0,3.0,0.0,0.0,1,0.681992635939859,High Risk
C103059,46,1,17173.61,17173.61,6.0,2.0,0.0,0.0,0,0.6819683062455133,High Risk
C107354,53,1,20447.23,20447.23,11.0,2.0,1.0,0.0,0,0.6819665394192964,High Risk
C102536,66,1,14246.11,14246.11,11.0,3.0,0.0,0.0,0,0.6818590714697338,High Risk
C113843,83,1,14889.9,14889.9,6.0,1.0,0.0,0.0,0,0.6818336109678298,High Risk
C104693,144,1,14685.48,14685.48,6.0,1.0,0.0,0.0,1,0.6818336109678298,High Risk
C107477,642,1,33274.72,33274.72,5.0,0.0,0.0,0.0,1,0.6818003211878471,High Risk
C111780,-1,1,4654.89,4654.89,10.0,1.0,0.0,1.0,0,0.6817791249422133,High Risk
C104125,267,1,19825.14,19825.14,10.0,2.0,0.0,0.0,1,0.6817672951986173,High Risk
C102059,371,1,8563.13,8563.13,3.0,0.0,0.0,0.0,1,0.6817662397111052,High Risk
C102481,1021,1,14505.34,14505.34,7.0,3.0,0.0,0.0,1,0.6817460039157451,High Risk
C105379,15,1,14636.1,14636.1,8.0,3.0,0.0,0.0,0,0.6817019532084961,High Risk
C104458,3,1,26799.93,26799.93,7.0,0.0,0.0,1.0,0,0.6816768184589148,High Risk
C114509,35,1,30957.213,30957.213,8.0,1.0,0.0,1.0,0,0.6816515036767232,High Risk
C103682,418,1,26918.370000000003,26918.370000000003,8.0,1.0,0.0,1.0,1,0.6816403235217241,High Risk
C107121,125,1,19990.05,19990.05,7.0,0.0,0.0,0.0,1,0.6815485646593586,High Risk
C112523,207,1,30253.642999999996,30253.642999999996,9.0,2.0,0.0,1.0,1,0.6815391569739299,High Risk
C102256,410,1,3439.57,3439.57,9.0,0.0,0.0,0.0,1,0.6813741802403733,High Risk
C114051,372,1,60639.991500000004,60639.991500000004,6.0,2.0,0.0,1.0,1,0.6813596830438358,High Risk
C111178,98,1,4133.4,4133.4,6.0,1.0,0.0,0.0,1,0.6813360781204394,High Risk
C108004,628,1,26532.108,26532.108,7.0,0.0,0.0,1.0,1,0.6812162134148978,High Risk
C103660,82,1,21478.266,21478.266,10.0,2.0,0.0,1.0,0,0.6810386683474634,High Risk
C113788,615,1,18501.64,18501.64,3.0,1.0,0.0,0.0,1,0.6810383750262474,High Risk
C102596,6,1,21635.357,21635.357,5.0,1.0,0.0,1.0,0,0.681016140218955,High Risk
C108830,178,1,29850.265999999996,29850.265999999996,8.0,1.0,0.0,1.0,1,0.6809810043056015,High Risk
C106727,55,1,48957.246,48957.246,10.0,3.0,0.0,1.0,0,0.6809532963655992,High Risk
C114723,491,1,619.6754999999999,619.6754999999999,11.0,5.0,0.0,1.0,1,0.6809187762060906,High Risk
C107437,439,1,14397.12,14397.12,9.0,1.0,0.0,0.0,1,0.6808580413364875,High Risk
C101330,54,1,22593.43,22593.43,5.0,1.0,0.0,0.0,0,0.6808554814336263,High Risk
C101295,197,2,3397.8134999999997,1698.9067499999999,8.0,1.0,1.0,0.5,1,0.6807590982450202,High Risk
C110603,58,1,6836.328000000001,6836.328000000001,2.0,0.0,0.0,1.0,0,0.6807424530637719,High Risk
C110800,171,1,29174.575999999994,29174.575999999994,7.0,1.0,0.0,1.0,1,0.6807067168163691,High Risk
C102093,172,1,28520.93,28520.93,5.0,1.0,1.0,0.0,1,0.6806138882037334,High Risk
C105356,58,1,43960.224,43960.224,7.0,2.0,0.0,1.0,0,0.6805671338377987,High Risk
C104050,208,2,120835.76999999999,60417.884999999995,9.0,3.0,1.0,0.0,1,0.6805068180312461,High Risk
C106669,66,1,4133.424,4133.424,6.0,1.0,0.0,1.0,0,0.6804733217050121,High Risk
C107452,461,1,14918.85,14918.85,8.0,1.0,0.0,0.0,1,0.6804287050872425,High Risk
C100830,38,1,27874.035000000003,27874.035000000003,8.0,4.0,0.0,1.0,0,0.6804098813079669,High Risk
C110932,161,1,13235.37,13235.37,11.0,3.0,0.0,0.0,1,0.680402956566159,High Risk
C100855,312,1,14090.57,14090.57,10.0,2.0,0.0,0.0,1,0.6804026734535376,High Risk
C100559,416,1,3183.5984999999996,3183.5984999999996,16.0,4.0,0.0,1.0,1,0.6803685047888507,High Risk
C111840,196,1,1444.46,1444.46,9.0,4.0,0.0,0.0,1,0.680312292973316,High Risk
C106425,382,1,31704.620000000003,31704.620000000003,5.0,0.0,0.0,0.0,1,0.6802487900810493,High Risk
C111728,184,1,26988.832,26988.832,7.0,2.0,0.0,1.0,1,0.6802404067818171,High Risk
C114952,426,1,10978.623,10978.623,7.0,1.0,1.0,1.0,1,0.6802161024821026,High Risk
C111088,883,1,29879.960000000003,29879.960000000003,7.0,3.0,0.0,1.0,1,0.6802077403850446,High Risk
C109274,267,1,30901.086000000003,30901.086000000003,8.0,1.0,0.0,1.0,1,0.6801324858817138,High Risk
C110623,454,1,55760.19,55760.19,7.0,5.0,1.0,0.0,1,0.6801013673630605,High Risk
C100468,485,1,11090.25,11090.25,6.0,1.0,0.0,0.0,1,0.6800903245682517,High Risk
C104053,6,1,10257.6555,10257.6555,12.0,1.0,0.0,1.0,0,0.6798692326550695,High Risk
C111569,66,1,33703.569,33703.569,5.0,2.0,1.0,1.0,0,0.6798042694921417,High Risk
C103569,303,1,28855.72,28855.72,5.0,2.0,0.0,1.0,1,0.679650852937376,High Risk
C108255,576,1,28897.317000000003,28897.317000000003,5.0,2.0,0.0,1.0,1,0.679650852937376,High Risk
C108493,354,1,1566.14,1566.14,7.0,1.0,0.0,0.0,1,0.6796428402185226,High Risk
C101380,158,1,22189.79,22189.79,11.0,4.0,0.0,0.0,1,0.6795825952091714,High Risk
C111254,630,1,22560.0,22560.0,9.0,4.0,0.0,0.0,1,0.6795702383715251,High Risk
C107960,81,1,12998.289999999999,12998.289999999999,4.0,3.0,0.0,0.0,0,0.6795251958982789,High Risk
C102892,384,1,41392.03,41392.03,12.0,5.0,1.0,0.0,1,0.6795154256448025,High Risk
C109521,480,1,13797.28,13797.28,12.0,3.0,0.0,0.0,1,0.6794882010042366,High Risk
C108342,361,1,1343.79,1343.79,10.0,3.0,0.0,0.0,1,0.6794821979631424,High Risk
C112745,480,1,7460.25,7460.25,4.0,0.0,0.0,0.0,1,0.6794472109766064,High Risk
C111768,711,1,8955.43,8955.43,5.0,2.0,0.0,0.0,1,0.6793022199686943,High Risk
C114285,4,1,14730.14,14730.14,8.0,2.0,0.0,0.0,0,0.6791720682921634,High Risk
C100886,107,1,44423.2,44423.2,12.0,3.0,1.0,0.0,1,0.6791690688760242,High Risk
C106296,175,1,23679.780000000002,23679.780000000002,9.0,4.0,0.0,0.0,1,0.6791672706369647,High Risk
C110999,533,1,21621.57,21621.57,9.0,4.0,0.0,0.0,1,0.6791669001507077,High Risk
C110332,212,1,2995.25,2995.25,9.0,3.0,0.0,0.0,1,0.6791448409807829,High Risk
C112146,166,2,41059.948,20529.974,20.0,7.0,0.0,0.5,1,0.6791077163026281,High Risk
C112967,92,1,32132.26,32132.26,7.0,0.0,0.0,0.0,1,0.6790989407067862,High Risk
C100330,334,1,21808.52,21808.52,10.0,4.0,0.0,0.0,1,0.6790537470830834,High Risk
C104864,493,1,21920.33,21920.33,14.0,4.0,0.0,0.0,1,0.678934356910639,High Risk
C104713,72,1,21908.16,21908.16,14.0,4.0,0.0,0.0,0,0.678934356910639,High Risk
C114068,93,1,9044.53,9044.53,8.0,0.0,0.0,0.0,1,0.6788198997117127,High Risk
C104286,274,1,22274.09,22274.09,8.0,1.0,0.0,0.0,1,0.6787894818537415,High Risk
C100054,504,1,33866.455,33866.455,9.0,2.0,0.0,1.0,1,0.6787733681116924,High Risk
C103946,38,1,14346.56,14346.56,11.0,3.0,0.0,0.0,0,0.678701625707345,High Risk
C107979,641,1,19627.353,19627.353,6.0,4.0,0.0,1.0,1,0.6786989752415451,High Risk
C107034,259,1,46919.388499999994,46919.388499999994,9.0,3.0,0.0,1.0,1,0.678570105660507,High Risk
C100693,300,1,11309.16,11309.16,6.0,1.0,0.0,0.0,1,0.6785490615759161,High Risk
C112764,91,1,29834.728000000003,29834.728000000003,6.0,3.0,0.0,1.0,1,0.6785456080494903,High Risk
C109075,50,1,697.034,697.034,7.0,2.0,0.0,1.0,0,0.6785173579593904,High Risk
C114331,779,1,1202.54,1202.54,4.0,3.0,0.0,0.0,1,0.6784972630880035,High Risk
C107390,104,1,21298.568000000003,21298.568000000003,5.0,2.0,0.0,1.0,1,0.6784151504366703,High Risk
C114201,18,1,21011.6175,21011.6175,4.0,1.0,0.0,1.0,0,0.6783652789736101,High Risk
C106716,43,1,60134.26000000001,60134.26000000001,3.0,0.0,0.0,0.0,0,0.6783520319247799,High Risk
C102638,115,1,13938.44,13938.44,7.0,2.0,0.0,0.0,1,0.6783468417258605,High Risk
C109210,124,1,1435.3,1435.3,10.0,3.0,0.0,0.0,1,0.678342614501785,High Risk
C105459,62,1,3535.79,3535.79,9.0,3.0,0.0,0.0,0,0.6782289622359311,High Risk
C104451,369,1,44862.72,44862.72,12.0,4.0,1.0,0.0,1,0.6781969754044986,High Risk
C102199,127,2,107390.23400000001,53695.117,11.0,1.0,1.0,0.5,1,0.6781910897292737,High Risk
C111547,101,1,8122.65,8122.65,5.0,2.0,0.0,0.0,1,0.6781129974346173,High Risk
C103651,252,1,52076.65,52076.65,8.0,3.0,0.0,0.0,1,0.6780369035040043,High Risk
C101891,65,1,21356.8705,21356.8705,5.0,1.0,0.0,1.0,0,0.6779529812651769,High Risk
C113094,112,1,7862.23,7862.23,5.0,2.0,0.0,0.0,1,0.6779264506477971,High Risk
C107993,48,1,44761.9955,44761.9955,7.0,3.0,0.0,1.0,0,0.6778472902451064,High Risk
C100826,106,1,27283.116499999996,27283.116499999996,5.0,2.0,0.0,1.0,1,0.6778466825435592,High Risk
C107646,45,1,5166.76,5166.76,6.0,1.0,0.0,0.0,0,0.6778459302260011,High Risk
C113072,21,1,14236.2915,14236.2915,2.0,0.0,0.0,1.0,0,0.6778026642167232,High Risk
C102116,342,1,56315.770000000004,56315.770000000004,10.0,2.0,1.0,0.0,1,0.6777510705269038,High Risk
C108023,36,1,14494.41,14494.41,13.0,3.0,0.0,0.0,0,0.6775761733381812,High Risk
C111987,342,1,13670.23,13670.23,10.0,1.0,0.0,0.0,1,0.6775722577250055,High Risk
C103317,127,1,2861.52,2861.52,6.0,2.0,0.0,0.0,1,0.6775239685705859,High Risk
C113127,478,1,2863.04,2863.04,6.0,2.0,0.0,0.0,1,0.6775239685705859,High Risk
C114305,22,1,30886.418999999998,30886.418999999998,6.0,0.0,0.0,1.0,0,0.6774766765022566,High Risk
C114926,707,1,6507.89,6507.89,6.0,1.0,0.0,0.0,1,0.6772597990663388,High Risk
C100622,26,1,13864.19,13864.19,10.0,2.0,0.0,0.0,0,0.6771773629220462,High Risk
C103738,83,1,43844.9295,43844.9295,5.0,2.0,0.0,1.0,0,0.6771498345387816,High Risk
C104625,110,1,2818.24,2818.24,9.0,2.0,0.0,0.0,1,0.6770358017263467,High Risk
C105128,904,1,21565.4,21565.4,5.0,2.0,0.0,0.0,1,0.6769486204082921,High Risk
C113122,59,2,4174.891,2087.4455,12.0,3.0,0.0,0.5,0,0.676909562440565,High Risk
C105719,3,1,14286.54,14286.54,10.0,3.0,0.0,0.0,0,0.6768307982979873,High Risk
C107555,265,1,21047.839999999997,21047.839999999997,11.0,1.0,0.0,0.0,1,0.6768296672917471,High Risk
C110884,259,2,103100.794,51550.397,9.0,2.0,0.0,0.5,1,0.6767304377029375,High Risk
C100507,168,1,7350.12,7350.12,8.0,2.0,0.0,0.0,1,0.6767226693222429,High Risk
C113381,3,1,17439.376000000004,17439.376000000004,15.0,3.0,1.0,1.0,0,0.6766702447541115,High Risk
C111434,502,1,7092.68,7092.68,10.0,1.0,0.0,0.0,1,0.6766602719943906,High Risk
C111653,524,1,9991.08,9991.08,7.0,0.0,0.0,0.0,1,0.6765463012111442,High Risk
C114503,167,1,55448.130000000005,55448.130000000005,9.0,2.0,0.0,0.0,1,0.6765047292347116,High Risk
C109326,160,1,12979.21,12979.21,11.0,4.0,0.0,0.0,1,0.6764886098526776,High Risk
C102918,34,1,21938.9,21938.9,6.0,3.0,0.0,0.0,0,0.6764354486787212,High Risk
C108079,567,1,7055.38,7055.38,7.0,1.0,0.0,0.0,1,0.6763219337409138,High Risk
C104675,42,1,1523.63,1523.63,6.0,2.0,0.0,0.0,0,0.6762738142166195,High Risk
C104627,178,1,17334.39,17334.39,8.0,4.0,0.0,0.0,1,0.6762578898306145,High Risk
C100290,0,1,18028.9335,18028.9335,15.0,5.0,1.0,1.0,0,0.6762564428238246,High Risk
C101154,41,1,54137.086500000005,54137.086500000005,9.0,1.0,0.0,1.0,0,0.6762299418127268,High Risk
C114277,124,1,29841.752,29841.752,7.0,2.0,0.0,1.0,1,0.6761877484349783,High Risk
C105222,41,1,12350.984499999999,12350.984499999999,4.0,1.0,0.0,1.0,0,0.6761790772692241,High Risk
C114976,11,1,21340.08,21340.08,10.0,2.0,0.0,0.0,0,0.6761441369964244,High Risk
C112252,54,1,11345.96,11345.96,6.0,1.0,0.0,0.0,0,0.6761333120693064,High Risk
C103111,483,1,21295.3,21295.3,11.0,4.0,0.0,0.0,1,0.6759075992975678,High Risk
C113417,276,1,18380.43,18380.43,8.0,4.0,0.0,0.0,1,0.6758636830590881,High Risk
C105534,176,1,10895.01,10895.01,6.0,1.0,0.0,0.0,1,0.6758127648851545,High Risk
C113443,40,1,28289.547000000002,28289.547000000002,3.0,1.0,1.0,1.0,0,0.6757880852115773,High Risk
C100130,223,1,22530.12,22530.12,11.0,5.0,0.0,0.0,1,0.6756045392852552,High Risk
C102043,64,1,32643.68,32643.68,9.0,2.0,0.0,1.0,0,0.6755754099564618,High Risk
C103384,421,1,59624.812000000005,59624.812000000005,5.0,2.0,0.0,1.0,1,0.6754713000470494,High Risk
C104177,5,1,17021.547499999997,17021.547499999997,6.0,4.0,0.0,1.0,0,0.6753131182758908,High Risk
C112125,14,1,23402.260000000002,23402.260000000002,12.0,3.0,0.0,0.0,0,0.675232956267872,High Risk
C100614,26,1,4905.843,4905.843,4.0,0.0,0.0,1.0,0,0.6752166672064344,High Risk
C109568,142,1,7484.49,7484.49,10.0,2.0,0.0,0.0,1,0.6752070491555632,High Risk
C102034,269,4,198569.276,49642.319,8.0,3.0,2.0,0.5,1,0.6751530434661278,High Risk
C104600,543,3,116566.09199999999,38855.363999999994,8.0,7.0,2.0,0.3333333333333333,1,0.6751168036469285,High Risk
C108392,191,1,24920.600000000002,24920.600000000002,6.0,4.0,0.0,0.0,1,0.6751046899000748,High Risk
C103940,157,1,11410.84,11410.84,6.0,3.0,0.0,0.0,1,0.6749304135832029,High Risk
C105515,32,1,11557.51,11557.51,6.0,1.0,0.0,0.0,0,0.6748502555266299,High Risk
C110505,274,1,10737.6845,10737.6845,4.0,0.0,0.0,1.0,1,0.6748176719351474,High Risk
C111883,697,1,14407.38,14407.38,10.0,2.0,0.0,0.0,1,0.6747356288467471,High Risk
C101119,137,1,23517.62,23517.62,10.0,5.0,0.0,0.0,1,0.6746475622485173,High Risk
C109263,242,1,52171.54,52171.54,9.0,3.0,0.0,0.0,1,0.6746354717717385,High Risk
C101073,123,1,20593.63,20593.63,12.0,2.0,0.0,0.0,1,0.6746346472782899,High Risk
C103433,44,1,26814.0635,26814.0635,9.0,1.0,0.0,1.0,0,0.6746271588805388,High Risk
C110374,477,1,22645.510000000002,22645.510000000002,8.0,1.0,0.0,0.0,1,0.6745784356406103,High Risk
C114754,603,1,10005.94,10005.94,9.0,1.0,0.0,0.0,1,0.6745688233839409,High Risk
C111885,368,1,44741.799999999996,44741.799999999996,10.0,3.0,1.0,0.0,1,0.6745240795623572,High Risk
C103017,84,1,77141.05,77141.05,19.0,9.0,1.0,0.0,0,0.6744444795930288,High Risk
C104853,297,1,44275.689,44275.689,6.0,3.0,0.0,1.0,1,0.6743964196931733,High Risk
C112759,586,1,3022.9,3022.9,10.0,1.0,0.0,0.0,1,0.6743872879067853,High Risk
C109684,318,1,26489.0,26489.0,9.0,4.0,0.0,0.0,1,0.6743236774779873,High Risk
C110027,509,1,28012.25,28012.25,9.0,4.0,0.0,0.0,1,0.6741704922688159,High Risk
C103808,14,1,23711.02,23711.02,9.0,4.0,0.0,0.0,0,0.6741672706369647,High Risk
C103688,147,1,52302.18000000001,52302.18000000001,8.0,2.0,0.0,0.0,1,0.67413530267078,High Risk
C112105,546,1,22083.29,22083.29,6.0,1.0,0.0,0.0,1,0.674078804707571,High Risk
C114896,556,1,51986.91,51986.91,9.0,3.0,0.0,0.0,1,0.6740685399035914,High Risk
C107369,232,1,3923.46,3923.46,9.0,3.0,0.0,0.0,1,0.6740655446535174,High Risk
C110652,63,1,688.9495000000001,688.9495000000001,12.0,2.0,0.0,1.0,0,0.6740017854542775,High Risk
C110630,123,2,128124.1375,64062.06874999999,9.0,3.0,0.0,0.5,1,0.6739950963564624,High Risk
C108662,69,1,15006.7,15006.7,12.0,2.0,0.0,0.0,0,0.6739849391667824,High Risk
C102938,80,1,14829.21,14829.21,3.0,1.0,0.0,1.0,0,0.6739483668321651,High Risk
C114152,189,1,19054.76,19054.76,11.0,4.0,0.0,0.0,1,0.6739058026071202,High Risk
C114575,141,1,64104.83,64104.83,6.0,2.0,0.0,0.0,1,0.6737822029421685,High Risk
C113624,24,1,20034.62,20034.62,5.0,1.0,0.0,0.0,0,0.6737082245372421,High Risk
C103709,102,2,116084.317,58042.1585,9.0,1.0,0.0,0.5,1,0.673687949887863,High Risk
C114413,142,1,10669.44,10669.44,5.0,0.0,0.0,0.0,1,0.6736609009249857,High Risk
C102534,44,1,1432.91,1432.91,7.0,3.0,0.0,0.0,0,0.6735928139660393,High Risk
C104936,235,1,14886.24,14886.24,11.0,2.0,0.0,0.0,1,0.673579681735157,High Risk
C111691,946,1,50591.15,50591.15,5.0,2.0,1.0,0.0,1,0.6734958223086425,High Risk
C109978,165,1,31775.589999999997,31775.589999999997,10.0,0.0,0.0,0.0,1,0.6734870603237062,High Risk
C111027,41,1,8466.14,8466.14,5.0,2.0,0.0,0.0,0,0.6734755055843441,High Risk
C112823,226,1,10493.960000000001,10493.960000000001,3.0,0.0,0.0,1.0,1,0.6733753723533311,High Risk
C103486,172,1,31031.398499999996,31031.398499999996,7.0,1.0,0.0,1.0,1,0.6733395992826557,High Risk
C109444,41,1,30393.656000000003,30393.656000000003,5.0,2.0,0.0,1.0,0,0.6732259826626195,High Risk
C100662,215,1,21416.489999999998,21416.489999999998,7.0,2.0,0.0,0.0,1,0.6731525334965567,High Risk
C100510,7,1,27474.039,27474.039,6.0,2.0,0.0,1.0,0,0.6731275037206085,High Risk
C103255,0,1,32731.808000000005,32731.808000000005,8.0,4.0,1.0,1.0,0,0.6731195320717953,High Risk
C113754,756,1,30307.222999999998,30307.222999999998,7.0,3.0,0.0,1.0,1,0.673098004945347,High Risk
C110076,936,1,14749.68,14749.68,11.0,2.0,0.0,0.0,1,0.6730943423167755,High Risk
C114128,8,1,22998.56,22998.56,11.0,1.0,0.0,0.0,0,0.6729837481480107,High Risk
C105632,787,1,4313.57,4313.57,15.0,6.0,0.0,0.0,1,0.6727523161966747,High Risk
C112700,285,1,10693.181,10693.181,6.0,2.0,0.0,1.0,1,0.6727092235429982,High Risk
C112113,812,1,28431.848,28431.848,9.0,3.0,0.0,1.0,1,0.6726927569692799,High Risk
C103233,319,2,120318.59,60159.295,14.0,3.0,0.0,0.0,1,0.672537531080115,High Risk
C109042,450,1,7630.91,7630.91,6.0,2.0,0.0,0.0,1,0.6725318220471455,High Risk
C104051,24,1,10372.58,10372.58,6.0,3.0,0.0,0.0,0,0.6725176367528286,High Risk
C105014,163,1,14991.29,14991.29,10.0,2.0,0.0,0.0,1,0.6724775217271328,High Risk
C103084,899,2,103673.094,51836.547,8.0,1.0,0.0,0.5,1,0.6724403166534373,High Risk
C100027,48,1,10601.704,10601.704,8.0,3.0,0.0,1.0,0,0.6723914726787603,High Risk
C105404,6,1,10601.416000000001,10601.416000000001,8.0,3.0,0.0,1.0,0,0.6723914726787603,High Risk
C102402,132,1,34008.518,34008.518,4.0,2.0,0.0,1.0,1,0.6723853683181268,High Risk
C109236,418,1,2685.72,2685.72,9.0,3.0,0.0,0.0,1,0.6723057676522606,High Risk
C112813,489,1,32097.38,32097.38,6.0,1.0,1.0,0.0,1,0.6722486865767513,High Risk
C111324,274,2,74054.943,37027.4715,5.0,3.0,2.0,1.0,1,0.6722103876145198,High Risk
C111558,382,1,27932.238000000005,27932.238000000005,5.0,1.0,0.0,1.0,1,0.6720697990629758,High Risk
C100137,6,1,14792.93,14792.93,10.0,2.0,0.0,0.0,0,0.6719921823087514,High Risk
C103402,344,2,78112.008,39056.004,7.0,4.0,2.0,1.0,1,0.671988769912334,High Risk
C100546,162,1,11195.77,11195.77,7.0,1.0,0.0,0.0,1,0.6719655798850533,High Risk
C103789,303,2,117190.014,58595.007,7.0,2.0,0.0,0.5,1,0.6719349542244809,High Risk
C105677,28,1,25766.96,25766.96,12.0,4.0,0.0,0.0,0,0.6719242370854863,High Risk
C102703,211,1,14797.16,14797.16,13.0,1.0,0.0,0.0,1,0.6718500834999446,High Risk
C100817,549,1,6466.83,6466.83,6.0,3.0,0.0,0.0,1,0.6718396557632859,High Risk
C111603,23,1,22967.44,22967.44,10.0,2.0,0.0,0.0,0,0.671828031837045,High Risk
C112350,330,1,44416.78,44416.78,5.0,0.0,0.0,0.0,1,0.6717458755140521,High Risk
C112733,208,1,12516.732,12516.732,4.0,1.0,0.0,1.0,1,0.6717083876141655,High Risk
C109144,166,1,9317.99,9317.99,7.0,0.0,0.0,0.0,1,0.6716878631947951,High Risk
C103028,38,1,60649.74399999999,60649.74399999999,10.0,3.0,0.0,1.0,0,0.6714478284303977,High Risk
C110123,276,1,27754.7155,27754.7155,7.0,3.0,0.0,1.0,1,0.6714234752630732,High Risk
C111616,263,1,20048.94,20048.94,5.0,2.0,0.0,0.0,1,0.671315583888306,High Risk
C111453,10,1,19851.93,19851.93,7.0,2.0,0.0,0.0,0,0.6712670756255632,High Risk
C111960,417,2,6203.862000000001,3101.9310000000005,12.0,3.0,1.0,1.0,1,0.6712587542687731,High Risk
C106611,601,1,18443.89,18443.89,4.0,1.0,0.0,0.0,1,0.6712086932057129,High Risk
C105647,646,1,10533.0725,10533.0725,2.0,0.0,0.0,1.0,1,0.6711370635450984,High Risk
C104232,162,1,6841.87,6841.87,5.0,1.0,0.0,0.0,1,0.6711200332200502,High Risk
C111847,135,1,32067.199999999997,32067.199999999997,8.0,2.0,0.0,0.0,1,0.6711012617797456,High Risk
C112515,208,1,22464.02,22464.02,12.0,1.0,0.0,0.0,1,0.6710813105802775,High Risk
C103073,442,1,13004.65,13004.65,11.0,4.0,0.0,0.0,1,0.6710442015387507,High Risk
C100615,63,1,12993.77,12993.77,9.0,5.0,0.0,0.0,0,0.6710117955557813,High Risk
C110198,85,1,42901.299,42901.299,7.0,5.0,0.0,1.0,0,0.67099362442367,High Risk
C109709,134,1,26547.78,26547.78,3.0,1.0,1.0,0.0,1,0.6709474505091936,High Risk
C108347,171,1,11073.15,11073.15,6.0,3.0,0.0,0.0,1,0.6707505969759935,High Risk
C110266,420,1,27496.550000000003,27496.550000000003,12.0,4.0,0.0,0.0,1,0.6707360521990644,High Risk
C108548,499,1,11523.84,11523.84,8.0,3.0,0.0,0.0,1,0.670731470270338,High Risk
C109601,723,1,8284.57,8284.57,7.0,1.0,0.0,0.0,1,0.6707227660379922,High Risk
C103989,78,1,26768.055,26768.055,5.0,2.0,0.0,1.0,0,0.6707158021474084,High Risk
C104566,395,1,9496.39,9496.39,6.0,1.0,0.0,0.0,1,0.6706828755792981,High Risk
C112273,2,1,2369.792,2369.792,11.0,5.0,0.0,1.0,0,0.6706171908793338,High Risk
C112417,357,1,11393.939999999999,11393.939999999999,9.0,3.0,0.0,0.0,1,0.6705501250003763,High Risk
C106777,284,1,7078.92,7078.92,11.0,2.0,0.0,0.0,1,0.6704715371369264,High Risk
C105721,685,1,4384.94,4384.94,4.0,1.0,0.0,0.0,1,0.6704619761255591,High Risk
C113103,34,1,34075.31,34075.31,6.0,1.0,0.0,1.0,0,0.6704554876741173,High Risk
C101197,0,1,46419.489,46419.489,9.0,3.0,1.0,1.0,0,0.6704313457467538,High Risk
C108124,327,1,6788.08,6788.08,6.0,1.0,0.0,0.0,1,0.6702847665521553,High Risk
C101000,440,1,6817.91,6817.91,6.0,1.0,0.0,0.0,1,0.6702847665521553,High Risk
C100633,145,1,32259.2425,32259.2425,4.0,1.0,0.0,1.0,1,0.6702727351774809,High Risk
C103257,333,1,52627.671,52627.671,7.0,4.0,0.0,1.0,1,0.6700304079834271,High Risk
C105135,977,1,24608.03,24608.03,12.0,7.0,0.0,0.0,1,0.6700115966217683,High Risk
C105116,8,1,33307.71,33307.71,8.0,3.0,1.0,0.0,0,0.669920275652335,High Risk
C111471,5,1,28050.5455,28050.5455,9.0,5.0,1.0,1.0,0,0.6698736849025546,High Risk
C106544,326,1,17969.63,17969.63,2.0,2.0,0.0,0.0,1,0.6698728218246335,High Risk
C106405,411,1,20938.01,20938.01,12.0,4.0,0.0,0.0,1,0.6698211587951016,High Risk
C108574,374,2,101747.4,50873.7,8.0,3.0,0.0,0.0,1,0.6697810156082667,High Risk
C114144,226,1,4533.41,4533.41,6.0,1.0,0.0,0.0,1,0.6697601892951311,High Risk
C109182,183,2,4318.0665,2159.03325,13.0,3.0,0.0,0.5,1,0.6697388348957963,High Risk
C111975,206,1,32294.45,32294.45,5.0,1.0,0.0,0.0,1,0.6697212211878916,High Risk
C106489,278,1,32319.410000000003,32319.410000000003,5.0,1.0,0.0,0.0,1,0.6697212211878916,High Risk
C103670,128,1,47149.740000000005,47149.740000000005,8.0,0.0,0.0,0.0,1,0.6696321938814834,High Risk
C103623,92,1,7033.11,7033.11,12.0,3.0,0.0,0.0,1,0.6695242354922273,High Risk
C108366,312,1,8324.82,8324.82,7.0,0.0,0.0,0.0,1,0.6694879248340101,High Risk
C103553,503,1,8775.89,8775.89,6.0,2.0,0.0,0.0,1,0.6694713560891203,High Risk
C110941,364,1,33603.696,33603.696,7.0,2.0,0.0,1.0,1,0.6693570540960317,High Risk
C105317,163,1,3594.73,3594.73,10.0,1.0,0.0,0.0,1,0.6692729094777341,High Risk
C113364,86,1,1693.59,1693.59,10.0,1.0,0.0,0.0,0,0.6692167135843355,High Risk
C106933,72,1,20501.46,20501.46,7.0,0.0,0.0,0.0,0,0.6691828776194175,High Risk
C100549,105,4,180320.6115,45080.152875,12.0,4.0,1.0,0.5,1,0.6691295613166263,High Risk
C112731,1012,1,30162.12,30162.12,9.0,3.0,0.0,1.0,1,0.6691013079831556,High Risk
C109734,5,1,47223.227,47223.227,7.0,2.0,0.0,1.0,0,0.6690456221971388,High Risk
C106996,291,1,10863.96,10863.96,9.0,0.0,0.0,0.0,1,0.6688315191945549,High Risk
C107676,609,1,7780.06,7780.06,7.0,1.0,0.0,0.0,1,0.6687535306951918,High Risk
C112475,209,1,45419.950000000004,45419.950000000004,14.0,4.0,0.0,0.0,1,0.6687130059594457,High Risk
C105981,105,2,94681.63,47340.815,7.0,3.0,0.0,0.5,1,0.668695669459582,High Risk
C106926,95,1,11741.01,11741.01,5.0,2.0,0.0,0.0,1,0.6686916278741342,High Risk
C112228,37,1,12191.786999999998,12191.786999999998,4.0,2.0,0.0,1.0,0,0.6686676309730776,High Risk
C100708,17,1,7226.55,7226.55,8.0,1.0,0.0,0.0,0,0.6686622526246337,High Risk
C105689,36,1,24199.030000000002,24199.030000000002,3.0,1.0,1.0,0.0,0,0.6685869822692005,High Risk
C108520,1,1,4313.73,4313.73,7.0,1.0,0.0,0.0,0,0.6685853919488673,High Risk
C114642,319,1,2331.936,2331.936,14.0,5.0,0.0,1.0,1,0.6685583181512834,High Risk
C113659,29,1,30663.957499999997,30663.957499999997,6.0,2.0,0.0,1.0,0,0.6685548696943476,High Risk
C101636,21,1,20959.78,20959.78,8.0,1.0,0.0,0.0,0,0.6685283602329097,High Risk
C101869,8,1,20810.24,20810.24,13.0,4.0,1.0,0.0,0,0.6684672964848251,High Risk
C101837,443,1,11979.98,11979.98,6.0,2.0,0.0,0.0,1,0.6684449851331726,High Risk
C112282,347,1,1475.49,1475.49,10.0,4.0,0.0,0.0,1,0.6684124239669009,High Risk
C113134,153,1,30944.673,30944.673,6.0,3.0,0.0,1.0,1,0.6683264639135814,High Risk
C108218,284,1,6658.4,6658.4,6.0,3.0,0.0,0.0,1,0.668262593057991,High Risk
C113434,107,1,11278.04,11278.04,8.0,2.0,0.0,0.0,1,0.6682421458898625,High Risk
C105332,172,1,11543.18,11543.18,2.0,1.0,0.0,0.0,1,0.6682370334643919,High Risk
C100188,35,1,4155.8225,4155.8225,8.0,0.0,0.0,1.0,0,0.6681887868467803,High Risk
C109637,410,1,45835.26,45835.26,7.0,0.0,0.0,0.0,1,0.6681514160707307,High Risk
C108669,519,1,49834.28999999999,49834.28999999999,10.0,4.0,1.0,0.0,1,0.6680707995120874,High Risk
C111523,35,1,12056.16,12056.16,6.0,2.0,0.0,0.0,0,0.6680376293966375,High Risk
C106024,16,1,10699.928,10699.928,7.0,3.0,0.0,1.0,0,0.6679560108354999,High Risk
C105397,0,1,22319.17,22319.17,12.0,1.0,0.0,0.0,0,0.6678260672000197,High Risk
C110919,119,1,9005.11,9005.11,7.0,1.0,0.0,0.0,1,0.6677990925842537,High Risk
C104266,115,1,53994.869999999995,53994.869999999995,6.0,2.0,0.0,0.0,1,0.6676521804730935,High Risk
C114448,3,1,30805.666,30805.666,7.0,3.0,0.0,1.0,0,0.6676365684541916,High Risk
C100382,9,1,4675.161499999999,4675.161499999999,2.0,2.0,0.0,1.0,0,0.6675514830985034,High Risk
C102726,223,1,5233.49,5233.49,7.0,1.0,0.0,0.0,1,0.667373899290305,High Risk
C111327,409,1,7413.04,7413.04,9.0,4.0,0.0,0.0,1,0.6672602288036658,High Risk
C110847,74,3,161071.289,53690.42966666666,12.0,1.0,2.0,0.3333333333333333,0,0.6672008753079336,High Risk
C111621,68,1,4157.485,4157.485,5.0,2.0,0.0,1.0,0,0.6671279901133552,High Risk
C108599,278,1,28053.9,28053.9,10.0,3.0,0.0,0.0,1,0.6671058462176034,High Risk
C105471,604,1,57586.67,57586.67,14.0,4.0,0.0,0.0,1,0.6670080412991374,High Risk
C105284,320,1,9157.0,9157.0,8.0,1.0,0.0,0.0,1,0.6669983462804291,High Risk
C102624,88,1,54473.328,54473.328,6.0,1.0,0.0,1.0,0,0.6669613288588646,High Risk
C109850,393,1,12405.91,12405.91,6.0,4.0,0.0,0.0,1,0.666942520922839,High Risk
C114261,146,1,51880.0,51880.0,7.0,2.0,0.0,0.0,1,0.6668826464876,High Risk
C114505,504,1,10613.376,10613.376,4.0,1.0,0.0,1.0,1,0.6666866979226745,High Risk
C102370,215,1,14321.87,14321.87,3.0,1.0,0.0,0.0,1,0.6666724068172927,High Risk
C109194,117,1,10826.23,10826.23,8.0,0.0,0.0,0.0,1,0.6666289290474939,High Risk
C100283,167,1,11491.789999999999,11491.789999999999,7.0,3.0,0.0,0.0,1,0.6665994426050829,High Risk
C104072,342,1,16690.059999999998,16690.059999999998,10.0,4.0,0.0,0.0,1,0.6665846174770613,High Risk
C107605,20,1,30132.873,30132.873,12.0,3.0,0.0,1.0,0,0.6664974468213549,High Risk
C112802,99,2,105605.4455,52802.72275,5.0,4.0,0.0,0.5,1,0.6664005914852502,High Risk
C108536,82,1,12252.886,12252.886,4.0,1.0,0.0,1.0,0,0.6663852388144317,High Risk
C102449,0,1,32287.743,32287.743,4.0,2.0,0.0,1.0,0,0.6663619288542172,High Risk
C106449,50,1,33504.516,33504.516,13.0,2.0,0.0,1.0,0,0.6663555202874255,High Risk
C100480,179,1,10311.19,10311.19,6.0,2.0,0.0,0.0,1,0.6663411667281385,High Risk
C114390,51,1,10194.04,10194.04,7.0,0.0,0.0,0.0,0,0.666321980418048,High Risk
C103692,126,1,32389.18,32389.18,8.0,5.0,0.0,0.0,1,0.6662713034132608,High Risk
C102528,540,1,28673.669499999996,28673.669499999996,7.0,4.0,0.0,1.0,1,0.6662645019011305,High Risk
C111202,190,1,11113.71,11113.71,11.0,1.0,0.0,0.0,1,0.6661096871209421,High Risk
C106971,13,1,7190.37,7190.37,6.0,2.0,0.0,0.0,0,0.6660455333246794,High Risk
C110340,211,1,47689.983,47689.983,7.0,4.0,1.0,1.0,1,0.6660188939849337,High Risk
C114281,141,1,3080.62,3080.62,10.0,3.0,0.0,0.0,1,0.6660061630032306,High Risk
C109859,140,1,41211.67,41211.67,7.0,0.0,0.0,0.0,1,0.6659299075151197,High Risk
C111194,415,1,20459.559999999998,20459.559999999998,7.0,3.0,0.0,0.0,1,0.6658735684288061,High Risk
C102182,70,1,19681.440000000002,19681.440000000002,11.0,4.0,0.0,0.0,0,0.6658506441097173,High Risk
C112511,35,1,7622.55,7622.55,7.0,1.0,0.0,0.0,0,0.6658452228710365,High Risk
C100350,207,1,17146.84,17146.84,10.0,4.0,0.0,0.0,1,0.6657911402483758,High Risk
C107692,371,1,53934.11,53934.11,7.0,0.0,0.0,0.0,1,0.6657160191600999,High Risk
C109954,55,1,18678.654000000002,18678.654000000002,5.0,4.0,1.0,1.0,0,0.6656936454924994,High Risk
C103153,134,1,9117.88,9117.88,9.0,2.0,0.0,0.0,1,0.6656699499693627,High Risk
C113129,194,1,11376.37,11376.37,7.0,3.0,0.0,0.0,1,0.6656279625847723,High Risk
C111661,109,1,33535.38,33535.38,5.0,0.0,0.0,0.0,1,0.6656197986570046,High Risk
C101688,121,1,4128.84,4128.84,9.0,2.0,0.0,0.0,1,0.6654835548260961,High Risk
C110144,188,1,8512.48,8512.48,9.0,2.0,0.0,0.0,1,0.6654786823500466,High Risk
C109841,2,1,13069.8,13069.8,9.0,4.0,0.0,0.0,0,0.6653521784411275,High Risk
C114398,667,1,8122.36,8122.36,9.0,2.0,0.0,0.0,1,0.6653317876414111,High Risk
C100045,88,1,8290.83,8290.83,9.0,2.0,0.0,0.0,0,0.6653317876414111,High Risk
C113991,281,1,8116.12,8116.12,9.0,2.0,0.0,0.0,1,0.6653317876414111,High Risk
C114660,15,1,1373.26,1373.26,7.0,2.0,0.0,0.0,0,0.6652153280537908,High Risk
C113202,245,1,28308.74,28308.74,10.0,4.0,0.0,1.0,1,0.6651264372022855,High Risk
C102597,647,1,28401.807999999997,28401.807999999997,10.0,4.0,0.0,1.0,1,0.6651264372022855,High Risk
C104520,83,1,9067.67,9067.67,8.0,3.0,0.0,0.0,0,0.6650478302416998,High Risk
C101741,129,1,9753.56,9753.56,5.0,2.0,0.0,0.0,1,0.664971619088923,High Risk
C106444,249,1,26725.23,26725.23,6.0,2.0,0.0,1.0,1,0.6649574402951298,High Risk
C110404,521,1,16493.55,16493.55,9.0,4.0,0.0,0.0,1,0.6648905882506412,High Risk
C103842,13,1,8935.45,8935.45,7.0,1.0,0.0,0.0,0,0.6648189081230094,High Risk
C107833,373,1,48679.3,48679.3,11.0,4.0,1.0,0.0,1,0.6648033519629396,High Risk
C100463,64,1,9533.49,9533.49,7.0,4.0,1.0,0.0,0,0.6647709272387426,High Risk
C109380,579,1,2211.22,2211.22,9.0,3.0,0.0,0.0,1,0.6647420159860499,High Risk
C104417,28,1,6071.958,6071.958,3.0,0.0,0.0,1.0,0,0.6647071085640238,High Risk
C111048,137,2,94960.66900000001,47480.334500000004,7.0,1.0,2.0,1.0,1,0.6647054250159897,High Risk
C101461,122,1,17211.370000000003,17211.370000000003,10.0,4.0,0.0,0.0,1,0.6645985137009071,High Risk
C100881,154,1,3550.36,3550.36,4.0,2.0,0.0,0.0,1,0.6645370902542003,High Risk
C114734,363,1,10357.47,10357.47,10.0,3.0,0.0,0.0,1,0.6644875598264188,High Risk
C106963,613,1,16561.050000000003,16561.050000000003,4.0,0.0,0.0,0.0,1,0.6644756936109971,High Risk
C106127,383,1,4314.65,4314.65,9.0,3.0,0.0,0.0,1,0.6644142288489628,High Risk
C102193,601,1,9944.51,9944.51,8.0,2.0,0.0,0.0,1,0.6643005939324975,High Risk
C103502,297,1,28394.88,28394.88,6.0,2.0,0.0,0.0,1,0.6642017899967151,High Risk
C107161,53,1,45808.22,45808.22,8.0,3.0,1.0,0.0,0,0.6641701063790254,High Risk
C106835,107,1,31920.870000000003,31920.870000000003,8.0,1.0,0.0,0.0,1,0.6641450923318603,High Risk
C107491,256,1,8437.4,8437.4,8.0,2.0,0.0,0.0,1,0.6641416585041964,High Risk
C102937,14,1,0.0,0.0,6.0,2.0,0.0,0.0,0,0.6641164281148888,High Risk
C103130,0,1,1904.4555,1904.4555,12.0,1.0,0.0,1.0,0,0.6641048897048178,High Risk
C114097,412,2,5311.104,2655.552,8.0,2.0,1.0,0.5,1,0.6640961061938054,High Risk
C110599,444,1,8360.74,8360.74,12.0,1.0,0.0,0.0,1,0.6640556852735686,High Risk
C112708,54,1,8245.3,8245.3,7.0,3.0,0.0,0.0,0,0.6640250341322688,High Risk
C112760,11,1,9634.3845,9634.3845,2.0,0.0,0.0,1.0,0,0.6639683253426587,High Risk
C107904,364,1,32274.339999999997,32274.339999999997,8.0,2.0,0.0,0.0,1,0.6639591091746937,High Risk
C113188,87,1,8806.44,8806.44,8.0,1.0,0.0,0.0,0,0.6639236459132382,High Risk
C111428,27,1,9155.27,9155.27,7.0,1.0,0.0,0.0,0,0.6638551831398578,High Risk
C101394,942,1,2853.59,2853.59,10.0,2.0,0.0,0.0,1,0.6637691419630717,High Risk
C100653,264,1,30047.5595,30047.5595,8.0,2.0,0.0,1.0,1,0.6637369981455573,High Risk
C105475,350,1,33013.3,33013.3,5.0,2.0,0.0,0.0,1,0.6637221838518844,High Risk
C102648,20,1,4270.43,4270.43,5.0,2.0,0.0,0.0,0,0.6635066332162676,High Risk
C102716,100,1,16520.73,16520.73,10.0,4.0,0.0,0.0,1,0.6634864077847547,High Risk
C105417,379,1,7248.21,7248.21,8.0,5.0,0.0,0.0,1,0.663470999086532,High Risk
C102107,544,1,60232.479999999996,60232.479999999996,7.0,2.0,0.0,0.0,1,0.663411295136264,High Risk
C113920,45,1,10711.11,10711.11,10.0,2.0,1.0,0.0,0,0.6634075716126868,High Risk
C109959,525,1,7001.73,7001.73,10.0,5.0,0.0,0.0,1,0.6634066752922732,High Risk
C109546,145,1,15486.27,15486.27,4.0,3.0,0.0,0.0,1,0.6633776975727291,High Risk
C102156,160,1,2117.31,2117.31,5.0,2.0,0.0,0.0,1,0.6633210675415668,High Risk
C111820,367,1,6509.16,6509.16,6.0,2.0,0.0,0.0,1,0.6633127014004241,High Risk
C107029,15,1,11246.68,11246.68,3.0,0.0,0.0,0.0,0,0.6633108833834362,High Risk
C108343,43,1,11842.8,11842.8,5.0,1.0,0.0,0.0,0,0.6632994318754813,High Risk
C107922,255,1,8259.51,8259.51,9.0,0.0,0.0,0.0,1,0.6632847966305083,High Risk
C100668,196,1,2816.7,2816.7,7.0,2.0,0.0,0.0,1,0.6632501374663186,High Risk
C114242,7,1,20193.989999999998,20193.989999999998,6.0,2.0,0.0,0.0,0,0.663227777778066,High Risk
C109083,61,1,20023.78,20023.78,6.0,2.0,0.0,0.0,0,0.663227777778066,High Risk
C108589,35,1,28659.36,28659.36,9.0,3.0,0.0,0.0,0,0.6632270128780341,High Risk
C105521,13,1,16804.96,16804.96,4.0,0.0,0.0,0.0,0,0.6632269485215516,High Risk
C111423,732,1,4418.1,4418.1,6.0,2.0,0.0,0.0,1,0.663155532070363,High Risk
C108195,171,1,13203.61,13203.61,10.0,5.0,0.0,0.0,1,0.663089843374165,High Risk
C106944,454,2,100001.45,50000.725,8.0,5.0,0.0,0.0,1,0.663088792041651,High Risk
C101616,70,1,9985.75,9985.75,7.0,3.0,0.0,0.0,0,0.6629416211752318,High Risk
C110729,24,1,13035.46,13035.46,11.0,4.0,0.0,0.0,0,0.6629379763256956,High Risk
C103291,311,1,47089.94,47089.94,15.0,2.0,0.0,0.0,1,0.6628786797254915,High Risk
C111645,731,1,8895.07,8895.07,9.0,3.0,0.0,0.0,1,0.6628724909600269,High Risk
C104612,20,1,26605.296,26605.296,7.0,1.0,0.0,1.0,0,0.6627970308945349,High Risk
C107894,358,1,5530.42,5530.42,6.0,3.0,0.0,0.0,1,0.6627902639524537,High Risk
C112026,428,1,21081.27,21081.27,7.0,1.0,0.0,0.0,1,0.6627481827788799,High Risk
C113055,314,1,20338.22,20338.22,4.0,0.0,0.0,0.0,1,0.662686217361041,High Risk
C107723,902,1,7880.61,7880.61,8.0,3.0,0.0,0.0,1,0.6626109176788882,High Risk
C109892,196,1,5983.02,5983.02,6.0,0.0,0.0,0.0,1,0.6625602930639981,High Risk
C102170,180,1,10187.54,10187.54,11.0,1.0,0.0,0.0,1,0.6625261881073408,High Risk
C109520,224,1,2332.8,2332.8,8.0,1.0,0.0,0.0,1,0.6624312342726083,High Risk
C109918,180,1,17074.36,17074.36,13.0,4.0,0.0,0.0,1,0.662328887926134,High Risk
C106534,69,1,15313.61,15313.61,9.0,4.0,0.0,0.0,0,0.6622730873018141,High Risk
C103672,89,1,33487.56,33487.56,6.0,3.0,0.0,1.0,0,0.6622089194625727,High Risk
C101858,222,1,28933.93,28933.93,4.0,1.0,0.0,0.0,1,0.6622069041308862,High Risk
C104020,422,1,19487.24,19487.24,16.0,4.0,0.0,0.0,1,0.6622023952022172,High Risk
C110764,140,1,7285.08,7285.08,14.0,5.0,0.0,0.0,1,0.6621997475508712,High Risk
C109660,745,1,10239.41,10239.41,3.0,0.0,0.0,0.0,1,0.6620402791765483,High Risk
C112651,122,1,11739.19,11739.19,6.0,2.0,0.0,0.0,1,0.6619653867657221,High Risk
C113382,72,1,44391.636,44391.636,3.0,0.0,0.0,1.0,0,0.6619137564426495,High Risk
C111767,46,1,9395.91,9395.91,8.0,1.0,0.0,0.0,0,0.6618397223402205,High Risk
C105745,7,1,24065.910000000003,24065.910000000003,13.0,1.0,1.0,0.0,0,0.661762392160157,High Risk
C107610,378,1,12993.14,12993.14,15.0,4.0,0.0,0.0,1,0.6616864469300882,High Risk
C108210,756,1,7217.84,7217.84,12.0,2.0,0.0,0.0,1,0.6616824317907037,High Risk
C100637,30,1,9782.0,9782.0,11.0,2.0,1.0,0.0,0,0.6616678339975328,High Risk
C105733,1007,1,10966.21,10966.21,6.0,2.0,0.0,0.0,1,0.6615454046062681,High Risk
C103129,519,1,32334.269999999997,32334.269999999997,9.0,5.0,0.0,0.0,1,0.661515862012148,High Risk
C107122,72,1,21001.82,21001.82,9.0,1.0,0.0,0.0,0,0.6614518375860259,High Risk
C111177,81,1,7795.79,7795.79,9.0,1.0,0.0,0.0,0,0.6614381937328855,High Risk
C102652,434,1,32468.489999999998,32468.489999999998,7.0,2.0,1.0,0.0,1,0.6613309235420296,High Risk
C114410,5,1,46314.378,46314.378,8.0,4.0,1.0,1.0,0,0.6612761164752514,High Risk
C106981,501,1,8603.56,8603.56,8.0,2.0,0.0,0.0,1,0.6612394932243336,High Risk
C109840,565,1,50100.270000000004,50100.270000000004,4.0,2.0,0.0,0.0,1,0.6612386481096618,High Risk
C111951,81,1,5590.87,5590.87,5.0,0.0,0.0,0.0,0,0.6610073760406882,High Risk
C111195,116,2,78824.746,39412.373,14.0,5.0,2.0,0.5,1,0.6610064396262828,High Risk
C110176,11,1,8326.98,8326.98,8.0,0.0,0.0,0.0,0,0.660989461326119,High Risk
C100053,207,1,3597.11,3597.11,8.0,3.0,0.0,0.0,1,0.6609671826658048,High Risk
C108205,254,1,54805.53,54805.53,10.0,3.0,0.0,0.0,1,0.6609446750221675,High Risk
C107357,423,1,9505.17,9505.17,8.0,3.0,0.0,0.0,1,0.6608318076401695,High Risk
C112956,119,1,8122.04,8122.04,11.0,3.0,0.0,0.0,1,0.660799395781253,High Risk
C112421,22,1,2633.63,2633.63,7.0,1.0,0.0,0.0,0,0.6607728833083102,High Risk
C103868,456,1,42567.14,42567.14,13.0,2.0,0.0,0.0,1,0.6607649971997424,High Risk
C101091,697,1,1158.87,1158.87,12.0,4.0,0.0,0.0,1,0.6607164964063494,High Risk
C114829,226,1,5757.29,5757.29,18.0,3.0,0.0,0.0,1,0.6605453535399556,High Risk
C106052,40,1,11641.03,11641.03,8.0,2.0,0.0,0.0,0,0.6604973802218769,High Risk
C107173,145,1,17477.85,17477.85,4.0,1.0,0.0,0.0,1,0.6604303068377352,High Risk
C108040,77,1,32669.47,32669.47,8.0,3.0,0.0,0.0,0,0.6604047876637719,High Risk
C106369,201,1,32687.5,32687.5,8.0,3.0,0.0,0.0,1,0.6604047876637719,High Risk
C109810,121,1,39768.084,39768.084,3.0,2.0,0.0,1.0,1,0.6603717988987223,High Risk
C108442,180,1,51903.549999999996,51903.549999999996,12.0,2.0,0.0,0.0,1,0.6603344397962881,High Risk
C108764,9,1,11863.27,11863.27,8.0,0.0,0.0,0.0,0,0.6602415159440393,High Risk
C112912,63,1,11786.07,11786.07,8.0,3.0,0.0,0.0,0,0.6602211721884313,High Risk
C102779,255,1,16484.74,16484.74,13.0,4.0,0.0,0.0,1,0.6602166453225354,High Risk
C114878,153,2,5220.2445,2610.1222499999994,11.0,5.0,0.0,0.5,1,0.6602038683512569,High Risk
C101842,455,1,7700.92,7700.92,8.0,3.0,0.0,0.0,1,0.6601436048221037,High Risk
C104822,422,1,7645.81,7645.81,8.0,3.0,0.0,0.0,1,0.6601436048221037,High Risk
C101022,148,1,10878.93,10878.93,6.0,2.0,0.0,0.0,1,0.6600287674292395,High Risk
C111533,158,2,3953.51,1976.755,5.0,2.0,1.0,0.5,1,0.659940719181975,High Risk
C108241,14,1,38915.64,38915.64,14.0,3.0,0.0,0.0,0,0.6599011004074735,High Risk
C114207,92,1,36704.84,36704.84,5.0,0.0,0.0,0.0,1,0.6598831795049168,High Risk
C100857,341,1,10470.36,10470.36,8.0,2.0,0.0,0.0,1,0.6598767287345559,High Risk
C100264,194,1,4378.46,4378.46,11.0,1.0,0.0,0.0,1,0.6598078241381085,High Risk
C108559,296,1,32784.1,32784.1,3.0,0.0,0.0,0.0,1,0.659766370471357,High Risk
C114035,296,1,4407.17,4407.17,8.0,2.0,0.0,0.0,1,0.6597263242789567,High Risk
C114862,4,1,53071.979999999996,53071.979999999996,7.0,1.0,0.0,0.0,0,0.659705093907035,High Risk
C106840,11,1,26476.765999999996,26476.765999999996,7.0,1.0,0.0,1.0,0,0.6597029265635047,High Risk
C105809,25,1,782.6954999999999,782.6954999999999,10.0,6.0,0.0,1.0,0,0.6596875999809886,High Risk
C102391,27,1,7638.0065,7638.0065,16.0,2.0,0.0,1.0,0,0.6596524369819893,High Risk
C108146,38,1,1961.3919999999998,1961.3919999999998,9.0,3.0,1.0,1.0,0,0.659613564748025,High Risk
C101807,339,1,1414.18,1414.18,13.0,1.0,0.0,0.0,1,0.6594865186513593,High Risk
C105468,24,1,9520.9,9520.9,3.0,0.0,0.0,0.0,0,0.6593360365329793,High Risk
C104326,562,1,8809.67,8809.67,7.0,2.0,0.0,0.0,1,0.6592674300293995,High Risk
C112305,42,1,918.41,918.41,9.0,1.0,0.0,0.0,0,0.6591936154172228,High Risk
C104130,201,1,26505.0665,26505.0665,6.0,1.0,0.0,1.0,1,0.6591458037443442,High Risk
C102393,11,1,16256.949999999999,16256.949999999999,4.0,0.0,0.0,0.0,0,0.6590843601833677,High Risk
C110907,254,1,32466.84,32466.84,6.0,2.0,0.0,0.0,1,0.6590756624436339,High Risk
C101690,20,1,8896.15,8896.15,11.0,1.0,0.0,0.0,0,0.6590324625824862,High Risk
C108835,112,1,38085.659999999996,38085.659999999996,10.0,3.0,1.0,0.0,1,0.6590314059040793,High Risk
C102137,47,1,20390.76,20390.76,13.0,2.0,0.0,0.0,0,0.6590267162923047,High Risk
C112329,221,1,42752.520000000004,42752.520000000004,6.0,3.0,1.0,0.0,1,0.6590191649632309,High Risk
C105184,259,1,15236.93,15236.93,11.0,4.0,0.0,0.0,1,0.6589700540392013,High Risk
C114310,313,1,10822.86,10822.86,4.0,2.0,0.0,1.0,1,0.6589434918530925,High Risk
C109240,200,1,9529.05,9529.05,9.0,2.0,0.0,0.0,1,0.6589085084789074,High Risk
C114558,21,1,16228.64,16228.64,10.0,4.0,0.0,0.0,0,0.6588220267945559,High Risk
C100263,100,1,5008.29,5008.29,12.0,1.0,0.0,0.0,1,0.6587306903764996,High Risk
C114343,427,1,11759.62,11759.62,9.0,1.0,0.0,0.0,1,0.6587126833914178,High Risk
C100085,17,1,11706.33,11706.33,8.0,0.0,0.0,0.0,0,0.6586995733143235,High Risk
C111185,528,1,5322.2,5322.2,4.0,0.0,0.0,0.0,1,0.6586571811730809,High Risk
C102417,529,1,8032.849999999999,8032.849999999999,12.0,2.0,0.0,0.0,1,0.6586450582962707,High Risk
C112144,290,1,9134.54,9134.54,10.0,2.0,0.0,0.0,1,0.6586214726615264,High Risk
C105886,910,1,33304.37,33304.37,8.0,4.0,0.0,0.0,1,0.6585346474974155,High Risk
C108578,106,1,5510.17,5510.17,3.0,0.0,0.0,0.0,1,0.65853402556323,High Risk
C107852,361,1,8524.93,8524.93,11.0,2.0,0.0,0.0,1,0.6585009032174279,High Risk
C107737,259,1,33397.88,33397.88,8.0,3.0,0.0,0.0,1,0.6584998872330963,High Risk
C108798,379,1,8673.72,8673.72,10.0,6.0,0.0,0.0,1,0.6584980388781103,High Risk
C110629,248,1,10788.53,10788.53,6.0,2.0,0.0,0.0,1,0.6584197333626931,High Risk
C100986,640,1,4652.52,4652.52,6.0,3.0,0.0,0.0,1,0.6583582044627387,High Risk
C108065,561,1,10074.61,10074.61,12.0,3.0,0.0,0.0,1,0.6582248038255148,High Risk
C102496,404,1,32473.38,32473.38,6.0,1.0,0.0,0.0,1,0.6581642331551063,High Risk
C102343,94,1,28199.642499999998,28199.642499999998,10.0,5.0,0.0,1.0,1,0.6581471329482187,High Risk
C109683,575,1,37967.34,37967.34,10.0,5.0,1.0,0.0,1,0.658122202276035,High Risk
C113393,258,1,46564.479999999996,46564.479999999996,10.0,2.0,1.0,0.0,1,0.6581013898995578,High Risk
C110454,361,1,5843.41,5843.41,16.0,4.0,0.0,0.0,1,0.6580559280687416,High Risk
C105736,2,1,4961.89,4961.89,6.0,0.0,0.0,0.0,0,0.6580399483119989,High Risk
C114422,259,1,48567.05,48567.05,4.0,0.0,1.0,0.0,1,0.6579543954904138,High Risk
C111735,55,1,29988.7395,29988.7395,8.0,3.0,0.0,1.0,0,0.6578968179245183,High Risk
C106172,59,1,8341.34,8341.34,10.0,2.0,0.0,0.0,0,0.657891781567334,High Risk
C103955,565,1,45387.34,45387.34,6.0,0.0,0.0,0.0,1,0.6578619742659029,High Risk
C101319,27,1,53105.76000000001,53105.76000000001,8.0,2.0,0.0,1.0,0,0.6576917042259397,High Risk
C102728,196,1,13832.42,13832.42,12.0,4.0,0.0,0.0,1,0.6576681553728575,High Risk
C114781,317,1,10117.49,10117.49,13.0,1.0,0.0,0.0,1,0.6575797854484251,High Risk
C104042,688,1,1241.3745,1241.3745,12.0,6.0,1.0,1.0,1,0.6575337194701254,High Risk
C101417,204,1,14299.73,14299.73,9.0,6.0,0.0,0.0,1,0.6575286098345862,High Risk
C111904,398,4,193718.3605,48429.590125,3.0,1.0,1.0,0.5,1,0.6574251935064135,High Risk
C100563,4,1,6167.06,6167.06,6.0,3.0,0.0,0.0,0,0.6573882007021312,High Risk
C110085,187,1,39053.1,39053.1,13.0,5.0,0.0,0.0,1,0.6573842205970366,High Risk
C104513,5,1,4388.2,4388.2,8.0,2.0,0.0,0.0,0,0.6572576861944381,High Risk
C104807,252,1,4656.98,4656.98,7.0,1.0,0.0,0.0,1,0.6572416263528761,High Risk
C113028,35,1,7655.04,7655.04,12.0,2.0,0.0,0.0,0,0.6571326610675241,High Risk
C105161,33,1,1807.75,1807.75,7.0,1.0,0.0,0.0,0,0.6569017333814997,High Risk
C100654,426,1,5245.77,5245.77,8.0,2.0,0.0,0.0,1,0.6568877086128044,High Risk
C111313,134,2,5197.97,2598.985,6.0,1.0,1.0,0.0,1,0.65681118183172,High Risk
C102115,224,1,4949.9,4949.9,15.0,2.0,0.0,0.0,1,0.656801481885909,High Risk
C114135,28,1,11212.55,11212.55,11.0,3.0,0.0,0.0,0,0.656725181136156,High Risk
C109190,187,1,13235.51,13235.51,9.0,4.0,0.0,0.0,1,0.6566835947614713,High Risk
C103726,1,1,6846.13,6846.13,7.0,1.0,0.0,0.0,0,0.6564803973075124,High Risk
C107626,83,1,5219.63,5219.63,5.0,2.0,0.0,0.0,0,0.6564410866093617,High Risk
C112936,1,1,1006.1195,1006.1195,9.0,0.0,0.0,1.0,0,0.6563945283971739,High Risk
C109533,302,1,19885.45,19885.45,3.0,1.0,0.0,0.0,1,0.6562975998614153,High Risk
C111742,123,1,10964.9,10964.9,7.0,3.0,0.0,0.0,1,0.6561922465498826,High Risk
C108311,192,1,13897.07,13897.07,12.0,5.0,0.0,0.0,1,0.6561321251416976,High Risk
C108145,34,1,55862.53,55862.53,4.0,0.0,1.0,0.0,0,0.6560685622603164,High Risk
C101367,115,1,5390.6,5390.6,10.0,1.0,0.0,0.0,1,0.656050313765185,High Risk
C103920,53,1,18759.0,18759.0,14.0,4.0,0.0,0.0,0,0.6560028807121759,High Risk
C112295,86,1,16629.48,16629.48,16.0,5.0,0.0,1.0,0,0.6559861304757026,High Risk
C102946,607,1,8732.77,8732.77,10.0,2.0,0.0,0.0,1,0.6559460991640818,High Risk
C113934,263,1,13837.58,13837.58,10.0,4.0,0.0,0.0,1,0.655890045387343,High Risk
C107144,211,3,71180.506,23726.835333333333,20.0,6.0,0.0,0.3333333333333333,1,0.655886126035572,High Risk
C105960,601,1,9173.07,9173.07,10.0,3.0,0.0,0.0,1,0.6558735168145522,High Risk
C111901,24,1,31993.379999999997,31993.379999999997,7.0,2.0,1.0,0.0,0,0.6558379786702992,High Risk
C112418,470,1,32862.02,32862.02,9.0,4.0,0.0,0.0,1,0.6558091946294321,High Risk
C107141,327,1,17150.89,17150.89,7.0,4.0,0.0,0.0,1,0.6557289703277275,High Risk
C106175,6,1,11146.72,11146.72,11.0,3.0,0.0,0.0,0,0.6557000011026101,High Risk
C109111,1016,1,12077.39,12077.39,11.0,5.0,0.0,0.0,1,0.6556875022798024,High Risk
C111467,179,1,6796.25,6796.25,9.0,1.0,0.0,0.0,1,0.6556850519474127,High Risk
C114653,460,1,21071.27,21071.27,7.0,2.0,0.0,0.0,1,0.6556350809178129,High Risk
C101541,419,1,4871.68,4871.68,6.0,3.0,0.0,0.0,1,0.6556154599738306,High Risk
C102674,140,1,33012.86,33012.86,6.0,2.0,0.0,0.0,1,0.6556108430791648,High Risk
C112692,362,1,3993.7,3993.7,10.0,2.0,0.0,0.0,1,0.6555982748886467,High Risk
C105479,779,1,14872.35,14872.35,11.0,4.0,0.0,0.0,1,0.655460916030212,High Risk
C104841,121,1,47823.2,47823.2,5.0,2.0,0.0,0.0,1,0.6554337478584816,High Risk
C105162,-1,1,20393.88,20393.88,6.0,1.0,0.0,0.0,0,0.6552890126672718,High Risk
C113533,288,1,157.3,157.3,10.0,6.0,0.0,0.0,1,0.6552745770743823,High Risk
C114818,252,1,6258.0,6258.0,11.0,1.0,0.0,0.0,1,0.655228457437531,High Risk
C104778,17,1,35953.555,35953.555,3.0,1.0,0.0,1.0,0,0.6551400825678894,High Risk
C108703,252,1,33228.33,33228.33,6.0,1.0,0.0,0.0,1,0.6550752152074862,High Risk
C108604,4,1,53501.244,53501.244,15.0,3.0,0.0,1.0,0,0.6550351412560861,High Risk
C110784,84,1,15074.3,15074.3,11.0,4.0,0.0,0.0,0,0.6549587829830328,High Risk
C111532,0,1,8450.15,8450.15,10.0,3.0,0.0,0.0,0,0.6549409148770932,High Risk
C107765,633,1,9933.69,9933.69,12.0,2.0,0.0,0.0,1,0.6548924005252923,High Risk
C100446,174,1,32891.43,32891.43,7.0,3.0,0.0,0.0,1,0.6547583444689775,High Risk
C100070,51,1,7584.36,7584.36,12.0,1.0,0.0,0.0,0,0.6547159233866605,High Risk
C110303,541,1,2612.26,2612.26,7.0,2.0,0.0,0.0,1,0.6547151564599752,High Risk
C100356,31,1,11273.8305,11273.8305,4.0,0.0,0.0,1.0,0,0.6547066895292751,High Risk
C110582,505,1,6179.54,6179.54,7.0,1.0,0.0,0.0,1,0.6546881252382305,High Risk
C109670,19,1,9625.53,9625.53,8.0,2.0,0.0,0.0,0,0.6546734108105159,High Risk
C112112,286,1,21742.79,21742.79,6.0,4.0,0.0,0.0,1,0.6546232691954672,High Risk
C112052,14,1,33234.24,33234.24,8.0,2.0,0.0,0.0,0,0.6545691838086785,High Risk
C102400,199,1,20959.17,20959.17,13.0,4.0,0.0,0.0,1,0.6544957486418654,High Risk
C103136,627,2,75592.2485,37796.12424999999,8.0,1.0,2.0,1.0,1,0.6544778965313207,High Risk
C105293,90,1,9218.52,9218.52,6.0,2.0,0.0,0.0,0,0.6544284189357241,High Risk
C103213,9,1,2085.73,2085.73,8.0,2.0,0.0,0.0,0,0.654420097026709,High Risk
C114933,195,4,197827.1205,49456.780125000005,5.0,1.0,1.0,0.25,1,0.6543501274237751,High Risk
C102104,600,1,19707.6,19707.6,4.0,1.0,0.0,0.0,1,0.654309783436183,High Risk
C101017,39,1,55832.5,55832.5,7.0,2.0,0.0,0.0,0,0.6541947307568096,High Risk
C102933,11,1,10099.52,10099.52,12.0,2.0,0.0,0.0,0,0.6540971559763471,High Risk
C101012,13,1,65048.5365,65048.5365,8.0,3.0,0.0,1.0,0,0.6539296824463644,High Risk
C106633,29,1,16345.85,16345.85,13.0,4.0,0.0,0.0,0,0.6539279864771221,High Risk
C103644,263,1,33943.16,33943.16,5.0,2.0,0.0,0.0,1,0.6538509785220825,High Risk
C109489,221,1,28372.93,28372.93,8.0,1.0,0.0,0.0,1,0.6536013495426825,High Risk
C114071,30,1,28203.051,28203.051,11.0,6.0,0.0,1.0,0,0.6534566824515139,High Risk
C102530,355,1,46821.54,46821.54,9.0,3.0,1.0,0.0,1,0.6533895643655073,High Risk
C105280,529,2,102040.38,51020.19,10.0,2.0,1.0,0.0,1,0.6532985208717207,High Risk
C111450,73,1,11900.799,11900.799,4.0,2.0,0.0,1.0,0,0.653179327049493,High Risk
C109142,105,2,7530.68,3765.34,8.0,3.0,1.0,1.0,1,0.6531576894879209,High Risk
C104364,359,1,5552.5,5552.5,7.0,0.0,0.0,0.0,1,0.6529122615007092,High Risk
C112269,380,2,44409.43,22204.715,16.0,9.0,1.0,0.0,1,0.6527859638430938,High Risk
C107364,46,1,11846.76,11846.76,9.0,3.0,0.0,0.0,0,0.6526772908047808,High Risk
C112927,300,1,10865.52,10865.52,7.0,2.0,0.0,0.0,1,0.6526539560178771,High Risk
C111256,208,1,11847.0,11847.0,10.0,1.0,0.0,0.0,1,0.6525591738277591,High Risk
C112902,6,1,28419.078499999996,28419.078499999996,7.0,3.0,0.0,1.0,0,0.6525179237353307,High Risk
C112278,560,1,31598.45,31598.45,9.0,3.0,0.0,0.0,1,0.652476065762936,High Risk
C112647,427,1,28991.100000000002,28991.100000000002,13.0,5.0,1.0,0.0,1,0.6524039115593839,High Risk
C114500,182,1,41405.229999999996,41405.229999999996,7.0,3.0,0.0,0.0,1,0.6523929585652248,High Risk
C101187,97,1,41990.229999999996,41990.229999999996,5.0,2.0,0.0,0.0,1,0.6523777112625352,High Risk
C111601,459,1,59749.56,59749.56,10.0,2.0,0.0,0.0,1,0.6523731926519183,High Risk
C112262,307,1,10145.42,10145.42,4.0,2.0,1.0,0.0,1,0.6523223451562504,High Risk
C102982,154,1,53000.979999999996,53000.979999999996,10.0,4.0,0.0,0.0,1,0.652265341390307,High Risk
C108632,354,1,42974.89,42974.89,8.0,1.0,0.0,0.0,1,0.6522090206037403,High Risk
C107028,31,1,11662.56,11662.56,10.0,2.0,0.0,0.0,0,0.6521648438498286,High Risk
C100682,344,1,28853.760000000002,28853.760000000002,11.0,2.0,1.0,0.0,1,0.6521354536058308,High Risk
C101707,442,1,33344.16,33344.16,7.0,3.0,0.0,0.0,1,0.6519432574225732,High Risk
C106909,46,1,52370.88,52370.88,7.0,0.0,0.0,0.0,0,0.6519419365772992,High Risk
C104889,-1,1,25534.05,25534.05,4.0,1.0,1.0,0.0,0,0.6518401588571993,High Risk
C113007,756,1,8262.57,8262.57,11.0,5.0,0.0,0.0,1,0.6518307112624032,High Risk
C103069,72,1,5794.35,5794.35,13.0,1.0,0.0,0.0,0,0.6517491697257062,High Risk
C105039,351,1,41741.009999999995,41741.009999999995,5.0,1.0,1.0,0.0,1,0.6517034508858325,High Risk
C100260,51,1,63055.18,63055.18,8.0,1.0,1.0,0.0,0,0.6516910606718502,High Risk
C101748,920,1,3206.56,3206.56,6.0,4.0,0.0,0.0,1,0.6516873094014737,High Risk
C107560,129,1,12427.98,12427.98,12.0,7.0,0.0,0.0,1,0.6515850688210886,High Risk
C101550,484,1,41559.840000000004,41559.840000000004,9.0,3.0,0.0,0.0,1,0.6515430938124054,High Risk
C109650,751,1,13435.140000000001,13435.140000000001,4.0,1.0,0.0,0.0,1,0.6515430622199615,High Risk
C114429,486,1,29084.99,29084.99,7.0,3.0,0.0,0.0,1,0.6514601138299427,High Risk
C103009,531,1,9925.37,9925.37,8.0,4.0,0.0,0.0,1,0.6514052967566398,High Risk
C103750,443,1,34146.24,34146.24,5.0,3.0,0.0,0.0,1,0.6513884237761647,High Risk
C109831,25,1,28127.961000000003,28127.961000000003,10.0,2.0,0.0,1.0,0,0.6513239532719104,High Risk
C100997,133,2,96216.5665,48108.28324999999,11.0,3.0,1.0,0.5,1,0.6512703078882089,High Risk
C113269,13,1,32352.69,32352.69,11.0,3.0,0.0,0.0,0,0.651234487936468,High Risk
C104934,273,1,15286.11,15286.11,9.0,5.0,0.0,0.0,1,0.651226871694383,High Risk
C109237,112,2,92735.591,46367.7955,8.0,2.0,0.0,0.5,1,0.6512061298652343,High Risk
C109195,271,1,41674.8,41674.8,7.0,3.0,0.0,0.0,1,0.6511543494463592,High Risk
C101977,112,1,6351.45,6351.45,4.0,0.0,0.0,0.0,1,0.6511087975314829,High Risk
C101050,203,1,6640.57,6640.57,7.0,3.0,0.0,0.0,1,0.6510551418019955,High Risk
C110029,637,1,5017.06,5017.06,10.0,3.0,0.0,0.0,1,0.651003070181236,High Risk
C105240,159,2,27125.68,13562.84,16.0,3.0,0.0,0.0,1,0.6509160378757877,High Risk
C112332,512,1,6020.29,6020.29,10.0,1.0,0.0,0.0,1,0.6508634063497154,High Risk
C107358,250,2,91550.742,45775.371,10.0,2.0,0.0,0.5,1,0.6508383854932889,High Risk
C102579,442,1,33361.46,33361.46,9.0,4.0,0.0,0.0,1,0.6507953255022565,High Risk
C102952,134,1,7663.24,7663.24,9.0,4.0,0.0,0.0,1,0.6506893526999216,High Risk
C105400,2,1,19606.49,19606.49,13.0,4.0,0.0,0.0,0,0.6506552650627978,High Risk
C108208,194,1,42550.26,42550.26,7.0,1.0,0.0,0.0,1,0.650600819453773,High Risk
C102664,42,1,29580.875999999997,29580.875999999997,7.0,5.0,0.0,1.0,0,0.6505998222004518,High Risk
C110554,505,2,71965.72,35982.86,9.0,5.0,0.0,0.0,1,0.6505484148276333,High Risk
C112999,85,1,20558.100000000002,20558.100000000002,12.0,4.0,0.0,0.0,0,0.6505278456060257,High Risk
C109084,82,1,7562.14,7562.14,8.0,3.0,0.0,0.0,0,0.6504607566053021,High Risk
C111385,140,1,4462.1900000000005,4462.1900000000005,8.0,2.0,0.0,0.0,1,0.6504331834488419,High Risk
C106440,6,1,9419.14,9419.14,10.0,2.0,0.0,0.0,0,0.650375256732723,High Risk
C108905,14,1,13741.696,13741.696,16.0,4.0,0.0,1.0,0,0.6502759530110374,High Risk
C112546,708,1,31633.73,31633.73,12.0,3.0,0.0,0.0,1,0.6501853307870118,High Risk
C102763,131,1,42461.729999999996,42461.729999999996,6.0,1.0,0.0,0.0,1,0.6500987641416188,High Risk
C103222,376,1,5714.46,5714.46,4.0,0.0,0.0,0.0,1,0.6500795812144007,High Risk
C109199,850,1,20300.9,20300.9,10.0,6.0,0.0,0.0,1,0.6500614752684528,High Risk
C112676,422,2,106653.2,53326.6,12.0,5.0,0.0,0.0,1,0.6500014568231702,High Risk
C104559,527,1,2965.1,2965.1,13.0,1.0,0.0,0.0,1,0.650000178248008,High Risk
C106674,30,1,7959.16,7959.16,10.0,3.0,0.0,0.0,0,0.6499312253260858,High Risk
C112875,9,1,71144.784,71144.784,11.0,2.0,0.0,1.0,0,0.6499090268324055,High Risk
C112840,731,1,9588.36,9588.36,12.0,3.0,0.0,0.0,1,0.6498649550086817,High Risk
C109798,31,1,15321.743,15321.743,5.0,4.0,0.0,1.0,0,0.6498033292973915,High Risk
C104281,158,2,7609.3,3804.65,8.0,3.0,0.0,0.0,1,0.6497655766351643,High Risk
C105201,500,1,5873.26,5873.26,11.0,2.0,0.0,0.0,1,0.6497167259322215,High Risk
C104041,24,1,5454.15,5454.15,8.0,2.0,0.0,0.0,0,0.6496045076328956,High Risk
C114729,25,1,44569.41,44569.41,8.0,3.0,0.0,0.0,0,0.6496023290054347,High Risk
C108879,214,1,20945.13,20945.13,6.0,4.0,0.0,0.0,1,0.6495260383926588,High Risk
C102143,18,1,4492.57,4492.57,13.0,1.0,1.0,0.0,0,0.6493074440127026,High Risk
C104699,91,1,2172.34,2172.34,3.0,2.0,0.0,0.0,1,0.6492265548709859,High Risk
C102976,646,1,32128.579999999998,32128.579999999998,11.0,2.0,0.0,0.0,1,0.6492041203906355,High Risk
C109102,408,1,31384.25,31384.25,12.0,2.0,0.0,0.0,1,0.6492014840823195,High Risk
C112179,158,2,1028.6495,514.32475,11.0,2.0,0.0,1.0,1,0.6491411059646187,High Risk
C111981,10,1,28474.42,28474.42,8.0,1.0,0.0,0.0,0,0.6490981450336873,High Risk
C100567,96,1,8304.2,8304.2,8.0,4.0,0.0,0.0,1,0.6490324993994261,High Risk
C105630,93,1,33529.14,33529.14,7.0,2.0,1.0,0.0,1,0.6489522755601135,High Risk
C113502,433,1,28107.84,28107.84,11.0,3.0,0.0,0.0,1,0.6488010602873429,High Risk
C108144,92,1,44858.51,44858.51,8.0,1.0,0.0,0.0,1,0.648800553010085,High Risk
C109103,315,1,18815.28,18815.28,7.0,5.0,0.0,0.0,1,0.6487693009586729,High Risk
C104549,1004,1,33807.52,33807.52,4.0,0.0,1.0,0.0,1,0.648699603244559,High Risk
C101683,3,1,9556.3,9556.3,11.0,2.0,0.0,0.0,0,0.6486786440959255,High Risk
C101710,34,1,42662.44,42662.44,9.0,3.0,0.0,0.0,0,0.6486524004541252,High Risk
C106071,417,1,6774.360000000001,6774.360000000001,9.0,3.0,0.0,0.0,1,0.6486488135814068,High Risk
C103595,124,1,31534.78,31534.78,9.0,1.0,0.0,0.0,1,0.6485400434631049,High Risk
C113921,198,1,50596.39,50596.39,5.0,2.0,0.0,0.0,1,0.648444233451975,High Risk
C100789,16,1,5682.35,5682.35,9.0,3.0,0.0,0.0,0,0.648405392421425,High Risk
C113201,347,2,7120.9115,3560.45575,11.0,5.0,0.0,0.5,1,0.648359316120515,High Risk
C113467,104,2,96236.55,48118.275,4.0,1.0,0.0,0.0,1,0.6482943366659673,High Risk
C104243,33,1,2424.64,2424.64,7.0,3.0,0.0,0.0,0,0.6482230202919417,High Risk
C100714,637,1,7852.59,7852.59,11.0,4.0,0.0,0.0,1,0.6481555409929116,High Risk
C105018,30,1,44155.590000000004,44155.590000000004,5.0,1.0,0.0,0.0,0,0.6479304669687054,High Risk
C107022,22,1,54061.57,54061.57,14.0,4.0,0.0,0.0,0,0.647802352376219,High Risk
C106836,669,1,46365.96,46365.96,3.0,0.0,0.0,0.0,1,0.6477787698539763,High Risk
C100952,440,2,92939.75,46469.875,6.0,2.0,0.0,0.5,1,0.6476953948438614,High Risk
C109022,681,1,34012.119999999995,34012.119999999995,9.0,0.0,0.0,0.0,1,0.6476909091806542,High Risk
C111969,26,1,21254.11,21254.11,5.0,1.0,0.0,0.0,0,0.6476869448319457,High Risk
C113292,224,1,21188.28,21188.28,5.0,1.0,0.0,0.0,1,0.6476869448319457,High Risk
C103320,279,1,5892.03,5892.03,7.0,2.0,0.0,0.0,1,0.6476783835574551,High Risk
C106818,76,1,28406.68,28406.68,8.0,1.0,0.0,0.0,0,0.6476452739146602,High Risk
C108695,32,1,12204.1,12204.1,13.0,4.0,0.0,0.0,0,0.6476428724588789,High Risk
C111343,165,1,2936.91,2936.91,13.0,6.0,0.0,0.0,1,0.6475373014622415,High Risk
C100467,15,1,6846.33,6846.33,7.0,3.0,0.0,0.0,0,0.6474703454166234,High Risk
C108166,49,1,73486.3505,73486.3505,5.0,2.0,0.0,1.0,0,0.6474694170541828,High Risk
C107863,30,1,69378.462,69378.462,11.0,2.0,0.0,1.0,0,0.6473804789900509,High Risk
C100685,525,1,29405.6,29405.6,9.0,3.0,0.0,0.0,1,0.6473424591842506,High Risk
C108189,249,1,16595.36,16595.36,7.0,4.0,0.0,0.0,1,0.647203744993045,High Risk
C108707,187,1,32537.21,32537.21,10.0,1.0,0.0,0.0,1,0.6471643830514133,High Risk
C108618,255,1,6602.08,6602.08,11.0,5.0,0.0,0.0,1,0.6470731782274807,High Risk
C108612,6,1,6535.15,6535.15,8.0,3.0,0.0,0.0,0,0.6470129403405531,High Risk
C108721,393,1,37946.39,37946.39,9.0,2.0,1.0,0.0,1,0.6469202725694971,High Risk
C113519,60,1,16673.85,16673.85,4.0,1.0,0.0,0.0,0,0.6467713304065172,High Risk
C100213,7,1,16973.54,16973.54,4.0,1.0,0.0,0.0,0,0.6467713304065172,High Risk
C112660,160,1,44012.25,44012.25,8.0,5.0,0.0,0.0,1,0.6467531747599449,High Risk
C101549,31,1,28247.3275,28247.3275,10.0,1.0,0.0,1.0,0,0.6466862833282637,High Risk
C112237,7,1,34206.38,34206.38,6.0,0.0,0.0,0.0,0,0.6466557798894302,High Risk
C101514,508,1,4318.7,4318.7,6.0,5.0,0.0,0.0,1,0.6465914437909349,High Risk
C107081,48,1,10921.03,10921.03,11.0,2.0,0.0,0.0,0,0.6465791663434551,High Risk
C104776,508,1,42713.96,42713.96,6.0,2.0,0.0,0.0,1,0.6465272481917604,High Risk
C108116,91,1,6167.84,6167.84,9.0,3.0,0.0,0.0,1,0.6464370243412957,High Risk
C113297,32,2,125610.00650000002,62805.00325000001,11.0,4.0,1.0,0.5,0,0.6464304039019759,High Risk
C101169,615,2,8799.59,4399.795,10.0,5.0,0.0,0.0,1,0.6462689906694873,High Risk
C111363,50,1,30187.8365,30187.8365,7.0,2.0,0.0,1.0,0,0.6460486330277324,High Risk
C100755,382,1,11267.05,11267.05,3.0,1.0,0.0,0.0,1,0.6459978272386551,High Risk
C106415,77,1,21229.95,21229.95,7.0,2.0,0.0,0.0,0,0.6459859229036782,High Risk
C106784,73,1,5330.26,5330.26,12.0,3.0,0.0,0.0,0,0.6459829655213931,High Risk
C111889,736,1,33233.65,33233.65,6.0,1.0,0.0,0.0,1,0.6459579065146022,High Risk
C100100,331,1,39796.4,39796.4,5.0,2.0,0.0,0.0,1,0.6458399412127068,High Risk
C101290,67,1,53284.365000000005,53284.365000000005,8.0,4.0,0.0,1.0,0,0.6456324209865164,High Risk
C105710,11,1,30151.170000000006,30151.170000000006,7.0,1.0,0.0,1.0,0,0.645631940598258,High Risk
C114944,440,1,55630.06,55630.06,11.0,2.0,0.0,0.0,1,0.6456021921122646,High Risk
C112135,19,1,6215.34,6215.34,9.0,3.0,0.0,0.0,0,0.6454893790465839,High Risk
C109861,222,1,51829.84,51829.84,11.0,4.0,0.0,0.0,1,0.6454262415493885,High Risk
C102610,69,1,6739.68,6739.68,9.0,3.0,0.0,0.0,0,0.6454004028207052,High Risk
C110766,179,1,31381.190000000002,31381.190000000002,7.0,3.0,1.0,0.0,1,0.6453905643960626,High Risk
C108247,30,1,13917.35,13917.35,14.0,4.0,0.0,0.0,0,0.6452453870108371,High Risk
C104229,128,1,2008.31,2008.31,10.0,3.0,0.0,0.0,1,0.6452206609105577,High Risk
C108310,26,1,15631.94,15631.94,8.0,5.0,0.0,0.0,0,0.6450694402013736,High Risk
C105193,195,2,61628.049,30814.0245,11.0,3.0,2.0,1.0,1,0.6450371045524467,High Risk
C100704,73,1,21176.919,21176.919,3.0,2.0,0.0,1.0,0,0.6449097878891498,High Risk
C106532,19,1,10817.19,10817.19,8.0,3.0,0.0,0.0,0,0.6449022045844031,High Risk
C105140,27,1,5029.72,5029.72,7.0,0.0,0.0,0.0,0,0.6448295638589809,High Risk
C108172,43,1,218.586,218.586,5.0,2.0,0.0,1.0,0,0.6448105124844509,High Risk
C109784,92,2,90206.94,45103.47,5.0,2.0,0.0,0.0,1,0.6447228444770573,High Risk
C114050,30,1,10980.333,10980.333,4.0,1.0,0.0,1.0,0,0.6446650596591688,High Risk
C105091,419,1,31400.7,31400.7,10.0,3.0,0.0,0.0,1,0.6446429993461816,High Risk
C112947,63,1,6430.27,6430.27,9.0,3.0,0.0,0.0,0,0.6445627913901513,High Risk
C113264,492,2,73269.651,36634.8255,9.0,1.0,2.0,0.5,1,0.6445472921339862,High Risk
C110636,701,1,38882.409999999996,38882.409999999996,5.0,1.0,0.0,0.0,1,0.6445071186425687,High Risk
C109090,639,1,38096.200000000004,38096.200000000004,6.0,2.0,1.0,0.0,1,0.6444986237846213,High Risk
C110437,347,1,41374.93,41374.93,4.0,2.0,0.0,0.0,1,0.6444630566360715,High Risk
C106363,173,2,97035.32999999999,48517.665,5.0,2.0,0.0,0.0,1,0.6444368563368544,High Risk
C105362,357,1,14939.2,14939.2,4.0,0.0,0.0,0.0,1,0.644431989019705,High Risk
C113746,308,1,5834.94,5834.94,12.0,4.0,0.0,0.0,1,0.6443832362601811,High Risk
C105941,166,1,6015.75,6015.75,12.0,3.0,0.0,0.0,1,0.6443719388677961,High Risk
C104921,183,1,28384.04,28384.04,14.0,5.0,0.0,0.0,1,0.6443655353664495,High Risk
C101843,349,1,44197.73,44197.73,7.0,1.0,0.0,0.0,1,0.6443474459801323,High Risk
C104065,324,1,5932.31,5932.31,11.0,4.0,0.0,0.0,1,0.6442148277783762,High Risk
C114357,225,1,5011.4,5011.4,7.0,3.0,0.0,0.0,1,0.6440859290991469,High Risk
C107916,4,1,28057.581000000002,28057.581000000002,6.0,1.0,0.0,1.0,0,0.6439018497866921,High Risk
C112540,85,1,12681.67,12681.67,4.0,0.0,0.0,0.0,0,0.6438862137875644,High Risk
C100102,367,1,5514.32,5514.32,11.0,4.0,0.0,0.0,1,0.6438817993957804,High Risk
C111632,16,1,2423.6875,2423.6875,14.0,3.0,0.0,1.0,0,0.6438223362997999,High Risk
C104290,533,1,2452.77,2452.77,3.0,2.0,0.0,0.0,1,0.6437772918157191,High Risk
C108530,51,1,44771.130000000005,44771.130000000005,9.0,2.0,0.0,0.0,0,0.6437295422963278,High Risk
C114728,22,1,42746.04,42746.04,9.0,2.0,0.0,0.0,0,0.6437140143973491,High Risk
C114447,98,1,28045.39,28045.39,5.0,4.0,0.0,0.0,1,0.643637251088948,High Risk
C103382,26,1,1937.0,1937.0,6.0,2.0,0.0,0.0,0,0.6435408274323141,High Risk
C102108,22,1,8134.42,8134.42,10.0,5.0,0.0,0.0,0,0.6434741624553615,High Risk
C110797,606,1,16125.95,16125.95,12.0,6.0,0.0,0.0,1,0.643352654237045,High Risk
C111071,97,1,43741.79,43741.79,7.0,1.0,0.0,0.0,1,0.6432456233663131,High Risk
C112368,287,2,4543.42,2271.71,9.0,3.0,0.0,0.5,1,0.6432159584527379,High Risk
C111508,285,1,28724.239999999998,28724.239999999998,8.0,4.0,0.0,0.0,1,0.6430022915145289,High Risk
C102874,367,2,25717.4965,12858.74825,15.0,6.0,0.0,0.5,1,0.6429719898916361,High Risk
C114105,321,1,39673.58,39673.58,8.0,2.0,1.0,0.0,1,0.6428660618427253,High Risk
C105655,210,1,15512.14,15512.14,9.0,6.0,0.0,0.0,1,0.6427561433182339,High Risk
C108209,335,1,44032.369999999995,44032.369999999995,6.0,1.0,0.0,0.0,1,0.6427435680541588,High Risk
C111260,424,1,40914.41,40914.41,12.0,4.0,0.0,0.0,1,0.642715942586769,High Risk
C109937,372,1,6422.28,6422.28,13.0,4.0,0.0,0.0,1,0.6426727185589711,High Risk
C101212,264,1,33510.94,33510.94,8.0,1.0,0.0,0.0,1,0.6426244358060492,High Risk
C102804,61,1,87018.77,87018.77,8.0,4.0,1.0,0.0,0,0.6426173764512028,High Risk
C108316,50,1,43796.13,43796.13,12.0,3.0,0.0,0.0,0,0.6426134385489313,High Risk
C108202,125,1,39445.44,39445.44,6.0,3.0,0.0,0.0,1,0.6425605656001748,High Risk
C111318,42,1,34845.97,34845.97,5.0,2.0,0.0,0.0,0,0.6425027398021345,High Risk
C103307,294,1,34726.21,34726.21,8.0,3.0,0.0,0.0,1,0.6424244476712014,High Risk
C106119,137,2,124067.80000000002,62033.90000000001,11.0,6.0,0.0,0.5,1,0.6423630747812895,High Risk
C101567,541,1,34752.05,34752.05,6.0,2.0,0.0,0.0,1,0.6423334887988774,High Risk
C100860,188,1,13738.43,13738.43,3.0,2.0,0.0,0.0,1,0.6422675434911931,High Risk
C103491,205,1,4519.69,4519.69,9.0,2.0,0.0,0.0,1,0.6422370907803351,High Risk
C106263,239,1,36199.6,36199.6,5.0,3.0,0.0,0.0,1,0.6421913658566477,High Risk
C101271,711,1,29266.7,29266.7,7.0,3.0,0.0,0.0,1,0.6421816184567841,High Risk
C107991,310,2,100049.1545,50024.57725,13.0,4.0,0.0,0.5,1,0.642012647457205,High Risk
C105078,180,1,37092.34,37092.34,8.0,4.0,0.0,0.0,1,0.6420064287547815,High Risk
C107353,102,1,37562.86,37562.86,5.0,1.0,0.0,0.0,1,0.6419303431391892,High Risk
C112826,97,1,38213.75,38213.75,6.0,2.0,0.0,0.0,1,0.6419198513919221,High Risk
C110463,559,2,25862.771,12931.3855,14.0,6.0,0.0,0.5,1,0.6417895338042362,High Risk
C101229,25,1,6719.32,6719.32,10.0,2.0,0.0,0.0,0,0.6417794598832901,High Risk
C101605,118,1,16331.630000000001,16331.630000000001,12.0,5.0,0.0,0.0,1,0.64165786787212,High Risk
C101699,3,1,2892.46,2892.46,8.0,4.0,0.0,0.0,0,0.6416552956874376,High Risk
C113931,49,1,33574.64,33574.64,4.0,0.0,0.0,0.0,0,0.6416266720184524,High Risk
C113784,763,1,4402.43,4402.43,10.0,5.0,0.0,0.0,1,0.6416004614171956,High Risk
C107713,74,1,4761.66,4761.66,8.0,3.0,0.0,0.0,0,0.6415949485329838,High Risk
C106410,506,1,5770.09,5770.09,11.0,4.0,0.0,0.0,1,0.6414979724496022,High Risk
C111713,59,1,3138.11,3138.11,12.0,3.0,0.0,0.0,0,0.6413899190481708,High Risk
C114591,259,1,32879.12,32879.12,4.0,1.0,0.0,0.0,1,0.6413166170385659,High Risk
C107019,22,1,28075.75,28075.75,11.0,2.0,1.0,0.0,0,0.6413007809010773,High Risk
C102632,53,1,16541.23,16541.23,4.0,1.0,0.0,0.0,0,0.6412462677551177,High Risk
C108820,284,1,35926.53,35926.53,7.0,0.0,0.0,0.0,1,0.6409871135782166,High Risk
C103648,490,1,33857.729999999996,33857.729999999996,9.0,4.0,0.0,0.0,1,0.6409742019252858,High Risk
C114941,8,1,16140.01,16140.01,10.0,5.0,0.0,0.0,0,0.6409249323441171,High Risk
C111056,113,1,9711.1,9711.1,12.0,6.0,0.0,0.0,1,0.6408709891217336,High Risk
C109826,29,1,21227.96,21227.96,5.0,2.0,0.0,0.0,0,0.6408664688550806,High Risk
C108670,577,1,36442.96,36442.96,8.0,4.0,0.0,0.0,1,0.6408574373100531,High Risk
C112738,327,2,10039.27,5019.635,15.0,5.0,0.0,0.0,1,0.6408073083658564,High Risk
C109247,1029,1,4933.0,4933.0,13.0,3.0,0.0,0.0,1,0.6407213715638624,High Risk
C100149,241,2,13379.536,6689.768,18.0,7.0,1.0,0.5,1,0.640668900566348,High Risk
C109987,491,1,42798.92,42798.92,3.0,1.0,0.0,0.0,1,0.6406640881216892,High Risk
C113379,178,1,33664.04,33664.04,10.0,3.0,0.0,0.0,1,0.6405951969831627,High Risk
C112323,102,1,2072.08,2072.08,11.0,2.0,0.0,0.0,1,0.6405343030193543,High Risk
C100071,339,1,2189.65,2189.65,4.0,2.0,0.0,0.0,1,0.6405204648376429,High Risk
C113449,46,1,19462.69,19462.69,4.0,2.0,0.0,0.0,0,0.6405073162608708,High Risk
C114899,619,2,93003.401,46501.7005,7.0,2.0,1.0,0.5,1,0.640378651046278,High Risk
C112312,-1,1,623.4665,623.4665,7.0,0.0,0.0,1.0,0,0.6403470621570929,High Risk
C114819,0,1,3692.44,3692.44,11.0,2.0,0.0,0.0,0,0.6403104083855617,High Risk
C111326,125,1,36209.57,36209.57,13.0,2.0,0.0,0.0,1,0.6402738748746305,High Risk
C110054,239,1,37044.4,37044.4,9.0,2.0,0.0,0.0,1,0.6402101494053573,High Risk
C114820,694,1,32237.61,32237.61,11.0,2.0,0.0,0.0,1,0.6400836508717623,High Risk
C109132,73,1,5832.19,5832.19,7.0,2.0,0.0,0.0,0,0.6399247009327806,High Risk
C100140,670,2,1955.913,977.9565,9.0,6.0,0.0,0.5,1,0.6398795353796644,High Risk
C101584,185,1,40808.259999999995,40808.259999999995,7.0,1.0,1.0,0.0,1,0.6398784696583324,High Risk
C114752,68,1,44167.53,44167.53,7.0,3.0,0.0,0.0,0,0.639791526824872,High Risk
C107462,74,1,20187.33,20187.33,4.0,2.0,1.0,0.0,0,0.639770029921416,High Risk
C108812,25,1,31660.95,31660.95,11.0,3.0,0.0,0.0,0,0.6396988822205576,High Risk
C108554,611,1,34633.13,34633.13,10.0,6.0,1.0,0.0,1,0.6396348813218892,High Risk
C113316,266,1,36080.33,36080.33,8.0,3.0,0.0,0.0,1,0.6395764075295951,High Risk
C101758,336,2,144192.72,72096.36,10.0,5.0,0.0,0.0,1,0.6395175308070049,High Risk
C107561,13,1,4238.976,4238.976,18.0,5.0,0.0,1.0,0,0.639358433488217,High Risk
C106316,19,1,15531.69,15531.69,4.0,1.0,0.0,0.0,0,0.6392856720052867,High Risk
C111936,27,1,2350.43,2350.43,10.0,2.0,0.0,0.0,0,0.6392250215984917,High Risk
C107712,274,1,42996.29,42996.29,12.0,2.0,0.0,0.0,1,0.6391828416908107,High Risk
C111536,119,2,7073.88,3536.94,5.0,1.0,0.0,0.0,1,0.6391077440782759,High Risk
C110753,404,2,4302.93,2151.465,7.0,3.0,0.0,0.0,1,0.639038521784624,High Risk
C100377,8,1,8002.75,8002.75,8.0,4.0,0.0,0.0,0,0.6388957903056771,High Risk
C104366,135,1,34465.369999999995,34465.369999999995,7.0,2.0,0.0,0.0,1,0.6388433027913178,High Risk
C102839,235,1,34776.08,34776.08,7.0,2.0,0.0,0.0,1,0.6388433027913178,High Risk
C102993,609,1,37586.6,37586.6,7.0,2.0,0.0,0.0,1,0.6388016792271842,High Risk
C104314,227,1,47546.54,47546.54,8.0,2.0,0.0,0.0,1,0.6387948682374551,High Risk
C106499,77,1,15598.91,15598.91,12.0,6.0,0.0,0.0,0,0.6387743265121067,High Risk
C109238,247,1,44174.72,44174.72,7.0,1.0,0.0,0.0,1,0.6387365475079583,High Risk
C113294,19,1,33458.24,33458.24,7.0,2.0,0.0,0.0,0,0.6387086178167977,High Risk
C106892,42,1,5840.51,5840.51,14.0,5.0,1.0,0.0,0,0.6385974879739524,High Risk
C112183,545,1,50224.259999999995,50224.259999999995,9.0,1.0,0.0,0.0,1,0.6385046151961825,High Risk
C106386,343,2,69296.182,34648.091,11.0,2.0,2.0,1.0,1,0.6383094575305424,High Risk
C105249,300,1,1454.4,1454.4,3.0,0.0,0.0,0.0,1,0.6383094243734984,High Risk
C102075,227,1,30477.739999999998,30477.739999999998,4.0,0.0,0.0,0.0,1,0.638079447700287,High Risk
C102743,140,1,1979.45,1979.45,7.0,1.0,0.0,0.0,1,0.6380730953424927,High Risk
C109587,671,2,62260.94,31130.47,19.0,5.0,0.0,0.0,1,0.637992618066891,High Risk
C103550,462,1,36056.84,36056.84,8.0,2.0,0.0,0.0,1,0.6379305286186174,High Risk
C112996,26,1,41500.7,41500.7,8.0,2.0,1.0,0.0,0,0.6379169307044479,High Risk
C103195,612,1,35374.27,35374.27,6.0,2.0,0.0,0.0,1,0.6378003726735642,High Risk
C105577,427,1,40697.84,40697.84,9.0,2.0,0.0,0.0,1,0.6377925899697854,High Risk
C111008,277,2,9580.710000000001,4790.3550000000005,14.0,2.0,0.0,0.0,1,0.6377592272629261,High Risk
C112555,50,2,21743.65,10871.825,18.0,8.0,1.0,0.0,0,0.6377300445366426,High Risk
C108807,117,1,31137.52,31137.52,8.0,2.0,1.0,0.0,1,0.637639751263126,High Risk
C100885,18,1,33400.26,33400.26,7.0,1.0,0.0,0.0,0,0.6376207339438248,High Risk
C105224,4,1,2512.24,2512.24,3.0,0.0,0.0,0.0,0,0.637526258950678,High Risk
C108174,3,1,11769.832000000002,11769.832000000002,4.0,1.0,0.0,1.0,0,0.6374688645576287,High Risk
C111198,507,1,43468.24800000001,43468.24800000001,6.0,4.0,0.0,1.0,1,0.6373051340964572,High Risk
C107225,54,1,37476.59,37476.59,9.0,2.0,0.0,0.0,0,0.6372270220339687,High Risk
C114606,24,1,9528.11,9528.11,12.0,4.0,0.0,0.0,0,0.6372036205817444,High Risk
C101574,111,2,53118.5905,26559.295250000003,10.0,2.0,2.0,1.0,1,0.6371408526435496,High Risk
C113777,9,1,35541.34,35541.34,8.0,2.0,0.0,0.0,0,0.636974889170467,High Risk
C110971,551,1,41459.340000000004,41459.340000000004,10.0,1.0,0.0,0.0,1,0.6369532072495684,High Risk
C109590,65,1,10688.1,10688.1,9.0,3.0,0.0,0.0,0,0.6369425793056356,High Risk
C105698,241,1,31148.39,31148.39,5.0,3.0,0.0,0.0,1,0.6368878172687098,High Risk
C101685,44,1,36881.56,36881.56,9.0,3.0,0.0,0.0,0,0.6368560283163349,High Risk
C107640,101,3,29348.393000000004,9782.797666666667,19.0,8.0,0.0,0.3333333333333333,1,0.636843530390615,High Risk
C109054,494,1,2633.39,2633.39,14.0,3.0,0.0,0.0,1,0.6366300788503131,High Risk
C101905,10,1,73850.036,73850.036,5.0,2.0,0.0,1.0,0,0.6365972206201886,High Risk
C100506,752,1,58581.619999999995,58581.619999999995,8.0,1.0,0.0,0.0,1,0.6365880735974104,High Risk
C110947,374,1,39246.08,39246.08,12.0,3.0,0.0,0.0,1,0.6365627548607433,High Risk
C103806,422,1,9013.33,9013.33,14.0,3.0,0.0,0.0,1,0.6365307677723884,High Risk
C106241,75,1,33538.528000000006,33538.528000000006,15.0,2.0,0.0,1.0,0,0.6364680999372813,High Risk
C106210,99,1,34065.79,34065.79,13.0,4.0,0.0,0.0,1,0.636466341860764,High Risk
C100998,49,1,4522.66,4522.66,10.0,1.0,0.0,0.0,0,0.6363299386148377,High Risk
C106901,48,1,5815.21,5815.21,4.0,0.0,0.0,0.0,0,0.6362454510179574,High Risk
C108722,137,1,2239.51,2239.51,12.0,2.0,0.0,0.0,1,0.6361770314567523,High Risk
C102878,216,1,34451.509999999995,34451.509999999995,8.0,1.0,0.0,0.0,1,0.6361760993638054,High Risk
C105682,62,1,34297.03,34297.03,8.0,1.0,0.0,0.0,0,0.6361760993638054,High Risk
C101277,85,1,38562.31,38562.31,6.0,1.0,0.0,0.0,0,0.6359412074145676,High Risk
C100533,89,1,45950.94,45950.94,6.0,1.0,0.0,0.0,0,0.6359305475657444,High Risk
C110531,257,1,43206.63,43206.63,4.0,1.0,0.0,0.0,1,0.6358643608848419,High Risk
C108475,8,1,9222.1,9222.1,12.0,4.0,0.0,0.0,0,0.6358052886428852,High Risk
C106003,55,1,34684.469999999994,34684.469999999994,8.0,4.0,0.0,0.0,0,0.6354719090275941,High Risk
C113612,272,2,44627.39,22313.695,16.0,5.0,2.0,0.5,1,0.6354653069508689,High Risk
C100224,96,1,10727.99,10727.99,10.0,3.0,0.0,0.0,1,0.6354089932958809,High Risk
C106143,12,1,37818.62,37818.62,8.0,1.0,0.0,0.0,0,0.6352678962422015,High Risk
C105474,370,1,61774.38,61774.38,12.0,1.0,0.0,0.0,1,0.6351431449382343,High Risk
C104987,188,1,36944.17,36944.17,3.0,0.0,0.0,0.0,1,0.6351242009101244,High Risk
C113223,211,2,2579.2195,1289.60975,4.0,0.0,0.0,1.0,1,0.6350799110834398,High Risk
C111412,8,1,36074.05,36074.05,7.0,3.0,0.0,0.0,0,0.634948303465871,High Risk
C103938,-1,1,42850.6,42850.6,9.0,4.0,0.0,0.0,0,0.6346653921438168,High Risk
C110925,-1,1,14240.93,14240.93,7.0,4.0,0.0,0.0,0,0.6345479791013706,High Risk
C114832,37,1,29785.33,29785.33,4.0,0.0,0.0,0.0,0,0.6345476669177856,High Risk
C103284,21,1,20821.02,20821.02,10.0,5.0,0.0,0.0,0,0.6345325719955552,High Risk
C110207,97,1,46380.270000000004,46380.270000000004,7.0,3.0,0.0,0.0,1,0.6345294763914666,High Risk
C111546,159,1,45527.42,45527.42,10.0,3.0,0.0,0.0,1,0.6345151930018367,High Risk
C105127,-1,1,7599.43,7599.43,10.0,4.0,0.0,0.0,0,0.634504314670924,High Risk
C113058,12,1,63924.873,63924.873,4.0,0.0,1.0,1.0,0,0.6344083528274119,High Risk
C114824,807,1,35736.19,35736.19,9.0,3.0,0.0,0.0,1,0.6343814083837667,High Risk
C104762,65,1,10801.94,10801.94,7.0,2.0,0.0,0.0,0,0.634353639442312,High Risk
C104049,87,1,31725.579999999998,31725.579999999998,9.0,4.0,0.0,0.0,0,0.6343017092005447,High Risk
C110565,419,2,1661.1909999999998,830.5954999999999,7.0,3.0,0.0,1.0,1,0.6342981214207907,High Risk
C112240,268,1,34426.41,34426.41,6.0,1.0,0.0,0.0,1,0.6342726350327917,High Risk
C111014,432,1,31149.120000000003,31149.120000000003,8.0,2.0,0.0,0.0,1,0.6339969035444539,High Risk
C110656,468,1,3272.9,3272.9,12.0,6.0,0.0,0.0,1,0.6339818114972575,High Risk
C104800,149,1,47934.38,47934.38,7.0,3.0,0.0,0.0,1,0.6339418308523611,High Risk
C102812,23,1,4519.09,4519.09,10.0,1.0,0.0,0.0,0,0.6338986111585964,High Risk
C112075,8,1,37675.99,37675.99,7.0,1.0,0.0,0.0,0,0.633866487223342,High Risk
C103029,26,1,48056.73,48056.73,6.0,3.0,1.0,0.0,0,0.6338367088286209,High Risk
C107021,426,1,14657.13,14657.13,4.0,1.0,0.0,0.0,1,0.6338328510412553,High Risk
C100699,255,1,36807.66,36807.66,3.0,0.0,0.0,0.0,1,0.6338219792636448,High Risk
C100209,132,1,10606.901999999998,10606.901999999998,13.0,7.0,1.0,1.0,1,0.633694550843067,High Risk
C101047,18,1,33973.922,33973.922,3.0,0.0,0.0,1.0,0,0.6336628981381124,High Risk
C104160,136,1,38826.66,38826.66,10.0,3.0,0.0,0.0,1,0.6336166100315714,High Risk
C106734,274,1,43990.01,43990.01,12.0,6.0,0.0,0.0,1,0.6334933590909135,High Risk
C104005,641,2,51069.577999999994,25534.788999999997,7.0,2.0,2.0,1.0,1,0.6333827120269387,High Risk
C103267,551,2,51103.6035,25551.80175,7.0,2.0,2.0,1.0,1,0.6333827120269387,High Risk
C109767,28,1,47663.32,47663.32,7.0,3.0,1.0,0.0,0,0.6333507296129847,High Risk
C103614,270,1,8232.99,8232.99,6.0,4.0,0.0,0.0,1,0.6331459088644378,High Risk
C110782,89,1,46469.64,46469.64,8.0,3.0,0.0,0.0,0,0.6331148858691968,High Risk
C109092,3,1,21121.13,21121.13,14.0,4.0,0.0,0.0,0,0.6329043436009614,High Risk
C102350,836,1,39680.119999999995,39680.119999999995,7.0,1.0,1.0,0.0,1,0.632799515652218,High Risk
C108363,63,1,33756.0,33756.0,6.0,1.0,0.0,0.0,0,0.632719773273695,High Risk
C113605,166,1,36075.18,36075.18,8.0,4.0,0.0,0.0,1,0.6326238688859877,High Risk
C112657,0,1,10578.89,10578.89,8.0,2.0,0.0,0.0,0,0.6323681751524126,High Risk
C102805,316,1,33831.21,33831.21,10.0,3.0,0.0,0.0,1,0.6323136321142794,High Risk
C101103,404,1,32940.54,32940.54,7.0,4.0,0.0,0.0,1,0.632229787617743,High Risk
C110647,473,1,51567.37,51567.37,6.0,1.0,0.0,0.0,1,0.6320623828444095,High Risk
C114497,31,1,4398.0,4398.0,11.0,4.0,0.0,0.0,0,0.6317494878813934,High Risk
C112232,67,1,64260.46,64260.46,12.0,3.0,0.0,0.0,0,0.6317427602244694,High Risk
C103684,308,2,42657.0235,21328.51175,22.0,6.0,0.0,1.0,1,0.6313418340124938,High Risk
C104638,36,1,46284.79,46284.79,6.0,2.0,0.0,0.0,0,0.6313017278734306,High Risk
C102374,-1,1,28051.67,28051.67,12.0,4.0,1.0,0.0,0,0.6312916015217828,High Risk
C110679,0,1,35059.76,35059.76,7.0,1.0,1.0,0.0,0,0.6312428460737989,High Risk
C113431,264,1,38207.5,38207.5,4.0,2.0,0.0,0.0,1,0.6312406359738437,High Risk
C103288,73,1,28107.243000000002,28107.243000000002,7.0,4.0,0.0,1.0,0,0.6311735102352449,High Risk
C105851,246,3,8553.8925,2851.2975,9.0,4.0,1.0,0.6666666666666666,1,0.631164665564741,High Risk
C114350,31,1,35834.86,35834.86,5.0,1.0,0.0,0.0,0,0.6311409580968204,High Risk
C114842,415,1,33731.02,33731.02,10.0,2.0,0.0,0.0,1,0.6311374884835907,High Risk
C111910,115,1,42598.43,42598.43,10.0,4.0,0.0,0.0,1,0.6310402069716788,High Risk
C113508,58,1,39860.35,39860.35,7.0,1.0,0.0,0.0,0,0.6305923046603337,High Risk
C105882,418,2,8815.372500000001,4407.686250000001,10.0,3.0,0.0,1.0,1,0.6305710670565733,High Risk
C101134,453,2,8784.0175,4392.00875,10.0,3.0,0.0,1.0,1,0.6305710670565733,High Risk
C110644,298,2,65388.013999999996,32694.006999999998,8.0,6.0,1.0,0.5,1,0.6304951343891407,High Risk
C107263,89,1,45421.35,45421.35,10.0,1.0,0.0,0.0,0,0.6304589832997473,High Risk
C105801,56,1,40353.7,40353.7,5.0,0.0,1.0,0.0,0,0.6302922457636283,High Risk
C111160,27,1,59981.031,59981.031,4.0,3.0,1.0,1.0,0,0.6299713143790533,High Risk
C114886,125,1,34586.87,34586.87,9.0,4.0,0.0,0.0,1,0.6299313691132065,High Risk
C110949,87,1,22689.13,22689.13,5.0,4.0,0.0,0.0,0,0.6299281271676892,High Risk
C112798,200,2,9942.099999999999,4971.049999999999,9.0,1.0,0.0,0.0,1,0.6298154834339763,High Risk
C106638,250,1,41935.11,41935.11,7.0,1.0,1.0,0.0,1,0.629650859294405,High Risk
C106500,648,2,6172.112999999999,3086.0564999999997,10.0,3.0,0.0,0.5,1,0.6296093436674893,High Risk
C105638,272,1,35232.09,35232.09,6.0,1.0,0.0,0.0,1,0.6296017901783997,High Risk
C106972,131,4,182418.9555,45604.738875,11.0,4.0,0.0,0.75,1,0.6295378504926501,High Risk
C109903,11,1,2559.62,2559.62,9.0,5.0,0.0,0.0,0,0.6294572911982371,High Risk
C101940,320,1,38870.6,38870.6,12.0,2.0,0.0,0.0,1,0.6289989460452294,High Risk
C111559,354,2,52804.5815,26402.29075,12.0,3.0,2.0,1.0,1,0.6289851003177638,High Risk
C111922,429,1,6222.9,6222.9,10.0,4.0,0.0,0.0,1,0.6289019179707092,High Risk
C113329,88,1,58799.58,58799.58,7.0,3.0,0.0,0.0,0,0.6288565223173137,High Risk
C106206,151,2,7827.710500000001,3913.8552500000005,8.0,3.0,1.0,1.0,1,0.6287840413682819,High Risk
C106890,379,2,88453.45,44226.725,5.0,4.0,1.0,0.0,1,0.6283772204584193,High Risk
C104418,55,1,29748.243,29748.243,3.0,1.0,0.0,1.0,0,0.6283243975791665,High Risk
C101249,2,1,9235.1,9235.1,14.0,2.0,0.0,0.0,0,0.6282999215039979,High Risk
C106350,-1,1,9151.97,9151.97,4.0,1.0,1.0,0.0,0,0.6281831502092798,High Risk
C114890,1,1,31096.28,31096.28,5.0,2.0,0.0,0.0,0,0.6281791761966492,High Risk
C111745,1,1,58892.69,58892.69,7.0,2.0,0.0,0.0,0,0.6281417362790441,High Risk
C100433,39,1,51681.68,51681.68,8.0,1.0,0.0,0.0,0,0.6280983340430519,High Risk
C111618,156,1,2004.43,2004.43,12.0,3.0,0.0,0.0,1,0.6279486657891786,High Risk
C101866,176,1,32713.95,32713.95,12.0,0.0,0.0,0.0,1,0.6279388101184434,High Risk
C100838,8,1,14972.41,14972.41,4.0,1.0,0.0,0.0,0,0.6278546166955059,High Risk
C109577,65,1,14999.7,14999.7,4.0,1.0,0.0,0.0,0,0.6278546166955059,High Risk
C111804,22,1,2877.55,2877.55,14.0,4.0,0.0,0.0,0,0.6277996977891482,High Risk
C110449,429,2,67930.47,33965.235,5.0,1.0,0.0,0.0,1,0.6277651126064615,High Risk
C109631,148,2,94693.0895,47346.54475,13.0,4.0,1.0,0.5,1,0.6277638093967378,High Risk
C106085,138,1,34858.39,34858.39,8.0,1.0,0.0,0.0,1,0.6277458744656772,High Risk
C106255,26,1,10724.720000000001,10724.720000000001,7.0,2.0,0.0,0.0,0,0.6276596846082141,High Risk
C103294,586,2,9072.784000000001,4536.392000000001,11.0,3.0,0.0,1.0,1,0.6270854124797125,High Risk
C106299,370,2,72869.2,36434.6,9.0,3.0,0.0,0.0,1,0.6269426344138235,High Risk
C102398,80,1,31474.14,31474.14,10.0,4.0,0.0,0.0,0,0.6269018097791803,High Risk
C100006,211,2,51078.005000000005,25539.002500000002,10.0,3.0,2.0,1.0,1,0.6268778483613083,High Risk
C109251,164,1,51694.47,51694.47,7.0,1.0,0.0,0.0,1,0.6266871476076767,High Risk
C113547,211,1,4129.76,4129.76,14.0,2.0,0.0,0.0,1,0.6264540097451328,High Risk
C108596,83,1,745.127,745.127,11.0,6.0,0.0,1.0,0,0.6264155677725188,High Risk
C111232,30,2,61460.554000000004,30730.277000000002,8.0,2.0,2.0,1.0,0,0.626322537220656,High Risk
C109877,43,1,4144.93,4144.93,12.0,2.0,0.0,0.0,0,0.6262732482355451,High Risk
C114391,122,1,50340.48,50340.48,9.0,2.0,0.0,0.0,1,0.6262581966066401,High Risk
C110024,309,1,40134.8,40134.8,9.0,3.0,0.0,0.0,1,0.6261567203759795,High Risk
C102403,321,2,65378.05,32689.024999999998,9.0,2.0,0.0,0.0,1,0.6260752358287437,High Risk
C104553,59,1,58552.06,58552.06,7.0,2.0,0.0,0.0,0,0.6259768438624697,High Risk
C100515,6,1,34927.95,34927.95,6.0,1.0,0.0,0.0,0,0.6258424101346636,High Risk
C101692,294,1,34929.49,34929.49,6.0,1.0,0.0,0.0,1,0.6258424101346636,High Risk
C109750,4,1,4915.04,4915.04,12.0,3.0,0.0,0.0,0,0.6257272484413992,High Risk
C101500,255,2,43959.059,21979.5295,14.0,6.0,0.0,0.5,1,0.6256581462712312,High Risk
C104018,56,1,54444.85,54444.85,10.0,5.0,0.0,0.0,0,0.6255254821966595,High Risk
C104573,65,1,29660.18,29660.18,4.0,0.0,0.0,0.0,0,0.6254505416779781,High Risk
C108292,66,2,66004.43,33002.215,10.0,5.0,0.0,0.0,0,0.6254005745546923,High Risk
C101944,129,1,9723.95,9723.95,14.0,5.0,0.0,0.0,1,0.6251564131973774,High Risk
C108406,61,1,33821.82,33821.82,12.0,3.0,0.0,0.0,0,0.6251505615972942,High Risk
C113529,250,3,8104.8150000000005,2701.605,4.0,3.0,1.0,0.6666666666666666,1,0.6250485065920508,High Risk
C104461,46,1,2988.33,2988.33,7.0,4.0,0.0,0.0,0,0.62487461980519,High Risk
C113261,239,2,72750.84999999999,36375.425,9.0,2.0,0.0,0.0,1,0.6248638804019006,High Risk
C112342,2,1,41948.07,41948.07,6.0,2.0,1.0,0.0,0,0.6247100989241752,High Risk
C101916,768,1,12088.21,12088.21,5.0,4.0,0.0,0.0,1,0.624643937651991,High Risk
C101083,27,1,38738.020000000004,38738.020000000004,4.0,1.0,0.0,0.0,0,0.6245954626865784,High Risk
C106271,29,1,38623.31,38623.31,4.0,1.0,0.0,0.0,0,0.6245954626865784,High Risk
C107719,255,1,38031.34,38031.34,11.0,3.0,0.0,0.0,1,0.6245444718676348,High Risk
C114125,173,1,34515.97,34515.97,10.0,2.0,0.0,0.0,1,0.6244852500007183,High Risk
C111893,265,2,54586.238,27293.119,11.0,1.0,0.0,1.0,1,0.6243397705042018,High Risk
C104010,331,1,50906.100000000006,50906.100000000006,6.0,2.0,0.0,0.0,1,0.6241706033662286,High Risk
C113345,465,2,78963.48,39481.74,9.0,5.0,0.0,0.0,1,0.6237244310411809,High Risk
C106087,258,2,2841.77,1420.885,3.0,0.0,0.0,0.0,1,0.6236872650924188,High Risk
C111006,73,1,43797.759999999995,43797.759999999995,3.0,0.0,0.0,0.0,0,0.6236589516895135,High Risk
C111688,311,2,62153.02,31076.51,8.0,5.0,2.0,0.0,1,0.6235715621964634,High Risk
C104322,547,2,15117.9,7558.95,11.0,3.0,0.0,0.0,1,0.6235516580389067,High Risk
C100742,199,2,66427.13,33213.565,5.0,1.0,1.0,0.0,1,0.6235470884137854,High Risk
C113866,1,1,40665.45,40665.45,10.0,2.0,0.0,0.0,0,0.6235079687399001,High Risk
C111250,139,2,63579.9,31789.95,10.0,1.0,1.0,0.0,1,0.6233984487601361,High Risk
C113511,99,1,512.57,512.57,11.0,5.0,0.0,0.0,1,0.6233054319089387,High Risk
C113580,645,1,39149.13,39149.13,11.0,3.0,0.0,0.0,1,0.6232252562991496,High Risk
C111182,5,1,50859.66,50859.66,8.0,2.0,0.0,0.0,0,0.622810153997811,High Risk
C109416,107,2,92712.982,46356.491,3.0,2.0,0.0,0.5,1,0.6227785491257596,High Risk
C108885,806,1,40635.84,40635.84,7.0,2.0,1.0,0.0,1,0.6226674618719531,High Risk
C102559,144,2,7074.754,3537.377,11.0,2.0,0.0,0.5,1,0.622587588559295,High Risk
C101994,59,1,9590.88,9590.88,13.0,5.0,0.0,0.0,0,0.6225324453483952,High Risk
C113578,441,1,51205.259999999995,51205.259999999995,7.0,2.0,0.0,0.0,1,0.6224300117162876,High Risk
C110421,218,2,16740.89,8370.445,8.0,3.0,0.0,0.0,1,0.6218958432469062,High Risk
C112255,257,2,60927.219,60927.219,10.0,3.0,1.0,1.0,1,0.6218816342644488,High Risk
C109436,186,3,156120.976,52040.32533333334,11.0,4.0,0.0,0.6666666666666666,1,0.6217374318565128,High Risk
C106736,6,1,4502.64,4502.64,11.0,2.0,0.0,0.0,0,0.6217087497504268,High Risk
C111179,26,1,50753.56,50753.56,6.0,1.0,0.0,0.0,0,0.6215181932793584,High Risk
C103945,14,2,71410.48,35705.240000000005,6.0,2.0,4.0,1.0,0,0.6215066211860498,High Risk
C105730,88,1,15228.36,15228.36,3.0,2.0,0.0,0.0,0,0.6214706779514545,High Risk
C108421,527,2,28689.73,14344.865,14.0,2.0,0.0,0.0,1,0.6214184744614092,High Risk
C100620,281,1,39332.729999999996,39332.729999999996,4.0,1.0,0.0,0.0,1,0.6211537884842789,High Risk
C111124,-1,1,21734.07,21734.07,3.0,2.0,0.0,0.0,0,0.6210851250109163,High Risk
C103110,42,1,33403.18,33403.18,4.0,1.0,0.0,0.0,0,0.6209312562437751,High Risk
C103705,435,2,63159.41,31579.705,8.0,0.0,1.0,0.0,1,0.62093045641051,High Risk
C110489,244,2,66308.45499999999,33154.22749999999,8.0,1.0,2.0,0.5,1,0.620890835382811,High Risk
C107304,16,1,62135.979999999996,62135.979999999996,10.0,3.0,0.0,0.0,0,0.6208860799863577,High Risk
C103297,344,2,65152.29,32576.145,8.0,2.0,0.0,0.0,1,0.6207749098583246,High Risk
C110089,116,1,45560.35,45560.35,4.0,3.0,0.0,0.0,1,0.6205165758518424,High Risk
C102396,328,2,6818.6900000000005,3409.3450000000003,10.0,3.0,0.0,1.0,1,0.6200681050491966,High Risk
C104078,673,2,82351.75,41175.875,7.0,5.0,0.0,0.0,1,0.6200487779869462,High Risk
C106526,155,1,5083.68,5083.68,7.0,4.0,0.0,0.0,1,0.6200148997671598,High Risk
C106176,29,1,48330.62,48330.62,4.0,3.0,0.0,0.0,0,0.6199773552371055,High Risk
C112065,220,2,71431.541,35715.7705,10.0,5.0,0.0,0.5,1,0.6199555454487686,High Risk
C110862,276,1,41200.66,41200.66,7.0,4.0,0.0,0.0,1,0.6199176589300142,High Risk
C109630,44,1,31168.24,31168.24,7.0,2.0,0.0,0.0,0,0.6198901631610559,High Risk
C103588,257,2,27811.649999999998,13905.824999999999,2.0,0.0,0.0,0.0,1,0.6197965690618183,High Risk
C112568,16,1,15446.25,15446.25,7.0,6.0,0.0,0.0,0,0.6194938786829217,High Risk
C106222,317,1,19057.39,19057.39,13.0,7.0,0.0,0.0,1,0.619490988338103,High Risk
C111899,176,1,30317.96,30317.96,8.0,2.0,0.0,0.0,1,0.6194015414026951,High Risk
C103607,111,1,30332.08,30332.08,8.0,2.0,0.0,0.0,1,0.6194015414026951,High Risk
C102704,240,2,64415.7,32207.85,5.0,1.0,0.0,0.0,1,0.6190473531215597,High Risk
C105020,146,2,43545.179500000006,21772.58975,8.0,2.0,2.0,1.0,1,0.6190388323038137,High Risk
C101743,173,1,14793.09,14793.09,4.0,2.0,0.0,0.0,1,0.6189624726651846,High Risk
C106930,49,1,40140.42,40140.42,4.0,2.0,0.0,0.0,0,0.6188817106702363,High Risk
C110315,263,2,86244.538,43122.269,9.0,5.0,0.0,0.5,1,0.6187852592079964,High Risk
C101363,86,1,43336.76,43336.76,3.0,0.0,0.0,0.0,0,0.6186816085900542,High Risk
C112716,19,1,36122.12,36122.12,10.0,4.0,0.0,0.0,0,0.618402762729892,High Risk
C106929,876,2,11951.27,5975.635,12.0,2.0,0.0,0.0,1,0.6183647672321091,High Risk
C107199,82,1,3263.87,3263.87,7.0,4.0,0.0,0.0,0,0.6182228106036954,High Risk
C113475,565,1,35884.92,35884.92,12.0,4.0,0.0,0.0,1,0.6181633703998343,High Risk
C107950,85,1,40554.57,40554.57,5.0,3.0,1.0,0.0,0,0.6181603735693932,High Risk
C112410,386,2,48194.967000000004,24097.483500000002,14.0,7.0,0.0,1.0,1,0.6180499266268336,High Risk
C105752,145,2,77206.3,38603.15,5.0,1.0,0.0,0.0,1,0.6180040829316422,High Risk
C106873,462,1,37604.67,37604.67,10.0,4.0,0.0,0.0,1,0.6179994323031527,High Risk
C112786,74,1,35305.58,35305.58,3.0,1.0,0.0,0.0,0,0.6177484713152502,High Risk
C104790,56,1,63090.23,63090.23,6.0,1.0,0.0,0.0,0,0.6175450694439931,High Risk
C114433,172,2,48080.22,24040.11,11.0,2.0,1.0,1.0,1,0.617462270092387,High Risk
C100762,57,1,13490.43,13490.43,5.0,4.0,0.0,0.0,0,0.6174553007400095,High Risk
C106064,93,2,43671.950000000004,21835.975,8.0,3.0,0.0,0.0,1,0.6173512320864623,High Risk
C107333,402,2,56936.95,28468.475,10.0,6.0,0.0,0.0,1,0.617323372588413,High Risk
C109599,194,2,66732.61,33366.305,9.0,4.0,1.0,0.0,1,0.6172852309641367,High Risk
C109786,583,2,69062.64,34531.32,10.0,5.0,0.0,0.0,1,0.6170665662352163,High Risk
C100639,17,1,2408.76,2408.76,13.0,1.0,0.0,0.0,0,0.6168795321892167,High Risk
C107419,40,2,9582.82,4791.41,5.0,1.0,0.0,0.0,0,0.6168712838911116,High Risk
C104107,334,2,9674.19,4837.095,5.0,1.0,0.0,0.0,1,0.6168712838911116,High Risk
C105081,269,2,16440.55,8220.275,10.0,3.0,0.0,0.0,1,0.6167930563337264,High Risk
C103567,95,2,65187.284,32593.642,9.0,3.0,0.0,0.5,1,0.6167063438619045,High Risk
C108620,400,1,29757.19,29757.19,9.0,3.0,1.0,0.0,1,0.6166727425200704,High Risk
C105511,36,1,10228.55,10228.55,6.0,4.0,0.0,0.0,0,0.6165009447727261,High Risk
C104771,57,1,40227.53,40227.53,6.0,1.0,1.0,0.0,0,0.6164698424500124,High Risk
C110316,82,1,330.32,330.32,4.0,1.0,0.0,0.0,0,0.6162978100687118,High Risk
C100428,432,2,24752.519999999997,12376.259999999998,8.0,2.0,0.0,0.0,1,0.6162393487730846,High Risk
C103613,90,1,940.67,940.67,13.0,3.0,0.0,0.0,0,0.6162044348650769,High Risk
C112349,531,2,61869.020000000004,30934.510000000002,9.0,3.0,0.0,0.0,1,0.6160372641877837,High Risk
C109852,217,2,64895.343499999995,32447.671749999998,8.0,5.0,0.0,0.5,1,0.6158901403311603,High Risk
C114658,16,1,3596.8,3596.8,13.0,3.0,0.0,0.0,0,0.6158647945628938,High Risk
C100318,229,1,0.0,0.0,3.0,0.0,0.0,1.0,1,0.6158579790604441,High Risk
C106706,114,3,83585.12599999999,27861.708666666662,24.0,9.0,0.0,0.6666666666666666,1,0.6156926311989284,High Risk
C103067,110,2,43407.96,21703.98,3.0,1.0,0.0,0.0,1,0.615490907903653,High Risk
C105815,218,1,11140.1,11140.1,3.0,2.0,0.0,0.0,1,0.6154299839149371,High Risk
C102851,56,1,34928.51,34928.51,11.0,3.0,0.0,0.0,0,0.6153803441471348,High Risk
C104686,83,1,40245.54,40245.54,9.0,4.0,0.0,0.0,0,0.6153497561616976,High Risk
C102441,205,1,10554.45,10554.45,11.0,4.0,0.0,0.0,1,0.615277076436132,High Risk
C105574,125,2,43985.25,21992.624999999996,8.0,2.0,0.0,0.0,1,0.6151759098092636,High Risk
C108653,29,1,11427.510499999999,11427.510499999999,3.0,1.0,0.0,1.0,0,0.6149982975278399,High Risk
C101474,623,2,60891.336500000005,30445.668250000002,11.0,3.0,1.0,1.0,1,0.6148364941815515,High Risk
C104933,280,2,58368.0025,29184.00125,10.0,1.0,0.0,1.0,1,0.6148123272549283,High Risk
C106649,360,2,20728.88,10364.44,7.0,3.0,0.0,0.0,1,0.6147534266850401,High Risk
C108369,40,1,34018.11,34018.11,10.0,1.0,0.0,0.0,0,0.6146259220875668,High Risk
C102217,328,2,17835.243000000002,8917.621500000001,2.0,0.0,0.0,1.0,1,0.6145551456654711,High Risk
C109788,85,1,54162.23,54162.23,11.0,1.0,0.0,0.0,0,0.6144583386862865,High Risk
C111466,96,1,30930.99,30930.99,8.0,2.0,0.0,0.0,1,0.6144254770805162,High Risk
C113598,523,2,8804.187,4402.0935,12.0,4.0,0.0,1.0,1,0.6141755873871774,High Risk
C109093,76,1,39557.66,39557.66,4.0,1.0,0.0,0.0,0,0.6139043469167901,High Risk
C109438,19,2,9695.66,4847.83,9.0,0.0,0.0,0.0,0,0.6138464119640542,High Risk
C103086,7,2,69426.037,34713.0185,10.0,2.0,2.0,1.0,0,0.613840089914057,High Risk
C100041,12,2,66021.92,33010.96,9.0,3.0,1.0,0.0,0,0.6138389165540559,High Risk
C110694,720,1,37364.43,37364.43,11.0,4.0,0.0,0.0,1,0.6138367305481126,High Risk
C113276,263,2,66222.459,33111.2295,10.0,6.0,0.0,0.5,1,0.6135727939678604,High Risk
C103903,234,1,30757.7,30757.7,6.0,1.0,0.0,0.0,1,0.6135343159616243,High Risk
C103422,-1,2,91357.78,45678.89,7.0,1.0,1.0,0.0,0,0.6135333588080303,High Risk
C113111,144,1,30743.49,30743.49,8.0,2.0,0.0,0.0,1,0.6133861778342898,High Risk
C111069,108,2,15744.869999999999,7872.4349999999995,8.0,3.0,0.0,0.0,1,0.6132781060954042,High Risk
C101488,6,1,4515.07,4515.07,4.0,2.0,0.0,0.0,0,0.6132660950368102,High Risk
C114721,16,1,9217.75,9217.75,6.0,4.0,0.0,0.0,0,0.6132569258781382,High Risk
C102522,369,2,55532.034,27766.017,10.0,1.0,0.0,1.0,1,0.6132370270393284,High Risk
C107738,709,1,36037.23,36037.23,4.0,1.0,0.0,0.0,1,0.6124280459228079,High Risk
C111360,119,13,368644.1975,28357.24596153846,18.0,6.0,8.0,0.46153846153846156,1,0.612387839284956,High Risk
C105775,43,1,10618.33,10618.33,14.0,3.0,0.0,0.0,0,0.6123769485182573,High Risk
C107250,41,2,19337.8645,9668.93225,2.0,0.0,0.0,1.0,0,0.612339337775094,High Risk
C111306,272,2,28959.78,14479.89,11.0,1.0,0.0,0.0,1,0.6122815175347747,High Risk
C111821,54,2,62302.2245,31151.11225,8.0,6.0,1.0,0.5,0,0.6122142755041755,High Risk
C100203,293,2,57673.353,28836.6765,7.0,1.0,2.0,1.0,1,0.6121599219109367,High Risk
C113628,239,2,71158.857,35579.428499999995,10.0,5.0,1.0,0.5,1,0.6121474195716586,High Risk
C102521,25,2,63598.061499999996,31799.030749999998,8.0,5.0,1.0,0.5,0,0.6120504926226346,High Risk
C106760,74,1,58404.93000000001,58404.93000000001,12.0,2.0,0.0,0.0,0,0.6120041548526963,High Risk
C111440,217,2,25959.88,12979.94,10.0,2.0,0.0,0.0,1,0.6119416447167554,High Risk
C101463,125,2,89217.706,44608.853,6.0,3.0,0.0,0.5,1,0.6118312195766421,High Risk
C105860,88,2,105211.967,52605.9835,12.0,3.0,0.0,0.5,0,0.6115148999946561,High Risk
C108427,197,2,11344.47,5672.235,9.0,5.0,0.0,0.0,1,0.6114364199125011,High Risk
C108132,193,2,52562.31,26281.155,14.0,5.0,0.0,0.0,1,0.6113489559475329,High Risk
C100602,274,1,18566.02,18566.02,14.0,7.0,0.0,0.0,1,0.6113305617962461,High Risk
C113277,278,2,66554.47,33277.235,7.0,3.0,0.0,0.0,1,0.6111968397828507,High Risk
C103819,168,2,20489.01,10244.505000000001,7.0,0.0,0.0,1.0,1,0.6111562651319024,High Risk
C102476,120,2,17686.86,8843.43,5.0,3.0,0.0,0.0,1,0.6111313204340082,High Risk
C107574,318,2,65712.7175,32856.35875,7.0,1.0,1.0,0.5,1,0.611102441440305,High Risk
C100155,546,2,71012.29800000001,35506.149000000005,7.0,1.0,1.0,0.5,1,0.611006291216038,High Risk
C108583,429,2,62693.00000000001,31346.5,8.0,2.0,0.0,0.0,1,0.6109603582656602,High Risk
C102268,291,2,56946.738000000005,28473.369000000002,9.0,1.0,1.0,1.0,1,0.6108812970848198,High Risk
C114750,227,2,55961.597,27980.798499999997,9.0,1.0,1.0,1.0,1,0.6106608146913688,High Risk
C104962,14,1,4532.26,4532.26,11.0,6.0,0.0,0.0,0,0.6105968211616289,High Risk
C108223,145,2,78076.463,39038.2315,2.0,0.0,1.0,1.0,1,0.6103498882895642,High Risk
C103987,264,2,67746.8895,33873.444749999995,7.0,1.0,0.0,0.5,1,0.6103040377608324,High Risk
C104325,360,2,67729.719,33864.8595,7.0,1.0,0.0,0.5,1,0.6103040377608324,High Risk
C102451,130,2,56359.0015,28179.50075,13.0,5.0,2.0,0.5,1,0.6102779982783655,High Risk
C112136,531,2,63444.3115,31722.15575,10.0,6.0,0.0,0.5,1,0.6101769860905387,High Risk
C105866,8,1,39499.05,39499.05,11.0,2.0,0.0,0.0,0,0.6101638759218706,High Risk
C103383,67,1,10562.436000000002,10562.436000000002,3.0,1.0,0.0,1.0,0,0.6098752065770114,High Risk
C105705,139,2,73878.85,36939.425,6.0,2.0,1.0,0.0,1,0.6098611738828563,High Risk
C110246,222,2,24036.47,12018.235,7.0,3.0,0.0,0.0,1,0.6098500855546084,High Risk
C107193,146,2,17088.97,8544.485,7.0,2.0,0.0,0.0,1,0.6097782660990207,High Risk
C113274,93,2,44334.78999999999,22167.395,8.0,2.0,0.0,0.0,1,0.6097364653841353,High Risk
C110956,103,2,25638.37,12819.185,14.0,4.0,0.0,0.0,1,0.6096850266979721,High Risk
C100537,161,2,53894.078,26947.039,14.0,5.0,0.0,0.5,1,0.6096506273583766,High Risk
C108323,314,2,26794.044,13397.022,0.0,0.0,0.0,0.5,1,0.609488264088641,High Risk
C111448,242,2,65269.746,32634.873,5.0,2.0,1.0,0.5,1,0.6094605739192832,High Risk
C101747,104,2,26682.88,13341.44,9.0,0.0,0.0,0.0,1,0.609357425634851,High Risk
C100835,94,2,27667.28,13833.64,11.0,3.0,1.0,0.0,1,0.6093332725790588,High Risk
C105251,219,2,58215.7895,29107.89475,9.0,1.0,0.0,1.0,1,0.609299158185202,High Risk
C100824,250,2,66424.137,33212.0685,9.0,3.0,0.0,0.5,1,0.6091991614647035,High Risk
C113766,113,2,61717.21,30858.605000000003,6.0,0.0,1.0,0.0,1,0.6089050416829938,High Risk
C113636,135,2,54044.612499999996,27022.306249999998,10.0,5.0,0.0,0.5,1,0.6088703263609873,High Risk
C109471,214,2,63762.92,31881.460000000003,8.0,2.0,1.0,0.0,1,0.6088081897078349,High Risk
C111233,50,2,67256.96,33628.479999999996,8.0,2.0,0.0,0.0,0,0.608799066741336,High Risk
C108052,298,2,65613.8655,32806.93275,8.0,1.0,0.0,0.5,1,0.6087870809564583,High Risk
C114480,-1,2,63914.7455,31957.37275,10.0,2.0,1.0,0.5,0,0.6086096034871445,High Risk
C100331,22,1,1352.33,1352.33,4.0,0.0,0.0,0.0,0,0.6084959924205045,High Risk
C110229,298,2,65185.162,32592.581,7.0,2.0,0.0,0.5,1,0.6084825725232104,High Risk
C106170,69,2,10949.84,5474.92,7.0,2.0,0.0,0.0,0,0.6084770778187566,High Risk
C110819,617,2,69535.825,34767.9125,6.0,2.0,2.0,0.5,1,0.6084574189741223,High Risk
C105731,301,1,34606.84,34606.84,7.0,4.0,0.0,0.0,1,0.6084341906673428,High Risk
C109569,562,2,61202.723,30601.361500000003,9.0,1.0,0.0,1.0,1,0.6084221056112661,High Risk
C112964,151,2,64500.468,32250.234,10.0,1.0,0.0,0.5,1,0.6082190632374188,High Risk
C104536,95,2,53575.679000000004,26787.839500000002,11.0,3.0,1.0,1.0,1,0.6081352017474595,High Risk
C114432,3,2,67263.0,33631.5,10.0,4.0,0.0,0.0,0,0.6080242549697007,High Risk
C114023,176,2,67834.5805,33917.29025,11.0,0.0,0.0,0.5,1,0.6079973612522921,High Risk
C103026,391,1,39659.11,39659.11,4.0,3.0,0.0,0.0,1,0.6079829235712269,High Risk
C113495,143,2,53934.3155,26967.15775,8.0,5.0,0.0,0.5,1,0.6079711852537456,High Risk
C102708,233,2,18894.76,9447.380000000001,9.0,2.0,0.0,0.0,1,0.6079678615094204,High Risk
C105564,135,2,48564.18,24282.09,13.0,5.0,2.0,0.0,1,0.6079388703565353,High Risk
C113627,158,2,9654.544,4827.272,12.0,3.0,0.0,1.0,1,0.6079160120926685,High Risk
C106676,2,1,40570.63,40570.63,4.0,1.0,0.0,0.0,0,0.6078733994674393,High Risk
C106865,185,2,43899.9125,21949.956249999996,4.0,1.0,0.0,1.0,1,0.6078095639164567,High Risk
C100627,36,2,63667.4,31833.699999999997,7.0,3.0,0.0,0.0,0,0.6077750733971243,High Risk
C110007,179,2,10971.009,5485.5045,2.0,1.0,0.0,1.0,1,0.607769438987048,High Risk
C112001,276,2,5140.3215,2570.16075,10.0,2.0,0.0,0.5,1,0.6077320361531782,High Risk
C107695,3,2,4080.475,2040.2375,9.0,4.0,0.0,1.0,0,0.6076680299151443,High Risk
C102207,660,2,66667.69,33333.845,9.0,2.0,0.0,0.5,1,0.6076127018709829,High Risk
C106448,240,2,55737.25,27868.625,6.0,3.0,2.0,0.0,1,0.6076082127377934,High Risk
C111487,416,2,65422.824,32711.412,7.0,3.0,0.0,0.5,1,0.6076077262494083,High Risk
C108635,33,1,37695.44,37695.44,13.0,6.0,0.0,0.0,0,0.6073406592583467,High Risk
C101045,94,2,74445.48999999999,37222.744999999995,9.0,1.0,0.0,0.0,1,0.6071419934569612,High Risk
C108800,142,2,18274.388,9137.194,12.0,0.0,0.0,1.0,1,0.6071403963447118,High Risk
C103879,421,2,68034.13,34017.065,11.0,3.0,0.0,0.0,1,0.6071312267693778,High Risk
C112785,115,2,18454.668499999996,9227.334249999998,7.0,1.0,1.0,1.0,1,0.6071081146965482,High Risk
C103621,142,2,73738.02,36869.01,10.0,3.0,0.0,0.0,1,0.6070281752274379,High Risk
C112958,14,2,18252.83,9126.415,9.0,3.0,0.0,0.0,0,0.6070272758377591,High Risk
C106757,115,2,28268.2,14134.1,10.0,0.0,0.0,0.0,1,0.6070060914019193,High Risk
C104453,15,1,6632.93,6632.93,3.0,2.0,0.0,0.0,0,0.606997498927049,High Risk
C106004,143,2,24714.08,12357.04,12.0,4.0,0.0,0.0,1,0.6067835754570526,High Risk
C112497,166,2,69652.678,34826.339,6.0,2.0,1.0,0.5,1,0.6067768375369293,High Risk
C110682,6,2,25549.37,12774.685,9.0,2.0,0.0,0.0,0,0.6067571963336923,High Risk
C108893,2,2,43783.344,21891.672,5.0,1.0,0.0,1.0,0,0.6066717852059644,High Risk
C109108,14,1,9312.99,9312.99,4.0,2.0,0.0,0.0,0,0.6066020475503708,High Risk
C107912,95,2,27096.39,13548.195,7.0,0.0,2.0,0.0,1,0.6064382868866051,High Risk
C110071,604,2,45026.263,22513.1315,11.0,6.0,2.0,0.5,1,0.6064060997969779,High Risk
C104616,23,1,10822.329,10822.329,3.0,1.0,0.0,1.0,0,0.6064036072445548,High Risk
C100239,69,1,37763.13,37763.13,11.0,5.0,0.0,0.0,0,0.6063830151110855,High Risk
C108540,302,2,91247.7505,45623.87525,7.0,1.0,0.0,1.0,1,0.6063479854154289,High Risk
C102552,290,2,17953.09,8976.545,8.0,2.0,0.0,0.0,1,0.6062604840900492,High Risk
C106796,2,2,67422.52,33711.26,4.0,1.0,0.0,0.0,0,0.6061962283715687,High Risk
C109255,56,1,39942.21,39942.21,11.0,1.0,1.0,0.0,0,0.6059880521650672,High Risk
C112197,247,2,44168.28,22084.14,8.0,1.0,0.0,0.0,1,0.6058246884206209,High Risk
C110517,121,2,66247.0005,33123.50025,10.0,3.0,0.0,0.5,1,0.6056939696035059,High Risk
C112648,546,2,18541.8925,9270.94625,7.0,2.0,1.0,1.0,1,0.6055981480956864,High Risk
C101769,57,1,40409.3,40409.3,10.0,1.0,0.0,0.0,0,0.6052571184499852,High Risk
C108232,207,1,40190.1,40190.1,10.0,1.0,0.0,0.0,1,0.6052571184499852,High Risk
C107302,36,1,4841.88,4841.88,13.0,4.0,0.0,0.0,0,0.6052507311677452,High Risk
C111573,45,2,57548.729999999996,28774.364999999998,8.0,2.0,0.0,0.0,0,0.6052448127451612,High Risk
C105422,3,2,72116.34,36058.17,4.0,2.0,0.0,0.0,0,0.6051866894229818,High Risk
C107604,131,2,83509.854,41754.927,8.0,3.0,1.0,0.5,1,0.6051302022434916,High Risk
C108260,16,2,56073.218,28036.608999999997,11.0,5.0,0.0,0.5,0,0.6050787894830116,High Risk
C109593,125,2,11022.25,5511.125,9.0,4.0,0.0,0.0,1,0.6050147647389683,High Risk
C107387,112,2,72358.60800000001,36179.304,6.0,1.0,0.0,0.5,1,0.6049582905040166,High Risk
C107942,87,1,1893.64,1893.64,4.0,2.0,0.0,0.0,0,0.6048927311510774,High Risk
C100818,27,1,30920.29,30920.29,14.0,6.0,1.0,0.0,0,0.6048457399696718,High Risk
C106423,558,2,66024.2705,33012.13525,8.0,2.0,1.0,0.5,1,0.6046506375873754,High Risk
C105863,195,1,35189.84,35189.84,7.0,4.0,0.0,0.0,1,0.6046305110775859,High Risk
C102067,17,1,29672.370000000003,29672.370000000003,8.0,1.0,1.0,0.0,0,0.6046021301531014,High Risk
C105388,178,2,82747.384,41373.692,7.0,3.0,0.0,0.5,1,0.6045685299445992,High Risk
C103072,511,2,62213.2935,31106.646749999996,10.0,5.0,0.0,0.5,1,0.6045428521750298,High Risk
C107291,249,2,60646.99,30323.495,7.0,1.0,0.0,0.0,1,0.6045281240920173,High Risk
C101762,282,3,145495.70299999998,48498.56766666666,8.0,4.0,0.0,0.3333333333333333,1,0.6044944592052558,High Risk
C102063,48,2,64641.74,32320.87,7.0,1.0,0.0,0.0,0,0.6044913922353478,High Risk
C111747,212,2,14990.24,7495.12,5.0,1.0,0.0,0.0,1,0.6043460173002092,High Risk
C107101,87,1,734.29,734.29,9.0,5.0,0.0,0.0,0,0.6043380476541416,High Risk
C114221,118,2,64234.589,32117.2945,9.0,3.0,0.0,0.5,1,0.6042529254600406,High Risk
C104886,242,2,70304.92050000001,35152.46025,5.0,1.0,1.0,1.0,1,0.6042047012086011,High Risk
C107297,161,2,47186.237,23593.1185,11.0,3.0,1.0,1.0,1,0.6041997774453294,High Risk
C109254,95,2,66023.789,33011.8945,3.0,1.0,1.0,0.5,1,0.60413618724677,High Risk
C103090,366,1,38317.16,38317.16,11.0,1.0,0.0,0.0,1,0.6040660187837769,High Risk
C107909,286,2,27996.88,13998.44,4.0,1.0,0.0,0.0,1,0.6040009984739863,High Risk
C113483,459,2,57818.27,28909.135000000002,4.0,1.0,0.0,0.0,1,0.6039598481747345,High Risk
C105008,71,1,38545.55,38545.55,12.0,1.0,0.0,0.0,0,0.6039553744414192,High Risk
C102462,216,2,66720.7695,33360.38475,10.0,2.0,0.0,0.5,1,0.6038849965987424,High Risk
C111541,72,2,26605.800000000003,13302.900000000001,5.0,1.0,0.0,0.0,0,0.6038193459943375,High Risk
C110704,281,2,20522.149999999998,10261.074999999999,5.0,3.0,0.0,0.0,1,0.603813910722424,High Risk
C102683,1,1,44757.950000000004,44757.950000000004,11.0,5.0,0.0,0.0,0,0.6038108235881734,High Risk
C105628,190,2,83980.282,41990.141,9.0,3.0,0.0,0.5,1,0.6037931047958973,High Risk
C112012,270,2,61766.761,30883.3805,10.0,2.0,1.0,0.5,1,0.6036884163628637,High Risk
C111155,385,2,104549.698,52274.849,7.0,3.0,0.0,1.0,1,0.6035352547996778,High Risk
C103252,253,2,53782.630000000005,26891.315,10.0,4.0,0.0,0.0,1,0.603530693008704,High Risk
C107155,144,2,58425.553499999995,29212.776749999997,11.0,3.0,0.0,1.0,1,0.6035276964611043,High Risk
C104642,54,2,69556.051,34778.0255,10.0,2.0,1.0,0.5,0,0.6034049188737325,High Risk
C106604,319,2,58168.556,29084.278,10.0,0.0,0.0,0.5,1,0.6034015446078224,High Risk
C101237,51,1,51289.85,51289.85,10.0,4.0,0.0,0.0,0,0.6033642265942941,High Risk
C105881,144,2,62112.219,31056.1095,4.0,1.0,2.0,1.0,1,0.6032154695967946,High Risk
C112769,331,2,62368.871,31184.4355,13.0,6.0,0.0,0.5,1,0.6031367140313503,High Risk
C114300,106,2,53710.990000000005,26855.495000000003,9.0,4.0,1.0,0.0,1,0.6031188381820616,High Risk
C110067,364,2,7477.933999999999,3738.9669999999996,10.0,1.0,0.0,0.5,1,0.6030128015253259,High Risk
C113543,231,2,68048.502,34024.251000000004,7.0,3.0,0.0,0.5,1,0.6029943810036178,High Risk
C113854,127,2,61776.416,30888.208,9.0,2.0,1.0,0.5,1,0.602945356271671,High Risk
C107968,29,1,39594.670000000006,39594.670000000006,11.0,4.0,0.0,0.0,0,0.6027684532001839,High Risk
C104922,613,2,51793.39899999999,25896.6995,14.0,5.0,0.0,0.5,1,0.6027488477624051,High Risk
C102090,42,1,46540.79,46540.79,12.0,5.0,0.0,0.0,0,0.6027078005349926,High Risk
C109308,35,2,72951.64199999999,36475.820999999996,8.0,1.0,0.0,0.5,0,0.6026873786934598,High Risk
C105165,86,2,44038.92,22019.46,8.0,1.0,0.0,0.0,0,0.6025016508809735,High Risk
C105764,79,2,66426.062,33213.031,9.0,1.0,1.0,0.5,0,0.6023867685895125,High Risk
C107280,256,2,4963.362499999999,2481.6812499999996,12.0,4.0,0.0,1.0,1,0.6023522024634425,High Risk
C111220,182,2,43856.5695,21928.28475,10.0,5.0,1.0,0.5,1,0.6023118637390887,High Risk
C106037,77,2,52869.15,26434.575,10.0,5.0,0.0,0.0,0,0.6022445565457998,High Risk
C103455,281,2,18728.206,9364.103,9.0,2.0,1.0,1.0,1,0.601957168470546,High Risk
C110547,244,2,56330.88,28165.44,7.0,1.0,0.0,0.0,1,0.601929259295301,High Risk
C106361,63,2,26763.940000000002,13381.970000000001,6.0,3.0,0.0,0.0,0,0.6019113040446268,High Risk
C107739,39,2,63163.68149999999,31581.84075,10.0,3.0,0.0,0.5,0,0.6019103745483119,High Risk
C110914,47,2,67715.803,33857.9015,10.0,3.0,1.0,0.5,0,0.6018237772598475,High Risk
C108615,332,2,38822.912000000004,19411.456000000002,16.0,5.0,2.0,0.5,1,0.6018076925823292,High Risk
C110147,202,2,75047.757,37523.8785,4.0,0.0,2.0,0.5,1,0.6018042579797932,High Risk
C113848,100,2,66436.71399999999,33218.356999999996,10.0,2.0,0.0,0.5,1,0.6018001651126099,High Risk
C108714,694,2,51429.703499999996,25714.851749999998,10.0,1.0,1.0,1.0,1,0.6017982023489349,High Risk
C100922,83,1,43645.6,43645.6,11.0,1.0,0.0,0.0,0,0.6017537333589817,High Risk
C110450,5,2,27333.02,13666.51,12.0,3.0,0.0,0.0,0,0.6017411297683335,High Risk
C114825,14,1,720.9454999999999,720.9454999999999,5.0,0.0,0.0,1.0,0,0.6016762644317388,High Risk
C108175,184,2,71731.61,35865.805,4.0,2.0,0.0,0.5,1,0.6016436935241515,High Risk
C102082,183,2,74805.2385,37402.61925,4.0,0.0,1.0,1.0,1,0.6015851704230455,High Risk
C107220,525,2,75449.33,37724.665,9.0,1.0,0.0,0.0,1,0.6015511309306061,High Risk
C112542,156,2,26260.53,13130.265,7.0,2.0,2.0,0.0,1,0.6015253159057884,High Risk
C110445,187,2,61904.867,30952.4335,11.0,0.0,0.0,0.5,1,0.6014690603122754,High Risk
C107360,41,1,18121.46,18121.46,17.0,5.0,1.0,0.0,0,0.6013839873976683,High Risk
C105211,116,2,28051.0,14025.5,5.0,0.0,1.0,0.0,1,0.6012857100406926,High Risk
C102319,193,2,57801.7955,28900.897749999996,11.0,3.0,0.0,1.0,1,0.601215947494519,High Risk
C110294,273,2,64357.848,32178.924000000003,11.0,4.0,0.0,0.5,1,0.6011542613861885,High Risk
C114649,377,2,16469.811999999998,8234.905999999999,7.0,2.0,0.0,1.0,1,0.6011198705946174,High Risk
C102698,89,2,58236.53,29118.265,7.0,2.0,0.0,0.0,0,0.6010826345032501,High Risk
C101757,652,2,25858.798,12929.399,13.0,2.0,0.0,0.5,1,0.6010503392075836,High Risk
C100938,139,2,68990.16,34495.08,6.0,0.0,0.0,0.5,1,0.6009401600585998,High Risk
C108558,518,2,64045.109,32022.5545,11.0,3.0,1.0,0.5,1,0.6009263512231299,High Risk
C107854,129,2,47817.07,23908.535,10.0,3.0,0.0,0.0,1,0.6008732385965475,High Risk
C109967,211,2,63201.7655,31600.882749999997,2.0,1.0,1.0,1.0,1,0.6008664014966868,High Risk
C112290,150,1,31035.37,31035.37,7.0,1.0,0.0,0.0,1,0.6008637159086845,High Risk
C103979,106,2,27894.164,13947.082,12.0,3.0,0.0,0.5,1,0.6008337978575684,High Risk
C107966,451,2,48459.51,24229.755,11.0,3.0,0.0,0.0,1,0.6007734179193605,High Risk
C113903,170,2,64786.8,32393.4,5.0,1.0,1.0,0.5,1,0.6005239495875558,High Risk
C100754,119,2,20203.93,10101.965,8.0,1.0,0.0,0.0,1,0.6005144733366276,High Risk
C108071,425,2,17748.398,8874.199,9.0,1.0,1.0,1.0,1,0.6004778190982458,High Risk
C114143,304,2,73930.3,36965.15,6.0,3.0,1.0,0.0,1,0.6004647709482039,High Risk
C102792,58,1,18585.55,18585.55,12.0,7.0,0.0,0.0,0,0.6004243712913866,High Risk
C108055,167,2,68725.60800000001,34362.804000000004,8.0,2.0,0.0,0.5,1,0.6003867271209857,High Risk
C112283,254,2,83395.466,41697.733,11.0,3.0,1.0,0.5,1,0.600356732055353,High Risk
C103779,96,2,14469.9815,7234.99075,7.0,3.0,0.0,1.0,1,0.6003115868584735,High Risk
C113544,156,2,58545.077,29272.5385,6.0,0.0,0.0,1.0,1,0.6002998193464166,High Risk
C100782,523,2,57871.288,28935.644,10.0,5.0,1.0,0.5,1,0.6002556397707424,High Risk
C101716,96,2,52299.0285,26149.51425,11.0,3.0,0.0,1.0,1,0.6001789614315632,High Risk
C109305,238,2,44019.890999999996,22009.945499999998,3.0,3.0,1.0,1.0,1,0.6001046966245361,High Risk
C109604,101,2,51337.840000000004,25668.920000000002,4.0,1.0,0.0,0.0,1,0.6000395476779294,High Risk
C101151,365,2,61249.70049999999,30624.85025,10.0,1.0,0.0,0.5,1,0.600013347532455,High Risk
C108617,17,2,14222.84,7111.42,12.0,2.0,0.0,0.0,0,0.6000059993972021,High Risk
C100618,194,2,62445.85800000001,31222.929000000004,8.0,4.0,0.0,0.5,1,0.5999755354881355,Medium Risk
C107108,172,2,14363.2,7181.6,7.0,2.0,0.0,0.0,1,0.5999524209161443,Medium Risk
C108909,82,2,56760.63,28380.315,6.0,1.0,0.0,0.0,0,0.5999012543444551,Medium Risk
C100038,232,2,57226.1855,28613.09275,9.0,2.0,1.0,1.0,1,0.5998535863235234,Medium Risk
C101425,114,2,63859.9615,31929.98075,10.0,4.0,0.0,0.5,1,0.5997750980572483,Medium Risk
C106088,45,1,10790.31,10790.31,7.0,4.0,0.0,0.0,0,0.5996815690908982,Medium Risk
C105218,78,2,62804.526,31402.263000000003,8.0,2.0,0.0,0.5,0,0.5996617133670834,Medium Risk
C111379,111,2,68104.2565,34052.128249999994,11.0,3.0,0.0,0.5,1,0.5995794561932161,Medium Risk
C104444,527,2,58069.62100000001,29034.810500000003,7.0,0.0,0.0,1.0,1,0.5995040133980233,Medium Risk
C109275,225,2,12480.5,6240.25,10.0,2.0,0.0,0.0,1,0.5994493010100614,Medium Risk
C112859,650,1,48461.46,48461.46,10.0,6.0,0.0,0.0,1,0.5994009029246817,Medium Risk
C103054,256,2,42741.734,21370.867,9.0,5.0,1.0,0.5,1,0.5993966566059438,Medium Risk
C103786,265,2,17459.23,8729.615,8.0,4.0,0.0,0.0,1,0.5993320557635957,Medium Risk
C107618,123,2,17820.79,8910.394999999999,8.0,4.0,0.0,0.0,1,0.599181388650297,Medium Risk
C104135,566,2,68622.0365,34311.01825,8.0,4.0,0.0,0.5,1,0.5991341873372072,Medium Risk
C107207,177,2,80243.13,40121.565,5.0,1.0,0.0,0.0,1,0.5991305059216429,Medium Risk
C107317,67,1,30978.129999999997,30978.129999999997,9.0,1.0,0.0,0.0,0,0.5990679020547609,Medium Risk
C108728,21,2,83198.128,41599.064,7.0,2.0,1.0,0.5,0,0.5989657422404165,Medium Risk
C108408,239,2,70962.551,35481.275499999996,8.0,3.0,1.0,0.5,1,0.5988721723250268,Medium Risk
C106044,335,2,55546.1,27773.050000000003,6.0,2.0,1.0,0.0,1,0.5988013072691172,Medium Risk
C102586,96,2,79785.592,39892.796,5.0,1.0,1.0,0.5,1,0.5986367149350562,Medium Risk
C107407,263,2,24062.15,12031.075,11.0,4.0,0.0,0.0,1,0.5985768238119866,Medium Risk
C114607,286,2,61327.095499999996,30663.547749999998,5.0,0.0,0.0,1.0,1,0.5985489481162332,Medium Risk
C110994,21,2,70942.87299999999,35471.436499999996,9.0,3.0,1.0,0.5,0,0.5985079639424289,Medium Risk
C100104,283,2,62281.29000000001,31140.645000000004,8.0,2.0,0.0,0.5,1,0.5984120237691797,Medium Risk
C112383,-1,2,66761.558,33380.779,10.0,4.0,1.0,0.5,0,0.5984084440860797,Medium Risk
C101711,265,3,148391.7955,49463.93183333333,7.0,3.0,0.0,1.0,1,0.5983443657212729,Medium Risk
C114741,197,2,53589.414000000004,26794.707000000002,12.0,7.0,0.0,0.5,1,0.5983262887849521,Medium Risk
C105989,23,1,39394.32,39394.32,11.0,0.0,0.0,0.0,0,0.5981614864645991,Medium Risk
C110670,72,2,63877.176999999996,31938.588499999998,10.0,4.0,0.0,0.5,0,0.5980424738941275,Medium Risk
C101340,136,2,65631.358,32815.679,12.0,5.0,0.0,0.5,1,0.5979344108419578,Medium Risk
C112229,220,2,50707.61,25353.805,4.0,2.0,0.0,0.0,1,0.5977789574909459,Medium Risk
C108072,181,2,56103.539000000004,28051.769500000002,9.0,1.0,0.0,0.5,1,0.5977403622322324,Medium Risk
C113906,86,1,0.0,0.0,10.0,5.0,0.0,1.0,0,0.5977386678423332,Medium Risk
C111806,293,2,41905.51,20952.755,11.0,5.0,0.0,0.0,1,0.5977018261130103,Medium Risk
C111763,39,2,61366.2875,30683.14375,10.0,2.0,0.0,0.5,0,0.5976060831467508,Medium Risk
C107827,311,2,61000.621,30500.3105,7.0,3.0,1.0,0.5,1,0.5975777202611708,Medium Risk
C108834,420,2,15921.168,7960.584,15.0,1.0,0.0,1.0,1,0.597530053805127,Medium Risk
C100822,2,2,70458.983,35229.4915,10.0,6.0,0.0,0.5,0,0.5974909536750352,Medium Risk
C112645,681,2,56324.270000000004,28162.135000000002,6.0,3.0,0.0,0.0,1,0.5974836787805837,Medium Risk
C108735,120,2,27404.541,13702.2705,9.0,3.0,0.0,0.5,1,0.5974821240050349,Medium Risk
C109497,289,2,27383.706000000002,13691.853000000001,9.0,3.0,0.0,0.5,1,0.5974821240050349,Medium Risk
C102361,201,2,27426.762000000002,13713.381,9.0,3.0,0.0,0.5,1,0.5974821240050349,Medium Risk
C105087,265,2,57779.781,28889.890499999998,10.0,1.0,0.0,0.5,1,0.5974156576336328,Medium Risk
C110533,21,2,13785.87,6892.935,9.0,2.0,0.0,0.0,0,0.5973797396793886,Medium Risk
C111722,229,2,56699.2255,28349.61275,2.0,0.0,1.0,0.5,1,0.5972911053775127,Medium Risk
C109005,0,1,77889.519,77889.519,9.0,4.0,0.0,1.0,0,0.5972806620847693,Medium Risk
C104332,152,2,55558.734000000004,27779.367000000002,9.0,3.0,1.0,0.5,1,0.597272784343102,Medium Risk
C106518,234,2,44944.25,22472.125,10.0,3.0,1.0,0.0,1,0.5972509409488638,Medium Risk
C114745,5,2,48060.119999999995,24030.059999999998,11.0,3.0,0.0,0.0,0,0.5970260023418168,Medium Risk
C108325,32,2,68331.234,34165.617,10.0,2.0,0.0,0.5,0,0.5969633835845363,Medium Risk
C106995,190,2,8871.57,4435.785,4.0,2.0,0.0,0.0,1,0.5969624933471335,Medium Risk
C102234,105,2,42740.29,21370.144999999997,7.0,3.0,0.0,0.0,1,0.5968923499158548,Medium Risk
C102849,206,2,84518.73,42259.365000000005,5.0,1.0,0.0,0.0,1,0.5968455439917875,Medium Risk
C108866,478,3,69991.944,23330.648,15.0,7.0,0.0,1.0,1,0.5967657711552972,Medium Risk
C103506,149,2,29558.14,14779.07,11.0,2.0,0.0,0.0,1,0.5965082710448013,Medium Risk
C111551,10,2,50224.39,25112.195,9.0,3.0,0.0,0.0,0,0.5964606786934815,Medium Risk
C111998,280,2,12545.48,6272.74,11.0,2.0,0.0,0.0,1,0.5964193534744434,Medium Risk
C112574,70,2,73415.6405,36707.82025,8.0,1.0,0.0,0.5,0,0.596371100923597,Medium Risk
C104261,281,2,60564.2285,30282.11425,5.0,1.0,0.0,1.0,1,0.5963469997021013,Medium Risk
C114183,96,2,25215.803999999996,12607.901999999998,12.0,3.0,0.0,0.5,1,0.5963417375147962,Medium Risk
C100171,73,1,33126.633,33126.633,2.0,2.0,0.0,1.0,0,0.5962945924239748,Medium Risk
C104538,424,2,54681.542,27340.771,10.0,4.0,1.0,0.5,1,0.5961155857859873,Medium Risk
C105083,466,2,57791.2,28895.6,5.0,1.0,0.0,1.0,1,0.5960952555445307,Medium Risk
C106506,126,2,44903.1,22451.550000000003,7.0,3.0,0.0,0.0,1,0.5960530849937964,Medium Risk
C104441,9,1,18925.785499999998,18925.785499999998,16.0,7.0,0.0,1.0,0,0.5960100491799306,Medium Risk
C113205,280,2,58427.082,29213.541,8.0,1.0,0.0,1.0,1,0.595994171239775,Medium Risk
C103586,370,2,85528.471,42764.2355,8.0,2.0,2.0,1.0,1,0.5959720357264886,Medium Risk
C105062,246,2,68817.599,34408.799499999994,4.0,0.0,0.0,0.5,1,0.5959475884565723,Medium Risk
C105322,482,2,7060.514,3530.257,7.0,2.0,0.0,0.5,1,0.5959400702759716,Medium Risk
C108926,122,3,79884.71949999999,26628.23983333333,11.0,3.0,1.0,1.0,1,0.595715444962034,Medium Risk
C112019,192,2,54269.07,27134.535000000003,5.0,2.0,1.0,0.0,1,0.595678771723426,Medium Risk
C107002,317,2,59028.069,29514.034499999998,8.0,2.0,0.0,0.5,1,0.5956390414481859,Medium Risk
C111689,129,2,55299.666,27649.833,7.0,1.0,1.0,0.5,1,0.5954872681627805,Medium Risk
C112591,347,2,43825.277,21912.6385,10.0,2.0,0.0,1.0,1,0.5954816584357703,Medium Risk
C114541,27,2,43821.093,21910.5465,10.0,2.0,0.0,1.0,0,0.5954816584357703,Medium Risk
C110213,43,2,70698.098,35349.049,9.0,3.0,0.0,0.5,0,0.5954230415265092,Medium Risk
C100391,157,2,53961.63,26980.815,8.0,2.0,0.0,0.0,1,0.5953869370602706,Medium Risk
C106478,170,2,42679.0265,21339.51325,13.0,7.0,0.0,0.5,1,0.5953702869210643,Medium Risk
C106061,136,2,29259.79,14629.895,5.0,2.0,0.0,0.0,1,0.5952139150557234,Medium Risk
C112532,160,2,55778.81250000001,27889.40625,9.0,3.0,1.0,0.5,1,0.5952096823930272,Medium Risk
C114666,295,1,30539.22,30539.22,7.0,2.0,0.0,0.0,1,0.5952046882291966,Medium Risk
C109976,46,1,30525.28,30525.28,7.0,2.0,0.0,0.0,0,0.5952046882291966,Medium Risk
C105958,320,2,58274.922000000006,29137.461000000003,10.0,3.0,1.0,0.5,1,0.595129719915915,Medium Risk
C114015,344,2,72908.816,36454.408,10.0,2.0,0.0,0.5,1,0.5950954001517222,Medium Risk
C111104,618,2,73582.863,36791.4315,9.0,4.0,0.0,0.5,1,0.595058465683799,Medium Risk
C103482,134,2,60198.152,30099.076,9.0,3.0,1.0,0.5,1,0.5949781098840019,Medium Risk
C105173,168,2,51594.756499999996,25797.378249999998,13.0,5.0,0.0,1.0,1,0.5948544164009334,Medium Risk
C106857,134,3,87473.10800000001,29157.702666666668,12.0,6.0,2.0,0.6666666666666666,1,0.5948499196883555,Medium Risk
C110221,52,2,59022.6365,29511.318250000004,8.0,1.0,1.0,0.5,0,0.5948471216219636,Medium Risk
C105289,185,2,61709.83900000001,30854.919500000004,10.0,3.0,0.0,0.5,1,0.5948212409001159,Medium Risk
C105768,115,2,75999.34,37999.67,10.0,0.0,1.0,0.0,1,0.594821013928563,Medium Risk
C102435,395,2,80009.82400000001,40004.912000000004,5.0,2.0,1.0,0.5,1,0.5947480103696604,Medium Risk
C104066,85,2,17967.699999999997,8983.849999999999,9.0,1.0,0.0,0.0,0,0.5947315518355392,Medium Risk
C109451,172,2,82114.36,41057.18,9.0,3.0,0.0,0.0,1,0.5947060069690278,Medium Risk
C104501,19,2,58365.551999999996,29182.775999999998,8.0,2.0,0.0,0.5,0,0.5946582626179072,Medium Risk
C102908,675,2,67795.988,33897.994,5.0,4.0,0.0,0.5,1,0.5946574792254047,Medium Risk
C106402,142,2,79769.66,39884.83,8.0,3.0,0.0,0.0,1,0.5946138823713393,Medium Risk
C106289,92,2,47953.94,23976.97,6.0,1.0,0.0,0.0,1,0.5945711235691788,Medium Risk
C110245,151,2,50992.95,25496.475,5.0,1.0,1.0,0.0,1,0.5945108478124989,Medium Risk
C101314,100,2,58755.7975,29377.89875,5.0,0.0,1.0,1.0,1,0.5944388711182071,Medium Risk
C105982,365,2,50153.12,25076.56,9.0,2.0,0.0,0.0,1,0.5944065341872219,Medium Risk
C113905,69,1,30631.170000000002,30631.170000000002,7.0,1.0,0.0,0.0,0,0.594374442891638,Medium Risk
C107741,453,2,58964.96,29482.480000000003,7.0,0.0,1.0,0.5,1,0.5943519170367959,Medium Risk
C113971,177,2,7298.136,3649.068,7.0,2.0,0.0,0.5,1,0.5943244418702097,Medium Risk
C112267,414,3,132355.1595,44118.3865,4.0,1.0,2.0,0.3333333333333333,1,0.594260588366891,Medium Risk
C101207,130,3,79796.25,26598.75,5.0,4.0,1.0,0.0,1,0.5941817503096511,Medium Risk
C101556,101,3,61570.015,20523.338333333333,12.0,2.0,2.0,1.0,1,0.5941656657141469,Medium Risk
C103151,257,2,43680.573,21840.286500000002,8.0,2.0,1.0,0.5,1,0.5941300128359874,Medium Risk
C102985,197,2,57637.166,28818.583000000002,10.0,4.0,0.0,0.5,1,0.5940342609512576,Medium Risk
C102200,33,2,53231.32,26615.66,8.0,3.0,1.0,0.0,0,0.5939852049347091,Medium Risk
C110699,235,2,56191.883499999996,28095.941749999998,10.0,2.0,0.0,0.5,1,0.5939459435928445,Medium Risk
C105584,496,2,13949.59,6974.795,6.0,3.0,0.0,0.0,1,0.5939437102793628,Medium Risk
C106820,13,2,61755.768000000004,30877.884000000002,9.0,3.0,0.0,0.5,0,0.5938701859552517,Medium Risk
C101321,5,2,16586.12,8293.06,6.0,2.0,0.0,1.0,0,0.5938555633945367,Medium Risk
C105927,141,2,27551.901,13775.950500000003,10.0,2.0,0.0,0.5,1,0.5937947300658619,Medium Risk
C101044,202,2,51215.904,25607.952,12.0,5.0,0.0,0.5,1,0.5937893815720325,Medium Risk
C111992,145,2,24316.4585,12158.22925,13.0,2.0,0.0,0.5,1,0.5937792993766956,Medium Risk
C100072,5,2,67555.465,33777.7325,7.0,2.0,0.0,0.5,0,0.593746602505204,Medium Risk
C113983,560,2,92862.24800000002,46431.124,7.0,1.0,1.0,1.0,1,0.5937410134846405,Medium Risk
C101217,122,2,47690.759999999995,23845.379999999997,9.0,1.0,1.0,1.0,1,0.5937344875715901,Medium Risk
C101218,87,1,21267.53,21267.53,4.0,2.0,0.0,0.0,0,0.5937257872098289,Medium Risk
C110014,209,2,82080.614,41040.307,11.0,3.0,0.0,0.5,1,0.5937163967982619,Medium Risk
C106765,54,2,43933.4375,21966.718749999996,5.0,2.0,0.0,1.0,0,0.5936886377701532,Medium Risk
C107330,41,2,47907.81,23953.905,12.0,0.0,1.0,1.0,0,0.593652127658338,Medium Risk
C101524,211,2,16777.58,8388.79,10.0,5.0,0.0,0.0,1,0.5936459484115065,Medium Risk
C102329,98,2,16867.288,8433.644,9.0,2.0,0.0,1.0,1,0.5935445408740858,Medium Risk
C104595,150,2,44005.69,22002.845,6.0,2.0,0.0,1.0,1,0.5935377123829162,Medium Risk
C103381,168,2,12824.970000000001,6412.485000000001,7.0,2.0,0.0,0.0,1,0.593493371840118,Medium Risk
C106759,106,2,59737.3,29868.65,7.0,4.0,0.0,0.0,1,0.5933216020207849,Medium Risk
C109348,101,2,83829.438,41914.719,9.0,2.0,0.0,0.5,1,0.593290194375469,Medium Risk
C101680,122,2,67037.20000000001,33518.6,5.0,0.0,0.0,0.5,1,0.5932361829069989,Medium Risk
C105685,361,2,59269.6795,29634.83975,7.0,0.0,1.0,0.5,1,0.5931507881624305,Medium Risk
C111886,824,2,25582.6985,12791.34925,10.0,0.0,0.0,0.5,1,0.5930971477524838,Medium Risk
C102405,298,2,45599.11,22799.555,5.0,1.0,0.0,0.0,1,0.5930415418694579,Medium Risk
C114088,392,2,78378.48,39189.240000000005,8.0,3.0,0.0,0.0,1,0.5930055745937864,Medium Risk
C113219,301,2,70284.447,35142.2235,8.0,2.0,0.0,0.5,1,0.592980783579448,Medium Risk
C113470,316,2,74745.9895,37372.994750000005,5.0,1.0,1.0,0.5,1,0.5929467437593724,Medium Risk
C109681,262,1,16565.91,16565.91,15.0,7.0,0.0,0.0,1,0.5929397416957781,Medium Risk
C109069,179,2,16313.170000000002,8156.585000000001,5.0,0.0,0.0,0.0,1,0.5929234544318581,Medium Risk
C110837,582,2,43771.8275,21885.91375,5.0,0.0,0.0,1.0,1,0.5928885384526218,Medium Risk
C112683,179,2,9583.376,4791.688,11.0,1.0,0.0,1.0,1,0.5927361836134397,Medium Risk
C105455,20,2,64366.45,32183.225,7.0,3.0,0.0,0.5,0,0.5926162731881086,Medium Risk
C112361,243,2,21349.32,10674.66,6.0,3.0,1.0,0.0,1,0.5925742031355131,Medium Risk
C109731,279,2,56635.176,28317.588000000003,7.0,1.0,1.0,0.5,1,0.5925391088233322,Medium Risk
C104079,8,2,26610.408,13305.204000000002,13.0,3.0,0.0,0.5,0,0.5924665043441106,Medium Risk
C105945,755,2,20458.595999999998,10229.297999999999,8.0,1.0,0.0,1.0,1,0.5923320507248573,Medium Risk
C102537,135,2,48920.94,24460.47,8.0,2.0,0.0,0.0,1,0.592317388206943,Medium Risk
C102581,433,2,46610.285,23305.1425,10.0,1.0,0.0,1.0,1,0.5922928090689243,Medium Risk
C107887,182,2,46702.948000000004,23351.474000000002,10.0,1.0,0.0,1.0,1,0.5922928090689243,Medium Risk
C107783,52,2,61229.924,30614.962,8.0,3.0,0.0,0.5,0,0.5922873994872478,Medium Risk
C102595,163,2,19227.4825,9613.74125,5.0,1.0,0.0,1.0,1,0.5922662029317545,Medium Risk
C106219,238,2,57713.821,28856.910499999998,10.0,3.0,0.0,0.5,1,0.5921893630278985,Medium Risk
C113918,340,1,30370.660000000003,30370.660000000003,12.0,2.0,0.0,0.0,1,0.5921679872678957,Medium Risk
C108119,272,2,48955.968,24477.984,12.0,6.0,0.0,1.0,1,0.5921406467047704,Medium Risk
C100969,37,2,61123.738000000005,30561.869000000002,10.0,3.0,0.0,1.0,0,0.5920637259758462,Medium Risk
C106581,194,2,16745.184,8372.592,10.0,1.0,0.0,1.0,1,0.5920209651538093,Medium Risk
C100002,441,2,60762.6125,30381.30625,8.0,2.0,0.0,0.5,1,0.5918751128286209,Medium Risk
C110916,50,2,76272.79,38136.395000000004,9.0,5.0,1.0,0.5,0,0.5917437939343199,Medium Risk
C102813,80,2,55254.259,27627.129499999995,10.0,1.0,0.0,0.5,0,0.5917389429191953,Medium Risk
C101416,7,2,57888.324,28944.162,6.0,1.0,1.0,1.0,0,0.591725600506428,Medium Risk
C102675,122,2,58286.212,29143.106,11.0,4.0,0.0,0.5,1,0.5917250201144101,Medium Risk
C103281,4,2,13024.57,6512.285,10.0,3.0,0.0,0.0,0,0.5917054333164427,Medium Risk
C104827,10,2,14220.88,7110.44,10.0,4.0,0.0,0.0,0,0.5916687222500798,Medium Risk
C114979,91,2,16534.8,8267.4,4.0,2.0,0.0,0.0,1,0.5916569529924991,Medium Risk
C108133,173,2,21055.91,10527.955000000002,9.0,3.0,0.0,0.0,1,0.5915838494526103,Medium Risk
C106969,174,1,40198.48,40198.48,7.0,5.0,0.0,0.0,1,0.5915472216160513,Medium Risk
C102753,29,2,55918.652,27959.326,9.0,2.0,0.0,0.5,0,0.5914274267915566,Medium Risk
C110034,301,2,54288.6985,27144.34925,10.0,2.0,0.0,0.5,1,0.591405451527098,Medium Risk
C107224,227,2,118184.472,59092.236000000004,15.0,2.0,0.0,0.5,1,0.5913700959132617,Medium Risk
C110002,585,2,15746.575499999999,7873.2877499999995,4.0,0.0,0.0,1.0,1,0.5913459064577449,Medium Risk
C103999,60,2,66443.614,33221.807,11.0,4.0,1.0,0.5,0,0.591340433792708,Medium Risk
C105106,338,2,91882.2475,45941.12375,10.0,4.0,0.0,1.0,1,0.5913097455734857,Medium Risk
C103158,283,2,7662.708000000001,3831.3540000000007,7.0,2.0,1.0,1.0,1,0.5912879272443268,Medium Risk
C109347,260,2,48157.86,24078.929999999997,7.0,2.0,0.0,0.0,1,0.5912586220364572,Medium Risk
C107423,531,2,62332.76,31166.379999999997,15.0,5.0,0.0,0.0,1,0.5912457189192163,Medium Risk
C112166,223,2,73085.652,36542.826,14.0,5.0,1.0,0.5,1,0.5912027710052191,Medium Risk
C109928,892,2,49518.903,24759.451500000003,12.0,7.0,0.0,0.5,1,0.5911988211896267,Medium Risk
C107579,246,2,15367.244,7683.622,3.0,1.0,0.0,1.0,1,0.5911507927679284,Medium Risk
C101526,281,2,18203.7,9101.85,7.0,0.0,0.0,0.0,1,0.5910625599275068,Medium Risk
C110731,-1,2,16033.07,8016.535,10.0,0.0,0.0,0.0,0,0.5910190582267413,Medium Risk
C103413,82,2,55162.7325,27581.36625,10.0,4.0,0.0,0.5,0,0.5909684671803257,Medium Risk
C108588,44,2,70053.4375,35026.71875,8.0,4.0,0.0,0.5,0,0.5909554161379111,Medium Risk
C110715,119,2,42556.56,21278.28,11.0,3.0,1.0,0.0,1,0.5909535575647662,Medium Risk
C114717,199,2,44591.697,22295.8485,14.0,5.0,0.0,1.0,1,0.5908272307830719,Medium Risk
C100307,28,1,36558.92,36558.92,6.0,5.0,0.0,0.0,0,0.5908182537901094,Medium Risk
C107375,76,2,52076.2705,26038.13525,9.0,3.0,3.0,1.0,0,0.5907866935952178,Medium Risk
C111334,431,2,59107.211,29553.605499999998,5.0,1.0,1.0,0.5,1,0.5907545852619098,Medium Risk
C105622,433,2,59411.5535,29705.77675,4.0,1.0,0.0,0.5,1,0.590752125597284,Medium Risk
C101773,539,2,54705.1065,27352.55325,9.0,3.0,0.0,0.5,1,0.5907258209391557,Medium Risk
C101847,373,2,55266.045,27633.0225,8.0,1.0,0.0,0.5,1,0.5906916171298091,Medium Risk
C100846,298,2,18687.277000000002,9343.638500000001,7.0,2.0,0.0,1.0,1,0.590686446932643,Medium Risk
C101415,436,2,16751.324,8375.662,10.0,1.0,1.0,1.0,1,0.5906043466958901,Medium Risk
C114029,89,2,58628.002,29314.001,5.0,1.0,1.0,0.5,0,0.5905900302685259,Medium Risk
C106936,207,2,53203.07,26601.534999999996,6.0,3.0,0.0,0.0,1,0.5904835932479631,Medium Risk
C111827,461,2,25037.190000000002,12518.595000000001,7.0,1.0,0.0,0.0,1,0.5904679171843538,Medium Risk
C103548,98,3,65787.31700000001,21929.10566666667,13.0,5.0,3.0,0.6666666666666666,1,0.5904386965478237,Medium Risk
C109575,134,2,40061.321,20030.660499999998,11.0,1.0,0.0,1.0,1,0.5904362298175555,Medium Risk
C113469,5,2,59490.25,29745.124999999996,8.0,3.0,0.0,0.5,0,0.5904274985722892,Medium Risk
C110524,394,2,19166.541,9583.2705,6.0,2.0,2.0,1.0,1,0.5904105726062636,Medium Risk
C105314,156,2,45061.26,22530.63,10.0,4.0,0.0,0.0,1,0.590402633116018,Medium Risk
C112625,338,2,74471.37,37235.685,6.0,0.0,0.0,0.0,1,0.5903745906479116,Medium Risk
C111388,35,1,0.0,0.0,12.0,5.0,0.0,1.0,0,0.5902725351655225,Medium Risk
C110562,732,2,56102.96,28051.48,4.0,1.0,0.0,0.5,1,0.5902295357826756,Medium Risk
C114582,2,2,24822.79,12411.395,10.0,0.0,0.0,0.0,0,0.5900483153908559,Medium Risk
C107726,150,2,57236.232,28618.116,8.0,1.0,0.0,0.5,1,0.5900255031809328,Medium Risk
C102904,77,2,55681.128,27840.564,9.0,3.0,0.0,0.5,0,0.5900171776495768,Medium Risk
C111930,88,2,58307.074,29153.537,11.0,3.0,0.0,0.5,0,0.5898591802456056,Medium Risk
C112134,336,2,4748.3279999999995,2374.1639999999998,4.0,0.0,0.0,1.0,1,0.5898090232282113,Medium Risk
C110807,77,2,69144.7375,34572.36875,5.0,1.0,0.0,1.0,0,0.5897903012552456,Medium Risk
C112103,68,1,397.26,397.26,13.0,6.0,0.0,0.0,0,0.5897737873338255,Medium Risk
C107501,527,2,54647.65,27323.825,8.0,2.0,0.0,0.5,1,0.5897691111533389,Medium Risk
C106359,19,1,29716.899999999998,29716.899999999998,11.0,3.0,0.0,0.0,0,0.5896069245128429,Medium Risk
C110617,152,2,27977.989999999998,13988.994999999999,10.0,1.0,0.0,0.5,1,0.5895824647538058,Medium Risk
C109321,31,2,109275.53,54637.765,6.0,1.0,0.0,0.0,0,0.5894836670222405,Medium Risk
C112746,827,2,26744.871,13372.4355,9.0,1.0,0.0,0.5,1,0.5894696335960602,Medium Risk
C111938,436,2,52983.45,26491.725000000002,9.0,1.0,0.0,0.0,1,0.5894328740409108,Medium Risk
C110500,263,2,16227.097000000002,8113.548500000001,8.0,2.0,1.0,1.0,1,0.5894108435317871,Medium Risk
C110348,182,2,53932.079,26966.0395,7.0,1.0,1.0,0.5,1,0.5893324004276281,Medium Risk
C104028,327,2,57305.263000000006,28652.6315,9.0,3.0,0.0,0.5,1,0.589302858616941,Medium Risk
C102868,75,2,51309.354,25654.677,13.0,5.0,0.0,1.0,0,0.5892038494975511,Medium Risk
C101029,46,1,30562.399999999998,30562.399999999998,13.0,2.0,0.0,0.0,0,0.5892034994498528,Medium Risk
C107180,636,2,52186.85,26093.425,8.0,2.0,0.0,0.0,1,0.5891776982817065,Medium Risk
C106436,15,2,6329.93,3164.965,8.0,4.0,0.0,0.0,0,0.5891329021526198,Medium Risk
C113871,100,2,23533.96,11766.98,10.0,3.0,0.0,0.0,1,0.58912873790434,Medium Risk
C109667,169,2,26631.9725,13315.986250000002,9.0,1.0,0.0,0.5,1,0.5891250292434405,Medium Risk
C105327,238,2,50782.3105,25391.15525,11.0,4.0,0.0,1.0,1,0.5890907487589669,Medium Risk
C107043,274,2,50993.4065,25496.70325,11.0,4.0,0.0,1.0,1,0.5890907487589669,Medium Risk
C107809,96,2,10791.306,5395.653,14.0,2.0,0.0,1.0,1,0.589064030554406,Medium Risk
C104909,548,2,13920.7195,6960.35975,4.0,2.0,0.0,1.0,1,0.5889959251554774,Medium Risk
C109740,104,2,56720.98449999999,28360.492249999996,5.0,0.0,2.0,1.0,1,0.5888243576649979,Medium Risk
C111978,180,2,19085.6165,9542.80825,8.0,2.0,0.0,1.0,1,0.5887418163573348,Medium Risk
C111935,271,2,18759.874,9379.937,8.0,1.0,0.0,1.0,1,0.5887066775027638,Medium Risk
C114970,152,2,89276.01,44638.005000000005,10.0,4.0,0.0,0.0,1,0.5886975582891094,Medium Risk
C106707,109,2,27951.0535,13975.52675,8.0,2.0,0.0,0.5,1,0.5886708228875853,Medium Risk
C105838,18,2,59666.888000000006,29833.444,7.0,2.0,1.0,0.5,0,0.588626578913465,Medium Risk
C113604,142,2,43903.656,21951.828,8.0,3.0,0.0,0.5,1,0.5885218109885719,Medium Risk
C101348,78,2,64172.206000000006,32086.103000000003,5.0,2.0,0.0,0.5,0,0.5885090346434533,Medium Risk
C108370,186,2,43956.382999999994,21978.191499999997,4.0,1.0,0.0,0.5,1,0.5884697425227804,Medium Risk
C108084,268,2,54543.271499999995,27271.635749999998,10.0,3.0,0.0,1.0,1,0.5884148165431923,Medium Risk
C100010,201,2,24133.83,12066.915,10.0,4.0,0.0,0.0,1,0.5883890664175171,Medium Risk
C110299,27,2,65038.846000000005,32519.423000000003,7.0,0.0,0.0,0.5,0,0.5883839030052764,Medium Risk
C114154,299,2,97827.607,48913.8035,3.0,2.0,0.0,0.5,1,0.588363287019425,Medium Risk
C101466,6,2,76657.52,38328.759999999995,6.0,2.0,1.0,0.0,0,0.5883280667331419,Medium Risk
C100635,28,2,44107.92,22053.96,9.0,4.0,1.0,0.0,0,0.5882970065600677,Medium Risk
C100584,238,2,27667.67,13833.835,7.0,3.0,0.0,0.5,1,0.5882894981444795,Medium Risk
C100632,4,2,57068.559499999996,28534.279749999998,9.0,4.0,0.0,0.5,0,0.588225858574281,Medium Risk
C107079,97,2,56623.1075,28311.55375,6.0,1.0,1.0,0.5,1,0.5881657402408818,Medium Risk
C112476,121,2,78606.5835,39303.29175,7.0,4.0,1.0,0.5,1,0.5881505357687061,Medium Risk
C107807,589,2,56397.212,28198.606,6.0,2.0,1.0,0.5,1,0.5881212631279648,Medium Risk
C100413,29,2,60044.424999999996,30022.2125,10.0,1.0,0.0,0.5,0,0.5880680572386955,Medium Risk
C101196,2,2,5274.791,2637.3955,9.0,1.0,0.0,0.5,0,0.5879499090560202,Medium Risk
C108997,81,2,60731.911,30365.9555,8.0,0.0,2.0,1.0,0,0.587919789211924,Medium Risk
C113565,113,2,38214.33,19107.165,11.0,5.0,0.0,0.0,1,0.5878810789485046,Medium Risk
C101320,155,2,55365.201,27682.6005,3.0,1.0,1.0,1.0,1,0.5878009359990167,Medium Risk
C107699,279,2,44971.83,22485.915,7.0,2.0,1.0,0.0,1,0.5877920059566434,Medium Risk
C105445,313,3,83354.78099999999,27784.926999999996,8.0,5.0,1.0,0.6666666666666666,1,0.5877531076632245,Medium Risk
C108376,700,2,43529.2715,21764.63575,7.0,3.0,0.0,0.5,1,0.5877403751267833,Medium Risk
C103310,7,1,36198.47,36198.47,2.0,0.0,0.0,0.0,0,0.5876707039501321,Medium Risk
C112062,639,2,57419.242,28709.621,11.0,3.0,1.0,0.5,1,0.5873544288880559,Medium Risk
C102963,120,2,56512.9065,28256.45325,10.0,3.0,0.0,0.5,1,0.587303811309554,Medium Risk
C100643,281,2,27902.292999999998,13951.146499999999,8.0,3.0,0.0,0.5,1,0.5872473710720605,Medium Risk
C103757,345,2,62002.240999999995,31001.120499999997,5.0,2.0,0.0,0.5,1,0.587221888535473,Medium Risk
C109868,97,2,19580.3035,9790.151749999999,12.0,2.0,1.0,1.0,1,0.5872044977263483,Medium Risk
C114266,16,1,9915.85,9915.85,3.0,2.0,0.0,0.0,0,0.5871918649275127,Medium Risk
C108068,193,2,59803.0605,29901.53025,7.0,1.0,0.0,0.5,1,0.5871632226430515,Medium Risk
C114856,255,2,18497.7835,9248.89175,8.0,1.0,0.0,1.0,1,0.5871472416929303,Medium Risk
C106646,6,2,48181.94,24090.97,9.0,4.0,0.0,0.0,0,0.5870536837119144,Medium Risk
C113917,4,2,26771.897,13385.9485,11.0,2.0,0.0,0.5,0,0.5870263079233715,Medium Risk
C112901,373,2,24115.213,12057.6065,11.0,3.0,0.0,0.5,1,0.5869603910118262,Medium Risk
C113133,35,2,26949.42,13474.710000000001,11.0,3.0,0.0,0.5,0,0.5869417796095256,Medium Risk
C105925,144,2,46682.816000000006,23341.408000000003,12.0,3.0,1.0,1.0,1,0.5868526478994367,Medium Risk
C105829,4,2,57505.138,28752.569,6.0,1.0,1.0,0.5,0,0.586728690986221,Medium Risk
C113568,412,2,11224.9285,5612.46425,8.0,3.0,0.0,1.0,1,0.5867169689358442,Medium Risk
C110651,46,2,22683.309999999998,11341.654999999999,11.0,2.0,0.0,0.0,0,0.5866722293468467,Medium Risk
C106421,300,2,14190.5235,7095.261750000001,7.0,2.0,0.0,1.0,1,0.5866487181656254,Medium Risk
C114665,13,2,56674.976,28337.488,7.0,3.0,1.0,0.5,0,0.5866466603696189,Medium Risk
C106954,112,2,56589.400499999996,28294.700249999998,5.0,2.0,1.0,1.0,1,0.586613464762831,Medium Risk
C113126,31,2,25458.0635,12729.03175,9.0,2.0,0.0,0.5,0,0.5865312932820964,Medium Risk
C102348,74,2,54072.97,27036.485,10.0,2.0,0.0,0.0,0,0.5865194964603025,Medium Risk
C102665,270,2,48101.1075,24050.55375,9.0,2.0,1.0,1.0,1,0.5863995285078779,Medium Risk
C104654,119,2,51060.456000000006,25530.228000000003,5.0,0.0,1.0,1.0,1,0.5863450426196123,Medium Risk
C108037,478,2,59852.47,29926.234999999997,4.0,1.0,0.0,0.5,1,0.58627118992852,Medium Risk
C106019,6,2,45502.97,22751.485,15.0,4.0,0.0,0.0,0,0.5862585770990988,Medium Risk
C101600,133,2,19969.387,9984.6935,11.0,2.0,0.0,1.0,1,0.5862508082335861,Medium Risk
C111704,11,2,60269.585,30134.792500000003,7.0,1.0,0.0,0.5,0,0.58622601075401,Medium Risk
C109537,6,2,57250.046,28625.023,8.0,3.0,1.0,0.5,0,0.5861917202502195,Medium Risk
C107674,121,2,61927.86,30963.93,8.0,1.0,1.0,1.0,1,0.5860902263379633,Medium Risk
C108832,117,2,42855.198000000004,21427.599000000002,5.0,1.0,0.0,1.0,1,0.5860732604494722,Medium Risk
C106280,22,1,29924.6,29924.6,4.0,3.0,0.0,0.0,0,0.5859550114972893,Medium Risk
C102017,14,2,57001.852,28500.926,6.0,1.0,1.0,0.5,0,0.5858730448977513,Medium Risk
C107751,110,2,13967.3215,6983.66075,8.0,3.0,0.0,1.0,1,0.5857659771169839,Medium Risk
C112076,7,2,66020.6,33010.3,4.0,0.0,0.0,0.0,0,0.5857313646612627,Medium Risk
C113322,214,2,79785.61,39892.805,6.0,2.0,0.0,0.0,1,0.5856819071960776,Medium Risk
C101588,15,1,50395.619999999995,50395.619999999995,6.0,4.0,0.0,0.0,0,0.5856410066968524,Medium Risk
C104363,221,2,55652.226500000004,27826.113250000002,7.0,2.0,0.0,0.5,1,0.5856161792232712,Medium Risk
C107707,73,2,44423.07,22211.535,15.0,3.0,0.0,0.0,0,0.5855924546469702,Medium Risk
C112630,324,2,37580.18,18790.09,3.0,1.0,0.0,0.0,1,0.5855495898080324,Medium Risk
C112346,173,2,20745.953,10372.976499999999,10.0,2.0,0.0,0.5,1,0.5855438524954252,Medium Risk
C109234,-1,2,27455.06,13727.53,5.0,2.0,1.0,0.0,0,0.5854210961837351,Medium Risk
C111832,109,2,29471.190000000002,14735.595000000001,7.0,3.0,0.0,0.0,1,0.5852606234224497,Medium Risk
C109809,53,2,18119.151499999996,9059.575749999998,6.0,1.0,0.0,1.0,0,0.5850652802833698,Medium Risk
C113065,184,2,43386.4915,21693.24575,7.0,0.0,0.0,0.5,1,0.5850609848271412,Medium Risk
C100517,109,2,24616.678999999996,12308.339499999998,7.0,2.0,0.0,0.5,1,0.5850504846544343,Medium Risk
C104487,431,2,44308.4,22154.2,8.0,2.0,1.0,0.5,1,0.5850048788492568,Medium Risk
C113371,317,2,15144.754500000001,7572.3772500000005,7.0,2.0,0.0,1.0,1,0.5849477638733191,Medium Risk
C106235,52,2,16365.849999999999,8182.924999999999,8.0,1.0,1.0,0.0,0,0.5849417026542398,Medium Risk
C112265,141,2,52150.32,26075.16,6.0,1.0,0.0,0.0,1,0.5849085479671601,Medium Risk
C108770,63,2,53113.47,26556.735,4.0,1.0,0.0,0.0,0,0.5848924731068226,Medium Risk
C104798,296,2,51790.7295,25895.364749999997,12.0,5.0,0.0,1.0,1,0.5848849655240967,Medium Risk
C105310,142,2,43573.0645,21786.53225,6.0,1.0,0.0,0.5,1,0.5848372387014341,Medium Risk
C108533,617,2,43450.885,21725.4425,6.0,1.0,0.0,0.5,1,0.5848372387014341,Medium Risk
C105183,27,2,48969.49,24484.745,10.0,3.0,1.0,0.0,0,0.5848140793368855,Medium Risk
C105285,127,2,83082.29400000001,41541.147000000004,12.0,3.0,1.0,0.5,1,0.5847536870300605,Medium Risk
C104836,228,2,26870.094,13435.047,8.0,2.0,0.0,0.5,1,0.5847389682152054,Medium Risk
C101603,14,2,26742.702,13371.351,8.0,2.0,0.0,0.5,0,0.5847389682152054,Medium Risk
C114758,45,2,71873.56,35936.78,4.0,2.0,1.0,0.0,0,0.5847105056076825,Medium Risk
C101691,460,2,54992.64,27496.32,7.0,2.0,0.0,0.5,1,0.5846888341069879,Medium Risk
C113610,101,2,70374.7965,35187.39825,6.0,2.0,1.0,1.0,1,0.5846265698319668,Medium Risk
C102130,139,2,53643.1005,26821.55025,8.0,3.0,0.0,0.5,1,0.5845747853942178,Medium Risk
C112142,24,2,12423.76,6211.88,7.0,1.0,0.0,0.0,0,0.5845537175376068,Medium Risk
C101730,192,2,28543.5195,14271.75975,14.0,5.0,0.0,0.5,1,0.5845414271148754,Medium Risk
C112903,230,2,48611.691,24305.845500000003,9.0,2.0,1.0,1.0,1,0.5844759500895585,Medium Risk
C102065,37,2,25485.66,12742.830000000002,9.0,4.0,0.0,0.0,0,0.5844494249988885,Medium Risk
C107761,310,2,43407.031,21703.5155,5.0,1.0,0.0,0.5,1,0.5844309240003924,Medium Risk
C105857,219,2,23997.884,11998.942,10.0,2.0,0.0,0.5,1,0.5843719782079324,Medium Risk
C103497,185,2,47988.7345,23994.367250000003,6.0,1.0,0.0,1.0,1,0.5843534902420093,Medium Risk
C101283,415,2,14080.168000000001,7040.084000000001,7.0,1.0,0.0,1.0,1,0.5843318190712621,Medium Risk
C111590,539,2,76518.04000000001,38259.020000000004,6.0,4.0,0.0,0.5,1,0.5842441844849124,Medium Risk
C108546,511,2,74857.424,37428.712,6.0,2.0,1.0,0.5,1,0.5840028987510969,Medium Risk
C101341,78,2,21214.26,10607.130000000001,9.0,2.0,0.0,0.0,0,0.58399898780261,Medium Risk
C113782,332,3,65741.007,21913.668999999998,14.0,5.0,2.0,0.6666666666666666,1,0.5839713348998832,Medium Risk
C109986,99,2,53108.09,26554.045,8.0,1.0,0.0,0.5,1,0.5837909403365305,Medium Risk
C110508,427,2,50620.46000000001,25310.230000000003,7.0,1.0,1.0,0.0,1,0.5836905514839189,Medium Risk
C114851,121,2,83009.22,41504.61,8.0,1.0,1.0,0.0,1,0.5836435593987207,Medium Risk
C114200,4,2,53688.338,26844.169,8.0,2.0,2.0,0.5,0,0.5836235023549149,Medium Risk
C108388,51,2,58407.40549999999,29203.702749999997,4.0,0.0,0.0,0.5,0,0.5835034158525968,Medium Risk
C100141,515,2,64008.555,32004.2775,13.0,2.0,1.0,0.5,1,0.5834020601213888,Medium Risk
C108228,130,2,17412.680500000002,8706.340250000001,8.0,3.0,0.0,1.0,1,0.5833659614802251,Medium Risk
C106586,49,2,18537.616,9268.807999999999,7.0,2.0,0.0,1.0,0,0.5833540577950836,Medium Risk
C113514,59,2,48349.4905,24174.74525,12.0,3.0,0.0,1.0,0,0.5832263459698435,Medium Risk
C110560,211,2,43954.788,21977.394,5.0,1.0,0.0,0.5,1,0.5832091284476302,Medium Risk
C109358,37,2,50994.1095,25497.05475,6.0,1.0,0.0,1.0,0,0.5831920089091469,Medium Risk
C114742,146,2,47785.386,23892.693000000003,8.0,1.0,0.0,1.0,1,0.5830971979033442,Medium Risk
C109017,41,2,13563.72,6781.86,6.0,3.0,0.0,0.0,0,0.5830493592189117,Medium Risk
C112714,313,2,27875.801999999996,13937.900999999998,8.0,3.0,0.0,0.5,1,0.5830432390825996,Medium Risk
C100496,146,2,13645.44,6822.72,5.0,2.0,0.0,0.0,1,0.583032033251905,Medium Risk
C100436,144,2,40675.54,20337.77,10.0,5.0,0.0,0.0,1,0.5830113588850797,Medium Risk
C106570,404,2,60881.89,30440.945,4.0,0.0,0.0,0.5,1,0.5829668213287574,Medium Risk
C102606,46,2,48368.62,24184.309999999998,9.0,3.0,1.0,0.0,0,0.5829149147100894,Medium Risk
C101375,104,2,15552.5955,7776.29775,13.0,3.0,0.0,1.0,1,0.5828985981826058,Medium Risk
C103895,145,3,89310.67,29770.22333333333,4.0,3.0,0.0,0.0,1,0.5828865860744625,Medium Risk
C109589,156,2,36895.770000000004,18447.885000000002,3.0,2.0,0.0,0.0,1,0.5828631247234493,Medium Risk
C105380,98,2,43797.1705,21898.58525,4.0,3.0,1.0,0.5,1,0.5828624213956698,Medium Risk
C101481,614,2,33287.6235,16643.81175,2.0,1.0,0.0,1.0,1,0.5828583340676056,Medium Risk
C101158,95,2,49013.556500000006,24506.778250000003,9.0,2.0,0.0,1.0,1,0.582823793677541,Medium Risk
C107547,181,2,56667.741,28333.8705,6.0,2.0,1.0,0.5,1,0.5828104613527242,Medium Risk
C114780,791,2,25036.767999999996,12518.384,8.0,3.0,0.0,0.5,1,0.5827796393618787,Medium Risk
C102714,101,2,59124.809499999996,29562.404749999998,8.0,3.0,0.0,1.0,1,0.5827610352543712,Medium Risk
C108757,503,2,17583.215,8791.6075,10.0,2.0,0.0,1.0,1,0.5827509211133687,Medium Risk
C102645,107,2,25807.876,12903.938,8.0,2.0,1.0,0.5,1,0.5826816751836685,Medium Risk
C103201,124,2,42555.642,21277.821000000004,4.0,1.0,0.0,1.0,1,0.5825583458589486,Medium Risk
C110367,0,2,74501.986,37250.992999999995,6.0,1.0,1.0,0.5,0,0.582446887297355,Medium Risk
C100730,102,2,20661.434,10330.717,11.0,2.0,0.0,0.5,1,0.5824141684003153,Medium Risk
C112381,469,2,26626.356,13313.178,8.0,1.0,0.0,0.5,1,0.5824010517894537,Medium Risk
C114571,59,2,54036.21,27018.105,7.0,1.0,0.0,0.0,0,0.5823987844789706,Medium Risk
C101190,59,2,27861.896,13930.948,10.0,2.0,0.0,0.5,0,0.5823622189588995,Medium Risk
C104860,16,2,17206.420000000002,8603.210000000001,4.0,0.0,0.0,0.0,0,0.5823448790500741,Medium Risk
C100019,393,3,55448.167,18482.722333333335,13.0,6.0,2.0,0.6666666666666666,1,0.5822869904190578,Medium Risk
C103551,216,2,22420.87,11210.435000000001,5.0,1.0,0.0,0.0,1,0.582283052309662,Medium Risk
C104504,348,2,23974.159,11987.0795,10.0,5.0,0.0,0.5,1,0.5822754293031663,Medium Risk
C112152,332,2,72965.904,36482.952000000005,10.0,3.0,1.0,1.0,1,0.5822237445734053,Medium Risk
C114873,193,3,88486.70999999999,29495.569999999996,9.0,2.0,0.0,0.0,1,0.5821162021357394,Medium Risk
C106471,283,3,68983.2175,22994.405833333334,14.0,6.0,1.0,0.6666666666666666,1,0.5820729057036745,Medium Risk
C105009,47,2,12991.0,6495.5,7.0,2.0,0.0,0.0,0,0.5819994126832112,Medium Risk
C105993,171,2,47366.64,23683.32,7.0,3.0,0.0,0.0,1,0.5819866367254128,Medium Risk
C103075,40,2,16719.08,8359.54,9.0,5.0,0.0,0.0,0,0.5819241489212911,Medium Risk
C110561,288,3,148043.435,49347.81166666667,10.0,2.0,0.0,0.6666666666666666,1,0.5819105714322821,Medium Risk
C100697,201,2,37204.350000000006,18602.175000000003,9.0,5.0,0.0,0.0,1,0.58188334066844,Medium Risk
C110205,259,2,59900.154,29950.077000000005,6.0,1.0,0.0,0.5,1,0.5818728420052581,Medium Risk
C100132,439,2,58558.62500000001,29279.312500000004,6.0,2.0,0.0,0.5,1,0.5818709578813746,Medium Risk
C111166,103,2,49915.3,24957.65,7.0,2.0,0.0,0.0,1,0.5818343352976353,Medium Risk
C105528,151,3,59023.600999999995,19674.533666666666,13.0,6.0,0.0,0.6666666666666666,1,0.5817999392373637,Medium Risk
C108264,23,2,56444.554000000004,28222.277000000002,5.0,2.0,1.0,1.0,0,0.5817936529492144,Medium Risk
C101808,104,2,25575.724000000002,12787.862000000001,8.0,1.0,0.0,0.5,1,0.5817516174633546,Medium Risk
C110545,130,2,20787.485,10393.7425,11.0,3.0,0.0,0.5,1,0.5817365403051129,Medium Risk
C102901,26,2,25660.424000000003,12830.212000000001,13.0,3.0,1.0,0.5,0,0.5817249296355445,Medium Risk
C101222,529,2,25183.906000000003,12591.953000000001,11.0,2.0,0.0,0.5,1,0.581573589538307,Medium Risk
C101199,11,2,26730.518,13365.259,8.0,0.0,0.0,0.5,0,0.5815625583350542,Medium Risk
C108950,254,2,43557.587999999996,21778.794,10.0,3.0,0.0,0.5,1,0.581558970992931,Medium Risk
C106956,173,2,49555.2985,24777.649250000002,6.0,1.0,0.0,1.0,1,0.5815502490571712,Medium Risk
C110363,30,2,44022.411,22011.205500000004,9.0,2.0,0.0,0.5,0,0.5815109139368672,Medium Risk
C114817,245,2,20277.36,10138.68,4.0,2.0,0.0,1.0,1,0.5814845980880426,Medium Risk
C106905,198,2,46013.3,23006.649999999998,7.0,3.0,0.0,0.0,1,0.581435526037323,Medium Risk
C106392,-1,2,61646.3805,30823.19025,8.0,2.0,1.0,1.0,0,0.5813833439171466,Medium Risk
C108235,98,3,71537.73,23845.910000000003,8.0,2.0,0.0,0.0,1,0.5813078711200528,Medium Risk
C105153,1,2,51028.99,25514.495,6.0,3.0,1.0,0.0,0,0.5812902670595332,Medium Risk
C105082,35,2,74356.04000000001,37178.020000000004,5.0,2.0,0.0,0.0,0,0.5812042107116384,Medium Risk
C114039,30,2,54893.646499999995,27446.823249999998,7.0,3.0,0.0,0.5,0,0.5811658705254973,Medium Risk
C110096,191,2,45267.07,22633.535,9.0,2.0,1.0,0.0,1,0.5809335420745613,Medium Risk
C114250,85,1,28253.269999999997,28253.269999999997,18.0,2.0,0.0,0.0,0,0.5809243729996002,Medium Risk
C110535,146,2,54838.769,27419.3845,9.0,3.0,0.0,1.0,1,0.58084746994759,Medium Risk
C108591,83,2,15843.307,7921.6535,2.0,0.0,0.0,1.0,0,0.580846163512679,Medium Risk
C103847,59,2,55964.7895,27982.39475,8.0,0.0,0.0,0.5,0,0.5807944947456604,Medium Risk
C112934,43,2,56437.498,28218.748999999996,7.0,1.0,2.0,0.5,0,0.5807588163278311,Medium Risk
C105484,531,2,24170.79,12085.395,7.0,0.0,0.0,0.0,1,0.5807372527646139,Medium Risk
C113855,9,2,44716.05,22358.025,8.0,3.0,1.0,0.0,0,0.5807184546867381,Medium Risk
C106978,304,2,35530.56,17765.28,11.0,3.0,0.0,0.0,1,0.5806801837984753,Medium Risk
C112756,166,2,44460.6725,22230.33625,9.0,2.0,0.0,0.5,1,0.5806510190880373,Medium Risk
C114416,304,2,26610.116,13305.058,8.0,3.0,0.0,0.5,1,0.5805222198679965,Medium Risk
C111849,359,2,46812.3005,23406.150250000002,9.0,3.0,1.0,1.0,1,0.5802214250970851,Medium Risk
C100313,237,2,53394.53600000001,26697.268,6.0,1.0,0.0,0.5,1,0.5801465170004276,Medium Risk
C108659,329,2,48572.207,24286.103499999997,11.0,5.0,1.0,0.5,1,0.5800754488838595,Medium Risk
C114198,186,2,44445.768000000004,22222.884000000005,9.0,3.0,0.0,0.5,1,0.5800400669238296,Medium Risk
C108457,221,3,70490.6665,23496.88883333333,10.0,5.0,1.0,0.6666666666666666,1,0.5800273847088051,Medium Risk
C108969,136,2,44090.369000000006,22045.184500000003,7.0,2.0,0.0,0.5,1,0.579985832069579,Medium Risk
C112983,3,2,55518.59449999999,27759.297249999996,6.0,2.0,1.0,1.0,0,0.5799129827069447,Medium Risk
C108934,27,2,45875.668000000005,22937.834000000003,7.0,2.0,2.0,1.0,0,0.579899053870258,Medium Risk
C104750,70,2,48800.241,24400.120499999997,8.0,1.0,0.0,1.0,0,0.5798131218374746,Medium Risk
C108678,40,2,25185.748499999998,12592.874249999999,9.0,3.0,0.0,0.5,0,0.5797845177723419,Medium Risk
C101580,865,2,24808.244,12404.122,10.0,3.0,0.0,0.5,1,0.579777648571951,Medium Risk
C105313,17,2,14024.449999999999,7012.224999999999,8.0,3.0,1.0,1.0,0,0.5797152342815272,Medium Risk
C112032,124,2,10613.411499999998,5306.705749999999,6.0,1.0,0.0,1.0,1,0.5796964814787523,Medium Risk
C104294,7,2,43929.445999999996,21964.722999999998,10.0,3.0,0.0,0.5,0,0.5794680459545574,Medium Risk
C106262,110,2,49314.503,24657.2515,9.0,2.0,0.0,1.0,1,0.5793758134223546,Medium Risk
C109430,229,2,26344.2,13172.1,8.0,4.0,0.0,0.0,1,0.5793715097237808,Medium Risk
C113246,154,2,81153.7905,40576.895249999994,10.0,4.0,0.0,0.5,1,0.5793410031411913,Medium Risk
C101546,13,2,57065.82400000001,28532.912,3.0,1.0,0.0,0.5,0,0.5792650523692856,Medium Risk
C102167,25,2,49353.2215,24676.61075,6.0,1.0,0.0,1.0,0,0.5791615716899229,Medium Risk
C109662,668,2,38717.5275,19358.76375,12.0,6.0,0.0,0.5,1,0.5791493472268897,Medium Risk
C105005,94,2,27607.6795,13803.83975,6.0,3.0,0.0,0.5,1,0.5791013826816578,Medium Risk
C103791,115,2,54497.108,27248.554000000004,7.0,2.0,0.0,1.0,1,0.5790840709201875,Medium Risk
C105932,165,2,26553.962000000003,13276.981000000002,10.0,1.0,0.0,0.5,1,0.5790756975045472,Medium Risk
C100586,155,2,43001.874,21500.937,13.0,5.0,0.0,1.0,1,0.5790445896441007,Medium Risk
C114298,133,3,74666.927,24888.975666666665,12.0,1.0,1.0,1.0,1,0.5790061549286194,Medium Risk
C101118,588,2,41132.263,20566.1315,11.0,3.0,1.0,1.0,1,0.5789356394340239,Medium Risk
C104465,282,2,60216.464,30108.232,9.0,4.0,0.0,1.0,1,0.5789208266221302,Medium Risk
C101424,47,2,54325.6855,27162.84275,8.0,2.0,1.0,1.0,0,0.5789012797830546,Medium Risk
C114838,513,3,73094.677,24364.892333333333,4.0,0.0,0.0,1.0,1,0.5788123601374437,Medium Risk
C108747,234,2,18670.75,9335.375,7.0,3.0,0.0,1.0,1,0.5787973953887885,Medium Risk
C111293,619,2,35659.323000000004,17829.661500000002,11.0,2.0,1.0,1.0,1,0.578742501068384,Medium Risk
C112422,116,2,9819.829000000002,4909.914500000001,13.0,5.0,1.0,1.0,1,0.5787281635462123,Medium Risk
C100953,60,2,59604.264,29802.131999999998,5.0,0.0,0.0,0.5,0,0.5787079483698888,Medium Risk
C101811,258,2,47550.5515,23775.27575,7.0,3.0,0.0,1.0,1,0.5785691528253722,Medium Risk
C114038,491,2,27006.779000000002,13503.389500000001,7.0,0.0,0.0,0.5,1,0.5785427674828915,Medium Risk
C114799,70,2,52574.326,26287.163,6.0,1.0,0.0,1.0,0,0.5784757877688748,Medium Risk
C103132,6,2,56724.984000000004,28362.492000000002,8.0,3.0,0.0,1.0,0,0.5784430538459404,Medium Risk
C108373,390,2,43489.623999999996,21744.811999999998,6.0,2.0,0.0,0.5,1,0.5784429716252515,Medium Risk
C110383,135,3,68690.6645,22896.888166666668,13.0,6.0,0.0,0.6666666666666666,1,0.5784015170226573,Medium Risk
C106997,374,2,38776.4815,19388.240749999997,14.0,5.0,0.0,0.5,1,0.5783434295315706,Medium Risk
C102514,109,2,23575.36,11787.68,5.0,2.0,0.0,0.0,1,0.5783243113295042,Medium Risk
C102356,626,2,43370.632,21685.316,7.0,2.0,0.0,0.5,1,0.5783054956609032,Medium Risk
C105469,190,3,68527.739,22842.57966666667,11.0,6.0,1.0,0.6666666666666666,1,0.5782451894333616,Medium Risk
C100365,283,2,43160.13100000001,21580.0655,5.0,2.0,0.0,1.0,1,0.5782274499031297,Medium Risk
C113252,186,2,36498.8,18249.4,9.0,1.0,0.0,0.0,1,0.5781767020822275,Medium Risk
C109972,99,3,71316.2825,23772.094166666666,4.0,2.0,0.0,1.0,1,0.5781362941059364,Medium Risk
C109062,137,2,40097.039,20048.5195,12.0,2.0,0.0,1.0,1,0.5781213455446628,Medium Risk
C106833,201,2,45625.458,22812.729,11.0,4.0,0.0,1.0,1,0.5781188450158293,Medium Risk
C101926,115,2,56247.164,28123.581999999995,7.0,4.0,0.0,0.5,1,0.5781141849090043,Medium Risk
C104593,131,2,24338.4655,12169.23275,13.0,1.0,0.0,0.5,1,0.5781113880919183,Medium Risk
C112347,13,1,3389.28,3389.28,18.0,3.0,0.0,0.0,0,0.5780600265686602,Medium Risk
C107003,63,2,77136.045,38568.0225,9.0,2.0,0.0,0.5,0,0.5779552072524277,Medium Risk
C105458,296,2,51923.35249999999,25961.676249999997,8.0,1.0,0.0,1.0,1,0.5779395628674214,Medium Risk
C104662,192,2,44482.2355,22241.117749999998,9.0,4.0,0.0,0.5,1,0.5778949249395668,Medium Risk
C111292,134,2,8806.403,4403.2015,12.0,4.0,1.0,0.5,1,0.5778865110823108,Medium Risk
C109186,27,2,58973.432,29486.716,3.0,1.0,1.0,1.0,0,0.5778748683785301,Medium Risk
C113834,122,2,27513.898999999998,13756.949499999999,4.0,1.0,0.0,0.5,1,0.5776600954588107,Medium Risk
C111489,108,2,45196.85,22598.425,9.0,4.0,1.0,0.0,1,0.5776303482021252,Medium Risk
C103850,10,2,18146.808,9073.403999999999,9.0,2.0,0.0,1.0,0,0.5775666294841078,Medium Risk
C108715,9,2,52828.376,26414.188,8.0,1.0,0.0,1.0,0,0.5775518018084863,Medium Risk
C100017,82,2,24910.2,12455.1,3.0,1.0,0.0,0.0,0,0.5775010856871012,Medium Risk
C100277,106,2,83741.758,41870.879,12.0,3.0,1.0,0.5,1,0.5774452490161773,Medium Risk
C108163,499,2,21949.02,10974.51,13.0,4.0,0.0,0.0,1,0.5774410646557211,Medium Risk
C108881,400,2,27379.709000000003,13689.854500000001,6.0,3.0,0.0,0.5,1,0.5773731096652389,Medium Risk
C106356,89,1,30253.19,30253.19,7.0,2.0,0.0,0.0,0,0.5773653716809005,Medium Risk
C101451,21,2,25093.768000000004,12546.884000000002,8.0,3.0,0.0,0.5,0,0.5773471601594635,Medium Risk
C108719,72,2,74606.57,37303.285,10.0,3.0,0.0,0.0,0,0.5773361552245798,Medium Risk
C109640,403,2,39052.917,19526.4585,13.0,1.0,1.0,1.0,1,0.5772880213262657,Medium Risk
C112334,88,2,68498.3945,34249.19725,13.0,5.0,1.0,0.5,0,0.57728309563966,Medium Risk
C104760,411,2,49505.0705,24752.53525,7.0,1.0,1.0,1.0,1,0.5772181888819184,Medium Risk
C110770,178,2,27738.8565,13869.42825,10.0,2.0,0.0,0.5,1,0.5771970364932008,Medium Risk
C102416,748,2,47649.377499999995,23824.68875,8.0,3.0,0.0,1.0,1,0.577195357693278,Medium Risk
C113436,184,2,8782.526,4391.263,6.0,1.0,0.0,1.0,1,0.5771221085214655,Medium Risk
C114542,18,2,48314.9255,24157.462750000002,6.0,1.0,0.0,1.0,0,0.5770888451915633,Medium Risk
C110906,7,2,26558.303,13279.1515,8.0,2.0,0.0,0.5,0,0.5769939213353221,Medium Risk
C104184,0,2,46320.880000000005,23160.440000000002,5.0,2.0,0.0,0.0,0,0.576964494666067,Medium Risk
C108394,174,2,35277.7665,17638.88325,14.0,6.0,0.0,0.5,1,0.5769283763741533,Medium Risk
C105609,476,2,49381.53,24690.765,8.0,3.0,1.0,0.0,1,0.576927856174426,Medium Risk
C100955,112,2,40479.119999999995,20239.559999999998,8.0,5.0,0.0,0.0,1,0.5769171006702729,Medium Risk
C100092,172,2,45587.06,22793.53,13.0,3.0,1.0,0.0,1,0.5769063643607677,Medium Risk
C105923,55,2,26616.575999999997,13308.287999999999,7.0,1.0,0.0,0.5,0,0.5768942650100242,Medium Risk
C103788,35,2,49075.59,24537.795000000002,7.0,3.0,1.0,0.0,0,0.5768893818556685,Medium Risk
C106883,6,2,17889.3835,8944.69175,7.0,3.0,0.0,1.0,0,0.5768297261480503,Medium Risk
C110643,107,2,33144.71,16572.355,11.0,1.0,0.0,1.0,1,0.5767799319407548,Medium Risk
C108050,79,2,54218.584,27109.292,11.0,3.0,0.0,0.5,0,0.5767571345707875,Medium Risk
C111706,285,2,84571.45999999999,42285.729999999996,5.0,0.0,1.0,0.5,1,0.5767453368860902,Medium Risk
C104413,455,2,73733.06049999999,36866.530249999996,13.0,5.0,0.0,1.0,1,0.5767285230528456,Medium Risk
C109412,123,2,17777.909,8888.9545,12.0,3.0,0.0,1.0,1,0.5767272221326265,Medium Risk
C105381,252,2,35121.2,17560.6,5.0,1.0,0.0,0.0,1,0.5766943419498436,Medium Risk
C113724,113,2,23613.6375,11806.81875,11.0,7.0,0.0,0.5,1,0.5766841164448195,Medium Risk
C101522,625,2,9944.576000000001,4972.2880000000005,8.0,2.0,0.0,0.5,1,0.5765921117095291,Medium Risk
C111365,308,2,55634.292,27817.146,15.0,5.0,0.0,1.0,1,0.5763188574959761,Medium Risk
C110111,150,2,10713.685,5356.8425,8.0,3.0,0.0,0.5,1,0.5762973563529248,Medium Risk
C100400,489,2,55600.656,27800.328,6.0,2.0,0.0,0.5,1,0.5762731631272274,Medium Risk
C103563,512,2,57755.348,28877.674,3.0,0.0,0.0,0.5,1,0.5762618015323979,Medium Risk
C112829,0,2,63678.456000000006,31839.228,10.0,6.0,2.0,0.5,0,0.5762132857105705,Medium Risk
C107850,55,2,44815.936499999996,22407.968249999998,7.0,1.0,0.0,1.0,0,0.5762082235921708,Medium Risk
C112257,19,2,19205.619,9602.8095,6.0,2.0,0.0,1.0,0,0.5761187467463947,Medium Risk
C104394,328,2,78180.8345,39090.41725,3.0,0.0,1.0,0.5,1,0.5761170252171498,Medium Risk
C114110,12,2,21422.47,10711.235,7.0,1.0,0.0,0.0,0,0.5760793209461157,Medium Risk
C105478,462,2,46269.17,23134.585,5.0,3.0,0.0,0.0,1,0.5760745106051034,Medium Risk
C100636,0,2,76966.395,38483.1975,10.0,6.0,0.0,0.5,0,0.576017764720106,Medium Risk
C103269,664,2,5328.8640000000005,2664.4320000000002,5.0,1.0,0.0,0.5,1,0.5759024680597531,Medium Risk
C107888,288,2,35328.45,17664.225,4.0,1.0,0.0,0.0,1,0.5758930590149075,Medium Risk
C114420,280,3,101172.0,33724.0,9.0,4.0,1.0,0.0,1,0.575813359778956,Medium Risk
C104783,178,2,56645.766,28322.883,6.0,0.0,0.0,0.5,1,0.5757800996137703,Medium Risk
C105295,39,2,46092.978,23046.489,6.0,1.0,0.0,1.0,0,0.5757699605870115,Medium Risk
C111892,112,3,145130.9635,48376.987833333325,9.0,1.0,0.0,0.3333333333333333,1,0.5757546464718719,Medium Risk
C105859,80,2,43007.69,21503.845,7.0,4.0,0.0,0.0,0,0.5756622657415357,Medium Risk
C102590,359,2,24630.136,12315.068,6.0,2.0,0.0,0.5,1,0.5755706859489573,Medium Risk
C102991,18,1,447.8904999999999,447.8904999999999,17.0,6.0,0.0,1.0,0,0.5755362615962837,Medium Risk
C105656,267,2,39667.6365,19833.81825,5.0,1.0,0.0,1.0,1,0.575419264344309,Medium Risk
C105460,3,2,39023.67,19511.835,9.0,5.0,0.0,0.0,0,0.575274520605098,Medium Risk
C113331,84,2,75684.70999999999,37842.354999999996,7.0,2.0,0.0,0.0,0,0.5752141318184599,Medium Risk
C112420,449,2,37077.45,18538.725,8.0,5.0,0.0,0.0,1,0.5750884990741283,Medium Risk
C109816,109,3,115978.85,38659.61666666667,7.0,1.0,1.0,0.0,1,0.5750538121813986,Medium Risk
C113265,78,1,51418.03,51418.03,7.0,5.0,0.0,0.0,0,0.5750504443885229,Medium Risk
C103533,22,2,45603.342000000004,22801.671000000002,7.0,1.0,0.0,1.0,0,0.5749967503191868,Medium Risk
C104013,84,2,27375.924,13687.962,10.0,1.0,0.0,0.5,0,0.5749792910026125,Medium Risk
C109222,278,2,20797.118499999997,10398.559249999998,10.0,1.0,0.0,1.0,1,0.574956464880049,Medium Risk
C113778,138,2,32815.128,16407.564,11.0,1.0,1.0,1.0,1,0.5749319623572997,Medium Risk
C112877,70,2,5417.63,2708.815,7.0,2.0,0.0,0.0,0,0.5749032901251332,Medium Risk
C110302,93,2,43977.78200000001,21988.891,5.0,2.0,0.0,0.5,1,0.5748813812234171,Medium Risk
C112709,197,2,25496.148,12748.074,4.0,2.0,0.0,0.5,1,0.5747897499028028,Medium Risk
C104996,42,2,48891.481,24445.7405,7.0,1.0,1.0,1.0,0,0.5747438977862679,Medium Risk
C104198,92,2,48964.905,24482.4525,6.0,2.0,0.0,1.0,1,0.5747253422578001,Medium Risk
C106516,309,2,77771.1065,38885.55325,10.0,0.0,0.0,0.5,1,0.5747148755770086,Medium Risk
C111834,47,3,100619.83,33539.943333333336,4.0,4.0,1.0,0.0,0,0.5746663166273166,Medium Risk
C110987,304,2,32036.79,16018.395,8.0,2.0,0.0,0.0,1,0.5746119613029277,Medium Risk
C113370,220,2,39951.95,19975.975,8.0,2.0,0.0,0.0,1,0.5745926466909446,Medium Risk
C103179,104,2,25087.791,12543.8955,13.0,1.0,0.0,0.5,1,0.5745689560539701,Medium Risk
C105790,326,2,49221.375,24610.6875,6.0,1.0,1.0,1.0,1,0.5745662912625549,Medium Risk
C114946,172,2,35821.0,17910.5,7.0,1.0,0.0,0.0,1,0.5745542373399152,Medium Risk
C107756,15,2,74248.20999999999,37124.105,6.0,1.0,2.0,0.0,0,0.5745515620734869,Medium Risk
C107070,320,2,25722.428,12861.213999999998,4.0,0.0,0.0,1.0,1,0.574493255075227,Medium Risk
C108613,19,2,21409.96,10704.98,4.0,2.0,0.0,0.0,0,0.5744822488283967,Medium Risk
C113489,223,2,13938.683,6969.3415,6.0,3.0,0.0,1.0,1,0.5744515934186721,Medium Risk
C114564,203,2,45530.5015,22765.25075,4.0,1.0,1.0,1.0,1,0.5744337222888963,Medium Risk
C103432,222,2,42754.602,21377.301,6.0,3.0,0.0,1.0,1,0.5744175540997111,Medium Risk
C106680,-1,2,25553.877,12776.9385,10.0,5.0,0.0,0.5,0,0.574406172448829,Medium Risk
C108863,580,2,86984.575,43492.2875,10.0,2.0,0.0,0.5,1,0.5744055261372253,Medium Risk
C107294,520,2,74952.072,37476.036,6.0,2.0,0.0,1.0,1,0.5744033867590024,Medium Risk
C109045,38,2,26208.940000000002,13104.470000000001,8.0,5.0,0.0,0.0,0,0.574308739234183,Medium Risk
C105275,99,2,46570.848000000005,23285.424000000003,8.0,0.0,0.0,1.0,1,0.5742936577073532,Medium Risk
C113619,47,2,28270.73,14135.365000000002,7.0,0.0,0.0,0.0,0,0.5742127471240696,Medium Risk
C100910,55,2,89460.47,44730.235,8.0,1.0,1.0,0.5,0,0.5742111409098274,Medium Risk
C111683,621,2,55225.5125,27612.75625,13.0,3.0,1.0,0.5,1,0.574150374019237,Medium Risk
C106194,428,2,108848.349,54424.17450000001,3.0,1.0,1.0,0.5,1,0.5740005104499482,Medium Risk
C109528,427,2,34983.422999999995,17491.711499999998,14.0,3.0,0.0,1.0,1,0.5739729349499245,Medium Risk
C101334,84,2,22852.83,11426.415,5.0,1.0,0.0,0.0,0,0.5739649323294058,Medium Risk
C101698,54,2,29514.230000000003,14757.115000000002,5.0,1.0,1.0,0.0,0,0.5738815533555665,Medium Risk
C102512,58,2,2696.448,1348.224,9.0,2.0,0.0,1.0,0,0.5738091459157963,Medium Risk
C105175,24,2,45506.72,22753.36,10.0,2.0,0.0,1.0,0,0.5737590194308188,Medium Risk
C103934,194,3,138867.74,46289.246666666666,10.0,4.0,1.0,0.0,1,0.5737575494188181,Medium Risk
C108045,149,2,51650.1,25825.05,4.0,0.0,0.0,0.0,1,0.5736962065247242,Medium Risk
C102264,200,2,24220.806,12110.403,9.0,5.0,0.0,0.5,1,0.5736886691423098,Medium Risk
C102511,32,2,15156.449,7578.2245,8.0,2.0,0.0,1.0,0,0.5736490876042913,Medium Risk
C104973,24,2,83780.12,41890.06,7.0,1.0,0.0,0.0,0,0.5736353696189371,Medium Risk
C102307,36,2,25066.486,12533.243,9.0,0.0,1.0,0.5,0,0.5735948657390694,Medium Risk
C102497,379,2,53086.566,26543.282999999996,7.0,1.0,2.0,0.5,1,0.5735708837305576,Medium Risk
C103793,6,2,65602.4185,32801.20925,14.0,2.0,0.0,0.5,0,0.5735263074914058,Medium Risk
C102614,120,2,52757.775,26378.8875,11.0,3.0,1.0,0.5,1,0.5734790105385705,Medium Risk
C113271,628,2,63630.6135,31815.30675,7.0,2.0,1.0,1.0,1,0.5734755344861644,Medium Risk
C108802,14,1,30462.45,30462.45,11.0,1.0,0.0,0.0,0,0.5733740533047005,Medium Risk
C102758,369,2,75616.148,37808.074,4.0,1.0,0.0,0.5,1,0.573325564784958,Medium Risk
C104255,123,2,53676.659999999996,26838.33,13.0,3.0,0.0,0.0,1,0.5732976418052442,Medium Risk
C106352,5,2,54259.0975,27129.54875,5.0,1.0,0.0,0.5,0,0.5732929763801657,Medium Risk
C103703,46,2,50636.507000000005,25318.2535,10.0,3.0,1.0,1.0,0,0.5732285835262788,Medium Risk
C110587,190,2,19007.2325,9503.61625,9.0,0.0,0.0,0.5,1,0.5731940956708468,Medium Risk
C104589,86,2,17171.09,8585.545,3.0,1.0,0.0,0.0,0,0.573116880558538,Medium Risk
C114045,13,2,52785.727,26392.8635,11.0,2.0,3.0,0.5,0,0.5730539834497254,Medium Risk
C114613,86,2,117785.69,58892.845,10.0,5.0,1.0,0.0,0,0.5730500545055931,Medium Risk
C100201,286,3,66148.926,22049.642000000003,12.0,4.0,2.0,0.6666666666666666,1,0.5730335221499324,Medium Risk
C109618,57,2,59992.928,29996.464,6.0,3.0,0.0,0.5,0,0.5730109914710542,Medium Risk
C114813,128,2,19663.9075,9831.95375,10.0,3.0,0.0,1.0,1,0.5730036933072256,Medium Risk
C106251,170,2,49175.3085,24587.65425,6.0,0.0,1.0,1.0,1,0.5728464380318791,Medium Risk
C100303,569,3,58018.964,19339.65466666667,12.0,7.0,0.0,0.6666666666666666,1,0.5728341313386299,Medium Risk
C111162,18,2,57629.486,28814.743,6.0,3.0,0.0,0.5,0,0.5728292222503502,Medium Risk
C104523,849,2,78002.97,39001.485,6.0,2.0,0.0,1.0,1,0.5728221641129647,Medium Risk
C108317,64,2,18901.64,9450.82,6.0,1.0,0.0,0.0,0,0.5727982827175581,Medium Risk
C101428,18,2,77204.477,38602.2385,8.0,3.0,1.0,0.5,0,0.5727955004281238,Medium Risk
C114913,358,2,76157.138,38078.569,6.0,2.0,0.0,0.5,1,0.5727572904440836,Medium Risk
C107832,94,2,20476.269,10238.1345,9.0,5.0,0.0,0.5,1,0.5725688101869312,Medium Risk
C107226,373,2,54797.564,27398.782,5.0,2.0,0.0,0.5,1,0.5725500717110255,Medium Risk
C103248,293,2,24700.7945,12350.39725,6.0,3.0,0.0,0.5,1,0.5725276898906503,Medium Risk
C100694,-1,2,73632.8445,36816.42225,8.0,1.0,0.0,1.0,0,0.5724465345325238,Medium Risk
C101590,523,2,25507.019999999997,12753.509999999998,7.0,6.0,0.0,0.0,1,0.5723237975848375,Medium Risk
C105742,242,2,38911.55,19455.774999999998,10.0,2.0,0.0,0.0,1,0.5722982888824657,Medium Risk
C107107,229,2,27667.318,13833.659,6.0,1.0,0.0,0.5,1,0.5722447393170125,Medium Risk
C111988,245,3,73058.554,24352.85133333333,6.0,0.0,0.0,1.0,1,0.5721744788204893,Medium Risk
C114389,184,2,53205.9005,26602.95025,10.0,4.0,0.0,1.0,1,0.5721680716158507,Medium Risk
C102189,89,2,42917.947,21458.9735,13.0,5.0,0.0,1.0,0,0.5721649633663021,Medium Risk
C107815,15,2,54862.5475,27431.27375,5.0,2.0,0.0,1.0,0,0.5721605943029116,Medium Risk
C104396,0,2,42483.14,21241.57,10.0,2.0,1.0,0.0,0,0.5721432869070239,Medium Risk
C102572,47,2,52006.7,26003.35,7.0,2.0,1.0,0.0,0,0.5721194478793872,Medium Risk
C113584,38,2,49071.82400000001,24535.912,8.0,2.0,0.0,1.0,0,0.5721069600725195,Medium Risk
C108139,9,2,98764.637,49382.318499999994,13.0,5.0,0.0,0.5,0,0.5720873422463952,Medium Risk
C110042,160,3,83578.2175,27859.405833333334,10.0,5.0,1.0,0.3333333333333333,1,0.5720601837060691,Medium Risk
C105789,46,2,46830.73,23415.364999999998,9.0,2.0,1.0,0.0,0,0.5720375095166943,Medium Risk
C110752,203,2,20457.85,10228.925,13.0,8.0,0.0,0.0,1,0.5720182238786543,Medium Risk
C106667,171,2,44783.896,22391.948,8.0,1.0,0.0,1.0,1,0.5720106961875835,Medium Risk
C106530,108,2,31447.760000000002,15723.880000000001,9.0,1.0,0.0,0.0,1,0.571938178657554,Medium Risk
C110358,23,2,55724.2905,27862.14525,6.0,3.0,0.0,0.5,0,0.57193037681743,Medium Risk
C114791,393,2,28868.16,14434.08,6.0,2.0,1.0,0.0,1,0.5719251169001183,Medium Risk
C101191,96,2,26758.415999999997,13379.207999999999,5.0,2.0,0.0,0.5,1,0.5718955150173811,Medium Risk
C113256,320,2,33183.705500000004,16591.852750000002,13.0,2.0,0.0,1.0,1,0.5717724297238229,Medium Risk
C111648,25,2,19237.1735,9618.58675,12.0,3.0,0.0,1.0,0,0.5717022122541185,Medium Risk
C112018,104,2,45254.912500000006,22627.456250000003,4.0,2.0,1.0,1.0,1,0.5716810954174079,Medium Risk
C112957,51,2,6202.47,3101.235,7.0,2.0,0.0,0.5,0,0.5716410684728157,Medium Risk
C113951,108,2,41913.056,20956.528,10.0,5.0,0.0,0.5,1,0.571592741674434,Medium Risk
C103021,178,2,32646.129999999997,16323.064999999999,9.0,2.0,0.0,0.0,1,0.5715373729909742,Medium Risk
C100058,332,2,40553.04,20276.52,8.0,1.0,0.0,0.0,1,0.571479852412238,Medium Risk
C102680,158,2,20232.82,10116.41,12.0,5.0,0.0,0.5,1,0.5714532179105121,Medium Risk
C108491,2,2,7781.209000000001,3890.6045000000004,9.0,3.0,1.0,0.5,0,0.5713653281074174,Medium Risk
C104975,192,2,32111.19,16055.595,7.0,2.0,0.0,0.0,1,0.571342820736847,Medium Risk
C105641,1,2,24158.037,12079.0185,7.0,2.0,0.0,0.5,0,0.5712786664996515,Medium Risk
C103457,127,3,138252.93050000002,46084.31016666667,7.0,1.0,1.0,0.3333333333333333,1,0.5712775514624034,Medium Risk
C100551,358,2,20357.819499999998,10178.909749999999,9.0,3.0,0.0,0.5,1,0.5712673019228816,Medium Risk
C107810,209,2,14537.715,7268.8575,13.0,3.0,0.0,0.5,1,0.5712164626151887,Medium Risk
C112940,36,2,86128.6835,43064.34175,11.0,4.0,1.0,0.5,0,0.5711917474012863,Medium Risk
C102216,178,2,23166.6,11583.3,7.0,1.0,0.0,0.0,1,0.5709713555633602,Medium Risk
C112789,183,2,20221.9815,10110.99075,11.0,3.0,0.0,0.5,1,0.5709406042677065,Medium Risk
C100121,117,2,53174.2745,26587.137249999996,9.0,4.0,0.0,1.0,1,0.5709140854104644,Medium Risk
C110980,90,2,24203.74,12101.87,7.0,4.0,0.0,0.0,0,0.5709045754136741,Medium Risk
C102547,861,2,49179.0665,24589.53325,6.0,2.0,1.0,1.0,1,0.5708604825991119,Medium Risk
C104833,347,2,36548.91,18274.455,6.0,2.0,0.0,0.0,1,0.5707972139875368,Medium Risk
C107239,303,2,53482.611000000004,26741.305500000002,6.0,0.0,0.0,0.5,1,0.5707747794037106,Medium Risk
C106809,-1,2,74142.458,37071.229,8.0,1.0,1.0,0.5,0,0.5707545840592995,Medium Risk
C109051,109,2,39749.4055,19874.70275,13.0,4.0,2.0,1.0,1,0.5707278475830506,Medium Risk
C103900,54,2,17807.056,8903.528,11.0,3.0,0.0,1.0,0,0.570656155461596,Medium Risk
C105233,407,2,26468.876000000004,13234.438000000002,7.0,1.0,0.0,0.5,1,0.5705544163996802,Medium Risk
C108965,225,2,20573.5905,10286.79525,11.0,5.0,2.0,0.5,1,0.5705318710694349,Medium Risk
C108258,460,2,14979.101999999999,7489.5509999999995,8.0,3.0,0.0,0.5,1,0.5705298603093003,Medium Risk
C110890,14,2,37283.26,18641.63,10.0,1.0,0.0,0.0,0,0.5704696322950212,Medium Risk
C105242,4,2,20629.5,10314.75,12.0,3.0,0.0,0.5,0,0.5704509297974211,Medium Risk
C113664,90,2,27214.6285,13607.31425,8.0,1.0,1.0,0.5,0,0.5704376130541596,Medium Risk
C112922,59,2,77908.246,38954.123,8.0,2.0,0.0,0.5,0,0.5702257318896298,Medium Risk
C105846,175,2,76718.312,38359.156,8.0,2.0,0.0,0.5,1,0.5702175144306412,Medium Risk
C107436,108,3,86007.223,28669.074333333334,9.0,5.0,1.0,0.6666666666666666,1,0.570039535688241,Medium Risk
C104482,879,2,16736.765,8368.3825,8.0,3.0,0.0,0.5,1,0.5700306107914136,Medium Risk
C112320,15,2,60093.283,30046.641499999998,5.0,2.0,0.0,0.5,0,0.5700246076930435,Medium Risk
C112518,87,2,67961.862,33980.931000000004,13.0,3.0,0.0,0.5,0,0.5699821109394942,Medium Risk
C101116,531,2,63833.334,31916.667,13.0,4.0,0.0,0.5,1,0.5699669269380514,Medium Risk
C114459,21,2,39582.85,19791.425,9.0,3.0,0.0,0.0,0,0.5699559999067036,Medium Risk
C104408,163,2,44727.3625,22363.68125,8.0,0.0,0.0,1.0,1,0.5699400370429192,Medium Risk
C111917,19,2,50844.5125,25422.25625,10.0,2.0,1.0,0.5,0,0.5699354826811844,Medium Risk
C113004,480,2,46161.451499999996,23080.725749999998,7.0,2.0,0.0,1.0,1,0.5698592979983189,Medium Risk
C114423,350,2,69757.9605,34878.98025,8.0,1.0,1.0,1.0,1,0.5698356918888541,Medium Risk
C107412,237,2,16448.678,8224.339,9.0,3.0,0.0,0.5,1,0.5698086637036295,Medium Risk
C102630,26,2,45722.33,22861.165,6.0,3.0,0.0,0.0,0,0.569750904619928,Medium Risk
C102047,185,2,14524.504,7262.252,11.0,2.0,0.0,0.5,1,0.569572706011224,Medium Risk
C107092,351,2,40629.52,20314.76,11.0,1.0,0.0,0.0,1,0.5695398641408754,Medium Risk
C113756,4,2,54824.770000000004,27412.385000000002,5.0,0.0,0.0,0.5,0,0.5695273265402436,Medium Risk
C103058,102,2,41741.66,20870.83,11.0,2.0,1.0,0.0,1,0.5694440682402244,Medium Risk
C102583,23,2,74217.59599999999,37108.797999999995,7.0,1.0,0.0,0.5,0,0.5694084194721968,Medium Risk
C100196,208,2,71390.2005,35695.10025,14.0,3.0,0.0,0.5,1,0.5693620927301759,Medium Risk
C111395,77,2,45775.943,22887.9715,7.0,0.0,0.0,1.0,0,0.5693588683816837,Medium Risk
C100037,561,2,38502.72,19251.36,7.0,1.0,0.0,0.0,1,0.5693439479655459,Medium Risk
C108248,345,2,33576.7,16788.35,10.0,1.0,0.0,0.0,1,0.569274086804677,Medium Risk
C101630,475,2,41822.25,20911.125,6.0,1.0,0.0,0.0,1,0.5692134519237584,Medium Risk
C105050,290,2,20692.9245,10346.46225,10.0,1.0,1.0,0.5,1,0.5691670916971112,Medium Risk
C102844,115,2,29580.61,14790.305,10.0,3.0,1.0,0.0,1,0.5690793097213556,Medium Risk
C105297,71,2,122452.92,61226.46000000001,12.0,2.0,0.0,0.0,0,0.5690716434161927,Medium Risk
C101714,-1,2,28323.9955,14161.997749999999,9.0,1.0,0.0,0.5,0,0.569050264018616,Medium Risk
C109187,79,2,50056.1365,25028.06825,10.0,3.0,1.0,1.0,0,0.568868946318517,Medium Risk
C109164,13,2,51994.67250000001,25997.33625,8.0,3.0,0.0,1.0,0,0.5688192724814399,Medium Risk
C112843,233,3,72942.85,24314.283333333336,9.0,2.0,0.0,0.0,1,0.5686938910580167,Medium Risk
C103661,56,2,70078.4965,35039.24825,6.0,2.0,0.0,1.0,0,0.5686216661030721,Medium Risk
C100148,194,2,46226.8885,23113.44425,8.0,3.0,0.0,1.0,1,0.5686058618385974,Medium Risk
C106717,288,2,20275.7485,10137.87425,8.0,2.0,1.0,0.5,1,0.5685612701911081,Medium Risk
C110025,114,2,63932.852999999996,31966.426499999998,10.0,3.0,0.0,1.0,1,0.5684881512787069,Medium Risk
C101255,1,2,38108.11,19054.055,6.0,2.0,0.0,0.0,0,0.568484365697304,Medium Risk
C105974,164,3,78586.709,26195.569666666666,14.0,3.0,1.0,1.0,1,0.5684142258482988,Medium Risk
C102640,148,2,21268.710000000003,10634.355000000001,3.0,1.0,0.0,0.0,1,0.5683944231778126,Medium Risk
C100936,312,2,7633.738,3816.869,7.0,1.0,0.0,0.5,1,0.5683927131889499,Medium Risk
C110933,38,2,81476.925,40738.4625,7.0,2.0,0.0,0.5,0,0.5683922538048409,Medium Risk
C112401,102,2,25361.806,12680.903,6.0,2.0,0.0,0.5,1,0.568338620361637,Medium Risk
C104511,139,2,39171.932,19585.966,9.0,5.0,0.0,0.5,1,0.568299849719372,Medium Risk
C105953,171,3,89544.44,29848.146666666667,4.0,1.0,1.0,0.0,1,0.5682996556040802,Medium Risk
C102864,105,2,54223.221000000005,27111.6105,6.0,2.0,0.0,1.0,1,0.5682678366569631,Medium Risk
C113275,54,2,46643.787,23321.8935,8.0,3.0,0.0,1.0,0,0.5682670369343206,Medium Risk
C103214,152,2,22631.379999999997,11315.689999999999,6.0,0.0,1.0,0.0,1,0.5682525222423065,Medium Risk
C112438,681,2,73400.88149999999,36700.44075,3.0,0.0,0.0,0.5,1,0.5682401138447285,Medium Risk
C109242,4,2,86378.75,43189.375,5.0,2.0,0.0,0.0,0,0.568228294350272,Medium Risk
C101693,37,2,54130.547,27065.2735,6.0,0.0,1.0,0.5,0,0.5681716832197569,Medium Risk
C108938,392,2,61031.48700000001,30515.743500000004,12.0,4.0,1.0,0.5,1,0.56816959499789,Medium Risk
C110357,104,2,40530.786,20265.393,2.0,1.0,1.0,0.5,1,0.5681391547945595,Medium Risk
C101713,153,2,47923.329000000005,23961.6645,8.0,0.0,0.0,0.5,1,0.5681041089939578,Medium Risk
C101660,30,2,40567.32,20283.66,9.0,3.0,0.0,0.0,0,0.568097644954893,Medium Risk
C101841,70,2,49363.591,24681.7955,7.0,2.0,1.0,1.0,0,0.5680666378892403,Medium Risk
C106726,336,2,51192.202000000005,25596.101000000002,10.0,4.0,1.0,0.5,1,0.5679139925940362,Medium Risk
C103963,226,3,79949.35949999999,26649.7865,8.0,2.0,0.0,0.3333333333333333,1,0.5677039400251866,Medium Risk
C107296,496,2,37016.5065,18508.253249999998,4.0,2.0,0.0,1.0,1,0.5676899523792587,Medium Risk
C106959,310,2,42382.31,21191.155,10.0,0.0,1.0,0.0,1,0.5676815377494662,Medium Risk
C105674,665,2,41664.0155,20832.007749999997,11.0,3.0,0.0,1.0,1,0.5676780902046502,Medium Risk
C106185,213,2,75678.81049999999,37839.40525,10.0,3.0,0.0,0.5,1,0.567673609158856,Medium Risk
C108024,123,2,49344.6605,24672.33025,9.0,1.0,0.0,0.5,1,0.5676313588172303,Medium Risk
C104578,137,2,34235.56,17117.78,6.0,1.0,0.0,0.0,1,0.5676019014881359,Medium Risk
C103618,114,2,20419.67,10209.835,10.0,3.0,0.0,0.5,1,0.5675879420459146,Medium Risk
C106166,507,2,39610.923500000004,19805.461750000002,8.0,1.0,1.0,1.0,1,0.5675677554654418,Medium Risk
C108532,191,2,27278.984,13639.492000000002,10.0,3.0,1.0,0.5,1,0.5675474827816369,Medium Risk
C102830,4,2,10848.73,5424.365,10.0,6.0,0.0,0.0,0,0.5675413002589977,Medium Risk
C109299,169,2,34292.411,17146.2055,15.0,3.0,1.0,1.0,1,0.5675039984903362,Medium Risk
C108501,108,2,41731.11,20865.555,10.0,3.0,0.0,0.0,1,0.5674482836593009,Medium Risk
C103194,651,3,79413.54000000001,26471.180000000004,8.0,4.0,0.0,0.3333333333333333,1,0.5674226561436816,Medium Risk
C106828,161,2,37253.3495,18626.67475,2.0,0.0,0.0,1.0,1,0.5673836324701965,Medium Risk
C109963,124,2,40858.376000000004,20429.188000000002,5.0,1.0,0.0,1.0,1,0.5673255321053724,Medium Risk
C101132,5,2,8092.3755,4046.18775,5.0,2.0,1.0,1.0,0,0.5673015962436048,Medium Risk
C114719,394,2,50829.369,25414.684500000003,8.0,0.0,1.0,0.5,1,0.5672940770284203,Medium Risk
C109585,45,2,80426.26,40213.130000000005,8.0,3.0,2.0,0.0,0,0.5672635062487613,Medium Risk
C101989,83,1,30181.68,30181.68,6.0,3.0,0.0,0.0,0,0.5672493033175773,Medium Risk
C109057,121,3,83515.25,27838.416666666668,8.0,4.0,0.0,0.0,1,0.567154454656417,Medium Risk
C104927,16,4,180742.008,45185.502,13.0,2.0,2.0,0.5,0,0.5671266336996053,Medium Risk
C103444,1,2,50437.7215,25218.86075,9.0,3.0,1.0,1.0,0,0.5671163695589546,Medium Risk
C110247,227,2,47768.017,23884.0085,11.0,4.0,0.0,0.5,1,0.5671121762949789,Medium Risk
C106797,90,2,76198.8235,38099.41175,10.0,2.0,0.0,0.5,0,0.5670396227081302,Medium Risk
C103031,13,2,51620.858,25810.429,11.0,1.0,1.0,0.5,0,0.5670358115203964,Medium Risk
C109542,3,2,45976.311499999996,22988.155749999998,7.0,3.0,0.0,1.0,0,0.5669712704903875,Medium Risk
C113343,270,2,33669.594,16834.797000000002,11.0,3.0,1.0,1.0,1,0.5669679109345301,Medium Risk
C106750,100,2,50574.7605,25287.380249999995,7.0,2.0,0.0,1.0,1,0.566838308976535,Medium Risk
C105558,2,2,40059.65,20029.825,7.0,1.0,1.0,1.0,0,0.5667950515513015,Medium Risk
C110795,219,2,26351.513,13175.7565,11.0,5.0,1.0,0.5,1,0.5667180945499399,Medium Risk
C109235,32,3,74143.44,24714.48,7.0,0.0,1.0,1.0,0,0.566695519406267,Medium Risk
C108046,118,2,32964.53,16482.265,7.0,1.0,0.0,0.0,1,0.5666191303723646,Medium Risk
C111553,47,2,20329.021,10164.5105,10.0,2.0,1.0,1.0,0,0.5666027637401923,Medium Risk
C101289,110,2,44342.53,22171.265,8.0,3.0,2.0,0.0,1,0.5665819538095548,Medium Risk
C112470,265,2,28737.658,14368.829,10.0,2.0,0.0,0.5,1,0.5665268108212795,Medium Risk
C104220,103,2,25937.038500000002,12968.519250000001,7.0,2.0,1.0,1.0,1,0.5665071151608383,Medium Risk
C102352,17,2,47233.0915,23616.545749999997,5.0,3.0,0.0,1.0,0,0.5664594332001492,Medium Risk
C114664,29,2,39955.29,19977.645,6.0,1.0,0.0,0.0,0,0.5663959464825834,Medium Risk
C105556,315,2,45965.43000000001,22982.715000000004,7.0,2.0,0.0,1.0,1,0.5663286840352025,Medium Risk
C111441,69,1,11590.8295,11590.8295,1.0,1.0,0.0,1.0,0,0.5663135493210903,Medium Risk
C112045,4,2,48098.762,24049.381,8.0,2.0,0.0,0.5,0,0.5662955277127675,Medium Risk
C111719,564,2,17554.7025,8777.35125,9.0,2.0,0.0,0.5,1,0.566274094060308,Medium Risk
C102316,200,2,26669.11,13334.555,9.0,4.0,0.0,0.0,1,0.5662655886941789,Medium Risk
C109544,823,2,26404.905499999997,13202.45275,5.0,0.0,0.0,1.0,1,0.5662456730763077,Medium Risk
C102806,257,3,81070.54800000001,27023.516000000003,12.0,6.0,1.0,0.3333333333333333,1,0.5662152696000408,Medium Risk
C101856,45,2,79607.88500000001,39803.942500000005,11.0,1.0,0.0,0.5,0,0.566147782239996,Medium Risk
C111614,47,2,53404.007,26702.0035,5.0,3.0,0.0,1.0,0,0.5661422970832791,Medium Risk
C108041,-1,2,38479.99,19239.995,8.0,2.0,0.0,0.0,0,0.5661215882984787,Medium Risk
C102533,-1,2,6615.884,3307.942,7.0,3.0,0.0,1.0,0,0.5661059502719809,Medium Risk
C108505,3,2,20429.879999999997,10214.939999999999,7.0,0.0,0.0,0.0,0,0.5660968408556879,Medium Risk
C107345,352,2,56424.752,28212.376,12.0,4.0,0.0,0.5,1,0.5660820240977585,Medium Risk
C105549,262,2,37329.31,18664.655,6.0,2.0,0.0,0.0,1,0.5660703128696359,Medium Risk
C110223,23,2,24019.68,12009.84,7.0,1.0,1.0,0.0,0,0.5660688914772964,Medium Risk
C103977,469,2,52366.876500000006,26183.438250000003,10.0,2.0,1.0,0.5,1,0.5660596763028463,Medium Risk
C114101,427,2,32091.696000000004,16045.848000000002,12.0,3.0,1.0,1.0,1,0.5659729630348017,Medium Risk
C112856,157,2,75587.965,37793.9825,8.0,1.0,0.0,1.0,1,0.5659402576941129,Medium Risk
C105954,15,1,13247.31,13247.31,15.0,7.0,0.0,0.0,0,0.5659315837407441,Medium Risk
C109442,241,2,22901.23,11450.615,6.0,1.0,0.0,0.0,1,0.5659217567647673,Medium Risk
C104493,225,2,26222.887,13111.4435,5.0,1.0,1.0,0.5,1,0.5657864215759392,Medium Risk
C109581,466,2,25443.088000000003,12721.544000000002,5.0,0.0,0.0,0.5,1,0.5656998241911368,Medium Risk
C109622,225,2,36945.079,18472.5395,4.0,1.0,0.0,1.0,1,0.565669126154246,Medium Risk
C106663,2,2,80099.765,40049.88250000001,8.0,2.0,1.0,0.5,0,0.5656288490858948,Medium Risk
C100064,304,2,16460.1165,8230.05825,2.0,0.0,0.0,0.5,1,0.5655921275064039,Medium Risk
C113767,317,2,27218.2955,13609.14775,5.0,1.0,1.0,0.5,1,0.5655652381792826,Medium Risk
C107573,249,2,47884.0825,23942.041250000002,7.0,0.0,0.0,0.5,1,0.5655485645559033,Medium Risk
C104648,376,2,47494.886,23747.443,11.0,4.0,0.0,0.5,1,0.5654757237157051,Medium Risk
C100731,7,2,17411.244,8705.622,9.0,1.0,0.0,0.5,0,0.5654450258759663,Medium Risk
C104805,53,3,71800.14499999999,23933.381666666664,3.0,1.0,0.0,1.0,0,0.5654263618190504,Medium Risk
C110149,93,2,39597.26,19798.63,5.0,1.0,1.0,0.0,1,0.565422111637798,Medium Risk
C109007,346,2,41693.184,20846.592,9.0,1.0,1.0,1.0,1,0.5653855816114908,Medium Risk
C107919,9,2,20302.371000000003,10151.185500000001,14.0,1.0,0.0,1.0,0,0.565382746800781,Medium Risk
C114994,17,2,35015.87,17507.935,5.0,1.0,0.0,0.0,0,0.5653304516562239,Medium Risk
C103356,39,2,32633.410000000003,16316.705000000002,7.0,2.0,0.0,0.0,0,0.5652645763945366,Medium Risk
C106278,54,2,89589.15299999999,44794.5765,13.0,3.0,0.0,0.5,0,0.5652004069267634,Medium Risk
C103256,385,2,42237.11,21118.555,11.0,2.0,1.0,0.0,1,0.5651994337602353,Medium Risk
C112415,366,2,53076.034499999994,26538.017249999997,9.0,4.0,0.0,1.0,1,0.5651857384985379,Medium Risk
C113845,51,2,31769.48,15884.740000000002,8.0,1.0,0.0,0.0,0,0.5650930123114982,Medium Risk
C114826,530,2,31578.370000000003,15789.185000000001,9.0,3.0,0.0,0.0,1,0.5650517574073717,Medium Risk
C114120,137,2,46370.789,23185.3945,15.0,2.0,0.0,0.5,1,0.5650442725660766,Medium Risk
C113697,124,2,45333.316000000006,22666.658000000003,6.0,2.0,0.0,1.0,1,0.5650120706486854,Medium Risk
C108169,92,3,63262.904,21087.63466666667,12.0,5.0,3.0,0.6666666666666666,1,0.5649664433701796,Medium Risk
C101352,85,2,24126.5555,12063.27775,8.0,3.0,1.0,0.5,0,0.5649060906063377,Medium Risk
C113251,320,2,42842.3965,21421.19825,9.0,3.0,0.0,0.5,1,0.5648989156893517,Medium Risk
C105949,98,2,69507.9715,34753.98575,6.0,3.0,0.0,1.0,1,0.5648951811126995,Medium Risk
C101145,109,2,46878.612,23439.306,2.0,1.0,0.0,0.5,1,0.564885643663662,Medium Risk
C104742,32,2,75531.3155,37765.65775,8.0,3.0,0.0,0.5,0,0.564864960630277,Medium Risk
C114006,1,2,55076.756,27538.377999999997,10.0,5.0,0.0,1.0,0,0.5648248366881795,Medium Risk
C102163,11,2,27662.828,13831.414,9.0,5.0,0.0,0.5,0,0.5647082741963159,Medium Risk
C104963,56,2,40328.04,20164.02,6.0,2.0,0.0,0.0,0,0.5646760166843015,Medium Risk
C108607,607,2,52670.717000000004,26335.3585,9.0,3.0,0.0,0.5,1,0.5645975182377913,Medium Risk
C103119,386,2,23856.3765,11928.18825,7.0,3.0,0.0,0.5,1,0.5645909630641395,Medium Risk
C106953,0,2,54932.616,27466.308,13.0,4.0,0.0,1.0,0,0.5645895157505907,Medium Risk
C102071,928,2,53174.316,26587.158000000003,12.0,2.0,0.0,0.5,1,0.5645365411426571,Medium Risk
C107599,52,2,20584.815,10292.4075,7.0,3.0,0.0,0.5,0,0.5644887816654238,Medium Risk
C106250,135,2,48885.84,24442.920000000002,11.0,2.0,0.0,0.5,1,0.5644844610743905,Medium Risk
C100007,22,2,43114.613,21557.3065,8.0,3.0,0.0,0.5,0,0.5644749122078472,Medium Risk
C113373,96,2,46111.854999999996,23055.927499999998,6.0,3.0,0.0,1.0,1,0.564461824092457,Medium Risk
C114622,136,2,72286.8455,36143.422750000005,8.0,2.0,0.0,1.0,1,0.5644616042413232,Medium Risk
C113025,14,2,61569.871999999996,30784.936,12.0,3.0,0.0,0.5,0,0.5644057570539445,Medium Risk
C104205,6,2,46059.192,23029.596,7.0,2.0,1.0,1.0,0,0.5643121318647524,Medium Risk
C101030,313,2,36981.47,18490.735,11.0,4.0,0.0,0.0,1,0.5641910364246562,Medium Risk
C110065,227,2,52578.2345,26289.11725,9.0,4.0,0.0,1.0,1,0.5641653133302625,Medium Risk
C107380,248,2,14558.748,7279.374000000001,2.0,0.0,0.0,0.5,1,0.5641514599901936,Medium Risk
C106542,38,2,46867.37,23433.685,5.0,0.0,0.0,0.0,0,0.5640779247941835,Medium Risk
C112085,0,2,26128.016499999998,13064.00825,6.0,0.0,0.0,0.5,0,0.5639985986916416,Medium Risk
C104761,81,2,75762.579,37881.2895,8.0,4.0,0.0,0.5,0,0.5639837659996081,Medium Risk
C105103,406,2,25464.096500000003,12732.048250000002,9.0,4.0,0.0,0.5,1,0.5639223022067363,Medium Risk
C104416,23,2,46729.818,23364.909,5.0,3.0,1.0,1.0,0,0.5638285021936869,Medium Risk
C114333,32,2,47438.979999999996,23719.489999999998,5.0,2.0,1.0,0.0,0,0.5637935139760388,Medium Risk
C107218,39,2,27668.876,13834.438,5.0,2.0,0.0,0.5,0,0.5636558068813867,Medium Risk
C107877,231,2,40008.76,20004.38,7.0,2.0,0.0,1.0,1,0.5636230065633949,Medium Risk
C105230,623,2,32891.18,16445.59,13.0,3.0,0.0,0.0,1,0.5636179379375013,Medium Risk
C101564,7,2,45126.11200000001,22563.056000000004,8.0,3.0,1.0,1.0,0,0.5636159154841068,Medium Risk
C106931,12,2,8225.751,4112.8755,7.0,2.0,1.0,1.0,0,0.5635876054090285,Medium Risk
C101021,21,2,4795.1410000000005,2397.5705000000003,11.0,0.0,0.0,1.0,0,0.5635699197793413,Medium Risk
C109800,172,2,85040.0705,42520.03525,10.0,0.0,0.0,1.0,1,0.5635538678015058,Medium Risk
C100768,94,2,47973.883,23986.941499999997,7.0,0.0,1.0,0.5,1,0.5634740583851856,Medium Risk
C104452,39,2,76472.842,38236.421,10.0,3.0,1.0,0.5,0,0.5634201415012,Medium Risk
C103096,124,2,47060.676,23530.338,11.0,3.0,0.0,0.5,1,0.5633961932595418,Medium Risk
C101953,100,2,49747.49,24873.745,7.0,4.0,0.0,0.0,1,0.5633869034033262,Medium Risk
C108181,336,2,33600.130000000005,16800.065000000002,10.0,2.0,1.0,0.0,1,0.5633643913285293,Medium Risk
C113853,105,2,31287.58,15643.79,3.0,1.0,0.0,0.0,1,0.5632975298708365,Medium Risk
C112149,69,2,75662.869,37831.4345,8.0,3.0,0.0,0.5,0,0.5632804307861077,Medium Risk
C113047,186,2,28535.5,14267.75,11.0,4.0,0.0,0.0,1,0.5632713241688676,Medium Risk
C104775,72,1,31277.29,31277.29,7.0,4.0,0.0,0.0,0,0.5632594203720148,Medium Risk
C110536,291,3,79628.547,26542.849000000002,9.0,2.0,1.0,0.6666666666666666,1,0.5632380603830179,Medium Risk
C114929,27,2,38261.79,19130.895,6.0,1.0,1.0,0.0,0,0.5631948760126058,Medium Risk
C107244,95,2,27912.1845,13956.09225,6.0,2.0,1.0,0.5,1,0.5631555565369092,Medium Risk
C109839,24,2,25617.997,12808.998499999998,9.0,4.0,0.0,0.5,0,0.56313541947709,Medium Risk
C101209,28,2,70677.4215,35338.71075,7.0,2.0,1.0,1.0,0,0.5631230989897478,Medium Risk
C112502,295,2,48083.447499999995,24041.723749999997,7.0,2.0,0.0,0.5,1,0.5630442662668842,Medium Risk
C106218,15,2,39689.059499999996,19844.529749999998,6.0,2.0,0.0,1.0,0,0.5630249453341102,Medium Risk
C108151,577,1,30101.86,30101.86,7.0,2.0,0.0,0.0,1,0.562968556614313,Medium Risk
C101299,25,1,30184.5,30184.5,7.0,2.0,0.0,0.0,0,0.562968556614313,Medium Risk
C112837,-1,2,51310.576,25655.288,7.0,2.0,1.0,0.5,0,0.562899631276589,Medium Risk
C102362,372,3,28597.6115,9532.537166666667,12.0,7.0,0.0,0.6666666666666666,1,0.562890038923815,Medium Risk
C112198,113,2,36048.909999999996,18024.454999999998,6.0,1.0,1.0,0.0,1,0.5628892409351322,Medium Risk
C101780,34,1,31126.7,31126.7,11.0,4.0,0.0,0.0,0,0.5628442569276022,Medium Risk
C106665,187,2,19161.506,9580.753,9.0,3.0,0.0,0.5,1,0.5627882405298166,Medium Risk
C101211,219,2,59053.337,29526.6685,13.0,2.0,0.0,0.5,1,0.5627848073089201,Medium Risk
C109910,215,2,68965.06,34482.53,14.0,3.0,1.0,0.5,1,0.562744455552423,Medium Risk
C105167,85,2,48580.509999999995,24290.255,10.0,2.0,1.0,0.5,0,0.5627308831121619,Medium Risk
C105308,40,2,78372.35,39186.175,5.0,2.0,0.0,0.5,0,0.5626588648591728,Medium Risk
C112697,46,2,61678.111999999994,30839.055999999997,5.0,4.0,0.0,0.5,0,0.5625684185608282,Medium Risk
C101767,23,2,22008.0,11004.0,10.0,4.0,0.0,0.0,0,0.562536093000948,Medium Risk
C104725,12,2,75557.0965,37778.54824999999,8.0,1.0,1.0,1.0,0,0.5625293835551457,Medium Risk
C101956,60,2,10666.805,5333.4025,13.0,2.0,0.0,0.5,0,0.5625151463201941,Medium Risk
C111366,209,2,31540.254999999997,15770.127499999999,9.0,1.0,1.0,1.0,1,0.5624380821935537,Medium Risk
C114156,13,1,30046.85,30046.85,10.0,2.0,0.0,0.0,0,0.5624335514056006,Medium Risk
C108088,8,3,75013.11,25004.37,5.0,0.0,1.0,1.0,0,0.5623903087639345,Medium Risk
C101568,65,2,21128.91,10564.455,11.0,4.0,0.0,0.0,0,0.5623479279630758,Medium Risk
C114597,188,2,14960.4495,7480.22475,4.0,3.0,0.0,0.5,1,0.5622573431603566,Medium Risk
C105247,547,2,47613.587999999996,23806.793999999998,7.0,3.0,1.0,0.5,1,0.5622478341649539,Medium Risk
C112239,174,2,40123.762,20061.881,9.0,2.0,0.0,1.0,1,0.5621596117875253,Medium Risk
C102150,115,2,21355.958000000002,10677.979000000001,10.0,3.0,0.0,0.5,1,0.562052849839856,Medium Risk
C114244,111,2,47908.13,23954.065,5.0,1.0,1.0,0.5,1,0.5620191636184164,Medium Risk
C100568,95,3,147568.83800000002,49189.612666666675,5.0,5.0,0.0,0.3333333333333333,1,0.5619511138780057,Medium Risk
C108434,234,2,39935.082,19967.541,6.0,2.0,0.0,1.0,1,0.5619300128159734,Medium Risk
C101621,239,2,50277.313,25138.656499999997,8.0,2.0,0.0,1.0,1,0.5618590518310301,Medium Risk
C110991,198,2,19025.733,9512.8665,8.0,2.0,0.0,0.5,1,0.5618328107901561,Medium Risk
C101302,370,2,38754.4835,19377.24175,6.0,1.0,0.0,1.0,1,0.5617315575437862,Medium Risk
C110466,290,2,51423.796,25711.898,10.0,2.0,0.0,0.5,1,0.5617144637643823,Medium Risk
C105596,89,2,68217.6715,34108.83575,7.0,1.0,1.0,1.0,0,0.5616420603761147,Medium Risk
C102922,797,2,36261.3,18130.65,9.0,5.0,1.0,0.0,1,0.5615959448419415,Medium Risk
C110031,126,2,40020.96,20010.48,9.0,2.0,1.0,0.0,1,0.5615731136222988,Medium Risk
C107893,361,2,13338.288,6669.144000000001,7.0,3.0,0.0,1.0,1,0.5615115289938795,Medium Risk
C101614,159,3,71535.94,23845.313333333335,11.0,3.0,0.0,0.0,1,0.5614932821619486,Medium Risk
C108837,261,2,13871.3835,6935.69175,8.0,1.0,1.0,1.0,1,0.5614898959313576,Medium Risk
C108955,611,2,32289.141000000003,16144.570500000002,12.0,2.0,0.0,1.0,1,0.5614846108609178,Medium Risk
C112366,829,2,46088.292499999996,23044.146249999998,14.0,2.0,0.0,0.5,1,0.5613234444528653,Medium Risk
C108556,108,3,59723.842,19907.947333333334,9.0,6.0,1.0,0.3333333333333333,1,0.5613155513879553,Medium Risk
C107510,349,2,34049.781,17024.8905,4.0,2.0,0.0,1.0,1,0.5612370777008773,Medium Risk
C106160,48,1,82720.92000000001,82720.92000000001,7.0,0.0,1.0,0.0,0,0.5612032030521534,Medium Risk
C112791,86,2,32500.431,16250.2155,11.0,1.0,0.0,1.0,0,0.5611862484489899,Medium Risk
C108886,175,3,119343.68000000001,39781.22666666666,6.0,1.0,1.0,0.0,1,0.5610671809381214,Medium Risk
C109490,669,2,67900.7845,33950.39225,5.0,2.0,0.0,1.0,1,0.5610621358531973,Medium Risk
C103407,100,2,52871.635500000004,26435.817750000002,3.0,1.0,0.0,0.5,1,0.5610133275866329,Medium Risk
C102800,51,2,73902.89199999999,36951.445999999996,3.0,1.0,0.0,0.5,0,0.5610014459204106,Medium Risk
C101262,71,2,52448.611000000004,26224.305500000002,9.0,3.0,0.0,0.5,0,0.5609715743009048,Medium Risk
C104684,193,2,13055.664000000002,6527.832000000001,6.0,2.0,1.0,1.0,1,0.5609575861402336,Medium Risk
C105489,213,2,88746.389,44373.1945,6.0,3.0,0.0,1.0,1,0.5609145487520049,Medium Risk
C104663,368,3,92325.4755,30775.1585,12.0,6.0,0.0,0.6666666666666666,1,0.5608943767974793,Medium Risk
C100924,69,2,49089.311,24544.6555,10.0,2.0,1.0,0.5,0,0.5607271135456899,Medium Risk
C106269,36,1,76643.85,76643.85,11.0,6.0,0.0,0.0,0,0.5607015765876109,Medium Risk
C106046,55,2,37461.7835,18730.891750000003,9.0,1.0,1.0,1.0,0,0.5607000564044955,Medium Risk
C111974,17,2,24056.786,12028.393,6.0,3.0,0.0,0.5,0,0.5606712376018101,Medium Risk
C103120,5,2,51733.0025,25866.50125,9.0,4.0,0.0,0.5,0,0.5606061274365091,Medium Risk
C107994,80,2,10732.979,5366.4895,11.0,3.0,0.0,0.5,0,0.5605497341592316,Medium Risk
C102328,24,2,67343.43849999999,33671.719249999995,5.0,1.0,0.0,1.0,0,0.5605443500445506,Medium Risk
C102600,562,2,26523.267,13261.6335,5.0,1.0,1.0,1.0,1,0.5604502537091463,Medium Risk
C110330,85,2,48951.774000000005,24475.887000000002,5.0,1.0,0.0,0.5,0,0.5601916066154938,Medium Risk
C102491,611,2,17936.576,8968.288,9.0,1.0,0.0,0.5,1,0.5601504675568918,Medium Risk
C113324,24,2,44997.3295,22498.664749999996,9.0,2.0,1.0,0.5,0,0.5600888533668903,Medium Risk
C104264,440,2,51420.246999999996,25710.123499999998,7.0,3.0,1.0,0.5,1,0.5600210946117482,Medium Risk
C105712,93,2,21835.258500000004,10917.629250000002,9.0,2.0,0.0,0.5,1,0.5599941079103712,Medium Risk
C101489,704,2,28584.419,14292.209499999999,7.0,2.0,0.0,0.5,1,0.5599545589566925,Medium Risk
C114958,41,2,56994.04400000001,28497.022000000004,12.0,4.0,0.0,0.5,0,0.5599432626262039,Medium Risk
C103278,288,2,22695.214,11347.607,9.0,2.0,0.0,0.5,1,0.5599297022343311,Medium Risk
C107004,350,3,79621.55,26540.516666666674,7.0,3.0,0.0,0.0,1,0.5599220592178941,Medium Risk
C106303,24,2,62777.153,31388.5765,12.0,3.0,0.0,1.0,0,0.5598957975408808,Medium Risk
C103071,91,3,113769.64,37923.21333333333,7.0,2.0,0.0,0.0,1,0.5598889275157147,Medium Risk
C109712,45,2,64806.6,32403.300000000003,11.0,2.0,1.0,1.0,0,0.5598400321965503,Medium Risk
C104629,58,2,68128.29999999999,34064.149999999994,12.0,4.0,0.0,0.0,0,0.5598310334170313,Medium Risk
C105808,268,2,31581.828499999996,15790.914249999998,10.0,1.0,0.0,1.0,1,0.5598078188063323,Medium Risk
C103415,244,2,49226.38249999999,24613.191249999996,5.0,1.0,1.0,0.5,1,0.5597896748690009,Medium Risk
C103234,209,2,33207.279,16603.6395,4.0,1.0,0.0,1.0,1,0.5597602077585616,Medium Risk
C109452,17,2,22428.282000000003,11214.141000000001,12.0,3.0,0.0,0.5,0,0.5597272608311942,Medium Risk
C105957,13,2,22921.504,11460.752,9.0,1.0,0.0,0.5,0,0.5597214280126912,Medium Risk
C113863,170,2,27400.763,13700.3815,10.0,4.0,0.0,0.5,1,0.5596746559000852,Medium Risk
C114086,518,2,20897.108,10448.554,5.0,1.0,0.0,0.5,1,0.5596158549184199,Medium Risk
C102303,122,3,71529.14,23843.046666666665,8.0,4.0,2.0,0.0,1,0.5596012032299678,Medium Risk
C104526,383,2,52096.7735,26048.386749999998,6.0,5.0,0.0,1.0,1,0.5595939481437922,Medium Risk
C114540,67,2,49110.809,24555.4045,10.0,3.0,0.0,0.5,0,0.5595911038695117,Medium Risk
C104228,931,2,15234.9995,7617.49975,9.0,1.0,0.0,0.5,1,0.5595530347354055,Medium Risk
C100792,334,3,55663.645000000004,18554.548333333336,9.0,6.0,0.0,0.6666666666666666,1,0.5595245710801026,Medium Risk
C106631,138,2,47447.746,23723.873,17.0,2.0,0.0,0.5,1,0.5595059560062272,Medium Risk
C114651,93,2,38418.768,19209.384,5.0,1.0,1.0,1.0,1,0.5594962887562831,Medium Risk
C102000,9,2,39445.103500000005,19722.551750000002,5.0,1.0,0.0,1.0,0,0.5594602908413974,Medium Risk
C107275,154,3,64752.871999999996,21584.290666666668,8.0,3.0,2.0,0.6666666666666666,1,0.5594551511213232,Medium Risk
C110218,185,2,19279.243,9639.621500000001,8.0,3.0,0.0,0.5,1,0.5594395518698146,Medium Risk
C104869,46,2,73182.78,36591.39,6.0,2.0,0.0,1.0,0,0.5594389847776889,Medium Risk
C112051,117,2,52492.888,26246.443999999996,7.0,2.0,0.0,0.5,1,0.5593566410378263,Medium Risk
C110748,75,2,69777.344,34888.672,12.0,3.0,0.0,0.5,0,0.5593201073034053,Medium Risk
C114479,311,3,75266.70000000001,25088.899999999998,10.0,3.0,0.0,1.0,1,0.5592641066471906,Medium Risk
C105221,8,2,22454.0075,11227.00375,13.0,2.0,0.0,0.5,0,0.5591663393574248,Medium Risk
C103472,143,2,20071.612,10035.806,9.0,2.0,1.0,0.5,1,0.559098756333041,Medium Risk
C107490,55,2,53882.816,26941.408,12.0,3.0,0.0,0.5,0,0.5590077648356523,Medium Risk
C102523,91,3,85310.516,28436.838666666667,8.0,5.0,0.0,0.6666666666666666,1,0.5589827199607322,Medium Risk
C114654,123,2,28399.917999999998,14199.958999999999,8.0,1.0,0.0,0.5,1,0.5589661008405169,Medium Risk
C113383,581,2,23732.447,11866.2235,8.0,2.0,0.0,0.5,1,0.5589646062688406,Medium Risk
C110658,844,3,70190.44,23396.813333333335,8.0,0.0,1.0,1.0,1,0.5589543462520961,Medium Risk
C114623,428,2,12852.173,6426.0865,7.0,1.0,1.0,1.0,1,0.5589377636930486,Medium Risk
C113398,469,2,10760.018,5380.009,8.0,0.0,0.0,0.5,1,0.5589088176865604,Medium Risk
C103127,64,2,49977.818499999994,24988.909249999997,6.0,3.0,0.0,1.0,0,0.5588965604646391,Medium Risk
C109250,87,2,52135.436,26067.718,9.0,2.0,0.0,0.5,0,0.5588836571475987,Medium Risk
C110600,244,3,78958.671,26319.557,10.0,4.0,1.0,0.6666666666666666,1,0.558883011192752,Medium Risk
C103369,50,2,52477.128,26238.564000000002,7.0,2.0,0.0,0.5,0,0.5588214307819491,Medium Risk
C105943,195,2,13371.0885,6685.54425,9.0,2.0,0.0,1.0,1,0.5587924345579351,Medium Risk
C114641,124,2,35310.836,17655.417999999998,6.0,1.0,0.0,1.0,1,0.5587260300169627,Medium Risk
C101840,62,2,42978.687999999995,21489.344,10.0,2.0,0.0,0.5,0,0.5586823972908408,Medium Risk
C103364,434,3,79906.66,26635.553333333333,6.0,4.0,0.0,0.3333333333333333,1,0.5586812882451938,Medium Risk
C110640,431,3,124153.493,41384.49766666667,5.0,1.0,2.0,0.3333333333333333,1,0.5586712112726285,Medium Risk
C109764,464,2,48263.124,24131.561999999998,11.0,5.0,1.0,1.0,1,0.5586704230655584,Medium Risk
C100123,78,2,48284.130000000005,24142.065,10.0,6.0,1.0,0.5,0,0.5586069945161781,Medium Risk
C114964,76,2,78964.018,39482.009000000005,11.0,2.0,0.0,0.5,0,0.5585978410065406,Medium Risk
C104917,15,2,44695.17,22347.585,8.0,0.0,0.0,0.0,0,0.558592239964377,Medium Risk
C105066,106,2,22949.8,11474.9,4.0,2.0,0.0,0.0,1,0.5585723802513861,Medium Risk
C102114,66,2,52311.94,26155.97,6.0,0.0,0.0,0.0,0,0.5585575612568018,Medium Risk
C108026,252,2,52055.417,26027.7085,4.0,0.0,1.0,0.5,1,0.5585547379515264,Medium Risk
C109115,5,2,26951.697500000002,13475.848750000001,11.0,5.0,0.0,0.5,0,0.5585357479681896,Medium Risk
C109353,420,3,29415.920000000002,9805.306666666667,9.0,1.0,0.0,0.0,1,0.558534119809488,Medium Risk
C113032,182,2,21666.5435,10833.27175,9.0,2.0,0.0,0.5,1,0.5585103538050004,Medium Risk
C101308,612,2,41777.0,20888.5,10.0,3.0,0.0,1.0,1,0.5584734692126994,Medium Risk
C111811,55,2,41891.559,20945.7795,10.0,3.0,0.0,1.0,0,0.5584734692126994,Medium Risk
C110876,412,2,48332.615,24166.3075,15.0,3.0,1.0,0.5,1,0.5584291340186046,Medium Risk
C114335,384,2,35553.32,17776.66,8.0,3.0,1.0,0.0,1,0.5584271790960947,Medium Risk
C111133,207,2,22279.482000000004,11139.741000000002,8.0,3.0,0.0,0.5,1,0.5584047206383035,Medium Risk
C101024,291,2,14172.6595,7086.32975,8.0,3.0,0.0,0.5,1,0.5583646543429275,Medium Risk
C112595,500,2,17963.3645,8981.68225,9.0,1.0,0.0,0.5,1,0.5583133410900648,Medium Risk
C107208,565,2,19192.442,9596.221,7.0,2.0,0.0,0.5,1,0.5583078876704941,Medium Risk
C114011,163,3,83078.16,27692.72,11.0,5.0,0.0,0.0,1,0.5581315487669912,Medium Risk
C104230,92,2,26712.114999999998,13356.057499999999,8.0,1.0,1.0,1.0,1,0.5580863920353223,Medium Risk
C108266,40,2,21754.199,10877.0995,10.0,1.0,0.0,0.5,0,0.5580656452111382,Medium Risk
C100363,439,2,24078.597,12039.2985,6.0,0.0,0.0,0.5,1,0.5580577736563739,Medium Risk
C109673,0,2,22225.828,11112.914,9.0,2.0,0.0,0.5,0,0.5580257603410186,Medium Risk
C105054,411,2,39581.263,19790.631500000003,8.0,2.0,0.0,1.0,1,0.5579025615901917,Medium Risk
C100580,149,2,30044.42,15022.21,11.0,2.0,0.0,0.0,1,0.5578870059746345,Medium Risk
C105438,150,3,79525.156,26508.385333333335,10.0,4.0,0.0,0.3333333333333333,1,0.5578859586097078,Medium Risk
C100040,382,2,59652.902,29826.451,13.0,3.0,0.0,0.5,1,0.557870111335133,Medium Risk
C110509,131,3,123555.7825,41185.260833333334,11.0,4.0,2.0,0.6666666666666666,1,0.5578507161199485,Medium Risk
C104905,258,2,12053.271,6026.6355,10.0,4.0,0.0,0.5,1,0.5578426989845291,Medium Risk
C100482,257,2,26200.2975,13100.14875,9.0,3.0,1.0,1.0,1,0.5578020926165821,Medium Risk
C110004,141,2,48816.1955,24408.09775,5.0,1.0,1.0,0.5,1,0.5577951963250264,Medium Risk
C109555,12,2,37899.4295,18949.71475,12.0,3.0,1.0,1.0,0,0.5577834833956624,Medium Risk
C109134,230,3,77981.065,25993.688333333335,7.0,0.0,1.0,1.0,1,0.5577563633533458,Medium Risk
C105531,2,2,44578.6685,22289.33425,9.0,3.0,0.0,0.5,0,0.5577024279255491,Medium Risk
C103065,297,2,48387.108,24193.554,6.0,1.0,0.0,0.5,1,0.5576732633471294,Medium Risk
C103918,306,2,44816.19,22408.095,9.0,3.0,1.0,0.5,1,0.5576460670264661,Medium Risk
C101267,159,2,17682.427499999998,8841.213749999999,11.0,3.0,0.0,0.5,1,0.5575774810982677,Medium Risk
C101925,293,2,39412.28,19706.14,12.0,2.0,0.0,0.0,1,0.5575449501991837,Medium Risk
C107913,107,2,49033.263,24516.6315,7.0,3.0,0.0,0.5,1,0.5574589193879271,Medium Risk
C102958,560,2,63933.1265,31966.56325,10.0,4.0,0.0,1.0,1,0.55740628362795,Medium Risk
C109820,47,2,85562.569,42781.284499999994,4.0,2.0,0.0,0.5,0,0.5574045390711233,Medium Risk
C111890,83,2,26484.768,13242.384,6.0,0.0,0.0,0.5,0,0.5573522239414009,Medium Risk
C110127,6,2,57432.995,28716.4975,12.0,4.0,0.0,0.5,0,0.5572747279208982,Medium Risk
C101625,188,2,46597.222,23298.611,8.0,2.0,1.0,0.5,1,0.5572709305633992,Medium Risk
C109705,155,2,19996.392,9998.196,10.0,2.0,0.0,0.5,1,0.5572095964784974,Medium Risk
C111269,111,2,28715.9015,14357.95075,7.0,1.0,0.0,0.5,1,0.5572076405578293,Medium Risk
C108360,8,2,62494.36,31247.18,12.0,3.0,1.0,0.0,0,0.5571730484480041,Medium Risk
C113391,8,2,52153.634999999995,26076.817499999997,7.0,3.0,1.0,0.5,0,0.5570955508101729,Medium Risk
C108382,71,2,39035.174999999996,19517.587499999998,4.0,1.0,0.0,1.0,0,0.5570670291303713,Medium Risk
C104530,62,2,39903.146499999995,19951.573249999998,10.0,2.0,0.0,1.0,0,0.5570318699480061,Medium Risk
C111696,120,2,37239.794,18619.897,7.0,1.0,0.0,1.0,1,0.5569930894748579,Medium Risk
C100795,447,2,25231.2305,12615.615249999999,5.0,0.0,0.0,1.0,1,0.556951718408045,Medium Risk
C110881,51,2,32093.45,16046.725,11.0,5.0,0.0,0.0,0,0.5569161728049005,Medium Risk
C112846,287,2,26802.7325,13401.36625,4.0,1.0,0.0,1.0,1,0.5568365992223215,Medium Risk
C113534,20,3,83712.868,27904.28933333333,11.0,5.0,0.0,0.3333333333333333,0,0.5568013941863464,Medium Risk
C100844,67,2,12483.094000000001,6241.5470000000005,9.0,2.0,0.0,0.5,0,0.55673918529157,Medium Risk
C113819,111,3,76675.6895,25558.563166666663,9.0,5.0,1.0,1.0,1,0.5567327055438113,Medium Risk
C112044,314,2,21502.4765,10751.23825,13.0,3.0,0.0,0.5,1,0.5567154268260673,Medium Risk
C100839,37,2,12840.2315,6420.11575,10.0,5.0,0.0,0.5,0,0.55668460291283,Medium Risk
C102420,62,2,49231.6275,24615.81375,14.0,4.0,0.0,1.0,0,0.5566605584456892,Medium Risk
C101261,126,2,42600.1205,21300.06025,7.0,1.0,1.0,0.5,1,0.5566421941914791,Medium Risk
C113092,71,2,103586.73500000002,51793.36750000001,8.0,4.0,0.0,1.0,0,0.5565538426066834,Medium Risk
C102750,75,2,51633.584500000004,25816.792250000002,8.0,2.0,0.0,0.5,0,0.5564289173649708,Medium Risk
C100666,121,2,25249.419,12624.709499999999,9.0,3.0,2.0,1.0,1,0.5563839496376285,Medium Risk
C111206,104,2,21399.627,10699.8135,8.0,0.0,0.0,0.5,1,0.5563650150266217,Medium Risk
C105620,156,2,12845.757499999998,6422.878749999999,12.0,3.0,0.0,0.5,1,0.5563409747967033,Medium Risk
C104890,482,2,45372.393,22686.1965,15.0,4.0,1.0,0.5,1,0.556334632692767,Medium Risk
C110834,83,2,38529.217,19264.6085,10.0,5.0,0.0,0.5,0,0.5563329841408778,Medium Risk
C107947,187,3,61544.8865,20514.962166666668,8.0,7.0,1.0,1.0,1,0.5562709733959613,Medium Risk
C105236,15,2,18529.566,9264.783,8.0,2.0,0.0,0.5,0,0.5561838892122362,Medium Risk
C104136,11,2,29312.273,14656.1365,9.0,2.0,0.0,0.5,0,0.5561008492218252,Medium Risk
C100819,302,2,13262.988,6631.494,9.0,1.0,0.0,1.0,1,0.5560728513520266,Medium Risk
C111819,432,2,37294.83,18647.415,7.0,2.0,1.0,0.0,1,0.5560369106536553,Medium Risk
C108851,3,2,63697.316999999995,31848.658499999998,7.0,2.0,0.0,1.0,0,0.5560364298998588,Medium Risk
C109172,4,2,56756.229,28378.1145,12.0,3.0,0.0,0.5,0,0.5559926303754529,Medium Risk
C109862,14,2,9467.055499999999,4733.527749999999,10.0,1.0,0.0,1.0,0,0.5559848139878438,Medium Risk
C104809,346,2,27693.02,13846.51,9.0,5.0,1.0,0.5,1,0.5559090678063863,Medium Risk
C113228,134,2,47421.448,23710.724,9.0,3.0,1.0,0.5,1,0.5558844330643479,Medium Risk
C102667,58,2,13826.585,6913.2925,8.0,1.0,0.0,1.0,0,0.5558650555697277,Medium Risk
C106322,18,2,40811.44500000001,20405.722500000003,10.0,3.0,0.0,1.0,0,0.5558451055849815,Medium Risk
C107772,180,3,79940.046,26646.682,10.0,3.0,0.0,0.6666666666666666,1,0.555841576208427,Medium Risk
C113405,83,2,52168.764,26084.381999999998,10.0,3.0,0.0,0.5,0,0.5557825498340279,Medium Risk
C108795,130,2,35812.629,17906.3145,5.0,1.0,0.0,1.0,1,0.5557733587158507,Medium Risk
C105916,31,2,16485.867000000002,8242.933500000001,7.0,3.0,0.0,0.5,0,0.5557637863095523,Medium Risk
C104575,122,2,28640.440499999997,14320.220249999998,10.0,3.0,0.0,0.5,1,0.5556443433656701,Medium Risk
C107210,234,3,70664.149,23554.716333333334,11.0,3.0,1.0,0.6666666666666666,1,0.5556381099578012,Medium Risk
C110452,453,2,24072.011,12036.0055,4.0,0.0,0.0,0.5,1,0.5556290545691883,Medium Risk
C100241,91,2,77898.789,38949.394499999995,8.0,2.0,0.0,1.0,1,0.5556036087036715,Medium Risk
C110864,55,2,49983.81,24991.905,12.0,5.0,1.0,0.5,0,0.5555614277908854,Medium Risk
C107229,143,3,60808.6775,20269.559166666666,11.0,3.0,1.0,1.0,1,0.5555332705748045,Medium Risk
C113633,3,2,49536.58,24768.29,6.0,4.0,0.0,0.0,0,0.5554960610452635,Medium Risk
C102627,19,2,45042.373999999996,22521.186999999998,10.0,2.0,0.0,0.5,0,0.5554780862328075,Medium Risk
C108324,117,2,41970.569,20985.2845,6.0,2.0,1.0,1.0,1,0.555466782634831,Medium Risk
C106485,71,2,40778.628,20389.314,8.0,3.0,1.0,1.0,0,0.5554461020540257,Medium Risk
C113557,232,2,40778.559,20389.2795,8.0,3.0,1.0,1.0,1,0.5554461020540257,Medium Risk
C106999,70,2,29312.192,14656.096,14.0,2.0,0.0,1.0,0,0.5554445516948533,Medium Risk
C113481,147,2,34764.3,17382.149999999998,8.0,2.0,0.0,0.0,1,0.5553530241075338,Medium Risk
C112752,151,3,70372.58,23457.52666666667,11.0,3.0,0.0,0.0,1,0.5553483145949403,Medium Risk
C112929,101,2,49394.52799999999,24697.264,5.0,0.0,0.0,0.5,1,0.5551946045688192,Medium Risk
C108284,504,2,21624.275999999998,10812.137999999999,11.0,2.0,0.0,0.5,1,0.5551524680809016,Medium Risk
C101877,18,2,48860.877499999995,24430.438749999998,7.0,2.0,1.0,0.5,0,0.5551056067139616,Medium Risk
C109470,288,3,79367.0105,26455.670166666667,6.0,1.0,0.0,1.0,1,0.5550432353579281,Medium Risk
C102928,69,2,35560.744000000006,17780.372000000003,5.0,1.0,0.0,1.0,0,0.5550341813346891,Medium Risk
C100970,613,2,39468.038,19734.019,9.0,2.0,1.0,0.5,1,0.5550317140032297,Medium Risk
C112060,36,2,47297.88,23648.940000000002,9.0,0.0,1.0,0.5,0,0.5550075139839248,Medium Risk
C102422,11,3,80118.875,26706.291666666668,6.0,3.0,0.0,0.3333333333333333,0,0.5548892522529489,Medium Risk
C105419,297,2,35076.590000000004,17538.295000000002,5.0,1.0,1.0,0.0,1,0.5548608553109208,Medium Risk
C101061,469,2,15474.6,7737.3,11.0,2.0,0.0,0.5,1,0.5548408527872466,Medium Risk
C100675,114,2,29495.756000000005,14747.878,10.0,1.0,0.0,0.5,1,0.5548238100090915,Medium Risk
C107842,368,2,28841.58,14420.79,7.0,2.0,0.0,0.5,1,0.5547768442255979,Medium Risk
C105599,108,3,71474.2795,23824.759833333334,9.0,4.0,0.0,0.6666666666666666,1,0.5547573645549796,Medium Risk
C104211,94,2,51453.1915,25726.595749999997,12.0,2.0,1.0,0.5,1,0.5547036138980299,Medium Risk
C104908,281,2,15460.341499999999,7730.170749999999,9.0,3.0,0.0,0.5,1,0.5547010604384265,Medium Risk
C113478,62,2,69208.5385,34604.26925,9.0,3.0,0.0,1.0,0,0.5546882479826724,Medium Risk
C112891,13,2,52698.604,26349.302,14.0,3.0,0.0,0.5,0,0.5546667931195898,Medium Risk
C114584,678,2,50675.575,25337.787500000002,7.0,2.0,0.0,0.5,1,0.5546103716854452,Medium Risk
C100275,85,2,38664.8705,19332.43525,5.0,2.0,0.0,1.0,0,0.5545786162316609,Medium Risk
C104321,74,2,12212.601,6106.3005,9.0,3.0,0.0,1.0,0,0.5545636529751792,Medium Risk
C112453,291,3,62916.090000000004,20972.030000000002,11.0,6.0,0.0,0.0,1,0.5544534100056854,Medium Risk
C101509,131,3,81076.896,27025.631999999998,2.0,1.0,1.0,1.0,1,0.554445937413503,Medium Risk
C101485,213,2,86536.16,43268.079999999994,7.0,1.0,0.0,0.0,1,0.5544327149283351,Medium Risk
C101133,428,3,66420.417,22140.139,8.0,5.0,0.0,0.6666666666666666,1,0.5543929307125937,Medium Risk
C102959,1,3,70358.97,23452.99,9.0,3.0,2.0,0.6666666666666666,0,0.5543542995693069,Medium Risk
C111205,383,2,40493.348000000005,20246.674000000003,4.0,1.0,1.0,0.5,1,0.5543380546244385,Medium Risk
C100093,428,2,86876.326,43438.163,8.0,1.0,0.0,1.0,1,0.5543147555013703,Medium Risk
C112642,1,2,18144.664,9072.332,8.0,1.0,0.0,0.5,0,0.5543084629159132,Medium Risk
C105022,174,2,33207.0095,16603.50475,4.0,2.0,0.0,1.0,1,0.5543060291919131,Medium Risk
C103296,35,2,75280.911,37640.4555,4.0,0.0,0.0,0.5,0,0.5542703568542049,Medium Risk
C106910,584,2,31595.060499999996,15797.53025,7.0,1.0,0.0,1.0,1,0.5542442827813854,Medium Risk
C110372,157,2,33374.76,16687.38,7.0,2.0,2.0,0.0,1,0.5541968569730404,Medium Risk
C102126,144,2,39228.753,19614.3765,9.0,2.0,0.0,0.5,1,0.5541442866110675,Medium Risk
C106169,320,3,65581.3685,21860.456166666667,8.0,2.0,1.0,0.6666666666666666,1,0.554110020703365,Medium Risk
C104899,262,2,23295.36,11647.68,11.0,3.0,0.0,0.5,1,0.5540603821172024,Medium Risk
C108087,112,2,23359.31,11679.655,9.0,1.0,0.0,0.5,1,0.5540482439106669,Medium Risk
C108793,267,2,47492.0135,23746.00675,6.0,2.0,1.0,0.5,1,0.5539726857207158,Medium Risk
C112066,67,2,18377.824,9188.912,9.0,1.0,0.0,0.5,0,0.5539521875719826,Medium Risk
C109116,108,2,37073.804000000004,18536.902000000002,11.0,5.0,0.0,0.5,1,0.5539372702563062,Medium Risk
C109552,144,2,87088.4725,43544.23625,7.0,2.0,0.0,0.5,1,0.5539285330202256,Medium Risk
C110657,462,2,82364.21549999999,41182.10775,8.0,0.0,0.0,1.0,1,0.553915507136109,Medium Risk
C107801,270,3,75575.4,25191.800000000003,7.0,2.0,0.0,0.0,1,0.5539122935962568,Medium Risk
C114455,597,2,39287.22,19643.61,8.0,1.0,0.0,0.5,1,0.5538719891537537,Medium Risk
C103082,11,2,36949.2005,18474.60025,4.0,1.0,1.0,1.0,0,0.5538667101409128,Medium Risk
C105926,22,2,28264.506,14132.253,10.0,3.0,1.0,0.5,0,0.5538654029765046,Medium Risk
C114671,19,2,86322.78,43161.39,9.0,4.0,0.0,0.0,0,0.5537934193831778,Medium Risk
C101398,167,2,17642.806,8821.403,7.0,3.0,0.0,0.5,1,0.5537861526227901,Medium Risk
C109672,43,3,79873.0715,26624.357166666665,6.0,0.0,0.0,0.3333333333333333,0,0.5537417755212417,Medium Risk
C103534,144,3,83556.78199999999,27852.26066666667,8.0,4.0,0.0,0.3333333333333333,1,0.5537199784438462,Medium Risk
C110975,37,2,35466.672999999995,17733.336499999998,9.0,1.0,1.0,1.0,0,0.5535075510190826,Medium Risk
C101551,45,1,2086.84,2086.84,16.0,6.0,0.0,1.0,0,0.5534186402708332,Medium Risk
C110280,256,2,19785.3455,9892.67275,11.0,1.0,0.0,0.5,1,0.5534056688535373,Medium Risk
C107216,112,2,28598.216,14299.108,8.0,2.0,1.0,0.5,1,0.553370365931098,Medium Risk
C100516,80,2,18035.4045,9017.70225,9.0,3.0,0.0,0.5,0,0.5533678678546275,Medium Risk
C112589,8,2,49543.6755,24771.83775,9.0,1.0,1.0,0.5,0,0.553158180135573,Medium Risk
C111571,132,2,39177.56,19588.780000000002,6.0,1.0,0.0,1.0,1,0.5531427019138968,Medium Risk
C110838,50,2,23075.34,11537.67,6.0,0.0,0.0,0.0,0,0.5531260500449835,Medium Risk
C112416,-1,2,21603.057,10801.5285,8.0,0.0,0.0,0.5,0,0.5531162424392873,Medium Risk
C114419,16,2,13773.504,6886.752,6.0,3.0,0.0,1.0,0,0.5530918851655058,Medium Risk
C107752,323,3,75539.781,25179.926999999996,10.0,5.0,0.0,0.6666666666666666,1,0.5530723933914728,Medium Risk
C114514,42,2,39428.8365,19714.41825,4.0,1.0,0.0,0.5,0,0.5530316843407899,Medium Risk
C110283,182,2,36948.8155,18474.40775,11.0,5.0,0.0,0.5,1,0.5530194388389698,Medium Risk
C108642,22,2,50186.889,25093.4445,9.0,4.0,0.0,1.0,0,0.5530148544523094,Medium Risk
C109245,3,2,11595.638,5797.819,5.0,2.0,0.0,1.0,0,0.5529558986404158,Medium Risk
C102531,12,2,14712.9095,7356.45475,17.0,3.0,0.0,1.0,0,0.5529305304896319,Medium Risk
C107456,200,2,35236.393,17618.1965,6.0,1.0,1.0,1.0,1,0.5528550759925495,Medium Risk
C109898,68,2,24224.972,12112.486,5.0,1.0,0.0,0.5,0,0.5528348486644785,Medium Risk
C103952,21,2,12035.086,6017.543000000001,11.0,3.0,0.0,1.0,0,0.5527528528292591,Medium Risk
C101838,2,2,10763.5085,5381.75425,11.0,5.0,0.0,0.5,0,0.5527071432645995,Medium Risk
C105704,49,2,32255.995000000003,16127.997500000001,11.0,2.0,0.0,1.0,0,0.5526958330439922,Medium Risk
C109319,81,2,21424.699,10712.3495,11.0,3.0,0.0,0.5,0,0.5526289556733879,Medium Risk
C114961,282,2,25187.554500000002,12593.777250000001,6.0,2.0,1.0,1.0,1,0.5525780335167773,Medium Risk
C102584,11,2,68618.085,34309.0425,4.0,0.0,2.0,1.0,0,0.5525703531185453,Medium Risk
C105648,101,2,37982.862,18991.431,6.0,2.0,0.0,1.0,1,0.5525417687507788,Medium Risk
C100576,46,2,112904.89600000001,56452.448000000004,5.0,1.0,1.0,0.5,0,0.5524423315086,Medium Risk
C110226,206,2,50428.674,25214.337,9.0,2.0,0.0,0.5,1,0.552287390302957,Medium Risk
C102541,26,2,20568.564,10284.282000000001,5.0,2.0,0.0,1.0,0,0.5522393023739838,Medium Risk
C102749,230,2,13763.885,6881.9425,10.0,3.0,0.0,0.5,1,0.5522333227088884,Medium Risk
C104414,323,3,52391.253000000004,17463.751,12.0,6.0,1.0,0.6666666666666666,1,0.5521832353034758,Medium Risk
C104455,408,2,35093.54,17546.770000000004,13.0,3.0,0.0,0.0,1,0.5521225580429102,Medium Risk
C105443,154,2,33489.378,16744.689,5.0,0.0,0.0,1.0,1,0.5520853158087928,Medium Risk
C110521,6,3,83435.544,27811.847999999998,8.0,3.0,0.0,0.3333333333333333,0,0.5520787249338108,Medium Risk
C104402,129,2,28321.4455,14160.72275,5.0,2.0,0.0,0.5,1,0.5519917172353195,Medium Risk
C105911,56,2,70634.2725,35317.13625,7.0,3.0,0.0,1.0,0,0.5518770069965356,Medium Risk
C100183,134,3,100958.95,33652.98333333334,8.0,2.0,0.0,0.0,1,0.5518689744663494,Medium Risk
C113260,99,2,39767.353,19883.6765,9.0,1.0,0.0,0.5,1,0.5518476952586746,Medium Risk
C114565,18,2,64741.042499999996,32370.52125,2.0,1.0,1.0,1.0,0,0.5518337741493942,Medium Risk
C102974,-1,2,27995.65,13997.825,4.0,0.0,1.0,0.0,0,0.55171959658743,Medium Risk
C112773,46,2,44210.7,22105.35,10.0,3.0,2.0,0.0,0,0.5517159532537854,Medium Risk
C107961,87,2,35297.214,17648.607,5.0,0.0,0.0,1.0,0,0.5517061847577908,Medium Risk
C101306,104,3,27982.9495,9327.649833333335,12.0,3.0,0.0,0.3333333333333333,1,0.5516875347999574,Medium Risk
C101333,99,2,48639.323,24319.6615,6.0,2.0,0.0,0.5,1,0.5516172553729187,Medium Risk
C110970,80,3,65463.797999999995,21821.266,9.0,2.0,1.0,0.6666666666666666,0,0.5516054904233328,Medium Risk
C111153,513,3,89093.18000000001,29697.72666666667,9.0,2.0,2.0,0.0,1,0.5515982964325541,Medium Risk
C114491,7,2,41767.4445,20883.72225,7.0,3.0,1.0,1.0,0,0.5514962436662967,Medium Risk
C106377,674,2,21725.777,10862.8885,8.0,3.0,1.0,0.5,1,0.5514664457195744,Medium Risk
C112965,46,2,41034.72,20517.36,5.0,1.0,1.0,1.0,0,0.551329891993665,Medium Risk
C113212,5,2,18799.285,9399.6425,7.0,1.0,0.0,0.5,0,0.5512894912610569,Medium Risk
C108091,36,2,45244.209,22622.1045,8.0,2.0,0.0,0.5,0,0.551287333225211,Medium Risk
C105930,258,2,34214.727,17107.3635,6.0,2.0,0.0,1.0,1,0.5512298103791207,Medium Risk
C102490,99,3,69097.7845,23032.594833333336,6.0,2.0,3.0,1.0,1,0.5511252345635347,Medium Risk
C101090,19,3,70489.024,23496.341333333334,10.0,2.0,0.0,0.6666666666666666,0,0.5511240859958687,Medium Risk
C109119,205,2,9669.435,4834.7175,7.0,3.0,0.0,0.5,1,0.551029921521794,Medium Risk
C108015,19,2,74961.916,37480.958,11.0,3.0,0.0,1.0,0,0.5509840938301103,Medium Risk
C103775,178,2,49995.666000000005,24997.833,8.0,2.0,0.0,0.5,1,0.550917074435213,Medium Risk
C112796,179,2,14796.813999999998,7398.406999999999,11.0,4.0,0.0,0.5,1,0.5508312832014088,Medium Risk
C108418,30,2,23271.803,11635.9015,8.0,3.0,0.0,0.5,0,0.550803046370698,Medium Risk
C106298,79,2,7799.764499999999,3899.8822499999997,7.0,1.0,0.0,1.0,0,0.5508021933297256,Medium Risk
C109258,7,2,22055.018500000002,11027.509250000001,13.0,2.0,0.0,0.5,0,0.5507637644173773,Medium Risk
C100577,10,2,27192.132,13596.066,13.0,7.0,1.0,0.5,0,0.5507414311573694,Medium Risk
C111138,199,2,66809.579,33404.7895,11.0,4.0,0.0,1.0,1,0.5507173968024277,Medium Risk
C106468,4,2,50759.810000000005,25379.905000000002,6.0,2.0,0.0,0.5,0,0.5506563156024186,Medium Risk
C111968,104,2,42279.8955,21139.94775,5.0,2.0,0.0,1.0,1,0.5506513758216554,Medium Risk
C112171,188,3,70134.9105,23378.303499999998,7.0,0.0,0.0,1.0,1,0.5506498103769629,Medium Risk
C113057,15,2,42247.098,21123.549,9.0,1.0,0.0,1.0,0,0.5506059041286793,Medium Risk
C114787,112,2,45338.425,22669.2125,13.0,4.0,1.0,1.0,1,0.5505830005131338,Medium Risk
C110468,211,2,39937.869999999995,19968.934999999998,8.0,2.0,0.0,0.5,1,0.5505249234927926,Medium Risk
C108062,451,2,16430.122,8215.061,9.0,4.0,0.0,0.5,1,0.5504797976635658,Medium Risk
C102463,374,2,24108.362999999998,12054.181499999999,8.0,4.0,1.0,0.5,1,0.5504668480690388,Medium Risk
C107093,106,3,16949.0475,5649.6825,3.0,2.0,0.0,0.6666666666666666,1,0.5504242723984224,Medium Risk
C103507,94,2,32070.712,16035.356,8.0,1.0,0.0,1.0,1,0.5503621445731409,Medium Risk
C110021,559,2,37137.864,18568.932,10.0,2.0,0.0,1.0,1,0.5503421566749257,Medium Risk
C104544,185,2,50037.384,25018.692000000003,8.0,3.0,0.0,0.5,1,0.5502499730549083,Medium Risk
C106598,264,2,47416.022,23708.011,11.0,4.0,1.0,0.5,1,0.5502427464259431,Medium Risk
C101950,142,2,27168.6965,13584.34825,7.0,3.0,1.0,1.0,1,0.550234405372111,Medium Risk
C112832,132,3,28385.412,9461.804,9.0,3.0,0.0,0.3333333333333333,1,0.5502062469788727,Medium Risk
C114258,319,2,64544.339499999995,32272.169749999997,9.0,3.0,1.0,1.0,1,0.5501386592039402,Medium Risk
C110420,74,2,93560.01,46780.005,5.0,2.0,1.0,0.0,0,0.5500444816990043,Medium Risk
C104082,263,2,29566.466,14783.233,13.0,3.0,0.0,0.5,1,0.5498998894562436,Medium Risk
C107567,8,2,19723.78,9861.89,9.0,3.0,0.0,0.5,0,0.549896197899158,Medium Risk
C101427,223,3,78570.79,26190.263333333332,9.0,2.0,0.0,0.3333333333333333,1,0.5498207315654814,Medium Risk
C100652,449,2,39989.78,19994.89,8.0,1.0,0.0,0.5,1,0.5497865976906965,Medium Risk
C102111,127,2,23139.874,11569.937,7.0,3.0,0.0,0.5,1,0.5497566609551705,Medium Risk
C110718,23,2,39837.936499999996,19918.968249999998,6.0,0.0,0.0,1.0,0,0.5496828869994055,Medium Risk
C107109,332,3,97443.874,32481.29133333333,9.0,2.0,3.0,0.3333333333333333,1,0.5495648875890892,Medium Risk
C105298,28,2,71163.3695,35581.68475,8.0,2.0,0.0,1.0,0,0.5494583063147013,Medium Risk
C102153,126,2,72447.92,36223.96,13.0,2.0,1.0,0.0,1,0.5493971816986056,Medium Risk
C109541,0,2,50155.38,25077.690000000002,11.0,5.0,1.0,1.0,0,0.5493935980841834,Medium Risk
C108564,211,2,39878.209,19939.1045,9.0,5.0,0.0,1.0,1,0.5493685513339127,Medium Risk
C103280,318,2,38793.52,19396.760000000002,11.0,2.0,0.0,0.5,1,0.5493280055593638,Medium Risk
C110543,397,2,32111.95,16055.975000000002,5.0,3.0,1.0,0.0,1,0.5492070513068613,Medium Risk
C102616,20,2,35534.2275,17767.11375,7.0,1.0,1.0,1.0,0,0.5491784535831055,Medium Risk
C101874,535,3,65584.27100000001,21861.42366666667,10.0,4.0,1.0,0.6666666666666666,1,0.5491653901045471,Medium Risk
C100187,832,2,11166.674,5583.337,6.0,1.0,0.0,0.5,1,0.5490780379081566,Medium Risk
C103666,185,2,28551.494,14275.747,6.0,2.0,0.0,0.5,1,0.5489644646758721,Medium Risk
C114205,25,3,73300.96549999999,24433.655166666664,9.0,2.0,0.0,1.0,0,0.5489640244332046,Medium Risk
C100557,47,2,37880.0785,18940.03925,7.0,2.0,0.0,1.0,0,0.548952225811494,Medium Risk
C103812,398,2,37933.524000000005,18966.762000000002,7.0,2.0,0.0,1.0,1,0.548952225811494,Medium Risk
C107931,278,3,71432.979,23810.993000000002,7.0,4.0,1.0,0.6666666666666666,1,0.5489248819441901,Medium Risk
C113159,208,2,21532.628,10766.314,11.0,3.0,1.0,0.5,1,0.5489106226956868,Medium Risk
C103186,429,2,34444.5795,17222.28975,9.0,1.0,0.0,1.0,1,0.5489039662016932,Medium Risk
C104466,104,2,25152.914000000004,12576.457000000002,3.0,1.0,0.0,1.0,1,0.5488976533552647,Medium Risk
C108871,2,2,28386.674000000003,14193.337000000001,12.0,2.0,1.0,1.0,0,0.548889434106397,Medium Risk
C112992,2,2,15638.283,7819.141500000001,11.0,1.0,0.0,0.5,0,0.548886830457347,Medium Risk
C110965,24,2,94182.49,47091.245,11.0,2.0,0.0,0.0,0,0.5488729006838727,Medium Risk
C110484,92,3,101184.06999999999,33728.02333333333,8.0,3.0,0.0,0.0,1,0.5488504804162335,Medium Risk
C113003,60,2,45818.829,22909.4145,11.0,4.0,0.0,0.5,0,0.5488421598485096,Medium Risk
C101863,63,2,45353.527,22676.7635,10.0,3.0,0.0,0.5,0,0.5488159534714268,Medium Risk
C100238,11,2,45227.992,22613.996,10.0,3.0,0.0,0.5,0,0.5488159534714268,Medium Risk
C106501,51,3,28369.66,9456.553333333333,12.0,1.0,0.0,0.3333333333333333,0,0.5487548900929883,Medium Risk
C103348,61,2,14068.724000000002,7034.362000000001,11.0,3.0,0.0,0.5,0,0.5486544676737709,Medium Risk
C101859,305,2,38720.520000000004,19360.260000000002,11.0,3.0,1.0,0.5,1,0.5486428687988427,Medium Risk
C108009,241,2,34292.7145,17146.357249999997,5.0,2.0,0.0,1.0,1,0.5486191516044753,Medium Risk
C114594,27,2,28418.21,14209.105,12.0,4.0,0.0,0.0,0,0.5485323029506889,Medium Risk
C108198,35,2,22821.544,11410.772,7.0,2.0,0.0,0.5,0,0.5485212498056916,Medium Risk
C112906,93,3,17627.483,5875.827666666667,6.0,1.0,0.0,1.0,1,0.5485119552521875,Medium Risk
C114216,135,3,20802.167999999998,6934.056,5.0,2.0,1.0,1.0,1,0.5484985427080649,Medium Risk
C101146,267,2,32085.971999999998,16042.985999999999,5.0,3.0,1.0,1.0,1,0.5484455595405505,Medium Risk
C107753,10,2,21637.218,10818.609,11.0,5.0,0.0,0.5,0,0.5483310092077717,Medium Risk
C106335,153,2,35654.2015,17827.10075,12.0,6.0,0.0,0.5,1,0.5482904466324814,Medium Risk
C106503,89,3,73797.081,24599.027,9.0,5.0,0.0,0.6666666666666666,0,0.5482482804739689,Medium Risk
C108487,121,3,70541.058,23513.686,9.0,0.0,1.0,0.6666666666666666,1,0.548220781892529,Medium Risk
C113457,17,2,20952.4925,10476.246249999998,7.0,2.0,0.0,1.0,0,0.5481858137834288,Medium Risk
C112887,68,3,119083.45999999999,39694.486666666664,5.0,1.0,0.0,0.0,0,0.5481315986033576,Medium Risk
C102084,-1,2,53072.255,26536.1275,3.0,0.0,0.0,0.5,0,0.5480954470670224,Medium Risk
C103752,496,3,116155.006,38718.335333333336,13.0,5.0,2.0,0.6666666666666666,1,0.5480452595147587,Medium Risk
C101063,194,2,39193.577000000005,19596.7885,7.0,1.0,0.0,0.5,1,0.5480443975507865,Medium Risk
C107701,184,3,95068.36349999999,31689.454500000003,12.0,2.0,2.0,0.6666666666666666,1,0.5480416854418474,Medium Risk
C102113,117,3,72118.5085,24039.502833333332,8.0,3.0,1.0,0.6666666666666666,1,0.5479809718930355,Medium Risk
C102336,57,2,39730.027,19865.0135,11.0,1.0,0.0,0.5,0,0.5479141031351525,Medium Risk
C114372,97,3,57003.724,19001.241333333335,12.0,5.0,1.0,0.6666666666666666,1,0.5479064244140133,Medium Risk
C113700,38,1,0.0,0.0,4.0,1.0,1.0,1.0,0,0.5478912129280835,Medium Risk
C108064,536,2,33374.241,16687.1205,5.0,2.0,0.0,1.0,1,0.5478817500862726,Medium Risk
C100136,17,2,37132.92,18566.46,5.0,2.0,0.0,1.0,0,0.547811589634281,Medium Risk
C112243,49,2,36515.6275,18257.81375,10.0,2.0,0.0,1.0,0,0.547767388589229,Medium Risk
C113037,222,2,11423.9355,5711.96775,5.0,1.0,0.0,0.5,1,0.5476270869138888,Medium Risk
C110492,98,3,27670.491,9223.497000000001,6.0,1.0,0.0,1.0,1,0.5475886721276927,Medium Risk
C109765,579,2,39338.388,19669.194,8.0,3.0,0.0,0.5,1,0.5475405032921362,Medium Risk
C107578,42,2,23300.002,11650.001,9.0,2.0,1.0,0.5,0,0.5474650028607924,Medium Risk
C108782,4,2,51221.134,25610.567,6.0,3.0,1.0,0.5,0,0.5474612596171411,Medium Risk
C100252,351,2,11996.35,5998.175,10.0,2.0,1.0,0.5,1,0.5474304743798138,Medium Risk
C111011,100,2,49765.45199999999,24882.725999999995,8.0,2.0,0.0,0.5,1,0.5474297274081912,Medium Risk
C113741,133,3,65207.729999999996,21735.91,9.0,2.0,0.0,0.0,1,0.547409245042869,Medium Risk
C102203,121,2,32974.3845,16487.19225,3.0,2.0,0.0,1.0,1,0.5473089324795211,Medium Risk
C101828,138,2,22804.414,11402.207,7.0,1.0,0.0,0.5,1,0.5472865506996029,Medium Risk
C107880,54,2,54218.89,27109.445,12.0,3.0,0.0,0.0,0,0.5472421414351529,Medium Risk
C103992,24,2,33058.7375,16529.36875,3.0,1.0,0.0,1.0,0,0.5472257189208815,Medium Risk
C112214,408,2,41523.939000000006,20761.969500000003,8.0,3.0,1.0,1.0,1,0.5472120600644841,Medium Risk
C107473,92,2,32988.359,16494.1795,10.0,1.0,0.0,1.0,1,0.5472091492178807,Medium Risk
C110346,75,2,21144.164,10572.082,10.0,3.0,0.0,0.5,0,0.5471952716852987,Medium Risk
C107796,494,2,19030.226,9515.113,6.0,2.0,0.0,0.5,1,0.5471904789603191,Medium Risk
C112531,35,2,106739.6845,53369.84225,7.0,2.0,1.0,1.0,0,0.5471062197021452,Medium Risk
C105181,256,3,81262.754,27087.584666666666,9.0,2.0,0.0,0.3333333333333333,1,0.5470840534519614,Medium Risk
C100222,70,2,49924.655999999995,24962.328,12.0,6.0,1.0,0.5,0,0.547054173040776,Medium Risk
C100261,102,2,39283.192,19641.596,14.0,3.0,0.0,1.0,1,0.5470249948024338,Medium Risk
C110982,11,2,41549.119999999995,20774.559999999998,8.0,3.0,0.0,0.0,0,0.5470172694318546,Medium Risk
C101006,10,2,41644.562,20822.281,8.0,3.0,1.0,1.0,0,0.5470137560741337,Medium Risk
C102377,150,2,14390.250499999998,7195.125249999999,10.0,4.0,0.0,0.5,1,0.5470026061761989,Medium Risk
C102248,318,2,14317.692000000001,7158.8460000000005,12.0,5.0,0.0,0.5,1,0.5469099672764912,Medium Risk
C114349,12,2,41154.7,20577.35,9.0,2.0,0.0,0.0,0,0.5468485771390551,Medium Risk
C100259,63,2,42854.8575,21427.42875,8.0,0.0,0.0,1.0,0,0.5468433665683474,Medium Risk
C103909,60,2,47483.5165,23741.75825,12.0,4.0,1.0,0.5,0,0.5467877313969733,Medium Risk
C108784,392,3,78983.192,26327.73066666667,10.0,3.0,2.0,0.6666666666666666,1,0.5467717725867745,Medium Risk
C114847,404,2,38372.6475,19186.32375,10.0,1.0,1.0,0.5,1,0.5467507087551874,Medium Risk
C102647,42,2,45757.773499999996,22878.886749999998,15.0,2.0,0.0,0.5,0,0.546678805806398,Medium Risk
C100842,8,2,41601.04,20800.52,9.0,3.0,0.0,0.0,0,0.5465759362895158,Medium Risk
C109597,184,2,38916.649,19458.3245,10.0,1.0,1.0,0.5,1,0.5464952731684933,Medium Risk
C110951,504,2,70618.26,35309.130000000005,12.0,1.0,1.0,0.0,1,0.5464813295014608,Medium Risk
C106225,14,2,40261.056000000004,20130.528000000002,8.0,2.0,1.0,0.5,0,0.5464452849927461,Medium Risk
C105133,40,2,41018.227,20509.1135,6.0,1.0,1.0,1.0,0,0.5462995207131016,Medium Risk
C103863,514,2,45926.056,22963.028000000002,10.0,3.0,1.0,0.5,1,0.5462734358735762,Medium Risk
C113105,44,3,66166.3665,22055.4555,9.0,2.0,1.0,0.6666666666666666,0,0.5462709484808984,Medium Risk
C106513,436,2,21361.3995,10680.69975,9.0,4.0,0.0,0.5,1,0.5462606497306159,Medium Risk
C110586,298,2,16294.219999999998,8147.109999999999,6.0,0.0,0.0,0.5,1,0.5462364088421086,Medium Risk
C110905,3,2,49649.671,24824.8355,10.0,2.0,0.0,0.5,0,0.5460532732464329,Medium Risk
C112174,86,2,49894.2775,24947.13875,11.0,5.0,1.0,1.0,0,0.5460191808179197,Medium Risk
C107639,58,2,49936.865999999995,24968.432999999997,8.0,3.0,0.0,0.5,0,0.5459944160936699,Medium Risk
C110114,313,2,38923.266,19461.633,11.0,2.0,0.0,0.5,1,0.5459190373034363,Medium Risk
C103857,361,3,72807.288,24269.096,7.0,2.0,1.0,1.0,1,0.5459185996200059,Medium Risk
C110098,100,3,28189.28,9396.426666666666,8.0,2.0,0.0,0.3333333333333333,1,0.545896106795153,Medium Risk
C112728,38,1,29606.059999999998,29606.059999999998,7.0,5.0,1.0,0.0,0,0.5458659612123463,Medium Risk
C108656,94,2,20097.7565,10048.878250000002,4.0,1.0,0.0,0.5,1,0.5458352034357881,Medium Risk
C100858,9,2,40306.705,20153.3525,10.0,1.0,1.0,0.5,0,0.5458159728931147,Medium Risk
C113884,30,2,23638.22,11819.11,6.0,1.0,1.0,0.0,0,0.5456725902475762,Medium Risk
C102803,90,2,32005.06,16002.529999999999,6.0,1.0,1.0,0.0,0,0.5456535740786825,Medium Risk
C108861,137,3,76029.679,25343.226333333336,9.0,2.0,0.0,0.6666666666666666,1,0.5456437424169185,Medium Risk
C110177,107,2,21456.876,10728.438000000002,7.0,1.0,0.0,0.5,1,0.5456079231630935,Medium Risk
C103959,781,2,46835.494999999995,23417.747499999998,6.0,2.0,0.0,0.5,1,0.5455833539714346,Medium Risk
C113622,31,2,50273.133499999996,25136.566749999998,7.0,2.0,1.0,0.5,0,0.5455509976599624,Medium Risk
C103128,196,2,36769.108,18384.554,7.0,3.0,0.0,1.0,1,0.5455340338658415,Medium Risk
C112890,142,2,32430.016499999998,16215.008249999999,11.0,3.0,0.0,1.0,1,0.5454945468968209,Medium Risk
C100424,148,3,28119.35,9373.116666666667,5.0,3.0,0.0,1.0,1,0.545377161834985,Medium Risk
C111418,5,2,40994.272000000004,20497.136000000002,4.0,2.0,0.0,1.0,0,0.5453133815502413,Medium Risk
C103398,264,2,37836.166,18918.083,8.0,1.0,0.0,0.5,1,0.5452369788258111,Medium Risk
C102549,116,3,87700.72,29233.573333333334,9.0,4.0,2.0,0.3333333333333333,1,0.5451127431704181,Medium Risk
C111786,26,2,20966.39,10483.195,7.0,4.0,1.0,0.0,0,0.5451061556559618,Medium Risk
C112793,314,2,39562.646,19781.323,9.0,4.0,1.0,0.5,1,0.5450590981296667,Medium Risk
C106758,191,2,29439.22,14719.61,4.0,2.0,1.0,0.0,1,0.5450215847508312,Medium Risk
C106853,142,3,56930.926999999996,18976.975666666665,8.0,3.0,2.0,1.0,1,0.5449988980662254,Medium Risk
C103742,14,2,18000.5435,9000.27175,10.0,3.0,0.0,0.5,0,0.5449578689473258,Medium Risk
C100589,27,2,36462.753,18231.376500000002,6.0,1.0,1.0,1.0,0,0.5449164567511021,Medium Risk
C100581,593,3,94754.808,31584.935999999998,9.0,3.0,2.0,0.3333333333333333,1,0.5448931108036418,Medium Risk
C114282,2,2,45640.0755,22820.03775,6.0,1.0,0.0,0.5,0,0.5448800690781384,Medium Risk
C110537,311,2,36808.902,18404.451,9.0,3.0,0.0,1.0,1,0.544819218775367,Medium Risk
C107763,8,2,40451.195999999996,20225.597999999998,3.0,1.0,1.0,0.5,0,0.5447900038247336,Medium Risk
C109835,15,2,28371.406000000003,14185.703000000001,8.0,1.0,1.0,0.5,0,0.5447862859723375,Medium Risk
C109883,210,3,67444.3065,22481.435500000003,9.0,3.0,1.0,1.0,1,0.544712815960194,Medium Risk
C109343,133,2,38624.646,19312.323,5.0,1.0,0.0,0.5,1,0.544702771448733,Medium Risk
C110354,405,2,38609.636999999995,19304.8185,5.0,1.0,0.0,0.5,1,0.544702771448733,Medium Risk
C113115,48,2,41261.8355,20630.91775,10.0,6.0,0.0,0.5,0,0.5446729476945454,Medium Risk
C109157,0,2,4711.4215,2355.71075,6.0,1.0,0.0,0.5,0,0.5446317234703052,Medium Risk
C106694,350,2,4683.61,2341.805,6.0,1.0,0.0,0.5,1,0.5446317234703052,Medium Risk
C113731,146,2,30405.600000000002,15202.800000000001,6.0,1.0,0.0,0.0,1,0.5445959925149723,Medium Risk
C113395,66,2,20458.188000000002,10229.094000000001,6.0,2.0,0.0,0.5,0,0.5445692324007861,Medium Risk
C111473,14,2,20508.463,10254.2315,5.0,2.0,0.0,0.5,0,0.5445509785274233,Medium Risk
C103300,120,2,23759.601,11879.8005,6.0,2.0,0.0,0.5,1,0.5444709608781859,Medium Risk
C101492,-1,2,29613.93,14806.965,4.0,2.0,0.0,0.0,0,0.5444704090425454,Medium Risk
C113952,61,2,31672.71,15836.355,6.0,0.0,0.0,0.0,0,0.5444585400348112,Medium Risk
C107069,79,2,41260.869999999995,20630.434999999998,9.0,1.0,0.0,0.0,0,0.5444173433248947,Medium Risk
C109218,41,1,18046.3755,18046.3755,15.0,7.0,1.0,1.0,0,0.5444032342494859,Medium Risk
C103965,193,2,29232.228,14616.114,7.0,3.0,0.0,0.5,1,0.5443816590229529,Medium Risk
C113830,5,3,71599.338,23866.446,11.0,5.0,0.0,0.3333333333333333,0,0.5442751258542332,Medium Risk
C111265,346,2,35789.9065,17894.953250000002,8.0,1.0,0.0,1.0,1,0.5442505626700225,Medium Risk
C104785,-1,2,18347.823,9173.9115,10.0,2.0,0.0,0.5,0,0.5441835952225786,Medium Risk
C103712,203,2,16138.126,8069.063,6.0,2.0,0.0,0.5,1,0.5441727940218246,Medium Risk
C113198,171,2,13589.847,6794.9235,8.0,4.0,0.0,0.5,1,0.544147932666856,Medium Risk
C102375,123,2,21809.0245,10904.51225,15.0,5.0,0.0,0.5,1,0.5441418398016014,Medium Risk
C103986,1,3,83750.643,27916.881000000005,10.0,3.0,1.0,0.6666666666666666,0,0.5440340861714855,Medium Risk
C110601,7,2,19565.816,9782.908,9.0,3.0,0.0,0.5,0,0.5440331283130166,Medium Risk
C108705,255,2,23265.486,11632.743,7.0,2.0,1.0,0.5,1,0.5440048300848241,Medium Risk
C104906,44,3,79568.083,26522.694333333333,12.0,1.0,0.0,1.0,0,0.5439714361371961,Medium Risk
C103368,-1,3,72364.7115,24121.5705,7.0,2.0,1.0,1.0,0,0.543928053335215,Medium Risk
C104407,-1,2,13255.074,6627.537,10.0,2.0,0.0,1.0,0,0.5439182442404856,Medium Risk
C104354,0,2,81679.4,40839.7,6.0,0.0,0.0,0.0,0,0.5437142121151789,Medium Risk
C111993,69,2,42271.987,21135.993500000004,9.0,2.0,0.0,1.0,0,0.5435933448822953,Medium Risk
C101825,70,2,49646.7035,24823.35175,11.0,4.0,1.0,1.0,0,0.543504395947163,Medium Risk
C109813,373,3,93091.7645,31030.58816666667,10.0,4.0,2.0,0.6666666666666666,1,0.5434891034595977,Medium Risk
C109363,73,2,65755.0005,32877.50025,4.0,0.0,1.0,1.0,0,0.5434700981253023,Medium Risk
C101298,99,3,88297.76449999999,29432.588166666665,3.0,2.0,0.0,1.0,1,0.5434058840881447,Medium Risk
C100640,60,2,26236.7865,13118.39325,7.0,3.0,0.0,1.0,0,0.5433569530079289,Medium Risk
C114680,275,2,38578.875,19289.4375,8.0,3.0,0.0,0.5,1,0.5433501359540277,Medium Risk
C113333,177,3,17178.932500000003,5726.310833333334,6.0,3.0,0.0,0.6666666666666666,1,0.5433413256808568,Medium Risk
C106746,56,2,35133.25,17566.625,7.0,3.0,1.0,0.0,0,0.54333539475884,Medium Risk
C109266,118,3,78323.62,26107.873333333333,7.0,1.0,0.0,0.0,1,0.5433266402238306,Medium Risk
C113558,659,2,22469.7485,11234.87425,14.0,3.0,0.0,0.5,1,0.5433222059733711,Medium Risk
C104240,159,3,71603.3575,23867.78583333333,7.0,1.0,0.0,0.6666666666666666,1,0.5432682488534405,Medium Risk
C113748,395,3,75406.3985,25135.466166666665,9.0,2.0,0.0,0.3333333333333333,1,0.5432323045246426,Medium Risk
C111235,203,2,32187.8695,16093.93475,6.0,0.0,0.0,1.0,1,0.543212057923168,Medium Risk
C110063,207,3,57362.941999999995,19120.980666666666,10.0,5.0,1.0,0.3333333333333333,1,0.5432022730203745,Medium Risk
C108577,186,2,37394.065,18697.0325,10.0,2.0,1.0,0.5,1,0.5431617497307546,Medium Risk
C109189,121,2,31646.9505,15823.47525,6.0,3.0,0.0,1.0,1,0.5431324966705724,Medium Risk
C108187,73,2,78533.886,39266.943,3.0,0.0,0.0,0.5,0,0.5431039536678721,Medium Risk
C112811,79,2,31253.28,15626.64,6.0,1.0,0.0,0.0,0,0.5430080224987327,Medium Risk
C112995,114,2,17285.626,8642.813,5.0,0.0,0.0,0.5,1,0.5429935005329455,Medium Risk
C104503,425,3,70667.666,23555.888666666666,4.0,2.0,0.0,0.6666666666666666,1,0.5428355366518782,Medium Risk
C109704,169,2,40580.176,20290.088,6.0,1.0,1.0,0.5,1,0.5428297516638694,Medium Risk
C103311,112,2,16779.893,8389.9465,10.0,4.0,0.0,0.5,1,0.5428112670331973,Medium Risk
C104970,165,2,18951.142,9475.571,6.0,2.0,0.0,0.5,1,0.5427940710295505,Medium Risk
C114693,93,3,28548.418,9516.139333333334,10.0,3.0,0.0,0.3333333333333333,1,0.5427613775994107,Medium Risk
C109394,307,3,90259.22649999999,30086.40883333333,13.0,5.0,0.0,0.6666666666666666,1,0.5427581604676169,Medium Risk
C102452,270,2,37585.759,18792.8795,7.0,2.0,0.0,1.0,1,0.5427525775698654,Medium Risk
C106334,229,2,39959.0065,19979.50325,9.0,4.0,1.0,0.5,1,0.5427394636615963,Medium Risk
C113045,6,2,28584.268,14292.134,6.0,1.0,0.0,0.5,0,0.5426996375061783,Medium Risk
C110252,82,2,37860.79,18930.395,9.0,5.0,2.0,0.0,0,0.5426952613596836,Medium Risk
C103362,6,2,41034.8765,20517.43825,8.0,5.0,0.0,0.5,0,0.5426516290715525,Medium Risk
C100703,3,2,40185.338,20092.669,7.0,1.0,0.0,0.5,0,0.5426246001403101,Medium Risk
C107254,2,2,66212.926,33106.463,7.0,3.0,1.0,1.0,0,0.5426181548192929,Medium Risk
C103542,52,2,14337.878,7168.939,8.0,4.0,0.0,0.5,0,0.5426059011316913,Medium Risk
C100212,108,3,61070.823000000004,20356.941000000003,10.0,1.0,1.0,1.0,1,0.5425984217708034,Medium Risk
C111785,39,2,28600.117,14300.0585,7.0,3.0,0.0,0.5,0,0.5425947412373028,Medium Risk
C106010,49,2,49736.742,24868.371,8.0,1.0,1.0,0.5,0,0.5425909505708022,Medium Risk
C109706,361,2,16555.192,8277.596,8.0,3.0,1.0,0.5,1,0.5424629598150899,Medium Risk
C102827,137,3,70085.924,23361.974666666665,9.0,4.0,1.0,1.0,1,0.5424604216161287,Medium Risk
C106062,141,3,86585.52799999999,28861.842666666667,8.0,3.0,0.0,0.3333333333333333,1,0.5424439612564594,Medium Risk
C103892,183,2,40425.14,20212.57,9.0,2.0,0.0,0.5,1,0.5424276782130868,Medium Risk
C109996,452,2,39719.538,19859.769,10.0,3.0,0.0,0.5,1,0.5423561344937421,Medium Risk
C106021,258,2,39723.4565,19861.72825,8.0,4.0,1.0,0.5,1,0.5423318026905879,Medium Risk
C106407,370,2,39713.815,19856.9075,8.0,4.0,1.0,0.5,1,0.5423318026905879,Medium Risk
C106053,18,1,63989.46349999999,63989.46349999999,6.0,4.0,0.0,1.0,0,0.5423212779182566,Medium Risk
C105818,243,2,40234.8925,20117.44625,9.0,4.0,0.0,1.0,1,0.5421804507366454,Medium Risk
C109491,330,3,89916.56349999999,29972.187833333333,10.0,4.0,0.0,0.3333333333333333,1,0.5421568110012257,Medium Risk
C102206,150,3,21695.239999999998,7231.746666666666,10.0,1.0,1.0,0.0,1,0.5421063344799562,Medium Risk
C113445,104,3,65268.221000000005,21756.073666666667,10.0,2.0,0.0,0.6666666666666666,1,0.5421016085846887,Medium Risk
C101122,539,4,11917.918,2979.4795,8.0,0.0,0.0,0.75,1,0.542086416659617,Medium Risk
C100864,375,2,46098.578,23049.289,12.0,4.0,0.0,0.5,1,0.5420410575150424,Medium Risk
C101121,94,2,34921.278,17460.638999999996,7.0,2.0,1.0,1.0,1,0.5420110941137302,Medium Risk
C109463,449,2,38409.604,19204.801999999996,9.0,3.0,1.0,0.5,1,0.5418938476191834,Medium Risk
C107420,107,3,72190.6575,24063.5525,7.0,0.0,0.0,0.6666666666666666,1,0.541887676259934,Medium Risk
C100650,35,2,53862.729499999994,26931.364749999997,8.0,4.0,0.0,1.0,0,0.541785450617991,Medium Risk
C101484,50,2,19598.2175,9799.10875,11.0,1.0,0.0,0.5,0,0.5417733662630834,Medium Risk
C100014,220,2,40911.79,20455.895,7.0,4.0,0.0,0.0,1,0.5417666824785207,Medium Risk
C106561,0,2,23539.6,11769.8,6.0,3.0,1.0,0.0,0,0.541740263336968,Medium Risk
C112447,373,2,39186.1795,19593.08975,5.0,2.0,1.0,0.5,1,0.541733882683516,Medium Risk
C108908,349,2,13762.456000000002,6881.228000000001,7.0,2.0,0.0,0.5,1,0.5417102930226024,Medium Risk
C101219,6,1,31130.62,31130.62,7.0,4.0,0.0,0.0,0,0.5416836999138822,Medium Risk
C103865,0,2,41738.87,20869.435,9.0,1.0,2.0,1.0,0,0.5416728829503651,Medium Risk
C100030,6,2,51959.018000000004,25979.509000000002,12.0,2.0,1.0,0.5,0,0.5416300324052804,Medium Risk
C105085,259,3,87678.37849999999,29226.126166666665,8.0,2.0,1.0,0.3333333333333333,1,0.5415615943204437,Medium Risk
C100456,248,2,27953.1985,13976.599250000001,6.0,0.0,0.0,1.0,1,0.5414941410338582,Medium Risk
C114134,39,2,46451.276000000005,23225.638,6.0,2.0,0.0,0.5,0,0.5414080352535369,Medium Risk
C113368,219,3,71774.16,23924.72,11.0,1.0,0.0,0.3333333333333333,1,0.5413766724256526,Medium Risk
C103520,4,2,18270.217,9135.1085,7.0,2.0,0.0,0.5,0,0.5413574221495824,Medium Risk
C101269,40,2,34717.25,17358.625,8.0,3.0,0.0,0.0,0,0.5413506826495454,Medium Risk
C105814,194,2,41662.854999999996,20831.427499999998,12.0,4.0,0.0,1.0,1,0.5413242215731836,Medium Risk
C112457,259,3,71895.205,23965.068333333333,13.0,3.0,0.0,0.6666666666666666,1,0.541300631289873,Medium Risk
C107661,314,2,15032.902,7516.451,13.0,7.0,0.0,0.5,1,0.5412947312267228,Medium Risk
C109611,25,2,35079.745,17539.8725,6.0,0.0,0.0,1.0,0,0.5411939461712412,Medium Risk
C109863,121,3,77726.051,25908.683666666668,8.0,5.0,0.0,0.3333333333333333,1,0.5411894872814327,Medium Risk
C109678,156,2,39046.396,19523.198,10.0,4.0,1.0,0.5,1,0.5411786426419143,Medium Risk
C112140,6,3,70051.1115,23350.3705,11.0,2.0,1.0,0.6666666666666666,0,0.5411659111230182,Medium Risk
C105821,10,2,42642.737499999996,21321.36875,8.0,2.0,0.0,0.5,0,0.541022290586476,Medium Risk
C103176,703,3,102583.94600000001,34194.64866666667,8.0,3.0,3.0,0.6666666666666666,1,0.540990432844185,Medium Risk
C105486,49,2,49654.6705,24827.335249999996,8.0,5.0,0.0,1.0,0,0.5409715796886547,Medium Risk
C100125,30,2,38765.335999999996,19382.667999999998,9.0,3.0,0.0,1.0,0,0.5409035583941044,Medium Risk
C104925,81,2,32737.5415,16368.77075,6.0,1.0,0.0,1.0,0,0.5407915391812276,Medium Risk
C101360,486,3,29575.31,9858.436666666666,7.0,2.0,1.0,0.0,1,0.5407311363339021,Medium Risk
C104488,65,2,27735.566,13867.783,6.0,0.0,1.0,0.5,0,0.5407089078946238,Medium Risk
C112335,76,2,29490.296000000002,14745.148000000001,5.0,0.0,0.0,0.5,0,0.5406813013106669,Medium Risk
C114773,123,3,68868.7855,22956.261833333334,4.0,1.0,2.0,1.0,1,0.5406415526630355,Medium Risk
C105177,67,3,78728.1585,26242.719499999996,10.0,2.0,0.0,0.6666666666666666,0,0.540608371842242,Medium Risk
C103393,97,3,85603.408,28534.46933333333,9.0,2.0,0.0,0.3333333333333333,1,0.5405538585120993,Medium Risk
C114998,119,3,82082.278,27360.759333333335,11.0,4.0,0.0,0.3333333333333333,1,0.5405527767244502,Medium Risk
C106184,11,2,4565.794,2282.897,10.0,0.0,0.0,1.0,0,0.5404681378819568,Medium Risk
C104333,236,3,53787.5725,17929.190833333334,11.0,1.0,2.0,1.0,1,0.540466386988284,Medium Risk
C111336,188,2,30270.22,15135.11,14.0,2.0,0.0,0.0,1,0.5404297079259,Medium Risk
C106745,19,2,36307.937,18153.9685,8.0,1.0,0.0,1.0,0,0.5404114791153749,Medium Risk
C109766,124,3,18553.8615,6184.6205,7.0,0.0,1.0,0.6666666666666666,1,0.540409452556903,Medium Risk
C113846,107,3,87761.901,29253.967,8.0,3.0,1.0,0.6666666666666666,1,0.5402529793605125,Medium Risk
C108761,8,2,17650.167,8825.0835,4.0,1.0,0.0,0.5,0,0.5402456788982719,Medium Risk
C113117,325,2,23094.423000000003,11547.211500000001,7.0,3.0,1.0,0.5,1,0.5401420361319309,Medium Risk
C103953,167,2,40563.86,20281.93,8.0,2.0,0.0,0.5,1,0.5400596456198833,Medium Risk
C105147,90,2,46718.807,23359.4035,10.0,5.0,1.0,1.0,0,0.5399583022243357,Medium Risk
C100025,162,2,41245.1,20622.550000000003,7.0,3.0,0.0,0.0,1,0.539938254326,Medium Risk
C101135,48,2,19482.22,9741.11,12.0,3.0,0.0,0.5,0,0.5399151133270693,Medium Risk
C105024,25,2,42645.728,21322.864,9.0,1.0,0.0,0.5,0,0.5398395982213864,Medium Risk
C112049,475,2,31578.739999999998,15789.369999999999,11.0,5.0,1.0,0.0,1,0.5398139925238958,Medium Risk
C101070,567,2,40121.594,20060.797,3.0,2.0,0.0,0.5,1,0.5397973901549857,Medium Risk
C101155,41,2,38511.979999999996,19255.99,10.0,2.0,0.0,1.0,0,0.5397878591965547,Medium Risk
C108907,179,3,58216.2725,19405.424166666668,3.0,1.0,0.0,1.0,1,0.5397454610122345,Medium Risk
C102413,12,2,50486.798500000004,25243.399250000002,5.0,0.0,1.0,0.5,0,0.5397224870161694,Medium Risk
C104097,252,2,16613.438000000002,8306.719000000001,4.0,1.0,0.0,0.5,1,0.5396984877269864,Medium Risk
C113527,120,3,72147.559,24049.18633333333,8.0,1.0,0.0,0.6666666666666666,1,0.5396522669879974,Medium Risk
C109957,14,2,52313.020000000004,26156.510000000002,12.0,2.0,0.0,0.0,0,0.5396312335502129,Medium Risk
C110289,311,3,65752.269,21917.423,9.0,2.0,0.0,0.6666666666666666,1,0.5396211378848096,Medium Risk
C114220,60,2,51951.076499999996,25975.538249999998,5.0,2.0,0.0,0.5,0,0.5395505689456518,Medium Risk
C107517,43,2,19004.485,9502.2425,12.0,1.0,0.0,0.5,0,0.5395261903130715,Medium Risk
C108507,176,2,17522.482,8761.241,6.0,1.0,0.0,0.5,1,0.5395239023887257,Medium Risk
C102731,13,2,28686.809,14343.4045,7.0,3.0,0.0,0.5,0,0.5394760925720979,Medium Risk
C114870,44,2,15290.594000000001,7645.2970000000005,7.0,2.0,0.0,0.5,0,0.5394601663803619,Medium Risk
C112762,33,2,89805.94499999999,44902.9725,7.0,3.0,1.0,1.0,0,0.53939511620802,Medium Risk
C114951,79,2,38568.441,19284.2205,6.0,1.0,0.0,0.5,0,0.5393671568901603,Medium Risk
C112501,311,2,38678.746,19339.373,6.0,1.0,0.0,0.5,1,0.5393671568901603,Medium Risk
C100896,205,3,52988.698000000004,17662.899333333335,9.0,5.0,1.0,0.3333333333333333,1,0.5393529909981191,Medium Risk
C110510,421,2,44820.3575,22410.17875,8.0,4.0,0.0,1.0,1,0.5392916531650703,Medium Risk
C111864,17,2,49645.488,24822.744,5.0,1.0,0.0,0.5,0,0.5391209207966898,Medium Risk
C113989,9,2,38456.6435,19228.32175,7.0,2.0,0.0,1.0,0,0.5390011345055905,Medium Risk
C113376,663,3,72789.918,24263.306,8.0,0.0,0.0,0.6666666666666666,1,0.5389863847302537,Medium Risk
C102508,364,2,27961.690000000002,13980.845000000001,7.0,1.0,0.0,1.0,1,0.5389216954828882,Medium Risk
C110598,253,3,82325.79149999999,27441.9305,11.0,3.0,1.0,0.6666666666666666,1,0.5388946553632262,Medium Risk
C111580,39,3,28528.332000000002,9509.444000000001,8.0,2.0,0.0,0.3333333333333333,0,0.5388807974447685,Medium Risk
C108990,104,3,56636.923,18878.974333333335,3.0,2.0,0.0,1.0,1,0.5388548631071397,Medium Risk
C108123,63,2,47670.417499999996,23835.208749999998,3.0,0.0,0.0,0.5,0,0.5388414288143507,Medium Risk
C103024,107,5,64545.436499999996,12909.0873,20.0,8.0,0.0,0.4,1,0.5388082063327312,Medium Risk
C100825,250,2,39274.41,19637.205,8.0,2.0,2.0,0.0,1,0.5386300435734761,Medium Risk
C112127,40,2,41484.936,20742.468000000004,9.0,2.0,0.0,1.0,0,0.5385630520245325,Medium Risk
C111872,568,2,36187.112,18093.556,10.0,7.0,0.0,0.5,1,0.5385423316037434,Medium Risk
C102459,328,2,28057.069000000003,14028.534500000002,7.0,3.0,1.0,1.0,1,0.5384858008631938,Medium Risk
C107965,41,2,40483.5745,20241.787249999998,9.0,3.0,0.0,0.5,0,0.538453145810185,Medium Risk
C109291,863,2,36990.806000000004,18495.403,4.0,1.0,0.0,0.5,1,0.5384004109897744,Medium Risk
C112199,61,2,66851.48999999999,33425.744999999995,2.0,0.0,0.0,1.0,0,0.5383888004495239,Medium Risk
C110140,7,3,79035.677,26345.22566666667,10.0,2.0,0.0,0.6666666666666666,0,0.5382964162554889,Medium Risk
C109905,318,2,38135.4395,19067.71975,9.0,3.0,0.0,0.5,1,0.538292223001235,Medium Risk
C102252,46,3,71292.71549999999,23764.238500000003,11.0,4.0,0.0,0.3333333333333333,0,0.5382149889594526,Medium Risk
C103174,37,2,45910.9465,22955.47325,6.0,1.0,1.0,0.5,0,0.5382069068107823,Medium Risk
C109074,35,3,95800.5,31933.5,8.0,2.0,0.0,0.0,0,0.5381361164579442,Medium Risk
C113432,6,2,27888.8165,13944.40825,11.0,3.0,0.0,1.0,0,0.5381289837272043,Medium Risk
C113839,36,2,20005.574500000002,10002.787250000001,4.0,0.0,0.0,0.5,0,0.538069350665668,Medium Risk
C104978,487,2,29484.485999999997,14742.242999999999,7.0,3.0,0.0,0.5,1,0.5380621685450258,Medium Risk
C102809,555,3,70800.3005,23600.100166666667,10.0,4.0,0.0,0.3333333333333333,1,0.5379865023793361,Medium Risk
C104984,8,2,26935.0665,13467.53325,8.0,1.0,0.0,1.0,0,0.5379206859460308,Medium Risk
C101592,36,2,31863.7725,15931.88625,9.0,1.0,0.0,0.5,0,0.537893170024851,Medium Risk
C106545,256,2,17515.809999999998,8757.904999999999,5.0,1.0,0.0,0.5,1,0.5378381790994772,Medium Risk
C101620,441,3,77156.2905,25718.7635,4.0,3.0,0.0,0.6666666666666666,1,0.5378236694109599,Medium Risk
C105110,327,2,29699.123,14849.5615,10.0,0.0,0.0,0.5,1,0.5378053088669631,Medium Risk
C104651,146,2,25981.652499999997,12990.826249999998,9.0,3.0,0.0,1.0,1,0.5377133668274645,Medium Risk
C111871,70,2,31435.391,15717.6955,4.0,1.0,0.0,1.0,0,0.5376054800036063,Medium Risk
C112126,30,3,70581.78,23527.26,8.0,2.0,0.0,1.0,0,0.5375652078215843,Medium Risk
C105873,44,3,78878.975,26292.99166666667,10.0,2.0,0.0,0.3333333333333333,0,0.5375532789068532,Medium Risk
C110785,193,2,16513.391,8256.6955,12.0,4.0,0.0,0.5,1,0.5375074254036163,Medium Risk
C101779,317,3,89196.4815,29732.160499999998,8.0,2.0,0.0,0.6666666666666666,1,0.5374812022296154,Medium Risk
C103246,11,3,86671.938,28890.645999999997,11.0,5.0,0.0,0.6666666666666666,0,0.5374458275062348,Medium Risk
C101511,5,3,88493.668,29497.889333333336,9.0,3.0,1.0,0.6666666666666666,0,0.5374379464930218,Medium Risk
C110242,4,2,80295.15,40147.575,10.0,3.0,0.0,0.0,0,0.5372778636138958,Medium Risk
C104025,27,2,45389.801499999994,22694.90075,5.0,2.0,0.0,0.5,0,0.5372316194584595,Medium Risk
C100978,163,3,72119.1495,24039.7165,4.0,2.0,1.0,0.6666666666666666,1,0.5372276949048327,Medium Risk
C111240,227,2,37030.098,18515.049,2.0,0.0,1.0,1.0,1,0.5372035180281716,Medium Risk
C112685,457,3,17787.986,5929.328666666667,8.0,2.0,0.0,0.6666666666666666,1,0.5371775367940933,Medium Risk
C101533,-1,2,45181.623999999996,22590.811999999998,3.0,1.0,1.0,0.5,0,0.5371245553821399,Medium Risk
C113802,459,2,30292.3,15146.15,7.0,2.0,0.0,0.0,1,0.5367936786647285,Medium Risk
C114004,104,3,64646.3515,21548.78383333333,6.0,2.0,2.0,0.6666666666666666,1,0.5366546986636589,Medium Risk
C110926,54,3,77031.25,25677.083333333332,9.0,3.0,0.0,0.0,0,0.5366249086510604,Medium Risk
C112207,294,3,78736.165,26245.388333333336,11.0,2.0,0.0,0.6666666666666666,1,0.5365742188405409,Medium Risk
C113946,2,2,4347.7074999999995,2173.8537499999998,5.0,2.0,0.0,1.0,0,0.5365578874203529,Medium Risk
C100518,68,2,46052.265999999996,23026.132999999998,5.0,0.0,0.0,0.5,0,0.5364864937979723,Medium Risk
C112924,717,3,67970.92,22656.97333333333,7.0,5.0,0.0,0.6666666666666666,1,0.5364224646598342,Medium Risk
C102499,8,2,18982.65,9491.325,9.0,4.0,0.0,0.5,0,0.5364141045099299,Medium Risk
C100539,353,3,66406.34449999999,22135.44816666667,12.0,3.0,1.0,0.6666666666666666,1,0.536408169775247,Medium Risk
C103197,664,2,39972.148499999996,19986.074249999998,10.0,4.0,0.0,0.5,1,0.5363832344410322,Medium Risk
C110841,89,2,49783.8085,24891.90425,7.0,3.0,0.0,0.5,0,0.5363596965835765,Medium Risk
C101383,8,2,67076.9425,33538.47125,6.0,3.0,0.0,1.0,0,0.5363575402903777,Medium Risk
C104609,389,3,42041.7945,14013.9315,14.0,7.0,0.0,0.6666666666666666,1,0.5363377341525981,Medium Risk
C108029,77,2,37076.98,18538.49,6.0,3.0,0.0,1.0,0,0.5363344075854363,Medium Risk
C114510,78,3,16637.2275,5545.7425,4.0,2.0,0.0,1.0,0,0.5363025737444564,Medium Risk
C100543,154,2,104149.853,52074.9265,4.0,0.0,0.0,0.5,1,0.5362548675751395,Medium Risk
C110038,34,2,37966.773499999996,18983.38675,7.0,2.0,0.0,0.5,0,0.5362296907405758,Medium Risk
C108868,605,2,37849.6775,18924.83875,7.0,2.0,0.0,0.5,1,0.5362296907405758,Medium Risk
C112899,175,3,118383.45,39461.15,10.0,1.0,0.0,0.0,1,0.5361605411821624,Medium Risk
C109833,0,2,36153.596000000005,18076.798000000003,7.0,3.0,0.0,1.0,0,0.5361465563997355,Medium Risk
C111949,44,2,25464.2125,12732.10625,10.0,1.0,0.0,1.0,0,0.536126723702047,Medium Risk
C111031,90,3,120681.13,40227.043333333335,9.0,1.0,1.0,0.0,0,0.5360559252409598,Medium Risk
C103366,53,2,38844.481499999994,19422.24075,9.0,3.0,0.0,1.0,0,0.5360344069467651,Medium Risk
C114291,622,2,36836.728,18418.364,8.0,2.0,0.0,0.5,1,0.536030387082122,Medium Risk
C110746,101,2,36594.454,18297.227,8.0,2.0,0.0,0.5,1,0.536030387082122,Medium Risk
C107532,3,3,102071.77,34023.92333333333,9.0,2.0,0.0,0.0,0,0.5359945257172163,Medium Risk
C110417,61,2,42522.754499999995,21261.377249999998,4.0,0.0,0.0,1.0,0,0.5359927617654552,Medium Risk
C102173,8,2,42512.363,21256.1815,7.0,2.0,1.0,0.5,0,0.5359789899457903,Medium Risk
C114786,27,2,117670.4395,58835.219750000004,7.0,3.0,1.0,1.0,0,0.5358716776823961,Medium Risk
C113850,89,2,23640.642,11820.321,7.0,1.0,0.0,0.5,0,0.5358450066179391,Medium Risk
C111521,148,2,40325.003,20162.5015,4.0,0.0,0.0,0.5,1,0.5357166263454683,Medium Risk
C107598,291,3,76241.4595,25413.81983333333,7.0,1.0,0.0,1.0,1,0.5357010535749177,Medium Risk
C114587,49,2,35044.630000000005,17522.315000000002,14.0,2.0,0.0,0.0,0,0.535676978457822,Medium Risk
C106417,170,2,51277.342000000004,25638.671000000002,6.0,4.0,0.0,0.5,1,0.535617050161231,Medium Risk
C107664,221,3,18082.716000000004,6027.572,1.0,1.0,0.0,0.6666666666666666,1,0.5355707757728392,Medium Risk
C114165,172,3,75520.08,25173.36,5.0,1.0,0.0,0.0,1,0.535564748486912,Medium Risk
C105858,234,2,15577.378,7788.688999999999,6.0,2.0,0.0,0.5,1,0.535507263676278,Medium Risk
C111050,12,2,9922.247,4961.1235,6.0,2.0,0.0,0.5,0,0.5354882672424064,Medium Risk
C101704,161,2,33180.336,16590.167999999998,5.0,0.0,0.0,0.5,1,0.5352895494693868,Medium Risk
C101790,250,2,27963.358,13981.679,8.0,0.0,0.0,1.0,1,0.5352449191841319,Medium Risk
C109674,216,3,78582.04800000001,26194.016000000003,7.0,0.0,2.0,0.6666666666666666,1,0.5352298932481651,Medium Risk
C109583,120,3,56683.6975,18894.56583333333,15.0,1.0,1.0,1.0,1,0.5352273610010351,Medium Risk
C106459,14,3,80553.646,26851.21533333333,5.0,0.0,0.0,1.0,0,0.5351952342460834,Medium Risk
C108211,611,2,22209.45,11104.725,9.0,4.0,0.0,0.5,1,0.5351375955829368,Medium Risk
C105196,15,2,36451.49,18225.745,5.0,3.0,0.0,1.0,0,0.5351298659237735,Medium Risk
C114731,83,2,23840.170000000002,11920.085000000001,6.0,0.0,0.0,0.5,0,0.5350976313625524,Medium Risk
C109895,88,1,20369.1305,20369.1305,14.0,7.0,1.0,1.0,0,0.535088092347942,Medium Risk
C104574,126,2,36071.703,18035.8515,11.0,1.0,1.0,0.5,1,0.5350719149300389,Medium Risk
C100880,17,3,63545.476,21181.825333333334,9.0,5.0,0.0,0.6666666666666666,0,0.5350479458996843,Medium Risk
C103396,61,2,37321.878,18660.939,8.0,2.0,0.0,0.5,0,0.5350227595385796,Medium Risk
C114458,5,2,25784.207499999997,12892.103749999998,10.0,3.0,0.0,1.0,0,0.5349967868455017,Medium Risk
C113734,23,2,17883.252,8941.626,6.0,2.0,0.0,0.5,0,0.5348006959136559,Medium Risk
C111098,12,3,72527.97499999999,24175.99166666667,6.0,1.0,1.0,1.0,0,0.5347201457333967,Medium Risk
C102769,-1,2,32903.136,16451.568,9.0,3.0,1.0,1.0,0,0.5347090256111692,Medium Risk
C108610,180,3,87655.728,29218.576,9.0,3.0,0.0,0.6666666666666666,1,0.5346581972662581,Medium Risk
C103056,54,3,84484.69200000001,28161.564000000002,10.0,6.0,0.0,0.3333333333333333,0,0.53453910183516,Medium Risk
C109141,53,3,69104.403,23034.801000000003,14.0,1.0,1.0,0.6666666666666666,0,0.5344372607302783,Medium Risk
C107925,60,2,13605.299499999997,6802.649749999999,12.0,1.0,0.0,0.5,0,0.5344319813473949,Medium Risk
C103277,197,2,24637.740999999998,12318.870499999999,7.0,0.0,0.0,1.0,1,0.5343736466014449,Medium Risk
C103834,106,3,58553.1,19517.7,14.0,5.0,0.0,0.6666666666666666,1,0.5343403616807337,Medium Risk
C101349,35,2,75395.335,37697.667499999996,8.0,2.0,1.0,1.0,0,0.5343310706528451,Medium Risk
C101449,216,2,35794.543,17897.2715,7.0,1.0,0.0,0.5,1,0.5342556771212521,Medium Risk
C100306,127,3,77310.746,25770.248666666666,8.0,2.0,0.0,0.6666666666666666,1,0.5342496249445596,Medium Risk
C110865,4,2,29564.75,14782.375,10.0,5.0,0.0,0.0,0,0.5342307119177722,Medium Risk
C105365,640,2,40731.757,20365.8785,9.0,2.0,0.0,0.5,1,0.5340955686127448,Medium Risk
C105051,563,2,35509.916,17754.958,14.0,2.0,0.0,0.5,1,0.5340757258077956,Medium Risk
C107377,5,2,39988.621499999994,19994.31075,8.0,0.0,0.0,0.5,0,0.5340732469953313,Medium Risk
C105301,315,2,40436.85,20218.425,12.0,2.0,0.0,0.5,1,0.5340592232861746,Medium Risk
C102968,137,2,39715.505000000005,19857.752500000002,9.0,2.0,2.0,0.5,1,0.5340118574518662,Medium Risk
C110879,151,2,22297.215,11148.6075,4.0,1.0,0.0,0.5,1,0.5339960591274874,Medium Risk
C100834,9,2,40155.93,20077.964999999997,9.0,4.0,0.0,0.5,0,0.5339642842416691,Medium Risk
C105529,164,2,33785.72,16892.86,6.0,3.0,1.0,0.0,1,0.5339334946904589,Medium Risk
C102169,222,2,16221.246,8110.623,13.0,4.0,0.0,0.5,1,0.5338431744304857,Medium Risk
C114492,15,2,47397.261,23698.6305,3.0,0.0,1.0,0.5,0,0.5338142063517861,Medium Risk
C102636,42,3,76022.77649999999,25340.925499999998,8.0,3.0,0.0,0.3333333333333333,0,0.5337716270924502,Medium Risk
C106009,308,2,59533.345,29766.6725,14.0,8.0,0.0,1.0,1,0.5337465966226943,Medium Risk
C112972,55,2,10721.327,5360.6635,5.0,0.0,0.0,0.5,0,0.5337004756859866,Medium Risk
C104392,129,2,31736.11,15868.055,11.0,2.0,0.0,0.5,1,0.5336120107442275,Medium Risk
C109945,195,2,36598.206,18299.103,7.0,2.0,0.0,0.5,1,0.5335834644757769,Medium Risk
C105903,265,2,29592.864999999998,14796.432499999999,4.0,1.0,1.0,1.0,1,0.5335773382181719,Medium Risk
C104052,108,3,65613.012,21871.003999999997,10.0,3.0,0.0,0.6666666666666666,1,0.5335612084655785,Medium Risk
C103134,280,3,56533.418999999994,18844.472999999998,8.0,3.0,1.0,0.3333333333333333,1,0.5335086354938197,Medium Risk
C101673,146,2,37887.3605,18943.68025,4.0,0.0,1.0,1.0,1,0.5334875363975431,Medium Risk
C102436,151,2,27641.150999999998,13820.5755,6.0,2.0,0.0,1.0,1,0.5334746211003663,Medium Risk
C104505,114,3,65621.539,21873.846333333335,10.0,3.0,0.0,1.0,1,0.5334494156587427,Medium Risk
C113073,126,2,21460.0925,10730.046250000001,6.0,1.0,0.0,0.5,1,0.5334403552578317,Medium Risk
C114672,81,2,23519.2305,11759.61525,12.0,2.0,1.0,0.5,0,0.5333452103429669,Medium Risk
C110825,315,3,74096.244,24698.748000000003,7.0,2.0,0.0,0.6666666666666666,1,0.5333396503399789,Medium Risk
C112387,105,2,42493.435,21246.7175,5.0,1.0,0.0,0.5,1,0.5333120867586636,Medium Risk
C103336,4,2,25807.1255,12903.56275,6.0,4.0,0.0,0.5,0,0.5332536312508028,Medium Risk
C114489,132,3,81875.38500000001,27291.795000000002,11.0,3.0,1.0,1.0,1,0.5332466750052498,Medium Risk
C105542,58,2,20069.908,10034.954,10.0,4.0,0.0,0.5,0,0.5332405815260801,Medium Risk
C103697,155,3,78565.187,26188.395666666667,5.0,0.0,0.0,0.6666666666666666,1,0.5332381138958503,Medium Risk
C112241,137,3,112893.42000000001,37631.14000000001,10.0,2.0,0.0,0.0,1,0.5331942251178111,Medium Risk
C114670,140,2,41693.0375,20846.51875,10.0,0.0,0.0,0.5,1,0.5331398009092555,Medium Risk
C113963,2,2,37419.896,18709.948,11.0,2.0,0.0,0.5,0,0.5331265437356867,Medium Risk
C110284,34,2,20252.016499999998,10126.008249999999,5.0,3.0,0.0,0.5,0,0.5331202456143858,Medium Risk
C113238,48,3,58226.695,19408.89833333333,11.0,0.0,0.0,1.0,0,0.533109569349068,Medium Risk
C108038,200,3,78831.1735,26277.057833333336,11.0,2.0,0.0,0.6666666666666666,1,0.5330965677455847,Medium Risk
C110164,389,2,35150.615999999995,17575.308,7.0,3.0,0.0,1.0,1,0.533092954664729,Medium Risk
C107716,51,2,7835.145,3917.5725,14.0,4.0,0.0,0.5,0,0.5330749417860058,Medium Risk
C110143,220,3,67957.10650000001,22652.36883333333,5.0,4.0,1.0,0.6666666666666666,1,0.5330064867961662,Medium Risk
C111764,17,2,38160.69,19080.345,13.0,3.0,0.0,0.5,0,0.5329898070821859,Medium Risk
C113686,9,3,68300.11,22766.703333333335,10.0,2.0,0.0,0.0,0,0.5329739776102592,Medium Risk
C107681,1,2,42164.946,21082.473,5.0,0.0,1.0,1.0,0,0.5329663725022288,Medium Risk
C100882,34,3,66343.6625,22114.55416666667,13.0,3.0,1.0,0.6666666666666666,0,0.5329475417050902,Medium Risk
C111568,11,3,28774.4255,9591.475166666667,6.0,2.0,0.0,1.0,0,0.5329098530690571,Medium Risk
C106507,1,2,50576.327,25288.1635,5.0,3.0,0.0,0.5,0,0.5329039624081341,Medium Risk
C100253,20,1,29593.15,29593.15,7.0,4.0,0.0,0.0,0,0.5329008677270624,Medium Risk
C111548,87,2,1740.243,870.1215,5.0,0.0,0.0,0.5,0,0.53282764103471,Medium Risk
C105220,151,3,82579.804,27526.601333333336,7.0,2.0,1.0,0.3333333333333333,1,0.5327886386099101,Medium Risk
C102875,354,3,95002.2205,31667.40683333333,7.0,2.0,3.0,0.6666666666666666,1,0.53275771753012,Medium Risk
C107759,82,2,23564.246,11782.123000000001,7.0,1.0,0.0,0.5,0,0.5327474823097981,Medium Risk
C110323,105,2,33135.97,16567.985,8.0,4.0,0.0,0.0,1,0.5326787146812698,Medium Risk
C110066,456,3,23829.420000000002,7943.14,7.0,2.0,2.0,1.0,1,0.532633778017701,Medium Risk
C113642,561,3,67556.259,22518.752999999997,7.0,2.0,1.0,0.6666666666666666,1,0.5325884055361627,Medium Risk
C102109,226,2,41484.816,20742.408,8.0,2.0,0.0,1.0,1,0.5325338951561386,Medium Risk
C107045,276,2,33410.479,16705.2395,9.0,1.0,0.0,0.5,1,0.5325315027691601,Medium Risk
C104094,64,2,45858.757000000005,22929.378500000003,12.0,1.0,1.0,0.5,0,0.5324274425117068,Medium Risk
C105605,664,2,33136.754,16568.377,10.0,2.0,0.0,0.5,1,0.532422864500489,Medium Risk
C108141,156,3,84268.93650000001,28089.645500000002,9.0,3.0,0.0,0.6666666666666666,1,0.5323759922391624,Medium Risk
C102069,14,2,40154.42,20077.21,8.0,2.0,2.0,0.0,0,0.5323401066424439,Medium Risk
C113583,454,2,18131.2845,9065.64225,5.0,1.0,0.0,0.5,1,0.5323197871008393,Medium Risk
C112251,225,3,72019.992,24006.664,6.0,1.0,0.0,0.3333333333333333,1,0.532297146370668,Medium Risk
C110620,89,2,14442.554,7221.277,4.0,1.0,0.0,0.5,0,0.5322700815922935,Medium Risk
C100777,0,2,27860.535,13930.267500000002,5.0,1.0,0.0,1.0,0,0.5322608862861709,Medium Risk
C101962,305,3,28059.868000000002,9353.289333333334,8.0,2.0,0.0,0.6666666666666666,1,0.5322460757439728,Medium Risk
C114593,47,2,29538.7025,14769.35125,7.0,1.0,1.0,0.5,0,0.5321698846436199,Medium Risk
C111823,76,2,93750.205,46875.10249999999,7.0,2.0,1.0,1.0,0,0.5321603847576681,Medium Risk
C111994,66,2,42263.24,21131.620000000003,12.0,2.0,1.0,0.0,0,0.5321584265021461,Medium Risk
C110408,128,2,40301.508,20150.753999999997,5.0,0.0,0.0,0.5,1,0.5321114665451172,Medium Risk
C114980,241,2,8882.454,4441.227,6.0,1.0,0.0,0.5,1,0.5320955542668938,Medium Risk
C107822,35,2,33318.6415,16659.32075,8.0,1.0,0.0,0.5,0,0.5320788017456727,Medium Risk
C108869,0,2,38489.2705,19244.63525,11.0,3.0,1.0,0.5,0,0.5320367574842586,Medium Risk
C112801,5,2,21757.824,10878.912,11.0,4.0,0.0,0.5,0,0.5319559472159184,Medium Risk
C107005,20,3,73601.91,24533.97,8.0,5.0,0.0,0.3333333333333333,0,0.531904680966125,Medium Risk
C111662,379,3,53100.554000000004,17700.184666666668,10.0,5.0,1.0,0.6666666666666666,1,0.5318649097247203,Medium Risk
C105675,356,2,28418.096,14209.048,11.0,3.0,0.0,1.0,1,0.5317176897992847,Medium Risk
C104967,31,3,68608.427,22869.47566666667,10.0,4.0,1.0,0.6666666666666666,0,0.5316840519098883,Medium Risk
C100521,44,2,64787.2055,32393.60275,6.0,2.0,0.0,1.0,0,0.5316690782844854,Medium Risk
C106153,166,2,19024.625,9512.3125,11.0,2.0,1.0,0.5,1,0.5316626493201585,Medium Risk
C107103,135,2,28628.908499999994,14314.454249999999,11.0,3.0,0.0,1.0,1,0.531638151722836,Medium Risk
C113170,273,3,66482.741,22160.913666666664,6.0,0.0,0.0,1.0,1,0.5315805841232247,Medium Risk
C107704,297,3,63636.119,21212.039666666667,8.0,2.0,1.0,0.6666666666666666,1,0.5315098075988371,Medium Risk
C113617,320,2,57867.6035,28933.80175,15.0,2.0,0.0,0.5,1,0.5314364316134425,Medium Risk
C101009,9,2,45597.2875,22798.64375,5.0,0.0,0.0,0.5,0,0.5314157633031461,Medium Risk
C107629,170,3,86246.57949999999,28748.859833333332,9.0,3.0,0.0,0.6666666666666666,1,0.531404812213629,Medium Risk
C109046,91,2,40851.0225,20425.51125,11.0,2.0,0.0,0.5,1,0.5314026762742771,Medium Risk
C111096,169,2,33764.34,16882.170000000002,11.0,4.0,0.0,0.0,1,0.5313175583123515,Medium Risk
C107563,143,2,24654.761,12327.3805,10.0,2.0,1.0,1.0,1,0.5313030133953087,Medium Risk
C106683,5,2,18471.4015,9235.70075,6.0,3.0,0.0,0.5,0,0.5312287955117029,Medium Risk
C114229,21,2,49676.5505,24838.275250000002,5.0,2.0,0.0,0.5,0,0.5311314326744485,Medium Risk
C102527,79,3,76342.33899999999,25447.446333333337,10.0,5.0,0.0,0.6666666666666666,0,0.5311094921768308,Medium Risk
C100022,8,2,35068.215500000006,17534.107750000003,9.0,3.0,0.0,1.0,0,0.5311084103481172,Medium Risk
C108923,481,3,64787.537,21595.845666666664,8.0,3.0,0.0,0.6666666666666666,1,0.531086076209863,Medium Risk
C108358,28,3,58537.414000000004,19512.471333333335,9.0,2.0,1.0,0.6666666666666666,0,0.531039697537538,Medium Risk
C107172,182,2,31704.635000000002,15852.317500000001,9.0,2.0,1.0,0.5,1,0.5310080366900323,Medium Risk
C113660,40,2,48698.7475,24349.37375,6.0,4.0,0.0,0.5,0,0.5310029414325608,Medium Risk
C110655,281,2,33271.044,16635.522,6.0,0.0,0.0,0.5,1,0.5309849062228222,Medium Risk
C102846,41,2,87831.45449999999,43915.727249999996,7.0,1.0,0.0,0.5,0,0.5308661044194399,Medium Risk
C106461,192,2,31961.022,15980.511,3.0,0.0,0.0,0.5,1,0.5308411198699737,Medium Risk
C101272,74,2,66451.5915,33225.795750000005,11.0,4.0,0.0,1.0,0,0.5306229579884691,Medium Risk
C106460,220,2,37821.653,18910.826500000003,12.0,3.0,1.0,0.5,1,0.5306220338010842,Medium Risk
C113235,87,2,83671.40000000001,41835.700000000004,11.0,2.0,0.0,0.0,0,0.5306197727909665,Medium Risk
C112397,523,2,20095.74,10047.87,5.0,3.0,1.0,0.5,1,0.5305984437713986,Medium Risk
C107393,118,2,31400.764000000003,15700.382000000001,8.0,2.0,1.0,0.5,1,0.5304761063882789,Medium Risk
C104393,226,3,28313.241500000004,9437.747166666668,7.0,2.0,0.0,1.0,1,0.5303893867787021,Medium Risk
C100871,185,2,24734.009,12367.0045,6.0,1.0,0.0,1.0,1,0.5303453123951721,Medium Risk
C104423,24,2,33085.54,16542.77,13.0,4.0,0.0,0.0,0,0.530302877954693,Medium Risk
C102184,257,2,32274.04,16137.02,10.0,4.0,0.0,0.0,1,0.5302805092349328,Medium Risk
C112276,190,3,17850.322,5950.107333333333,8.0,3.0,0.0,0.3333333333333333,1,0.5302013044924365,Medium Risk
C108555,304,3,126528.98150000001,42176.32716666666,7.0,3.0,2.0,0.6666666666666666,1,0.5301701750155621,Medium Risk
C101684,36,2,34781.727,17390.8635,8.0,1.0,0.0,1.0,0,0.5301410915708163,Medium Risk
C113311,35,2,17832.92,8916.46,6.0,1.0,0.0,0.5,0,0.5301187660766443,Medium Risk
C100325,41,3,80535.12800000001,26845.042666666664,8.0,2.0,1.0,1.0,0,0.5300726293568352,Medium Risk
C109824,28,2,31759.5015,15879.75075,7.0,2.0,0.0,0.5,0,0.5300574088167515,Medium Risk
C102580,659,3,78716.708,26238.90266666666,11.0,1.0,0.0,0.6666666666666666,1,0.5300341299587599,Medium Risk
C112913,50,2,32037.451,16018.7255,9.0,2.0,1.0,0.5,0,0.5300300232608793,Medium Risk
C103505,269,3,84323.5,28107.833333333332,5.0,1.0,2.0,0.0,1,0.5299851228798346,Medium Risk
C105192,305,2,31906.05,15953.025,7.0,5.0,0.0,0.0,1,0.5299640532856347,Medium Risk
C104093,97,3,70478.696,23492.898666666664,6.0,3.0,0.0,0.6666666666666666,1,0.5299147001399828,Medium Risk
C110200,357,2,37255.962,18627.981,9.0,3.0,1.0,0.5,1,0.5299086701829855,Medium Risk
C107865,6,2,30635.6,15317.8,6.0,2.0,0.0,0.0,0,0.5298614733775823,Medium Risk
C104914,168,3,78613.433,26204.477666666662,5.0,1.0,0.0,0.3333333333333333,1,0.5298204051778084,Medium Risk
C107613,257,2,41909.758,20954.879,8.0,4.0,0.0,0.5,1,0.5297883852668156,Medium Risk
C105125,538,3,94464.071,31488.023666666664,8.0,2.0,2.0,0.3333333333333333,1,0.5297742145190706,Medium Risk
C107379,131,2,34165.947,17082.9735,5.0,0.0,0.0,0.5,1,0.5297432740619974,Medium Risk
C109874,108,3,72586.805,24195.601666666666,9.0,4.0,0.0,1.0,1,0.5297008262451809,Medium Risk
C104284,79,3,80889.80099999999,26963.266999999996,8.0,3.0,1.0,0.6666666666666666,0,0.5296498884099472,Medium Risk
C100918,241,2,18979.178,9489.589,3.0,0.0,1.0,0.5,1,0.5296496744219819,Medium Risk
C104400,197,3,70442.387,23480.79566666667,13.0,1.0,0.0,0.3333333333333333,1,0.5296332266928669,Medium Risk
C103943,557,2,36886.437,18443.2185,15.0,3.0,0.0,0.5,1,0.5296149333973666,Medium Risk
C113185,180,2,41650.253,20825.1265,8.0,2.0,0.0,0.5,1,0.5296030631485826,Medium Risk
C105065,13,3,89785.781,29928.593666666664,6.0,1.0,0.0,0.3333333333333333,0,0.5295679159048938,Medium Risk
C106711,193,3,68200.10100000001,22733.367,5.0,3.0,0.0,1.0,1,0.5295281711525414,Medium Risk
C105503,183,2,15945.18,7972.59,6.0,3.0,0.0,0.5,1,0.5295124340951775,Medium Risk
C101633,426,2,33084.416,16542.208,7.0,1.0,0.0,0.5,1,0.5294895542482108,Medium Risk
C102254,15,3,83877.25450000001,27959.084833333338,13.0,5.0,1.0,0.6666666666666666,0,0.5294305388737429,Medium Risk
C106724,12,2,31383.375999999997,15691.687999999998,7.0,1.0,0.0,0.5,0,0.5293979178158361,Medium Risk
C108797,172,2,31370.984999999997,15685.492499999998,11.0,1.0,1.0,0.5,1,0.5293736360185133,Medium Risk
C111404,242,2,19924.088,9962.044,6.0,5.0,0.0,1.0,1,0.5293315559303335,Medium Risk
C113281,72,2,41227.380000000005,20613.690000000002,15.0,6.0,0.0,0.0,0,0.5292929599562899,Medium Risk
C103471,366,2,25066.4455,12533.22275,9.0,1.0,0.0,1.0,1,0.5292802967937391,Medium Risk
C107119,81,2,41944.044,20972.021999999997,8.0,2.0,0.0,0.5,0,0.5292313123761937,Medium Risk
C106823,75,2,36619.627,18309.8135,9.0,1.0,1.0,0.5,0,0.5290652015545689,Medium Risk
C108814,42,3,72052.3425,24017.4475,8.0,4.0,1.0,1.0,0,0.5290551560872856,Medium Risk
C100878,67,3,51553.634999999995,17184.545,15.0,6.0,2.0,0.6666666666666666,0,0.5290381311587202,Medium Risk
C110379,31,2,28847.497,14423.7485,6.0,1.0,1.0,0.5,0,0.5289615083926639,Medium Risk
C112818,29,2,26431.493499999997,13215.74675,9.0,2.0,0.0,1.0,0,0.5289557018075398,Medium Risk
C106002,46,2,31474.949999999997,15737.474999999999,5.0,2.0,0.0,0.5,0,0.5289417101730952,Medium Risk
C112742,129,2,31689.612999999998,15844.806499999999,5.0,2.0,0.0,0.5,1,0.5289417101730952,Medium Risk
C108884,123,3,66116.0955,22038.6985,9.0,3.0,0.0,0.6666666666666666,1,0.5288862501811554,Medium Risk
C105168,153,2,42419.034,21209.517,13.0,2.0,1.0,0.5,1,0.5288602866659031,Medium Risk
C105781,249,2,27604.6725,13802.33625,9.0,3.0,0.0,1.0,1,0.5287771804707111,Medium Risk
C112538,0,2,17683.271999999997,8841.635999999999,7.0,3.0,1.0,0.5,0,0.5287186572500231,Medium Risk
C107509,248,2,11907.510000000002,5953.755000000001,4.0,0.0,0.0,0.5,1,0.5286659157299026,Medium Risk
C107971,8,3,81147.11549999999,27049.0385,10.0,3.0,0.0,0.6666666666666666,0,0.5286546882113055,Medium Risk
C109527,55,1,36913.34,36913.34,13.0,8.0,0.0,0.0,0,0.5285742563199477,Medium Risk
C110749,18,2,36623.743,18311.8715,3.0,1.0,0.0,0.5,0,0.528555619642653,Medium Risk
C100272,481,3,67850.60800000001,22616.869333333336,6.0,1.0,2.0,0.6666666666666666,1,0.5285118562724824,Medium Risk
C105901,4,3,88086.544,29362.18133333333,9.0,4.0,0.0,0.6666666666666666,0,0.5285021163982878,Medium Risk
C101903,147,2,21053.006,10526.503,6.0,2.0,0.0,0.5,1,0.5284847923409356,Medium Risk
C113837,244,3,61019.6675,20339.889166666668,5.0,2.0,0.0,1.0,1,0.5284522145392619,Medium Risk
C101789,50,2,41672.788,20836.394,7.0,2.0,0.0,0.5,0,0.5283947892885184,Medium Risk
C114579,201,2,36793.149999999994,18396.574999999997,9.0,3.0,1.0,0.5,1,0.5283074290021819,Medium Risk
C102351,163,2,15845.460000000001,7922.7300000000005,9.0,2.0,1.0,0.5,1,0.5282563647004923,Medium Risk
C106007,81,3,74777.227,24925.74233333333,10.0,1.0,1.0,0.6666666666666666,0,0.5281887152638062,Medium Risk
C106898,29,2,16671.0685,8335.53425,11.0,2.0,1.0,0.5,0,0.5281625756762238,Medium Risk
C104063,356,2,41072.633,20536.3165,4.0,1.0,0.0,0.5,1,0.5281489251410407,Medium Risk
C107110,4,2,22434.004,11217.002,6.0,3.0,1.0,0.5,0,0.5281360756152693,Medium Risk
C114918,115,2,18866.0865,9433.043249999999,10.0,4.0,0.0,0.5,1,0.5281292041706174,Medium Risk
C110455,249,3,63220.488,21073.496,12.0,4.0,1.0,0.6666666666666666,1,0.5280724980499361,Medium Risk
C113993,2,2,45690.826,22845.412999999997,12.0,2.0,2.0,0.5,0,0.5280715170077633,Medium Risk
C101672,135,3,99536.33,33178.776666666665,9.0,1.0,2.0,0.0,1,0.5280229587384723,Medium Risk
C100667,35,2,35877.936,17938.968,10.0,3.0,0.0,0.5,0,0.5279873196811978,Medium Risk
C107858,45,2,42274.119,21137.0595,8.0,1.0,0.0,0.5,0,0.5279648387818555,Medium Risk
C110645,538,3,90586.458,30195.486000000004,4.0,2.0,0.0,0.6666666666666666,1,0.5279463674708871,Medium Risk
C109112,111,3,57076.1265,19025.3755,10.0,4.0,1.0,0.3333333333333333,1,0.5279197291894558,Medium Risk
C107806,60,3,74465.56300000001,24821.854333333336,12.0,3.0,1.0,0.6666666666666666,0,0.5278995149003463,Medium Risk
C113407,44,2,40690.741,20345.370499999997,9.0,4.0,0.0,0.5,0,0.5278394840414312,Medium Risk
C107606,20,2,39791.92,19895.96,13.0,4.0,0.0,0.0,0,0.527770634835164,Medium Risk
C102397,78,2,19249.888,9624.944,8.0,4.0,0.0,0.5,0,0.5277516995962878,Medium Risk
C103814,173,3,58881.266,19627.088666666667,9.0,3.0,1.0,0.3333333333333333,1,0.5277258293783265,Medium Risk
C102480,501,2,32085.64,16042.82,7.0,1.0,1.0,0.5,1,0.5277070735857695,Medium Risk
C101939,196,2,30445.042,15222.521,4.0,0.0,0.0,0.5,1,0.5276541685143126,Medium Risk
C104279,164,3,64491.921,21497.307,10.0,2.0,0.0,0.6666666666666666,1,0.5276030571680914,Medium Risk
C100676,2,3,61140.7005,20380.233500000002,5.0,2.0,2.0,0.6666666666666666,0,0.527595689174295,Medium Risk
C107371,113,2,41204.3155,20602.15775,7.0,1.0,1.0,0.5,1,0.5275078020752747,Medium Risk
C111634,103,3,98539.924,32846.64133333333,12.0,1.0,2.0,0.6666666666666666,1,0.5273369300707159,Medium Risk
C104556,210,3,58788.189999999995,19596.06333333333,10.0,4.0,0.0,0.3333333333333333,1,0.5273324223002872,Medium Risk
C105984,49,2,49987.182,24993.591,5.0,3.0,0.0,0.5,0,0.5273280000663901,Medium Risk
C101498,3,2,11727.234,5863.617,11.0,3.0,1.0,0.5,0,0.5273231866543032,Medium Risk
C112469,107,2,49617.407999999996,24808.703999999998,5.0,3.0,1.0,0.5,1,0.5272953172087941,Medium Risk
C100492,286,3,54680.8515,18226.9505,8.0,3.0,0.0,0.3333333333333333,1,0.5272778870295296,Medium Risk
C109934,335,3,54201.077000000005,18067.02566666667,4.0,2.0,0.0,0.3333333333333333,1,0.5272603563779898,Medium Risk
C100888,191,3,73084.69,24361.563333333335,11.0,3.0,0.0,0.6666666666666666,1,0.5272123675461561,Medium Risk
C104606,15,1,29938.29,29938.29,10.0,5.0,0.0,0.0,0,0.5271889520837163,Medium Risk
C113927,227,3,64092.542,21364.180666666667,10.0,2.0,1.0,0.3333333333333333,1,0.5271508797639987,Medium Risk
C107343,56,2,39836.4975,19918.24875,13.0,4.0,1.0,0.5,0,0.52707428929711,Medium Risk
C104162,44,3,66982.69200000001,22327.564000000002,11.0,6.0,1.0,0.3333333333333333,0,0.5270618662727672,Medium Risk
C109459,102,3,86822.154,28940.718000000004,10.0,3.0,0.0,0.6666666666666666,1,0.5270551635822087,Medium Risk
C101872,173,3,57069.2435,19023.081166666667,10.0,2.0,1.0,0.3333333333333333,1,0.5270477500135984,Medium Risk
C105616,59,3,67569.1315,22523.04383333333,11.0,5.0,0.0,0.6666666666666666,0,0.5270062965449538,Medium Risk
C107697,185,3,55020.254,18340.084666666666,9.0,2.0,0.0,0.3333333333333333,1,0.5269801675118372,Medium Risk
C101729,117,2,36410.231999999996,18205.115999999998,6.0,1.0,1.0,0.5,1,0.5269010230195861,Medium Risk
C104529,81,2,33018.907999999996,16509.453999999998,10.0,3.0,0.0,1.0,0,0.5268966891457127,Medium Risk
C104537,19,2,18544.484,9272.242,10.0,4.0,0.0,0.5,0,0.526876690523466,Medium Risk
C104129,7,2,40815.6565,20407.82825,11.0,3.0,0.0,0.5,0,0.5268730171531081,Medium Risk
C100042,200,3,27546.481,9182.160333333333,9.0,0.0,1.0,0.3333333333333333,1,0.5267238810462512,Medium Risk
C100083,0,2,32527.716,16263.858,9.0,2.0,0.0,0.5,0,0.5267094378135843,Medium Risk
C111055,841,2,32609.211,16304.6055,9.0,2.0,0.0,0.5,1,0.5267094378135843,Medium Risk
C114760,115,3,59430.480500000005,19810.16016666667,9.0,2.0,0.0,1.0,1,0.5267007285322063,Medium Risk
C108826,363,3,58126.708,19375.569333333333,12.0,4.0,1.0,0.6666666666666666,1,0.5266894486377706,Medium Risk
C108753,103,3,57005.7055,19001.901833333333,11.0,0.0,0.0,0.3333333333333333,1,0.5266858389627841,Medium Risk
C113477,264,3,59062.471,19687.490333333335,11.0,3.0,1.0,0.6666666666666666,1,0.5266460539626392,Medium Risk
C109797,111,3,74881.532,24960.51066666667,11.0,2.0,0.0,0.3333333333333333,1,0.5266450991594825,Medium Risk
C100249,232,2,29624.574,14812.287000000002,4.0,1.0,1.0,1.0,1,0.5265735318459565,Medium Risk
C105383,58,2,20989.129,10494.5645,5.0,2.0,0.0,1.0,0,0.5265122681062048,Medium Risk
C104057,24,3,59378.374,19792.791333333334,9.0,3.0,1.0,0.3333333333333333,0,0.5264692680577439,Medium Risk
C109232,36,1,3660.55,3660.55,10.0,7.0,0.0,0.0,0,0.5262372193845499,Medium Risk
C101553,100,2,34009.0545,17004.52725,7.0,0.0,0.0,0.5,1,0.52620080510217,Medium Risk
C103811,14,2,14170.474,7085.237,5.0,3.0,0.0,0.5,0,0.5261945368506167,Medium Risk
C101181,325,2,13917.854000000001,6958.927000000001,5.0,2.0,0.0,0.5,1,0.5261940150068285,Medium Risk
C105268,706,2,31872.96,15936.48,11.0,5.0,0.0,0.5,1,0.526174849381892,Medium Risk
C108959,162,3,106674.87,35558.29,10.0,2.0,1.0,0.0,1,0.5261235111018703,Medium Risk
C113769,21,2,9147.421999999999,4573.710999999999,10.0,0.0,1.0,1.0,0,0.5260323103701586,Medium Risk
C112392,222,2,29446.329999999998,14723.164999999999,5.0,0.0,0.0,1.0,1,0.5260155390315895,Medium Risk
C104554,131,3,63132.462,21044.154,8.0,3.0,0.0,0.3333333333333333,1,0.5259616602215292,Medium Risk
C106626,24,2,19982.802000000003,9991.401,5.0,2.0,1.0,0.5,0,0.525866894456914,Medium Risk
C100235,34,3,59331.8035,19777.267833333335,8.0,2.0,1.0,0.3333333333333333,0,0.5258339593676077,Medium Risk
C103538,259,3,70540.425,23513.475000000002,4.0,0.0,1.0,0.6666666666666666,1,0.5258318079980625,Medium Risk
C109026,60,2,15894.146,7947.073,9.0,4.0,0.0,0.5,0,0.5258228998250342,Medium Risk
C101128,109,2,23487.425,11743.7125,5.0,2.0,0.0,0.5,1,0.5258192796803285,Medium Risk
C113939,24,2,35147.594,17573.797000000002,7.0,2.0,0.0,0.5,0,0.5258179886681691,Medium Risk
C105928,361,2,32864.649,16432.3245,5.0,1.0,0.0,0.5,1,0.5257839635222674,Medium Risk
C107525,84,3,21603.09,7201.03,8.0,1.0,1.0,0.0,0,0.5257595396963217,Medium Risk
C102282,249,2,37483.89,18741.945,14.0,3.0,0.0,0.5,1,0.525754773579149,Medium Risk
C114148,435,2,20692.017,10346.0085,13.0,4.0,0.0,1.0,1,0.5257546475580215,Medium Risk
C102027,49,2,32045.4195,16022.70975,8.0,3.0,0.0,0.5,0,0.5257310635956691,Medium Risk
C104939,61,2,29616.1725,14808.08625,11.0,2.0,0.0,0.5,0,0.525673356810621,Medium Risk
C103192,107,3,73833.80900000001,24611.26966666667,9.0,2.0,0.0,0.3333333333333333,1,0.5256574214140707,Medium Risk
C104755,0,2,23332.912,11666.455999999998,14.0,4.0,0.0,0.5,0,0.5256523827469786,Medium Risk
C107350,562,2,40954.642,20477.321,6.0,3.0,1.0,0.5,1,0.5256431473934157,Medium Risk
C109246,278,3,55956.89,18652.296666666665,9.0,3.0,0.0,0.0,1,0.5255450797733747,Medium Risk
C111163,61,2,27260.205499999996,13630.102749999998,5.0,2.0,0.0,1.0,0,0.5254507587458476,Medium Risk
C100323,118,3,16749.023,5583.007666666667,8.0,3.0,0.0,0.6666666666666666,1,0.5254045741235585,Medium Risk
C113964,34,2,40993.96,20496.980000000003,5.0,2.0,1.0,0.5,0,0.5253699348519433,Medium Risk
C112286,160,2,23363.217,11681.6085,5.0,1.0,1.0,0.5,1,0.5253654732147385,Medium Risk
C108464,209,2,31583.21,15791.605,7.0,3.0,0.0,0.5,1,0.525319048374376,Medium Risk
C103265,37,2,27684.369,13842.1845,11.0,2.0,0.0,1.0,0,0.5253072623671402,Medium Risk
C101528,206,3,88412.892,29470.964000000004,8.0,3.0,0.0,1.0,1,0.5252581370605348,Medium Risk
C111836,100,2,28578.481,14289.2405,7.0,1.0,0.0,1.0,1,0.5252347474485288,Medium Risk
C113966,13,2,41227.21000000001,20613.605000000003,8.0,2.0,0.0,1.0,0,0.5252309233086125,Medium Risk
C112004,371,3,80702.732,26900.910666666667,6.0,3.0,0.0,0.3333333333333333,1,0.5252012537877627,Medium Risk
C105612,330,3,100201.311,33400.437,10.0,3.0,1.0,0.6666666666666666,1,0.5252004497773765,Medium Risk
C111720,8,2,57444.418999999994,28722.209499999997,15.0,3.0,1.0,0.5,0,0.5251938801062999,Medium Risk
C100270,433,2,33467.206,16733.603000000003,5.0,1.0,1.0,0.5,1,0.5251913563759606,Medium Risk
C113751,5,2,31396.225499999997,15698.112749999998,5.0,0.0,0.0,1.0,0,0.5251191979736495,Medium Risk
C103057,205,3,57119.5005,19039.8335,11.0,3.0,1.0,0.3333333333333333,1,0.5250568935467256,Medium Risk
C109031,157,3,75006.01599999999,25002.005333333334,7.0,1.0,0.0,0.3333333333333333,1,0.525049285221297,Medium Risk
C100512,0,2,36314.463,18157.2315,7.0,2.0,1.0,0.5,0,0.5249737999748362,Medium Risk
C114104,488,2,32849.802,16424.901,10.0,2.0,1.0,0.5,1,0.5249115303406481,Medium Risk
C100190,133,3,83083.641,27694.547000000002,9.0,1.0,3.0,0.6666666666666666,1,0.5249053363031301,Medium Risk
C108813,29,2,15459.572,7729.786,7.0,2.0,1.0,0.5,0,0.5248751553983454,Medium Risk
C108060,1,2,37665.132,18832.566,6.0,1.0,0.0,0.5,0,0.5248462233826178,Medium Risk
C105090,0,2,37664.0235,18832.011749999998,13.0,3.0,0.0,0.5,0,0.5247818823690366,Medium Risk
C108315,347,3,27794.125,9264.708333333334,9.0,2.0,0.0,1.0,1,0.5247738361933052,Medium Risk
C102794,514,2,25241.7905,12620.89525,9.0,2.0,0.0,1.0,1,0.5247245226992977,Medium Risk
C108983,82,2,37627.558,18813.779,8.0,3.0,0.0,0.5,0,0.5246777233494259,Medium Risk
C105594,2,3,66646.481,22215.493666666665,5.0,2.0,0.0,1.0,0,0.5246293626520943,Medium Risk
C109574,262,3,73561.42599999999,24520.475333333332,6.0,4.0,1.0,0.6666666666666666,1,0.5246150705461604,Medium Risk
C103103,27,2,38175.4605,19087.73025,5.0,0.0,1.0,0.5,0,0.5246143282731922,Medium Risk
C108074,12,2,33074.9015,16537.45075,6.0,0.0,0.0,0.5,0,0.5245739773123534,Medium Risk
C108614,101,2,32075.429,16037.7145,14.0,1.0,1.0,0.5,1,0.5245577809093009,Medium Risk
C101112,267,3,31424.65,10474.883333333333,8.0,1.0,0.0,0.0,1,0.5244883225242382,Medium Risk
C108775,27,2,15363.009999999998,7681.504999999999,5.0,2.0,0.0,0.5,0,0.5244858819817032,Medium Risk
C106167,4,2,40169.838,20084.919,13.0,3.0,2.0,0.5,0,0.52447623612908,Medium Risk
C100032,5,2,39532.958,19766.479,9.0,0.0,1.0,1.0,0,0.5243991944231393,Medium Risk
C104239,148,3,87741.4665,29247.155499999997,10.0,3.0,0.0,0.6666666666666666,1,0.5243828236657372,Medium Risk
C113168,434,3,61418.0755,20472.69183333333,10.0,3.0,3.0,0.3333333333333333,1,0.5243464708541969,Medium Risk
C108386,-1,2,53675.88,26837.940000000002,12.0,1.0,1.0,0.0,0,0.5242742353826703,Medium Risk
C114405,11,2,29399.122,14699.561,13.0,7.0,0.0,0.5,0,0.5242706721257943,Medium Risk
C113702,233,2,30449.52,15224.76,11.0,6.0,0.0,0.0,1,0.524160881840773,Medium Risk
C113466,83,2,36817.616,18408.808,6.0,1.0,0.0,0.5,0,0.5241008250149498,Medium Risk
C113998,610,3,100277.323,33425.774333333335,8.0,2.0,1.0,0.3333333333333333,1,0.5240882877156021,Medium Risk
C114227,736,3,107048.552,35682.850666666665,13.0,5.0,1.0,0.6666666666666666,1,0.5240171664373433,Medium Risk
C105955,328,2,38469.274000000005,19234.637,8.0,0.0,0.0,0.5,1,0.5239928795892326,Medium Risk
C101482,63,3,54833.305499999995,18277.7685,12.0,5.0,1.0,0.6666666666666666,0,0.5239883606479553,Medium Risk
C107998,514,3,29019.568,9673.189333333334,6.0,2.0,2.0,0.3333333333333333,1,0.5237982952285143,Medium Risk
C111576,266,2,22295.03,11147.515000000001,5.0,2.0,2.0,0.5,1,0.5237696982956938,Medium Risk
C114103,559,2,29166.157,14583.0785,7.0,3.0,1.0,1.0,1,0.5237695982302583,Medium Risk
C111866,74,3,70595.86,23531.953333333335,8.0,0.0,0.0,0.0,0,0.5237554961301488,Medium Risk
C108157,103,3,114759.2625,38253.0875,6.0,1.0,3.0,0.6666666666666666,1,0.5237537571352878,Medium Risk
C106810,88,2,23306.584000000003,11653.292,4.0,1.0,0.0,0.5,0,0.52359714945351,Medium Risk
C101803,138,3,90797.451,30265.817,7.0,0.0,0.0,0.3333333333333333,1,0.5235596591212878,Medium Risk
C110371,356,3,67654.9585,22551.65283333333,7.0,0.0,0.0,0.6666666666666666,1,0.5234140404945464,Medium Risk
C104175,136,3,32553.9225,10851.3075,6.0,3.0,2.0,1.0,1,0.5233851896151335,Medium Risk
C106326,79,3,71050.033,23683.34433333333,12.0,4.0,0.0,0.3333333333333333,0,0.5233768610797866,Medium Risk
C109156,50,2,15906.778,7953.389,10.0,4.0,0.0,0.5,0,0.523355748484247,Medium Risk
C112544,112,3,51669.67,17223.22333333333,7.0,2.0,0.0,0.0,1,0.5233556005871551,Medium Risk
C102774,-1,2,35813.688,17906.844,9.0,3.0,0.0,0.5,0,0.5233224661963948,Medium Risk
C106970,601,3,57278.748,19092.916,4.0,0.0,0.0,0.6666666666666666,1,0.5233070601873642,Medium Risk
C114054,612,3,56946.1565,18982.052166666665,8.0,2.0,0.0,0.6666666666666666,1,0.5231366952169645,Medium Risk
C112520,141,3,85970.048,28656.682666666664,10.0,3.0,1.0,0.6666666666666666,1,0.5231239652310792,Medium Risk
C102271,60,2,18968.134,9484.067,10.0,3.0,1.0,0.5,0,0.5231093629752432,Medium Risk
C105499,512,3,28412.055999999997,9470.685333333333,7.0,1.0,1.0,0.3333333333333333,1,0.5230648852269548,Medium Risk
C112814,1,3,60252.213500000005,20084.071166666665,5.0,0.0,0.0,1.0,0,0.523037690628547,Medium Risk
C114882,48,2,12766.3795,6383.1897500000005,10.0,1.0,0.0,1.0,0,0.5229731553444253,Medium Risk
C102722,28,2,32824.379,16412.1895,7.0,1.0,1.0,0.5,0,0.5229200018884771,Medium Risk
C110924,260,3,110488.986,36829.662000000004,8.0,0.0,2.0,0.3333333333333333,1,0.5228694521614358,Medium Risk
C111186,31,2,38511.4115,19255.70575,7.0,2.0,1.0,0.5,0,0.5228521948844462,Medium Risk
C105336,22,3,72695.297,24231.76566666667,6.0,0.0,0.0,0.6666666666666666,0,0.5228153578979384,Medium Risk
C112948,258,2,36627.6755,18313.83775,11.0,4.0,1.0,0.5,1,0.5228080115885729,Medium Risk
C106310,21,2,38546.75,19273.375,5.0,2.0,1.0,0.5,0,0.522753395110935,Medium Risk
C108478,357,3,73931.6605,24643.886833333334,7.0,2.0,1.0,0.3333333333333333,1,0.5227385391446769,Medium Risk
C113424,28,3,57533.585,19177.861666666668,10.0,3.0,1.0,0.3333333333333333,0,0.5227161994547181,Medium Risk
C105555,36,2,35699.49,17849.745,4.0,0.0,1.0,0.0,0,0.5226927952872567,Medium Risk
C111253,521,3,67833.179,22611.059666666668,5.0,2.0,0.0,0.6666666666666666,1,0.5226489819826178,Medium Risk
C114965,76,3,80545.949,26848.649666666664,10.0,5.0,2.0,0.6666666666666666,0,0.5226446401676063,Medium Risk
C112226,99,3,54938.914000000004,18312.971333333335,11.0,2.0,1.0,0.3333333333333333,1,0.5224925591898784,Medium Risk
C109306,34,2,32431.230499999998,16215.615249999999,15.0,1.0,0.0,0.5,0,0.5224399463974136,Medium Risk
C104614,86,2,9625.0785,4812.53925,4.0,1.0,0.0,0.5,0,0.5223669366158794,Medium Risk
C108371,8,2,35417.164000000004,17708.582000000002,10.0,5.0,1.0,0.5,0,0.5223538604166671,Medium Risk
C109169,178,3,75154.239,25051.413,7.0,2.0,2.0,0.6666666666666666,1,0.5222762573628795,Medium Risk
C110575,158,3,74939.1015,24979.700500000003,6.0,1.0,0.0,0.6666666666666666,1,0.5222720107432561,Medium Risk
C112314,-1,2,87198.879,43599.4395,6.0,0.0,2.0,0.5,0,0.5222441872071196,Medium Risk
C112784,651,2,30409.551,15204.7755,11.0,3.0,0.0,0.5,1,0.522184157400948,Medium Risk
C102188,26,3,58745.198000000004,19581.732666666667,11.0,2.0,0.0,0.3333333333333333,0,0.5221100492346733,Medium Risk
C109814,7,2,31179.461499999998,15589.730749999999,5.0,2.0,1.0,1.0,0,0.5221011599850265,Medium Risk
C110767,7,2,32237.098,16118.548999999999,4.0,1.0,0.0,0.5,0,0.5220995406904273,Medium Risk
C112677,159,3,55504.617,18501.539,8.0,3.0,1.0,0.3333333333333333,1,0.5220514311539435,Medium Risk
C107446,63,2,32101.000000000004,16050.500000000002,7.0,6.0,0.0,0.0,0,0.5220242928876416,Medium Risk
C111976,635,2,22028.443,11014.2215,3.0,1.0,0.0,0.5,1,0.5220182188236195,Medium Risk
C103403,118,3,31050.873000000003,10350.291000000001,5.0,2.0,1.0,1.0,1,0.5220176117084777,Medium Risk
C102215,-1,3,55178.122,18392.707333333336,9.0,2.0,0.0,0.3333333333333333,0,0.5219801675118372,Medium Risk
C102783,4,3,79357.889,26452.62966666667,6.0,2.0,0.0,0.6666666666666666,0,0.5219534863200394,Medium Risk
C100320,256,2,40964.886,20482.443000000003,11.0,4.0,0.0,0.5,1,0.5218789621137077,Medium Risk
C104596,54,3,66598.166,22199.388666666666,4.0,1.0,2.0,1.0,0,0.5218689978443293,Medium Risk
C106192,7,3,91210.118,30403.372666666666,10.0,2.0,0.0,0.6666666666666666,0,0.5217926550826668,Medium Risk
C112354,78,2,23429.312,11714.656,6.0,1.0,0.0,0.5,0,0.5217558906198085,Medium Risk
C102876,13,2,37056.852,18528.426,5.0,2.0,0.0,0.5,0,0.5217481592643306,Medium Risk
C101168,101,3,45633.823,15211.274333333333,14.0,7.0,1.0,0.6666666666666666,1,0.521691617778634,Medium Risk
C111301,191,2,35153.424,17576.712,12.0,1.0,0.0,0.5,1,0.5215977076772841,Medium Risk
C108112,19,2,14127.178,7063.589,5.0,2.0,0.0,0.5,0,0.5215901679722509,Medium Risk
C101796,40,3,71195.66,23731.88666666667,8.0,1.0,1.0,0.0,0,0.5215256098817511,Medium Risk
C104749,277,2,33227.212,16613.606,6.0,2.0,0.0,0.5,1,0.5215168587311136,Medium Risk
C111332,190,3,54820.222,18273.407333333333,5.0,1.0,0.0,0.3333333333333333,1,0.5214745324936698,Medium Risk
C100220,310,3,68882.519,22960.839666666667,11.0,0.0,0.0,0.6666666666666666,1,0.5214353753945652,Medium Risk
C100226,387,3,57821.538,19273.846,8.0,1.0,0.0,0.3333333333333333,1,0.5214323488096348,Medium Risk
C104747,67,2,41743.40900000001,20871.704500000003,6.0,2.0,0.0,0.5,0,0.5213893597737395,Medium Risk
C100973,232,2,34239.628,17119.814,9.0,2.0,0.0,0.5,1,0.52138902594228,Medium Risk
C100225,401,3,83633.766,27877.922000000002,7.0,2.0,0.0,0.6666666666666666,1,0.5213797128107348,Medium Risk
C104558,41,3,51426.960999999996,17142.320333333333,7.0,3.0,2.0,1.0,0,0.5213390864689293,Medium Risk
C100758,26,2,15891.269,7945.6345,11.0,4.0,0.0,0.5,0,0.5212591784284374,Medium Risk
C114297,297,5,46126.037500000006,9225.2075,14.0,6.0,2.0,0.4,1,0.5212048365349958,Medium Risk
C109559,276,3,70155.19200000001,23385.064000000002,8.0,2.0,0.0,0.3333333333333333,1,0.5211768960636776,Medium Risk
C109636,19,2,31285.0405,15642.52025,9.0,2.0,0.0,0.5,0,0.5211748726191313,Medium Risk
C105385,37,2,38025.483,19012.7415,12.0,4.0,0.0,0.5,0,0.5211707439659121,Medium Risk
C103719,134,2,22455.261,11227.630500000001,7.0,1.0,1.0,1.0,1,0.5211482133426675,Medium Risk
C114213,90,2,29199.321,14599.6605,10.0,3.0,1.0,1.0,0,0.521120307114555,Medium Risk
C101058,73,2,27853.756,13926.878,9.0,2.0,0.0,1.0,0,0.521093748631308,Medium Risk
C102274,192,3,54825.333,18275.111,9.0,2.0,1.0,1.0,1,0.5210581832569635,Medium Risk
C103100,51,2,35073.68,17536.84,4.0,1.0,1.0,0.0,0,0.5209016748823211,Medium Risk
C107972,39,3,60050.213,20016.737666666668,16.0,8.0,0.0,0.3333333333333333,0,0.5208696373444451,Medium Risk
C111572,328,3,73594.3,24531.43333333333,4.0,1.0,0.0,0.6666666666666666,1,0.5208213837643815,Medium Risk
C109493,37,2,14010.8985,7005.44925,10.0,0.0,0.0,0.5,0,0.5207653857999257,Medium Risk
C113285,132,2,31181.547000000002,15590.773500000001,7.0,3.0,1.0,1.0,1,0.5206797590563261,Medium Risk
C114187,288,3,54896.31,18298.77,6.0,2.0,0.0,0.0,1,0.5206082826612114,Medium Risk
C108936,650,2,29958.3255,14979.16275,11.0,2.0,0.0,0.5,1,0.5205976550294925,Medium Risk
C108104,215,3,60330.239,20110.07966666667,8.0,5.0,1.0,1.0,1,0.5205831221988035,Medium Risk
C102524,294,2,21121.386,10560.693000000001,9.0,4.0,1.0,0.5,1,0.5205829239963723,Medium Risk
C112710,58,2,28019.043499999996,14009.521749999998,6.0,3.0,0.0,1.0,0,0.5205014754735019,Medium Risk
C102557,11,3,57599.634,19199.878,8.0,1.0,1.0,0.6666666666666666,0,0.5205000670873555,Medium Risk
C107365,307,2,22792.3815,11396.190750000002,10.0,2.0,1.0,1.0,1,0.5204956885542982,Medium Risk
C109342,206,4,10452.654,2613.1635,5.0,2.0,0.0,0.5,1,0.5204115298399373,Medium Risk
C106714,313,2,29916.160000000003,14958.080000000002,9.0,3.0,1.0,1.0,1,0.5204074891920958,Medium Risk
C101264,201,3,50304.479999999996,16768.16,8.0,2.0,0.0,0.0,1,0.5204030672594125,Medium Risk
C107282,26,2,32269.231,16134.6155,7.0,2.0,0.0,0.5,0,0.5203963488605138,Medium Risk
C105579,70,2,41106.28,20553.140000000003,9.0,0.0,0.0,0.0,0,0.5203858401842675,Medium Risk
C108230,62,2,31166.873,15583.4365,7.0,2.0,1.0,1.0,0,0.5203772039724663,Medium Risk
C105495,152,3,58566.385,19522.128333333334,7.0,2.0,0.0,0.3333333333333333,1,0.5202678203034963,Medium Risk
C112665,123,4,86824.448,21706.112,14.0,8.0,1.0,0.75,1,0.5202102335502853,Medium Risk
C107614,14,2,33717.009,16858.5045,8.0,0.0,1.0,0.5,0,0.5201905832507354,Medium Risk
C101243,86,3,64276.0,21425.333333333332,8.0,2.0,0.0,0.6666666666666666,0,0.5201644652404633,Medium Risk
C112541,90,3,60897.5725,20299.190833333334,9.0,3.0,0.0,1.0,0,0.5201447519181496,Medium Risk
C102941,74,3,55187.689,18395.896333333334,7.0,2.0,0.0,0.3333333333333333,0,0.520140433544869,Medium Risk
C102345,33,2,32540.867,16270.433500000001,11.0,3.0,0.0,0.5,0,0.5201296600708737,Medium Risk
C103339,18,3,66894.175,22298.058333333334,8.0,0.0,0.0,1.0,0,0.5200801415575841,Medium Risk
C101734,393,2,32754.472,16377.236,12.0,3.0,0.0,0.5,1,0.5200792031279156,Medium Risk
C103421,129,3,98928.607,32976.20233333333,12.0,5.0,0.0,0.3333333333333333,1,0.5200673365539952,Medium Risk
C101491,37,2,32641.561,16320.7805,10.0,3.0,0.0,0.5,0,0.5200517467478395,Medium Risk
C104570,819,3,34830.66,11610.220000000001,10.0,2.0,0.0,0.0,1,0.5200331093029152,Medium Risk
C111783,308,3,57609.1545,19203.051499999998,4.0,1.0,1.0,0.6666666666666666,1,0.5200111318038196,Medium Risk
C111687,297,3,60936.452000000005,20312.150666666665,9.0,2.0,0.0,0.3333333333333333,1,0.5199755025455607,Medium Risk
C104867,63,2,29187.613,14593.8065,5.0,2.0,0.0,1.0,0,0.519951596333518,Medium Risk
C103718,146,3,64804.777,21601.592333333334,10.0,2.0,1.0,0.3333333333333333,1,0.5199121074003227,Medium Risk
C105146,8,3,72505.032,24168.344,11.0,3.0,0.0,0.6666666666666666,0,0.5199102483150646,Medium Risk
C110248,181,3,53371.18,17790.393333333333,6.0,1.0,0.0,0.3333333333333333,1,0.5198852114485488,Medium Risk
C106042,25,2,9288.377999999999,4644.188999999999,6.0,3.0,0.0,0.5,0,0.5198169433604202,Medium Risk
C114312,-1,2,81897.209,40948.6045,8.0,2.0,0.0,1.0,0,0.5197661416315539,Medium Risk
C106747,20,3,90355.162,30118.387333333332,11.0,4.0,1.0,0.6666666666666666,0,0.5197182828345066,Medium Risk
C104753,118,3,61059.658500000005,20353.219499999996,11.0,3.0,1.0,0.3333333333333333,1,0.5196196156648145,Medium Risk
C114612,19,3,72201.528,24067.176000000003,5.0,1.0,1.0,0.6666666666666666,0,0.5196073296708915,Medium Risk
C101327,163,3,68289.179,22763.059666666668,8.0,3.0,0.0,0.6666666666666666,1,0.5195966892020478,Medium Risk
C105686,382,3,84333.907,28111.302333333337,5.0,3.0,0.0,0.3333333333333333,1,0.519589025908405,Medium Risk
C101238,184,3,69818.262,23272.754,15.0,2.0,0.0,0.6666666666666666,1,0.5194240057672478,Medium Risk
C101440,45,3,58534.113,19511.371,8.0,2.0,0.0,0.6666666666666666,0,0.5193795245044717,Medium Risk
C104268,2,2,34765.219000000005,17382.609500000002,9.0,3.0,0.0,1.0,0,0.519308567423159,Medium Risk
C111328,338,3,77517.516,25839.172000000002,6.0,3.0,2.0,0.6666666666666666,1,0.5192689080517048,Medium Risk
C106034,80,3,65438.587,21812.862333333334,5.0,2.0,0.0,0.6666666666666666,0,0.5191487156555352,Medium Risk
C107792,46,2,21052.8295,10526.41475,5.0,0.0,0.0,0.5,0,0.5191349998906305,Medium Risk
C104518,730,3,28284.602,9428.200666666666,12.0,5.0,0.0,0.6666666666666666,1,0.5191344161707687,Medium Risk
C111574,69,3,147426.766,49142.255333333334,9.0,2.0,0.0,0.6666666666666666,0,0.5189575419891329,Medium Risk
C101162,104,3,48989.6105,16329.870166666668,12.0,2.0,1.0,1.0,1,0.5189572582773723,Medium Risk
C103409,8,2,14544.387499999999,7272.19375,5.0,2.0,1.0,0.5,0,0.5189200276580739,Medium Risk
C112357,72,2,38425.8555,19212.927750000003,5.0,2.0,1.0,0.5,0,0.5189183177776349,Medium Risk
C109949,42,3,75511.095,25170.365,6.0,3.0,0.0,0.6666666666666666,0,0.5188916300069633,Medium Risk
C107656,132,3,59952.927500000005,19984.30916666667,6.0,3.0,0.0,1.0,1,0.5188534886742872,Medium Risk
C101642,921,2,41391.047999999995,20695.524,9.0,3.0,0.0,0.5,1,0.5188410624327426,Medium Risk
C109121,622,3,65199.199499999995,21733.0665,10.0,1.0,0.0,0.3333333333333333,1,0.518729847855376,Medium Risk
C107240,160,2,14030.7655,7015.38275,12.0,4.0,0.0,1.0,1,0.5187280311514639,Medium Risk
C105972,126,3,55278.754,18426.251333333334,11.0,3.0,1.0,0.3333333333333333,1,0.5186278435086806,Medium Risk
C106084,169,2,30115.213499999998,15057.60675,7.0,0.0,0.0,0.5,1,0.5185545119088958,Medium Risk
C101706,205,2,30118.0645,15059.03225,7.0,0.0,0.0,0.5,1,0.5185545119088958,Medium Risk
C108341,110,3,96207.41,32069.13666666667,8.0,2.0,1.0,0.6666666666666666,1,0.5185345582032608,Medium Risk
C113791,264,3,75844.881,25281.626999999997,10.0,3.0,1.0,0.3333333333333333,1,0.518517089692651,Medium Risk
C104904,154,3,59270.0265,19756.6755,8.0,4.0,0.0,0.6666666666666666,1,0.518516268509097,Medium Risk
C101507,94,3,53705.46799999999,17901.822666666663,7.0,3.0,0.0,0.3333333333333333,1,0.5185142677431878,Medium Risk
C102229,158,3,61048.344,20349.448,7.0,3.0,1.0,0.3333333333333333,1,0.5184650011442378,Medium Risk
C104803,81,3,56687.613,18895.871,7.0,1.0,0.0,0.3333333333333333,0,0.5184457761607907,Medium Risk
C103515,10,2,38789.072499999995,19394.536249999997,7.0,4.0,0.0,0.5,0,0.5184398811676483,Medium Risk
C101402,179,3,54595.552,18198.517333333333,4.0,1.0,0.0,0.3333333333333333,1,0.5184112756410065,Medium Risk
C107542,30,3,80733.0445,26911.014833333335,7.0,2.0,1.0,0.3333333333333333,0,0.5183763603102576,Medium Risk
C106120,187,3,59704.161,19901.387,11.0,3.0,0.0,0.3333333333333333,1,0.5183752943243134,Medium Risk
C102237,103,3,56188.394,18729.464666666667,7.0,2.0,1.0,0.6666666666666666,1,0.5182911781320493,Medium Risk
C104103,200,3,57676.9005,19225.6335,7.0,1.0,1.0,0.6666666666666666,1,0.5182298965474121,Medium Risk
C108073,14,2,34401.549,17200.7745,8.0,0.0,1.0,1.0,0,0.5182084573100568,Medium Risk
C106979,527,2,30083.040999999997,15041.520499999999,12.0,3.0,0.0,1.0,1,0.5181812767678169,Medium Risk
C111605,273,3,55346.518000000004,18448.839333333333,8.0,2.0,1.0,0.6666666666666666,1,0.5181592787180428,Medium Risk
C107683,107,2,38998.496,19499.248,6.0,3.0,0.0,0.5,1,0.5181123053877026,Medium Risk
C112691,112,3,85713.88,28571.293333333335,10.0,3.0,1.0,0.6666666666666666,1,0.5180373309585313,Medium Risk
C104238,0,3,56453.24800000001,18817.749333333337,10.0,3.0,1.0,0.6666666666666666,0,0.5180004460954692,Medium Risk
C101668,459,3,56418.918999999994,18806.30633333333,10.0,3.0,1.0,0.6666666666666666,1,0.5180004460954692,Medium Risk
C105449,369,3,57125.478,19041.826,6.0,1.0,0.0,0.3333333333333333,1,0.5179693679394802,Medium Risk
C107015,141,2,33505.084,16752.542,8.0,3.0,0.0,0.5,1,0.5178909073609003,Medium Risk
C111752,298,3,53268.864,17756.288,9.0,3.0,1.0,0.3333333333333333,1,0.517849676832242,Medium Risk
C108490,63,2,28334.889,14167.4445,6.0,1.0,0.0,1.0,0,0.5178456310819555,Medium Risk
C104477,53,3,59968.816,19989.605333333337,8.0,1.0,0.0,1.0,0,0.5178449473328681,Medium Risk
C105717,11,2,21734.7095,10867.35475,7.0,4.0,0.0,0.5,0,0.5178375180975411,Medium Risk
C114073,-1,2,23674.706000000002,11837.353000000001,4.0,1.0,0.0,0.5,0,0.5177867731500025,Medium Risk
C105874,641,2,22511.856,11255.928,11.0,2.0,0.0,1.0,1,0.5177532675454518,Medium Risk
C113813,16,3,55274.61,18424.87,7.0,2.0,1.0,0.3333333333333333,0,0.5176985675982649,Medium Risk
C108952,19,2,42353.199,21176.5995,7.0,0.0,0.0,0.5,0,0.5176576489446374,Medium Risk
C104910,362,2,31043.548,15521.774,6.0,1.0,0.0,1.0,1,0.5176211166356884,Medium Risk
C101774,170,3,57717.9945,19239.3315,7.0,0.0,0.0,0.6666666666666666,1,0.5175334231917117,Medium Risk
C100528,12,3,52827.721000000005,17609.240333333335,9.0,5.0,0.0,0.3333333333333333,0,0.5175136470648498,Medium Risk
C100735,71,3,89334.88,29778.293333333335,7.0,3.0,1.0,0.6666666666666666,0,0.5175133742152569,Medium Risk
C108075,62,3,70199.35,23399.78333333333,8.0,1.0,1.0,0.0,0,0.517475585741162,Medium Risk
C113538,301,2,30516.101,15258.050500000001,9.0,2.0,0.0,0.5,1,0.5174592984610239,Medium Risk
C107126,201,3,54020.476,18006.825333333334,7.0,1.0,0.0,0.3333333333333333,1,0.5174381098425728,Medium Risk
C106937,211,3,67605.15000000001,22535.05,10.0,5.0,0.0,1.0,1,0.5173945214037103,Medium Risk
C108430,28,3,85915.4425,28638.480833333335,8.0,2.0,2.0,0.3333333333333333,0,0.5173655889784214,Medium Risk
C114234,76,3,60460.854999999996,20153.618333333332,6.0,0.0,1.0,1.0,0,0.5173636360381636,Medium Risk
C103667,96,3,67962.0235,22654.007833333337,7.0,2.0,1.0,0.3333333333333333,1,0.517325293384833,Medium Risk
C101813,75,3,58667.990999999995,19555.997,8.0,1.0,0.0,0.3333333333333333,0,0.517265438632871,Medium Risk
C106145,270,3,59332.352,19777.450666666668,6.0,0.0,0.0,1.0,1,0.5172271167547187,Medium Risk
C105739,205,3,17945.734,5981.9113333333335,8.0,1.0,1.0,1.0,1,0.5170903934747895,Medium Risk
C114740,22,2,34429.57,17214.785,13.0,3.0,1.0,0.0,0,0.517081740652502,Medium Risk
C111115,205,3,94783.75,31594.58333333333,8.0,2.0,0.0,0.3333333333333333,1,0.5170668291930709,Medium Risk
C109392,36,2,41752.1555,20876.07775,14.0,3.0,1.0,0.5,0,0.5170014742229294,Medium Risk
C113981,64,3,60335.441999999995,20111.814000000002,7.0,1.0,1.0,1.0,0,0.5169804518863153,Medium Risk
C109871,423,2,34064.398,17032.199,14.0,3.0,0.0,0.5,1,0.5169560018418894,Medium Risk
C104388,271,2,23201.112,11600.556,6.0,2.0,1.0,1.0,1,0.5169501719160147,Medium Risk
C105541,27,2,11029.4715,5514.73575,9.0,4.0,0.0,1.0,0,0.5169376242249121,Medium Risk
C112494,157,3,69473.972,23157.990666666665,5.0,0.0,0.0,0.6666666666666666,1,0.516848366704038,Medium Risk
C104542,178,3,46412.27250000001,15470.757500000002,14.0,8.0,0.0,0.3333333333333333,1,0.5168372445567768,Medium Risk
C107502,58,2,8170.599499999999,4085.2997499999997,2.0,1.0,0.0,0.5,0,0.516825836468195,Medium Risk
C113536,-1,2,27484.034,13742.017,8.0,2.0,0.0,1.0,0,0.5167985683541232,Medium Risk
C102847,139,3,57857.088,19285.696,6.0,2.0,1.0,0.6666666666666666,1,0.5167802214870187,Medium Risk
C113095,325,3,90156.52249999999,30052.174166666664,3.0,0.0,1.0,0.3333333333333333,1,0.516603579508602,Medium Risk
C109762,457,2,29583.138,14791.569,9.0,2.0,0.0,1.0,1,0.5165392743712196,Medium Risk
C109135,129,3,66060.273,22020.091,5.0,2.0,0.0,0.6666666666666666,1,0.51652212084649,Medium Risk
C114180,273,3,56832.368,18944.122666666666,6.0,2.0,1.0,0.6666666666666666,1,0.516467399073304,Medium Risk
C104952,8,2,28059.4,14029.7,8.0,4.0,1.0,0.0,0,0.5164147682945844,Medium Risk
C103668,214,3,55896.655,18632.218333333334,9.0,1.0,0.0,0.3333333333333333,1,0.5162418101327513,Medium Risk
C103253,55,2,34049.1805,17024.59025,6.0,1.0,1.0,0.5,0,0.5160871580029943,Medium Risk
C106108,18,2,48890.922,24445.461000000003,4.0,1.0,2.0,0.5,0,0.51608291055418,Medium Risk
C108743,21,2,43312.542,21656.271,14.0,4.0,0.0,0.5,0,0.5160730432737679,Medium Risk
C113915,24,3,74016.847,24672.282333333336,6.0,1.0,1.0,0.6666666666666666,0,0.5160699979363399,Medium Risk
C113771,114,2,22670.544,11335.272,6.0,0.0,0.0,1.0,1,0.5160656989874335,Medium Risk
C112772,36,2,19551.494000000002,9775.747000000001,6.0,2.0,1.0,0.5,0,0.5159870607609092,Medium Risk
C104210,-1,2,29959.923,14979.9615,11.0,2.0,0.0,1.0,0,0.5159451278766309,Medium Risk
C110244,97,3,55957.7665,18652.58883333333,5.0,1.0,0.0,1.0,1,0.5159111682284828,Medium Risk
C109464,36,2,38542.314,19271.157,6.0,0.0,1.0,1.0,0,0.5158450200957243,Medium Risk
C112855,489,3,62635.492,20878.497333333336,8.0,2.0,0.0,0.6666666666666666,1,0.5158386312962913,Medium Risk
C108186,27,2,37607.6115,18803.80575,8.0,4.0,1.0,0.5,0,0.5158032930461612,Medium Risk
C106852,189,3,69411.509,23137.16966666667,10.0,1.0,0.0,0.6666666666666666,1,0.5157680713829401,Medium Risk
C100556,76,3,81748.688,27249.562666666665,7.0,3.0,0.0,0.6666666666666666,0,0.5157646564897874,Medium Risk
C112639,223,2,32408.428999999996,16204.214499999998,11.0,5.0,0.0,0.5,1,0.5157458787805929,Medium Risk
C112279,244,3,56498.8375,18832.945833333335,10.0,4.0,0.0,0.6666666666666666,1,0.5157035989715552,Medium Risk
C105112,49,3,58103.101500000004,19367.7005,9.0,3.0,2.0,0.3333333333333333,0,0.5156588705427556,Medium Risk
C108396,171,3,92520.03850000001,30840.012833333338,8.0,2.0,0.0,1.0,1,0.5156455145727512,Medium Risk
C100394,102,3,58552.872,19517.624,10.0,3.0,0.0,0.6666666666666666,1,0.5156197518333205,Medium Risk
C103696,192,3,53286.002,17762.000666666667,6.0,3.0,0.0,0.3333333333333333,1,0.5156021008919212,Medium Risk
C109407,150,3,52999.954,17666.65133333333,7.0,1.0,0.0,0.3333333333333333,1,0.5155450765428189,Medium Risk
C101765,70,3,77404.257,25801.419000000005,7.0,0.0,1.0,0.6666666666666666,0,0.5154840731197841,Medium Risk
C104915,10,3,70250.82800000001,23416.94266666667,7.0,0.0,0.0,0.6666666666666666,0,0.5154534293791795,Medium Risk
C100976,154,3,59579.984000000004,19859.99466666667,10.0,2.0,0.0,0.6666666666666666,1,0.5154356400372732,Medium Risk
C113385,204,3,56423.523499999996,18807.841166666665,7.0,0.0,1.0,1.0,1,0.5154230315495514,Medium Risk
C103485,99,3,27766.226000000002,9255.408666666668,9.0,4.0,0.0,0.6666666666666666,1,0.5154112903789525,Medium Risk
C105833,248,2,48387.998999999996,24193.999499999998,9.0,2.0,3.0,0.5,1,0.5153944868746071,Medium Risk
C102945,21,2,30704.073,15352.0365,4.0,0.0,0.0,0.5,0,0.5153714803150308,Medium Risk
C108651,316,3,58113.536,19371.178666666667,9.0,0.0,1.0,0.3333333333333333,1,0.5153627163141861,Medium Risk
C114562,19,2,19951.6195,9975.80975,13.0,4.0,0.0,0.5,0,0.5153582620805959,Medium Risk
C104825,188,3,90966.075,30322.024999999998,7.0,1.0,2.0,0.3333333333333333,1,0.5152703657485642,Medium Risk
C101247,12,2,32572.428,16286.214,8.0,3.0,1.0,0.5,0,0.5152637622490869,Medium Risk
C113351,387,3,69428.8095,23142.9365,6.0,2.0,1.0,0.6666666666666666,1,0.5152318208567406,Medium Risk
C108980,57,3,66056.502,22018.834,8.0,3.0,0.0,0.3333333333333333,0,0.515095932368916,Medium Risk
C103207,602,3,64492.51,21497.503333333334,9.0,0.0,0.0,0.0,1,0.515056708320695,Medium Risk
C109064,414,3,93853.9025,31284.634166666667,9.0,2.0,0.0,0.6666666666666666,1,0.5150095776355805,Medium Risk
C113593,63,3,78630.61600000001,26210.205333333335,12.0,4.0,0.0,0.6666666666666666,0,0.5149634280975768,Medium Risk
C105428,2,2,45408.78200000001,22704.391000000003,6.0,4.0,0.0,0.5,0,0.5149438549026634,Medium Risk
C105769,7,2,35926.2635,17963.131750000004,12.0,4.0,0.0,1.0,0,0.5149014641208668,Medium Risk
C109965,9,3,62981.9155,20993.971833333333,9.0,3.0,0.0,0.6666666666666666,0,0.5147907240280417,Medium Risk
C104367,276,3,78315.912,26105.304,12.0,2.0,0.0,0.6666666666666666,1,0.5147730799707113,Medium Risk
C111183,59,2,30040.133,15020.0665,11.0,3.0,0.0,0.5,0,0.5145994693777017,Medium Risk
C106878,29,3,68867.7935,22955.931166666665,6.0,2.0,1.0,0.6666666666666666,0,0.5145445674145624,Medium Risk
C110502,25,2,41274.4145,20637.20725,9.0,2.0,0.0,0.5,0,0.5144933404469678,Medium Risk
C111070,7,2,38951.520500000006,19475.76025,3.0,0.0,1.0,1.0,0,0.5144787805229442,Medium Risk
C111084,248,3,58605.054000000004,19535.018,11.0,2.0,0.0,0.6666666666666666,1,0.5144778021897988,Medium Risk
C110053,317,3,61403.80300000001,20467.934333333335,8.0,3.0,0.0,1.0,1,0.5144487036268444,Medium Risk
C105726,1,2,27821.502,13910.751,9.0,3.0,0.0,1.0,0,0.5144465608699644,Medium Risk
C110711,48,2,36323.947499999995,18161.973749999997,12.0,1.0,0.0,0.5,0,0.5143860168831609,Medium Risk
C106645,210,3,72951.643,24317.214333333333,9.0,2.0,1.0,0.3333333333333333,1,0.5142852479827449,Medium Risk
C111927,83,2,29866.674,14933.337,10.0,1.0,1.0,0.5,0,0.514278576339796,Medium Risk
C110820,35,2,88438.22600000001,44219.113000000005,7.0,0.0,1.0,0.5,0,0.5141594227660282,Medium Risk
C106778,28,3,94142.46,31380.820000000003,8.0,4.0,0.0,0.6666666666666666,0,0.514138069035983,Medium Risk
C110773,73,2,34257.674,17128.837,7.0,2.0,0.0,0.5,0,0.514110548051391,Medium Risk
C107414,56,2,32242.504,16121.252,8.0,3.0,0.0,0.5,0,0.5141044043556326,Medium Risk
C110011,135,3,58308.152,19436.050666666666,6.0,1.0,0.0,0.3333333333333333,1,0.5139435505159302,Medium Risk
C114286,199,3,58351.03600000001,19450.345333333335,6.0,1.0,0.0,0.3333333333333333,1,0.5139435505159302,Medium Risk
C108054,182,3,35556.004,11852.001333333334,12.0,6.0,0.0,0.6666666666666666,1,0.5138729329208456,Medium Risk
C104722,131,3,51158.686,17052.895333333334,11.0,2.0,0.0,1.0,1,0.5138711773298854,Medium Risk
C101587,26,2,36866.757999999994,18433.378999999997,12.0,5.0,0.0,1.0,0,0.5138567197185155,Medium Risk
C109999,139,3,93903.2705,31301.090166666665,6.0,2.0,2.0,0.6666666666666666,1,0.513832440371311,Medium Risk
C108920,228,3,21835.636,7278.545333333333,9.0,1.0,1.0,0.3333333333333333,1,0.5137865122784535,Medium Risk
C102064,2,2,11133.558,5566.779,4.0,2.0,1.0,0.5,0,0.5137049072148554,Medium Risk
C111844,133,3,61196.985,20398.995,8.0,2.0,0.0,1.0,1,0.5136720103135832,Medium Risk
C100902,0,3,77420.906,25806.968666666668,7.0,2.0,0.0,0.6666666666666666,0,0.5136464752821255,Medium Risk
C101141,148,3,11780.6835,3926.8945,4.0,1.0,0.0,1.0,1,0.5135853772973143,Medium Risk
C113515,61,3,58088.048,19362.682666666668,6.0,2.0,0.0,1.0,0,0.5135066622329665,Medium Risk
C103303,262,3,57272.5,19090.833333333332,7.0,1.0,0.0,0.6666666666666666,1,0.5135040170539342,Medium Risk
C103289,223,3,77296.174,25765.391333333333,6.0,2.0,0.0,0.6666666666666666,1,0.5134439650819393,Medium Risk
C103777,7,2,15166.326,7583.163,5.0,1.0,1.0,0.5,0,0.5134284519311569,Medium Risk
C108667,4,3,68965.394,22988.464666666667,6.0,3.0,1.0,0.6666666666666666,0,0.513399745122932,Medium Risk
C114724,146,3,59636.792,19878.930666666667,6.0,0.0,2.0,0.6666666666666666,1,0.5133824800885118,Medium Risk
C102643,73,3,72389.65699999999,24129.88566666667,8.0,2.0,0.0,0.3333333333333333,0,0.5133495658341163,Medium Risk
C104245,76,3,88657.523,29552.50766666667,9.0,1.0,1.0,0.3333333333333333,0,0.513347356007736,Medium Risk
C103758,14,2,81365.481,40682.7405,11.0,3.0,0.0,1.0,0,0.5132780688735905,Medium Risk
C109376,128,2,31199.690000000002,15599.845000000001,12.0,3.0,0.0,0.5,1,0.5132682385806788,Medium Risk
C113554,142,4,123030.2565,30757.564125,10.0,7.0,2.0,0.5,1,0.5132633466403808,Medium Risk
C103263,54,3,76793.413,25597.804333333333,8.0,2.0,1.0,0.3333333333333333,0,0.5132285626370655,Medium Risk
C110728,11,2,42491.613,21245.8065,13.0,3.0,0.0,0.5,0,0.5131938036800473,Medium Risk
C103833,149,3,60943.3195,20314.439833333334,5.0,2.0,0.0,0.6666666666666666,1,0.5131772820160707,Medium Risk
C107891,242,3,93948.7365,31316.245500000005,5.0,0.0,2.0,0.6666666666666666,1,0.5131686407567753,Medium Risk
C104701,70,3,94018.03,31339.343333333334,9.0,2.0,3.0,0.3333333333333333,0,0.5130509292388231,Medium Risk
C106488,20,3,56819.156,18939.718666666668,6.0,2.0,1.0,0.3333333333333333,0,0.5129607934178323,Medium Risk
C113296,225,2,36892.9695,18446.48475,8.0,4.0,0.0,0.5,1,0.5129588522578294,Medium Risk
C113737,143,3,112957.714,37652.57133333333,7.0,2.0,2.0,0.6666666666666666,1,0.5129403317849461,Medium Risk
C109538,576,3,52696.198000000004,17565.399333333335,8.0,2.0,1.0,0.6666666666666666,1,0.5129322735904907,Medium Risk
C107953,249,3,59571.206000000006,19857.06866666667,8.0,0.0,0.0,0.6666666666666666,1,0.5129022903884111,Medium Risk
C114816,964,2,23056.644500000002,11528.322250000001,5.0,0.0,0.0,1.0,1,0.5128945494713948,Medium Risk
C104212,125,3,64015.601,21338.533666666666,5.0,0.0,0.0,0.6666666666666666,1,0.5128808236751197,Medium Risk
C111824,286,4,119247.31,29811.8275,9.0,5.0,1.0,0.0,1,0.5128680578491742,Medium Risk
C101275,283,3,59235.0695,19745.023166666662,7.0,2.0,0.0,0.6666666666666666,1,0.5128563172794753,Medium Risk
C100778,98,3,55467.150499999996,18489.050166666664,9.0,2.0,0.0,0.6666666666666666,1,0.5128290432723677,Medium Risk
C110801,30,2,42064.86,21032.43,9.0,3.0,2.0,0.0,0,0.5128122603147712,Medium Risk
C110677,272,3,100502.664,33500.888,8.0,3.0,0.0,1.0,1,0.5127819040447555,Medium Risk
C100178,22,3,66162.89300000001,22054.29766666667,12.0,2.0,0.0,0.6666666666666666,0,0.5127350550330876,Medium Risk
C109015,38,3,78108.7,26036.233333333334,6.0,2.0,0.0,0.0,0,0.5126712374064435,Medium Risk
C111710,313,3,105567.849,35189.282999999996,9.0,5.0,0.0,1.0,1,0.5125668171334926,Medium Risk
C106965,566,2,28819.5815,14409.79075,8.0,2.0,0.0,1.0,1,0.5124691927057272,Medium Risk
C104196,80,3,56354.4015,18784.8005,9.0,2.0,0.0,0.6666666666666666,0,0.5124226411395897,Medium Risk
C105706,22,3,56254.492,18751.497333333333,9.0,2.0,0.0,0.6666666666666666,0,0.5124226411395897,Medium Risk
C103074,0,3,73886.70499999999,24628.90166666666,10.0,4.0,0.0,0.3333333333333333,0,0.5124114994042424,Medium Risk
C109331,69,2,24365.983500000002,12182.991750000001,4.0,0.0,0.0,1.0,0,0.5123640880172189,Medium Risk
C114942,109,3,84995.361,28331.787,5.0,3.0,0.0,0.3333333333333333,1,0.5123251615387763,Medium Risk
C111351,247,3,86934.753,28978.251,6.0,2.0,1.0,0.6666666666666666,1,0.5122677725599396,Medium Risk
C108452,624,3,100281.1385,33427.04616666667,9.0,4.0,0.0,0.6666666666666666,1,0.5121302220327294,Medium Risk
C100142,22,3,68032.314,22677.438,11.0,3.0,0.0,0.6666666666666666,0,0.5120084104333366,Medium Risk
C108251,53,3,75928.738,25309.57933333333,7.0,1.0,1.0,0.6666666666666666,0,0.5119821891033727,Medium Risk
C106856,54,3,59136.467,19712.155666666662,5.0,1.0,0.0,0.6666666666666666,0,0.5119753611930465,Medium Risk
C106211,357,3,91144.5665,30381.522166666666,7.0,1.0,1.0,0.6666666666666666,1,0.5119656366402885,Medium Risk
C104479,327,2,29878.178999999996,14939.089499999998,7.0,3.0,0.0,0.5,1,0.5119115657507397,Medium Risk
C101988,263,3,80905.37700000001,26968.459000000003,4.0,0.0,0.0,0.6666666666666666,1,0.5118862698620602,Medium Risk
C100669,155,3,56485.662000000004,18828.554,3.0,0.0,0.0,1.0,1,0.5118103763301641,Medium Risk
C111596,8,2,114419.145,57209.5725,7.0,1.0,1.0,1.0,0,0.5117983679449851,Medium Risk
C111307,134,3,64727.726,21575.908666666666,11.0,3.0,0.0,0.3333333333333333,1,0.5117865425682656,Medium Risk
C101882,46,2,41377.850000000006,20688.925,8.0,0.0,0.0,0.0,0,0.5117591725572115,Medium Risk
C107923,218,3,33090.11,11030.036666666667,7.0,1.0,0.0,0.0,1,0.5117439530236314,Medium Risk
C113347,37,2,22497.944000000003,11248.972000000002,14.0,4.0,0.0,0.5,0,0.5116926084872141,Medium Risk
C101960,11,3,66379.402,22126.467333333334,7.0,0.0,0.0,0.6666666666666666,0,0.5116890389305033,Medium Risk
C102568,139,3,59002.788,19667.596,5.0,0.0,0.0,0.3333333333333333,1,0.5116877330988021,Medium Risk
C108056,241,2,30144.08,15072.039999999999,9.0,1.0,0.0,1.0,1,0.5116246036149689,Medium Risk
C107409,2,2,62858.389500000005,31429.194750000002,1.0,0.0,0.0,1.0,0,0.5116190365843661,Medium Risk
C111137,0,2,49256.444,24628.222,6.0,3.0,2.0,0.5,0,0.5116009978211737,Medium Risk
C100934,556,2,30217.006,15108.503,4.0,1.0,0.0,0.5,1,0.5115612269666996,Medium Risk
C102766,97,3,111515.1175,37171.70583333333,11.0,5.0,1.0,0.6666666666666666,1,0.5114753385443446,Medium Risk
C110189,12,3,69650.982,23216.994000000002,8.0,1.0,1.0,0.6666666666666666,0,0.511450787010039,Medium Risk
C102338,16,3,53716.444,17905.481333333333,7.0,0.0,0.0,0.6666666666666666,0,0.5114306604247036,Medium Risk
C100129,104,3,27398.426499999998,9132.808833333333,9.0,4.0,1.0,0.3333333333333333,1,0.5114183452163024,Medium Risk
C100430,67,3,62392.78799999999,20797.595999999998,6.0,3.0,1.0,0.6666666666666666,0,0.5113446029668652,Medium Risk
C103184,15,3,63840.9465,21280.3155,10.0,1.0,0.0,0.6666666666666666,0,0.5113414624043795,Medium Risk
C108542,115,3,19620.712,6540.2373333333335,6.0,1.0,1.0,0.3333333333333333,1,0.5113290251044048,Medium Risk
C113796,514,2,35517.576,17758.788,6.0,3.0,0.0,0.5,1,0.5113019624317722,Medium Risk
C106213,130,3,52755.1325,17585.044166666667,11.0,3.0,0.0,0.3333333333333333,1,0.5112731889127433,Medium Risk
C100301,275,3,47853.56,15951.186666666666,7.0,2.0,0.0,0.0,1,0.5112337454357934,Medium Risk
C104234,34,2,28263.266499999998,14131.633249999999,6.0,0.0,0.0,1.0,0,0.5112125298367729,Medium Risk
C108516,340,3,35976.313500000004,11992.104500000001,6.0,2.0,1.0,1.0,1,0.5111356387539864,Medium Risk
C106282,176,3,103404.985,34468.32833333333,7.0,2.0,2.0,0.3333333333333333,1,0.5110934258834609,Medium Risk
C110146,20,3,58660.926999999996,19553.642333333333,11.0,3.0,0.0,0.6666666666666666,0,0.5110503885757424,Medium Risk
C113975,88,3,53068.7855,17689.595166666666,10.0,1.0,0.0,0.3333333333333333,0,0.5109941902901631,Medium Risk
C106494,489,2,35110.227999999996,17555.113999999998,9.0,3.0,0.0,0.5,1,0.5109544736371793,Medium Risk
C101138,341,3,101546.769,33848.923,8.0,2.0,1.0,0.6666666666666666,1,0.5108653562490374,Medium Risk
C103175,6,3,95439.42,31813.14,3.0,1.0,1.0,0.0,0,0.5108362405518259,Medium Risk
C102602,11,3,57997.200500000006,19332.40016666667,14.0,5.0,1.0,0.3333333333333333,0,0.5108015448589469,Medium Risk
C102745,87,2,30258.039,15129.0195,7.0,0.0,0.0,0.5,0,0.510780798857708,Medium Risk
C102001,286,2,36143.721000000005,18071.860500000003,8.0,4.0,0.0,0.5,1,0.5107789186615653,Medium Risk
C110730,30,3,71045.45499999999,23681.81833333333,6.0,4.0,0.0,0.6666666666666666,0,0.5106679993032945,Medium Risk
C103798,51,3,85635.071,28545.023666666664,10.0,2.0,0.0,0.6666666666666666,0,0.5106081187838651,Medium Risk
C110973,166,2,30878.677,15439.3385,4.0,0.0,1.0,0.5,1,0.5106013424636978,Medium Risk
C114967,98,3,63307.8175,21102.60583333333,5.0,3.0,0.0,0.3333333333333333,1,0.5105672008943837,Medium Risk
C113451,412,3,35228.9375,11742.979166666666,5.0,2.0,0.0,1.0,1,0.5105612918166805,Medium Risk
C108668,219,3,54402.6465,18134.215500000002,7.0,0.0,0.0,0.6666666666666666,1,0.5105142583751573,Medium Risk
C104224,64,2,36177.179000000004,18088.589500000002,6.0,3.0,0.0,0.5,0,0.5104689479159964,Medium Risk
C107454,74,3,55638.9095,18546.30316666667,8.0,2.0,1.0,0.6666666666666666,0,0.5104485609738092,Medium Risk
C104902,61,3,55678.5325,18559.510833333334,8.0,2.0,1.0,0.6666666666666666,0,0.5104485609738092,Medium Risk
C105052,357,3,67725.53600000001,22575.178666666663,7.0,2.0,0.0,0.3333333333333333,1,0.5103743556992297,Medium Risk
C114925,309,3,28553.7205,9517.906833333334,10.0,1.0,0.0,0.6666666666666666,1,0.5103741758359075,Medium Risk
C112580,8,1,28545.160000000003,28545.160000000003,12.0,8.0,0.0,1.0,0,0.510248276490406,Medium Risk
C113654,192,3,134661.69199999998,44887.23066666666,9.0,2.0,0.0,0.6666666666666666,1,0.5102046226360806,Medium Risk
C108458,94,3,54798.277,18266.092333333334,7.0,2.0,0.0,0.6666666666666666,1,0.5101927356186698,Medium Risk
C109101,79,3,82975.046,27658.34866666667,10.0,1.0,1.0,0.3333333333333333,0,0.5101487295798265,Medium Risk
C114782,553,2,30932.392499999998,15466.196249999999,5.0,2.0,0.0,1.0,1,0.5101132185734598,Medium Risk
C103245,234,3,27353.463499999998,9117.821166666667,8.0,2.0,0.0,0.6666666666666666,1,0.5100385451898493,Medium Risk
C100122,145,3,35603.043999999994,11867.681333333332,5.0,0.0,0.0,0.6666666666666666,1,0.5099745395602654,Medium Risk
C109679,64,3,67602.4075,22534.135833333334,11.0,4.0,0.0,0.6666666666666666,0,0.5099573583913156,Medium Risk
C107780,94,2,32326.95,16163.475,7.0,4.0,0.0,0.0,1,0.5099524163225456,Medium Risk
C101641,180,3,61910.8275,20636.9425,5.0,2.0,1.0,0.6666666666666666,1,0.5099372613280811,Medium Risk
C109745,65,3,60032.545,20010.84833333333,11.0,2.0,0.0,0.6666666666666666,0,0.5098905707935198,Medium Risk
C110255,31,2,16338.771,8169.3855,13.0,3.0,1.0,0.5,0,0.5097934321289092,Medium Risk
C101703,21,3,62471.3775,20823.7925,6.0,1.0,1.0,1.0,0,0.5097807682469412,Medium Risk
C112644,16,3,92995.35999999999,30998.453333333335,8.0,1.0,0.0,0.0,0,0.5097199067115029,Medium Risk
C102223,62,3,69418.609,23139.536333333333,7.0,0.0,0.0,0.6666666666666666,0,0.509679409667447,Medium Risk
C107625,303,3,60120.5695,20040.189833333334,10.0,1.0,0.0,0.6666666666666666,1,0.5096179873872524,Medium Risk
C106527,4,2,36728.314,18364.157,12.0,4.0,0.0,0.5,0,0.5096048611547761,Medium Risk
C104151,249,3,102713.904,34237.968,9.0,4.0,1.0,0.6666666666666666,1,0.5096003909721574,Medium Risk
C105395,137,3,61018.653999999995,20339.551333333333,5.0,3.0,0.0,0.6666666666666666,1,0.5095743256172978,Medium Risk
C103841,284,2,34684.978,17342.489,6.0,1.0,0.0,0.5,1,0.5095580026049241,Medium Risk
C103710,262,2,37007.776,18503.888,8.0,2.0,2.0,0.5,1,0.5095515736567234,Medium Risk
C106341,195,3,49497.09,16499.03,7.0,1.0,0.0,0.0,1,0.5094049247429402,Medium Risk
C105463,127,3,86364.459,28788.153000000002,4.0,0.0,0.0,0.6666666666666666,1,0.509364203799976,Medium Risk
C103157,570,2,33464.556,16732.278,13.0,4.0,0.0,1.0,1,0.509324274263134,Medium Risk
C114001,3,3,76326.01800000001,25442.006000000005,9.0,2.0,1.0,0.3333333333333333,0,0.5092801897690468,Medium Risk
C114307,224,3,53351.0795,17783.693166666668,6.0,0.0,0.0,0.6666666666666666,1,0.509262105914977,Medium Risk
C103680,58,3,76293.696,25431.232,18.0,6.0,1.0,1.0,0,0.5092239658987885,Medium Risk
C110788,426,3,68344.51,22781.503333333338,5.0,2.0,0.0,0.6666666666666666,1,0.5091916619228818,Medium Risk
C104074,122,3,28705.5905,9568.530166666666,8.0,0.0,0.0,0.3333333333333333,1,0.5091855727665656,Medium Risk
C105527,356,3,29000.474000000002,9666.824666666667,7.0,1.0,0.0,0.3333333333333333,1,0.5091620758305241,Medium Risk
C108518,11,2,37944.649,18972.3245,7.0,4.0,0.0,0.5,0,0.5091518431872454,Medium Risk
C101504,129,3,55410.3965,18470.132166666666,8.0,4.0,0.0,0.6666666666666666,1,0.5091465792632226,Medium Risk
C105274,26,3,56930.538,18976.846,8.0,3.0,1.0,1.0,0,0.5090310219637488,Medium Risk
C113859,226,3,77467.1635,25822.38783333333,7.0,1.0,0.0,0.6666666666666666,1,0.5089288968935467,Medium Risk
C102854,637,3,89870.437,29956.812333333335,6.0,1.0,0.0,1.0,1,0.5088749029668086,Medium Risk
C102448,175,3,55735.375499999995,18578.4585,10.0,4.0,0.0,0.6666666666666666,1,0.508835820837013,Medium Risk
C106446,28,3,87939.285,29313.095,6.0,2.0,0.0,0.6666666666666666,0,0.5088232799704464,Medium Risk
C104610,491,2,14873.907499999998,7436.953749999999,4.0,1.0,1.0,0.5,1,0.5088041551554143,Medium Risk
C114552,13,2,15768.59,7884.295,6.0,1.0,1.0,0.5,0,0.5087268917992822,Medium Risk
C111694,39,2,29689.859,14844.929500000002,8.0,2.0,0.0,1.0,0,0.508694632515571,Medium Risk
C102243,130,3,51195.26,17065.086666666666,10.0,4.0,0.0,0.0,1,0.5086924426455554,Medium Risk
C107363,64,3,72043.52900000001,24014.50966666667,7.0,1.0,1.0,0.3333333333333333,0,0.5083999507232292,Medium Risk
C110088,5,3,60292.504,20097.501333333334,7.0,1.0,0.0,0.3333333333333333,0,0.5083498051889422,Medium Risk
C104173,115,3,70265.034,23421.678,5.0,1.0,1.0,0.3333333333333333,1,0.5083373899694562,Medium Risk
C107898,48,3,64132.653,21377.550999999996,7.0,3.0,0.0,0.3333333333333333,0,0.5083138902577571,Medium Risk
C113620,484,2,30510.528,15255.264,7.0,2.0,1.0,0.5,1,0.5082937781580048,Medium Risk
C112545,255,3,50396.431500000006,16798.810500000003,11.0,6.0,0.0,0.6666666666666666,1,0.5082711750125701,Medium Risk
C111971,52,3,54270.456,18090.152,5.0,2.0,0.0,0.6666666666666666,0,0.5082188493722616,Medium Risk
C112376,17,2,31062.040999999997,15531.020499999999,9.0,1.0,0.0,0.5,0,0.5082106028163556,Medium Risk
C101250,12,2,41195.171,20597.5855,6.0,1.0,0.0,0.5,0,0.5082048759880362,Medium Risk
C101921,16,2,32845.380000000005,16422.690000000002,6.0,4.0,0.0,0.0,0,0.5081840890317433,Medium Risk
C102867,79,3,66929.59,22309.86333333333,5.0,4.0,1.0,0.0,0,0.5081361436204542,Medium Risk
C114528,88,2,28684.195,14342.0975,3.0,1.0,1.0,0.5,0,0.5081107244305154,Medium Risk
C113020,110,3,65909.21,21969.736666666668,9.0,1.0,2.0,0.0,1,0.5080787703729681,Medium Risk
C112616,363,3,53246.9795,17748.993166666667,10.0,4.0,0.0,0.6666666666666666,1,0.5079976414388414,Medium Risk
C102325,62,3,80772.013,26924.004333333334,9.0,1.0,0.0,0.6666666666666666,0,0.5079250967346518,Medium Risk
C102702,39,2,35037.7615,17518.88075,6.0,1.0,0.0,0.5,0,0.5078646586017896,Medium Risk
C100299,12,3,27996.120000000003,9332.04,7.0,4.0,0.0,0.0,0,0.5078298434443714,Medium Risk
C109920,602,3,81813.3185,27271.106166666665,5.0,2.0,1.0,1.0,1,0.5078095835038866,Medium Risk
C108910,434,2,30788.402499999997,15394.201249999998,11.0,2.0,0.0,1.0,1,0.5077851124335119,Medium Risk
C110555,268,3,31256.573500000002,10418.857833333333,9.0,1.0,0.0,0.3333333333333333,1,0.5077577063789825,Medium Risk
C107232,116,3,74044.932,24681.644,6.0,4.0,0.0,0.6666666666666666,1,0.5077233989618269,Medium Risk
C102122,36,2,47775.3405,23887.67025,1.0,0.0,0.0,1.0,0,0.507703084227836,Medium Risk
C100812,135,3,61128.874,20376.291333333334,8.0,3.0,0.0,0.6666666666666666,1,0.5076791960551251,Medium Risk
C114427,125,3,55941.774000000005,18647.258,10.0,4.0,0.0,0.6666666666666666,1,0.5076597131152111,Medium Risk
C100831,63,3,67917.027,22639.009000000002,10.0,2.0,0.0,0.3333333333333333,0,0.5076478303069561,Medium Risk
C105853,691,2,20145.962499999998,10072.98125,13.0,4.0,0.0,1.0,1,0.5075891013145939,Medium Risk
C104431,180,2,11103.484,5551.742,4.0,1.0,1.0,0.5,1,0.5075788629868607,Medium Risk
C112997,630,3,29847.912,9949.304,5.0,1.0,2.0,0.6666666666666666,1,0.5075701384108747,Medium Risk
C107930,4,3,94874.99250000001,31624.9975,9.0,2.0,0.0,0.6666666666666666,0,0.5075599496134656,Medium Risk
C104263,311,2,29302.96,14651.48,14.0,6.0,0.0,1.0,1,0.5073781101016681,Medium Risk
C114727,128,4,55535.228,13883.807,19.0,6.0,2.0,0.75,1,0.5072787312639334,Medium Risk
C106445,183,3,90618.04000000001,30206.013333333336,8.0,1.0,1.0,1.0,1,0.5072713458564331,Medium Risk
C113744,8,2,16866.381999999998,8433.190999999999,10.0,5.0,1.0,0.5,0,0.5072531190706847,Medium Risk
C113163,62,3,89674.0055,29891.335166666668,10.0,1.0,1.0,0.6666666666666666,0,0.5072257816161065,Medium Risk
C109801,54,3,58715.882,19571.960666666666,7.0,1.0,0.0,0.6666666666666666,0,0.5072067960940295,Medium Risk
C113729,44,3,63226.291000000005,21075.430333333334,7.0,2.0,0.0,1.0,0,0.5071200583194501,Medium Risk
C113267,67,3,68267.874,22755.958000000002,8.0,3.0,0.0,0.3333333333333333,0,0.5070799812478581,Medium Risk
C112893,4,3,84210.175,28070.058333333334,4.0,3.0,0.0,0.6666666666666666,0,0.5070659714883459,Medium Risk
C106208,38,2,33931.4795,16965.73975,5.0,2.0,0.0,0.5,0,0.5069694489080351,Medium Risk
C107564,20,2,85538.51200000002,42769.25600000001,8.0,2.0,0.0,1.0,0,0.5069625011886238,Medium Risk
C113352,44,3,64350.22,21450.073333333334,11.0,3.0,0.0,0.0,0,0.5069467137347393,Medium Risk
C105657,10,2,34068.434,17034.217,10.0,3.0,1.0,0.5,0,0.5068566497727365,Medium Risk
C109968,121,3,68758.6265,22919.542166666666,4.0,1.0,0.0,0.6666666666666666,1,0.5067808609705547,Medium Risk
C112757,17,2,43048.01,21524.005,16.0,1.0,0.0,0.0,0,0.5067743256900791,Medium Risk
C108692,17,3,62866.191000000006,20955.397,9.0,1.0,0.0,0.6666666666666666,0,0.5066267372943049,Medium Risk
C104727,148,3,63531.335999999996,21177.111999999997,6.0,3.0,0.0,0.3333333333333333,1,0.5066242033132013,Medium Risk
C113491,128,3,64094.57,21364.856666666667,6.0,1.0,0.0,0.0,1,0.506621418565658,Medium Risk
C110055,110,3,52575.81,17525.27,7.0,3.0,0.0,0.3333333333333333,1,0.5065311960559488,Medium Risk
C102710,120,3,50810.84,16936.946666666667,8.0,3.0,0.0,0.0,1,0.5064413802046617,Medium Risk
C106816,637,3,68799.804,22933.268,4.0,1.0,1.0,0.6666666666666666,1,0.5064045054293436,Medium Risk
C112299,30,2,12556.269,6278.1345,3.0,0.0,0.0,0.5,0,0.5063993166106249,Medium Risk
C101032,45,3,66823.43,22274.476666666666,10.0,6.0,0.0,0.3333333333333333,0,0.5063792465524174,Medium Risk
C113681,87,3,68543.652,22847.884000000002,12.0,2.0,0.0,0.6666666666666666,0,0.5063435031455119,Medium Risk
C105581,70,3,60624.83,20208.27666666667,8.0,2.0,1.0,0.0,0,0.5063389002433671,Medium Risk
C107711,127,3,31163.636,10387.878666666666,5.0,3.0,0.0,0.6666666666666666,1,0.506311040398177,Medium Risk
C106755,355,3,27037.271500000003,9012.423833333334,8.0,2.0,0.0,1.0,1,0.5062912553263906,Medium Risk
C103535,50,2,23971.848,11985.924,11.0,3.0,0.0,1.0,0,0.5062236148958114,Medium Risk
C111826,96,3,55822.8405,18607.6135,9.0,3.0,0.0,0.6666666666666666,1,0.5062204189667012,Medium Risk
C114874,377,3,100423.798,33474.59933333333,2.0,0.0,0.0,0.3333333333333333,1,0.5062000375484489,Medium Risk
C111604,27,3,81252.052,27084.017333333337,9.0,1.0,0.0,1.0,0,0.5061726430014499,Medium Risk
C106031,118,3,89122.872,29707.624,4.0,1.0,1.0,0.6666666666666666,1,0.5061381639486592,Medium Risk
C109038,13,2,30550.912000000004,15275.456000000002,7.0,3.0,0.0,0.5,0,0.5061294658280968,Medium Risk
C111660,88,3,95910.32,31970.106666666663,11.0,2.0,0.0,0.0,0,0.5060766910451556,Medium Risk
C113258,92,3,46246.490000000005,15415.496666666668,9.0,2.0,2.0,1.0,1,0.5060564727477437,Medium Risk
C111063,4,3,27754.228499999997,9251.4095,7.0,1.0,0.0,1.0,0,0.5060309902997744,Medium Risk
C113806,198,2,30682.174,15341.087,7.0,2.0,1.0,1.0,1,0.5059270017751047,Medium Risk
C100000,255,3,63278.090000000004,21092.69666666667,13.0,4.0,0.0,0.3333333333333333,1,0.5059015610893394,Medium Risk
C103615,5,2,24795.663999999997,12397.831999999999,9.0,3.0,1.0,1.0,0,0.5058751912413196,Medium Risk
C113717,44,3,69919.6995,23306.5665,6.0,3.0,0.0,0.6666666666666666,0,0.5058018495129183,Medium Risk
C114894,1,3,86122.95,28707.649999999998,5.0,1.0,0.0,0.0,0,0.5057978121727913,Medium Risk
C108465,29,3,59241.154500000004,19747.051499999998,6.0,3.0,0.0,0.6666666666666666,0,0.505757461989612,Medium Risk
C102097,26,3,96242.122,32080.707333333336,9.0,2.0,0.0,0.3333333333333333,0,0.5057229021872063,Medium Risk
C106078,267,3,56352.7865,18784.262166666667,8.0,1.0,0.0,0.6666666666666666,1,0.5057169329306933,Medium Risk
C112911,48,2,31972.682500000003,15986.341250000001,11.0,4.0,0.0,0.5,0,0.5056677090757922,Medium Risk
C109657,19,2,23452.09,11726.045,4.0,2.0,1.0,0.0,0,0.505626845980638,Medium Risk
C107546,66,2,20173.087,10086.5435,6.0,4.0,0.0,0.5,0,0.5056214477816207,Medium Risk
C107320,85,2,37408.5535,18704.27675,12.0,4.0,0.0,0.5,0,0.5055730583685873,Medium Risk
C108581,0,3,54761.2475,18253.749166666665,10.0,3.0,0.0,0.6666666666666666,0,0.505557684658376,Medium Risk
C101855,28,3,68719.4785,22906.492833333334,11.0,4.0,0.0,1.0,0,0.5055112491399258,Medium Risk
C106903,158,3,29665.7105,9888.570166666666,14.0,2.0,0.0,0.6666666666666666,1,0.5055103953267212,Medium Risk
C111807,428,3,81555.272,27185.090666666667,6.0,1.0,1.0,0.3333333333333333,1,0.5054953463010446,Medium Risk
C103451,73,3,82376.764,27458.921333333332,8.0,1.0,1.0,0.3333333333333333,0,0.5054328485127882,Medium Risk
C101727,114,3,31108.375,10369.458333333334,5.0,3.0,0.0,0.6666666666666666,1,0.5053496612495785,Medium Risk
C114992,29,3,65014.664000000004,21671.554666666667,10.0,2.0,0.0,0.3333333333333333,0,0.505344770844398,Medium Risk
C106739,25,3,63054.6815,21018.227166666667,7.0,2.0,0.0,0.6666666666666666,0,0.5053054943105529,Medium Risk
C105269,95,3,61336.468,20445.489333333335,16.0,7.0,0.0,0.6666666666666666,1,0.5052112870597714,Medium Risk
C114170,73,3,93928.625,31309.541666666668,10.0,5.0,0.0,0.3333333333333333,0,0.5052084987940441,Medium Risk
C110778,107,3,83669.618,27889.872666666666,6.0,1.0,0.0,0.6666666666666666,1,0.5052038274483374,Medium Risk
C110909,-1,2,31763.958,15881.979,15.0,5.0,0.0,0.5,0,0.505187741142547,Medium Risk
C111905,454,3,48462.699,16154.233,3.0,2.0,0.0,0.6666666666666666,1,0.505159329941741,Medium Risk
C101497,631,2,22338.9255,11169.46275,8.0,2.0,0.0,1.0,1,0.5051359183433836,Medium Risk
C103508,25,3,34244.4275,11414.809166666666,5.0,1.0,0.0,1.0,0,0.5051278808253209,Medium Risk
C101986,399,2,23000.914999999997,11500.4575,6.0,4.0,0.0,0.5,1,0.5051080094291582,Medium Risk
C114860,15,3,90731.163,30243.721,10.0,2.0,1.0,1.0,0,0.5051043473636551,Medium Risk
C100554,16,3,73056.92800000001,24352.309333333338,6.0,1.0,1.0,0.6666666666666666,0,0.5050929858967094,Medium Risk
C108704,332,2,28159.908000000003,14079.954000000002,7.0,2.0,0.0,1.0,1,0.5050531993761135,Medium Risk
C111959,30,3,70014.851,23338.283666666666,7.0,2.0,0.0,0.3333333333333333,0,0.5050009725419498,Medium Risk
C104410,248,2,22342.31,11171.154999999999,6.0,4.0,0.0,0.5,1,0.5049985310338342,Medium Risk
C106554,84,2,41102.325000000004,20551.1625,6.0,2.0,0.0,0.5,0,0.5049894691945888,Medium Risk
C102553,6,2,30318.698,15159.349,9.0,3.0,0.0,0.5,0,0.504938465442792,Medium Risk
C114016,42,2,41377.21,20688.605,6.0,2.0,0.0,0.5,0,0.5048306874725266,Medium Risk
C108677,57,2,28678.982,14339.490999999998,8.0,3.0,0.0,1.0,0,0.5048143233142585,Medium Risk
C110388,58,3,59628.3385,19876.112833333333,6.0,2.0,0.0,0.6666666666666666,0,0.5047666030536124,Medium Risk
C101391,88,3,79220.16399999999,26406.721333333335,5.0,1.0,1.0,0.3333333333333333,0,0.5047502766158227,Medium Risk
C101777,245,3,51537.852,17179.284,8.0,2.0,1.0,1.0,1,0.5046557154118657,Medium Risk
C104422,390,2,34530.006499999996,17265.003249999998,11.0,4.0,1.0,1.0,1,0.5045266255221297,Medium Risk
C113363,33,2,35065.3555,17532.67775,13.0,0.0,0.0,0.5,0,0.5045098387669882,Medium Risk
C112966,38,3,62184.6235,20728.20783333333,9.0,2.0,0.0,0.6666666666666666,0,0.5045077973049135,Medium Risk
C104991,18,3,137987.568,45995.85600000001,6.0,2.0,0.0,1.0,0,0.5044377102622934,Medium Risk
C105164,413,3,82580.466,27526.822,12.0,1.0,1.0,0.6666666666666666,1,0.5043588624509909,Medium Risk
C103874,277,2,67917.8355,33958.91775,16.0,3.0,0.0,0.5,1,0.5042787075481104,Medium Risk
C106990,45,3,54132.8415,18044.2805,11.0,1.0,1.0,0.6666666666666666,0,0.5042670199601901,Medium Risk
C107973,21,3,91238.327,30412.77566666667,10.0,2.0,0.0,1.0,0,0.5041240441256865,Medium Risk
C104463,19,2,9124.124,4562.062,6.0,0.0,0.0,0.5,0,0.5041039852499404,Medium Risk
C100063,275,3,53423.885500000004,17807.96183333333,5.0,0.0,1.0,0.3333333333333333,1,0.5040218184895119,Medium Risk
C101254,27,2,40970.724500000004,20485.36225,12.0,3.0,0.0,0.5,0,0.5038319057902553,Medium Risk
C105937,324,5,61670.486,12334.0972,3.0,1.0,1.0,0.6,1,0.5038283231770976,Medium Risk
C106844,404,2,30499.672,15249.836000000001,13.0,3.0,0.0,0.5,1,0.5038165185413962,Medium Risk
C114625,125,3,115756.33350000001,38585.444500000005,8.0,3.0,0.0,1.0,1,0.5037822719554029,Medium Risk
C112895,291,3,90620.426,30206.808666666668,12.0,2.0,0.0,0.6666666666666666,1,0.5037595123341689,Medium Risk
C110342,130,3,82929.408,27643.136,7.0,0.0,1.0,0.3333333333333333,1,0.5036034865956236,Medium Risk
C103030,2,2,32439.03,16219.515000000001,9.0,6.0,1.0,0.0,0,0.5035553562658567,Medium Risk
C101607,12,2,34578.209,17289.1045,9.0,2.0,0.0,0.5,0,0.5035540489535975,Medium Risk
C106339,1,2,87850.98,43925.49,11.0,4.0,0.0,0.0,0,0.5033567709805272,Medium Risk
C112534,5,3,84496.4595,28165.4865,11.0,4.0,0.0,0.6666666666666666,0,0.5033561399183554,Medium Risk
C101957,167,2,11525.922,5762.961,9.0,5.0,0.0,1.0,1,0.5033052648637169,Medium Risk
C106761,463,3,26335.027000000002,8778.342333333334,6.0,2.0,0.0,1.0,1,0.5032800453782876,Medium Risk
C101345,228,3,98867.93800000001,32955.97933333334,9.0,1.0,1.0,0.6666666666666666,1,0.5032766114970042,Medium Risk
C106652,30,3,92320.5245,30773.508166666667,8.0,2.0,0.0,0.3333333333333333,0,0.5032343500961446,Medium Risk
C101342,38,3,56749.074,18916.357999999997,7.0,1.0,0.0,1.0,0,0.5032097396825723,Medium Risk
C100408,20,2,22772.5635,11386.28175,7.0,3.0,1.0,1.0,0,0.5032018512729962,Medium Risk
C105646,9,3,47693.94,15897.980000000001,3.0,1.0,0.0,1.0,0,0.5031789114147548,Medium Risk
C110472,160,3,29043.8245,9681.274833333333,5.0,0.0,0.0,1.0,1,0.5031700977588653,Medium Risk
C103359,51,2,36399.373999999996,18199.686999999998,8.0,2.0,2.0,0.5,0,0.5031643595883737,Medium Risk
C107406,31,2,33834.992,16917.496,6.0,2.0,0.0,0.5,0,0.5031116501678813,Medium Risk
C102128,365,3,49291.462,16430.487333333334,4.0,2.0,1.0,0.6666666666666666,1,0.5030973260179404,Medium Risk
C102281,232,2,30141.018,15070.509,6.0,1.0,1.0,0.5,1,0.5029989741587859,Medium Risk
C106325,212,3,100746.554,33582.18466666667,8.0,1.0,1.0,0.6666666666666666,1,0.5029975543035621,Medium Risk
C102202,2,3,54855.7755,18285.2585,5.0,2.0,0.0,1.0,0,0.502964260185206,Medium Risk
C101403,193,2,30974.631,15487.3155,9.0,1.0,1.0,0.5,1,0.5027684535956136,Medium Risk
C113723,92,3,65878.53,21959.51,6.0,1.0,1.0,0.0,1,0.5027464019040316,Medium Risk
C101604,84,2,30772.649,15386.3245,7.0,1.0,0.0,1.0,0,0.502693544575846,Medium Risk
C107010,183,3,88546.9405,29515.646833333332,13.0,3.0,1.0,0.6666666666666666,1,0.5026331192168886,Medium Risk
C102761,595,3,100556.518,33518.83933333333,11.0,2.0,0.0,0.3333333333333333,1,0.5025986591939793,Medium Risk
C110836,27,3,62580.932499999995,20860.310833333333,6.0,2.0,0.0,0.3333333333333333,0,0.5025656916745972,Medium Risk
C110935,45,3,70262.33,23420.77666666667,5.0,4.0,0.0,0.6666666666666666,0,0.5023983497939278,Medium Risk
C108125,3,3,63700.4405,21233.480166666664,11.0,3.0,0.0,0.6666666666666666,0,0.5023980626860055,Medium Risk
C104641,406,2,33112.907999999996,16556.453999999998,11.0,4.0,0.0,1.0,1,0.5023928397171811,Medium Risk
C111805,397,3,63005.1695,21001.723166666667,6.0,1.0,0.0,0.3333333333333333,1,0.5023469402498549,Medium Risk
C112479,64,3,77560.5395,25853.513166666668,5.0,1.0,0.0,0.3333333333333333,0,0.5022819768028925,Medium Risk
C100711,255,3,54707.209,18235.736333333334,12.0,1.0,0.0,0.3333333333333333,1,0.5022301065399625,Medium Risk
C114530,38,2,85967.81599999999,42983.907999999996,11.0,4.0,1.0,1.0,0,0.5020905013694652,Medium Risk
C105225,58,3,64331.292499999996,21443.764166666668,4.0,0.0,1.0,0.6666666666666666,0,0.5020831001760885,Medium Risk
C112963,56,2,13964.492,6982.246,5.0,0.0,0.0,0.5,0,0.5020072501811423,Medium Risk
C112399,62,3,66931.16100000001,22310.387000000002,12.0,4.0,0.0,0.6666666666666666,0,0.5019940867772494,Medium Risk
C112686,38,3,61901.601,20633.867,8.0,3.0,0.0,0.6666666666666666,0,0.5019852806441366,Medium Risk
C101700,285,3,38880.514500000005,12960.171500000002,5.0,1.0,0.0,1.0,1,0.5019786843372903,Medium Risk
C103844,36,2,14233.091,7116.5455,5.0,0.0,0.0,0.5,0,0.5018165317471803,Medium Risk
C105063,4,3,67452.792,22484.264,9.0,3.0,0.0,0.3333333333333333,0,0.5018156861662155,Medium Risk
C105854,4,3,55797.605500000005,18599.201833333333,6.0,2.0,1.0,0.6666666666666666,0,0.5017494076342564,Medium Risk
C101126,19,2,37313.502,18656.751,13.0,4.0,1.0,1.0,0,0.5017248430427277,Medium Risk
C113140,60,3,60002.2175,20000.739166666666,13.0,4.0,0.0,0.3333333333333333,0,0.5016755071077619,Medium Risk
C107047,187,3,61532.047,20510.682333333334,9.0,3.0,0.0,0.6666666666666666,1,0.5015906471719809,Medium Risk
C109701,68,2,35675.551,17837.7755,13.0,3.0,1.0,0.5,0,0.5015153193897502,Medium Risk
C101198,131,3,33172.656,11057.552000000001,6.0,0.0,1.0,0.6666666666666666,1,0.501505303984263,Medium Risk
C109401,2,3,61298.126000000004,20432.70866666667,7.0,1.0,0.0,0.3333333333333333,0,0.5014528842955004,Medium Risk
C112641,15,2,29996.7575,14998.37875,7.0,0.0,0.0,1.0,0,0.5014095429002099,Medium Risk
C109823,46,3,53309.118,17769.706000000002,7.0,1.0,0.0,0.6666666666666666,0,0.5013891993873573,Medium Risk
C112132,15,3,53953.731,17984.577,9.0,1.0,0.0,0.6666666666666666,0,0.5013580363629234,Medium Risk
C103161,260,3,33260.8305,11086.9435,12.0,1.0,0.0,0.3333333333333333,1,0.5012994956286406,Medium Risk
C109557,242,3,99008.2825,33002.760833333334,13.0,3.0,1.0,0.6666666666666666,1,0.5012447392041781,Medium Risk
C110887,233,3,35445.3385,11815.112833333333,5.0,0.0,0.0,0.3333333333333333,1,0.5011852090314091,Medium Risk
C113954,153,3,66876.5885,22292.196166666665,14.0,3.0,0.0,0.6666666666666666,1,0.5011400897326438,Medium Risk
C100641,100,3,83979.80350000001,27993.267833333335,8.0,0.0,0.0,1.0,1,0.5011206968688328,Medium Risk
C114080,251,3,34869.544,11623.181333333334,8.0,1.0,1.0,0.3333333333333333,1,0.5010179487642348,Medium Risk
C111755,39,2,95040.8265,47520.41325,12.0,2.0,1.0,1.0,0,0.50091720919954,Medium Risk
C114809,7,3,76673.662,25557.887333333332,7.0,1.0,1.0,0.6666666666666666,0,0.500904158284046,Medium Risk
C104155,18,2,77954.04000000001,38977.020000000004,12.0,5.0,1.0,1.0,0,0.5008367306480015,Medium Risk
C112810,18,2,23749.712,11874.856,6.0,1.0,1.0,1.0,0,0.5008066562660616,Medium Risk
C112104,-1,3,11023.617,3674.539,9.0,1.0,0.0,0.3333333333333333,0,0.5007999537129215,Medium Risk
C103605,-1,3,55757.897,18585.965666666667,8.0,0.0,1.0,0.3333333333333333,0,0.5007404625910564,Medium Risk
C102817,334,3,49086.8505,16362.2835,3.0,2.0,0.0,0.6666666666666666,1,0.5006996672756365,Medium Risk
C103055,38,4,233009.92599999998,58252.481499999994,5.0,2.0,0.0,0.75,0,0.500650006140106,Medium Risk
C112440,300,4,131093.157,32773.28925,13.0,7.0,2.0,0.5,1,0.5006264031055758,Medium Risk
C101665,107,3,92263.753,30754.584333333332,10.0,2.0,0.0,0.3333333333333333,1,0.5006229883711358,Medium Risk
C103437,59,3,74088.82,24696.273333333334,12.0,4.0,0.0,0.0,0,0.5006155130330346,Medium Risk
C103853,17,2,30811.095500000003,15405.547750000002,6.0,0.0,0.0,1.0,0,0.500611274131682,Medium Risk
C100262,100,3,35586.60799999999,11862.202666666666,6.0,3.0,0.0,1.0,1,0.5006000025258779,Medium Risk
C112309,66,3,81794.9565,27264.9855,13.0,4.0,0.0,0.3333333333333333,0,0.5005453227721093,Medium Risk
C110952,27,3,58692.171,19564.057,7.0,1.0,0.0,1.0,0,0.5005230045749722,Medium Risk
C112578,11,1,16018.79,16018.79,17.0,7.0,0.0,0.0,0,0.5005158784396958,Medium Risk
C109303,55,2,34348.456,17174.228,9.0,2.0,1.0,0.5,0,0.5004841071023046,Medium Risk
C106780,30,2,64654.422,32327.211,12.0,4.0,1.0,1.0,0,0.5004156420595495,Medium Risk
C109851,529,3,60265.880000000005,20088.626666666667,7.0,4.0,0.0,0.3333333333333333,1,0.5003733188971072,Medium Risk
C110432,218,3,35307.932,11769.310666666666,8.0,0.0,0.0,0.6666666666666666,1,0.5001600041103629,Medium Risk
C103000,63,3,55581.879,18527.293,8.0,1.0,1.0,0.6666666666666666,0,0.5000887588589596,Medium Risk
C111244,83,2,24831.168999999994,12415.584499999997,13.0,3.0,1.0,1.0,0,0.49999750078026395,Medium Risk
C104919,-1,2,22812.438000000002,11406.219000000001,4.0,1.0,1.0,0.5,0,0.4999438220996272,Medium Risk
C108783,219,3,48751.854999999996,16250.618333333332,5.0,0.0,0.0,0.3333333333333333,1,0.49988672161305386,Medium Risk
C113911,108,3,82185.544,27395.18133333333,7.0,2.0,0.0,1.0,1,0.49981452990028996,Medium Risk
C109975,145,3,30869.932,10289.977333333334,9.0,3.0,1.0,1.0,1,0.4998033052118969,Medium Risk
C102593,43,2,21248.929,10624.4645,12.0,2.0,0.0,1.0,0,0.49979160625520946,Medium Risk
C100911,186,3,127307.8175,42435.93916666667,12.0,5.0,1.0,0.3333333333333333,1,0.4996613193128973,Medium Risk
C105817,16,2,41176.317,20588.1585,8.0,4.0,0.0,0.5,0,0.4996148709195863,Medium Risk
C114788,42,2,30233.126,15116.563000000002,6.0,0.0,1.0,0.5,0,0.49959826725964696,Medium Risk
C106124,18,2,30109.359,15054.6795,10.0,2.0,0.0,1.0,0,0.4995400970190507,Medium Risk
C101547,186,3,51493.704,17164.568,6.0,0.0,0.0,0.3333333333333333,1,0.49953664522198665,Medium Risk
C104932,2,3,30083.778499999997,10027.926166666666,9.0,2.0,1.0,1.0,0,0.4995345761140214,Medium Risk
C111996,197,3,65591.58799999999,21863.862666666664,5.0,2.0,0.0,0.3333333333333333,1,0.49951599525571877,Medium Risk
C105454,81,3,69834.8805,23278.2935,7.0,3.0,0.0,0.3333333333333333,0,0.4995151378192134,Medium Risk
C105837,0,2,24843.882,12421.941,10.0,2.0,0.0,1.0,0,0.49945570853549887,Medium Risk
C109053,414,3,39657.57,13219.190000000002,13.0,2.0,0.0,0.0,1,0.49945481087788934,Medium Risk
C107498,3,3,55848.795,18616.265,9.0,0.0,1.0,0.6666666666666666,0,0.4992761809660811,Medium Risk
C113596,519,3,85496.45850000001,28498.8195,7.0,2.0,1.0,0.6666666666666666,1,0.4992668006755242,Medium Risk
C102349,229,3,40283.349,13427.783000000001,4.0,1.0,1.0,0.6666666666666666,1,0.49923920631663216,Medium Risk
C105824,28,3,27493.402000000002,9164.467333333332,8.0,1.0,1.0,1.0,0,0.49912661694980187,Medium Risk
C112560,62,3,54445.047999999995,18148.34933333333,12.0,3.0,0.0,0.3333333333333333,0,0.4991073122827781,Medium Risk
C102902,346,3,35633.083,11877.694333333333,8.0,0.0,0.0,0.6666666666666666,1,0.49908532354740326,Medium Risk
C113012,73,2,29492.61,14746.305,12.0,7.0,1.0,0.0,0,0.4990692955808289,Medium Risk
C111554,96,3,56312.0475,18770.6825,8.0,1.0,0.0,1.0,1,0.4989719533351733,Medium Risk
C105205,40,3,67984.6255,22661.541833333333,9.0,0.0,1.0,0.3333333333333333,0,0.49884239885294107,Medium Risk
C103450,233,3,51148.975,17049.658333333333,6.0,1.0,0.0,0.3333333333333333,1,0.4988084618440692,Medium Risk
C100267,312,3,67430.5545,22476.8515,7.0,2.0,0.0,0.3333333333333333,1,0.49880076767745474,Medium Risk
C105170,253,2,38020.471,19010.2355,6.0,4.0,0.0,0.5,1,0.4987939781935633,Medium Risk
C103319,161,3,49602.018000000004,16534.006,9.0,4.0,2.0,1.0,1,0.4987525690351461,Medium Risk
C100060,0,3,57505.7,19168.56666666667,7.0,4.0,0.0,0.3333333333333333,0,0.4987315616789255,Medium Risk
C113669,91,3,77390.6105,25796.870166666664,12.0,3.0,1.0,0.3333333333333333,1,0.4987221290717778,Medium Risk
C102171,0,2,23618.489,11809.2445,5.0,0.0,0.0,1.0,0,0.4986387576618833,Medium Risk
C113289,612,3,33507.0195,11169.006500000001,11.0,2.0,1.0,0.3333333333333333,1,0.4985350425408574,Medium Risk
C112748,38,3,62226.7385,20742.246166666668,11.0,3.0,0.0,0.6666666666666666,0,0.49849608209028395,Medium Risk
C108896,65,3,64667.977999999996,21555.992666666665,6.0,3.0,0.0,0.3333333333333333,0,0.49848643828091477,Medium Risk
C111077,183,3,39904.568,13301.522666666666,4.0,0.0,1.0,0.6666666666666666,1,0.49848463907912105,Medium Risk
C109225,73,2,30198.2325,15099.11625,6.0,2.0,0.0,1.0,0,0.49844205876998154,Medium Risk
C112863,356,3,36066.498999999996,12022.166333333334,7.0,1.0,1.0,0.3333333333333333,1,0.49843984004721514,Medium Risk
C100458,127,4,58156.074,14539.0185,3.0,1.0,0.0,1.0,1,0.49842363742634765,Medium Risk
C106048,558,3,31050.3925,10350.130833333335,6.0,2.0,0.0,0.6666666666666666,1,0.49838628783518496,Medium Risk
C107440,98,2,32049.589,16024.7945,11.0,4.0,1.0,0.5,1,0.4983801126318991,Medium Risk
C101175,78,3,61161.49250000001,20387.16416666667,9.0,1.0,0.0,0.6666666666666666,0,0.49836681432752655,Medium Risk
C108017,31,3,72129.867,24043.289,14.0,3.0,1.0,0.3333333333333333,0,0.4982910141566479,Medium Risk
C113523,21,3,63084.689,21028.229666666666,5.0,0.0,1.0,0.3333333333333333,0,0.4982331372504279,Medium Risk
C106013,238,3,36345.585,12115.195,8.0,0.0,0.0,0.6666666666666666,1,0.4982259213261148,Medium Risk
C100217,75,3,64855.54,21618.513333333332,6.0,2.0,0.0,0.0,0,0.4982086766196147,Medium Risk
C108977,18,3,92398.37,30799.456666666665,11.0,4.0,2.0,0.0,0,0.49820116973530726,Medium Risk
C110073,215,2,68877.5445,34438.77225,13.0,6.0,1.0,1.0,1,0.4981739652663667,Medium Risk
C111110,15,3,50753.012,16917.67066666667,6.0,0.0,0.0,0.3333333333333333,0,0.49815725503281527,Medium Risk
C114598,119,7,313409.93,44772.84714285714,12.0,4.0,1.0,0.5714285714285714,1,0.4981348577003407,Medium Risk
C108592,-1,3,67433.012,22477.67066666667,7.0,4.0,0.0,0.6666666666666666,0,0.4980742894902325,Medium Risk
C109717,251,2,34691.765,17345.8825,5.0,2.0,0.0,0.5,1,0.4980610239979382,Medium Risk
C109211,13,3,50586.146,16862.048666666666,7.0,2.0,1.0,0.3333333333333333,0,0.49799366899391356,Medium Risk
C107152,66,3,61173.256,20391.085333333333,4.0,1.0,0.0,0.6666666666666666,0,0.49797241215782084,Medium Risk
C107090,16,2,19032.9145,9516.45725,14.0,2.0,0.0,0.5,0,0.49795362917999164,Medium Risk
C104539,183,3,30836.962,10278.987333333333,12.0,3.0,0.0,0.3333333333333333,1,0.49793933296742,Medium Risk
C109726,6,3,55886.6225,18628.874166666665,12.0,3.0,1.0,0.6666666666666666,0,0.4979254019564457,Medium Risk
C101263,2,3,63469.852,21156.61733333333,13.0,7.0,0.0,0.3333333333333333,0,0.49788883895785957,Medium Risk
C103484,2,2,31138.7235,15569.36175,7.0,3.0,0.0,0.5,0,0.497887011250137,Medium Risk
C107017,188,4,37070.866,9267.7165,6.0,1.0,1.0,1.0,1,0.4977885414010171,Medium Risk
C102077,156,3,43057.53,14352.51,11.0,2.0,0.0,0.0,1,0.4977312172760022,Medium Risk
C114604,313,3,40142.404500000004,13380.801500000001,9.0,2.0,1.0,0.6666666666666666,1,0.4976982245594044,Medium Risk
C107072,66,3,62645.068,20881.689333333332,5.0,0.0,0.0,0.3333333333333333,0,0.4975767488747481,Medium Risk
C105850,208,3,40559.068,13519.689333333334,9.0,2.0,1.0,1.0,1,0.4975533084149096,Medium Risk
C100078,30,3,47944.074,15981.358,9.0,2.0,1.0,0.3333333333333333,0,0.49753255810321045,Medium Risk
C100531,352,2,28535.592,14267.796,9.0,4.0,1.0,1.0,1,0.49751284130074397,Medium Risk
C109503,154,2,22994.0715,11497.03575,9.0,2.0,0.0,1.0,1,0.4972803420862266,Medium Risk
C113644,36,2,30876.852000000003,15438.426000000001,8.0,3.0,0.0,0.5,0,0.49726261313871617,Medium Risk
C114437,455,3,53886.024,17962.007999999998,13.0,4.0,0.0,0.3333333333333333,1,0.49718622800050966,Medium Risk
C102062,15,3,51374.488,17124.82933333333,5.0,0.0,0.0,1.0,0,0.49708733189947496,Medium Risk
C105691,27,3,65961.74399999999,21987.247999999996,5.0,2.0,1.0,0.3333333333333333,0,0.49704280384478694,Medium Risk
C102773,10,3,97394.241,32464.747,2.0,0.0,0.0,0.3333333333333333,0,0.4969874089471841,Medium Risk
C108897,441,3,36446.868,12148.956,6.0,3.0,0.0,1.0,1,0.49689670751047826,Medium Risk
C112467,329,3,52242.576,17414.192,10.0,4.0,0.0,0.3333333333333333,1,0.49686497130270135,Medium Risk
C112023,436,3,52705.8,17568.600000000002,11.0,4.0,0.0,0.6666666666666666,1,0.49679754594851394,Medium Risk
C101781,52,2,16178.413499999999,8089.206749999999,8.0,1.0,2.0,1.0,0,0.4967829122990613,Medium Risk
C108164,144,4,84968.887,21242.221750000004,11.0,5.0,0.0,1.0,1,0.4967792721591938,Medium Risk
C101502,51,3,61446.768000000004,20482.256,10.0,1.0,0.0,0.6666666666666666,0,0.4966839067065763,Medium Risk
C105331,227,3,52386.6075,17462.2025,7.0,3.0,0.0,0.3333333333333333,1,0.4966837362920746,Medium Risk
C106165,8,3,92806.259,30935.41966666667,8.0,3.0,1.0,1.0,0,0.4966038147018546,Medium Risk
C107396,501,3,120892.412,40297.47066666667,6.0,1.0,1.0,0.3333333333333333,1,0.49653277024603754,Medium Risk
C108563,88,2,49423.1895,24711.59475,6.0,4.0,1.0,1.0,0,0.49648799462515464,Medium Risk
C109127,145,3,65676.796,21892.265333333333,5.0,1.0,0.0,0.3333333333333333,1,0.4964849530990218,Medium Risk
C104056,54,3,72782.7245,24260.908166666664,13.0,3.0,0.0,0.3333333333333333,0,0.49635678898336655,Medium Risk
C114543,206,2,22032.486,11016.243,12.0,2.0,0.0,1.0,1,0.49632939248249264,Medium Risk
C113221,141,3,66590.28600000001,22196.762000000002,7.0,3.0,0.0,0.3333333333333333,1,0.4962865070298767,Medium Risk
C112743,9,2,29946.0645,14973.03225,13.0,6.0,0.0,0.5,0,0.49607334034629974,Medium Risk
C103142,146,3,49909.426,16636.475333333332,6.0,2.0,0.0,0.3333333333333333,1,0.4959935817988046,Medium Risk
C101530,3,2,23958.464,11979.232,10.0,2.0,0.0,1.0,0,0.4959237502519124,Medium Risk
C107251,185,3,30162.176,10054.058666666666,6.0,2.0,0.0,0.6666666666666666,1,0.49591246349145984,Medium Risk
C102764,580,3,52610.4685,17536.82283333333,10.0,1.0,1.0,0.6666666666666666,1,0.4958956083756531,Medium Risk
C111887,147,3,51932.785,17310.928333333333,9.0,3.0,0.0,0.3333333333333333,1,0.49579216715109836,Medium Risk
C108171,38,3,50485.11749999999,16828.372499999998,5.0,2.0,0.0,0.3333333333333333,0,0.49575206539813144,Medium Risk
C111869,0,3,72042.907,24014.30233333333,5.0,1.0,2.0,0.6666666666666666,0,0.49573495249371163,Medium Risk
C100837,18,2,29828.972999999998,14914.486499999999,15.0,5.0,0.0,0.5,0,0.4957296266551709,Medium Risk
C105159,0,3,45194.2215,15064.7405,4.0,2.0,0.0,0.6666666666666666,0,0.4957292722134055,Medium Risk
C109079,270,3,35111.984000000004,11703.994666666667,5.0,1.0,0.0,0.6666666666666666,1,0.49566148756476563,Medium Risk
C110710,24,3,54547.771499999995,18182.590500000002,12.0,3.0,1.0,0.6666666666666666,0,0.4956552887951058,Medium Risk
C105403,58,2,22310.953999999998,11155.476999999999,9.0,3.0,1.0,1.0,0,0.4956374098281875,Medium Risk
C111724,77,3,21814.034,7271.344666666667,21.0,6.0,1.0,0.6666666666666666,0,0.4955472660982014,Medium Risk
C109565,413,4,59272.0,14818.0,7.0,3.0,2.0,1.0,1,0.49554199348434547,Medium Risk
C112058,13,3,138802.095,46267.365,4.0,1.0,0.0,0.6666666666666666,0,0.4955191786119632,Medium Risk
C106382,406,4,70798.2225,17699.555625,7.0,3.0,3.0,0.5,1,0.49550343243960976,Medium Risk
C104875,10,3,27201.124499999998,9067.0415,3.0,1.0,1.0,1.0,0,0.49549198290655355,Medium Risk
C107918,6,3,60811.63249999999,20270.544166666663,10.0,4.0,1.0,1.0,0,0.49545427872032427,Medium Risk
C102509,163,3,90393.5475,30131.1825,6.0,1.0,2.0,0.6666666666666666,1,0.49543376680372025,Medium Risk
C100266,11,3,77640.7945,25880.264833333335,5.0,0.0,1.0,0.6666666666666666,0,0.4953661088491007,Medium Risk
C103691,0,3,40381.411,13460.470333333333,7.0,2.0,1.0,0.6666666666666666,0,0.495293915304478,Medium Risk
C102012,494,2,23035.731,11517.8655,7.0,3.0,0.0,1.0,1,0.49522393952393196,Medium Risk
C110802,33,3,48045.162000000004,16015.054000000002,6.0,1.0,0.0,0.3333333333333333,0,0.4950532351692182,Medium Risk
C114601,112,3,50761.3,16920.433333333334,8.0,3.0,0.0,0.3333333333333333,1,0.4950379212817865,Medium Risk
C114777,33,2,30909.089,15454.5445,3.0,1.0,1.0,0.5,0,0.4949941570022768,Medium Risk
C108020,324,3,16699.7555,5566.585166666667,13.0,2.0,0.0,1.0,1,0.494944064366083,Medium Risk
C113438,84,2,23029.752,11514.876,6.0,1.0,0.0,1.0,0,0.49491881378222685,Medium Risk
C104659,35,2,23128.767,11564.3835,6.0,1.0,0.0,1.0,0,0.49491881378222685,Medium Risk
C112617,60,3,51770.487499999996,17256.829166666666,10.0,5.0,1.0,0.6666666666666666,0,0.49482303700346447,Medium Risk
C113706,213,3,69829.726,23276.57533333333,6.0,1.0,0.0,0.3333333333333333,1,0.4947806537515495,Medium Risk
C113323,69,3,52004.466,17334.822,9.0,5.0,1.0,0.6666666666666666,0,0.494717996327866,Medium Risk
C100508,93,3,51722.5265,17240.842166666665,7.0,2.0,0.0,0.3333333333333333,1,0.4946999619336069,Medium Risk
C107956,24,3,49892.182,16630.727333333332,9.0,1.0,0.0,0.3333333333333333,0,0.49465461861007937,Medium Risk
C102152,279,3,40963.387,13654.462333333335,8.0,2.0,1.0,0.6666666666666666,1,0.49462066231628105,Medium Risk
C110518,166,4,64565.418000000005,16141.354500000001,2.0,0.0,0.0,0.25,1,0.4945754987876077,Medium Risk
C111873,218,3,43705.374,14568.458,11.0,6.0,0.0,0.6666666666666666,1,0.4945098339646738,Medium Risk
C103273,108,3,45874.758,15291.586000000001,6.0,0.0,0.0,0.6666666666666666,1,0.49448309502825494,Medium Risk
C108005,334,3,50215.858,16738.619333333332,6.0,2.0,1.0,0.3333333333333333,1,0.49447679142900236,Medium Risk
C113752,120,4,85567.1425,21391.785625,11.0,4.0,0.0,1.0,1,0.4944620014698845,Medium Risk
C109815,119,3,48127.5965,16042.532166666664,8.0,3.0,0.0,0.3333333333333333,1,0.49441467179848203,Medium Risk
C114834,80,3,52343.4635,17447.821166666665,7.0,2.0,0.0,0.3333333333333333,0,0.4943712826072696,Medium Risk
C111329,41,3,64232.002,21410.667333333335,6.0,3.0,0.0,0.3333333333333333,0,0.49437020407823085,Medium Risk
C114735,281,3,46730.751000000004,15576.917,6.0,0.0,0.0,0.6666666666666666,1,0.4943579354289319,Medium Risk
C105621,40,3,51094.664,17031.554666666667,5.0,1.0,0.0,0.3333333333333333,0,0.4942259891490117,Medium Risk
C113704,102,3,82207.04,27402.346666666665,6.0,0.0,0.0,0.0,1,0.4941718662428005,Medium Risk
C107851,48,3,69844.186,23281.395333333334,7.0,1.0,0.0,0.3333333333333333,0,0.4941669639280449,Medium Risk
C111782,1,3,92249.5465,30749.848833333333,8.0,1.0,1.0,0.6666666666666666,0,0.494116265670688,Medium Risk
C101074,189,2,34964.1215,17482.06075,4.0,2.0,2.0,0.5,1,0.49405136449540094,Medium Risk
C113354,72,3,29828.066,9942.688666666667,4.0,0.0,0.0,1.0,0,0.4940092331344623,Medium Risk
C105194,144,3,38803.565,12934.521666666667,3.0,2.0,0.0,0.6666666666666666,1,0.49387203337187535,Medium Risk
C102409,73,3,52959.484,17653.161333333333,12.0,1.0,0.0,0.3333333333333333,0,0.4938386844737679,Medium Risk
C110920,79,3,69077.506,23025.835333333333,7.0,0.0,0.0,0.3333333333333333,0,0.49378715466817313,Medium Risk
C103983,0,3,64939.42600000001,21646.475333333336,5.0,1.0,0.0,0.6666666666666666,0,0.49368033297005987,Medium Risk
C108756,193,3,43943.538,14647.845999999998,10.0,1.0,1.0,1.0,1,0.493531678743919,Medium Risk
C112433,352,3,60804.3215,20268.10716666667,3.0,1.0,0.0,0.6666666666666666,1,0.49346048188876446,Medium Risk
C109019,19,3,36915.8045,12305.268166666667,9.0,2.0,1.0,0.3333333333333333,0,0.49342178072378784,Medium Risk
C106792,24,1,18058.46,18058.46,14.0,8.0,0.0,0.0,0,0.49340103088756215,Medium Risk
C105711,25,2,33655.7215,16827.86075,13.0,6.0,0.0,1.0,0,0.49338693218596147,Medium Risk
C105364,147,3,64941.117,21647.039,6.0,3.0,0.0,0.6666666666666666,1,0.4933347031814539,Medium Risk
C100490,416,3,48544.148,16181.382666666666,9.0,1.0,0.0,0.3333333333333333,1,0.49332122154363345,Medium Risk
C110126,15,3,51929.61,17309.87,7.0,2.0,1.0,1.0,0,0.4932868959136058,Medium Risk
C106347,178,3,45943.276,15314.425333333333,6.0,1.0,0.0,0.3333333333333333,1,0.4932340015242086,Medium Risk
C105157,32,3,61446.81449999999,20482.2715,9.0,0.0,0.0,0.6666666666666666,0,0.4932184954200489,Medium Risk
C112932,78,2,34862.9785,17431.48925,10.0,3.0,0.0,0.5,0,0.4931741117551956,Medium Risk
C100439,158,3,31410.851,10470.283666666668,6.0,2.0,1.0,0.6666666666666666,1,0.49316317635592116,Medium Risk
C113054,92,3,76311.4645,25437.154833333334,6.0,0.0,1.0,0.3333333333333333,1,0.4931547973965021,Medium Risk
C106098,332,3,49308.903,16436.301,5.0,0.0,1.0,0.6666666666666666,1,0.49314130890586333,Medium Risk
C104340,3,3,68097.58399999999,22699.194666666666,6.0,0.0,0.0,0.3333333333333333,0,0.49307431603310975,Medium Risk
C103603,8,2,15941.263,7970.6315,12.0,5.0,1.0,0.5,0,0.49295735555734643,Medium Risk
C105174,2,2,30866.64,15433.32,9.0,2.0,0.0,1.0,0,0.4929273701841874,Medium Risk
C103164,252,3,27165.496499999997,9055.1655,7.0,2.0,0.0,0.6666666666666666,1,0.4929254622192433,Medium Risk
C112790,3,3,30696.989999999998,10232.33,8.0,2.0,0.0,0.0,0,0.4929087271056287,Medium Risk
C110687,23,3,55579.802500000005,18526.600833333334,9.0,3.0,2.0,0.6666666666666666,0,0.4928610913759199,Medium Risk
C102240,53,3,99656.99,33218.996666666666,5.0,1.0,1.0,0.0,0,0.4928498305876132,Medium Risk
C113555,426,2,31364.352000000003,15682.176000000001,13.0,4.0,0.0,0.5,1,0.4928436747298037,Medium Risk
C106659,277,3,95349.424,31783.141333333333,9.0,1.0,0.0,0.6666666666666666,1,0.4927934944549557,Medium Risk
C101822,22,2,30778.224,15389.112,7.0,2.0,0.0,1.0,0,0.49272118693979494,Medium Risk
C107958,13,3,88763.7505,29587.916833333333,7.0,2.0,0.0,1.0,0,0.49269976834572526,Medium Risk
C113589,121,3,131862.213,43954.070999999996,9.0,3.0,1.0,0.3333333333333333,1,0.4926876840229455,Medium Risk
C106171,82,3,55966.3385,18655.446166666665,6.0,3.0,0.0,0.6666666666666666,0,0.4926100103173438,Medium Risk
C110434,26,3,96822.724,32274.241333333335,9.0,5.0,0.0,1.0,0,0.49252904815780757,Medium Risk
C106447,100,3,50780.553499999995,16926.851166666664,3.0,0.0,1.0,1.0,1,0.49252106686826225,Medium Risk
C104782,19,3,38584.485,12861.495,5.0,2.0,1.0,1.0,0,0.4924997180483787,Medium Risk
C106908,67,3,52565.065,17521.688333333335,9.0,2.0,0.0,0.6666666666666666,0,0.49231811024986827,Medium Risk
C108234,27,3,29437.647,9812.549,5.0,1.0,0.0,0.3333333333333333,0,0.4922746251229851,Medium Risk
C106142,71,2,87741.152,43870.576,8.0,1.0,1.0,1.0,0,0.49222857745979176,Medium Risk
C106838,106,3,50127.479,16709.159666666663,9.0,5.0,1.0,0.6666666666666666,1,0.4922274676018671,Medium Risk
C109450,259,3,39617.308000000005,13205.769333333335,6.0,3.0,0.0,1.0,1,0.4922273874798867,Medium Risk
C108100,422,3,35043.150499999996,11681.050166666666,11.0,2.0,0.0,0.3333333333333333,1,0.4921384057917902,Medium Risk
C112143,34,3,51302.741,17100.913666666664,9.0,3.0,1.0,0.6666666666666666,0,0.49213639533023484,Medium Risk
C112779,204,3,44754.4,14918.133333333333,10.0,2.0,1.0,0.3333333333333333,1,0.4920953816332749,Medium Risk
C104813,43,3,50273.26149999999,16757.753833333332,10.0,2.0,1.0,0.6666666666666666,0,0.49206816764278577,Medium Risk
C110883,64,2,34558.214,17279.107,6.0,2.0,0.0,0.5,0,0.49202981103016846,Medium Risk
C100526,14,3,49293.278000000006,16431.092666666667,6.0,1.0,1.0,0.3333333333333333,0,0.492002531888177,Medium Risk
C112621,138,2,22321.135000000002,11160.567500000001,9.0,3.0,0.0,1.0,1,0.4919945983802321,Medium Risk
C107324,211,3,36025.8985,12008.632833333335,8.0,2.0,0.0,0.3333333333333333,1,0.4919425091299712,Medium Risk
C114859,240,3,34701.992,11567.330666666667,8.0,3.0,1.0,0.6666666666666666,1,0.4919143063071557,Medium Risk
C108224,26,3,49994.153,16664.717666666667,5.0,0.0,1.0,1.0,0,0.4918462065725749,Medium Risk
C104582,11,3,49842.957,16614.319,9.0,2.0,1.0,0.6666666666666666,0,0.49180174687988304,Medium Risk
C106297,2,3,63873.53049999999,21291.176833333335,5.0,1.0,2.0,0.3333333333333333,0,0.491777303292177,Medium Risk
C103573,533,2,27965.321500000002,13982.660750000001,11.0,4.0,0.0,1.0,1,0.4917549304909094,Medium Risk
C112238,100,3,64384.501500000006,21461.500500000002,6.0,1.0,1.0,0.3333333333333333,1,0.4917077155223499,Medium Risk
C108177,14,2,34923.298,17461.649,4.0,3.0,0.0,0.5,0,0.4916905727934018,Medium Risk
C104620,205,3,44959.842,14986.614,11.0,2.0,1.0,0.3333333333333333,1,0.4916278338630919,Medium Risk
C104931,42,2,17325.8675,8662.93375,6.0,4.0,0.0,1.0,0,0.4916264278891589,Medium Risk
C112636,227,3,95258.17199999999,31752.724000000002,10.0,1.0,1.0,0.3333333333333333,1,0.49154902595978456,Medium Risk
C111376,561,3,33225.064,11075.021333333332,7.0,3.0,1.0,0.6666666666666666,1,0.4914885012767993,Medium Risk
C104060,538,3,44922.417,14974.139000000001,11.0,3.0,1.0,1.0,1,0.49145456361284195,Medium Risk
C101163,40,3,47844.965000000004,15948.321666666669,6.0,2.0,0.0,0.3333333333333333,0,0.4914370182140886,Medium Risk
C100569,7,3,69659.928,23219.976000000006,5.0,1.0,0.0,0.3333333333333333,0,0.4913698884722432,Medium Risk
C105368,5,3,29926.299,9975.432999999999,9.0,3.0,0.0,0.6666666666666666,0,0.49129808285015897,Medium Risk
C102061,150,3,37913.843,12637.947666666667,14.0,1.0,1.0,0.6666666666666666,1,0.4912904540557089,Medium Risk
C112348,118,4,116794.529,29198.632250000002,12.0,6.0,2.0,0.5,1,0.4912875097589525,Medium Risk
C110194,10,3,35740.21,11913.403333333334,6.0,2.0,0.0,0.0,0,0.491246614222909,Medium Risk
C109689,68,3,76272.382,25424.127333333334,6.0,1.0,1.0,0.3333333333333333,0,0.4910809028487742,Medium Risk
C102879,216,2,32269.982000000004,16134.991000000002,9.0,4.0,0.0,0.5,1,0.4910315181688687,Medium Risk
C112703,25,2,110059.56400000001,55029.78200000001,2.0,2.0,1.0,0.5,0,0.4910220754401788,Medium Risk
C102291,57,3,51266.639,17088.879666666668,8.0,3.0,1.0,0.6666666666666666,0,0.4910112908518095,Medium Risk
C111041,-1,3,28985.654,9661.884666666667,9.0,0.0,0.0,0.6666666666666666,0,0.49100374637007826,Medium Risk
C109890,495,3,45095.438,15031.812666666667,5.0,1.0,0.0,0.3333333333333333,1,0.49096811495811626,Medium Risk
C107881,188,3,50592.428499999995,16864.14283333333,6.0,1.0,1.0,0.3333333333333333,1,0.4909171948630351,Medium Risk
C109869,270,8,340577.4385,42572.1798125,12.0,4.0,1.0,0.25,1,0.49090893878118613,Medium Risk
C111944,34,3,39718.8145,13239.604833333333,8.0,1.0,0.0,0.3333333333333333,0,0.49084670160475985,Medium Risk
C105875,4,2,32724.106,16362.053,20.0,5.0,0.0,1.0,0,0.4907562424044601,Medium Risk
C114301,106,3,69588.862,23196.28733333333,6.0,2.0,0.0,0.3333333333333333,1,0.49074279760008993,Medium Risk
C111502,14,2,21268.059,10634.0295,6.0,2.0,1.0,1.0,0,0.49068720383177505,Medium Risk
C114698,392,3,26957.944000000003,8985.981333333333,9.0,2.0,1.0,0.6666666666666666,1,0.4906363601557807,Medium Risk
C111384,509,3,57362.1625,19120.720833333333,11.0,6.0,1.0,1.0,1,0.4906209824207117,Medium Risk
C100799,327,3,47505.5455,15835.181833333334,4.0,0.0,0.0,0.3333333333333333,1,0.4906111441899618,Medium Risk
C107006,143,3,31230.308,10410.102666666668,11.0,3.0,0.0,0.6666666666666666,1,0.4905462810001542,Medium Risk
C111602,89,2,34683.8275,17341.91375,9.0,3.0,0.0,0.5,0,0.4904747362909807,Medium Risk
C103304,137,3,31524.307999999997,10508.102666666666,10.0,6.0,0.0,0.3333333333333333,1,0.4903664170557289,Medium Risk
C114931,21,3,121704.45,40568.15,9.0,3.0,2.0,0.0,0,0.49029164488477006,Medium Risk
C105338,211,3,102245.74200000001,34081.914,13.0,4.0,0.0,1.0,1,0.49022286327079845,Medium Risk
C113190,194,4,81394.1945,20348.548625,9.0,2.0,1.0,1.0,1,0.4900195729925692,Medium Risk
C114384,31,3,39878.9705,13292.990166666668,12.0,1.0,1.0,0.6666666666666666,0,0.48995049421224574,Medium Risk
C110329,25,3,77592.02,25864.006666666668,8.0,4.0,2.0,0.3333333333333333,0,0.4899435001045828,Medium Risk
C108512,38,2,41309.515999999996,20654.758,14.0,4.0,0.0,0.5,0,0.48988931426950494,Medium Risk
C105320,16,3,34602.65,11534.216666666667,6.0,3.0,1.0,0.3333333333333333,0,0.48983331528841434,Medium Risk
C107362,44,3,55752.5615,18584.187166666667,7.0,4.0,0.0,0.6666666666666666,0,0.4897863631853797,Medium Risk
C107884,21,3,44791.938,14930.646,11.0,2.0,1.0,0.3333333333333333,0,0.48976470386710075,Medium Risk
C112304,91,5,57826.904,11565.3808,9.0,3.0,2.0,1.0,1,0.4897562826240021,Medium Risk
C103800,644,3,102204.17400000001,34068.058,8.0,2.0,0.0,0.3333333333333333,1,0.4897237960153155,Medium Risk
C104383,290,3,39195.474,13065.158000000001,8.0,2.0,0.0,0.3333333333333333,1,0.4896808804230925,Medium Risk
C103641,141,3,45681.145000000004,15227.048333333334,5.0,1.0,1.0,0.6666666666666666,1,0.48967648307034184,Medium Risk
C102249,10,3,51563.324,17187.774666666668,4.0,1.0,0.0,0.3333333333333333,0,0.4896417332215791,Medium Risk
C108161,41,3,61952.251000000004,20650.750333333333,6.0,2.0,0.0,0.6666666666666666,0,0.4896316338830076,Medium Risk
C102535,318,2,21149.313000000002,10574.656500000001,8.0,3.0,0.0,1.0,1,0.489607746849889,Medium Risk
C109639,39,2,34348.336,17174.168,9.0,3.0,0.0,0.5,0,0.4895737400867315,Medium Risk
C114204,375,3,34663.136,11554.378666666666,4.0,2.0,0.0,0.3333333333333333,1,0.48956605188492913,Medium Risk
C111703,306,4,44150.198,11037.5495,3.0,0.0,0.0,0.5,1,0.4895071899652268,Medium Risk
C113155,34,3,47728.149,15909.383,10.0,2.0,0.0,0.3333333333333333,0,0.4894509546406783,Medium Risk
C103642,23,3,55434.108,18478.036,12.0,1.0,0.0,0.6666666666666666,0,0.48943224077113484,Medium Risk
C112583,68,3,95548.6765,31849.558833333333,8.0,1.0,1.0,0.6666666666666666,0,0.4893929643657281,Medium Risk
C100050,124,3,44920.729,14973.576333333333,6.0,0.0,1.0,0.6666666666666666,1,0.4892895997223075,Medium Risk
C101316,96,3,109545.4095,36515.1365,8.0,2.0,0.0,1.0,1,0.48927001136209336,Medium Risk
C106511,14,2,34390.567,17195.2835,10.0,3.0,0.0,0.5,0,0.48923859357153465,Medium Risk
C100930,9,3,64717.251,21572.417,10.0,4.0,0.0,1.0,0,0.4892371800950345,Medium Risk
C109415,683,2,28038.167999999998,14019.083999999999,9.0,4.0,0.0,1.0,1,0.4892259746214663,Medium Risk
C109316,130,3,35594.314,11864.771333333332,10.0,1.0,0.0,1.0,1,0.48902888863200134,Medium Risk
C102519,85,3,61005.115,20335.038333333334,12.0,7.0,0.0,0.3333333333333333,0,0.4890034873772104,Medium Risk
C100686,366,3,41936.559,13978.853000000001,9.0,2.0,1.0,0.6666666666666666,1,0.4889998027365065,Medium Risk
C101649,92,3,44753.2435,14917.747833333333,6.0,1.0,0.0,0.3333333333333333,1,0.48878201865798226,Medium Risk
C105440,4,3,42060.3685,14020.122833333333,5.0,1.0,1.0,0.6666666666666666,0,0.4886488541166415,Medium Risk
C110814,272,3,118072.49,39357.496666666666,8.0,0.0,0.0,0.3333333333333333,1,0.48854614089685455,Medium Risk
C109774,247,3,44702.306,14900.768666666665,9.0,1.0,1.0,0.3333333333333333,1,0.4884720138115,Medium Risk
C113063,76,3,85539.806,28513.268666666667,6.0,3.0,0.0,0.6666666666666666,0,0.488465258832505,Medium Risk
C103250,198,3,44930.1785,14976.726166666667,6.0,2.0,1.0,0.6666666666666666,1,0.48845591280176603,Medium Risk
C100797,14,3,46622.899,15540.966333333332,5.0,1.0,1.0,0.6666666666666666,0,0.4884303626136557,Medium Risk
C100351,23,3,91363.602,30454.534,5.0,2.0,1.0,0.6666666666666666,0,0.48841782198467115,Medium Risk
C113295,26,2,34701.229,17350.6145,8.0,3.0,0.0,0.5,0,0.4883970213848935,Medium Risk
C103771,270,2,34753.912,17376.956,8.0,3.0,0.0,0.5,1,0.4883970213848935,Medium Risk
C103574,309,2,23844.0455,11922.02275,10.0,3.0,0.0,1.0,1,0.4883630364602307,Medium Risk
C104148,61,2,34531.55100000001,17265.775500000003,9.0,3.0,0.0,0.5,0,0.48830132206336463,Medium Risk
C100059,276,3,50089.133,16696.377666666667,9.0,2.0,0.0,1.0,1,0.48826687407032504,Medium Risk
C114007,296,2,30661.1385,15330.56925,7.0,3.0,0.0,1.0,1,0.4882224769841072,Medium Risk
C107825,212,3,51610.782,17203.594,9.0,4.0,1.0,0.6666666666666666,1,0.4881592381271458,Medium Risk
C110889,50,3,48856.2155,16285.405166666666,5.0,2.0,0.0,1.0,0,0.4880453318810592,Medium Risk
C106306,340,3,37018.9205,12339.640166666666,5.0,2.0,0.0,0.6666666666666666,1,0.48804050443860114,Medium Risk
C114465,282,3,67455.48,22485.16,7.0,0.0,1.0,0.0,1,0.4879531866642852,Medium Risk
C100236,2,2,13602.990999999998,6801.495499999999,7.0,4.0,0.0,1.0,0,0.4878982826020923,Medium Risk
C112486,676,3,46053.332,15351.110666666667,6.0,1.0,1.0,0.6666666666666666,1,0.4878734046903908,Medium Risk
C102833,25,3,80773.4615,26924.48716666667,13.0,2.0,0.0,0.3333333333333333,0,0.4877535271445794,Medium Risk
C101561,78,3,39831.71200000001,13277.237333333336,6.0,2.0,0.0,0.6666666666666666,0,0.4876969226852081,Medium Risk
C110462,135,3,100781.393,33593.797666666665,8.0,1.0,0.0,0.6666666666666666,1,0.4874454531574857,Medium Risk
C108403,518,3,46902.01,15634.003333333334,6.0,1.0,1.0,0.0,1,0.4873416216752789,Medium Risk
C114451,29,3,33784.172000000006,11261.390666666668,5.0,2.0,0.0,0.3333333333333333,0,0.48733763866013335,Medium Risk
C107237,3,3,41581.759999999995,13860.586666666668,10.0,1.0,0.0,0.0,0,0.4873175917851062,Medium Risk
C112452,30,3,40695.081,13565.027000000002,8.0,2.0,0.0,0.3333333333333333,0,0.4872939164361371,Medium Risk
C101736,261,3,91685.3235,30561.7745,5.0,1.0,0.0,0.6666666666666666,1,0.48728167480152806,Medium Risk
C110619,31,3,29873.688000000002,9957.896,8.0,4.0,0.0,0.3333333333333333,0,0.4872565439144001,Medium Risk
C107133,170,3,46012.856999999996,15337.619,9.0,3.0,0.0,0.3333333333333333,1,0.48722121766459575,Medium Risk
C114880,159,3,38930.3545,12976.784833333333,15.0,3.0,2.0,0.3333333333333333,1,0.48705078716624617,Medium Risk
C105693,36,2,22163.319,11081.6595,11.0,1.0,0.0,1.0,0,0.4869560202212089,Medium Risk
C104828,8,3,35678.43,11892.81,8.0,3.0,0.0,0.3333333333333333,0,0.4868501620237413,Medium Risk
C110448,52,2,32670.559999999998,16335.279999999999,11.0,4.0,1.0,0.5,0,0.48684560742403504,Medium Risk
C109893,85,3,51762.4845,17254.1615,11.0,1.0,0.0,0.3333333333333333,0,0.48681106281529274,Medium Risk
C103519,130,3,49467.256499999996,16489.085499999997,3.0,1.0,0.0,0.6666666666666666,1,0.48673093906713755,Medium Risk
C106608,-1,3,31281.6775,10427.225833333332,8.0,2.0,0.0,0.6666666666666666,0,0.4866764877172593,Medium Risk
C101576,481,2,32430.0765,16215.03825,10.0,4.0,1.0,0.5,1,0.4865614361761184,Medium Risk
C112261,345,4,154512.409,38628.102249999996,7.0,3.0,3.0,0.25,1,0.4865551732773041,Medium Risk
C101251,600,3,48356.807,16118.935666666666,9.0,2.0,0.0,0.6666666666666666,1,0.4864882107525654,Medium Risk
C100748,58,3,72397.8725,24132.624166666665,12.0,3.0,0.0,0.3333333333333333,0,0.4864624456920901,Medium Risk
C107059,219,3,40572.316,13524.105333333335,8.0,3.0,2.0,0.3333333333333333,1,0.4864215403198034,Medium Risk
C108483,40,3,36719.14,12239.713333333333,8.0,1.0,1.0,1.0,0,0.4864203252292967,Medium Risk
C113066,26,3,99829.594,33276.53133333334,6.0,2.0,2.0,0.6666666666666666,0,0.48631240832972894,Medium Risk
C114631,20,3,35196.7145,11732.238166666668,7.0,3.0,1.0,1.0,0,0.4862960451810922,Medium Risk
C104106,57,2,34488.3305,17244.16525,8.0,3.0,0.0,0.5,0,0.4862236071572773,Medium Risk
C103961,249,2,35962.613,17981.3065,16.0,5.0,0.0,0.5,1,0.4862209417784535,Medium Risk
C111599,131,3,42683.479,14227.826333333333,7.0,2.0,1.0,0.6666666666666666,1,0.48615123667499355,Medium Risk
C101919,53,3,29110.934999999998,9703.644999999999,8.0,1.0,0.0,0.6666666666666666,0,0.48606200679503075,Medium Risk
C112217,159,3,33030.646,11010.215333333334,5.0,0.0,1.0,0.3333333333333333,1,0.4860387560719194,Medium Risk
C101101,17,2,33445.17,16722.585000000003,12.0,5.0,0.0,1.0,0,0.48600466286727584,Medium Risk
C112222,324,4,41856.322499999995,10464.080624999999,2.0,1.0,0.0,1.0,1,0.48599528156158817,Medium Risk
C110441,4,3,53345.718499999995,17781.906166666664,4.0,0.0,1.0,1.0,0,0.48592977418920247,Medium Risk
C113798,246,3,33180.9595,11060.319833333335,6.0,2.0,2.0,0.6666666666666666,1,0.4858674576330616,Medium Risk
C109668,460,3,35939.594,11979.864666666666,10.0,3.0,0.0,0.3333333333333333,1,0.4858464702226176,Medium Risk
C105678,75,2,31176.652,15588.326,9.0,2.0,2.0,0.5,0,0.48577985855933714,Medium Risk
C104812,11,3,52216.28,17405.426666666666,7.0,3.0,0.0,0.0,0,0.48577247549363506,Medium Risk
C103469,319,5,76207.594,15241.5188,3.0,1.0,3.0,0.8,1,0.4857687085988998,Medium Risk
C109742,131,3,37257.7645,12419.254833333332,7.0,3.0,1.0,0.6666666666666666,1,0.4857648412814345,Medium Risk
C114215,111,3,111319.09749999999,37106.36583333334,12.0,2.0,1.0,1.0,1,0.48569180371490356,Medium Risk
C113050,467,2,28043.917999999998,14021.958999999999,6.0,4.0,0.0,1.0,1,0.4856862545492497,Medium Risk
C105444,363,3,100540.44200000001,33513.48066666667,4.0,0.0,1.0,0.6666666666666666,1,0.48567058521057865,Medium Risk
C100113,48,3,39662.498,13220.832666666667,10.0,3.0,0.0,0.3333333333333333,0,0.48558663994993057,Medium Risk
C109475,15,2,29635.0155,14817.50775,11.0,4.0,0.0,0.5,0,0.4855837261357712,Medium Risk
C109224,63,3,50056.849,16685.616333333335,9.0,1.0,1.0,0.6666666666666666,0,0.48549092376316916,Medium Risk
C103743,14,2,22697.1895,11348.59475,4.0,2.0,0.0,1.0,0,0.48547384788474773,Medium Risk
C114469,32,2,22306.976000000002,11153.488000000001,8.0,2.0,0.0,1.0,0,0.4854281170179259,Medium Risk
C105642,12,3,72640.319,24213.43966666667,8.0,2.0,2.0,0.3333333333333333,0,0.4854021887210031,Medium Risk
C113419,63,3,48777.993,16259.331,6.0,2.0,0.0,1.0,0,0.4853584550500271,Medium Risk
C100028,544,2,30826.941000000006,15413.470500000003,9.0,3.0,0.0,1.0,1,0.4853012646481412,Medium Risk
C102555,100,4,78567.31999999999,19641.829999999998,10.0,6.0,1.0,0.0,1,0.48521943157341046,Medium Risk
C110843,74,3,40452.614,13484.204666666667,7.0,2.0,0.0,0.3333333333333333,0,0.48514756478882715,Medium Risk
C109104,69,3,41967.146499999995,13989.048833333334,10.0,2.0,1.0,0.6666666666666666,0,0.485119184341883,Medium Risk
C106232,20,3,85320.2585,28440.086166666664,6.0,2.0,1.0,0.6666666666666666,0,0.48509321676358924,Medium Risk
C107896,320,4,75420.988,18855.247,11.0,0.0,1.0,1.0,1,0.4850831727838029,Medium Risk
C102962,24,3,50839.3965,16946.465500000002,5.0,1.0,0.0,0.6666666666666666,0,0.4850646164998239,Medium Risk
C106672,83,3,50679.7435,16893.24783333333,5.0,1.0,0.0,0.6666666666666666,0,0.4850582757748159,Medium Risk
C110219,117,3,47836.1455,15945.381833333333,6.0,3.0,0.0,1.0,1,0.48505127499654593,Medium Risk
C111214,183,3,50574.1665,16858.0555,8.0,2.0,0.0,0.6666666666666666,1,0.4849519966208453,Medium Risk
C100984,304,3,44414.635500000004,14804.8785,11.0,2.0,1.0,0.6666666666666666,1,0.4848043781447571,Medium Risk
C103930,67,3,67129.5625,22376.520833333332,6.0,2.0,1.0,0.3333333333333333,0,0.48478639980524385,Medium Risk
C113996,31,3,19295.82,6431.94,11.0,3.0,0.0,0.0,0,0.4846578328374865,Medium Risk
C113488,13,3,44256.4375,14752.145833333334,6.0,1.0,1.0,0.6666666666666666,0,0.48461515649150305,Medium Risk
C102733,14,3,50759.21799999999,16919.73933333333,7.0,3.0,1.0,0.6666666666666666,0,0.48456611899591834,Medium Risk
C110444,356,3,43876.4105,14625.470166666666,8.0,2.0,1.0,0.6666666666666666,1,0.4844496417232857,Medium Risk
C108626,45,2,81687.31,40843.655,12.0,2.0,0.0,0.0,0,0.48442176672713594,Medium Risk
C114966,609,3,21763.574,7254.524666666667,9.0,0.0,0.0,0.6666666666666666,1,0.48440634433529894,Medium Risk
C104270,22,3,55674.64199999999,18558.214,8.0,3.0,0.0,1.0,0,0.48436879389777865,Medium Risk
C108696,29,3,32699.5585,10899.852833333332,9.0,1.0,0.0,0.3333333333333333,0,0.48432450623049694,Medium Risk
C102073,75,2,34542.216,17271.108,10.0,3.0,1.0,0.5,0,0.48428031637410435,Medium Risk
C103985,155,3,46746.712,15582.237333333333,4.0,1.0,1.0,0.6666666666666666,1,0.48420048882491734,Medium Risk
C101239,39,4,68936.9315,17234.232874999998,5.0,1.0,2.0,1.0,0,0.48412580626541696,Medium Risk
C109070,24,3,45975.349500000004,15325.116500000002,7.0,6.0,0.0,0.6666666666666666,0,0.484088673319566,Medium Risk
C113526,3,3,49363.189,16454.396333333334,8.0,3.0,1.0,0.6666666666666666,0,0.48404462904080753,Medium Risk
C108672,4,3,121032.14600000001,40344.04866666667,8.0,2.0,1.0,0.3333333333333333,0,0.48400689075000924,Medium Risk
C114995,1,3,44869.492,14956.497333333333,9.0,1.0,1.0,0.6666666666666666,0,0.4839892564804349,Medium Risk
C113096,78,3,63645.441,21215.147,12.0,7.0,0.0,0.3333333333333333,0,0.4839803646263144,Medium Risk
C109659,208,3,47627.870500000005,15875.956833333335,10.0,0.0,1.0,0.3333333333333333,1,0.48381889583961546,Medium Risk
C111191,-1,2,22610.836499999998,11305.418249999999,4.0,2.0,0.0,1.0,0,0.48376442043566625,Medium Risk
C113885,49,3,34998.4355,11666.145166666667,11.0,6.0,0.0,0.3333333333333333,0,0.4837325005675926,Medium Risk
C112287,-1,2,96629.841,48314.9205,9.0,2.0,0.0,1.0,0,0.4837155255834522,Medium Risk
C109098,14,2,33523.498,16761.749,9.0,4.0,0.0,0.5,0,0.48369971494095787,Medium Risk
C110061,5,3,34959.536,11653.178666666667,12.0,3.0,1.0,0.6666666666666666,0,0.4835307388522994,Medium Risk
C101131,20,3,45105.880000000005,15035.293333333335,8.0,3.0,0.0,0.0,0,0.48348843889293797,Medium Risk
C114245,277,2,21948.6305,10974.315250000001,7.0,1.0,0.0,1.0,1,0.4834331101252276,Medium Risk
C112459,293,3,49281.089,16427.029666666665,6.0,2.0,0.0,0.6666666666666666,1,0.48341370851153626,Medium Risk
C102977,62,3,40530.355,13510.118333333332,6.0,2.0,0.0,0.6666666666666666,0,0.4833817088626937,Medium Risk
C108528,40,3,102205.02600000001,34068.342,7.0,2.0,1.0,0.3333333333333333,0,0.48337416100989405,Medium Risk
C113444,109,2,30746.040999999997,15373.020499999999,8.0,3.0,0.0,1.0,1,0.4833698334815474,Medium Risk
C114077,39,3,51802.421500000004,17267.473833333333,10.0,2.0,0.0,0.6666666666666666,0,0.48333712944806356,Medium Risk
C107308,340,3,93731.677,31243.892333333333,6.0,0.0,0.0,0.6666666666666666,1,0.4832846668883677,Medium Risk
C112139,28,3,139504.37649999998,46501.45883333333,8.0,1.0,0.0,0.6666666666666666,0,0.4832101810332751,Medium Risk
C104896,164,3,44142.331999999995,14714.110666666666,4.0,3.0,0.0,0.6666666666666666,1,0.48317460061245526,Medium Risk
C111579,13,2,23413.362,11706.681,6.0,2.0,0.0,1.0,0,0.4830912593695724,Medium Risk
C101753,142,3,35251.174,11750.391333333333,3.0,0.0,1.0,0.6666666666666666,1,0.48308288137035604,Medium Risk
C101409,72,3,60105.59,20035.196666666667,5.0,2.0,1.0,0.0,0,0.4829765012366148,Medium Risk
C107253,47,3,47223.7325,15741.244166666665,10.0,1.0,0.0,0.3333333333333333,0,0.4829441997248983,Medium Risk
C112165,75,3,122348.10199999998,40782.700666666664,7.0,1.0,2.0,0.6666666666666666,0,0.48289676249539676,Medium Risk
C113262,58,3,37746.56,12582.186666666666,9.0,3.0,0.0,0.0,0,0.48288073907768997,Medium Risk
C114877,4,3,43378.1875,14459.395833333334,5.0,0.0,0.0,0.3333333333333333,0,0.48280719220401275,Medium Risk
C114217,10,2,14658.5445,7329.272250000001,12.0,5.0,0.0,1.0,0,0.4827301013608405,Medium Risk
C107770,49,3,38798.598,12932.866,6.0,1.0,0.0,0.6666666666666666,0,0.48269050863380103,Medium Risk
C109293,50,3,42231.811,14077.270333333334,11.0,6.0,0.0,0.3333333333333333,0,0.48265080337437316,Medium Risk
C113468,249,3,44111.3955,14703.798499999999,11.0,2.0,1.0,0.6666666666666666,1,0.4825974442689358,Medium Risk
C103997,17,2,31084.264000000003,15542.132000000001,12.0,7.0,0.0,0.5,0,0.48259039105637463,Medium Risk
C113044,16,3,45389.4155,15129.805166666667,5.0,3.0,1.0,0.6666666666666666,0,0.4825185509114441,Medium Risk
C104033,429,3,32763.8565,10921.2855,6.0,2.0,0.0,0.6666666666666666,1,0.48246572719322395,Medium Risk
C108014,165,3,40021.344000000005,13340.447999999999,9.0,1.0,0.0,0.6666666666666666,1,0.4824018761639513,Medium Risk
C111727,0,3,92619.8665,30873.288833333336,6.0,2.0,0.0,0.3333333333333333,0,0.48219741879803074,Medium Risk
C105591,147,4,119843.05,29960.7625,12.0,5.0,1.0,0.0,1,0.4821546651149881,Medium Risk
C111390,4,3,57341.4885,19113.8295,15.0,7.0,0.0,0.3333333333333333,0,0.48211235411618836,Medium Risk
C102383,63,3,51187.426,17062.475333333332,6.0,1.0,0.0,0.6666666666666666,0,0.4820442551559348,Medium Risk
C109755,370,3,16518.0575,5506.019166666666,12.0,4.0,1.0,0.6666666666666666,1,0.4820353420566547,Medium Risk
C101172,25,3,37941.492,12647.163999999999,8.0,1.0,0.0,0.3333333333333333,0,0.4820261970210313,Medium Risk
C105740,147,3,45981.424,15327.141333333333,7.0,3.0,1.0,0.6666666666666666,1,0.4819975588908706,Medium Risk
C111980,26,3,44053.614499999996,14684.538166666665,11.0,2.0,1.0,0.3333333333333333,0,0.48199502912657805,Medium Risk
C112530,18,2,62425.403,31212.701500000003,12.0,7.0,1.0,1.0,0,0.4819656116015485,Medium Risk
C112670,-1,3,53950.93,17983.643333333333,5.0,0.0,0.0,0.0,0,0.48196209818642416,Medium Risk
C114705,32,2,30528.550000000003,15264.275000000001,7.0,4.0,0.0,0.0,0,0.48195474911489966,Medium Risk
C100610,15,3,38832.7105,12944.236833333334,7.0,3.0,1.0,1.0,0,0.4819474050334857,Medium Risk
C102626,34,3,43328.063,14442.687666666667,5.0,2.0,0.0,0.6666666666666666,0,0.4819025317781975,Medium Risk
C102078,8,2,22442.709,11221.354500000001,4.0,1.0,1.0,1.0,0,0.4818909407964128,Medium Risk
C101735,0,2,15900.265500000001,7950.132750000001,9.0,4.0,0.0,1.0,0,0.4818872826550333,Medium Risk
C114353,579,3,46772.489,15590.829666666667,5.0,3.0,0.0,0.3333333333333333,1,0.4818528659116197,Medium Risk
C104920,109,4,77291.31899999999,19322.829749999997,3.0,0.0,1.0,1.0,1,0.48182948476400556,Medium Risk
C102770,250,3,36537.343,12179.114333333333,8.0,3.0,0.0,0.3333333333333333,1,0.4818184174300429,Medium Risk
C104039,7,3,50940.505000000005,16980.168333333335,5.0,1.0,0.0,0.6666666666666666,0,0.48177056393916323,Medium Risk
C112857,11,4,66231.889,16557.97225,7.0,3.0,3.0,0.25,0,0.4816774384768226,Medium Risk
C109802,206,3,39451.284,13150.428,11.0,0.0,0.0,0.3333333333333333,1,0.48164968682582404,Medium Risk
C103971,19,3,31320.154000000002,10440.051333333335,10.0,2.0,1.0,1.0,0,0.48160801512007984,Medium Risk
C106692,45,3,53751.727,17917.24233333333,7.0,1.0,2.0,0.3333333333333333,0,0.48157355649811634,Medium Risk
C112370,107,3,44870.13,14956.710000000001,6.0,2.0,0.0,0.6666666666666666,1,0.48152926915528504,Medium Risk
C106621,65,2,21676.2365,10838.118250000001,7.0,1.0,1.0,1.0,0,0.4814351936326629,Medium Risk
C113826,66,3,93846.916,31282.305333333334,5.0,0.0,0.0,0.3333333333333333,0,0.4814125208775771,Medium Risk
C109923,192,3,41084.088,13694.696000000002,8.0,2.0,0.0,0.3333333333333333,1,0.48136152827780376,Medium Risk
C103592,227,4,76073.918,19018.4795,10.0,3.0,3.0,0.25,1,0.4813261282382922,Medium Risk
C101280,149,3,38368.253000000004,12789.417666666668,8.0,2.0,0.0,0.3333333333333333,1,0.48127071739134164,Medium Risk
C112945,213,3,44486.05,14828.683333333332,8.0,1.0,1.0,0.6666666666666666,1,0.4812098733223334,Medium Risk
C106752,248,3,27544.204,9181.401333333333,13.0,4.0,0.0,0.6666666666666666,1,0.48118799261792106,Medium Risk
C105472,239,4,78207.92,19551.98,7.0,2.0,1.0,1.0,1,0.481145096503402,Medium Risk
C113456,8,3,49674.741,16558.247,10.0,1.0,1.0,0.6666666666666666,0,0.481057447732747,Medium Risk
C102612,473,3,122613.239,40871.079666666665,6.0,1.0,0.0,0.3333333333333333,1,0.4810079401199125,Medium Risk
C109423,222,3,119804.44499999999,39934.814999999995,17.0,5.0,1.0,0.3333333333333333,1,0.4810042622270283,Medium Risk
C101655,0,3,100898.889,33632.962999999996,11.0,1.0,1.0,0.6666666666666666,0,0.4809639439269446,Medium Risk
C102888,429,3,33777.888,11259.296,12.0,3.0,1.0,0.6666666666666666,1,0.48096017950323655,Medium Risk
C107404,201,3,34979.636,11659.878666666666,9.0,2.0,0.0,0.6666666666666666,1,0.48094059192421745,Medium Risk
C113121,151,3,42483.569,14161.189666666667,6.0,1.0,0.0,0.6666666666666666,1,0.4808695461411563,Medium Risk
C110344,42,3,35212.8915,11737.6305,7.0,2.0,0.0,0.6666666666666666,0,0.48080936066046015,Medium Risk
C106912,72,3,36670.01,12223.336666666668,7.0,2.0,0.0,0.3333333333333333,0,0.480755772821883,Medium Risk
C113148,63,3,37674.17,12558.056666666665,8.0,2.0,0.0,0.3333333333333333,0,0.480715415214735,Medium Risk
C110763,15,3,47655.1265,15885.042166666666,11.0,1.0,1.0,0.6666666666666666,0,0.4806300572029991,Medium Risk
C107158,133,3,54344.944,18114.981333333333,7.0,3.0,0.0,1.0,1,0.48060998247959696,Medium Risk
C112483,-1,3,39064.743,13021.581,7.0,1.0,0.0,0.6666666666666666,0,0.4805125290451707,Medium Risk
C107679,14,2,87031.62999999999,43515.815,13.0,2.0,0.0,0.0,0,0.48043489521678795,Medium Risk
C109425,314,3,41507.67,13835.89,7.0,1.0,0.0,0.3333333333333333,1,0.4802838877583928,Medium Risk
C105035,4,2,30515.6475,15257.82375,2.0,0.0,1.0,1.0,0,0.4802823895211224,Medium Risk
C104037,13,2,23508.004,11754.002,9.0,2.0,0.0,1.0,0,0.48016330246416744,Medium Risk
C110875,-1,3,49776.197,16592.065666666665,8.0,2.0,0.0,1.0,0,0.4801182999714639,Medium Risk
C113406,67,2,32138.742000000002,16069.371000000001,7.0,4.0,1.0,0.5,0,0.48010661578691044,Medium Risk
C102897,605,3,46605.7025,15535.234166666667,11.0,3.0,0.0,0.3333333333333333,1,0.4800780335739955,Medium Risk
C100362,16,3,50622.659,16874.219666666668,11.0,3.0,1.0,0.6666666666666666,0,0.48000790689104045,Medium Risk
C114239,225,4,81925.0,20481.25,8.0,2.0,0.0,1.0,1,0.4799100296677341,Medium Risk
C107799,365,3,68607.561,22869.187,3.0,1.0,0.0,0.3333333333333333,1,0.47973465424735695,Medium Risk
C101437,51,3,35656.39,11885.463333333333,10.0,2.0,0.0,0.6666666666666666,0,0.47972184936587603,Medium Risk
C107194,55,3,92755.25200000001,30918.417333333335,6.0,2.0,1.0,0.6666666666666666,0,0.4797205636983637,Medium Risk
C111577,9,3,48167.396,16055.79866666667,7.0,1.0,0.0,0.6666666666666666,0,0.4796945996948158,Medium Risk
C110163,23,2,35123.548,17561.774,10.0,4.0,2.0,0.5,0,0.4796591911610313,Medium Risk
C107008,32,3,36372.697,12124.232333333333,8.0,1.0,0.0,0.6666666666666666,0,0.4796118329776246,Medium Risk
C107290,15,3,53881.936,17960.645333333334,14.0,3.0,0.0,0.3333333333333333,0,0.4796078427437316,Medium Risk
C100827,6,3,45301.843,15100.614333333333,11.0,3.0,0.0,0.3333333333333333,0,0.4795556797167611,Medium Risk
C109118,3,3,42734.49450000001,14244.831500000002,4.0,3.0,0.0,0.6666666666666666,0,0.4795428721664813,Medium Risk
C100840,47,3,48924.726,16308.242,7.0,2.0,0.0,0.6666666666666666,0,0.4795398142163759,Medium Risk
C108688,187,3,51288.2315,17096.077166666666,11.0,4.0,0.0,0.6666666666666666,1,0.4793293218947957,Medium Risk
C112896,45,3,67084.254,22361.418,6.0,1.0,0.0,0.3333333333333333,0,0.47927242355903116,Medium Risk
C111608,71,3,30212.7825,10070.9275,6.0,2.0,0.0,0.6666666666666666,0,0.4791626878797795,Medium Risk
C102212,1,3,84269.8515,28089.950500000003,6.0,1.0,1.0,0.6666666666666666,0,0.4791495209248635,Medium Risk
C100369,81,2,33924.270000000004,16962.135,9.0,4.0,0.0,0.5,0,0.47911303005475825,Medium Risk
C111268,47,3,38039.4965,12679.832166666665,6.0,2.0,0.0,0.6666666666666666,0,0.4790489913558422,Medium Risk
C102545,21,3,43206.978,14402.326000000001,6.0,1.0,0.0,0.3333333333333333,0,0.4790377247059558,Medium Risk
C104968,231,3,24999.1365,8333.0455,5.0,1.0,0.0,1.0,1,0.47890252207224676,Medium Risk
C113083,36,3,44595.54,14865.18,6.0,2.0,1.0,0.0,0,0.478858920190675,Medium Risk
C105023,30,3,93182.42,31060.80666666667,3.0,1.0,0.0,0.0,0,0.4788426244568692,Medium Risk
C102428,143,2,87496.91500000001,43748.457500000004,15.0,5.0,0.0,0.5,1,0.4788338712452983,Medium Risk
C100364,61,3,47405.201,15801.733666666667,6.0,1.0,1.0,0.6666666666666666,0,0.4787992620318772,Medium Risk
C104123,7,2,30017.120000000003,15008.560000000001,9.0,4.0,1.0,0.0,0,0.4787208236126954,Medium Risk
C104704,128,3,52139.609000000004,17379.869666666666,9.0,3.0,0.0,0.6666666666666666,1,0.4786454032942069,Medium Risk
C104428,36,3,65068.9915,21689.663833333332,6.0,1.0,1.0,0.3333333333333333,0,0.4786411805812117,Medium Risk
C103530,562,3,48762.0935,16254.031166666668,9.0,2.0,2.0,0.6666666666666666,1,0.47856643952939015,Medium Risk
C102257,378,3,39995.206000000006,13331.735333333332,9.0,5.0,1.0,0.3333333333333333,1,0.4784576893856556,Medium Risk
C101894,494,2,25997.964,12998.982,9.0,4.0,0.0,1.0,1,0.4783515210386183,Medium Risk
C107439,23,2,15682.6785,7841.33925,15.0,4.0,0.0,0.5,0,0.4783487270813642,Medium Risk
C114751,169,3,100803.261,33601.087,5.0,1.0,1.0,0.3333333333333333,1,0.47824127993079024,Medium Risk
C112643,161,3,49839.833999999995,16613.278,7.0,2.0,0.0,1.0,1,0.47820203976076725,Medium Risk
C111398,-1,3,30793.762,10264.587333333331,8.0,2.0,3.0,0.6666666666666666,0,0.47817017348215884,Medium Risk
C108545,410,3,51933.841499999995,17311.280499999997,10.0,1.0,0.0,0.6666666666666666,1,0.47815272658869534,Medium Risk
C104872,369,3,46619.902,15539.967333333332,8.0,5.0,1.0,0.3333333333333333,1,0.47814589646980127,Medium Risk
C110343,490,3,31362.622499999998,10454.207499999999,10.0,2.0,0.0,0.6666666666666666,1,0.47805856880910447,Medium Risk
C110960,586,3,38980.761,12993.587,8.0,1.0,0.0,0.6666666666666666,1,0.4780128205648484,Medium Risk
C106433,100,3,40471.936,13490.645333333334,7.0,3.0,0.0,0.3333333333333333,1,0.4779146689259584,Medium Risk
C106932,67,3,48822.9145,16274.304833333334,8.0,1.0,0.0,0.6666666666666666,0,0.4779123657317627,Medium Risk
C108078,168,3,47461.8465,15820.6155,9.0,2.0,0.0,1.0,1,0.4779111337247823,Medium Risk
C104849,500,3,47025.089499999995,15675.029833333332,5.0,2.0,0.0,0.6666666666666666,1,0.47779852500182796,Medium Risk
C106411,288,3,26145.323,8715.107666666667,8.0,2.0,1.0,0.3333333333333333,1,0.47771220280252713,Medium Risk
C112563,56,3,33154.22,11051.406666666668,7.0,2.0,0.0,0.3333333333333333,0,0.47770513306250934,Medium Risk
C105681,422,3,105640.93650000001,35213.645500000006,9.0,2.0,1.0,0.6666666666666666,1,0.4777006832650516,Medium Risk
C114652,81,1,30257.65,30257.65,13.0,7.0,0.0,0.0,0,0.47769679772541523,Medium Risk
C102469,121,3,40118.269,13372.756333333331,11.0,2.0,0.0,1.0,1,0.4775644946035202,Medium Risk
C102371,-1,3,91830.20749999999,30610.069166666668,8.0,3.0,3.0,0.6666666666666666,0,0.47752502106875755,Medium Risk
C109984,117,3,95297.158,31765.71933333333,6.0,2.0,0.0,1.0,1,0.47751798052336775,Medium Risk
C104359,54,3,52669.728,17556.576,10.0,3.0,0.0,1.0,0,0.4775106343225861,Medium Risk
C111337,73,3,32946.042499999996,10982.014166666666,10.0,6.0,0.0,0.3333333333333333,0,0.47745860684530217,Medium Risk
C102853,74,2,22243.259,11121.6295,7.0,2.0,0.0,1.0,0,0.47745667222287425,Medium Risk
C107472,70,3,33252.1285,11084.042833333333,9.0,1.0,0.0,0.6666666666666666,0,0.4774480803297625,Medium Risk
C114954,99,3,42550.854,14183.618000000002,11.0,1.0,0.0,0.3333333333333333,1,0.47730815363830337,Medium Risk
C103962,83,2,11116.02,5558.01,12.0,5.0,0.0,1.0,0,0.47725848677050914,Medium Risk
C107974,-1,3,35575.715,11858.571666666665,8.0,3.0,0.0,0.6666666666666666,0,0.47721469316491594,Medium Risk
C102386,16,3,52101.4035,17367.1345,5.0,2.0,0.0,0.6666666666666666,0,0.4772020515626116,Medium Risk
C108128,179,2,29293.621499999997,14646.810749999999,12.0,6.0,0.0,1.0,1,0.4770391028578541,Medium Risk
C101995,11,2,23600.136000000006,11800.068000000003,8.0,2.0,0.0,1.0,0,0.4769192441252779,Medium Risk
C108915,64,3,64884.336,21628.112,5.0,1.0,0.0,0.3333333333333333,0,0.4769117673240145,Medium Risk
C101715,169,4,80012.366,20003.0915,4.0,1.0,0.0,1.0,1,0.47688511698819747,Medium Risk
C110279,353,3,19442.806999999997,6480.935666666665,12.0,4.0,2.0,0.6666666666666666,1,0.47686327973514947,Medium Risk
C108780,101,3,123328.894,41109.63133333333,8.0,2.0,0.0,0.3333333333333333,1,0.47665171873040213,Medium Risk
C102565,14,3,92035.86850000001,30678.62283333333,5.0,1.0,2.0,0.6666666666666666,0,0.47659059443988205,Medium Risk
C100165,344,3,28738.781,9579.593666666666,8.0,0.0,0.0,1.0,1,0.47657717762970564,Medium Risk
C111800,203,3,36771.758,12257.252666666667,10.0,2.0,0.0,0.6666666666666666,1,0.4765758237969445,Medium Risk
C109980,188,5,69974.9475,13994.989500000001,6.0,1.0,3.0,0.8,1,0.47656726618537265,Medium Risk
C100523,57,3,36370.8905,12123.630166666664,7.0,2.0,0.0,0.6666666666666666,0,0.4765515432658804,Medium Risk
C106188,71,3,62545.2465,20848.4155,10.0,4.0,0.0,1.0,0,0.47628924582313564,Medium Risk
C104567,1,2,39489.304000000004,19744.652000000002,11.0,6.0,1.0,1.0,0,0.47625179065319306,Medium Risk
C114647,23,3,111488.79,37162.93,10.0,1.0,1.0,0.3333333333333333,0,0.4762451311933475,Medium Risk
C104965,28,3,82970.237,27656.745666666666,17.0,6.0,1.0,0.3333333333333333,0,0.47618542930584196,Medium Risk
C109231,205,3,39400.173,13133.391000000001,8.0,5.0,1.0,0.6666666666666666,1,0.4761802571528388,Medium Risk
C106422,117,4,38874.126000000004,9718.531500000001,5.0,2.0,0.0,1.0,1,0.4761277258429279,Medium Risk
C109122,90,3,69311.79000000001,23103.930000000004,7.0,3.0,3.0,0.3333333333333333,0,0.47609564329898285,Medium Risk
C105375,302,3,32756.570499999998,10918.856833333333,7.0,1.0,0.0,0.6666666666666666,1,0.47599924150521944,Medium Risk
C113900,31,3,45684.153,15228.051,9.0,2.0,0.0,0.6666666666666666,0,0.47593071664169256,Medium Risk
C106043,200,3,33313.418,11104.472666666667,10.0,2.0,0.0,0.6666666666666666,1,0.47588298121814937,Medium Risk
C114070,395,3,44785.3535,14928.451166666666,9.0,2.0,0.0,0.6666666666666666,1,0.47587555643227597,Medium Risk
C107513,38,3,45695.2515,15231.7505,8.0,1.0,0.0,0.6666666666666666,0,0.4758302502605515,Medium Risk
C109857,383,4,48683.7125,12170.928125,4.0,2.0,0.0,1.0,1,0.47582589421115346,Medium Risk
C104669,50,3,45139.0205,15046.340166666667,6.0,2.0,0.0,1.0,0,0.4757558789265028,Medium Risk
C106642,46,3,52940.8055,17646.935166666666,8.0,3.0,0.0,1.0,0,0.47564971587311367,Medium Risk
C105032,238,3,32267.364,10755.788,8.0,0.0,0.0,0.3333333333333333,1,0.4756318774686341,Medium Risk
C110741,60,2,112319.051,56159.5255,8.0,3.0,1.0,1.0,0,0.4755998936104192,Medium Risk
C104626,3,3,115924.58,38641.52666666667,10.0,4.0,0.0,0.0,0,0.47543157288876725,Medium Risk
C108646,310,3,52734.85799999999,17578.286,11.0,5.0,1.0,1.0,1,0.4753572893135328,Medium Risk
C110251,86,3,46924.909499999994,15641.6365,11.0,2.0,0.0,1.0,0,0.4752792304070402,Medium Risk
C112364,21,3,32086.475000000002,10695.491666666667,6.0,0.0,0.0,0.3333333333333333,0,0.47525443811337603,Medium Risk
C106720,22,3,100031.3245,33343.77483333333,6.0,2.0,1.0,0.6666666666666666,0,0.4750512872163685,Medium Risk
C113220,279,4,76224.526,19056.1315,11.0,4.0,1.0,1.0,1,0.4749431252530488,Medium Risk
C106798,2,3,52287.818,17429.272666666668,7.0,2.0,0.0,1.0,0,0.47489628290240105,Medium Risk
C112868,150,4,34241.169,8560.29225,2.0,0.0,0.0,0.75,1,0.4748237189738609,Medium Risk
C104521,-1,2,33333.704999999994,16666.852499999997,8.0,4.0,0.0,1.0,0,0.4747916157610505,Medium Risk
C101885,275,4,156658.8295,39164.707375,6.0,1.0,1.0,0.25,1,0.47475253941284334,Medium Risk
C110090,69,3,38144.55,12714.85,8.0,3.0,0.0,0.3333333333333333,0,0.474627487570635,Medium Risk
C100854,417,3,50635.1825,16878.394166666665,2.0,1.0,1.0,1.0,1,0.47462488781587836,Medium Risk
C105673,49,3,41137.297,13712.432333333332,10.0,3.0,0.0,0.3333333333333333,0,0.4746103562625504,Medium Risk
C114081,43,3,42094.829,14031.609666666665,8.0,1.0,0.0,0.3333333333333333,0,0.47458923093266525,Medium Risk
C106267,98,5,64118.154500000004,12823.6309,5.0,1.0,1.0,1.0,1,0.4745266683400402,Medium Risk
C106988,137,2,22990.088000000003,11495.044000000002,4.0,3.0,1.0,1.0,1,0.4745163249018384,Medium Risk
C106094,20,3,36933.037,12311.012333333332,8.0,3.0,2.0,0.6666666666666666,0,0.47449659902367697,Medium Risk
C110392,12,3,27256.65,9085.550000000001,15.0,1.0,0.0,0.3333333333333333,0,0.4744671692541956,Medium Risk
C113082,97,4,150446.34,37611.585,7.0,3.0,0.0,0.0,1,0.4744301818648108,Medium Risk
C101503,15,3,79692.4505,26564.15016666667,3.0,1.0,1.0,0.3333333333333333,0,0.47431155469356767,Medium Risk
C101152,314,3,107022.164,35674.05466666667,9.0,2.0,1.0,0.3333333333333333,1,0.4743042317883772,Medium Risk
C110033,148,3,47244.227,15748.075666666666,9.0,5.0,1.0,0.6666666666666666,1,0.4742916579587305,Medium Risk
C100157,134,5,67651.518,13530.303600000003,5.0,3.0,2.0,0.4,1,0.4742254068456708,Medium Risk
C105265,2,3,31547.210499999997,10515.736833333332,5.0,0.0,0.0,1.0,0,0.47422532224027647,Medium Risk
C104683,38,3,120316.72600000001,40105.575333333334,11.0,0.0,0.0,0.3333333333333333,0,0.47406095779352847,Medium Risk
C102168,18,2,34125.324,17062.662,12.0,4.0,1.0,0.5,0,0.47404913078739896,Medium Risk
C113075,5,3,44764.804000000004,14921.601333333334,7.0,2.0,0.0,0.6666666666666666,0,0.4739006574278381,Medium Risk
C100452,-1,3,44176.08,14725.36,7.0,1.0,0.0,0.6666666666666666,0,0.473878056706061,Medium Risk
C100648,239,3,66387.2755,22129.09183333333,3.0,0.0,0.0,0.3333333333333333,1,0.4738598244699024,Medium Risk
C110119,35,3,48678.8215,16226.273833333333,10.0,3.0,0.0,0.6666666666666666,0,0.47379093896010377,Medium Risk
C100601,49,3,41377.524000000005,13792.508000000002,5.0,3.0,0.0,0.3333333333333333,0,0.473729812575044,Medium Risk
C112987,49,3,44312.557,14770.852333333334,7.0,2.0,0.0,0.6666666666666666,0,0.47371286969150667,Medium Risk
C109006,188,4,82648.06,20662.015,7.0,2.0,0.0,1.0,1,0.47364580857273886,Medium Risk
C100191,50,2,43377.642,21688.821,17.0,5.0,0.0,1.0,0,0.4735685161077541,Medium Risk
C100734,9,3,40857.883,13619.294333333333,10.0,2.0,0.0,0.6666666666666666,0,0.47347913275137804,Medium Risk
C107018,8,3,75398.4915,25132.8305,6.0,1.0,2.0,0.3333333333333333,0,0.47340774548081255,Medium Risk
C102500,1,2,108075.0005,54037.50024999999,3.0,0.0,0.0,0.5,0,0.47329534565433085,Medium Risk
C106400,26,3,31791.161,10597.053666666667,4.0,0.0,1.0,0.6666666666666666,0,0.47310266063444933,Medium Risk
C110362,92,3,50031.6545,16677.218166666666,11.0,4.0,1.0,0.6666666666666666,1,0.4730271526685153,Medium Risk
C105485,12,2,23409.247,11704.6235,8.0,3.0,0.0,1.0,0,0.47297720485241274,Medium Risk
C107576,165,4,128661.332,32165.333,9.0,5.0,1.0,0.25,1,0.4729743259369329,Medium Risk
C107708,242,3,49430.9745,16476.9915,12.0,5.0,0.0,0.6666666666666666,1,0.47294983884436514,Medium Risk
C101057,51,3,31375.699999999997,10458.566666666666,10.0,3.0,1.0,0.0,0,0.4729090381285559,Medium Risk
C104223,32,3,41247.8065,13749.268833333334,9.0,5.0,1.0,0.6666666666666666,0,0.47289189668842657,Medium Risk
C108299,168,4,41499.5655,10374.891375,8.0,1.0,1.0,0.25,1,0.4728703377347682,Medium Risk
C101421,207,2,22188.751,11094.3755,8.0,3.0,0.0,1.0,1,0.4728354590393336,Medium Risk
C102341,280,3,110405.56649999999,36801.8555,7.0,2.0,0.0,1.0,1,0.47282223045148997,Medium Risk
C106902,21,3,73367.769,24455.923,4.0,0.0,2.0,0.6666666666666666,0,0.47272131024375935,Medium Risk
C109256,88,2,15621.624,7810.812,12.0,4.0,1.0,1.0,0,0.4723184173300027,Medium Risk
C108019,79,3,124067.8065,41355.9355,6.0,2.0,1.0,0.6666666666666666,0,0.4722784965554203,Medium Risk
C114376,286,3,40367.9735,13455.991166666667,12.0,2.0,0.0,0.6666666666666666,1,0.4722540702861901,Medium Risk
C112607,193,4,71979.5485,17994.887125,10.0,5.0,1.0,1.0,1,0.4719694772432198,Medium Risk
C105060,0,3,105818.3575,35272.785833333335,7.0,0.0,2.0,0.6666666666666666,0,0.4719643515341824,Medium Risk
C114279,370,3,14708.861,4902.953666666667,9.0,2.0,0.0,0.6666666666666666,1,0.471901282756627,Medium Risk
C106426,51,3,90610.73550000001,30203.5785,12.0,2.0,0.0,1.0,0,0.47188712058237364,Medium Risk
C102554,8,3,33161.6075,11053.869166666665,9.0,0.0,0.0,0.3333333333333333,0,0.4717105288509964,Medium Risk
C113666,389,3,44074.035,14691.345000000001,7.0,2.0,0.0,0.6666666666666666,1,0.47150593581568534,Medium Risk
C106093,642,3,41678.29,13892.763333333334,10.0,5.0,1.0,0.3333333333333333,1,0.47143674473682096,Medium Risk
C105804,250,2,21412.387,10706.1935,12.0,4.0,0.0,1.0,1,0.4713565911015163,Medium Risk
C102031,16,3,20308.591,6769.530333333333,8.0,3.0,0.0,0.6666666666666666,0,0.47129444861238556,Medium Risk
C102250,114,8,163215.48549999998,20401.9356875,24.0,7.0,1.0,0.375,1,0.47122420120702474,Medium Risk
C108906,3,3,96739.8675,32246.622499999998,7.0,2.0,0.0,0.6666666666666666,0,0.4712144507807546,Medium Risk
C107941,109,3,22000.148,7333.382666666667,9.0,1.0,0.0,0.6666666666666666,1,0.47118768086738066,Medium Risk
C112208,5,2,29107.46,14553.73,6.0,4.0,0.0,0.5,0,0.4709877254577164,Medium Risk
C110478,5,3,95673.0125,31891.004166666666,7.0,1.0,1.0,0.6666666666666666,0,0.47093038649369506,Medium Risk
C103597,99,3,43941.061,14647.020333333334,8.0,2.0,0.0,0.6666666666666666,1,0.4708792133157615,Medium Risk
C101752,27,3,101618.76400000001,33872.92133333334,10.0,3.0,0.0,0.6666666666666666,0,0.47081092398490176,Medium Risk
C110334,346,4,71107.392,17776.848,11.0,3.0,0.0,1.0,1,0.47071896574297367,Medium Risk
C110019,53,3,42464.114,14154.704666666667,7.0,0.0,0.0,0.3333333333333333,0,0.4706569835259991,Medium Risk
C102796,210,3,25647.3855,8549.1285,6.0,0.0,0.0,0.6666666666666666,1,0.47065419825245075,Medium Risk
C110199,395,3,26514.606,8838.202,5.0,2.0,1.0,0.6666666666666666,1,0.47064699322742176,Medium Risk
C114779,98,3,28660.727000000003,9553.575666666668,16.0,2.0,0.0,0.6666666666666666,1,0.47061062934875864,Medium Risk
C104492,92,5,69609.1105,13921.8221,8.0,1.0,3.0,0.4,1,0.47051124481278106,Medium Risk
C110572,14,3,36352.479,12117.493,3.0,3.0,1.0,0.3333333333333333,0,0.47050473769665496,Medium Risk
C102241,125,4,74035.619,18508.90475,14.0,6.0,2.0,0.25,1,0.4704152308370035,Medium Risk
C107118,55,3,30396.68,10132.226666666667,5.0,2.0,0.0,0.0,0,0.4703363664081246,Medium Risk
C111677,-1,3,46735.4605,15578.486833333334,10.0,1.0,0.0,0.6666666666666666,0,0.47031466219198087,Medium Risk
C106558,359,2,22059.575,11029.7875,8.0,3.0,0.0,1.0,1,0.4703093209636521,Medium Risk
C104681,74,3,45948.279500000004,15316.093166666667,9.0,1.0,2.0,1.0,0,0.4702815040924947,Medium Risk
C110497,680,3,44965.737499999996,14988.579166666665,8.0,3.0,0.0,0.6666666666666666,1,0.4701112397070362,Medium Risk
C102052,170,3,45335.347,15111.782333333334,11.0,5.0,0.0,0.3333333333333333,1,0.4700922062919696,Medium Risk
C108742,138,3,33457.908500000005,11152.636166666669,9.0,3.0,0.0,0.6666666666666666,1,0.47007632771655994,Medium Risk
C100534,196,3,122198.872,40732.95733333333,7.0,2.0,1.0,0.6666666666666666,1,0.4700259478400468,Medium Risk
C101536,509,3,37099.538,12366.512666666667,7.0,1.0,2.0,0.3333333333333333,1,0.46999345867106,Medium Risk
C101067,10,2,21622.195,10811.0975,9.0,3.0,0.0,1.0,0,0.46998984033675806,Medium Risk
C111999,2,3,46524.36,15508.12,8.0,0.0,1.0,0.0,0,0.4699589189517912,Medium Risk
C114920,13,3,72832.303,24277.434333333338,3.0,0.0,0.0,0.3333333333333333,0,0.4698366531026557,Medium Risk
C105520,22,3,43977.191999999995,14659.063999999998,7.0,2.0,0.0,0.6666666666666666,0,0.46982898243781995,Medium Risk
C101465,100,3,46541.802,15513.934000000001,9.0,4.0,0.0,0.3333333333333333,1,0.4697673966524611,Medium Risk
C109125,36,3,51967.73299999999,17322.577666666668,11.0,3.0,0.0,0.6666666666666666,0,0.46975565409663206,Medium Risk
C101521,161,4,83779.46650000001,20944.866625000002,7.0,2.0,0.0,1.0,1,0.4697537325235929,Medium Risk
C105235,334,3,50769.778000000006,16923.259333333335,13.0,3.0,0.0,0.3333333333333333,1,0.46965855760620817,Medium Risk
C103328,9,2,34397.958999999995,17198.9795,10.0,4.0,0.0,0.5,0,0.469647100765593,Medium Risk
C104032,68,3,52193.557,17397.852333333332,6.0,1.0,0.0,0.6666666666666666,0,0.46958154569111055,Medium Risk
C105416,97,4,84541.579,21135.39475,9.0,2.0,0.0,1.0,1,0.46955848378034587,Medium Risk
C109549,234,3,50682.24,16894.079999999998,10.0,3.0,3.0,0.0,1,0.46949431433032457,Medium Risk
C101423,137,3,41233.585,13744.528333333334,8.0,1.0,0.0,0.6666666666666666,1,0.46946316115900044,Medium Risk
C100954,494,3,32744.186500000003,10914.728833333334,11.0,2.0,0.0,0.6666666666666666,1,0.46942707815852663,Medium Risk
C108859,233,3,117650.43050000002,39216.81016666667,9.0,4.0,1.0,1.0,1,0.46939644373601874,Medium Risk
C104838,152,2,31303.375,15651.6875,8.0,5.0,1.0,1.0,1,0.469385412676716,Medium Risk
C108865,277,3,45496.943,15165.647666666666,12.0,2.0,0.0,0.3333333333333333,1,0.46936062539740214,Medium Risk
C112740,-1,3,26971.589500000002,8990.529833333334,9.0,1.0,0.0,0.6666666666666666,0,0.4692443299494737,Medium Risk
C107678,133,4,49028.162000000004,12257.040500000001,4.0,1.0,1.0,0.25,1,0.4692376183395478,Medium Risk
C113982,60,3,48705.83,16235.276666666667,12.0,5.0,0.0,0.0,0,0.46915815345815515,Medium Risk
C101575,415,3,92775.786,30925.262,5.0,2.0,1.0,0.3333333333333333,1,0.46912022560767186,Medium Risk
C101328,49,3,51901.9165,17300.638833333334,7.0,3.0,0.0,1.0,0,0.4691058739994422,Medium Risk
C105361,35,2,29341.138,14670.569,11.0,4.0,0.0,1.0,0,0.46903712498480227,Medium Risk
C113107,103,3,40104.839,13368.279666666664,12.0,3.0,0.0,0.6666666666666666,1,0.4689503528820557,Medium Risk
C109499,19,3,101296.724,33765.57466666667,11.0,3.0,0.0,0.6666666666666666,0,0.4689249557011799,Medium Risk
C109441,-1,3,118773.86,39591.28666666666,10.0,4.0,0.0,0.0,0,0.4688786868019411,Medium Risk
C104997,45,2,28517.603,14258.8015,8.0,4.0,1.0,1.0,0,0.4686390564943399,Medium Risk
C111636,81,3,45583.778,15194.592666666666,9.0,4.0,1.0,0.3333333333333333,0,0.46863498250941477,Medium Risk
C113374,159,3,96990.382,32330.127333333334,4.0,0.0,0.0,0.6666666666666666,1,0.4682517715716284,Medium Risk
C111792,227,3,21811.134000000002,7270.378000000001,13.0,3.0,1.0,0.6666666666666666,1,0.46812085237567397,Medium Risk
C105464,160,4,86132.8215,21533.205374999998,11.0,4.0,0.0,0.75,1,0.46807312898798487,Medium Risk
C101895,127,3,115301.14050000001,38433.713500000005,5.0,2.0,1.0,0.6666666666666666,1,0.46805993347424923,Medium Risk
C112244,231,4,84314.385,21078.59625,7.0,3.0,0.0,1.0,1,0.4680459309788611,Medium Risk
C102373,8,3,19686.432999999997,6562.144333333334,5.0,2.0,0.0,0.3333333333333333,0,0.4679645730260372,Medium Risk
C108957,30,3,74574.82,24858.273333333334,10.0,3.0,2.0,0.0,0,0.46778902753602286,Medium Risk
C110945,108,3,38315.578,12771.859333333334,5.0,3.0,0.0,0.3333333333333333,1,0.46769729373299745,Medium Risk
C104027,6,3,38673.464,12891.154666666667,4.0,1.0,1.0,0.3333333333333333,0,0.46765828745985255,Medium Risk
C104840,17,3,32499.1395,10833.0465,7.0,2.0,2.0,0.6666666666666666,0,0.4676181458983729,Medium Risk
C106984,473,2,25033.4005,12516.70025,12.0,4.0,0.0,1.0,1,0.4675212028450687,Medium Risk
C100243,44,3,57092.489,19030.82966666667,9.0,0.0,2.0,0.3333333333333333,0,0.4674758573309734,Medium Risk
C109328,11,3,58358.59,19452.86333333333,10.0,2.0,3.0,1.0,0,0.4674463174061587,Medium Risk
C110852,13,3,120930.68000000001,40310.22666666667,7.0,2.0,0.0,1.0,0,0.46743889550258383,Medium Risk
C100616,804,2,21873.464999999997,10936.732499999998,5.0,2.0,0.0,1.0,1,0.4674002898901186,Medium Risk
C105256,572,2,30394.082499999997,15197.041249999998,7.0,4.0,0.0,0.5,1,0.4673683786654791,Medium Risk
C100572,487,3,104629.795,34876.598333333335,14.0,2.0,1.0,0.6666666666666666,1,0.467292428062122,Medium Risk
C100604,45,2,80632.57,40316.285,13.0,4.0,1.0,0.0,0,0.4672533800193755,Medium Risk
C111600,245,3,22301.542,7433.847333333334,10.0,2.0,0.0,0.3333333333333333,1,0.46714080349736276,Medium Risk
C102278,51,3,95081.2105,31693.73683333333,5.0,1.0,0.0,0.3333333333333333,0,0.46704477946251105,Medium Risk
C113873,141,4,70873.157,17718.28925,9.0,3.0,0.0,1.0,1,0.46699844904742377,Medium Risk
C109879,279,4,74897.878,18724.4695,10.0,2.0,1.0,1.0,1,0.46692466384639225,Medium Risk
C102820,83,3,82816.038,27605.346,5.0,0.0,2.0,0.3333333333333333,0,0.46690938939964854,Medium Risk
C106437,14,2,21985.523,10992.7615,11.0,0.0,2.0,0.5,0,0.4668768748891468,Medium Risk
C108338,38,3,38939.873,12979.957666666667,10.0,3.0,0.0,0.6666666666666666,0,0.4668693702584883,Medium Risk
C104736,177,3,45202.90550000001,15067.635166666669,10.0,3.0,0.0,0.6666666666666666,1,0.4667322681800327,Medium Risk
C109548,61,3,46615.253,15538.417666666666,7.0,3.0,0.0,0.6666666666666666,0,0.4667073817492898,Medium Risk
C101035,21,3,38454.065,12818.021666666667,4.0,1.0,1.0,0.3333333333333333,0,0.4664959104813913,Medium Risk
C103325,15,2,22032.561,11016.2805,5.0,1.0,1.0,1.0,0,0.4664893638951,Medium Risk
C105340,1,4,122846.324,30711.581,7.0,4.0,3.0,0.25,0,0.46643076611507056,Medium Risk
C111956,5,3,30301.5265,10100.508833333333,7.0,1.0,0.0,0.6666666666666666,0,0.46636416509368106,Medium Risk
C103960,55,3,20760.005999999998,6920.0019999999995,5.0,2.0,0.0,0.6666666666666666,0,0.4663163169757471,Medium Risk
C110698,81,3,33618.772,11206.257333333333,11.0,3.0,0.0,0.6666666666666666,0,0.46628531281826613,Medium Risk
C114393,0,3,23287.9195,7762.639833333334,9.0,2.0,1.0,1.0,0,0.4662058245771204,Medium Risk
C103575,319,5,88486.5,17697.3,14.0,6.0,1.0,0.8,1,0.4661839401812305,Medium Risk
C114794,106,3,46371.260500000004,15457.086833333335,8.0,2.0,0.0,1.0,1,0.46583361132704193,Medium Risk
C112465,83,3,38250.4615,12750.153833333332,4.0,0.0,0.0,0.3333333333333333,0,0.46577457250623794,Medium Risk
C101888,169,3,39896.7615,13298.920499999998,11.0,4.0,1.0,0.6666666666666666,1,0.4657176285345565,Medium Risk
C110928,400,3,123811.5155,41270.50516666666,8.0,0.0,0.0,0.6666666666666666,1,0.46568347485577183,Medium Risk
C103513,434,3,121065.00399999999,40355.00133333333,7.0,3.0,1.0,0.6666666666666666,1,0.46564448733189445,Medium Risk
C114523,84,3,39740.108,13246.702666666666,12.0,2.0,0.0,1.0,0,0.4656198735903952,Medium Risk
C110585,61,2,32869.706,16434.853,12.0,5.0,0.0,1.0,0,0.4655824354164072,Medium Risk
C111364,133,3,52141.5975,17380.532499999998,6.0,2.0,3.0,0.3333333333333333,1,0.46549451669782343,Medium Risk
C114798,5,3,92937.35,30979.11666666667,6.0,1.0,1.0,0.3333333333333333,0,0.46543492857509183,Medium Risk
C105723,42,3,23137.85,7712.616666666666,6.0,3.0,1.0,0.0,0,0.4650916607254272,Medium Risk
C112719,108,4,40804.244,10201.061,9.0,2.0,1.0,0.25,1,0.4650471357424896,Medium Risk
C112780,314,4,85806.26449999999,21451.566124999998,12.0,5.0,0.0,0.75,1,0.4649265628464886,Medium Risk
C114208,67,2,21697.814,10848.906999999997,5.0,1.0,0.0,1.0,0,0.4648148425732881,Medium Risk
C111389,29,3,60085.21000000001,20028.403333333335,3.0,0.0,1.0,0.6666666666666666,0,0.4647452172333152,Medium Risk
C111255,52,3,98040.7695,32680.2565,12.0,2.0,0.0,0.6666666666666666,0,0.46465021880146773,Medium Risk
C102407,114,4,150630.2375,37657.559375,8.0,0.0,1.0,0.25,1,0.46464071890141334,Medium Risk
C108847,124,3,51220.1575,17073.385833333334,15.0,5.0,0.0,0.3333333333333333,1,0.4645984363792621,Medium Risk
C104299,146,3,38380.711500000005,12793.570500000002,10.0,3.0,0.0,0.6666666666666666,1,0.46458569844834424,Medium Risk
C103488,24,3,64287.526,21429.175333333336,6.0,1.0,3.0,0.6666666666666666,0,0.46450026431650054,Medium Risk
C103612,29,3,45157.305499999995,15052.435166666664,9.0,4.0,1.0,0.3333333333333333,0,0.46442088742787063,Medium Risk
C105734,40,2,94215.02,47107.51,4.0,0.0,0.0,1.0,0,0.4643811229152627,Medium Risk
C103711,25,2,21457.786000000004,10728.893000000002,5.0,3.0,0.0,1.0,0,0.4643611482710719,Medium Risk
C111100,264,4,61295.9785,15323.994625,3.0,2.0,0.0,0.75,1,0.46434125751747624,Medium Risk
C111358,171,3,96983.5255,32327.841833333336,5.0,1.0,0.0,0.6666666666666666,1,0.4643055235678723,Medium Risk
C107136,45,3,26211.256999999998,8737.085666666666,10.0,2.0,0.0,0.3333333333333333,0,0.4642543901329996,Medium Risk
C104678,25,3,42649.695999999996,14216.565333333332,8.0,3.0,0.0,0.6666666666666666,0,0.46395686189285695,Medium Risk
C110750,38,2,19912.646,9956.323,13.0,5.0,0.0,1.0,0,0.46391451300988484,Medium Risk
C102033,168,4,71872.7355,17968.183875000002,10.0,2.0,2.0,0.5,1,0.4636920334300892,Medium Risk
C101626,81,4,76668.1005,19167.025125,5.0,1.0,0.0,1.0,0,0.46365700414899264,Medium Risk
C106357,42,5,75593.282,15118.656399999998,2.0,0.0,0.0,0.8,0,0.4636339602800823,Medium Risk
C111116,385,3,39697.54,13232.513333333334,14.0,5.0,0.0,0.3333333333333333,1,0.46348121634013295,Medium Risk
C114072,101,3,38509.137,12836.379,7.0,3.0,0.0,0.3333333333333333,1,0.4634453411086549,Medium Risk
C110072,269,3,42965.551,14321.850333333334,10.0,1.0,0.0,0.6666666666666666,1,0.46340594537123947,Medium Risk
C108860,507,4,55207.545000000006,13801.886250000003,3.0,2.0,0.0,0.75,1,0.4632352006546403,Medium Risk
C110310,106,3,36588.9145,12196.304833333334,12.0,3.0,0.0,1.0,1,0.46311537654033863,Medium Risk
C104871,3,3,39985.078,13328.359333333334,8.0,4.0,1.0,0.6666666666666666,0,0.46297815693973937,Medium Risk
C102290,-1,3,42174.5875,14058.195833333333,7.0,3.0,0.0,0.6666666666666666,0,0.4629360542633448,Medium Risk
C102185,7,2,33651.291,16825.6455,7.0,4.0,0.0,0.5,0,0.46293434840892594,Medium Risk
C109418,1,3,40298.914,13432.971333333333,11.0,4.0,1.0,0.6666666666666666,0,0.4627459403336978,Medium Risk
C102862,27,3,86250.34,28750.11333333333,4.0,0.0,0.0,0.0,0,0.4625242842849404,Medium Risk
C101066,130,2,24509.238,12254.619,12.0,4.0,1.0,1.0,1,0.4623573449790275,Medium Risk
C114172,55,3,43654.119999999995,14551.373333333335,8.0,4.0,0.0,0.0,0,0.4622519684223281,Medium Risk
C105119,220,3,25169.457499999997,8389.819166666666,5.0,2.0,0.0,0.6666666666666666,1,0.4621892838313764,Medium Risk
C106597,66,3,50600.020000000004,16866.673333333336,12.0,7.0,0.0,0.3333333333333333,0,0.46189388522417507,Medium Risk
C104118,44,3,38624.533500000005,12874.8445,11.0,5.0,1.0,0.3333333333333333,0,0.4618536821678944,Medium Risk
C113040,35,3,38595.9795,12865.326500000001,8.0,2.0,0.0,1.0,0,0.4616704778477379,Medium Risk
C100804,91,3,32311.396,10770.465333333334,13.0,3.0,1.0,1.0,1,0.4616529761597037,Medium Risk
C103617,220,3,42296.354999999996,14098.785000000002,8.0,2.0,0.0,1.0,1,0.4616431200280562,Medium Risk
C106360,4,3,52358.832500000004,17452.944166666668,12.0,2.0,0.0,0.6666666666666666,0,0.4616214021650818,Medium Risk
C108609,9,3,26927.095,8975.698333333334,7.0,1.0,0.0,0.3333333333333333,0,0.46153088497838496,Medium Risk
C106882,56,2,59374.532999999996,29687.266499999998,15.0,7.0,1.0,0.5,0,0.46146842977826247,Medium Risk
C112379,52,3,48387.76,16129.253333333332,7.0,5.0,0.0,0.0,0,0.4614396358767246,Medium Risk
C103122,20,3,107702.216,35900.73866666667,8.0,2.0,1.0,0.3333333333333333,0,0.46136118349162375,Medium Risk
C103590,16,4,57167.742,14291.9355,3.0,2.0,0.0,1.0,0,0.46135192157890714,Medium Risk
C106783,24,2,33879.796,16939.898,6.0,4.0,1.0,1.0,0,0.4611003189232038,Medium Risk
C106920,59,3,44540.81,14846.936666666666,9.0,0.0,1.0,0.0,0,0.46092991396633276,Medium Risk
C104349,42,3,56347.309,18782.43633333333,4.0,0.0,2.0,0.6666666666666666,0,0.46077772032523323,Medium Risk
C113783,3,3,13534.668999999998,4511.556333333333,6.0,2.0,0.0,1.0,0,0.4607056063357993,Medium Risk
C106104,423,3,33997.287,11332.428999999998,12.0,5.0,0.0,0.6666666666666666,1,0.4606925418265079,Medium Risk
C114733,5,3,64947.604,21649.201333333334,4.0,0.0,1.0,0.3333333333333333,0,0.46068971797934183,Medium Risk
C114703,30,3,42560.181,14186.726999999999,8.0,2.0,0.0,1.0,0,0.46063906757423895,Medium Risk
C112916,10,3,49826.212999999996,16608.737666666668,8.0,4.0,0.0,0.6666666666666666,0,0.4605359461508137,Medium Risk
C111150,91,3,19869.168,6623.0560000000005,10.0,4.0,0.0,0.3333333333333333,1,0.4604937066024037,Medium Risk
C102520,101,4,83848.375,20962.09375,11.0,4.0,1.0,0.75,1,0.46022812367987664,Medium Risk
C114901,490,4,42885.28,10721.32,11.0,1.0,1.0,0.0,1,0.46021428039684104,Medium Risk
C114092,20,3,49022.492,16340.830666666667,11.0,5.0,2.0,0.6666666666666666,0,0.4601357556840938,Medium Risk
C103066,110,3,125102.70000000001,41700.9,8.0,2.0,0.0,0.3333333333333333,1,0.4601233032196573,Medium Risk
C103572,186,3,107903.98000000001,35967.99333333334,8.0,3.0,1.0,0.3333333333333333,1,0.4600803899786337,Medium Risk
C107392,71,3,53127.736,17709.245333333332,13.0,0.0,1.0,0.3333333333333333,0,0.4599852538077678,Medium Risk
C111086,12,3,26641.02,8880.34,7.0,2.0,0.0,0.3333333333333333,0,0.45990442182853386,Medium Risk
C111065,37,2,29624.042,14812.021,7.0,4.0,0.0,0.5,0,0.45985119769654903,Medium Risk
C100084,267,4,152403.25,38100.8125,11.0,1.0,0.0,0.0,1,0.4598152114805357,Medium Risk
C106983,49,3,31380.38,10460.126666666667,11.0,3.0,0.0,0.6666666666666666,0,0.45977249334249676,Medium Risk
C105578,47,3,46495.6605,15498.5535,11.0,3.0,0.0,1.0,0,0.45965917620093727,Medium Risk
C101947,37,3,47041.5005,15680.500166666665,7.0,1.0,2.0,1.0,0,0.459638180207213,Medium Risk
C114939,41,3,32152.847999999998,10717.616,12.0,2.0,0.0,0.6666666666666666,0,0.45957912729036443,Medium Risk
C102903,-1,3,110128.878,36709.626,9.0,2.0,1.0,0.3333333333333333,0,0.4595375723630638,Medium Risk
C107007,98,4,75288.6795,18822.169875,13.0,2.0,2.0,0.5,1,0.45945353219363144,Medium Risk
C111417,407,5,53838.263000000006,10767.652600000001,5.0,3.0,1.0,1.0,1,0.4594348132175995,Medium Risk
C106155,172,3,42144.135,14048.045,10.0,3.0,0.0,0.6666666666666666,1,0.45933055547265533,Medium Risk
C105129,92,4,85454.166,21363.5415,9.0,2.0,0.0,0.75,1,0.4593284564828339,Medium Risk
C108327,69,3,32582.29,10860.763333333334,10.0,3.0,0.0,0.6666666666666666,0,0.4592111703845454,Medium Risk
C102738,72,3,60767.0015,20255.66716666667,2.0,2.0,1.0,0.6666666666666666,0,0.4591477099225073,Medium Risk
C111449,79,3,39883.827,13294.608999999999,12.0,5.0,0.0,0.6666666666666666,0,0.45908322000276486,Medium Risk
C111500,74,4,86181.32149999999,21545.330374999998,13.0,3.0,1.0,0.5,0,0.45901727603728987,Medium Risk
C113500,102,2,16532.936999999998,8266.468499999999,12.0,5.0,0.0,1.0,1,0.4588075985241145,Medium Risk
C104670,64,3,41126.502,13708.833999999997,9.0,2.0,0.0,1.0,0,0.4586295765951708,Medium Risk
C102030,14,3,26976.872499999998,8992.290833333333,7.0,2.0,0.0,0.6666666666666666,0,0.4585493841716118,Medium Risk
C104712,71,3,62362.316,20787.438666666665,7.0,4.0,3.0,1.0,0,0.45839238827606077,Medium Risk
C110787,208,5,77960.2035,15592.040700000001,3.0,1.0,0.0,0.8,1,0.4583671875073779,Medium Risk
C100015,4,3,86421.609,28807.202999999998,9.0,5.0,0.0,1.0,0,0.458180492774198,Medium Risk
C104552,46,2,34399.242,17199.621,12.0,4.0,1.0,0.5,0,0.4581788632478018,Medium Risk
C104158,32,3,31609.22,10536.406666666668,9.0,4.0,1.0,0.6666666666666666,0,0.45814465967968737,Medium Risk
C106276,175,3,20617.932,6872.644,13.0,3.0,1.0,0.3333333333333333,1,0.4581074515720333,Medium Risk
C103840,381,3,38202.358,12734.119333333334,10.0,4.0,0.0,0.3333333333333333,1,0.4576136730104207,Medium Risk
C113994,134,6,68077.275,11346.2125,9.0,3.0,3.0,0.3333333333333333,1,0.45748735319580847,Medium Risk
C100244,8,3,38474.421500000004,12824.807166666666,11.0,3.0,0.0,1.0,0,0.45741890140777836,Medium Risk
C101717,213,3,22437.944,7479.314666666666,9.0,3.0,1.0,0.6666666666666666,1,0.45740408709898694,Medium Risk
C112390,4,3,39901.5515,13300.517166666667,12.0,5.0,0.0,0.6666666666666666,0,0.4573885590171638,Medium Risk
C100552,-1,3,102941.852,34313.950666666664,13.0,3.0,2.0,0.3333333333333333,0,0.4573403474308993,Medium Risk
C110389,387,3,38476.8375,12825.612500000001,12.0,3.0,0.0,0.6666666666666666,1,0.45732253981202897,Medium Risk
C108429,152,4,73074.141,18268.53525,6.0,3.0,3.0,0.5,1,0.4573118765047523,Medium Risk
C106252,30,3,42982.537,14327.512333333332,10.0,3.0,0.0,0.6666666666666666,0,0.45729907163181754,Medium Risk
C112274,295,3,127189.4705,42396.49016666666,6.0,1.0,1.0,0.6666666666666666,1,0.4572173244823016,Medium Risk
C111777,8,3,52022.036,17340.678666666663,12.0,2.0,0.0,0.6666666666666666,0,0.45719301267323686,Medium Risk
C109061,100,3,51968.957,17322.985666666667,12.0,2.0,0.0,0.6666666666666666,1,0.45719301267323686,Medium Risk
C107127,82,3,11030.592,3676.864,4.0,1.0,1.0,1.0,0,0.4571924775046377,Medium Risk
C114114,234,5,79474.528,15894.905599999998,8.0,1.0,2.0,1.0,1,0.4569036030230865,Medium Risk
C109165,35,3,43363.641,14454.546999999999,11.0,3.0,0.0,0.6666666666666666,0,0.45689617065776666,Medium Risk
C105651,-1,3,99866.618,33288.87266666667,12.0,3.0,0.0,0.6666666666666666,0,0.45687503054325945,Medium Risk
C113518,139,3,31987.1925,10662.397500000001,13.0,5.0,0.0,0.3333333333333333,1,0.4568747845629554,Medium Risk
C105263,18,3,66347.45999999999,22115.819999999996,4.0,1.0,1.0,0.0,0,0.45683433214834585,Medium Risk
C105425,53,2,30076.2,15038.1,5.0,4.0,1.0,0.0,0,0.45683005742088434,Medium Risk
C114246,57,3,96985.20850000001,32328.402833333337,7.0,2.0,0.0,1.0,0,0.45676489678670884,Medium Risk
C101679,20,3,94856.644,31618.88133333334,14.0,3.0,1.0,0.3333333333333333,0,0.4567605318315504,Medium Risk
C110495,147,4,40845.959,10211.48975,9.0,1.0,1.0,0.5,1,0.4566629686690446,Medium Risk
C106848,155,4,74806.8125,18701.703125,11.0,3.0,0.0,1.0,1,0.45647315248882087,Medium Risk
C106550,154,5,236117.0915,47223.418300000005,7.0,3.0,2.0,0.6,1,0.45643613622618034,Medium Risk
C101686,121,4,113455.094,28363.7735,2.0,0.0,0.0,0.25,1,0.4563301999997589,Medium Risk
C114375,6,3,40499.2475,13499.749166666666,12.0,3.0,0.0,1.0,0,0.4561814189530443,Medium Risk
C107588,113,4,101561.58,25390.395,3.0,1.0,2.0,0.0,1,0.4561385291824426,Medium Risk
C107402,60,2,30920.771499999995,15460.385749999998,13.0,4.0,0.0,0.5,0,0.45610224798101134,Medium Risk
C103894,247,2,29082.748,14541.374,13.0,7.0,0.0,1.0,1,0.45600244703361836,Medium Risk
C107485,536,3,22723.9965,7574.6655,3.0,2.0,0.0,0.6666666666666666,1,0.45586676725687647,Medium Risk
C114772,114,3,41457.351,13819.117,14.0,5.0,0.0,0.6666666666666666,1,0.45580919539023995,Medium Risk
C112005,14,3,45034.617000000006,15011.539000000002,7.0,0.0,0.0,1.0,0,0.45566096737481987,Medium Risk
C101826,283,5,66141.962,13228.3924,11.0,1.0,2.0,0.6,1,0.45554191692177054,Medium Risk
C105904,17,3,52196.25,17398.75,12.0,3.0,0.0,0.6666666666666666,0,0.4553735201108839,Medium Risk
C106781,-1,2,18128.707000000002,9064.353500000001,9.0,5.0,0.0,1.0,0,0.4552612754771559,Medium Risk
C112281,156,4,43845.991,10961.49775,6.0,1.0,1.0,1.0,1,0.4552564220666374,Medium Risk
C100558,86,3,87634.0475,29211.349166666667,8.0,3.0,1.0,1.0,0,0.4551758570528242,Medium Risk
C102219,33,2,30366.459499999997,15183.229749999999,12.0,4.0,1.0,0.5,0,0.4551518434691905,Medium Risk
C102915,52,3,126649.838,42216.61266666667,5.0,4.0,0.0,0.3333333333333333,0,0.45515145109517163,Medium Risk
C100784,214,4,74167.653,18541.91325,17.0,3.0,0.0,0.75,1,0.45508858845424216,Medium Risk
C105084,64,3,30596.785499999998,10198.9285,9.0,3.0,0.0,1.0,0,0.4550093367930478,Medium Risk
C114602,223,4,98619.6585,24654.914625,10.0,7.0,1.0,0.25,1,0.45488119981485137,Medium Risk
C114749,32,3,47152.25,15717.416666666666,12.0,2.0,0.0,0.6666666666666666,0,0.4548103910969604,Medium Risk
C108410,507,3,120187.1815,40062.393833333335,11.0,2.0,0.0,1.0,1,0.45476023331859905,Medium Risk
C107507,274,2,13255.257,6627.6285,11.0,6.0,0.0,1.0,1,0.454723342393044,Medium Risk
C106512,53,3,16334.184,5444.728,5.0,1.0,0.0,0.3333333333333333,0,0.4546891600173983,Medium Risk
C107762,77,3,133570.45,44523.48333333334,7.0,3.0,0.0,0.3333333333333333,0,0.4546726726030381,Medium Risk
C105384,308,3,26128.030000000002,8709.343333333334,8.0,4.0,0.0,0.0,1,0.4545959349550453,Medium Risk
C104202,63,3,119760.91100000001,39920.30366666667,14.0,2.0,1.0,0.6666666666666666,0,0.4545524134592456,Medium Risk
C106704,81,2,31179.832000000002,15589.916000000001,7.0,4.0,0.0,0.5,0,0.45453494233176295,Medium Risk
C110464,23,3,16689.511,5563.170333333333,10.0,3.0,0.0,1.0,0,0.45448734057343027,Medium Risk
C110979,130,4,36869.81,9217.4525,9.0,2.0,0.0,0.0,1,0.45448443861251625,Medium Risk
C113758,231,4,170720.6005,42680.150125,12.0,2.0,0.0,0.5,1,0.4544384634817641,Medium Risk
C109068,93,4,114941.58,28735.395,7.0,5.0,0.0,0.25,1,0.45437307363087626,Medium Risk
C111723,101,3,46488.778,15496.259333333333,12.0,4.0,0.0,0.3333333333333333,1,0.4543652594207825,Medium Risk
C105026,-1,3,57153.949,19051.316333333332,10.0,5.0,0.0,1.0,0,0.45425972492783956,Medium Risk
C102367,241,4,48590.4935,12147.623375,11.0,6.0,1.0,0.5,1,0.4542153368901784,Medium Risk
C114711,12,3,97664.7505,32554.916833333333,6.0,2.0,0.0,0.6666666666666666,0,0.45420604571960604,Medium Risk
C110550,-1,4,62988.355,15747.088749999999,11.0,3.0,2.0,0.5,0,0.4541900305168036,Medium Risk
C113868,220,4,131670.497,32917.62425,8.0,4.0,2.0,0.25,1,0.4541071307973628,Medium Risk
C111633,318,3,22912.323999999997,7637.441333333332,5.0,1.0,0.0,0.3333333333333333,1,0.4539530430543014,Medium Risk
C109362,101,3,127741.4985,42580.4995,2.0,2.0,1.0,0.6666666666666666,1,0.4539506745429919,Medium Risk
C107803,44,3,98070.514,32690.171333333332,4.0,1.0,1.0,0.3333333333333333,0,0.45389693603404013,Medium Risk
C103891,32,3,46578.969,15526.322999999999,12.0,2.0,0.0,0.6666666666666666,0,0.4537953513005718,Medium Risk
C110373,22,2,21788.108,10894.054,4.0,2.0,0.0,1.0,0,0.45371462863518885,Medium Risk
C112730,192,4,85345.0525,21336.263124999998,11.0,2.0,1.0,0.5,1,0.4536271498335796,Medium Risk
C101818,112,5,56710.871,11342.1742,11.0,4.0,2.0,0.6,1,0.45347350318459134,Medium Risk
C103739,20,3,80715.43,26905.14333333333,10.0,3.0,3.0,0.0,0,0.4533138502714394,Medium Risk
C109278,289,3,44141.833,14713.944333333333,8.0,3.0,0.0,1.0,1,0.4532167137711717,Medium Risk
C114194,454,4,128628.9525,32157.238124999996,2.0,0.0,0.0,0.5,1,0.4532057954040239,Medium Risk
C106370,194,4,60248.752,15062.188,9.0,3.0,2.0,0.5,1,0.45303573395797864,Medium Risk
C113759,37,3,40257.1965,13419.065499999999,12.0,4.0,0.0,0.3333333333333333,0,0.4530197593971173,Medium Risk
C113689,2,3,125573.65,41857.88333333333,11.0,2.0,0.0,0.0,0,0.4529835193878517,Medium Risk
C105986,5,3,76413.29000000001,25471.096666666668,8.0,0.0,2.0,0.3333333333333333,0,0.45278880199984717,Medium Risk
C107883,66,3,35893.394,11964.464666666667,12.0,4.0,0.0,0.3333333333333333,0,0.45269061198897453,Medium Risk
C113389,186,4,42235.01,10558.7525,4.0,0.0,0.0,0.0,1,0.45268891641354686,Medium Risk
C102119,52,3,101065.588,33688.52933333333,7.0,1.0,0.0,1.0,0,0.4523040812498059,Medium Risk
C106639,16,3,33129.438500000004,11043.146166666667,13.0,1.0,0.0,0.6666666666666666,0,0.45225961341275633,Medium Risk
C103481,128,3,36913.2495,12304.4165,9.0,5.0,0.0,0.6666666666666666,1,0.4522185148249614,Medium Risk
C112970,328,3,45232.678,15077.559333333333,8.0,0.0,2.0,0.3333333333333333,1,0.45221254053916177,Medium Risk
C112173,503,3,23584.129500000003,7861.376500000001,6.0,1.0,0.0,0.3333333333333333,1,0.4521732606184289,Medium Risk
C114869,85,3,44249.7535,14749.917833333333,7.0,3.0,0.0,1.0,0,0.45203368167814084,Medium Risk
C111323,143,4,36088.3055,9022.076375,11.0,3.0,1.0,0.5,1,0.45180039557043467,Medium Risk
C103401,16,3,94529.474,31509.824666666664,5.0,1.0,1.0,0.3333333333333333,0,0.4517516129907779,Medium Risk
C101677,447,3,28729.33,9576.443333333335,3.0,1.0,0.0,0.6666666666666666,1,0.45172696749937125,Medium Risk
C109213,45,3,82815.59,27605.19666666667,12.0,1.0,1.0,0.0,0,0.4514862881041013,Medium Risk
C113178,34,3,43094.9855,14364.995166666666,11.0,4.0,1.0,0.6666666666666666,0,0.45135793389262896,Medium Risk
C100764,105,5,96535.00450000001,19307.000900000003,19.0,6.0,0.0,1.0,1,0.4512632044751761,Medium Risk
C108521,7,3,99227.81449999998,33075.93816666666,7.0,1.0,0.0,0.6666666666666666,0,0.4508553564829371,Medium Risk
C107597,65,3,37043.480500000005,12347.826833333334,2.0,0.0,1.0,0.6666666666666666,0,0.45059459900983756,Medium Risk
C102601,7,2,28859.229,14429.6145,10.0,6.0,0.0,1.0,0,0.450497776372789,Medium Risk
C114430,305,5,45768.932,9153.7864,13.0,4.0,1.0,0.4,1,0.4501029637602683,Medium Risk
C113459,25,3,42263.647,14087.882333333333,8.0,4.0,0.0,0.3333333333333333,0,0.45000478106201547,Medium Risk
C112491,46,2,39043.084,19521.541999999998,14.0,6.0,1.0,1.0,0,0.44989281558593036,Medium Risk
C104190,2,3,130447.3525,43482.450833333336,10.0,2.0,1.0,0.3333333333333333,0,0.4498321156370492,Medium Risk
C109379,28,3,37104.968,12368.322666666667,11.0,5.0,0.0,0.6666666666666666,0,0.4496001225185238,Medium Risk
C109606,195,5,64555.480500000005,12911.0961,12.0,3.0,1.0,0.8,1,0.4494989292513183,Medium Risk
C114311,108,4,139215.787,34803.94675,8.0,4.0,0.0,0.5,1,0.4494918387275736,Medium Risk
C112159,28,3,90445.669,30148.55633333333,12.0,5.0,1.0,1.0,0,0.44942852821794493,Medium Risk
C111623,60,3,52234.9525,17411.650833333333,3.0,1.0,0.0,0.6666666666666666,0,0.4493389728893151,Medium Risk
C100944,0,3,21298.074,7099.358,8.0,0.0,0.0,0.6666666666666666,0,0.4492302235381074,Medium Risk
C107276,117,3,41118.778,13706.259333333333,8.0,4.0,0.0,0.3333333333333333,1,0.4492113962945829,Medium Risk
C114399,0,3,31698.283000000003,10566.094333333334,11.0,3.0,0.0,1.0,0,0.4491788156587284,Medium Risk
C107754,174,5,63647.901,12729.5802,3.0,0.0,2.0,1.0,1,0.44915624893892236,Medium Risk
C113794,51,3,31774.703,10591.567666666668,9.0,4.0,1.0,0.6666666666666666,0,0.4489774827798906,Medium Risk
C106022,55,3,106313.9735,35437.99116666667,7.0,3.0,1.0,0.6666666666666666,0,0.44889713398550685,Medium Risk
C107256,472,4,115709.6325,28927.408125,8.0,3.0,0.0,0.25,1,0.4487248709042096,Medium Risk
C100358,12,5,57575.3125,11515.0625,3.0,1.0,4.0,0.4,0,0.44848712944631086,Medium Risk
C109334,-1,3,38647.113,12882.371,10.0,5.0,0.0,0.6666666666666666,0,0.4484018542916144,Medium Risk
C112461,108,4,131673.3155,32918.328875,9.0,5.0,0.0,0.25,1,0.4483215664694517,Medium Risk
C108899,146,3,13198.582,4399.527333333333,8.0,2.0,0.0,1.0,1,0.44824747582419705,Medium Risk
C109935,14,3,47216.102,15738.700666666666,12.0,3.0,0.0,0.6666666666666666,0,0.4482052830696422,Medium Risk
C105952,121,4,82636.237,20659.05925,9.0,4.0,1.0,0.75,1,0.44809859814802033,Medium Risk
C101434,77,4,53109.574,13277.3935,15.0,6.0,1.0,0.5,0,0.448064126082105,Medium Risk
C111431,153,5,68802.348,13760.4696,11.0,4.0,1.0,0.8,1,0.44801918963822424,Medium Risk
C100087,83,3,87272.25600000001,29090.751999999997,9.0,3.0,0.0,1.0,0,0.44796352130214084,Medium Risk
C112157,148,4,115892.846,28973.2115,9.0,2.0,2.0,0.25,1,0.44788927646091614,Medium Risk
C112516,120,6,100318.7905,16719.79841666667,8.0,1.0,2.0,1.0,1,0.4478376249844297,Medium Risk
C100448,12,3,22880.248,7626.749333333333,8.0,3.0,0.0,0.3333333333333333,0,0.44775665779998347,Medium Risk
C113635,74,3,124069.95999999999,41356.653333333335,11.0,4.0,1.0,0.0,0,0.4475892487059285,Medium Risk
C100285,50,3,85208.69750000001,28402.899166666666,9.0,2.0,0.0,1.0,0,0.4474283547705303,Medium Risk
C102605,280,4,71302.004,17825.501,9.0,3.0,1.0,0.75,1,0.4473616673925336,Medium Risk
C100329,177,2,23003.368500000004,11501.684250000002,9.0,4.0,0.0,1.0,1,0.44727006047594214,Medium Risk
C107051,121,5,70906.492,14181.2984,11.0,3.0,1.0,0.8,1,0.4472671473654596,Medium Risk
C105191,0,3,26597.0445,8865.6815,5.0,1.0,0.0,0.6666666666666666,0,0.4472510151825419,Medium Risk
C107042,706,4,40649.511,10162.37775,5.0,1.0,0.0,0.25,1,0.44717952226846924,Medium Risk
C111171,14,3,46614.501000000004,15538.167000000001,9.0,4.0,0.0,0.6666666666666666,0,0.44710224586938674,Medium Risk
C110243,4,3,108029.8575,36009.9525,9.0,1.0,1.0,0.6666666666666666,0,0.447092988576033,Medium Risk
C108726,90,2,24042.2525,12021.12625,13.0,4.0,0.0,1.0,0,0.4470405334295438,Medium Risk
C109901,171,4,89991.1255,22497.781375,8.0,4.0,1.0,0.75,1,0.44698616935850405,Medium Risk
C104531,25,2,27325.802999999996,13662.9015,11.0,4.0,0.0,1.0,0,0.44691355623765644,Medium Risk
C112284,135,4,51284.8795,12821.219875,10.0,3.0,1.0,0.25,1,0.4469018451435683,Medium Risk
C100379,31,2,25096.853499999997,12548.426749999999,8.0,4.0,0.0,1.0,0,0.44687055169231066,Medium Risk
C113471,311,4,124381.6295,31095.407375,14.0,4.0,2.0,0.5,1,0.44670555725171235,Medium Risk
C104303,45,2,33523.06,16761.53,13.0,8.0,0.0,0.0,0,0.44666633652283233,Medium Risk
C112649,40,3,67144.443,22381.481,18.0,3.0,0.0,0.6666666666666666,0,0.44652007864141985,Medium Risk
C112367,16,3,21519.8975,7173.299166666667,11.0,3.0,0.0,0.3333333333333333,0,0.44650624003134326,Medium Risk
C109873,10,3,51810.125,17270.041666666668,14.0,3.0,0.0,0.6666666666666666,0,0.4463508768488244,Medium Risk
C106924,154,2,23201.9695,11600.98475,11.0,4.0,0.0,1.0,1,0.44627098743243854,Medium Risk
C106229,448,2,21391.842000000004,10695.921000000002,10.0,5.0,0.0,1.0,1,0.44622613843302356,Medium Risk
C107710,146,4,44887.264500000005,11221.816125000001,12.0,1.0,1.0,1.0,1,0.4461917056317729,Medium Risk
C106629,95,5,53953.314999999995,10790.662999999999,8.0,3.0,1.0,0.6,1,0.44610975308739337,Medium Risk
C114776,47,3,22314.529,7438.176333333333,5.0,1.0,0.0,0.6666666666666666,0,0.4460960132896782,Medium Risk
C102218,582,4,86849.4265,21712.356625,8.0,2.0,1.0,0.75,1,0.4460372696299799,Medium Risk
C108160,125,4,86765.9305,21691.482625,13.0,2.0,1.0,0.5,1,0.445937462512343,Medium Risk
C105138,210,5,53770.963,10754.1926,7.0,3.0,1.0,0.8,1,0.4459346837070807,Medium Risk
C112689,442,4,51058.25,12764.5625,10.0,3.0,0.0,1.0,1,0.44590957562885114,Medium Risk
C107445,68,4,73618.91350000001,18404.728375,5.0,1.0,1.0,1.0,0,0.44586382163006044,Medium Risk
C105979,139,5,88015.309,17603.061800000003,9.0,1.0,2.0,1.0,1,0.4457550112954031,Medium Risk
C112211,2,3,14520.0465,4840.0155,10.0,1.0,1.0,0.6666666666666666,0,0.4456885476181007,Medium Risk
C104113,19,3,84594.342,28198.114,6.0,2.0,0.0,1.0,0,0.44561247213517313,Medium Risk
C114663,199,3,103952.413,34650.80433333333,14.0,3.0,0.0,0.3333333333333333,1,0.4455463933902907,Medium Risk
C104646,3,4,70382.0485,17595.512125,11.0,3.0,0.0,1.0,0,0.44546707742767283,Medium Risk
C112653,176,5,63445.438,12689.0876,9.0,3.0,1.0,0.6,1,0.4453405079334026,Medium Risk
C102446,640,5,46970.4195,9394.083900000001,8.0,4.0,1.0,0.6,1,0.44525586088642904,Medium Risk
C107191,191,4,80036.3715,20009.092875000002,11.0,3.0,2.0,0.25,1,0.4451279430216736,Medium Risk
C114696,28,3,109210.168,36403.38933333333,13.0,3.0,2.0,0.6666666666666666,0,0.4451020030783577,Medium Risk
C102739,124,4,74437.50899999999,18609.37725,7.0,2.0,2.0,0.25,1,0.4447119247597473,Medium Risk
C104141,37,3,21292.818,7097.606,7.0,3.0,0.0,0.6666666666666666,0,0.44471182546619475,Medium Risk
C103790,143,4,92825.706,23206.4265,11.0,4.0,1.0,0.5,1,0.4444888922770554,Medium Risk
C104777,62,3,27332.411,9110.803666666667,11.0,8.0,0.0,0.6666666666666666,0,0.4444388835453914,Medium Risk
C107981,15,3,33527.770000000004,11175.923333333334,13.0,5.0,0.0,0.6666666666666666,0,0.4444309100009247,Medium Risk
C108034,1,3,27419.557999999997,9139.852666666666,4.0,0.0,1.0,0.3333333333333333,0,0.444341968469628,Medium Risk
C105585,25,3,44196.8065,14732.268833333334,9.0,4.0,0.0,0.6666666666666666,0,0.44431872400056394,Medium Risk
C108149,70,3,26172.495,8724.164999999999,8.0,1.0,0.0,0.6666666666666666,0,0.44419206314113346,Medium Risk
C101598,11,3,106132.48800000001,35377.49600000001,11.0,1.0,1.0,0.3333333333333333,0,0.4441524398959979,Medium Risk
C113089,189,3,105931.291,35310.43033333334,5.0,0.0,0.0,0.3333333333333333,1,0.4440416466303539,Medium Risk
C110069,361,2,21359.6425,10679.821249999999,13.0,5.0,0.0,1.0,1,0.4438622961746585,Medium Risk
C111611,1,3,44086.01000000001,14695.33666666667,13.0,2.0,0.0,0.6666666666666666,0,0.4438430871248762,Medium Risk
C101291,0,2,28325.250999999997,14162.625499999998,9.0,5.0,0.0,1.0,0,0.4436748674077571,Medium Risk
C111257,306,4,147987.812,36996.953,7.0,1.0,1.0,0.25,1,0.44364093780124825,Medium Risk
C102679,170,4,115662.956,28915.739,13.0,4.0,1.0,0.5,1,0.4434256998568835,Medium Risk
C114513,19,3,42097.4205,14032.473499999998,13.0,2.0,0.0,0.6666666666666666,0,0.4433754608651359,Medium Risk
C100710,254,4,126141.17599999999,31535.293999999998,8.0,4.0,0.0,0.5,1,0.4433690120956453,Medium Risk
C103544,-1,3,53837.63,17945.876666666667,3.0,1.0,0.0,0.0,0,0.44326868533095587,Medium Risk
C113936,181,4,87029.47,21757.3675,3.0,1.0,0.0,0.0,1,0.4431974626446138,Medium Risk
C109904,0,3,40938.769,13646.256333333333,11.0,4.0,0.0,0.6666666666666666,0,0.44316913241464784,Medium Risk
C100897,79,3,21712.1255,7237.375166666666,7.0,1.0,0.0,1.0,0,0.4430421284305981,Medium Risk
C111795,-1,3,47287.0565,15762.352166666666,5.0,4.0,1.0,0.6666666666666666,0,0.44303220093306367,Medium Risk
C111408,49,3,116932.22200000001,38977.407333333336,9.0,2.0,0.0,0.6666666666666666,0,0.4429703384649282,Medium Risk
C105003,191,6,63235.479,10539.246500000001,13.0,3.0,0.0,1.0,1,0.4429421897632592,Medium Risk
C106940,87,3,111067.179,37022.393000000004,10.0,3.0,0.0,0.3333333333333333,0,0.4429026636542622,Medium Risk
C103503,36,4,47909.398,11977.3495,7.0,3.0,1.0,1.0,0,0.44262354285369915,Medium Risk
C101544,96,3,67642.242,22547.414,3.0,1.0,2.0,0.3333333333333333,1,0.4425763807540768,Medium Risk
C110206,265,3,13680.769,4560.256333333334,10.0,3.0,0.0,0.6666666666666666,1,0.44255362490576416,Medium Risk
C114443,46,3,45138.433,15046.144333333332,11.0,4.0,0.0,0.6666666666666666,0,0.44242511546216073,Medium Risk
C104277,23,2,27289.1585,13644.57925,8.0,5.0,1.0,1.0,0,0.4422839489976685,Medium Risk
C106058,121,4,83201.36600000001,20800.341500000002,9.0,2.0,1.0,0.75,1,0.44227465353920103,Medium Risk
C111134,130,4,85914.962,21478.7405,8.0,4.0,0.0,0.25,1,0.4422211862818304,Medium Risk
C104429,55,3,109473.8565,36491.2855,8.0,3.0,0.0,0.3333333333333333,0,0.4422006120767449,Medium Risk
C107948,99,5,52262.681500000006,10452.536300000002,7.0,3.0,1.0,0.8,1,0.4420563397359645,Medium Risk
C102825,1,3,37929.191,12643.063666666667,8.0,4.0,0.0,0.6666666666666666,0,0.4419799044456748,Medium Risk
C107976,161,3,26760.968500000003,8920.322833333334,7.0,1.0,0.0,0.6666666666666666,1,0.4419132913973827,Medium Risk
C106401,92,5,80115.88,16023.176000000001,1.0,1.0,1.0,0.4,1,0.4417812036780959,Medium Risk
C113886,93,2,23918.3065,11959.15325,6.0,4.0,0.0,1.0,1,0.4415766333139402,Medium Risk
C108697,24,3,120279.963,40093.321,3.0,1.0,0.0,0.3333333333333333,0,0.4415174482293394,Medium Risk
C110592,130,4,71938.7525,17984.688125,3.0,1.0,1.0,0.75,1,0.44138396659795703,Medium Risk
C105292,67,4,113312.29,28328.072500000002,10.0,4.0,1.0,0.0,0,0.4412370959782618,Medium Risk
C110178,26,3,44409.009,14803.003000000002,7.0,4.0,0.0,0.3333333333333333,0,0.4412322627808492,Medium Risk
C105660,13,3,56730.9985,18910.332833333334,12.0,4.0,0.0,1.0,0,0.44116093785294197,Medium Risk
C102546,7,3,15336.652,5112.217333333333,12.0,3.0,0.0,0.3333333333333333,0,0.4409338651767023,Medium Risk
C107466,60,3,30004.255,10001.418333333333,7.0,4.0,1.0,1.0,0,0.4408851537376893,Medium Risk
C100420,37,4,43189.8245,10797.456125,6.0,2.0,1.0,1.0,0,0.4406896915129572,Medium Risk
C109313,3,3,126518.6025,42172.8675,6.0,1.0,0.0,0.6666666666666666,0,0.44068629268093645,Medium Risk
C107388,21,3,131751.2725,43917.09083333334,7.0,1.0,0.0,0.6666666666666666,0,0.4405652677705297,Medium Risk
C110158,219,4,93129.67599999999,23282.418999999998,8.0,3.0,1.0,0.5,1,0.4405238320178843,Medium Risk
C110436,45,3,16139.518,5379.839333333333,8.0,1.0,0.0,0.6666666666666666,0,0.44051825407776085,Medium Risk
C109419,107,4,30495.267,7623.81675,10.0,3.0,2.0,0.5,1,0.440433728374177,Medium Risk
C100333,0,3,106018.326,35339.442,6.0,2.0,0.0,0.3333333333333333,0,0.4403993049910369,Medium Risk
C114839,67,4,77078.87950000001,19269.719875,8.0,2.0,2.0,0.5,0,0.4403434978397446,Medium Risk
C114635,159,4,29028.478499999997,7257.119624999999,5.0,0.0,1.0,0.75,1,0.44025992470586334,Medium Risk
C102262,3,3,112346.3235,37448.7745,8.0,2.0,0.0,0.6666666666666666,0,0.4402455853027661,Medium Risk
C107464,228,4,87796.039,21949.009749999997,11.0,5.0,0.0,0.25,1,0.44008804140702645,Medium Risk
C105535,60,3,132711.862,44237.287333333334,7.0,2.0,0.0,0.3333333333333333,0,0.4399789872935738,Medium Risk
C109551,492,3,47304.131,15768.043666666665,11.0,4.0,0.0,0.6666666666666666,1,0.43994788951593994,Medium Risk
C104734,317,6,157804.0355,26300.672583333333,4.0,1.0,0.0,1.0,1,0.4398563986662789,Medium Risk
C109623,15,3,85055.763,28351.921000000002,10.0,3.0,0.0,1.0,0,0.4398485460753989,Medium Risk
C104623,21,3,25585.236,8528.412,7.0,3.0,0.0,0.3333333333333333,0,0.4397826100256821,Medium Risk
C112213,10,3,42533.203,14177.734333333334,3.0,1.0,1.0,0.3333333333333333,0,0.43967630807506486,Medium Risk
C108954,319,4,48229.362499999996,12057.340625,10.0,0.0,0.0,1.0,1,0.4395452281886032,Medium Risk
C103080,99,3,43940.202000000005,14646.734000000002,10.0,4.0,0.0,0.6666666666666666,1,0.43943416130279245,Medium Risk
C104901,281,4,92818.326,23204.5815,8.0,3.0,2.0,0.5,1,0.43933347075508933,Medium Risk
C103685,5,3,38595.943,12865.314333333334,13.0,7.0,1.0,0.3333333333333333,0,0.4390938190480064,Medium Risk
C114478,63,4,71808.876,17952.219,4.0,4.0,2.0,0.5,0,0.4389146940648171,Medium Risk
C108963,43,2,26790.529499999997,13395.264749999998,8.0,4.0,0.0,1.0,0,0.4388787398815173,Medium Risk
C101643,361,3,43182.7675,14394.255833333335,11.0,4.0,0.0,0.6666666666666666,1,0.43883637016978194,Medium Risk
C100909,40,4,92339.47200000001,23084.868000000002,12.0,4.0,1.0,0.5,0,0.43880929293366017,Medium Risk
C110937,244,3,26981.0815,8993.693833333333,9.0,4.0,0.0,0.6666666666666666,1,0.4385856092763174,Medium Risk
C104242,220,4,125388.905,31347.22625,11.0,3.0,1.0,0.5,1,0.43857635097817593,Medium Risk
C102298,28,3,31104.868000000002,10368.289333333334,6.0,0.0,2.0,0.3333333333333333,0,0.43835098409408346,Medium Risk
C114532,2,4,40143.65,10035.9125,5.0,3.0,1.0,0.25,0,0.438329383824447,Medium Risk
C104280,104,4,48871.889,12217.97225,15.0,7.0,0.0,0.5,1,0.4383223222383579,Medium Risk
C105637,238,4,103740.07599999999,25935.018999999997,8.0,4.0,0.0,0.25,1,0.4381694176995509,Medium Risk
C108245,196,4,54633.736000000004,13658.434000000001,15.0,7.0,0.0,0.75,1,0.4381177475965306,Medium Risk
C113420,44,3,30743.3845,10247.794833333333,12.0,4.0,0.0,0.6666666666666666,0,0.43795551519912124,Medium Risk
C109474,1,2,96825.87,48412.935,17.0,5.0,0.0,0.0,0,0.437809691899501,Medium Risk
C108127,76,4,71042.636,17760.659,11.0,3.0,0.0,0.75,0,0.43767798896915716,Medium Risk
C104821,103,4,74484.695,18621.17375,8.0,2.0,2.0,0.75,1,0.43762779610705266,Medium Risk
C103351,58,3,66654.098,22218.032666666666,3.0,0.0,1.0,0.3333333333333333,0,0.4376196445494287,Medium Risk
C114986,261,4,85515.008,21378.752,8.0,2.0,0.0,0.5,1,0.43761705250108884,Medium Risk
C104169,382,4,61033.851,15258.46275,9.0,1.0,2.0,0.25,1,0.4376063942937916,Medium Risk
C111370,34,4,75175.384,18793.846,10.0,1.0,0.0,1.0,0,0.4375859478276073,Medium Risk
C107426,175,4,142106.6025,35526.650625,6.0,1.0,0.0,0.25,1,0.4375843336212869,Medium Risk
C111495,274,4,79938.53700000001,19984.634250000003,10.0,3.0,1.0,0.75,1,0.43751274814026514,Medium Risk
C109243,292,4,51663.416,12915.854,7.0,1.0,1.0,0.25,1,0.43747205313464727,Medium Risk
C107112,268,3,22000.4905,7333.496833333334,13.0,4.0,0.0,0.6666666666666666,1,0.4369721628866216,Medium Risk
C108622,62,2,60676.73,30338.365000000005,16.0,5.0,0.0,0.5,0,0.43656295211995527,Medium Risk
C102285,80,2,60760.604499999994,30380.30225,16.0,5.0,0.0,0.5,0,0.43656295211995527,Medium Risk
C101186,74,3,112361.856,37453.952,9.0,4.0,0.0,0.3333333333333333,0,0.4365453555670248,Medium Risk
C107949,102,5,50956.6635,10191.3327,7.0,1.0,1.0,0.6,1,0.4365151265028922,Medium Risk
C107344,1,3,40679.421,13559.807,7.0,4.0,0.0,0.3333333333333333,0,0.4364253938409612,Medium Risk
C105756,13,3,110478.4745,36826.15816666667,11.0,2.0,0.0,0.3333333333333333,0,0.4363412099238452,Medium Risk
C110678,39,2,21760.0875,10880.04375,9.0,4.0,0.0,1.0,0,0.4362983725557657,Medium Risk
C109944,84,3,11658.3635,3886.1211666666663,7.0,1.0,0.0,1.0,0,0.43622300266387376,Medium Risk
C113312,119,4,87804.0575,21951.014375,13.0,4.0,0.0,0.25,1,0.43621867066089814,Medium Risk
C105668,29,4,59786.8415,14946.710375,7.0,4.0,3.0,1.0,0,0.4362134645376414,Medium Risk
C105929,7,3,132723.672,44241.223999999995,10.0,3.0,0.0,0.3333333333333333,0,0.4359483474875854,Medium Risk
C111181,57,2,81315.678,40657.83900000001,14.0,3.0,0.0,1.0,0,0.4359331429872039,Medium Risk
C105316,18,4,57527.8635,14381.965875,7.0,2.0,1.0,1.0,0,0.43573580203249823,Medium Risk
C109510,49,2,23346.0405,11673.02025,10.0,4.0,0.0,1.0,0,0.43565052475053023,Medium Risk
C109099,33,3,60500.308,20166.769333333334,2.0,2.0,0.0,0.3333333333333333,0,0.4356293866404388,Medium Risk
C104509,57,4,100287.53,25071.8825,9.0,5.0,1.0,0.5,0,0.43552712790865816,Medium Risk
C114867,805,2,19957.594,9978.797,16.0,6.0,0.0,1.0,1,0.43533347370253794,Medium Risk
C100883,177,4,109177.2845,27294.321125000002,8.0,4.0,1.0,0.5,1,0.4352736233654418,Medium Risk
C101325,38,2,16146.6085,8073.30425,13.0,5.0,0.0,1.0,0,0.43515416753108865,Medium Risk
C100418,113,4,90139.725,22534.93125,8.0,3.0,1.0,0.75,1,0.4351038504153147,Medium Risk
C104244,6,3,81153.18100000001,27051.06033333334,1.0,0.0,0.0,0.6666666666666666,0,0.4350375281342991,Medium Risk
C112753,58,3,91161.7125,30387.2375,14.0,4.0,3.0,0.6666666666666666,0,0.4349806495923263,Medium Risk
C109327,349,5,64057.604999999996,12811.520999999999,10.0,1.0,1.0,0.6,1,0.43496141796659293,Medium Risk
C109977,49,3,113159.2105,37719.736833333336,11.0,6.0,0.0,0.6666666666666666,0,0.4348805315976263,Medium Risk
C107755,83,3,98312.07500000001,32770.69166666667,8.0,0.0,1.0,1.0,0,0.4348077161082929,Medium Risk
C106595,83,2,18815.947,9407.9735,16.0,5.0,0.0,0.5,0,0.4347272473901752,Medium Risk
C101031,108,5,60008.012,12001.6024,4.0,1.0,1.0,0.4,1,0.4347125416030783,Medium Risk
C114473,170,4,129463.5475,32365.886875,14.0,2.0,1.0,0.25,1,0.4346523983168302,Medium Risk
C104738,267,4,37188.85,9297.2125,8.0,1.0,0.0,0.25,1,0.43452827276081246,Medium Risk
C103628,4,3,24462.385000000002,8154.128333333334,10.0,1.0,0.0,0.6666666666666666,0,0.4344400360845288,Medium Risk
C103926,11,4,83182.0595,20795.514875,11.0,3.0,0.0,0.75,0,0.4341618091326933,Medium Risk
C101836,2,3,129236.193,43078.731,8.0,4.0,1.0,1.0,0,0.43405002871667614,Medium Risk
C111013,232,3,38748.993,12916.331,9.0,4.0,1.0,1.0,1,0.4340390082939273,Medium Risk
C112513,30,4,70366.906,17591.7265,9.0,1.0,0.0,1.0,0,0.43370919349741416,Medium Risk
C109696,231,4,64622.538,16155.6345,5.0,1.0,0.0,1.0,1,0.43361937318222316,Medium Risk
C112609,129,4,93138.1835,23284.545875,8.0,2.0,1.0,0.75,1,0.4333645274768228,Medium Risk
C100892,88,3,37921.8695,12640.623166666666,7.0,4.0,0.0,0.3333333333333333,0,0.43308861616845074,Medium Risk
C100404,12,4,85931.85,21482.962499999998,8.0,3.0,1.0,0.25,0,0.43286187205523036,Medium Risk
C110262,32,4,118114.89,29528.7225,7.0,1.0,0.0,0.0,0,0.4327477061756069,Medium Risk
C103639,81,3,33455.0775,11151.6925,14.0,4.0,2.0,0.3333333333333333,0,0.43268636918634285,Medium Risk
C104126,14,3,102833.732,34277.91066666666,7.0,1.0,0.0,0.3333333333333333,0,0.432670564659601,Medium Risk
C107223,201,4,103973.75,25993.4375,9.0,2.0,0.0,0.0,1,0.4325810280288054,Medium Risk
C102506,121,5,149711.0285,29942.205700000002,11.0,4.0,3.0,0.8,1,0.43255805871457825,Medium Risk
C108737,160,3,85561.033,28520.34433333333,6.0,1.0,0.0,1.0,1,0.43230161997659095,Medium Risk
C113888,47,3,23122.381,7707.460333333333,8.0,2.0,0.0,0.6666666666666666,0,0.43223075891990076,Medium Risk
C114999,99,4,49289.322,12322.3305,7.0,1.0,0.0,1.0,1,0.4319699552449371,Medium Risk
C104156,266,5,69983.6195,13996.7239,9.0,3.0,0.0,0.8,1,0.43194210096215274,Medium Risk
C112734,87,4,56776.320999999996,14194.08025,11.0,2.0,2.0,0.5,0,0.43181068616081464,Medium Risk
C101949,119,4,117726.495,29431.62375,7.0,2.0,0.0,0.25,1,0.4317467624645509,Medium Risk
C111087,290,4,105961.5915,26490.397875,9.0,4.0,1.0,0.5,1,0.4317320217443629,Medium Risk
C109545,73,3,32170.017,10723.339,11.0,4.0,0.0,0.6666666666666666,0,0.43169898451806177,Medium Risk
C112800,0,3,110754.68599999999,36918.22866666667,2.0,1.0,0.0,0.3333333333333333,0,0.4316869449115907,Medium Risk
C108772,176,4,90860.70300000001,22715.175750000002,11.0,2.0,1.0,0.75,1,0.4316760012235134,Medium Risk
C109722,154,4,54152.645,13538.16125,4.0,1.0,0.0,0.25,1,0.431654669304848,Medium Risk
C114124,430,4,75257.4295,18814.357375,17.0,4.0,0.0,0.25,1,0.4314119281226854,Medium Risk
C108640,52,3,112278.87349999999,37426.29116666666,14.0,6.0,0.0,0.6666666666666666,0,0.43118646382287396,Medium Risk
C102729,13,2,20767.490999999998,10383.745499999999,20.0,8.0,0.0,1.0,0,0.43118364253772684,Medium Risk
C114380,281,4,147914.64,36978.66,9.0,5.0,1.0,0.0,1,0.43108242456614726,Medium Risk
C100723,20,3,25136.4425,8378.814166666665,11.0,3.0,1.0,0.3333333333333333,0,0.43101365146298176,Medium Risk
C113496,336,4,98685.53,24671.3825,9.0,2.0,1.0,0.0,1,0.4309244869213406,Medium Risk
C101037,1,3,87520.16700000002,29173.389000000006,7.0,0.0,0.0,1.0,0,0.4308465788809095,Medium Risk
C105538,231,5,70410.527,14082.1054,12.0,2.0,0.0,0.8,1,0.4307705542926402,Medium Risk
C114643,15,3,59388.0835,19796.027833333334,15.0,5.0,1.0,1.0,0,0.4307071638622609,Medium Risk
C100951,197,4,58957.235,14739.30875,6.0,2.0,0.0,1.0,1,0.43066750665579234,Medium Risk
C104660,23,4,133286.2715,33321.567875,10.0,4.0,0.0,0.5,0,0.4305712436664513,Medium Risk
C112946,29,4,70424.527,17606.13175,9.0,3.0,1.0,0.75,0,0.4305251760943481,Medium Risk
C110366,16,5,70446.84,14089.367999999999,15.0,5.0,3.0,0.8,0,0.43043977950006307,Medium Risk
C109163,24,3,104940.035,34980.011666666665,8.0,1.0,0.0,0.6666666666666666,0,0.4303080804589534,Medium Risk
C106026,390,4,51302.724,12825.681,8.0,3.0,0.0,0.25,1,0.4303050026375127,Medium Risk
C112131,17,3,78086.38,26028.793333333335,12.0,3.0,2.0,0.0,0,0.43027584416987097,Medium Risk
C106951,105,4,114954.1795,28738.544875,13.0,4.0,1.0,0.5,1,0.43017722139829656,Medium Risk
C107647,553,4,71353.98449999999,17838.496124999998,7.0,3.0,1.0,0.5,1,0.43015642972728835,Medium Risk
C112566,73,3,41354.4,13784.800000000001,4.0,0.0,0.0,0.0,0,0.43002921631084606,Medium Risk
C106258,306,3,46477.689,15492.563,12.0,6.0,1.0,1.0,1,0.4299672494559488,Medium Risk
C103347,133,4,68386.9275,17096.731874999998,9.0,4.0,1.0,0.5,1,0.42989702732408275,Medium Risk
C106454,21,3,23338.103499999997,7779.367833333333,8.0,1.0,1.0,0.6666666666666666,0,0.42988727274153393,Medium Risk
C113595,19,3,33104.5265,11034.842166666667,12.0,4.0,0.0,0.6666666666666666,0,0.4295734488925443,Medium Risk
C107179,52,3,102345.5745,34115.19149999999,12.0,1.0,0.0,1.0,0,0.42947105559621285,Medium Risk
C108340,189,4,56481.1315,14120.282875,14.0,7.0,1.0,0.5,1,0.4293342122347717,Medium Risk
C100488,49,4,105985.129,26496.28225,8.0,5.0,3.0,0.5,0,0.4292560472979066,Medium Risk
C113288,169,3,46077.477,15359.159,2.0,0.0,1.0,0.3333333333333333,1,0.429154700113142,Medium Risk
C107185,105,4,34252.092000000004,8563.023000000001,7.0,2.0,1.0,0.5,1,0.42910452478822597,Medium Risk
C104419,196,4,70972.5815,17743.145375,9.0,2.0,1.0,0.75,1,0.4288553209707044,Medium Risk
C109032,335,4,88662.337,22165.58425,9.0,3.0,1.0,0.5,1,0.4288370633807865,Medium Risk
C109906,89,4,66027.6015,16506.900375,7.0,0.0,1.0,1.0,0,0.4286405813700458,Medium Risk
C110522,151,5,44337.295,8867.458999999999,9.0,2.0,1.0,0.8,1,0.42854928568859985,Medium Risk
C107653,108,6,67398.023,11233.003833333334,6.0,4.0,2.0,0.3333333333333333,1,0.42844335754376084,Medium Risk
C108572,79,3,107594.147,35864.71566666666,10.0,4.0,0.0,0.3333333333333333,0,0.4280832175900472,Medium Risk
C109806,302,5,63405.34299999999,12681.068599999999,4.0,3.0,1.0,0.6,1,0.4280171973672202,Medium Risk
C105525,98,4,47989.703,11997.42575,6.0,2.0,1.0,0.25,1,0.4279632769239488,Medium Risk
C102689,218,4,37143.934499999996,9285.983624999999,12.0,4.0,1.0,0.5,1,0.4278095614311044,Medium Risk
C113638,19,3,23242.408000000003,7747.469333333334,4.0,1.0,0.0,0.6666666666666666,0,0.42775003208607293,Medium Risk
C112974,275,4,45399.63250000001,11349.908125000002,9.0,2.0,1.0,1.0,1,0.42768432271500245,Medium Risk
C100759,43,3,39027.658,13009.219333333334,3.0,0.0,2.0,0.6666666666666666,0,0.4276666757189146,Medium Risk
C105245,25,3,107131.9245,35710.6415,14.0,3.0,1.0,0.3333333333333333,0,0.42743991097783507,Medium Risk
C103331,0,3,92060.05249999999,30686.684166666662,16.0,6.0,1.0,1.0,0,0.42729938899781206,Medium Risk
C111092,11,3,109940.053,36646.68433333333,9.0,4.0,0.0,0.3333333333333333,0,0.4269660125054388,Medium Risk
C104729,89,4,62235.039,15558.75975,6.0,3.0,1.0,1.0,0,0.4269542548989555,Medium Risk
C111766,0,3,103104.31049999999,34368.1035,7.0,3.0,0.0,0.6666666666666666,0,0.4268884814972389,Medium Risk
C109381,179,3,23325.654499999997,7775.218166666666,8.0,3.0,0.0,0.6666666666666666,1,0.42675072873754993,Medium Risk
C114197,3,2,26459.381,13229.6905,8.0,6.0,0.0,1.0,0,0.42674404629740453,Medium Risk
C106186,5,3,64999.553,21666.51766666667,2.0,2.0,0.0,0.3333333333333333,0,0.4265663515452443,Medium Risk
C112493,45,2,27324.117,13662.058499999997,8.0,4.0,0.0,1.0,0,0.4264045527469873,Medium Risk
C112124,21,3,43962.537,14654.179000000002,15.0,7.0,0.0,0.3333333333333333,0,0.426356984891097,Medium Risk
C112633,37,5,58581.549999999996,11716.31,11.0,3.0,1.0,0.6,0,0.42623644330825095,Medium Risk
C111276,3,3,103618.498,34539.49933333333,6.0,1.0,1.0,0.6666666666666666,0,0.4261835949823777,Medium Risk
C107096,5,4,117330.79000000001,29332.697500000002,7.0,1.0,0.0,0.0,0,0.42613295384008965,Medium Risk
C103687,42,3,103796.681,34598.89366666666,7.0,1.0,0.0,0.3333333333333333,0,0.42604128323095586,Medium Risk
C104315,103,4,66386.28199999999,16596.570499999998,10.0,4.0,1.0,0.25,1,0.42591013642615905,Medium Risk
C110254,5,4,70567.772,17641.943,7.0,4.0,1.0,0.5,0,0.4258934998141637,Medium Risk
C100538,15,3,56190.8175,18730.272499999995,18.0,3.0,0.0,1.0,0,0.4254094806937802,Medium Risk
C112504,111,5,66636.81,13327.362,12.0,5.0,1.0,0.4,1,0.42537109761136327,Medium Risk
C109058,9,3,56058.62,18686.20666666667,2.0,1.0,0.0,0.3333333333333333,0,0.425370412811013,Medium Risk
C113693,129,5,112620.147,22524.0294,1.0,0.0,0.0,0.4,1,0.42533133634534875,Medium Risk
C105237,2,4,49092.003500000006,12273.000875000002,11.0,3.0,1.0,0.25,0,0.4252477042646347,Medium Risk
C101664,22,4,132041.299,33010.32475,12.0,2.0,0.0,0.5,0,0.42524636258214554,Medium Risk
C107385,183,4,56054.612,14013.653,9.0,4.0,1.0,0.5,1,0.4252341127203415,Medium Risk
C103308,166,4,100658.863,25164.71575,10.0,3.0,2.0,0.5,1,0.42522344274012597,Medium Risk
C113591,368,4,50945.2165,12736.304124999999,5.0,2.0,1.0,0.5,1,0.4251340882391862,Medium Risk
C108414,7,3,85167.608,28389.202666666664,7.0,1.0,0.0,1.0,0,0.4250269960153389,Medium Risk
C111043,366,5,59423.222499999996,11884.644499999999,4.0,1.0,1.0,0.6,1,0.42487333018809137,Medium Risk
C105735,46,4,69589.008,17397.252,4.0,2.0,1.0,0.25,0,0.42471457512725086,Medium Risk
C104092,160,4,43378.856,10844.714,4.0,2.0,0.0,0.5,1,0.424697319571478,Medium Risk
C103658,147,4,42612.494,10653.1235,4.0,2.0,0.0,0.5,1,0.42466703007836043,Medium Risk
C113953,6,3,103510.37849999999,34503.4595,5.0,1.0,0.0,0.3333333333333333,0,0.4245982681763036,Medium Risk
C108567,244,4,83631.4275,20907.856875,10.0,3.0,0.0,0.5,1,0.4244837010829868,Medium Risk
C109694,494,4,58551.2635,14637.815875,5.0,3.0,2.0,0.5,1,0.42444572814292264,Medium Risk
C106385,96,4,136780.217,34195.05425,11.0,5.0,0.0,0.5,1,0.42443194563251785,Medium Risk
C112161,10,3,19064.0155,6354.671833333333,14.0,2.0,0.0,1.0,0,0.4242479102340835,Medium Risk
C101915,31,3,23458.802000000003,7819.600666666668,12.0,2.0,1.0,0.6666666666666666,0,0.4242113771378863,Medium Risk
C106793,175,6,56627.9215,9437.986916666667,6.0,3.0,0.0,1.0,1,0.4241326099941753,Medium Risk
C114211,136,4,145977.394,36494.3485,8.0,3.0,0.0,0.5,1,0.42407207449846385,Medium Risk
C114083,39,4,62753.614,15688.4035,10.0,3.0,1.0,0.25,0,0.42406985323706303,Medium Risk
C106374,217,3,22098.4345,7366.144833333333,10.0,4.0,0.0,1.0,1,0.4240400309718472,Medium Risk
C113461,276,4,62375.3205,15593.830125,10.0,4.0,1.0,0.5,1,0.4240159548866109,Medium Risk
C105699,5,2,33401.630000000005,16700.815,12.0,8.0,1.0,0.5,0,0.42377824984569984,Medium Risk
C108841,3,4,67872.462,16968.1155,10.0,3.0,1.0,0.5,0,0.42330027620685007,Medium Risk
C104940,84,4,71577.517,17894.379249999998,12.0,2.0,0.0,0.75,0,0.4232027624804678,Medium Risk
C112403,4,4,91964.671,22991.16775,10.0,2.0,1.0,0.25,0,0.42316634829577376,Medium Risk
C110811,99,4,47294.7345,11823.683625,11.0,3.0,1.0,0.5,1,0.42311047659319,Medium Risk
C102625,230,3,26156.792999999998,8718.930999999999,9.0,4.0,0.0,0.6666666666666666,1,0.4230149933768584,Medium Risk
C107986,83,4,56368.145000000004,14092.036250000001,10.0,4.0,1.0,0.5,0,0.4229125610977671,Medium Risk
C110256,4,4,67419.5135,16854.878375,9.0,3.0,0.0,0.25,0,0.42289683521795085,Medium Risk
C103676,179,3,110133.0555,36711.0185,12.0,4.0,0.0,0.3333333333333333,1,0.4228755998070094,Medium Risk
C107899,177,4,95742.6815,23935.670375,8.0,3.0,2.0,0.5,1,0.42285035041146046,Medium Risk
C103361,94,4,157544.06350000002,39386.015875,8.0,2.0,0.0,0.5,1,0.42275155756077487,Medium Risk
C111474,43,3,60706.58349999999,20235.52783333333,2.0,1.0,0.0,0.3333333333333333,0,0.4225815361569524,Medium Risk
C113639,437,4,140168.81900000002,35042.204750000004,11.0,3.0,1.0,0.5,1,0.4224725187533976,Medium Risk
C113440,114,4,86185.00749999999,21546.251875,12.0,5.0,0.0,0.25,1,0.42223591289651535,Medium Risk
C114288,19,3,47833.1645,15944.38816666667,15.0,5.0,2.0,0.6666666666666666,0,0.4221991029037959,Medium Risk
C107298,247,4,88895.326,22223.8315,10.0,4.0,0.0,1.0,1,0.42218713214256437,Medium Risk
C107841,12,3,12295.931499999999,4098.643833333333,10.0,1.0,0.0,0.6666666666666666,0,0.42213922133017,Medium Risk
C100588,111,4,42511.662,10627.9155,8.0,3.0,1.0,0.5,1,0.4221380385990592,Medium Risk
C102921,171,3,22609.954999999998,7536.651666666666,3.0,0.0,1.0,0.3333333333333333,1,0.42198469584038,Medium Risk
C111419,189,6,67734.08,11289.013333333334,9.0,6.0,1.0,0.3333333333333333,1,0.421869646407201,Medium Risk
C105096,365,4,68548.388,17137.097,10.0,3.0,0.0,0.75,1,0.42185994332791404,Medium Risk
C107743,498,4,116300.75,29075.1875,8.0,2.0,0.0,0.5,1,0.42175055387519833,Medium Risk
C105948,94,4,140712.1045,35178.026125000004,13.0,2.0,1.0,0.5,1,0.4216984061208801,Medium Risk
C111816,259,5,67305.5255,13461.1051,12.0,2.0,0.0,0.8,1,0.4216506233115603,Medium Risk
C102272,4,4,60631.7445,15157.936125,6.0,2.0,0.0,1.0,0,0.42159032611608493,Medium Risk
C109925,56,4,52793.974,13198.4935,11.0,1.0,0.0,1.0,0,0.42157396366158983,Medium Risk
C107628,4,4,70973.392,17743.347999999998,8.0,2.0,1.0,0.5,0,0.4215157233760623,Medium Risk
C111695,5,3,15893.811,5297.937,10.0,1.0,0.0,0.6666666666666666,0,0.4215108249038262,Medium Risk
C111839,156,5,61925.3765,12385.0753,11.0,3.0,0.0,0.4,1,0.42134426202292175,Medium Risk
C113556,6,4,58324.87500000001,14581.21875,10.0,2.0,0.0,1.0,0,0.42121635808062413,Medium Risk
C105607,35,4,69624.889,17406.22225,8.0,2.0,1.0,0.5,0,0.42107787068422275,Medium Risk
C109382,238,5,89601.26,17920.252,12.0,2.0,1.0,0.8,1,0.421068555355247,Medium Risk
C103050,4,3,78891.76,26297.25333333333,2.0,1.0,0.0,0.0,0,0.4209337871925387,Medium Risk
C104490,67,5,67128.548,13425.709599999998,9.0,1.0,1.0,0.4,0,0.42086103267713604,Medium Risk
C112301,108,4,99509.4545,24877.363625,10.0,2.0,1.0,0.5,1,0.4208588543624864,Medium Risk
C104688,92,4,61463.51,15365.8775,10.0,3.0,0.0,0.25,1,0.4207757019315583,Medium Risk
C112297,375,4,94676.11600000001,23669.029,13.0,3.0,1.0,0.75,1,0.42074748537286605,Medium Risk
C107252,265,4,69733.5115,17433.377875,9.0,2.0,1.0,0.5,1,0.42070528310304417,Medium Risk
C105645,412,4,47186.5855,11796.646375,8.0,4.0,1.0,1.0,1,0.42066097842787087,Medium Risk
C108432,1,3,21520.347999999998,7173.449333333333,11.0,4.0,0.0,0.3333333333333333,0,0.42053601120340967,Medium Risk
C113176,47,4,100759.7025,25189.925625,9.0,3.0,1.0,0.5,0,0.42038595768655784,Medium Risk
C106430,25,4,93572.6795,23393.169875,9.0,3.0,1.0,0.5,0,0.4202279538324462,Medium Risk
C113904,20,5,56976.309,11395.2618,8.0,4.0,2.0,0.4,0,0.42004402041748856,Medium Risk
C110943,91,4,81892.33,20473.082499999997,8.0,2.0,2.0,0.5,1,0.4199870572097021,Medium Risk
C111045,342,4,92678.8655,23169.716375,7.0,3.0,1.0,0.75,1,0.41991264803007156,Medium Risk
C104316,41,4,62316.991,15579.247749999999,10.0,2.0,1.0,0.25,0,0.4198999631606546,Medium Risk
C114518,47,4,54222.09450000001,13555.523625000002,6.0,2.0,0.0,1.0,0,0.419694937403914,Medium Risk
C106939,159,5,96910.382,19382.0764,16.0,7.0,1.0,0.6,1,0.41961207127164735,Medium Risk
C102540,-1,3,96493.373,32164.45766666667,5.0,2.0,1.0,1.0,0,0.41951783618753313,Medium Risk
C111430,33,5,50639.8255,10127.9651,7.0,3.0,1.0,0.8,0,0.4194049518449944,Medium Risk
C113947,8,2,96139.5775,48069.78875000001,8.0,0.0,1.0,1.0,0,0.41930188719539907,Medium Risk
C113355,472,3,31611.997499999998,10537.332499999999,9.0,4.0,0.0,1.0,1,0.41916537093825385,Medium Risk
C113273,317,5,51699.605,10339.921,11.0,3.0,0.0,1.0,1,0.41912044987926983,Medium Risk
C102317,324,5,66974.9225,13394.9845,8.0,2.0,1.0,0.4,1,0.41885985364478634,Medium Risk
C104040,2,3,28658.182,9552.727333333334,3.0,0.0,0.0,0.3333333333333333,0,0.4188276879857994,Medium Risk
C100820,153,4,71580.663,17895.16575,7.0,2.0,0.0,0.75,1,0.4188129967343267,Medium Risk
C111091,232,4,50168.7635,12542.190875,8.0,2.0,1.0,0.5,1,0.4187181922329154,Medium Risk
C107201,95,4,63024.806,15756.2015,8.0,3.0,1.0,0.5,1,0.4186988862998082,Medium Risk
C112876,110,7,164758.7875,23536.969642857144,8.0,3.0,2.0,1.0,1,0.4186749109250522,Medium Risk
C107908,135,5,118100.572,23620.1144,9.0,1.0,3.0,0.2,1,0.41867241251014986,Medium Risk
C104894,173,4,69701.745,17425.43625,14.0,4.0,1.0,0.75,1,0.4184130404622957,Medium Risk
C102834,63,3,13790.188999999998,4596.729666666667,11.0,4.0,0.0,0.6666666666666666,0,0.418303411826849,Medium Risk
C100169,52,5,49615.443999999996,9923.0888,12.0,1.0,2.0,0.4,0,0.41827117215758247,Medium Risk
C114431,5,4,56197.288,14049.322,10.0,3.0,1.0,0.25,0,0.41814409428107796,Medium Risk
C110074,15,3,131426.149,43808.71633333334,7.0,0.0,0.0,0.6666666666666666,0,0.41812035341316744,Medium Risk
C111237,279,4,83594.68599999999,20898.6715,10.0,4.0,0.0,0.5,1,0.41811246942406577,Medium Risk
C107690,104,4,80225.215,20056.30375,8.0,2.0,1.0,0.75,1,0.41799577226018625,Medium Risk
C109295,560,4,57058.7885,14264.697125,4.0,1.0,1.0,0.5,1,0.41781479931297644,Medium Risk
C112391,226,4,68546.338,17136.5845,9.0,2.0,1.0,0.5,1,0.41780263144971097,Medium Risk
C110471,191,5,83650.5625,16730.1125,5.0,2.0,3.0,0.6,1,0.4177290195405093,Medium Risk
C107642,298,4,82458.916,20614.729,8.0,3.0,1.0,0.5,1,0.41771885300193434,Medium Risk
C102550,0,4,66277.342,16569.3355,9.0,2.0,0.0,1.0,0,0.4174403692248256,Medium Risk
C106855,115,4,153298.932,38324.733,11.0,1.0,0.0,0.5,1,0.4172278706209313,Medium Risk
C111609,156,4,84252.41649999999,21063.104124999998,9.0,3.0,0.0,0.25,1,0.4170429342694137,Medium Risk
C100661,5,5,85784.767,17156.953400000002,9.0,3.0,1.0,0.8,0,0.4169380958239698,Medium Risk
C109646,714,4,125791.7505,31447.937625,10.0,2.0,0.0,0.5,1,0.4168658771756932,Medium Risk
C100432,44,3,26319.5685,8773.1895,2.0,0.0,0.0,1.0,0,0.41661912717264854,Medium Risk
C112061,10,3,87281.264,29093.754666666664,6.0,1.0,1.0,1.0,0,0.41661846104783146,Medium Risk
C110528,111,5,50065.529500000004,10013.1059,7.0,2.0,1.0,0.8,1,0.416600555810546,Medium Risk
C100505,123,5,36426.770000000004,7285.354000000001,9.0,1.0,1.0,0.6,1,0.41642851595863734,Medium Risk
C109844,225,4,159683.81,39920.9525,4.0,0.0,1.0,0.75,1,0.4163374914274406,Medium Risk
C107798,13,4,77567.797,19391.949249999998,11.0,4.0,1.0,0.75,0,0.41629159560595624,Medium Risk
C111582,120,4,56630.350999999995,14157.587749999999,10.0,4.0,0.0,0.25,1,0.41624708816954853,Medium Risk
C108686,9,3,109842.968,36614.32266666667,15.0,5.0,0.0,0.3333333333333333,0,0.4161672965356681,Medium Risk
C108021,10,4,91120.103,22780.02575,8.0,3.0,0.0,1.0,0,0.41607017530269785,Medium Risk
C113713,76,4,87421.516,21855.379,12.0,2.0,0.0,0.25,0,0.4159239866592282,Medium Risk
C105227,44,3,23650.652000000002,7883.550666666667,8.0,3.0,0.0,0.6666666666666666,0,0.4158407537564839,Medium Risk
C103880,216,5,103307.61,20661.522,4.0,1.0,3.0,0.0,1,0.415789935670029,Medium Risk
C103619,24,4,102739.8345,25684.958625,11.0,4.0,1.0,0.5,0,0.4157736814937742,Medium Risk
C102548,70,3,113207.8015,37735.933833333336,6.0,4.0,0.0,1.0,0,0.4157199992539816,Medium Risk
C103645,61,4,47158.9265,11789.731625,6.0,3.0,1.0,0.5,0,0.4157174641213986,Medium Risk
C107339,296,4,131052.133,32763.033250000004,9.0,3.0,0.0,0.5,1,0.41563812694186963,Medium Risk
C113841,61,4,45210.3945,11302.598625,8.0,3.0,1.0,0.5,0,0.41557189668067723,Medium Risk
C102213,114,4,79594.5995,19898.649875,10.0,3.0,1.0,0.5,1,0.4154491653528485,Medium Risk
C109870,436,4,173995.7345,43498.933625000005,7.0,5.0,0.0,0.75,1,0.41533714232557933,Medium Risk
C106476,182,4,89637.49,22409.3725,7.0,4.0,1.0,0.5,1,0.41530536165872567,Medium Risk
C101329,173,5,116398.23,23279.646,10.0,3.0,2.0,0.0,1,0.4152367672207691,Medium Risk
C113060,33,3,45753.455,15251.151666666667,15.0,3.0,0.0,0.6666666666666666,0,0.4151592396311971,Medium Risk
C109718,164,4,94229.187,23557.29675,9.0,2.0,1.0,0.5,1,0.4151233392302479,Medium Risk
C108691,151,4,26360.759,6590.18975,7.0,0.0,1.0,0.75,1,0.41512245202548087,Medium Risk
C112419,52,3,54604.130000000005,18201.376666666667,16.0,5.0,1.0,0.6666666666666666,0,0.41512005989234696,Medium Risk
C101612,35,4,53150.915,13287.72875,12.0,4.0,1.0,0.25,0,0.4149764518248223,Medium Risk
C113661,28,4,78467.1485,19616.787125,8.0,4.0,1.0,0.75,0,0.4148618109343256,Medium Risk
C104285,77,3,30640.006,10213.335333333334,2.0,0.0,0.0,0.6666666666666666,0,0.4148365432628311,Medium Risk
C104935,152,6,137003.464,22833.910666666667,6.0,4.0,6.0,0.3333333333333333,1,0.4148110011823069,Medium Risk
C112880,16,4,71154.139,17788.53475,8.0,2.0,0.0,0.25,0,0.41480813118994175,Medium Risk
C102966,101,4,32409.614,8102.4035,6.0,3.0,0.0,0.25,1,0.41463030583298965,Medium Risk
C113572,6,4,52025.012500000004,13006.253125000001,10.0,3.0,0.0,0.25,0,0.41459940176699683,Medium Risk
C101429,61,4,66575.677,16643.91925,10.0,5.0,1.0,0.25,0,0.4145596802862851,Medium Risk
C106257,227,5,123287.294,24657.4588,6.0,3.0,2.0,0.2,1,0.4143674233623389,Medium Risk
C114903,13,4,72088.2135,18022.053375,8.0,3.0,0.0,0.5,0,0.4143610718966721,Medium Risk
C107715,123,4,101507.496,25376.874,12.0,3.0,1.0,0.5,1,0.4143213404163172,Medium Risk
C100443,113,5,70665.3255,14133.065099999998,8.0,5.0,0.0,0.8,1,0.4143133448066667,Medium Risk
C112356,8,3,24301.065,8100.355,7.0,3.0,0.0,1.0,0,0.414150422500834,Medium Risk
C102942,114,4,101935.06450000001,25483.766125000002,9.0,3.0,1.0,0.75,1,0.4141297542280672,Medium Risk
C106399,128,4,75205.989,18801.49725,4.0,1.0,2.0,0.5,1,0.4140888165752557,Medium Risk
C103826,63,3,106582.66450000001,35527.554833333335,10.0,4.0,2.0,1.0,0,0.41402917542106094,Medium Risk
C113879,210,4,91257.353,22814.33825,8.0,3.0,2.0,0.75,1,0.4139814838344003,Medium Risk
C105571,65,4,63686.182,15921.545499999998,9.0,1.0,0.0,1.0,0,0.41395131934121515,Medium Risk
C107315,250,4,39078.865,9769.71625,7.0,0.0,1.0,0.5,1,0.4139299924468351,Medium Risk
C106136,23,4,72239.97750000001,18059.994375000002,10.0,2.0,1.0,0.75,0,0.41383600060623943,Medium Risk
C111712,569,4,119128.2805,29782.070125,5.0,0.0,0.0,0.25,1,0.413659047933982,Medium Risk
C102136,58,4,52147.080500000004,13036.770125000001,7.0,2.0,1.0,0.25,0,0.413573704130756,Medium Risk
C111681,135,5,50929.867000000006,10185.973399999999,10.0,2.0,1.0,0.8,1,0.4133819226789644,Medium Risk
C103861,288,6,68609.492,11434.915333333332,10.0,3.0,2.0,0.6666666666666666,1,0.41333435364288174,Medium Risk
C113380,119,4,123522.1795,30880.544875,7.0,3.0,1.0,0.5,1,0.41326794951849743,Medium Risk
C106477,154,4,65453.687,16363.42175,9.0,3.0,0.0,0.25,1,0.41317416950749225,Medium Risk
C111684,145,4,82859.6575,20714.914375,7.0,2.0,1.0,0.75,1,0.41316539481248965,Medium Risk
C108147,284,4,53092.666,13273.1665,9.0,5.0,1.0,0.5,1,0.413072995340993,Medium Risk
C111828,107,4,71404.1265,17851.031625000003,7.0,3.0,0.0,0.5,1,0.4129874089092997,Medium Risk
C114686,325,4,88036.2345,22009.058625,8.0,2.0,1.0,1.0,1,0.41298302051815505,Medium Risk
C109602,5,4,67893.25349999999,16973.313374999998,11.0,2.0,1.0,0.5,0,0.4129633608680507,Medium Risk
C108492,262,4,61836.7845,15459.196125000002,4.0,2.0,1.0,0.75,1,0.41296121411241776,Medium Risk
C103663,211,4,72352.221,18088.05525,7.0,3.0,0.0,0.75,1,0.41271386502462926,Medium Risk
C100725,94,5,127807.804,25561.5608,8.0,2.0,3.0,0.2,1,0.41238104857173236,Medium Risk
C108077,145,4,67020.7115,16755.177875,9.0,2.0,0.0,0.25,1,0.4123742887124528,Medium Risk
C102700,385,4,36790.699,9197.67475,4.0,0.0,0.0,0.5,1,0.41227085394116597,Medium Risk
C106301,174,5,78097.249,15619.449800000002,9.0,3.0,2.0,0.4,1,0.41226151825081664,Medium Risk
C100947,113,5,145765.25100000002,29153.050200000005,8.0,3.0,0.0,1.0,1,0.41222221826199484,Medium Risk
C111865,28,4,72132.07500000001,18033.018750000003,4.0,1.0,1.0,0.5,0,0.41210444095457144,Medium Risk
C107526,93,4,51447.8345,12861.958625000001,9.0,3.0,0.0,0.5,1,0.41203611900140275,Medium Risk
C100105,50,4,40271.0895,10067.772375,8.0,0.0,0.0,1.0,0,0.4118797475620466,Medium Risk
C102080,15,4,111851.87599999999,27962.968999999997,8.0,2.0,0.0,0.25,0,0.411846124680321,Medium Risk
C110477,137,5,79872.264,15974.4528,9.0,4.0,1.0,0.8,1,0.41172498745207275,Medium Risk
C109822,9,3,44451.21,14817.07,8.0,6.0,0.0,1.0,0,0.41171333703010904,Medium Risk
C104165,37,4,55405.183,13851.29575,10.0,7.0,0.0,0.25,0,0.4117059874374698,Medium Risk
C103637,29,3,26579.239,8859.746333333334,3.0,2.0,1.0,0.6666666666666666,0,0.41154746673376513,Medium Risk
C100478,85,4,60972.05449999999,15243.013624999998,10.0,2.0,0.0,1.0,0,0.4114524863972154,Medium Risk
C100425,19,4,111733.01,27933.2525,11.0,3.0,0.0,0.0,0,0.4114496733659145,Medium Risk
C113857,20,5,48125.0285,9625.0057,6.0,1.0,1.0,0.6,0,0.4114125365571738,Medium Risk
C108882,128,6,156498.32200000001,26083.053666666663,9.0,5.0,2.0,0.6666666666666666,1,0.41136420449685346,Medium Risk
C107319,14,4,45883.468,11470.867,11.0,1.0,1.0,0.5,0,0.41117131125746853,Medium Risk
C104237,180,4,87278.076,21819.519,9.0,2.0,0.0,0.75,1,0.4108367272155007,Medium Risk
C109035,39,4,115129.583,28782.395749999996,9.0,2.0,2.0,0.5,0,0.41076422430900034,Medium Risk
C114319,153,4,30236.7835,7559.195875,5.0,1.0,0.0,0.5,1,0.41070131140883165,Medium Risk
C101194,324,4,52042.521,13010.63025,11.0,2.0,0.0,0.25,1,0.41060155213386296,Medium Risk
C100814,234,5,72129.298,14425.859600000002,8.0,3.0,2.0,0.4,1,0.41049114580408846,Medium Risk
C102890,267,4,91833.9675,22958.491875,11.0,2.0,0.0,0.75,1,0.41039397331170335,Medium Risk
C101166,220,4,62612.796,15653.199,9.0,5.0,1.0,0.5,1,0.4103443223922145,Medium Risk
C112189,330,4,88959.2495,22239.812375,9.0,3.0,0.0,0.5,1,0.410244798853814,Medium Risk
C103105,41,5,46834.722499999996,9366.944500000001,10.0,2.0,1.0,0.8,0,0.41019942197866954,Medium Risk
C106362,26,3,24487.715,8162.571666666667,9.0,3.0,0.0,1.0,0,0.4101601549157546,Medium Risk
C102752,127,4,89964.752,22491.188000000002,9.0,2.0,2.0,0.5,1,0.4099725434422959,Medium Risk
C100761,119,4,53601.2755,13400.318875,9.0,2.0,0.0,0.25,1,0.4099004086553235,Medium Risk
C105421,71,3,14063.7305,4687.910166666667,15.0,4.0,2.0,0.6666666666666666,0,0.40982751260984607,Medium Risk
C104823,53,4,75203.6695,18800.917375,12.0,2.0,1.0,0.75,0,0.40966186465463983,Medium Risk
C101749,12,4,111206.26000000001,27801.565,8.0,2.0,1.0,0.0,0,0.40961220582117747,Medium Risk
C111512,125,4,100351.8315,25087.957875,10.0,2.0,2.0,0.75,1,0.40956271033534136,Medium Risk
C105013,107,5,70580.41100000001,14116.0822,9.0,3.0,0.0,0.4,1,0.40954142782294917,Medium Risk
C107373,11,4,83712.12,20928.03,8.0,4.0,0.0,0.0,0,0.40947310512163504,Medium Risk
C113337,164,4,134786.9505,33696.737625,6.0,2.0,0.0,0.75,1,0.4094060755323653,Medium Risk
C109481,152,4,96450.083,24112.520750000003,9.0,2.0,3.0,0.75,1,0.4093315537780173,Medium Risk
C113192,51,4,56184.7055,14046.176375,9.0,1.0,1.0,0.25,0,0.40932226601440663,Medium Risk
C110703,124,5,60598.0945,12119.6189,6.0,1.0,1.0,0.8,1,0.40911333340759326,Medium Risk
C101224,43,4,74905.8,18726.449999999997,8.0,2.0,1.0,0.75,0,0.4089728480951467,Medium Risk
C102394,23,4,115240.8235,28810.205875,10.0,2.0,1.0,0.5,0,0.4089421645297002,Medium Risk
C110429,683,4,41550.05,10387.5125,9.0,5.0,0.0,1.0,1,0.40889179342953375,Medium Risk
C109658,82,4,50468.179,12617.04475,4.0,2.0,0.0,0.5,0,0.4088824441530175,Medium Risk
C106154,4,4,73203.517,18300.87925,10.0,3.0,1.0,0.75,0,0.40868938819319034,Medium Risk
C107066,18,2,30187.3235,15093.66175,13.0,5.0,1.0,1.0,0,0.4086000261966058,Medium Risk
C103404,44,4,69876.8965,17469.224125,3.0,2.0,1.0,0.75,0,0.40846036417784487,Medium Risk
C106260,47,4,76296.569,19074.14225,9.0,2.0,1.0,0.75,0,0.4082872002370793,Medium Risk
C111831,13,4,64868.0675,16217.016875,9.0,2.0,2.0,0.75,0,0.4082833280223869,Medium Risk
C100332,80,3,103971.656,34657.21866666667,15.0,3.0,1.0,0.6666666666666666,0,0.4081041191606157,Medium Risk
C103240,-1,3,52406.741,17468.913666666667,1.0,0.0,0.0,0.3333333333333333,0,0.40806523417841584,Medium Risk
C107166,148,4,125049.4175,31262.354375,11.0,4.0,1.0,0.75,1,0.4080587902411654,Medium Risk
C101913,34,4,37005.01,9251.2525,11.0,4.0,1.0,0.0,0,0.40803879159082385,Medium Risk
C100746,105,5,76507.7005,15301.540100000002,9.0,3.0,0.0,0.8,1,0.407863594963301,Medium Risk
C112836,79,3,23898.7715,7966.257166666666,9.0,0.0,2.0,0.3333333333333333,0,0.40785419568410275,Medium Risk
C108153,13,4,96858.227,24214.55675,11.0,3.0,1.0,0.75,0,0.40776428777871376,Medium Risk
C104267,137,4,46284.832,11571.208,11.0,3.0,0.0,0.25,1,0.407660716711129,Medium Risk
C113195,217,4,115935.357,28983.83925,7.0,3.0,0.0,0.5,1,0.4075842002210146,Medium Risk
C111023,68,4,60907.615000000005,15226.903750000001,7.0,2.0,1.0,0.5,0,0.4075746157181291,Medium Risk
C113722,202,4,79003.7615,19750.940375000002,11.0,2.0,1.0,0.75,1,0.407560830075248,Medium Risk
C106557,149,4,42578.9145,10644.728625,7.0,2.0,0.0,0.25,1,0.407447554684896,Medium Risk
C112699,12,3,21600.353,7200.117666666666,13.0,4.0,0.0,0.6666666666666666,0,0.40738744244601116,Medium Risk
C103431,6,4,44931.5535,11232.888375,7.0,2.0,1.0,0.5,0,0.40717150180468153,Medium Risk
C112015,75,5,70297.6145,14059.5229,11.0,4.0,1.0,0.6,0,0.40708974468667464,Medium Risk
C106313,237,5,51472.422000000006,10294.484400000001,5.0,1.0,0.0,0.4,1,0.40705828229665675,Medium Risk
C100194,3,5,57775.214,11555.0428,7.0,2.0,1.0,0.6,0,0.4070368044664226,Medium Risk
C112937,7,3,22110.917999999998,7370.306,12.0,6.0,0.0,0.3333333333333333,0,0.4070181298018462,Medium Risk
C113340,174,4,56341.363,14085.34075,11.0,4.0,0.0,0.75,1,0.40694155784774577,Medium Risk
C112646,67,4,55929.516,13982.379,9.0,5.0,1.0,0.5,0,0.40684368136883875,Medium Risk
C107289,182,4,66788.532,16697.133,10.0,7.0,0.0,0.5,1,0.4066733075077515,Medium Risk
C110705,66,3,106252.5495,35417.5165,3.0,1.0,1.0,1.0,0,0.4066002091111571,Medium Risk
C110639,154,5,54218.3525,10843.670499999998,8.0,3.0,0.0,0.6,1,0.40659665881919194,Medium Risk
C108647,16,4,83215.23300000001,20803.808250000002,9.0,5.0,0.0,0.75,0,0.40645681271625356,Medium Risk
C110440,342,4,74254.4015,18563.600375,12.0,3.0,0.0,0.75,1,0.40640056310768197,Medium Risk
C114096,3,4,56696.1525,14174.038125,9.0,2.0,0.0,0.25,0,0.40636634553328066,Medium Risk
C114228,24,4,105608.48550000001,26402.121375000002,9.0,3.0,1.0,0.5,0,0.4063377729864762,Medium Risk
C114738,217,5,116896.70449999999,23379.3409,6.0,2.0,3.0,0.4,1,0.40632266417279134,Medium Risk
C106474,11,5,65273.628000000004,13054.725600000002,9.0,2.0,1.0,0.8,0,0.40628560609711184,Medium Risk
C106895,69,4,48867.0915,12216.772875,5.0,0.0,0.0,0.5,0,0.4062558790688285,Medium Risk
C110725,46,3,108884.995,36294.99833333334,12.0,3.0,0.0,0.6666666666666666,0,0.40624647336919767,Medium Risk
C113091,24,5,67080.22,13416.044,13.0,2.0,0.0,0.8,0,0.40616188618873467,Medium Risk
C108785,102,5,130038.44600000001,26007.6892,12.0,5.0,3.0,0.8,1,0.405998041927399,Medium Risk
C110978,446,4,72134.629,18033.65725,9.0,2.0,0.0,0.5,1,0.40597612994146187,Medium Risk
C108580,3,4,60459.57,15114.8925,10.0,3.0,1.0,0.75,0,0.40596729044085456,Medium Risk
C114428,184,4,43438.7675,10859.691875,5.0,1.0,0.0,0.5,1,0.4057176480290968,Medium Risk
C100573,27,5,59037.0235,11807.404700000001,8.0,2.0,1.0,0.6,0,0.4056224845263452,Medium Risk
C113114,40,2,23670.153000000002,11835.076500000001,14.0,4.0,0.0,1.0,0,0.4055312273129639,Medium Risk
C111692,54,4,79107.9975,19776.999375,8.0,4.0,1.0,0.25,0,0.4055263817566914,Medium Risk
C103557,294,4,102230.35399999999,25557.588499999998,9.0,3.0,2.0,0.75,1,0.40551141511100597,Medium Risk
C104075,14,4,35249.366,8812.3415,5.0,1.0,0.0,0.25,0,0.4052892898532063,Medium Risk
C113184,92,5,97152.9905,19430.5981,11.0,1.0,3.0,0.8,1,0.40524781525287795,Medium Risk
C110789,118,5,56404.952000000005,11280.9904,5.0,1.0,1.0,0.6,1,0.4052431295173047,Medium Risk
C110614,343,4,120636.18000000001,30159.045000000002,7.0,1.0,2.0,0.25,1,0.4052338275465078,Medium Risk
C106916,32,3,22446.398,7482.132666666667,11.0,4.0,1.0,0.3333333333333333,0,0.405201160434436,Medium Risk
C110771,4,4,129602.494,32400.6235,9.0,3.0,2.0,0.25,0,0.4051838468832701,Medium Risk
C110160,26,4,62559.22,15639.805,5.0,1.0,0.0,0.25,0,0.4051428341583994,Medium Risk
C113594,0,4,87420.669,21855.16725,11.0,3.0,0.0,0.5,0,0.40505993185163236,Medium Risk
C111218,63,4,86691.4305,21672.857625,10.0,3.0,2.0,0.5,0,0.40497647811870985,Medium Risk
C103342,177,4,49601.564,12400.391,8.0,4.0,2.0,0.75,1,0.4049342453333105,Medium Risk
C112285,199,5,54293.1355,10858.6271,8.0,4.0,0.0,0.4,1,0.4049244492266373,Medium Risk
C110001,57,4,56344.716,14086.179,4.0,0.0,1.0,0.5,0,0.40485535713179926,Medium Risk
C112723,203,4,44487.305,11121.826249999998,8.0,5.0,0.0,0.25,1,0.40483410070507964,Medium Risk
C110153,31,4,94533.77600000001,23633.444,8.0,2.0,2.0,0.5,0,0.40475599599378315,Medium Risk
C102330,46,3,125537.239,41845.74633333333,14.0,3.0,1.0,0.3333333333333333,0,0.40470678579422603,Medium Risk
C101486,0,1,107373.94200000001,107373.94200000001,6.0,4.0,0.0,1.0,0,0.40469724623119147,Medium Risk
C105573,94,4,56694.889,14173.72225,6.0,4.0,1.0,0.5,1,0.4046800557784663,Medium Risk
C105351,187,4,68343.347,17085.83675,8.0,1.0,1.0,0.5,1,0.40466383780281284,Medium Risk
C107933,9,4,67410.277,16852.56925,9.0,2.0,1.0,0.75,0,0.4046324975127953,Medium Risk
C102023,109,4,126313.68599999999,31578.421499999997,9.0,1.0,1.0,0.5,1,0.4046147451836917,Medium Risk
C114064,442,4,68002.234,17000.5585,7.0,1.0,0.0,0.25,1,0.40458803027953777,Medium Risk
C103091,1,4,87763.006,21940.7515,5.0,3.0,0.0,0.25,0,0.4045819017185693,Medium Risk
C110405,366,4,95581.0155,23895.253875,10.0,3.0,0.0,0.75,1,0.4045323234422947,Medium Risk
C101975,234,4,63621.7295,15905.432375,10.0,2.0,0.0,0.25,1,0.40444654588562434,Medium Risk
C111552,2,4,134805.0185,33701.254625,9.0,3.0,1.0,0.5,0,0.40443018501456107,Medium Risk
C107372,43,5,63960.390499999994,12792.078099999999,5.0,1.0,1.0,0.4,0,0.4043949962474158,Medium Risk
C105374,135,4,89813.43299999999,22453.35825,8.0,2.0,0.0,0.5,1,0.40436543417458026,Medium Risk
C101513,44,4,84202.996,21050.749,10.0,4.0,0.0,0.25,0,0.4043187445920074,Medium Risk
C112308,16,4,130599.75300000001,32649.93825,9.0,3.0,0.0,0.25,0,0.4042897948988179,Medium Risk
C104527,324,4,89711.8995,22427.974875,11.0,3.0,0.0,0.5,1,0.40410908812299284,Medium Risk
C110182,102,4,47838.964,11959.741,7.0,1.0,1.0,0.75,1,0.4038838751462647,Medium Risk
C111859,52,4,52676.948000000004,13169.237000000001,6.0,2.0,1.0,0.5,0,0.40377864454387713,Medium Risk
C114176,154,4,52497.614499999996,13124.403624999999,14.0,4.0,1.0,0.75,1,0.4037350097334981,Medium Risk
C102003,151,4,99983.00600000001,24995.751500000002,10.0,2.0,0.0,0.5,1,0.4036958718321916,Medium Risk
C112953,224,4,95368.315,23842.07875,8.0,5.0,0.0,0.5,1,0.4036142843886637,Medium Risk
C109018,267,4,60550.276000000005,15137.569000000001,11.0,5.0,0.0,0.25,1,0.403604214770603,Medium Risk
C106657,27,3,68666.533,22888.84433333333,2.0,0.0,3.0,1.0,0,0.4035906617275091,Medium Risk
C100562,176,4,110118.257,27529.56425,7.0,4.0,3.0,0.75,1,0.4035670382829614,Medium Risk
C101602,52,4,90162.2485,22540.562125,10.0,4.0,0.0,0.5,0,0.4035643194756765,Medium Risk
C114412,44,4,57733.227,14433.306750000002,8.0,2.0,1.0,0.25,0,0.40343131153482353,Medium Risk
C102323,19,4,68490.251,17122.56275,8.0,2.0,0.0,0.75,0,0.40340801971464496,Medium Risk
C113909,101,4,107379.618,26844.904500000004,2.0,2.0,1.0,0.25,1,0.4034058136835077,Medium Risk
C105064,72,5,78306.1885,15661.237700000001,7.0,2.0,1.0,0.8,0,0.40336499251780955,Medium Risk
C112256,62,4,110967.68149999999,27741.920374999998,10.0,3.0,2.0,0.5,0,0.4033504736239846,Medium Risk
C106994,215,5,82806.9335,16561.3867,11.0,3.0,0.0,0.8,1,0.40330567561031605,Medium Risk
C113375,51,3,31544.009,10514.669666666667,9.0,5.0,0.0,1.0,0,0.4033050868350457,Medium Risk
C112225,113,4,58087.003000000004,14521.750750000001,9.0,2.0,0.0,0.25,1,0.4031224564068663,Medium Risk
C108845,73,4,60395.484000000004,15098.871000000001,4.0,0.0,0.0,0.5,0,0.40307467988185924,Medium Risk
C110691,19,4,50128.535,12532.13375,11.0,3.0,1.0,0.75,0,0.4029183614387837,Medium Risk
C103322,299,4,46872.89,11718.2225,11.0,6.0,0.0,0.75,1,0.4028995185940159,Medium Risk
C113762,23,4,97539.5,24384.875,9.0,3.0,1.0,0.0,0,0.4028861590461363,Medium Risk
C111659,503,4,78314.37599999999,19578.594,8.0,3.0,0.0,0.75,1,0.40284070742991496,Medium Risk
C109345,90,4,45461.5535,11365.388375,7.0,2.0,2.0,0.5,0,0.40278644613808195,Medium Risk
C113162,119,5,92634.314,18526.8628,6.0,2.0,3.0,0.4,1,0.40266051271411785,Medium Risk
C100774,256,4,146294.7495,36573.687375,8.0,3.0,2.0,0.75,1,0.40265314179394807,Medium Risk
C114347,111,4,91048.93,22762.2325,5.0,2.0,1.0,0.25,1,0.4026475443725199,Medium Risk
C111180,87,4,130237.754,32559.4385,7.0,2.0,1.0,0.5,0,0.4025113649578634,Medium Risk
C111386,46,4,33775.1855,8443.796375,10.0,3.0,2.0,0.25,0,0.40249052044445116,Medium Risk
C104035,113,5,67019.2455,13403.849100000001,6.0,2.0,1.0,0.6,1,0.40247550597493487,Medium Risk
C112446,226,4,49293.1225,12323.280625,4.0,2.0,0.0,0.75,1,0.4024656502269,Medium Risk
C111918,90,4,90203.603,22550.90075,9.0,3.0,0.0,0.5,0,0.40235145588706883,Medium Risk
C107602,61,4,104874.0385,26218.509625,11.0,3.0,3.0,0.5,0,0.4023185114608011,Medium Risk
C113943,36,4,41929.646499999995,10482.411624999999,10.0,4.0,1.0,0.5,0,0.40231209561278286,Medium Risk
C107572,50,4,82145.569,20536.39225,12.0,0.0,0.0,1.0,0,0.402195890121537,Medium Risk
C109506,20,4,99052.889,24763.22225,9.0,2.0,1.0,0.75,0,0.4021775521442224,Medium Risk
C100390,70,4,140003.5195,35000.879875,12.0,1.0,0.0,0.25,0,0.4021067573511719,Medium Risk
C100963,77,4,93298.9725,23324.743125,8.0,4.0,0.0,0.75,0,0.4020243927060381,Medium Risk
C105987,0,4,50427.51,12606.8775,8.0,2.0,0.0,0.25,0,0.4018946488672578,Medium Risk
C113833,68,4,39080.032999999996,9770.008249999999,6.0,2.0,0.0,0.25,0,0.40188889822994794,Medium Risk
C109262,192,4,62968.013,15742.00325,9.0,3.0,0.0,0.5,1,0.40177196915390484,Medium Risk
C107241,90,3,24968.706,8322.902,8.0,5.0,0.0,0.6666666666666666,0,0.40173526680015664,Medium Risk
C103759,1,4,70383.47,17595.8675,7.0,2.0,0.0,0.75,0,0.4017273136533195,Medium Risk
C105197,184,4,60357.962,15089.4905,10.0,3.0,0.0,0.5,1,0.4017091370888194,Medium Risk
C109675,99,4,53322.5315,13330.632875,11.0,6.0,0.0,0.5,1,0.4016816723311108,Medium Risk
C103070,52,4,92984.6145,23246.153625,8.0,4.0,2.0,0.25,0,0.4015728093041909,Medium Risk
C113404,115,4,51287.744,12821.936,17.0,2.0,0.0,0.25,1,0.4015661919760305,Medium Risk
C101459,162,5,82007.3695,16401.4739,8.0,3.0,3.0,0.6,1,0.40155809839199214,Medium Risk
C107903,26,4,59019.944,14754.985999999999,7.0,3.0,1.0,0.25,0,0.4014292294073947,Medium Risk
C113510,95,4,78253.7865,19563.446625,4.0,1.0,2.0,0.5,1,0.4014033722304531,Medium Risk
C113779,259,6,148213.452,24702.242,7.0,4.0,3.0,0.6666666666666666,1,0.4013414037627873,Medium Risk
C108057,11,4,87248.675,21812.16875,9.0,2.0,2.0,0.75,0,0.4013181543894318,Medium Risk
C102076,480,4,101800.484,25450.121,8.0,2.0,1.0,0.25,1,0.40126318802343647,Medium Risk
C114529,237,4,104083.475,26020.86875,8.0,2.0,1.0,0.75,1,0.40121900542392536,Medium Risk
C102883,121,4,61714.72,15428.68,8.0,2.0,0.0,0.5,1,0.4012054547558864,Medium Risk
C114260,95,4,72986.887,18246.72175,7.0,3.0,0.0,0.75,1,0.40098402582783643,Medium Risk
C102608,333,4,56053.492,14013.373,9.0,3.0,0.0,0.5,1,0.40093920520883897,Medium Risk
C100110,118,4,106343.519,26585.87975,6.0,3.0,0.0,0.25,1,0.40090783222642523,Medium Risk
C102475,205,4,96475.448,24118.862,10.0,2.0,0.0,1.0,1,0.4008951160017928,Medium Risk
C109855,24,4,142912.989,35728.24725,11.0,5.0,0.0,0.75,0,0.4008498590089738,Medium Risk
C112866,167,4,67990.0165,16997.504125,8.0,0.0,0.0,0.5,1,0.40075905948056295,Medium Risk
C101795,5,2,30912.460000000003,15456.230000000001,17.0,4.0,0.0,0.5,0,0.4007401002398584,Medium Risk
C114583,299,4,68687.41649999999,17171.854124999998,8.0,5.0,0.0,0.5,1,0.40071338376892174,Medium Risk
C109332,40,4,92745.0165,23186.254125,11.0,5.0,0.0,0.75,0,0.40068402249226814,Medium Risk
C113753,27,3,32398.710000000006,10799.570000000002,12.0,5.0,1.0,1.0,0,0.400672501322777,Medium Risk
C100080,329,4,68199.84550000001,17049.961375,10.0,4.0,0.0,0.5,1,0.40065978951328135,Medium Risk
C108182,146,3,34074.4715,11358.157166666666,13.0,5.0,0.0,1.0,1,0.4006431152054341,Medium Risk
C112224,152,5,61769.5675,12353.9135,8.0,1.0,0.0,0.4,1,0.400627040490873,Medium Risk
C112860,364,4,48284.0405,12071.010125,10.0,3.0,0.0,0.5,1,0.4005975650292153,Medium Risk
C105545,15,5,50487.57549999999,10097.515099999999,12.0,4.0,1.0,0.6,0,0.40039799240226076,Medium Risk
C110596,180,5,63451.972,12690.394400000001,12.0,2.0,0.0,0.4,1,0.4003041642352624,Medium Risk
C106404,76,4,91940.74200000001,22985.1855,6.0,2.0,0.0,0.25,0,0.4002754788792515,Medium Risk
C105580,277,4,129542.39500000002,32385.598750000005,11.0,1.0,1.0,0.75,1,0.4001839416664628,Medium Risk
C107075,86,4,135694.6965,33923.674125000005,8.0,3.0,1.0,0.5,0,0.40014514088140885,Medium Risk
C104728,79,4,53419.528000000006,13354.882000000001,10.0,3.0,0.0,0.5,0,0.4001228375963261,Medium Risk
C109400,366,4,69078.31999999999,17269.58,6.0,3.0,0.0,0.25,1,0.40010907755018676,Medium Risk
C112396,0,5,93714.8585,18742.971700000002,9.0,3.0,2.0,1.0,0,0.39997498845464846,Medium Risk
C113482,2,4,62871.045,15717.76125,9.0,3.0,0.0,0.5,0,0.3999284544224534,Medium Risk
C110476,14,4,58832.984,14708.246,9.0,5.0,1.0,0.25,0,0.39963229122692184,Medium Risk
C105834,200,4,40772.7195,10193.179875,7.0,3.0,0.0,0.5,1,0.3995335627013541,Medium Risk
C108109,85,2,22792.518,11396.259,14.0,4.0,0.0,1.0,0,0.3995032282497653,Medium Risk
C108725,79,4,62882.611000000004,15720.652750000001,11.0,3.0,1.0,0.75,0,0.3994071504781961,Medium Risk
C106671,19,4,35297.3575,8824.339375,10.0,4.0,1.0,0.25,0,0.3993783464729204,Medium Risk
C105547,145,4,72280.205,18070.05125,4.0,1.0,0.0,0.5,1,0.3993473172359814,Medium Risk
C110597,41,4,64257.3165,16064.329125,7.0,3.0,1.0,0.5,0,0.3992910286272782,Medium Risk
C113738,64,4,69944.04800000001,17486.012000000002,11.0,4.0,0.0,1.0,0,0.3992718047387572,Medium Risk
C110780,145,7,122974.797,17567.828142857143,11.0,3.0,4.0,0.14285714285714285,1,0.3992455259853706,Medium Risk
C111958,48,4,122583.537,30645.88425,8.0,3.0,0.0,0.5,0,0.39915088647723623,Medium Risk
C108444,144,4,137326.773,34331.69325,4.0,2.0,0.0,0.5,1,0.3990552935595318,Medium Risk
C109177,43,4,50761.666,12690.4165,9.0,3.0,0.0,0.5,0,0.39900585225530194,Medium Risk
C102762,104,4,105366.45,26341.6125,6.0,1.0,0.0,0.25,1,0.39900377800014225,Medium Risk
C106623,9,4,57332.543000000005,14333.135750000001,8.0,4.0,3.0,0.5,0,0.39896039489269397,Medium Risk
C110171,84,4,72630.518,18157.6295,7.0,3.0,1.0,0.5,0,0.3989600185368632,Medium Risk
C105441,177,4,92877.1975,23219.299375,12.0,0.0,0.0,0.75,1,0.39889623892276177,Medium Risk
C100598,237,4,73659.929,18414.98225,6.0,4.0,1.0,0.5,1,0.39887870540107556,Medium Risk
C112204,20,4,70382.8545,17595.713625,8.0,4.0,0.0,0.5,0,0.39884386115923115,Medium Risk
C106268,208,5,145732.7875,29146.557500000003,6.0,1.0,0.0,1.0,1,0.39884373641414256,Medium Risk
C109553,122,4,59770.1035,14942.525875000001,9.0,1.0,2.0,0.75,1,0.39884296299927646,Medium Risk
C109573,3,5,69744.4405,13948.8881,9.0,5.0,1.0,0.4,0,0.3988296537070066,Medium Risk
C110239,18,4,56542.8555,14135.713875,11.0,3.0,0.0,0.75,0,0.3987541668350882,Medium Risk
C106202,222,5,156949.755,31389.950999999994,7.0,1.0,1.0,1.0,1,0.39857511990731276,Medium Risk
C111741,260,4,66389.0655,16597.266375,7.0,3.0,0.0,0.5,1,0.39856653688110016,Medium Risk
C106152,153,4,94675.542,23668.8855,8.0,2.0,0.0,0.25,1,0.3985195939099658,Medium Risk
C102975,1,4,57874.9445,14468.736125,7.0,5.0,2.0,0.5,0,0.3983314376426838,Medium Risk
C113865,66,4,109131.5255,27282.881374999997,12.0,3.0,1.0,0.5,0,0.3982367265477733,Medium Risk
C105353,0,4,94478.734,23619.6835,11.0,3.0,0.0,0.5,0,0.3981971841712053,Medium Risk
C105229,267,5,96447.9035,19289.5807,3.0,0.0,3.0,0.4,1,0.39815805830191103,Medium Risk
C111848,94,5,140943.6255,28188.7251,7.0,6.0,1.0,0.4,1,0.3981316821688143,Medium Risk
C111114,127,5,73778.798,14755.7596,8.0,0.0,1.0,1.0,1,0.39808404365222955,Medium Risk
C112824,363,4,111773.11400000002,27943.278500000004,5.0,1.0,1.0,0.25,1,0.3980004631880095,Medium Risk
C105540,95,5,129598.094,25919.6188,8.0,4.0,1.0,0.2,1,0.39796919095171474,Medium Risk
C105912,135,4,102016.901,25504.22525,10.0,3.0,0.0,0.75,1,0.39789318471946833,Medium Risk
C107203,122,5,116737.076,23347.4152,9.0,3.0,0.0,0.2,1,0.3978851434582119,Medium Risk
C101174,163,5,115884.458,23176.8916,9.0,3.0,0.0,0.2,1,0.3978851434582119,Medium Risk
C102096,31,4,72463.275,18115.81875,10.0,2.0,0.0,0.75,0,0.39776313891085174,Medium Risk
C112805,3,4,74491.389,18622.84725,9.0,3.0,0.0,0.5,0,0.3976813850304966,Medium Risk
C110151,97,4,62966.144,15741.536,11.0,3.0,0.0,0.75,1,0.3976246248376276,Medium Risk
C110717,44,5,74866.75,14973.35,12.0,3.0,2.0,0.8,0,0.3975415735191467,Medium Risk
C102488,313,4,51049.364,12762.341,8.0,2.0,0.0,0.5,1,0.3975056582876465,Medium Risk
C107970,103,5,47393.66,9478.732,10.0,5.0,1.0,0.6,1,0.397383140918897,Medium Risk
C102357,-1,5,65620.512,13124.1024,11.0,4.0,0.0,0.8,0,0.3973312194612446,Medium Risk
C103318,80,4,61794.231999999996,15448.557999999999,6.0,3.0,0.0,0.5,0,0.39719780616488687,Medium Risk
C109145,102,6,57591.14,9598.523333333333,9.0,1.0,1.0,0.3333333333333333,1,0.397186179052793,Medium Risk
C110376,-1,4,50961.996,12740.499,7.0,1.0,0.0,0.5,0,0.3971753347682001,Medium Risk
C112725,17,4,54517.548500000004,13629.387125000001,8.0,1.0,1.0,0.75,0,0.39701010977830686,Medium Risk
C114710,16,3,61111.916999999994,20370.639,16.0,4.0,0.0,0.6666666666666666,0,0.3968286769358192,Medium Risk
C109239,92,4,54090.886,13522.7215,5.0,2.0,0.0,0.5,1,0.39679420437932483,Medium Risk
C109772,16,4,55245.7,13811.425,8.0,3.0,0.0,0.5,0,0.39678015993370735,Medium Risk
C111668,163,4,55723.363,13930.84075,5.0,1.0,0.0,0.5,1,0.3967377037321085,Medium Risk
C100707,37,3,25253.870000000003,8417.956666666667,13.0,5.0,0.0,0.6666666666666666,0,0.39672561774047077,Medium Risk
C109570,24,4,111398.708,27849.677000000003,8.0,2.0,0.0,0.5,0,0.39671755334633657,Medium Risk
C107594,422,4,54091.896,13522.974,8.0,2.0,1.0,0.75,1,0.396712174779237,Medium Risk
C109065,166,5,93236.68400000001,18647.3368,9.0,1.0,1.0,1.0,1,0.39669992401581006,Medium Risk
C108853,7,3,128365.1165,42788.37216666667,14.0,3.0,1.0,0.3333333333333333,0,0.39666856453644833,Medium Risk
C109476,52,5,41625.154,8325.0308,10.0,3.0,1.0,0.6,0,0.39662023264932494,Medium Risk
C100056,159,7,222132.52899999998,31733.218428571425,6.0,0.0,1.0,0.8571428571428571,1,0.3965398025613285,Medium Risk
C109876,54,4,155917.881,38979.47025,11.0,3.0,0.0,0.5,0,0.3964862984839341,Medium Risk
C100254,43,4,93262.6915,23315.672875,8.0,2.0,0.0,0.5,0,0.396361929724757,Medium Risk
C106859,6,4,101353.2695,25338.317375,9.0,3.0,2.0,0.75,0,0.3963603008308923,Medium Risk
C104680,70,4,51963.853,12990.96325,11.0,3.0,0.0,0.5,0,0.3963580485293565,Medium Risk
C109154,0,4,68060.5135,17015.128375,4.0,0.0,0.0,0.5,0,0.39634083906071227,Medium Risk
C100287,125,4,47003.812,11750.953,9.0,1.0,0.0,0.25,1,0.3963283407245901,Medium Risk
C113858,149,4,52890.33,13222.5825,10.0,3.0,0.0,0.75,1,0.396289851279537,Medium Risk
C112205,607,4,89348.87400000001,22337.2185,13.0,4.0,2.0,0.75,1,0.3961530830143931,Medium Risk
C105286,83,4,100672.312,25168.078,7.0,2.0,1.0,0.5,0,0.3961445654420783,Medium Risk
C106294,36,4,100626.60949999999,25156.652374999998,8.0,2.0,0.0,0.25,0,0.3961320205007495,Medium Risk
C114504,14,5,50392.5015,10078.5003,4.0,2.0,1.0,0.8,0,0.3960887030929635,Medium Risk
C108367,127,5,58400.961500000005,11680.1923,11.0,3.0,0.0,0.6,1,0.3960303856226025,Medium Risk
C103870,109,4,77458.335,19364.58375,8.0,3.0,0.0,0.5,1,0.3960074910584849,Medium Risk
C101178,61,3,47629.4065,15876.468833333332,15.0,4.0,1.0,0.6666666666666666,0,0.3959749952855154,Medium Risk
C112955,25,4,127560.4195,31890.104875,10.0,5.0,1.0,0.75,0,0.3959070834520017,Medium Risk
C100527,32,4,55024.5485,13756.137125,5.0,1.0,0.0,0.5,0,0.3958634849040941,Medium Risk
C102266,22,3,42909.148,14303.049333333334,3.0,1.0,2.0,0.3333333333333333,0,0.3958313818970899,Medium Risk
C105798,138,4,60615.248,15153.812,10.0,4.0,0.0,0.75,1,0.39571333978080303,Medium Risk
C112935,105,6,62972.3495,10495.391583333332,7.0,1.0,0.0,0.6666666666666666,1,0.395692995292826,Medium Risk
C107530,43,3,47253.75,15751.25,2.0,1.0,0.0,0.0,0,0.3956788579969125,Medium Risk
C104494,165,4,51718.9205,12929.730124999998,6.0,0.0,0.0,0.75,1,0.39566811727468804,Medium Risk
C102582,72,4,104636.3475,26159.086875,6.0,1.0,0.0,0.25,0,0.39566406040691,Medium Risk
C105037,18,4,50919.204000000005,12729.801000000001,11.0,6.0,0.0,0.75,0,0.39561718805218987,Medium Risk
C114797,19,3,49332.761,16444.253666666667,7.0,4.0,0.0,1.0,0,0.39560946082339193,Medium Risk
C114293,-1,3,84423.43000000001,28141.143333333337,14.0,4.0,2.0,1.0,0,0.3956083902408529,Medium Risk
C105759,134,4,74984.749,18746.18725,10.0,0.0,0.0,0.75,1,0.39555223388281036,Medium Risk
C100912,66,4,57868.22900000001,14467.057250000002,9.0,2.0,1.0,0.5,0,0.395453770650345,Medium Risk
C107907,180,4,81115.218,20278.8045,12.0,4.0,1.0,0.25,1,0.39544077894536045,Medium Risk
C101411,61,4,41891.8955,10472.973875,12.0,3.0,1.0,0.75,0,0.39521346860367773,Medium Risk
C112984,53,4,93377.412,23344.353,7.0,3.0,1.0,0.5,0,0.39517478166576664,Medium Risk
C100591,175,5,97867.58200000001,19573.5164,16.0,2.0,1.0,0.6,1,0.39510164880397375,Medium Risk
C114164,111,4,70358.626,17589.656499999997,10.0,0.0,0.0,0.75,1,0.3950110202696861,Medium Risk
C102423,3,4,132614.487,33153.621750000006,15.0,2.0,2.0,0.5,0,0.39497510925223145,Medium Risk
C110150,30,4,63339.761,15834.94025,5.0,2.0,1.0,0.5,0,0.3949083254268338,Medium Risk
C106005,26,4,43220.942,10805.2355,9.0,2.0,1.0,0.75,0,0.39482737226131204,Medium Risk
C113361,321,5,62442.102,12488.420399999999,7.0,1.0,0.0,0.4,1,0.3947113100908528,Medium Risk
C106768,176,5,61549.178,12309.8356,7.0,0.0,0.0,0.4,1,0.39455967220127336,Medium Risk
C114885,338,4,45008.016,11252.004,8.0,0.0,1.0,0.5,1,0.3943676384927307,Medium Risk
C108789,2,3,147837.071,49279.02366666667,3.0,0.0,0.0,0.3333333333333333,0,0.3943467266604516,Medium Risk
C102085,397,4,89128.3235,22282.080875,10.0,1.0,0.0,0.25,1,0.39431413058639175,Medium Risk
C103784,15,4,144885.964,36221.491,11.0,5.0,1.0,0.25,0,0.3942836705384628,Medium Risk
C100344,0,5,99039.028,19807.8056,6.0,1.0,3.0,0.2,0,0.39428044268417567,Medium Risk
C107198,23,4,65072.691999999995,16268.172999999999,11.0,3.0,1.0,0.75,0,0.39427875588109706,Medium Risk
C104792,387,4,128103.3545,32025.838625,12.0,3.0,0.0,0.75,1,0.3942734492674927,Medium Risk
C113108,220,4,85857.698,21464.4245,5.0,1.0,0.0,0.75,1,0.394255770070704,Medium Risk
C102767,117,4,35900.871,8975.21775,9.0,1.0,0.0,0.75,1,0.39424637775456295,Medium Risk
C103076,46,4,58552.029,14638.00725,8.0,1.0,2.0,0.5,0,0.39410235427579915,Medium Risk
C112013,54,4,41047.1995,10261.799875,9.0,0.0,1.0,1.0,0,0.3939697477956024,Medium Risk
C109939,158,4,86918.78,21729.695,3.0,0.0,0.0,0.5,1,0.39391230063102045,Medium Risk
C111615,100,4,157244.52,39311.13,6.0,3.0,0.0,0.75,1,0.3937418070506707,Medium Risk
C104562,170,4,63246.6405,15811.660125,9.0,3.0,0.0,0.75,1,0.393738254529231,Medium Risk
C100373,14,4,70191.70300000001,17547.925750000002,9.0,0.0,0.0,0.75,0,0.3934227559055532,Medium Risk
C104852,387,5,50449.888000000006,10089.9776,9.0,4.0,0.0,0.4,1,0.3934175375684227,Medium Risk
C106896,23,4,70280.538,17570.1345,11.0,4.0,0.0,0.5,0,0.3934043487247083,Medium Risk
C107559,13,3,40867.779,13622.593,15.0,0.0,0.0,1.0,0,0.3933533287707514,Medium Risk
C101420,13,5,60856.571500000005,12171.314300000002,10.0,1.0,0.0,0.8,0,0.39333035955598705,Medium Risk
C108504,129,5,63958.1285,12791.6257,7.0,1.0,0.0,0.6,1,0.39329042812282067,Medium Risk
C102826,27,3,47048.3085,15682.7695,13.0,4.0,0.0,1.0,0,0.393221482648095,Medium Risk
C114483,28,4,59822.960999999996,14955.74025,9.0,3.0,0.0,0.75,0,0.39314742607230824,Medium Risk
C103849,145,4,55343.7065,13835.926625,8.0,4.0,0.0,0.5,1,0.3931336435171849,Medium Risk
C113425,224,4,93997.09049999999,23499.272624999998,7.0,2.0,1.0,0.5,1,0.39302029003064093,Medium Risk
C102346,29,4,123077.3405,30769.335125,7.0,2.0,0.0,0.5,0,0.39300478238755054,Medium Risk
C110287,66,4,44269.2435,11067.310875,7.0,3.0,1.0,0.75,0,0.39300156013812765,Medium Risk
C111492,38,4,114628.82400000001,28657.206000000002,8.0,2.0,0.0,0.5,0,0.392828186034641,Medium Risk
C112925,59,4,81414.4475,20353.611875,9.0,2.0,1.0,0.75,0,0.39277565731808406,Medium Risk
C100210,84,4,59259.6605,14814.915125,7.0,3.0,1.0,0.75,0,0.3927617484009175,Medium Risk
C104335,8,3,47792.695999999996,15930.898666666666,7.0,4.0,0.0,1.0,0,0.39268796150798446,Medium Risk
C109942,1,4,90178.275,22544.568750000002,11.0,5.0,0.0,0.5,0,0.3926876939483554,Medium Risk
C113970,453,4,71358.632,17839.658,6.0,1.0,0.0,0.5,1,0.3926557877055579,Medium Risk
C104608,237,4,67134.873,16783.718249999998,15.0,5.0,0.0,0.25,1,0.39264331060635027,Medium Risk
C106735,80,4,94894.45,23723.6125,7.0,3.0,1.0,0.75,0,0.3926056700116192,Medium Risk
C110030,40,4,52075.192,13018.798,9.0,2.0,1.0,0.75,0,0.39257057691333136,Medium Risk
C105429,341,5,111951.04800000001,22390.209600000002,3.0,2.0,0.0,0.4,1,0.3925249795108269,Medium Risk
C106112,141,4,97495.685,24373.92125,13.0,6.0,0.0,0.5,1,0.39251435510685995,Medium Risk
C102179,5,5,59387.877499999995,11877.575499999999,6.0,1.0,1.0,0.8,0,0.3924836066711386,Medium Risk
C106106,14,4,91762.06049999999,22940.515124999998,8.0,1.0,1.0,0.75,0,0.3924717322628712,Medium Risk
C102845,566,4,90621.33,22655.3325,6.0,2.0,0.0,1.0,1,0.3924144348662042,Medium Risk
C102379,655,4,98650.181,24662.545250000003,9.0,2.0,0.0,0.25,1,0.3924136156770664,Medium Risk
C104131,1,3,26971.5975,8990.5325,14.0,2.0,0.0,1.0,0,0.39233905587623985,Medium Risk
C106041,63,4,147085.078,36771.2695,4.0,2.0,1.0,0.25,0,0.39233492602155257,Medium Risk
C107767,14,4,76792.55300000001,19198.138250000004,7.0,2.0,0.0,0.75,0,0.39222886770751886,Medium Risk
C109300,59,4,74869.75,18717.4375,8.0,4.0,0.0,0.25,0,0.39222331818961065,Medium Risk
C112435,66,5,70688.482,14137.6964,5.0,1.0,1.0,0.8,0,0.3921731910511009,Medium Risk
C105049,64,4,114103.3605,28525.840125,9.0,3.0,0.0,0.5,0,0.39204455797118276,Medium Risk
C102699,2,3,56026.85,18675.616666666665,3.0,1.0,2.0,0.0,0,0.39194094188661993,Medium Risk
C112905,28,4,101687.66249999999,25421.915624999998,11.0,5.0,0.0,0.25,0,0.391933019770764,Medium Risk
C111121,3,4,49619.495,12404.87375,12.0,6.0,1.0,0.75,0,0.39191741885579284,Medium Risk
C108522,41,4,128351.098,32087.7745,7.0,3.0,2.0,0.25,0,0.3918923961194311,Medium Risk
C111737,2,4,86716.979,21679.244749999998,12.0,3.0,0.0,0.5,0,0.39185423477899634,Medium Risk
C110793,57,4,84939.494,21234.8735,9.0,4.0,2.0,0.25,0,0.3917773226368646,Medium Risk
C105000,60,4,64273.4165,16068.354125,9.0,4.0,0.0,1.0,0,0.3916884220086875,Medium Risk
C105602,8,4,64556.403999999995,16139.100999999999,8.0,1.0,0.0,0.25,0,0.39154065601868365,Medium Risk
C102775,3,5,74706.7365,14941.3473,6.0,2.0,1.0,1.0,0,0.3915350698868095,Medium Risk
C114538,5,4,76720.872,19180.218,11.0,3.0,1.0,0.25,0,0.39146022104891204,Medium Risk
C113453,119,4,61387.621,15346.90525,9.0,2.0,0.0,0.75,1,0.3914455893131263,Medium Risk
C107867,65,4,83300.01,20825.0025,7.0,3.0,0.0,0.0,0,0.39127266071400313,Medium Risk
C105729,401,4,99916.5205,24979.130125,12.0,2.0,0.0,0.5,1,0.39126836102736107,Medium Risk
C102891,87,5,53719.948000000004,10743.9896,5.0,1.0,0.0,0.6,0,0.39119005975589105,Medium Risk
C103715,180,4,120990.11,30247.5275,6.0,1.0,0.0,0.25,1,0.39108530811233605,Medium Risk
C102489,370,4,46895.7895,11723.947375,5.0,0.0,0.0,0.75,1,0.3910241931348503,Medium Risk
C101906,212,6,156560.4375,26093.40625,9.0,2.0,2.0,0.6666666666666666,1,0.39096621665308556,Medium Risk
C109010,53,4,107322.5685,26830.642125,10.0,3.0,1.0,0.75,0,0.3908443272598792,Medium Risk
C110900,132,4,63445.488,15861.372,6.0,1.0,1.0,0.5,1,0.39080179502302753,Medium Risk
C106398,105,4,73570.4705,18392.617625,10.0,4.0,0.0,0.5,1,0.3907905089048151,Medium Risk
C111644,55,5,35670.077,7134.015399999999,6.0,1.0,1.0,0.4,0,0.3907564118088558,Medium Risk
C111037,98,6,91126.5785,15187.763083333333,8.0,5.0,0.0,1.0,1,0.3907479472087264,Medium Risk
C108441,44,4,49702.4255,12425.606375,7.0,1.0,0.0,0.5,0,0.39072816086105105,Medium Risk
C109029,25,3,45090.386000000006,15030.12866666667,15.0,8.0,0.0,1.0,0,0.3907156768337309,Medium Risk
C112892,18,4,60197.17049999999,15049.292624999998,7.0,2.0,0.0,0.5,0,0.390704446011452,Medium Risk
C113455,307,4,112622.8485,28155.712125,2.0,1.0,0.0,0.75,1,0.39057945475514844,Medium Risk
C111516,39,4,69647.0275,17411.756875,9.0,1.0,0.0,0.5,0,0.3905055340198823,Medium Risk
C107165,2,4,66068.563,16517.14075,9.0,3.0,0.0,0.75,0,0.3904817188236987,Medium Risk
C108462,97,4,145824.4785,36456.119625,5.0,2.0,1.0,0.75,1,0.39043217075873143,Medium Risk
C113137,18,3,41011.985499999995,13670.661833333334,16.0,5.0,0.0,0.3333333333333333,0,0.39042585570407895,Medium Risk
C114785,21,4,79777.797,19944.44925,7.0,2.0,0.0,0.75,0,0.39025695258885024,Medium Risk
C113616,197,4,105862.569,26465.64225,4.0,1.0,0.0,0.25,1,0.39018331021474767,Medium Risk
C100401,236,4,78651.1455,19662.786375,5.0,1.0,2.0,0.75,1,0.39008750407318926,Medium Risk
C106330,3,4,58999.064,14749.766,11.0,3.0,0.0,0.5,0,0.39008471828259306,Medium Risk
C105059,6,5,53756.845,10751.369,8.0,2.0,0.0,0.6,0,0.390041649791846,Medium Risk
C106764,15,4,49680.33700000001,12420.084250000002,9.0,1.0,0.0,0.5,0,0.39002274022315886,Medium Risk
C107305,5,4,129251.79299999999,32312.94825,10.0,3.0,0.0,0.75,0,0.3900138717791088,Medium Risk
C104014,11,4,96738.256,24184.564,10.0,3.0,0.0,0.5,0,0.38993294092712444,Medium Risk
C100996,16,5,66821.9515,13364.3903,7.0,0.0,0.0,0.8,0,0.38991073072220944,Medium Risk
C111002,131,4,30865.625,7716.40625,7.0,3.0,0.0,0.25,1,0.38988977692471954,Medium Risk
C100036,108,6,143635.335,23939.2225,7.0,4.0,2.0,0.8333333333333334,1,0.3898657730831532,Medium Risk
C114784,58,4,62924.818999999996,15731.204749999999,4.0,1.0,0.0,0.5,0,0.38980806201903656,Medium Risk
C105187,131,5,77760.845,15552.169,7.0,3.0,1.0,0.4,1,0.38975908548087285,Medium Risk
C114853,24,4,107482.42,26870.605000000003,3.0,1.0,0.0,0.0,0,0.3897170529058374,Medium Risk
C105635,1,4,97132.11200000001,24283.028000000002,8.0,3.0,0.0,0.5,0,0.38971608144757597,Medium Risk
C103587,331,4,55697.965,13924.49125,8.0,1.0,0.0,0.5,1,0.38970327716417313,Medium Risk
C102790,26,4,37832.898,9458.2245,8.0,3.0,0.0,0.5,0,0.3896129814755124,Medium Risk
C112600,7,4,52362.871499999994,13090.717874999998,9.0,3.0,0.0,0.75,0,0.3895794008635234,Medium Risk
C102668,65,4,125324.2915,31331.072875,3.0,0.0,0.0,0.5,0,0.38953522225261145,Medium Risk
C109265,19,4,146081.365,36520.34125,7.0,2.0,1.0,0.75,0,0.3895133325016794,Medium Risk
C107882,25,4,132454.4055,33113.601375,10.0,3.0,1.0,0.75,0,0.38943387310056354,Medium Risk
C100049,100,4,107620.03349999999,26905.008374999998,10.0,5.0,0.0,0.75,1,0.3894096847179046,Medium Risk
C105097,17,4,81886.75,20471.6875,12.0,6.0,1.0,0.5,0,0.38940866211459324,Medium Risk
C101445,0,4,55866.87300000001,13966.718250000002,7.0,2.0,0.0,0.5,0,0.3892323714459445,Medium Risk
C114657,93,4,56405.549,14101.38725,7.0,2.0,0.0,0.75,1,0.3891936398859474,Medium Risk
C110426,235,4,77407.7435,19351.935875,9.0,2.0,0.0,0.5,1,0.3890270218501288,Medium Risk
C102103,245,5,53569.954,10713.9908,13.0,3.0,0.0,0.6,1,0.3889975635476271,Medium Risk
C112536,22,4,64497.154,16124.288499999999,8.0,4.0,0.0,0.5,0,0.38898359937849164,Medium Risk
C114408,42,5,56166.704000000005,11233.3408,8.0,4.0,0.0,0.4,0,0.3889281723243389,Medium Risk
C100460,263,6,144854.13150000002,24142.355250000004,7.0,2.0,2.0,1.0,1,0.3888583170962804,Medium Risk
C103363,308,4,59793.58500000001,14948.396250000002,9.0,2.0,0.0,0.5,1,0.38880637727186396,Medium Risk
C113426,390,5,75871.029,15174.2058,10.0,4.0,2.0,0.4,1,0.38879584232401454,Medium Risk
C113838,0,3,28658.929000000004,9552.976333333334,1.0,1.0,0.0,0.3333333333333333,0,0.3887091014436643,Medium Risk
C104295,-1,4,71351.353,17837.83825,5.0,1.0,0.0,0.5,0,0.38861402841213205,Medium Risk
C103125,317,4,74614.564,18653.641,9.0,2.0,0.0,0.25,1,0.3886079161700911,Medium Risk
C112151,89,4,54808.1985,13702.049625,8.0,1.0,2.0,0.75,0,0.38860691772831196,Medium Risk
C111034,72,5,64889.4265,12977.8853,6.0,2.0,1.0,0.8,0,0.3885913234796987,Medium Risk
C104134,26,4,80531.9045,20132.976125,9.0,4.0,1.0,0.5,0,0.38858386000087025,Medium Risk
C114936,146,4,67389.6535,16847.413375,11.0,0.0,0.0,0.5,1,0.3885657320358428,Medium Risk
C101812,17,4,103488.52649999999,25872.131624999998,10.0,2.0,0.0,0.25,0,0.38856391103325627,Medium Risk
C106011,28,4,73899.186,18474.7965,10.0,4.0,0.0,0.25,0,0.3885410116287379,Medium Risk
C101839,143,5,69748.23199999999,13949.646400000001,11.0,4.0,0.0,0.6,1,0.38852778050331627,Medium Risk
C106133,198,4,76882.592,19220.648,9.0,2.0,0.0,0.5,1,0.38842681581511274,Medium Risk
C114021,106,4,109414.186,27353.5465,11.0,3.0,0.0,0.75,1,0.3883539585350495,Medium Risk
C103249,13,4,41265.4115,10316.352875,10.0,0.0,1.0,0.5,0,0.3883239255625639,Medium Risk
C101510,36,4,57835.276,14458.819,6.0,2.0,1.0,0.5,0,0.3882219959723756,Medium Risk
C110179,302,4,114015.508,28503.877,5.0,1.0,0.0,0.25,1,0.38811484322151374,Medium Risk
C104516,249,4,67424.90000000001,16856.225,5.0,1.0,0.0,0.75,1,0.38811375171542856,Medium Risk
C113400,44,4,56512.8635,14128.215875000002,6.0,1.0,3.0,0.5,0,0.38807607763705354,Medium Risk
C101418,60,3,43637.6135,14545.871166666666,8.0,4.0,0.0,1.0,0,0.38798938414718726,Medium Risk
C100960,87,4,71882.62599999999,17970.656499999997,7.0,0.0,0.0,0.5,0,0.38794322434596734,Medium Risk
C113049,138,5,117451.394,23490.2788,11.0,3.0,2.0,0.4,1,0.38782636253568387,Medium Risk
C103996,73,4,46005.806,11501.4515,5.0,0.0,1.0,0.25,0,0.38778127038327,Medium Risk
C111375,147,4,65773.832,16443.458000000002,8.0,2.0,0.0,0.5,1,0.3876579147437164,Medium Risk
C106742,4,4,115920.01800000001,28980.004499999995,7.0,0.0,0.0,0.5,0,0.3876036535240754,Medium Risk
C111136,27,4,67201.8435,16800.460875,6.0,2.0,0.0,0.75,0,0.3876021951489937,Medium Risk
C114025,176,9,71191.308,7910.145333333334,11.0,3.0,0.0,0.6666666666666666,1,0.387600011734692,Medium Risk
C108481,14,4,41163.7725,10290.943125,8.0,2.0,0.0,0.5,0,0.3875665481235827,Medium Risk
C111754,386,6,74138.781,12356.4635,11.0,3.0,2.0,0.5,1,0.3875097002354269,Medium Risk
C110475,180,4,75919.6745,18979.918625,3.0,1.0,0.0,0.5,1,0.3874874820630808,Medium Risk
C103598,53,4,64937.117,16234.27925,8.0,4.0,1.0,0.75,0,0.3874645529512938,Medium Risk
C110488,25,5,61400.159999999996,12280.032,7.0,1.0,0.0,0.6,0,0.3874179472025419,Medium Risk
C100914,19,3,58619.632000000005,19539.877333333334,15.0,4.0,0.0,1.0,0,0.38733923963374467,Medium Risk
C110720,14,4,54854.63,13713.657500000001,7.0,0.0,0.0,0.25,0,0.3873132528242655,Medium Risk
C111003,379,4,93340.55399999999,23335.138499999997,8.0,1.0,0.0,0.25,1,0.38727199232447856,Medium Risk
C107113,10,4,97978.717,24494.67925,8.0,2.0,0.0,0.25,0,0.3872571606639007,Medium Risk
C109891,666,4,32114.914000000004,8028.728500000001,7.0,2.0,0.0,0.75,1,0.3871692764700233,Medium Risk
C102205,0,4,48281.336500000005,12070.334125000001,6.0,2.0,0.0,0.5,0,0.38716473898720233,Medium Risk
C100341,92,4,92048.821,23012.20525,10.0,1.0,1.0,0.5,1,0.3868930722225585,Medium Risk
C104944,31,4,60862.8545,15215.713625,10.0,1.0,0.0,0.5,0,0.3868145153123673,Medium Risk
C109081,44,4,153414.4,38353.600000000006,12.0,1.0,0.0,0.5,0,0.38675354177236926,Medium Risk
C111446,40,5,66720.7525,13344.1505,6.0,0.0,1.0,0.6,0,0.38652950013544385,Medium Risk
C111067,10,4,74429.242,18607.3105,8.0,2.0,0.0,0.25,0,0.3865133564668238,Medium Risk
C114495,4,4,51053.519,12763.37975,8.0,1.0,0.0,0.75,0,0.3865079993124969,Medium Risk
C109894,76,4,77975.887,19493.971750000004,10.0,4.0,0.0,0.75,0,0.38643707374367453,Medium Risk
C108633,546,4,58544.3275,14636.081875,10.0,2.0,0.0,0.5,1,0.38609178017723705,Medium Risk
C113460,119,5,80335.341,16067.0682,11.0,2.0,2.0,0.6,1,0.38606955033372814,Medium Risk
C100031,29,5,49808.401,9961.680199999999,8.0,3.0,0.0,0.8,0,0.38605860393276226,Medium Risk
C110000,209,5,46832.042,9366.4084,5.0,2.0,0.0,0.6,1,0.38600401942957185,Medium Risk
C109414,30,4,56893.232,14223.308,4.0,1.0,0.0,0.75,0,0.3859598784112024,Medium Risk
C106239,0,4,92218.028,23054.507,6.0,3.0,1.0,0.75,0,0.38590954047958426,Medium Risk
C108921,62,4,60311.718499999995,15077.929624999999,6.0,2.0,0.0,0.75,0,0.3858535804249953,Medium Risk
C107403,14,4,67482.2545,16870.563625,12.0,5.0,0.0,0.25,0,0.3858044740847583,Medium Risk
C112774,68,4,113260.98,28315.245,8.0,1.0,0.0,0.25,0,0.3857827185420064,Medium Risk
C100992,67,4,45211.235,11302.80875,4.0,2.0,1.0,0.75,0,0.3857089416899656,Medium Risk
C114589,19,4,48217.1725,12054.293125,7.0,4.0,0.0,0.25,0,0.3856850275262,Medium Risk
C110714,2,4,41957.95,10489.4875,6.0,1.0,0.0,0.5,0,0.38561531737804955,Medium Risk
C105355,123,4,67893.8,16973.45,10.0,1.0,1.0,0.0,1,0.38555499767534307,Medium Risk
C103215,17,4,126402.1895,31600.547375000002,9.0,4.0,3.0,0.75,0,0.38547801045567637,Medium Risk
C113454,109,6,104823.849,17470.6415,13.0,2.0,0.0,1.0,1,0.3854679666958787,Medium Risk
C110966,2,4,81748.5055,20437.126375,7.0,4.0,1.0,0.75,0,0.38543192475081534,Medium Risk
C108011,33,4,43861.801999999996,10965.4505,11.0,7.0,0.0,0.5,0,0.38540009435510103,Medium Risk
C114546,42,3,85464.6075,28488.202500000003,7.0,3.0,3.0,1.0,0,0.38539689715339553,Medium Risk
C112735,101,5,78340.38,15668.076000000001,6.0,2.0,2.0,0.6,1,0.3853487219723539,Medium Risk
C113255,76,4,55057.636000000006,13764.409000000001,10.0,2.0,0.0,0.75,0,0.3852272980519396,Medium Risk
C109603,6,4,114622.914,28655.7285,10.0,1.0,1.0,0.25,0,0.38518334911772095,Medium Risk
C113836,3,5,73928.5775,14785.7155,8.0,3.0,1.0,0.8,0,0.38505641654200273,Medium Risk
C108106,23,4,106970.91200000001,26742.728000000003,8.0,2.0,0.0,0.75,0,0.38504030684894724,Medium Risk
C106056,46,4,66757.8115,16689.452875,10.0,1.0,1.0,0.75,0,0.3850247394885109,Medium Risk
C113719,156,4,92929.001,23232.25025,6.0,1.0,0.0,0.75,1,0.3849324686614238,Medium Risk
C100419,31,5,55587.608,11117.521600000002,11.0,3.0,0.0,0.4,0,0.38490841835378253,Medium Risk
C106378,18,4,133181.8135,33295.453375,9.0,1.0,0.0,0.5,0,0.3849034138634318,Medium Risk
C108022,1,4,116365.56749999999,29091.391875,8.0,3.0,0.0,0.75,0,0.3848090729080977,Medium Risk
C101974,57,4,100546.332,25136.583,7.0,3.0,0.0,0.25,0,0.38480425854096245,Medium Risk
C114905,36,4,60047.258,15011.8145,5.0,2.0,0.0,0.75,0,0.38479050726902864,Medium Risk
C105523,20,4,69983.5225,17495.880625,8.0,0.0,0.0,0.5,0,0.3847113489963323,Medium Risk
C112258,57,4,70949.9815,17737.495375,10.0,5.0,0.0,0.5,0,0.3845498742177352,Medium Risk
C102889,49,4,79536.17,19884.0425,14.0,5.0,2.0,0.25,0,0.38436344093177266,Medium Risk
C104732,60,4,68598.439,17149.60975,13.0,5.0,1.0,0.25,0,0.3842780589661964,Medium Risk
C107829,344,5,98793.0805,19758.616100000003,8.0,4.0,1.0,0.8,1,0.3842339322440986,Medium Risk
C113809,35,5,47235.466,9447.0932,5.0,1.0,0.0,0.6,0,0.3842226525852413,Medium Risk
C105299,55,4,58753.453,14688.363249999999,10.0,2.0,0.0,0.75,0,0.3841416180912377,Medium Risk
C113403,49,4,33462.411,8365.60275,5.0,1.0,0.0,0.5,0,0.3841383170787841,Medium Risk
C100417,88,4,48339.952,12084.988,8.0,2.0,0.0,0.75,0,0.3841299294310566,Medium Risk
C113458,32,4,96743.6945,24185.923625,12.0,7.0,0.0,0.5,0,0.38412094550206666,Medium Risk
C111809,22,3,55730.012,18576.67066666667,19.0,9.0,2.0,1.0,0,0.3840966720427651,Medium Risk
C112799,29,3,18700.1985,6233.3994999999995,14.0,5.0,1.0,0.3333333333333333,0,0.3840963876919487,Medium Risk
C109737,67,4,143208.5525,35802.138125,6.0,3.0,1.0,0.5,0,0.3840524613429913,Medium Risk
C103013,146,4,99929.7435,24982.435875,10.0,1.0,0.0,0.75,1,0.3840339682536063,Medium Risk
C102263,88,4,64194.1875,16048.546875,5.0,2.0,1.0,0.5,0,0.38395744601937837,Medium Risk
C108766,61,4,94496.208,23624.051999999996,8.0,1.0,1.0,0.75,0,0.3839535638762669,Medium Risk
C105743,27,4,61297.516,15324.379,12.0,3.0,0.0,0.5,0,0.3839264424469061,Medium Risk
C104274,21,4,96918.73800000001,24229.684500000003,8.0,2.0,0.0,0.5,0,0.38385250302930124,Medium Risk
C105044,43,4,30675.1425,7668.785625,4.0,2.0,0.0,0.5,0,0.3838108300411938,Medium Risk
C102802,15,5,67128.479,13425.695799999998,7.0,1.0,0.0,0.4,0,0.3837671087834842,Medium Risk
C100833,54,4,73815.5695,18453.892375,11.0,4.0,0.0,0.25,0,0.3837665079267989,Medium Risk
C112230,98,5,75688.1805,15137.6361,8.0,2.0,1.0,0.6,1,0.38375261108279146,Medium Risk
C112817,202,4,121202.45499999999,30300.613749999997,10.0,4.0,1.0,0.75,1,0.3837226408282828,Medium Risk
C103723,2,4,65364.357,16341.08925,7.0,1.0,0.0,0.25,0,0.3836678992635013,Medium Risk
C102658,322,4,102544.4255,25636.106375000003,10.0,2.0,0.0,0.25,1,0.3836375431994651,Medium Risk
C103461,45,4,74396.376,18599.093999999997,4.0,3.0,0.0,0.75,0,0.3836330791330973,Medium Risk
C101245,11,4,60342.192,15085.548,9.0,1.0,0.0,0.75,0,0.38354886095573276,Medium Risk
C114044,48,4,102241.824,25560.456,11.0,6.0,0.0,0.75,0,0.3833747780987407,Medium Risk
C102100,59,5,117992.219,23598.4438,11.0,7.0,1.0,0.4,0,0.38329697855408185,Medium Risk
C109204,52,4,44145.996,11036.499,5.0,2.0,0.0,0.75,0,0.3832034096703056,Medium Risk
C106614,33,4,120249.387,30062.34675,4.0,0.0,0.0,0.25,0,0.38297512048105153,Medium Risk
C113402,21,5,96779.6045,19355.920899999997,17.0,6.0,2.0,0.6,0,0.3829543821458195,Medium Risk
C111297,23,4,63746.0205,15936.505125,7.0,3.0,0.0,0.75,0,0.3829118772641702,Medium Risk
C107545,317,5,140135.229,28027.0458,3.0,0.0,1.0,0.2,1,0.3828950553812354,Medium Risk
C113680,35,4,57525.3395,14381.334875,10.0,0.0,0.0,0.5,0,0.3828835601265972,Medium Risk
C105093,117,4,103138.1845,25784.546125,8.0,3.0,0.0,0.75,1,0.38282904225301956,Medium Risk
C102227,232,5,77693.844,15538.768800000002,7.0,2.0,1.0,0.4,1,0.3828012238731612,Medium Risk
C100146,5,5,52282.342,10456.468400000002,5.0,1.0,0.0,0.4,0,0.38277142461484814,Medium Risk
C101766,30,4,72213.569,18053.39225,4.0,0.0,1.0,0.75,0,0.3826864661750112,Medium Risk
C111053,11,4,58309.303,14577.32575,5.0,2.0,0.0,0.5,0,0.3826271862146974,Medium Risk
C108946,81,4,103061.824,25765.456000000002,10.0,5.0,0.0,0.5,0,0.3826160774036479,Medium Risk
C110403,21,4,69323.8745,17330.968624999998,6.0,0.0,0.0,0.5,0,0.38261381344150713,Medium Risk
C101535,17,5,116165.79800000001,23233.159600000003,10.0,3.0,2.0,0.4,0,0.3825049337670694,Medium Risk
C112072,52,4,99315.576,24828.894,6.0,3.0,2.0,0.25,0,0.382362393665026,Medium Risk
C111090,73,5,69718.4445,13943.6889,6.0,0.0,1.0,0.6,0,0.3822893370820152,Medium Risk
C106879,167,5,82977.523,16595.5046,12.0,1.0,0.0,0.8,1,0.38224199298143907,Medium Risk
C107963,384,4,47946.57950000001,11986.644875000002,8.0,1.0,0.0,0.75,1,0.38216614966017487,Medium Risk
C110461,46,4,121119.42000000001,30279.855000000003,7.0,0.0,0.0,0.25,0,0.3821294733861484,Medium Risk
C105870,495,4,110456.3985,27614.099625,12.0,3.0,0.0,0.75,1,0.3820506083469482,Medium Risk
C108673,2,4,63063.281,15765.82025,6.0,3.0,1.0,0.75,0,0.38199839514245576,Medium Risk
C103420,186,4,63123.3095,15780.827374999999,9.0,2.0,0.0,0.75,1,0.3819616746485275,Medium Risk
C101827,73,5,70414.9785,14082.9957,4.0,1.0,0.0,0.8,0,0.3819477406598228,Medium Risk
C104298,2,4,63523.94,15880.985,6.0,3.0,0.0,0.5,0,0.3819336549357778,Medium Risk
C104308,11,4,66293.82149999999,16573.455375,7.0,2.0,0.0,0.75,0,0.3818643161070169,Medium Risk
C114362,108,5,50077.35,10015.47,8.0,1.0,0.0,0.4,1,0.38179752127897465,Medium Risk
C111132,15,3,25478.764,8492.921333333334,3.0,1.0,1.0,0.3333333333333333,0,0.3817444030293439,Medium Risk
C101646,106,5,88138.288,17627.6576,8.0,2.0,0.0,0.8,1,0.38172995639707447,Medium Risk
C101782,69,4,42279.134999999995,10569.783749999999,7.0,1.0,0.0,0.5,0,0.3817104884287362,Medium Risk
C108158,87,4,54482.8045,13620.701125,8.0,2.0,0.0,0.75,0,0.3817051326259944,Medium Risk
C107745,16,4,104429.38,26107.345,10.0,1.0,0.0,0.25,0,0.3816730011494013,Medium Risk
C107600,48,4,75858.488,18964.622000000003,7.0,2.0,0.0,0.5,0,0.3816545804847168,Medium Risk
C101720,172,4,72324.725,18081.18125,4.0,0.0,1.0,0.5,1,0.38149751130531895,Medium Risk
C106540,106,4,73285.72200000001,18321.4305,11.0,4.0,0.0,0.5,1,0.3814433406357767,Medium Risk
C112474,75,4,54853.837999999996,13713.459499999999,7.0,2.0,0.0,0.75,0,0.38144228658919105,Medium Risk
C103686,103,5,71854.3695,14370.8739,10.0,2.0,0.0,0.4,1,0.38143946204026546,Medium Risk
C100251,27,4,55027.393,13756.84825,17.0,3.0,0.0,0.75,0,0.38140325245247164,Medium Risk
C106718,8,4,93853.68100000001,23463.420250000003,12.0,3.0,0.0,0.25,0,0.3812967950097854,Medium Risk
C113177,20,5,118233.54699999999,23646.7094,9.0,3.0,0.0,0.2,0,0.38114028284958645,Medium Risk
C114361,-1,4,44165.202999999994,11041.30075,5.0,1.0,0.0,0.75,0,0.38109791511766844,Medium Risk
C100227,17,4,63687.233,15921.80825,9.0,1.0,0.0,0.5,0,0.3810338046454881,Medium Risk
C114559,89,4,119829.643,29957.410750000003,9.0,0.0,1.0,0.25,0,0.38096777515983277,Medium Risk
C106458,12,4,15224.677,3806.16925,8.0,3.0,0.0,0.25,0,0.3809368883016732,Medium Risk
C114126,55,4,25125.493,6281.37325,12.0,3.0,1.0,0.5,0,0.3809333574604301,Medium Risk
C102824,-1,4,78248.038,19562.0095,10.0,3.0,0.0,0.25,0,0.38093160355985334,Medium Risk
C111197,219,4,53978.975,13494.743750000001,12.0,1.0,0.0,0.75,1,0.3808825564220846,Medium Risk
C103193,111,4,102489.326,25622.3315,6.0,0.0,0.0,0.25,1,0.3808511489460466,Medium Risk
C110831,103,5,71320.9165,14264.1833,7.0,0.0,0.0,0.6,1,0.38071229531708184,Medium Risk
C114032,0,4,132561.58500000002,33140.396250000005,11.0,1.0,0.0,0.75,0,0.3806866634775993,Medium Risk
C109100,364,6,85608.09049999999,14268.015083333332,14.0,5.0,0.0,0.8333333333333334,1,0.3806289070574135,Medium Risk
C113990,50,6,81643.779,13607.296499999999,3.0,0.0,0.0,0.8333333333333334,0,0.38059622948016475,Medium Risk
C105754,189,4,64621.5285,16155.382125,13.0,4.0,0.0,0.75,1,0.3804768413930841,Medium Risk
C102701,235,4,59235.5935,14808.898375,9.0,1.0,0.0,0.5,1,0.380470732446595,Medium Risk
C107359,24,4,48662.281500000005,12165.570375,9.0,1.0,0.0,0.75,0,0.38044781602356054,Medium Risk
C105652,66,5,109164.048,21832.8096,11.0,8.0,2.0,0.2,0,0.3803271802673504,Medium Risk
C110141,447,5,85831.7895,17166.3579,10.0,4.0,1.0,0.6,1,0.38024665912177397,Medium Risk
C100869,24,4,75991.7065,18997.926625,7.0,5.0,1.0,0.75,0,0.380183677374689,Medium Risk
C108261,73,4,53095.538499999995,13273.884624999999,5.0,3.0,0.0,0.75,0,0.3801271162880952,Medium Risk
C114987,20,4,64235.556,16058.889,11.0,2.0,0.0,0.5,0,0.38007236683778545,Medium Risk
C106277,2,4,48554.542,12138.6355,11.0,4.0,0.0,0.75,0,0.38001806731520593,Medium Risk
C111349,12,4,36229.272000000004,9057.318000000001,9.0,2.0,0.0,0.5,0,0.3799804120803203,Medium Risk
C114456,67,4,124021.1685,31005.292125,9.0,0.0,1.0,0.5,0,0.37987433671591075,Medium Risk
C107634,105,4,104216.754,26054.1885,6.0,2.0,0.0,0.5,1,0.379817352748433,Medium Risk
C108335,76,4,103789.439,25947.35975,7.0,2.0,0.0,0.5,0,0.37977011989428633,Medium Risk
C114402,242,6,100602.4565,16767.076083333333,10.0,2.0,3.0,0.8333333333333334,1,0.3797604219225387,Medium Risk
C113577,135,4,75473.1675,18868.291875,4.0,1.0,0.0,0.75,1,0.37974276326218204,Medium Risk
C109919,160,5,117780.799,23556.1598,8.0,4.0,0.0,0.6,1,0.3796077324072676,Medium Risk
C100753,38,4,64571.914000000004,16142.978500000001,7.0,1.0,0.0,0.5,0,0.37956802805503687,Medium Risk
C109635,557,4,91382.2645,22845.566125,8.0,1.0,0.0,0.5,1,0.3794326406609514,Medium Risk
C109147,241,4,57706.1095,14426.527375000001,12.0,5.0,0.0,0.25,1,0.37939370524342464,Medium Risk
C101046,52,4,58718.9515,14679.737875,6.0,2.0,0.0,0.5,0,0.3792706532179026,Medium Risk
C105803,23,2,13928.149000000001,6964.074500000001,13.0,7.0,1.0,1.0,0,0.37925840186286774,Medium Risk
C102741,35,4,52742.236000000004,13185.559000000001,6.0,1.0,0.0,0.75,0,0.37923474480759006,Medium Risk
C101167,74,5,69047.8855,13809.5771,15.0,6.0,0.0,0.8,0,0.379090124848464,Medium Risk
C108515,46,4,66604.974,16651.243499999997,4.0,1.0,1.0,0.75,0,0.3789628181701432,Medium Risk
C112496,116,4,64601.3095,16150.327375,7.0,1.0,0.0,0.75,1,0.37892303070943767,Medium Risk
C103978,117,5,78408.766,15681.753200000001,9.0,1.0,1.0,0.6,1,0.3789108900571446,Medium Risk
C107033,2,4,51755.358,12938.8395,6.0,2.0,0.0,0.75,0,0.3788783545913419,Medium Risk
C111861,12,4,72746.0435,18186.510875,11.0,3.0,0.0,0.5,0,0.37881069311199345,Medium Risk
C114122,147,4,89811.223,22452.80575,7.0,3.0,0.0,0.75,1,0.3787786750331818,Medium Risk
C108731,130,5,111762.4205,22352.484099999998,4.0,0.0,1.0,0.2,1,0.37870753222466275,Medium Risk
C100273,80,4,154825.125,38706.28125,5.0,3.0,0.0,0.5,0,0.37869470298212105,Medium Risk
C100646,165,5,50010.5305,10002.1061,9.0,3.0,0.0,0.6,1,0.37847241971589407,Medium Risk
C103980,104,5,90025.31300000001,18005.0626,9.0,1.0,2.0,0.8,1,0.3783296688292698,Medium Risk
C108706,43,4,94143.64199999999,23535.910499999998,11.0,3.0,2.0,0.25,0,0.37827642792887295,Medium Risk
C109214,104,4,95271.227,23817.80675,9.0,0.0,0.0,0.25,1,0.37810092928598704,Medium Risk
C104248,85,4,35053.317,8763.329249999999,5.0,1.0,0.0,0.75,0,0.3779888190833974,Medium Risk
C105012,90,4,138929.6,34732.4,6.0,0.0,0.0,0.0,0,0.37789123247803574,Medium Risk
C106100,33,4,63948.866,15987.2165,6.0,0.0,0.0,0.25,0,0.3778519201375427,Medium Risk
C102517,24,4,57647.716499999995,14411.929124999999,7.0,1.0,0.0,0.5,0,0.37783111612631287,Medium Risk
C105614,232,5,143308.08000000002,28661.616,9.0,5.0,0.0,0.2,1,0.37777418265316093,Medium Risk
C102657,234,4,90815.31450000001,22703.828625,8.0,1.0,0.0,0.75,1,0.37757061150660465,Medium Risk
C103958,133,4,75307.58350000001,18826.895875000002,11.0,1.0,0.0,0.5,1,0.3775569015322834,Medium Risk
C109287,197,6,144341.5995,24056.933250000002,8.0,2.0,1.0,0.8333333333333334,1,0.37755185382257184,Medium Risk
C106845,7,4,49507.618,12376.9045,8.0,5.0,0.0,1.0,0,0.3772554755562154,Medium Risk
C114815,58,4,38462.6795,9615.669875,9.0,2.0,0.0,0.5,0,0.37718680031301666,Medium Risk
C105412,49,4,77658.56,19414.64,10.0,1.0,1.0,0.5,0,0.37718610785392825,Medium Risk
C108102,9,4,89216.531,22304.13275,9.0,1.0,1.0,0.5,0,0.3771747654442092,Medium Risk
C113039,254,4,81139.359,20284.83975,6.0,0.0,2.0,0.75,1,0.3768168625218982,Medium Risk
C103498,53,5,59140.3605,11828.072100000001,9.0,2.0,0.0,0.8,0,0.37676449611016216,Medium Risk
C105074,16,4,61602.68949999999,15400.672374999998,11.0,5.0,0.0,0.5,0,0.37675317779073453,Medium Risk
C104515,11,4,78895.2415,19723.810375,8.0,2.0,0.0,0.5,0,0.3766872563546336,Medium Risk
C103795,127,4,78869.417,19717.35425,8.0,2.0,0.0,0.5,1,0.3766872563546336,Medium Risk
C107039,6,4,102016.082,25504.0205,7.0,2.0,0.0,0.25,0,0.3766151878181512,Medium Risk
C112288,240,4,87758.903,21939.72575,6.0,0.0,0.0,0.25,1,0.3765786042302196,Medium Risk
C106613,185,4,66911.97350000001,16727.993375000002,6.0,1.0,0.0,0.75,1,0.37651029914195966,Medium Risk
C109201,167,5,132196.7825,26439.3565,15.0,2.0,0.0,0.6,1,0.37642959743007653,Medium Risk
C106457,3,4,67129.9485,16782.487125,6.0,1.0,1.0,0.75,0,0.3764205125490356,Medium Risk
C100459,87,4,137560.557,34390.13925,9.0,2.0,2.0,0.25,0,0.37640053572934257,Medium Risk
C114274,13,5,75508.893,15101.7786,11.0,3.0,0.0,0.6,0,0.3763965387911103,Medium Risk
C110064,198,4,58968.8015,14742.200375,6.0,2.0,0.0,0.75,1,0.3763300463154383,Medium Risk
C106690,68,4,108388.468,27097.117,6.0,2.0,0.0,0.5,0,0.37631748564718775,Medium Risk
C108935,61,4,57349.397,14337.34925,12.0,2.0,1.0,0.75,0,0.37631312329358635,Medium Risk
C113997,63,4,85188.4805,21297.120125,7.0,2.0,0.0,0.5,0,0.3763085695438141,Medium Risk
C110326,648,4,134868.568,33717.142,5.0,1.0,0.0,0.5,1,0.37628015678589216,Medium Risk
C101041,4,5,58853.8535,11770.7707,5.0,3.0,0.0,0.6,0,0.37625155063678406,Medium Risk
C112613,31,4,87726.584,21931.645999999997,6.0,1.0,1.0,0.25,0,0.37614845622139237,Medium Risk
C104985,30,4,127100.845,31775.21125,5.0,2.0,0.0,0.5,0,0.3761414766893694,Medium Risk
C113597,22,4,40187.6525,10046.913125000001,6.0,3.0,0.0,0.75,0,0.3761061885267641,Medium Risk
C102224,121,5,87047.02500000001,17409.405000000002,9.0,2.0,1.0,0.6,1,0.37604763292690085,Medium Risk
C105518,40,4,88097.32250000001,22024.330625000002,6.0,3.0,0.0,1.0,0,0.3758720397565068,Medium Risk
C113773,48,4,92019.9075,23004.976875,11.0,1.0,0.0,0.5,0,0.3757982371454215,Medium Risk
C106060,167,5,116211.5115,23242.3023,10.0,2.0,1.0,0.4,1,0.37578266812120864,Medium Risk
C107249,119,4,99709.3605,24927.340125,7.0,1.0,1.0,0.75,1,0.3757537732831559,Medium Risk
C111505,11,4,90188.2835,22547.070874999998,6.0,3.0,0.0,1.0,0,0.3756941101265667,Medium Risk
C110318,176,5,126802.8225,25360.5645,16.0,3.0,0.0,0.6,1,0.37550538843470127,Medium Risk
C112053,13,5,82506.51400000001,16501.3028,8.0,3.0,1.0,0.8,0,0.37542561741343483,Medium Risk
C105694,45,4,120884.87899999999,30221.219749999997,10.0,4.0,0.0,0.75,0,0.3751877881556466,Medium Risk
C100743,87,4,47616.6415,11904.160375,6.0,3.0,0.0,0.5,0,0.37508771701009486,Medium Risk
C102646,167,4,93889.2375,23472.309375,8.0,0.0,0.0,0.5,1,0.3749548461168264,Medium Risk
C111106,60,5,71778.1565,14355.6313,10.0,4.0,0.0,0.6,0,0.3749353334239985,Medium Risk
C110023,82,5,73726.1525,14745.2305,11.0,2.0,0.0,0.8,0,0.37492797097609765,Medium Risk
C108279,3,4,147855.805,36963.95125,5.0,2.0,1.0,0.5,0,0.3749032200578085,Medium Risk
C103159,129,5,117175.0255,23435.005100000002,10.0,2.0,1.0,0.4,1,0.3748648144628867,Medium Risk
C107499,72,4,126994.707,31748.67675,9.0,2.0,0.0,0.75,0,0.37476185215637814,Medium Risk
C112804,16,4,127765.17199999999,31941.292999999998,9.0,4.0,0.0,0.75,0,0.37475664155187016,Medium Risk
C110288,17,4,50534.785,12633.696249999999,10.0,4.0,0.0,0.75,0,0.3746949763378856,Medium Risk
C102311,115,5,129968.24100000001,25993.6482,8.0,3.0,0.0,0.6,1,0.3746626129707705,Medium Risk
C111940,28,4,81613.1225,20403.280625,11.0,5.0,1.0,0.5,0,0.3746481158873213,Medium Risk
C103046,30,4,114777.809,28694.45225,11.0,3.0,1.0,0.75,0,0.37453547966953943,Medium Risk
C100349,186,4,100783.9745,25195.993625,3.0,2.0,0.0,0.5,1,0.3745178943284106,Medium Risk
C111945,82,4,74519.15400000001,18629.788500000002,8.0,1.0,1.0,0.5,0,0.37442444951874393,Medium Risk
C108012,120,4,78138.636,19534.659,8.0,0.0,1.0,0.75,1,0.37435789321307383,Medium Risk
C106603,247,4,97602.1985,24400.549625,10.0,1.0,2.0,0.75,1,0.37430777967840617,Medium Risk
C113725,0,5,59161.804000000004,11832.3608,14.0,2.0,1.0,0.6,0,0.37428539277677175,Medium Risk
C101252,118,4,72612.6725,18153.168125,8.0,0.0,1.0,0.75,1,0.374269951913689,Medium Risk
C106776,98,4,99451.716,24862.929,6.0,2.0,1.0,0.75,1,0.3741990955061215,Medium Risk
C113071,134,5,90591.57949999999,18118.315899999998,10.0,1.0,1.0,0.8,1,0.37414174704264364,Medium Risk
C101611,4,4,43442.999,10860.74975,6.0,0.0,0.0,0.25,0,0.37409590033992074,Medium Risk
C113537,42,4,104968.905,26242.22625,7.0,1.0,2.0,0.5,0,0.37408427341798123,Medium Risk
C100767,1,4,120560.68,30140.170000000002,8.0,3.0,1.0,0.75,0,0.3740196692063813,Medium Risk
C108603,0,4,120864.379,30216.094750000004,8.0,3.0,1.0,0.75,0,0.3740196692063813,Medium Risk
C110313,44,4,87718.4225,21929.605625,7.0,3.0,0.0,0.5,0,0.37400804065707,Medium Risk
C103286,254,5,98607.037,19721.4074,8.0,3.0,2.0,0.8,1,0.3739600792971277,Medium Risk
C114771,20,4,64165.188,16041.296999999999,7.0,2.0,0.0,0.75,0,0.3738674975377261,Medium Risk
C100801,174,9,162890.6755,18098.963944444447,3.0,1.0,0.0,0.8888888888888888,1,0.3738457208087224,Medium Risk
C108947,3,4,72119.667,18029.91675,14.0,5.0,1.0,0.5,0,0.3738332766818451,Medium Risk
C112275,175,4,106527.151,26631.787749999996,8.0,1.0,0.0,0.5,1,0.3738166406148737,Medium Risk
C114849,25,4,77070.054,19267.5135,6.0,2.0,1.0,0.25,0,0.3737654249378787,Medium Risk
C102694,137,5,132368.701,26473.7402,9.0,3.0,1.0,0.8,1,0.37369347617382287,Medium Risk
C113018,101,6,85474.6055,14245.767583333334,3.0,0.0,1.0,0.6666666666666666,1,0.37366175253017475,Medium Risk
C106993,10,3,25901.953999999998,8633.984666666665,14.0,4.0,0.0,0.6666666666666666,0,0.373652241240806,Medium Risk
C111894,12,5,65540.062,13108.012400000001,7.0,2.0,0.0,0.4,0,0.3735694659224248,Medium Risk
C105722,26,4,65494.776000000005,16373.694000000001,10.0,1.0,0.0,0.75,0,0.3735393207750613,Medium Risk
C101898,247,4,77642.4055,19410.601375,9.0,5.0,0.0,0.5,1,0.3734929149770055,Medium Risk
C101658,225,4,125317.381,31329.34525,4.0,0.0,2.0,0.25,1,0.37332338025629097,Medium Risk
C107939,53,4,120508.015,30127.00375,9.0,0.0,0.0,0.5,0,0.37330262825254823,Medium Risk
C108280,69,3,23495.4935,7831.831166666667,7.0,5.0,0.0,0.3333333333333333,0,0.3731935043036779,Medium Risk
C102518,217,4,105320.631,26330.15775,6.0,0.0,0.0,0.5,1,0.37302263442285233,Medium Risk
C105488,89,4,43836.7405,10959.185125,6.0,2.0,0.0,0.5,0,0.373019032319019,Medium Risk
C107120,39,4,107376.928,26844.232,10.0,1.0,0.0,0.5,0,0.3729758092943989,Medium Risk
C114425,259,4,113078.8535,28269.713375,7.0,1.0,1.0,0.5,1,0.37286311110802745,Medium Risk
C103221,43,5,55707.764,11141.552800000001,5.0,0.0,1.0,0.6,0,0.3728028478025022,Medium Risk
C109131,1,4,117410.174,29352.5435,9.0,2.0,0.0,0.75,0,0.37280094991354995,Medium Risk
C114182,118,8,75476.84999999999,9434.606249999999,4.0,3.0,1.0,0.625,1,0.3727644585491882,Medium Risk
C102365,17,4,103665.2865,25916.321625,7.0,1.0,1.0,0.25,0,0.37257584927469767,Medium Risk
C113531,10,4,34472.3335,8618.083375,6.0,1.0,0.0,0.5,0,0.3725626574694716,Medium Risk
C112908,237,4,90133.39850000001,22533.349625000003,8.0,1.0,0.0,0.75,1,0.37252186022394956,Medium Risk
C105951,72,5,59339.104,11867.820799999998,4.0,1.0,0.0,0.8,0,0.37234912904711076,Medium Risk
C114396,51,4,38542.3665,9635.591625,13.0,2.0,0.0,1.0,0,0.3723282532136098,Medium Risk
C100250,424,4,80469.8125,20117.453125,8.0,1.0,2.0,0.5,1,0.3723131759951027,Medium Risk
C111948,56,4,64009.863,16002.46575,5.0,2.0,0.0,0.75,0,0.3722339610530374,Medium Risk
C100765,83,4,83272.12849999999,20818.032124999998,5.0,2.0,2.0,0.5,0,0.37222325598747164,Medium Risk
C108303,1,4,46629.4495,11657.362375,8.0,2.0,0.0,0.75,0,0.3721120624704999,Medium Risk
C104059,3,5,58989.3885,11797.877700000001,8.0,1.0,0.0,0.4,0,0.37209725871538163,Medium Risk
C106594,51,4,99932.748,24983.187,6.0,1.0,0.0,0.25,0,0.37209063501797085,Medium Risk
C103635,209,4,130554.103,32638.52575,7.0,1.0,1.0,0.75,1,0.3720432888496296,Medium Risk
C113743,31,5,39126.095499999996,7825.219099999999,10.0,2.0,1.0,0.6,0,0.3720417514240173,Medium Risk
C109052,477,5,145282.0395,29056.407900000002,9.0,2.0,3.0,0.8,1,0.371842922275547,Medium Risk
C112612,29,4,73353.607,18338.40175,9.0,1.0,1.0,0.75,0,0.3718316293951878,Medium Risk
C102166,32,5,76053.9685,15210.7937,6.0,1.0,2.0,0.4,0,0.37180966114016073,Medium Risk
C110078,23,4,109401.59,27350.3975,6.0,1.0,2.0,0.25,0,0.3717431152999586,Medium Risk
C111801,100,4,123432.231,30858.05775,9.0,1.0,0.0,1.0,1,0.37149597724123573,Medium Risk
C114600,274,6,93552.4935,15592.08225,8.0,2.0,3.0,1.0,1,0.37146323268112946,Medium Risk
C105432,51,4,52824.2825,13206.070625,9.0,0.0,1.0,0.75,0,0.3714543101255215,Medium Risk
C108994,177,4,65844.323,16461.08075,8.0,1.0,0.0,0.75,1,0.3713837157506302,Medium Risk
C101059,138,5,113322.17850000001,22664.4357,8.0,3.0,1.0,0.6,1,0.371354727305413,Medium Risk
C111912,1,4,76396.186,19099.046499999997,11.0,1.0,1.0,0.5,0,0.37121654644382546,Medium Risk
C106565,4,4,146683.7495,36670.937375,10.0,3.0,2.0,0.75,0,0.37118871116356716,Medium Risk
C111775,174,5,159415.32249999998,31883.0645,7.0,4.0,1.0,0.6,1,0.3710554706311846,Medium Risk
C110186,546,5,147560.97,29512.194,7.0,2.0,0.0,0.8,1,0.3710143696859419,Medium Risk
C100435,15,4,46624.6035,11656.150875,9.0,2.0,0.0,0.75,0,0.37090543056926106,Medium Risk
C111862,254,4,82925.94,20731.485,7.0,1.0,0.0,0.0,1,0.37084650987920964,Medium Risk
C113418,16,5,65979.137,13195.8274,7.0,2.0,0.0,0.6,0,0.37068164608517334,Medium Risk
C102516,35,4,157473.70799999998,39368.426999999996,5.0,1.0,0.0,0.5,0,0.3706453322756725,Medium Risk
C112761,1,4,51656.222,12914.0555,6.0,4.0,0.0,0.5,0,0.37057355267097086,Medium Risk
C100821,50,5,71094.959,14218.9918,7.0,0.0,0.0,0.4,0,0.37055677781426366,Medium Risk
C105816,30,5,70594.202,14118.840400000001,4.0,0.0,0.0,0.6,0,0.37037532071001417,Medium Risk
C105171,394,5,89286.57500000001,17857.315000000002,3.0,1.0,0.0,0.6,1,0.3702812752567714,Medium Risk
C102239,220,3,59318.863,19772.95433333333,2.0,0.0,3.0,1.0,1,0.3702138931750787,Medium Risk
C111174,133,5,117387.472,23477.494400000003,7.0,4.0,0.0,0.4,1,0.3701746844378234,Medium Risk
C111718,124,4,31152.3515,7788.087875,7.0,2.0,0.0,0.75,1,0.3701620393061023,Medium Risk
C102308,4,4,88742.846,22185.7115,7.0,3.0,0.0,0.5,0,0.3700530791318207,Medium Risk
C111042,29,4,76856.601,19214.15025,6.0,3.0,1.0,0.25,0,0.37004740120182433,Medium Risk
C110398,41,4,28850.059500000003,7212.514875000001,9.0,2.0,0.0,0.25,0,0.37002320364124475,Medium Risk
C112503,193,5,117348.1945,23469.638899999998,8.0,2.0,1.0,0.8,1,0.37001914771921635,Medium Risk
C110736,132,6,64016.963,10669.493833333332,8.0,4.0,0.0,0.6666666666666666,1,0.3699469572906963,Medium Risk
C112116,51,4,86426.481,21606.62025,7.0,2.0,2.0,0.75,0,0.3699074988135316,Medium Risk
C110548,139,6,157271.71,26211.951666666664,8.0,5.0,3.0,0.3333333333333333,1,0.36976512275693835,Medium Risk
C106921,64,3,27070.074,9023.358,12.0,5.0,0.0,1.0,0,0.36955510266113367,Medium Risk
C111761,86,4,31104.993,7776.24825,8.0,0.0,1.0,0.5,0,0.36953493889900235,Medium Risk
C111036,4,4,68164.59150000001,17041.147875000002,14.0,5.0,1.0,0.75,0,0.36936827404033223,Medium Risk
C105182,191,5,86113.0285,17222.605699999996,5.0,2.0,0.0,0.8,1,0.3691867625798214,Medium Risk
C110878,29,5,52329.213,10465.8426,6.0,1.0,0.0,0.4,0,0.36894380348900313,Medium Risk
C103346,268,4,113626.42300000001,28406.605750000002,8.0,2.0,1.0,0.75,1,0.3689389437926058,Medium Risk
C108616,14,4,68342.12849999999,17085.532124999998,7.0,5.0,0.0,0.75,0,0.36891408946522203,Medium Risk
C100749,6,4,43008.868,10752.217,7.0,1.0,0.0,0.75,0,0.3688880013930983,Medium Risk
C105822,17,4,109260.053,27315.01325,6.0,3.0,1.0,0.5,0,0.36888392410672716,Medium Risk
C101542,148,4,113534.965,28383.741250000003,10.0,2.0,0.0,0.75,1,0.3688514608788877,Medium Risk
C105783,38,4,113956.7015,28489.175375,8.0,1.0,0.0,0.5,0,0.36883914810303386,Medium Risk
C102686,3,4,44403.5675,11100.891875000001,7.0,2.0,0.0,0.5,0,0.368828360766064,Medium Risk
C114821,94,4,45696.107,11424.026749999999,6.0,2.0,0.0,0.5,1,0.36870348170571254,Medium Risk
C110220,67,5,128350.963,25670.192600000002,7.0,4.0,2.0,0.6,0,0.36868039992778506,Medium Risk
C108461,18,4,112761.798,28190.4495,6.0,3.0,1.0,0.5,0,0.36867960258024274,Medium Risk
C105755,-1,4,92095.176,23023.794,16.0,6.0,0.0,0.5,0,0.3685987188559728,Medium Risk
C107431,94,4,73945.199,18486.29975,4.0,0.0,0.0,0.25,1,0.3685933480248056,Medium Risk
C104989,10,4,73693.36,18423.34,3.0,1.0,1.0,0.75,0,0.36851320707365914,Medium Risk
C109009,36,4,88268.856,22067.214,7.0,2.0,0.0,0.75,0,0.36846567269198,Medium Risk
C100026,55,4,60844.7555,15211.188875,11.0,0.0,1.0,0.25,0,0.36842968278564336,Medium Risk
C100678,119,4,46197.721,11549.43025,6.0,0.0,0.0,0.75,1,0.36841297864019246,Medium Risk
C112593,28,4,91040.84,22760.21,7.0,2.0,0.0,0.75,0,0.3683265509476562,Medium Risk
C113249,273,5,74654.74100000001,14930.948200000003,7.0,2.0,1.0,0.6,1,0.3682630410865919,Medium Risk
C103005,174,5,124798.918,24959.7836,8.0,5.0,0.0,0.6,1,0.36792466149674524,Medium Risk
C106600,35,5,122488.0915,24497.618300000002,9.0,4.0,1.0,0.6,0,0.36787468715474053,Medium Risk
C106497,16,4,141897.587,35474.39675,5.0,0.0,1.0,0.5,0,0.36783727111612335,Medium Risk
C114438,50,4,105670.17599999999,26417.543999999998,8.0,0.0,1.0,0.25,0,0.3678039345726094,Medium Risk
C104885,145,6,146934.672,24489.111999999997,10.0,1.0,1.0,0.8333333333333334,1,0.36779792051726323,Medium Risk
C112950,315,4,109630.0285,27407.507125,5.0,0.0,0.0,0.5,1,0.367797735363024,Medium Risk
C113101,53,4,127473.7555,31868.438875000003,9.0,0.0,1.0,0.5,0,0.3677648283197461,Medium Risk
C101963,-1,5,48729.284,9745.8568,8.0,2.0,0.0,0.4,0,0.3673324882467797,Medium Risk
C109807,91,4,109057.848,27264.462,6.0,0.0,0.0,0.5,1,0.3673267813934096,Medium Risk
C108710,5,4,91598.39249999999,22899.598124999997,5.0,3.0,1.0,0.5,0,0.3673226157521566,Medium Risk
C100340,143,5,55665.8975,11133.1795,8.0,2.0,0.0,0.6,1,0.3672713249499079,Medium Risk
C103003,87,4,84103.032,21025.758,7.0,1.0,1.0,0.5,0,0.3672678281846766,Medium Risk
C109202,34,4,77493.21350000001,19373.303375,9.0,1.0,1.0,0.25,0,0.36725307098082305,Medium Risk
C110805,0,4,47714.002,11928.500499999998,7.0,1.0,0.0,0.75,0,0.367183220338503,Medium Risk
C106261,16,4,115112.051,28778.01275,13.0,2.0,1.0,0.75,0,0.3671790445118045,Medium Risk
C102672,69,4,104967.958,26241.9895,11.0,1.0,0.0,0.75,0,0.36715411612839766,Medium Risk
C112949,40,5,81370.691,16274.138199999998,9.0,1.0,1.0,0.8,0,0.36714947460755293,Medium Risk
C105670,40,2,33730.7065,16865.35325,14.0,8.0,1.0,1.0,0,0.3669002863373078,Medium Risk
C101296,33,5,29916.306500000002,5983.2613,6.0,1.0,2.0,1.0,0,0.36685260462872904,Medium Risk
C106702,209,4,110368.92599999999,27592.2315,9.0,1.0,1.0,0.75,1,0.3668371209688413,Medium Risk
C100617,5,5,65492.9075,13098.5815,5.0,2.0,0.0,0.4,0,0.3667378602380372,Medium Risk
C112111,-1,4,107096.72499999999,26774.18125,13.0,3.0,0.0,0.75,0,0.3667208809902338,Medium Risk
C105302,16,4,71504.78,17876.195,7.0,1.0,0.0,0.0,0,0.3666362421073781,Medium Risk
C104227,47,5,73626.2755,14725.2551,5.0,2.0,2.0,0.6,0,0.366564863425727,Medium Risk
C114265,24,5,131788.215,26357.643,9.0,4.0,1.0,0.4,0,0.3664822278545289,Medium Risk
C103585,83,5,98832.95449999999,19766.5909,7.0,3.0,2.0,0.8,0,0.36647169126520396,Medium Risk
C103465,-1,4,88124.79800000001,22031.199500000002,7.0,2.0,0.0,0.75,0,0.3663409453586059,Medium Risk
C112186,252,4,59088.865999999995,14772.216499999999,12.0,2.0,0.0,0.5,1,0.3663058407172651,Medium Risk
C110921,0,4,96862.482,24215.6205,12.0,1.0,2.0,0.75,0,0.3662582854067961,Medium Risk
C107086,14,4,44575.964,11143.991,9.0,2.0,0.0,0.5,0,0.36624832552505004,Medium Risk
C105899,137,6,141762.5705,23627.095083333334,10.0,4.0,0.0,0.6666666666666666,1,0.3662063204386212,Medium Risk
C104949,57,5,28230.705500000004,5646.141100000001,6.0,1.0,0.0,0.8,0,0.36620396751685436,Medium Risk
C114481,1,4,72539.859,18134.96475,5.0,2.0,0.0,0.5,0,0.3661999926878701,Medium Risk
C105207,120,6,150194.083,25032.347166666663,6.0,1.0,2.0,0.6666666666666666,1,0.36619226880447864,Medium Risk
C100308,211,4,72802.583,18200.645750000003,7.0,1.0,0.0,0.5,1,0.36603411574447436,Medium Risk
C106788,1,5,47743.964,9548.7928,7.0,1.0,0.0,0.6,0,0.36594036060035284,Medium Risk
C106911,4,5,117614.893,23522.9786,10.0,3.0,0.0,0.4,0,0.3659295128348055,Medium Risk
C107040,17,5,129683.9625,25936.7925,25.0,9.0,0.0,0.4,0,0.3658621635951112,Medium Risk
C109647,48,5,36887.702,7377.5404,11.0,3.0,0.0,0.8,0,0.365813949694762,Medium Risk
C105697,38,4,111684.874,27921.218500000003,5.0,2.0,0.0,0.5,0,0.3657652419609314,Medium Risk
C107556,48,4,49603.0555,12400.763875,7.0,4.0,0.0,0.5,0,0.3657077799130715,Medium Risk
C107977,75,6,146574.258,24429.043,7.0,1.0,0.0,0.8333333333333334,0,0.36561072349916107,Medium Risk
C114098,39,4,72636.4335,18159.108375000003,8.0,1.0,1.0,0.5,0,0.3655581532697935,Medium Risk
C105215,119,7,147604.4455,21086.34935714286,9.0,1.0,1.0,0.8571428571428571,1,0.3654176609084926,Medium Risk
C103123,10,4,74790.49,18697.6225,11.0,0.0,1.0,0.5,0,0.3653945976540573,Medium Risk
C101543,61,4,73397.735,18349.43375,4.0,0.0,0.0,0.5,0,0.36533245230718137,Medium Risk
C111879,162,4,109730.874,27432.7185,10.0,2.0,0.0,1.0,1,0.36530924552833866,Medium Risk
C113810,124,5,150373.201,30074.6402,8.0,4.0,0.0,0.8,1,0.3652857896959937,Medium Risk
C100186,26,5,131854.902,26370.9804,11.0,4.0,0.0,0.6,0,0.36516227845361265,Medium Risk
C111032,147,5,77703.0015,15540.6003,7.0,1.0,0.0,0.6,1,0.3651148773539925,Medium Risk
C109244,92,6,143086.131,23847.6885,7.0,3.0,2.0,0.6666666666666666,1,0.3650544256607672,Medium Risk
C107983,33,4,99202.5755,24800.643874999998,8.0,1.0,0.0,0.25,0,0.3650258598900884,Medium Risk
C102835,36,3,23533.8055,7844.601833333333,14.0,4.0,0.0,0.6666666666666666,0,0.3649275893903653,Medium Risk
C110616,86,4,114003.2825,28500.820625,9.0,2.0,0.0,0.75,0,0.3649138910850593,Medium Risk
C111309,27,5,56358.7345,11271.7469,6.0,2.0,0.0,0.4,0,0.3648675535840243,Medium Risk
C101892,120,4,79882.8325,19970.708125,4.0,1.0,0.0,0.25,1,0.36480458578191105,Medium Risk
C112978,172,6,81445.5265,13574.254416666665,6.0,0.0,0.0,0.6666666666666666,1,0.36476923667741823,Medium Risk
C113263,79,4,24898.085,6224.52125,8.0,4.0,1.0,0.5,0,0.36474387658553753,Medium Risk
C101941,0,5,82073.507,16414.701399999998,8.0,4.0,1.0,1.0,0,0.36473187849128946,Medium Risk
C101508,38,4,115673.11600000001,28918.279000000002,5.0,3.0,1.0,0.5,0,0.36451642598828693,Medium Risk
C107327,12,4,112616.275,28154.06875,7.0,3.0,1.0,0.75,0,0.36443423126781643,Medium Risk
C107677,77,3,25113.529499999997,8371.1765,2.0,1.0,1.0,0.6666666666666666,0,0.364402427481179,Medium Risk
C114756,5,4,86718.5915,21679.647875,7.0,1.0,1.0,0.75,0,0.3643829983126385,Medium Risk
C106730,47,5,116546.22,23309.244,3.0,1.0,0.0,0.4,0,0.3643294860967848,Medium Risk
C107214,0,4,78134.414,19533.6035,6.0,3.0,0.0,0.75,0,0.3642435748055936,Medium Risk
C107557,4,4,43400.7325,10850.183125,7.0,1.0,0.0,0.75,0,0.3642015395755148,Medium Risk
C104510,1,4,116910.50949999999,29227.627374999996,5.0,1.0,1.0,0.5,0,0.3641707637579001,Medium Risk
C105278,1,4,146884.0165,36721.004125,5.0,0.0,1.0,0.75,0,0.36416787938377015,Medium Risk
C104705,397,4,79839.149,19959.78725,8.0,1.0,0.0,0.5,1,0.3640781433851283,Medium Risk
C104735,127,5,137062.169,27412.4338,12.0,5.0,1.0,0.4,1,0.36399451211157463,Medium Risk
C111535,91,4,117265.4035,29316.350874999996,5.0,0.0,1.0,0.5,1,0.3638570974154689,Medium Risk
C100995,248,4,44798.1995,11199.549875,6.0,2.0,0.0,0.75,1,0.3636600788999108,Medium Risk
C101455,1,4,84609.395,21152.348749999997,8.0,1.0,0.0,0.5,0,0.3636495434664049,Medium Risk
C113979,30,4,79178.476,19794.619,9.0,1.0,0.0,0.75,0,0.3634652343453479,Medium Risk
C103191,50,4,79498.7885,19874.697125,8.0,1.0,1.0,0.5,0,0.36344458547049463,Medium Risk
C101213,219,5,128400.78600000001,25680.157199999998,10.0,3.0,2.0,0.6,1,0.3634198270705536,Medium Risk
C114533,21,5,85044.7285,17008.9457,16.0,5.0,1.0,0.8,0,0.3633811362973363,Medium Risk
C108080,43,4,176726.793,44181.69825,4.0,3.0,0.0,0.5,0,0.36332711462335,Medium Risk
C108271,80,5,117457.8125,23491.5625,8.0,3.0,0.0,0.4,0,0.3633091307358992,Medium Risk
C106406,10,5,85415.651,17083.1302,12.0,3.0,1.0,0.6,0,0.3632693213132794,Medium Risk
C100348,417,5,30319.2515,6063.8503,10.0,0.0,1.0,0.4,1,0.3631007386793541,Medium Risk
C111923,257,5,118522.786,23704.557200000003,12.0,4.0,0.0,0.4,1,0.36306335260687383,Medium Risk
C110709,79,5,51051.688,10210.3376,4.0,0.0,0.0,0.8,0,0.36257977152303256,Medium Risk
C105537,200,5,137842.581,27568.516200000002,9.0,3.0,0.0,0.6,1,0.36256830119028727,Medium Risk
C113894,4,4,87364.944,21841.236,6.0,1.0,0.0,1.0,0,0.3622351472887651,Medium Risk
C100431,5,4,74258.8255,18564.706375,7.0,5.0,0.0,0.75,0,0.3621803720700739,Medium Risk
C113730,41,4,32802.811499999996,8200.702875,4.0,0.0,1.0,0.75,0,0.3621297799735776,Medium Risk
C102433,23,4,106465.147,26616.28675,14.0,7.0,0.0,0.5,0,0.36210634217223286,Medium Risk
C110568,-1,6,136705.711,22784.28516666667,9.0,3.0,0.0,1.0,0,0.36208603772511827,Medium Risk
C100867,11,6,56448.0205,9408.003416666666,9.0,3.0,2.0,0.6666666666666666,0,0.3620644887490947,Medium Risk
C106273,66,5,78360.595,15672.119,10.0,3.0,0.0,0.6,0,0.3620099471427221,Medium Risk
C100321,29,4,136835.0065,34208.751625,6.0,3.0,2.0,0.25,0,0.3618565011198207,Medium Risk
C104733,21,4,72652.5355,18163.133875,7.0,1.0,0.0,0.5,0,0.3617911567215979,Medium Risk
C110101,5,5,148538.482,29707.696400000004,5.0,4.0,2.0,0.6,0,0.36174872467916147,Medium Risk
C114336,244,5,50805.79150000001,10161.1583,6.0,0.0,0.0,0.6,1,0.3616671718571032,Medium Risk
C112931,4,4,89525.99399999999,22381.4985,7.0,1.0,1.0,0.5,0,0.3616441875780786,Medium Risk
C109446,53,4,62496.318,15624.0795,14.0,3.0,0.0,0.5,0,0.3615266004295642,Medium Risk
C109130,1,5,83551.032,16710.206400000003,3.0,1.0,1.0,0.6,0,0.3615190414785853,Medium Risk
C106508,66,4,35248.481999999996,8812.120499999999,8.0,4.0,0.0,0.25,0,0.3614043163782484,Medium Risk
C104689,13,5,56429.4975,11285.8995,5.0,0.0,1.0,0.8,0,0.3613937448712556,Medium Risk
C110427,60,5,58456.581,11691.3162,6.0,2.0,0.0,0.6,0,0.361364540044846,Medium Risk
C108389,4,4,144018.597,36004.64925,4.0,3.0,1.0,0.5,0,0.3613575376902378,Medium Risk
C106822,130,5,114822.295,22964.459000000003,7.0,2.0,1.0,0.4,1,0.36132169898292354,Medium Risk
C106580,8,4,44578.939,11144.73475,8.0,2.0,0.0,0.75,0,0.36112379577803233,Medium Risk
C101399,66,4,44613.759,11153.43975,8.0,2.0,0.0,0.75,0,0.36112379577803233,Medium Risk
C100809,28,6,72325.7155,12054.285916666668,10.0,2.0,3.0,0.3333333333333333,0,0.36108254783457316,Medium Risk
C106259,34,5,114113.935,22822.787000000004,9.0,2.0,1.0,0.6,0,0.36104627006425055,Medium Risk
C109206,20,4,78783.7295,19695.932375,6.0,2.0,0.0,0.75,0,0.3610001404509617,Medium Risk
C104328,36,5,125942.7205,25188.5441,8.0,3.0,0.0,0.6,0,0.3609863914352009,Medium Risk
C106650,173,5,96382.946,19276.5892,10.0,1.0,2.0,0.4,1,0.360964440947182,Medium Risk
C100889,73,5,72025.972,14405.194399999998,5.0,1.0,0.0,0.6,0,0.36096372042726826,Medium Risk
C104858,69,4,54743.551999999996,13685.887999999999,15.0,2.0,0.0,0.5,0,0.3608723722782708,Medium Risk
C109170,9,5,117496.4565,23499.2913,8.0,3.0,0.0,0.6,0,0.36086827374832553,Medium Risk
C104015,77,4,102239.21900000001,25559.804750000003,9.0,2.0,0.0,1.0,0,0.3608250315124252,Medium Risk
C105636,168,5,139996.838,27999.367599999998,12.0,5.0,0.0,0.4,1,0.36075194258888815,Medium Risk
C105625,26,4,45415.35,11353.8375,12.0,2.0,1.0,0.0,0,0.3607145296260111,Medium Risk
C114879,325,5,96918.0945,19383.6189,9.0,2.0,1.0,0.4,1,0.3607043336439501,Medium Risk
C104702,11,4,35742.984,8935.746,9.0,0.0,0.0,0.25,0,0.3606646252185787,Medium Risk
C104351,1,3,33020.85,11006.950000000003,18.0,4.0,0.0,0.6666666666666666,0,0.360621382359193,Medium Risk
C111000,8,6,79508.1055,13251.350916666668,6.0,3.0,0.0,1.0,0,0.36041918842822895,Medium Risk
C104819,106,5,147444.555,29488.911,8.0,3.0,1.0,0.6,1,0.3602948211834957,Medium Risk
C111537,1,4,97492.982,24373.2455,9.0,1.0,0.0,0.75,0,0.3602659878828856,Medium Risk
C106872,415,5,111946.639,22389.3278,11.0,3.0,0.0,0.6,1,0.36024050237623173,Medium Risk
C108914,148,4,80562.7175,20140.679375,8.0,2.0,0.0,0.5,1,0.3602097689684516,Medium Risk
C101917,7,4,119004.7225,29751.180625,7.0,4.0,0.0,0.75,0,0.36014440872189263,Medium Risk
C107202,24,5,119086.1055,23817.221100000002,10.0,3.0,0.0,0.4,0,0.3601279922356037,Medium Risk
C100278,315,5,84033.766,16806.7532,10.0,4.0,0.0,0.6,1,0.3600976623907676,Medium Risk
C109536,4,4,123177.6485,30794.412125,6.0,0.0,1.0,0.25,0,0.36006981659969495,Medium Risk
C108003,91,5,78900.622,15780.1244,5.0,3.0,1.0,0.6,1,0.36005801283415356,Medium Risk
C102381,152,14,394428.9225,28173.49446428571,12.0,2.0,5.0,0.42857142857142855,1,0.36000818890901665,Medium Risk
C104900,219,5,131917.928,26383.585600000002,10.0,3.0,0.0,0.4,1,0.3599570885411169,Medium Risk
C110451,112,7,169719.1555,24245.59364285714,9.0,4.0,1.0,0.8571428571428571,1,0.3599466175239555,Medium Risk
C104820,9,4,64392.658,16098.1645,14.0,2.0,1.0,0.75,0,0.35989200321233933,Medium Risk
C104976,115,4,104666.38,26166.595,4.0,3.0,0.0,0.5,1,0.3598624574160761,Medium Risk
C102909,168,7,148006.875,21143.839285714286,7.0,0.0,1.0,0.8571428571428571,1,0.35980251808916447,Medium Risk
C111129,156,4,98183.705,24545.92625,14.0,3.0,0.0,0.5,1,0.35978361847688184,Medium Risk
C104808,21,4,108342.467,27085.61675,13.0,4.0,3.0,0.75,0,0.3597622339390408,Medium Risk
C113327,42,5,74503.1185,14900.6237,6.0,1.0,1.0,0.8,0,0.3596579796837625,Medium Risk
C108597,243,4,89562.9175,22390.729375,4.0,3.0,0.0,0.75,1,0.35962603386723485,Medium Risk
C105810,43,5,78811.50399999999,15762.300799999997,14.0,5.0,1.0,0.8,0,0.3596257481223549,Medium Risk
C110974,224,5,102006.4215,20401.2843,13.0,1.0,1.0,0.8,1,0.35959680819190004,Medium Risk
C101601,2,5,39167.94,7833.588000000001,5.0,2.0,1.0,0.4,0,0.3595790683211619,Medium Risk
C113257,63,4,78715.39600000001,19678.849000000002,3.0,1.0,0.0,0.5,0,0.35951540796636544,Medium Risk
C111355,333,5,117940.978,23588.1956,7.0,2.0,0.0,0.8,1,0.3594793195014176,Medium Risk
C105349,17,4,86543.579,21635.894750000003,13.0,1.0,0.0,0.5,0,0.3594563108478504,Medium Risk
C113019,162,5,87738.112,17547.6224,10.0,6.0,0.0,0.4,1,0.35945537995062504,Medium Risk
C109830,39,4,34175.2285,8543.807125,6.0,0.0,0.0,0.5,0,0.35944138957973104,Medium Risk
C105746,73,5,46139.547,9227.9094,4.0,0.0,0.0,0.8,0,0.3594212021327814,Medium Risk
C101996,35,5,47737.626,9547.5252,8.0,2.0,0.0,0.6,0,0.35933956942718176,Medium Risk
C109055,179,4,104894.2735,26223.568375,6.0,1.0,0.0,0.75,1,0.35918768386492983,Medium Risk
C100327,77,4,43227.5035,10806.875875,10.0,1.0,0.0,0.75,0,0.3591673642660039,Medium Risk
C100357,20,5,89630.7285,17926.1457,7.0,3.0,1.0,0.6,0,0.3591463691225243,Medium Risk
C107269,96,5,100107.2225,20021.444499999998,5.0,2.0,2.0,0.2,1,0.3591088476505551,Medium Risk
C113851,7,5,72573.43000000001,14514.685999999998,11.0,6.0,1.0,0.4,0,0.3590921618848345,Medium Risk
C106253,195,5,134304.044,26860.8088,11.0,2.0,0.0,0.8,1,0.35906080885715047,Medium Risk
C114908,145,4,102566.02549999999,25641.506374999997,7.0,1.0,1.0,0.5,1,0.35891319733631005,Medium Risk
C101651,183,6,159472.791,26578.798500000004,8.0,4.0,1.0,0.6666666666666666,1,0.35886076617715423,Medium Risk
C112808,120,5,88343.7615,17668.7523,11.0,10.0,0.0,0.4,1,0.3588575953025158,Medium Risk
C112959,33,5,97837.154,19567.430800000002,11.0,7.0,1.0,0.4,0,0.35880286198485145,Medium Risk
C114845,14,4,95178.1305,23794.532625,7.0,1.0,1.0,0.75,0,0.3586358149171974,Medium Risk
C113972,294,5,135374.392,27074.878399999998,7.0,2.0,0.0,1.0,1,0.358565589905867,Medium Risk
C106240,90,4,93145.73,23286.432500000003,10.0,3.0,3.0,0.0,0,0.35842018534744147,Medium Risk
C103099,67,4,96541.8105,24135.452625,7.0,1.0,1.0,0.5,0,0.35840344531867024,Medium Risk
C101049,63,4,103713.07,25928.2675,6.0,0.0,0.0,0.5,0,0.3583411228789166,Medium Risk
C105461,46,4,77012.304,19253.076,7.0,1.0,0.0,0.25,0,0.358142237987763,Medium Risk
C109148,216,5,85017.508,17003.5016,8.0,3.0,0.0,0.6,1,0.358071679447095,Medium Risk
C113100,219,5,127418.98300000001,25483.7966,12.0,3.0,1.0,0.6,1,0.35796537482920676,Medium Risk
C104462,178,4,102314.067,25578.516750000003,9.0,1.0,0.0,0.5,1,0.3578982881992377,Medium Risk
C106312,116,4,121588.9275,30397.231874999998,10.0,2.0,2.0,0.75,1,0.3578801215939397,Medium Risk
C113621,30,4,102715.7315,25678.932875,6.0,4.0,0.0,0.5,0,0.3577911767317754,Medium Risk
C102145,-1,5,100770.57800000001,20154.1156,11.0,5.0,2.0,0.8,0,0.3577338619023326,Medium Risk
C109991,360,5,110673.98,22134.796,7.0,2.0,1.0,0.6,1,0.3576735250292414,Medium Risk
C102247,192,5,126542.85,25308.57,8.0,3.0,1.0,0.4,1,0.35763807183752133,Medium Risk
C103769,13,4,107431.456,26857.864,6.0,1.0,0.0,0.5,0,0.3576336880281662,Medium Risk
C114150,184,5,115309.9825,23061.9965,4.0,1.0,1.0,0.4,1,0.35761143198618894,Medium Risk
C112162,13,6,57303.384,9550.564,9.0,2.0,1.0,0.6666666666666666,0,0.35756584005732944,Medium Risk
C100128,623,5,109381.398,21876.2796,10.0,2.0,0.0,0.8,1,0.35752542591772213,Medium Risk
C108236,325,6,144641.709,24106.9515,9.0,1.0,0.0,0.6666666666666666,1,0.35747257877324706,Medium Risk
C109393,31,4,82473.931,20618.48275,7.0,1.0,2.0,0.75,0,0.35739915660820926,Medium Risk
C101854,115,4,58385.53,14596.3825,8.0,3.0,1.0,0.0,1,0.35723048632184534,Medium Risk
C110794,503,5,86342.373,17268.474599999998,6.0,3.0,1.0,0.6,1,0.3571761216812072,Medium Risk
C105778,318,4,96186.806,24046.7015,6.0,1.0,2.0,0.25,1,0.35717424744232656,Medium Risk
C106974,114,5,122158.49,24431.698,7.0,3.0,1.0,0.6,1,0.3571578600852387,Medium Risk
C101961,18,4,46257.6795,11564.419875,10.0,5.0,0.0,0.5,0,0.357151198237276,Medium Risk
C112926,28,4,105751.215,26437.80375,13.0,1.0,1.0,0.5,0,0.35713615361765993,Medium Risk
C110435,33,4,95962.753,23990.68825,7.0,1.0,1.0,0.75,0,0.3569821601631289,Medium Risk
C113804,50,4,81305.31700000001,20326.329250000003,12.0,3.0,0.0,0.25,0,0.3568160335524217,Medium Risk
C113728,27,4,46010.2245,11502.556125,8.0,1.0,0.0,0.75,0,0.35675353147754024,Medium Risk
C107183,102,5,102136.023,20427.2046,10.0,3.0,1.0,0.6,1,0.35667790573180425,Medium Risk
C114129,45,4,73759.579,18439.89475,5.0,1.0,1.0,0.5,0,0.35660026997272626,Medium Risk
C110345,6,5,77689.128,15537.8256,6.0,1.0,0.0,0.6,0,0.35653193055674526,Medium Risk
C112148,24,4,75738.624,18934.656,6.0,1.0,0.0,0.25,0,0.3565277509221033,Medium Risk
C108901,15,4,96632.0355,24158.008875,4.0,1.0,0.0,1.0,0,0.35650221212652944,Medium Risk
C101495,1,5,129810.767,25962.1534,6.0,2.0,0.0,0.2,0,0.3564699212847049,Medium Risk
C113585,123,5,137767.19700000001,27553.439400000003,10.0,3.0,1.0,0.6,1,0.3563932618865778,Medium Risk
C102443,159,6,84592.8025,14098.800416666667,6.0,1.0,1.0,0.6666666666666666,1,0.3561037988855486,Medium Risk
C104522,23,4,113914.4805,28478.620125,7.0,4.0,0.0,0.75,0,0.3560875159540856,Medium Risk
C112412,27,4,97893.8955,24473.473875,9.0,0.0,0.0,0.75,0,0.35601799289959296,Medium Risk
C100192,26,5,110968.5065,22193.7013,11.0,3.0,2.0,0.6,0,0.3559484427542143,Medium Risk
C108833,0,4,103167.0615,25791.765375,7.0,1.0,1.0,0.5,0,0.3559163074085733,Medium Risk
C109352,78,4,81364.421,20341.10525,7.0,1.0,1.0,0.75,0,0.3559018422371815,Medium Risk
C100034,63,5,73540.24100000001,14708.048200000001,4.0,2.0,0.0,0.8,0,0.3558318397182758,Medium Risk
C106148,8,4,63515.503,15878.87575,13.0,1.0,0.0,0.5,0,0.35576082846460855,Medium Risk
C114133,448,4,81174.219,20293.55475,6.0,1.0,1.0,0.75,1,0.35572848831664133,Medium Risk
C112682,118,4,107849.916,26962.479,7.0,1.0,1.0,0.75,1,0.35563413777096947,Medium Risk
C102209,51,4,81843.28600000001,20460.8215,8.0,1.0,0.0,0.75,0,0.35557209489255936,Medium Risk
C108090,32,4,135544.91999999998,33886.229999999996,5.0,3.0,0.0,0.0,0,0.3555418471406423,Medium Risk
C107586,0,5,97300.928,19460.1856,12.0,3.0,1.0,0.4,0,0.3555021460262442,Medium Risk
C111952,48,4,65870.45,16467.6125,7.0,2.0,0.0,0.0,0,0.355490582127623,Medium Risk
C112873,-1,5,124870.44200000001,24974.0884,7.0,2.0,0.0,0.2,0,0.3554741278466604,Medium Risk
C114655,21,4,75286.072,18821.518,5.0,0.0,1.0,0.75,0,0.3553541481044186,Medium Risk
C105738,128,5,74722.0075,14944.401500000002,8.0,2.0,0.0,0.6,1,0.3552286345579748,Medium Risk
C112328,18,4,77276.858,19319.2145,5.0,1.0,0.0,0.5,0,0.35496878661509157,Medium Risk
C105832,130,6,133343.0235,22223.83725,9.0,5.0,1.0,0.6666666666666666,1,0.3549044392331797,Medium Risk
C102611,65,5,90976.356,18195.2712,12.0,5.0,1.0,0.6,0,0.3548825271874789,Medium Risk
C111175,225,5,76897.04000000001,15379.408000000001,8.0,0.0,2.0,0.4,1,0.3547050005792924,Medium Risk
C100619,10,4,49385.87,12346.467499999999,7.0,2.0,0.0,0.0,0,0.354636710366842,Medium Risk
C100360,46,5,78264.68650000001,15652.937300000001,10.0,4.0,0.0,0.6,0,0.3545572631079738,Medium Risk
C104206,4,5,117309.752,23461.9504,8.0,5.0,0.0,0.8,0,0.3544441023212299,Medium Risk
C106628,23,4,92385.779,23096.44475,15.0,1.0,1.0,0.75,0,0.35439638862750855,Medium Risk
C107483,134,5,150939.943,30187.9886,8.0,3.0,0.0,0.6,1,0.35438122208843287,Medium Risk
C105914,35,4,81058.75749999999,20264.689375,6.0,2.0,0.0,0.75,0,0.3543343830199274,Medium Risk
C113801,180,5,150478.116,30095.6232,7.0,2.0,2.0,0.6,1,0.3542583061704411,Medium Risk
C114022,8,4,78436.2015,19609.050375,9.0,0.0,0.0,0.5,0,0.3542205832928621,Medium Risk
C102907,20,5,128653.3735,25730.6747,7.0,3.0,1.0,0.8,0,0.35419649298446587,Medium Risk
C109688,50,5,128999.27900000001,25799.855799999998,12.0,2.0,0.0,0.6,0,0.3540786843065731,Medium Risk
C110532,98,5,95815.502,19163.1004,6.0,2.0,1.0,0.8,1,0.35397375616224586,Medium Risk
C104811,57,5,134640.5055,26928.1011,9.0,3.0,1.0,0.6,0,0.3539582367315113,Medium Risk
C109648,69,5,119287.314,23857.4628,7.0,1.0,1.0,0.2,0,0.35393529914558586,Medium Risk
C112611,-1,4,51642.5625,12910.640625,12.0,5.0,0.0,0.75,0,0.35393254037652544,Medium Risk
C106234,97,5,96854.245,19370.849,10.0,1.0,1.0,0.4,1,0.3536964141442907,Medium Risk
C106373,2,5,121687.4725,24337.4945,8.0,3.0,0.0,0.8,0,0.35346433684382406,Medium Risk
C103340,11,4,105183.9875,26295.996874999997,9.0,1.0,0.0,1.0,0,0.3534388733836537,Medium Risk
C102041,12,5,90825.58099999999,18165.116199999997,9.0,2.0,1.0,0.6,0,0.35342216398037857,Medium Risk
C107461,36,4,99427.09599999999,24856.773999999998,6.0,0.0,0.0,0.25,0,0.35342140987966064,Medium Risk
C102434,34,4,73487.54149999999,18371.885375,5.0,0.0,0.0,0.25,0,0.35323607530237294,Medium Risk
C112167,5,5,129085.3375,25817.0675,9.0,2.0,1.0,0.6,0,0.3532038484045431,Medium Risk
C101933,107,4,97165.612,24291.403,6.0,3.0,0.0,0.5,1,0.3531881908012229,Medium Risk
C101106,22,5,124479.1645,24895.8329,11.0,5.0,0.0,0.4,0,0.35306477856601626,Medium Risk
C113061,9,5,72449.241,14489.848199999999,10.0,3.0,1.0,0.4,0,0.3529619464715276,Medium Risk
C112788,35,5,84488.923,16897.784600000003,11.0,4.0,2.0,0.6,0,0.35296092951062336,Medium Risk
C111878,209,5,88709.494,17741.898800000003,10.0,1.0,1.0,0.6,1,0.35293595451869236,Medium Risk
C103171,8,5,122178.2575,24435.6515,7.0,3.0,0.0,0.6,0,0.35276074840252186,Medium Risk
C113898,384,5,91362.134,18272.4268,13.0,4.0,1.0,0.4,1,0.3527085906019284,Medium Risk
C104630,103,5,91770.579,18354.1158,5.0,2.0,1.0,0.2,1,0.35259603791883715,Medium Risk
C104259,0,5,130415.4835,26083.096700000002,9.0,2.0,1.0,0.2,0,0.3525160531533587,Medium Risk
C109997,127,4,130777.09249999998,32694.273125,5.0,0.0,1.0,0.5,1,0.35248993794193745,Medium Risk
C111525,33,5,122174.18299999999,24434.836600000002,14.0,6.0,2.0,0.2,0,0.35248641537311015,Medium Risk
C104551,169,5,101167.21100000001,20233.4422,7.0,2.0,1.0,0.8,1,0.3523730076453906,Medium Risk
C110204,43,4,98296.7125,24574.178125,6.0,2.0,0.0,0.75,0,0.3523415364330672,Medium Risk
C101896,90,4,84531.956,21132.989,17.0,7.0,2.0,0.75,0,0.3523314513526507,Medium Risk
C110225,6,5,119623.893,23924.778599999998,7.0,3.0,2.0,0.6,0,0.3523299546867349,Medium Risk
C103881,31,5,127050.895,25410.179,8.0,2.0,2.0,0.8,0,0.35222992528182423,Medium Risk
C101413,41,5,156047.5595,31209.5119,8.0,2.0,0.0,0.8,0,0.35207994461284514,Medium Risk
C110375,252,6,130296.473,21716.078833333333,11.0,4.0,1.0,0.8333333333333334,1,0.3520749161397147,Medium Risk
C114501,203,5,143656.022,28731.2044,8.0,2.0,1.0,0.8,1,0.35170428526109404,Medium Risk
C105604,4,4,33020.3055,8255.076375,10.0,3.0,0.0,0.75,0,0.3516515613279688,Medium Risk
C105864,386,6,131666.1845,21944.364083333334,8.0,4.0,2.0,0.5,1,0.3515647000997151,Medium Risk
C110756,11,5,44203.188,8840.637599999998,8.0,3.0,0.0,0.6,0,0.3514499393286094,Medium Risk
C107171,56,6,157172.9405,26195.490083333334,9.0,4.0,2.0,0.8333333333333334,0,0.3514127972824759,Medium Risk
C109617,77,4,145672.18,36418.045,20.0,7.0,0.0,0.0,0,0.35126690336614913,Medium Risk
C103593,190,5,115375.758,23075.1516,6.0,1.0,1.0,0.8,1,0.35120833195363305,Medium Risk
C108070,165,7,227949.725,32564.24642857143,10.0,0.0,1.0,0.5714285714285714,1,0.3512020876636868,Medium Risk
C112705,24,4,96072.269,24018.06725,5.0,2.0,1.0,0.5,0,0.35113742179663165,Medium Risk
C111127,41,5,108681.0245,21736.2049,7.0,3.0,1.0,0.6,0,0.3510951163566415,Medium Risk
C107481,430,6,76283.9155,12713.985916666667,6.0,1.0,0.0,0.6666666666666666,1,0.35109348626205394,Medium Risk
C105640,212,6,79372.606,13228.767666666667,8.0,0.0,0.0,0.6666666666666666,1,0.35107915762086966,Medium Risk
C110816,116,5,124167.34349999999,24833.468699999998,9.0,2.0,1.0,0.6,1,0.35106742708376165,Medium Risk
C100353,4,5,114519.0375,22903.807500000003,10.0,2.0,2.0,0.8,0,0.3510309968794687,Medium Risk
C114659,36,5,39550.86,7910.1720000000005,7.0,1.0,2.0,0.6,0,0.35097952967200874,Medium Risk
C111004,6,4,116609.69900000001,29152.42475,9.0,3.0,0.0,1.0,0,0.35095314806298505,Medium Risk
C101432,36,5,124262.086,24852.4172,4.0,2.0,2.0,0.4,0,0.3508888686419535,Medium Risk
C111397,1,5,132285.1905,26457.038099999998,8.0,2.0,1.0,0.8,0,0.3508027378519473,Medium Risk
C107479,231,4,114748.73300000001,28687.183250000002,6.0,2.0,0.0,0.75,1,0.3507394415764806,Medium Risk
C106427,56,4,110294.01000000001,27573.502500000002,7.0,1.0,0.0,0.75,0,0.3507287700182136,Medium Risk
C100245,84,5,74606.3625,14921.272500000001,5.0,2.0,0.0,0.4,0,0.35068819834645915,Medium Risk
C103630,72,4,107098.42199999999,26774.605499999998,7.0,1.0,0.0,0.75,0,0.35059860195205295,Medium Risk
C106293,11,5,85506.7695,17101.3539,8.0,2.0,2.0,0.4,0,0.3505441334593866,Medium Risk
C104023,78,5,65479.508499999996,13095.901699999999,19.0,6.0,0.0,0.6,0,0.35048593020938074,Medium Risk
C109950,38,4,80662.5125,20165.628125,11.0,4.0,0.0,0.5,0,0.3503652200813911,Medium Risk
C104843,37,3,15207.9335,5069.311166666666,11.0,5.0,0.0,1.0,0,0.35030169997749283,Medium Risk
C103510,20,5,126625.3515,25325.0703,10.0,6.0,0.0,0.6,0,0.35028116529974385,Medium Risk
C105830,1,5,148769.2115,29753.8423,10.0,4.0,0.0,0.6,0,0.35026567966383754,Medium Risk
C108951,31,5,91162.7265,18232.5453,7.0,2.0,0.0,0.8,0,0.3502440071054951,Medium Risk
C111762,14,2,102281.28,51140.64,16.0,4.0,0.0,1.0,0,0.3502425064691248,Medium Risk
C106698,203,5,134818.299,26963.6598,10.0,2.0,1.0,0.6,1,0.3500888538947838,Medium Risk
C104741,76,5,74357.7365,14871.5473,9.0,5.0,1.0,0.6,0,0.35008665684583706,Medium Risk
C108534,58,5,124826.421,24965.2842,8.0,3.0,0.0,0.4,0,0.3500452223154651,Medium Risk
C100687,38,4,88790.71800000001,22197.6795,5.0,2.0,0.0,0.75,0,0.3498600762636426,Medium Risk
C106491,-1,5,86516.07,17303.214,8.0,4.0,0.0,0.6,0,0.34947959809870277,Medium Risk
C105753,225,7,156857.893,22408.27042857143,11.0,3.0,2.0,0.5714285714285714,1,0.3492794323807354,Medium Risk
C104835,1,5,107586.485,21517.297,6.0,2.0,0.0,1.0,0,0.3492723145790409,Medium Risk
C106231,59,4,112645.68699999999,28161.42175,7.0,2.0,3.0,0.75,0,0.3492682742217766,Medium Risk
C102273,29,5,110477.3515,22095.4703,7.0,3.0,1.0,0.4,0,0.3492648122197729,Medium Risk
C103764,58,4,57454.8535,14363.713375,14.0,3.0,0.0,0.5,0,0.34920053827138664,Medium Risk
C109556,72,5,82431.715,16486.343,3.0,0.0,2.0,0.8,0,0.34906092646361253,Medium Risk
C103674,8,5,145118.8275,29023.7655,11.0,5.0,1.0,0.4,0,0.34900430178623265,Medium Risk
C103807,249,5,103371.4615,20674.292299999997,4.0,0.0,0.0,0.2,1,0.3489699692518745,Medium Risk
C111424,298,5,97906.179,19581.235800000002,12.0,5.0,1.0,0.2,1,0.3489535151010187,Medium Risk
C103476,5,4,65615.11200000001,16403.778,14.0,2.0,0.0,0.5,0,0.34891917305607656,Medium Risk
C100656,3,5,124203.80200000001,24840.7604,9.0,2.0,1.0,0.8,0,0.3489021982676553,Medium Risk
C104258,677,3,24415.539,8138.513,15.0,5.0,0.0,0.6666666666666666,1,0.3488611011974948,Medium Risk
C107648,26,6,68936.8725,11489.47875,8.0,2.0,0.0,1.0,0,0.3488231692976461,Medium Risk
C100271,14,5,89004.131,17800.8262,7.0,2.0,1.0,0.6,0,0.3487145368178482,Medium Risk
C100198,20,5,114315.3385,22863.067699999996,11.0,3.0,0.0,0.6,0,0.3487082697109215,Medium Risk
C108570,79,5,115036.52900000001,23007.305800000002,9.0,2.0,0.0,0.4,0,0.3487069065728653,Medium Risk
C108484,1,4,79145.73849999999,19786.434625,7.0,1.0,0.0,0.5,0,0.3486266263967864,Medium Risk
C105398,3,4,79458.516,19864.629,7.0,1.0,0.0,0.5,0,0.3486266263967864,Medium Risk
C102969,245,6,85798.633,14299.772166666668,4.0,0.0,2.0,0.6666666666666666,1,0.34841929925784,Medium Risk
C113348,42,5,146489.047,29297.809400000006,9.0,3.0,1.0,0.6,0,0.3481511176153251,Medium Risk
C113077,93,5,82228.2575,16445.6515,8.0,2.0,1.0,0.6,1,0.34805919805860064,Medium Risk
C104709,142,4,106747.834,26686.9585,8.0,1.0,2.0,0.75,1,0.34798917906824195,Medium Risk
C100548,72,5,133564.1605,26712.8321,8.0,2.0,0.0,0.6,0,0.34797813131279676,Medium Risk
C108085,385,5,140454.719,28090.9438,7.0,3.0,0.0,0.4,1,0.347907773530585,Medium Risk
C111454,6,4,79603.19099999999,19900.797749999998,5.0,0.0,1.0,0.75,0,0.3478634584287174,Medium Risk
C109109,86,4,48872.619999999995,12218.154999999999,11.0,4.0,1.0,0.0,0,0.34782819645742796,Medium Risk
C113215,2,5,78803.492,15760.6984,6.0,2.0,1.0,0.4,0,0.34781497664678646,Medium Risk
C111131,26,6,83390.41,13898.401666666667,3.0,0.0,1.0,0.8333333333333334,0,0.3474996873623894,Medium Risk
C104671,4,5,117142.6695,23428.533900000002,8.0,1.0,0.0,0.6,0,0.347469639643996,Medium Risk
C101097,139,5,131426.602,26285.320400000004,6.0,4.0,0.0,0.8,1,0.3474502601723472,Medium Risk
C105615,4,5,73002.86,14600.572,9.0,0.0,0.0,0.6,0,0.34740424664000225,Medium Risk
C112921,14,5,72733.2975,14546.6595,7.0,2.0,0.0,0.6,0,0.34740419447959964,Medium Risk
C104714,92,5,111768.5845,22353.7169,8.0,1.0,0.0,0.6,1,0.34729259822972675,Medium Risk
C109693,29,4,47725.493,11931.37325,13.0,4.0,0.0,0.75,0,0.34720899272126343,Medium Risk
C113955,7,5,110064.51699999999,22012.9034,4.0,2.0,1.0,0.8,0,0.3471972548894001,Medium Risk
C112878,271,5,136078.9175,27215.7835,7.0,2.0,1.0,0.8,1,0.3471782243760282,Medium Risk
C110070,110,6,149104.3315,24850.721916666665,9.0,2.0,2.0,0.5,1,0.3470691743496374,Medium Risk
C110851,144,5,90076.6405,18015.3281,9.0,3.0,0.0,0.6,1,0.34699793997758865,Medium Risk
C113684,21,3,31569.445,10523.148333333333,19.0,3.0,0.0,1.0,0,0.346985112547633,Medium Risk
C109479,5,4,102410.5695,25602.642374999996,3.0,3.0,0.0,0.5,0,0.3468793494030965,Medium Risk
C113507,23,4,78133.6335,19533.408375,8.0,1.0,0.0,0.25,0,0.34683057269416795,Medium Risk
C101920,81,5,100610.57,20122.114,12.0,2.0,1.0,1.0,0,0.3467998548174958,Medium Risk
C109175,92,5,89203.9225,17840.7845,9.0,2.0,0.0,0.2,1,0.34671723852354985,Medium Risk
C114318,158,8,188237.2505,23529.6563125,10.0,3.0,0.0,0.875,1,0.34670674422398584,Medium Risk
C107336,82,5,100299.38799999999,20059.8776,13.0,3.0,0.0,0.8,0,0.34656177064955296,Medium Risk
C110402,51,5,144766.046,28953.2092,10.0,2.0,1.0,0.8,0,0.34655066125437967,Medium Risk
C101205,227,5,93092.3355,18618.4671,7.0,4.0,1.0,0.4,1,0.3465303704736323,Medium Risk
C101890,93,8,165719.512,20714.939,10.0,4.0,0.0,0.875,1,0.346510060302818,Medium Risk
C107316,118,6,203789.5845,33964.93075,4.0,1.0,3.0,0.6666666666666666,1,0.34650050874311894,Medium Risk
C108551,0,4,87883.458,21970.8645,7.0,1.0,0.0,0.5,0,0.346374561595797,Medium Risk
C109455,92,5,122793.1615,24558.6323,11.0,2.0,0.0,0.8,1,0.3463348004876472,Medium Risk
C106955,19,4,103849.12700000001,25962.281750000002,10.0,3.0,2.0,1.0,0,0.3463340520885506,Medium Risk
C101259,0,5,111940.77100000001,22388.1542,14.0,5.0,1.0,0.8,0,0.34625498110580666,Medium Risk
C113976,20,5,96655.784,19331.1568,9.0,2.0,1.0,0.2,0,0.3462322643508445,Medium Risk
C109964,303,4,105838.10399999999,26459.526,4.0,1.0,0.0,0.5,1,0.34619478968984524,Medium Risk
C111203,64,4,80239.02,20059.754999999997,6.0,1.0,1.0,0.5,0,0.34578859385133465,Medium Risk
C103182,0,4,109108.253,27277.06325,5.0,2.0,0.0,0.75,0,0.3457663447133765,Medium Risk
C105506,262,7,121427.96500000001,17346.852142857144,13.0,6.0,1.0,0.8571428571428571,1,0.3457095101522989,Medium Risk
C113968,260,5,124902.881,24980.5762,6.0,3.0,1.0,0.4,1,0.3456156135899824,Medium Risk
C107395,33,5,117940.902,23588.1804,5.0,3.0,0.0,0.6,0,0.3455556019081251,Medium Risk
C111354,95,6,77789.337,12964.8895,7.0,0.0,0.0,0.5,1,0.3453506890317698,Medium Risk
C113882,8,4,134811.1995,33702.799875000004,6.0,0.0,2.0,0.75,0,0.34530866842516195,Medium Risk
C113301,20,5,121854.119,24370.823800000002,9.0,2.0,0.0,0.6,0,0.34525575352161597,Medium Risk
C108374,26,4,77589.10250000001,19397.275625,3.0,0.0,1.0,0.75,0,0.3451811333097703,Medium Risk
C112324,77,4,98760.828,24690.207,5.0,2.0,1.0,0.75,0,0.3451227643443022,Medium Risk
C103754,3,5,107216.001,21443.2002,6.0,2.0,1.0,0.8,0,0.3451187875350515,Medium Risk
C104178,15,5,118974.69900000001,23794.9398,6.0,2.0,1.0,0.8,0,0.3451112418691757,Medium Risk
C107487,411,5,116278.3505,23255.6701,4.0,1.0,1.0,0.8,1,0.34504506960482545,Medium Risk
C100729,90,4,96246.475,24061.61875,5.0,2.0,1.0,0.75,0,0.34497090218728393,Medium Risk
C111040,26,4,160347.52,40086.880000000005,7.0,1.0,1.0,0.0,0,0.3448711291508358,Medium Risk
C108423,226,5,87167.147,17433.4294,10.0,4.0,2.0,0.6,1,0.3448662190118451,Medium Risk
C106867,-1,5,78692.334,15738.4668,8.0,2.0,0.0,0.6,0,0.34483573753091856,Medium Risk
C107671,3,4,104376.573,26094.14325,4.0,1.0,0.0,0.5,0,0.34477197941006926,Medium Risk
C112458,4,5,50081.830500000004,10016.366100000001,10.0,5.0,0.0,0.6,0,0.3447559275317678,Medium Risk
C103241,414,5,145472.6755,29094.5351,9.0,3.0,1.0,0.2,1,0.3447404376847457,Medium Risk
C106682,89,4,101846.44200000001,25461.610500000003,4.0,3.0,0.0,0.5,0,0.34464864954782987,Medium Risk
C114328,113,6,132667.202,22111.20033333333,9.0,2.0,1.0,0.6666666666666666,1,0.34455539525308104,Medium Risk
C100670,173,6,147052.1745,24508.69575,6.0,0.0,2.0,0.16666666666666666,1,0.3444556549964613,Medium Risk
C104892,12,5,141863.152,28372.630400000002,7.0,3.0,1.0,0.4,0,0.3443640021941605,Medium Risk
C101011,11,5,119446.2385,23889.2477,7.0,1.0,1.0,0.8,0,0.34430277878493315,Medium Risk
C106521,70,5,147670.3125,29534.0625,8.0,3.0,1.0,1.0,0,0.3442944514238657,Medium Risk
C108231,133,5,96594.55500000001,19318.911,8.0,1.0,1.0,0.6,1,0.34428702690083973,Medium Risk
C106800,49,5,49514.1675,9902.8335,10.0,0.0,0.0,0.8,0,0.3442102583580505,Medium Risk
C106403,24,5,80979.5975,16195.9195,12.0,6.0,0.0,1.0,0,0.3441185999537173,Medium Risk
C103007,-1,5,121354.9915,24270.9983,7.0,2.0,0.0,0.6,0,0.34400603715460254,Medium Risk
C111274,159,5,100385.8925,20077.1785,11.0,5.0,1.0,0.4,1,0.34396096276129895,Medium Risk
C105766,431,5,137396.682,27479.3364,7.0,0.0,0.0,0.6,1,0.34394943076127615,Medium Risk
C105155,93,5,106302.5495,21260.509899999997,13.0,5.0,1.0,0.8,1,0.3437090345498739,Medium Risk
C102467,254,5,111535.5965,22307.1193,7.0,1.0,0.0,0.6,1,0.3434908829071484,Medium Risk
C100023,272,4,101879.545,25469.88625,5.0,1.0,1.0,0.75,1,0.34344985980134446,Medium Risk
C109878,34,4,114817.2825,28704.320625,8.0,1.0,2.0,0.75,0,0.3432631014277874,Medium Risk
C111122,181,7,178037.93649999998,25433.990928571428,5.0,1.0,1.0,0.8571428571428571,1,0.3432367250678782,Medium Risk
C107470,1,5,78978.632,15795.7264,8.0,2.0,0.0,0.6,0,0.34322485913724515,Medium Risk
C100745,11,5,88606.65400000001,17721.330800000003,6.0,2.0,1.0,0.6,0,0.34319765552548986,Medium Risk
C105312,29,4,80705.9055,20176.476375,4.0,1.0,0.0,0.75,0,0.343129378626268,Medium Risk
C102029,12,4,45990.77,11497.6925,9.0,0.0,0.0,0.0,0,0.3430956910865376,Medium Risk
C103425,64,5,131459.951,26291.9902,7.0,3.0,2.0,0.4,0,0.34308584815662213,Medium Risk
C107813,163,5,148841.7235,29768.344699999998,10.0,2.0,0.0,0.4,1,0.34306476373865324,Medium Risk
C103869,345,6,152849.648,25474.941333333336,9.0,2.0,3.0,0.5,1,0.3429872910135971,Medium Risk
C114085,22,4,26572.832000000002,6643.2080000000005,9.0,2.0,0.0,0.5,0,0.34293478301942854,Medium Risk
C107268,19,4,84939.686,21234.921499999997,6.0,1.0,0.0,0.25,0,0.34292491778572065,Medium Risk
C109531,16,5,123117.141,24623.428200000002,12.0,3.0,2.0,0.4,0,0.34268812207824717,Medium Risk
C108538,34,5,124903.056,24980.6112,12.0,2.0,2.0,0.4,0,0.3426580184825141,Medium Risk
C111863,50,5,45866.516,9173.3032,7.0,5.0,0.0,1.0,0,0.34265642655758444,Medium Risk
C107616,55,5,70585.283,14117.0566,11.0,4.0,2.0,0.2,0,0.34265626003340427,Medium Risk
C113433,104,6,131804.2345,21967.372416666665,3.0,1.0,2.0,0.6666666666666666,1,0.34252521572130795,Medium Risk
C111018,-1,4,113085.111,28271.27775,5.0,1.0,1.0,0.5,0,0.34250993219868475,Medium Risk
C108257,4,4,102334.6715,25583.667875000003,8.0,0.0,0.0,0.75,0,0.3424953025283111,Medium Risk
C106180,9,8,173793.772,21724.2215,11.0,3.0,0.0,0.875,0,0.3424828875023653,Medium Risk
C105011,16,4,98920.7175,24730.179375,7.0,1.0,0.0,0.75,0,0.34233744167814634,Medium Risk
C106737,223,4,164779.102,41194.7755,7.0,1.0,2.0,0.5,1,0.3423115559674513,Medium Risk
C108769,22,5,92305.4315,18461.0863,8.0,2.0,2.0,0.6,0,0.34230407458917417,Medium Risk
C110650,23,5,125889.459,25177.8918,14.0,4.0,2.0,0.6,0,0.34223718001097936,Medium Risk
C114302,8,4,57538.57,14384.642500000002,7.0,1.0,1.0,0.0,0,0.34222548884090087,Medium Risk
C103442,133,6,78895.9955,13149.332583333331,10.0,6.0,0.0,0.5,1,0.34221370417681596,Medium Risk
C114426,75,5,123673.8505,24734.7701,9.0,2.0,1.0,0.4,0,0.3421213179216289,Medium Risk
C110934,96,6,160010.244,26668.374,11.0,4.0,1.0,0.6666666666666666,1,0.34205645155091946,Medium Risk
C113245,50,4,94141.319,23535.32975,7.0,1.0,2.0,0.25,0,0.34200228027331037,Medium Risk
C106101,56,4,159326.29499999998,39831.57375,5.0,1.0,2.0,0.5,0,0.3419341398580744,Medium Risk
C102186,60,4,99183.21250000001,24795.803125000002,8.0,5.0,1.0,1.0,0,0.34190073677257776,Medium Risk
C112169,63,5,59533.298,11906.6596,9.0,3.0,0.0,0.2,0,0.3418583345369226,Medium Risk
C110470,60,5,145564.4735,29112.894699999997,8.0,3.0,1.0,0.4,0,0.3418281000466388,Medium Risk
C103827,119,5,105996.82100000001,21199.364200000004,12.0,1.0,1.0,0.6,1,0.3417627575447665,Medium Risk
C104677,49,5,99542.737,19908.5474,8.0,1.0,1.0,0.8,0,0.34170804215807593,Medium Risk
C101515,85,4,78305.19,19576.2975,6.0,1.0,2.0,0.0,0,0.3416488663013207,Medium Risk
C103748,13,6,84481.8815,14080.313583333334,5.0,0.0,1.0,0.6666666666666666,0,0.3416437527753617,Medium Risk
C113229,3,4,106737.14,26684.285,2.0,1.0,1.0,0.5,0,0.34143609614376014,Medium Risk
C108381,109,5,101222.3125,20244.4625,8.0,2.0,1.0,0.6,1,0.34134207913705117,Medium Risk
C101001,198,5,105792.952,21158.590399999997,6.0,2.0,2.0,0.4,1,0.3412567460726924,Medium Risk
C114003,19,4,101306.834,25326.7085,8.0,3.0,1.0,1.0,0,0.34124651653719806,Medium Risk
C114706,110,6,109131.22899999999,18188.538166666665,2.0,0.0,0.0,0.8333333333333334,1,0.3411595385201602,Medium Risk
C101756,30,5,157086.609,31417.321799999998,10.0,5.0,0.0,0.6,0,0.3411408104720659,Medium Risk
C108712,144,5,154956.95299999998,30991.390599999995,11.0,3.0,2.0,0.6,1,0.34101880325262424,Medium Risk
C104439,62,4,46728.714,11682.1785,13.0,2.0,0.0,0.5,0,0.34076818871004144,Medium Risk
C110996,159,5,123532.36450000001,24706.4729,10.0,1.0,0.0,0.6,1,0.340418293223011,Medium Risk
C110017,4,4,80984.94099999999,20246.23525,11.0,1.0,1.0,0.5,0,0.3404121251418063,Medium Risk
C112547,167,4,88062.454,22015.6135,4.0,1.0,0.0,0.75,1,0.34039176033604673,Medium Risk
C102056,69,5,79768.086,15953.617199999999,12.0,5.0,1.0,0.4,0,0.34028917119306784,Medium Risk
C113941,26,5,127478.827,25495.7654,8.0,2.0,0.0,0.4,0,0.3402429620797487,Medium Risk
C103464,55,6,143026.8175,23837.802916666667,6.0,4.0,1.0,0.6666666666666666,0,0.33991196662700207,Medium Risk
C113099,118,6,131477.1225,21912.85375,15.0,4.0,1.0,0.8333333333333334,1,0.3398025903594082,Medium Risk
C109411,6,5,136775.6845,27355.1369,9.0,1.0,0.0,0.6,0,0.3397555145586832,Medium Risk
C107670,57,6,79612.52249999999,13268.753749999998,11.0,2.0,2.0,0.5,0,0.33975423030708335,Medium Risk
C109311,23,5,72523.6105,14504.722099999999,8.0,4.0,0.0,0.4,0,0.3397146953110998,Medium Risk
C112463,-1,5,141508.4095,28301.681900000003,8.0,2.0,3.0,0.6,0,0.33961019811391924,Medium Risk
C112783,92,5,131523.964,26304.792800000003,8.0,0.0,0.0,0.6,1,0.3395532870118047,Medium Risk
C112363,8,4,32001.3295,8000.332375,12.0,3.0,0.0,0.5,0,0.3395179015702306,Medium Risk
C101309,114,5,115481.8095,23096.361900000004,10.0,1.0,2.0,0.6,1,0.3395036151141916,Medium Risk
C109595,8,5,116955.4625,23391.0925,10.0,0.0,0.0,0.6,0,0.33950030684447213,Medium Risk
C109271,60,5,113533.72050000001,22706.7441,7.0,2.0,0.0,0.8,0,0.33945532133497236,Medium Risk
C107157,10,5,154610.9345,30922.1869,2.0,1.0,0.0,0.8,0,0.33938193060498195,Medium Risk
C109384,40,5,103732.513,20746.5026,8.0,3.0,1.0,1.0,0,0.339323420239796,Medium Risk
C113765,129,7,159336.448,22762.349714285716,9.0,2.0,2.0,0.7142857142857143,1,0.3391989955784532,Medium Risk
C108357,67,4,125670.7825,31417.695625,5.0,1.0,0.0,0.75,0,0.33917907337676495,Medium Risk
C100977,44,6,153209.468,25534.911333333333,7.0,4.0,1.0,0.6666666666666666,0,0.3391582603332733,Medium Risk
C113116,40,5,119402.18950000001,23880.4379,10.0,1.0,1.0,0.4,0,0.3391476703980747,Medium Risk
C100096,86,5,93114.6095,18622.9219,9.0,5.0,1.0,0.6,0,0.3390590265704974,Medium Risk
C101678,46,4,81277.0565,20319.264125,15.0,4.0,1.0,0.5,0,0.3390530230868709,Medium Risk
C104425,89,4,82299.519,20574.87975,2.0,0.0,0.0,0.75,0,0.3390011341158416,Medium Risk
C110386,131,5,137622.404,27524.4808,6.0,0.0,1.0,0.2,1,0.33898573801923076,Medium Risk
C106579,7,5,100613.3785,20122.6757,14.0,3.0,3.0,0.6,0,0.33893375042747875,Medium Risk
C112216,2,4,84385.8885,21096.472125,7.0,0.0,0.0,0.5,0,0.33887458139093307,Medium Risk
C101609,22,6,150309.648,25051.607999999997,6.0,2.0,0.0,0.6666666666666666,0,0.3387651579319864,Medium Risk
C114897,120,5,133495.669,26699.1338,4.0,2.0,0.0,0.8,1,0.33871370251880656,Medium Risk
C104153,0,4,86862.5115,21715.627875,4.0,1.0,2.0,0.5,0,0.33870246118581204,Medium Risk
C110057,95,10,149164.3175,14916.43175,14.0,1.0,4.0,0.6,1,0.3386531346667319,Medium Risk
C102127,55,4,82066.162,20516.540500000003,10.0,1.0,0.0,0.25,0,0.3385511472947567,Medium Risk
C106870,97,6,136662.2235,22777.037249999998,8.0,1.0,1.0,0.8333333333333334,1,0.33853840533338847,Medium Risk
C109940,37,4,63317.782,15829.4455,15.0,5.0,0.0,0.5,0,0.33831568953555324,Medium Risk
C102479,100,5,91949.7135,18389.9427,6.0,1.0,0.0,0.8,1,0.3381530077172104,Medium Risk
C107178,0,5,108441.477,21688.2954,10.0,3.0,2.0,0.6,0,0.33809700968485357,Medium Risk
C104657,25,5,129386.33300000001,25877.2666,10.0,2.0,0.0,1.0,0,0.33806086362812915,Medium Risk
C101208,25,5,123680.12999999999,24736.026,6.0,2.0,0.0,0.6,0,0.33791067305506806,Medium Risk
C111556,70,5,113435.161,22687.0322,10.0,1.0,3.0,0.8,0,0.3378610278217176,Medium Risk
C109733,38,5,99126.9405,19825.3881,12.0,3.0,0.0,1.0,0,0.33783788378001367,Medium Risk
C109867,123,6,143878.569,23979.761499999997,8.0,2.0,3.0,0.5,1,0.33783219664703523,Medium Risk
C114490,45,4,82439.932,20609.983,3.0,0.0,0.0,0.5,0,0.3377047559977079,Medium Risk
C109791,185,5,126608.325,25321.665,8.0,0.0,0.0,0.6,1,0.3376554262085331,Medium Risk
C112041,77,5,113345.59300000001,22669.1186,7.0,1.0,0.0,0.4,0,0.33732882713426554,Medium Risk
C102385,70,5,93356.282,18671.2564,9.0,1.0,2.0,0.8,0,0.3372994567105439,Medium Risk
C107721,42,5,116678.34,23335.667999999998,6.0,3.0,0.0,0.8,0,0.3371776766629532,Medium Risk
C106549,17,4,95146.159,23786.53975,5.0,2.0,3.0,0.5,0,0.33717745978955876,Medium Risk
C109699,80,5,78777.953,15755.590600000001,11.0,6.0,0.0,0.4,0,0.337121182656621,Medium Risk
C114275,164,5,152974.7065,30594.9413,10.0,3.0,0.0,0.4,1,0.33709364660022895,Medium Risk
C104829,19,5,103679.9945,20735.9989,10.0,4.0,2.0,0.8,0,0.33703768469990636,Medium Risk
C107729,194,5,156305.55000000002,31261.109999999997,10.0,3.0,1.0,0.2,1,0.3369933664805443,Medium Risk
C111484,28,5,132979.2555,26595.8511,8.0,2.0,2.0,0.6,0,0.3369696210809829,Medium Risk
C112414,149,5,104885.051,20977.0102,7.0,1.0,2.0,0.8,1,0.3367657217735168,Medium Risk
C104857,42,5,115946.59000000001,23189.318,8.0,0.0,1.0,0.6,0,0.3366569769463741,Medium Risk
C107123,324,6,132423.8635,22070.643916666664,8.0,4.0,1.0,0.5,1,0.3366476838272002,Medium Risk
C105117,84,5,35847.556,7169.511199999999,6.0,1.0,0.0,0.4,0,0.3366136892560674,Medium Risk
C100660,21,4,88027.02,22006.754999999997,5.0,1.0,2.0,0.0,0,0.3365489241512185,Medium Risk
C114633,64,4,78602.7075,19650.676875,3.0,0.0,2.0,0.75,0,0.3364818560184095,Medium Risk
C103935,15,5,120635.917,24127.1834,11.0,1.0,2.0,0.6,0,0.3364489400204155,Medium Risk
C103041,25,4,101033.10399999999,25258.276,4.0,0.0,0.0,0.5,0,0.3364411513856801,Medium Risk
C104207,60,4,80361.97750000001,20090.494375000002,3.0,1.0,0.0,0.5,0,0.33640174795908045,Medium Risk
C104525,12,5,140138.574,28027.714800000005,7.0,3.0,1.0,0.2,0,0.33636546184825455,Medium Risk
C108628,111,4,47130.618,11782.6545,13.0,5.0,0.0,0.75,1,0.3362449734759413,Medium Risk
C112577,184,7,157313.127,22473.30385714286,11.0,3.0,2.0,0.5714285714285714,1,0.33611669703276914,Medium Risk
C107200,119,5,141422.0125,28284.402499999997,6.0,2.0,2.0,0.6,1,0.336112583651087,Medium Risk
C104446,34,5,130918.025,26183.605,7.0,2.0,0.0,0.2,0,0.3360814038733883,Medium Risk
C104993,14,4,94641.44,23660.36,2.0,1.0,1.0,1.0,0,0.3360721505784054,Medium Risk
C111241,8,5,107904.4435,21580.8887,9.0,5.0,2.0,0.6,0,0.3358694613804822,Medium Risk
C100631,20,4,110862.411,27715.60275,6.0,0.0,1.0,0.75,0,0.3358500150419701,Medium Risk
C100139,219,5,126673.931,25334.7862,11.0,1.0,0.0,0.4,1,0.33577332622145684,Medium Risk
C112071,176,6,131696.655,21949.442500000005,11.0,3.0,0.0,0.5,1,0.33575555151214476,Medium Risk
C111060,12,5,120088.62749999999,24017.725499999997,9.0,1.0,0.0,0.8,0,0.33567382133942575,Medium Risk
C104639,211,5,123109.0555,24621.8111,7.0,1.0,0.0,0.8,1,0.3356092821762347,Medium Risk
C110459,-1,4,90000.9325,22500.233125,7.0,0.0,0.0,0.75,0,0.3355693671384576,Medium Risk
C102856,51,4,97520.685,24380.17125,5.0,2.0,0.0,0.75,0,0.33553587450724437,Medium Risk
C106126,47,5,84318.579,16863.715799999998,8.0,1.0,0.0,0.6,0,0.33543427418103156,Medium Risk
C104814,0,5,52433.4605,10486.6921,6.0,2.0,0.0,0.2,0,0.3354216730967737,Medium Risk
C109511,-1,6,81161.342,13526.890333333335,9.0,1.0,2.0,0.6666666666666666,0,0.3353879221922061,Medium Risk
C108585,5,5,93274.257,18654.8514,6.0,2.0,0.0,0.8,0,0.33522674764052485,Medium Risk
C107680,3,7,149958.9325,21422.70464285714,12.0,3.0,0.0,0.8571428571428571,0,0.33518467301172916,Medium Risk
C105872,53,2,98866.631,49433.3155,15.0,4.0,0.0,1.0,0,0.3351578193405217,Medium Risk
C110609,233,5,120047.4155,24009.4831,14.0,7.0,1.0,0.8,1,0.3351525156573676,Medium Risk
C101725,77,5,129810.502,25962.1004,9.0,1.0,2.0,0.8,0,0.3350701525852661,Medium Risk
C111651,1,4,80873.024,20218.256,4.0,1.0,0.0,0.25,0,0.33490207607398204,Medium Risk
C114153,25,4,38150.073000000004,9537.518250000001,12.0,4.0,0.0,0.5,0,0.3348032403277886,Medium Risk
C113876,12,4,47114.1375,11778.534375,14.0,4.0,0.0,0.75,0,0.33477643926400075,Medium Risk
C106961,71,4,89833.5995,22458.399875,14.0,4.0,0.0,1.0,0,0.3347644694067274,Medium Risk
C111697,44,5,145659.63749999998,29131.9275,8.0,2.0,2.0,0.4,0,0.33461604002343237,Medium Risk
C101005,2,5,101483.4745,20296.694900000002,11.0,4.0,0.0,0.8,0,0.33460482344448544,Medium Risk
C111420,125,5,154218.095,30843.619,10.0,2.0,0.0,0.4,1,0.33411396902630774,Medium Risk
C109454,2,4,87629.666,21907.4165,3.0,0.0,1.0,0.5,0,0.33408211347033173,Medium Risk
C112129,134,5,138897.1995,27779.439899999998,5.0,3.0,0.0,0.2,1,0.33407047017205066,Medium Risk
C111009,19,4,81263.1225,20315.780625,10.0,1.0,0.0,0.5,0,0.3339485360445957,Medium Risk
C106284,63,5,124321.7905,24864.3581,13.0,1.0,1.0,0.8,0,0.33389460340997607,Medium Risk
C109502,1,5,86509.39,17301.877999999997,6.0,2.0,0.0,0.6,0,0.33382419525623824,Medium Risk
C110902,14,4,167538.6195,41884.654875,8.0,0.0,1.0,0.5,0,0.33376957050539624,Medium Risk
C110016,30,5,63665.953499999996,12733.1907,4.0,1.0,0.0,0.2,0,0.333710207292052,Medium Risk
C113194,10,4,115576.919,28894.22975,14.0,3.0,0.0,0.75,0,0.33363673164211527,Medium Risk
C114928,36,4,87166.3815,21791.595375000004,4.0,0.0,0.0,0.75,0,0.3336238762937832,Medium Risk
C102300,27,6,140731.5475,23455.257916666666,7.0,1.0,1.0,0.8333333333333334,0,0.3336183696581786,Medium Risk
C104981,80,7,152998.5485,21856.9355,10.0,3.0,0.0,0.8571428571428571,0,0.33358189945641814,Medium Risk
C109317,118,7,157798.523,22542.646142857142,3.0,0.0,0.0,0.2857142857142857,1,0.33353642509184445,Medium Risk
C114757,3,5,124297.4675,24859.4935,6.0,1.0,0.0,0.6,0,0.33333165719098135,Medium Risk
C107085,1,6,140222.1915,23370.365250000003,10.0,1.0,0.0,0.6666666666666666,0,0.33331078544283554,Medium Risk
C110175,57,4,100765.86300000001,25191.465750000003,4.0,1.0,0.0,0.5,0,0.3332496830010221,Medium Risk
C113439,17,5,131760.377,26352.0754,4.0,2.0,0.0,0.6,0,0.3329968287094065,Medium Risk
C104561,-1,4,42878.0755,10719.518875,13.0,4.0,0.0,0.5,0,0.3329658071909251,Medium Risk
C112093,53,6,76793.476,12798.912666666665,8.0,0.0,2.0,0.5,0,0.33282635778735936,Medium Risk
C108758,65,4,82706.2525,20676.563125,6.0,0.0,1.0,0.5,0,0.3326718671734866,Medium Risk
C107989,5,5,140095.97100000002,28019.194200000005,11.0,1.0,0.0,0.4,0,0.33266475026255365,Medium Risk
C107845,0,5,106108.276,21221.6552,7.0,3.0,1.0,0.4,0,0.33256834301722193,Medium Risk
C102742,34,5,91311.178,18262.2356,7.0,2.0,1.0,0.2,0,0.3324671389634856,Medium Risk
C103149,17,4,102701.9525,25675.488125000003,6.0,1.0,0.0,0.75,0,0.33237179908430237,Medium Risk
C113448,89,5,138153.018,27630.603600000002,11.0,1.0,0.0,0.6,0,0.33230024542067715,Medium Risk
C100626,29,4,80920.57,20230.1425,10.0,1.0,0.0,0.5,0,0.332254540016603,Medium Risk
C102793,6,6,141726.884,23621.14733333333,10.0,4.0,3.0,0.3333333333333333,0,0.332229912863892,Medium Risk
C112982,110,5,121329.5225,24265.904499999997,7.0,0.0,0.0,0.6,1,0.33212748619002186,Medium Risk
C106151,3,5,89963.955,17992.791,11.0,2.0,0.0,0.6,0,0.3320676385425659,Medium Risk
C104376,259,5,106423.779,21284.755800000003,14.0,3.0,0.0,0.8,1,0.3320536742688472,Medium Risk
C103173,215,6,165316.483,27552.747166666668,4.0,0.0,2.0,0.16666666666666666,1,0.33200002469590717,Medium Risk
C111038,51,5,150520.71600000001,30104.143200000002,8.0,1.0,1.0,0.8,0,0.331992844484114,Medium Risk
C103062,-1,4,72437.65,18109.4125,5.0,0.0,0.0,0.0,0,0.3319476344551516,Medium Risk
C107238,139,6,155978.76799999998,25996.461333333336,4.0,1.0,0.0,0.6666666666666666,1,0.3318514350096361,Medium Risk
C109865,45,4,102796.998,25699.2495,5.0,1.0,0.0,0.5,0,0.3317022461638628,Medium Risk
C104647,35,5,114202.0545,22840.4109,9.0,1.0,0.0,0.8,0,0.3316753963876857,Medium Risk
C113922,5,4,98538.845,24634.71125,5.0,1.0,0.0,1.0,0,0.3316713742627078,Medium Risk
C114397,39,4,92609.805,23152.45125,5.0,0.0,1.0,0.75,0,0.33162761371341737,Medium Risk
C110666,56,5,145229.21300000002,29045.842600000004,10.0,3.0,2.0,0.4,0,0.3312719649389747,Medium Risk
C106563,5,4,72490.092,18122.523,18.0,5.0,0.0,0.5,0,0.3311072008806176,Medium Risk
C102304,117,6,129442.84950000001,21573.808250000002,6.0,2.0,0.0,0.6666666666666666,1,0.33109258281442616,Medium Risk
C114684,133,6,89745.455,14957.575833333334,4.0,2.0,1.0,0.16666666666666666,1,0.3310592651625449,Medium Risk
C109579,18,5,133495.4365,26699.087299999996,9.0,1.0,1.0,0.6,0,0.3309441410370204,Medium Risk
C104353,32,6,66353.713,11058.952166666668,7.0,0.0,2.0,0.6666666666666666,0,0.3308581196412315,Medium Risk
C114356,4,6,83339.544,13889.923999999999,10.0,3.0,0.0,0.8333333333333334,0,0.3308034542903191,Medium Risk
C102656,190,7,82445.96549999999,11777.99507142857,3.0,2.0,0.0,1.0,1,0.3307562583599677,Medium Risk
C103478,24,4,86674.154,21668.5385,6.0,0.0,1.0,0.5,0,0.33074103617613515,Medium Risk
C110635,52,5,85611.11750000001,17122.2235,9.0,2.0,0.0,0.4,0,0.33061843488219644,Medium Risk
C101389,17,4,102047.9615,25511.990375,5.0,1.0,1.0,0.75,0,0.33055735878625475,Medium Risk
C106419,26,5,73494.59,14698.918,12.0,3.0,0.0,0.4,0,0.3305551468801026,Medium Risk
C113174,201,6,117363.02149999999,19560.503583333335,3.0,0.0,0.0,0.3333333333333333,1,0.3305028149218225,Medium Risk
C108001,8,5,81442.5505,16288.5101,12.0,5.0,2.0,0.6,0,0.33028815306902426,Medium Risk
C103474,8,5,101147.0445,20229.408900000002,12.0,2.0,0.0,1.0,0,0.33023873235817214,Medium Risk
C113599,476,5,109552.714,21910.542800000003,4.0,0.0,1.0,0.4,1,0.330056501235663,Medium Risk
C114576,180,6,82177.1215,13696.186916666666,6.0,1.0,1.0,0.6666666666666666,1,0.330023219287852,Medium Risk
C108579,359,6,143457.2605,23909.543416666664,8.0,5.0,1.0,0.5,1,0.32998079048204587,Medium Risk
C101108,28,5,101459.919,20291.983799999998,13.0,6.0,0.0,0.8,0,0.3298907461365499,Medium Risk
C102437,42,5,116429.4505,23285.8901,6.0,0.0,0.0,0.6,0,0.32986824124701963,Medium Risk
C114404,90,5,104302.7015,20860.5403,7.0,1.0,1.0,0.8,0,0.32981904122062444,Medium Risk
C103271,101,5,120668.027,24133.6054,3.0,2.0,1.0,0.6,1,0.32954634487697426,Medium Risk
C112302,60,5,83355.57699999999,16671.1154,11.0,3.0,0.0,0.4,0,0.3294742574482016,Medium Risk
C114868,37,5,72585.626,14517.125199999999,8.0,1.0,0.0,0.4,0,0.3294590754413359,Medium Risk
C110621,176,6,84015.481,14002.580166666667,7.0,1.0,0.0,0.5,1,0.32944302635331774,Medium Risk
C102470,11,5,148759.3515,29751.8703,10.0,1.0,1.0,0.6,0,0.32939945871373233,Medium Risk
C109519,129,5,108528.556,21705.7112,6.0,2.0,0.0,0.6,1,0.32939285706563015,Medium Risk
C108448,23,5,110727.59,22145.518,5.0,2.0,1.0,0.0,0,0.3293261600214631,Medium Risk
C105253,2,6,93874.999,15645.833166666665,3.0,1.0,1.0,0.6666666666666666,0,0.3292949678469342,Medium Risk
C108846,26,4,45931.2435,11482.810875,12.0,5.0,0.0,0.75,0,0.3292269029187645,Medium Risk
C112345,113,7,117945.91750000001,16849.416785714286,10.0,3.0,1.0,0.8571428571428571,1,0.32919437620980835,Medium Risk
C113366,18,6,157483.47,26247.245,9.0,3.0,0.0,0.6666666666666666,0,0.32907845089687837,Medium Risk
C106224,0,5,62290.392,12458.0784,6.0,2.0,2.0,0.2,0,0.3288792300003107,Medium Risk
C109908,23,4,44692.181,11173.04525,13.0,1.0,0.0,0.5,0,0.3287790893613532,Medium Risk
C110738,66,4,118467.0875,29616.771875000002,3.0,0.0,0.0,0.75,0,0.3287568861231635,Medium Risk
C106624,59,4,81795.47,20448.8675,4.0,1.0,1.0,0.0,0,0.3287457185416914,Medium Risk
C100958,6,4,104648.204,26162.051,8.0,1.0,2.0,1.0,0,0.328722992055919,Medium Risk
C100916,3,5,82553.594,16510.7188,8.0,2.0,0.0,0.6,0,0.32856431660528057,Medium Risk
C104468,32,5,124817.722,24963.5444,5.0,3.0,1.0,0.6,0,0.32856063490547954,Medium Risk
C110393,167,5,134661.4525,26932.290500000003,6.0,1.0,2.0,0.8,1,0.3284863541871553,Medium Risk
C100565,557,5,109566.435,21913.287,9.0,1.0,0.0,0.4,1,0.3281928607817581,Medium Risk
C104745,47,3,24136.392,8045.464,16.0,5.0,0.0,0.3333333333333333,0,0.32812618420128353,Medium Risk
C102164,5,5,111172.524,22234.504800000002,6.0,0.0,1.0,0.2,0,0.3278527938163635,Medium Risk
C112597,169,6,141646.40350000001,23607.733916666668,7.0,1.0,0.0,0.5,1,0.32785131522278355,Medium Risk
C111461,214,7,153226.489,21889.498428571427,9.0,1.0,1.0,0.7142857142857143,1,0.3276996105341135,Medium Risk
C102019,20,5,122137.72750000001,24427.5455,4.0,2.0,1.0,0.6,0,0.32758842109226755,Medium Risk
C112330,139,7,208139.9215,29734.2745,11.0,5.0,3.0,0.7142857142857143,1,0.3275883029816223,Medium Risk
C106815,11,5,139766.7205,27953.3441,6.0,3.0,1.0,0.6,0,0.3274945192328753,Medium Risk
C114823,134,5,167153.264,33430.6528,7.0,4.0,1.0,0.4,1,0.32732819256628665,Medium Risk
C107540,8,5,109846.296,21969.2592,10.0,1.0,1.0,1.0,0,0.3272005710496774,Medium Risk
C109612,33,6,53499.4815,8916.58025,10.0,6.0,0.0,0.6666666666666666,0,0.32719649928351574,Medium Risk
C102807,36,5,97472.357,19494.471400000002,9.0,2.0,0.0,0.6,0,0.32709435907738915,Medium Risk
C101180,20,5,107514.23899999999,21502.8478,7.0,2.0,2.0,0.4,0,0.32696344625296186,Medium Risk
C113476,83,5,140088.128,28017.6256,12.0,7.0,1.0,0.8,0,0.32693476375165104,Medium Risk
C105883,3,5,89895.16500000001,17979.033000000003,9.0,3.0,0.0,0.4,0,0.3268973058193314,Medium Risk
C110157,118,6,187138.0275,31189.67125,5.0,1.0,2.0,0.6666666666666666,1,0.3268475509717837,Medium Risk
C108839,116,5,107570.084,21514.0168,4.0,0.0,0.0,0.4,1,0.3267766488370485,Medium Risk
C110036,68,5,78589.114,15717.8228,7.0,1.0,0.0,0.4,0,0.3267648984935342,Medium Risk
C100206,57,5,146885.09100000001,29377.0182,7.0,1.0,0.0,0.4,0,0.3266134177850729,Medium Risk
C105695,4,6,142008.189,23668.0315,8.0,0.0,1.0,0.6666666666666666,0,0.326543972494799,Medium Risk
C107570,178,6,130485.253,21747.542166666666,10.0,3.0,0.0,0.3333333333333333,1,0.3265338517887247,Medium Risk
C101634,24,5,91154.087,18230.8174,5.0,1.0,0.0,0.8,0,0.326507703879856,Medium Risk
C113299,13,5,151024.4475,30204.8895,6.0,4.0,0.0,0.2,0,0.3264656402037953,Medium Risk
C109947,115,5,140547.705,28109.540999999997,5.0,2.0,1.0,0.6,1,0.32634222435280746,Medium Risk
C111279,31,5,78543.8675,15708.7735,10.0,1.0,0.0,0.4,0,0.32628925023875965,Medium Risk
C100118,84,5,69490.245,13898.048999999999,15.0,5.0,0.0,0.6,0,0.32627005648070984,Medium Risk
C109753,0,6,64776.627499999995,10796.104583333332,7.0,3.0,0.0,0.5,0,0.32595305091286997,Medium Risk
C112270,4,5,106105.107,21221.0214,8.0,2.0,0.0,0.6,0,0.3258673815904371,Medium Risk
C104350,144,6,85322.616,14220.436,6.0,0.0,0.0,0.5,1,0.3258666613013411,Medium Risk
C107206,169,5,81687.227,16337.4454,12.0,4.0,0.0,0.6,1,0.32572195677521415,Medium Risk
C109771,156,7,117808.15950000001,16829.73707142857,9.0,3.0,1.0,0.8571428571428571,1,0.3256913879604139,Medium Risk
C100395,-1,5,131645.164,26329.032799999997,2.0,2.0,1.0,0.6,0,0.3256267265552507,Medium Risk
C106140,20,4,107504.79299999999,26876.198249999998,9.0,2.0,1.0,1.0,0,0.32561245707925596,Medium Risk
C109421,36,5,149222.402,29844.4804,11.0,5.0,0.0,0.2,0,0.3255609629535274,Medium Risk
C102873,33,5,136016.763,27203.352600000002,7.0,2.0,1.0,0.2,0,0.3253827810545644,Medium Risk
C109013,89,5,123414.762,24682.952400000002,5.0,1.0,0.0,0.4,0,0.32534336093432403,Medium Risk
C103809,55,6,130366.6395,21727.773250000002,10.0,3.0,1.0,0.6666666666666666,0,0.32533265396830247,Medium Risk
C105305,9,6,70194.3925,11699.065416666666,8.0,0.0,1.0,0.6666666666666666,0,0.32529256473899454,Medium Risk
C114969,-1,5,95569.65,19113.93,12.0,3.0,2.0,0.6,0,0.32527655235212,Medium Risk
C111774,31,5,124111.033,24822.206599999998,8.0,1.0,0.0,0.4,0,0.3251993507405973,Medium Risk
C103152,65,6,81989.0535,13664.84225,4.0,0.0,0.0,0.6666666666666666,0,0.3250812300022644,Medium Risk
C104658,8,5,64580.002,12916.0004,9.0,1.0,0.0,0.2,0,0.3250766217561808,Medium Risk
C114131,227,4,107791.1615,26947.790375,11.0,0.0,1.0,1.0,1,0.3249787598764035,Medium Risk
C114689,25,6,82757.305,13792.884166666665,8.0,1.0,1.0,0.6666666666666666,0,0.32489947878079134,Medium Risk
C102363,19,6,68527.32949999999,11421.221583333332,10.0,3.0,0.0,0.5,0,0.3248804485046922,Medium Risk
C102996,25,5,127826.04250000001,25565.2085,4.0,1.0,1.0,0.4,0,0.32482902507336475,Medium Risk
C106987,-1,5,70111.56,14022.312,8.0,2.0,1.0,0.2,0,0.32480181163020566,Medium Risk
C100760,172,6,175716.1975,29286.032916666667,9.0,5.0,1.0,0.6666666666666666,1,0.32471738313054854,Medium Risk
C106661,456,6,142640.194,23773.365666666665,7.0,1.0,0.0,0.5,1,0.3246502468461493,Medium Risk
C114441,15,4,78968.519,19742.12975,6.0,0.0,1.0,0.25,0,0.32464054623396066,Medium Risk
C108101,16,6,75880.042,12646.673666666667,4.0,2.0,0.0,0.6666666666666666,0,0.3245313768380377,Medium Risk
C113328,40,5,80784.6215,16156.924299999999,9.0,2.0,0.0,0.6,0,0.3245248449351805,Medium Risk
C113528,19,4,34215.3805,8553.845125,10.0,4.0,0.0,0.5,0,0.3244296391827344,Medium Risk
C108944,27,5,102775.306,20555.0612,9.0,3.0,1.0,0.2,0,0.3244113332288582,Medium Risk
C113757,48,5,99471.026,19894.205200000004,10.0,3.0,0.0,0.6,0,0.3243529992317724,Medium Risk
C113960,86,5,121859.9625,24371.9925,6.0,0.0,0.0,0.4,0,0.3242772736069178,Medium Risk
C112200,97,6,137277.87900000002,22879.646500000003,7.0,1.0,1.0,0.6666666666666666,1,0.3240964717945769,Medium Risk
C108203,41,4,98103.22949999999,24525.807374999997,3.0,1.0,1.0,0.75,0,0.32404200790535703,Medium Risk
C105877,3,7,176983.928,25283.418285714288,11.0,2.0,0.0,1.0,0,0.32403422406989685,Medium Risk
C106237,240,7,160768.743,22966.963285714282,4.0,1.0,1.0,0.7142857142857143,1,0.3239989068406112,Medium Risk
C101820,15,5,87699.388,17539.8776,10.0,4.0,0.0,0.4,0,0.3238661288826089,Medium Risk
C108249,92,5,134710.5705,26942.1141,6.0,1.0,2.0,0.4,1,0.32384048810572014,Medium Risk
C113084,27,5,96989.3725,19397.874499999998,6.0,2.0,0.0,0.6,0,0.32380568534073445,Medium Risk
C114762,179,6,153625.691,25604.28183333333,13.0,4.0,2.0,0.5,1,0.3236769545718962,Medium Risk
C103794,24,5,112492.29550000001,22498.4591,5.0,3.0,0.0,0.8,0,0.3236057994936036,Medium Risk
C107946,2,6,69777.26449999999,11629.544083333332,6.0,2.0,2.0,0.8333333333333334,0,0.3234283353071257,Medium Risk
C112215,50,6,142158.906,23693.150999999998,3.0,1.0,2.0,0.8333333333333334,0,0.32340658568199876,Medium Risk
C105189,91,7,91906.947,13129.563857142857,11.0,6.0,1.0,0.7142857142857143,1,0.3233766004355108,Medium Risk
C106082,51,5,39712.019499999995,7942.403899999999,4.0,0.0,0.0,0.6,0,0.323142701202961,Medium Risk
C105805,31,5,91734.62299999999,18346.9246,8.0,2.0,0.0,0.6,0,0.3231066509560127,Medium Risk
C106493,201,6,130578.739,21763.123166666668,7.0,1.0,1.0,0.6666666666666666,1,0.3230437375632766,Medium Risk
C102045,211,5,91164.541,18232.908199999998,3.0,0.0,0.0,0.6,1,0.32304125149321544,Medium Risk
C112022,136,5,91396.582,18279.3164,7.0,1.0,1.0,0.2,1,0.32297819805379047,Medium Risk
C109700,6,5,75271.38,15054.276000000002,9.0,3.0,1.0,0.0,0,0.3228797184538795,Medium Risk
C112481,102,5,103066.199,20613.2398,9.0,2.0,2.0,0.6,1,0.3227970997823377,Medium Risk
C103121,11,5,88881.094,17776.2188,9.0,1.0,1.0,0.4,0,0.32278408600331454,Medium Risk
C107230,2,4,118888.5135,29722.128375,4.0,1.0,0.0,0.75,0,0.32275374400415946,Medium Risk
C104960,106,6,97230.8385,16205.13975,8.0,3.0,0.0,0.8333333333333334,1,0.32255624270750133,Medium Risk
C112586,37,5,80750.4125,16150.082499999999,11.0,2.0,1.0,0.4,0,0.32250262527469753,Medium Risk
C110173,28,6,154403.458,25733.90966666667,12.0,5.0,1.0,0.6666666666666666,0,0.3224986305261758,Medium Risk
C111984,-1,4,130113.9245,32528.481125,5.0,2.0,2.0,0.75,0,0.32232216335109776,Medium Risk
C112306,9,4,90283.58,22570.895,5.0,0.0,1.0,0.5,0,0.3222804977956363,Medium Risk
C111891,9,5,127793.106,25558.6212,12.0,6.0,0.0,0.2,0,0.3222285623697636,Medium Risk
C104152,51,6,134951.0635,22491.843916666665,7.0,2.0,1.0,0.8333333333333334,0,0.32207092975942947,Medium Risk
C101092,87,5,109535.843,21907.168599999997,5.0,2.0,0.0,0.2,0,0.32193595766787664,Medium Risk
C101281,7,5,145019.0805,29003.816100000004,10.0,1.0,1.0,0.4,0,0.32192694849918907,Medium Risk
C105939,120,7,152125.0165,21732.145214285712,16.0,3.0,2.0,0.5714285714285714,1,0.32184591842224575,Medium Risk
C105548,52,7,158989.826,22712.832285714285,10.0,4.0,0.0,0.7142857142857143,0,0.32184262464311203,Medium Risk
C108701,81,5,110173.334,22034.6668,3.0,1.0,2.0,0.8,0,0.3218246343454958,Medium Risk
C110026,18,5,94887.564,18977.5128,7.0,2.0,1.0,0.4,0,0.32182055274507737,Medium Risk
C104323,4,5,90831.5135,18166.3027,8.0,4.0,0.0,0.4,0,0.3217944795575364,Medium Risk
C114233,31,4,121299.027,30324.75675,3.0,1.0,0.0,0.75,0,0.3216793992757718,Medium Risk
C101397,93,4,80373.39,20093.3475,4.0,1.0,0.0,0.5,1,0.3215232471771655,Medium Risk
C101183,48,6,147674.8715,24612.478583333334,13.0,4.0,2.0,0.5,0,0.3214554660847426,Medium Risk
C109002,298,5,92186.333,18437.2666,7.0,2.0,0.0,0.2,1,0.32136896244972163,Medium Risk
C104235,115,6,90683.026,15113.837666666666,8.0,1.0,1.0,0.6666666666666666,1,0.32130652287352623,Medium Risk
C111317,27,4,90920.5675,22730.141875,4.0,0.0,1.0,0.5,0,0.3212116084491273,Medium Risk
C102141,109,11,181915.946,16537.81327272727,10.0,5.0,0.0,0.18181818181818182,1,0.3212081160493817,Medium Risk
C114387,-1,5,135510.2685,27102.0537,6.0,1.0,0.0,0.4,0,0.32108620272190336,Medium Risk
C106774,58,5,109136.23999999999,21827.248,10.0,0.0,0.0,0.6,0,0.3210100192815938,Medium Risk
C113637,18,4,86520.2655,21630.066375000002,5.0,1.0,2.0,0.75,0,0.32094859367376233,Medium Risk
C102013,184,6,153729.54,25621.59,4.0,1.0,1.0,0.6666666666666666,1,0.32071924106459776,Medium Risk
C105061,74,6,83133.0115,13855.501916666666,5.0,0.0,1.0,0.6666666666666666,0,0.32059023662453967,Medium Risk
C101085,22,6,144057.236,24009.539333333334,8.0,4.0,1.0,0.3333333333333333,0,0.3205618073004129,Medium Risk
C111019,13,6,151193.964,25198.994000000002,12.0,1.0,1.0,0.6666666666666666,0,0.3204938756970251,Medium Risk
C114937,129,6,86721.395,14453.565833333332,5.0,1.0,0.0,0.5,1,0.3203826984386734,Medium Risk
C113563,42,5,90732.021,18146.4042,10.0,1.0,1.0,0.4,0,0.32026015320615886,Medium Risk
C106482,13,5,90770.20449999999,18154.0409,10.0,1.0,1.0,0.4,0,0.32026015320615886,Medium Risk
C114895,97,5,106630.34700000001,21326.0694,7.0,1.0,1.0,0.4,1,0.3202500424486171,Medium Risk
C101414,24,4,109572.848,27393.212,5.0,0.0,2.0,0.5,0,0.3201626528335006,Medium Risk
C103298,119,5,127986.9805,25597.3961,6.0,0.0,1.0,0.8,1,0.32011277454388426,Medium Risk
C107859,25,5,99381.368,19876.2736,7.0,2.0,1.0,0.2,0,0.3201000900687939,Medium Risk
C106575,18,5,92858.23849999999,18571.647699999998,4.0,1.0,1.0,0.4,0,0.3200729055981742,Medium Risk
C107795,72,4,148756.68,37189.17,18.0,3.0,2.0,0.0,0,0.3200584597634132,Medium Risk
C114909,161,7,155062.801,22151.828714285715,8.0,3.0,0.0,0.7142857142857143,1,0.32002473841971946,Medium Risk
C112930,128,5,86621.1275,17324.2255,5.0,1.0,0.0,0.4,1,0.3199637884141713,Medium Risk
C103518,15,4,31007.3225,7751.830625,10.0,4.0,0.0,0.75,0,0.3198964962222471,Medium Risk
C106578,176,5,107190.826,21438.165199999996,10.0,4.0,0.0,0.2,1,0.3198804853354449,Medium Risk
C100982,80,5,88989.048,17797.8096,12.0,5.0,0.0,0.4,0,0.3198305959577942,Medium Risk
C102920,37,5,110071.828,22014.365599999997,7.0,1.0,0.0,0.4,0,0.3198091217658444,Medium Risk
C102695,0,4,127888.5245,31972.131125000004,11.0,1.0,0.0,1.0,0,0.3198056404420257,Medium Risk
C102757,155,5,143249.349,28649.869799999997,6.0,1.0,1.0,0.4,1,0.31978534320218605,Medium Risk
C107370,10,5,93119.192,18623.8384,9.0,0.0,1.0,0.8,0,0.31975666216697435,Medium Risk
C103101,70,6,109998.636,18333.106,5.0,0.0,0.0,1.0,0,0.31959053310998736,Medium Risk
C112311,46,5,154031.28900000002,30806.257800000003,9.0,1.0,0.0,0.6,0,0.319554891970945,Medium Risk
C106531,43,5,81396.821,16279.3642,9.0,2.0,1.0,0.4,0,0.3195519167303248,Medium Risk
C103662,10,5,138589.7645,27717.952900000004,12.0,7.0,1.0,0.6,0,0.31954526444138515,Medium Risk
C109998,34,6,100292.213,16715.368833333334,9.0,2.0,1.0,0.8333333333333334,0,0.31941379427992556,Medium Risk
C110241,315,7,160453.28999999998,22921.89857142857,12.0,2.0,2.0,0.5714285714285714,1,0.3193735107169543,Medium Risk
C100532,107,5,98056.236,19611.2472,9.0,1.0,0.0,0.6,1,0.319371047886463,Medium Risk
C114373,66,5,133871.8105,26774.3621,3.0,1.0,1.0,0.4,0,0.31932881936299623,Medium Risk
C102789,73,5,96566.621,19313.3242,9.0,1.0,0.0,0.4,0,0.3192682409161025,Medium Risk
C114814,0,6,128494.266,21415.711,9.0,5.0,3.0,0.5,0,0.3192526494411228,Medium Risk
C112870,19,5,103292.131,20658.426199999998,10.0,6.0,1.0,0.6,0,0.31912737548579423,Medium Risk
C106068,7,5,78007.659,15601.5318,13.0,2.0,0.0,0.4,0,0.3190556129971741,Medium Risk
C103860,163,6,141643.5245,23607.254083333333,9.0,3.0,1.0,0.5,1,0.3190496467016878,Medium Risk
C107549,156,6,105399.3735,17566.56225,11.0,5.0,2.0,0.6666666666666666,1,0.3190242925269946,Medium Risk
C108242,4,6,96506.242,16084.373666666666,9.0,2.0,2.0,0.6666666666666666,0,0.3189775671334145,Medium Risk
C112724,11,5,133169.3255,26633.865100000003,6.0,1.0,1.0,1.0,0,0.3189357970465026,Medium Risk
C112454,89,5,133399.09,26679.818,10.0,3.0,0.0,0.0,0,0.3188009342352736,Medium Risk
C104598,1,4,160987.854,40246.9635,9.0,2.0,1.0,0.25,0,0.31872696327367483,Medium Risk
C113959,202,6,83472.288,13912.048,8.0,1.0,0.0,0.5,1,0.3187068221153225,Medium Risk
C109799,0,5,110631.747,22126.3494,8.0,0.0,0.0,0.4,0,0.318646075159993,Medium Risk
C114270,352,6,111517.65699999999,18586.276166666667,10.0,3.0,1.0,1.0,1,0.318507268469142,Medium Risk
C101624,365,6,129376.216,21562.702666666668,6.0,1.0,0.0,0.3333333333333333,1,0.3185011355059857,Medium Risk
C108076,303,5,138221.0125,27644.202499999996,6.0,1.0,2.0,0.8,1,0.31840126240955985,Medium Risk
C114521,28,5,138641.552,27728.3104,6.0,1.0,1.0,0.4,0,0.31835169396643254,Medium Risk
C108049,50,6,139639.7165,23273.286083333336,8.0,1.0,2.0,0.8333333333333334,0,0.31834105982549704,Medium Risk
C110051,11,5,121018.835,24203.767,12.0,1.0,2.0,0.6,0,0.3183266718993263,Medium Risk
C109829,6,5,125486.35650000001,25097.2713,13.0,5.0,0.0,0.8,0,0.31831666483335846,Medium Risk
C106733,18,6,129836.5565,21639.426083333336,11.0,3.0,2.0,0.8333333333333334,0,0.31810306802645427,Medium Risk
C100450,111,7,223778.236,31968.319428571423,8.0,1.0,0.0,0.42857142857142855,1,0.31809222558795214,Medium Risk
C108412,43,6,143058.99550000002,23843.16591666667,6.0,3.0,0.0,0.5,0,0.3180825071048024,Medium Risk
C100715,2,6,142236.922,23706.153666666665,6.0,2.0,2.0,0.5,0,0.3180451798060444,Medium Risk
C101857,42,5,108079.5555,21615.9111,9.0,1.0,3.0,0.6,0,0.3178263813366484,Medium Risk
C113569,42,4,73273.11,18318.2775,12.0,5.0,0.0,0.0,0,0.31769824822876525,Medium Risk
C114608,179,5,137636.7315,27527.346299999997,10.0,4.0,1.0,1.0,1,0.31766057151823346,Medium Risk
C103392,81,6,133451.195,22241.865833333333,6.0,2.0,1.0,0.8333333333333334,0,0.3176311485394233,Medium Risk
C114827,76,4,149883.7985,37470.949625,15.0,3.0,0.0,0.5,0,0.31730316942066417,Medium Risk
C103083,106,6,147558.595,24593.099166666667,6.0,1.0,0.0,0.3333333333333333,1,0.31709796500963444,Medium Risk
C108700,580,4,82322.936,20580.734,4.0,0.0,1.0,0.75,1,0.3170756837756992,Medium Risk
C112498,164,6,152803.843,25467.307166666666,10.0,4.0,2.0,0.16666666666666666,1,0.3167978744123806,Medium Risk
C102414,61,6,84782.80900000001,14130.468166666667,10.0,2.0,1.0,0.6666666666666666,0,0.31666348239156705,Medium Risk
C103876,9,6,133035.326,22172.554333333333,12.0,6.0,0.0,0.5,0,0.3166231717757252,Medium Risk
C113005,1,5,107552.5135,21510.5027,6.0,3.0,0.0,0.4,0,0.31656463996305,Medium Risk
C103189,103,5,106482.912,21296.582400000003,3.0,1.0,1.0,0.6,1,0.31644233153211515,Medium Risk
C111575,9,6,54453.298500000004,9075.54975,10.0,4.0,1.0,0.6666666666666666,0,0.31641392395211926,Medium Risk
C100898,44,6,139871.1435,23311.85725,8.0,0.0,0.0,0.6666666666666666,0,0.31636772802116203,Medium Risk
C114000,63,4,38235.477,9558.86925,13.0,5.0,0.0,0.75,0,0.3162047676214377,Medium Risk
C113193,188,6,136431.926,22738.654333333336,8.0,5.0,1.0,0.5,1,0.31610241512719367,Medium Risk
C104926,0,5,120074.4805,24014.8961,15.0,4.0,1.0,0.6,0,0.3159903085311393,Medium Risk
C109336,311,6,94627.0945,15771.182416666668,7.0,1.0,1.0,0.6666666666666666,1,0.3157626298315261,Medium Risk
C104666,77,4,115565.495,28891.373750000002,5.0,0.0,1.0,0.75,0,0.315760767576508,Medium Risk
C105267,49,5,85398.23,17079.646,15.0,5.0,1.0,0.6,0,0.31564658121664935,Medium Risk
C104759,10,6,96636.3375,16106.05625,7.0,1.0,1.0,0.6666666666666666,0,0.315571508661793,Medium Risk
C109440,22,5,71372.8655,14274.5731,9.0,1.0,1.0,0.2,0,0.3155407267663919,Medium Risk
C112771,264,6,126721.8855,21120.31425,5.0,1.0,0.0,0.6666666666666666,1,0.31520625518362033,Medium Risk
C102110,3,5,85842.763,17168.552600000003,7.0,1.0,0.0,0.4,0,0.3151053237777632,Medium Risk
C108309,0,4,128437.3855,32109.346375,5.0,2.0,0.0,1.0,0,0.3150997218657896,Medium Risk
C108298,27,6,69189.18950000001,11531.531583333335,6.0,1.0,0.0,0.3333333333333333,0,0.3150622059336202,Medium Risk
C102713,149,5,93228.4605,18645.6921,8.0,1.0,2.0,0.6,1,0.3149880443421404,Medium Risk
C102121,-1,6,150277.408,25046.234666666667,8.0,1.0,0.0,0.5,0,0.3149458423714383,Medium Risk
C108912,34,4,41522.943999999996,10380.736,14.0,4.0,0.0,1.0,0,0.31487361478383935,Medium Risk
C110908,30,6,160664.79,26777.465,8.0,5.0,1.0,0.8333333333333334,0,0.3148520422802614,Medium Risk
C114385,526,5,143036.189,28607.237800000003,2.0,0.0,1.0,0.8,1,0.3148188982564822,Medium Risk
C101635,126,6,134725.9705,22454.328416666667,5.0,0.0,1.0,0.8333333333333334,1,0.3148095932351635,Medium Risk
C114709,205,6,82656.0575,13776.009583333333,9.0,3.0,1.0,0.6666666666666666,1,0.3146973293926189,Medium Risk
C113808,24,6,69158.996,11526.499333333333,10.0,3.0,1.0,0.5,0,0.31457573301735275,Medium Risk
C113929,85,5,154225.93050000002,30845.1861,13.0,4.0,1.0,0.6,0,0.3145535959383868,Medium Risk
C100566,108,6,108327.0325,18054.505416666667,11.0,5.0,3.0,0.6666666666666666,1,0.3145437876482278,Medium Risk
C103399,130,5,93310.5425,18662.1085,10.0,1.0,1.0,0.4,1,0.31448521233719473,Medium Risk
C111716,32,5,126722.757,25344.551400000004,10.0,0.0,1.0,0.4,0,0.3144580328248929,Medium Risk
C100540,47,5,86505.2205,17301.0441,11.0,2.0,0.0,0.4,0,0.3143311802541555,Medium Risk
C114685,28,6,78214.455,13035.7425,6.0,1.0,0.0,0.5,0,0.31425509891515463,Medium Risk
C111522,99,5,179205.447,35841.089400000004,8.0,5.0,3.0,0.2,1,0.31408828109178244,Medium Risk
C107046,27,5,123024.166,24604.8332,13.0,3.0,0.0,0.2,0,0.31404964929540635,Medium Risk
C100048,49,6,156896.732,26149.455333333335,5.0,0.0,2.0,0.8333333333333334,0,0.31389906305503645,Medium Risk
C101322,65,6,53769.2285,8961.538083333333,8.0,3.0,0.0,0.8333333333333334,0,0.31383821103384,Medium Risk
C103203,512,5,160850.316,32170.063199999997,7.0,1.0,0.0,0.6,1,0.3138294273677949,Medium Risk
C102347,1,6,51503.686499999996,8583.94775,9.0,0.0,1.0,0.5,0,0.313787936913551,Medium Risk
C103274,106,7,153423.037,21917.576714285715,12.0,3.0,0.0,0.42857142857142855,1,0.31341896629667954,Medium Risk
C109671,9,5,104933.856,20986.7712,6.0,1.0,1.0,0.6,0,0.3132043472422254,Medium Risk
C114360,41,5,37889.684,7577.9368,8.0,0.0,3.0,0.8,0,0.31312445481383117,Medium Risk
C107451,36,5,83076.412,16615.2824,6.0,0.0,0.0,0.6,0,0.3131023029117029,Medium Risk
C109126,110,7,163222.71349999998,23317.5305,9.0,3.0,1.0,0.7142857142857143,1,0.31297572388327866,Medium Risk
C112380,9,6,140064.7775,23344.12958333333,7.0,1.0,0.0,0.5,0,0.31296159568363785,Medium Risk
C114881,48,6,86085.4525,14347.575416666667,6.0,1.0,0.0,0.5,0,0.31292303127145343,Medium Risk
C102671,3,5,142424.7475,28484.9495,12.0,3.0,2.0,0.4,0,0.3128136219802045,Medium Risk
C113749,119,7,90126.2485,12875.178357142857,11.0,3.0,1.0,0.8571428571428571,1,0.31279083744259956,Medium Risk
C101936,64,5,123798.8005,24759.7601,13.0,3.0,0.0,0.2,0,0.3127682001890457,Medium Risk
C100131,16,4,82311.24849999999,20577.812125,6.0,0.0,1.0,0.25,0,0.3127648002331393,Medium Risk
C103131,25,5,106437.4405,21287.4881,7.0,2.0,0.0,0.4,0,0.3127509624032669,Medium Risk
C109365,24,4,162318.64,40579.66,9.0,4.0,1.0,0.0,0,0.3127447095086767,Medium Risk
C112720,100,5,139845.981,27969.1962,5.0,1.0,1.0,0.6,1,0.31245784348205125,Medium Risk
C101832,123,7,164675.00400000002,23525.000571428573,15.0,5.0,2.0,0.5714285714285714,1,0.3124140449486896,Medium Risk
C114084,28,6,40279.13,6713.188333333333,6.0,3.0,0.0,0.6666666666666666,0,0.3122703642959783,Medium Risk
C101304,40,6,89752.59,14958.765,9.0,1.0,0.0,0.8333333333333334,0,0.3122658259065132,Medium Risk
C110622,25,5,129025.6855,25805.1371,6.0,2.0,2.0,1.0,0,0.3122163972872163,Medium Risk
C103172,0,4,166068.321,41517.08025,6.0,0.0,0.0,0.5,0,0.31215334237018166,Medium Risk
C113812,132,7,216840.615,30977.230714285713,11.0,4.0,0.0,0.42857142857142855,1,0.3119751293378769,Medium Risk
C111442,363,6,127643.2245,21273.87075,9.0,2.0,2.0,0.5,1,0.3118807198486356,Medium Risk
C110976,46,5,105519.72,21103.944,4.0,0.0,3.0,0.4,0,0.31175515210087085,Medium Risk
C103117,26,5,114691.58799999999,22938.3176,4.0,0.0,0.0,0.6,0,0.3116874873458446,Medium Risk
C109498,180,6,141547.5565,23591.259416666668,6.0,2.0,1.0,0.5,1,0.3116744980378849,Medium Risk
C113059,16,4,44809.458,11202.3645,13.0,0.0,0.0,0.75,0,0.311387912917563,Medium Risk
C102220,19,6,136201.041,22700.1735,7.0,4.0,1.0,0.5,0,0.3112944875106204,Medium Risk
C109082,74,4,136330.51499999998,34082.62875,16.0,6.0,2.0,0.5,0,0.31122690383698615,Medium Risk
C105335,0,6,91291.46549999999,15215.244249999998,7.0,1.0,1.0,0.8333333333333334,0,0.3112117840893667,Medium Risk
C112294,2,5,133398.348,26679.6696,8.0,1.0,3.0,0.8,0,0.31106850620022575,Medium Risk
C107325,44,6,135049.5045,22508.250750000003,7.0,3.0,2.0,0.5,0,0.3110462017580014,Medium Risk
C103458,155,7,199658.8125,28522.6875,8.0,2.0,1.0,0.8571428571428571,1,0.31103549876438447,Medium Risk
C110888,38,4,95834.908,23958.727,8.0,0.0,2.0,0.25,0,0.31100692987292516,Medium Risk
C109368,76,6,55546.823,9257.803833333333,4.0,1.0,0.0,0.8333333333333334,0,0.3108780537372704,Medium Risk
C103728,27,6,130728.884,21788.147333333334,5.0,2.0,2.0,0.6666666666666666,0,0.3107556170406368,Medium Risk
C111270,18,5,104950.4675,20990.0935,9.0,1.0,0.0,0.6,0,0.3107150395857217,Medium Risk
C108384,89,5,107622.64600000001,21524.5292,5.0,0.0,1.0,0.4,0,0.3106446992178601,Medium Risk
C106080,1,6,80109.16,13351.526666666667,7.0,0.0,2.0,0.5,0,0.31057346492483534,Medium Risk
C109529,1,6,97183.497,16197.2495,10.0,3.0,1.0,0.6666666666666666,0,0.31051129454456095,Medium Risk
C112871,0,5,95177.818,19035.5636,12.0,1.0,2.0,0.6,0,0.31030148031449195,Medium Risk
C108378,161,5,182630.555,36526.111,6.0,3.0,1.0,0.2,1,0.3102776941860116,Medium Risk
C111931,45,6,77710.01000000001,12951.668333333335,12.0,6.0,2.0,0.6666666666666666,0,0.31025025819234875,Medium Risk
C105027,17,6,96545.48,16090.913333333336,10.0,5.0,1.0,0.6666666666666666,0,0.31011410698883574,Medium Risk
C104000,7,6,144379.5695,24063.26158333333,4.0,1.0,3.0,0.6666666666666666,0,0.3101019658080188,Medium Risk
C111970,12,6,62529.9975,10421.66625,8.0,5.0,1.0,0.5,0,0.3099285731946458,Medium Risk
C107129,31,5,158870.1105,31774.022100000002,5.0,1.0,1.0,0.6,0,0.3098576856784031,Medium Risk
C105089,73,4,81437.6625,20359.415624999998,5.0,1.0,0.0,0.5,0,0.3096940222194074,Medium Risk
C100374,-1,6,129428.0435,21571.340583333335,8.0,3.0,0.0,0.5,0,0.3096659446359981,Medium Risk
C111033,37,5,94550.79449999999,18910.1589,5.0,2.0,1.0,0.6,0,0.30965725960403445,Medium Risk
C101788,7,5,137188.793,27437.7586,8.0,0.0,1.0,0.8,0,0.30965639219742175,Medium Risk
C114069,85,5,143290.465,28658.093,4.0,1.0,1.0,0.6,0,0.3094466737367745,Medium Risk
C111469,37,6,153685.45,25614.241666666665,10.0,4.0,0.0,0.5,0,0.30941936708406453,Medium Risk
C102049,40,4,115951.753,28987.93825,10.0,1.0,1.0,1.0,0,0.30927346092059227,Medium Risk
C114076,-1,6,140137.9385,23356.323083333333,8.0,1.0,3.0,0.6666666666666666,0,0.3092190937762996,Medium Risk
C108480,4,6,150887.35450000002,25147.89241666667,11.0,6.0,0.0,0.6666666666666666,0,0.3091908796384685,Medium Risk
C112777,25,5,110359.546,22071.909200000002,7.0,1.0,0.0,0.2,0,0.3089272445245194,Medium Risk
C101622,21,4,107726.3485,26931.587125,4.0,1.0,2.0,0.75,0,0.30878580557449015,Medium Risk
C110663,330,5,103369.992,20673.9984,9.0,2.0,0.0,0.6,1,0.30875750550120173,Medium Risk
C114020,17,6,79652.433,13275.4055,4.0,1.0,0.0,0.5,0,0.3086840085837534,Medium Risk
C104476,32,7,158442.2685,22634.609785714285,10.0,3.0,0.0,0.5714285714285714,0,0.3085730141604172,Medium Risk
C103610,21,6,143205.417,23867.569499999998,9.0,4.0,1.0,0.3333333333333333,0,0.30849518130865977,Medium Risk
C112431,104,7,95298.7785,13614.111214285715,2.0,1.0,1.0,0.42857142857142855,1,0.3084418400783368,Medium Risk
C112827,17,6,151554.723,25259.1205,4.0,1.0,1.0,0.6666666666666666,0,0.3083186465116242,Medium Risk
C114366,349,6,113660.65250000001,18943.442083333335,8.0,3.0,2.0,0.8333333333333334,1,0.3082826039414793,Medium Risk
C112123,1,5,96002.515,19200.503,5.0,1.0,1.0,0.6,0,0.30807997762693273,Medium Risk
C110201,1,5,98431.446,19686.289200000003,7.0,0.0,0.0,1.0,0,0.30805251322617766,Medium Risk
C106967,340,8,168177.261,21022.157625,8.0,5.0,1.0,0.375,1,0.3080050358764369,Medium Risk
C109720,56,5,109303.28199999999,21860.6564,13.0,5.0,2.0,0.8,0,0.30799913477493895,Medium Risk
C110503,30,5,105677.37099999998,21135.474199999997,6.0,4.0,0.0,0.4,0,0.30793753249555145,Medium Risk
C109071,1,4,130650.986,32662.746499999997,10.0,3.0,1.0,1.0,0,0.30787339769235816,Medium Risk
C111353,41,4,93151.6025,23287.900625,14.0,4.0,0.0,1.0,0,0.30784711292586664,Medium Risk
C103514,138,8,173476.8895,21684.6111875,10.0,2.0,0.0,0.375,1,0.30780304070235487,Medium Risk
C101448,77,5,87493.768,17498.753600000004,5.0,1.0,0.0,0.6,0,0.30776410920081454,Medium Risk
C101595,72,5,146926.519,29385.3038,12.0,5.0,0.0,0.2,0,0.30742459364322505,Medium Risk
C109787,36,5,102419.65,20483.93,5.0,2.0,1.0,0.6,0,0.30741920976954196,Medium Risk
C106462,59,5,100048.8115,20009.7623,4.0,1.0,0.0,0.8,0,0.3073376399650481,Medium Risk
C110384,46,6,130477.111,21746.185166666666,7.0,3.0,0.0,0.5,0,0.3073331614752291,Medium Risk
C111164,16,4,117262.86249999999,29315.715624999997,9.0,2.0,1.0,1.0,0,0.3072933216624726,Medium Risk
C104929,84,7,158366.5055,22623.7865,5.0,1.0,0.0,0.7142857142857143,0,0.30723950689361634,Medium Risk
C103063,26,4,111553.9045,27888.476125,9.0,2.0,1.0,1.0,0,0.3071139973294977,Medium Risk
C100575,85,4,93349.414,23337.3535,2.0,0.0,2.0,0.5,0,0.3070424835396385,Medium Risk
C109946,113,8,227809.902,28476.23775,4.0,0.0,1.0,0.375,1,0.30682340552179405,Medium Risk
C103235,40,6,136379.055,22729.8425,9.0,1.0,1.0,1.0,0,0.3067704694003353,Medium Risk
C100013,22,4,105310.6415,26327.660375,6.0,0.0,1.0,1.0,0,0.3066717966733027,Medium Risk
C110138,131,7,154395.4105,22056.487214285713,10.0,2.0,2.0,0.42857142857142855,1,0.30652074186695916,Medium Risk
C109323,57,5,96374.8305,19274.9661,4.0,0.0,2.0,0.2,0,0.30638828527350154,Medium Risk
C102898,265,6,97800.829,16300.138166666666,7.0,3.0,1.0,0.6666666666666666,1,0.30632952400970875,Medium Risk
C112998,12,5,92511.215,18502.243,6.0,1.0,0.0,0.6,0,0.30627672530745387,Medium Risk
C106696,20,6,83271.0215,13878.503583333333,6.0,3.0,0.0,0.6666666666666666,0,0.306207829086867,Medium Risk
C100583,4,6,137591.1295,22931.854916666663,6.0,3.0,0.0,0.5,0,0.30619749528092993,Medium Risk
C102887,3,5,112391.02,22478.204,14.0,2.0,0.0,0.4,0,0.3055835513008266,Medium Risk
C105276,20,6,147484.83000000002,24580.805000000004,13.0,4.0,1.0,0.6666666666666666,0,0.305559780759346,Medium Risk
C103044,7,6,136044.598,22674.099666666665,3.0,0.0,0.0,0.6666666666666666,0,0.30548913379192766,Medium Risk
C103169,74,5,113844.106,22768.8212,5.0,0.0,0.0,0.8,0,0.3054457117978946,Medium Risk
C108083,46,5,105976.562,21195.312400000003,10.0,1.0,1.0,0.2,0,0.3054448885405907,Medium Risk
C102782,71,5,106584.217,21316.8434,7.0,1.0,0.0,0.4,0,0.30533983527940384,Medium Risk
C102233,181,6,139502.733,23250.4555,7.0,1.0,3.0,0.5,1,0.3046854032266532,Medium Risk
C108200,23,6,117215.72249999999,19535.953749999997,8.0,0.0,1.0,1.0,0,0.30422907969406315,Medium Risk
C113149,4,6,68552.928,11425.488,6.0,0.0,1.0,0.8333333333333334,0,0.30356040262853584,Medium Risk
C100376,-1,5,59512.3745,11902.4749,16.0,4.0,0.0,0.6,0,0.3033815747040193,Medium Risk
C110267,105,7,148391.0775,21198.72535714286,10.0,0.0,0.0,0.5714285714285714,1,0.30328329020127726,Medium Risk
C107274,114,6,88708.81,14784.801666666666,4.0,1.0,0.0,0.0,1,0.30288980627939543,Medium Risk
C111169,15,5,154662.601,30932.5202,5.0,2.0,2.0,0.4,0,0.3028758570669835,Medium Risk
C108740,16,4,143640.405,35910.10125,9.0,2.0,1.0,1.0,0,0.3028746040266657,Medium Risk
C105654,5,6,82314.1475,13719.024583333334,13.0,4.0,0.0,0.8333333333333334,0,0.30282195645518223,Medium Risk
C108531,110,7,125992.6055,17998.943642857143,17.0,6.0,0.0,0.42857142857142855,1,0.3027585643529676,Medium Risk
C109899,55,6,147397.808,24566.301333333337,7.0,2.0,1.0,0.3333333333333333,0,0.30254007367391966,Medium Risk
C103783,0,6,55743.5365,9290.589416666668,7.0,5.0,0.0,1.0,0,0.30229571818064505,Medium Risk
C103848,58,6,161580.4345,26930.072416666666,9.0,4.0,2.0,0.6666666666666666,0,0.30223239585869943,Medium Risk
C113291,151,7,156715.0955,22387.870785714284,14.0,4.0,2.0,0.8571428571428571,1,0.30222535702477693,Medium Risk
C106413,146,6,130778.276,21796.379333333334,7.0,2.0,1.0,0.5,1,0.3020793905264049,Medium Risk
C112339,40,5,91200.1105,18240.0221,4.0,1.0,0.0,0.6,0,0.30199488812114933,Medium Risk
C106536,165,7,173779.2425,24825.60607142857,10.0,4.0,0.0,0.2857142857142857,1,0.301691767085295,Medium Risk
C109560,47,5,86851.381,17370.2762,11.0,1.0,0.0,0.4,0,0.3016895317100698,Medium Risk
C111141,42,6,112834.468,18805.744666666666,9.0,2.0,3.0,0.6666666666666666,0,0.3016750463701938,Medium Risk
C104643,164,6,93591.291,15598.548499999999,10.0,1.0,0.0,0.6666666666666666,1,0.3015201221363398,Medium Risk
C113940,132,8,177473.2905,22184.1613125,8.0,2.0,3.0,0.25,1,0.3014908394008544,Medium Risk
C109698,101,6,178642.19950000002,29773.699916666665,5.0,2.0,1.0,0.6666666666666666,1,0.30145832461044464,Medium Risk
C104938,14,5,97798.421,19559.6842,2.0,0.0,1.0,0.6,0,0.30142512137782984,Medium Risk
C108930,38,6,137106.4415,22851.073583333335,7.0,2.0,1.0,0.5,0,0.3013250163758131,Medium Risk
C107897,2,3,45515.761,15171.920333333333,17.0,5.0,1.0,1.0,0,0.3012183098803295,Medium Risk
C103097,31,5,155404.752,31080.9504,8.0,1.0,1.0,0.2,0,0.30103544773151414,Medium Risk
C103380,21,5,82173.76299999999,16434.7526,12.0,3.0,0.0,0.4,0,0.30087024309956206,Medium Risk
C107352,404,7,174800.3475,24971.478214285715,9.0,1.0,0.0,0.7142857142857143,1,0.30065136761468575,Medium Risk
C104571,41,5,138770.095,27754.019,6.0,0.0,1.0,0.6,0,0.30059867488560466,Medium Risk
C114392,68,6,165339.155,27556.525833333333,6.0,2.0,2.0,0.6666666666666666,0,0.3005023062805244,Medium Risk
C112671,29,6,77572.81,12928.801666666666,8.0,5.0,0.0,0.6666666666666666,0,0.3003535721671704,Medium Risk
C105261,140,9,118129.113,13125.457,8.0,3.0,2.0,0.3333333333333333,1,0.30028957527384414,Medium Risk
C101934,103,6,102175.99849999999,17029.33308333333,4.0,0.0,0.0,0.6666666666666666,1,0.3002270460197267,Medium Risk
C102998,-1,6,131342.929,21890.488166666666,4.0,1.0,0.0,0.5,0,0.3001032316382816,Medium Risk
C109200,65,7,156929.5095,22418.501357142854,4.0,1.0,1.0,0.7142857142857143,0,0.3000606355764151,Medium Risk
C114141,22,6,137167.0745,22861.179083333333,5.0,3.0,0.0,0.6666666666666666,0,0.299983292753368,Low Risk
C106945,24,5,105321.4575,21064.2915,12.0,1.0,0.0,0.4,0,0.2998847130076608,Low Risk
C106807,24,5,97360.368,19472.0736,6.0,0.0,1.0,0.8,0,0.2998182275434087,Low Risk
C111259,17,7,157225.49,22460.784285714286,9.0,2.0,0.0,0.42857142857142855,0,0.299793467896645,Low Risk
C105862,150,6,104413.50349999999,17402.25058333333,5.0,2.0,1.0,0.8333333333333334,1,0.2997223671946273,Low Risk
C109212,41,6,87248.34700000001,14541.391166666668,8.0,1.0,2.0,0.3333333333333333,0,0.2993466725284419,Low Risk
C105238,153,6,127836.6905,21306.115083333334,6.0,2.0,1.0,0.3333333333333333,1,0.2993353091243545,Low Risk
C110722,47,6,138199.4565,23033.24275,6.0,1.0,3.0,0.5,0,0.2992999642496517,Low Risk
C114743,79,5,94486.916,18897.3832,9.0,2.0,0.0,0.4,0,0.2992657501589091,Low Risk
C111059,170,7,195913.0,27987.571428571428,6.0,1.0,2.0,0.7142857142857143,1,0.29922806556751924,Low Risk
C109267,24,5,133801.805,26760.360999999997,9.0,0.0,1.0,0.4,0,0.2991460795456846,Low Risk
C114697,6,4,141128.894,35282.2235,14.0,5.0,2.0,0.25,0,0.2991234088626236,Low Risk
C113763,63,5,135684.6405,27136.928099999997,8.0,0.0,1.0,0.4,0,0.2990728446474041,Low Risk
C103138,39,5,102990.18549999999,20598.037099999998,8.0,1.0,2.0,0.6,0,0.299041523397296,Low Risk
C110806,22,6,78595.0475,13099.174583333333,9.0,2.0,1.0,0.6666666666666666,0,0.29904003698862325,Low Risk
C114852,86,5,139090.714,27818.1428,5.0,0.0,1.0,0.6,0,0.29900819248199345,Low Risk
C106519,204,4,95413.17300000001,23853.29325,6.0,0.0,2.0,0.25,1,0.2989462330328119,Low Risk
C111701,98,10,124230.357,12423.0357,15.0,5.0,0.0,0.7,1,0.2989134814114351,Low Risk
C109880,62,5,130385.64199999999,26077.1284,8.0,0.0,3.0,0.6,0,0.298822931098562,Low Risk
C108644,4,6,136281.0135,22713.50225,5.0,2.0,0.0,0.3333333333333333,0,0.2987760291936407,Low Risk
C112108,100,6,128300.5005,21383.41675,8.0,2.0,1.0,0.5,1,0.29877002166401356,Low Risk
C111788,8,6,129385.138,21564.189666666665,8.0,4.0,1.0,0.3333333333333333,0,0.2987463635407214,Low Risk
C113973,63,6,137540.086,22923.34766666667,8.0,1.0,3.0,0.16666666666666666,0,0.2986422152385228,Low Risk
C112341,14,6,116521.2885,19420.21475,2.0,1.0,0.0,0.6666666666666666,0,0.298631153733503,Low Risk
C110758,89,5,107526.936,21505.3872,5.0,0.0,0.0,0.6,0,0.2985788903016106,Low Risk
C109805,22,6,127391.863,21231.977166666667,4.0,1.0,0.0,0.3333333333333333,0,0.29851560443428654,Low Risk
C113986,58,6,152750.3165,25458.386083333335,4.0,1.0,3.0,0.8333333333333334,0,0.2984697097704866,Low Risk
C103596,28,6,81458.0495,13576.341583333335,7.0,2.0,1.0,0.6666666666666666,0,0.2984209518523386,Low Risk
C109563,3,7,156804.93649999998,22400.705214285717,8.0,1.0,1.0,0.5714285714285714,0,0.29840667723337755,Low Risk
C108000,32,4,165968.6905,41492.172625,5.0,2.0,3.0,1.0,0,0.2981442896271185,Low Risk
C100230,39,6,143522.36800000002,23920.39466666667,9.0,3.0,1.0,0.3333333333333333,0,0.2979155703516727,Low Risk
C102299,80,6,102276.015,17046.0025,10.0,4.0,2.0,0.6666666666666666,0,0.2977942817346181,Low Risk
C101718,38,7,185114.3065,26444.90092857143,12.0,5.0,1.0,0.8571428571428571,0,0.2977613657467516,Low Risk
C105029,270,5,122569.57949999999,24513.9159,10.0,0.0,3.0,0.4,1,0.2975571607192011,Low Risk
C111082,-1,6,134058.205,22343.034166666668,4.0,1.0,1.0,0.6666666666666666,0,0.29747227287069217,Low Risk
C103655,5,6,129603.3535,21600.558916666665,4.0,0.0,1.0,0.8333333333333334,0,0.29745078143468207,Low Risk
C108606,117,7,165009.3785,23572.768357142857,9.0,1.0,0.0,0.42857142857142855,1,0.2974495816427741,Low Risk
C103376,537,4,166450.1685,41612.542125,15.0,8.0,1.0,1.0,1,0.29731214785118,Low Risk
C108306,31,5,147804.1925,29560.8385,5.0,0.0,1.0,0.6,0,0.2971898546675772,Low Risk
C114210,6,5,76507.94200000001,15301.588399999999,11.0,2.0,0.0,0.2,0,0.2971244087240064,Low Risk
C102960,39,6,80153.53700000001,13358.922833333336,11.0,2.0,0.0,0.6666666666666666,0,0.2969763639858044,Low Risk
C104592,0,4,139979.0885,34994.772125,5.0,3.0,1.0,1.0,0,0.29686689277182643,Low Risk
C110894,11,5,106322.7705,21264.5541,11.0,3.0,0.0,0.2,0,0.2968597200627628,Low Risk
C114508,145,6,99309.2745,16551.54575,5.0,1.0,0.0,0.6666666666666666,1,0.2968183342213743,Low Risk
C103632,42,5,135284.52000000002,27056.904000000002,8.0,2.0,1.0,0.0,0,0.29675818580731517,Low Risk
C105448,147,6,98955.889,16492.648166666666,11.0,1.0,0.0,0.6666666666666666,1,0.2966706011043439,Low Risk
C103988,4,5,101235.9915,20247.1983,6.0,0.0,1.0,0.8,0,0.2964012232330505,Low Risk
C101002,82,6,179987.79499999998,29997.965833333332,9.0,4.0,2.0,0.6666666666666666,0,0.296290132557778,Low Risk
C110804,124,8,170830.0135,21353.7516875,8.0,3.0,2.0,0.25,1,0.2962571754115725,Low Risk
C101231,89,6,145641.39,24273.565000000002,6.0,1.0,1.0,0.3333333333333333,0,0.29624379334843665,Low Risk
C108685,15,5,138101.361,27620.272199999996,14.0,2.0,1.0,0.6,0,0.2960372136317136,Low Risk
C109783,15,6,118155.988,19692.664666666667,7.0,2.0,0.0,1.0,0,0.2958959774129472,Low Risk
C114902,66,5,80914.73,16182.946,6.0,2.0,0.0,0.4,0,0.2958589390882745,Low Risk
C111731,116,6,102291.763,17048.62716666667,10.0,2.0,2.0,0.5,1,0.295499272613542,Low Risk
C112631,24,5,86807.337,17361.4674,7.0,2.0,0.0,0.2,0,0.29540588740772095,Low Risk
C112556,59,6,137242.7175,22873.78625,4.0,2.0,1.0,0.6666666666666666,0,0.29536064422570946,Low Risk
C102214,1,6,119249.2265,19874.871083333335,13.0,1.0,1.0,0.8333333333333334,0,0.29506713509966015,Low Risk
C110516,48,6,129504.663,21584.1105,9.0,3.0,2.0,0.3333333333333333,0,0.2949915714974573,Low Risk
C104192,13,6,99011.015,16501.835833333334,3.0,1.0,1.0,0.6666666666666666,0,0.29472532026154036,Low Risk
C113421,2,5,189060.439,37812.0878,11.0,2.0,0.0,0.2,0,0.2947183373819555,Low Risk
C107932,31,5,102968.1515,20593.6303,12.0,3.0,0.0,0.4,0,0.2946949218640406,Low Risk
C104011,35,6,95367.913,15894.652166666667,10.0,1.0,0.0,0.6666666666666666,0,0.29454679484727353,Low Risk
C107130,2,6,143628.913,23938.152166666667,6.0,3.0,1.0,0.3333333333333333,0,0.2945395024463765,Low Risk
C102453,124,5,104639.9635,20927.9927,8.0,1.0,1.0,0.2,1,0.2945385664072376,Low Risk
C113781,0,6,158043.02300000002,26340.503833333336,10.0,2.0,1.0,0.3333333333333333,0,0.2945088239287134,Low Risk
C113365,53,6,158886.842,26481.140333333333,8.0,1.0,0.0,0.3333333333333333,0,0.29447034179532083,Low Risk
C105341,23,6,137728.9495,22954.824916666665,4.0,1.0,0.0,0.5,0,0.2944680274002063,Low Risk
C106371,29,6,103069.54950000001,17178.258250000003,7.0,6.0,2.0,0.8333333333333334,0,0.29438665467985436,Low Risk
C107781,61,5,101368.178,20273.6356,5.0,3.0,0.0,0.6,0,0.29415440442230906,Low Risk
C100741,18,5,104860.4785,20972.095699999998,5.0,1.0,0.0,0.6,0,0.2941182954916824,Low Risk
C104189,38,6,83199.322,13866.553666666667,7.0,3.0,2.0,0.3333333333333333,0,0.29407760846742553,Low Risk
C113239,20,4,86431.9585,21607.989625,4.0,0.0,2.0,0.25,0,0.2940267259075259,Low Risk
C106849,0,6,94225.29149999999,15704.215250000001,11.0,1.0,0.0,0.8333333333333334,0,0.2939664460293929,Low Risk
C109402,1,7,159379.0945,22768.442071428573,8.0,3.0,1.0,0.5714285714285714,0,0.29336781232444226,Low Risk
C101689,44,5,81044.2775,16208.8555,10.0,1.0,0.0,0.4,0,0.2933223399944711,Low Risk
C103560,5,6,167658.7705,27943.12841666667,3.0,1.0,1.0,0.6666666666666666,0,0.2931496465923919,Low Risk
C112254,49,6,114432.336,19072.056,6.0,3.0,2.0,0.6666666666666666,0,0.29314669141904437,Low Risk
C100473,16,5,94391.8225,18878.3645,5.0,2.0,0.0,0.6,0,0.2930736623508972,Low Risk
C110181,125,7,86466.14199999999,12352.306,12.0,3.0,1.0,0.42857142857142855,1,0.2927169676905191,Low Risk
C107416,186,6,82143.807,13690.6345,4.0,1.0,1.0,0.3333333333333333,1,0.2925813279594358,Low Risk
C100232,8,7,167377.87649999998,23911.125214285712,13.0,4.0,2.0,0.7142857142857143,0,0.29256918853382957,Low Risk
C114876,113,6,95169.01199999999,15861.501999999999,9.0,4.0,1.0,0.3333333333333333,1,0.29228959870998006,Low Risk
C114188,17,6,143310.8985,23885.14975,4.0,0.0,2.0,0.6666666666666666,0,0.2919757706751556,Low Risk
C110954,14,6,73257.07699999999,12209.512833333334,8.0,2.0,1.0,0.6666666666666666,0,0.2918991602360938,Low Risk
C101051,185,5,183554.652,36710.9304,11.0,3.0,0.0,0.4,1,0.2918095737546921,Low Risk
C108188,12,5,133391.41999999998,26678.283999999996,9.0,0.0,0.0,0.0,0,0.2913086775047276,Low Risk
C113302,159,7,195127.5745,27875.367785714283,10.0,2.0,0.0,0.42857142857142855,1,0.29121079291582824,Low Risk
C113416,111,5,110901.068,22180.2136,6.0,0.0,2.0,0.8,1,0.29120132791719355,Low Risk
C102719,74,5,99761.795,19952.359,6.0,1.0,0.0,0.4,0,0.29083031054683184,Low Risk
C102987,0,6,109563.655,18260.609166666665,1.0,0.0,0.0,0.5,0,0.290793677907106,Low Risk
C107128,29,6,88528.2235,14754.703916666667,5.0,0.0,0.0,0.6666666666666666,0,0.29078446737853186,Low Risk
C110422,15,6,105451.7645,17575.294083333334,8.0,1.0,1.0,0.6666666666666666,0,0.29068994733356557,Low Risk
C104081,223,6,72771.6485,12128.608083333334,8.0,3.0,0.0,0.5,1,0.2905117894036794,Low Risk
C104179,94,6,87636.26699999999,14606.044499999998,9.0,2.0,0.0,0.5,1,0.2900324201460981,Low Risk
C109886,48,4,112022.37,28005.5925,6.0,3.0,1.0,1.0,0,0.28975274266619305,Low Risk
C111111,2,5,131398.127,26279.6254,3.0,0.0,1.0,0.6,0,0.2897365243597708,Low Risk
C101419,96,6,105460.55,17576.758333333335,11.0,3.0,0.0,0.6666666666666666,1,0.28969464893191427,Low Risk
C110092,42,6,126638.734,21106.455666666665,9.0,3.0,1.0,0.3333333333333333,0,0.28929812982528164,Low Risk
C108900,82,6,90180.3735,15030.06225,7.0,2.0,0.0,0.8333333333333334,0,0.288962147983595,Low Risk
C110776,285,6,103374.55200000001,17229.092,8.0,2.0,2.0,0.3333333333333333,1,0.28885089962386507,Low Risk
C102574,0,4,145227.494,36306.8735,14.0,3.0,2.0,0.25,0,0.2886032657629333,Low Risk
C109607,0,6,104442.2075,17407.034583333334,5.0,2.0,1.0,0.8333333333333334,0,0.28860096671744523,Low Risk
C109167,17,7,165002.905,23571.84357142857,11.0,2.0,0.0,0.5714285714285714,0,0.2883200446876188,Low Risk
C113977,12,6,126207.247,21034.541166666666,9.0,4.0,2.0,0.3333333333333333,0,0.2882629921915196,Low Risk
C108417,77,5,72847.369,14569.473800000002,8.0,2.0,1.0,0.2,0,0.2881808171981463,Low Risk
C111926,302,6,197916.144,32986.024,7.0,1.0,1.0,0.5,1,0.2880824482311311,Low Risk
C108867,6,6,108188.46,18031.41,11.0,3.0,0.0,0.8333333333333334,0,0.2880109208864456,Low Risk
C105370,3,6,131026.4305,21837.738416666667,4.0,3.0,1.0,0.6666666666666666,0,0.28799460248713066,Low Risk
C104257,111,6,106441.62,17740.27,8.0,3.0,0.0,0.6666666666666666,1,0.2879613477130114,Low Risk
C106032,351,6,200604.551,33434.09183333333,12.0,2.0,1.0,0.6666666666666666,1,0.2879543011928333,Low Risk
C104950,9,6,151731.936,25288.656,7.0,1.0,1.0,0.3333333333333333,0,0.2878646000759931,Low Risk
C108999,67,6,98937.4355,16489.572583333334,4.0,1.0,3.0,0.5,0,0.2876992306500158,Low Risk
C112889,17,6,138799.4545,23133.242416666664,4.0,0.0,1.0,0.6666666666666666,0,0.2875074766905477,Low Risk
C113030,182,5,194091.919,38818.383799999996,4.0,1.0,1.0,0.2,1,0.2874408284630679,Low Risk
C106651,2,5,93805.073,18761.014600000002,4.0,0.0,1.0,0.8,0,0.2870732254215934,Low Risk
C109472,17,6,105214.3395,17535.72325,9.0,0.0,0.0,0.8333333333333334,0,0.2869324107082188,Low Risk
C104204,85,6,95247.055,15874.509166666665,8.0,2.0,0.0,0.6666666666666666,0,0.28674242630591723,Low Risk
C102884,7,7,156038.892,22291.270285714283,16.0,5.0,2.0,0.7142857142857143,0,0.2866529890201726,Low Risk
C112432,6,6,134729.1725,22454.86208333333,5.0,1.0,1.0,0.3333333333333333,0,0.2863477900534772,Low Risk
C109804,65,6,116073.721,19345.620166666668,5.0,1.0,2.0,0.3333333333333333,0,0.28623527787211384,Low Risk
C105200,31,6,87481.102,14580.183666666666,6.0,3.0,1.0,0.6666666666666666,0,0.2862162553803639,Low Risk
C105387,35,4,35318.068,8829.517,14.0,4.0,0.0,0.5,0,0.2861287543471689,Low Risk
C110798,161,7,147869.75149999998,21124.250214285716,10.0,2.0,0.0,0.5714285714285714,1,0.2861283354547949,Low Risk
C111587,82,3,22220.388,7406.795999999999,14.0,6.0,0.0,1.0,0,0.28603442957931036,Low Risk
C101339,62,6,73398.26,12233.043333333333,5.0,2.0,0.0,0.5,0,0.2859805917851314,Low Risk
C104624,236,6,97975.2175,16329.202916666667,6.0,1.0,0.0,0.5,1,0.2859343332329347,Low Risk
C113824,50,4,122109.6175,30527.404375,5.0,3.0,4.0,0.5,0,0.2854754273279621,Low Risk
C105266,208,8,143812.8885,17976.6110625,12.0,4.0,2.0,0.875,1,0.28532921852406323,Low Risk
C107584,6,7,152557.0265,21793.86092857143,7.0,0.0,2.0,0.8571428571428571,0,0.28530084648601006,Low Risk
C109513,21,5,102592.9,20518.579999999998,9.0,1.0,0.0,0.0,0,0.2852560440119054,Low Risk
C102759,3,6,125869.0915,20978.18191666667,7.0,1.0,2.0,0.6666666666666666,0,0.28485243455858567,Low Risk
C107654,264,6,119219.019,19869.8365,10.0,4.0,0.0,0.16666666666666666,1,0.28466701549400336,Low Risk
C100750,150,5,88343.8935,17668.778700000003,7.0,0.0,0.0,0.4,1,0.2846323306789085,Low Risk
C105151,320,6,122670.42700000001,20445.07116666667,8.0,3.0,0.0,0.3333333333333333,1,0.2846140937269454,Low Risk
C112729,95,6,152936.579,25489.42983333333,5.0,1.0,1.0,0.5,1,0.28441251196848794,Low Risk
C112592,90,6,94970.201,15828.366833333333,6.0,3.0,1.0,0.3333333333333333,0,0.2840188079546238,Low Risk
C113726,154,7,130348.2445,18621.177785714284,8.0,2.0,1.0,0.8571428571428571,1,0.2840158888124153,Low Risk
C100189,87,6,108319.539,18053.2565,8.0,2.0,0.0,0.8333333333333334,0,0.28396226240792855,Low Risk
C112235,34,5,141358.64,28271.727999999996,12.0,1.0,0.0,0.2,0,0.28381851201076236,Low Risk
C106662,166,7,196662.9825,28094.711785714288,5.0,2.0,1.0,0.8571428571428571,1,0.2837341195038009,Low Risk
C103410,4,6,147989.9535,24664.99225,9.0,4.0,4.0,0.16666666666666666,0,0.28371873930175356,Low Risk
C104972,177,7,139696.038,19956.576857142856,13.0,3.0,3.0,0.7142857142857143,1,0.28369338125477706,Low Risk
C102785,53,6,117764.59950000001,19627.43325,7.0,3.0,3.0,0.8333333333333334,0,0.2835244284700108,Low Risk
C102038,17,6,67915.331,11319.221833333335,6.0,1.0,0.0,0.16666666666666666,0,0.28334210069919863,Low Risk
C113290,88,5,147748.652,29549.7304,19.0,7.0,1.0,0.4,0,0.2833026394288834,Low Risk
C108295,203,7,165884.435,23697.77642857143,8.0,4.0,0.0,0.2857142857142857,1,0.28315319158047336,Low Risk
C112564,26,7,157600.731,22514.390142857144,6.0,2.0,0.0,0.42857142857142855,0,0.28308207553548786,Low Risk
C101068,67,4,103576.5955,25894.148875000003,3.0,0.0,2.0,0.75,0,0.28295331213797864,Low Risk
C112499,8,5,96107.7735,19221.5547,7.0,0.0,0.0,0.6,0,0.282848293339224,Low Risk
C108110,117,6,113004.152,18834.025333333335,5.0,1.0,2.0,0.3333333333333333,1,0.28265162235840824,Low Risk
C102692,70,6,104601.352,17433.558666666668,8.0,4.0,2.0,0.3333333333333333,0,0.28233180173690026,Low Risk
C105600,0,6,73576.317,12262.7195,10.0,2.0,0.0,0.3333333333333333,0,0.2822992522035906,Low Risk
C100776,161,6,102994.49100000001,17165.7485,3.0,2.0,1.0,0.5,1,0.2822737639251466,Low Risk
C108361,-1,6,137668.7115,22944.78525,6.0,2.0,1.0,0.16666666666666666,0,0.282242754317651,Low Risk
C109257,13,6,78832.7425,13138.790416666665,8.0,5.0,0.0,0.8333333333333334,0,0.2821322577243218,Low Risk
C104218,53,5,81487.98849999999,16297.597699999998,9.0,0.0,1.0,0.4,0,0.2821226597707256,Low Risk
C109561,102,6,107418.412,17903.068666666666,8.0,2.0,1.0,0.6666666666666666,1,0.2817555698148268,Low Risk
C107271,162,6,115095.859,19182.643166666665,8.0,3.0,0.0,0.6666666666666666,1,0.2817357345825576,Low Risk
C111835,8,5,159548.076,31909.6152,15.0,4.0,2.0,0.8,0,0.28171961637978954,Low Risk
C114262,6,7,167025.127,23860.732428571424,10.0,2.0,0.0,0.42857142857142855,0,0.2816005537994153,Low Risk
C113790,50,6,115266.2545,19211.042416666667,13.0,4.0,1.0,1.0,0,0.2814436261570541,Low Risk
C108114,22,6,102174.4905,17029.08175,8.0,0.0,1.0,0.6666666666666666,0,0.2811751404780519,Low Risk
C112637,212,6,135876.8985,22646.14975,6.0,0.0,2.0,0.5,1,0.28106982058176416,Low Risk
C111228,9,6,133498.13199999998,22249.688666666665,7.0,1.0,0.0,0.16666666666666666,0,0.2809394165911309,Low Risk
C108627,208,7,186130.9805,26590.140071428574,8.0,2.0,0.0,0.2857142857142857,1,0.2807517322113583,Low Risk
C104283,110,6,107863.02,17977.170000000002,15.0,3.0,0.0,0.6666666666666666,1,0.28036584788969865,Low Risk
C112020,32,7,154382.78399999999,22054.683428571425,8.0,2.0,1.0,0.42857142857142855,0,0.28029476221221933,Low Risk
C106868,4,5,156037.37,31207.474,11.0,2.0,3.0,0.0,0,0.28009672331071533,Low Risk
C114912,10,5,78512.68,15702.535999999998,9.0,5.0,0.0,0.0,0,0.2800634630829093,Low Risk
C105794,94,6,100431.382,16738.56366666667,10.0,3.0,1.0,0.5,1,0.27998439243434564,Low Risk
C105879,46,5,112427.651,22485.5302,18.0,5.0,0.0,0.6,0,0.27973893724630355,Low Risk
C102455,17,7,72326.1175,10332.3025,13.0,3.0,1.0,0.7142857142857143,0,0.27963850879138596,Low Risk
C110549,36,6,128209.6905,21368.281750000002,5.0,0.0,1.0,0.16666666666666666,0,0.27963188201333755,Low Risk
C101969,112,6,210985.474,35164.24566666667,9.0,4.0,2.0,0.6666666666666666,1,0.27956703143374073,Low Risk
C111680,6,6,126064.284,21010.714,6.0,0.0,0.0,0.5,0,0.27927231525029306,Low Risk
C113346,126,5,178673.193,35734.6386,9.0,3.0,1.0,0.2,1,0.27915529453120913,Low Risk
C114334,14,6,81555.663,13592.6105,5.0,2.0,1.0,0.3333333333333333,0,0.27913679806743824,Low Risk
C105241,23,6,115263.64749999999,19210.607916666664,8.0,2.0,0.0,0.6666666666666666,0,0.2786052119313064,Low Risk
C104442,5,5,242408.41100000002,48481.6822,10.0,2.0,1.0,0.6,0,0.27856381760567206,Low Risk
C108328,223,7,142134.5985,20304.942642857142,7.0,5.0,2.0,0.7142857142857143,1,0.27855328817191205,Low Risk
C105399,41,7,173010.88299999997,24715.840428571424,10.0,1.0,0.0,0.5714285714285714,0,0.2784883523998051,Low Risk
C105303,356,6,181704.6685,30284.111416666667,8.0,2.0,2.0,0.6666666666666666,1,0.2782975251854942,Low Risk
C104859,234,7,149470.06,21352.865714285716,9.0,3.0,1.0,0.5714285714285714,1,0.27828909163036236,Low Risk
C106409,9,6,129013.00899999999,21502.168166666666,13.0,4.0,2.0,0.8333333333333334,0,0.27812061632689405,Low Risk
C107860,97,7,147395.9225,21056.56035714286,6.0,1.0,2.0,0.7142857142857143,1,0.2780746245010118,Low Risk
C113182,93,6,120019.466,20003.244333333336,9.0,3.0,0.0,0.5,1,0.27788937891058973,Low Risk
C107266,4,6,110416.0005,18402.66675,9.0,2.0,0.0,0.8333333333333334,0,0.2777271105851752,Low Risk
C108611,31,5,95103.96049999999,19020.7921,10.0,0.0,0.0,0.2,0,0.2776558042744039,Low Risk
C105782,2,6,82231.5,13705.25,7.0,3.0,1.0,0.8333333333333334,0,0.2775981788414,Low Risk
C102174,160,7,192225.1115,27460.730214285715,8.0,1.0,0.0,0.2857142857142857,1,0.2775272282289598,Low Risk
C105288,6,7,153034.4445,21862.063499999997,9.0,2.0,1.0,0.5714285714285714,0,0.2774209663657498,Low Risk
C101819,46,7,175545.506,25077.929428571428,8.0,3.0,2.0,0.7142857142857143,0,0.27714216080249776,Low Risk
C111898,41,6,66340.9465,11056.824416666668,6.0,1.0,0.0,0.16666666666666666,0,0.27703937817219504,Low Risk
C105887,68,5,131674.067,26334.813400000003,5.0,0.0,2.0,0.6,0,0.2770185925639535,Low Risk
C107714,84,6,141866.6525,23644.44208333333,12.0,7.0,1.0,0.16666666666666666,0,0.2769776577242139,Low Risk
C100900,243,5,167888.7365,33577.7473,5.0,0.0,1.0,0.8,1,0.2765720793796444,Low Risk
C108455,6,6,176738.1005,29456.350083333335,4.0,1.0,0.0,0.6666666666666666,0,0.27654478960202517,Low Risk
C101040,39,5,182457.268,36491.4536,5.0,1.0,1.0,0.2,0,0.2765229701737963,Low Risk
C114973,43,6,123532.03,20588.671666666665,7.0,2.0,0.0,0.6666666666666666,0,0.2764409287710992,Low Risk
C105565,131,6,115680.399,19280.0665,5.0,2.0,0.0,0.5,1,0.2764394549216872,Low Risk
C112192,161,7,86005.7045,12286.529214285712,6.0,3.0,3.0,0.42857142857142855,1,0.2764262155760968,Low Risk
C103929,215,5,166320.653,33264.1306,9.0,2.0,0.0,0.2,1,0.27608923127400753,Low Risk
C110227,4,6,136007.198,22667.866333333335,3.0,1.0,1.0,0.5,0,0.2760600311737183,Low Risk
C102829,22,6,96277.03899999999,16046.173166666666,7.0,2.0,0.0,0.6666666666666666,0,0.2759799614698546,Low Risk
C110469,163,8,175049.9885,21881.2485625,12.0,3.0,0.0,0.625,1,0.27592114013331087,Low Risk
C109399,110,6,92862.48300000001,15477.080500000002,8.0,0.0,0.0,0.3333333333333333,1,0.27580810278980367,Low Risk
C107422,32,6,110496.7265,18416.121083333335,8.0,2.0,0.0,0.6666666666666666,0,0.2756832716932673,Low Risk
C102390,9,5,82511.859,16502.3718,19.0,5.0,0.0,0.6,0,0.2756820980479904,Low Risk
C109477,17,5,80620.51699999999,16124.103399999998,6.0,0.0,2.0,0.2,0,0.27555171248752935,Low Risk
C109091,37,6,104788.4125,17464.735416666666,5.0,1.0,1.0,0.6666666666666666,0,0.2755336529488649,Low Risk
C110321,30,5,90499.32200000001,18099.864400000002,2.0,0.0,2.0,0.6,0,0.27550741792882655,Low Risk
C107340,13,5,174656.465,34931.293,9.0,4.0,1.0,0.6,0,0.27539745007217414,Low Risk
C103897,5,7,163054.872,23293.553142857145,7.0,1.0,0.0,0.5714285714285714,0,0.2752850396991748,Low Risk
C106441,86,6,83054.57149999999,13842.428583333332,9.0,3.0,1.0,0.5,0,0.274713917979969,Low Risk
C112758,167,6,198947.896,33157.98266666667,10.0,4.0,4.0,0.6666666666666666,1,0.27466599884658394,Low Risk
C112092,45,6,81383.484,13563.913999999999,12.0,2.0,1.0,0.6666666666666666,0,0.27460565912090945,Low Risk
C111517,15,6,87496.8515,14582.808583333333,6.0,3.0,0.0,0.5,0,0.2743920953930281,Low Risk
C111387,2,5,90732.01999999999,18146.404,7.0,0.0,1.0,0.4,0,0.2743346019373639,Low Risk
C110124,0,5,89068.434,17813.6868,5.0,1.0,4.0,0.6,0,0.2743302771749497,Low Risk
C103772,-1,6,170469.012,28411.501999999997,10.0,4.0,1.0,0.8333333333333334,0,0.27423025756328934,Low Risk
C108400,145,10,205230.165,20523.016499999998,3.0,0.0,0.0,0.5,1,0.27420133147543263,Low Risk
C102935,40,6,194819.34749999997,32469.891249999997,11.0,2.0,2.0,0.6666666666666666,0,0.27414864307377934,Low Risk
C104440,26,7,148258.4935,21179.784785714288,5.0,0.0,0.0,0.5714285714285714,0,0.2740894973605792,Low Risk
C111242,16,7,148087.103,21155.30042857143,7.0,2.0,2.0,0.8571428571428571,0,0.27396177470033367,Low Risk
C101234,36,5,161996.172,32399.234400000005,10.0,5.0,1.0,0.6,0,0.27382205932535864,Low Risk
C103261,6,7,160126.7395,22875.248499999998,11.0,1.0,2.0,0.42857142857142855,0,0.27367074512882583,Low Risk
C103778,92,10,149938.5635,14993.856349999998,6.0,0.0,3.0,0.6,1,0.27361510716402815,Low Risk
C100175,100,6,113405.6895,18900.948249999998,5.0,2.0,0.0,0.6666666666666666,1,0.2736117762502133,Low Risk
C107073,57,4,100705.23150000001,25176.307875000002,14.0,5.0,0.0,1.0,0,0.2735527299965788,Low Risk
C112739,44,6,136628.326,22771.387666666666,13.0,1.0,3.0,0.6666666666666666,0,0.2735324954779199,Low Risk
C106201,99,7,192105.101,27443.585857142858,11.0,2.0,2.0,0.5714285714285714,1,0.2734809337272282,Low Risk
C111305,1,7,154799.566,22114.223714285712,7.0,2.0,1.0,0.42857142857142855,0,0.2732504409278364,Low Risk
C114767,26,6,165741.4375,27623.572916666668,9.0,3.0,0.0,0.6666666666666666,0,0.27305503820728794,Low Risk
C106286,1,7,182299.04,26042.72,6.0,1.0,2.0,0.7142857142857143,0,0.2728384813494136,Low Risk
C100597,128,6,116502.454,19417.075666666668,7.0,3.0,0.0,0.8333333333333334,1,0.2727728054819413,Low Risk
C100853,340,7,192585.157,27512.165285714287,11.0,3.0,1.0,0.42857142857142855,1,0.27274399802935617,Low Risk
C102737,28,6,80498.1235,13416.353916666667,5.0,0.0,3.0,0.5,0,0.2724701922806305,Low Risk
C102261,64,8,59619.94300000001,7452.492875,6.0,1.0,0.0,0.625,0,0.27246988960416485,Low Risk
C112576,8,6,80217.3225,13369.55375,11.0,3.0,1.0,0.5,0,0.27239092882615623,Low Risk
C107643,46,6,142095.3515,23682.55858333333,6.0,0.0,2.0,0.5,0,0.2723731746887275,Low Risk
C104472,69,6,123984.6515,20664.108583333335,10.0,2.0,1.0,0.6666666666666666,0,0.2723639881526265,Low Risk
C106975,56,5,80490.4835,16098.0967,5.0,2.0,0.0,0.2,0,0.27220787587760553,Low Risk
C110859,0,7,151625.0625,21660.723214285714,8.0,5.0,1.0,0.7142857142857143,0,0.27217199499106465,Low Risk
C105553,14,6,105983.7425,17663.95708333333,8.0,2.0,2.0,0.3333333333333333,0,0.2721267629388093,Low Risk
C106889,25,6,124209.912,20701.652,8.0,2.0,0.0,0.3333333333333333,0,0.2720491268236654,Low Risk
C110049,0,6,142846.321,23807.72016666667,8.0,0.0,2.0,0.5,0,0.271947567305206,Low Risk
C104748,4,5,167203.3255,33440.6651,10.0,3.0,0.0,0.6,0,0.2718883205851469,Low Risk
C103646,7,6,107626.647,17937.7745,9.0,6.0,0.0,0.3333333333333333,0,0.2716184351220956,Low Risk
C110700,31,5,166769.089,33353.817800000004,9.0,2.0,0.0,0.2,0,0.2714614487319704,Low Risk
C100375,152,7,182734.349,26104.907,8.0,2.0,1.0,0.42857142857142855,1,0.27136071031061115,Low Risk
C112693,23,7,169338.4425,24191.206071428573,15.0,5.0,2.0,0.8571428571428571,0,0.27129872165382635,Low Risk
C109760,31,6,114164.8005,19027.466750000003,8.0,4.0,0.0,0.6666666666666666,0,0.2712628985747967,Low Risk
C100152,30,6,82298.58799999999,13716.431333333332,7.0,2.0,0.0,0.5,0,0.27122833158087867,Low Risk
C114316,116,7,148372.7875,21196.1125,6.0,1.0,1.0,0.5714285714285714,1,0.27119645555270994,Low Risk
C107522,3,6,95815.7885,15969.298083333333,7.0,2.0,0.0,0.6666666666666666,0,0.2711624951124081,Low Risk
C101702,20,7,130271.6255,18610.232214285712,14.0,2.0,2.0,0.5714285714285714,0,0.2711380066781697,Low Risk
C104887,30,6,86038.4335,14339.738916666667,6.0,0.0,1.0,0.5,0,0.2711322222934456,Low Risk
C101220,32,6,121359.607,20226.601166666667,10.0,2.0,0.0,0.5,0,0.2709557158565888,Low Risk
C107959,38,6,96133.3135,16022.218916666667,5.0,2.0,0.0,0.6666666666666666,0,0.2708437556514481,Low Risk
C112533,20,6,108573.19750000001,18095.532916666667,7.0,1.0,1.0,0.6666666666666666,0,0.2708432028535895,Low Risk
C111320,5,2,13708.424,6854.212,14.0,8.0,0.0,1.0,0,0.27070365279123715,Low Risk
C112187,33,6,167131.2285,27855.20475,8.0,3.0,0.0,0.6666666666666666,0,0.2705595580850771,Low Risk
C108560,42,7,157106.6955,22443.81364285714,5.0,3.0,2.0,0.7142857142857143,0,0.2704343518023567,Low Risk
C103224,151,7,115813.859,16544.837,14.0,4.0,0.0,0.42857142857142855,1,0.270296878234191,Low Risk
C102181,11,6,115517.4535,19252.908916666667,7.0,1.0,0.0,0.5,0,0.2702328734227646,Low Risk
C108922,202,6,195760.978,32626.82966666666,7.0,3.0,3.0,0.5,1,0.27017697317428596,Low Risk
C105884,15,7,152987.362,21855.337428571427,11.0,2.0,1.0,0.42857142857142855,0,0.2701683592298029,Low Risk
C106095,-1,6,103071.7025,17178.617083333334,4.0,2.0,0.0,0.5,0,0.2701084994153444,Low Risk
C107190,74,7,186347.6575,26621.09392857143,3.0,1.0,1.0,0.8571428571428571,0,0.27005443872156776,Low Risk
C101884,23,6,116147.5195,19357.919916666666,4.0,0.0,0.0,0.5,0,0.2700517914232846,Low Risk
C112378,157,6,88770.49100000001,14795.081833333335,9.0,4.0,0.0,0.5,1,0.2699316319243144,Low Risk
C101661,-1,7,160912.772,22987.538857142856,10.0,5.0,0.0,0.2857142857142857,0,0.2699178023592808,Low Risk
C104491,28,5,98510.558,19702.1116,15.0,2.0,0.0,0.2,0,0.2698777569669471,Low Risk
C108290,17,2,6834.8795,3417.43975,17.0,8.0,0.0,1.0,0,0.26960384937373827,Low Risk
C112505,7,6,91391.3185,15231.886416666666,9.0,2.0,0.0,0.5,0,0.2695942616156095,Low Risk
C106837,110,6,102800.4065,17133.401083333334,9.0,0.0,1.0,0.6666666666666666,1,0.26955919612602075,Low Risk
C101958,27,6,116816.48999999999,19469.414999999997,9.0,3.0,0.0,0.3333333333333333,0,0.26947431312738657,Low Risk
C109465,71,6,115098.67,19183.111666666668,10.0,4.0,0.0,0.6666666666666666,0,0.2694072334527242,Low Risk
C107793,16,6,162531.4585,27088.576416666667,6.0,0.0,0.0,0.6666666666666666,0,0.26933599686826115,Low Risk
C105043,21,5,93210.188,18642.0376,4.0,0.0,2.0,0.8,0,0.2693143533826664,Low Risk
C108524,148,7,198617.45750000002,28373.922500000004,9.0,3.0,1.0,0.5714285714285714,1,0.2691944847128449,Low Risk
C108122,55,6,89822.52799999999,14970.421333333332,5.0,2.0,0.0,0.5,0,0.2691151367905899,Low Risk
C103620,62,6,102834.6105,17139.101749999998,11.0,4.0,2.0,0.5,0,0.26871595839377527,Low Risk
C105643,0,6,150101.14800000002,25016.858000000004,3.0,0.0,1.0,0.5,0,0.26863376457270527,Low Risk
C105169,24,4,118324.67300000001,29581.16825,19.0,6.0,2.0,0.75,0,0.26819512728285594,Low Risk
C106529,67,5,94425.54000000001,18885.108,12.0,2.0,0.0,0.2,0,0.2680997818462899,Low Risk
C103836,30,6,116207.4725,19367.912083333333,7.0,1.0,1.0,0.6666666666666666,0,0.26802588850417747,Low Risk
C109842,0,7,183643.789,26234.827,10.0,0.0,1.0,0.7142857142857143,0,0.2678992498816646,Low Risk
C107217,11,7,98822.035,14117.433571428572,16.0,5.0,1.0,0.8571428571428571,0,0.26788440801527513,Low Risk
C106701,17,6,87941.648,14656.941333333334,10.0,7.0,3.0,0.8333333333333334,0,0.2677630748194256,Low Risk
C102445,83,7,174065.1575,24866.45107142857,6.0,0.0,0.0,0.42857142857142855,0,0.26762933959684354,Low Risk
C103722,72,6,204042.175,34007.02916666667,6.0,1.0,1.0,0.5,0,0.26752546851418957,Low Risk
C101407,13,5,162234.51750000002,32446.903499999997,4.0,3.0,0.0,0.8,0,0.2674948324928012,Low Risk
C112952,36,6,122220.60699999999,20370.101166666667,7.0,1.0,0.0,0.5,0,0.2674909990836811,Low Risk
C106644,17,6,112487.0345,18747.839083333332,11.0,2.0,0.0,0.6666666666666666,0,0.26730826129755864,Low Risk
C112010,27,7,190202.6335,27171.804785714285,7.0,0.0,1.0,0.7142857142857143,0,0.267290354712725,Low Risk
C112025,153,11,149915.381,13628.671,10.0,4.0,2.0,0.5454545454545454,1,0.26717963965525043,Low Risk
C104185,33,6,90094.763,15015.793833333335,9.0,3.0,1.0,0.3333333333333333,0,0.2671121286256801,Low Risk
C114047,67,7,174426.238,24918.034000000003,12.0,4.0,0.0,0.5714285714285714,0,0.2670939800885344,Low Risk
C102334,40,5,82195.86,16439.172,7.0,2.0,0.0,0.0,0,0.2670559604838515,Low Risk
C100967,75,6,202783.871,33797.31183333333,8.0,2.0,1.0,0.6666666666666666,0,0.267021652675277,Low Risk
C110742,26,8,73233.3355,9154.1669375,8.0,4.0,1.0,0.625,0,0.26695429502996776,Low Risk
C111296,1,6,98742.86,16457.143333333333,3.0,1.0,1.0,0.5,0,0.2669365545989397,Low Risk
C104090,157,7,177246.8785,25320.982642857143,7.0,2.0,0.0,0.42857142857142855,1,0.2668807501080559,Low Risk
C100057,66,5,160991.34649999999,32198.269299999996,10.0,3.0,1.0,0.6,0,0.2668062031377132,Low Risk
C100385,9,6,117243.8895,19540.648250000002,7.0,2.0,1.0,0.6666666666666666,0,0.2668053717058068,Low Risk
C108183,93,8,172114.872,21514.359,11.0,4.0,0.0,0.625,1,0.26678157002294034,Low Risk
C113076,9,7,165257.2415,23608.177357142857,7.0,4.0,0.0,0.5714285714285714,0,0.26674684646106855,Low Risk
C102828,35,6,81980.3045,13663.384083333332,12.0,4.0,2.0,0.6666666666666666,0,0.26660523958722976,Low Risk
C104839,112,7,132476.0785,18925.154071428573,8.0,1.0,2.0,0.7142857142857143,1,0.2665199321205398,Low Risk
C103565,82,6,99864.114,16644.019,9.0,2.0,1.0,0.5,0,0.26646105721806057,Low Risk
C109174,85,6,117043.57900000001,19507.263166666668,6.0,1.0,1.0,0.6666666666666666,0,0.26623910538711054,Low Risk
C112539,195,8,130363.505,16295.438125,11.0,5.0,0.0,0.625,1,0.266215015369215,Low Risk
C111586,264,7,212546.77649999998,30363.825214285713,10.0,2.0,1.0,0.5714285714285714,1,0.26618018575642044,Low Risk
C103737,75,6,160180.4055,26696.734249999998,7.0,2.0,1.0,0.5,0,0.26616323734731134,Low Risk
C100861,119,8,163694.5345,20461.8168125,10.0,0.0,0.0,0.375,1,0.2661017658991946,Low Risk
C114667,74,5,110986.28600000001,22197.2572,14.0,6.0,2.0,1.0,0,0.2658094967049328,Low Risk
C114027,23,6,91063.7315,15177.288583333333,6.0,1.0,1.0,0.5,0,0.26576931563949124,Low Risk
C113367,54,6,100889.694,16814.949,10.0,3.0,0.0,0.3333333333333333,0,0.2655946229354887,Low Risk
C109205,77,6,106325.6205,17720.936749999997,3.0,2.0,1.0,0.3333333333333333,0,0.2653291713895028,Low Risk
C104577,242,6,113487.60250000001,18914.600416666664,9.0,0.0,1.0,0.6666666666666666,1,0.26515095538056066,Low Risk
C101016,65,7,172044.018,24577.71685714286,11.0,1.0,0.0,0.5714285714285714,0,0.2651148108401781,Low Risk
C102604,50,7,166950.202,23850.028857142857,10.0,2.0,1.0,0.42857142857142855,0,0.26487705344074647,Low Risk
C102037,12,5,162572.204,32514.4408,12.0,3.0,0.0,0.6,0,0.2645594334053517,Low Risk
C108383,11,7,187837.19,26833.884285714284,9.0,3.0,2.0,0.7142857142857143,0,0.264293710111158,Low Risk
C102305,270,7,169641.7355,24234.533642857143,6.0,2.0,0.0,0.5714285714285714,1,0.264181665153053,Low Risk
C103981,136,7,114071.574,16295.939142857142,6.0,2.0,2.0,0.42857142857142855,1,0.2641612990396236,Low Risk
C109041,41,5,228991.516,45798.3032,8.0,2.0,0.0,0.4,0,0.2640114860570358,Low Risk
C100961,25,6,89583.526,14930.587666666666,9.0,2.0,1.0,0.5,0,0.2639817460360965,Low Risk
C108648,36,5,155209.1175,31041.8235,3.0,1.0,3.0,0.6,0,0.26385553951631235,Low Risk
C107243,56,7,146691.982,20955.997428571427,6.0,1.0,0.0,0.7142857142857143,0,0.2636465837428426,Low Risk
C105696,39,5,118669.4655,23733.893099999998,6.0,1.0,5.0,0.6,0,0.2634012010856616,Low Risk
C108010,20,6,119224.92850000001,19870.821416666666,6.0,2.0,1.0,0.6666666666666666,0,0.2632681611045013,Low Risk
C102995,100,7,127893.477,18270.496714285713,8.0,4.0,0.0,0.8571428571428571,1,0.26326758123145566,Low Risk
C103047,159,6,121905.961,20317.660166666665,7.0,2.0,0.0,0.5,1,0.2631858983753798,Low Risk
C108180,57,6,77762.068,12960.344666666666,6.0,2.0,0.0,0.16666666666666666,0,0.26299467865328796,Low Risk
C105942,75,6,114844.143,19140.6905,7.0,1.0,0.0,0.5,0,0.2629056916493997,Low Risk
C104036,92,9,111906.127,12434.01411111111,5.0,0.0,0.0,0.6666666666666666,1,0.2627245463786519,Low Risk
C100806,51,5,162957.967,32591.5934,9.0,3.0,0.0,0.4,0,0.2626663270597173,Low Risk
C105079,-1,7,154249.781,22035.683,8.0,3.0,1.0,0.2857142857142857,0,0.2624601864756231,Low Risk
C103531,133,9,288644.8915,32071.654611111113,9.0,2.0,1.0,0.7777777777777778,1,0.2621593420859378,Low Risk
C107895,14,6,112454.4865,18742.414416666667,5.0,2.0,0.0,0.3333333333333333,0,0.26208529645791456,Low Risk
C107506,31,7,150844.8925,21549.27035714286,6.0,2.0,0.0,0.7142857142857143,0,0.26195210768263993,Low Risk
C101313,151,7,114934.943,16419.27757142857,8.0,3.0,0.0,0.42857142857142855,1,0.26188770968089903,Low Risk
C102706,78,6,106282.272,17713.712,2.0,0.0,2.0,0.6666666666666666,0,0.26181753371482097,Low Risk
C110091,32,7,147961.1785,21137.31121428571,5.0,3.0,0.0,0.5714285714285714,0,0.2617510012801166,Low Risk
C112398,112,7,132396.4285,18913.775499999996,13.0,3.0,0.0,0.42857142857142855,1,0.26145383398500555,Low Risk
C107619,181,5,174441.6315,34888.3263,5.0,0.0,1.0,0.6,1,0.2614531583589192,Low Risk
C102543,-1,7,121961.3695,17423.052785714284,8.0,2.0,0.0,0.8571428571428571,0,0.2614493305043242,Low Risk
C112039,88,6,82815.561,13802.5935,13.0,4.0,0.0,0.5,0,0.26138690757755445,Low Risk
C114590,19,7,192643.362,27520.48028571429,12.0,4.0,1.0,0.42857142857142855,0,0.261213947813059,Low Risk
C113349,44,6,98650.1765,16441.696083333332,9.0,3.0,1.0,0.5,0,0.26119825183036116,Low Risk
C108759,40,7,150438.6625,21491.237499999996,8.0,3.0,1.0,0.5714285714285714,0,0.26114015025331344,Low Risk
C107879,81,6,149993.642,24998.940333333332,17.0,3.0,0.0,0.6666666666666666,0,0.26078193890899093,Low Risk
C100284,0,7,157844.289,22549.184142857146,5.0,2.0,3.0,0.7142857142857143,0,0.26076375560561366,Low Risk
C111504,20,7,166163.5985,23737.65692857143,9.0,3.0,2.0,0.5714285714285714,0,0.2604494351375838,Low Risk
C106751,0,6,111906.5685,18651.09475,6.0,1.0,0.0,0.5,0,0.2603252892353002,Low Risk
C102339,10,7,239962.977,34280.425285714286,10.0,5.0,1.0,1.0,0,0.25991423346564035,Low Risk
C114166,314,8,167446.9435,20930.8679375,12.0,2.0,0.0,0.5,1,0.25960875846886744,Low Risk
C112872,4,6,121603.224,20267.204,4.0,4.0,1.0,0.6666666666666666,0,0.25959807563709636,Low Risk
C106321,19,6,109252.843,18208.807166666666,7.0,1.0,2.0,0.3333333333333333,0,0.25943685743895134,Low Risk
C112881,0,6,88883.9115,14813.98525,10.0,3.0,1.0,0.5,0,0.2591114031280637,Low Risk
C109273,3,6,148405.9375,24734.322916666668,16.0,4.0,1.0,0.6666666666666666,0,0.2585278086984716,Low Risk
C104128,71,6,132210.80599999998,22035.134333333335,8.0,1.0,4.0,0.6666666666666666,0,0.2584621480072695,Low Risk
C110010,77,6,88901.84300000001,14816.973833333335,8.0,4.0,1.0,0.5,0,0.2582587812746975,Low Risk
C109259,42,6,97009.208,16168.201333333333,11.0,3.0,0.0,0.3333333333333333,0,0.2581481040975862,Low Risk
C114192,18,6,104086.86,17347.81,7.0,3.0,1.0,0.5,0,0.25809944087396297,Low Risk
C112101,59,6,118398.5055,19733.08425,13.0,2.0,0.0,0.5,0,0.2580237533537849,Low Risk
C104435,25,6,116907.2365,19484.539416666667,7.0,0.0,1.0,0.6666666666666666,0,0.2579903002207675,Low Risk
C109620,115,6,153792.0785,25632.013083333335,7.0,1.0,4.0,0.5,1,0.25790822411068687,Low Risk
C102997,11,7,152892.076,21841.725142857144,6.0,0.0,0.0,0.2857142857142857,0,0.25781097006712284,Low Risk
C107734,18,8,170396.44150000002,21299.555187500002,8.0,3.0,1.0,0.25,0,0.25781077513958267,Low Risk
C100879,31,6,118318.2475,19719.707916666666,9.0,5.0,1.0,0.5,0,0.2577733590099408,Low Risk
C114303,164,7,118536.2135,16933.744785714287,7.0,2.0,0.0,0.5714285714285714,1,0.2575315857080357,Low Risk
C109087,11,6,187626.6255,31271.104250000004,7.0,2.0,1.0,0.8333333333333334,0,0.2574029285860501,Low Risk
C105099,5,6,99696.14050000001,16616.023416666667,4.0,1.0,1.0,0.3333333333333333,0,0.25729039287411193,Low Risk
C101023,1,6,98748.797,16458.132833333333,10.0,5.0,1.0,0.5,0,0.25714200237629875,Low Risk
C107849,70,6,124285.206,20714.201,9.0,3.0,1.0,0.5,0,0.2570855321753191,Low Risk
C110253,41,7,70513.1925,10073.313214285716,10.0,1.0,1.0,0.7142857142857143,0,0.2569921697048873,Low Risk
C105894,5,5,173730.211,34746.0422,9.0,3.0,1.0,0.6,0,0.25690838996869864,Low Risk
C112767,107,7,170083.0055,24297.572214285716,10.0,4.0,3.0,0.2857142857142857,1,0.2569067667862198,Low Risk
C106904,3,5,169120.4725,33824.0945,9.0,2.0,0.0,0.4,0,0.25674643004707975,Low Risk
C109249,21,7,175270.519,25038.645571428573,8.0,3.0,0.0,0.42857142857142855,0,0.25665772040089946,Low Risk
C108829,20,5,135358.3,27071.659999999996,17.0,5.0,2.0,0.0,0,0.2564287381679402,Low Risk
C111340,30,7,67601.2835,9657.326214285715,9.0,1.0,0.0,0.5714285714285714,0,0.25640071057299246,Low Risk
C107484,15,7,131761.4315,18823.061642857145,9.0,4.0,0.0,0.8571428571428571,0,0.256249339568254,Low Risk
C102309,16,7,180538.1305,25791.1615,9.0,5.0,3.0,0.5714285714285714,0,0.25609092650006227,Low Risk
C101821,2,6,111195.817,18532.636166666667,8.0,0.0,1.0,0.6666666666666666,0,0.25605683160645004,Low Risk
C111733,100,8,263552.167,32944.020875,6.0,1.0,1.0,0.625,1,0.2559157359778405,Low Risk
C114091,185,8,132621.2655,16577.6581875,11.0,2.0,0.0,0.625,1,0.25584267475876105,Low Risk
C104086,196,8,128888.277,16111.034625,7.0,3.0,3.0,0.625,1,0.25545500309181796,Low Risk
C100491,24,6,103786.5585,17297.75975,9.0,5.0,0.0,0.3333333333333333,0,0.25533173333546005,Low Risk
C100120,13,5,164924.81,32984.962,7.0,1.0,0.0,0.8,0,0.25531440651102494,Low Risk
C106221,68,5,164438.66,32887.732,7.0,2.0,0.0,0.8,0,0.2552928711486376,Low Risk
C107349,-1,7,161901.9985,23128.856928571426,7.0,1.0,1.0,0.5714285714285714,0,0.2552868995422079,Low Risk
C102821,187,15,272242.542,18149.502800000002,13.0,4.0,5.0,0.6,1,0.2552747251067727,Low Risk
C105057,96,7,183478.389,26211.198428571428,5.0,2.0,2.0,0.5714285714285714,1,0.25522276354197676,Low Risk
C102768,59,6,183357.2465,30559.541083333334,3.0,1.0,0.0,0.6666666666666666,0,0.2549931825925942,Low Risk
C114219,5,6,88940.098,14823.349666666667,10.0,4.0,1.0,0.5,0,0.25497528138822073,Low Risk
C104959,92,5,179990.1215,35998.0243,6.0,1.0,1.0,0.8,1,0.25488606076383835,Low Risk
C111868,88,7,169808.287,24258.326714285715,13.0,3.0,0.0,0.42857142857142855,0,0.2548194265303338,Low Risk
C112933,40,6,183128.4765,30521.41275,9.0,3.0,2.0,0.8333333333333334,0,0.25469098536558304,Low Risk
C112117,1,6,98728.5095,16454.751583333335,5.0,1.0,1.0,0.5,0,0.254456498792838,Low Risk
C101571,44,5,110087.568,22017.5136,11.0,3.0,4.0,0.2,0,0.2544141863279212,Low Risk
C112109,151,6,119403.743,19900.623833333335,6.0,1.0,1.0,0.5,1,0.25440259409667243,Low Risk
C105806,114,6,170215.841,28369.306833333332,8.0,3.0,2.0,0.8333333333333334,1,0.2543980730211955,Low Risk
C111670,120,8,175931.837,21991.479625,7.0,5.0,1.0,0.75,1,0.25426545045634347,Low Risk
C103168,8,5,95609.268,19121.8536,6.0,0.0,2.0,0.6,0,0.25402681079915523,Low Risk
C107777,51,7,144814.451,20687.778714285716,11.0,3.0,2.0,0.42857142857142855,0,0.2540005736442679,Low Risk
C104779,52,5,85585.9465,17117.189300000002,13.0,1.0,4.0,0.4,0,0.25388017503271015,Low Risk
C114570,56,6,136802.6745,22800.44575,7.0,3.0,4.0,0.5,0,0.25385963566039055,Low Risk
C100461,147,8,239386.731,29923.341375,12.0,5.0,2.0,0.375,1,0.25350227552586985,Low Risk
C108275,4,7,165933.8095,23704.829928571427,6.0,0.0,0.0,0.5714285714285714,0,0.25296366560593986,Low Risk
C113650,9,7,186068.35749999998,26581.193928571425,8.0,3.0,0.0,0.42857142857142855,0,0.2528656686048802,Low Risk
C111095,7,6,81802.1945,13633.699083333333,9.0,2.0,1.0,0.3333333333333333,0,0.2527365836074565,Low Risk
C111211,-1,7,210394.915,30056.41642857143,7.0,2.0,1.0,0.42857142857142855,0,0.25259750323536795,Low Risk
C109209,138,13,219186.629,16860.509923076923,8.0,3.0,0.0,0.3076923076923077,1,0.2525064353654511,Low Risk
C103258,14,6,112713.9035,18785.650583333332,12.0,5.0,1.0,0.6666666666666666,0,0.25234850931334046,Low Risk
C114747,47,6,105824.677,17637.446166666665,9.0,4.0,0.0,0.5,0,0.2523326566547423,Low Risk
C109707,22,6,168818.61000000002,28136.435,7.0,1.0,2.0,0.8333333333333334,0,0.25221228492663794,Low Risk
C104355,136,10,289185.923,28918.5923,14.0,4.0,3.0,0.5,1,0.25208006169994684,Low Risk
C100399,209,6,106679.4105,17779.90175,7.0,1.0,0.0,0.3333333333333333,1,0.2520115728623083,Low Risk
C114567,68,7,147453.2175,21064.745357142856,8.0,1.0,1.0,0.5714285714285714,0,0.251470637226121,Low Risk
C110755,2,6,124690.706,20781.784333333333,9.0,5.0,1.0,0.3333333333333333,0,0.2513108469376303,Low Risk
C111291,35,7,197467.765,28209.680714285718,3.0,2.0,1.0,0.8571428571428571,0,0.25118554578655533,Low Risk
C100380,67,6,151301.41,25216.90166666667,11.0,2.0,0.0,0.0,0,0.2510623993628881,Low Risk
C113233,25,6,109691.71699999999,18281.952833333333,10.0,5.0,5.0,0.6666666666666666,0,0.25100760399381183,Low Risk
C110317,107,11,362805.60349999997,32982.32759090909,7.0,2.0,3.0,0.7272727272727273,1,0.25092197556145446,Low Risk
C114990,30,7,201936.75400000002,28848.107714285718,11.0,4.0,1.0,0.5714285714285714,0,0.2508741272537422,Low Risk
C100769,2,6,68820.3975,11470.066250000002,15.0,5.0,1.0,0.6666666666666666,0,0.25060869496791144,Low Risk
C100561,106,7,171290.8745,24470.12492857143,5.0,2.0,1.0,0.42857142857142855,1,0.2505803679769811,Low Risk
C106715,57,7,168862.9955,24123.28507142857,5.0,2.0,1.0,0.42857142857142855,0,0.2505803679769811,Low Risk
C113816,-1,7,183400.571,26200.08157142857,10.0,6.0,0.0,0.42857142857142855,0,0.2503681160610741,Low Risk
C108940,10,6,102890.79,17148.465,6.0,3.0,1.0,0.5,0,0.2503306782102406,Low Risk
C101102,61,7,147436.753,21062.393285714286,11.0,3.0,0.0,0.2857142857142857,0,0.25013941983061444,Low Risk
C108473,15,6,90411.53,15068.588333333335,13.0,3.0,0.0,0.5,0,0.2500817422737346,Low Risk
C106074,23,7,90350.455,12907.207857142857,9.0,3.0,0.0,0.8571428571428571,0,0.24997079989197427,Low Risk
C108313,47,7,131861.5735,18837.36764285714,8.0,2.0,2.0,0.42857142857142855,0,0.24991456314720673,Low Risk
C104758,15,6,124621.3395,20770.22325,9.0,4.0,1.0,0.5,0,0.24985192827690544,Low Risk
C107709,29,7,175439.93899999998,25062.84842857143,5.0,1.0,0.0,0.42857142857142855,0,0.24977114787133395,Low Risk
C104891,4,6,95616.494,15936.082333333334,7.0,3.0,1.0,0.16666666666666666,0,0.2496941015173049,Low Risk
C101671,73,7,171250.8755,24464.410785714284,6.0,2.0,1.0,0.42857142857142855,0,0.24963495934415195,Low Risk
C105725,62,5,161975.554,32395.110800000002,6.0,3.0,2.0,1.0,0,0.2494957756503948,Low Risk
C109429,93,7,90907.27249999999,12986.753214285713,6.0,4.0,1.0,0.8571428571428571,1,0.24941627311508754,Low Risk
C109921,38,5,163485.767,32697.1534,7.0,1.0,0.0,0.8,0,0.2493984079710436,Low Risk
C100696,2,6,102390.086,17065.014333333333,9.0,1.0,1.0,0.5,0,0.24934609351020012,Low Risk
C107929,2,7,169676.695,24239.527857142857,8.0,1.0,1.0,0.5714285714285714,0,0.24925460545147016,Low Risk
C114502,18,6,111118.278,18519.713,5.0,3.0,0.0,0.5,0,0.24904293067389002,Low Risk
C108006,19,5,181330.2265,36266.0453,4.0,1.0,2.0,0.8,0,0.2489920071461903,Low Risk
C101253,74,7,178873.367,25553.33814285714,9.0,3.0,1.0,0.42857142857142855,0,0.24886523900858543,Low Risk
C102124,69,6,183105.445,30517.57416666667,8.0,1.0,3.0,0.8333333333333334,0,0.24875848723965072,Low Risk
C100295,40,7,149497.246,21356.74942857143,4.0,2.0,2.0,0.42857142857142855,0,0.24869593218882613,Low Risk
C105876,9,6,87947.6285,14657.938083333334,7.0,2.0,1.0,0.3333333333333333,0,0.24852592566945148,Low Risk
C107669,14,6,162964.595,27160.765833333335,9.0,2.0,0.0,0.5,0,0.24820493610684033,Low Risk
C103375,51,6,124076.0255,20679.337583333334,7.0,1.0,1.0,0.5,0,0.24805565248369393,Low Risk
C114619,41,6,123503.70199999999,20583.950333333334,1.0,1.0,1.0,0.5,0,0.24797760995491358,Low Risk
C111530,36,5,158700.6285,31740.125699999997,3.0,0.0,2.0,0.6,0,0.24789056650686858,Low Risk
C106387,36,8,90274.725,11284.340625,11.0,3.0,3.0,0.875,0,0.24784120638985535,Low Risk
C101712,155,7,145503.1285,20786.161214285712,6.0,2.0,0.0,0.5714285714285714,1,0.2476878636055898,Low Risk
C108502,1,7,180469.791,25781.398714285715,10.0,4.0,1.0,0.5714285714285714,0,0.24748652305364086,Low Risk
C112672,19,6,61172.118,10195.353000000001,14.0,5.0,0.0,0.5,0,0.24738243559218304,Low Risk
C106509,27,7,148021.736,21145.962285714282,7.0,0.0,1.0,0.5714285714285714,0,0.24727011394619136,Low Risk
C107132,2,6,88192.577,14698.762833333332,11.0,2.0,1.0,0.5,0,0.24723129428324206,Low Risk
C112028,18,6,181662.23899999997,30277.03983333333,7.0,2.0,0.0,0.8333333333333334,0,0.24722045945531537,Low Risk
C101532,247,6,123490.081,20581.68016666667,11.0,4.0,1.0,0.5,1,0.2469004519636738,Low Risk
C109192,4,7,185850.345,26550.049285714285,13.0,2.0,0.0,0.2857142857142857,0,0.24687835388910784,Low Risk
C102132,107,6,125569.311,20928.2185,4.0,0.0,1.0,0.3333333333333333,1,0.2466981092478836,Low Risk
C108028,114,7,170334.74049999999,24333.534357142857,6.0,1.0,1.0,0.42857142857142855,1,0.24652367283257387,Low Risk
C107818,20,7,174168.19,24881.170000000002,7.0,1.0,1.0,0.42857142857142855,0,0.2463829522949132,Low Risk
C112054,159,8,129327.5975,16165.9496875,3.0,1.0,2.0,0.625,1,0.24637446639581997,Low Risk
C105667,157,8,216664.0075,27083.0009375,6.0,1.0,1.0,0.375,1,0.24618225455678158,Low Risk
C114835,16,6,98811.38549999999,16468.56425,12.0,3.0,0.0,0.5,0,0.24603339495954915,Low Risk
C112089,8,5,213065.9545,42613.1909,11.0,3.0,1.0,0.4,0,0.24593052711185365,Low Risk
C111061,49,6,122351.786,20391.964333333333,10.0,2.0,1.0,0.3333333333333333,0,0.24592698368248556,Low Risk
C106081,-1,7,147064.996,21009.285142857145,11.0,4.0,0.0,0.5714285714285714,0,0.24577463534796817,Low Risk
C100649,14,6,182475.74,30412.623333333337,4.0,0.0,1.0,0.3333333333333333,0,0.2454669633769617,Low Risk
C103751,199,6,110367.51,18394.585000000003,11.0,1.0,0.0,0.5,1,0.24526931466210208,Low Risk
C107962,30,6,190340.9165,31723.486083333333,7.0,1.0,0.0,0.3333333333333333,0,0.24522255471028373,Low Risk
C108111,4,7,116332.295,16618.899285714284,8.0,4.0,1.0,0.42857142857142855,0,0.24515884773022864,Low Risk
C102201,18,7,100045.16649999999,14292.166642857144,9.0,4.0,1.0,0.8571428571428571,0,0.24504116304894455,Low Risk
C109884,159,8,172398.5025,21549.8128125,8.0,2.0,2.0,0.5,1,0.2450363653265532,Low Risk
C105296,274,8,199636.0615,24954.5076875,12.0,3.0,1.0,0.25,1,0.2449566713759468,Low Risk
C114766,146,7,122888.485,17555.49785714286,4.0,2.0,3.0,0.5714285714285714,1,0.24486510589273486,Low Risk
C112206,72,7,53944.234000000004,7706.319142857144,8.0,2.0,1.0,0.8571428571428571,0,0.24482588602234145,Low Risk
C100091,7,5,174823.972,34964.7944,7.0,1.0,0.0,0.8,0,0.2447902564506439,Low Risk
C114985,206,8,139512.968,17439.121,11.0,5.0,2.0,0.75,1,0.24474279305796873,Low Risk
C107164,80,7,89797.9815,12828.28307142857,10.0,3.0,0.0,0.8571428571428571,0,0.24471668200725016,Low Risk
C105259,17,6,160422.521,26737.086833333335,5.0,1.0,2.0,0.5,0,0.2443809612631559,Low Risk
C102051,39,7,150521.0715,21503.010214285714,5.0,3.0,1.0,0.7142857142857143,0,0.2440386405495607,Low Risk
C102404,58,7,71986.57,10283.795714285716,10.0,4.0,0.0,0.5714285714285714,0,0.24397321919458828,Low Risk
C103901,4,6,198311.28949999998,33051.88158333333,11.0,3.0,4.0,0.6666666666666666,0,0.2439397209935922,Low Risk
C104456,55,7,175294.268,25042.038285714287,9.0,3.0,1.0,0.2857142857142857,0,0.24384612550356566,Low Risk
C109651,23,7,117510.94750000001,16787.278214285714,8.0,1.0,4.0,0.42857142857142855,0,0.2437045382398805,Low Risk
C105935,88,5,164397.24599999998,32879.4492,8.0,1.0,0.0,0.6,0,0.2433855987067767,Low Risk
C112605,13,5,181342.5885,36268.5177,3.0,0.0,1.0,0.6,0,0.24328321345424228,Low Risk
C112307,11,7,151558.4,21651.2,13.0,5.0,0.0,0.42857142857142855,0,0.24307612371756465,Low Risk
C112885,2,6,100598.765,16766.460833333334,7.0,4.0,0.0,0.16666666666666666,0,0.24299735265073363,Low Risk
C110132,0,7,124469.692,17781.384571428574,9.0,3.0,3.0,0.7142857142857143,0,0.24282547788823014,Low Risk
C101469,65,6,117788.1175,19631.352916666667,12.0,5.0,0.0,0.3333333333333333,0,0.24282495307566493,Low Risk
C100359,1,7,73703.4815,10529.068785714286,6.0,2.0,1.0,0.7142857142857143,0,0.2425189382191135,Low Risk
C107873,4,7,126644.912,18092.130285714284,5.0,1.0,2.0,0.42857142857142855,0,0.2424747967022931,Low Risk
C111925,30,7,178773.449,25539.064142857143,6.0,1.0,0.0,0.42857142857142855,0,0.24231002954032946,Low Risk
C114930,65,7,141062.0115,20151.715928571426,10.0,2.0,3.0,0.42857142857142855,0,0.24196590688731515,Low Risk
C107999,3,6,124523.649,20753.9415,11.0,2.0,1.0,0.3333333333333333,0,0.24176431257416392,Low Risk
C104580,10,6,180009.876,30001.645999999997,7.0,4.0,0.0,0.5,0,0.2417331262181983,Low Risk
C112858,53,6,223820.688,37303.448000000004,7.0,1.0,1.0,0.6666666666666666,0,0.24163975601178778,Low Risk
C107196,217,7,118644.474,16949.21057142857,8.0,5.0,2.0,0.5714285714285714,1,0.24130156404983935,Low Risk
C110190,36,7,131298.1145,18756.873499999998,9.0,1.0,2.0,0.42857142857142855,0,0.2411459674962698,Low Risk
C113372,99,6,183261.333,30543.5555,8.0,1.0,0.0,0.5,1,0.2410804299474577,Low Risk
C103227,61,7,131595.789,18799.39842857143,10.0,2.0,2.0,0.7142857142857143,0,0.241079895659776,Low Risk
C100544,7,7,226481.37,32354.48142857143,8.0,1.0,2.0,0.5714285714285714,0,0.24105846048725785,Low Risk
C113562,63,6,97920.531,16320.0885,15.0,4.0,1.0,0.5,0,0.24100235976315543,Low Risk
C105530,171,8,167756.315,20969.539375,5.0,1.0,0.0,0.5,1,0.24088544961842004,Low Risk
C107839,9,7,186619.5255,26659.932214285713,8.0,4.0,2.0,0.42857142857142855,0,0.24046323684183207,Low Risk
C101392,165,6,88738.41249999999,14789.735416666668,9.0,0.0,1.0,0.5,1,0.24040479884264102,Low Risk
C104098,244,7,128167.999,18309.714142857145,5.0,1.0,0.0,0.42857142857142855,1,0.23999887904876632,Low Risk
C102649,28,7,236453.978,33779.13971428572,5.0,2.0,0.0,0.8571428571428571,0,0.23964017000634377,Low Risk
C114866,1,7,215980.4295,30854.347071428572,7.0,2.0,1.0,0.7142857142857143,0,0.2394566914719195,Low Risk
C109849,37,6,108767.052,18127.842,10.0,4.0,0.0,0.3333333333333333,0,0.23942268250052784,Low Risk
C113085,102,8,243745.5745,30468.1968125,8.0,2.0,1.0,0.375,1,0.239348233028177,Low Risk
C101206,129,8,181978.8405,22747.3550625,9.0,1.0,0.0,0.75,1,0.23934321450776505,Low Risk
C108619,17,8,163013.0605,20376.6325625,12.0,3.0,1.0,0.875,0,0.23931891689613824,Low Risk
C104506,40,6,196116.9275,32686.154583333333,6.0,3.0,0.0,0.6666666666666666,0,0.2393188474545831,Low Risk
C111393,1,6,174140.804,29023.467333333334,10.0,4.0,0.0,0.5,0,0.2390985151884216,Low Risk
C101039,75,8,246838.757,30854.844625,25.0,5.0,1.0,0.375,0,0.23905718453864847,Low Risk
C110690,3,7,200029.7595,28575.679928571426,11.0,1.0,2.0,0.42857142857142855,0,0.2390489644868136,Low Risk
C103768,19,6,109206.2195,18201.036583333334,7.0,2.0,1.0,0.3333333333333333,0,0.23873379257967656,Low Risk
C107124,75,7,201557.615,28793.945,9.0,4.0,1.0,0.2857142857142857,0,0.2386966045344253,Low Risk
C109089,55,7,117700.989,16814.427,11.0,6.0,1.0,0.5714285714285714,0,0.2386315269328415,Low Risk
C111674,13,6,106578.8805,17763.14675,4.0,1.0,1.0,0.5,0,0.23863060982476939,Low Risk
C106655,6,7,175756.184,25108.026285714288,5.0,3.0,0.0,0.42857142857142855,0,0.23831666825190662,Low Risk
C103335,5,7,225901.12,32271.588571428572,9.0,4.0,1.0,0.7142857142857143,0,0.2382968048331705,Low Risk
C110121,-1,7,85535.0925,12219.298928571428,5.0,3.0,1.0,0.42857142857142855,0,0.23805516093365342,Low Risk
C112114,14,6,93584.547,15597.424500000001,1.0,0.0,3.0,0.8333333333333334,0,0.23802728115285798,Low Risk
C110062,82,7,169449.4915,24207.070214285715,7.0,3.0,2.0,0.5714285714285714,0,0.23797657739498793,Low Risk
C109403,1,5,196487.62099999998,39297.5242,9.0,3.0,2.0,0.2,0,0.23789357968605274,Low Risk
C101901,7,7,146065.703,20866.529,6.0,1.0,3.0,0.7142857142857143,0,0.23775171418031565,Low Risk
C111024,13,7,122302.6075,17471.80107142857,8.0,3.0,2.0,0.7142857142857143,0,0.2376193010380388,Low Risk
C113187,16,6,107777.754,17962.959,11.0,4.0,0.0,0.5,0,0.23715654895954708,Low Risk
C103452,15,6,110824.76449999999,18470.79408333333,11.0,4.0,0.0,0.5,0,0.2370449123820124,Low Risk
C100221,10,7,129141.3535,18448.764785714284,7.0,2.0,3.0,0.42857142857142855,0,0.23697874882897135,Low Risk
C100144,64,5,177611.899,35522.3798,5.0,2.0,1.0,0.6,0,0.23695203972703965,Low Risk
C106572,-1,5,252535.883,50507.1766,6.0,2.0,2.0,0.4,0,0.23676482626814596,Low Risk
C107662,91,7,105495.9895,15070.855642857143,6.0,1.0,0.0,0.7142857142857143,1,0.23673208310541333,Low Risk
C113197,26,6,183046.6425,30507.773749999997,9.0,2.0,3.0,0.5,0,0.23649200525873193,Low Risk
C104856,65,5,160059.282,32011.8564,12.0,1.0,2.0,0.2,0,0.23642398752568672,Low Risk
C112527,27,7,130277.46399999999,18611.066285714285,7.0,1.0,0.0,0.42857142857142855,0,0.2363143449316224,Low Risk
C105962,15,6,124941.7675,20823.627916666668,9.0,0.0,3.0,0.5,0,0.2362669860926873,Low Risk
C106375,11,7,52050.991,7435.8558571428575,7.0,2.0,0.0,0.5714285714285714,0,0.23592808628624418,Low Risk
C106307,27,5,169642.194,33928.438799999996,5.0,1.0,1.0,0.4,0,0.23575578604765104,Low Risk
C106475,18,6,131922.736,21987.122666666666,18.0,7.0,0.0,0.6666666666666666,0,0.23566725733460733,Low Risk
C102165,11,6,193000.566,32166.761,8.0,2.0,0.0,0.3333333333333333,0,0.23565361576125265,Low Risk
C104645,354,8,118280.138,14785.01725,7.0,1.0,2.0,0.5,1,0.23563969054852568,Low Risk
C104030,74,6,100866.138,16811.023,14.0,4.0,0.0,0.5,0,0.23562668572200315,Low Risk
C106069,1,6,122030.4705,20338.41175,6.0,0.0,1.0,0.5,0,0.2355405080790697,Low Risk
C114482,31,6,102885.6915,17147.61525,12.0,2.0,1.0,0.5,0,0.2352226661960053,Low Risk
C104831,0,6,175376.134,29229.35566666667,10.0,2.0,0.0,0.16666666666666666,0,0.23514546271968442,Low Risk
C108121,22,7,163236.533,23319.504714285715,6.0,3.0,1.0,0.2857142857142857,0,0.23509881301300775,Low Risk
C103190,-1,4,104649.887,26162.471749999997,15.0,5.0,1.0,1.0,0,0.2350721415016727,Low Risk
C111607,29,6,98383.008,16397.168,9.0,0.0,1.0,0.3333333333333333,0,0.23492339183473945,Low Risk
C104222,78,6,170034.525,28339.087499999998,7.0,1.0,1.0,0.5,0,0.2349065200770245,Low Risk
C108471,204,8,128730.8035,16091.3504375,12.0,1.0,1.0,0.5,1,0.2348573477286927,Low Risk
C100229,32,7,219004.3355,31286.333642857142,11.0,2.0,1.0,0.7142857142857143,0,0.23483277177604905,Low Risk
C103045,21,6,164355.642,27392.607000000004,5.0,3.0,1.0,0.5,0,0.23455039918794085,Low Risk
C110871,-1,6,164479.3915,27413.231916666668,9.0,2.0,2.0,0.5,0,0.23440884211263707,Low Risk
C102688,35,6,104127.253,17354.542166666666,4.0,0.0,1.0,0.5,0,0.23428736653453733,Low Risk
C104334,3,7,195456.069,27922.29557142857,5.0,3.0,1.0,0.42857142857142855,0,0.23428471947777646,Low Risk
C107174,11,6,46280.448,7713.407999999999,15.0,4.0,0.0,0.5,0,0.2342651321327402,Low Risk
C114650,61,7,186135.081,26590.725857142857,8.0,3.0,2.0,0.42857142857142855,0,0.23411492680893795,Low Risk
C113321,186,7,127205.5805,18172.225785714287,5.0,0.0,2.0,0.42857142857142855,1,0.2340291636100061,Low Risk
C108931,10,6,177244.1915,29540.69858333333,11.0,1.0,1.0,0.5,0,0.2335674099648496,Low Risk
C107537,-1,6,77348.7645,12891.460749999998,16.0,5.0,0.0,0.6666666666666666,0,0.23353518817954563,Low Risk
C104188,13,7,87976.6745,12568.096357142857,9.0,3.0,0.0,0.7142857142857143,0,0.23348477317224475,Low Risk
C103767,360,5,178005.1105,35601.0221,4.0,2.0,0.0,0.4,1,0.23320948490259163,Low Risk
C102981,11,7,137835.4095,19690.772785714285,10.0,4.0,0.0,0.8571428571428571,0,0.2330833723918499,Low Risk
C105118,13,7,124088.38399999999,17726.912,8.0,3.0,0.0,0.5714285714285714,0,0.23302100341343268,Low Risk
C114527,32,6,103770.0,17295.0,12.0,1.0,0.0,0.5,0,0.23301594825651553,Low Risk
C110567,7,7,144236.148,20605.163999999997,9.0,3.0,0.0,0.42857142857142855,0,0.23292765699255458,Low Risk
C105212,36,7,137703.218,19671.888285714285,7.0,3.0,1.0,0.8571428571428571,0,0.2328029312733279,Low Risk
C113280,2,10,350028.12799999997,35002.8128,8.0,4.0,6.0,0.8,0,0.23240544245461056,Low Risk
C100726,23,7,144822.408,20688.91542857143,8.0,1.0,0.0,0.5714285714285714,0,0.2321655184445601,Low Risk
C104916,14,6,173353.847,28892.30783333333,8.0,0.0,1.0,0.3333333333333333,0,0.23183625909212513,Low Risk
C107337,169,6,164200.6915,27366.781916666663,3.0,0.0,2.0,0.5,1,0.231716182043172,Low Risk
C105906,66,7,143001.7975,20428.828214285713,7.0,3.0,2.0,0.7142857142857143,0,0.23157410772039572,Low Risk
C109039,32,7,142237.229,20319.60414285714,5.0,2.0,3.0,0.7142857142857143,0,0.23103169574875299,Low Risk
C105199,1,7,129979.178,18568.454,5.0,2.0,0.0,0.2857142857142857,0,0.23099278344703705,Low Risk
C113242,88,5,187268.608,37453.721600000004,7.0,3.0,2.0,0.4,0,0.23088582231343974,Low Risk
C114330,35,5,225479.8065,45095.9613,10.0,1.0,1.0,1.0,0,0.2307754894864251,Low Risk
C104784,12,7,165451.61549999999,23635.945071428574,7.0,2.0,1.0,0.2857142857142857,0,0.2306475831127518,Low Risk
C108278,2,7,119705.256,17100.750857142855,6.0,2.0,1.0,0.42857142857142855,0,0.23052215747584118,Low Risk
C101791,11,6,106511.913,17751.9855,7.0,0.0,1.0,0.3333333333333333,0,0.2303991219732651,Low Risk
C109759,32,8,55699.7015,6962.462687499999,13.0,5.0,0.0,0.75,0,0.2302171839600347,Low Risk
C100504,235,9,195296.708,21699.634222222223,6.0,2.0,2.0,0.3333333333333333,1,0.23012931675585946,Low Risk
C104861,76,7,120070.831,17152.975857142857,9.0,2.0,1.0,0.7142857142857143,0,0.22981974026030383,Low Risk
C111283,9,6,161391.618,26898.603,10.0,2.0,2.0,0.16666666666666666,0,0.2296888970245503,Low Risk
C103266,92,7,140299.589,20042.79842857143,5.0,1.0,2.0,0.42857142857142855,1,0.2296809309236177,Low Risk
C101054,44,7,128226.957,18318.136714285713,11.0,2.0,0.0,0.7142857142857143,0,0.22959227292378886,Low Risk
C109453,13,6,110596.64050000001,18432.773416666667,12.0,4.0,0.0,0.5,0,0.229542607806584,Low Risk
C114142,8,7,146289.579,20898.511285714285,6.0,1.0,2.0,0.5714285714285714,0,0.229493442210412,Low Risk
C113652,84,7,179392.31,25627.472857142857,16.0,5.0,3.0,0.7142857142857143,0,0.22946248179439163,Low Risk
C104540,0,6,193700.9885,32283.498083333336,5.0,2.0,0.0,0.5,0,0.22924755080796666,Low Risk
C108332,187,8,147783.337,18472.917125,8.0,5.0,1.0,0.375,1,0.22908980104258705,Low Risk
C103859,32,7,141323.881,20189.125857142855,11.0,6.0,0.0,0.8571428571428571,0,0.22888756361715074,Low Risk
C106090,26,7,125228.5365,17889.79092857143,7.0,2.0,3.0,0.8571428571428571,0,0.228794097024078,Low Risk
C113699,3,6,111083.164,18513.860666666667,10.0,4.0,1.0,0.16666666666666666,0,0.22871929525844942,Low Risk
C113613,42,6,110446.235,18407.705833333333,11.0,4.0,1.0,0.3333333333333333,0,0.22842851644608936,Low Risk
C110259,94,9,189428.78999999998,21047.64333333333,13.0,2.0,2.0,0.6666666666666666,1,0.22842631115521372,Low Risk
C113427,57,7,237339.488,33905.641142857145,13.0,7.0,0.0,0.2857142857142857,0,0.2282159739431933,Low Risk
C113942,9,8,273016.074,34127.00925,11.0,1.0,1.0,0.375,0,0.22807099051775695,Low Risk
C101350,31,6,174995.91150000002,29165.98525,12.0,2.0,1.0,0.5,0,0.22761930867413135,Low Risk
C109825,22,8,170736.378,21342.04725,13.0,3.0,2.0,0.375,0,0.22755230320177833,Low Risk
C112807,46,8,81206.448,10150.806,23.0,11.0,0.0,0.375,0,0.2274448013013993,Low Risk
C106012,24,6,122550.71,20425.118333333336,8.0,4.0,1.0,0.0,0,0.22738460594592982,Low Risk
C111676,2,7,110596.93549999999,15799.562214285714,12.0,5.0,0.0,0.7142857142857143,0,0.22728487409794518,Low Risk
C112841,204,6,210793.9615,35132.326916666665,9.0,4.0,1.0,0.5,1,0.22719437139351847,Low Risk
C113548,63,7,223283.18349999998,31897.59764285714,9.0,4.0,2.0,0.5714285714285714,0,0.2271430200199655,Low Risk
C107213,5,7,135848.893,19406.984714285714,5.0,2.0,2.0,0.42857142857142855,0,0.2269287973975376,Low Risk
C100574,6,7,115174.1415,16453.448785714285,9.0,3.0,1.0,0.2857142857142857,0,0.22691706851736512,Low Risk
C107914,36,7,190148.9,27164.12857142857,7.0,2.0,2.0,0.5714285714285714,0,0.2267026101190837,Low Risk
C113877,210,8,94791.617,11848.952125,11.0,4.0,2.0,0.125,1,0.22668725372033996,Low Risk
C101136,168,13,192448.5275,14803.732884615385,6.0,2.0,3.0,0.5384615384615384,1,0.22667232593257025,Low Risk
C112087,2,7,150572.229,21510.318428571427,5.0,0.0,2.0,0.42857142857142855,0,0.22667031707355254,Low Risk
C105176,17,7,127534.2365,18219.176642857143,11.0,1.0,1.0,0.7142857142857143,0,0.22633691455420066,Low Risk
C112795,0,5,178816.943,35763.3886,4.0,1.0,1.0,0.4,0,0.2262328340477092,Low Risk
C103541,3,6,167649.0005,27941.500083333332,6.0,2.0,2.0,0.5,0,0.22615390881724715,Low Risk
C112268,259,6,189341.9665,31556.994416666665,8.0,1.0,1.0,0.16666666666666666,1,0.22604754031935953,Low Risk
C100780,39,5,202581.2935,40516.2587,8.0,3.0,1.0,0.4,0,0.22587946372906348,Low Risk
C111485,41,6,204116.303,34019.38383333333,12.0,2.0,0.0,0.5,0,0.22586369601289166,Low Risk
C107273,-1,7,121925.223,17417.889,10.0,4.0,2.0,0.5714285714285714,0,0.2257968827319873,Low Risk
C114621,89,7,202584.108,28940.58685714286,10.0,3.0,1.0,0.2857142857142857,0,0.22571735764021014,Low Risk
C107310,168,7,136978.9775,19568.42535714286,7.0,1.0,2.0,0.7142857142857143,1,0.2255399769027237,Low Risk
C101585,172,7,103550.8435,14792.977642857146,9.0,2.0,0.0,0.7142857142857143,1,0.22541979064646675,Low Risk
C109283,89,7,138000.7015,19714.385928571428,11.0,2.0,0.0,0.8571428571428571,0,0.2252547832054207,Low Risk
C105947,72,7,192901.75400000002,27557.393428571428,7.0,2.0,2.0,0.2857142857142857,0,0.22518051818848278,Low Risk
C113283,11,6,114645.289,19107.548166666667,13.0,2.0,1.0,0.3333333333333333,0,0.22490222719130923,Low Risk
C104958,118,8,120583.131,15072.891375,9.0,3.0,0.0,0.625,1,0.22479216842259025,Low Risk
C112024,125,7,112627.468,16089.638285714285,7.0,3.0,1.0,0.5714285714285714,1,0.2244275175877969,Low Risk
C109516,19,5,204688.9375,40937.7875,7.0,2.0,1.0,0.8,0,0.2243362944061026,Low Risk
C112434,139,7,202541.28650000002,28934.4695,9.0,2.0,2.0,0.2857142857142857,1,0.2242879235863799,Low Risk
C111753,1,5,182193.3505,36438.6701,6.0,1.0,0.0,0.4,0,0.22417301233875997,Low Risk
C113206,30,6,165232.3635,27538.727249999996,11.0,3.0,2.0,0.3333333333333333,0,0.22407731617162802,Low Risk
C103314,32,7,114423.0575,16346.15107142857,10.0,5.0,1.0,0.7142857142857143,0,0.22396473510190326,Low Risk
C110312,16,7,119321.65000000001,17045.95,7.0,2.0,2.0,0.7142857142857143,0,0.22383450833221868,Low Risk
C111072,1,6,172538.026,28756.33766666667,8.0,2.0,2.0,0.3333333333333333,0,0.22346513016798938,Low Risk
C100852,140,9,182556.0485,20284.00538888889,6.0,1.0,4.0,0.6666666666666666,1,0.22344728989789417,Low Risk
C114127,40,3,26584.156,8861.385333333334,16.0,5.0,0.0,1.0,0,0.22341304987361363,Low Risk
C103803,53,8,195532.2845,24441.535562499997,12.0,3.0,0.0,0.375,0,0.2233359532235676,Low Risk
C104401,56,4,31062.403,7765.60075,15.0,5.0,0.0,1.0,0,0.223322452061434,Low Risk
C106602,35,7,181445.6745,25920.81064285714,6.0,1.0,2.0,0.5714285714285714,0,0.22325099389743971,Low Risk
C104649,59,7,143286.028,20469.43257142857,8.0,2.0,0.0,0.2857142857142857,0,0.2230553351920422,Low Risk
C103377,28,5,228993.4565,45798.6913,7.0,3.0,3.0,0.4,0,0.22289275790081486,Low Risk
C112373,7,8,175331.5925,21916.4490625,9.0,6.0,0.0,0.625,0,0.22283707043333367,Low Risk
C109756,30,6,241576.648,40262.77466666667,7.0,1.0,1.0,0.6666666666666666,0,0.22254732770730962,Low Risk
C101125,120,9,186895.8955,20766.210611111113,8.0,2.0,2.0,0.6666666666666666,1,0.22243410611310654,Low Risk
C101722,8,8,97631.996,12203.9995,10.0,6.0,1.0,0.5,0,0.22226904717165485,Low Risk
C109572,19,6,193703.8405,32283.973416666664,5.0,2.0,2.0,0.3333333333333333,0,0.22196126409846567,Low Risk
C114892,8,4,121873.541,30468.38525,15.0,6.0,0.0,1.0,0,0.22151698861155034,Low Risk
C105512,22,8,170689.549,21336.193625,7.0,0.0,2.0,0.875,0,0.22151334208303297,Low Risk
C104878,46,7,90464.4135,12923.487642857142,11.0,5.0,2.0,0.7142857142857143,0,0.22143149621915023,Low Risk
C114230,80,6,176742.594,29457.099000000002,8.0,2.0,2.0,0.5,0,0.2213799098680405,Low Risk
C107843,94,8,165158.873,20644.859125000003,8.0,1.0,3.0,0.5,1,0.22117745185662385,Low Risk
C109439,57,6,170981.5505,28496.925083333335,6.0,2.0,2.0,0.5,0,0.22116817447573603,Low Risk
C103927,12,7,121750.402,17392.914571428573,5.0,1.0,1.0,0.42857142857142855,0,0.22106256452947848,Low Risk
C108816,6,6,165253.481,27542.246833333335,10.0,3.0,2.0,0.3333333333333333,0,0.22074240355763908,Low Risk
C102848,57,6,153515.272,25585.878666666667,16.0,4.0,2.0,0.16666666666666666,0,0.22073205765964077,Low Risk
C110108,38,7,215161.8975,30737.41392857143,11.0,5.0,0.0,0.7142857142857143,0,0.22069432377913775,Low Risk
C104930,45,7,110613.31049999999,15801.901499999998,10.0,4.0,2.0,0.42857142857142855,0,0.2204957208992012,Low Risk
C107052,63,7,88675.73550000001,12667.962214285715,8.0,4.0,2.0,0.42857142857142855,0,0.22030340763635578,Low Risk
C110515,30,6,135740.175,22623.3625,17.0,9.0,1.0,0.6666666666666666,0,0.22019559714577183,Low Risk
C103919,41,7,141055.0305,20150.71864285714,9.0,1.0,0.0,0.7142857142857143,0,0.22018344461405875,Low Risk
C108527,20,5,190346.839,38069.3678,5.0,1.0,3.0,0.6,0,0.22012289223102288,Low Risk
C110391,22,7,123580.405,17654.34357142857,11.0,2.0,1.0,0.7142857142857143,0,0.22004176061416414,Low Risk
C112704,131,6,213387.812,35564.63533333333,10.0,2.0,0.0,0.5,1,0.22003895842648927,Low Risk
C104640,15,6,185721.6475,30953.607916666664,8.0,1.0,1.0,0.3333333333333333,0,0.2200310367216306,Low Risk
C106346,10,8,169137.76,21142.22,9.0,4.0,2.0,0.5,0,0.2199285277149486,Low Risk
C108639,19,5,137549.98,27509.995999999996,16.0,5.0,0.0,0.0,0,0.2198112557313294,Low Risk
C111744,1,7,131565.4865,18795.0695,6.0,1.0,2.0,0.5714285714285714,0,0.21980928682460893,Low Risk
C109749,24,8,171704.7935,21463.0991875,9.0,1.0,1.0,0.5,0,0.21976768078615055,Low Risk
C101676,128,8,126723.5765,15840.4470625,10.0,3.0,0.0,0.625,1,0.2195142215546931,Low Risk
C107637,13,5,194679.795,38935.958999999995,7.0,1.0,0.0,0.6,0,0.2194364848088234,Low Risk
C108330,70,9,153392.23700000002,17043.58188888889,11.0,5.0,0.0,0.8888888888888888,0,0.2194180349152236,Low Risk
C101028,0,8,186652.2035,23331.5254375,5.0,0.0,1.0,0.75,0,0.21926831081439285,Low Risk
C108942,37,7,107200.43549999999,15314.347928571427,9.0,3.0,0.0,0.42857142857142855,0,0.21890927538945873,Low Risk
C112081,89,7,192727.6555,27532.522214285713,6.0,1.0,2.0,0.2857142857142857,0,0.21874589841193667,Low Risk
C101265,89,6,178922.5755,29820.42925,8.0,1.0,2.0,0.16666666666666666,0,0.21856646072126534,Low Risk
C107442,76,8,167553.81900000002,20944.227375000002,5.0,0.0,0.0,0.625,0,0.2181283297583197,Low Risk
C107911,26,7,171719.9975,24531.428214285716,7.0,2.0,4.0,0.7142857142857143,0,0.21810587704087314,Low Risk
C114943,89,7,180798.1045,25828.300642857146,4.0,1.0,1.0,0.5714285714285714,0,0.2180162920341234,Low Risk
C102573,64,7,89177.4085,12739.629785714284,11.0,4.0,0.0,0.5714285714285714,0,0.2178770337166879,Low Risk
C106935,13,7,113602.088,16228.869714285715,6.0,0.0,2.0,0.5714285714285714,0,0.21783669721658294,Low Risk
C105105,-1,7,122204.0685,17457.72407142857,7.0,2.0,1.0,0.7142857142857143,0,0.21763863396735406,Low Risk
C111529,91,12,216521.34649999999,18043.445541666664,9.0,2.0,3.0,0.3333333333333333,1,0.21763610166587052,Low Risk
C100387,6,7,135211.3045,19315.90064285714,22.0,8.0,1.0,0.8571428571428571,0,0.21735156256609664,Low Risk
C103577,142,9,145427.606,16158.622888888889,9.0,3.0,2.0,0.4444444444444444,1,0.21712600207535127,Low Risk
C108665,17,7,192018.338,27431.19114285714,10.0,3.0,1.0,0.14285714285714285,0,0.21644731561919808,Low Risk
C107917,301,8,125344.1985,15668.0248125,10.0,1.0,1.0,0.75,1,0.21641334413227217,Low Risk
C110217,277,7,125216.1725,17888.024642857144,7.0,0.0,0.0,0.5714285714285714,1,0.21634960345382093,Low Risk
C105456,2,7,130580.303,18654.329,8.0,1.0,1.0,0.5714285714285714,0,0.21598532874083992,Low Risk
C114268,176,7,90482.804,12926.114857142858,7.0,1.0,0.0,0.5714285714285714,1,0.2155689989397324,Low Risk
C113504,67,8,138076.8425,17259.6053125,11.0,4.0,2.0,0.5,0,0.2153594099218229,Low Risk
C114292,116,7,104077.305,14868.186428571427,9.0,2.0,1.0,0.42857142857142855,1,0.21535310271565877,Low Risk
C104581,102,12,276073.2475,23006.103958333333,9.0,5.0,3.0,0.3333333333333333,1,0.21515114026290244,Low Risk
C111736,3,7,122875.77699999999,17553.68242857143,15.0,5.0,0.0,0.5714285714285714,0,0.214834239766897,Low Risk
C106428,2,7,219255.71000000002,31322.24428571429,11.0,2.0,0.0,1.0,0,0.21454111480903862,Low Risk
C108664,97,7,109816.73950000001,15688.105642857145,13.0,3.0,0.0,0.42857142857142855,1,0.21424381836896678,Low Risk
C100732,22,7,132030.7935,18861.541928571427,11.0,1.0,1.0,0.5714285714285714,0,0.213926493351338,Low Risk
C113118,-1,6,111501.152,18583.525333333335,11.0,5.0,0.0,0.16666666666666666,0,0.21374209404464117,Low Risk
C109151,106,7,95824.1785,13689.168357142858,4.0,1.0,0.0,0.42857142857142855,1,0.21372615685883145,Low Risk
C110777,6,7,87071.3285,12438.761214285714,7.0,0.0,0.0,0.42857142857142855,0,0.21358950265789453,Low Risk
C113780,22,6,183330.156,30555.026,7.0,3.0,1.0,0.16666666666666666,0,0.21339713749127903,Low Risk
C114241,1,7,115289.198,16469.88542857143,10.0,4.0,1.0,0.5714285714285714,0,0.2133272907394616,Low Risk
C105476,99,7,126949.728,18135.67542857143,12.0,5.0,1.0,0.5714285714285714,1,0.21328504493417863,Low Risk
C109478,16,7,123518.7795,17645.53992857143,17.0,3.0,0.0,0.5714285714285714,0,0.21320409810119006,Low Risk
C113581,-1,7,112777.91,16111.130000000001,13.0,5.0,0.0,0.5714285714285714,0,0.21295671511962475,Low Risk
C109193,11,5,209020.921,41804.1842,7.0,2.0,1.0,0.6,0,0.21290080870441921,Low Risk
C103275,35,7,185516.539,26502.36271428571,7.0,1.0,1.0,0.2857142857142857,0,0.21278067683121196,Low Risk
C111314,16,7,180435.552,25776.50742857143,5.0,1.0,3.0,0.5714285714285714,0,0.2127524220820712,Low Risk
C113892,26,6,229654.9755,38275.82925,9.0,1.0,0.0,0.5,0,0.21261401424198753,Low Risk
C105058,107,7,110226.261,15746.608714285714,8.0,4.0,1.0,0.5714285714285714,1,0.2123400882652484,Low Risk
C103327,12,7,140962.9305,20137.5615,8.0,1.0,1.0,0.7142857142857143,0,0.21228605136458475,Low Risk
C101297,25,7,141688.307,20241.186714285715,7.0,1.0,0.0,0.5714285714285714,0,0.21171853602202909,Low Risk
C113074,2,8,262173.3955,32771.6744375,7.0,3.0,2.0,0.375,0,0.21161281278038202,Low Risk
C112411,183,8,150167.211,18770.901375,11.0,3.0,1.0,0.25,1,0.21147720985197793,Low Risk
C109292,90,6,116855.6,19475.933333333334,11.0,0.0,1.0,0.0,0,0.2113575209259336,Low Risk
C112618,344,9,205722.4235,22858.047055555555,7.0,1.0,2.0,0.7777777777777778,1,0.210964051249251,Low Risk
C108655,47,6,171188.1145,28531.352416666665,8.0,1.0,2.0,0.5,0,0.21088144856115437,Low Risk
C110661,21,6,159974.099,26662.34983333333,17.0,3.0,2.0,0.5,0,0.21080970523712078,Low Risk
C110972,49,7,94290.642,13470.091714285712,9.0,2.0,1.0,0.8571428571428571,0,0.2107936906397539,Low Risk
C114295,13,7,122768.38299999999,17538.340428571428,7.0,4.0,0.0,0.2857142857142857,0,0.21065264580608653,Low Risk
C101889,62,7,144870.0735,20695.724785714287,11.0,5.0,1.0,0.5714285714285714,0,0.2106362747822239,Low Risk
C114486,12,8,192535.39,24066.92375,11.0,4.0,0.0,0.75,0,0.2105149341649396,Low Risk
C104256,31,3,22598.572999999997,7532.857666666666,16.0,5.0,0.0,1.0,0,0.2103444430454428,Low Risk
C110546,30,7,204327.375,29189.625,7.0,2.0,2.0,0.2857142857142857,0,0.21010485534187748,Low Risk
C112565,28,8,127650.332,15956.2915,7.0,3.0,0.0,0.75,0,0.20991999688686058,Low Risk
C103741,36,5,136794.9705,27358.9941,14.0,7.0,2.0,1.0,0,0.20967821217393826,Low Risk
C108066,60,6,208833.03900000002,34805.506499999996,9.0,4.0,2.0,0.5,0,0.20951166589007797,Low Risk
C103856,79,8,122677.265,15334.658125,10.0,4.0,1.0,0.75,0,0.209293620534763,Low Risk
C104882,75,8,121307.237,15163.404625000001,12.0,1.0,1.0,0.75,0,0.20925614069973403,Low Risk
C114449,1,7,100851.44,14407.348571428573,8.0,1.0,0.0,0.7142857142857143,0,0.20877352988029682,Low Risk
C110815,-1,7,92413.26999999999,13201.895714285714,10.0,1.0,0.0,0.42857142857142855,0,0.20869456519610213,Low Risk
C101932,50,7,111245.177,15892.168142857143,6.0,2.0,0.0,0.7142857142857143,0,0.20858633874543572,Low Risk
C108362,64,7,85492.3445,12213.192071428572,9.0,4.0,3.0,0.7142857142857143,0,0.20852499260571775,Low Risk
C105415,2,7,106935.173,15276.453285714286,6.0,2.0,0.0,0.42857142857142855,0,0.20847105139864944,Low Risk
C110035,19,7,256715.433,36673.63328571429,11.0,3.0,0.0,0.42857142857142855,0,0.20843874501303641,Low Risk
C109500,144,9,155669.4915,17296.610166666665,8.0,3.0,0.0,0.7777777777777778,1,0.20837538905661152,Low Risk
C112242,51,5,178695.2315,35739.0463,8.0,2.0,1.0,1.0,0,0.20833474103778124,Low Risk
C110579,41,7,131539.2255,18791.31792857143,18.0,2.0,0.0,0.42857142857142855,0,0.20821514464961888,Low Risk
C110880,121,10,284343.798,28434.379800000002,9.0,3.0,2.0,0.4,1,0.207915758963625,Low Risk
C105568,-1,8,173796.95249999998,21724.6190625,17.0,4.0,0.0,0.625,0,0.20783556585936597,Low Risk
C102575,4,7,100504.27299999999,14357.753285714285,7.0,1.0,0.0,0.7142857142857143,0,0.20772138377161192,Low Risk
C113805,31,8,132125.0105,16515.6263125,11.0,2.0,0.0,0.5,0,0.20764366730500478,Low Risk
C107417,62,9,187973.514,20885.946,24.0,6.0,2.0,0.5555555555555556,0,0.20762868898449366,Low Risk
C100177,12,7,80875.267,11553.609571428573,9.0,2.0,0.0,0.5714285714285714,0,0.2075282235667161,Low Risk
C114259,22,8,138956.55550000002,17369.569437500002,9.0,5.0,0.0,0.75,0,0.20701843124418828,Low Risk
C107730,38,7,105434.5885,15062.084071428571,10.0,3.0,0.0,0.2857142857142857,0,0.20683843628419976,Low Risk
C107844,16,7,134601.91,19228.844285714287,13.0,3.0,0.0,0.5714285714285714,0,0.20678714142082782,Low Risk
C111145,38,8,164150.02,20518.7525,6.0,1.0,0.0,0.5,0,0.20676111885084641,Low Risk
C101997,6,7,92310.342,13187.191714285715,7.0,1.0,1.0,0.42857142857142855,0,0.20667820872228695,Low Risk
C100168,26,8,195109.903,24388.737875,7.0,2.0,1.0,0.375,0,0.2062129535711678,Low Risk
C102585,2,7,111420.53700000001,15917.219571428572,6.0,2.0,0.0,0.42857142857142855,0,0.2053054577502947,Low Risk
C100940,97,10,204367.7505,20436.775050000004,8.0,2.0,1.0,0.4,1,0.2051247542316383,Low Risk
C105372,315,8,124097.00349999999,15512.125437499999,6.0,3.0,0.0,0.5,1,0.20509859672867822,Low Risk
C108641,19,9,140472.2905,15608.032277777778,12.0,2.0,2.0,0.8888888888888888,0,0.20508101947201318,Low Risk
C112482,4,8,228451.782,28556.47275,3.0,3.0,0.0,0.375,0,0.2048355890411814,Low Risk
C113232,45,6,213608.49300000002,35601.415499999996,12.0,3.0,3.0,0.6666666666666666,0,0.204083670573039,Low Risk
C103736,22,7,95110.7945,13587.256357142858,7.0,3.0,3.0,0.5714285714285714,0,0.20399031918553237,Low Risk
C102939,21,6,209599.62099999998,34933.27016666667,7.0,3.0,0.0,0.5,0,0.20367225939269595,Low Risk
C106266,0,7,104320.413,14902.916142857142,10.0,4.0,0.0,0.5714285714285714,0,0.20319958332495247,Low Risk
C106583,-1,7,109163.2705,15594.752928571428,9.0,3.0,0.0,0.2857142857142857,0,0.2030844921531799,Low Risk
C104347,0,7,98175.453,14025.064714285714,3.0,1.0,1.0,0.7142857142857143,0,0.2026890451122405,Low Risk
C108582,49,8,135486.2045,16935.7755625,9.0,3.0,2.0,0.5,0,0.20257897999884014,Low Risk
C103460,0,9,189910.7445,21101.193833333335,13.0,4.0,2.0,0.6666666666666666,0,0.20257095775615105,Low Risk
C112821,70,7,97753.196,13964.742285714285,5.0,1.0,0.0,0.7142857142857143,0,0.20242089273201547,Low Risk
C109641,14,7,110923.575,15846.225,6.0,3.0,2.0,0.5714285714285714,0,0.20238804163656962,Low Risk
C101559,47,9,148139.79200000002,16459.976888888887,10.0,2.0,3.0,0.4444444444444444,0,0.20237066664791092,Low Risk
C110998,-1,8,165284.38,20660.5475,9.0,2.0,1.0,0.5,0,0.2021833964583081,Low Risk
C108048,63,7,143152.0025,20450.28607142857,6.0,1.0,1.0,0.5714285714285714,0,0.20217672116641341,Low Risk
C100043,205,10,201989.61,20198.961,7.0,0.0,0.0,0.5,1,0.2020608204027584,Low Risk
C111707,26,7,248204.378,35457.768285714286,6.0,2.0,2.0,0.42857142857142855,0,0.20205249631825173,Low Risk
C114359,65,7,106091.7185,15155.959785714285,8.0,4.0,1.0,0.7142857142857143,0,0.20205115101998736,Low Risk
C111549,14,6,228926.84,38154.473333333335,6.0,1.0,2.0,0.3333333333333333,0,0.2019598861123432,Low Risk
C105784,32,7,137566.98,19652.425714285713,8.0,2.0,1.0,0.42857142857142855,0,0.20193924756003206,Low Risk
C100145,98,8,140017.429,17502.178625,8.0,1.0,1.0,0.75,1,0.201912662508912,Low Risk
C114906,24,7,112160.79550000001,16022.970785714288,6.0,3.0,1.0,0.7142857142857143,0,0.20187751663784467,Low Risk
C101810,107,11,229052.65,20822.96818181818,9.0,3.0,2.0,0.36363636363636365,1,0.20174558353419922,Low Risk
C102542,67,10,177563.887,17756.3887,14.0,3.0,3.0,1.0,0,0.20169887092908925,Low Risk
C114586,45,6,105138.527,17523.087833333335,17.0,9.0,1.0,0.5,0,0.20157905234134074,Low Risk
C103656,29,7,95278.022,13611.146000000002,8.0,1.0,0.0,0.42857142857142855,0,0.2014348272035374,Low Risk
C105098,39,7,138088.5795,19726.939928571428,7.0,3.0,0.0,0.5714285714285714,0,0.20141541043164538,Low Risk
C105401,2,7,99460.0895,14208.584214285715,14.0,4.0,0.0,0.7142857142857143,0,0.20100815758791854,Low Risk
C102411,65,8,167298.335,20912.291875,10.0,5.0,2.0,0.625,0,0.2007189917791777,Low Risk
C107548,296,7,144093.76200000002,20584.82314285714,4.0,1.0,1.0,0.5714285714285714,1,0.20062736324052843,Low Risk
C107591,3,5,197400.4775,39480.095499999996,14.0,3.0,1.0,0.6,0,0.20039077510916248,Low Risk
C107583,17,7,146143.69,20877.670000000002,13.0,3.0,1.0,0.14285714285714285,0,0.20026990612082066,Low Risk
C109872,1,7,108726.41900000001,15532.345571428572,10.0,4.0,1.0,0.42857142857142855,0,0.20020967485268756,Low Risk
C102986,1,7,104324.9215,14903.560214285713,8.0,2.0,1.0,0.5714285714285714,0,0.2001336526680154,Low Risk
C113550,34,9,194446.902,21605.211333333333,12.0,5.0,3.0,0.2222222222222222,0,0.20002792837654437,Low Risk
C104115,18,8,126852.50099999999,15856.562625,11.0,1.0,3.0,0.625,0,0.19978110487619666,Low Risk
C110692,75,7,112472.0505,16067.435785714286,11.0,4.0,1.0,0.5714285714285714,0,0.19975241411161807,Low Risk
C114320,10,8,175358.7635,21919.8454375,7.0,3.0,2.0,0.75,0,0.19962727012317405,Low Risk
C111452,83,8,176608.9825,22076.1228125,5.0,1.0,0.0,0.75,0,0.1995516860704658,Low Risk
C101015,39,7,141365.0815,20195.011642857142,7.0,4.0,0.0,0.7142857142857143,0,0.1995302887538039,Low Risk
C113016,84,7,152178.99300000002,21739.856142857145,6.0,2.0,4.0,0.7142857142857143,0,0.19944672592536616,Low Risk
C104751,55,7,107194.485,15313.497857142856,6.0,1.0,1.0,0.7142857142857143,0,0.19934969971676858,Low Risk
C108894,74,7,112115.083,16016.440428571428,7.0,4.0,2.0,0.7142857142857143,0,0.1992522968914386,Low Risk
C101599,85,14,147674.144,10548.153142857143,1.0,1.0,1.0,0.42857142857142855,0,0.19923497574226967,Low Risk
C105019,32,7,106056.539,15150.934142857144,3.0,1.0,1.0,0.7142857142857143,0,0.19910422722169957,Low Risk
C106314,0,7,245740.823,35105.83185714286,7.0,3.0,1.0,0.7142857142857143,0,0.19894643754215582,Low Risk
C104954,41,6,122356.302,20392.717,16.0,5.0,1.0,0.5,0,0.19841455201463123,Low Risk
C103279,329,7,139857.5455,19979.64935714286,7.0,2.0,0.0,0.2857142857142857,1,0.1981248897076283,Low Risk
C110558,16,8,177060.1735,22132.5216875,6.0,1.0,0.0,0.5,0,0.19810596285042567,Low Risk
C100904,9,8,178563.3655,22320.4206875,7.0,1.0,0.0,0.625,0,0.1980074231489545,Low Risk
C114400,44,7,103019.9595,14717.137071428571,11.0,5.0,3.0,0.5714285714285714,0,0.1979947835469789,Low Risk
C100737,17,8,154380.0565,19297.5070625,14.0,3.0,2.0,0.625,0,0.197667755433917,Low Risk
C111561,20,8,198787.299,24848.412375,11.0,1.0,1.0,0.25,0,0.19730345234802515,Low Risk
C104448,35,6,172354.3615,28725.726916666667,13.0,3.0,1.0,0.3333333333333333,0,0.19695185027173895,Low Risk
C114149,58,7,235681.96000000002,33668.85142857143,9.0,5.0,2.0,0.14285714285714285,0,0.19693893344561192,Low Risk
C112650,28,8,136234.7385,17029.3423125,10.0,2.0,0.0,0.625,0,0.19679139853615712,Low Risk
C101801,3,7,108448.0215,15492.5745,7.0,2.0,1.0,0.7142857142857143,0,0.19659758156622714,Low Risk
C100297,19,8,165369.046,20671.13075,11.0,2.0,1.0,0.75,0,0.1965364927844051,Low Risk
C111732,14,8,127287.245,15910.905625,7.0,2.0,0.0,0.625,0,0.19650603262332164,Low Risk
C107892,0,7,142171.935,20310.27642857143,5.0,3.0,1.0,0.5714285714285714,0,0.19630571212676023,Low Risk
C100475,4,7,110345.859,15763.694142857143,6.0,2.0,1.0,0.5714285714285714,0,0.19628657766184562,Low Risk
C104377,239,8,163974.2845,20496.7855625,13.0,2.0,1.0,0.5,1,0.19607443064352392,Low Risk
C102438,52,7,125636.758,17948.108285714286,6.0,0.0,2.0,0.5714285714285714,0,0.19604129407389967,Low Risk
C108364,280,8,192167.1325,24020.8915625,7.0,2.0,1.0,0.625,1,0.1960406661117565,Low Risk
C113146,29,8,166877.3905,20859.6738125,6.0,1.0,1.0,0.375,0,0.19603597892334387,Low Risk
C109690,31,7,110260.041,15751.434428571429,10.0,1.0,3.0,0.8571428571428571,0,0.195898193195811,Low Risk
C110856,7,8,178111.987,22263.998375,5.0,1.0,0.0,0.625,0,0.19586086778930162,Low Risk
C110824,232,7,135163.157,19309.02242857143,11.0,5.0,1.0,0.5714285714285714,1,0.1958069043432222,Low Risk
C106805,66,7,158086.12,22583.731428571427,6.0,1.0,4.0,0.8571428571428571,0,0.195775960050519,Low Risk
C100535,454,8,209348.88150000002,26168.6101875,11.0,3.0,1.0,0.375,1,0.19569309303920618,Low Risk
C111017,12,8,233217.1755,29152.1469375,7.0,0.0,1.0,0.5,0,0.1954015375193877,Low Risk
C105936,80,15,391594.1995,26106.279966666665,12.0,5.0,2.0,0.2,0,0.19540052782095352,Low Risk
C107760,-1,8,125531.8065,15691.475812499999,9.0,2.0,1.0,0.75,0,0.19537014263622562,Low Risk
C104374,36,8,181633.152,22704.144,6.0,2.0,0.0,0.75,0,0.19532097581797356,Low Risk
C100981,-1,7,184877.6375,26411.091071428575,8.0,1.0,1.0,0.14285714285714285,0,0.1953091250489484,Low Risk
C110234,23,8,121008.221,15126.027625,9.0,0.0,0.0,0.625,0,0.1950847138706493,Low Risk
C107562,68,6,237458.79700000002,39576.46616666667,8.0,2.0,1.0,0.6666666666666666,0,0.19493609239480045,Low Risk
C110188,26,11,198358.969,18032.633545454544,7.0,5.0,0.0,0.36363636363636365,0,0.19492750019520053,Low Risk
C104445,32,8,130519.0835,16314.8854375,7.0,2.0,2.0,0.75,0,0.1947823557237845,Low Risk
C107496,103,9,171813.9455,19090.438388888888,5.0,2.0,2.0,0.6666666666666666,1,0.19458773092392023,Low Risk
C107338,16,8,138981.3565,17372.6695625,6.0,1.0,0.0,0.75,0,0.19458219608245475,Low Risk
C114470,18,7,152376.1095,21768.015642857143,9.0,0.0,4.0,1.0,0,0.1945657817057598,Low Risk
C101081,76,8,122232.669,15279.083625,12.0,7.0,2.0,0.75,0,0.19453235562159998,Low Risk
C112721,57,7,101088.613,14441.230428571429,8.0,3.0,1.0,0.5714285714285714,0,0.19447526660655526,Low Risk
C107872,3,8,121805.132,15225.6415,8.0,5.0,3.0,0.75,0,0.19362403477666223,Low Risk
C106105,5,5,177433.2195,35486.6439,14.0,2.0,0.0,0.8,0,0.19350730259635862,Low Risk
C108131,0,8,239478.864,29934.858,11.0,4.0,2.0,0.375,0,0.19347883235456018,Low Risk
C107195,85,5,168231.7575,33646.351500000004,12.0,1.0,3.0,0.4,0,0.193429541230988,Low Risk
C107160,30,8,123758.0225,15469.752812499999,7.0,2.0,0.0,0.75,0,0.19310103829394445,Low Risk
C100016,22,7,134172.536,19167.505142857142,9.0,2.0,1.0,0.2857142857142857,0,0.19307298700322004,Low Risk
C106191,12,8,145603.6395,18200.4549375,14.0,3.0,2.0,0.75,0,0.1930665273535409,Low Risk
C113840,-1,7,143738.1085,20534.0155,13.0,3.0,1.0,0.2857142857142857,0,0.1929979488525291,Low Risk
C106885,82,8,120376.3945,15047.0493125,10.0,3.0,1.0,0.5,0,0.1928959566104304,Low Risk
C104754,61,8,127386.1525,15923.2690625,8.0,2.0,0.0,0.375,0,0.19258606616790774,Low Risk
C106025,105,11,190328.666,17302.606,9.0,4.0,3.0,0.7272727272727273,1,0.19246706102170058,Low Risk
C113236,12,6,107280.289,17880.048166666667,16.0,4.0,1.0,0.3333333333333333,0,0.1924093119846825,Low Risk
C114055,39,6,189456.22950000002,31576.03825,14.0,4.0,1.0,0.5,0,0.19237571804598907,Low Risk
C101608,39,6,173832.75,28972.125,14.0,0.0,0.0,0.5,0,0.19235443633547297,Low Risk
C102487,110,11,202372.4755,18397.497772727274,13.0,4.0,2.0,0.6363636363636364,1,0.19215963998559218,Low Risk
C109346,19,9,203473.818,22608.202,11.0,5.0,0.0,0.3333333333333333,0,0.19205505809184584,Low Risk
C105688,2,6,124412.032,20735.338666666667,16.0,5.0,0.0,0.16666666666666666,0,0.19199623948606848,Low Risk
C112747,4,7,101964.4405,14566.348642857145,8.0,4.0,1.0,0.42857142857142855,0,0.19183878780718153,Low Risk
C113125,69,8,108023.8145,13502.9768125,15.0,7.0,1.0,0.625,0,0.19138841663643238,Low Risk
C113011,43,7,141396.556,20199.507999999998,15.0,7.0,0.0,0.2857142857142857,0,0.1911230112246884,Low Risk
C103606,18,7,103195.09,14742.155714285715,9.0,1.0,2.0,0.7142857142857143,0,0.19094068184705765,Low Risk
C108953,89,7,98094.951,14013.564428571428,7.0,0.0,0.0,0.2857142857142857,0,0.19070596810751844,Low Risk
C107285,2,7,136154.2975,19450.61392857143,3.0,0.0,1.0,0.42857142857142855,0,0.1901337812781942,Low Risk
C107458,13,8,127422.152,15927.769,6.0,1.0,0.0,0.375,0,0.19006925368624905,Low Risk
C101667,13,8,218914.0875,27364.260937500003,11.0,3.0,2.0,0.375,0,0.1899871958413006,Low Risk
C110637,143,8,141657.6975,17707.2121875,7.0,1.0,0.0,0.625,1,0.1897571720781027,Low Risk
C107924,115,8,112342.8005,14042.8500625,4.0,1.0,0.0,0.625,1,0.18964611356223787,Low Risk
C105076,143,9,196818.0345,21868.6705,11.0,4.0,2.0,0.4444444444444444,1,0.18959893923057872,Low Risk
C104716,7,6,229627.23,38271.205,6.0,2.0,0.0,0.6666666666666666,0,0.1893846707590307,Low Risk
C100466,37,8,133617.742,16702.21775,7.0,4.0,0.0,0.75,0,0.18934464088547542,Low Risk
C106141,32,7,106682.37449999999,15240.339214285716,6.0,3.0,2.0,0.7142857142857143,0,0.18917787994874125,Low Risk
C102176,18,7,208473.41749999998,29781.916785714282,5.0,3.0,1.0,0.14285714285714285,0,0.18908180471628494,Low Risk
C101852,35,7,96069.0585,13724.151214285714,14.0,2.0,1.0,0.42857142857142855,0,0.18898403034926328,Low Risk
C109307,13,8,196217.932,24527.2415,8.0,2.0,0.0,0.625,0,0.18893676017631794,Low Risk
C111746,7,6,228099.82450000002,38016.63741666667,9.0,3.0,1.0,0.8333333333333334,0,0.1888273797712042,Low Risk
C101294,35,7,222324.868,31760.695428571427,12.0,3.0,3.0,0.7142857142857143,0,0.18851002985955628,Low Risk
C101943,62,8,176138.934,22017.36675,6.0,1.0,1.0,0.75,0,0.1884666631487725,Low Risk
C105031,4,8,141540.0115,17692.5014375,8.0,4.0,0.0,0.375,0,0.1882121371563635,Low Risk
C102964,2,7,137828.6325,19689.804642857143,6.0,2.0,1.0,0.5714285714285714,0,0.1878282293038941,Low Risk
C106989,39,8,182801.192,22850.148999999998,3.0,0.0,1.0,0.125,0,0.18781371238441846,Low Risk
C113043,26,7,133787.121,19112.445857142855,7.0,4.0,1.0,0.7142857142857143,0,0.18775001456117707,Low Risk
C113106,22,8,120006.1145,15000.7643125,3.0,1.0,2.0,0.625,0,0.1876025395216046,Low Risk
C109171,61,8,179556.522,22444.56525,6.0,3.0,2.0,0.625,0,0.187412676591949,Low Risk
C111491,2,9,144693.4505,16077.050055555554,7.0,2.0,2.0,0.3333333333333333,0,0.1873194678608487,Low Risk
C103701,52,8,127999.1375,15999.8921875,11.0,4.0,1.0,0.25,0,0.187257592029171,Low Risk
C103731,22,8,116033.00200000001,14504.125250000001,7.0,0.0,0.0,0.625,0,0.18721728843810934,Low Risk
C104780,83,7,141593.093,20227.584714285713,14.0,4.0,1.0,0.42857142857142855,0,0.18700624851151484,Low Risk
C110922,39,7,100085.76,14297.965714285714,3.0,0.0,2.0,0.42857142857142855,0,0.18698535762854124,Low Risk
C101570,97,8,191506.5985,23938.3248125,10.0,3.0,3.0,0.5,1,0.18683910884127655,Low Risk
C107516,19,8,195906.9365,24488.3670625,11.0,3.0,1.0,0.5,0,0.18683646185762,Low Risk
C106318,38,8,122197.33,15274.66625,6.0,1.0,3.0,0.375,0,0.1864285101291167,Low Risk
C108253,38,6,178280.929,29713.488166666666,10.0,2.0,4.0,0.5,0,0.18630139970408557,Low Risk
C100611,75,8,151620.20249999998,18952.525312499998,8.0,2.0,0.0,0.375,0,0.18628779581657376,Low Risk
C114453,10,7,106530.9405,15218.705785714285,3.0,1.0,3.0,0.8571428571428571,0,0.18607098029433508,Low Risk
C107057,38,8,127399.5845,15924.9480625,22.0,6.0,2.0,0.75,0,0.18604046064947763,Low Risk
C104247,41,8,144650.51200000002,18081.314,5.0,0.0,0.0,0.125,0,0.18552961672486737,Low Risk
C110486,11,7,103319.55900000001,14759.937000000002,9.0,1.0,1.0,0.5714285714285714,0,0.18545605470291238,Low Risk
C114683,0,8,137004.75,17125.59375,6.0,4.0,2.0,0.375,0,0.18538447294056953,Low Risk
C106560,9,8,95612.89,11951.61125,11.0,3.0,0.0,0.625,0,0.18535981695970385,Low Risk
C108939,43,7,140420.6875,20060.098214285714,9.0,2.0,5.0,0.8571428571428571,0,0.18535656801195352,Low Risk
C103559,16,9,154515.247,17168.36077777778,8.0,4.0,3.0,0.6666666666666666,0,0.18525751780718142,Low Risk
C109431,58,7,100582.558,14368.936857142859,7.0,4.0,0.0,0.5714285714285714,0,0.1852177690312825,Low Risk
C105077,44,8,127278.7545,15909.8443125,8.0,2.0,2.0,0.625,0,0.18511149677004035,Low Risk
C106537,-1,8,197708.6965,24713.5870625,10.0,1.0,1.0,0.5,0,0.18509724763071211,Low Risk
C112280,35,8,205125.274,25640.65925,4.0,1.0,2.0,0.75,0,0.18509650439917402,Low Risk
C104953,51,8,139267.531,17408.441375,9.0,1.0,0.0,0.375,0,0.18493380018617567,Low Risk
C111962,28,8,146755.7445,18344.4680625,7.0,1.0,0.0,0.5,0,0.1848340629121129,Low Risk
C104122,19,6,113127.571,18854.595166666666,19.0,2.0,0.0,0.16666666666666666,0,0.18459681583984533,Low Risk
C111564,34,8,190218.656,23777.332000000002,6.0,3.0,1.0,0.625,0,0.1844869532885372,Low Risk
C113423,53,7,104186.692,14883.813142857141,12.0,2.0,1.0,0.14285714285714285,0,0.18420338772727093,Low Risk
C102419,18,9,135712.4725,15079.163611111111,11.0,3.0,2.0,0.4444444444444444,0,0.18386965599407631,Low Risk
C101581,19,8,148332.3685,18541.5460625,9.0,3.0,1.0,0.625,0,0.1837280998781498,Low Risk
C111331,59,7,210377.762,30053.965999999997,8.0,3.0,2.0,0.2857142857142857,0,0.18362576993527796,Low Risk
C105498,12,8,246678.271,30834.783875,9.0,4.0,1.0,0.5,0,0.18353647452100275,Low Risk
C106934,121,9,257170.463,28574.495888888887,5.0,2.0,2.0,0.6666666666666666,1,0.18319591149263292,Low Risk
C101268,17,8,186330.3125,23291.2890625,6.0,2.0,2.0,0.625,0,0.18309138592488958,Low Risk
C104454,27,6,224504.4515,37417.40858333333,9.0,2.0,3.0,0.5,0,0.18308223037785606,Low Risk
C112303,201,10,159345.9015,15934.59015,8.0,2.0,2.0,0.6,1,0.18298877246404804,Low Risk
C113760,36,8,157026.736,19628.342,10.0,3.0,2.0,0.375,0,0.1824605094766398,Low Risk
C114240,76,9,148232.04,16470.22666666667,8.0,2.0,0.0,0.6666666666666666,0,0.18234898368944574,Low Risk
C107791,25,6,264272.863,44045.47716666667,20.0,4.0,1.0,0.6666666666666666,0,0.1823113516326771,Low Risk
C113703,7,8,133963.467,16745.433375,8.0,3.0,1.0,0.625,0,0.18216248672680002,Low Risk
C107915,16,7,87143.496,12449.070857142857,7.0,1.0,2.0,0.7142857142857143,0,0.18212461698917398,Low Risk
C104194,26,10,155640.152,15564.0152,8.0,2.0,2.0,0.4,0,0.1819362084283091,Low Risk
C111669,31,7,99097.5985,14156.799785714285,8.0,1.0,1.0,0.42857142857142855,0,0.18187729222844176,Low Risk
C109692,77,7,99826.457,14260.922428571428,12.0,4.0,2.0,0.5714285714285714,0,0.18170540292337187,Low Risk
C107009,26,9,112380.751,12486.750111111112,8.0,4.0,2.0,0.6666666666666666,0,0.18161228034191026,Low Risk
C103717,2,8,155943.4035,19492.9254375,9.0,3.0,0.0,0.5,0,0.18158598972264506,Low Risk
C108517,61,8,157060.33,19632.54125,10.0,4.0,1.0,0.75,0,0.1814451245927405,Low Risk
C109993,52,8,106434.8275,13304.3534375,10.0,4.0,2.0,0.375,0,0.18141770303307667,Low Risk
C102088,7,6,220995.403,36832.56716666667,6.0,1.0,4.0,0.5,0,0.18100779369289094,Low Risk
C102771,29,8,215527.49,26940.93625,6.0,3.0,2.0,0.375,0,0.18083177953047463,Low Risk
C105703,74,8,154103.008,19262.876,5.0,1.0,3.0,0.875,0,0.180560788991019,Low Risk
C101519,21,8,143160.6785,17895.084812499997,6.0,1.0,2.0,0.375,0,0.18007323419456342,Low Risk
C114793,5,8,157388.354,19673.54425,13.0,3.0,3.0,0.375,0,0.1797049419763237,Low Risk
C111915,72,8,114739.3465,14342.4183125,9.0,2.0,1.0,0.875,0,0.17960086779291934,Low Risk
C100498,29,8,188940.614,23617.57675,4.0,0.0,1.0,0.625,0,0.17958746134457657,Low Risk
C105868,102,11,187531.427,17048.311545454544,8.0,3.0,3.0,0.45454545454545453,1,0.17933683033210004,Low Risk
C103885,13,8,242495.8045,30311.9755625,5.0,2.0,1.0,0.625,0,0.1792546232886494,Low Risk
C114592,8,8,181920.1365,22740.0170625,7.0,0.0,1.0,0.5,0,0.17921484105048546,Low Risk
C107332,52,8,91982.4675,11497.8084375,6.0,1.0,3.0,0.625,0,0.17910010020532155,Low Risk
C114507,36,8,152667.02049999998,19083.377562499998,6.0,1.0,0.0,0.625,0,0.1790139312484993,Low Risk
C104848,25,7,102947.405,14706.772142857142,7.0,1.0,1.0,0.2857142857142857,0,0.17890025146780036,Low Risk
C105569,6,8,153149.4965,19143.6870625,11.0,4.0,1.0,0.25,0,0.17878288727258895,Low Risk
C106099,13,8,205980.6185,25747.5773125,9.0,3.0,3.0,0.875,0,0.17877814061189098,Low Risk
C104507,71,8,154748.058,19343.50725,8.0,4.0,2.0,0.75,0,0.17809304903854037,Low Risk
C110842,28,9,89781.3305,9975.70338888889,9.0,4.0,1.0,0.4444444444444444,0,0.17805095191044815,Low Risk
C110395,50,8,139590.3445,17448.7930625,5.0,1.0,0.0,0.375,0,0.17803314987094737,Low Risk
C102354,17,6,247998.8675,41333.144583333335,8.0,3.0,0.0,0.3333333333333333,0,0.17803099422456103,Low Risk
C104517,65,7,151947.55800000002,21706.794,6.0,0.0,4.0,0.5714285714285714,0,0.17800436892306948,Low Risk
C103624,94,8,138168.978,17271.12225,9.0,3.0,1.0,0.625,1,0.17793294747122446,Low Risk
C105796,27,8,146341.36,18292.67,9.0,1.0,2.0,0.625,0,0.1778422012210424,Low Risk
C104215,12,8,180821.023,22602.627875,6.0,1.0,1.0,0.5,0,0.17768767581213102,Low Risk
C106948,10,7,136303.5135,19471.9305,16.0,4.0,1.0,0.7142857142857143,0,0.17731922358816937,Low Risk
C105270,15,9,182213.869,20245.985444444446,12.0,1.0,3.0,0.1111111111111111,0,0.17715853525306183,Low Risk
C108446,81,8,159289.411,19911.176375,8.0,2.0,1.0,0.375,0,0.176714371220121,Low Risk
C111281,-1,8,213911.652,26738.9565,10.0,2.0,2.0,0.375,0,0.1766742271441711,Low Risk
C106076,71,8,307120.72849999997,38390.091062499996,6.0,2.0,1.0,0.625,0,0.17661870390990844,Low Risk
C113969,45,8,185830.26,23228.7825,6.0,1.0,2.0,0.375,0,0.1765821396153518,Low Risk
C108849,7,8,117208.1585,14651.0198125,7.0,3.0,2.0,0.75,0,0.17562387779667085,Low Risk
C109982,139,11,253396.6595,23036.059954545457,5.0,2.0,2.0,0.36363636363636365,1,0.17554941413851113,Low Risk
C106331,16,8,99143.7605,12392.970062499999,8.0,3.0,4.0,0.875,0,0.17494365198856843,Low Risk
C107111,78,8,197679.8645,24709.9830625,6.0,1.0,0.0,0.625,0,0.17490417600264568,Low Risk
C103898,12,8,158202.338,19775.29225,9.0,1.0,0.0,0.25,0,0.17470481726126366,Low Risk
C108804,69,8,202823.3625,25352.9203125,9.0,3.0,2.0,0.75,0,0.17456850758682324,Low Risk
C102151,2,8,144757.861,18094.732625,13.0,0.0,0.0,0.5,0,0.17456735220700273,Low Risk
C108154,219,14,268518.491,19179.892214285715,8.0,3.0,3.0,0.42857142857142855,1,0.17449508743357403,Low Risk
C109746,180,15,293634.17949999997,19575.611966666664,9.0,4.0,2.0,0.6,1,0.17431885122373317,Low Risk
C113708,28,8,164070.231,20508.778875,6.0,1.0,2.0,0.75,0,0.17418764719096136,Low Risk
C100372,0,10,92040.714,9204.071399999999,12.0,2.0,0.0,0.4,0,0.17394064765448042,Low Risk
C108103,0,9,121285.0405,13476.115611111112,10.0,3.0,1.0,0.6666666666666666,0,0.1737242752971958,Low Risk
C113576,-1,12,384084.7195,32007.059958333335,11.0,5.0,2.0,0.4166666666666667,0,0.1733899694486756,Low Risk
C106794,1,9,160174.0475,17797.116388888888,12.0,3.0,0.0,0.6666666666666666,0,0.17294864896562703,Low Risk
C100193,15,8,140590.265,17573.783125,8.0,1.0,1.0,0.375,0,0.17255789218432546,Low Risk
C101038,79,8,147517.3975,18439.6746875,9.0,2.0,1.0,0.5,0,0.17252352704181104,Low Risk
C111570,60,8,161176.09100000001,20147.011375,7.0,1.0,0.0,0.375,0,0.17240006886552667,Low Risk
C103165,29,8,111524.75,13940.59375,9.0,4.0,2.0,0.5,0,0.17236419015988133,Low Risk
C100215,25,8,157832.0185,19729.0023125,8.0,3.0,2.0,0.625,0,0.17235666683540488,Low Risk
C108848,2,8,103927.2145,12990.9018125,9.0,0.0,0.0,0.375,0,0.17226143550357573,Low Risk
C113218,23,8,131864.2005,16483.0250625,3.0,0.0,1.0,0.5,0,0.1720588771609329,Low Risk
C104817,57,11,168493.102,15317.554727272725,7.0,4.0,3.0,0.36363636363636365,0,0.17205592272516398,Low Risk
C107722,15,8,159687.7775,19960.9721875,9.0,5.0,1.0,0.625,0,0.1719232957451333,Low Risk
C102225,11,7,140189.1915,20027.027357142855,16.0,7.0,0.0,0.5714285714285714,0,0.1719033087499118,Low Risk
C108880,61,8,156326.7915,19540.8489375,11.0,4.0,0.0,0.375,0,0.17135768879313149,Low Risk
C104273,42,8,121923.0015,15240.3751875,11.0,2.0,1.0,0.5,0,0.17135460823549326,Low Risk
C107740,73,8,162177.9195,20272.239937500002,11.0,4.0,3.0,0.5,0,0.17132941095476312,Low Risk
C101545,2,8,204219.822,25527.477750000002,11.0,2.0,1.0,0.625,0,0.1713116822852474,Low Risk
C110133,59,7,93714.432,13387.776,11.0,0.0,2.0,0.7142857142857143,0,0.1712528292123908,Low Risk
C111068,230,9,136777.019,15197.446555555556,15.0,5.0,2.0,0.3333333333333333,1,0.17072635962166602,Low Risk
C109312,49,9,162976.851,18108.539,8.0,2.0,3.0,0.8888888888888888,0,0.17030657629165513,Low Risk
C102148,10,9,144613.816,16068.201777777776,7.0,2.0,0.0,0.7777777777777778,0,0.17028241361177895,Low Risk
C108634,178,9,153133.4895,17014.832166666667,6.0,2.0,0.0,0.6666666666666666,1,0.1702040795972634,Low Risk
C100020,65,9,199134.932,22126.103555555557,9.0,5.0,1.0,0.3333333333333333,0,0.17015212957435305,Low Risk
C108411,74,8,123439.127,15429.890875,7.0,2.0,1.0,0.5,0,0.1701513610003657,Low Risk
C100932,72,9,186316.40050000002,20701.822277777777,10.0,2.0,3.0,0.6666666666666666,0,0.17001722245582215,Low Risk
C111877,46,12,341083.329,28423.610750000003,5.0,1.0,6.0,0.3333333333333333,0,0.1699823100541314,Low Risk
C108818,7,9,150766.6105,16751.84561111111,7.0,1.0,0.0,0.6666666666666666,0,0.16951914255515654,Low Risk
C108600,9,6,191264.9645,31877.494083333335,14.0,5.0,3.0,0.3333333333333333,0,0.1695054720599931,Low Risk
C107408,20,8,151782.8875,18972.8609375,6.0,2.0,1.0,0.875,0,0.1691107132496006,Low Risk
C110896,5,8,208053.47,26006.683750000004,9.0,2.0,1.0,0.5,0,0.16895939441705074,Low Risk
C114681,16,9,140324.5915,15591.621277777778,10.0,3.0,0.0,0.3333333333333333,0,0.16853154983319205,Low Risk
C107748,31,11,204966.5575,18633.32340909091,9.0,3.0,0.0,0.36363636363636365,0,0.1680728025585779,Low Risk
C102466,43,8,154670.7445,19333.8430625,8.0,3.0,3.0,0.75,0,0.1679745097107103,Low Risk
C106349,-1,8,147092.4675,18386.5584375,16.0,3.0,1.0,0.625,0,0.1677235562227276,Low Risk
C112781,19,8,111576.149,13947.018624999999,11.0,3.0,1.0,0.5,0,0.1676156547586923,Low Risk
C102613,0,8,140371.882,17546.485249999998,9.0,1.0,1.0,0.625,0,0.16746691456819207,Low Risk
C105692,32,8,87301.29800000001,10912.66225,8.0,2.0,0.0,0.375,0,0.167396037915516,Low Risk
C100709,81,8,186798.3875,23349.7984375,14.0,6.0,0.0,0.5,0,0.1672644522521489,Low Risk
C110863,7,8,100400.678,12550.08475,15.0,4.0,1.0,0.5,0,0.16725580513411548,Low Risk
C114520,67,9,195092.638,21676.959777777778,6.0,2.0,0.0,0.5555555555555556,0,0.16707829728941204,Low Risk
C104708,45,8,196077.00999999998,24509.62625,9.0,1.0,2.0,0.625,0,0.16682042234204572,Low Risk
C109371,96,9,203072.38450000001,22563.598277777775,10.0,4.0,1.0,0.3333333333333333,1,0.16617177192934054,Low Risk
C107969,7,9,174938.2515,19437.5835,12.0,3.0,2.0,0.7777777777777778,0,0.16608376979421993,Low Risk
C103910,21,8,160316.3505,20039.5438125,6.0,2.0,1.0,0.875,0,0.16603508913255008,Low Risk
C114206,47,8,154049.85,19256.23125,11.0,2.0,1.0,0.5,0,0.16581631518860582,Low Risk
C106884,42,8,152149.5025,19018.6878125,7.0,1.0,2.0,0.5,0,0.16565363820396403,Low Risk
C103154,38,9,260213.772,28912.641333333337,8.0,0.0,1.0,0.7777777777777778,0,0.16551903301038043,Low Risk
C105720,122,9,133005.8075,14778.423055555555,13.0,5.0,1.0,0.6666666666666666,1,0.16527685160965644,Low Risk
C101193,7,8,111663.95850000001,13957.994812500001,14.0,4.0,1.0,0.25,0,0.16507557922184823,Low Risk
C113161,32,10,129608.3055,12960.83055,8.0,1.0,2.0,0.8,0,0.16458631905019303,Low Risk
C110187,129,9,200441.1045,22271.233833333335,10.0,2.0,1.0,0.5555555555555556,1,0.1644183781174477,Low Risk
C112635,35,8,164682.63799999998,20585.32975,6.0,3.0,3.0,0.75,0,0.16396021327541496,Low Risk
C110414,8,11,110413.9065,10037.627863636364,10.0,0.0,2.0,0.45454545454545453,0,0.16382956425306053,Low Risk
C103459,83,13,187528.4775,14425.2675,8.0,2.0,2.0,0.46153846153846156,0,0.16363018277509536,Low Risk
C108810,69,8,104690.0385,13086.2548125,7.0,3.0,1.0,0.625,0,0.16362219233470843,Low Risk
C110120,79,13,138430.6255,10648.509653846153,13.0,5.0,3.0,0.6923076923076923,0,0.16360045145906618,Low Risk
C107105,37,8,162732.1865,20341.5233125,10.0,2.0,2.0,0.5,0,0.16351235334960731,Low Risk
C101473,34,8,142554.891,17819.361375,4.0,2.0,2.0,0.75,0,0.16340699481124027,Low Risk
C110401,10,10,149594.1475,14959.41475,8.0,1.0,1.0,0.4,0,0.16314320288397013,Low Risk
C107125,0,8,180148.6645,22518.583062499998,15.0,8.0,0.0,0.625,0,0.16303859860653877,Low Risk
C107928,87,8,206310.749,25788.843625,8.0,1.0,1.0,0.5,0,0.16301855845447918,Low Risk
C112900,30,9,151591.8415,16843.537944444444,9.0,2.0,0.0,0.4444444444444444,0,0.16283917249311164,Low Risk
C111799,52,9,203125.7285,22569.525388888887,9.0,3.0,2.0,0.6666666666666666,0,0.16278813236563036,Low Risk
C103490,1,9,188534.5345,20948.281611111113,12.0,3.0,0.0,0.5555555555555556,0,0.16250361854188114,Low Risk
C103259,17,9,204400.7465,22711.194055555556,7.0,3.0,2.0,0.6666666666666666,0,0.16248616384528813,Low Risk
C103781,51,10,140761.868,14076.1868,12.0,1.0,2.0,0.3,0,0.16233199259414788,Low Risk
C103665,25,8,156288.7465,19536.0933125,11.0,1.0,0.0,0.25,0,0.16230994641538904,Low Risk
C109437,119,12,269462.2865,22455.190541666667,9.0,3.0,2.0,0.75,1,0.16223564232547807,Low Risk
C110183,20,8,227103.80849999998,28387.976062499998,12.0,2.0,1.0,0.75,0,0.16198375007258123,Low Risk
C106584,0,8,105245.4025,13155.6753125,9.0,2.0,1.0,0.5,0,0.16191750400712146,Low Risk
C100773,125,12,221472.23200000002,18456.019333333334,10.0,1.0,1.0,0.5,1,0.16179606012790157,Low Risk
C114365,-1,5,201845.23,40369.046,13.0,4.0,2.0,0.0,0,0.16161281280017714,Low Risk
C109948,25,9,89028.0115,9892.001277777777,11.0,0.0,0.0,0.3333333333333333,0,0.16142911420264788,Low Risk
C106110,21,8,140555.0835,17569.3854375,7.0,1.0,1.0,0.5,0,0.16110637200381536,Low Risk
C111708,4,9,258688.207,28743.13411111111,15.0,4.0,4.0,0.4444444444444444,0,0.16107658103938324,Low Risk
C109697,45,8,160874.5485,20109.3185625,3.0,1.0,1.0,0.625,0,0.16106061866220334,Low Risk
C107405,5,8,97101.689,12137.711125,7.0,1.0,2.0,0.375,0,0.16092400871470297,Low Risk
C107816,32,8,159902.388,19987.7985,7.0,2.0,2.0,0.375,0,0.1606912629586104,Low Risk
C106571,31,9,105149.048,11683.227555555557,13.0,2.0,2.0,0.7777777777777778,0,0.16056402804436853,Low Risk
C112321,7,9,174688.561,19409.84011111111,9.0,1.0,2.0,0.6666666666666666,0,0.16051239755124388,Low Risk
C105154,95,12,322270.4735,26855.872791666665,9.0,1.0,4.0,0.5,1,0.16015953728414814,Low Risk
C105282,87,10,152263.9365,15226.393650000002,9.0,3.0,0.0,0.6,0,0.16012398871782793,Low Risk
C101650,20,9,109924.965,12213.885,7.0,2.0,0.0,0.6666666666666666,0,0.15972035244483235,Low Risk
C108233,0,9,155815.582,17312.842444444443,14.0,6.0,2.0,0.5555555555555556,0,0.15963744957801207,Low Risk
C113792,2,11,132578.124,12052.556727272728,9.0,4.0,1.0,0.6363636363636364,0,0.15959545159347874,Low Risk
C102634,48,9,203013.937,22557.10411111111,7.0,3.0,0.0,0.7777777777777778,0,0.15948044266895564,Low Risk
C101014,10,8,93907.857,11738.482125,11.0,1.0,0.0,0.5,0,0.15942237581622712,Low Risk
C105895,5,9,273722.44049999997,30413.604499999998,12.0,5.0,3.0,0.4444444444444444,0,0.15901835149982174,Low Risk
C110208,58,8,276627.187,34578.398375,12.0,3.0,2.0,0.5,0,0.15891369644449024,Low Risk
C109819,22,9,195676.9185,21741.879833333332,7.0,2.0,2.0,0.5555555555555556,0,0.15891078378176057,Low Risk
C104105,115,9,137191.4905,15243.498944444445,6.0,1.0,2.0,0.7777777777777778,1,0.15888932030107383,Low Risk
C100701,59,9,168295.08000000002,18699.453333333335,9.0,3.0,0.0,0.4444444444444444,0,0.15878940417147966,Low Risk
C113167,9,8,205518.031,25689.753875,10.0,3.0,2.0,0.5,0,0.15874105801215335,Low Risk
C102510,1,9,203707.0575,22634.1175,11.0,5.0,0.0,0.7777777777777778,0,0.15868763147729806,Low Risk
C104768,4,8,148183.033,18522.879125,7.0,0.0,3.0,0.625,0,0.1584838609570862,Low Risk
C102318,65,10,173176.431,17317.6431,5.0,0.0,0.0,0.6,0,0.15839671550620632,Low Risk
C111064,87,10,120343.724,12034.3724,6.0,1.0,1.0,0.4,0,0.15821971990515446,Low Risk
C108854,74,10,159654.3905,15965.43905,5.0,4.0,2.0,0.6,0,0.15818247439963726,Low Risk
C105918,243,8,93884.1535,11735.5191875,12.0,2.0,1.0,0.375,1,0.15801198902269475,Low Risk
C107658,72,8,161367.7325,20170.9665625,6.0,2.0,2.0,0.875,0,0.15794455147531747,Low Risk
C113179,45,11,155100.6935,14100.063045454544,4.0,0.0,0.0,0.45454545454545453,0,0.15769517243123096,Low Risk
C104496,103,10,156108.734,15610.8734,5.0,1.0,0.0,0.5,1,0.15763464940440153,Low Risk
C114040,-1,9,197410.19150000002,21934.465722222223,8.0,3.0,3.0,0.6666666666666666,0,0.15743392573747791,Low Risk
C110857,22,10,127528.83,12752.882999999998,8.0,1.0,1.0,0.6,0,0.1573815837341205,Low Risk
C103831,21,8,256151.7765,32018.9720625,8.0,1.0,2.0,0.625,0,0.15731774406838495,Low Risk
C103305,38,9,172006.3155,19111.812833333333,9.0,1.0,2.0,0.6666666666666666,0,0.15707834959994119,Low Risk
C109460,31,8,117919.986,14739.99825,7.0,0.0,2.0,0.875,0,0.15701286291668667,Low Risk
C102238,58,11,118937.73800000001,10812.521636363635,9.0,2.0,0.0,0.7272727272727273,0,0.15635113818570462,Low Risk
C110839,56,9,195300.6825,21700.075833333332,9.0,0.0,0.0,0.6666666666666666,0,0.15604917578455604,Low Risk
C112787,15,8,158682.4925,19835.3115625,6.0,4.0,2.0,0.5,0,0.15604455020509364,Low Risk
C113027,61,11,247390.9155,22490.083227272728,9.0,3.0,2.0,0.36363636363636365,0,0.1559774905490531,Low Risk
C108497,-1,10,166566.527,16656.6527,6.0,4.0,3.0,0.6,0,0.155680596545858,Low Risk
C114923,49,11,186932.8485,16993.895318181818,9.0,2.0,2.0,0.45454545454545453,0,0.15566011092833723,Low Risk
C100097,14,8,108154.351,13519.293875,15.0,4.0,1.0,0.375,0,0.1553260368524229,Low Risk
C105180,21,8,99550.329,12443.791125000002,9.0,2.0,3.0,0.625,0,0.15513535399878442,Low Risk
C112849,10,11,151613.657,13783.059727272728,8.0,3.0,1.0,0.45454545454545453,0,0.15500504129132653,Low Risk
C101056,47,9,198391.858,22043.53977777778,9.0,3.0,3.0,0.4444444444444444,0,0.15486302735398472,Low Risk
C112298,40,8,175880.8705,21985.1088125,4.0,1.0,3.0,0.625,0,0.1547408757933825,Low Risk
C105514,6,10,156714.7145,15671.471450000001,12.0,6.0,1.0,0.2,0,0.154606304315776,Low Risk
C111565,2,9,195455.2675,21717.251944444444,15.0,7.0,1.0,0.7777777777777778,0,0.1541127721461219,Low Risk
C108035,-1,8,231552.74899999998,28944.093625,11.0,4.0,0.0,0.625,0,0.15376178891088943,Low Risk
C107099,-1,8,94429.0665,11803.6333125,11.0,5.0,0.0,0.375,0,0.15371077011482906,Low Risk
C102866,42,8,160591.799,20073.974875,7.0,1.0,1.0,0.5,0,0.1530724295335256,Low Risk
C104395,15,6,209066.9955,34844.49925,12.0,3.0,2.0,0.16666666666666666,0,0.15285994983410364,Low Risk
C111478,85,9,199294.4725,22143.83027777778,8.0,2.0,0.0,0.5555555555555556,0,0.15278861815456335,Low Risk
C106779,14,8,137075.1475,17134.3934375,5.0,0.0,1.0,0.5,0,0.1527494865568837,Low Risk
C111705,45,11,188453.801,17132.163727272728,3.0,2.0,1.0,0.9090909090909091,0,0.15268184612214775,Low Risk
C109571,27,8,160150.4915,20018.8114375,6.0,1.0,1.0,0.75,0,0.15263069583220448,Low Risk
C106888,33,9,177603.642,19733.737999999998,6.0,1.0,3.0,0.1111111111111111,0,0.15254471351768456,Low Risk
C113889,5,9,185239.9665,20582.2185,4.0,1.0,2.0,0.7777777777777778,0,0.15238474963636972,Low Risk
C102900,9,8,93620.174,11702.52175,8.0,2.0,1.0,0.5,0,0.15231410409484342,Low Risk
C106685,9,7,152699.7825,21814.254642857144,4.0,0.0,4.0,0.42857142857142855,0,0.15219191822597772,Low Risk
C105938,119,11,235965.39849999998,21451.39986363636,7.0,2.0,0.0,0.6363636363636364,1,0.15181361536961863,Low Risk
C110936,30,8,234079.414,29259.92675,12.0,2.0,1.0,0.75,0,0.15161466961575396,Low Risk
C110724,52,11,192048.026,17458.911454545454,7.0,3.0,0.0,0.8181818181818182,0,0.15127416158723028,Low Risk
C101077,7,8,140856.226,17607.02825,4.0,0.0,3.0,0.5,0,0.1511952274580758,Low Risk
C100925,4,14,362840.94,25917.21,12.0,3.0,4.0,0.42857142857142855,0,0.15097690035882447,Low Risk
C103939,3,10,147750.746,14775.074600000002,8.0,2.0,1.0,0.3,0,0.15065948298969897,Low Risk
C111161,41,8,122754.2065,15344.2758125,6.0,0.0,2.0,0.625,0,0.15052342384149683,Low Risk
C112598,59,9,158020.6885,17557.854277777777,9.0,2.0,1.0,0.3333333333333333,0,0.15049309089835916,Low Risk
C107685,29,8,97655.61,12206.95125,4.0,2.0,2.0,0.625,0,0.1503217400010737,Low Risk
C101732,18,8,162055.4595,20256.9324375,16.0,2.0,1.0,0.5,0,0.1499416787515049,Low Risk
C100719,12,10,205747.0485,20574.704850000002,9.0,2.0,3.0,0.5,0,0.14977829102769183,Low Risk
C105799,61,10,176358.639,17635.8639,9.0,3.0,3.0,0.7,0,0.14868850633157338,Low Risk
C111290,64,12,200131.1825,16677.598541666666,9.0,3.0,3.0,0.5833333333333334,0,0.1486447614146058,Low Risk
C110137,179,14,230722.3265,16480.166178571428,7.0,2.0,2.0,0.5,1,0.14851101989024934,Low Risk
C110162,41,8,240119.07749999998,30014.884687499998,5.0,2.0,0.0,0.75,0,0.1484737193328271,Low Risk
C105839,100,11,193823.147,17620.286090909092,13.0,6.0,2.0,0.5454545454545454,1,0.14770374241916293,Low Risk
C111287,146,14,369746.0125,26410.429464285717,7.0,2.0,1.0,0.5714285714285714,1,0.14750618028893972,Low Risk
C112678,16,9,224724.2285,24969.358722222223,11.0,1.0,0.0,0.3333333333333333,0,0.14742224956439823,Low Risk
C103220,50,9,197230.631,21914.514555555554,7.0,3.0,1.0,0.2222222222222222,0,0.14733555735571346,Low Risk
C107331,12,9,141953.2775,15772.586388888889,10.0,2.0,0.0,0.5555555555555556,0,0.14728582233973472,Low Risk
C108967,20,9,198732.951,22081.439,11.0,5.0,0.0,0.6666666666666666,0,0.1471566918516995,Low Risk
C112960,7,9,261680.498,29075.61088888889,9.0,3.0,2.0,0.3333333333333333,0,0.14709281364840726,Low Risk
C103734,50,5,244556.014,48911.20279999999,14.0,0.0,0.0,1.0,0,0.14704473380869812,Low Risk
C104370,51,10,155358.225,15535.822499999998,4.0,2.0,3.0,0.7,0,0.14702188941088246,Low Risk
C104485,10,9,131084.769,14564.974333333334,5.0,1.0,1.0,0.6666666666666666,0,0.14670571175198416,Low Risk
C102795,1,10,164903.21,16490.321,13.0,3.0,1.0,0.6,0,0.14653422950969014,Low Risk
C100805,76,9,185072.26799999998,20563.585333333333,6.0,2.0,3.0,0.7777777777777778,0,0.14638649167334575,Low Risk
C104161,31,9,138560.0985,15395.566499999999,12.0,2.0,0.0,0.5555555555555556,0,0.1463185269146312,Low Risk
C109059,13,9,128623.0605,14291.451166666668,8.0,0.0,1.0,0.5555555555555556,0,0.14628047038856054,Low Risk
C110745,-1,7,264836.9475,37833.849642857145,7.0,0.0,3.0,0.2857142857142857,0,0.14573655275911387,Low Risk
C114963,1,9,195908.03650000002,21767.55961111111,9.0,0.0,1.0,0.6666666666666666,0,0.14547928325213327,Low Risk
C107091,80,9,141991.298,15776.81088888889,6.0,2.0,0.0,0.5555555555555556,0,0.1452933624526882,Low Risk
C104026,28,10,194067.36800000002,19406.736800000002,9.0,3.0,1.0,0.3,0,0.14520961878414432,Low Risk
C100608,70,6,179958.417,29993.069499999998,15.0,3.0,2.0,0.3333333333333333,0,0.14494374297373278,Low Risk
C113272,14,9,184460.377,20495.597444444444,11.0,2.0,0.0,0.5555555555555556,0,0.14483131480447092,Low Risk
C110491,88,8,237619.85700000002,29702.482125000002,7.0,4.0,2.0,0.75,0,0.14480351520753873,Low Risk
C100503,39,9,147634.131,16403.79233333333,10.0,2.0,1.0,0.5555555555555556,0,0.14470982242985186,Low Risk
C104879,58,9,172244.4225,19138.26916666667,6.0,3.0,0.0,0.5555555555555556,0,0.14463309101397562,Low Risk
C101456,36,5,200020.535,40004.107,16.0,5.0,2.0,0.4,0,0.14455319166357944,Low Risk
C105867,43,9,160378.059,17819.784333333333,10.0,2.0,2.0,0.5555555555555556,0,0.1445139753272264,Low Risk
C106209,18,9,204230.1125,22692.23472222222,9.0,2.0,0.0,0.6666666666666666,0,0.14418130835540593,Low Risk
C103419,52,8,102282.0485,12785.2560625,8.0,1.0,1.0,0.375,0,0.14416831828637747,Low Risk
C107065,19,9,297399.271,33044.36344444445,6.0,2.0,1.0,0.3333333333333333,0,0.14406700775274614,Low Risk
C108956,2,9,264713.097,29412.566333333336,9.0,5.0,4.0,0.2222222222222222,0,0.1436153723196462,Low Risk
C108263,1,12,198945.193,16578.766083333332,7.0,2.0,3.0,0.5,0,0.14340468834455086,Low Risk
C101534,10,10,136383.5955,13638.35955,9.0,0.0,0.0,0.7,0,0.14322086142265236,Low Risk
C105418,29,8,135993.242,16999.15525,2.0,0.0,1.0,0.625,0,0.1430754677021871,Low Risk
C108008,54,10,162837.925,16283.7925,6.0,2.0,2.0,0.7,0,0.14300194868493368,Low Risk
C103837,27,10,317375.709,31737.5709,13.0,5.0,1.0,0.4,0,0.1429856745468891,Low Risk
C111356,34,9,186084.4545,20676.0505,10.0,1.0,2.0,0.5555555555555556,0,0.14283904494801544,Low Risk
C105765,21,8,236624.9305,29578.1163125,8.0,2.0,2.0,0.5,0,0.1427757943432563,Low Risk
C110866,5,10,190146.5535,19014.65535,9.0,4.0,1.0,0.3,0,0.14263243781387888,Low Risk
C100477,2,9,146348.6795,16260.96438888889,16.0,5.0,0.0,0.6666666666666666,0,0.1424230279725736,Low Risk
C101078,77,11,194263.6145,17660.328590909092,7.0,2.0,2.0,0.7272727272727273,0,0.14203097503768708,Low Risk
C109834,2,14,221890.9785,15849.355607142857,10.0,4.0,5.0,0.42857142857142855,0,0.1420146709052689,Low Risk
C109695,26,9,170473.21600000001,18941.468444444447,15.0,3.0,2.0,0.6666666666666666,0,0.14194438347633076,Low Risk
C102618,164,10,254194.708,25419.470800000003,7.0,3.0,4.0,0.5,1,0.1418919546916456,Low Risk
C107138,-1,11,328712.404,29882.945818181815,9.0,2.0,3.0,0.8181818181818182,0,0.1417454242047936,Low Risk
C105664,13,12,248807.579,20733.964916666668,4.0,1.0,0.0,0.8333333333333334,0,0.14162129519436745,Low Risk
C108368,34,14,166384.08,11884.577142857142,20.0,5.0,0.0,0.2857142857142857,0,0.1412710373408376,Low Risk
C104855,6,9,156458.5235,17384.28038888889,4.0,1.0,2.0,0.4444444444444444,0,0.14111487221941982,Low Risk
C103231,76,9,203153.39250000002,22572.599166666667,5.0,2.0,1.0,0.8888888888888888,0,0.14109945873604832,Low Risk
C108082,37,9,98091.428,10899.047555555555,6.0,1.0,1.0,0.6666666666666666,0,0.14099854742443788,Low Risk
C109653,70,8,214088.686,26761.085750000002,6.0,1.0,2.0,0.5,0,0.14052029536913901,Low Risk
C101618,17,8,242222.53,30277.81625,8.0,2.0,2.0,0.625,0,0.13996816458090633,Low Risk
C113317,35,9,160663.25699999998,17851.472999999998,11.0,5.0,1.0,0.3333333333333333,0,0.13957041245030427,Low Risk
C110020,58,8,235306.3605,29413.2950625,12.0,3.0,3.0,0.625,0,0.13926090142109215,Low Risk
C110447,-1,11,233824.623,21256.783909090907,13.0,2.0,1.0,0.36363636363636365,0,0.1391616776233883,Low Risk
C112407,-1,8,203580.05449999997,25447.5068125,7.0,1.0,3.0,0.5,0,0.13911268945599248,Low Risk
C113305,23,10,187969.1575,18796.91575,12.0,5.0,0.0,0.8,0,0.1387953896203352,Low Risk
C100089,11,8,281126.0375,35140.7546875,5.0,1.0,3.0,0.625,0,0.13877923863023825,Low Risk
C112920,7,9,255320.37900000002,28368.931,6.0,3.0,1.0,0.8888888888888888,0,0.13868106464174082,Low Risk
C114079,132,10,187110.2005,18711.02005,4.0,1.0,2.0,0.3,1,0.13856965737552474,Low Risk
C102112,0,9,173594.179,19288.24211111111,11.0,4.0,1.0,0.4444444444444444,0,0.13796054989446804,Low Risk
C101793,16,11,164954.907,14995.900636363636,7.0,2.0,2.0,0.8181818181818182,0,0.1378429387862588,Low Risk
C102947,8,12,351122.501,29260.208416666665,10.0,5.0,2.0,0.4166666666666667,0,0.13755957085490636,Low Risk
C104854,64,10,178989.9295,17898.99295,7.0,4.0,2.0,0.7,0,0.1371938935283654,Low Risk
C113916,7,11,248444.47650000002,22585.861500000003,9.0,3.0,3.0,0.2727272727272727,0,0.13699266683328368,Low Risk
C109666,-1,11,199970.403,18179.127545454543,8.0,2.0,3.0,0.5454545454545454,0,0.13686149862086605,Low Risk
C100298,72,15,235427.8285,15695.188566666668,12.0,4.0,2.0,0.3333333333333333,0,0.13673293704684159,Low Risk
C100887,50,10,286214.724,28621.4724,8.0,3.0,1.0,0.5,0,0.13659857974354547,Low Risk
C113640,23,9,136001.0935,15111.23261111111,2.0,0.0,1.0,0.6666666666666666,0,0.13655526733603637,Low Risk
C112815,-1,11,264014.3075,24001.300681818182,3.0,2.0,0.0,0.45454545454545453,0,0.13647467073398845,Low Risk
C102275,47,10,196164.64049999998,19616.46405,9.0,2.0,3.0,0.5,0,0.13637898689184255,Low Risk
C111493,40,10,202235.21899999998,20223.5219,11.0,4.0,1.0,0.5,0,0.13637759467820484,Low Risk
C108630,5,10,215740.353,21574.0353,13.0,5.0,3.0,0.4,0,0.13611197238790435,Low Risk
C113542,70,10,194628.871,19462.8871,8.0,4.0,0.0,0.6,0,0.13596016140009146,Low Risk
C110734,9,9,196938.6005,21882.066722222222,6.0,0.0,1.0,0.2222222222222222,0,0.1355517169505349,Low Risk
C112094,23,11,107712.1075,9792.009772727273,11.0,4.0,0.0,0.45454545454545453,0,0.13529495840046557,Low Risk
C110821,79,9,144566.8555,16062.983944444444,9.0,2.0,1.0,0.5555555555555556,0,0.13515982986877742,Low Risk
C101356,49,9,176677.32,19630.813333333335,7.0,3.0,0.0,0.4444444444444444,0,0.1350663945943927,Low Risk
C102929,1,14,223963.94950000002,15997.424964285716,9.0,3.0,2.0,0.42857142857142855,0,0.13439078497896076,Low Risk
C107221,36,9,155071.2325,17230.136944444446,11.0,2.0,1.0,0.4444444444444444,0,0.1339192679741138,Low Risk
C101538,15,10,218642.9625,21864.29625,9.0,2.0,3.0,0.4,0,0.1338375730329481,Low Risk
C102246,16,9,141269.505,15696.611666666668,8.0,1.0,1.0,0.1111111111111111,0,0.13344431859615263,Low Risk
C104979,4,9,137434.6255,15270.513944444443,11.0,3.0,1.0,0.4444444444444444,0,0.1333574241250501,Low Risk
C111833,7,9,192434.50149999998,21381.611277777778,6.0,0.0,1.0,0.5555555555555556,0,0.13311133866187258,Low Risk
C103423,160,11,352929.5445,32084.50404545455,4.0,1.0,0.0,0.45454545454545453,1,0.1328514530687447,Low Risk
C105139,56,12,342650.667,28554.222250000003,9.0,6.0,3.0,0.5,0,0.1325368104750947,Low Risk
C113410,29,9,209757.049,23306.33877777778,9.0,2.0,3.0,0.3333333333333333,0,0.1323139895305825,Low Risk
C112106,30,12,213699.96050000002,17808.330041666668,10.0,3.0,6.0,0.4166666666666667,0,0.13216341823390854,Low Risk
C107156,1,9,171596.1385,19066.23761111111,6.0,3.0,1.0,0.6666666666666666,0,0.1318674125253626,Low Risk
C112408,41,10,142423.9605,14242.39605,12.0,1.0,1.0,0.6,0,0.13159230787491566,Low Risk
C105408,65,14,231433.8195,16530.987107142857,10.0,3.0,1.0,0.35714285714285715,0,0.13159220555214607,Low Risk
C109702,7,9,178628.144,19847.571555555554,12.0,3.0,1.0,0.6666666666666666,0,0.13145394618588,Low Risk
C111304,19,9,185998.057,20666.450777777776,15.0,3.0,2.0,0.4444444444444444,0,0.13104933124866136,Low Risk
C110474,76,11,171568.567,15597.142454545456,4.0,0.0,3.0,0.36363636363636365,0,0.1310305611368117,Low Risk
C106919,3,9,177258.67250000002,19695.408055555556,6.0,0.0,0.0,0.5555555555555556,0,0.1309850370171491,Low Risk
C101657,7,9,144095.08800000002,16010.565333333336,7.0,4.0,1.0,0.5555555555555556,0,0.1306767834269345,Low Risk
C106627,0,10,143492.155,14349.2155,11.0,5.0,1.0,0.6,0,0.13052732921583046,Low Risk
C105575,9,10,181129.454,18112.9454,9.0,1.0,3.0,0.8,0,0.13047993349654757,Low Risk
C107675,26,10,203299.8505,20329.98505,9.0,1.0,0.0,0.7,0,0.1302752583339395,Low Risk
C104816,34,13,264657.246,20358.24969230769,10.0,3.0,0.0,0.38461538461538464,0,0.13021840287151742,Low Risk
C104547,24,9,190557.0815,21173.009055555554,15.0,1.0,1.0,0.6666666666666666,0,0.1300181713648511,Low Risk
C100541,16,9,294199.2025,32688.80027777778,10.0,1.0,1.0,0.5555555555555556,0,0.12958893306044486,Low Risk
C103725,0,10,203721.1195,20372.11195,9.0,3.0,2.0,0.7,0,0.1293022596312004,Low Risk
C110356,45,10,271871.4795,27187.147950000002,17.0,2.0,2.0,0.4,0,0.129056629376237,Low Risk
C111051,0,10,200925.42750000002,20092.54275,9.0,3.0,0.0,0.7,0,0.1290533249856996,Low Risk
C101754,12,9,270034.71400000004,30003.857111111116,10.0,5.0,2.0,0.4444444444444444,0,0.1286762067346905,Low Risk
C114323,115,10,158188.491,15818.849100000001,10.0,1.0,1.0,0.5,1,0.1284520926220776,Low Risk
C103371,63,9,196981.2145,21886.80161111111,18.0,1.0,3.0,0.5555555555555556,0,0.12843788586744387,Low Risk
C112184,26,10,178802.7635,17880.27635,14.0,5.0,2.0,0.6,0,0.12826534589764058,Low Risk
C101910,80,11,300923.908,27356.71890909091,9.0,3.0,2.0,0.2727272727272727,0,0.12824239508305607,Low Risk
C105068,74,10,210654.488,21065.448800000002,7.0,3.0,3.0,0.6,0,0.12820068436318444,Low Risk
C108675,54,8,242755.2935,30344.4116875,2.0,1.0,3.0,0.5,0,0.12814340531388296,Low Risk
C108486,1,9,135273.029,15030.336555555557,7.0,2.0,1.0,0.5555555555555556,0,0.12801202247178967,Low Risk
C107826,67,8,160295.8335,20036.9791875,16.0,5.0,3.0,0.75,0,0.12767806542456084,Low Risk
C112749,35,14,402336.3135,28738.308107142857,10.0,3.0,4.0,0.5714285714285714,0,0.12764845103934197,Low Risk
C103907,0,12,366400.72,30533.393333333337,9.0,2.0,1.0,0.3333333333333333,0,0.12759198644443961,Low Risk
C112524,54,11,250907.798,22809.79981818182,8.0,3.0,1.0,0.36363636363636365,0,0.12732581117022362,Low Risk
C108928,22,23,546494.911,23760.648304347826,13.0,4.0,7.0,0.4782608695652174,0,0.12708918497892926,Low Risk
C106647,22,14,464261.3005,33161.52146428572,9.0,3.0,2.0,0.42857142857142855,0,0.12696332824899842,Low Risk
C101739,63,9,160935.2225,17881.69138888889,5.0,2.0,1.0,0.7777777777777778,0,0.12635534756918188,Low Risk
C110327,1,9,137441.7385,15271.30427777778,4.0,2.0,1.0,0.5555555555555556,0,0.1259633654864309,Low Risk
C110361,9,10,186923.92,18692.392,6.0,2.0,1.0,0.4,0,0.12596258720467932,Low Risk
C108736,42,9,160763.4575,17862.60638888889,9.0,1.0,4.0,0.4444444444444444,0,0.12526389819726097,Low Risk
C108256,137,9,259168.084,28796.453777777773,6.0,1.0,0.0,0.5555555555555556,1,0.12483940293130427,Low Risk
C111118,1,13,258868.34,19912.94923076923,7.0,3.0,2.0,0.3076923076923077,0,0.12482121225506126,Low Risk
C103579,2,9,210622.543,23402.50477777778,11.0,1.0,2.0,0.7777777777777778,0,0.12472237859334272,Low Risk
C107434,-1,15,221476.258,14765.083866666666,14.0,6.0,3.0,0.6,0,0.12470499720782482,Low Risk
C108991,1,12,217670.2675,18139.188958333332,12.0,1.0,2.0,0.5,0,0.12430675687509112,Low Risk
C111350,50,9,215401.486,23933.498444444445,7.0,3.0,1.0,0.3333333333333333,0,0.12417327910163334,Low Risk
C110809,131,13,276670.5525,21282.35019230769,9.0,1.0,3.0,0.6153846153846154,1,0.12412303923305443,Low Risk
C100312,44,12,191244.2345,15937.019541666667,8.0,1.0,1.0,0.75,0,0.12371695461660995,Low Risk
C112812,85,12,324288.4975,27024.041458333333,11.0,3.0,4.0,0.5,0,0.12356597086783089,Low Risk
C104788,39,9,179017.442,19890.826888888885,11.0,1.0,1.0,0.7777777777777778,0,0.12355928369071989,Low Risk
C102478,21,9,215871.839,23985.75988888889,7.0,3.0,2.0,0.8888888888888888,0,0.12340801049600321,Low Risk
C114932,10,12,155070.7845,12922.565375,8.0,0.0,4.0,0.6666666666666666,0,0.12337070847459813,Low Risk
C109203,32,9,205801.316,22866.81288888889,10.0,1.0,2.0,0.4444444444444444,0,0.12214831997399975,Low Risk
C102002,0,10,185945.87900000002,18594.5879,4.0,2.0,4.0,0.5,0,0.12200318219254097,Low Risk
C101278,10,10,315707.555,31570.7555,11.0,3.0,4.0,0.3,0,0.12194006237903073,Low Risk
C112874,23,11,224811.9515,20437.450136363637,8.0,2.0,1.0,0.6363636363636364,0,0.1216977737038598,Low Risk
C104846,1,10,169157.7795,16915.77795,7.0,4.0,1.0,0.7,0,0.12116165053010507,Low Risk
C103051,-1,10,167381.7695,16738.17695,9.0,0.0,1.0,0.5,0,0.12102090676476315,Low Risk
C107257,59,9,218171.89549999998,24241.32172222222,7.0,2.0,2.0,0.6666666666666666,0,0.12092268983258433,Low Risk
C108097,86,11,286731.086,26066.462363636365,14.0,5.0,4.0,0.45454545454545453,0,0.1208101118409279,Low Risk
C113786,-1,9,183486.1985,20387.35538888889,16.0,3.0,1.0,0.2222222222222222,0,0.12025933357143553,Low Risk
C106353,35,11,177485.372,16135.033818181819,8.0,1.0,1.0,0.6363636363636364,0,0.12013261511210681,Low Risk
C107505,47,10,212769.777,21276.9777,1.0,0.0,1.0,0.5,0,0.11996721166320151,Low Risk
C106976,7,9,221523.50600000002,24613.72288888889,7.0,4.0,2.0,0.6666666666666666,0,0.11980025580097164,Low Risk
C113657,64,12,270534.801,22544.566749999998,8.0,1.0,3.0,0.4166666666666667,0,0.11960418883674606,Low Risk
C105812,41,10,184361.726,18436.172599999998,9.0,4.0,1.0,0.6,0,0.11937185998865109,Low Risk
C105172,84,10,212708.668,21270.8668,10.0,2.0,2.0,0.5,0,0.11937088503342895,Low Risk
C102832,83,10,180165.483,18016.548300000002,11.0,4.0,1.0,0.7,0,0.11928941138084205,Low Risk
C110611,28,10,269340.7185,26934.07185,7.0,1.0,3.0,0.5,0,0.1192323446599619,Low Risk
C109969,3,9,269096.563,29899.618111111107,6.0,0.0,1.0,0.6666666666666666,0,0.11920303094704979,Low Risk
C111842,39,9,162141.309,18015.701,14.0,4.0,1.0,0.6666666666666666,0,0.11897804314469793,Low Risk
C105309,35,9,181912.275,20212.475,7.0,1.0,5.0,0.4444444444444444,0,0.11885647368056709,Low Risk
C112471,19,10,189054.8365,18905.483650000002,11.0,2.0,1.0,0.8,0,0.11865330108256508,Low Risk
C104432,-1,10,207336.6025,20733.660249999997,4.0,0.0,1.0,0.4,0,0.11858588950919756,Low Risk
C103324,82,10,199797.2655,19979.72655,4.0,1.0,2.0,0.5,0,0.11846742991474521,Low Risk
C103453,1,11,195830.673,17802.788454545454,9.0,4.0,1.0,0.45454545454545453,0,0.11841522119516647,Low Risk
C107808,22,10,176238.924,17623.8924,9.0,3.0,1.0,0.6,0,0.11797759293985179,Low Risk
C103877,5,9,263068.289,29229.80988888889,9.0,2.0,2.0,0.5555555555555556,0,0.11796077126330756,Low Risk
C106287,8,13,294977.379,22690.567615384618,8.0,4.0,3.0,0.23076923076923078,0,0.11786482171786412,Low Risk
C114962,55,11,228482.2665,20771.115136363635,9.0,1.0,2.0,0.6363636363636364,0,0.11724071840508751,Low Risk
C109974,21,9,233398.661,25933.184555555556,4.0,1.0,0.0,0.6666666666666666,0,0.11690119514504768,Low Risk
C108702,14,10,151564.128,15156.4128,15.0,3.0,1.0,0.3,0,0.1168784132845126,Low Risk
C106695,183,9,230188.581,25576.509000000002,7.0,1.0,2.0,0.5555555555555556,1,0.1167323265373794,Low Risk
C112456,93,9,261944.2965,29104.921833333334,11.0,2.0,3.0,0.6666666666666666,1,0.11628114328842207,Low Risk
C113046,89,9,267191.713,29687.96811111111,10.0,5.0,2.0,0.8888888888888888,0,0.11613485905461918,Low Risk
C107937,58,9,161177.8275,17908.6475,5.0,2.0,1.0,0.5555555555555556,0,0.11580070429383388,Low Risk
C108857,9,9,228401.4575,25377.93972222222,5.0,0.0,2.0,0.6666666666666666,0,0.1156886952910567,Low Risk
C111698,74,10,154515.184,15451.5184,6.0,1.0,1.0,0.3,0,0.11567722830875252,Low Risk
C102912,18,12,182204.0155,15183.667958333333,2.0,0.0,3.0,0.5833333333333334,0,0.1154987380579628,Low Risk
C111119,-1,10,196100.97149999999,19610.097149999998,19.0,1.0,4.0,0.6,0,0.11542519910616045,Low Risk
C110759,25,9,244042.9015,27115.877944444448,8.0,0.0,1.0,0.4444444444444444,0,0.11542150338655195,Low Risk
C113662,21,15,274804.9355,18320.329033333335,11.0,5.0,4.0,0.5333333333333333,0,0.11535062035501192,Low Risk
C102967,0,12,255148.436,21262.369666666666,8.0,5.0,2.0,0.5,0,0.11511178840663787,Low Risk
C109188,38,9,304450.454,33827.828222222226,10.0,2.0,2.0,0.5555555555555556,0,0.11502596285809961,Low Risk
C110868,-1,14,273426.74199999997,19530.48157142857,10.0,4.0,2.0,0.5714285714285714,0,0.11481332927487116,Low Risk
C101055,14,10,169883.2505,16988.32505,7.0,1.0,1.0,0.6,0,0.11473287479394237,Low Risk
C108552,4,10,175746.7435,17574.67435,5.0,2.0,1.0,0.8,0,0.11464818589731497,Low Risk
C111686,1,11,198726.408,18066.03709090909,8.0,0.0,3.0,0.5454545454545454,0,0.11437570851694702,Low Risk
C111230,5,11,204806.69449999998,18618.790409090907,7.0,1.0,2.0,0.45454545454545453,0,0.11437441182075908,Low Risk
C109060,89,14,497308.74,35522.05285714286,5.0,0.0,4.0,0.5714285714285714,0,0.11386835145959436,Low Risk
C108286,2,13,221375.206,17028.862,6.0,2.0,1.0,0.5384615384615384,0,0.11359787797414367,Low Risk
C109915,20,12,247015.7415,20584.645125,9.0,2.0,2.0,0.5,0,0.11328440943079107,Low Risk
C100891,9,9,277616.8135,30846.31261111111,6.0,2.0,2.0,0.4444444444444444,0,0.1132099247173112,Low Risk
C112941,44,9,232104.7105,25789.412277777777,6.0,2.0,2.0,0.4444444444444444,0,0.11303270829224504,Low Risk
C103205,32,11,200887.13950000002,18262.46722727273,7.0,3.0,4.0,0.45454545454545453,0,0.112817281363746,Low Risk
C112488,32,9,246640.41449999998,27404.4905,6.0,3.0,2.0,0.6666666666666666,0,0.11216378615714183,Low Risk
C111176,15,9,165974.64549999998,18441.627277777778,5.0,3.0,1.0,0.5555555555555556,0,0.11207269658151388,Low Risk
C109768,0,11,160048.5635,14549.869409090908,7.0,1.0,1.0,0.7272727272727273,0,0.11203962815857521,Low Risk
C109223,66,8,157554.1315,19694.2664375,4.0,1.0,4.0,0.5,0,0.11202910021685493,Low Risk
C103462,47,13,418614.495,32201.114999999998,10.0,3.0,1.0,0.46153846153846156,0,0.11185298273633833,Low Risk
C107800,1,14,370343.4585,26453.10417857143,16.0,6.0,3.0,0.5714285714285714,0,0.11165754015459115,Low Risk
C101315,2,10,171804.8005,17180.48005,5.0,0.0,1.0,0.5,0,0.11161677595508729,Low Risk
C114195,-1,11,243398.82400000002,22127.165818181817,7.0,2.0,0.0,0.5454545454545454,0,0.11124753888481934,Low Risk
C106866,-1,11,217790.9765,19799.17968181818,11.0,5.0,1.0,0.45454545454545453,0,0.11119828001229665,Low Risk
C103695,19,9,282620.38649999996,31402.265166666664,7.0,3.0,2.0,0.5555555555555556,0,0.11071867735624621,Low Risk
C102158,75,11,168492.536,15317.503272727272,10.0,1.0,1.0,0.7272727272727273,0,0.11068066582435408,Low Risk
C108044,-1,13,199525.339,15348.103000000001,7.0,0.0,2.0,0.46153846153846156,0,0.11066441482779783,Low Risk
C102387,127,10,226947.5165,22694.75165,6.0,0.0,1.0,0.4,1,0.11038669992408474,Low Risk
C107952,4,13,291937.931,22456.76392307692,11.0,5.0,2.0,0.46153846153846156,0,0.1102389245355156,Low Risk
C114468,14,17,298952.216,17585.424470588237,8.0,2.0,2.0,0.29411764705882354,0,0.11016776234677908,Low Risk
C100862,17,9,181378.426,20153.158444444445,12.0,5.0,1.0,0.5555555555555556,0,0.10997663596338972,Low Risk
C104557,64,9,340165.125,37796.125,6.0,0.0,0.0,0.6666666666666666,0,0.10965136838913882,Low Risk
C107554,17,12,261872.01,21822.6675,11.0,5.0,2.0,0.8333333333333334,0,0.10958181297213448,Low Risk
C101878,12,10,166362.672,16636.2672,4.0,0.0,1.0,0.6,0,0.10956314680367323,Low Risk
C114955,25,9,212631.6495,23625.738833333333,4.0,1.0,2.0,0.3333333333333333,0,0.10946896559114094,Low Risk
C108984,10,14,343122.996,24508.785428571427,7.0,2.0,3.0,0.42857142857142855,0,0.10931343616678585,Low Risk
C102525,30,9,223363.947,24818.21633333333,6.0,1.0,0.0,0.4444444444444444,0,0.10872107020792227,Low Risk
C105447,1,11,258861.343,23532.849363636367,9.0,4.0,1.0,0.2727272727272727,0,0.10861482801573437,Low Risk
C103584,72,9,239954.9965,26661.66627777778,9.0,6.0,1.0,0.4444444444444444,0,0.10816813311791655,Low Risk
C103822,5,9,278443.149,30938.127666666664,4.0,0.0,1.0,0.4444444444444444,0,0.10802801474598779,Low Risk
C111421,11,10,211746.1245,21174.61245,6.0,2.0,2.0,0.7,0,0.10802153557808813,Low Risk
C113965,39,9,258867.4085,28763.045388888888,10.0,6.0,0.0,0.5555555555555556,0,0.10761025897196362,Low Risk
C102569,23,12,235875.6145,19656.301208333334,10.0,1.0,2.0,0.5,0,0.10720597244524152,Low Risk
C108308,59,10,247089.027,24708.9027,5.0,3.0,3.0,0.3,0,0.10694348604050471,Low Risk
C103038,0,10,269417.8345,26941.78345,11.0,3.0,0.0,0.6,0,0.10610374830869879,Low Risk
C112002,5,10,199294.826,19929.4826,6.0,1.0,1.0,0.6,0,0.10582050985634725,Low Risk
C106393,37,11,206123.302,18738.482,14.0,4.0,2.0,0.45454545454545453,0,0.1056268009461026,Low Risk
C103558,18,12,274425.988,22868.832333333336,6.0,2.0,1.0,0.4166666666666667,0,0.10514818897571904,Low Risk
C107771,22,8,212954.064,26619.258,12.0,2.0,4.0,0.625,0,0.1050978612934374,Low Risk
C110716,31,15,217944.66400000002,14529.644266666666,11.0,3.0,2.0,0.6,0,0.10505054182681509,Low Risk
C113733,1,14,206405.4635,14743.247392857142,5.0,0.0,1.0,0.2857142857142857,0,0.10490813270384867,Low Risk
C113051,11,12,210206.003,17517.16691666667,5.0,1.0,1.0,0.3333333333333333,0,0.10450252620526232,Low Risk
C111860,61,9,208582.3935,23175.821500000002,9.0,1.0,2.0,0.5555555555555556,0,0.1043222096605415,Low Risk
C113785,12,16,291193.98949999997,18199.62434375,10.0,4.0,2.0,0.6875,0,0.1042721044437611,Low Risk
C101043,3,11,314601.733,28600.157545454545,11.0,3.0,0.0,0.6363636363636364,0,0.1039720542124431,Low Risk
C106472,27,13,252821.3215,19447.79396153846,14.0,4.0,2.0,0.23076923076923078,0,0.10393113505654145,Low Risk
C111315,17,10,197749.305,19774.9305,8.0,2.0,4.0,0.6,0,0.10370414337833868,Low Risk
C102492,16,10,350740.968,35074.0968,5.0,0.0,1.0,0.6,0,0.10343634822172736,Low Risk
C112845,41,14,281944.229,20138.873499999998,5.0,0.0,5.0,0.42857142857142855,0,0.10339260497692702,Low Risk
C106894,11,10,229536.6815,22953.66815,11.0,2.0,0.0,0.6,0,0.10333444475202967,Low Risk
C105345,81,13,221136.079,17010.467615384616,8.0,3.0,2.0,0.6923076923076923,0,0.10330089810943335,Low Risk
C108890,44,9,209185.5925,23242.84361111111,6.0,1.0,1.0,0.5555555555555556,0,0.1032897871414273,Low Risk
C102635,17,10,292911.6845,29291.168449999997,16.0,2.0,1.0,0.5,0,0.10326905215557063,Low Risk
C104587,59,11,253734.8725,23066.80659090909,6.0,3.0,2.0,0.8181818181818182,0,0.10297728370731506,Low Risk
C100813,0,10,310219.6465,31021.964649999998,7.0,0.0,1.0,0.3,0,0.10289239293043954,Low Risk
C100884,22,11,248096.8745,22554.26131818182,8.0,2.0,3.0,0.45454545454545453,0,0.1027885172024357,Low Risk
C109374,45,14,319140.6785,22795.762749999998,7.0,2.0,0.0,0.42857142857142855,0,0.1027153999442601,Low Risk
C110231,12,11,252009.9965,22909.999681818183,7.0,0.0,0.0,0.6363636363636364,0,0.10268260259640717,Low Risk
C107595,0,13,231527.2085,17809.785269230768,6.0,1.0,3.0,0.6153846153846154,0,0.10259268355256616,Low Risk
C102571,17,11,278311.94,25301.085454545453,7.0,3.0,7.0,0.5454545454545454,0,0.10222927659779307,Low Risk
C107735,50,10,262107.494,26210.7494,11.0,0.0,3.0,0.5,0,0.10214264820567547,Low Risk
C104344,36,10,225111.6645,22511.16645,6.0,2.0,2.0,0.6,0,0.10198161020731554,Low Risk
C109495,16,10,211285.938,21128.5938,3.0,0.0,3.0,0.6,0,0.1018433142284982,Low Risk
C103708,54,12,261113.863,21759.488583333336,9.0,2.0,3.0,0.75,0,0.10140135241617006,Low Risk
C109456,89,13,222483.2775,17114.09826923077,7.0,1.0,1.0,0.5384615384615384,0,0.10133138875619782,Low Risk
C110779,0,15,412699.133,27513.275533333337,9.0,2.0,0.0,0.8,0,0.10113086891688516,Low Risk
C100815,14,11,326254.969,29659.542636363636,8.0,2.0,1.0,0.6363636363636364,0,0.10107617434859714,Low Risk
C100161,22,11,280422.3635,25492.942136363636,8.0,4.0,3.0,0.6363636363636364,0,0.1009089471849161,Low Risk
C109796,51,14,222027.415,15859.101071428571,10.0,3.0,0.0,0.6428571428571429,0,0.1008939987958784,Low Risk
C102990,-1,10,207733.957,20773.3957,5.0,1.0,1.0,0.5,0,0.10013820658401933,Low Risk
C102631,-1,14,285041.376,20360.098285714284,6.0,2.0,0.0,0.42857142857142855,0,0.1000872765392786,Low Risk
C101282,9,9,265690.385,29521.15388888889,10.0,4.0,1.0,0.6666666666666666,0,0.09983595867420768,Low Risk
C108654,39,13,387154.01649999997,29781.078192307694,7.0,3.0,3.0,0.5384615384615384,0,0.09978041011936874,Low Risk
C112245,6,13,228532.91150000002,17579.45473076923,8.0,4.0,5.0,0.6923076923076923,0,0.09904559345661784,Low Risk
C108541,24,15,215775.06699999998,14385.004466666665,6.0,0.0,4.0,0.4,0,0.09877177883627467,Low Risk
C107148,25,10,209492.674,20949.2674,14.0,1.0,2.0,0.7,0,0.09872835741874737,Low Risk
C110184,41,9,249776.15300000002,27752.905888888887,6.0,1.0,2.0,0.5555555555555556,0,0.09862183331414091,Low Risk
C108568,10,10,248801.1915,24880.11915,5.0,1.0,2.0,0.2,0,0.09838800835445355,Low Risk
C111371,6,11,243341.5115,22121.95559090909,10.0,5.0,2.0,0.8181818181818182,0,0.09830178383708757,Low Risk
C102101,16,10,240939.894,24093.9894,5.0,2.0,1.0,0.3,0,0.09813694761737526,Low Risk
C105861,95,14,298537.5885,21324.113464285714,10.0,6.0,2.0,0.5714285714285714,1,0.09811500475948623,Low Risk
C102424,13,8,202438.5135,25304.8141875,16.0,6.0,4.0,0.625,0,0.09802576574178476,Low Risk
C110848,1,11,223745.33550000002,20340.48504545455,9.0,3.0,1.0,0.7272727272727273,0,0.0977647575599931,Low Risk
C109724,3,11,213562.7065,19414.7915,8.0,1.0,3.0,0.5454545454545454,0,0.09767414203485149,Low Risk
C101457,72,10,248182.7245,24818.272449999997,8.0,1.0,1.0,0.4,0,0.09713246454490249,Low Risk
C106806,0,11,308790.142,28071.83109090909,7.0,1.0,1.0,0.7272727272727273,0,0.0969356259839857,Low Risk
C108503,14,9,239092.57450000002,26565.84161111111,5.0,1.0,1.0,0.6666666666666666,0,0.09675640103053147,Low Risk
C113687,55,11,240889.2145,21899.0195,9.0,1.0,3.0,0.5454545454545454,0,0.09669008831484341,Low Risk
C114123,22,12,236536.849,19711.40408333333,7.0,1.0,2.0,0.5833333333333334,0,0.09658179173857397,Low Risk
C104174,11,10,258604.511,25860.4511,8.0,4.0,0.0,0.5,0,0.09644622501775472,Low Risk
C109655,1,11,216560.8485,19687.349863636362,13.0,3.0,5.0,0.45454545454545453,0,0.09628843949496645,Low Risk
C107964,29,11,210081.196,19098.290545454543,8.0,2.0,5.0,0.5454545454545454,0,0.09626014023452126,Low Risk
C103792,35,11,359794.05449999997,32708.550409090905,4.0,0.0,2.0,0.5454545454545454,0,0.09623243519701782,Low Risk
C114914,-1,14,216555.2025,15468.22875,8.0,2.0,2.0,0.7142857142857143,0,0.0960849460309906,Low Risk
C108825,-1,9,221715.96,24635.106666666667,6.0,1.0,1.0,0.6666666666666666,0,0.0960329093073699,Low Risk
C114157,11,12,262979.396,21914.949666666667,11.0,3.0,2.0,0.6666666666666666,0,0.0959593499318427,Low Risk
C111629,-1,11,224144.823,20376.80209090909,13.0,5.0,2.0,0.8181818181818182,0,0.09578964921078408,Low Risk
C101013,4,11,284131.0505,25830.0955,9.0,3.0,5.0,0.5454545454545454,0,0.09578285155346793,Low Risk
C110271,30,11,250476.114,22770.55581818182,11.0,3.0,3.0,0.5454545454545454,0,0.09545293924297034,Low Risk
C104120,4,14,257196.6725,18371.190892857143,9.0,2.0,2.0,0.7142857142857143,0,0.0950922747759114,Low Risk
C102432,2,11,341001.46749999997,31000.13340909091,3.0,1.0,4.0,0.5454545454545454,0,0.09506888310672766,Low Risk
C108831,55,9,226944.3795,25216.042166666666,8.0,2.0,3.0,0.5555555555555556,0,0.0950384345871062,Low Risk
C113098,16,13,377134.653,29010.35792307692,7.0,1.0,1.0,0.46153846153846156,0,0.09485669663610657,Low Risk
C108658,44,14,228181.748,16298.696285714284,13.0,4.0,0.0,0.7142857142857143,0,0.09477443754799081,Low Risk
C105329,10,11,223342.323,20303.847545454544,6.0,1.0,1.0,0.45454545454545453,0,0.09463495003406835,Low Risk
C112939,4,14,332008.9975,23714.928392857142,10.0,1.0,1.0,0.35714285714285715,0,0.09452483188340453,Low Risk
C101850,23,19,352258.3395,18539.91260526316,4.0,2.0,4.0,0.42105263157894735,0,0.09449719245419091,Low Risk
C114042,10,12,256393.01,21366.084166666667,22.0,4.0,2.0,0.9166666666666666,0,0.09428666858117082,Low Risk
C113081,88,15,321010.4275,21400.695166666665,12.0,4.0,3.0,0.7333333333333333,0,0.09408348596981815,Low Risk
C109610,2,13,392246.276,30172.79046153846,8.0,4.0,1.0,0.5384615384615384,0,0.09392612602757074,Low Risk
C100044,29,12,232976.0345,19414.669541666666,9.0,3.0,1.0,0.5833333333333334,0,0.09367596574909864,Low Risk
C108598,-1,12,273039.60349999997,22753.300291666663,6.0,1.0,4.0,0.4166666666666667,0,0.09367496259132628,Low Risk
C110380,88,11,285249.5405,25931.776409090908,7.0,2.0,2.0,0.6363636363636364,0,0.09367174002474651,Low Risk
C100462,24,12,246333.6685,20527.805708333333,7.0,0.0,1.0,0.4166666666666667,0,0.09361101336711751,Low Risk
C108352,34,13,268573.0255,20659.463499999998,12.0,6.0,3.0,0.6153846153846154,0,0.0935707687371898,Low Risk
C100943,39,11,272943.59,24813.05363636364,11.0,2.0,2.0,0.45454545454545453,0,0.09354256606234601,Low Risk
C101593,1,15,369383.8705,24625.591366666664,15.0,5.0,3.0,0.6,0,0.09336607352536981,Low Risk
C106492,81,13,281439.8415,21649.218576923075,12.0,5.0,3.0,0.5384615384615384,0,0.09295474230884038,Low Risk
C104947,5,19,312817.4495,16464.076289473684,6.0,4.0,4.0,0.5789473684210527,0,0.09263876464016998,Low Risk
C103388,0,10,260900.051,26090.0051,7.0,2.0,0.0,0.7,0,0.09260045861992436,Low Risk
C112249,0,13,282729.6925,21748.437884615385,11.0,4.0,2.0,0.6153846153846154,0,0.09229543461739009,Low Risk
C114855,8,11,250303.3295,22754.848136363635,8.0,2.0,1.0,0.7272727272727273,0,0.09188700792508957,Low Risk
C103998,50,12,277929.0665,23160.755541666662,10.0,5.0,1.0,0.5,0,0.09178890894184777,Low Risk
C110761,20,12,298976.8535,24914.73779166667,11.0,4.0,2.0,0.6666666666666666,0,0.09163291810142646,Low Risk
C105095,1,13,362489.2255,27883.786576923078,8.0,5.0,2.0,0.6153846153846154,0,0.09143927278391056,Low Risk
C104336,22,14,253177.742,18084.124428571427,11.0,7.0,2.0,0.7142857142857143,0,0.0914384322020034,Low Risk
C107538,15,10,245526.21899999998,24552.6219,7.0,1.0,3.0,0.2,0,0.09133397459576767,Low Risk
C108351,9,15,246482.98150000002,16432.19876666667,10.0,2.0,3.0,0.6666666666666666,0,0.09129061612022162,Low Risk
C107747,56,14,332098.167,23721.297642857146,7.0,4.0,3.0,0.7142857142857143,0,0.09100643966096611,Low Risk
C106470,0,12,277942.1105,23161.84254166667,8.0,1.0,1.0,0.3333333333333333,0,0.09088650015995155,Low Risk
C112608,89,12,266390.452,22199.20433333333,5.0,3.0,0.0,0.5833333333333334,0,0.09072661834546868,Low Risk
C102712,20,14,250483.432,17891.673714285713,11.0,2.0,0.0,0.5714285714285714,0,0.09055031396648673,Low Risk
C103068,18,12,272158.2295,22679.852458333335,7.0,1.0,4.0,0.25,0,0.09050176524186435,Low Risk
C110202,25,13,411089.4965,31622.268961538462,9.0,4.0,4.0,0.5384615384615384,0,0.09038922866303765,Low Risk
C110653,16,11,345221.299,31383.754454545455,7.0,0.0,3.0,0.6363636363636364,0,0.09013332572353513,Low Risk
C106785,62,12,271867.7985,22655.649875,5.0,1.0,0.0,0.5,0,0.09000989637925816,Low Risk
C114863,1,14,278704.321,19907.4515,6.0,0.0,3.0,0.42857142857142855,0,0.08994493080246176,Low Risk
C103483,-1,11,244131.9265,22193.8115,13.0,3.0,0.0,0.45454545454545453,0,0.08988954670317068,Low Risk
C112755,14,9,220161.1955,24462.355055555556,10.0,2.0,3.0,0.5555555555555556,0,0.08976355683055073,Low Risk
C100011,23,13,272310.2745,20946.944192307692,5.0,3.0,3.0,0.5384615384615384,0,0.08963372806281188,Low Risk
C111499,68,18,315581.3885,17532.299361111112,14.0,5.0,2.0,0.5555555555555556,0,0.08950243432789476,Low Risk
C109422,240,12,231454.111,19287.842583333335,5.0,1.0,1.0,0.75,1,0.0894495624135845,Low Risk
C109656,5,10,236540.3605,23654.036050000002,9.0,5.0,1.0,0.5,0,0.08929481020467067,Low Risk
C109744,-1,14,339940.1115,24281.436535714285,12.0,3.0,2.0,0.5,0,0.08925611882981908,Low Risk
C105751,18,11,271462.1585,24678.37804545455,8.0,3.0,1.0,0.6363636363636364,0,0.08922854451510527,Low Risk
C100873,39,12,327421.5395,27285.128291666668,4.0,2.0,1.0,0.6666666666666666,0,0.08921907806292309,Low Risk
C107651,9,9,225152.8325,25016.98138888889,5.0,1.0,1.0,0.5555555555555556,0,0.08921625359282027,Low Risk
C106051,67,14,378414.8265,27029.630464285718,9.0,1.0,2.0,0.8571428571428571,0,0.08897986435442518,Low Risk
C108961,17,19,484125.648,25480.297263157892,13.0,5.0,4.0,0.47368421052631576,0,0.08832900021079543,Low Risk
C111631,55,9,231500.014,25722.22377777778,13.0,5.0,1.0,0.4444444444444444,0,0.08805343705690742,Low Risk
C109387,8,12,307583.5565,25631.963041666666,9.0,1.0,2.0,0.5,0,0.08800505949215148,Low Risk
C110566,17,11,330575.305,30052.300454545453,13.0,2.0,2.0,0.6363636363636364,0,0.0877130990812486,Low Risk
C101362,8,13,231459.2805,17804.56003846154,9.0,2.0,1.0,0.6923076923076923,0,0.08762434835454984,Low Risk
C100202,59,11,230141.24349999998,20921.93122727273,4.0,2.0,4.0,0.6363636363636364,0,0.08754229896021078,Low Risk
C108895,70,10,227295.3595,22729.53595,13.0,5.0,1.0,0.6,0,0.08746629139657575,Low Risk
C104084,-1,11,294472.26800000004,26770.20618181818,8.0,5.0,1.0,0.45454545454545453,0,0.08738964216547314,Low Risk
C101331,11,11,216025.0765,19638.643318181817,10.0,1.0,4.0,0.7272727272727273,0,0.08730046703801202,Low Risk
C104200,11,10,251114.234,25111.4234,10.0,1.0,4.0,0.3,0,0.08687134563919897,Low Risk
C101586,22,9,240204.23200000002,26689.359111111113,6.0,1.0,1.0,0.6666666666666666,0,0.0866887550823573,Low Risk
C112110,32,14,272025.368,19430.38342857143,11.0,2.0,0.0,0.7142857142857143,0,0.08597567537314449,Low Risk
C108676,3,17,295588.7065,17387.570970588233,7.0,3.0,3.0,0.47058823529411764,0,0.08564032223170948,Low Risk
C111815,26,11,252930.1045,22993.645863636364,6.0,4.0,4.0,0.5454545454545454,0,0.0854678248607891,Low Risk
C111433,14,9,227904.298,25322.699777777776,14.0,3.0,1.0,0.4444444444444444,0,0.08536546909966392,Low Risk
C110910,-1,11,257907.5985,23446.145318181818,7.0,3.0,4.0,0.5454545454545454,0,0.08535308329801806,Low Risk
C110273,-1,13,253002.2735,19461.713346153847,6.0,2.0,0.0,0.7692307692307693,0,0.0848744906956734,Low Risk
C110235,3,12,268150.9375,22345.911458333332,6.0,2.0,4.0,0.5,0,0.08485623555557505,Low Risk
C108018,0,17,307899.7055,18111.74738235294,9.0,3.0,5.0,0.8235294117647058,0,0.08458303245294446,Low Risk
C109011,13,15,412301.571,27486.7714,6.0,3.0,2.0,0.4666666666666667,0,0.08438938456303507,Low Risk
C100727,27,13,263540.9395,20272.37996153846,10.0,3.0,1.0,0.6153846153846154,0,0.08434619735779796,Low Risk
C103622,23,13,215183.4655,16552.57426923077,6.0,0.0,4.0,0.5384615384615384,0,0.08394475975514833,Low Risk
C111627,58,12,210931.79,17577.649166666666,4.0,0.0,1.0,0.5833333333333334,0,0.08376349876740763,Low Risk
C109468,53,11,275849.8295,25077.257227272727,11.0,4.0,1.0,0.5454545454545454,0,0.08351718832828382,Low Risk
C112406,0,11,255041.866,23185.624181818184,6.0,1.0,1.0,0.6363636363636364,0,0.08351657605678323,Low Risk
C102410,-1,17,249166.1855,14656.83444117647,8.0,2.0,2.0,0.5882352941176471,0,0.0833158103549607,Low Risk
C100791,-1,10,239557.442,23955.744199999997,12.0,3.0,1.0,0.6,0,0.08331269514682617,Low Risk
C109298,-1,9,238332.5045,26481.389388888885,14.0,3.0,2.0,0.7777777777777778,0,0.08329021797697894,Low Risk
C104664,36,14,315571.70399999997,22540.836,11.0,5.0,3.0,0.7857142857142857,0,0.08322222402822525,Low Risk
C108781,38,14,277855.1845,19846.79889285714,8.0,2.0,1.0,0.6428571428571429,0,0.0830852409019224,Low Risk
C112176,4,13,332411.664,25570.128,13.0,3.0,4.0,0.46153846153846156,0,0.08297359634378655,Low Risk
C100570,1,13,221438.2055,17033.708115384616,8.0,2.0,4.0,0.6923076923076923,0,0.08292211836257399,Low Risk
C106338,80,14,321650.3175,22975.02267857143,9.0,4.0,0.0,0.5714285714285714,0,0.08255211311437448,Low Risk
C114352,61,10,239371.589,23937.158900000002,13.0,4.0,4.0,0.6,0,0.08239994851934819,Low Risk
C108557,25,14,312775.091,22341.07792857143,12.0,6.0,1.0,0.5714285714285714,0,0.08235610116946775,Low Risk
C104774,2,9,215464.874,23940.541555555556,5.0,2.0,4.0,0.4444444444444444,0,0.08232383194549833,Low Risk
C103036,2,14,265697.0545,18978.361035714286,8.0,0.0,2.0,0.7857142857142857,0,0.08204744679878216,Low Risk
C103766,6,11,220559.134,20050.830363636363,5.0,0.0,3.0,0.45454545454545453,0,0.08204289428706506,Low Risk
C102951,1,10,268228.763,26822.876300000004,10.0,1.0,1.0,0.6,0,0.08177009547417827,Low Risk
C104844,3,15,261485.761,17432.384066666666,9.0,1.0,1.0,0.4666666666666667,0,0.08174206771233386,Low Risk
C100167,2,12,239970.891,19997.57425,5.0,0.0,2.0,0.75,0,0.08057627792122644,Low Risk
C102747,6,9,209644.4565,23293.8285,15.0,1.0,1.0,0.4444444444444444,0,0.0798982602091653,Low Risk
C104457,47,18,374556.5045,20808.694694444446,7.0,2.0,2.0,0.6111111111111112,0,0.07987221615783571,Low Risk
C103094,-1,12,247490.16950000002,20624.180791666666,8.0,3.0,5.0,0.8333333333333334,0,0.0796944772289788,Low Risk
C106033,17,10,239817.0725,23981.70725,5.0,3.0,1.0,0.6,0,0.07915455118848776,Low Risk
C103108,5,11,278449.99350000004,25313.63577272727,9.0,3.0,5.0,0.8181818181818182,0,0.07911004666803621,Low Risk
C105231,10,12,264248.661,22020.721749999997,6.0,0.0,3.0,0.25,0,0.07890153542710743,Low Risk
C106168,12,11,272227.27,24747.93363636364,5.0,2.0,1.0,0.5454545454545454,0,0.07881995108537306,Low Risk
C102576,6,12,285613.747,23801.145583333335,8.0,4.0,4.0,0.6666666666666666,0,0.0786894456851252,Low Risk
C106487,10,11,264769.68,24069.97090909091,11.0,4.0,1.0,0.6363636363636364,0,0.07855833570864769,Low Risk
C110122,88,14,222355.7025,15882.55017857143,8.0,1.0,1.0,0.7142857142857143,0,0.0785093522284242,Low Risk
C113153,42,12,337097.61699999997,28091.468083333337,9.0,1.0,1.0,0.5833333333333334,0,0.07832321066480671,Low Risk
C114769,46,11,237284.29,21571.29909090909,15.0,7.0,7.0,0.6363636363636364,0,0.07804747391829676,Low Risk
C107814,6,9,241370.1845,26818.90938888889,9.0,4.0,4.0,0.7777777777777778,0,0.0777797731838659,Low Risk
C109953,55,13,259035.2035,19925.784884615387,12.0,2.0,3.0,0.7692307692307693,0,0.07761520244861211,Low Risk
C111362,10,21,503797.799,23990.37138095238,15.0,4.0,4.0,0.47619047619047616,0,0.07737359979622455,Low Risk
C104604,59,15,336246.6335,22416.44223333333,8.0,2.0,0.0,0.8,0,0.07733338632217011,Low Risk
C108293,46,10,261704.48450000002,26170.448450000004,13.0,2.0,2.0,0.7,0,0.07725014926068512,Low Risk
C109226,0,11,270221.434,24565.58490909091,6.0,0.0,2.0,0.5454545454545454,0,0.07682460269205743,Low Risk
C103671,19,12,292707.9925,24392.33270833333,6.0,2.0,1.0,0.6666666666666666,0,0.07650767854646942,Low Risk
C104532,74,11,289184.072,26289.461090909088,12.0,1.0,1.0,0.7272727272727273,0,0.0761391232979313,Low Risk
C107725,10,10,246678.4085,24667.84085,10.0,1.0,2.0,0.7,0,0.07596087972580597,Low Risk
C107938,-1,14,314781.3715,22484.38367857143,10.0,2.0,3.0,0.7857142857142857,0,0.07578035189102122,Low Risk
C108438,44,17,407617.7025,23977.51191176471,14.0,3.0,1.0,0.4117647058823529,0,0.0755998308466293,Low Risk
C101386,11,16,422731.7545,26420.73465625,8.0,1.0,3.0,0.75,0,0.07546305011715002,Low Risk
C103209,39,9,247298.44950000002,27477.6055,14.0,7.0,3.0,0.7777777777777778,0,0.07484843730030613,Low Risk
C101359,22,16,502444.3085,31402.76928125,4.0,2.0,2.0,0.4375,0,0.07480807108948158,Low Risk
C111693,-1,15,328014.12299999996,21867.608200000002,9.0,1.0,1.0,0.4666666666666667,0,0.07457031426374805,Low Risk
C100029,28,13,356861.9535,27450.9195,6.0,1.0,1.0,0.6153846153846154,0,0.07421018195232057,Low Risk
C101516,2,12,269340.917,22445.076416666667,3.0,0.0,2.0,0.5,0,0.07374977555391242,Low Risk
C106705,14,11,243682.88,22152.98909090909,16.0,4.0,0.0,0.5454545454545454,0,0.07321182948591408,Low Risk
C108013,24,13,343071.81,26390.13923076923,13.0,6.0,3.0,0.6153846153846154,0,0.07313943515574885,Low Risk
C105690,85,12,294042.553,24503.546083333335,10.0,1.0,3.0,0.6666666666666666,0,0.07311954068444332,Low Risk
C103821,11,12,303753.581,25312.79841666667,10.0,3.0,1.0,0.6666666666666666,0,0.07298400097898709,Low Risk
C113590,25,15,273106.297,18207.086466666668,4.0,1.0,1.0,0.6666666666666666,0,0.07286593456814554,Low Risk
C100170,54,10,248932.773,24893.277299999998,13.0,1.0,0.0,0.6,0,0.07261498186249721,Low Risk
C101347,47,19,520080.5755,27372.661868421055,8.0,1.0,3.0,0.5263157894736842,0,0.07221582713593452,Low Risk
C110479,1,16,383995.94,23999.74625,5.0,4.0,2.0,0.5625,0,0.07214319913046432,Low Risk
C112655,20,12,314473.3875,26206.115625000002,13.0,3.0,1.0,0.5833333333333334,0,0.07176932376183248,Low Risk
C104634,12,18,400857.10099999997,22269.838944444447,7.0,2.0,7.0,0.5555555555555556,0,0.07156068904860417,Low Risk
C107627,142,17,388734.197,22866.717470588235,9.0,4.0,5.0,0.7058823529411765,1,0.07138221787758973,Low Risk
C101945,-1,14,296355.7635,21168.26882142857,7.0,2.0,5.0,0.7857142857142857,0,0.07136104456068988,Low Risk
C111850,7,16,226697.99349999998,14168.624593749999,8.0,1.0,4.0,0.625,0,0.07072711104412012,Low Risk
C101659,60,17,449408.87,26435.81588235294,10.0,1.0,1.0,0.5294117647058824,0,0.07004594752234108,Low Risk
C110551,3,13,332244.723,25557.286384615385,8.0,2.0,4.0,0.6153846153846154,0,0.06975588913740723,Low Risk
C102431,37,13,333734.665,25671.897307692307,8.0,3.0,4.0,0.7692307692307693,0,0.06959265235667511,Low Risk
C113002,29,17,348363.568,20491.974588235295,10.0,3.0,6.0,0.47058823529411764,0,0.06944084860242121,Low Risk
C104719,1,11,281592.0745,25599.2795,4.0,0.0,3.0,0.45454545454545453,0,0.0690672801643875,Low Risk
C108799,74,13,303405.5435,23338.887961538458,6.0,1.0,3.0,0.5384615384615384,0,0.06801589268704901,Low Risk
C103933,2,11,284673.7725,25879.433863636365,5.0,0.0,1.0,0.45454545454545453,0,0.067436294169138,Low Risk
C112451,7,13,318575.469,24505.805307692306,6.0,2.0,3.0,0.5384615384615384,0,0.0672617809857317,Low Risk
C107322,79,12,316063.211,26338.600916666666,5.0,1.0,2.0,0.5833333333333334,0,0.06545406499973402,Low Risk
C106673,137,16,314244.879,19640.3049375,13.0,2.0,1.0,0.625,1,0.06544747369169623,Low Risk
C110013,7,18,355960.4945,19775.583027777775,6.0,0.0,1.0,0.8333333333333334,0,0.06402786477688374,Low Risk
C113079,22,16,355098.2335,22193.63959375,7.0,2.0,5.0,0.5625,0,0.06374824750004447,Low Risk
C106113,1,16,428481.284,26780.08025,4.0,3.0,3.0,0.5,0,0.06328306344650843,Low Risk
C105209,2,18,364495.423,20249.745722222222,5.0,3.0,5.0,0.4444444444444444,0,0.06325553191102999,Low Risk
C111965,10,17,369549.889,21738.22876470588,10.0,7.0,7.0,0.6470588235294118,0,0.06304990756957736,Low Risk
C107840,3,16,309320.089,19332.5055625,6.0,1.0,0.0,0.625,0,0.06290188633869186,Low Risk
C107071,9,13,319503.585,24577.19884615385,5.0,2.0,1.0,0.6153846153846154,0,0.06255512656752894,Low Risk
C102157,66,18,395804.283,21989.126833333332,11.0,5.0,4.0,0.6111111111111112,0,0.062226523642485446,Low Risk
C108281,10,16,379981.7485,23748.85928125,6.0,2.0,1.0,0.5625,0,0.06205747155310668,Low Risk
C106634,5,16,398130.998,24883.187375,10.0,0.0,2.0,0.5,0,0.06162589597039358,Low Risk
C113984,13,13,319608.9625,24585.304807692308,3.0,1.0,4.0,0.6923076923076923,0,0.06156092706948439,Low Risk
C112236,34,18,328115.9845,18228.665805555556,17.0,3.0,1.0,0.6666666666666666,0,0.06141782724430306,Low Risk
C102570,2,24,464705.218,19362.717416666666,10.0,2.0,4.0,0.625,0,0.06134385018746296,Low Risk
C102872,7,13,342351.49299999996,26334.730230769233,14.0,4.0,1.0,0.6153846153846154,0,0.060348510256802886,Low Risk
C104772,4,15,294234.028,19615.601866666668,5.0,1.0,1.0,0.7333333333333333,0,0.05955395364016294,Low Risk
C101164,13,17,349171.381,20539.493,8.0,3.0,1.0,0.5882352941176471,0,0.05929822137239258,Low Risk
C100931,14,17,257879.342,15169.37305882353,7.0,2.0,4.0,0.7647058823529411,0,0.0586013050183586,Low Risk
C106585,68,16,388087.624,24255.4765,10.0,4.0,5.0,0.8125,0,0.05858489856542809,Low Risk
C112389,11,16,335514.5655,20969.66034375,9.0,2.0,4.0,0.5625,0,0.05855067360950192,Low Risk
C103564,11,15,379665.4575,25311.0305,4.0,1.0,1.0,0.5333333333333333,0,0.05596062929084408,Low Risk
C112707,7,16,329139.6705,20571.22940625,7.0,1.0,1.0,0.5625,0,0.05573161625773123,Low Risk
C111282,2,26,528453.504,20325.134769230768,2.0,2.0,4.0,0.5769230769230769,0,0.055242023917612196,Low Risk
C102984,66,14,354990.1175,25356.436964285713,3.0,0.0,2.0,0.5,0,0.05443200020138974,Low Risk
C106591,22,13,328212.0515,25247.080884615385,7.0,1.0,4.0,0.6923076923076923,0,0.05332716750082744,Low Risk
C111635,6,16,396146.403,24759.1501875,10.0,2.0,5.0,0.6875,0,0.05282711678291679,Low Risk
C106204,60,15,335371.3785,22358.0919,4.0,1.0,1.0,0.6,0,0.05160551345916836,Low Risk
C110086,5,18,364061.0795,20225.615527777776,5.0,2.0,1.0,0.7222222222222222,0,0.05108336803365573,Low Risk
C103636,50,18,370432.9755,20579.60975,5.0,0.0,1.0,0.6111111111111112,0,0.04674992050064367,Low Risk
