customer_id,recency_days,frequency,monetary,r_score,f_score,m_score,rfm_total_score,rfm_segment
C100000,255,3,63278.090000000004,2,3,4,9,At Risk
C100002,441,2,60762.6125,1,2,3,6,Hibernating
C100005,207,1,16546.36,2,1,1,4,Lost
C100006,211,2,51078.005000000005,2,2,3,7,Hibernating
C100007,22,2,43114.613,4,2,3,9,New Customers
C100010,201,2,24133.83,2,2,2,6,Lost
C100011,23,13,272310.2745,4,5,5,14,Champions
C100013,22,4,105310.6415,4,4,4,12,Champions
C100014,220,2,40911.79,2,2,3,7,Hibernating
C100015,4,3,86421.609,5,3,4,12,Loyal Customers
C100016,22,7,134172.536,4,5,5,14,Champions
C100017,82,2,24910.2,3,2,2,7,Hibernating
C100018,149,1,24399.05,2,1,2,5,Lost
C100019,393,3,55448.167,1,3,3,7,At Risk
C100020,65,9,199134.932,3,5,5,13,Loyal Customers
C100022,8,2,35068.215500000006,5,2,2,9,New Customers
C100023,272,4,101879.545,2,4,4,10,Cannot Lose Them
C100024,329,1,65102.04,1,1,4,6,Hibernating
C100025,162,2,41245.1,2,2,3,7,Hibernating
C100026,55,4,60844.7555,4,4,3,11,Loyal Customers
C100027,48,1,10601.704,4,1,1,6,New Customers
C100028,544,2,30826.941000000006,1,2,2,5,Lost
C100029,28,13,356861.9535,4,5,5,14,Champions
C100030,6,2,51959.018000000004,5,2,3,10,New Customers
C100031,29,5,49808.401,4,4,3,11,Loyal Customers
C100032,5,2,39532.958,5,2,3,10,New Customers
C100033,311,1,24156.624,1,1,2,4,Lost
C100034,63,5,73540.24100000001,3,4,4,11,Loyal Customers
C100035,255,1,11766.9325,2,1,1,4,Lost
C100036,108,6,143635.335,3,5,5,13,Loyal Customers
C100037,561,2,38502.72,1,2,3,6,Hibernating
C100038,232,2,57226.1855,2,2,3,7,Hibernating
C100040,382,2,59652.902,1,2,3,6,Hibernating
C100041,12,2,66021.92,5,2,4,11,New Customers
C100042,200,3,27546.481,2,3,2,7,At Risk
C100043,205,10,201989.61,2,5,5,12,Cannot Lose Them
C100044,29,12,232976.0345,4,5,5,14,Champions
C100045,88,1,8290.83,3,1,1,5,Hibernating
C100046,156,1,108.14,2,1,1,4,Lost
C100048,49,6,156896.732,4,5,5,14,Champions
C100049,100,4,107620.03349999999,3,4,5,12,Loyal Customers
C100050,124,3,44920.729,3,3,3,9,Loyal Customers
C100053,207,1,3597.11,2,1,1,4,Lost
C100054,504,1,33866.455,1,1,2,4,Lost
C100055,49,1,25361.586,4,1,2,7,New Customers
C100056,159,7,222132.52899999998,2,5,5,12,Cannot Lose Them
C100057,66,5,160991.34649999999,3,4,5,12,Loyal Customers
C100058,332,2,40553.04,1,2,3,6,Hibernating
C100059,276,3,50089.133,2,3,3,8,At Risk
C100060,0,3,57505.7,5,3,3,11,Loyal Customers
C100062,404,1,9634.2825,1,1,1,3,Lost
C100063,275,3,53423.885500000004,2,3,3,8,At Risk
C100064,304,2,16460.1165,1,2,1,4,Lost
C100066,186,1,33714.706,2,1,2,5,Lost
C100068,550,1,20765.07,1,1,2,4,Lost
C100070,51,1,7584.36,4,1,1,6,New Customers
C100071,339,1,2189.65,1,1,1,3,Lost
C100072,5,2,67555.465,5,2,4,11,New Customers
C100078,30,3,47944.074,4,3,3,10,Loyal Customers
C100080,329,4,68199.84550000001,1,4,4,9,Cannot Lose Them
C100083,0,2,32527.716,5,2,2,9,New Customers
C100084,267,4,152403.25,2,4,5,11,Cannot Lose Them
C100085,17,1,11706.33,5,1,1,7,New Customers
C100087,83,3,87272.25600000001,3,3,4,10,Loyal Customers
C100089,11,8,281126.0375,5,5,5,15,Champions
C100091,7,5,174823.972,5,4,5,14,Champions
C100092,172,2,45587.06,2,2,3,7,Hibernating
C100093,428,2,86876.326,1,2,4,7,Hibernating
C100095,588,1,7212.7429999999995,1,1,1,3,Lost
C100096,86,5,93114.6095,3,4,4,11,Loyal Customers
C100097,14,8,108154.351,5,5,5,15,Champions
C100100,331,1,39796.4,1,1,3,5,Hibernating
C100101,0,1,25531.152000000002,5,1,2,8,New Customers
C100102,367,1,5514.32,1,1,1,3,Lost
C100104,283,2,62281.29000000001,2,2,3,7,Hibernating
C100105,50,4,40271.0895,4,4,3,11,Loyal Customers
C100108,728,1,4815.063,1,1,1,3,Lost
C100110,118,4,106343.519,3,4,4,11,Loyal Customers
C100113,48,3,39662.498,4,3,3,10,Loyal Customers
C100118,84,5,69490.245,3,4,4,11,Loyal Customers
C100119,391,1,8109.252,1,1,1,3,Lost
C100120,13,5,164924.81,5,4,5,14,Champions
C100121,117,2,53174.2745,3,2,3,8,Potential Loyalists
C100122,145,3,35603.043999999994,2,3,2,7,At Risk
C100123,78,2,48284.130000000005,3,2,3,8,Potential Loyalists
C100124,46,1,15828.425,4,1,1,6,New Customers
C100125,30,2,38765.335999999996,4,2,3,9,New Customers
C100128,623,5,109381.398,1,4,5,10,Cannot Lose Them
C100129,104,3,27398.426499999998,3,3,2,8,Loyal Customers
C100130,223,1,22530.12,2,1,2,5,Lost
C100131,16,4,82311.24849999999,5,4,4,13,Champions
C100132,439,2,58558.62500000001,1,2,3,6,Hibernating
C100135,963,1,43627.113000000005,1,1,3,5,Hibernating
C100136,17,2,37132.92,5,2,2,9,New Customers
C100137,6,1,14792.93,5,1,1,7,New Customers
C100138,729,1,18828.86,1,1,2,4,Lost
C100139,219,5,126673.931,2,4,5,11,Cannot Lose Them
C100140,670,2,1955.913,1,2,1,4,Lost
C100141,515,2,64008.555,1,2,4,7,Hibernating
C100142,22,3,68032.314,4,3,4,11,Loyal Customers
C100144,64,5,177611.899,3,4,5,12,Loyal Customers
C100145,98,8,140017.429,3,5,5,13,Loyal Customers
C100146,5,5,52282.342,5,4,3,12,Loyal Customers
C100148,194,2,46226.8885,2,2,3,7,Hibernating
C100149,241,2,13379.536,2,2,1,5,Lost
C100152,30,6,82298.58799999999,4,5,4,13,Champions
C100155,546,2,71012.29800000001,1,2,4,7,Hibernating
C100157,134,5,67651.518,3,4,4,11,Loyal Customers
C100158,484,1,19103.3505,1,1,2,4,Lost
C100161,22,11,280422.3635,4,5,5,14,Champions
C100165,344,3,28738.781,1,3,2,6,At Risk
C100166,646,1,18797.76,1,1,2,4,Lost
C100167,2,12,239970.891,5,5,5,15,Champions
C100168,26,8,195109.903,4,5,5,14,Champions
C100169,52,5,49615.443999999996,4,4,3,11,Loyal Customers
C100170,54,10,248932.773,4,5,5,14,Champions
C100171,73,1,33126.633,3,1,2,6,Hibernating
C100173,158,1,13420.8115,2,1,1,4,Lost
C100175,100,6,113405.6895,3,5,5,13,Loyal Customers
C100177,12,7,80875.267,5,5,4,14,Champions
C100178,22,3,66162.89300000001,4,3,4,11,Loyal Customers
C100180,40,1,13567.895499999999,4,1,1,6,New Customers
C100183,134,3,100958.95,3,3,4,10,Loyal Customers
C100184,315,1,22316.392,1,1,2,4,Lost
C100186,26,5,131854.902,4,4,5,13,Champions
C100187,832,2,11166.674,1,2,1,4,Lost
C100188,35,1,4155.8225,4,1,1,6,New Customers
C100189,87,6,108319.539,3,5,5,13,Loyal Customers
C100190,133,3,83083.641,3,3,4,10,Loyal Customers
C100191,50,2,43377.642,4,2,3,9,New Customers
C100192,26,5,110968.5065,4,4,5,13,Champions
C100193,15,8,140590.265,5,5,5,15,Champions
C100194,3,5,57775.214,5,4,3,12,Loyal Customers
C100196,208,2,71390.2005,2,2,4,8,Hibernating
C100198,20,5,114315.3385,5,4,5,14,Champions
C100200,410,1,17130.0,1,1,1,3,Lost
C100201,286,3,66148.926,2,3,4,9,At Risk
C100202,59,11,230141.24349999998,4,5,5,14,Champions
C100203,293,2,57673.353,1,2,3,6,Hibernating
C100206,57,5,146885.09100000001,4,4,5,13,Champions
C100207,1,1,27145.129999999997,5,1,2,8,New Customers
C100209,132,1,10606.901999999998,3,1,1,5,Hibernating
C100210,84,4,59259.6605,3,4,3,10,Loyal Customers
C100212,108,3,61070.823000000004,3,3,3,9,Loyal Customers
C100213,7,1,16973.54,5,1,1,7,New Customers
C100215,25,8,157832.0185,4,5,5,14,Champions
C100216,895,1,8044.71,1,1,1,3,Lost
C100217,75,3,64855.54,3,3,4,10,Loyal Customers
C100218,626,1,19186.99,1,1,2,4,Lost
C100220,310,3,68882.519,1,3,4,8,At Risk
C100221,10,7,129141.3535,5,5,5,15,Champions
C100222,70,2,49924.655999999995,3,2,3,8,Potential Loyalists
C100223,428,1,29382.255,1,1,2,4,Lost
C100224,96,1,10727.99,3,1,1,5,Hibernating
C100225,401,3,83633.766,1,3,4,8,At Risk
C100226,387,3,57821.538,1,3,3,7,At Risk
C100227,17,4,63687.233,5,4,4,13,Champions
C100229,32,7,219004.3355,4,5,5,14,Champions
C100230,39,6,143522.36800000002,4,5,5,14,Champions
C100232,8,7,167377.87649999998,5,5,5,15,Champions
C100235,34,3,59331.8035,4,3,3,10,Loyal Customers
C100236,2,2,13602.990999999998,5,2,1,8,New Customers
C100238,11,2,45227.992,5,2,3,10,New Customers
C100239,69,1,37763.13,3,1,3,7,Potential Loyalists
C100241,91,2,77898.789,3,2,4,9,Potential Loyalists
C100243,44,3,57092.489,4,3,3,10,Loyal Customers
C100244,8,3,38474.421500000004,5,3,3,11,Loyal Customers
C100245,84,5,74606.3625,3,4,4,11,Loyal Customers
C100246,152,1,23733.198,2,1,2,5,Lost
C100247,275,1,17119.627,2,1,1,4,Lost
C100249,232,2,29624.574,2,2,2,6,Lost
C100250,424,4,80469.8125,1,4,4,9,Cannot Lose Them
C100251,27,4,55027.393,4,4,3,11,Loyal Customers
C100252,351,2,11996.35,1,2,1,4,Lost
C100253,20,1,29593.15,5,1,2,8,New Customers
C100254,43,4,93262.6915,4,4,4,12,Champions
C100258,37,1,9866.7575,4,1,1,6,New Customers
C100259,63,2,42854.8575,3,2,3,8,Potential Loyalists
C100260,51,1,63055.18,4,1,3,8,New Customers
C100261,102,2,39283.192,3,2,3,8,Potential Loyalists
C100262,100,3,35586.60799999999,3,3,2,8,Loyal Customers
C100263,100,1,5008.29,3,1,1,5,Hibernating
C100264,194,1,4378.46,2,1,1,4,Lost
C100266,11,3,77640.7945,5,3,4,12,Loyal Customers
C100267,312,3,67430.5545,1,3,4,8,At Risk
C100268,150,1,11986.296000000002,2,1,1,4,Lost
C100270,433,2,33467.206,1,2,2,5,Lost
C100271,14,5,89004.131,5,4,4,13,Champions
C100272,481,3,67850.60800000001,1,3,4,8,At Risk
C100273,80,4,154825.125,3,4,5,12,Loyal Customers
C100275,85,2,38664.8705,3,2,3,8,Potential Loyalists
C100277,106,2,83741.758,3,2,4,9,Potential Loyalists
C100278,315,5,84033.766,1,4,4,9,Cannot Lose Them
C100281,81,1,24578.067499999997,3,1,2,6,Hibernating
C100283,167,1,11491.789999999999,2,1,1,4,Lost
C100284,0,7,157844.289,5,5,5,15,Champions
C100285,50,3,85208.69750000001,4,3,4,11,Loyal Customers
C100287,125,4,47003.812,3,4,3,10,Loyal Customers
C100288,723,1,41195.382,1,1,3,5,Hibernating
C100290,0,1,18028.9335,5,1,1,7,New Customers
C100291,140,1,16023.9365,2,1,1,4,Lost
C100293,214,1,9625.230000000001,2,1,1,4,Lost
C100294,84,1,9578.583999999999,3,1,1,5,Hibernating
C100295,40,7,149497.246,4,5,5,14,Champions
C100296,147,1,13094.6,2,1,1,4,Lost
C100297,19,8,165369.046,5,5,5,15,Champions
C100298,72,15,235427.8285,3,5,5,13,Loyal Customers
C100299,12,3,27996.120000000003,5,3,2,10,Loyal Customers
C100300,179,1,13475.4,2,1,1,4,Lost
C100301,275,3,47853.56,2,3,3,8,At Risk
C100303,569,3,58018.964,1,3,3,7,At Risk
C100306,127,3,77310.746,3,3,4,10,Loyal Customers
C100307,28,1,36558.92,4,1,2,7,New Customers
C100308,211,4,72802.583,2,4,4,10,Cannot Lose Them
C100310,487,1,102832.07999999999,1,1,4,6,Hibernating
C100312,44,12,191244.2345,4,5,5,14,Champions
C100313,237,2,53394.53600000001,2,2,3,7,Hibernating
C100314,748,1,22947.14,1,1,2,4,Lost
C100315,138,1,34238.48,3,1,2,6,Hibernating
C100316,127,1,2393.468,3,1,1,5,Hibernating
C100318,229,1,0.0,2,1,1,4,Lost
C100320,256,2,40964.886,2,2,3,7,Hibernating
C100321,29,4,136835.0065,4,4,5,13,Champions
C100323,118,3,16749.023,3,3,1,7,Loyal Customers
C100325,41,3,80535.12800000001,4,3,4,11,Loyal Customers
C100326,13,1,13685.45,5,1,1,7,New Customers
C100327,77,4,43227.5035,3,4,3,10,Loyal Customers
C100329,177,2,23003.368500000004,2,2,2,6,Lost
C100330,334,1,21808.52,1,1,2,4,Lost
C100331,22,1,1352.33,4,1,1,6,New Customers
C100332,80,3,103971.656,3,3,4,10,Loyal Customers
C100333,0,3,106018.326,5,3,4,12,Loyal Customers
C100337,186,1,17213.28,2,1,1,4,Lost
C100338,403,1,28719.6685,1,1,2,4,Lost
C100339,472,1,69596.334,1,1,4,6,Hibernating
C100340,143,5,55665.8975,2,4,3,9,At Risk
C100341,92,4,92048.821,3,4,4,11,Loyal Customers
C100344,0,5,99039.028,5,4,4,13,Champions
C100346,282,1,558.9174999999999,2,1,1,4,Lost
C100348,417,5,30319.2515,1,4,2,7,At Risk
C100349,186,4,100783.9745,2,4,4,10,Cannot Lose Them
C100350,207,1,17146.84,2,1,1,4,Lost
C100351,23,3,91363.602,4,3,4,11,Loyal Customers
C100352,190,1,0.0,2,1,1,4,Lost
C100353,4,5,114519.0375,5,4,5,14,Champions
C100356,31,1,11273.8305,4,1,1,6,New Customers
C100357,20,5,89630.7285,5,4,4,13,Champions
C100358,12,5,57575.3125,5,4,3,12,Loyal Customers
C100359,1,7,73703.4815,5,5,4,14,Champions
C100360,46,5,78264.68650000001,4,4,4,12,Champions
C100362,16,3,50622.659,5,3,3,11,Loyal Customers
C100363,439,2,24078.597,1,2,2,5,Lost
C100364,61,3,47405.201,4,3,3,10,Loyal Customers
C100365,283,2,43160.13100000001,2,2,3,7,Hibernating
C100367,409,1,14977.619999999999,1,1,1,3,Lost
C100369,81,2,33924.270000000004,3,2,2,7,Hibernating
C100372,0,10,92040.714,5,5,4,14,Champions
C100373,14,4,70191.70300000001,5,4,4,13,Champions
C100374,-1,6,129428.0435,5,5,5,15,Champions
C100375,152,7,182734.349,2,5,5,12,Cannot Lose Them
C100376,-1,5,59512.3745,5,4,3,12,Loyal Customers
C100377,8,1,8002.75,5,1,1,7,New Customers
C100379,31,2,25096.853499999997,4,2,2,8,New Customers
C100380,67,6,151301.41,3,5,5,13,Loyal Customers
C100381,151,1,10356.7655,2,1,1,4,Lost
C100382,9,1,4675.161499999999,5,1,1,7,New Customers
C100383,310,1,16721.55,1,1,1,3,Lost
C100384,93,1,11387.187,3,1,1,5,Hibernating
C100385,9,6,117243.8895,5,5,5,15,Champions
C100386,344,1,14262.122,1,1,1,3,Lost
C100387,6,7,135211.3045,5,5,5,15,Champions
C100388,706,1,15792.0,1,1,1,3,Lost
C100390,70,4,140003.5195,3,4,5,12,Loyal Customers
C100391,157,2,53961.63,2,2,3,7,Hibernating
C100392,15,1,8796.7815,5,1,1,7,New Customers
C100394,102,3,58552.872,3,3,3,9,Loyal Customers
C100395,-1,5,131645.164,5,4,5,14,Champions
C100399,209,6,106679.4105,2,5,4,11,Cannot Lose Them
C100400,489,2,55600.656,1,2,3,6,Hibernating
C100401,236,4,78651.1455,2,4,4,10,Cannot Lose Them
C100403,839,1,2946.96,1,1,1,3,Lost
C100404,12,4,85931.85,5,4,4,13,Champions
C100407,294,1,8624.936,1,1,1,3,Lost
C100408,20,2,22772.5635,5,2,2,9,New Customers
C100412,476,1,25822.18,1,1,2,4,Lost
C100413,29,2,60044.424999999996,4,2,3,9,New Customers
C100417,88,4,48339.952,3,4,3,10,Loyal Customers
C100418,113,4,90139.725,3,4,4,11,Loyal Customers
C100419,31,5,55587.608,4,4,3,11,Loyal Customers
C100420,37,4,43189.8245,4,4,3,11,Loyal Customers
C100421,50,1,25429.536,4,1,2,7,New Customers
C100424,148,3,28119.35,2,3,2,7,At Risk
C100425,19,4,111733.01,5,4,5,14,Champions
C100428,432,2,24752.519999999997,1,2,2,5,Lost
C100430,67,3,62392.78799999999,3,3,3,9,Loyal Customers
C100431,5,4,74258.8255,5,4,4,13,Champions
C100432,44,3,26319.5685,4,3,2,9,Loyal Customers
C100433,39,1,51681.68,4,1,3,8,New Customers
C100435,15,4,46624.6035,5,4,3,12,Loyal Customers
C100436,144,2,40675.54,2,2,3,7,Hibernating
C100438,117,1,23241.46,3,1,2,6,Hibernating
C100439,158,3,31410.851,2,3,2,7,At Risk
C100443,113,5,70665.3255,3,4,4,11,Loyal Customers
C100446,174,1,32891.43,2,1,2,5,Lost
C100448,12,3,22880.248,5,3,2,10,Loyal Customers
C100449,57,1,9451.511999999999,4,1,1,6,New Customers
C100450,111,7,223778.236,3,5,5,13,Loyal Customers
C100452,-1,3,44176.08,5,3,3,11,Loyal Customers
C100453,584,1,76985.577,1,1,4,6,Hibernating
C100456,248,2,27953.1985,2,2,2,6,Lost
C100458,127,4,58156.074,3,4,3,10,Loyal Customers
C100459,87,4,137560.557,3,4,5,12,Loyal Customers
C100460,263,6,144854.13150000002,2,5,5,12,Cannot Lose Them
C100461,147,8,239386.731,2,5,5,12,Cannot Lose Them
C100462,24,12,246333.6685,4,5,5,14,Champions
C100463,64,1,9533.49,3,1,1,5,Hibernating
C100464,237,1,59767.093499999995,2,1,3,6,Hibernating
C100465,121,1,36838.808000000005,3,1,2,6,Hibernating
C100466,37,8,133617.742,4,5,5,14,Champions
C100467,15,1,6846.33,5,1,1,7,New Customers
C100468,485,1,11090.25,1,1,1,3,Lost
C100470,27,1,25002.935999999998,4,1,2,7,New Customers
C100471,195,1,30420.36,2,1,2,5,Lost
C100473,16,5,94391.8225,5,4,4,13,Champions
C100475,4,7,110345.859,5,5,5,15,Champions
C100477,2,9,146348.6795,5,5,5,15,Champions
C100478,85,4,60972.05449999999,3,4,3,10,Loyal Customers
C100480,179,1,10311.19,2,1,1,4,Lost
C100482,257,2,26200.2975,2,2,2,6,Lost
C100483,12,1,4970.184,5,1,1,7,New Customers
C100488,49,4,105985.129,4,4,4,12,Champions
C100490,416,3,48544.148,1,3,3,7,At Risk
C100491,24,6,103786.5585,4,5,4,13,Champions
C100492,286,3,54680.8515,2,3,3,8,At Risk
C100494,192,1,12798.723,2,1,1,4,Lost
C100495,141,1,31642.771,2,1,2,5,Lost
C100496,146,2,13645.44,2,2,1,5,Lost
C100498,29,8,188940.614,4,5,5,14,Champions
C100501,783,1,6206.862999999999,1,1,1,3,Lost
C100503,39,9,147634.131,4,5,5,14,Champions
C100504,235,9,195296.708,2,5,5,12,Cannot Lose Them
C100505,123,5,36426.770000000004,3,4,2,9,Loyal Customers
C100506,752,1,58581.619999999995,1,1,3,5,Hibernating
C100507,168,1,7350.12,2,1,1,4,Lost
C100508,93,3,51722.5265,3,3,3,9,Loyal Customers
C100509,204,1,17056.610999999997,2,1,1,4,Lost
C100510,7,1,27474.039,5,1,2,8,New Customers
C100512,0,2,36314.463,5,2,2,9,New Customers
C100514,168,1,13204.740000000002,2,1,1,4,Lost
C100515,6,1,34927.95,5,1,2,8,New Customers
C100516,80,2,18035.4045,3,2,1,6,Hibernating
C100517,109,2,24616.678999999996,3,2,2,7,Hibernating
C100518,68,2,46052.265999999996,3,2,3,8,Potential Loyalists
C100519,493,1,4342.536,1,1,1,3,Lost
C100521,44,2,64787.2055,4,2,4,10,New Customers
C100523,57,3,36370.8905,4,3,2,9,Loyal Customers
C100524,453,1,10516.423999999999,1,1,1,3,Lost
C100526,14,3,49293.278000000006,5,3,3,11,Loyal Customers
C100527,32,4,55024.5485,4,4,3,11,Loyal Customers
C100528,12,3,52827.721000000005,5,3,3,11,Loyal Customers
C100530,144,1,14118.234999999999,2,1,1,4,Lost
C100531,352,2,28535.592,1,2,2,5,Lost
C100532,107,5,98056.236,3,4,4,11,Loyal Customers
C100533,89,1,45950.94,3,1,3,7,Potential Loyalists
C100534,196,3,122198.872,2,3,5,10,At Risk
C100535,454,8,209348.88150000002,1,5,5,11,Cannot Lose Them
C100537,161,2,53894.078,2,2,3,7,Hibernating
C100538,15,3,56190.8175,5,3,3,11,Loyal Customers
C100539,353,3,66406.34449999999,1,3,4,8,At Risk
C100540,47,5,86505.2205,4,4,4,12,Champions
C100541,16,9,294199.2025,5,5,5,15,Champions
C100542,746,2,27144.864,1,2,2,5,Lost
C100543,154,2,104149.853,2,2,4,8,Hibernating
C100544,7,7,226481.37,5,5,5,15,Champions
C100546,162,1,11195.77,2,1,1,4,Lost
C100547,143,1,55812.47,2,1,3,6,Hibernating
C100548,72,5,133564.1605,3,4,5,12,Loyal Customers
C100549,105,4,180320.6115,3,4,5,12,Loyal Customers
C100551,358,2,20357.819499999998,1,2,2,5,Lost
C100552,-1,3,102941.852,5,3,4,12,Loyal Customers
C100553,281,1,18424.81,2,1,2,5,Lost
C100554,16,3,73056.92800000001,5,3,4,12,Loyal Customers
C100556,76,3,81748.688,3,3,4,10,Loyal Customers
C100557,47,2,37880.0785,4,2,3,9,New Customers
C100558,86,3,87634.0475,3,3,4,10,Loyal Customers
C100559,416,1,3183.5984999999996,1,1,1,3,Lost
C100560,503,1,6232.72,1,1,1,3,Lost
C100561,106,7,171290.8745,3,5,5,13,Loyal Customers
C100562,176,4,110118.257,2,4,5,11,Cannot Lose Them
C100563,4,1,6167.06,5,1,1,7,New Customers
C100565,557,5,109566.435,1,4,5,10,Cannot Lose Them
C100566,108,6,108327.0325,3,5,5,13,Loyal Customers
C100567,96,1,8304.2,3,1,1,5,Hibernating
C100568,95,3,147568.83800000002,3,3,5,11,Loyal Customers
C100569,7,3,69659.928,5,3,4,12,Loyal Customers
C100570,1,13,221438.2055,5,5,5,15,Champions
C100571,112,1,13089.492,3,1,1,5,Hibernating
C100572,487,3,104629.795,1,3,4,8,At Risk
C100573,27,5,59037.0235,4,4,3,11,Loyal Customers
C100574,6,7,115174.1415,5,5,5,15,Champions
C100575,85,4,93349.414,3,4,4,11,Loyal Customers
C100576,46,2,112904.89600000001,4,2,5,11,New Customers
C100577,10,2,27192.132,5,2,2,9,New Customers
C100578,162,1,11689.12,2,1,1,4,Lost
C100579,754,1,23993.65,1,1,2,4,Lost
C100580,149,2,30044.42,2,2,2,6,Lost
C100581,593,3,94754.808,1,3,4,8,At Risk
C100583,4,6,137591.1295,5,5,5,15,Champions
C100584,238,2,27667.67,2,2,2,6,Lost
C100585,229,1,19777.93,2,1,2,5,Lost
C100586,155,2,43001.874,2,2,3,7,Hibernating
C100588,111,4,42511.662,3,4,3,10,Loyal Customers
C100589,27,2,36462.753,4,2,2,8,New Customers
C100590,491,1,17157.92,1,1,1,3,Lost
C100591,175,5,97867.58200000001,2,4,4,10,Cannot Lose Them
C100593,574,1,14729.579,1,1,1,3,Lost
C100595,193,1,69182.458,2,1,4,7,Hibernating
C100597,128,6,116502.454,3,5,5,13,Loyal Customers
C100598,237,4,73659.929,2,4,4,10,Cannot Lose Them
C100601,49,3,41377.524000000005,4,3,3,10,Loyal Customers
C100602,274,1,18566.02,2,1,2,5,Lost
C100603,57,1,2302.11,4,1,1,6,New Customers
C100604,45,2,80632.57,4,2,4,10,New Customers
C100605,153,1,17516.879,2,1,1,4,Lost
C100606,719,1,8786.6165,1,1,1,3,Lost
C100607,119,1,4058.28,3,1,1,5,Hibernating
C100608,70,6,179958.417,3,5,5,13,Loyal Customers
C100610,15,3,38832.7105,5,3,3,11,Loyal Customers
C100611,75,8,151620.20249999998,3,5,5,13,Loyal Customers
C100613,63,1,3020.8914999999997,3,1,1,5,Hibernating
C100614,26,1,4905.843,4,1,1,6,New Customers
C100615,63,1,12993.77,3,1,1,5,Hibernating
C100616,804,2,21873.464999999997,1,2,2,5,Lost
C100617,5,5,65492.9075,5,4,4,13,Champions
C100618,194,2,62445.85800000001,2,2,3,7,Hibernating
C100619,10,4,49385.87,5,4,3,12,Loyal Customers
C100620,281,1,39332.729999999996,2,1,3,6,Hibernating
C100621,345,1,16670.65,1,1,1,3,Lost
C100622,26,1,13864.19,4,1,1,6,New Customers
C100625,0,1,3158.896,5,1,1,7,New Customers
C100626,29,4,80920.57,4,4,4,12,Champions
C100627,36,2,63667.4,4,2,4,10,New Customers
C100628,98,4,183501.568,3,4,5,12,Loyal Customers
C100630,158,1,11348.776000000002,2,1,1,4,Lost
C100631,20,4,110862.411,5,4,5,14,Champions
C100632,4,2,57068.559499999996,5,2,3,10,New Customers
C100633,145,1,32259.2425,2,1,2,5,Lost
C100634,178,1,13260.65,2,1,1,4,Lost
C100635,28,2,44107.92,4,2,3,9,New Customers
C100636,0,2,76966.395,5,2,4,11,New Customers
C100637,30,1,9782.0,4,1,1,6,New Customers
C100639,17,1,2408.76,5,1,1,7,New Customers
C100640,60,2,26236.7865,4,2,2,8,New Customers
C100641,100,3,83979.80350000001,3,3,4,10,Loyal Customers
C100642,703,1,12350.16,1,1,1,3,Lost
C100643,281,2,27902.292999999998,2,2,2,6,Lost
C100646,165,5,50010.5305,2,4,3,9,At Risk
C100648,239,3,66387.2755,2,3,4,9,At Risk
C100649,14,6,182475.74,5,5,5,15,Champions
C100650,35,2,53862.729499999994,4,2,3,9,New Customers
C100651,80,1,28871.2955,3,1,2,6,Hibernating
C100652,449,2,39989.78,1,2,3,6,Hibernating
C100653,264,1,30047.5595,2,1,2,5,Lost
C100654,426,1,5245.77,1,1,1,3,Lost
C100655,609,1,0.0,1,1,1,3,Lost
C100656,3,5,124203.80200000001,5,4,5,14,Champions
C100658,80,1,12827.898000000001,3,1,1,5,Hibernating
C100660,21,4,88027.02,4,4,4,12,Champions
C100661,5,5,85784.767,5,4,4,13,Champions
C100662,215,1,21416.489999999998,2,1,2,5,Lost
C100666,121,2,25249.419,3,2,2,7,Hibernating
C100667,35,2,35877.936,4,2,2,8,New Customers
C100668,196,1,2816.7,2,1,1,4,Lost
C100669,155,3,56485.662000000004,2,3,3,8,At Risk
C100670,173,6,147052.1745,2,5,5,12,Cannot Lose Them
C100671,588,1,19444.13,1,1,2,4,Lost
C100675,114,2,29495.756000000005,3,2,2,7,Hibernating
C100676,2,3,61140.7005,5,3,3,11,Loyal Customers
C100678,119,4,46197.721,3,4,3,10,Loyal Customers
C100681,192,1,20923.884,2,1,2,5,Lost
C100682,344,1,28853.760000000002,1,1,2,4,Lost
C100685,525,1,29405.6,1,1,2,4,Lost
C100686,366,3,41936.559,1,3,3,7,At Risk
C100687,38,4,88790.71800000001,4,4,4,12,Champions
C100689,193,1,15660.960000000001,2,1,1,4,Lost
C100693,300,1,11309.16,1,1,1,3,Lost
C100694,-1,2,73632.8445,5,2,4,11,New Customers
C100695,198,1,37027.176,2,1,2,5,Lost
C100696,2,6,102390.086,5,5,4,14,Champions
C100697,201,2,37204.350000000006,2,2,2,6,Lost
C100699,255,1,36807.66,2,1,2,5,Lost
C100701,59,9,168295.08000000002,4,5,5,14,Champions
C100702,94,1,12741.777,3,1,1,5,Hibernating
C100703,3,2,40185.338,5,2,3,10,New Customers
C100704,73,1,21176.919,3,1,2,6,Hibernating
C100707,37,3,25253.870000000003,4,3,2,9,Loyal Customers
C100708,17,1,7226.55,5,1,1,7,New Customers
C100709,81,8,186798.3875,3,5,5,13,Loyal Customers
C100710,254,4,126141.17599999999,2,4,5,11,Cannot Lose Them
C100711,255,3,54707.209,2,3,3,8,At Risk
C100714,637,1,7852.59,1,1,1,3,Lost
C100715,2,6,142236.922,5,5,5,15,Champions
C100716,142,1,85091.86,2,1,4,7,Hibernating
C100718,176,1,11814.169999999998,2,1,1,4,Lost
C100719,12,10,205747.0485,5,5,5,15,Champions
C100723,20,3,25136.4425,5,3,2,10,Loyal Customers
C100725,94,5,127807.804,3,4,5,12,Loyal Customers
C100726,23,7,144822.408,4,5,5,14,Champions
C100727,27,13,263540.9395,4,5,5,14,Champions
C100728,82,1,3459.753,3,1,1,5,Hibernating
C100729,90,4,96246.475,3,4,4,11,Loyal Customers
C100730,102,2,20661.434,3,2,2,7,Hibernating
C100731,7,2,17411.244,5,2,1,8,New Customers
C100732,22,7,132030.7935,4,5,5,14,Champions
C100733,16,1,7192.0509999999995,5,1,1,7,New Customers
C100734,9,3,40857.883,5,3,3,11,Loyal Customers
C100735,71,3,89334.88,3,3,4,10,Loyal Customers
C100736,541,1,8921.432,1,1,1,3,Lost
C100737,17,8,154380.0565,5,5,5,15,Champions
C100741,18,5,104860.4785,5,4,4,13,Champions
C100742,199,2,66427.13,2,2,4,8,Hibernating
C100743,87,4,47616.6415,3,4,3,10,Loyal Customers
C100745,11,5,88606.65400000001,5,4,4,13,Champions
C100746,105,5,76507.7005,3,4,4,11,Loyal Customers
C100748,58,3,72397.8725,4,3,4,11,Loyal Customers
C100749,6,4,43008.868,5,4,3,12,Loyal Customers
C100750,150,5,88343.8935,2,4,4,10,Cannot Lose Them
C100753,38,4,64571.914000000004,4,4,4,12,Champions
C100754,119,2,20203.93,3,2,2,7,Hibernating
C100755,382,1,11267.05,1,1,1,3,Lost
C100756,342,1,15945.863999999998,1,1,1,3,Lost
C100758,26,2,15891.269,4,2,1,7,New Customers
C100759,43,3,39027.658,4,3,3,10,Loyal Customers
C100760,172,6,175716.1975,2,5,5,12,Cannot Lose Them
C100761,119,4,53601.2755,3,4,3,10,Loyal Customers
C100762,57,1,13490.43,4,1,1,6,New Customers
C100764,105,5,96535.00450000001,3,4,4,11,Loyal Customers
C100765,83,4,83272.12849999999,3,4,4,11,Loyal Customers
C100766,283,1,22277.53,2,1,2,5,Lost
C100767,1,4,120560.68,5,4,5,14,Champions
C100768,94,2,47973.883,3,2,3,8,Potential Loyalists
C100769,2,6,68820.3975,5,5,4,14,Champions
C100770,345,1,3411.8064999999997,1,1,1,3,Lost
C100771,303,1,6894.34,1,1,1,3,Lost
C100773,125,12,221472.23200000002,3,5,5,13,Loyal Customers
C100774,256,4,146294.7495,2,4,5,11,Cannot Lose Them
C100776,161,6,102994.49100000001,2,5,4,11,Cannot Lose Them
C100777,0,2,27860.535,5,2,2,9,New Customers
C100778,98,3,55467.150499999996,3,3,3,9,Loyal Customers
C100780,39,5,202581.2935,4,4,5,13,Champions
C100782,523,2,57871.288,1,2,3,6,Hibernating
C100784,214,4,74167.653,2,4,4,10,Cannot Lose Them
C100787,445,1,17277.992000000002,1,1,1,3,Lost
C100789,16,1,5682.35,5,1,1,7,New Customers
C100791,-1,10,239557.442,5,5,5,15,Champions
C100792,334,3,55663.645000000004,1,3,3,7,At Risk
C100795,447,2,25231.2305,1,2,2,5,Lost
C100797,14,3,46622.899,5,3,3,11,Loyal Customers
C100799,327,3,47505.5455,1,3,3,7,At Risk
C100800,714,1,11499.3355,1,1,1,3,Lost
C100801,174,9,162890.6755,2,5,5,12,Cannot Lose Them
C100802,290,1,22035.98,1,1,2,4,Lost
C100804,91,3,32311.396,3,3,2,8,Loyal Customers
C100805,76,9,185072.26799999998,3,5,5,13,Loyal Customers
C100806,51,5,162957.967,4,4,5,13,Champions
C100808,247,1,19928.1025,2,1,2,5,Lost
C100809,28,6,72325.7155,4,5,4,13,Champions
C100812,135,3,61128.874,3,3,3,9,Loyal Customers
C100813,0,10,310219.6465,5,5,5,15,Champions
C100814,234,5,72129.298,2,4,4,10,Cannot Lose Them
C100815,14,11,326254.969,5,5,5,15,Champions
C100817,549,1,6466.83,1,1,1,3,Lost
C100818,27,1,30920.29,4,1,2,7,New Customers
C100819,302,2,13262.988,1,2,1,4,Lost
C100820,153,4,71580.663,2,4,4,10,Cannot Lose Them
C100821,50,5,71094.959,4,4,4,12,Champions
C100822,2,2,70458.983,5,2,4,11,New Customers
C100824,250,2,66424.137,2,2,4,8,Hibernating
C100825,250,2,39274.41,2,2,3,7,Hibernating
C100826,106,1,27283.116499999996,3,1,2,6,Hibernating
C100827,6,3,45301.843,5,3,3,11,Loyal Customers
C100828,468,1,59194.44900000001,1,1,3,5,Hibernating
C100830,38,1,27874.035000000003,4,1,2,7,New Customers
C100831,63,3,67917.027,3,3,4,10,Loyal Customers
C100832,100,1,23588.911,3,1,2,6,Hibernating
C100833,54,4,73815.5695,4,4,4,12,Champions
C100834,9,2,40155.93,5,2,3,10,New Customers
C100835,94,2,27667.28,3,2,2,7,Hibernating
C100837,18,2,29828.972999999998,5,2,2,9,New Customers
C100838,8,1,14972.41,5,1,1,7,New Customers
C100839,37,2,12840.2315,4,2,1,7,New Customers
C100840,47,3,48924.726,4,3,3,10,Loyal Customers
C100841,88,1,23022.088,3,1,2,6,Hibernating
C100842,8,2,41601.04,5,2,3,10,New Customers
C100844,67,2,12483.094000000001,3,2,1,6,Hibernating
C100846,298,2,18687.277000000002,1,2,2,5,Lost
C100847,394,1,22008.118,1,1,2,4,Lost
C100848,811,1,9734.3175,1,1,1,3,Lost
C100852,140,9,182556.0485,2,5,5,12,Cannot Lose Them
C100853,340,7,192585.157,1,5,5,11,Cannot Lose Them
C100854,417,3,50635.1825,1,3,3,7,At Risk
C100855,312,1,14090.57,1,1,1,3,Lost
C100856,479,1,20437.2725,1,1,2,4,Lost
C100857,341,1,10470.36,1,1,1,3,Lost
C100858,9,2,40306.705,5,2,3,10,New Customers
C100859,80,1,13262.823,3,1,1,5,Hibernating
C100860,188,1,13738.43,2,1,1,4,Lost
C100861,119,8,163694.5345,3,5,5,13,Loyal Customers
C100862,17,9,181378.426,5,5,5,15,Champions
C100863,282,1,20595.733999999997,2,1,2,5,Lost
C100864,375,2,46098.578,1,2,3,6,Hibernating
C100865,88,1,15177.61,3,1,1,5,Hibernating
C100867,11,6,56448.0205,5,5,3,13,Loyal Customers
C100869,24,4,75991.7065,4,4,4,12,Champions
C100870,454,1,42637.3395,1,1,3,5,Hibernating
C100871,185,2,24734.009,2,2,2,6,Lost
C100872,162,1,8305.896,2,1,1,4,Lost
C100873,39,12,327421.5395,4,5,5,14,Champions
C100874,398,1,13899.564,1,1,1,3,Lost
C100876,30,1,39021.8085,4,1,3,8,New Customers
C100878,67,3,51553.634999999995,3,3,3,9,Loyal Customers
C100879,31,6,118318.2475,4,5,5,14,Champions
C100880,17,3,63545.476,5,3,4,12,Loyal Customers
C100881,154,1,3550.36,2,1,1,4,Lost
C100882,34,3,66343.6625,4,3,4,11,Loyal Customers
C100883,177,4,109177.2845,2,4,5,11,Cannot Lose Them
C100884,22,11,248096.8745,4,5,5,14,Champions
C100885,18,1,33400.26,5,1,2,8,New Customers
C100886,107,1,44423.2,3,1,3,7,Potential Loyalists
C100887,50,10,286214.724,4,5,5,14,Champions
C100888,191,3,73084.69,2,3,4,9,At Risk
C100889,73,5,72025.972,3,4,4,11,Loyal Customers
C100891,9,9,277616.8135,5,5,5,15,Champions
C100892,88,3,37921.8695,3,3,3,9,Loyal Customers
C100893,494,1,16470.059,1,1,1,3,Lost
C100896,205,3,52988.698000000004,2,3,3,8,At Risk
C100897,79,3,21712.1255,3,3,2,8,Loyal Customers
C100898,44,6,139871.1435,4,5,5,14,Champions
C100899,280,1,1336.1065,2,1,1,4,Lost
C100900,243,5,167888.7365,2,4,5,11,Cannot Lose Them
C100902,0,3,77420.906,5,3,4,12,Loyal Customers
C100904,9,8,178563.3655,5,5,5,15,Champions
C100905,501,1,12335.17,1,1,1,3,Lost
C100909,40,4,92339.47200000001,4,4,4,12,Champions
C100910,55,2,89460.47,4,2,4,10,New Customers
C100911,186,3,127307.8175,2,3,5,10,At Risk
C100912,66,4,57868.22900000001,3,4,3,10,Loyal Customers
C100914,19,3,58619.632000000005,5,3,3,11,Loyal Customers
C100916,3,5,82553.594,5,4,4,13,Champions
C100918,241,2,18979.178,2,2,2,6,Lost
C100919,30,1,3904.0629999999996,4,1,1,6,New Customers
C100921,273,1,15409.168000000001,2,1,1,4,Lost
C100922,83,1,43645.6,3,1,3,7,Potential Loyalists
C100923,169,1,19568.56,2,1,2,5,Lost
C100924,69,2,49089.311,3,2,3,8,Potential Loyalists
C100925,4,14,362840.94,5,5,5,15,Champions
C100926,168,1,9107.592,2,1,1,4,Lost
C100927,318,1,19549.18,1,1,2,4,Lost
C100928,276,1,32858.6455,2,1,2,5,Lost
C100930,9,3,64717.251,5,3,4,12,Loyal Customers
C100931,14,17,257879.342,5,5,5,15,Champions
C100932,72,9,186316.40050000002,3,5,5,13,Loyal Customers
C100934,556,2,30217.006,1,2,2,5,Lost
C100935,14,1,9398.844000000001,5,1,1,7,New Customers
C100936,312,2,7633.738,1,2,1,4,Lost
C100937,59,1,11416.792,4,1,1,6,New Customers
C100938,139,2,68990.16,3,2,4,9,Potential Loyalists
C100940,97,10,204367.7505,3,5,5,13,Loyal Customers
C100941,656,1,17216.154000000002,1,1,1,3,Lost
C100942,448,1,6184.842,1,1,1,3,Lost
C100943,39,11,272943.59,4,5,5,14,Champions
C100944,0,3,21298.074,5,3,2,10,Loyal Customers
C100946,667,1,31469.319999999996,1,1,2,4,Lost
C100947,113,5,145765.25100000002,3,4,5,12,Loyal Customers
C100951,197,4,58957.235,2,4,3,9,At Risk
C100952,440,2,92939.75,1,2,4,7,Hibernating
C100953,60,2,59604.264,4,2,3,9,New Customers
C100954,494,3,32744.186500000003,1,3,2,6,At Risk
C100955,112,2,40479.119999999995,3,2,3,8,Potential Loyalists
C100958,6,4,104648.204,5,4,4,13,Champions
C100960,87,4,71882.62599999999,3,4,4,11,Loyal Customers
C100961,25,6,89583.526,4,5,4,13,Champions
C100963,77,4,93298.9725,3,4,4,11,Loyal Customers
C100967,75,6,202783.871,3,5,5,13,Loyal Customers
C100968,183,1,2303.7295,2,1,1,4,Lost
C100969,37,2,61123.738000000005,4,2,3,9,New Customers
C100970,613,2,39468.038,1,2,3,6,Hibernating
C100973,232,2,34239.628,2,2,2,6,Lost
C100975,12,1,34548.444,5,1,2,8,New Customers
C100976,154,3,59579.984000000004,2,3,3,8,At Risk
C100977,44,6,153209.468,4,5,5,14,Champions
C100978,163,3,72119.1495,2,3,4,9,At Risk
C100981,-1,7,184877.6375,5,5,5,15,Champions
C100982,80,5,88989.048,3,4,4,11,Loyal Customers
C100984,304,3,44414.635500000004,1,3,3,7,At Risk
C100986,640,1,4652.52,1,1,1,3,Lost
C100989,547,1,17709.918999999998,1,1,1,3,Lost
C100991,532,1,18932.645,1,1,2,4,Lost
C100992,67,4,45211.235,3,4,3,10,Loyal Customers
C100993,612,1,17313.3,1,1,1,3,Lost
C100994,750,1,55831.43,1,1,3,5,Hibernating
C100995,248,4,44798.1995,2,4,3,9,At Risk
C100996,16,5,66821.9515,5,4,4,13,Champions
C100997,133,2,96216.5665,3,2,4,9,Potential Loyalists
C100998,49,1,4522.66,4,1,1,6,New Customers
C101000,440,1,6817.91,1,1,1,3,Lost
C101001,198,5,105792.952,2,4,4,10,Cannot Lose Them
C101002,82,6,179987.79499999998,3,5,5,13,Loyal Customers
C101005,2,5,101483.4745,5,4,4,13,Champions
C101006,10,2,41644.562,5,2,3,10,New Customers
C101009,9,2,45597.2875,5,2,3,10,New Customers
C101011,11,5,119446.2385,5,4,5,14,Champions
C101012,13,1,65048.5365,5,1,4,10,New Customers
C101013,4,11,284131.0505,5,5,5,15,Champions
C101014,10,8,93907.857,5,5,4,14,Champions
C101015,39,7,141365.0815,4,5,5,14,Champions
C101016,65,7,172044.018,3,5,5,13,Loyal Customers
C101017,39,1,55832.5,4,1,3,8,New Customers
C101021,21,2,4795.1410000000005,4,2,1,7,New Customers
C101022,148,1,10878.93,2,1,1,4,Lost
C101023,1,6,98748.797,5,5,4,14,Champions
C101024,291,2,14172.6595,1,2,1,4,Lost
C101026,550,1,15486.253999999999,1,1,1,3,Lost
C101028,0,8,186652.2035,5,5,5,15,Champions
C101029,46,1,30562.399999999998,4,1,2,7,New Customers
C101030,313,2,36981.47,1,2,2,5,Lost
C101031,108,5,60008.012,3,4,3,10,Loyal Customers
C101032,45,3,66823.43,4,3,4,11,Loyal Customers
C101033,218,1,26296.94,2,1,2,5,Lost
C101035,21,3,38454.065,4,3,3,10,Loyal Customers
C101036,51,1,16563.62,4,1,1,6,New Customers
C101037,1,3,87520.16700000002,5,3,4,12,Loyal Customers
C101038,79,8,147517.3975,3,5,5,13,Loyal Customers
C101039,75,8,246838.757,3,5,5,13,Loyal Customers
C101040,39,5,182457.268,4,4,5,13,Champions
C101041,4,5,58853.8535,5,4,3,12,Loyal Customers
C101043,3,11,314601.733,5,5,5,15,Champions
C101044,202,2,51215.904,2,2,3,7,Hibernating
C101045,94,2,74445.48999999999,3,2,4,9,Potential Loyalists
C101046,52,4,58718.9515,4,4,3,11,Loyal Customers
C101047,18,1,33973.922,5,1,2,8,New Customers
C101049,63,4,103713.07,3,4,4,11,Loyal Customers
C101050,203,1,6640.57,2,1,1,4,Lost
C101051,185,5,183554.652,2,4,5,11,Cannot Lose Them
C101053,239,1,38491.146,2,1,3,6,Hibernating
C101054,44,7,128226.957,4,5,5,14,Champions
C101055,14,10,169883.2505,5,5,5,15,Champions
C101056,47,9,198391.858,4,5,5,14,Champions
C101057,51,3,31375.699999999997,4,3,2,9,Loyal Customers
C101058,73,2,27853.756,3,2,2,7,Hibernating
C101059,138,5,113322.17850000001,3,4,5,12,Loyal Customers
C101061,469,2,15474.6,1,2,1,4,Lost
C101063,194,2,39193.577000000005,2,2,3,7,Hibernating
C101065,703,1,22340.32,1,1,2,4,Lost
C101066,130,2,24509.238,3,2,2,7,Hibernating
C101067,10,2,21622.195,5,2,2,9,New Customers
C101068,67,4,103576.5955,3,4,4,11,Loyal Customers
C101070,567,2,40121.594,1,2,3,6,Hibernating
C101073,123,1,20593.63,3,1,2,6,Hibernating
C101074,189,2,34964.1215,2,2,2,6,Lost
C101075,54,1,24894.74,4,1,2,7,New Customers
C101077,7,8,140856.226,5,5,5,15,Champions
C101078,77,11,194263.6145,3,5,5,13,Loyal Customers
C101081,76,8,122232.669,3,5,5,13,Loyal Customers
C101083,27,1,38738.020000000004,4,1,3,8,New Customers
C101085,22,6,144057.236,4,5,5,14,Champions
C101086,300,1,11062.674,1,1,1,3,Lost
C101087,258,1,7370.043999999999,2,1,1,4,Lost
C101090,19,3,70489.024,5,3,4,12,Loyal Customers
C101091,697,1,1158.87,1,1,1,3,Lost
C101092,87,5,109535.843,3,4,5,12,Loyal Customers
C101097,139,5,131426.602,3,4,5,12,Loyal Customers
C101101,17,2,33445.17,5,2,2,9,New Customers
C101102,61,7,147436.753,4,5,5,14,Champions
C101103,404,1,32940.54,1,1,2,4,Lost
C101106,22,5,124479.1645,4,4,5,13,Champions
C101107,309,1,9044.586000000001,1,1,1,3,Lost
C101108,28,5,101459.919,4,4,4,12,Champions
C101110,579,1,68951.55,1,1,4,6,Hibernating
C101112,267,3,31424.65,2,3,2,7,At Risk
C101114,305,1,15735.524499999998,1,1,1,3,Lost
C101116,531,2,63833.334,1,2,4,7,Hibernating
C101118,588,2,41132.263,1,2,3,6,Hibernating
C101119,137,1,23517.62,3,1,2,6,Hibernating
C101121,94,2,34921.278,3,2,2,7,Hibernating
C101122,539,4,11917.918,1,4,1,6,At Risk
C101123,97,1,14235.88,3,1,1,5,Hibernating
C101125,120,9,186895.8955,3,5,5,13,Loyal Customers
C101126,19,2,37313.502,5,2,3,10,New Customers
C101127,219,1,23445.9665,2,1,2,5,Lost
C101128,109,2,23487.425,3,2,2,7,Hibernating
C101129,172,1,17465.332000000002,2,1,1,4,Lost
C101130,203,1,74019.38,2,1,4,7,Hibernating
C101131,20,3,45105.880000000005,5,3,3,11,Loyal Customers
C101132,5,2,8092.3755,5,2,1,8,New Customers
C101133,428,3,66420.417,1,3,4,8,At Risk
C101134,453,2,8784.0175,1,2,1,4,Lost
C101135,48,2,19482.22,4,2,2,8,New Customers
C101136,168,13,192448.5275,2,5,5,12,Cannot Lose Them
C101138,341,3,101546.769,1,3,4,8,At Risk
C101141,148,3,11780.6835,2,3,1,6,At Risk
C101145,109,2,46878.612,3,2,3,8,Potential Loyalists
C101146,267,2,32085.971999999998,2,2,2,6,Lost
C101151,365,2,61249.70049999999,1,2,3,6,Hibernating
C101152,314,3,107022.164,1,3,4,8,At Risk
C101153,118,1,16642.14,3,1,1,5,Hibernating
C101154,41,1,54137.086500000005,4,1,3,8,New Customers
C101155,41,2,38511.979999999996,4,2,3,9,New Customers
C101157,766,1,31946.281,1,1,2,4,Lost
C101158,95,2,49013.556500000006,3,2,3,8,Potential Loyalists
C101160,242,1,24596.8775,2,1,2,5,Lost
C101162,104,3,48989.6105,3,3,3,9,Loyal Customers
C101163,40,3,47844.965000000004,4,3,3,10,Loyal Customers
C101164,13,17,349171.381,5,5,5,15,Champions
C101166,220,4,62612.796,2,4,3,9,At Risk
C101167,74,5,69047.8855,3,4,4,11,Loyal Customers
C101168,101,3,45633.823,3,3,3,9,Loyal Customers
C101169,615,2,8799.59,1,2,1,4,Lost
C101170,956,1,26006.440000000002,1,1,2,4,Lost
C101172,25,3,37941.492,4,3,3,10,Loyal Customers
C101174,163,5,115884.458,2,4,5,11,Cannot Lose Them
C101175,78,3,61161.49250000001,3,3,3,9,Loyal Customers
C101176,115,1,11523.9685,3,1,1,5,Hibernating
C101178,61,3,47629.4065,4,3,3,10,Loyal Customers
C101180,20,5,107514.23899999999,5,4,5,14,Champions
C101181,325,2,13917.854000000001,1,2,1,4,Lost
C101182,310,1,32123.625,1,1,2,4,Lost
C101183,48,6,147674.8715,4,5,5,14,Champions
C101184,17,1,55307.6045,5,1,3,9,New Customers
C101185,192,1,3330.8080000000004,2,1,1,4,Lost
C101186,74,3,112361.856,3,3,5,11,Loyal Customers
C101187,97,1,41990.229999999996,3,1,3,7,Potential Loyalists
C101188,115,1,16836.9,3,1,1,5,Hibernating
C101189,427,1,11304.439,1,1,1,3,Lost
C101190,59,2,27861.896,4,2,2,8,New Customers
C101191,96,2,26758.415999999997,3,2,2,7,Hibernating
C101192,278,1,8279.8415,2,1,1,4,Lost
C101193,7,8,111663.95850000001,5,5,5,15,Champions
C101194,324,4,52042.521,1,4,3,8,At Risk
C101196,2,2,5274.791,5,2,1,8,New Customers
C101197,0,1,46419.489,5,1,3,9,New Customers
C101198,131,3,33172.656,3,3,2,8,Loyal Customers
C101199,11,2,26730.518,5,2,2,9,New Customers
C101204,823,1,24317.879500000003,1,1,2,4,Lost
C101205,227,5,93092.3355,2,4,4,10,Cannot Lose Them
C101206,129,8,181978.8405,3,5,5,13,Loyal Customers
C101207,130,3,79796.25,3,3,4,10,Loyal Customers
C101208,25,5,123680.12999999999,4,4,5,13,Champions
C101209,28,2,70677.4215,4,2,4,10,New Customers
C101211,219,2,59053.337,2,2,3,7,Hibernating
C101212,264,1,33510.94,2,1,2,5,Lost
C101213,219,5,128400.78600000001,2,4,5,11,Cannot Lose Them
C101217,122,2,47690.759999999995,3,2,3,8,Potential Loyalists
C101218,87,1,21267.53,3,1,2,6,Hibernating
C101219,6,1,31130.62,5,1,2,8,New Customers
C101220,32,6,121359.607,4,5,5,14,Champions
C101222,529,2,25183.906000000003,1,2,2,5,Lost
C101224,43,4,74905.8,4,4,4,12,Champions
C101229,25,1,6719.32,4,1,1,6,New Customers
C101230,29,1,65740.45999999999,4,1,4,9,New Customers
C101231,89,6,145641.39,3,5,5,13,Loyal Customers
C101234,36,5,161996.172,4,4,5,13,Champions
C101237,51,1,51289.85,4,1,3,8,New Customers
C101238,184,3,69818.262,2,3,4,9,At Risk
C101239,39,4,68936.9315,4,4,4,12,Champions
C101240,422,1,15367.2,1,1,1,3,Lost
C101242,571,1,30213.324999999997,1,1,2,4,Lost
C101243,86,3,64276.0,3,3,4,10,Loyal Customers
C101245,11,4,60342.192,5,4,3,12,Loyal Customers
C101247,12,2,32572.428,5,2,2,9,New Customers
C101248,382,1,3241.324,1,1,1,3,Lost
C101249,2,1,9235.1,5,1,1,7,New Customers
C101250,12,2,41195.171,5,2,3,10,New Customers
C101251,600,3,48356.807,1,3,3,7,At Risk
C101252,118,4,72612.6725,3,4,4,11,Loyal Customers
C101253,74,7,178873.367,3,5,5,13,Loyal Customers
C101254,27,2,40970.724500000004,4,2,3,9,New Customers
C101255,1,2,38108.11,5,2,3,10,New Customers
C101256,468,1,12122.77,1,1,1,3,Lost
C101258,88,1,13360.913999999999,3,1,1,5,Hibernating
C101259,0,5,111940.77100000001,5,4,5,14,Champions
C101260,316,1,8448.021,1,1,1,3,Lost
C101261,126,2,42600.1205,3,2,3,8,Potential Loyalists
C101262,71,2,52448.611000000004,3,2,3,8,Potential Loyalists
C101263,2,3,63469.852,5,3,4,12,Loyal Customers
C101264,201,3,50304.479999999996,2,3,3,8,At Risk
C101265,89,6,178922.5755,3,5,5,13,Loyal Customers
C101267,159,2,17682.427499999998,2,2,1,5,Lost
C101268,17,8,186330.3125,5,5,5,15,Champions
C101269,40,2,34717.25,4,2,2,8,New Customers
C101271,711,1,29266.7,1,1,2,4,Lost
C101272,74,2,66451.5915,3,2,4,9,Potential Loyalists
C101273,367,1,11502.392,1,1,1,3,Lost
C101275,283,3,59235.0695,2,3,3,8,At Risk
C101277,85,1,38562.31,3,1,3,7,Potential Loyalists
C101278,10,10,315707.555,5,5,5,15,Champions
C101280,149,3,38368.253000000004,2,3,3,8,At Risk
C101281,7,5,145019.0805,5,4,5,14,Champions
C101282,9,9,265690.385,5,5,5,15,Champions
C101283,415,2,14080.168000000001,1,2,1,4,Lost
C101289,110,2,44342.53,3,2,3,8,Potential Loyalists
C101290,67,1,53284.365000000005,3,1,3,7,Potential Loyalists
C101291,0,2,28325.250999999997,5,2,2,9,New Customers
C101294,35,7,222324.868,4,5,5,14,Champions
C101295,197,2,3397.8134999999997,2,2,1,5,Lost
C101296,33,5,29916.306500000002,4,4,2,10,Loyal Customers
C101297,25,7,141688.307,4,5,5,14,Champions
C101298,99,3,88297.76449999999,3,3,4,10,Loyal Customers
C101299,25,1,30184.5,4,1,2,7,New Customers
C101301,301,1,51741.56800000001,1,1,3,5,Hibernating
C101302,370,2,38754.4835,1,2,3,6,Hibernating
C101303,187,1,6647.5015,2,1,1,4,Lost
C101304,40,6,89752.59,4,5,4,13,Champions
C101306,104,3,27982.9495,3,3,2,8,Loyal Customers
C101308,612,2,41777.0,1,2,3,6,Hibernating
C101309,114,5,115481.8095,3,4,5,12,Loyal Customers
C101313,151,7,114934.943,2,5,5,12,Cannot Lose Them
C101314,100,2,58755.7975,3,2,3,8,Potential Loyalists
C101315,2,10,171804.8005,5,5,5,15,Champions
C101316,96,3,109545.4095,3,3,5,11,Loyal Customers
C101318,795,1,40562.9955,1,1,3,5,Hibernating
C101319,27,1,53105.76000000001,4,1,3,8,New Customers
C101320,155,2,55365.201,2,2,3,7,Hibernating
C101321,5,2,16586.12,5,2,1,8,New Customers
C101322,65,6,53769.2285,3,5,3,11,Loyal Customers
C101325,38,2,16146.6085,4,2,1,7,New Customers
C101327,163,3,68289.179,2,3,4,9,At Risk
C101328,49,3,51901.9165,4,3,3,10,Loyal Customers
C101329,173,5,116398.23,2,4,5,11,Cannot Lose Them
C101330,54,1,22593.43,4,1,2,7,New Customers
C101331,11,11,216025.0765,5,5,5,15,Champions
C101333,99,2,48639.323,3,2,3,8,Potential Loyalists
C101334,84,2,22852.83,3,2,2,7,Hibernating
C101336,481,1,22571.852,1,1,2,4,Lost
C101338,126,1,36629.4635,3,1,2,6,Hibernating
C101339,62,6,73398.26,4,5,4,13,Champions
C101340,136,2,65631.358,3,2,4,9,Potential Loyalists
C101341,78,2,21214.26,3,2,2,7,Hibernating
C101342,38,3,56749.074,4,3,3,10,Loyal Customers
C101345,228,3,98867.93800000001,2,3,4,9,At Risk
C101347,47,19,520080.5755,4,5,5,14,Champions
C101348,78,2,64172.206000000006,3,2,4,9,Potential Loyalists
C101349,35,2,75395.335,4,2,4,10,New Customers
C101350,31,6,174995.91150000002,4,5,5,14,Champions
C101352,85,2,24126.5555,3,2,2,7,Hibernating
C101353,188,1,16820.756999999998,2,1,1,4,Lost
C101354,534,1,32455.458000000002,1,1,2,4,Lost
C101356,49,9,176677.32,4,5,5,14,Champions
C101358,331,1,24550.64,1,1,2,4,Lost
C101359,22,16,502444.3085,4,5,5,14,Champions
C101360,486,3,29575.31,1,3,2,6,At Risk
C101361,286,1,11547.664,2,1,1,4,Lost
C101362,8,13,231459.2805,5,5,5,15,Champions
C101363,86,1,43336.76,3,1,3,7,Potential Loyalists
C101365,98,1,16096.464,3,1,1,5,Hibernating
C101367,115,1,5390.6,3,1,1,5,Hibernating
C101371,106,1,15311.223,3,1,1,5,Hibernating
C101372,142,1,10594.071,2,1,1,4,Lost
C101373,116,1,13051.89,3,1,1,5,Hibernating
C101374,146,1,43105.765499999994,2,1,3,6,Hibernating
C101375,104,2,15552.5955,3,2,1,6,Hibernating
C101380,158,1,22189.79,2,1,2,5,Lost
C101382,19,1,20033.991,5,1,2,8,New Customers
C101383,8,2,67076.9425,5,2,4,11,New Customers
C101386,11,16,422731.7545,5,5,5,15,Champions
C101388,304,1,34920.702,1,1,2,4,Lost
C101389,17,4,102047.9615,5,4,4,13,Champions
C101391,88,3,79220.16399999999,3,3,4,10,Loyal Customers
C101392,165,6,88738.41249999999,2,5,4,11,Cannot Lose Them
C101394,942,1,2853.59,1,1,1,3,Lost
C101397,93,4,80373.39,3,4,4,11,Loyal Customers
C101398,167,2,17642.806,2,2,1,5,Lost
C101399,66,4,44613.759,3,4,3,10,Loyal Customers
C101401,109,1,16147.31,3,1,1,5,Hibernating
C101402,179,3,54595.552,2,3,3,8,At Risk
C101403,193,2,30974.631,2,2,2,6,Lost
C101405,755,1,68008.77900000001,1,1,4,6,Hibernating
C101407,13,5,162234.51750000002,5,4,5,14,Champions
C101409,72,3,60105.59,3,3,3,9,Loyal Customers
C101411,61,4,41891.8955,4,4,3,11,Loyal Customers
C101412,361,1,12325.81,1,1,1,3,Lost
C101413,41,5,156047.5595,4,4,5,13,Champions
C101414,24,4,109572.848,4,4,5,13,Champions
C101415,436,2,16751.324,1,2,1,4,Lost
C101416,7,2,57888.324,5,2,3,10,New Customers
C101417,204,1,14299.73,2,1,1,4,Lost
C101418,60,3,43637.6135,4,3,3,10,Loyal Customers
C101419,96,6,105460.55,3,5,4,12,Loyal Customers
C101420,13,5,60856.571500000005,5,4,3,12,Loyal Customers
C101421,207,2,22188.751,2,2,2,6,Lost
C101423,137,3,41233.585,3,3,3,9,Loyal Customers
C101424,47,2,54325.6855,4,2,3,9,New Customers
C101425,114,2,63859.9615,3,2,4,9,Potential Loyalists
C101426,280,1,47466.255999999994,2,1,3,6,Hibernating
C101427,223,3,78570.79,2,3,4,9,At Risk
C101428,18,2,77204.477,5,2,4,11,New Customers
C101429,61,4,66575.677,4,4,4,12,Champions
C101430,432,1,50976.495,1,1,3,5,Hibernating
C101431,307,1,16182.138500000001,1,1,1,3,Lost
C101432,36,5,124262.086,4,4,5,13,Champions
C101433,526,1,16205.84,1,1,1,3,Lost
C101434,77,4,53109.574,3,4,3,10,Loyal Customers
C101437,51,3,35656.39,4,3,2,9,Loyal Customers
C101440,45,3,58534.113,4,3,3,10,Loyal Customers
C101441,106,1,27138.949999999997,3,1,2,6,Hibernating
C101444,59,1,14753.730500000001,4,1,1,6,New Customers
C101445,0,4,55866.87300000001,5,4,3,12,Loyal Customers
C101446,669,1,23371.43,1,1,2,4,Lost
C101448,77,5,87493.768,3,4,4,11,Loyal Customers
C101449,216,2,35794.543,2,2,2,6,Lost
C101451,21,2,25093.768000000004,4,2,2,8,New Customers
C101454,369,1,10522.970000000001,1,1,1,3,Lost
C101455,1,4,84609.395,5,4,4,13,Champions
C101456,36,5,200020.535,4,4,5,13,Champions
C101457,72,10,248182.7245,3,5,5,13,Loyal Customers
C101458,514,1,37288.0125,1,1,2,4,Lost
C101459,162,5,82007.3695,2,4,4,10,Cannot Lose Them
C101461,122,1,17211.370000000003,3,1,1,5,Hibernating
C101462,179,1,0.0,2,1,1,4,Lost
C101463,125,2,89217.706,3,2,4,9,Potential Loyalists
C101465,100,3,46541.802,3,3,3,9,Loyal Customers
C101466,6,2,76657.52,5,2,4,11,New Customers
C101467,274,1,4601.313,2,1,1,4,Lost
C101469,65,6,117788.1175,3,5,5,13,Loyal Customers
C101470,505,1,16432.389,1,1,1,3,Lost
C101471,493,1,40224.69,1,1,3,5,Hibernating
C101473,34,8,142554.891,4,5,5,14,Champions
C101474,623,2,60891.336500000005,1,2,3,6,Hibernating
C101475,99,1,23074.567499999997,3,1,2,6,Hibernating
C101477,778,1,5255.808000000001,1,1,1,3,Lost
C101478,65,1,17266.808,3,1,1,5,Hibernating
C101481,614,2,33287.6235,1,2,2,5,Lost
C101482,63,3,54833.305499999995,3,3,3,9,Loyal Customers
C101484,50,2,19598.2175,4,2,2,8,New Customers
C101485,213,2,86536.16,2,2,4,8,Hibernating
C101486,0,1,107373.94200000001,5,1,4,10,New Customers
C101488,6,1,4515.07,5,1,1,7,New Customers
C101489,704,2,28584.419,1,2,2,5,Lost
C101491,37,2,32641.561,4,2,2,8,New Customers
C101492,-1,2,29613.93,5,2,2,9,New Customers
C101494,35,1,13776.0945,4,1,1,6,New Customers
C101495,1,5,129810.767,5,4,5,14,Champions
C101497,631,2,22338.9255,1,2,2,5,Lost
C101498,3,2,11727.234,5,2,1,8,New Customers
C101500,255,2,43959.059,2,2,3,7,Hibernating
C101502,51,3,61446.768000000004,4,3,3,10,Loyal Customers
C101503,15,3,79692.4505,5,3,4,12,Loyal Customers
C101504,129,3,55410.3965,3,3,3,9,Loyal Customers
C101505,274,1,21590.991,2,1,2,5,Lost
C101507,94,3,53705.46799999999,3,3,3,9,Loyal Customers
C101508,38,4,115673.11600000001,4,4,5,13,Champions
C101509,131,3,81076.896,3,3,4,10,Loyal Customers
C101510,36,4,57835.276,4,4,3,11,Loyal Customers
C101511,5,3,88493.668,5,3,4,12,Loyal Customers
C101513,44,4,84202.996,4,4,4,12,Champions
C101514,508,1,4318.7,1,1,1,3,Lost
C101515,85,4,78305.19,3,4,4,11,Loyal Customers
C101516,2,12,269340.917,5,5,5,15,Champions
C101517,713,1,21434.5,1,1,2,4,Lost
C101519,21,8,143160.6785,4,5,5,14,Champions
C101521,161,4,83779.46650000001,2,4,4,10,Cannot Lose Them
C101522,625,2,9944.576000000001,1,2,1,4,Lost
C101524,211,2,16777.58,2,2,1,5,Lost
C101526,281,2,18203.7,2,2,2,6,Lost
C101528,206,3,88412.892,2,3,4,9,At Risk
C101529,459,1,6784.392,1,1,1,3,Lost
C101530,3,2,23958.464,5,2,2,9,New Customers
C101531,405,1,20822.056,1,1,2,4,Lost
C101532,247,6,123490.081,2,5,5,12,Cannot Lose Them
C101533,-1,2,45181.623999999996,5,2,3,10,New Customers
C101534,10,10,136383.5955,5,5,5,15,Champions
C101535,17,5,116165.79800000001,5,4,5,14,Champions
C101536,509,3,37099.538,1,3,2,6,At Risk
C101538,15,10,218642.9625,5,5,5,15,Champions
C101539,114,1,9292.77,3,1,1,5,Hibernating
C101541,419,1,4871.68,1,1,1,3,Lost
C101542,148,4,113534.965,2,4,5,11,Cannot Lose Them
C101543,61,4,73397.735,4,4,4,12,Champions
C101544,96,3,67642.242,3,3,4,10,Loyal Customers
C101545,2,8,204219.822,5,5,5,15,Champions
C101546,13,2,57065.82400000001,5,2,3,10,New Customers
C101547,186,3,51493.704,2,3,3,8,At Risk
C101548,912,1,30581.307000000004,1,1,2,4,Lost
C101549,31,1,28247.3275,4,1,2,7,New Customers
C101550,484,1,41559.840000000004,1,1,3,5,Hibernating
C101551,45,1,2086.84,4,1,1,6,New Customers
C101553,100,2,34009.0545,3,2,2,7,Hibernating
C101555,79,1,11340.264,3,1,1,5,Hibernating
C101556,101,3,61570.015,3,3,3,9,Loyal Customers
C101558,935,1,72871.497,1,1,4,6,Hibernating
C101559,47,9,148139.79200000002,4,5,5,14,Champions
C101560,221,1,10260.027,2,1,1,4,Lost
C101561,78,3,39831.71200000001,3,3,3,9,Loyal Customers
C101564,7,2,45126.11200000001,5,2,3,10,New Customers
C101567,541,1,34752.05,1,1,2,4,Lost
C101568,65,2,21128.91,3,2,2,7,Hibernating
C101569,253,1,17878.779000000002,2,1,1,4,Lost
C101570,97,8,191506.5985,3,5,5,13,Loyal Customers
C101571,44,5,110087.568,4,4,5,13,Champions
C101574,111,2,53118.5905,3,2,3,8,Potential Loyalists
C101575,415,3,92775.786,1,3,4,8,At Risk
C101576,481,2,32430.0765,1,2,2,5,Lost
C101580,865,2,24808.244,1,2,2,5,Lost
C101581,19,8,148332.3685,5,5,5,15,Champions
C101584,185,1,40808.259999999995,2,1,3,6,Hibernating
C101585,172,7,103550.8435,2,5,4,11,Cannot Lose Them
C101586,22,9,240204.23200000002,4,5,5,14,Champions
C101587,26,2,36866.757999999994,4,2,2,8,New Customers
C101588,15,1,50395.619999999995,5,1,3,9,New Customers
C101590,523,2,25507.019999999997,1,2,2,5,Lost
C101591,53,1,14201.520000000002,4,1,1,6,New Customers
C101592,36,2,31863.7725,4,2,2,8,New Customers
C101593,1,15,369383.8705,5,5,5,15,Champions
C101595,72,5,146926.519,3,4,5,12,Loyal Customers
C101597,680,1,66902.58,1,1,4,6,Hibernating
C101598,11,3,106132.48800000001,5,3,4,12,Loyal Customers
C101599,85,14,147674.144,3,5,5,13,Loyal Customers
C101600,133,2,19969.387,3,2,2,7,Hibernating
C101601,2,5,39167.94,5,4,3,12,Loyal Customers
C101602,52,4,90162.2485,4,4,4,12,Champions
C101603,14,2,26742.702,5,2,2,9,New Customers
C101604,84,2,30772.649,3,2,2,7,Hibernating
C101605,118,1,16331.630000000001,3,1,1,5,Hibernating
C101606,98,1,15063.664,3,1,1,5,Hibernating
C101607,12,2,34578.209,5,2,2,9,New Customers
C101608,39,6,173832.75,4,5,5,14,Champions
C101609,22,6,150309.648,4,5,5,14,Champions
C101610,453,1,34367.96,1,1,2,4,Lost
C101611,4,4,43442.999,5,4,3,12,Loyal Customers
C101612,35,4,53150.915,4,4,3,11,Loyal Customers
C101614,159,3,71535.94,2,3,4,9,At Risk
C101615,462,1,11599.184000000001,1,1,1,3,Lost
C101616,70,1,9985.75,3,1,1,5,Hibernating
C101618,17,8,242222.53,5,5,5,15,Champions
C101619,336,1,25174.926,1,1,2,4,Lost
C101620,441,3,77156.2905,1,3,4,8,At Risk
C101621,239,2,50277.313,2,2,3,7,Hibernating
C101622,21,4,107726.3485,4,4,5,13,Champions
C101623,458,1,16413.858,1,1,1,3,Lost
C101624,365,6,129376.216,1,5,5,11,Cannot Lose Them
C101625,188,2,46597.222,2,2,3,7,Hibernating
C101626,81,4,76668.1005,3,4,4,11,Loyal Customers
C101628,258,1,21648.08,2,1,2,5,Lost
C101630,475,2,41822.25,1,2,3,6,Hibernating
C101631,-1,1,13916.248000000001,5,1,1,7,New Customers
C101632,218,1,18621.528,2,1,2,5,Lost
C101633,426,2,33084.416,1,2,2,5,Lost
C101634,24,5,91154.087,4,4,4,12,Champions
C101635,126,6,134725.9705,3,5,5,13,Loyal Customers
C101636,21,1,20959.78,4,1,2,7,New Customers
C101637,269,1,13912.845,2,1,1,4,Lost
C101641,180,3,61910.8275,2,3,3,8,At Risk
C101642,921,2,41391.047999999995,1,2,3,6,Hibernating
C101643,361,3,43182.7675,1,3,3,7,At Risk
C101646,106,5,88138.288,3,4,4,11,Loyal Customers
C101647,100,1,13487.71,3,1,1,5,Hibernating
C101648,34,1,12004.8365,4,1,1,6,New Customers
C101649,92,3,44753.2435,3,3,3,9,Loyal Customers
C101650,20,9,109924.965,5,5,5,15,Champions
C101651,183,6,159472.791,2,5,5,12,Cannot Lose Them
C101652,8,1,32910.6125,5,1,2,8,New Customers
C101653,448,1,16679.95,1,1,1,3,Lost
C101655,0,3,100898.889,5,3,4,12,Loyal Customers
C101656,57,1,1962.157,4,1,1,6,New Customers
C101657,7,9,144095.08800000002,5,5,5,15,Champions
C101658,225,4,125317.381,2,4,5,11,Cannot Lose Them
C101659,60,17,449408.87,4,5,5,14,Champions
C101660,30,2,40567.32,4,2,3,9,New Customers
C101661,-1,7,160912.772,5,5,5,15,Champions
C101664,22,4,132041.299,4,4,5,13,Champions
C101665,107,3,92263.753,3,3,4,10,Loyal Customers
C101667,13,8,218914.0875,5,5,5,15,Champions
C101668,459,3,56418.918999999994,1,3,3,7,At Risk
C101671,73,7,171250.8755,3,5,5,13,Loyal Customers
C101672,135,3,99536.33,3,3,4,10,Loyal Customers
C101673,146,2,37887.3605,2,2,3,7,Hibernating
C101675,553,1,19292.0675,1,1,2,4,Lost
C101676,128,8,126723.5765,3,5,5,13,Loyal Customers
C101677,447,3,28729.33,1,3,2,6,At Risk
C101678,46,4,81277.0565,4,4,4,12,Champions
C101679,20,3,94856.644,5,3,4,12,Loyal Customers
C101680,122,2,67037.20000000001,3,2,4,9,Potential Loyalists
C101682,139,1,52721.694,3,1,3,7,Potential Loyalists
C101683,3,1,9556.3,5,1,1,7,New Customers
C101684,36,2,34781.727,4,2,2,8,New Customers
C101685,44,1,36881.56,4,1,2,7,New Customers
C101686,121,4,113455.094,3,4,5,12,Loyal Customers
C101688,121,1,4128.84,3,1,1,5,Hibernating
C101689,44,5,81044.2775,4,4,4,12,Champions
C101690,20,1,8896.15,5,1,1,7,New Customers
C101691,460,2,54992.64,1,2,3,6,Hibernating
C101692,294,1,34929.49,1,1,2,4,Lost
C101693,37,2,54130.547,4,2,3,9,New Customers
C101696,816,1,3980.7360000000003,1,1,1,3,Lost
C101697,220,1,1463.2279999999998,2,1,1,4,Lost
C101698,54,2,29514.230000000003,4,2,2,8,New Customers
C101699,3,1,2892.46,5,1,1,7,New Customers
C101700,285,3,38880.514500000005,2,3,3,8,At Risk
C101701,216,1,70452.5475,2,1,4,7,Hibernating
C101702,20,7,130271.6255,5,5,5,15,Champions
C101703,21,3,62471.3775,4,3,3,10,Loyal Customers
C101704,161,2,33180.336,2,2,2,6,Lost
C101705,557,1,12211.152000000002,1,1,1,3,Lost
C101706,205,2,30118.0645,2,2,2,6,Lost
C101707,442,1,33344.16,1,1,2,4,Lost
C101709,35,1,21565.503,4,1,2,7,New Customers
C101710,34,1,42662.44,4,1,3,8,New Customers
C101711,265,3,148391.7955,2,3,5,10,At Risk
C101712,155,7,145503.1285,2,5,5,12,Cannot Lose Them
C101713,153,2,47923.329000000005,2,2,3,7,Hibernating
C101714,-1,2,28323.9955,5,2,2,9,New Customers
C101715,169,4,80012.366,2,4,4,10,Cannot Lose Them
C101716,96,2,52299.0285,3,2,3,8,Potential Loyalists
C101717,213,3,22437.944,2,3,2,7,At Risk
C101718,38,7,185114.3065,4,5,5,14,Champions
C101720,172,4,72324.725,2,4,4,10,Cannot Lose Them
C101721,551,1,5262.903,1,1,1,3,Lost
C101722,8,8,97631.996,5,5,4,14,Champions
C101723,304,1,19264.451,1,1,2,4,Lost
C101725,77,5,129810.502,3,4,5,12,Loyal Customers
C101727,114,3,31108.375,3,3,2,8,Loyal Customers
C101728,10,1,23486.137499999997,5,1,2,8,New Customers
C101729,117,2,36410.231999999996,3,2,2,7,Hibernating
C101730,192,2,28543.5195,2,2,2,6,Lost
C101731,166,1,722.5,2,1,1,4,Lost
C101732,18,8,162055.4595,5,5,5,15,Champions
C101734,393,2,32754.472,1,2,2,5,Lost
C101735,0,2,15900.265500000001,5,2,1,8,New Customers
C101736,261,3,91685.3235,2,3,4,9,At Risk
C101739,63,9,160935.2225,3,5,5,13,Loyal Customers
C101740,5,1,26051.428999999996,5,1,2,8,New Customers
C101741,129,1,9753.56,3,1,1,5,Hibernating
C101743,173,1,14793.09,2,1,1,4,Lost
C101747,104,2,26682.88,3,2,2,7,Hibernating
C101748,920,1,3206.56,1,1,1,3,Lost
C101749,12,4,111206.26000000001,5,4,5,14,Champions
C101750,75,1,15445.571,3,1,1,5,Hibernating
C101752,27,3,101618.76400000001,4,3,4,11,Loyal Customers
C101753,142,3,35251.174,2,3,2,7,At Risk
C101754,12,9,270034.71400000004,5,5,5,15,Champions
C101756,30,5,157086.609,4,4,5,13,Champions
C101757,652,2,25858.798,1,2,2,5,Lost
C101758,336,2,144192.72,1,2,5,8,Hibernating
C101761,195,1,74349.16,2,1,4,7,Hibernating
C101762,282,3,145495.70299999998,2,3,5,10,At Risk
C101765,70,3,77404.257,3,3,4,10,Loyal Customers
C101766,30,4,72213.569,4,4,4,12,Champions
C101767,23,2,22008.0,4,2,2,8,New Customers
C101768,14,1,5939.827499999999,5,1,1,7,New Customers
C101769,57,1,40409.3,4,1,3,8,New Customers
C101773,539,2,54705.1065,1,2,3,6,Hibernating
C101774,170,3,57717.9945,2,3,3,8,At Risk
C101775,31,1,16655.529,4,1,1,6,New Customers
C101777,245,3,51537.852,2,3,3,8,At Risk
C101779,317,3,89196.4815,1,3,4,8,At Risk
C101780,34,1,31126.7,4,1,2,7,New Customers
C101781,52,2,16178.413499999999,4,2,1,7,New Customers
C101782,69,4,42279.134999999995,3,4,3,10,Loyal Customers
C101787,522,1,12743.94,1,1,1,3,Lost
C101788,7,5,137188.793,5,4,5,14,Champions
C101789,50,2,41672.788,4,2,3,9,New Customers
C101790,250,2,27963.358,2,2,2,6,Lost
C101791,11,6,106511.913,5,5,4,14,Champions
C101793,16,11,164954.907,5,5,5,15,Champions
C101795,5,2,30912.460000000003,5,2,2,9,New Customers
C101796,40,3,71195.66,4,3,4,11,Loyal Customers
C101797,194,1,6836.76,2,1,1,4,Lost
C101801,3,7,108448.0215,5,5,5,15,Champions
C101803,138,3,90797.451,3,3,4,10,Loyal Customers
C101805,85,1,16123.0,3,1,1,5,Hibernating
C101807,339,1,1414.18,1,1,1,3,Lost
C101808,104,2,25575.724000000002,3,2,2,7,Hibernating
C101809,617,1,35037.288,1,1,2,4,Lost
C101810,107,11,229052.65,3,5,5,13,Loyal Customers
C101811,258,2,47550.5515,2,2,3,7,Hibernating
C101812,17,4,103488.52649999999,5,4,4,13,Champions
C101813,75,3,58667.990999999995,3,3,3,9,Loyal Customers
C101818,112,5,56710.871,3,4,3,10,Loyal Customers
C101819,46,7,175545.506,4,5,5,14,Champions
C101820,15,5,87699.388,5,4,4,13,Champions
C101821,2,6,111195.817,5,5,5,15,Champions
C101822,22,2,30778.224,4,2,2,8,New Customers
C101824,165,1,17938.185,2,1,1,4,Lost
C101825,70,2,49646.7035,3,2,3,8,Potential Loyalists
C101826,283,5,66141.962,2,4,4,10,Cannot Lose Them
C101827,73,5,70414.9785,3,4,4,11,Loyal Customers
C101828,138,2,22804.414,3,2,2,7,Hibernating
C101830,552,1,15510.869999999999,1,1,1,3,Lost
C101831,299,1,15230.93,1,1,1,3,Lost
C101832,123,7,164675.00400000002,3,5,5,13,Loyal Customers
C101833,187,1,5119.805,2,1,1,4,Lost
C101836,2,3,129236.193,5,3,5,13,Loyal Customers
C101837,443,1,11979.98,1,1,1,3,Lost
C101838,2,2,10763.5085,5,2,1,8,New Customers
C101839,143,5,69748.23199999999,2,4,4,10,Cannot Lose Them
C101840,62,2,42978.687999999995,4,2,3,9,New Customers
C101841,70,2,49363.591,3,2,3,8,Potential Loyalists
C101842,455,1,7700.92,1,1,1,3,Lost
C101843,349,1,44197.73,1,1,3,5,Hibernating
C101844,443,1,27170.883,1,1,2,4,Lost
C101845,64,1,12659.9765,3,1,1,5,Hibernating
C101847,373,2,55266.045,1,2,3,6,Hibernating
C101848,81,1,8752.445,3,1,1,5,Hibernating
C101849,256,1,20888.256,2,1,2,5,Lost
C101850,23,19,352258.3395,4,5,5,14,Champions
C101852,35,7,96069.0585,4,5,4,13,Champions
C101854,115,4,58385.53,3,4,3,10,Loyal Customers
C101855,28,3,68719.4785,4,3,4,11,Loyal Customers
C101856,45,2,79607.88500000001,4,2,4,10,New Customers
C101857,42,5,108079.5555,4,4,5,13,Champions
C101858,222,1,28933.93,2,1,2,5,Lost
C101859,305,2,38720.520000000004,1,2,3,6,Hibernating
C101860,199,1,42920.1165,2,1,3,6,Hibernating
C101862,105,1,19564.148,3,1,2,6,Hibernating
C101863,63,2,45353.527,3,2,3,8,Potential Loyalists
C101864,17,1,38700.015999999996,5,1,3,9,New Customers
C101865,515,1,26525.690000000002,1,1,2,4,Lost
C101866,176,1,32713.95,2,1,2,5,Lost
C101869,8,1,20810.24,5,1,2,8,New Customers
C101872,173,3,57069.2435,2,3,3,8,At Risk
C101874,535,3,65584.27100000001,1,3,4,8,At Risk
C101877,18,2,48860.877499999995,5,2,3,10,New Customers
C101878,12,10,166362.672,5,5,5,15,Champions
C101879,380,1,11333.078999999998,1,1,1,3,Lost
C101882,46,2,41377.850000000006,4,2,3,9,New Customers
C101884,23,6,116147.5195,4,5,5,14,Champions
C101885,275,4,156658.8295,2,4,5,11,Cannot Lose Them
C101886,379,1,50652.090000000004,1,1,3,5,Hibernating
C101888,169,3,39896.7615,2,3,3,8,At Risk
C101889,62,7,144870.0735,4,5,5,14,Champions
C101890,93,8,165719.512,3,5,5,13,Loyal Customers
C101891,65,1,21356.8705,3,1,2,6,Hibernating
C101892,120,4,79882.8325,3,4,4,11,Loyal Customers
C101894,494,2,25997.964,1,2,2,5,Lost
C101895,127,3,115301.14050000001,3,3,5,11,Loyal Customers
C101896,90,4,84531.956,3,4,4,11,Loyal Customers
C101897,127,1,5240.865,3,1,1,5,Hibernating
C101898,247,4,77642.4055,2,4,4,10,Cannot Lose Them
C101900,145,1,57592.04749999999,2,1,3,6,Hibernating
C101901,7,7,146065.703,5,5,5,15,Champions
C101902,161,1,3185.0640000000003,2,1,1,4,Lost
C101903,147,2,21053.006,2,2,2,6,Lost
C101904,579,1,9190.773,1,1,1,3,Lost
C101905,10,1,73850.036,5,1,4,10,New Customers
C101906,212,6,156560.4375,2,5,5,12,Cannot Lose Them
C101909,495,1,28534.4375,1,1,2,4,Lost
C101910,80,11,300923.908,3,5,5,13,Loyal Customers
C101913,34,4,37005.01,4,4,2,10,Loyal Customers
C101915,31,3,23458.802000000003,4,3,2,9,Loyal Customers
C101916,768,1,12088.21,1,1,1,3,Lost
C101917,7,4,119004.7225,5,4,5,14,Champions
C101919,53,3,29110.934999999998,4,3,2,9,Loyal Customers
C101920,81,5,100610.57,3,4,4,11,Loyal Customers
C101921,16,2,32845.380000000005,5,2,2,9,New Customers
C101925,293,2,39412.28,1,2,3,6,Hibernating
C101926,115,2,56247.164,3,2,3,8,Potential Loyalists
C101931,25,1,14655.916,4,1,1,6,New Customers
C101932,50,7,111245.177,4,5,5,14,Champions
C101933,107,4,97165.612,3,4,4,11,Loyal Customers
C101934,103,6,102175.99849999999,3,5,4,12,Loyal Customers
C101935,416,1,23981.645,1,1,2,4,Lost
C101936,64,5,123798.8005,3,4,5,12,Loyal Customers
C101938,374,1,13822.105,1,1,1,3,Lost
C101939,196,2,30445.042,2,2,2,6,Lost
C101940,320,1,38870.6,1,1,3,5,Hibernating
C101941,0,5,82073.507,5,4,4,13,Champions
C101943,62,8,176138.934,4,5,5,14,Champions
C101944,129,1,9723.95,3,1,1,5,Hibernating
C101945,-1,14,296355.7635,5,5,5,15,Champions
C101947,37,3,47041.5005,4,3,3,10,Loyal Customers
C101949,119,4,117726.495,3,4,5,12,Loyal Customers
C101950,142,2,27168.6965,2,2,2,6,Lost
C101951,253,1,25378.47,2,1,2,5,Lost
C101953,100,2,49747.49,3,2,3,8,Potential Loyalists
C101955,599,1,30656.462,1,1,2,4,Lost
C101956,60,2,10666.805,4,2,1,7,New Customers
C101957,167,2,11525.922,2,2,1,5,Lost
C101958,27,6,116816.48999999999,4,5,5,14,Champions
C101960,11,3,66379.402,5,3,4,12,Loyal Customers
C101961,18,4,46257.6795,5,4,3,12,Loyal Customers
C101962,305,3,28059.868000000002,1,3,2,6,At Risk
C101963,-1,5,48729.284,5,4,3,12,Loyal Customers
C101969,112,6,210985.474,3,5,5,13,Loyal Customers
C101970,390,1,24213.429,1,1,2,4,Lost
C101971,280,1,68548.54999999999,2,1,4,7,Hibernating
C101974,57,4,100546.332,4,4,4,12,Champions
C101975,234,4,63621.7295,2,4,4,10,Cannot Lose Them
C101977,112,1,6351.45,3,1,1,5,Hibernating
C101978,957,1,12577.635,1,1,1,3,Lost
C101981,54,1,25987.07,4,1,2,7,New Customers
C101984,492,1,77844.26,1,1,4,6,Hibernating
C101986,399,2,23000.914999999997,1,2,2,5,Lost
C101988,263,3,80905.37700000001,2,3,4,9,At Risk
C101989,83,1,30181.68,3,1,2,6,Hibernating
C101992,700,1,26993.1005,1,1,2,4,Lost
C101994,59,1,9590.88,4,1,1,6,New Customers
C101995,11,2,23600.136000000006,5,2,2,9,New Customers
C101996,35,5,47737.626,4,4,3,11,Loyal Customers
C101997,6,7,92310.342,5,5,4,14,Champions
C102000,9,2,39445.103500000005,5,2,3,10,New Customers
C102001,286,2,36143.721000000005,2,2,2,6,Lost
C102002,0,10,185945.87900000002,5,5,5,15,Champions
C102003,151,4,99983.00600000001,2,4,4,10,Cannot Lose Them
C102009,322,1,16412.43,1,1,1,3,Lost
C102012,494,2,23035.731,1,2,2,5,Lost
C102013,184,6,153729.54,2,5,5,12,Cannot Lose Them
C102017,14,2,57001.852,5,2,3,10,New Customers
C102019,20,5,122137.72750000001,5,4,5,14,Champions
C102020,301,1,15483.272,1,1,1,3,Lost
C102023,109,4,126313.68599999999,3,4,5,12,Loyal Customers
C102026,139,1,21376.767,3,1,2,6,Hibernating
C102027,49,2,32045.4195,4,2,2,8,New Customers
C102029,12,4,45990.77,5,4,3,12,Loyal Customers
C102030,14,3,26976.872499999998,5,3,2,10,Loyal Customers
C102031,16,3,20308.591,5,3,2,10,Loyal Customers
C102033,168,4,71872.7355,2,4,4,10,Cannot Lose Them
C102034,269,4,198569.276,2,4,5,11,Cannot Lose Them
C102037,12,5,162572.204,5,4,5,14,Champions
C102038,17,6,67915.331,5,5,4,14,Champions
C102041,12,5,90825.58099999999,5,4,4,13,Champions
C102043,64,1,32643.68,3,1,2,6,Hibernating
C102045,211,5,91164.541,2,4,4,10,Cannot Lose Them
C102047,185,2,14524.504,2,2,1,5,Lost
C102048,26,1,92460.5,4,1,4,9,New Customers
C102049,40,4,115951.753,4,4,5,13,Champions
C102051,39,7,150521.0715,4,5,5,14,Champions
C102052,170,3,45335.347,2,3,3,8,At Risk
C102053,901,1,16979.7105,1,1,1,3,Lost
C102055,35,1,17058.1655,4,1,1,6,New Customers
C102056,69,5,79768.086,3,4,4,11,Loyal Customers
C102059,371,1,8563.13,1,1,1,3,Lost
C102061,150,3,37913.843,2,3,3,8,At Risk
C102062,15,3,51374.488,5,3,3,11,Loyal Customers
C102063,48,2,64641.74,4,2,4,10,New Customers
C102064,2,2,11133.558,5,2,1,8,New Customers
C102065,37,2,25485.66,4,2,2,8,New Customers
C102067,17,1,29672.370000000003,5,1,2,8,New Customers
C102069,14,2,40154.42,5,2,3,10,New Customers
C102071,928,2,53174.316,1,2,3,6,Hibernating
C102073,75,2,34542.216,3,2,2,7,Hibernating
C102075,227,1,30477.739999999998,2,1,2,5,Lost
C102076,480,4,101800.484,1,4,4,9,Cannot Lose Them
C102077,156,3,43057.53,2,3,3,8,At Risk
C102078,8,2,22442.709,5,2,2,9,New Customers
C102080,15,4,111851.87599999999,5,4,5,14,Champions
C102081,256,1,2598.4075,2,1,1,4,Lost
C102082,183,2,74805.2385,2,2,4,8,Hibernating
C102084,-1,2,53072.255,5,2,3,10,New Customers
C102085,397,4,89128.3235,1,4,4,9,Cannot Lose Them
C102088,7,6,220995.403,5,5,5,15,Champions
C102089,311,2,106052.29999999999,1,2,4,7,Hibernating
C102090,42,1,46540.79,4,1,3,8,New Customers
C102093,172,1,28520.93,2,1,2,5,Lost
C102096,31,4,72463.275,4,4,4,12,Champions
C102097,26,3,96242.122,4,3,4,11,Loyal Customers
C102100,59,5,117992.219,4,4,5,13,Champions
C102101,16,10,240939.894,5,5,5,15,Champions
C102103,245,5,53569.954,2,4,3,9,At Risk
C102104,600,1,19707.6,1,1,2,4,Lost
C102107,544,1,60232.479999999996,1,1,3,5,Hibernating
C102108,22,1,8134.42,4,1,1,6,New Customers
C102109,226,2,41484.816,2,2,3,7,Hibernating
C102110,3,5,85842.763,5,4,4,13,Champions
C102111,127,2,23139.874,3,2,2,7,Hibernating
C102112,0,9,173594.179,5,5,5,15,Champions
C102113,117,3,72118.5085,3,3,4,10,Loyal Customers
C102114,66,2,52311.94,3,2,3,8,Potential Loyalists
C102115,224,1,4949.9,2,1,1,4,Lost
C102116,342,1,56315.770000000004,1,1,3,5,Hibernating
C102117,256,1,17144.31,2,1,1,4,Lost
C102119,52,3,101065.588,4,3,4,11,Loyal Customers
C102120,104,1,12662.09,3,1,1,5,Hibernating
C102121,-1,6,150277.408,5,5,5,15,Champions
C102122,36,2,47775.3405,4,2,3,9,New Customers
C102123,155,1,18392.99,2,1,2,5,Lost
C102124,69,6,183105.445,3,5,5,13,Loyal Customers
C102126,144,2,39228.753,2,2,3,7,Hibernating
C102127,55,4,82066.162,4,4,4,12,Champions
C102128,365,3,49291.462,1,3,3,7,At Risk
C102130,139,2,53643.1005,3,2,3,8,Potential Loyalists
C102132,107,6,125569.311,3,5,5,13,Loyal Customers
C102133,559,1,19115.51,1,1,2,4,Lost
C102136,58,4,52147.080500000004,4,4,3,11,Loyal Customers
C102137,47,1,20390.76,4,1,2,7,New Customers
C102138,507,1,26502.870000000003,1,1,2,4,Lost
C102141,109,11,181915.946,3,5,5,13,Loyal Customers
C102143,18,1,4492.57,5,1,1,7,New Customers
C102144,156,1,40898.358,2,1,3,6,Hibernating
C102145,-1,5,100770.57800000001,5,4,4,13,Champions
C102146,283,1,12319.58,2,1,1,4,Lost
C102148,10,9,144613.816,5,5,5,15,Champions
C102150,115,2,21355.958000000002,3,2,2,7,Hibernating
C102151,2,8,144757.861,5,5,5,15,Champions
C102152,279,3,40963.387,2,3,3,8,At Risk
C102153,126,2,72447.92,3,2,4,9,Potential Loyalists
C102156,160,1,2117.31,2,1,1,4,Lost
C102157,66,18,395804.283,3,5,5,13,Loyal Customers
C102158,75,11,168492.536,3,5,5,13,Loyal Customers
C102163,11,2,27662.828,5,2,2,9,New Customers
C102164,5,5,111172.524,5,4,5,14,Champions
C102165,11,6,193000.566,5,5,5,15,Champions
C102166,32,5,76053.9685,4,4,4,12,Champions
C102167,25,2,49353.2215,4,2,3,9,New Customers
C102168,18,2,34125.324,5,2,2,9,New Customers
C102169,222,2,16221.246,2,2,1,5,Lost
C102170,180,1,10187.54,2,1,1,4,Lost
C102171,0,2,23618.489,5,2,2,9,New Customers
C102172,826,1,24208.79,1,1,2,4,Lost
C102173,8,2,42512.363,5,2,3,10,New Customers
C102174,160,7,192225.1115,2,5,5,12,Cannot Lose Them
C102175,81,1,8796.24,3,1,1,5,Hibernating
C102176,18,7,208473.41749999998,5,5,5,15,Champions
C102178,538,1,16519.9115,1,1,1,3,Lost
C102179,5,5,59387.877499999995,5,4,3,12,Loyal Customers
C102180,4,1,29242.3715,5,1,2,8,New Customers
C102181,11,6,115517.4535,5,5,5,15,Champions
C102182,70,1,19681.440000000002,3,1,2,6,Hibernating
C102184,257,2,32274.04,2,2,2,6,Lost
C102185,7,2,33651.291,5,2,2,9,New Customers
C102186,60,4,99183.21250000001,4,4,4,12,Champions
C102188,26,3,58745.198000000004,4,3,3,10,Loyal Customers
C102189,89,2,42917.947,3,2,3,8,Potential Loyalists
C102193,601,1,9944.51,1,1,1,3,Lost
C102199,127,2,107390.23400000001,3,2,4,9,Potential Loyalists
C102200,33,2,53231.32,4,2,3,9,New Customers
C102201,18,7,100045.16649999999,5,5,4,14,Champions
C102202,2,3,54855.7755,5,3,3,11,Loyal Customers
C102203,121,2,32974.3845,3,2,2,7,Hibernating
C102205,0,4,48281.336500000005,5,4,3,12,Loyal Customers
C102206,150,3,21695.239999999998,2,3,2,7,At Risk
C102207,660,2,66667.69,1,2,4,7,Hibernating
C102209,51,4,81843.28600000001,4,4,4,12,Champions
C102211,299,1,18093.26,1,1,1,3,Lost
C102212,1,3,84269.8515,5,3,4,12,Loyal Customers
C102213,114,4,79594.5995,3,4,4,11,Loyal Customers
C102214,1,6,119249.2265,5,5,5,15,Champions
C102215,-1,3,55178.122,5,3,3,11,Loyal Customers
C102216,178,2,23166.6,2,2,2,6,Lost
C102217,328,2,17835.243000000002,1,2,1,4,Lost
C102218,582,4,86849.4265,1,4,4,9,Cannot Lose Them
C102219,33,2,30366.459499999997,4,2,2,8,New Customers
C102220,19,6,136201.041,5,5,5,15,Champions
C102223,62,3,69418.609,4,3,4,11,Loyal Customers
C102224,121,5,87047.02500000001,3,4,4,11,Loyal Customers
C102225,11,7,140189.1915,5,5,5,15,Champions
C102226,13,1,9719.361,5,1,1,7,New Customers
C102227,232,5,77693.844,2,4,4,10,Cannot Lose Them
C102228,630,1,11807.528499999999,1,1,1,3,Lost
C102229,158,3,61048.344,2,3,3,8,At Risk
C102233,181,6,139502.733,2,5,5,12,Cannot Lose Them
C102234,105,2,42740.29,3,2,3,8,Potential Loyalists
C102237,103,3,56188.394,3,3,3,9,Loyal Customers
C102238,58,11,118937.73800000001,4,5,5,14,Champions
C102239,220,3,59318.863,2,3,3,8,At Risk
C102240,53,3,99656.99,4,3,4,11,Loyal Customers
C102241,125,4,74035.619,3,4,4,11,Loyal Customers
C102243,130,3,51195.26,3,3,3,9,Loyal Customers
C102246,16,9,141269.505,5,5,5,15,Champions
C102247,192,5,126542.85,2,4,5,11,Cannot Lose Them
C102248,318,2,14317.692000000001,1,2,1,4,Lost
C102249,10,3,51563.324,5,3,3,11,Loyal Customers
C102250,114,8,163215.48549999998,3,5,5,13,Loyal Customers
C102252,46,3,71292.71549999999,4,3,4,11,Loyal Customers
C102253,124,1,17358.228000000003,3,1,1,5,Hibernating
C102254,15,3,83877.25450000001,5,3,4,12,Loyal Customers
C102256,410,1,3439.57,1,1,1,3,Lost
C102257,378,3,39995.206000000006,1,3,3,7,At Risk
C102260,135,1,1596.807,3,1,1,5,Hibernating
C102261,64,8,59619.94300000001,3,5,3,11,Loyal Customers
C102262,3,3,112346.3235,5,3,5,13,Loyal Customers
C102263,88,4,64194.1875,3,4,4,11,Loyal Customers
C102264,200,2,24220.806,2,2,2,6,Lost
C102265,41,1,2600.0074999999997,4,1,1,6,New Customers
C102266,22,3,42909.148,4,3,3,10,Loyal Customers
C102268,291,2,56946.738000000005,1,2,3,6,Hibernating
C102271,60,2,18968.134,4,2,2,8,New Customers
C102272,4,4,60631.7445,5,4,3,12,Loyal Customers
C102273,29,5,110477.3515,4,4,5,13,Champions
C102274,192,3,54825.333,2,3,3,8,At Risk
C102275,47,10,196164.64049999998,4,5,5,14,Champions
C102278,51,3,95081.2105,4,3,4,11,Loyal Customers
C102281,232,2,30141.018,2,2,2,6,Lost
C102282,249,2,37483.89,2,2,3,7,Hibernating
C102285,80,2,60760.604499999994,3,2,3,8,Potential Loyalists
C102288,24,1,18560.28,4,1,2,7,New Customers
C102290,-1,3,42174.5875,5,3,3,11,Loyal Customers
C102291,57,3,51266.639,4,3,3,10,Loyal Customers
C102296,302,1,18447.878999999997,1,1,2,4,Lost
C102297,41,1,12584.938499999998,4,1,1,6,New Customers
C102298,28,3,31104.868000000002,4,3,2,9,Loyal Customers
C102299,80,6,102276.015,3,5,4,12,Loyal Customers
C102300,27,6,140731.5475,4,5,5,14,Champions
C102303,122,3,71529.14,3,3,4,10,Loyal Customers
C102304,117,6,129442.84950000001,3,5,5,13,Loyal Customers
C102305,270,7,169641.7355,2,5,5,12,Cannot Lose Them
C102307,36,2,25066.486,4,2,2,8,New Customers
C102308,4,4,88742.846,5,4,4,13,Champions
C102309,16,7,180538.1305,5,5,5,15,Champions
C102311,115,5,129968.24100000001,3,4,5,12,Loyal Customers
C102312,355,2,23662.690000000002,1,2,2,5,Lost
C102316,200,2,26669.11,2,2,2,6,Lost
C102317,324,5,66974.9225,1,4,4,9,Cannot Lose Them
C102318,65,10,173176.431,3,5,5,13,Loyal Customers
C102319,193,2,57801.7955,2,2,3,7,Hibernating
C102323,19,4,68490.251,5,4,4,13,Champions
C102325,62,3,80772.013,4,3,4,11,Loyal Customers
C102326,194,1,13790.621,2,1,1,4,Lost
C102328,24,2,67343.43849999999,4,2,4,10,New Customers
C102329,98,2,16867.288,3,2,1,6,Hibernating
C102330,46,3,125537.239,4,3,5,12,Loyal Customers
C102331,914,1,24710.951999999997,1,1,2,4,Lost
C102333,553,1,42837.498,1,1,3,5,Hibernating
C102334,40,5,82195.86,4,4,4,12,Champions
C102336,57,2,39730.027,4,2,3,9,New Customers
C102338,16,3,53716.444,5,3,3,11,Loyal Customers
C102339,10,7,239962.977,5,5,5,15,Champions
C102340,17,1,10785.744,5,1,1,7,New Customers
C102341,280,3,110405.56649999999,2,3,5,10,At Risk
C102343,94,1,28199.642499999998,3,1,2,6,Hibernating
C102345,33,2,32540.867,4,2,2,8,New Customers
C102346,29,4,123077.3405,4,4,5,13,Champions
C102347,1,6,51503.686499999996,5,5,3,13,Loyal Customers
C102348,74,2,54072.97,3,2,3,8,Potential Loyalists
C102349,229,3,40283.349,2,3,3,8,At Risk
C102350,836,1,39680.119999999995,1,1,3,5,Hibernating
C102351,163,2,15845.460000000001,2,2,1,5,Lost
C102352,17,2,47233.0915,5,2,3,10,New Customers
C102354,17,6,247998.8675,5,5,5,15,Champions
C102356,626,2,43370.632,1,2,3,6,Hibernating
C102357,-1,5,65620.512,5,4,4,13,Champions
C102359,248,1,9735.544000000002,2,1,1,4,Lost
C102361,201,2,27426.762000000002,2,2,2,6,Lost
C102362,372,3,28597.6115,1,3,2,6,At Risk
C102363,19,6,68527.32949999999,5,5,4,14,Champions
C102365,17,4,103665.2865,5,4,4,13,Champions
C102367,241,4,48590.4935,2,4,3,9,At Risk
C102370,215,1,14321.87,2,1,1,4,Lost
C102371,-1,3,91830.20749999999,5,3,4,12,Loyal Customers
C102373,8,3,19686.432999999997,5,3,2,10,Loyal Customers
C102374,-1,1,28051.67,5,1,2,8,New Customers
C102375,123,2,21809.0245,3,2,2,7,Hibernating
C102377,150,2,14390.250499999998,2,2,1,5,Lost
C102379,655,4,98650.181,1,4,4,9,Cannot Lose Them
C102381,152,14,394428.9225,2,5,5,12,Cannot Lose Them
C102383,63,3,51187.426,3,3,3,9,Loyal Customers
C102385,70,5,93356.282,3,4,4,11,Loyal Customers
C102386,16,3,52101.4035,5,3,3,11,Loyal Customers
C102387,127,10,226947.5165,3,5,5,13,Loyal Customers
C102390,9,5,82511.859,5,4,4,13,Champions
C102391,27,1,7638.0065,4,1,1,6,New Customers
C102393,11,1,16256.949999999999,5,1,1,7,New Customers
C102394,23,4,115240.8235,4,4,5,13,Champions
C102396,328,2,6818.6900000000005,1,2,1,4,Lost
C102397,78,2,19249.888,3,2,2,7,Hibernating
C102398,80,1,31474.14,3,1,2,6,Hibernating
C102400,199,1,20959.17,2,1,2,5,Lost
C102402,132,1,34008.518,3,1,2,6,Hibernating
C102403,321,2,65378.05,1,2,4,7,Hibernating
C102404,58,7,71986.57,4,5,4,13,Champions
C102405,298,2,45599.11,1,2,3,6,Hibernating
C102407,114,4,150630.2375,3,4,5,12,Loyal Customers
C102409,73,3,52959.484,3,3,3,9,Loyal Customers
C102410,-1,17,249166.1855,5,5,5,15,Champions
C102411,65,8,167298.335,3,5,5,13,Loyal Customers
C102413,12,2,50486.798500000004,5,2,3,10,New Customers
C102414,61,6,84782.80900000001,4,5,4,13,Champions
C102416,748,2,47649.377499999995,1,2,3,6,Hibernating
C102417,529,1,8032.849999999999,1,1,1,3,Lost
C102419,18,9,135712.4725,5,5,5,15,Champions
C102420,62,2,49231.6275,4,2,3,9,New Customers
C102422,11,3,80118.875,5,3,4,12,Loyal Customers
C102423,3,4,132614.487,5,4,5,14,Champions
C102424,13,8,202438.5135,5,5,5,15,Champions
C102428,143,2,87496.91500000001,2,2,4,8,Hibernating
C102429,629,1,5186.200000000001,1,1,1,3,Lost
C102431,37,13,333734.665,4,5,5,14,Champions
C102432,2,11,341001.46749999997,5,5,5,15,Champions
C102433,23,4,106465.147,4,4,4,12,Champions
C102434,34,4,73487.54149999999,4,4,4,12,Champions
C102435,395,2,80009.82400000001,1,2,4,7,Hibernating
C102436,151,2,27641.150999999998,2,2,2,6,Lost
C102437,42,5,116429.4505,4,4,5,13,Champions
C102438,52,7,125636.758,4,5,5,14,Champions
C102441,205,1,10554.45,2,1,1,4,Lost
C102443,159,6,84592.8025,2,5,4,11,Cannot Lose Them
C102444,579,1,5092.6720000000005,1,1,1,3,Lost
C102445,83,7,174065.1575,3,5,5,13,Loyal Customers
C102446,640,5,46970.4195,1,4,3,8,At Risk
C102448,175,3,55735.375499999995,2,3,3,8,At Risk
C102449,0,1,32287.743,5,1,2,8,New Customers
C102450,409,1,38837.396499999995,1,1,3,5,Hibernating
C102451,130,2,56359.0015,3,2,3,8,Potential Loyalists
C102452,270,2,37585.759,2,2,3,7,Hibernating
C102453,124,5,104639.9635,3,4,4,11,Loyal Customers
C102455,17,7,72326.1175,5,5,4,14,Champions
C102458,585,1,19869.39,1,1,2,4,Lost
C102459,328,2,28057.069000000003,1,2,2,5,Lost
C102462,216,2,66720.7695,2,2,4,8,Hibernating
C102463,374,2,24108.362999999998,1,2,2,5,Lost
C102464,288,1,11158.392,2,1,1,4,Lost
C102466,43,8,154670.7445,4,5,5,14,Champions
C102467,254,5,111535.5965,2,4,5,11,Cannot Lose Them
C102469,121,3,40118.269,3,3,3,9,Loyal Customers
C102470,11,5,148759.3515,5,4,5,14,Champions
C102471,164,1,56957.9245,2,1,3,6,Hibernating
C102475,205,4,96475.448,2,4,4,10,Cannot Lose Them
C102476,120,2,17686.86,3,2,1,6,Hibernating
C102478,21,9,215871.839,4,5,5,14,Champions
C102479,100,5,91949.7135,3,4,4,11,Loyal Customers
C102480,501,2,32085.64,1,2,2,5,Lost
C102481,1021,1,14505.34,1,1,1,3,Lost
C102485,139,1,28831.239,3,1,2,6,Hibernating
C102486,328,1,4058.608,1,1,1,3,Lost
C102487,110,11,202372.4755,3,5,5,13,Loyal Customers
C102488,313,4,51049.364,1,4,3,8,At Risk
C102489,370,4,46895.7895,1,4,3,8,At Risk
C102490,99,3,69097.7845,3,3,4,10,Loyal Customers
C102491,611,2,17936.576,1,2,1,4,Lost
C102492,16,10,350740.968,5,5,5,15,Champions
C102494,186,1,3857.0789999999997,2,1,1,4,Lost
C102496,404,1,32473.38,1,1,2,4,Lost
C102497,379,2,53086.566,1,2,3,6,Hibernating
C102498,580,1,10396.971000000001,1,1,1,3,Lost
C102499,8,2,18982.65,5,2,2,9,New Customers
C102500,1,2,108075.0005,5,2,5,12,New Customers
C102502,148,1,18828.648,2,1,2,5,Lost
C102503,70,1,13846.33,3,1,1,5,Hibernating
C102504,258,1,17184.739999999998,2,1,1,4,Lost
C102506,121,5,149711.0285,3,4,5,12,Loyal Customers
C102507,468,1,20021.265499999998,1,1,2,4,Lost
C102508,364,2,27961.690000000002,1,2,2,5,Lost
C102509,163,3,90393.5475,2,3,4,9,At Risk
C102510,1,9,203707.0575,5,5,5,15,Champions
C102511,32,2,15156.449,4,2,1,7,New Customers
C102512,58,2,2696.448,4,2,1,7,New Customers
C102514,109,2,23575.36,3,2,2,7,Hibernating
C102516,35,4,157473.70799999998,4,4,5,13,Champions
C102517,24,4,57647.716499999995,4,4,3,11,Loyal Customers
C102518,217,4,105320.631,2,4,4,10,Cannot Lose Them
C102519,85,3,61005.115,3,3,3,9,Loyal Customers
C102520,101,4,83848.375,3,4,4,11,Loyal Customers
C102521,25,2,63598.061499999996,4,2,4,10,New Customers
C102522,369,2,55532.034,1,2,3,6,Hibernating
C102523,91,3,85310.516,3,3,4,10,Loyal Customers
C102524,294,2,21121.386,1,2,2,5,Lost
C102525,30,9,223363.947,4,5,5,14,Champions
C102526,107,1,13773.789000000002,3,1,1,5,Hibernating
C102527,79,3,76342.33899999999,3,3,4,10,Loyal Customers
C102528,540,1,28673.669499999996,1,1,2,4,Lost
C102530,355,1,46821.54,1,1,3,5,Hibernating
C102531,12,2,14712.9095,5,2,1,8,New Customers
C102533,-1,2,6615.884,5,2,1,8,New Customers
C102534,44,1,1432.91,4,1,1,6,New Customers
C102535,318,2,21149.313000000002,1,2,2,5,Lost
C102536,66,1,14246.11,3,1,1,5,Hibernating
C102537,135,2,48920.94,3,2,3,8,Potential Loyalists
C102539,14,1,20360.928,5,1,2,8,New Customers
C102540,-1,3,96493.373,5,3,4,12,Loyal Customers
C102541,26,2,20568.564,4,2,2,8,New Customers
C102542,67,10,177563.887,3,5,5,13,Loyal Customers
C102543,-1,7,121961.3695,5,5,5,15,Champions
C102545,21,3,43206.978,4,3,3,10,Loyal Customers
C102546,7,3,15336.652,5,3,1,9,Loyal Customers
C102547,861,2,49179.0665,1,2,3,6,Hibernating
C102548,70,3,113207.8015,3,3,5,11,Loyal Customers
C102549,116,3,87700.72,3,3,4,10,Loyal Customers
C102550,0,4,66277.342,5,4,4,13,Champions
C102552,290,2,17953.09,1,2,1,4,Lost
C102553,6,2,30318.698,5,2,2,9,New Customers
C102554,8,3,33161.6075,5,3,2,10,Loyal Customers
C102555,100,4,78567.31999999999,3,4,4,11,Loyal Customers
C102557,11,3,57599.634,5,3,3,11,Loyal Customers
C102559,144,2,7074.754,2,2,1,5,Lost
C102561,263,1,44527.212,2,1,3,6,Hibernating
C102565,14,3,92035.86850000001,5,3,4,12,Loyal Customers
C102568,139,3,59002.788,3,3,3,9,Loyal Customers
C102569,23,12,235875.6145,4,5,5,14,Champions
C102570,2,24,464705.218,5,5,5,15,Champions
C102571,17,11,278311.94,5,5,5,15,Champions
C102572,47,2,52006.7,4,2,3,9,New Customers
C102573,64,7,89177.4085,3,5,4,12,Loyal Customers
C102574,0,4,145227.494,5,4,5,14,Champions
C102575,4,7,100504.27299999999,5,5,4,14,Champions
C102576,6,12,285613.747,5,5,5,15,Champions
C102577,150,1,12549.555,2,1,1,4,Lost
C102578,303,1,14223.28,1,1,1,3,Lost
C102579,442,1,33361.46,1,1,2,4,Lost
C102580,659,3,78716.708,1,3,4,8,At Risk
C102581,433,2,46610.285,1,2,3,6,Hibernating
C102582,72,4,104636.3475,3,4,4,11,Loyal Customers
C102583,23,2,74217.59599999999,4,2,4,10,New Customers
C102584,11,2,68618.085,5,2,4,11,New Customers
C102585,2,7,111420.53700000001,5,5,5,15,Champions
C102586,96,2,79785.592,3,2,4,9,Potential Loyalists
C102587,181,1,13218.989999999998,2,1,1,4,Lost
C102588,297,1,22415.264000000003,1,1,2,4,Lost
C102589,86,1,16298.37,3,1,1,5,Hibernating
C102590,359,2,24630.136,1,2,2,5,Lost
C102591,11,1,8529.7245,5,1,1,7,New Customers
C102593,43,2,21248.929,4,2,2,8,New Customers
C102594,548,1,37698.197,1,1,3,5,Hibernating
C102595,163,2,19227.4825,2,2,2,6,Lost
C102596,6,1,21635.357,5,1,2,8,New Customers
C102597,647,1,28401.807999999997,1,1,2,4,Lost
C102600,562,2,26523.267,1,2,2,5,Lost
C102601,7,2,28859.229,5,2,2,9,New Customers
C102602,11,3,57997.200500000006,5,3,3,11,Loyal Customers
C102604,50,7,166950.202,4,5,5,14,Champions
C102605,280,4,71302.004,2,4,4,10,Cannot Lose Them
C102606,46,2,48368.62,4,2,3,9,New Customers
C102608,333,4,56053.492,1,4,3,8,At Risk
C102610,69,1,6739.68,3,1,1,5,Hibernating
C102611,65,5,90976.356,3,4,4,11,Loyal Customers
C102612,473,3,122613.239,1,3,5,9,At Risk
C102613,0,8,140371.882,5,5,5,15,Champions
C102614,120,2,52757.775,3,2,3,8,Potential Loyalists
C102615,28,1,9503.739,4,1,1,6,New Customers
C102616,20,2,35534.2275,5,2,2,9,New Customers
C102617,624,1,7297.01,1,1,1,3,Lost
C102618,164,10,254194.708,2,5,5,12,Cannot Lose Them
C102619,285,1,80282.4,2,1,4,7,Hibernating
C102621,689,1,23905.420000000002,1,1,2,4,Lost
C102623,65,1,16018.596,3,1,1,5,Hibernating
C102624,88,1,54473.328,3,1,3,7,Potential Loyalists
C102625,230,3,26156.792999999998,2,3,2,7,At Risk
C102626,34,3,43328.063,4,3,3,10,Loyal Customers
C102627,19,2,45042.373999999996,5,2,3,10,New Customers
C102630,26,2,45722.33,4,2,3,9,New Customers
C102631,-1,14,285041.376,5,5,5,15,Champions
C102632,53,1,16541.23,4,1,1,6,New Customers
C102634,48,9,203013.937,4,5,5,14,Champions
C102635,17,10,292911.6845,5,5,5,15,Champions
C102636,42,3,76022.77649999999,4,3,4,11,Loyal Customers
C102638,115,1,13938.44,3,1,1,5,Hibernating
C102639,287,1,26274.15,2,1,2,5,Lost
C102640,148,2,21268.710000000003,2,2,2,6,Lost
C102643,73,3,72389.65699999999,3,3,4,10,Loyal Customers
C102645,107,2,25807.876,3,2,2,7,Hibernating
C102646,167,4,93889.2375,2,4,4,10,Cannot Lose Them
C102647,42,2,45757.773499999996,4,2,3,9,New Customers
C102648,20,1,4270.43,5,1,1,7,New Customers
C102649,28,7,236453.978,4,5,5,14,Champions
C102650,496,1,8320.04,1,1,1,3,Lost
C102652,434,1,32468.489999999998,1,1,2,4,Lost
C102656,190,7,82445.96549999999,2,5,4,11,Cannot Lose Them
C102657,234,4,90815.31450000001,2,4,4,10,Cannot Lose Them
C102658,322,4,102544.4255,1,4,4,9,Cannot Lose Them
C102663,118,1,29865.160000000003,3,1,2,6,Hibernating
C102664,42,1,29580.875999999997,4,1,2,7,New Customers
C102665,270,2,48101.1075,2,2,3,7,Hibernating
C102667,58,2,13826.585,4,2,1,7,New Customers
C102668,65,4,125324.2915,3,4,5,12,Loyal Customers
C102669,173,1,38935.185,2,1,3,6,Hibernating
C102671,3,5,142424.7475,5,4,5,14,Champions
C102672,69,4,104967.958,3,4,4,11,Loyal Customers
C102674,140,1,33012.86,2,1,2,5,Lost
C102675,122,2,58286.212,3,2,3,8,Potential Loyalists
C102676,268,1,3249.0,2,1,1,4,Lost
C102678,551,1,26039.852,1,1,2,4,Lost
C102679,170,4,115662.956,2,4,5,11,Cannot Lose Them
C102680,158,2,20232.82,2,2,2,6,Lost
C102683,1,1,44757.950000000004,5,1,3,9,New Customers
C102686,3,4,44403.5675,5,4,3,12,Loyal Customers
C102688,35,6,104127.253,4,5,4,13,Champions
C102689,218,4,37143.934499999996,2,4,2,8,At Risk
C102691,117,1,22263.112,3,1,2,6,Hibernating
C102692,70,6,104601.352,3,5,4,12,Loyal Customers
C102694,137,5,132368.701,3,4,5,12,Loyal Customers
C102695,0,4,127888.5245,5,4,5,14,Champions
C102698,89,2,58236.53,3,2,3,8,Potential Loyalists
C102699,2,3,56026.85,5,3,3,11,Loyal Customers
C102700,385,4,36790.699,1,4,2,7,At Risk
C102701,235,4,59235.5935,2,4,3,9,At Risk
C102702,39,2,35037.7615,4,2,2,8,New Customers
C102703,211,1,14797.16,2,1,1,4,Lost
C102704,240,2,64415.7,2,2,4,8,Hibernating
C102706,78,6,106282.272,3,5,4,12,Loyal Customers
C102707,290,1,15877.4645,1,1,1,3,Lost
C102708,233,2,18894.76,2,2,2,6,Lost
C102710,120,3,50810.84,3,3,3,9,Loyal Customers
C102712,20,14,250483.432,5,5,5,15,Champions
C102713,149,5,93228.4605,2,4,4,10,Cannot Lose Them
C102714,101,2,59124.809499999996,3,2,3,8,Potential Loyalists
C102716,100,1,16520.73,3,1,1,5,Hibernating
C102718,470,1,5835.168000000001,1,1,1,3,Lost
C102719,74,5,99761.795,3,4,4,11,Loyal Customers
C102720,18,1,22803.81,5,1,2,8,New Customers
C102721,671,1,14566.77,1,1,1,3,Lost
C102722,28,2,32824.379,4,2,2,8,New Customers
C102723,25,1,8528.254500000001,4,1,1,6,New Customers
C102726,223,1,5233.49,2,1,1,4,Lost
C102728,196,1,13832.42,2,1,1,4,Lost
C102729,13,2,20767.490999999998,5,2,2,9,New Customers
C102731,13,2,28686.809,5,2,2,9,New Customers
C102732,248,1,12041.1765,2,1,1,4,Lost
C102733,14,3,50759.21799999999,5,3,3,11,Loyal Customers
C102737,28,6,80498.1235,4,5,4,13,Champions
C102738,72,3,60767.0015,3,3,3,9,Loyal Customers
C102739,124,4,74437.50899999999,3,4,4,11,Loyal Customers
C102740,68,1,13413.123,3,1,1,5,Hibernating
C102741,35,4,52742.236000000004,4,4,3,11,Loyal Customers
C102742,34,5,91311.178,4,4,4,12,Champions
C102743,140,1,1979.45,2,1,1,4,Lost
C102745,87,2,30258.039,3,2,2,7,Hibernating
C102747,6,9,209644.4565,5,5,5,15,Champions
C102749,230,2,13763.885,2,2,1,5,Lost
C102750,75,2,51633.584500000004,3,2,3,8,Potential Loyalists
C102752,127,4,89964.752,3,4,4,11,Loyal Customers
C102753,29,2,55918.652,4,2,3,9,New Customers
C102755,120,1,16927.533,3,1,1,5,Hibernating
C102756,343,1,15227.529999999999,1,1,1,3,Lost
C102757,155,5,143249.349,2,4,5,11,Cannot Lose Them
C102758,369,2,75616.148,1,2,4,7,Hibernating
C102759,3,6,125869.0915,5,5,5,15,Champions
C102760,466,1,4703.3099999999995,1,1,1,3,Lost
C102761,595,3,100556.518,1,3,4,8,At Risk
C102762,104,4,105366.45,3,4,4,11,Loyal Customers
C102763,131,1,42461.729999999996,3,1,3,7,Potential Loyalists
C102764,580,3,52610.4685,1,3,3,7,At Risk
C102765,524,1,40343.03200000001,1,1,3,5,Hibernating
C102766,97,3,111515.1175,3,3,5,11,Loyal Customers
C102767,117,4,35900.871,3,4,2,9,Loyal Customers
C102768,59,6,183357.2465,4,5,5,14,Champions
C102769,-1,2,32903.136,5,2,2,9,New Customers
C102770,250,3,36537.343,2,3,2,7,At Risk
C102771,29,8,215527.49,4,5,5,14,Champions
C102772,620,1,19538.352,1,1,2,4,Lost
C102773,10,3,97394.241,5,3,4,12,Loyal Customers
C102774,-1,2,35813.688,5,2,2,9,New Customers
C102775,3,5,74706.7365,5,4,4,13,Champions
C102779,255,1,16484.74,2,1,1,4,Lost
C102780,530,1,13875.03,1,1,1,3,Lost
C102781,442,1,4351.761,1,1,1,3,Lost
C102782,71,5,106584.217,3,4,4,11,Loyal Customers
C102783,4,3,79357.889,5,3,4,12,Loyal Customers
C102785,53,6,117764.59950000001,4,5,5,14,Champions
C102786,700,1,13624.94,1,1,1,3,Lost
C102788,214,1,12197.601,2,1,1,4,Lost
C102789,73,5,96566.621,3,4,4,11,Loyal Customers
C102790,26,4,37832.898,4,4,3,11,Loyal Customers
C102792,58,1,18585.55,4,1,2,7,New Customers
C102793,6,6,141726.884,5,5,5,15,Champions
C102794,514,2,25241.7905,1,2,2,5,Lost
C102795,1,10,164903.21,5,5,5,15,Champions
C102796,210,3,25647.3855,2,3,2,7,At Risk
C102799,45,1,59139.21,4,1,3,8,New Customers
C102800,51,2,73902.89199999999,4,2,4,10,New Customers
C102802,15,5,67128.479,5,4,4,13,Champions
C102803,90,2,32005.06,3,2,2,7,Hibernating
C102804,61,1,87018.77,4,1,4,9,New Customers
C102805,316,1,33831.21,1,1,2,4,Lost
C102806,257,3,81070.54800000001,2,3,4,9,At Risk
C102807,36,5,97472.357,4,4,4,12,Champions
C102808,264,1,11181.104,2,1,1,4,Lost
C102809,555,3,70800.3005,1,3,4,8,At Risk
C102812,23,1,4519.09,4,1,1,6,New Customers
C102813,80,2,55254.259,3,2,3,8,Potential Loyalists
C102814,19,1,14999.473999999998,5,1,1,7,New Customers
C102816,421,1,43368.53600000001,1,1,3,5,Hibernating
C102817,334,3,49086.8505,1,3,3,7,At Risk
C102820,83,3,82816.038,3,3,4,10,Loyal Customers
C102821,187,15,272242.542,2,5,5,12,Cannot Lose Them
C102822,569,1,17492.904000000002,1,1,1,3,Lost
C102823,151,1,13088.333999999999,2,1,1,4,Lost
C102824,-1,4,78248.038,5,4,4,13,Champions
C102825,1,3,37929.191,5,3,3,11,Loyal Customers
C102826,27,3,47048.3085,4,3,3,10,Loyal Customers
C102827,137,3,70085.924,3,3,4,10,Loyal Customers
C102828,35,6,81980.3045,4,5,4,13,Champions
C102829,22,6,96277.03899999999,4,5,4,13,Champions
C102830,4,2,10848.73,5,2,1,8,New Customers
C102831,30,1,32014.71,4,1,2,7,New Customers
C102832,83,10,180165.483,3,5,5,13,Loyal Customers
C102833,25,3,80773.4615,4,3,4,11,Loyal Customers
C102834,63,3,13790.188999999998,3,3,1,7,Loyal Customers
C102835,36,3,23533.8055,4,3,2,9,Loyal Customers
C102836,356,1,7833.832999999999,1,1,1,3,Lost
C102837,524,1,12630.24,1,1,1,3,Lost
C102838,475,1,2434.32,1,1,1,3,Lost
C102839,235,1,34776.08,2,1,2,5,Lost
C102842,117,1,17155.498999999996,3,1,1,5,Hibernating
C102844,115,2,29580.61,3,2,2,7,Hibernating
C102845,566,4,90621.33,1,4,4,9,Cannot Lose Them
C102846,41,2,87831.45449999999,4,2,4,10,New Customers
C102847,139,3,57857.088,3,3,3,9,Loyal Customers
C102848,57,6,153515.272,4,5,5,14,Champions
C102849,206,2,84518.73,2,2,4,8,Hibernating
C102851,56,1,34928.51,4,1,2,7,New Customers
C102853,74,2,22243.259,3,2,2,7,Hibernating
C102854,637,3,89870.437,1,3,4,8,At Risk
C102856,51,4,97520.685,4,4,4,12,Champions
C102862,27,3,86250.34,4,3,4,11,Loyal Customers
C102864,105,2,54223.221000000005,3,2,3,8,Potential Loyalists
C102866,42,8,160591.799,4,5,5,14,Champions
C102867,79,3,66929.59,3,3,4,10,Loyal Customers
C102868,75,2,51309.354,3,2,3,8,Potential Loyalists
C102872,7,13,342351.49299999996,5,5,5,15,Champions
C102873,33,5,136016.763,4,4,5,13,Champions
C102874,367,2,25717.4965,1,2,2,5,Lost
C102875,354,3,95002.2205,1,3,4,8,At Risk
C102876,13,2,37056.852,5,2,2,9,New Customers
C102878,216,1,34451.509999999995,2,1,2,5,Lost
C102879,216,2,32269.982000000004,2,2,2,6,Lost
C102883,121,4,61714.72,3,4,3,10,Loyal Customers
C102884,7,7,156038.892,5,5,5,15,Champions
C102887,3,5,112391.02,5,4,5,14,Champions
C102888,429,3,33777.888,1,3,2,6,At Risk
C102889,49,4,79536.17,4,4,4,12,Champions
C102890,267,4,91833.9675,2,4,4,10,Cannot Lose Them
C102891,87,5,53719.948000000004,3,4,3,10,Loyal Customers
C102892,384,1,41392.03,1,1,3,5,Hibernating
C102895,164,1,12287.66,2,1,1,4,Lost
C102897,605,3,46605.7025,1,3,3,7,At Risk
C102898,265,6,97800.829,2,5,4,11,Cannot Lose Them
C102900,9,8,93620.174,5,5,4,14,Champions
C102901,26,2,25660.424000000003,4,2,2,8,New Customers
C102902,346,3,35633.083,1,3,2,6,At Risk
C102903,-1,3,110128.878,5,3,5,13,Loyal Customers
C102904,77,2,55681.128,3,2,3,8,Potential Loyalists
C102907,20,5,128653.3735,5,4,5,14,Champions
C102908,675,2,67795.988,1,2,4,7,Hibernating
C102909,168,7,148006.875,2,5,5,12,Cannot Lose Them
C102911,714,1,4859.912,1,1,1,3,Lost
C102912,18,12,182204.0155,5,5,5,15,Champions
C102913,118,1,7462.02,3,1,1,5,Hibernating
C102915,52,3,126649.838,4,3,5,12,Loyal Customers
C102916,721,1,2634.1360000000004,1,1,1,3,Lost
C102918,34,1,21938.9,4,1,2,7,New Customers
C102920,37,5,110071.828,4,4,5,13,Champions
C102921,171,3,22609.954999999998,2,3,2,7,At Risk
C102922,797,2,36261.3,1,2,2,5,Lost
C102928,69,2,35560.744000000006,3,2,2,7,Hibernating
C102929,1,14,223963.94950000002,5,5,5,15,Champions
C102930,221,1,37958.504,2,1,3,6,Hibernating
C102933,11,1,10099.52,5,1,1,7,New Customers
C102935,40,6,194819.34749999997,4,5,5,14,Champions
C102936,68,1,761.337,3,1,1,5,Hibernating
C102937,14,1,0.0,5,1,1,7,New Customers
C102938,80,1,14829.21,3,1,1,5,Hibernating
C102939,21,6,209599.62099999998,4,5,5,14,Champions
C102941,74,3,55187.689,3,3,3,9,Loyal Customers
C102942,114,4,101935.06450000001,3,4,4,11,Loyal Customers
C102943,409,1,14149.36,1,1,1,3,Lost
C102945,21,2,30704.073,4,2,2,8,New Customers
C102946,607,1,8732.77,1,1,1,3,Lost
C102947,8,12,351122.501,5,5,5,15,Champions
C102950,135,1,25471.43,3,1,2,6,Hibernating
C102951,1,10,268228.763,5,5,5,15,Champions
C102952,134,1,7663.24,3,1,1,5,Hibernating
C102957,85,1,26484.98,3,1,2,6,Hibernating
C102958,560,2,63933.1265,1,2,4,7,Hibernating
C102959,1,3,70358.97,5,3,4,12,Loyal Customers
C102960,39,6,80153.53700000001,4,5,4,13,Champions
C102962,24,3,50839.3965,4,3,3,10,Loyal Customers
C102963,120,2,56512.9065,3,2,3,8,Potential Loyalists
C102964,2,7,137828.6325,5,5,5,15,Champions
C102966,101,4,32409.614,3,4,2,9,Loyal Customers
C102967,0,12,255148.436,5,5,5,15,Champions
C102968,137,2,39715.505000000005,3,2,3,8,Potential Loyalists
C102969,245,6,85798.633,2,5,4,11,Cannot Lose Them
C102974,-1,2,27995.65,5,2,2,9,New Customers
C102975,1,4,57874.9445,5,4,3,12,Loyal Customers
C102976,646,1,32128.579999999998,1,1,2,4,Lost
C102977,62,3,40530.355,4,3,3,10,Loyal Customers
C102978,99,1,16059.28,3,1,1,5,Hibernating
C102981,11,7,137835.4095,5,5,5,15,Champions
C102982,154,1,53000.979999999996,2,1,3,6,Hibernating
C102983,219,1,43557.034499999994,2,1,3,6,Hibernating
C102984,66,14,354990.1175,3,5,5,13,Loyal Customers
C102985,197,2,57637.166,2,2,3,7,Hibernating
C102986,1,7,104324.9215,5,5,4,14,Champions
C102987,0,6,109563.655,5,5,5,15,Champions
C102990,-1,10,207733.957,5,5,5,15,Champions
C102991,18,1,447.8904999999999,5,1,1,7,New Customers
C102993,609,1,37586.6,1,1,3,5,Hibernating
C102994,118,1,13874.448,3,1,1,5,Hibernating
C102995,100,7,127893.477,3,5,5,13,Loyal Customers
C102996,25,5,127826.04250000001,4,4,5,13,Champions
C102997,11,7,152892.076,5,5,5,15,Champions
C102998,-1,6,131342.929,5,5,5,15,Champions
C103000,63,3,55581.879,3,3,3,9,Loyal Customers
C103003,87,4,84103.032,3,4,4,11,Loyal Customers
C103004,445,1,25449.3995,1,1,2,4,Lost
C103005,174,5,124798.918,2,4,5,11,Cannot Lose Them
C103007,-1,5,121354.9915,5,4,5,14,Champions
C103008,45,1,40238.3045,4,1,3,8,New Customers
C103009,531,1,9925.37,1,1,1,3,Lost
C103010,2,1,20187.711,5,1,2,8,New Customers
C103011,716,1,18547.704,1,1,2,4,Lost
C103012,27,1,20017.38,4,1,2,7,New Customers
C103013,146,4,99929.7435,2,4,4,10,Cannot Lose Them
C103014,16,1,18171.476499999997,5,1,1,7,New Customers
C103016,171,1,27235.584000000003,2,1,2,5,Lost
C103017,84,1,77141.05,3,1,4,8,Potential Loyalists
C103019,352,1,35210.286,1,1,2,4,Lost
C103021,178,2,32646.129999999997,2,2,2,6,Lost
C103024,107,5,64545.436499999996,3,4,4,11,Loyal Customers
C103026,391,1,39659.11,1,1,3,5,Hibernating
C103027,144,1,8850.208,2,1,1,4,Lost
C103028,38,1,60649.74399999999,4,1,3,8,New Customers
C103029,26,1,48056.73,4,1,3,8,New Customers
C103030,2,2,32439.03,5,2,2,9,New Customers
C103031,13,2,51620.858,5,2,3,10,New Customers
C103032,113,1,23819.5075,3,1,2,6,Hibernating
C103036,2,14,265697.0545,5,5,5,15,Champions
C103038,0,10,269417.8345,5,5,5,15,Champions
C103040,366,1,16214.536,1,1,1,3,Lost
C103041,25,4,101033.10399999999,4,4,4,12,Champions
C103043,98,1,34798.86,3,1,2,6,Hibernating
C103044,7,6,136044.598,5,5,5,15,Champions
C103045,21,6,164355.642,4,5,5,14,Champions
C103046,30,4,114777.809,4,4,5,13,Champions
C103047,159,6,121905.961,2,5,5,12,Cannot Lose Them
C103050,4,3,78891.76,5,3,4,12,Loyal Customers
C103051,-1,10,167381.7695,5,5,5,15,Champions
C103054,256,2,42741.734,2,2,3,7,Hibernating
C103055,38,4,233009.92599999998,4,4,5,13,Champions
C103056,54,3,84484.69200000001,4,3,4,11,Loyal Customers
C103057,205,3,57119.5005,2,3,3,8,At Risk
C103058,102,2,41741.66,3,2,3,8,Potential Loyalists
C103059,46,1,17173.61,4,1,1,6,New Customers
C103060,297,1,21505.464,1,1,2,4,Lost
C103062,-1,4,72437.65,5,4,4,13,Champions
C103063,26,4,111553.9045,4,4,5,13,Champions
C103065,297,2,48387.108,1,2,3,6,Hibernating
C103066,110,3,125102.70000000001,3,3,5,11,Loyal Customers
C103067,110,2,43407.96,3,2,3,8,Potential Loyalists
C103068,18,12,272158.2295,5,5,5,15,Champions
C103069,72,1,5794.35,3,1,1,5,Hibernating
C103070,52,4,92984.6145,4,4,4,12,Champions
C103071,91,3,113769.64,3,3,5,11,Loyal Customers
C103072,511,2,62213.2935,1,2,3,6,Hibernating
C103073,442,1,13004.65,1,1,1,3,Lost
C103074,0,3,73886.70499999999,5,3,4,12,Loyal Customers
C103075,40,2,16719.08,4,2,1,7,New Customers
C103076,46,4,58552.029,4,4,3,11,Loyal Customers
C103077,643,1,34311.049,1,1,2,4,Lost
C103080,99,3,43940.202000000005,3,3,3,9,Loyal Customers
C103081,601,1,25085.08,1,1,2,4,Lost
C103082,11,2,36949.2005,5,2,2,9,New Customers
C103083,106,6,147558.595,3,5,5,13,Loyal Customers
C103084,899,2,103673.094,1,2,4,7,Hibernating
C103086,7,2,69426.037,5,2,4,11,New Customers
C103087,431,1,11986.666,1,1,1,3,Lost
C103089,137,1,2097.0679999999998,3,1,1,5,Hibernating
C103090,366,1,38317.16,1,1,3,5,Hibernating
C103091,1,4,87763.006,5,4,4,13,Champions
C103092,36,1,16877.8235,4,1,1,6,New Customers
C103094,-1,12,247490.16950000002,5,5,5,15,Champions
C103096,124,2,47060.676,3,2,3,8,Potential Loyalists
C103097,31,5,155404.752,4,4,5,13,Champions
C103099,67,4,96541.8105,3,4,4,11,Loyal Customers
C103100,51,2,35073.68,4,2,2,8,New Customers
C103101,70,6,109998.636,3,5,5,13,Loyal Customers
C103102,7,1,16542.7585,5,1,1,7,New Customers
C103103,27,2,38175.4605,4,2,3,9,New Customers
C103105,41,5,46834.722499999996,4,4,3,11,Loyal Customers
C103108,5,11,278449.99350000004,5,5,5,15,Champions
C103110,42,1,33403.18,4,1,2,7,New Customers
C103111,483,1,21295.3,1,1,2,4,Lost
C103114,18,1,15990.592,5,1,1,7,New Customers
C103117,26,5,114691.58799999999,4,4,5,13,Champions
C103118,4,1,10823.928,5,1,1,7,New Customers
C103119,386,2,23856.3765,1,2,2,5,Lost
C103120,5,2,51733.0025,5,2,3,10,New Customers
C103121,11,5,88881.094,5,4,4,13,Champions
C103122,20,3,107702.216,5,3,5,13,Loyal Customers
C103123,10,4,74790.49,5,4,4,13,Champions
C103125,317,4,74614.564,1,4,4,9,Cannot Lose Them
C103127,64,2,49977.818499999994,3,2,3,8,Potential Loyalists
C103128,196,2,36769.108,2,2,2,6,Lost
C103129,519,1,32334.269999999997,1,1,2,4,Lost
C103130,0,1,1904.4555,5,1,1,7,New Customers
C103131,25,5,106437.4405,4,4,4,12,Champions
C103132,6,2,56724.984000000004,5,2,3,10,New Customers
C103133,315,1,17599.2,1,1,1,3,Lost
C103134,280,3,56533.418999999994,2,3,3,8,At Risk
C103136,627,2,75592.2485,1,2,4,7,Hibernating
C103137,214,1,21551.184,2,1,2,5,Lost
C103138,39,5,102990.18549999999,4,4,4,12,Champions
C103141,609,1,1201.1,1,1,1,3,Lost
C103142,146,3,49909.426,2,3,3,8,At Risk
C103148,6,1,7247.371999999999,5,1,1,7,New Customers
C103149,17,4,102701.9525,5,4,4,13,Champions
C103150,681,1,15376.36,1,1,1,3,Lost
C103151,257,2,43680.573,2,2,3,7,Hibernating
C103152,65,6,81989.0535,3,5,4,12,Loyal Customers
C103153,134,1,9117.88,3,1,1,5,Hibernating
C103154,38,9,260213.772,4,5,5,14,Champions
C103155,133,1,37414.6385,3,1,3,7,Potential Loyalists
C103157,570,2,33464.556,1,2,2,5,Lost
C103158,283,2,7662.708000000001,2,2,1,5,Lost
C103159,129,5,117175.0255,3,4,5,12,Loyal Customers
C103161,260,3,33260.8305,2,3,2,7,At Risk
C103162,555,1,36005.704,1,1,2,4,Lost
C103164,252,3,27165.496499999997,2,3,2,7,At Risk
C103165,29,8,111524.75,4,5,5,14,Champions
C103166,121,1,38266.218499999995,3,1,3,7,Potential Loyalists
C103168,8,5,95609.268,5,4,4,13,Champions
C103169,74,5,113844.106,3,4,5,12,Loyal Customers
C103171,8,5,122178.2575,5,4,5,14,Champions
C103172,0,4,166068.321,5,4,5,14,Champions
C103173,215,6,165316.483,2,5,5,12,Cannot Lose Them
C103174,37,2,45910.9465,4,2,3,9,New Customers
C103175,6,3,95439.42,5,3,4,12,Loyal Customers
C103176,703,3,102583.94600000001,1,3,4,8,At Risk
C103179,104,2,25087.791,3,2,2,7,Hibernating
C103181,48,1,32338.610999999997,4,1,2,7,New Customers
C103182,0,4,109108.253,5,4,5,14,Champions
C103184,15,3,63840.9465,5,3,4,12,Loyal Customers
C103186,429,2,34444.5795,1,2,2,5,Lost
C103189,103,5,106482.912,3,4,4,11,Loyal Customers
C103190,-1,4,104649.887,5,4,4,13,Champions
C103191,50,4,79498.7885,4,4,4,12,Champions
C103192,107,3,73833.80900000001,3,3,4,10,Loyal Customers
C103193,111,4,102489.326,3,4,4,11,Loyal Customers
C103194,651,3,79413.54000000001,1,3,4,8,At Risk
C103195,612,1,35374.27,1,1,2,4,Lost
C103197,664,2,39972.148499999996,1,2,3,6,Hibernating
C103200,327,1,12463.962,1,1,1,3,Lost
C103201,124,2,42555.642,3,2,3,8,Potential Loyalists
C103203,512,5,160850.316,1,4,5,10,Cannot Lose Them
C103205,32,11,200887.13950000002,4,5,5,14,Champions
C103207,602,3,64492.51,1,3,4,8,At Risk
C103209,39,9,247298.44950000002,4,5,5,14,Champions
C103211,431,1,12184.643,1,1,1,3,Lost
C103212,123,1,12240.535499999998,3,1,1,5,Hibernating
C103213,9,1,2085.73,5,1,1,7,New Customers
C103214,152,2,22631.379999999997,2,2,2,6,Lost
C103215,17,4,126402.1895,5,4,5,14,Champions
C103218,141,1,21354.5925,2,1,2,5,Lost
C103220,50,9,197230.631,4,5,5,14,Champions
C103221,43,5,55707.764,4,4,3,11,Loyal Customers
C103222,376,1,5714.46,1,1,1,3,Lost
C103224,151,7,115813.859,2,5,5,12,Cannot Lose Them
C103226,166,1,20809.864,2,1,2,5,Lost
C103227,61,7,131595.789,4,5,5,14,Champions
C103231,76,9,203153.39250000002,3,5,5,13,Loyal Customers
C103233,319,2,120318.59,1,2,5,8,Hibernating
C103234,209,2,33207.279,2,2,2,6,Lost
C103235,40,6,136379.055,4,5,5,14,Champions
C103236,190,1,68691.76999999999,2,1,4,7,Hibernating
C103237,242,1,22587.704,2,1,2,5,Lost
C103238,315,1,14256.155999999999,1,1,1,3,Lost
C103240,-1,3,52406.741,5,3,3,11,Loyal Customers
C103241,414,5,145472.6755,1,4,5,10,Cannot Lose Them
C103245,234,3,27353.463499999998,2,3,2,7,At Risk
C103246,11,3,86671.938,5,3,4,12,Loyal Customers
C103247,178,1,3580.557,2,1,1,4,Lost
C103248,293,2,24700.7945,1,2,2,5,Lost
C103249,13,4,41265.4115,5,4,3,12,Loyal Customers
C103250,198,3,44930.1785,2,3,3,8,At Risk
C103252,253,2,53782.630000000005,2,2,3,7,Hibernating
C103253,55,2,34049.1805,4,2,2,8,New Customers
C103255,0,1,32731.808000000005,5,1,2,8,New Customers
C103256,385,2,42237.11,1,2,3,6,Hibernating
C103257,333,1,52627.671,1,1,3,5,Hibernating
C103258,14,6,112713.9035,5,5,5,15,Champions
C103259,17,9,204400.7465,5,5,5,15,Champions
C103260,644,1,5934.072,1,1,1,3,Lost
C103261,6,7,160126.7395,5,5,5,15,Champions
C103263,54,3,76793.413,4,3,4,11,Loyal Customers
C103265,37,2,27684.369,4,2,2,8,New Customers
C103266,92,7,140299.589,3,5,5,13,Loyal Customers
C103267,551,2,51103.6035,1,2,3,6,Hibernating
C103269,664,2,5328.8640000000005,1,2,1,4,Lost
C103271,101,5,120668.027,3,4,5,12,Loyal Customers
C103272,530,1,13535.770999999999,1,1,1,3,Lost
C103273,108,3,45874.758,3,3,3,9,Loyal Customers
C103274,106,7,153423.037,3,5,5,13,Loyal Customers
C103275,35,7,185516.539,4,5,5,14,Champions
C103276,202,1,6031.8295,2,1,1,4,Lost
C103277,197,2,24637.740999999998,2,2,2,6,Lost
C103278,288,2,22695.214,2,2,2,6,Lost
C103279,329,7,139857.5455,1,5,5,11,Cannot Lose Them
C103280,318,2,38793.52,1,2,3,6,Hibernating
C103281,4,2,13024.57,5,2,1,8,New Customers
C103284,21,1,20821.02,4,1,2,7,New Customers
C103285,191,1,34572.136,2,1,2,5,Lost
C103286,254,5,98607.037,2,4,4,10,Cannot Lose Them
C103288,73,1,28107.243000000002,3,1,2,6,Hibernating
C103289,223,3,77296.174,2,3,4,9,At Risk
C103290,178,1,8879.679,2,1,1,4,Lost
C103291,311,1,47089.94,1,1,3,5,Hibernating
C103294,586,2,9072.784000000001,1,2,1,4,Lost
C103296,35,2,75280.911,4,2,4,10,New Customers
C103297,344,2,65152.29,1,2,4,7,Hibernating
C103298,119,5,127986.9805,3,4,5,12,Loyal Customers
C103300,120,2,23759.601,3,2,2,7,Hibernating
C103302,505,1,3029.11,1,1,1,3,Lost
C103303,262,3,57272.5,2,3,3,8,At Risk
C103304,137,3,31524.307999999997,3,3,2,8,Loyal Customers
C103305,38,9,172006.3155,4,5,5,14,Champions
C103307,294,1,34726.21,1,1,2,4,Lost
C103308,166,4,100658.863,2,4,4,10,Cannot Lose Them
C103310,7,1,36198.47,5,1,2,8,New Customers
C103311,112,2,16779.893,3,2,1,6,Hibernating
C103314,32,7,114423.0575,4,5,5,14,Champions
C103315,93,1,4728.474,3,1,1,5,Hibernating
C103316,169,1,9167.64,2,1,1,4,Lost
C103317,127,1,2861.52,3,1,1,5,Hibernating
C103318,80,4,61794.231999999996,3,4,3,10,Loyal Customers
C103319,161,3,49602.018000000004,2,3,3,8,At Risk
C103320,279,1,5892.03,2,1,1,4,Lost
C103322,299,4,46872.89,1,4,3,8,At Risk
C103323,564,1,18781.8805,1,1,2,4,Lost
C103324,82,10,199797.2655,3,5,5,13,Loyal Customers
C103325,15,2,22032.561,5,2,2,9,New Customers
C103327,12,7,140962.9305,5,5,5,15,Champions
C103328,9,2,34397.958999999995,5,2,2,9,New Customers
C103331,0,3,92060.05249999999,5,3,4,12,Loyal Customers
C103333,150,1,28648.621,2,1,2,5,Lost
C103335,5,7,225901.12,5,5,5,15,Champions
C103336,4,2,25807.1255,5,2,2,9,New Customers
C103338,147,1,6778.452499999999,2,1,1,4,Lost
C103339,18,3,66894.175,5,3,4,12,Loyal Customers
C103340,11,4,105183.9875,5,4,4,13,Champions
C103342,177,4,49601.564,2,4,3,9,At Risk
C103345,620,1,26205.288,1,1,2,4,Lost
C103346,268,4,113626.42300000001,2,4,5,11,Cannot Lose Them
C103347,133,4,68386.9275,3,4,4,11,Loyal Customers
C103348,61,2,14068.724000000002,4,2,1,7,New Customers
C103349,137,1,9588.3405,3,1,1,5,Hibernating
C103351,58,3,66654.098,4,3,4,11,Loyal Customers
C103352,603,1,3436.5440000000003,1,1,1,3,Lost
C103356,39,2,32633.410000000003,4,2,2,8,New Customers
C103357,41,1,5953.662,4,1,1,6,New Customers
C103358,508,1,17595.567000000003,1,1,1,3,Lost
C103359,51,2,36399.373999999996,4,2,2,8,New Customers
C103361,94,4,157544.06350000002,3,4,5,12,Loyal Customers
C103362,6,2,41034.8765,5,2,3,10,New Customers
C103363,308,4,59793.58500000001,1,4,3,8,At Risk
C103364,434,3,79906.66,1,3,4,8,At Risk
C103365,102,1,4319.384,3,1,1,5,Hibernating
C103366,53,2,38844.481499999994,4,2,3,9,New Customers
C103367,646,1,11702.064,1,1,1,3,Lost
C103368,-1,3,72364.7115,5,3,4,12,Loyal Customers
C103369,50,2,52477.128,4,2,3,9,New Customers
C103371,63,9,196981.2145,3,5,5,13,Loyal Customers
C103372,685,1,69680.28,1,1,4,6,Hibernating
C103375,51,6,124076.0255,4,5,5,14,Champions
C103376,537,4,166450.1685,1,4,5,10,Cannot Lose Them
C103377,28,5,228993.4565,4,4,5,13,Champions
C103380,21,5,82173.76299999999,4,4,4,12,Champions
C103381,168,2,12824.970000000001,2,2,1,5,Lost
C103382,26,1,1937.0,4,1,1,6,New Customers
C103383,67,1,10562.436000000002,3,1,1,5,Hibernating
C103384,421,1,59624.812000000005,1,1,3,5,Hibernating
C103387,903,1,7764.856,1,1,1,3,Lost
C103388,0,10,260900.051,5,5,5,15,Champions
C103390,9,1,395.20000000000005,5,1,1,7,New Customers
C103392,81,6,133451.195,3,5,5,13,Loyal Customers
C103393,97,3,85603.408,3,3,4,10,Loyal Customers
C103394,9,1,6592.599,5,1,1,7,New Customers
C103395,386,1,17081.16,1,1,1,3,Lost
C103396,61,2,37321.878,4,2,3,9,New Customers
C103398,264,2,37836.166,2,2,3,7,Hibernating
C103399,130,5,93310.5425,3,4,4,11,Loyal Customers
C103401,16,3,94529.474,5,3,4,12,Loyal Customers
C103402,344,2,78112.008,1,2,4,7,Hibernating
C103403,118,3,31050.873000000003,3,3,2,8,Loyal Customers
C103404,44,4,69876.8965,4,4,4,12,Champions
C103405,180,1,30684.249000000003,2,1,2,5,Lost
C103406,305,1,13563.606,1,1,1,3,Lost
C103407,100,2,52871.635500000004,3,2,3,8,Potential Loyalists
C103408,108,1,7478.880000000001,3,1,1,5,Hibernating
C103409,8,2,14544.387499999999,5,2,1,8,New Customers
C103410,4,6,147989.9535,5,5,5,15,Champions
C103411,2,1,11327.431499999999,5,1,1,7,New Customers
C103412,416,1,37014.2955,1,1,2,4,Lost
C103413,82,2,55162.7325,3,2,3,8,Potential Loyalists
C103415,244,2,49226.38249999999,2,2,3,7,Hibernating
C103416,139,1,19370.472,3,1,2,6,Hibernating
C103418,859,1,428.23,1,1,1,3,Lost
C103419,52,8,102282.0485,4,5,4,13,Champions
C103420,186,4,63123.3095,2,4,3,9,At Risk
C103421,129,3,98928.607,3,3,4,10,Loyal Customers
C103422,-1,2,91357.78,5,2,4,11,New Customers
C103423,160,11,352929.5445,2,5,5,12,Cannot Lose Them
C103424,148,1,24600.19,2,1,2,5,Lost
C103425,64,5,131459.951,3,4,5,12,Loyal Customers
C103426,56,1,9939.3655,4,1,1,6,New Customers
C103427,176,1,36713.1395,2,1,2,5,Lost
C103428,1004,1,3949.3,1,1,1,3,Lost
C103431,6,4,44931.5535,5,4,3,12,Loyal Customers
C103432,222,2,42754.602,2,2,3,7,Hibernating
C103433,44,1,26814.0635,4,1,2,7,New Customers
C103437,59,3,74088.82,4,3,4,11,Loyal Customers
C103438,553,1,7008.784,1,1,1,3,Lost
C103440,311,1,19722.21,1,1,2,4,Lost
C103442,133,6,78895.9955,3,5,4,12,Loyal Customers
C103443,91,1,6456.389999999999,3,1,1,5,Hibernating
C103444,1,2,50437.7215,5,2,3,10,New Customers
C103450,233,3,51148.975,2,3,3,8,At Risk
C103451,73,3,82376.764,3,3,4,10,Loyal Customers
C103452,15,6,110824.76449999999,5,5,5,15,Champions
C103453,1,11,195830.673,5,5,5,15,Champions
C103454,947,1,11155.337,1,1,1,3,Lost
C103455,281,2,18728.206,2,2,2,6,Lost
C103457,127,3,138252.93050000002,3,3,5,11,Loyal Customers
C103458,155,7,199658.8125,2,5,5,12,Cannot Lose Them
C103459,83,13,187528.4775,3,5,5,13,Loyal Customers
C103460,0,9,189910.7445,5,5,5,15,Champions
C103461,45,4,74396.376,4,4,4,12,Champions
C103462,47,13,418614.495,4,5,5,14,Champions
C103464,55,6,143026.8175,4,5,5,14,Champions
C103465,-1,4,88124.79800000001,5,4,4,13,Champions
C103469,319,5,76207.594,1,4,4,9,Cannot Lose Them
C103470,711,1,39001.7085,1,1,3,5,Hibernating
C103471,366,2,25066.4455,1,2,2,5,Lost
C103472,143,2,20071.612,2,2,2,6,Lost
C103474,8,5,101147.0445,5,4,4,13,Champions
C103475,515,1,23345.22,1,1,2,4,Lost
C103476,5,4,65615.11200000001,5,4,4,13,Champions
C103478,24,4,86674.154,4,4,4,12,Champions
C103479,91,1,2870.946,3,1,1,5,Hibernating
C103481,128,3,36913.2495,3,3,2,8,Loyal Customers
C103482,134,2,60198.152,3,2,3,8,Potential Loyalists
C103483,-1,11,244131.9265,5,5,5,15,Champions
C103484,2,2,31138.7235,5,2,2,9,New Customers
C103485,99,3,27766.226000000002,3,3,2,8,Loyal Customers
C103486,172,1,31031.398499999996,2,1,2,5,Lost
C103488,24,3,64287.526,4,3,4,11,Loyal Customers
C103489,142,1,8379.828,2,1,1,4,Lost
C103490,1,9,188534.5345,5,5,5,15,Champions
C103491,205,1,4519.69,2,1,1,4,Lost
C103492,93,1,15004.992000000002,3,1,1,5,Hibernating
C103493,86,1,21583.619999999995,3,1,2,6,Hibernating
C103496,769,1,45349.6505,1,1,3,5,Hibernating
C103497,185,2,47988.7345,2,2,3,7,Hibernating
C103498,53,5,59140.3605,4,4,3,11,Loyal Customers
C103500,257,1,10276.449,2,1,1,4,Lost
C103502,297,1,28394.88,1,1,2,4,Lost
C103503,36,4,47909.398,4,4,3,11,Loyal Customers
C103504,27,1,6834.8075,4,1,1,6,New Customers
C103505,269,3,84323.5,2,3,4,9,At Risk
C103506,149,2,29558.14,2,2,2,6,Lost
C103507,94,2,32070.712,3,2,2,7,Hibernating
C103508,25,3,34244.4275,4,3,2,9,Loyal Customers
C103510,20,5,126625.3515,5,4,5,14,Champions
C103513,434,3,121065.00399999999,1,3,5,9,At Risk
C103514,138,8,173476.8895,3,5,5,13,Loyal Customers
C103515,10,2,38789.072499999995,5,2,3,10,New Customers
C103518,15,4,31007.3225,5,4,2,11,Loyal Customers
C103519,130,3,49467.256499999996,3,3,3,9,Loyal Customers
C103520,4,2,18270.217,5,2,2,9,New Customers
C103528,34,1,17866.11,4,1,1,6,New Customers
C103530,562,3,48762.0935,1,3,3,7,At Risk
C103531,133,9,288644.8915,3,5,5,13,Loyal Customers
C103533,22,2,45603.342000000004,4,2,3,9,New Customers
C103534,144,3,83556.78199999999,2,3,4,9,At Risk
C103535,50,2,23971.848,4,2,2,8,New Customers
C103538,259,3,70540.425,2,3,4,9,At Risk
C103539,608,1,13983.021,1,1,1,3,Lost
C103541,3,6,167649.0005,5,5,5,15,Champions
C103542,52,2,14337.878,4,2,1,7,New Customers
C103543,195,1,11816.0335,2,1,1,4,Lost
C103544,-1,3,53837.63,5,3,3,11,Loyal Customers
C103546,205,1,27974.042,2,1,2,5,Lost
C103547,15,1,3774.64,5,1,1,7,New Customers
C103548,98,3,65787.31700000001,3,3,4,10,Loyal Customers
C103550,462,1,36056.84,1,1,2,4,Lost
C103551,216,2,22420.87,2,2,2,6,Lost
C103552,35,1,1871.6670000000001,4,1,1,6,New Customers
C103553,503,1,8775.89,1,1,1,3,Lost
C103557,294,4,102230.35399999999,1,4,4,9,Cannot Lose Them
C103558,18,12,274425.988,5,5,5,15,Champions
C103559,16,9,154515.247,5,5,5,15,Champions
C103560,5,6,167658.7705,5,5,5,15,Champions
C103562,21,1,14786.082,4,1,1,6,New Customers
C103563,512,2,57755.348,1,2,3,6,Hibernating
C103564,11,15,379665.4575,5,5,5,15,Champions
C103565,82,6,99864.114,3,5,4,12,Loyal Customers
C103566,610,1,10223.101999999999,1,1,1,3,Lost
C103567,95,2,65187.284,3,2,4,9,Potential Loyalists
C103568,447,1,17121.773999999998,1,1,1,3,Lost
C103569,303,1,28855.72,1,1,2,4,Lost
C103570,617,1,70134.83,1,1,4,6,Hibernating
C103572,186,3,107903.98000000001,2,3,5,10,At Risk
C103573,533,2,27965.321500000002,1,2,2,5,Lost
C103574,309,2,23844.0455,1,2,2,5,Lost
C103575,319,5,88486.5,1,4,4,9,Cannot Lose Them
C103577,142,9,145427.606,2,5,5,12,Cannot Lose Them
C103578,333,1,13259.817000000001,1,1,1,3,Lost
C103579,2,9,210622.543,5,5,5,15,Champions
C103584,72,9,239954.9965,3,5,5,13,Loyal Customers
C103585,83,5,98832.95449999999,3,4,4,11,Loyal Customers
C103586,370,2,85528.471,1,2,4,7,Hibernating
C103587,331,4,55697.965,1,4,3,8,At Risk
C103588,257,2,27811.649999999998,2,2,2,6,Lost
C103589,757,1,38941.200000000004,1,1,3,5,Hibernating
C103590,16,4,57167.742,5,4,3,12,Loyal Customers
C103592,227,4,76073.918,2,4,4,10,Cannot Lose Them
C103593,190,5,115375.758,2,4,5,11,Cannot Lose Them
C103594,119,1,257.368,3,1,1,5,Hibernating
C103595,124,1,31534.78,3,1,2,6,Hibernating
C103596,28,6,81458.0495,4,5,4,13,Champions
C103597,99,3,43941.061,3,3,3,9,Loyal Customers
C103598,53,4,64937.117,4,4,4,12,Champions
C103599,22,1,1210.4959999999999,4,1,1,6,New Customers
C103600,231,1,28576.665,2,1,2,5,Lost
C103603,8,2,15941.263,5,2,1,8,New Customers
C103604,56,1,34720.2485,4,1,2,7,New Customers
C103605,-1,3,55757.897,5,3,3,11,Loyal Customers
C103606,18,7,103195.09,5,5,4,14,Champions
C103607,111,1,30332.08,3,1,2,6,Hibernating
C103610,21,6,143205.417,4,5,5,14,Champions
C103611,566,1,16636.1435,1,1,1,3,Lost
C103612,29,3,45157.305499999995,4,3,3,10,Loyal Customers
C103613,90,1,940.67,3,1,1,5,Hibernating
C103614,270,1,8232.99,2,1,1,4,Lost
C103615,5,2,24795.663999999997,5,2,2,9,New Customers
C103616,484,1,8644.38,1,1,1,3,Lost
C103617,220,3,42296.354999999996,2,3,3,8,At Risk
C103618,114,2,20419.67,3,2,2,7,Hibernating
C103619,24,4,102739.8345,4,4,4,12,Champions
C103620,62,6,102834.6105,4,5,4,13,Champions
C103621,142,2,73738.02,2,2,4,8,Hibernating
C103622,23,13,215183.4655,4,5,5,14,Champions
C103623,92,1,7033.11,3,1,1,5,Hibernating
C103624,94,8,138168.978,3,5,5,13,Loyal Customers
C103626,29,1,42668.8695,4,1,3,8,New Customers
C103628,4,3,24462.385000000002,5,3,2,10,Loyal Customers
C103629,269,1,14199.079999999998,2,1,1,4,Lost
C103630,72,4,107098.42199999999,3,4,4,11,Loyal Customers
C103631,33,1,13269.163,4,1,1,6,New Customers
C103632,42,5,135284.52000000002,4,4,5,13,Champions
C103635,209,4,130554.103,2,4,5,11,Cannot Lose Them
C103636,50,18,370432.9755,4,5,5,14,Champions
C103637,29,3,26579.239,4,3,2,9,Loyal Customers
C103639,81,3,33455.0775,3,3,2,8,Loyal Customers
C103641,141,3,45681.145000000004,2,3,3,8,At Risk
C103642,23,3,55434.108,4,3,3,10,Loyal Customers
C103644,263,1,33943.16,2,1,2,5,Lost
C103645,61,4,47158.9265,4,4,3,11,Loyal Customers
C103646,7,6,107626.647,5,5,5,15,Champions
C103648,490,1,33857.729999999996,1,1,2,4,Lost
C103650,399,1,17391.783,1,1,1,3,Lost
C103651,252,1,52076.65,2,1,3,6,Hibernating
C103652,689,1,36839.520000000004,1,1,2,4,Lost
C103655,5,6,129603.3535,5,5,5,15,Champions
C103656,29,7,95278.022,4,5,4,13,Champions
C103657,876,1,66866.264,1,1,4,6,Hibernating
C103658,147,4,42612.494,2,4,3,9,At Risk
C103660,82,1,21478.266,3,1,2,6,Hibernating
C103661,56,2,70078.4965,4,2,4,10,New Customers
C103662,10,5,138589.7645,5,4,5,14,Champions
C103663,211,4,72352.221,2,4,4,10,Cannot Lose Them
C103664,75,1,4196.637,3,1,1,5,Hibernating
C103665,25,8,156288.7465,4,5,5,14,Champions
C103666,185,2,28551.494,2,2,2,6,Lost
C103667,96,3,67962.0235,3,3,4,10,Loyal Customers
C103668,214,3,55896.655,2,3,3,8,At Risk
C103670,128,1,47149.740000000005,3,1,3,7,Potential Loyalists
C103671,19,12,292707.9925,5,5,5,15,Champions
C103672,89,1,33487.56,3,1,2,6,Hibernating
C103673,14,1,16058.829000000002,5,1,1,7,New Customers
C103674,8,5,145118.8275,5,4,5,14,Champions
C103675,1020,1,13475.78,1,1,1,3,Lost
C103676,179,3,110133.0555,2,3,5,10,At Risk
C103678,300,1,38402.728,1,1,3,5,Hibernating
C103680,58,3,76293.696,4,3,4,11,Loyal Customers
C103681,487,1,440.61949999999996,1,1,1,3,Lost
C103682,418,1,26918.370000000003,1,1,2,4,Lost
C103683,704,1,14417.39,1,1,1,3,Lost
C103684,308,2,42657.0235,1,2,3,6,Hibernating
C103685,5,3,38595.943,5,3,3,11,Loyal Customers
C103686,103,5,71854.3695,3,4,4,11,Loyal Customers
C103687,42,3,103796.681,4,3,4,11,Loyal Customers
C103688,147,1,52302.18000000001,2,1,3,6,Hibernating
C103691,0,3,40381.411,5,3,3,11,Loyal Customers
C103692,126,1,32389.18,3,1,2,6,Hibernating
C103694,235,1,7951.095,2,1,1,4,Lost
C103695,19,9,282620.38649999996,5,5,5,15,Champions
C103696,192,3,53286.002,2,3,3,8,At Risk
C103697,155,3,78565.187,2,3,4,9,At Risk
C103701,52,8,127999.1375,4,5,5,14,Champions
C103703,46,2,50636.507000000005,4,2,3,9,New Customers
C103705,435,2,63159.41,1,2,4,7,Hibernating
C103706,191,1,15386.6845,2,1,1,4,Lost
C103708,54,12,261113.863,4,5,5,14,Champions
C103709,102,2,116084.317,3,2,5,10,Potential Loyalists
C103710,262,2,37007.776,2,2,2,6,Lost
C103711,25,2,21457.786000000004,4,2,2,8,New Customers
C103712,203,2,16138.126,2,2,1,5,Lost
C103715,180,4,120990.11,2,4,5,11,Cannot Lose Them
C103717,2,8,155943.4035,5,5,5,15,Champions
C103718,146,3,64804.777,2,3,4,9,At Risk
C103719,134,2,22455.261,3,2,2,7,Hibernating
C103720,135,1,0.0,3,1,1,5,Hibernating
C103721,20,1,41374.880000000005,5,1,3,9,New Customers
C103722,72,6,204042.175,3,5,5,13,Loyal Customers
C103723,2,4,65364.357,5,4,4,13,Champions
C103724,57,1,19455.760000000002,4,1,2,7,New Customers
C103725,0,10,203721.1195,5,5,5,15,Champions
C103726,1,1,6846.13,5,1,1,7,New Customers
C103728,27,6,130728.884,4,5,5,14,Champions
C103729,299,1,13621.19,1,1,1,3,Lost
C103731,22,8,116033.00200000001,4,5,5,14,Champions
C103734,50,5,244556.014,4,4,5,13,Champions
C103736,22,7,95110.7945,4,5,4,13,Champions
C103737,75,6,160180.4055,3,5,5,13,Loyal Customers
C103738,83,1,43844.9295,3,1,3,7,Potential Loyalists
C103739,20,3,80715.43,5,3,4,12,Loyal Customers
C103741,36,5,136794.9705,4,4,5,13,Champions
C103742,14,2,18000.5435,5,2,1,8,New Customers
C103743,14,2,22697.1895,5,2,2,9,New Customers
C103744,166,1,20587.288999999997,2,1,2,5,Lost
C103748,13,6,84481.8815,5,5,4,14,Champions
C103750,443,1,34146.24,1,1,2,4,Lost
C103751,199,6,110367.51,2,5,5,12,Cannot Lose Them
C103752,496,3,116155.006,1,3,5,9,At Risk
C103754,3,5,107216.001,5,4,4,13,Champions
C103757,345,2,62002.240999999995,1,2,3,6,Hibernating
C103758,14,2,81365.481,5,2,4,11,New Customers
C103759,1,4,70383.47,5,4,4,13,Champions
C103760,12,1,2050.38,5,1,1,7,New Customers
C103761,28,1,13055.7,4,1,1,6,New Customers
C103762,41,1,19841.263,4,1,2,7,New Customers
C103763,724,1,13408.236,1,1,1,3,Lost
C103764,58,4,57454.8535,4,4,3,11,Loyal Customers
C103765,167,1,34399.784999999996,2,1,2,5,Lost
C103766,6,11,220559.134,5,5,5,15,Champions
C103767,360,5,178005.1105,1,4,5,10,Cannot Lose Them
C103768,19,6,109206.2195,5,5,5,15,Champions
C103769,13,4,107431.456,5,4,4,13,Champions
C103771,270,2,34753.912,2,2,2,6,Lost
C103772,-1,6,170469.012,5,5,5,15,Champions
C103775,178,2,49995.666000000005,2,2,3,7,Hibernating
C103777,7,2,15166.326,5,2,1,8,New Customers
C103778,92,10,149938.5635,3,5,5,13,Loyal Customers
C103779,96,2,14469.9815,3,2,1,6,Hibernating
C103781,51,10,140761.868,4,5,5,14,Champions
C103782,218,1,17984.944,2,1,1,4,Lost
C103783,0,6,55743.5365,5,5,3,13,Loyal Customers
C103784,15,4,144885.964,5,4,5,14,Champions
C103785,346,1,9104.1545,1,1,1,3,Lost
C103786,265,2,17459.23,2,2,1,5,Lost
C103788,35,2,49075.59,4,2,3,9,New Customers
C103789,303,2,117190.014,1,2,5,8,Hibernating
C103790,143,4,92825.706,2,4,4,10,Cannot Lose Them
C103791,115,2,54497.108,3,2,3,8,Potential Loyalists
C103792,35,11,359794.05449999997,4,5,5,14,Champions
C103793,6,2,65602.4185,5,2,4,11,New Customers
C103794,24,5,112492.29550000001,4,4,5,13,Champions
C103795,127,4,78869.417,3,4,4,11,Loyal Customers
C103796,388,1,24676.290500000003,1,1,2,4,Lost
C103798,51,3,85635.071,4,3,4,11,Loyal Customers
C103799,93,1,17355.536999999997,3,1,1,5,Hibernating
C103800,644,3,102204.17400000001,1,3,4,8,At Risk
C103803,53,8,195532.2845,4,5,5,14,Champions
C103806,422,1,9013.33,1,1,1,3,Lost
C103807,249,5,103371.4615,2,4,4,10,Cannot Lose Them
C103808,14,1,23711.02,5,1,2,8,New Customers
C103809,55,6,130366.6395,4,5,5,14,Champions
C103811,14,2,14170.474,5,2,1,8,New Customers
C103812,398,2,37933.524000000005,1,2,3,6,Hibernating
C103813,674,1,12779.397,1,1,1,3,Lost
C103814,173,3,58881.266,2,3,3,8,At Risk
C103818,251,1,21104.412,2,1,2,5,Lost
C103819,168,2,20489.01,2,2,2,6,Lost
C103820,644,1,6559.839999999999,1,1,1,3,Lost
C103821,11,12,303753.581,5,5,5,15,Champions
C103822,5,9,278443.149,5,5,5,15,Champions
C103823,296,1,37459.962,1,1,3,5,Hibernating
C103824,544,1,24850.39,1,1,2,4,Lost
C103826,63,3,106582.66450000001,3,3,4,10,Loyal Customers
C103827,119,5,105996.82100000001,3,4,4,11,Loyal Customers
C103828,277,1,21887.62,2,1,2,5,Lost
C103831,21,8,256151.7765,4,5,5,14,Champions
C103832,339,1,16375.014,1,1,1,3,Lost
C103833,149,3,60943.3195,2,3,3,8,At Risk
C103834,106,3,58553.1,3,3,3,9,Loyal Customers
C103836,30,6,116207.4725,4,5,5,14,Champions
C103837,27,10,317375.709,4,5,5,14,Champions
C103840,381,3,38202.358,1,3,3,7,At Risk
C103841,284,2,34684.978,2,2,2,6,Lost
C103842,13,1,8935.45,5,1,1,7,New Customers
C103844,36,2,14233.091,4,2,1,7,New Customers
C103845,140,1,12235.05,2,1,1,4,Lost
C103846,143,1,14305.4895,2,1,1,4,Lost
C103847,59,2,55964.7895,4,2,3,9,New Customers
C103848,58,6,161580.4345,4,5,5,14,Champions
C103849,145,4,55343.7065,2,4,3,9,At Risk
C103850,10,2,18146.808,5,2,1,8,New Customers
C103851,142,1,7961.695000000001,2,1,1,4,Lost
C103852,465,1,8576.884999999998,1,1,1,3,Lost
C103853,17,2,30811.095500000003,5,2,2,9,New Customers
C103854,28,1,60419.943,4,1,3,8,New Customers
C103855,3,1,21359.020999999997,5,1,2,8,New Customers
C103856,79,8,122677.265,3,5,5,13,Loyal Customers
C103857,361,3,72807.288,1,3,4,8,At Risk
C103858,198,1,17317.849,2,1,1,4,Lost
C103859,32,7,141323.881,4,5,5,14,Champions
C103860,163,6,141643.5245,2,5,5,12,Cannot Lose Them
C103861,288,6,68609.492,2,5,4,11,Cannot Lose Them
C103863,514,2,45926.056,1,2,3,6,Hibernating
C103865,0,2,41738.87,5,2,3,10,New Customers
C103866,114,1,22945.370000000003,3,1,2,6,Hibernating
C103868,456,1,42567.14,1,1,3,5,Hibernating
C103869,345,6,152849.648,1,5,5,11,Cannot Lose Them
C103870,109,4,77458.335,3,4,4,11,Loyal Customers
C103872,110,1,24654.267,3,1,2,6,Hibernating
C103873,49,1,9325.472,4,1,1,6,New Customers
C103874,277,2,67917.8355,2,2,4,8,Hibernating
C103876,9,6,133035.326,5,5,5,15,Champions
C103877,5,9,263068.289,5,5,5,15,Champions
C103879,421,2,68034.13,1,2,4,7,Hibernating
C103880,216,5,103307.61,2,4,4,10,Cannot Lose Them
C103881,31,5,127050.895,4,4,5,13,Champions
C103884,60,1,15882.064,4,1,1,6,New Customers
C103885,13,8,242495.8045,5,5,5,15,Champions
C103886,169,1,16635.0,2,1,1,4,Lost
C103889,341,1,19897.36,1,1,2,4,Lost
C103890,61,1,10268.352,4,1,1,6,New Customers
C103891,32,3,46578.969,4,3,3,10,Loyal Customers
C103892,183,2,40425.14,2,2,3,7,Hibernating
C103894,247,2,29082.748,2,2,2,6,Lost
C103895,145,3,89310.67,2,3,4,9,At Risk
C103897,5,7,163054.872,5,5,5,15,Champions
C103898,12,8,158202.338,5,5,5,15,Champions
C103900,54,2,17807.056,4,2,1,7,New Customers
C103901,4,6,198311.28949999998,5,5,5,15,Champions
C103902,316,1,12772.224000000002,1,1,1,3,Lost
C103903,234,1,30757.7,2,1,2,5,Lost
C103904,609,1,47136.69,1,1,3,5,Hibernating
C103906,111,1,12369.115,3,1,1,5,Hibernating
C103907,0,12,366400.72,5,5,5,15,Champions
C103908,322,1,9890.396999999999,1,1,1,3,Lost
C103909,60,2,47483.5165,4,2,3,9,New Customers
C103910,21,8,160316.3505,4,5,5,14,Champions
C103911,308,1,31020.632,1,1,2,4,Lost
C103912,42,1,16479.47,4,1,1,6,New Customers
C103918,306,2,44816.19,1,2,3,6,Hibernating
C103919,41,7,141055.0305,4,5,5,14,Champions
C103920,53,1,18759.0,4,1,2,7,New Customers
C103921,604,1,8805.749499999998,1,1,1,3,Lost
C103925,642,1,67860.846,1,1,4,6,Hibernating
C103926,11,4,83182.0595,5,4,4,13,Champions
C103927,12,7,121750.402,5,5,5,15,Champions
C103928,226,1,84030.29299999999,2,1,4,7,Hibernating
C103929,215,5,166320.653,2,4,5,11,Cannot Lose Them
C103930,67,3,67129.5625,3,3,4,10,Loyal Customers
C103931,186,1,12583.14,2,1,1,4,Lost
C103933,2,11,284673.7725,5,5,5,15,Champions
C103934,194,3,138867.74,2,3,5,10,At Risk
C103935,15,5,120635.917,5,4,5,14,Champions
C103936,422,1,37276.032,1,1,2,4,Lost
C103938,-1,1,42850.6,5,1,3,9,New Customers
C103939,3,10,147750.746,5,5,5,15,Champions
C103940,157,1,11410.84,2,1,1,4,Lost
C103942,52,1,15336.84,4,1,1,6,New Customers
C103943,557,2,36886.437,1,2,2,5,Lost
C103945,14,2,71410.48,5,2,4,11,New Customers
C103946,38,1,14346.56,4,1,1,6,New Customers
C103949,37,1,24503.730000000003,4,1,2,7,New Customers
C103952,21,2,12035.086,4,2,1,7,New Customers
C103953,167,2,40563.86,2,2,3,7,Hibernating
C103955,565,1,45387.34,1,1,3,5,Hibernating
C103958,133,4,75307.58350000001,3,4,4,11,Loyal Customers
C103959,781,2,46835.494999999995,1,2,3,6,Hibernating
C103960,55,3,20760.005999999998,4,3,2,9,Loyal Customers
C103961,249,2,35962.613,2,2,2,6,Lost
C103962,83,2,11116.02,3,2,1,6,Hibernating
C103963,226,3,79949.35949999999,2,3,4,9,At Risk
C103965,193,2,29232.228,2,2,2,6,Lost
C103966,73,1,17953.194999999996,3,1,1,5,Hibernating
C103968,964,1,19389.15,1,1,2,4,Lost
C103969,186,1,17530.902000000002,2,1,1,4,Lost
C103971,19,3,31320.154000000002,5,3,2,10,Loyal Customers
C103975,67,1,25536.855,3,1,2,6,Hibernating
C103977,469,2,52366.876500000006,1,2,3,6,Hibernating
C103978,117,5,78408.766,3,4,4,11,Loyal Customers
C103979,106,2,27894.164,3,2,2,7,Hibernating
C103980,104,5,90025.31300000001,3,4,4,11,Loyal Customers
C103981,136,7,114071.574,3,5,5,13,Loyal Customers
C103983,0,3,64939.42600000001,5,3,4,12,Loyal Customers
C103985,155,3,46746.712,2,3,3,8,At Risk
C103986,1,3,83750.643,5,3,4,12,Loyal Customers
C103987,264,2,67746.8895,2,2,4,8,Hibernating
C103988,4,5,101235.9915,5,4,4,13,Champions
C103989,78,1,26768.055,3,1,2,6,Hibernating
C103991,328,1,78891.85,1,1,4,6,Hibernating
C103992,24,2,33058.7375,4,2,2,8,New Customers
C103994,270,1,20858.52,2,1,2,5,Lost
C103996,73,4,46005.806,3,4,3,10,Loyal Customers
C103997,17,2,31084.264000000003,5,2,2,9,New Customers
C103998,50,12,277929.0665,4,5,5,14,Champions
C103999,60,2,66443.614,4,2,4,10,New Customers
C104000,7,6,144379.5695,5,5,5,15,Champions
C104002,226,1,15521.768,2,1,1,4,Lost
C104004,291,1,20925.2225,1,1,2,4,Lost
C104005,641,2,51069.577999999994,1,2,3,6,Hibernating
C104006,146,1,57866.231999999996,2,1,3,6,Hibernating
C104009,169,1,17458.0835,2,1,1,4,Lost
C104010,331,1,50906.100000000006,1,1,3,5,Hibernating
C104011,35,6,95367.913,4,5,4,13,Champions
C104012,390,1,14844.063499999998,1,1,1,3,Lost
C104013,84,2,27375.924,3,2,2,7,Hibernating
C104014,11,4,96738.256,5,4,4,13,Champions
C104015,77,4,102239.21900000001,3,4,4,11,Loyal Customers
C104016,117,1,11912.316,3,1,1,5,Hibernating
C104018,56,1,54444.85,4,1,3,8,New Customers
C104019,73,1,23906.8535,3,1,2,6,Hibernating
C104020,422,1,19487.24,1,1,2,4,Lost
C104022,145,1,58383.008,2,1,3,6,Hibernating
C104023,78,5,65479.508499999996,3,4,4,11,Loyal Customers
C104025,27,2,45389.801499999994,4,2,3,9,New Customers
C104026,28,10,194067.36800000002,4,5,5,14,Champions
C104027,6,3,38673.464,5,3,3,11,Loyal Customers
C104028,327,2,57305.263000000006,1,2,3,6,Hibernating
C104029,538,1,12701.488000000001,1,1,1,3,Lost
C104030,74,6,100866.138,3,5,4,12,Loyal Customers
C104032,68,3,52193.557,3,3,3,9,Loyal Customers
C104033,429,3,32763.8565,1,3,2,6,At Risk
C104035,113,5,67019.2455,3,4,4,11,Loyal Customers
C104036,92,9,111906.127,3,5,5,13,Loyal Customers
C104037,13,2,23508.004,5,2,2,9,New Customers
C104038,277,1,24557.013,2,1,2,5,Lost
C104039,7,3,50940.505000000005,5,3,3,11,Loyal Customers
C104040,2,3,28658.182,5,3,2,10,Loyal Customers
C104041,24,1,5454.15,4,1,1,6,New Customers
C104042,688,1,1241.3745,1,1,1,3,Lost
C104048,286,1,6231.146,2,1,1,4,Lost
C104049,87,1,31725.579999999998,3,1,2,6,Hibernating
C104050,208,2,120835.76999999999,2,2,5,9,Hibernating
C104051,24,1,10372.58,4,1,1,6,New Customers
C104052,108,3,65613.012,3,3,4,10,Loyal Customers
C104053,6,1,10257.6555,5,1,1,7,New Customers
C104054,793,1,14046.6325,1,1,1,3,Lost
C104055,358,1,20854.5615,1,1,2,4,Lost
C104056,54,3,72782.7245,4,3,4,11,Loyal Customers
C104057,24,3,59378.374,4,3,3,10,Loyal Customers
C104059,3,5,58989.3885,5,4,3,12,Loyal Customers
C104060,538,3,44922.417,1,3,3,7,At Risk
C104062,294,1,13388.51,1,1,1,3,Lost
C104063,356,2,41072.633,1,2,3,6,Hibernating
C104065,324,1,5932.31,1,1,1,3,Lost
C104066,85,2,17967.699999999997,3,2,1,6,Hibernating
C104070,418,1,19188.55,1,1,2,4,Lost
C104072,342,1,16690.059999999998,1,1,1,3,Lost
C104073,382,1,4090.205999999999,1,1,1,3,Lost
C104074,122,3,28705.5905,3,3,2,8,Loyal Customers
C104075,14,4,35249.366,5,4,2,11,Loyal Customers
C104077,528,1,20178.079999999998,1,1,2,4,Lost
C104078,673,2,82351.75,1,2,4,7,Hibernating
C104079,8,2,26610.408,5,2,2,9,New Customers
C104080,2,1,8036.525,5,1,1,7,New Customers
C104081,223,6,72771.6485,2,5,4,11,Cannot Lose Them
C104082,263,2,29566.466,2,2,2,6,Lost
C104083,285,1,14071.877499999999,2,1,1,4,Lost
C104084,-1,11,294472.26800000004,5,5,5,15,Champions
C104086,196,8,128888.277,2,5,5,12,Cannot Lose Them
C104090,157,7,177246.8785,2,5,5,12,Cannot Lose Them
C104092,160,4,43378.856,2,4,3,9,At Risk
C104093,97,3,70478.696,3,3,4,10,Loyal Customers
C104094,64,2,45858.757000000005,3,2,3,8,Potential Loyalists
C104097,252,2,16613.438000000002,2,2,1,5,Lost
C104098,244,7,128167.999,2,5,5,12,Cannot Lose Them
C104099,194,1,15034.443000000001,2,1,1,4,Lost
C104101,36,1,20541.2275,4,1,2,7,New Customers
C104102,873,1,5082.994000000001,1,1,1,3,Lost
C104103,200,3,57676.9005,2,3,3,8,At Risk
C104105,115,9,137191.4905,3,5,5,13,Loyal Customers
C104106,57,2,34488.3305,4,2,2,8,New Customers
C104107,334,2,9674.19,1,2,1,4,Lost
C104111,537,1,12427.9095,1,1,1,3,Lost
C104113,19,3,84594.342,5,3,4,12,Loyal Customers
C104114,0,1,13984.64,5,1,1,7,New Customers
C104115,18,8,126852.50099999999,5,5,5,15,Champions
C104117,367,1,15769.6335,1,1,1,3,Lost
C104118,44,3,38624.533500000005,4,3,3,10,Loyal Customers
C104120,4,14,257196.6725,5,5,5,15,Champions
C104121,377,1,17271.328,1,1,1,3,Lost
C104122,19,6,113127.571,5,5,5,15,Champions
C104123,7,2,30017.120000000003,5,2,2,9,New Customers
C104125,267,1,19825.14,2,1,2,5,Lost
C104126,14,3,102833.732,5,3,4,12,Loyal Customers
C104128,71,6,132210.80599999998,3,5,5,13,Loyal Customers
C104129,7,2,40815.6565,5,2,3,10,New Customers
C104130,201,1,26505.0665,2,1,2,5,Lost
C104131,1,3,26971.5975,5,3,2,10,Loyal Customers
C104134,26,4,80531.9045,4,4,4,12,Champions
C104135,566,2,68622.0365,1,2,4,7,Hibernating
C104136,11,2,29312.273,5,2,2,9,New Customers
C104140,276,1,10759.18,2,1,1,4,Lost
C104141,37,3,21292.818,4,3,2,9,Loyal Customers
C104142,155,1,15068.817,2,1,1,4,Lost
C104143,214,3,160721.7,2,3,5,10,At Risk
C104147,163,1,19422.199,2,1,2,5,Lost
C104148,61,2,34531.55100000001,4,2,2,8,New Customers
C104151,249,3,102713.904,2,3,4,9,At Risk
C104152,51,6,134951.0635,4,5,5,14,Champions
C104153,0,4,86862.5115,5,4,4,13,Champions
C104155,18,2,77954.04000000001,5,2,4,11,New Customers
C104156,266,5,69983.6195,2,4,4,10,Cannot Lose Them
C104158,32,3,31609.22,4,3,2,9,Loyal Customers
C104159,49,1,69063.69,4,1,4,9,New Customers
C104160,136,1,38826.66,3,1,3,7,Potential Loyalists
C104161,31,9,138560.0985,4,5,5,14,Champions
C104162,44,3,66982.69200000001,4,3,4,11,Loyal Customers
C104163,38,1,14827.368,4,1,1,6,New Customers
C104164,168,1,12359.3485,2,1,1,4,Lost
C104165,37,4,55405.183,4,4,3,11,Loyal Customers
C104169,382,4,61033.851,1,4,3,8,At Risk
C104173,115,3,70265.034,3,3,4,10,Loyal Customers
C104174,11,10,258604.511,5,5,5,15,Champions
C104175,136,3,32553.9225,3,3,2,8,Loyal Customers
C104177,5,1,17021.547499999997,5,1,1,7,New Customers
C104178,15,5,118974.69900000001,5,4,5,14,Champions
C104179,94,6,87636.26699999999,3,5,4,12,Loyal Customers
C104181,368,1,10396.107,1,1,1,3,Lost
C104184,0,2,46320.880000000005,5,2,3,10,New Customers
C104185,33,6,90094.763,4,5,4,13,Champions
C104187,513,1,64708.72,1,1,4,6,Hibernating
C104188,13,7,87976.6745,5,5,4,14,Champions
C104189,38,6,83199.322,4,5,4,13,Champions
C104190,2,3,130447.3525,5,3,5,13,Loyal Customers
C104192,13,6,99011.015,5,5,4,14,Champions
C104194,26,10,155640.152,4,5,5,14,Champions
C104196,80,3,56354.4015,3,3,3,9,Loyal Customers
C104198,92,2,48964.905,3,2,3,8,Potential Loyalists
C104200,11,10,251114.234,5,5,5,15,Champions
C104202,63,3,119760.91100000001,3,3,5,11,Loyal Customers
C104204,85,6,95247.055,3,5,4,12,Loyal Customers
C104205,6,2,46059.192,5,2,3,10,New Customers
C104206,4,5,117309.752,5,4,5,14,Champions
C104207,60,4,80361.97750000001,4,4,4,12,Champions
C104210,-1,2,29959.923,5,2,2,9,New Customers
C104211,94,2,51453.1915,3,2,3,8,Potential Loyalists
C104212,125,3,64015.601,3,3,4,10,Loyal Customers
C104213,144,1,14525.6,2,1,1,4,Lost
C104214,171,1,23479.411500000002,2,1,2,5,Lost
C104215,12,8,180821.023,5,5,5,15,Champions
C104218,53,5,81487.98849999999,4,4,4,12,Champions
C104219,835,1,20894.8985,1,1,2,4,Lost
C104220,103,2,25937.038500000002,3,2,2,7,Hibernating
C104222,78,6,170034.525,3,5,5,13,Loyal Customers
C104223,32,3,41247.8065,4,3,3,10,Loyal Customers
C104224,64,2,36177.179000000004,3,2,2,7,Hibernating
C104226,55,1,5458.750999999999,4,1,1,6,New Customers
C104227,47,5,73626.2755,4,4,4,12,Champions
C104228,931,2,15234.9995,1,2,1,4,Lost
C104229,128,1,2008.31,3,1,1,5,Hibernating
C104230,92,2,26712.114999999998,3,2,2,7,Hibernating
C104232,162,1,6841.87,2,1,1,4,Lost
C104234,34,2,28263.266499999998,4,2,2,8,New Customers
C104235,115,6,90683.026,3,5,4,12,Loyal Customers
C104237,180,4,87278.076,2,4,4,10,Cannot Lose Them
C104238,0,3,56453.24800000001,5,3,3,11,Loyal Customers
C104239,148,3,87741.4665,2,3,4,9,At Risk
C104240,159,3,71603.3575,2,3,4,9,At Risk
C104242,220,4,125388.905,2,4,5,11,Cannot Lose Them
C104243,33,1,2424.64,4,1,1,6,New Customers
C104244,6,3,81153.18100000001,5,3,4,12,Loyal Customers
C104245,76,3,88657.523,3,3,4,10,Loyal Customers
C104246,478,1,16064.181,1,1,1,3,Lost
C104247,41,8,144650.51200000002,4,5,5,14,Champions
C104248,85,4,35053.317,3,4,2,9,Loyal Customers
C104250,382,1,51423.174,1,1,3,5,Hibernating
C104255,123,2,53676.659999999996,3,2,3,8,Potential Loyalists
C104256,31,3,22598.572999999997,4,3,2,9,Loyal Customers
C104257,111,6,106441.62,3,5,4,12,Loyal Customers
C104258,677,3,24415.539,1,3,2,6,At Risk
C104259,0,5,130415.4835,5,4,5,14,Champions
C104260,112,1,19111.91,3,1,2,6,Hibernating
C104261,281,2,60564.2285,2,2,3,7,Hibernating
C104263,311,2,29302.96,1,2,2,5,Lost
C104264,440,2,51420.246999999996,1,2,3,6,Hibernating
C104266,115,1,53994.869999999995,3,1,3,7,Potential Loyalists
C104267,137,4,46284.832,3,4,3,10,Loyal Customers
C104268,2,2,34765.219000000005,5,2,2,9,New Customers
C104270,22,3,55674.64199999999,4,3,3,10,Loyal Customers
C104273,42,8,121923.0015,4,5,5,14,Champions
C104274,21,4,96918.73800000001,4,4,4,12,Champions
C104277,23,2,27289.1585,4,2,2,8,New Customers
C104279,164,3,64491.921,2,3,4,9,At Risk
C104280,104,4,48871.889,3,4,3,10,Loyal Customers
C104281,158,2,7609.3,2,2,1,5,Lost
C104283,110,6,107863.02,3,5,5,13,Loyal Customers
C104284,79,3,80889.80099999999,3,3,4,10,Loyal Customers
C104285,77,3,30640.006,3,3,2,8,Loyal Customers
C104286,274,1,22274.09,2,1,2,5,Lost
C104287,568,1,76923.2,1,1,4,6,Hibernating
C104289,120,1,15545.043000000001,3,1,1,5,Hibernating
C104290,533,1,2452.77,1,1,1,3,Lost
C104292,141,1,13943.32,2,1,1,4,Lost
C104293,31,1,14237.42,4,1,1,6,New Customers
C104294,7,2,43929.445999999996,5,2,3,10,New Customers
C104295,-1,4,71351.353,5,4,4,13,Champions
C104298,2,4,63523.94,5,4,4,13,Champions
C104299,146,3,38380.711500000005,2,3,3,8,At Risk
C104303,45,2,33523.06,4,2,2,8,New Customers
C104304,315,1,16155.4435,1,1,1,3,Lost
C104307,158,1,34274.8125,2,1,2,5,Lost
C104308,11,4,66293.82149999999,5,4,4,13,Champions
C104310,186,1,4461.363,2,1,1,4,Lost
C104314,227,1,47546.54,2,1,3,6,Hibernating
C104315,103,4,66386.28199999999,3,4,4,11,Loyal Customers
C104316,41,4,62316.991,4,4,3,11,Loyal Customers
C104321,74,2,12212.601,3,2,1,6,Hibernating
C104322,547,2,15117.9,1,2,1,4,Lost
C104323,4,5,90831.5135,5,4,4,13,Champions
C104325,360,2,67729.719,1,2,4,7,Hibernating
C104326,562,1,8809.67,1,1,1,3,Lost
C104327,151,1,22271.336000000003,2,1,2,5,Lost
C104328,36,5,125942.7205,4,4,5,13,Champions
C104332,152,2,55558.734000000004,2,2,3,7,Hibernating
C104333,236,3,53787.5725,2,3,3,8,At Risk
C104334,3,7,195456.069,5,5,5,15,Champions
C104335,8,3,47792.695999999996,5,3,3,11,Loyal Customers
C104336,22,14,253177.742,4,5,5,14,Champions
C104339,114,1,10736.310999999998,3,1,1,5,Hibernating
C104340,3,3,68097.58399999999,5,3,4,12,Loyal Customers
C104343,4,1,19283.82,5,1,2,8,New Customers
C104344,36,10,225111.6645,4,5,5,14,Champions
C104346,164,1,12537.312,2,1,1,4,Lost
C104347,0,7,98175.453,5,5,4,14,Champions
C104349,42,3,56347.309,4,3,3,10,Loyal Customers
C104350,144,6,85322.616,2,5,4,11,Cannot Lose Them
C104351,1,3,33020.85,5,3,2,10,Loyal Customers
C104353,32,6,66353.713,4,5,4,13,Champions
C104354,0,2,81679.4,5,2,4,11,New Customers
C104355,136,10,289185.923,3,5,5,13,Loyal Customers
C104357,367,1,20108.86,1,1,2,4,Lost
C104359,54,3,52669.728,4,3,3,10,Loyal Customers
C104362,45,1,3240.333,4,1,1,6,New Customers
C104363,221,2,55652.226500000004,2,2,3,7,Hibernating
C104364,359,1,5552.5,1,1,1,3,Lost
C104366,135,1,34465.369999999995,3,1,2,6,Hibernating
C104367,276,3,78315.912,2,3,4,9,At Risk
C104369,447,1,16532.505,1,1,1,3,Lost
C104370,51,10,155358.225,4,5,5,14,Champions
C104373,108,1,25088.629999999997,3,1,2,6,Hibernating
C104374,36,8,181633.152,4,5,5,14,Champions
C104376,259,5,106423.779,2,4,4,10,Cannot Lose Them
C104377,239,8,163974.2845,2,5,5,12,Cannot Lose Them
C104378,317,1,1372.2144999999998,1,1,1,3,Lost
C104380,272,1,15999.511999999999,2,1,1,4,Lost
C104382,282,1,19467.37,2,1,2,5,Lost
C104383,290,3,39195.474,1,3,3,7,At Risk
C104384,646,1,22357.592,1,1,2,4,Lost
C104387,10,1,35192.8,5,1,2,8,New Customers
C104388,271,2,23201.112,2,2,2,6,Lost
C104390,216,1,3465.992,2,1,1,4,Lost
C104392,129,2,31736.11,3,2,2,7,Hibernating
C104393,226,3,28313.241500000004,2,3,2,7,At Risk
C104394,328,2,78180.8345,1,2,4,7,Hibernating
C104395,15,6,209066.9955,5,5,5,15,Champions
C104396,0,2,42483.14,5,2,3,10,New Customers
C104400,197,3,70442.387,2,3,4,9,At Risk
C104401,56,4,31062.403,4,4,2,10,Loyal Customers
C104402,129,2,28321.4455,3,2,2,7,Hibernating
C104407,-1,2,13255.074,5,2,1,8,New Customers
C104408,163,2,44727.3625,2,2,3,7,Hibernating
C104410,248,2,22342.31,2,2,2,6,Lost
C104413,455,2,73733.06049999999,1,2,4,7,Hibernating
C104414,323,3,52391.253000000004,1,3,3,7,At Risk
C104416,23,2,46729.818,4,2,3,9,New Customers
C104417,28,1,6071.958,4,1,1,6,New Customers
C104418,55,1,29748.243,4,1,2,7,New Customers
C104419,196,4,70972.5815,2,4,4,10,Cannot Lose Them
C104421,26,1,13073.2635,4,1,1,6,New Customers
C104422,390,2,34530.006499999996,1,2,2,5,Lost
C104423,24,2,33085.54,4,2,2,8,New Customers
C104425,89,4,82299.519,3,4,4,11,Loyal Customers
C104428,36,3,65068.9915,4,3,4,11,Loyal Customers
C104429,55,3,109473.8565,4,3,5,12,Loyal Customers
C104431,180,2,11103.484,2,2,1,5,Lost
C104432,-1,10,207336.6025,5,5,5,15,Champions
C104434,180,1,10308.6685,2,1,1,4,Lost
C104435,25,6,116907.2365,4,5,5,14,Champions
C104439,62,4,46728.714,4,4,3,11,Loyal Customers
C104440,26,7,148258.4935,4,5,5,14,Champions
C104441,9,1,18925.785499999998,5,1,2,8,New Customers
C104442,5,5,242408.41100000002,5,4,5,14,Champions
C104443,143,1,40561.260500000004,2,1,3,6,Hibernating
C104444,527,2,58069.62100000001,1,2,3,6,Hibernating
C104445,32,8,130519.0835,4,5,5,14,Champions
C104446,34,5,130918.025,4,4,5,13,Champions
C104447,829,1,19045.559,1,1,2,4,Lost
C104448,35,6,172354.3615,4,5,5,14,Champions
C104451,369,1,44862.72,1,1,3,5,Hibernating
C104452,39,2,76472.842,4,2,4,10,New Customers
C104453,15,1,6632.93,5,1,1,7,New Customers
C104454,27,6,224504.4515,4,5,5,14,Champions
C104455,408,2,35093.54,1,2,2,5,Lost
C104456,55,7,175294.268,4,5,5,14,Champions
C104457,47,18,374556.5045,4,5,5,14,Champions
C104458,3,1,26799.93,5,1,2,8,New Customers
C104461,46,1,2988.33,4,1,1,6,New Customers
C104462,178,4,102314.067,2,4,4,10,Cannot Lose Them
C104463,19,2,9124.124,5,2,1,8,New Customers
C104465,282,2,60216.464,2,2,3,7,Hibernating
C104466,104,2,25152.914000000004,3,2,2,7,Hibernating
C104468,32,5,124817.722,4,4,5,13,Champions
C104470,289,1,34287.336,1,1,2,4,Lost
C104472,69,6,123984.6515,3,5,5,13,Loyal Customers
C104476,32,7,158442.2685,4,5,5,14,Champions
C104477,53,3,59968.816,4,3,3,10,Loyal Customers
C104479,327,2,29878.178999999996,1,2,2,5,Lost
C104482,879,2,16736.765,1,2,1,4,Lost
C104484,385,1,26204.496,1,1,2,4,Lost
C104485,10,9,131084.769,5,5,5,15,Champions
C104487,431,2,44308.4,1,2,3,6,Hibernating
C104488,65,2,27735.566,3,2,2,7,Hibernating
C104489,117,1,8002.620000000001,3,1,1,5,Hibernating
C104490,67,5,67128.548,3,4,4,11,Loyal Customers
C104491,28,5,98510.558,4,4,4,12,Champions
C104492,92,5,69609.1105,3,4,4,11,Loyal Customers
C104493,225,2,26222.887,2,2,2,6,Lost
C104494,165,4,51718.9205,2,4,3,9,At Risk
C104496,103,10,156108.734,3,5,5,13,Loyal Customers
C104501,19,2,58365.551999999996,5,2,3,10,New Customers
C104502,188,1,18523.77,2,1,2,5,Lost
C104503,425,3,70667.666,1,3,4,8,At Risk
C104504,348,2,23974.159,1,2,2,5,Lost
C104505,114,3,65621.539,3,3,4,10,Loyal Customers
C104506,40,6,196116.9275,4,5,5,14,Champions
C104507,71,8,154748.058,3,5,5,13,Loyal Customers
C104509,57,4,100287.53,4,4,4,12,Champions
C104510,1,4,116910.50949999999,5,4,5,14,Champions
C104511,139,2,39171.932,3,2,3,8,Potential Loyalists
C104513,5,1,4388.2,5,1,1,7,New Customers
C104514,339,1,4438.56,1,1,1,3,Lost
C104515,11,4,78895.2415,5,4,4,13,Champions
C104516,249,4,67424.90000000001,2,4,4,10,Cannot Lose Them
C104517,65,7,151947.55800000002,3,5,5,13,Loyal Customers
C104518,730,3,28284.602,1,3,2,6,At Risk
C104520,83,1,9067.67,3,1,1,5,Hibernating
C104521,-1,2,33333.704999999994,5,2,2,9,New Customers
C104522,23,4,113914.4805,4,4,5,13,Champions
C104523,849,2,78002.97,1,2,4,7,Hibernating
C104525,12,5,140138.574,5,4,5,14,Champions
C104526,383,2,52096.7735,1,2,3,6,Hibernating
C104527,324,4,89711.8995,1,4,4,9,Cannot Lose Them
C104528,91,1,19331.118000000002,3,1,2,6,Hibernating
C104529,81,2,33018.907999999996,3,2,2,7,Hibernating
C104530,62,2,39903.146499999995,4,2,3,9,New Customers
C104531,25,2,27325.802999999996,4,2,2,8,New Customers
C104532,74,11,289184.072,3,5,5,13,Loyal Customers
C104533,48,1,14510.48,4,1,1,6,New Customers
C104534,599,1,11821.158000000001,1,1,1,3,Lost
C104536,95,2,53575.679000000004,3,2,3,8,Potential Loyalists
C104537,19,2,18544.484,5,2,2,9,New Customers
C104538,424,2,54681.542,1,2,3,6,Hibernating
C104539,183,3,30836.962,2,3,2,7,At Risk
C104540,0,6,193700.9885,5,5,5,15,Champions
C104542,178,3,46412.27250000001,2,3,3,8,At Risk
C104543,199,1,7231.617,2,1,1,4,Lost
C104544,185,2,50037.384,2,2,3,7,Hibernating
C104545,266,1,13760.128,2,1,1,4,Lost
C104547,24,9,190557.0815,4,5,5,14,Champions
C104548,406,1,3166.47,1,1,1,3,Lost
C104549,1004,1,33807.52,1,1,2,4,Lost
C104551,169,5,101167.21100000001,2,4,4,10,Cannot Lose Them
C104552,46,2,34399.242,4,2,2,8,New Customers
C104553,59,1,58552.06,4,1,3,8,New Customers
C104554,131,3,63132.462,3,3,4,10,Loyal Customers
C104555,207,1,31356.041999999994,2,1,2,5,Lost
C104556,210,3,58788.189999999995,2,3,3,8,At Risk
C104557,64,9,340165.125,3,5,5,13,Loyal Customers
C104558,41,3,51426.960999999996,4,3,3,10,Loyal Customers
C104559,527,1,2965.1,1,1,1,3,Lost
C104561,-1,4,42878.0755,5,4,3,12,Loyal Customers
C104562,170,4,63246.6405,2,4,4,10,Cannot Lose Them
C104564,747,1,3123.9455,1,1,1,3,Lost
C104566,395,1,9496.39,1,1,1,3,Lost
C104567,1,2,39489.304000000004,5,2,3,10,New Customers
C104570,819,3,34830.66,1,3,2,6,At Risk
C104571,41,5,138770.095,4,4,5,13,Champions
C104573,65,1,29660.18,3,1,2,6,Hibernating
C104574,126,2,36071.703,3,2,2,7,Hibernating
C104575,122,2,28640.440499999997,3,2,2,7,Hibernating
C104576,96,1,16225.552000000003,3,1,1,5,Hibernating
C104577,242,6,113487.60250000001,2,5,5,12,Cannot Lose Them
C104578,137,2,34235.56,3,2,2,7,Hibernating
C104579,98,1,3089.08,3,1,1,5,Hibernating
C104580,10,6,180009.876,5,5,5,15,Champions
C104581,102,12,276073.2475,3,5,5,13,Loyal Customers
C104582,11,3,49842.957,5,3,3,11,Loyal Customers
C104587,59,11,253734.8725,4,5,5,14,Champions
C104589,86,2,17171.09,3,2,1,6,Hibernating
C104590,87,1,26348.269999999997,3,1,2,6,Hibernating
C104592,0,4,139979.0885,5,4,5,14,Champions
C104593,131,2,24338.4655,3,2,2,7,Hibernating
C104594,171,1,21816.79,2,1,2,5,Lost
C104595,150,2,44005.69,2,2,3,7,Hibernating
C104596,54,3,66598.166,4,3,4,11,Loyal Customers
C104597,616,1,20442.816,1,1,2,4,Lost
C104598,1,4,160987.854,5,4,5,14,Champions
C104600,543,3,116566.09199999999,1,3,5,9,At Risk
C104604,59,15,336246.6335,4,5,5,14,Champions
C104606,15,1,29938.29,5,1,2,8,New Customers
C104608,237,4,67134.873,2,4,4,10,Cannot Lose Them
C104609,389,3,42041.7945,1,3,3,7,At Risk
C104610,491,2,14873.907499999998,1,2,1,4,Lost
C104612,20,1,26605.296,5,1,2,8,New Customers
C104614,86,2,9625.0785,3,2,1,6,Hibernating
C104615,693,1,17217.566,1,1,1,3,Lost
C104616,23,1,10822.329,4,1,1,6,New Customers
C104619,723,1,65942.23,1,1,4,6,Hibernating
C104620,205,3,44959.842,2,3,3,8,At Risk
C104623,21,3,25585.236,4,3,2,9,Loyal Customers
C104624,236,6,97975.2175,2,5,4,11,Cannot Lose Them
C104625,110,1,2818.24,3,1,1,5,Hibernating
C104626,3,3,115924.58,5,3,5,13,Loyal Customers
C104627,178,1,17334.39,2,1,1,4,Lost
C104628,373,1,13289.4865,1,1,1,3,Lost
C104629,58,2,68128.29999999999,4,2,4,10,New Customers
C104630,103,5,91770.579,3,4,4,11,Loyal Customers
C104631,394,1,10256.144,1,1,1,3,Lost
C104634,12,18,400857.10099999997,5,5,5,15,Champions
C104637,416,1,15337.46,1,1,1,3,Lost
C104638,36,1,46284.79,4,1,3,8,New Customers
C104639,211,5,123109.0555,2,4,5,11,Cannot Lose Them
C104640,15,6,185721.6475,5,5,5,15,Champions
C104641,406,2,33112.907999999996,1,2,2,5,Lost
C104642,54,2,69556.051,4,2,4,10,New Customers
C104643,164,6,93591.291,2,5,4,11,Cannot Lose Them
C104645,354,8,118280.138,1,5,5,11,Cannot Lose Them
C104646,3,4,70382.0485,5,4,4,13,Champions
C104647,35,5,114202.0545,4,4,5,13,Champions
C104648,376,2,47494.886,1,2,3,6,Hibernating
C104649,59,7,143286.028,4,5,5,14,Champions
C104650,209,1,53004.15,2,1,3,6,Hibernating
C104651,146,2,25981.652499999997,2,2,2,6,Lost
C104654,119,2,51060.456000000006,3,2,3,8,Potential Loyalists
C104655,59,1,24672.887,4,1,2,7,New Customers
C104657,25,5,129386.33300000001,4,4,5,13,Champions
C104658,8,5,64580.002,5,4,4,13,Champions
C104659,35,2,23128.767,4,2,2,8,New Customers
C104660,23,4,133286.2715,4,4,5,13,Champions
C104662,192,2,44482.2355,2,2,3,7,Hibernating
C104663,368,3,92325.4755,1,3,4,8,At Risk
C104664,36,14,315571.70399999997,4,5,5,14,Champions
C104665,31,1,4128.984,4,1,1,6,New Customers
C104666,77,4,115565.495,3,4,5,12,Loyal Customers
C104667,205,1,11680.92,2,1,1,4,Lost
C104668,171,1,21172.3185,2,1,2,5,Lost
C104669,50,3,45139.0205,4,3,3,10,Loyal Customers
C104670,64,3,41126.502,3,3,3,9,Loyal Customers
C104671,4,5,117142.6695,5,4,5,14,Champions
C104675,42,1,1523.63,4,1,1,6,New Customers
C104677,49,5,99542.737,4,4,4,12,Champions
C104678,25,3,42649.695999999996,4,3,3,10,Loyal Customers
C104679,250,1,14687.1075,2,1,1,4,Lost
C104680,70,4,51963.853,3,4,3,10,Loyal Customers
C104681,74,3,45948.279500000004,3,3,3,9,Loyal Customers
C104683,38,3,120316.72600000001,4,3,5,12,Loyal Customers
C104684,193,2,13055.664000000002,2,2,1,5,Lost
C104686,83,1,40245.54,3,1,3,7,Potential Loyalists
C104688,92,4,61463.51,3,4,3,10,Loyal Customers
C104689,13,5,56429.4975,5,4,3,12,Loyal Customers
C104693,144,1,14685.48,2,1,1,4,Lost
C104699,91,1,2172.34,3,1,1,5,Hibernating
C104701,70,3,94018.03,3,3,4,10,Loyal Customers
C104702,11,4,35742.984,5,4,2,11,Loyal Customers
C104703,284,1,6792.9365,2,1,1,4,Lost
C104704,128,3,52139.609000000004,3,3,3,9,Loyal Customers
C104705,397,4,79839.149,1,4,4,9,Cannot Lose Them
C104708,45,8,196077.00999999998,4,5,5,14,Champions
C104709,142,4,106747.834,2,4,4,10,Cannot Lose Them
C104712,71,3,62362.316,3,3,3,9,Loyal Customers
C104713,72,1,21908.16,3,1,2,6,Hibernating
C104714,92,5,111768.5845,3,4,5,12,Loyal Customers
C104716,7,6,229627.23,5,5,5,15,Champions
C104719,1,11,281592.0745,5,5,5,15,Champions
C104721,179,1,55719.514500000005,2,1,3,6,Hibernating
C104722,131,3,51158.686,3,3,3,9,Loyal Customers
C104725,12,2,75557.0965,5,2,4,11,New Customers
C104726,712,1,19388.504,1,1,2,4,Lost
C104727,148,3,63531.335999999996,2,3,4,9,At Risk
C104728,79,4,53419.528000000006,3,4,3,10,Loyal Customers
C104729,89,4,62235.039,3,4,3,10,Loyal Customers
C104730,277,1,7052.8285,2,1,1,4,Lost
C104731,329,1,4090.51,1,1,1,3,Lost
C104732,60,4,68598.439,4,4,4,12,Champions
C104733,21,4,72652.5355,4,4,4,12,Champions
C104734,317,6,157804.0355,1,5,5,11,Cannot Lose Them
C104735,127,5,137062.169,3,4,5,12,Loyal Customers
C104736,177,3,45202.90550000001,2,3,3,8,At Risk
C104737,102,1,682.06,3,1,1,5,Hibernating
C104738,267,4,37188.85,2,4,2,8,At Risk
C104740,76,1,15073.08,3,1,1,5,Hibernating
C104741,76,5,74357.7365,3,4,4,11,Loyal Customers
C104742,32,2,75531.3155,4,2,4,10,New Customers
C104744,93,1,27854.75,3,1,2,6,Hibernating
C104745,47,3,24136.392,4,3,2,9,Loyal Customers
C104747,67,2,41743.40900000001,3,2,3,8,Potential Loyalists
C104748,4,5,167203.3255,5,4,5,14,Champions
C104749,277,2,33227.212,2,2,2,6,Lost
C104750,70,2,48800.241,3,2,3,8,Potential Loyalists
C104751,55,7,107194.485,4,5,4,13,Champions
C104753,118,3,61059.658500000005,3,3,3,9,Loyal Customers
C104754,61,8,127386.1525,4,5,5,14,Champions
C104755,0,2,23332.912,5,2,2,9,New Customers
C104757,39,1,12654.341999999999,4,1,1,6,New Customers
C104758,15,6,124621.3395,5,5,5,15,Champions
C104759,10,6,96636.3375,5,5,4,14,Champions
C104760,411,2,49505.0705,1,2,3,6,Hibernating
C104761,81,2,75762.579,3,2,4,9,Potential Loyalists
C104762,65,1,10801.94,3,1,1,5,Hibernating
C104765,605,1,46599.2005,1,1,3,5,Hibernating
C104767,320,1,8383.5315,1,1,1,3,Lost
C104768,4,8,148183.033,5,5,5,15,Champions
C104771,57,1,40227.53,4,1,3,8,New Customers
C104772,4,15,294234.028,5,5,5,15,Champions
C104774,2,9,215464.874,5,5,5,15,Champions
C104775,72,1,31277.29,3,1,2,6,Hibernating
C104776,508,1,42713.96,1,1,3,5,Hibernating
C104777,62,3,27332.411,4,3,2,9,Loyal Customers
C104778,17,1,35953.555,5,1,2,8,New Customers
C104779,52,5,85585.9465,4,4,4,12,Champions
C104780,83,7,141593.093,3,5,5,13,Loyal Customers
C104782,19,3,38584.485,5,3,3,11,Loyal Customers
C104783,178,2,56645.766,2,2,3,7,Hibernating
C104784,12,7,165451.61549999999,5,5,5,15,Champions
C104785,-1,2,18347.823,5,2,2,9,New Customers
C104788,39,9,179017.442,4,5,5,14,Champions
C104790,56,1,63090.23,4,1,3,8,New Customers
C104791,290,1,34095.008,1,1,2,4,Lost
C104792,387,4,128103.3545,1,4,5,10,Cannot Lose Them
C104793,776,1,15182.937,1,1,1,3,Lost
C104797,458,1,50175.143,1,1,3,5,Hibernating
C104798,296,2,51790.7295,1,2,3,6,Hibernating
C104799,158,1,13398.372,2,1,1,4,Lost
C104800,149,1,47934.38,2,1,3,6,Hibernating
C104803,81,3,56687.613,3,3,3,9,Loyal Customers
C104804,197,1,15079.446,2,1,1,4,Lost
C104805,53,3,71800.14499999999,4,3,4,11,Loyal Customers
C104806,760,1,8538.08,1,1,1,3,Lost
C104807,252,1,4656.98,2,1,1,4,Lost
C104808,21,4,108342.467,4,4,5,13,Champions
C104809,346,2,27693.02,1,2,2,5,Lost
C104810,584,1,11511.225999999999,1,1,1,3,Lost
C104811,57,5,134640.5055,4,4,5,13,Champions
C104812,11,3,52216.28,5,3,3,11,Loyal Customers
C104813,43,3,50273.26149999999,4,3,3,10,Loyal Customers
C104814,0,5,52433.4605,5,4,3,12,Loyal Customers
C104816,34,13,264657.246,4,5,5,14,Champions
C104817,57,11,168493.102,4,5,5,14,Champions
C104819,106,5,147444.555,3,4,5,12,Loyal Customers
C104820,9,4,64392.658,5,4,4,13,Champions
C104821,103,4,74484.695,3,4,4,11,Loyal Customers
C104822,422,1,7645.81,1,1,1,3,Lost
C104823,53,4,75203.6695,4,4,4,12,Champions
C104824,108,1,19094.98,3,1,2,6,Hibernating
C104825,188,3,90966.075,2,3,4,9,At Risk
C104827,10,2,14220.88,5,2,1,8,New Customers
C104828,8,3,35678.43,5,3,2,10,Loyal Customers
C104829,19,5,103679.9945,5,4,4,13,Champions
C104831,0,6,175376.134,5,5,5,15,Champions
C104832,77,1,12023.982,3,1,1,5,Hibernating
C104833,347,2,36548.91,1,2,2,5,Lost
C104835,1,5,107586.485,5,4,5,14,Champions
C104836,228,2,26870.094,2,2,2,6,Lost
C104838,152,2,31303.375,2,2,2,6,Lost
C104839,112,7,132476.0785,3,5,5,13,Loyal Customers
C104840,17,3,32499.1395,5,3,2,10,Loyal Customers
C104841,121,1,47823.2,3,1,3,7,Potential Loyalists
C104843,37,3,15207.9335,4,3,1,8,Loyal Customers
C104844,3,15,261485.761,5,5,5,15,Champions
C104846,1,10,169157.7795,5,5,5,15,Champions
C104848,25,7,102947.405,4,5,4,13,Champions
C104849,500,3,47025.089499999995,1,3,3,7,At Risk
C104850,405,1,36800.46,1,1,2,4,Lost
C104852,387,5,50449.888000000006,1,4,3,8,At Risk
C104853,297,1,44275.689,1,1,3,5,Hibernating
C104854,64,10,178989.9295,3,5,5,13,Loyal Customers
C104855,6,9,156458.5235,5,5,5,15,Champions
C104856,65,5,160059.282,3,4,5,12,Loyal Customers
C104857,42,5,115946.59000000001,4,4,5,13,Champions
C104858,69,4,54743.551999999996,3,4,3,10,Loyal Customers
C104859,234,7,149470.06,2,5,5,12,Cannot Lose Them
C104860,16,2,17206.420000000002,5,2,1,8,New Customers
C104861,76,7,120070.831,3,5,5,13,Loyal Customers
C104863,55,1,18124.4905,4,1,1,6,New Customers
C104864,493,1,21920.33,1,1,2,4,Lost
C104865,98,1,25349.4905,3,1,2,6,Hibernating
C104867,63,2,29187.613,3,2,2,7,Hibernating
C104869,46,2,73182.78,4,2,4,10,New Customers
C104871,3,3,39985.078,5,3,3,11,Loyal Customers
C104872,369,3,46619.902,1,3,3,7,At Risk
C104873,722,1,13633.49,1,1,1,3,Lost
C104874,47,1,6121.7429999999995,4,1,1,6,New Customers
C104875,10,3,27201.124499999998,5,3,2,10,Loyal Customers
C104878,46,7,90464.4135,4,5,4,13,Champions
C104879,58,9,172244.4225,4,5,5,14,Champions
C104881,531,1,29580.021,1,1,2,4,Lost
C104882,75,8,121307.237,3,5,5,13,Loyal Customers
C104884,135,2,4046.7980000000007,3,2,1,6,Hibernating
C104885,145,6,146934.672,2,5,5,12,Cannot Lose Them
C104886,242,2,70304.92050000001,2,2,4,8,Hibernating
C104887,30,6,86038.4335,4,5,4,13,Champions
C104889,-1,1,25534.05,5,1,2,8,New Customers
C104890,482,2,45372.393,1,2,3,6,Hibernating
C104891,4,6,95616.494,5,5,4,14,Champions
C104892,12,5,141863.152,5,4,5,14,Champions
C104893,17,1,5552.820000000001,5,1,1,7,New Customers
C104894,173,4,69701.745,2,4,4,10,Cannot Lose Them
C104896,164,3,44142.331999999995,2,3,3,8,At Risk
C104899,262,2,23295.36,2,2,2,6,Lost
C104900,219,5,131917.928,2,4,5,11,Cannot Lose Them
C104901,281,4,92818.326,2,4,4,10,Cannot Lose Them
C104902,61,3,55678.5325,4,3,3,10,Loyal Customers
C104904,154,3,59270.0265,2,3,3,8,At Risk
C104905,258,2,12053.271,2,2,1,5,Lost
C104906,44,3,79568.083,4,3,4,11,Loyal Customers
C104908,281,2,15460.341499999999,2,2,1,5,Lost
C104909,548,2,13920.7195,1,2,1,4,Lost
C104910,362,2,31043.548,1,2,2,5,Lost
C104912,43,1,13804.611499999999,4,1,1,6,New Customers
C104913,243,1,36185.069500000005,2,1,2,5,Lost
C104914,168,3,78613.433,2,3,4,9,At Risk
C104915,10,3,70250.82800000001,5,3,4,12,Loyal Customers
C104916,14,6,173353.847,5,5,5,15,Champions
C104917,15,2,44695.17,5,2,3,10,New Customers
C104919,-1,2,22812.438000000002,5,2,2,9,New Customers
C104920,109,4,77291.31899999999,3,4,4,11,Loyal Customers
C104921,183,1,28384.04,2,1,2,5,Lost
C104922,613,2,51793.39899999999,1,2,3,6,Hibernating
C104925,81,2,32737.5415,3,2,2,7,Hibernating
C104926,0,5,120074.4805,5,4,5,14,Champions
C104927,16,4,180742.008,5,4,5,14,Champions
C104928,589,1,7776.3865000000005,1,1,1,3,Lost
C104929,84,7,158366.5055,3,5,5,13,Loyal Customers
C104930,45,7,110613.31049999999,4,5,5,14,Champions
C104931,42,2,17325.8675,4,2,1,7,New Customers
C104932,2,3,30083.778499999997,5,3,2,10,Loyal Customers
C104933,280,2,58368.0025,2,2,3,7,Hibernating
C104934,273,1,15286.11,2,1,1,4,Lost
C104935,152,6,137003.464,2,5,5,12,Cannot Lose Them
C104936,235,1,14886.24,2,1,1,4,Lost
C104938,14,5,97798.421,5,4,4,13,Champions
C104939,61,2,29616.1725,4,2,2,8,New Customers
C104940,84,4,71577.517,3,4,4,11,Loyal Customers
C104941,92,1,6830.785,3,1,1,5,Hibernating
C104942,656,1,15715.207999999999,1,1,1,3,Lost
C104944,31,4,60862.8545,4,4,3,11,Loyal Customers
C104945,13,1,17179.63,5,1,1,7,New Customers
C104947,5,19,312817.4495,5,5,5,15,Champions
C104948,618,1,16270.08,1,1,1,3,Lost
C104949,57,5,28230.705500000004,4,4,2,10,Loyal Customers
C104950,9,6,151731.936,5,5,5,15,Champions
C104951,427,1,16907.32,1,1,1,3,Lost
C104952,8,2,28059.4,5,2,2,9,New Customers
C104953,51,8,139267.531,4,5,5,14,Champions
C104954,41,6,122356.302,4,5,5,14,Champions
C104955,250,1,70604.91,2,1,4,7,Hibernating
C104958,118,8,120583.131,3,5,5,13,Loyal Customers
C104959,92,5,179990.1215,3,4,5,12,Loyal Customers
C104960,106,6,97230.8385,3,5,4,12,Loyal Customers
C104962,14,1,4532.26,5,1,1,7,New Customers
C104963,56,2,40328.04,4,2,3,9,New Customers
C104965,28,3,82970.237,4,3,4,11,Loyal Customers
C104967,31,3,68608.427,4,3,4,11,Loyal Customers
C104968,231,3,24999.1365,2,3,2,7,At Risk
C104970,165,2,18951.142,2,2,2,6,Lost
C104972,177,7,139696.038,2,5,5,12,Cannot Lose Them
C104973,24,2,83780.12,4,2,4,10,New Customers
C104975,192,2,32111.19,2,2,2,6,Lost
C104976,115,4,104666.38,3,4,4,11,Loyal Customers
C104978,487,2,29484.485999999997,1,2,2,5,Lost
C104979,4,9,137434.6255,5,5,5,15,Champions
C104981,80,7,152998.5485,3,5,5,13,Loyal Customers
C104984,8,2,26935.0665,5,2,2,9,New Customers
C104985,30,4,127100.845,4,4,5,13,Champions
C104987,188,1,36944.17,2,1,2,5,Lost
C104989,10,4,73693.36,5,4,4,13,Champions
C104991,18,3,137987.568,5,3,5,13,Loyal Customers
C104992,264,1,0.0,2,1,1,4,Lost
C104993,14,4,94641.44,5,4,4,13,Champions
C104995,819,1,90155.7,1,1,4,6,Hibernating
C104996,42,2,48891.481,4,2,3,9,New Customers
C104997,45,2,28517.603,4,2,2,8,New Customers
C105000,60,4,64273.4165,4,4,4,12,Champions
C105002,584,1,7489.224000000001,1,1,1,3,Lost
C105003,191,6,63235.479,2,5,4,11,Cannot Lose Them
C105005,94,2,27607.6795,3,2,2,7,Hibernating
C105006,43,1,15035.720000000001,4,1,1,6,New Customers
C105008,71,1,38545.55,3,1,3,7,Potential Loyalists
C105009,47,2,12991.0,4,2,1,7,New Customers
C105011,16,4,98920.7175,5,4,4,13,Champions
C105012,90,4,138929.6,3,4,5,12,Loyal Customers
C105013,107,5,70580.41100000001,3,4,4,11,Loyal Customers
C105014,163,1,14991.29,2,1,1,4,Lost
C105015,178,1,12442.608,2,1,1,4,Lost
C105017,64,1,6073.673,3,1,1,5,Hibernating
C105018,30,1,44155.590000000004,4,1,3,8,New Customers
C105019,32,7,106056.539,4,5,4,13,Champions
C105020,146,2,43545.179500000006,2,2,3,7,Hibernating
C105022,174,2,33207.0095,2,2,2,6,Lost
C105023,30,3,93182.42,4,3,4,11,Loyal Customers
C105024,25,2,42645.728,4,2,3,9,New Customers
C105026,-1,3,57153.949,5,3,3,11,Loyal Customers
C105027,17,6,96545.48,5,5,4,14,Champions
C105029,270,5,122569.57949999999,2,4,5,11,Cannot Lose Them
C105031,4,8,141540.0115,5,5,5,15,Champions
C105032,238,3,32267.364,2,3,2,7,At Risk
C105035,4,2,30515.6475,5,2,2,9,New Customers
C105037,18,4,50919.204000000005,5,4,3,12,Loyal Customers
C105039,351,1,41741.009999999995,1,1,3,5,Hibernating
C105040,204,1,1438.2904999999998,2,1,1,4,Lost
C105043,21,5,93210.188,4,4,4,12,Champions
C105044,43,4,30675.1425,4,4,2,10,Loyal Customers
C105045,56,1,16973.259000000002,4,1,1,6,New Customers
C105047,740,1,12881.24,1,1,1,3,Lost
C105049,64,4,114103.3605,3,4,5,12,Loyal Customers
C105050,290,2,20692.9245,1,2,2,5,Lost
C105051,563,2,35509.916,1,2,2,5,Lost
C105052,357,3,67725.53600000001,1,3,4,8,At Risk
C105054,411,2,39581.263,1,2,3,6,Hibernating
C105057,96,7,183478.389,3,5,5,13,Loyal Customers
C105058,107,7,110226.261,3,5,5,13,Loyal Customers
C105059,6,5,53756.845,5,4,3,12,Loyal Customers
C105060,0,3,105818.3575,5,3,4,12,Loyal Customers
C105061,74,6,83133.0115,3,5,4,12,Loyal Customers
C105062,246,2,68817.599,2,2,4,8,Hibernating
C105063,4,3,67452.792,5,3,4,12,Loyal Customers
C105064,72,5,78306.1885,3,4,4,11,Loyal Customers
C105065,13,3,89785.781,5,3,4,12,Loyal Customers
C105066,106,2,22949.8,3,2,2,7,Hibernating
C105067,834,1,9884.328000000001,1,1,1,3,Lost
C105068,74,10,210654.488,3,5,5,13,Loyal Customers
C105072,467,1,22328.11,1,1,2,4,Lost
C105074,16,4,61602.68949999999,5,4,3,12,Loyal Customers
C105076,143,9,196818.0345,2,5,5,12,Cannot Lose Them
C105077,44,8,127278.7545,4,5,5,14,Champions
C105078,180,1,37092.34,2,1,2,5,Lost
C105079,-1,7,154249.781,5,5,5,15,Champions
C105080,199,1,12231.31,2,1,1,4,Lost
C105081,269,2,16440.55,2,2,1,5,Lost
C105082,35,2,74356.04000000001,4,2,4,10,New Customers
C105083,466,2,57791.2,1,2,3,6,Hibernating
C105084,64,3,30596.785499999998,3,3,2,8,Loyal Customers
C105085,259,3,87678.37849999999,2,3,4,9,At Risk
C105087,265,2,57779.781,2,2,3,7,Hibernating
C105088,130,1,16248.48,3,1,1,5,Hibernating
C105089,73,4,81437.6625,3,4,4,11,Loyal Customers
C105090,0,2,37664.0235,5,2,3,10,New Customers
C105091,419,1,31400.7,1,1,2,4,Lost
C105092,172,1,19640.49,2,1,2,5,Lost
C105093,117,4,103138.1845,3,4,4,11,Loyal Customers
C105095,1,13,362489.2255,5,5,5,15,Champions
C105096,365,4,68548.388,1,4,4,9,Cannot Lose Them
C105097,17,4,81886.75,5,4,4,13,Champions
C105098,39,7,138088.5795,4,5,5,14,Champions
C105099,5,6,99696.14050000001,5,5,4,14,Champions
C105103,406,2,25464.096500000003,1,2,2,5,Lost
C105105,-1,7,122204.0685,5,5,5,15,Champions
C105106,338,2,91882.2475,1,2,4,7,Hibernating
C105107,0,1,12837.31,5,1,1,7,New Customers
C105109,249,1,18342.657,2,1,2,5,Lost
C105110,327,2,29699.123,1,2,2,5,Lost
C105112,49,3,58103.101500000004,4,3,3,10,Loyal Customers
C105113,520,1,14262.9575,1,1,1,3,Lost
C105114,850,1,44506.949,1,1,3,5,Hibernating
C105116,8,1,33307.71,5,1,2,8,New Customers
C105117,84,5,35847.556,3,4,2,9,Loyal Customers
C105118,13,7,124088.38399999999,5,5,5,15,Champions
C105119,220,3,25169.457499999997,2,3,2,7,At Risk
C105120,213,1,5030.192999999999,2,1,1,4,Lost
C105125,538,3,94464.071,1,3,4,8,At Risk
C105127,-1,1,7599.43,5,1,1,7,New Customers
C105128,904,1,21565.4,1,1,2,4,Lost
C105129,92,4,85454.166,3,4,4,11,Loyal Customers
C105132,331,1,28106.9185,1,1,2,4,Lost
C105133,40,2,41018.227,4,2,3,9,New Customers
C105135,977,1,24608.03,1,1,2,4,Lost
C105138,210,5,53770.963,2,4,3,9,At Risk
C105139,56,12,342650.667,4,5,5,14,Champions
C105140,27,1,5029.72,4,1,1,6,New Customers
C105142,195,1,32019.550499999998,2,1,2,5,Lost
C105143,577,1,17937.928499999998,1,1,1,3,Lost
C105144,322,1,22477.73,1,1,2,4,Lost
C105146,8,3,72505.032,5,3,4,12,Loyal Customers
C105147,90,2,46718.807,3,2,3,8,Potential Loyalists
C105148,438,1,40828.9385,1,1,3,5,Hibernating
C105151,320,6,122670.42700000001,1,5,5,11,Cannot Lose Them
C105153,1,2,51028.99,5,2,3,10,New Customers
C105154,95,12,322270.4735,3,5,5,13,Loyal Customers
C105155,93,5,106302.5495,3,4,4,11,Loyal Customers
C105157,32,3,61446.81449999999,4,3,3,10,Loyal Customers
C105158,743,1,25710.296000000002,1,1,2,4,Lost
C105159,0,3,45194.2215,5,3,3,11,Loyal Customers
C105161,33,1,1807.75,4,1,1,6,New Customers
C105162,-1,1,20393.88,5,1,2,8,New Customers
C105164,413,3,82580.466,1,3,4,8,At Risk
C105165,86,2,44038.92,3,2,3,8,Potential Loyalists
C105167,85,2,48580.509999999995,3,2,3,8,Potential Loyalists
C105168,153,2,42419.034,2,2,3,7,Hibernating
C105169,24,4,118324.67300000001,4,4,5,13,Champions
C105170,253,2,38020.471,2,2,3,7,Hibernating
C105171,394,5,89286.57500000001,1,4,4,9,Cannot Lose Them
C105172,84,10,212708.668,3,5,5,13,Loyal Customers
C105173,168,2,51594.756499999996,2,2,3,7,Hibernating
C105174,2,2,30866.64,5,2,2,9,New Customers
C105175,24,2,45506.72,4,2,3,9,New Customers
C105176,17,7,127534.2365,5,5,5,15,Champions
C105177,67,3,78728.1585,3,3,4,10,Loyal Customers
C105180,21,8,99550.329,4,5,4,13,Champions
C105181,256,3,81262.754,2,3,4,9,At Risk
C105182,191,5,86113.0285,2,4,4,10,Cannot Lose Them
C105183,27,2,48969.49,4,2,3,9,New Customers
C105184,259,1,15236.93,2,1,1,4,Lost
C105187,131,5,77760.845,3,4,4,11,Loyal Customers
C105189,91,7,91906.947,3,5,4,12,Loyal Customers
C105191,0,3,26597.0445,5,3,2,10,Loyal Customers
C105192,305,2,31906.05,1,2,2,5,Lost
C105193,195,2,61628.049,2,2,3,7,Hibernating
C105194,144,3,38803.565,2,3,3,8,At Risk
C105196,15,2,36451.49,5,2,2,9,New Customers
C105197,184,4,60357.962,2,4,3,9,At Risk
C105199,1,7,129979.178,5,5,5,15,Champions
C105200,31,6,87481.102,4,5,4,13,Champions
C105201,500,1,5873.26,1,1,1,3,Lost
C105202,392,1,13081.977,1,1,1,3,Lost
C105204,106,1,26883.660000000003,3,1,2,6,Hibernating
C105205,40,3,67984.6255,4,3,4,11,Loyal Customers
C105207,120,6,150194.083,3,5,5,13,Loyal Customers
C105209,2,18,364495.423,5,5,5,15,Champions
C105211,116,2,28051.0,3,2,2,7,Hibernating
C105212,36,7,137703.218,4,5,5,14,Champions
C105215,119,7,147604.4455,3,5,5,13,Loyal Customers
C105217,53,1,13568.44,4,1,1,6,New Customers
C105218,78,2,62804.526,3,2,3,8,Potential Loyalists
C105220,151,3,82579.804,2,3,4,9,At Risk
C105221,8,2,22454.0075,5,2,2,9,New Customers
C105222,41,1,12350.984499999999,4,1,1,6,New Customers
C105224,4,1,2512.24,5,1,1,7,New Customers
C105225,58,3,64331.292499999996,4,3,4,11,Loyal Customers
C105226,902,1,21385.566,1,1,2,4,Lost
C105227,44,3,23650.652000000002,4,3,2,9,Loyal Customers
C105229,267,5,96447.9035,2,4,4,10,Cannot Lose Them
C105230,623,2,32891.18,1,2,2,5,Lost
C105231,10,12,264248.661,5,5,5,15,Champions
C105233,407,2,26468.876000000004,1,2,2,5,Lost
C105234,334,1,19612.815000000002,1,1,2,4,Lost
C105235,334,3,50769.778000000006,1,3,3,7,At Risk
C105236,15,2,18529.566,5,2,2,9,New Customers
C105237,2,4,49092.003500000006,5,4,3,12,Loyal Customers
C105238,153,6,127836.6905,2,5,5,12,Cannot Lose Them
C105240,159,2,27125.68,2,2,2,6,Lost
C105241,23,6,115263.64749999999,4,5,5,14,Champions
C105242,4,2,20629.5,5,2,2,9,New Customers
C105243,956,1,17135.442000000003,1,1,1,3,Lost
C105244,715,1,1159.68,1,1,1,3,Lost
C105245,25,3,107131.9245,4,3,4,11,Loyal Customers
C105247,547,2,47613.587999999996,1,2,3,6,Hibernating
C105249,300,1,1454.4,1,1,1,3,Lost
C105250,171,1,80147.12049999999,2,1,4,7,Hibernating
C105251,219,2,58215.7895,2,2,3,7,Hibernating
C105253,2,6,93874.999,5,5,4,14,Champions
C105256,572,2,30394.082499999997,1,2,2,5,Lost
C105259,17,6,160422.521,5,5,5,15,Champions
C105260,620,1,12379.05,1,1,1,3,Lost
C105261,140,9,118129.113,2,5,5,12,Cannot Lose Them
C105262,92,1,8652.884999999998,3,1,1,5,Hibernating
C105263,18,3,66347.45999999999,5,3,4,12,Loyal Customers
C105264,510,1,5627.968000000001,1,1,1,3,Lost
C105265,2,3,31547.210499999997,5,3,2,10,Loyal Customers
C105266,208,8,143812.8885,2,5,5,12,Cannot Lose Them
C105267,49,5,85398.23,4,4,4,12,Champions
C105268,706,2,31872.96,1,2,2,5,Lost
C105269,95,3,61336.468,3,3,3,9,Loyal Customers
C105270,15,9,182213.869,5,5,5,15,Champions
C105271,373,1,3185.0,1,1,1,3,Lost
C105272,199,1,24895.649999999998,2,1,2,5,Lost
C105274,26,3,56930.538,4,3,3,10,Loyal Customers
C105275,99,2,46570.848000000005,3,2,3,8,Potential Loyalists
C105276,20,6,147484.83000000002,5,5,5,15,Champions
C105277,108,1,25077.690000000002,3,1,2,6,Hibernating
C105278,1,4,146884.0165,5,4,5,14,Champions
C105279,323,1,13489.686000000002,1,1,1,3,Lost
C105280,529,2,102040.38,1,2,4,7,Hibernating
C105282,87,10,152263.9365,3,5,5,13,Loyal Customers
C105284,320,1,9157.0,1,1,1,3,Lost
C105285,127,2,83082.29400000001,3,2,4,9,Potential Loyalists
C105286,83,4,100672.312,3,4,4,11,Loyal Customers
C105288,6,7,153034.4445,5,5,5,15,Champions
C105289,185,2,61709.83900000001,2,2,3,7,Hibernating
C105292,67,4,113312.29,3,4,5,12,Loyal Customers
C105293,90,1,9218.52,3,1,1,5,Hibernating
C105294,175,1,34491.973,2,1,2,5,Lost
C105295,39,2,46092.978,4,2,3,9,New Customers
C105296,274,8,199636.0615,2,5,5,12,Cannot Lose Them
C105297,71,2,122452.92,3,2,5,10,Potential Loyalists
C105298,28,2,71163.3695,4,2,4,10,New Customers
C105299,55,4,58753.453,4,4,3,11,Loyal Customers
C105301,315,2,40436.85,1,2,3,6,Hibernating
C105302,16,4,71504.78,5,4,4,13,Champions
C105303,356,6,181704.6685,1,5,5,11,Cannot Lose Them
C105305,9,6,70194.3925,5,5,4,14,Champions
C105308,40,2,78372.35,4,2,4,10,New Customers
C105309,35,9,181912.275,4,5,5,14,Champions
C105310,142,2,43573.0645,2,2,3,7,Hibernating
C105311,484,1,14207.6735,1,1,1,3,Lost
C105312,29,4,80705.9055,4,4,4,12,Champions
C105313,17,2,14024.449999999999,5,2,1,8,New Customers
C105314,156,2,45061.26,2,2,3,7,Hibernating
C105316,18,4,57527.8635,5,4,3,12,Loyal Customers
C105317,163,1,3594.73,2,1,1,4,Lost
C105320,16,3,34602.65,5,3,2,10,Loyal Customers
C105322,482,2,7060.514,1,2,1,4,Lost
C105323,406,1,17817.1265,1,1,1,3,Lost
C105325,900,1,27216.83,1,1,2,4,Lost
C105327,238,2,50782.3105,2,2,3,7,Hibernating
C105328,738,1,26799.2,1,1,2,4,Lost
C105329,10,11,223342.323,5,5,5,15,Champions
C105331,227,3,52386.6075,2,3,3,8,At Risk
C105332,172,1,11543.18,2,1,1,4,Lost
C105335,0,6,91291.46549999999,5,5,4,14,Champions
C105336,22,3,72695.297,4,3,4,11,Loyal Customers
C105338,211,3,102245.74200000001,2,3,4,9,At Risk
C105339,251,1,24847.795,2,1,2,5,Lost
C105340,1,4,122846.324,5,4,5,14,Champions
C105341,23,6,137728.9495,4,5,5,14,Champions
C105342,36,1,4480.71,4,1,1,6,New Customers
C105344,233,1,23511.374,2,1,2,5,Lost
C105345,81,13,221136.079,3,5,5,13,Loyal Customers
C105346,761,1,9345.716999999999,1,1,1,3,Lost
C105347,9,1,52819.41650000001,5,1,3,9,New Customers
C105348,243,1,70409.649,2,1,4,7,Hibernating
C105349,17,4,86543.579,5,4,4,13,Champions
C105351,187,4,68343.347,2,4,4,10,Cannot Lose Them
C105352,134,1,26025.17,3,1,2,6,Hibernating
C105353,0,4,94478.734,5,4,4,13,Champions
C105354,676,1,21816.921,1,1,2,4,Lost
C105355,123,4,67893.8,3,4,4,11,Loyal Customers
C105356,58,1,43960.224,4,1,3,8,New Customers
C105359,155,1,12881.36,2,1,1,4,Lost
C105361,35,2,29341.138,4,2,2,8,New Customers
C105362,357,1,14939.2,1,1,1,3,Lost
C105363,429,1,7284.56,1,1,1,3,Lost
C105364,147,3,64941.117,2,3,4,9,At Risk
C105365,640,2,40731.757,1,2,3,6,Hibernating
C105368,5,3,29926.299,5,3,2,10,Loyal Customers
C105370,3,6,131026.4305,5,5,5,15,Champions
C105372,315,8,124097.00349999999,1,5,5,11,Cannot Lose Them
C105374,135,4,89813.43299999999,3,4,4,11,Loyal Customers
C105375,302,3,32756.570499999998,1,3,2,6,At Risk
C105379,15,1,14636.1,5,1,1,7,New Customers
C105380,98,2,43797.1705,3,2,3,8,Potential Loyalists
C105381,252,2,35121.2,2,2,2,6,Lost
C105383,58,2,20989.129,4,2,2,8,New Customers
C105384,308,3,26128.030000000002,1,3,2,6,At Risk
C105385,37,2,38025.483,4,2,3,9,New Customers
C105387,35,4,35318.068,4,4,2,10,Loyal Customers
C105388,178,2,82747.384,2,2,4,8,Hibernating
C105392,251,1,3175.2324999999996,2,1,1,4,Lost
C105395,137,3,61018.653999999995,3,3,3,9,Loyal Customers
C105396,225,1,29083.23,2,1,2,5,Lost
C105397,0,1,22319.17,5,1,2,8,New Customers
C105398,3,4,79458.516,5,4,4,13,Champions
C105399,41,7,173010.88299999997,4,5,5,14,Champions
C105400,2,1,19606.49,5,1,2,8,New Customers
C105401,2,7,99460.0895,5,5,4,14,Champions
C105403,58,2,22310.953999999998,4,2,2,8,New Customers
C105404,6,1,10601.416000000001,5,1,1,7,New Customers
C105405,209,1,17731.14,2,1,1,4,Lost
C105408,65,14,231433.8195,3,5,5,13,Loyal Customers
C105412,49,4,77658.56,4,4,4,12,Champions
C105413,213,1,13579.55,2,1,1,4,Lost
C105415,2,7,106935.173,5,5,4,14,Champions
C105416,97,4,84541.579,3,4,4,11,Loyal Customers
C105417,379,1,7248.21,1,1,1,3,Lost
C105418,29,8,135993.242,4,5,5,14,Champions
C105419,297,2,35076.590000000004,1,2,2,5,Lost
C105421,71,3,14063.7305,3,3,1,7,Loyal Customers
C105422,3,2,72116.34,5,2,4,11,New Customers
C105425,53,2,30076.2,4,2,2,8,New Customers
C105427,242,1,4925.008000000001,2,1,1,4,Lost
C105428,2,2,45408.78200000001,5,2,3,10,New Customers
C105429,341,5,111951.04800000001,1,4,5,10,Cannot Lose Them
C105431,144,1,6598.737999999999,2,1,1,4,Lost
C105432,51,4,52824.2825,4,4,3,11,Loyal Customers
C105433,374,1,8295.528,1,1,1,3,Lost
C105435,387,1,53989.992000000006,1,1,3,5,Hibernating
C105436,218,1,6714.144,2,1,1,4,Lost
C105438,150,3,79525.156,2,3,4,9,At Risk
C105440,4,3,42060.3685,5,3,3,11,Loyal Customers
C105441,177,4,92877.1975,2,4,4,10,Cannot Lose Them
C105443,154,2,33489.378,2,2,2,6,Lost
C105444,363,3,100540.44200000001,1,3,4,8,At Risk
C105445,313,3,83354.78099999999,1,3,4,8,At Risk
C105447,1,11,258861.343,5,5,5,15,Champions
C105448,147,6,98955.889,2,5,4,11,Cannot Lose Them
C105449,369,3,57125.478,1,3,3,7,At Risk
C105451,177,1,37358.469000000005,2,1,3,6,Hibernating
C105452,176,1,7761.924000000001,2,1,1,4,Lost
C105454,81,3,69834.8805,3,3,4,10,Loyal Customers
C105455,20,2,64366.45,5,2,4,11,New Customers
C105456,2,7,130580.303,5,5,5,15,Champions
C105458,296,2,51923.35249999999,1,2,3,6,Hibernating
C105459,62,1,3535.79,4,1,1,6,New Customers
C105460,3,2,39023.67,5,2,3,10,New Customers
C105461,46,4,77012.304,4,4,4,12,Champions
C105462,492,1,12140.0405,1,1,1,3,Lost
C105463,127,3,86364.459,3,3,4,10,Loyal Customers
C105464,160,4,86132.8215,2,4,4,10,Cannot Lose Them
C105468,24,1,9520.9,4,1,1,6,New Customers
C105469,190,3,68527.739,2,3,4,9,At Risk
C105471,604,1,57586.67,1,1,3,5,Hibernating
C105472,239,4,78207.92,2,4,4,10,Cannot Lose Them
C105473,64,1,1569.3125,3,1,1,5,Hibernating
C105474,370,1,61774.38,1,1,3,5,Hibernating
C105475,350,1,33013.3,1,1,2,4,Lost
C105476,99,7,126949.728,3,5,5,13,Loyal Customers
C105478,462,2,46269.17,1,2,3,6,Hibernating
C105479,779,1,14872.35,1,1,1,3,Lost
C105484,531,2,24170.79,1,2,2,5,Lost
C105485,12,2,23409.247,5,2,2,9,New Customers
C105486,49,2,49654.6705,4,2,3,9,New Customers
C105488,89,4,43836.7405,3,4,3,10,Loyal Customers
C105489,213,2,88746.389,2,2,4,8,Hibernating
C105491,164,1,22388.779000000002,2,1,2,5,Lost
C105495,152,3,58566.385,2,3,3,8,At Risk
C105496,66,1,14051.91,3,1,1,5,Hibernating
C105498,12,8,246678.271,5,5,5,15,Champions
C105499,512,3,28412.055999999997,1,3,2,6,At Risk
C105503,183,2,15945.18,2,2,1,5,Lost
C105504,9,1,18583.05,5,1,2,8,New Customers
C105506,262,7,121427.96500000001,2,5,5,12,Cannot Lose Them
C105507,968,1,25139.753,1,1,2,4,Lost
C105508,810,1,64667.81,1,1,4,6,Hibernating
C105509,293,1,23290.101000000002,1,1,2,4,Lost
C105511,36,1,10228.55,4,1,1,6,New Customers
C105512,22,8,170689.549,4,5,5,14,Champions
C105514,6,10,156714.7145,5,5,5,15,Champions
C105515,32,1,11557.51,4,1,1,6,New Customers
C105516,397,1,34295.472,1,1,2,4,Lost
C105518,40,4,88097.32250000001,4,4,4,12,Champions
C105520,22,3,43977.191999999995,4,3,3,10,Loyal Customers
C105521,13,1,16804.96,5,1,1,7,New Customers
C105523,20,4,69983.5225,5,4,4,13,Champions
C105525,98,4,47989.703,3,4,3,10,Loyal Customers
C105526,286,1,42689.397,2,1,3,6,Hibernating
C105527,356,3,29000.474000000002,1,3,2,6,At Risk
C105528,151,3,59023.600999999995,2,3,3,8,At Risk
C105529,164,2,33785.72,2,2,2,6,Lost
C105530,171,8,167756.315,2,5,5,12,Cannot Lose Them
C105531,2,2,44578.6685,5,2,3,10,New Customers
C105532,227,1,16933.629999999997,2,1,1,4,Lost
C105534,176,1,10895.01,2,1,1,4,Lost
C105535,60,3,132711.862,4,3,5,12,Loyal Customers
C105537,200,5,137842.581,2,4,5,11,Cannot Lose Them
C105538,231,5,70410.527,2,4,4,10,Cannot Lose Them
C105540,95,5,129598.094,3,4,5,12,Loyal Customers
C105541,27,2,11029.4715,4,2,1,7,New Customers
C105542,58,2,20069.908,4,2,2,8,New Customers
C105543,417,1,20944.5,1,1,2,4,Lost
C105545,15,5,50487.57549999999,5,4,3,12,Loyal Customers
C105547,145,4,72280.205,2,4,4,10,Cannot Lose Them
C105548,52,7,158989.826,4,5,5,14,Champions
C105549,262,2,37329.31,2,2,3,7,Hibernating
C105551,400,1,16389.054,1,1,1,3,Lost
C105553,14,6,105983.7425,5,5,4,14,Champions
C105554,203,1,12994.86,2,1,1,4,Lost
C105555,36,2,35699.49,4,2,2,8,New Customers
C105556,315,2,45965.43000000001,1,2,3,6,Hibernating
C105558,2,2,40059.65,5,2,3,10,New Customers
C105560,95,1,19340.071500000002,3,1,2,6,Hibernating
C105564,135,2,48564.18,3,2,3,8,Potential Loyalists
C105565,131,6,115680.399,3,5,5,13,Loyal Customers
C105566,334,1,23259.942499999997,1,1,2,4,Lost
C105568,-1,8,173796.95249999998,5,5,5,15,Champions
C105569,6,8,153149.4965,5,5,5,15,Champions
C105571,65,4,63686.182,3,4,4,11,Loyal Customers
C105572,150,1,15905.39,2,1,1,4,Lost
C105573,94,4,56694.889,3,4,3,10,Loyal Customers
C105574,125,2,43985.25,3,2,3,8,Potential Loyalists
C105575,9,10,181129.454,5,5,5,15,Champions
C105577,427,1,40697.84,1,1,3,5,Hibernating
C105578,47,3,46495.6605,4,3,3,10,Loyal Customers
C105579,70,2,41106.28,3,2,3,8,Potential Loyalists
C105580,277,4,129542.39500000002,2,4,5,11,Cannot Lose Them
C105581,70,3,60624.83,3,3,3,9,Loyal Customers
C105582,237,1,33014.888999999996,2,1,2,5,Lost
C105584,496,2,13949.59,1,2,1,4,Lost
C105585,25,3,44196.8065,4,3,3,10,Loyal Customers
C105586,183,1,29471.472,2,1,2,5,Lost
C105587,685,1,13626.9045,1,1,1,3,Lost
C105591,147,4,119843.05,2,4,5,11,Cannot Lose Them
C105594,2,3,66646.481,5,3,4,12,Loyal Customers
C105596,89,2,68217.6715,3,2,4,9,Potential Loyalists
C105599,108,3,71474.2795,3,3,4,10,Loyal Customers
C105600,0,6,73576.317,5,5,4,14,Champions
C105602,8,4,64556.403999999995,5,4,4,13,Champions
C105604,4,4,33020.3055,5,4,2,11,Loyal Customers
C105605,664,2,33136.754,1,2,2,5,Lost
C105607,35,4,69624.889,4,4,4,12,Champions
C105608,153,1,4151.9695,2,1,1,4,Lost
C105609,476,2,49381.53,1,2,3,6,Hibernating
C105610,608,1,13132.11,1,1,1,3,Lost
C105612,330,3,100201.311,1,3,4,8,At Risk
C105613,69,1,56519.167,3,1,3,7,Potential Loyalists
C105614,232,5,143308.08000000002,2,4,5,11,Cannot Lose Them
C105615,4,5,73002.86,5,4,4,13,Champions
C105616,59,3,67569.1315,4,3,4,11,Loyal Customers
C105618,169,1,2406.4519999999998,2,1,1,4,Lost
C105620,156,2,12845.757499999998,2,2,1,5,Lost
C105621,40,3,51094.664,4,3,3,10,Loyal Customers
C105622,433,2,59411.5535,1,2,3,6,Hibernating
C105625,26,4,45415.35,4,4,3,11,Loyal Customers
C105626,845,1,15194.03,1,1,1,3,Lost
C105628,190,2,83980.282,2,2,4,8,Hibernating
C105630,93,1,33529.14,3,1,2,6,Hibernating
C105632,787,1,4313.57,1,1,1,3,Lost
C105633,647,1,15196.78,1,1,1,3,Lost
C105634,830,1,37182.384000000005,1,1,2,4,Lost
C105635,1,4,97132.11200000001,5,4,4,13,Champions
C105636,168,5,139996.838,2,4,5,11,Cannot Lose Them
C105637,238,4,103740.07599999999,2,4,4,10,Cannot Lose Them
C105638,272,1,35232.09,2,1,2,5,Lost
C105639,60,1,36141.173,4,1,2,7,New Customers
C105640,212,6,79372.606,2,5,4,11,Cannot Lose Them
C105641,1,2,24158.037,5,2,2,9,New Customers
C105642,12,3,72640.319,5,3,4,12,Loyal Customers
C105643,0,6,150101.14800000002,5,5,5,15,Champions
C105645,412,4,47186.5855,1,4,3,8,At Risk
C105646,9,3,47693.94,5,3,3,11,Loyal Customers
C105647,646,1,10533.0725,1,1,1,3,Lost
C105648,101,2,37982.862,3,2,3,8,Potential Loyalists
C105649,441,1,5480.736000000001,1,1,1,3,Lost
C105651,-1,3,99866.618,5,3,4,12,Loyal Customers
C105652,66,5,109164.048,3,4,5,12,Loyal Customers
C105653,598,1,16047.115999999998,1,1,1,3,Lost
C105654,5,6,82314.1475,5,5,4,14,Champions
C105655,210,1,15512.14,2,1,1,4,Lost
C105656,267,2,39667.6365,2,2,3,7,Hibernating
C105657,10,2,34068.434,5,2,2,9,New Customers
C105660,13,3,56730.9985,5,3,3,11,Loyal Customers
C105664,13,12,248807.579,5,5,5,15,Champions
C105667,157,8,216664.0075,2,5,5,12,Cannot Lose Them
C105668,29,4,59786.8415,4,4,3,11,Loyal Customers
C105669,620,1,13023.46,1,1,1,3,Lost
C105670,40,2,33730.7065,4,2,2,8,New Customers
C105673,49,3,41137.297,4,3,3,10,Loyal Customers
C105674,665,2,41664.0155,1,2,3,6,Hibernating
C105675,356,2,28418.096,1,2,2,5,Lost
C105676,771,1,18617.81,1,1,2,4,Lost
C105677,28,1,25766.96,4,1,2,7,New Customers
C105678,75,2,31176.652,3,2,2,7,Hibernating
C105680,500,1,13968.816,1,1,1,3,Lost
C105681,422,3,105640.93650000001,1,3,4,8,At Risk
C105682,62,1,34297.03,4,1,2,7,New Customers
C105683,641,1,2351.6609999999996,1,1,1,3,Lost
C105685,361,2,59269.6795,1,2,3,6,Hibernating
C105686,382,3,84333.907,1,3,4,8,At Risk
C105688,2,6,124412.032,5,5,5,15,Champions
C105689,36,1,24199.030000000002,4,1,2,7,New Customers
C105690,85,12,294042.553,3,5,5,13,Loyal Customers
C105691,27,3,65961.74399999999,4,3,4,11,Loyal Customers
C105692,32,8,87301.29800000001,4,5,4,13,Champions
C105693,36,2,22163.319,4,2,2,8,New Customers
C105694,45,4,120884.87899999999,4,4,5,13,Champions
C105695,4,6,142008.189,5,5,5,15,Champions
C105696,39,5,118669.4655,4,4,5,13,Champions
C105697,38,4,111684.874,4,4,5,13,Champions
C105698,241,1,31148.39,2,1,2,5,Lost
C105699,5,2,33401.630000000005,5,2,2,9,New Customers
C105700,225,1,6570.8099999999995,2,1,1,4,Lost
C105701,429,1,22066.29,1,1,2,4,Lost
C105703,74,8,154103.008,3,5,5,13,Loyal Customers
C105704,49,2,32255.995000000003,4,2,2,8,New Customers
C105705,139,2,73878.85,3,2,4,9,Potential Loyalists
C105706,22,3,56254.492,4,3,3,10,Loyal Customers
C105707,251,1,18387.12,2,1,2,5,Lost
C105710,11,1,30151.170000000006,5,1,2,8,New Customers
C105711,25,2,33655.7215,4,2,2,8,New Customers
C105712,93,2,21835.258500000004,3,2,2,7,Hibernating
C105717,11,2,21734.7095,5,2,2,9,New Customers
C105718,506,1,12672.232,1,1,1,3,Lost
C105719,3,1,14286.54,5,1,1,7,New Customers
C105720,122,9,133005.8075,3,5,5,13,Loyal Customers
C105721,685,1,4384.94,1,1,1,3,Lost
C105722,26,4,65494.776000000005,4,4,4,12,Champions
C105723,42,3,23137.85,4,3,2,9,Loyal Customers
C105725,62,5,161975.554,4,4,5,13,Champions
C105726,1,2,27821.502,5,2,2,9,New Customers
C105729,401,4,99916.5205,1,4,4,9,Cannot Lose Them
C105730,88,1,15228.36,3,1,1,5,Hibernating
C105731,301,1,34606.84,1,1,2,4,Lost
C105733,1007,1,10966.21,1,1,1,3,Lost
C105734,40,2,94215.02,4,2,4,10,New Customers
C105735,46,4,69589.008,4,4,4,12,Champions
C105736,2,1,4961.89,5,1,1,7,New Customers
C105738,128,5,74722.0075,3,4,4,11,Loyal Customers
C105739,205,3,17945.734,2,3,1,6,At Risk
C105740,147,3,45981.424,2,3,3,8,At Risk
C105742,242,2,38911.55,2,2,3,7,Hibernating
C105743,27,4,61297.516,4,4,3,11,Loyal Customers
C105745,7,1,24065.910000000003,5,1,2,8,New Customers
C105746,73,5,46139.547,3,4,3,10,Loyal Customers
C105748,270,1,9351.564,2,1,1,4,Lost
C105751,18,11,271462.1585,5,5,5,15,Champions
C105752,145,2,77206.3,2,2,4,8,Hibernating
C105753,225,7,156857.893,2,5,5,12,Cannot Lose Them
C105754,189,4,64621.5285,2,4,4,10,Cannot Lose Them
C105755,-1,4,92095.176,5,4,4,13,Champions
C105756,13,3,110478.4745,5,3,5,13,Loyal Customers
C105759,134,4,74984.749,3,4,4,11,Loyal Customers
C105762,107,1,14605.96,3,1,1,5,Hibernating
C105764,79,2,66426.062,3,2,4,9,Potential Loyalists
C105765,21,8,236624.9305,4,5,5,14,Champions
C105766,431,5,137396.682,1,4,5,10,Cannot Lose Them
C105767,501,1,11321.0,1,1,1,3,Lost
C105768,115,2,75999.34,3,2,4,9,Potential Loyalists
C105769,7,2,35926.2635,5,2,2,9,New Customers
C105771,440,1,12315.584,1,1,1,3,Lost
C105774,4,1,7964.757,5,1,1,7,New Customers
C105775,43,1,10618.33,4,1,1,6,New Customers
C105778,318,4,96186.806,1,4,4,9,Cannot Lose Them
C105780,45,1,5037.9259999999995,4,1,1,6,New Customers
C105781,249,2,27604.6725,2,2,2,6,Lost
C105782,2,6,82231.5,5,5,4,14,Champions
C105783,38,4,113956.7015,4,4,5,13,Champions
C105784,32,7,137566.98,4,5,5,14,Champions
C105786,332,1,11176.735,1,1,1,3,Lost
C105788,452,1,20332.203999999998,1,1,2,4,Lost
C105789,46,2,46830.73,4,2,3,9,New Customers
C105790,326,2,49221.375,1,2,3,6,Hibernating
C105793,19,1,17084.048,5,1,1,7,New Customers
C105794,94,6,100431.382,3,5,4,12,Loyal Customers
C105795,254,1,75067.93,2,1,4,7,Hibernating
C105796,27,8,146341.36,4,5,5,14,Champions
C105798,138,4,60615.248,3,4,3,10,Loyal Customers
C105799,61,10,176358.639,4,5,5,14,Champions
C105800,138,1,1416.033,3,1,1,5,Hibernating
C105801,56,1,40353.7,4,1,3,8,New Customers
C105803,23,2,13928.149000000001,4,2,1,7,New Customers
C105804,250,2,21412.387,2,2,2,6,Lost
C105805,31,5,91734.62299999999,4,4,4,12,Champions
C105806,114,6,170215.841,3,5,5,13,Loyal Customers
C105808,268,2,31581.828499999996,2,2,2,6,Lost
C105809,25,1,782.6954999999999,4,1,1,6,New Customers
C105810,43,5,78811.50399999999,4,4,4,12,Champions
C105812,41,10,184361.726,4,5,5,14,Champions
C105814,194,2,41662.854999999996,2,2,3,7,Hibernating
C105815,218,1,11140.1,2,1,1,4,Lost
C105816,30,5,70594.202,4,4,4,12,Champions
C105817,16,2,41176.317,5,2,3,10,New Customers
C105818,243,2,40234.8925,2,2,3,7,Hibernating
C105819,157,1,13171.41,2,1,1,4,Lost
C105821,10,2,42642.737499999996,5,2,3,10,New Customers
C105822,17,4,109260.053,5,4,5,14,Champions
C105824,28,3,27493.402000000002,4,3,2,9,Loyal Customers
C105825,82,1,4654.368,3,1,1,5,Hibernating
C105827,57,1,29265.856,4,1,2,7,New Customers
C105828,425,1,290.377,1,1,1,3,Lost
C105829,4,2,57505.138,5,2,3,10,New Customers
C105830,1,5,148769.2115,5,4,5,14,Champions
C105832,130,6,133343.0235,3,5,5,13,Loyal Customers
C105833,248,2,48387.998999999996,2,2,3,7,Hibernating
C105834,200,4,40772.7195,2,4,3,9,At Risk
C105837,0,2,24843.882,5,2,2,9,New Customers
C105838,18,2,59666.888000000006,5,2,3,10,New Customers
C105839,100,11,193823.147,3,5,5,13,Loyal Customers
C105841,-1,1,23630.004,5,1,2,8,New Customers
C105846,175,2,76718.312,2,2,4,8,Hibernating
C105847,342,1,35284.4605,1,1,2,4,Lost
C105850,208,3,40559.068,2,3,3,8,At Risk
C105851,246,3,8553.8925,2,3,1,6,At Risk
C105853,691,2,20145.962499999998,1,2,2,5,Lost
C105854,4,3,55797.605500000005,5,3,3,11,Loyal Customers
C105855,754,1,25752.144,1,1,2,4,Lost
C105856,117,1,19957.405,3,1,2,6,Hibernating
C105857,219,2,23997.884,2,2,2,6,Lost
C105858,234,2,15577.378,2,2,1,5,Lost
C105859,80,2,43007.69,3,2,3,8,Potential Loyalists
C105860,88,2,105211.967,3,2,4,9,Potential Loyalists
C105861,95,14,298537.5885,3,5,5,13,Loyal Customers
C105862,150,6,104413.50349999999,2,5,4,11,Cannot Lose Them
C105863,195,1,35189.84,2,1,2,5,Lost
C105864,386,6,131666.1845,1,5,5,11,Cannot Lose Them
C105865,534,1,23109.070000000003,1,1,2,4,Lost
C105866,8,1,39499.05,5,1,3,9,New Customers
C105867,43,9,160378.059,4,5,5,14,Champions
C105868,102,11,187531.427,3,5,5,13,Loyal Customers
C105870,495,4,110456.3985,1,4,5,10,Cannot Lose Them
C105871,157,1,64612.06999999999,2,1,4,7,Hibernating
C105872,53,2,98866.631,4,2,4,10,New Customers
C105873,44,3,78878.975,4,3,4,11,Loyal Customers
C105874,641,2,22511.856,1,2,2,5,Lost
C105875,4,2,32724.106,5,2,2,9,New Customers
C105876,9,6,87947.6285,5,5,4,14,Champions
C105877,3,7,176983.928,5,5,5,15,Champions
C105878,135,1,6317.6675,3,1,1,5,Hibernating
C105879,46,5,112427.651,4,4,5,13,Champions
C105881,144,2,62112.219,2,2,3,7,Hibernating
C105882,418,2,8815.372500000001,1,2,1,4,Lost
C105883,3,5,89895.16500000001,5,4,4,13,Champions
C105884,15,7,152987.362,5,5,5,15,Champions
C105886,910,1,33304.37,1,1,2,4,Lost
C105887,68,5,131674.067,3,4,5,12,Loyal Customers
C105890,269,1,21323.558999999997,2,1,2,5,Lost
C105891,611,1,44016.848,1,1,3,5,Hibernating
C105892,288,1,3474.056,2,1,1,4,Lost
C105894,5,5,173730.211,5,4,5,14,Champions
C105895,5,9,273722.44049999997,5,5,5,15,Champions
C105899,137,6,141762.5705,3,5,5,13,Loyal Customers
C105900,47,2,126518.7115,4,2,5,11,New Customers
C105901,4,3,88086.544,5,3,4,12,Loyal Customers
C105903,265,2,29592.864999999998,2,2,2,6,Lost
C105904,17,3,52196.25,5,3,3,11,Loyal Customers
C105905,477,1,38701.479999999996,1,1,3,5,Hibernating
C105906,66,7,143001.7975,3,5,5,13,Loyal Customers
C105907,502,1,23585.3155,1,1,2,4,Lost
C105910,97,1,194.14849999999998,3,1,1,5,Hibernating
C105911,56,2,70634.2725,4,2,4,10,New Customers
C105912,135,4,102016.901,3,4,4,11,Loyal Customers
C105914,35,4,81058.75749999999,4,4,4,12,Champions
C105916,31,2,16485.867000000002,4,2,1,7,New Customers
C105918,243,8,93884.1535,2,5,4,11,Cannot Lose Them
C105922,271,1,9002.885499999999,2,1,1,4,Lost
C105923,55,2,26616.575999999997,4,2,2,8,New Customers
C105925,144,2,46682.816000000006,2,2,3,7,Hibernating
C105926,22,2,28264.506,4,2,2,8,New Customers
C105927,141,2,27551.901,2,2,2,6,Lost
C105928,361,2,32864.649,1,2,2,5,Lost
C105929,7,3,132723.672,5,3,5,13,Loyal Customers
C105930,258,2,34214.727,2,2,2,6,Lost
C105932,165,2,26553.962000000003,2,2,2,6,Lost
C105935,88,5,164397.24599999998,3,4,5,12,Loyal Customers
C105936,80,15,391594.1995,3,5,5,13,Loyal Customers
C105937,324,5,61670.486,1,4,3,8,At Risk
C105938,119,11,235965.39849999998,3,5,5,13,Loyal Customers
C105939,120,7,152125.0165,3,5,5,13,Loyal Customers
C105940,169,2,108283.1485,2,2,5,9,Hibernating
C105941,166,1,6015.75,2,1,1,4,Lost
C105942,75,6,114844.143,3,5,5,13,Loyal Customers
C105943,195,2,13371.0885,2,2,1,5,Lost
C105944,125,1,27225.232999999997,3,1,2,6,Hibernating
C105945,755,2,20458.595999999998,1,2,2,5,Lost
C105947,72,7,192901.75400000002,3,5,5,13,Loyal Customers
C105948,94,4,140712.1045,3,4,5,12,Loyal Customers
C105949,98,2,69507.9715,3,2,4,9,Potential Loyalists
C105951,72,5,59339.104,3,4,3,10,Loyal Customers
C105952,121,4,82636.237,3,4,4,11,Loyal Customers
C105953,171,3,89544.44,2,3,4,9,At Risk
C105954,15,1,13247.31,5,1,1,7,New Customers
C105955,328,2,38469.274000000005,1,2,3,6,Hibernating
C105957,13,2,22921.504,5,2,2,9,New Customers
C105958,320,2,58274.922000000006,1,2,3,6,Hibernating
C105960,601,1,9173.07,1,1,1,3,Lost
C105962,15,6,124941.7675,5,5,5,15,Champions
C105965,116,1,23185.03,3,1,2,6,Hibernating
C105969,158,1,5795.911999999999,2,1,1,4,Lost
C105970,712,1,13362.493,1,1,1,3,Lost
C105971,390,1,22009.301999999996,1,1,2,4,Lost
C105972,126,3,55278.754,3,3,3,9,Loyal Customers
C105974,164,3,78586.709,2,3,4,9,At Risk
C105979,139,5,88015.309,3,4,4,11,Loyal Customers
C105981,105,2,94681.63,3,2,4,9,Potential Loyalists
C105982,365,2,50153.12,1,2,3,6,Hibernating
C105984,49,2,49987.182,4,2,3,9,New Customers
C105986,5,3,76413.29000000001,5,3,4,12,Loyal Customers
C105987,0,4,50427.51,5,4,3,12,Loyal Customers
C105989,23,1,39394.32,4,1,3,8,New Customers
C105993,171,2,47366.64,2,2,3,7,Hibernating
C105999,991,1,45695.648,1,1,3,5,Hibernating
C106000,96,1,15561.06,3,1,1,5,Hibernating
C106002,46,2,31474.949999999997,4,2,2,8,New Customers
C106003,55,1,34684.469999999994,4,1,2,7,New Customers
C106004,143,2,24714.08,2,2,2,6,Lost
C106005,26,4,43220.942,4,4,3,11,Loyal Customers
C106007,81,3,74777.227,3,3,4,10,Loyal Customers
C106008,586,1,18909.891,1,1,2,4,Lost
C106009,308,2,59533.345,1,2,3,6,Hibernating
C106010,49,2,49736.742,4,2,3,9,New Customers
C106011,28,4,73899.186,4,4,4,12,Champions
C106012,24,6,122550.71,4,5,5,14,Champions
C106013,238,3,36345.585,2,3,2,7,At Risk
C106014,228,1,8742.76,2,1,1,4,Lost
C106015,377,1,14154.58,1,1,1,3,Lost
C106016,891,1,51010.096000000005,1,1,3,5,Hibernating
C106018,782,1,13409.248000000001,1,1,1,3,Lost
C106019,6,2,45502.97,5,2,3,10,New Customers
C106021,258,2,39723.4565,2,2,3,7,Hibernating
C106022,55,3,106313.9735,4,3,4,11,Loyal Customers
C106024,16,1,10699.928,5,1,1,7,New Customers
C106025,105,11,190328.666,3,5,5,13,Loyal Customers
C106026,390,4,51302.724,1,4,3,8,At Risk
C106027,16,1,12721.856,5,1,1,7,New Customers
C106031,118,3,89122.872,3,3,4,10,Loyal Customers
C106032,351,6,200604.551,1,5,5,11,Cannot Lose Them
C106033,17,10,239817.0725,5,5,5,15,Champions
C106034,80,3,65438.587,3,3,4,10,Loyal Customers
C106035,410,1,71437.7295,1,1,4,6,Hibernating
C106036,159,1,10111.56,2,1,1,4,Lost
C106037,77,2,52869.15,3,2,3,8,Potential Loyalists
C106038,252,1,25673.216,2,1,2,5,Lost
C106039,421,1,13082.624000000002,1,1,1,3,Lost
C106040,300,1,25797.173999999995,1,1,2,4,Lost
C106041,63,4,147085.078,3,4,5,12,Loyal Customers
C106042,25,2,9288.377999999999,4,2,1,7,New Customers
C106043,200,3,33313.418,2,3,2,7,At Risk
C106044,335,2,55546.1,1,2,3,6,Hibernating
C106046,55,2,37461.7835,4,2,3,9,New Customers
C106048,558,3,31050.3925,1,3,2,6,At Risk
C106051,67,14,378414.8265,3,5,5,13,Loyal Customers
C106052,40,1,11641.03,4,1,1,6,New Customers
C106053,18,1,63989.46349999999,5,1,4,10,New Customers
C106056,46,4,66757.8115,4,4,4,12,Champions
C106058,121,4,83201.36600000001,3,4,4,11,Loyal Customers
C106059,313,1,36755.47899999999,1,1,2,4,Lost
C106060,167,5,116211.5115,2,4,5,11,Cannot Lose Them
C106061,136,2,29259.79,3,2,2,7,Hibernating
C106062,141,3,86585.52799999999,2,3,4,9,At Risk
C106064,93,2,43671.950000000004,3,2,3,8,Potential Loyalists
C106065,109,1,54280.254499999995,3,1,3,7,Potential Loyalists
C106066,88,1,24747.72,3,1,2,6,Hibernating
C106068,7,5,78007.659,5,4,4,13,Champions
C106069,1,6,122030.4705,5,5,5,15,Champions
C106071,417,1,6774.360000000001,1,1,1,3,Lost
C106073,364,1,14797.807999999999,1,1,1,3,Lost
C106074,23,7,90350.455,4,5,4,13,Champions
C106075,317,1,3505.9770000000003,1,1,1,3,Lost
C106076,71,8,307120.72849999997,3,5,5,13,Loyal Customers
C106077,129,1,64298.479999999996,3,1,4,8,Potential Loyalists
C106078,267,3,56352.7865,2,3,3,8,At Risk
C106080,1,6,80109.16,5,5,4,14,Champions
C106081,-1,7,147064.996,5,5,5,15,Champions
C106082,51,5,39712.019499999995,4,4,3,11,Loyal Customers
C106084,169,2,30115.213499999998,2,2,2,6,Lost
C106085,138,1,34858.39,3,1,2,6,Hibernating
C106086,99,1,13078.7925,3,1,1,5,Hibernating
C106087,258,2,2841.77,2,2,1,5,Lost
C106088,45,1,10790.31,4,1,1,6,New Customers
C106090,26,7,125228.5365,4,5,5,14,Champions
C106092,162,1,3966.3269999999998,2,1,1,4,Lost
C106093,642,3,41678.29,1,3,3,7,At Risk
C106094,20,3,36933.037,5,3,2,10,Loyal Customers
C106095,-1,6,103071.7025,5,5,4,14,Champions
C106098,332,3,49308.903,1,3,3,7,At Risk
C106099,13,8,205980.6185,5,5,5,15,Champions
C106100,33,4,63948.866,4,4,4,12,Champions
C106101,56,4,159326.29499999998,4,4,5,13,Champions
C106103,8,1,18502.13,5,1,2,8,New Customers
C106104,423,3,33997.287,1,3,2,6,At Risk
C106105,5,5,177433.2195,5,4,5,14,Champions
C106106,14,4,91762.06049999999,5,4,4,13,Champions
C106108,18,2,48890.922,5,2,3,10,New Customers
C106110,21,8,140555.0835,4,5,5,14,Champions
C106111,11,1,6792.8325,5,1,1,7,New Customers
C106112,141,4,97495.685,2,4,4,10,Cannot Lose Them
C106113,1,16,428481.284,5,5,5,15,Champions
C106116,192,1,2488.788,2,1,1,4,Lost
C106119,137,2,124067.80000000002,3,2,5,10,Potential Loyalists
C106120,187,3,59704.161,2,3,3,8,At Risk
C106124,18,2,30109.359,5,2,2,9,New Customers
C106126,47,5,84318.579,4,4,4,12,Champions
C106127,383,1,4314.65,1,1,1,3,Lost
C106129,442,1,18451.01,1,1,2,4,Lost
C106132,674,1,13863.832000000002,1,1,1,3,Lost
C106133,198,4,76882.592,2,4,4,10,Cannot Lose Them
C106134,435,1,3425.643,1,1,1,3,Lost
C106136,23,4,72239.97750000001,4,4,4,12,Champions
C106140,20,4,107504.79299999999,5,4,5,14,Champions
C106141,32,7,106682.37449999999,4,5,4,13,Champions
C106142,71,2,87741.152,3,2,4,9,Potential Loyalists
C106143,12,1,37818.62,5,1,3,9,New Customers
C106145,270,3,59332.352,2,3,3,8,At Risk
C106148,8,4,63515.503,5,4,4,13,Champions
C106151,3,5,89963.955,5,4,4,13,Champions
C106152,153,4,94675.542,2,4,4,10,Cannot Lose Them
C106153,166,2,19024.625,2,2,2,6,Lost
C106154,4,4,73203.517,5,4,4,13,Champions
C106155,172,3,42144.135,2,3,3,8,At Risk
C106160,48,1,82720.92000000001,4,1,4,9,New Customers
C106162,48,1,32111.657,4,1,2,7,New Customers
C106165,8,3,92806.259,5,3,4,12,Loyal Customers
C106166,507,2,39610.923500000004,1,2,3,6,Hibernating
C106167,4,2,40169.838,5,2,3,10,New Customers
C106168,12,11,272227.27,5,5,5,15,Champions
C106169,320,3,65581.3685,1,3,4,8,At Risk
C106170,69,2,10949.84,3,2,1,6,Hibernating
C106171,82,3,55966.3385,3,3,3,9,Loyal Customers
C106172,59,1,8341.34,4,1,1,6,New Customers
C106175,6,1,11146.72,5,1,1,7,New Customers
C106176,29,1,48330.62,4,1,3,8,New Customers
C106180,9,8,173793.772,5,5,5,15,Champions
C106184,11,2,4565.794,5,2,1,8,New Customers
C106185,213,2,75678.81049999999,2,2,4,8,Hibernating
C106186,5,3,64999.553,5,3,4,12,Loyal Customers
C106187,310,1,32907.942,1,1,2,4,Lost
C106188,71,3,62545.2465,3,3,3,9,Loyal Customers
C106191,12,8,145603.6395,5,5,5,15,Champions
C106192,7,3,91210.118,5,3,4,12,Loyal Customers
C106193,26,1,14242.06,4,1,1,6,New Customers
C106194,428,2,108848.349,1,2,5,8,Hibernating
C106199,163,1,27448.64,2,1,2,5,Lost
C106201,99,7,192105.101,3,5,5,13,Loyal Customers
C106202,222,5,156949.755,2,4,5,11,Cannot Lose Them
C106204,60,15,335371.3785,4,5,5,14,Champions
C106205,175,1,20190.856,2,1,2,5,Lost
C106206,151,2,7827.710500000001,2,2,1,5,Lost
C106207,672,1,22944.105000000003,1,1,2,4,Lost
C106208,38,2,33931.4795,4,2,2,8,New Customers
C106209,18,9,204230.1125,5,5,5,15,Champions
C106210,99,1,34065.79,3,1,2,6,Hibernating
C106211,357,3,91144.5665,1,3,4,8,At Risk
C106213,130,3,52755.1325,3,3,3,9,Loyal Customers
C106214,610,1,67202.65,1,1,4,6,Hibernating
C106218,15,2,39689.059499999996,5,2,3,10,New Customers
C106219,238,2,57713.821,2,2,3,7,Hibernating
C106220,49,1,8548.641,4,1,1,6,New Customers
C106221,68,5,164438.66,3,4,5,12,Loyal Customers
C106222,317,1,19057.39,1,1,2,4,Lost
C106224,0,5,62290.392,5,4,3,12,Loyal Customers
C106225,14,2,40261.056000000004,5,2,3,10,New Customers
C106226,37,1,25585.11,4,1,2,7,New Customers
C106228,34,1,13719.32,4,1,1,6,New Customers
C106229,448,2,21391.842000000004,1,3,2,6,At Risk
C106231,59,4,112645.68699999999,4,4,5,13,Champions
C106232,20,3,85320.2585,5,3,4,12,Loyal Customers
C106233,163,1,6185.839499999999,2,1,1,4,Lost
C106234,97,5,96854.245,3,4,4,11,Loyal Customers
C106235,52,2,16365.849999999999,4,3,1,8,Loyal Customers
C106237,240,7,160768.743,2,5,5,12,Cannot Lose Them
C106238,198,1,15432.920000000002,2,1,1,4,Lost
C106239,0,4,92218.028,5,4,4,13,Champions
C106240,90,4,93145.73,3,4,4,11,Loyal Customers
C106241,75,1,33538.528000000006,3,1,2,6,Hibernating
C106242,59,1,15189.1795,4,1,1,6,New Customers
C106244,363,1,23352.318,1,1,2,4,Lost
C106247,145,1,3716.7440000000006,2,1,1,4,Lost
C106250,135,2,48885.84,3,3,3,9,Loyal Customers
C106251,170,2,49175.3085,2,3,3,8,At Risk
C106252,30,3,42982.537,4,3,3,10,Loyal Customers
C106253,195,5,134304.044,2,4,5,11,Cannot Lose Them
C106255,26,1,10724.720000000001,4,1,1,6,New Customers
C106256,348,1,67329.72,1,1,4,6,Hibernating
C106257,227,5,123287.294,2,4,5,11,Cannot Lose Them
C106258,306,3,46477.689,1,3,3,7,At Risk
C106259,34,5,114113.935,4,4,5,13,Champions
C106260,47,4,76296.569,4,4,4,12,Champions
C106261,16,4,115112.051,5,4,5,14,Champions
C106262,110,2,49314.503,3,3,3,9,Loyal Customers
C106263,239,1,36199.6,2,1,2,5,Lost
C106264,198,1,52373.340000000004,2,1,3,6,Hibernating
C106266,0,7,104320.413,5,5,4,14,Champions
C106267,98,5,64118.154500000004,3,4,4,11,Loyal Customers
C106268,208,5,145732.7875,2,4,5,11,Cannot Lose Them
C106269,36,1,76643.85,4,1,4,9,New Customers
C106270,522,1,9932.199999999999,1,1,1,3,Lost
C106271,29,1,38623.31,4,1,3,8,New Customers
C106273,66,5,78360.595,3,4,4,11,Loyal Customers
C106274,621,1,22593.501000000004,1,1,2,4,Lost
C106275,150,1,17242.353,2,1,1,4,Lost
C106276,175,3,20617.932,2,3,2,7,At Risk
C106277,2,4,48554.542,5,4,3,12,Loyal Customers
C106278,54,2,89589.15299999999,4,3,4,11,Loyal Customers
C106279,606,1,25802.79,1,1,2,4,Lost
C106280,22,1,29924.6,4,1,2,7,New Customers
C106282,176,3,103404.985,2,3,4,9,At Risk
C106284,63,5,124321.7905,3,4,5,12,Loyal Customers
C106285,860,1,34527.024000000005,1,1,2,4,Lost
C106286,1,7,182299.04,5,5,5,15,Champions
C106287,8,13,294977.379,5,5,5,15,Champions
C106288,7,1,20376.560000000005,5,1,2,8,New Customers
C106289,92,2,47953.94,3,3,3,9,Loyal Customers
C106293,11,5,85506.7695,5,4,4,13,Champions
C106294,36,4,100626.60949999999,4,4,4,12,Champions
C106296,175,1,23679.780000000002,2,1,2,5,Lost
C106297,2,3,63873.53049999999,5,3,4,12,Loyal Customers
C106298,79,2,7799.764499999999,3,3,1,7,Loyal Customers
C106299,370,2,72869.2,1,3,4,8,At Risk
C106301,174,5,78097.249,2,4,4,10,Cannot Lose Them
C106303,24,2,62777.153,4,3,3,10,Loyal Customers
C106304,104,1,16208.68,3,1,1,5,Hibernating
C106306,340,3,37018.9205,1,3,2,6,At Risk
C106307,27,5,169642.194,4,4,5,13,Champions
C106309,701,1,382.65999999999997,1,1,1,3,Lost
C106310,21,2,38546.75,4,3,3,10,Loyal Customers
C106312,116,4,121588.9275,3,4,5,12,Loyal Customers
C106313,237,5,51472.422000000006,2,4,3,9,At Risk
C106314,0,7,245740.823,5,5,5,15,Champions
C106316,19,1,15531.69,5,1,1,7,New Customers
C106317,351,1,25107.53,1,1,2,4,Lost
C106318,38,8,122197.33,4,5,5,14,Champions
C106319,244,1,12978.62,2,1,1,4,Lost
C106320,682,1,15214.51,1,1,1,3,Lost
C106321,19,6,109252.843,5,5,5,15,Champions
C106322,18,2,40811.44500000001,5,3,3,11,Loyal Customers
C106324,179,1,1263.1509999999998,2,1,1,4,Lost
C106325,212,3,100746.554,2,3,4,9,At Risk
C106326,79,3,71050.033,3,3,4,10,Loyal Customers
C106327,304,1,35888.832,1,1,2,4,Lost
C106329,665,1,19729.143,1,1,2,4,Lost
C106330,3,4,58999.064,5,4,3,12,Loyal Customers
C106331,16,8,99143.7605,5,5,4,14,Champions
C106334,229,2,39959.0065,2,3,3,8,At Risk
C106335,153,2,35654.2015,2,3,2,7,At Risk
C106337,612,1,19309.109999999997,1,1,2,4,Lost
C106338,80,14,321650.3175,3,5,5,13,Loyal Customers
C106339,1,2,87850.98,5,3,4,12,Loyal Customers
C106341,195,3,49497.09,2,3,3,8,At Risk
C106344,403,1,74558.979,1,1,4,6,Hibernating
C106345,743,1,4949.0485,1,1,1,3,Lost
C106346,10,8,169137.76,5,5,5,15,Champions
C106347,178,3,45943.276,2,3,3,8,At Risk
C106348,181,1,40041.72,2,1,3,6,Hibernating
C106349,-1,8,147092.4675,5,5,5,15,Champions
C106350,-1,1,9151.97,5,1,1,7,New Customers
C106352,5,2,54259.0975,5,3,3,11,Loyal Customers
C106353,35,11,177485.372,4,5,5,14,Champions
C106355,538,1,35045.4,1,1,2,4,Lost
C106356,89,1,30253.19,3,1,2,6,Hibernating
C106357,42,5,75593.282,4,4,4,12,Champions
C106359,19,1,29716.899999999998,5,1,2,8,New Customers
C106360,4,3,52358.832500000004,5,3,3,11,Loyal Customers
C106361,63,2,26763.940000000002,3,3,2,8,Loyal Customers
C106362,26,3,24487.715,4,3,2,9,Loyal Customers
C106363,173,2,97035.32999999999,2,3,4,9,At Risk
C106369,201,1,32687.5,2,1,2,5,Lost
C106370,194,4,60248.752,2,4,3,9,At Risk
C106371,29,6,103069.54950000001,4,5,4,13,Champions
C106372,173,1,5069.06,2,1,1,4,Lost
C106373,2,5,121687.4725,5,4,5,14,Champions
C106374,217,3,22098.4345,2,3,2,7,At Risk
C106375,11,7,52050.991,5,5,3,13,Loyal Customers
C106377,674,2,21725.777,1,3,2,6,At Risk
C106378,18,4,133181.8135,5,4,5,14,Champions
C106381,229,1,5017.87,2,1,1,4,Lost
C106382,406,4,70798.2225,1,4,4,9,Cannot Lose Them
C106384,169,1,6271.0960000000005,2,1,1,4,Lost
C106385,96,4,136780.217,3,4,5,12,Loyal Customers
C106386,343,2,69296.182,1,3,4,8,At Risk
C106387,36,8,90274.725,4,5,4,13,Champions
C106389,899,1,11590.596000000001,1,1,1,3,Lost
C106390,311,1,12024.333,1,1,1,3,Lost
C106391,98,1,15107.32,3,1,1,5,Hibernating
C106392,-1,2,61646.3805,5,3,3,11,Loyal Customers
C106393,37,11,206123.302,4,5,5,14,Champions
C106394,823,1,24102.379999999997,1,1,2,4,Lost
C106396,70,1,6179.626499999999,3,1,1,5,Hibernating
C106398,105,4,73570.4705,3,4,4,11,Loyal Customers
C106399,128,4,75205.989,3,4,4,11,Loyal Customers
C106400,26,3,31791.161,4,3,2,9,Loyal Customers
C106401,92,5,80115.88,3,4,4,11,Loyal Customers
C106402,142,2,79769.66,2,3,4,9,At Risk
C106403,24,5,80979.5975,4,4,4,12,Champions
C106404,76,4,91940.74200000001,3,4,4,11,Loyal Customers
C106405,411,1,20938.01,1,1,2,4,Lost
C106406,10,5,85415.651,5,4,4,13,Champions
C106407,370,2,39713.815,1,3,3,7,At Risk
C106408,302,1,24595.62,1,1,2,4,Lost
C106409,9,6,129013.00899999999,5,5,5,15,Champions
C106410,506,1,5770.09,1,1,1,3,Lost
C106411,288,3,26145.323,2,3,2,7,At Risk
C106412,309,1,17996.8035,1,1,1,3,Lost
C106413,146,6,130778.276,2,5,5,12,Cannot Lose Them
C106415,77,1,21229.95,3,1,2,6,Hibernating
C106416,269,1,52530.36,2,1,3,6,Hibernating
C106417,170,2,51277.342000000004,2,3,3,8,At Risk
C106418,95,1,19862.260000000002,3,1,2,6,Hibernating
C106419,26,5,73494.59,4,4,4,12,Champions
C106420,87,1,22508.862999999998,3,1,2,6,Hibernating
C106421,300,2,14190.5235,1,3,1,5,At Risk
C106422,117,4,38874.126000000004,3,4,3,10,Loyal Customers
C106423,558,2,66024.2705,1,3,4,8,At Risk
C106425,382,1,31704.620000000003,1,1,2,4,Lost
C106426,51,3,90610.73550000001,4,3,4,11,Loyal Customers
C106427,56,4,110294.01000000001,4,4,5,13,Champions
C106428,2,7,219255.71000000002,5,5,5,15,Champions
C106430,25,4,93572.6795,4,4,4,12,Champions
C106432,323,1,18672.07,1,1,2,4,Lost
C106433,100,3,40471.936,3,3,3,9,Loyal Customers
C106436,15,2,6329.93,5,3,1,9,Loyal Customers
C106437,14,2,21985.523,5,3,2,10,Loyal Customers
C106438,-1,1,17918.519999999997,5,1,1,7,New Customers
C106439,863,1,12364.7725,1,1,1,3,Lost
C106440,6,1,9419.14,5,1,1,7,New Customers
C106441,86,6,83054.57149999999,3,5,4,12,Loyal Customers
C106442,441,1,23014.339,1,1,2,4,Lost
C106444,249,1,26725.23,2,1,2,5,Lost
C106445,183,3,90618.04000000001,2,3,4,9,At Risk
C106446,28,3,87939.285,4,3,4,11,Loyal Customers
C106447,100,3,50780.553499999995,3,3,3,9,Loyal Customers
C106448,240,2,55737.25,2,3,3,8,At Risk
C106449,50,1,33504.516,4,1,2,7,New Customers
C106450,341,1,15137.37,1,1,1,3,Lost
C106452,19,1,17414.72,5,1,1,7,New Customers
C106454,21,3,23338.103499999997,4,3,2,9,Loyal Customers
C106456,81,1,15313.472499999998,3,1,1,5,Hibernating
C106457,3,4,67129.9485,5,4,4,13,Champions
C106458,12,4,15224.677,5,4,1,10,Loyal Customers
C106459,14,3,80553.646,5,3,4,12,Loyal Customers
C106460,220,2,37821.653,2,3,3,8,At Risk
C106461,192,2,31961.022,2,3,2,7,At Risk
C106462,59,5,100048.8115,4,4,4,12,Champions
C106468,4,2,50759.810000000005,5,3,3,11,Loyal Customers
C106470,0,12,277942.1105,5,5,5,15,Champions
C106471,283,3,68983.2175,2,3,4,9,At Risk
C106472,27,13,252821.3215,4,5,5,14,Champions
C106474,11,5,65273.628000000004,5,4,4,13,Champions
C106475,18,6,131922.736,5,5,5,15,Champions
C106476,182,4,89637.49,2,4,4,10,Cannot Lose Them
C106477,154,4,65453.687,2,4,4,10,Cannot Lose Them
C106478,170,2,42679.0265,2,3,3,8,At Risk
C106482,13,5,90770.20449999999,5,4,4,13,Champions
C106485,71,2,40778.628,3,3,3,9,Loyal Customers
C106487,10,11,264769.68,5,5,5,15,Champions
C106488,20,3,56819.156,5,3,3,11,Loyal Customers
C106489,278,1,32319.410000000003,2,1,2,5,Lost
C106491,-1,5,86516.07,5,4,4,13,Champions
C106492,81,13,281439.8415,3,5,5,13,Loyal Customers
C106493,201,6,130578.739,2,5,5,12,Cannot Lose Them
C106494,489,2,35110.227999999996,1,3,2,6,At Risk
C106496,164,1,5211.52,2,1,1,4,Lost
C106497,16,4,141897.587,5,4,5,14,Champions
C106499,77,1,15598.91,3,1,1,5,Hibernating
C106500,648,2,6172.112999999999,1,3,1,5,At Risk
C106501,51,3,28369.66,4,3,2,9,Loyal Customers
C106503,89,3,73797.081,3,3,4,10,Loyal Customers
C106505,223,1,17432.955,2,1,1,4,Lost
C106506,126,2,44903.1,3,3,3,9,Loyal Customers
C106507,1,2,50576.327,5,3,3,11,Loyal Customers
C106508,66,4,35248.481999999996,3,4,2,9,Loyal Customers
C106509,27,7,148021.736,4,5,5,14,Champions
C106511,14,2,34390.567,5,3,2,10,Loyal Customers
C106512,53,3,16334.184,4,3,1,8,Loyal Customers
C106513,436,2,21361.3995,1,3,2,6,At Risk
C106514,376,1,3619.86,1,1,1,3,Lost
C106516,309,2,77771.1065,1,3,4,8,At Risk
C106517,160,1,37674.966499999995,2,1,3,6,Hibernating
C106518,234,2,44944.25,2,3,3,8,At Risk
C106519,204,4,95413.17300000001,2,4,4,10,Cannot Lose Them
C106521,70,5,147670.3125,3,4,5,12,Loyal Customers
C106522,48,1,14082.817,4,1,1,6,New Customers
C106523,758,1,19705.0995,1,1,2,4,Lost
C106526,155,1,5083.68,2,1,1,4,Lost
C106527,4,2,36728.314,5,3,2,10,Loyal Customers
C106529,67,5,94425.54000000001,3,4,4,11,Loyal Customers
C106530,108,2,31447.760000000002,3,3,2,8,Loyal Customers
C106531,43,5,81396.821,4,4,4,12,Champions
C106532,19,1,10817.19,5,1,1,7,New Customers
C106533,297,1,15041.582999999999,1,1,1,3,Lost
C106534,69,1,15313.61,3,1,1,5,Hibernating
C106536,165,7,173779.2425,2,5,5,12,Cannot Lose Them
C106537,-1,8,197708.6965,5,5,5,15,Champions
C106539,668,1,13825.349999999999,1,1,1,3,Lost
C106540,106,4,73285.72200000001,3,4,4,11,Loyal Customers
C106542,38,2,46867.37,4,3,3,10,Loyal Customers
C106544,326,1,17969.63,1,1,1,3,Lost
C106545,256,2,17515.809999999998,2,3,1,6,At Risk
C106546,6,1,4382.307,5,1,1,7,New Customers
C106547,319,1,49554.432,1,1,3,5,Hibernating
C106549,17,4,95146.159,5,4,4,13,Champions
C106550,154,5,236117.0915,2,4,5,11,Cannot Lose Them
C106554,84,2,41102.325000000004,3,3,3,9,Loyal Customers
C106555,50,1,6395.831999999999,4,1,1,6,New Customers
C106557,149,4,42578.9145,2,4,3,9,At Risk
C106558,359,2,22059.575,1,3,2,6,At Risk
C106560,9,8,95612.89,5,5,4,14,Champions
C106561,0,2,23539.6,5,3,2,10,Loyal Customers
C106562,495,1,12835.2,1,1,1,3,Lost
C106563,5,4,72490.092,5,4,4,13,Champions
C106564,8,1,5213.040000000001,5,1,1,7,New Customers
C106565,4,4,146683.7495,5,4,5,14,Champions
C106567,5,1,3219.0274999999997,5,1,1,7,New Customers
C106570,404,2,60881.89,1,3,3,7,At Risk
C106571,31,9,105149.048,4,5,4,13,Champions
C106572,-1,5,252535.883,5,4,5,14,Champions
C106575,18,5,92858.23849999999,5,4,4,13,Champions
C106576,112,1,18369.25,3,1,2,6,Hibernating
C106578,176,5,107190.826,2,4,4,10,Cannot Lose Them
C106579,7,5,100613.3785,5,4,4,13,Champions
C106580,8,4,44578.939,5,4,3,12,Loyal Customers
C106581,194,2,16745.184,2,3,1,6,At Risk
C106583,-1,7,109163.2705,5,5,5,15,Champions
C106584,0,8,105245.4025,5,5,4,14,Champions
C106585,68,16,388087.624,3,5,5,13,Loyal Customers
C106586,49,2,18537.616,4,3,2,9,Loyal Customers
C106587,257,1,507.11,2,1,1,4,Lost
C106591,22,13,328212.0515,4,5,5,14,Champions
C106594,51,4,99932.748,4,4,4,12,Champions
C106595,83,2,18815.947,3,3,2,8,Loyal Customers
C106597,66,3,50600.020000000004,3,3,3,9,Loyal Customers
C106598,264,2,47416.022,2,3,3,8,At Risk
C106599,49,1,79763.67,4,1,4,9,New Customers
C106600,35,5,122488.0915,4,4,5,13,Champions
C106601,364,1,18782.77,1,1,2,4,Lost
C106602,35,7,181445.6745,4,5,5,14,Champions
C106603,247,4,97602.1985,2,4,4,10,Cannot Lose Them
C106604,319,2,58168.556,1,3,3,7,At Risk
C106605,363,1,8967.0405,1,1,1,3,Lost
C106608,-1,3,31281.6775,5,3,2,10,Loyal Customers
C106609,242,1,173.25,2,1,1,4,Lost
C106611,601,1,18443.89,1,1,2,4,Lost
C106613,185,4,66911.97350000001,2,4,4,10,Cannot Lose Them
C106614,33,4,120249.387,4,4,5,13,Champions
C106615,77,1,27681.2,3,1,2,6,Hibernating
C106618,901,1,17645.202,1,1,1,3,Lost
C106620,105,1,31024.432,3,1,2,6,Hibernating
C106621,65,2,21676.2365,3,3,2,8,Loyal Customers
C106622,125,1,17142.29,3,1,1,5,Hibernating
C106623,9,4,57332.543000000005,5,4,3,12,Loyal Customers
C106624,59,4,81795.47,4,4,4,12,Champions
C106626,24,2,19982.802000000003,4,3,2,9,Loyal Customers
C106627,0,10,143492.155,5,5,5,15,Champions
C106628,23,4,92385.779,4,4,4,12,Champions
C106629,95,5,53953.314999999995,3,4,3,10,Loyal Customers
C106631,138,2,47447.746,3,3,3,9,Loyal Customers
C106633,29,1,16345.85,4,1,1,6,New Customers
C106634,5,16,398130.998,5,5,5,15,Champions
C106638,250,1,41935.11,2,1,3,6,Hibernating
C106639,16,3,33129.438500000004,5,3,2,10,Loyal Customers
C106640,140,1,12886.91,2,1,1,4,Lost
C106641,589,1,41591.087999999996,1,1,3,5,Hibernating
C106642,46,3,52940.8055,4,3,3,10,Loyal Customers
C106644,17,6,112487.0345,5,5,5,15,Champions
C106645,210,3,72951.643,2,3,4,9,At Risk
C106646,6,2,48181.94,5,3,3,11,Loyal Customers
C106647,22,14,464261.3005,4,5,5,14,Champions
C106648,251,1,17671.551,2,1,1,4,Lost
C106649,360,2,20728.88,1,3,2,6,At Risk
C106650,173,5,96382.946,2,4,4,10,Cannot Lose Them
C106651,2,5,93805.073,5,4,4,13,Champions
C106652,30,3,92320.5245,4,3,4,11,Loyal Customers
C106654,535,1,5336.946,1,1,1,3,Lost
C106655,6,7,175756.184,5,5,5,15,Champions
C106657,27,3,68666.533,4,3,4,11,Loyal Customers
C106659,277,3,95349.424,2,3,4,9,At Risk
C106661,456,6,142640.194,1,5,5,11,Cannot Lose Them
C106662,166,7,196662.9825,2,5,5,12,Cannot Lose Them
C106663,2,2,80099.765,5,3,4,12,Loyal Customers
C106665,187,2,19161.506,2,3,2,7,At Risk
C106667,171,2,44783.896,2,3,3,8,At Risk
C106669,66,1,4133.424,3,1,1,5,Hibernating
C106670,62,1,16726.73,4,1,1,6,New Customers
C106671,19,4,35297.3575,5,4,2,11,Loyal Customers
C106672,83,3,50679.7435,3,3,3,9,Loyal Customers
C106673,137,16,314244.879,3,5,5,13,Loyal Customers
C106674,30,1,7959.16,4,1,1,6,New Customers
C106676,2,1,40570.63,5,1,3,9,New Customers
C106678,2,1,16025.169,5,1,1,7,New Customers
C106680,-1,2,25553.877,5,3,2,10,Loyal Customers
C106682,89,4,101846.44200000001,3,4,4,11,Loyal Customers
C106683,5,2,18471.4015,5,3,2,10,Loyal Customers
C106684,51,1,22553.824,4,1,2,7,New Customers
C106685,9,7,152699.7825,5,5,5,15,Champions
C106690,68,4,108388.468,3,4,5,12,Loyal Customers
C106692,45,3,53751.727,4,3,3,10,Loyal Customers
C106694,350,2,4683.61,1,3,1,5,At Risk
C106695,183,9,230188.581,2,5,5,12,Cannot Lose Them
C106696,20,6,83271.0215,5,5,4,14,Champions
C106698,203,5,134818.299,2,4,5,11,Cannot Lose Them
C106700,525,1,9601.57,1,1,1,3,Lost
C106701,17,6,87941.648,5,5,4,14,Champions
C106702,209,4,110368.92599999999,2,4,5,11,Cannot Lose Them
C106704,81,2,31179.832000000002,3,3,2,8,Loyal Customers
C106705,14,11,243682.88,5,5,5,15,Champions
C106706,114,3,83585.12599999999,3,3,4,10,Loyal Customers
C106707,109,2,27951.0535,3,3,2,8,Loyal Customers
C106708,98,1,25762.24,3,1,2,6,Hibernating
C106710,540,1,28163.75,1,1,2,4,Lost
C106711,193,3,68200.10100000001,2,3,4,9,At Risk
C106712,175,1,9718.9765,2,1,1,4,Lost
C106713,253,1,19132.36,2,1,2,5,Lost
C106714,313,2,29916.160000000003,1,3,2,6,At Risk
C106715,57,7,168862.9955,4,5,5,14,Champions
C106716,43,1,60134.26000000001,4,1,3,8,New Customers
C106717,288,2,20275.7485,2,3,2,7,At Risk
C106718,8,4,93853.68100000001,5,4,4,13,Champions
C106720,22,3,100031.3245,4,3,4,11,Loyal Customers
C106724,12,2,31383.375999999997,5,3,2,10,Loyal Customers
C106726,336,2,51192.202000000005,1,3,3,7,At Risk
C106727,55,1,48957.246,4,1,3,8,New Customers
C106730,47,5,116546.22,4,4,5,13,Champions
C106733,18,6,129836.5565,5,5,5,15,Champions
C106734,274,1,43990.01,2,1,3,6,Hibernating
C106735,80,4,94894.45,3,4,4,11,Loyal Customers
C106736,6,1,4502.64,5,1,1,7,New Customers
C106737,223,4,164779.102,2,4,5,11,Cannot Lose Them
C106739,25,3,63054.6815,4,3,3,10,Loyal Customers
C106742,4,4,115920.01800000001,5,4,5,14,Champions
C106745,19,2,36307.937,5,3,2,10,Loyal Customers
C106746,56,2,35133.25,4,3,2,9,Loyal Customers
C106747,20,3,90355.162,5,3,4,12,Loyal Customers
C106748,331,1,13389.34,1,1,1,3,Lost
C106749,119,1,20728.316,3,1,2,6,Hibernating
C106750,100,2,50574.7605,3,3,3,9,Loyal Customers
C106751,0,6,111906.5685,5,5,5,15,Champions
C106752,248,3,27544.204,2,3,2,7,At Risk
C106754,84,1,54436.78800000001,3,1,3,7,Potential Loyalists
C106755,355,3,27037.271500000003,1,3,2,6,At Risk
C106757,115,2,28268.2,3,3,2,8,Loyal Customers
C106758,191,2,29439.22,2,3,2,7,At Risk
C106759,106,2,59737.3,3,3,3,9,Loyal Customers
C106760,74,1,58404.93000000001,3,1,3,7,Potential Loyalists
C106761,463,3,26335.027000000002,1,3,2,6,At Risk
C106763,923,1,3008.8305,1,1,1,3,Lost
C106764,15,4,49680.33700000001,5,4,3,12,Loyal Customers
C106765,54,2,43933.4375,4,3,3,10,Loyal Customers
C106767,552,1,39667.426,1,1,3,5,Hibernating
C106768,176,5,61549.178,2,4,3,9,At Risk
C106771,105,1,14251.151,3,1,1,5,Hibernating
C106774,58,5,109136.23999999999,4,4,5,13,Champions
C106776,98,4,99451.716,3,4,4,11,Loyal Customers
C106777,284,1,7078.92,2,1,1,4,Lost
C106778,28,3,94142.46,4,3,4,11,Loyal Customers
C106779,14,8,137075.1475,5,5,5,15,Champions
C106780,30,2,64654.422,4,3,4,11,Loyal Customers
C106781,-1,2,18128.707000000002,5,3,1,9,Loyal Customers
C106783,24,2,33879.796,4,3,2,9,Loyal Customers
C106784,73,1,5330.26,3,1,1,5,Hibernating
C106785,62,12,271867.7985,4,5,5,14,Champions
C106786,1027,1,20643.5285,1,1,2,4,Lost
C106788,1,5,47743.964,5,4,3,12,Loyal Customers
C106789,459,1,29373.46,1,1,2,4,Lost
C106792,24,1,18058.46,4,1,1,6,New Customers
C106793,175,6,56627.9215,2,5,3,10,At Risk
C106794,1,9,160174.0475,5,5,5,15,Champions
C106796,2,2,67422.52,5,3,4,12,Loyal Customers
C106797,90,2,76198.8235,3,3,4,10,Loyal Customers
C106798,2,3,52287.818,5,3,3,11,Loyal Customers
C106800,49,5,49514.1675,4,4,3,11,Loyal Customers
C106801,8,1,23242.707,5,1,2,8,New Customers
C106805,66,7,158086.12,3,5,5,13,Loyal Customers
C106806,0,11,308790.142,5,5,5,15,Champions
C106807,24,5,97360.368,4,4,4,12,Champions
C106808,528,1,2041.0400000000002,1,1,1,3,Lost
C106809,-1,2,74142.458,5,3,4,12,Loyal Customers
C106810,88,2,23306.584000000003,3,3,2,8,Loyal Customers
C106811,77,1,19851.3995,3,1,2,6,Hibernating
C106813,37,1,37433.4675,4,1,3,8,New Customers
C106815,11,5,139766.7205,5,4,5,14,Champions
C106816,637,3,68799.804,1,3,4,8,At Risk
C106818,76,1,28406.68,3,1,2,6,Hibernating
C106820,13,2,61755.768000000004,5,3,3,11,Loyal Customers
C106821,179,1,13802.41,2,1,1,4,Lost
C106822,130,5,114822.295,3,4,5,12,Loyal Customers
C106823,75,2,36619.627,3,3,2,8,Loyal Customers
C106824,267,1,66188.02,2,1,4,7,Hibernating
C106828,161,2,37253.3495,2,3,2,7,At Risk
C106830,309,1,22458.911999999997,1,1,2,4,Lost
C106833,201,2,45625.458,2,3,3,8,At Risk
C106835,107,1,31920.870000000003,3,1,2,6,Hibernating
C106836,669,1,46365.96,1,1,3,5,Hibernating
C106837,110,6,102800.4065,3,5,4,12,Loyal Customers
C106838,106,3,50127.479,3,3,3,9,Loyal Customers
C106839,308,1,1712.8095,1,1,1,3,Lost
C106840,11,1,26476.765999999996,5,1,2,8,New Customers
C106841,864,1,29312.624000000003,1,1,2,4,Lost
C106842,64,1,12236.76,3,1,1,5,Hibernating
C106844,404,2,30499.672,1,3,2,6,At Risk
C106845,7,4,49507.618,5,4,3,12,Loyal Customers
C106848,155,4,74806.8125,2,4,4,10,Cannot Lose Them
C106849,0,6,94225.29149999999,5,5,4,14,Champions
C106852,189,3,69411.509,2,3,4,9,At Risk
C106853,142,3,56930.926999999996,2,3,3,8,At Risk
C106854,184,1,31993.263,2,1,2,5,Lost
C106855,115,4,153298.932,3,4,5,12,Loyal Customers
C106856,54,3,59136.467,4,3,3,10,Loyal Customers
C106857,134,3,87473.10800000001,3,3,4,10,Loyal Customers
C106859,6,4,101353.2695,5,4,4,13,Champions
C106865,185,2,43899.9125,2,3,3,8,At Risk
C106866,-1,11,217790.9765,5,5,5,15,Champions
C106867,-1,5,78692.334,5,4,4,13,Champions
C106868,4,5,156037.37,5,4,5,14,Champions
C106869,400,1,19675.877500000002,1,1,2,4,Lost
C106870,97,6,136662.2235,3,5,5,13,Loyal Customers
C106872,415,5,111946.639,1,4,5,10,Cannot Lose Them
C106873,462,1,37604.67,1,1,3,5,Hibernating
C106874,698,1,4755.035,1,1,1,3,Lost
C106876,464,1,18265.92,1,1,2,4,Lost
C106877,160,1,9074.286000000002,2,1,1,4,Lost
C106878,29,3,68867.7935,4,3,4,11,Loyal Customers
C106879,167,5,82977.523,2,4,4,10,Cannot Lose Them
C106882,56,2,59374.532999999996,4,3,3,10,Loyal Customers
C106883,6,2,17889.3835,5,3,1,9,Loyal Customers
C106884,42,8,152149.5025,4,5,5,14,Champions
C106885,82,8,120376.3945,3,5,5,13,Loyal Customers
C106886,248,1,2277.3875,2,1,1,4,Lost
C106888,33,9,177603.642,4,5,5,14,Champions
C106889,25,6,124209.912,4,5,5,14,Champions
C106890,379,2,88453.45,1,3,4,8,At Risk
C106891,368,1,7281.04,1,1,1,3,Lost
C106892,42,1,5840.51,4,1,1,6,New Customers
C106894,11,10,229536.6815,5,5,5,15,Champions
C106895,69,4,48867.0915,3,4,3,10,Loyal Customers
C106896,23,4,70280.538,4,4,4,12,Champions
C106897,37,1,23980.6695,4,1,2,7,New Customers
C106898,29,2,16671.0685,4,3,1,8,Loyal Customers
C106900,481,1,12907.336000000001,1,1,1,3,Lost
C106901,48,1,5815.21,4,1,1,6,New Customers
C106902,21,3,73367.769,4,3,4,11,Loyal Customers
C106903,158,3,29665.7105,2,3,2,7,At Risk
C106904,3,5,169120.4725,5,4,5,14,Champions
C106905,198,2,46013.3,2,3,3,8,At Risk
C106908,67,3,52565.065,3,3,3,9,Loyal Customers
C106909,46,1,52370.88,4,1,3,8,New Customers
C106910,584,2,31595.060499999996,1,3,2,6,At Risk
C106911,4,5,117614.893,5,4,5,14,Champions
C106912,72,3,36670.01,3,3,2,8,Loyal Customers
C106915,382,1,24055.995,1,1,2,4,Lost
C106916,32,3,22446.398,4,3,2,9,Loyal Customers
C106917,580,1,17658.888000000003,1,1,1,3,Lost
C106919,3,9,177258.67250000002,5,5,5,15,Champions
C106920,59,3,44540.81,4,3,3,10,Loyal Customers
C106921,64,3,27070.074,3,3,2,8,Loyal Customers
C106923,42,1,13248.538499999999,4,1,1,6,New Customers
C106924,154,2,23201.9695,2,3,2,7,At Risk
C106925,0,1,15179.29,5,1,1,7,New Customers
C106926,95,1,11741.01,3,1,1,5,Hibernating
C106927,46,1,16435.77,4,1,1,6,New Customers
C106928,117,1,58743.3545,3,1,3,7,Potential Loyalists
C106929,876,2,11951.27,1,3,1,5,At Risk
C106930,49,1,40140.42,4,1,3,8,New Customers
C106931,12,2,8225.751,5,3,1,9,Loyal Customers
C106932,67,3,48822.9145,3,3,3,9,Loyal Customers
C106933,72,1,20501.46,3,1,2,6,Hibernating
C106934,121,9,257170.463,3,5,5,13,Loyal Customers
C106935,13,7,113602.088,5,5,5,15,Champions
C106936,207,2,53203.07,2,3,3,8,At Risk
C106937,211,3,67605.15000000001,2,3,4,9,At Risk
C106939,159,5,96910.382,2,4,4,10,Cannot Lose Them
C106940,87,3,111067.179,3,3,5,11,Loyal Customers
C106941,368,2,103597.22,1,3,4,8,At Risk
C106944,454,2,100001.45,1,3,4,8,At Risk
C106945,24,5,105321.4575,4,4,4,12,Champions
C106947,244,1,15749.86,2,1,1,4,Lost
C106948,10,7,136303.5135,5,5,5,15,Champions
C106951,105,4,114954.1795,3,4,5,12,Loyal Customers
C106953,0,2,54932.616,5,3,3,11,Loyal Customers
C106954,112,2,56589.400499999996,3,3,3,9,Loyal Customers
C106955,19,4,103849.12700000001,5,4,4,13,Champions
C106956,173,2,49555.2985,2,3,3,8,At Risk
C106959,310,2,42382.31,1,3,3,7,At Risk
C106960,112,1,4577.0545,3,1,1,5,Hibernating
C106961,71,4,89833.5995,3,4,4,11,Loyal Customers
C106963,613,1,16561.050000000003,1,1,1,3,Lost
C106964,624,1,11268.64,1,1,1,3,Lost
C106965,566,2,28819.5815,1,3,2,6,At Risk
C106967,340,8,168177.261,1,5,5,11,Cannot Lose Them
C106968,8,1,24195.046000000002,5,1,2,8,New Customers
C106969,174,1,40198.48,2,1,3,6,Hibernating
C106970,601,3,57278.748,1,3,3,7,At Risk
C106971,13,1,7190.37,5,1,1,7,New Customers
C106972,131,4,182418.9555,3,4,5,12,Loyal Customers
C106973,419,1,12781.9345,1,1,1,3,Lost
C106974,114,5,122158.49,3,4,5,12,Loyal Customers
C106975,56,5,80490.4835,4,4,4,12,Champions
C106976,7,9,221523.50600000002,5,5,5,15,Champions
C106978,304,2,35530.56,1,3,2,6,At Risk
C106979,527,2,30083.040999999997,1,3,2,6,At Risk
C106980,497,1,11070.4085,1,1,1,3,Lost
C106981,501,1,8603.56,1,1,1,3,Lost
C106982,115,1,25240.36,3,1,2,6,Hibernating
C106983,49,3,31380.38,4,3,2,9,Loyal Customers
C106984,473,2,25033.4005,1,3,2,6,At Risk
C106985,479,1,43405.595,1,1,3,5,Hibernating
C106986,5,1,9187.038,5,1,1,7,New Customers
C106987,-1,5,70111.56,5,4,4,13,Champions
C106988,137,2,22990.088000000003,3,3,2,8,Loyal Customers
C106989,39,8,182801.192,4,5,5,14,Champions
C106990,45,3,54132.8415,4,3,3,10,Loyal Customers
C106992,193,1,10440.198,2,1,1,4,Lost
C106993,10,3,25901.953999999998,5,3,2,10,Loyal Customers
C106994,215,5,82806.9335,2,4,4,10,Cannot Lose Them
C106995,190,2,8871.57,2,3,1,6,At Risk
C106996,291,1,10863.96,1,1,1,3,Lost
C106997,374,2,38776.4815,1,3,3,7,At Risk
C106999,70,2,29312.192,3,3,2,8,Loyal Customers
C107001,528,1,39432.894499999995,1,1,3,5,Hibernating
C107002,317,2,59028.069,1,3,3,7,At Risk
C107003,63,2,77136.045,3,3,4,10,Loyal Customers
C107004,350,3,79621.55,1,3,4,8,At Risk
C107005,20,3,73601.91,5,3,4,12,Loyal Customers
C107006,143,3,31230.308,2,3,2,7,At Risk
C107007,98,4,75288.6795,3,4,4,11,Loyal Customers
C107008,32,3,36372.697,4,3,2,9,Loyal Customers
C107009,26,9,112380.751,4,5,5,14,Champions
C107010,183,3,88546.9405,2,3,4,9,At Risk
C107012,84,1,38630.46,3,1,3,7,Potential Loyalists
C107015,141,2,33505.084,2,3,2,7,At Risk
C107017,188,4,37070.866,2,4,2,8,At Risk
C107018,8,3,75398.4915,5,3,4,12,Loyal Customers
C107019,22,1,28075.75,4,1,2,7,New Customers
C107021,426,1,14657.13,1,1,1,3,Lost
C107022,22,1,54061.57,4,1,3,8,New Customers
C107026,16,1,14057.9035,5,1,1,7,New Customers
C107028,31,1,11662.56,4,1,1,6,New Customers
C107029,15,1,11246.68,5,1,1,7,New Customers
C107030,340,1,9068.757,1,1,1,3,Lost
C107033,2,4,51755.358,5,4,3,12,Loyal Customers
C107034,259,1,46919.388499999994,2,1,3,6,Hibernating
C107036,159,1,38473.824,2,1,3,6,Hibernating
C107039,6,4,102016.082,5,4,4,13,Champions
C107040,17,5,129683.9625,5,4,5,14,Champions
C107042,706,4,40649.511,1,4,3,8,At Risk
C107043,274,2,50993.4065,2,3,3,8,At Risk
C107044,171,1,20023.8,2,1,2,5,Lost
C107045,276,2,33410.479,2,3,2,7,At Risk
C107046,27,5,123024.166,4,5,5,14,Champions
C107047,187,3,61532.047,2,3,3,8,At Risk
C107048,313,1,2427.787,1,1,1,3,Lost
C107051,121,5,70906.492,3,5,4,12,Loyal Customers
C107052,63,7,88675.73550000001,3,5,4,12,Loyal Customers
C107057,38,8,127399.5845,4,5,5,14,Champions
C107059,219,3,40572.316,2,3,3,8,At Risk
C107065,19,9,297399.271,5,5,5,15,Champions
C107066,18,2,30187.3235,5,3,2,10,Loyal Customers
C107067,674,1,17370.171,1,1,1,3,Lost
C107069,79,2,41260.869999999995,3,3,3,9,Loyal Customers
C107070,320,2,25722.428,1,3,2,6,At Risk
C107071,9,13,319503.585,5,5,5,15,Champions
C107072,66,3,62645.068,3,3,3,9,Loyal Customers
C107073,57,4,100705.23150000001,4,4,4,12,Champions
C107075,86,4,135694.6965,3,4,5,12,Loyal Customers
C107076,328,1,14994.323,1,1,1,3,Lost
C107077,70,1,13942.460000000001,3,1,1,5,Hibernating
C107079,97,2,56623.1075,3,3,3,9,Loyal Customers
C107081,48,1,10921.03,4,1,1,6,New Customers
C107085,1,6,140222.1915,5,5,5,15,Champions
C107086,14,4,44575.964,5,4,3,12,Loyal Customers
C107089,277,1,75695.951,2,1,4,7,Hibernating
C107090,16,2,19032.9145,5,3,2,10,Loyal Customers
C107091,80,9,141991.298,3,5,5,13,Loyal Customers
C107092,351,2,40629.52,1,3,3,7,At Risk
C107093,106,3,16949.0475,3,3,1,7,Loyal Customers
C107095,388,1,16844.33,1,1,1,3,Lost
C107096,5,4,117330.79000000001,5,4,5,14,Champions
C107097,720,1,16316.02,1,1,1,3,Lost
C107098,171,1,12734.462,2,1,1,4,Lost
C107099,-1,8,94429.0665,5,5,4,14,Champions
C107101,87,1,734.29,3,1,1,5,Hibernating
C107103,135,2,28628.908499999994,3,3,2,8,Loyal Customers
C107105,37,8,162732.1865,4,5,5,14,Champions
C107107,229,2,27667.318,2,3,2,7,At Risk
C107108,172,2,14363.2,2,3,1,6,At Risk
C107109,332,3,97443.874,1,3,4,8,At Risk
C107110,4,2,22434.004,5,3,2,10,Loyal Customers
C107111,78,8,197679.8645,3,5,5,13,Loyal Customers
C107112,268,3,22000.4905,2,3,2,7,At Risk
C107113,10,4,97978.717,5,4,4,13,Champions
C107115,191,1,6900.942499999999,2,1,1,4,Lost
C107118,55,3,30396.68,4,3,2,9,Loyal Customers
C107119,81,2,41944.044,3,3,3,9,Loyal Customers
C107120,39,4,107376.928,4,4,4,12,Champions
C107121,125,1,19990.05,3,1,2,6,Hibernating
C107122,72,1,21001.82,3,1,2,6,Hibernating
C107123,324,6,132423.8635,1,5,5,11,Cannot Lose Them
C107124,75,7,201557.615,3,5,5,13,Loyal Customers
C107125,0,8,180148.6645,5,5,5,15,Champions
C107126,201,3,54020.476,2,3,3,8,At Risk
C107127,82,3,11030.592,3,3,1,7,Loyal Customers
C107128,29,6,88528.2235,4,5,4,13,Champions
C107129,31,5,158870.1105,4,5,5,14,Champions
C107130,2,6,143628.913,5,5,5,15,Champions
C107132,2,6,88192.577,5,5,4,14,Champions
C107133,170,3,46012.856999999996,2,3,3,8,At Risk
C107136,45,3,26211.256999999998,4,3,2,9,Loyal Customers
C107137,361,1,61676.289,1,1,3,5,Hibernating
C107138,-1,11,328712.404,5,5,5,15,Champions
C107139,248,1,5583.53,2,1,1,4,Lost
C107140,118,1,16568.658,3,1,1,5,Hibernating
C107141,327,1,17150.89,1,1,1,3,Lost
C107142,914,1,36033.66,1,1,2,4,Lost
C107143,252,1,31040.49,2,1,2,5,Lost
C107144,211,3,71180.506,2,3,4,9,At Risk
C107148,25,10,209492.674,4,5,5,14,Champions
C107150,429,1,64877.03999999999,1,1,4,6,Hibernating
C107151,921,1,22855.608,1,1,2,4,Lost
C107152,66,3,61173.256,3,3,3,9,Loyal Customers
C107154,192,1,14924.8525,2,1,1,4,Lost
C107155,144,2,58425.553499999995,2,3,3,8,At Risk
C107156,1,9,171596.1385,5,5,5,15,Champions
C107157,10,5,154610.9345,5,5,5,15,Champions
C107158,133,3,54344.944,3,3,3,9,Loyal Customers
C107160,30,8,123758.0225,4,5,5,14,Champions
C107161,53,1,45808.22,4,1,3,8,New Customers
C107163,184,1,38452.55499999999,2,1,3,6,Hibernating
C107164,80,7,89797.9815,3,5,4,12,Loyal Customers
C107165,2,4,66068.563,5,4,4,13,Champions
C107166,148,4,125049.4175,2,4,5,11,Cannot Lose Them
C107168,406,1,3718.7839999999997,1,1,1,3,Lost
C107169,240,1,28619.4055,2,1,2,5,Lost
C107171,56,6,157172.9405,4,5,5,14,Champions
C107172,182,2,31704.635000000002,2,3,2,7,At Risk
C107173,145,1,17477.85,2,1,1,4,Lost
C107174,11,6,46280.448,5,5,3,13,Loyal Customers
C107176,118,1,31860.5245,3,1,2,6,Hibernating
C107177,636,1,14785.605000000001,1,1,1,3,Lost
C107178,0,5,108441.477,5,5,5,15,Champions
C107179,52,3,102345.5745,4,3,4,11,Loyal Customers
C107180,636,2,52186.85,1,3,3,7,At Risk
C107181,453,1,24192.917999999998,1,1,2,4,Lost
C107183,102,5,102136.023,3,5,4,12,Loyal Customers
C107184,538,1,14213.85,1,1,1,3,Lost
C107185,105,4,34252.092000000004,3,4,2,9,Loyal Customers
C107186,167,1,15630.06,2,1,1,4,Lost
C107190,74,7,186347.6575,3,5,5,13,Loyal Customers
C107191,191,4,80036.3715,2,4,4,10,Cannot Lose Them
C107192,692,1,14297.24,1,1,1,3,Lost
C107193,146,2,17088.97,2,3,1,6,At Risk
C107194,55,3,92755.25200000001,4,3,4,11,Loyal Customers
C107195,85,5,168231.7575,3,5,5,13,Loyal Customers
C107196,217,7,118644.474,2,5,5,12,Cannot Lose Them
C107198,23,4,65072.691999999995,4,4,4,12,Champions
C107199,82,1,3263.87,3,1,1,5,Hibernating
C107200,119,5,141422.0125,3,5,5,13,Loyal Customers
C107201,95,4,63024.806,3,4,3,10,Loyal Customers
C107202,24,5,119086.1055,4,5,5,14,Champions
C107203,122,5,116737.076,3,5,5,13,Loyal Customers
C107205,191,1,51259.32000000001,2,1,3,6,Hibernating
C107206,169,5,81687.227,2,5,4,11,Cannot Lose Them
C107207,177,2,80243.13,2,3,4,9,At Risk
C107208,565,2,19192.442,1,3,2,6,At Risk
C107210,234,3,70664.149,2,3,4,9,At Risk
C107212,763,1,23571.940000000002,1,1,2,4,Lost
C107213,5,7,135848.893,5,5,5,15,Champions
C107214,0,4,78134.414,5,4,4,13,Champions
C107216,112,2,28598.216,3,3,2,8,Loyal Customers
C107217,11,7,98822.035,5,5,4,14,Champions
C107218,39,2,27668.876,4,3,2,9,Loyal Customers
C107219,272,1,4450.398499999999,2,1,1,4,Lost
C107220,525,2,75449.33,1,3,4,8,At Risk
C107221,36,9,155071.2325,4,5,5,14,Champions
C107223,201,4,103973.75,2,4,4,10,Cannot Lose Them
C107224,227,2,118184.472,2,3,5,10,At Risk
C107225,54,1,37476.59,4,1,3,8,New Customers
C107226,373,2,54797.564,1,3,3,7,At Risk
C107227,532,1,22263.4465,1,1,2,4,Lost
C107229,143,3,60808.6775,2,3,3,8,At Risk
C107230,2,4,118888.5135,5,4,5,14,Champions
C107232,116,3,74044.932,3,3,4,10,Loyal Customers
C107234,791,1,12015.17,1,1,1,3,Lost
C107237,3,3,41581.759999999995,5,3,3,11,Loyal Customers
C107238,139,6,155978.76799999998,3,5,5,13,Loyal Customers
C107239,303,2,53482.611000000004,1,3,3,7,At Risk
C107240,160,2,14030.7655,2,3,1,6,At Risk
C107241,90,3,24968.706,3,3,2,8,Loyal Customers
C107243,56,7,146691.982,4,5,5,14,Champions
C107244,95,2,27912.1845,3,3,2,8,Loyal Customers
C107246,320,1,26773.93,1,1,2,4,Lost
C107248,212,1,3960.1530000000002,2,1,1,4,Lost
C107249,119,4,99709.3605,3,4,4,11,Loyal Customers
C107250,41,2,19337.8645,4,3,2,9,Loyal Customers
C107251,185,3,30162.176,2,3,2,7,At Risk
C107252,265,4,69733.5115,2,4,4,10,Cannot Lose Them
C107253,47,3,47223.7325,4,3,3,10,Loyal Customers
C107254,2,2,66212.926,5,3,4,12,Loyal Customers
C107256,472,4,115709.6325,1,4,5,10,Cannot Lose Them
C107257,59,9,218171.89549999998,4,5,5,14,Champions
C107258,170,1,6628.977,2,1,1,4,Lost
C107263,89,1,45421.35,3,1,3,7,Potential Loyalists
C107264,63,1,15461.297499999999,3,1,1,5,Hibernating
C107266,4,6,110416.0005,5,5,5,15,Champions
C107268,19,4,84939.686,5,4,4,13,Champions
C107269,96,5,100107.2225,3,5,4,12,Loyal Customers
C107271,162,6,115095.859,2,5,5,12,Cannot Lose Them
C107272,107,1,12907.87,3,1,1,5,Hibernating
C107273,-1,7,121925.223,5,5,5,15,Champions
C107274,114,6,88708.81,3,5,4,12,Loyal Customers
C107275,154,3,64752.871999999996,2,3,4,9,At Risk
C107276,117,3,41118.778,3,3,3,9,Loyal Customers
C107280,256,2,4963.362499999999,2,3,1,6,At Risk
C107282,26,2,32269.231,4,3,2,9,Loyal Customers
C107283,270,1,29532.251,2,1,2,5,Lost
C107285,2,7,136154.2975,5,5,5,15,Champions
C107288,48,1,16367.892,4,1,1,6,New Customers
C107289,182,4,66788.532,2,4,4,10,Cannot Lose Them
C107290,15,3,53881.936,5,3,3,11,Loyal Customers
C107291,249,2,60646.99,2,3,3,8,At Risk
C107294,520,2,74952.072,1,3,4,8,At Risk
C107296,496,2,37016.5065,1,3,2,6,At Risk
C107297,161,2,47186.237,2,3,3,8,At Risk
C107298,247,4,88895.326,2,4,4,10,Cannot Lose Them
C107299,1016,1,1687.62,1,1,1,3,Lost
C107300,202,1,14549.22,2,1,1,4,Lost
C107301,344,1,15825.6,1,1,1,3,Lost
C107302,36,1,4841.88,4,1,1,6,New Customers
C107304,16,1,62135.979999999996,5,1,3,9,New Customers
C107305,5,4,129251.79299999999,5,4,5,14,Champions
C107306,339,1,14373.648000000001,1,1,1,3,Lost
C107307,176,1,5582.464,2,1,1,4,Lost
C107308,340,3,93731.677,1,3,4,8,At Risk
C107310,168,7,136978.9775,2,5,5,12,Cannot Lose Them
C107314,110,1,41156.564999999995,3,1,3,7,Potential Loyalists
C107315,250,4,39078.865,2,4,3,9,At Risk
C107316,118,6,203789.5845,3,5,5,13,Loyal Customers
C107317,67,1,30978.129999999997,3,1,2,6,Hibernating
C107319,14,4,45883.468,5,4,3,12,Loyal Customers
C107320,85,2,37408.5535,3,3,3,9,Loyal Customers
C107321,599,1,59784.01299999999,1,1,3,5,Hibernating
C107322,79,12,316063.211,3,5,5,13,Loyal Customers
C107324,211,3,36025.8985,2,3,2,7,At Risk
C107325,44,6,135049.5045,4,5,5,14,Champions
C107327,12,4,112616.275,5,4,5,14,Champions
C107329,149,1,9454.158000000001,2,1,1,4,Lost
C107330,41,2,47907.81,4,3,3,10,Loyal Customers
C107331,12,9,141953.2775,5,5,5,15,Champions
C107332,52,8,91982.4675,4,5,4,13,Champions
C107333,402,2,56936.95,1,3,3,7,At Risk
C107335,678,1,3201.606,1,1,1,3,Lost
C107336,82,5,100299.38799999999,3,5,4,12,Loyal Customers
C107337,169,6,164200.6915,2,5,5,12,Cannot Lose Them
C107338,16,8,138981.3565,5,5,5,15,Champions
C107339,296,4,131052.133,1,4,5,10,Cannot Lose Them
C107340,13,5,174656.465,5,5,5,15,Champions
C107343,56,2,39836.4975,4,3,3,10,Loyal Customers
C107344,1,3,40679.421,5,3,3,11,Loyal Customers
C107345,352,2,56424.752,1,3,3,7,At Risk
C107349,-1,7,161901.9985,5,5,5,15,Champions
C107350,562,2,40954.642,1,3,3,7,At Risk
C107352,404,7,174800.3475,1,5,5,11,Cannot Lose Them
C107353,102,1,37562.86,3,1,3,7,Potential Loyalists
C107354,53,1,20447.23,4,1,2,7,New Customers
C107357,423,1,9505.17,1,1,1,3,Lost
C107358,250,2,91550.742,2,3,4,9,At Risk
C107359,24,4,48662.281500000005,4,4,3,11,Loyal Customers
C107360,41,1,18121.46,4,1,1,6,New Customers
C107361,96,1,16202.36,3,1,1,5,Hibernating
C107362,44,3,55752.5615,4,3,3,10,Loyal Customers
C107363,64,3,72043.52900000001,3,3,4,10,Loyal Customers
C107364,46,1,11846.76,4,1,1,6,New Customers
C107365,307,2,22792.3815,1,3,2,6,At Risk
C107369,232,1,3923.46,2,1,1,4,Lost
C107370,10,5,93119.192,5,5,4,14,Champions
C107371,113,2,41204.3155,3,3,3,9,Loyal Customers
C107372,43,5,63960.390499999994,4,5,4,13,Champions
C107373,11,4,83712.12,5,4,4,13,Champions
C107375,76,2,52076.2705,3,3,3,9,Loyal Customers
C107376,185,1,24007.8165,2,1,2,5,Lost
C107377,5,2,39988.621499999994,5,3,3,11,Loyal Customers
C107378,86,1,2961.7315,3,1,1,5,Hibernating
C107379,131,2,34165.947,3,3,2,8,Loyal Customers
C107380,248,2,14558.748,2,3,1,6,At Risk
C107383,554,1,21657.5495,1,1,2,4,Lost
C107384,204,1,13987.3725,2,1,1,4,Lost
C107385,183,4,56054.612,2,4,3,9,At Risk
C107386,323,1,6583.032000000001,1,1,1,3,Lost
C107387,112,2,72358.60800000001,3,3,4,10,Loyal Customers
C107388,21,3,131751.2725,4,3,5,12,Loyal Customers
C107390,104,1,21298.568000000003,3,1,2,6,Hibernating
C107391,10,1,10219.225999999999,5,1,1,7,New Customers
C107392,71,3,53127.736,3,3,3,9,Loyal Customers
C107393,118,2,31400.764000000003,3,3,2,8,Loyal Customers
C107395,33,5,117940.902,4,5,5,14,Champions
C107396,501,3,120892.412,1,3,5,9,At Risk
C107400,129,1,1170.7305,3,1,1,5,Hibernating
C107402,60,2,30920.771499999995,4,3,2,9,Loyal Customers
C107403,14,4,67482.2545,5,4,4,13,Champions
C107404,201,3,34979.636,2,3,2,7,At Risk
C107405,5,8,97101.689,5,5,4,14,Champions
C107406,31,2,33834.992,4,3,2,9,Loyal Customers
C107407,263,2,24062.15,2,3,2,7,At Risk
C107408,20,8,151782.8875,5,5,5,15,Champions
C107409,2,2,62858.389500000005,5,3,3,11,Loyal Customers
C107411,814,1,27043.46,1,1,2,4,Lost
C107412,237,2,16448.678,2,3,1,6,At Risk
C107414,56,2,32242.504,4,3,2,9,Loyal Customers
C107415,193,1,66008.709,2,1,4,7,Hibernating
C107416,186,6,82143.807,2,5,4,11,Cannot Lose Them
C107417,62,9,187973.514,4,5,5,14,Champions
C107418,104,1,1029.114,3,1,1,5,Hibernating
C107419,40,2,9582.82,4,3,1,8,Loyal Customers
C107420,107,3,72190.6575,3,3,4,10,Loyal Customers
C107421,257,1,71215.209,2,1,4,7,Hibernating
C107422,32,6,110496.7265,4,5,5,14,Champions
C107423,531,2,62332.76,1,3,3,7,At Risk
C107424,15,1,43407.4,5,1,3,9,New Customers
C107426,175,4,142106.6025,2,4,5,11,Cannot Lose Them
C107429,350,1,16279.49,1,1,1,3,Lost
C107431,94,4,73945.199,3,4,4,11,Loyal Customers
C107432,343,1,4470.804499999999,1,1,1,3,Lost
C107434,-1,15,221476.258,5,5,5,15,Champions
C107436,108,3,86007.223,3,3,4,10,Loyal Customers
C107437,439,1,14397.12,1,1,1,3,Lost
C107438,675,1,15126.669,1,1,1,3,Lost
C107439,23,2,15682.6785,4,3,1,8,Loyal Customers
C107440,98,2,32049.589,3,3,2,8,Loyal Customers
C107442,76,8,167553.81900000002,3,5,5,13,Loyal Customers
C107445,68,4,73618.91350000001,3,4,4,11,Loyal Customers
C107446,63,2,32101.000000000004,3,3,2,8,Loyal Customers
C107451,36,5,83076.412,4,5,4,13,Champions
C107452,461,1,14918.85,1,1,1,3,Lost
C107454,74,3,55638.9095,3,3,3,9,Loyal Customers
C107455,146,1,15177.753,2,1,1,4,Lost
C107456,200,2,35236.393,2,3,2,7,At Risk
C107458,13,8,127422.152,5,5,5,15,Champions
C107461,36,4,99427.09599999999,4,4,4,12,Champions
C107462,74,1,20187.33,3,1,2,6,Hibernating
C107463,242,1,13318.677000000001,2,1,1,4,Lost
C107464,228,4,87796.039,2,4,4,10,Cannot Lose Them
C107466,60,3,30004.255,4,3,2,9,Loyal Customers
C107470,1,5,78978.632,5,5,4,14,Champions
C107472,70,3,33252.1285,3,3,2,8,Loyal Customers
C107473,92,2,32988.359,3,3,2,8,Loyal Customers
C107474,332,1,18979.2995,1,1,2,4,Lost
C107476,141,1,6779.906,2,1,1,4,Lost
C107477,642,1,33274.72,1,1,2,4,Lost
C107479,231,4,114748.73300000001,2,4,5,11,Cannot Lose Them
C107481,430,6,76283.9155,1,5,4,10,Cannot Lose Them
C107483,134,5,150939.943,3,5,5,13,Loyal Customers
C107484,15,7,131761.4315,5,5,5,15,Champions
C107485,536,3,22723.9965,1,3,2,6,At Risk
C107487,411,5,116278.3505,1,5,5,11,Cannot Lose Them
C107490,55,2,53882.816,4,3,3,10,Loyal Customers
C107491,256,1,8437.4,2,1,1,4,Lost
C107496,103,9,171813.9455,3,5,5,13,Loyal Customers
C107498,3,3,55848.795,5,3,3,11,Loyal Customers
C107499,72,4,126994.707,3,4,5,12,Loyal Customers
C107501,527,2,54647.65,1,3,3,7,At Risk
C107502,58,2,8170.599499999999,4,3,1,8,Loyal Customers
C107503,143,1,781.915,2,1,1,4,Lost
C107504,716,1,15221.152,1,1,1,3,Lost
C107505,47,10,212769.777,4,5,5,14,Champions
C107506,31,7,150844.8925,4,5,5,14,Champions
C107507,274,2,13255.257,2,3,1,6,At Risk
C107508,661,1,2633.691,1,1,1,3,Lost
C107509,248,2,11907.510000000002,2,3,1,6,At Risk
C107510,349,2,34049.781,1,3,2,6,At Risk
C107512,204,1,20891.7445,2,1,2,5,Lost
C107513,38,3,45695.2515,4,3,3,10,Loyal Customers
C107516,19,8,195906.9365,5,5,5,15,Champions
C107517,43,2,19004.485,4,3,2,9,Loyal Customers
C107518,8,1,3066.93,5,1,1,7,New Customers
C107519,147,1,13064.74,2,1,1,4,Lost
C107522,3,6,95815.7885,5,5,4,14,Champions
C107524,210,1,28963.035000000003,2,1,2,5,Lost
C107525,84,3,21603.09,3,3,2,8,Loyal Customers
C107526,93,4,51447.8345,3,4,3,10,Loyal Customers
C107530,43,3,47253.75,4,3,3,10,Loyal Customers
C107532,3,3,102071.77,5,3,4,12,Loyal Customers
C107534,246,1,23498.3,2,1,2,5,Lost
C107537,-1,6,77348.7645,5,5,4,14,Champions
C107538,15,10,245526.21899999998,5,5,5,15,Champions
C107540,8,5,109846.296,5,5,5,15,Champions
C107542,30,3,80733.0445,4,3,4,11,Loyal Customers
C107545,317,5,140135.229,1,5,5,11,Cannot Lose Them
C107546,66,2,20173.087,3,3,2,8,Loyal Customers
C107547,181,2,56667.741,2,3,3,8,At Risk
C107548,296,7,144093.76200000002,1,5,5,11,Cannot Lose Them
C107549,156,6,105399.3735,2,5,4,11,Cannot Lose Them
C107550,826,1,2199.472,1,1,1,3,Lost
C107553,111,1,3804.7,3,1,1,5,Hibernating
C107554,17,12,261872.01,5,5,5,15,Champions
C107555,265,1,21047.839999999997,2,1,2,5,Lost
C107556,48,4,49603.0555,4,4,3,11,Loyal Customers
C107557,4,4,43400.7325,5,4,3,12,Loyal Customers
C107558,512,1,47417.102999999996,1,1,3,5,Hibernating
C107559,13,3,40867.779,5,3,3,11,Loyal Customers
C107560,129,1,12427.98,3,1,1,5,Hibernating
C107561,13,1,4238.976,5,1,1,7,New Customers
C107562,68,6,237458.79700000002,3,5,5,13,Loyal Customers
C107563,143,2,24654.761,2,3,2,7,At Risk
C107564,20,2,85538.51200000002,5,3,4,12,Loyal Customers
C107565,108,1,10035.784,3,1,1,5,Hibernating
C107567,8,2,19723.78,5,3,2,10,Loyal Customers
C107569,287,1,17661.440000000002,2,1,1,4,Lost
C107570,178,6,130485.253,2,5,5,12,Cannot Lose Them
C107572,50,4,82145.569,4,4,4,12,Champions
C107573,249,2,47884.0825,2,3,3,8,At Risk
C107574,318,2,65712.7175,1,3,4,8,At Risk
C107576,165,4,128661.332,2,4,5,11,Cannot Lose Them
C107578,42,2,23300.002,4,3,2,9,Loyal Customers
C107579,246,2,15367.244,2,3,1,6,At Risk
C107582,8,1,17788.34,5,1,1,7,New Customers
C107583,17,7,146143.69,5,5,5,15,Champions
C107584,6,7,152557.0265,5,5,5,15,Champions
C107585,384,1,14931.457,1,1,1,3,Lost
C107586,0,5,97300.928,5,5,4,14,Champions
C107588,113,4,101561.58,3,4,4,11,Loyal Customers
C107591,3,5,197400.4775,5,5,5,15,Champions
C107594,422,4,54091.896,1,4,3,8,At Risk
C107595,0,13,231527.2085,5,5,5,15,Champions
C107597,65,3,37043.480500000005,3,3,2,8,Loyal Customers
C107598,291,3,76241.4595,1,3,4,8,At Risk
C107599,52,2,20584.815,4,3,2,9,Loyal Customers
C107600,48,4,75858.488,4,4,4,12,Champions
C107602,61,4,104874.0385,4,4,4,12,Champions
C107604,131,2,83509.854,3,3,4,10,Loyal Customers
C107605,20,1,30132.873,5,1,2,8,New Customers
C107606,20,2,39791.92,5,3,3,11,Loyal Customers
C107609,451,1,9916.623,1,1,1,3,Lost
C107610,378,1,12993.14,1,1,1,3,Lost
C107613,257,2,41909.758,2,3,3,8,At Risk
C107614,14,2,33717.009,5,3,2,10,Loyal Customers
C107616,55,5,70585.283,4,5,4,13,Champions
C107617,797,1,8491.184,1,1,1,3,Lost
C107618,123,2,17820.79,3,3,1,7,Loyal Customers
C107619,181,5,174441.6315,2,5,5,12,Cannot Lose Them
C107620,1028,1,13086.369999999999,1,1,1,3,Lost
C107622,118,1,9007.938,3,1,1,5,Hibernating
C107625,303,3,60120.5695,1,3,3,7,At Risk
C107626,83,1,5219.63,3,1,1,5,Hibernating
C107627,142,17,388734.197,2,5,5,12,Cannot Lose Them
C107628,4,4,70973.392,5,4,4,13,Champions
C107629,170,3,86246.57949999999,2,3,4,9,At Risk
C107631,615,1,11712.663,1,1,1,3,Lost
C107634,105,4,104216.754,3,4,4,11,Loyal Customers
C107635,21,1,38497.288,4,1,3,8,New Customers
C107636,677,1,12218.1685,1,1,1,3,Lost
C107637,13,5,194679.795,5,5,5,15,Champions
C107639,58,2,49936.865999999995,4,3,3,10,Loyal Customers
C107640,101,3,29348.393000000004,3,3,2,8,Loyal Customers
C107642,298,4,82458.916,1,4,4,9,Cannot Lose Them
C107643,46,6,142095.3515,4,5,5,14,Champions
C107644,119,1,36123.674,3,1,2,6,Hibernating
C107645,963,1,13398.218499999999,1,1,1,3,Lost
C107646,45,1,5166.76,4,1,1,6,New Customers
C107647,553,4,71353.98449999999,1,4,4,9,Cannot Lose Them
C107648,26,6,68936.8725,4,5,4,13,Champions
C107649,5,1,24426.304,5,1,2,8,New Customers
C107651,9,9,225152.8325,5,5,5,15,Champions
C107653,108,6,67398.023,3,5,4,12,Loyal Customers
C107654,264,6,119219.019,2,5,5,12,Cannot Lose Them
C107655,200,1,23944.52,2,1,2,5,Lost
C107656,132,3,59952.927500000005,3,3,3,9,Loyal Customers
C107658,72,8,161367.7325,3,5,5,13,Loyal Customers
C107660,5,1,22331.4695,5,1,2,8,New Customers
C107661,314,2,15032.902,1,3,1,5,At Risk
C107662,91,7,105495.9895,3,5,4,12,Loyal Customers
C107664,221,3,18082.716000000004,2,3,1,6,At Risk
C107667,377,1,15377.21,1,1,1,3,Lost
C107669,14,6,162964.595,5,5,5,15,Champions
C107670,57,6,79612.52249999999,4,5,4,13,Champions
C107671,3,4,104376.573,5,4,4,13,Champions
C107674,121,2,61927.86,3,3,3,9,Loyal Customers
C107675,26,10,203299.8505,4,5,5,14,Champions
C107676,609,1,7780.06,1,1,1,3,Lost
C107677,77,3,25113.529499999997,3,3,2,8,Loyal Customers
C107678,133,4,49028.162000000004,3,4,3,10,Loyal Customers
C107679,14,2,87031.62999999999,5,3,4,12,Loyal Customers
C107680,3,7,149958.9325,5,5,5,15,Champions
C107681,1,2,42164.946,5,3,3,11,Loyal Customers
C107682,557,1,10940.231,1,1,1,3,Lost
C107683,107,2,38998.496,3,3,3,9,Loyal Customers
C107685,29,8,97655.61,4,5,4,13,Champions
C107686,262,1,12697.3935,2,1,1,4,Lost
C107688,385,1,37004.2,1,1,2,4,Lost
C107689,360,1,15201.09,1,1,1,3,Lost
C107690,104,4,80225.215,3,4,4,11,Loyal Customers
C107691,56,1,20226.379,4,1,2,7,New Customers
C107692,371,1,53934.11,1,1,3,5,Hibernating
C107695,3,2,4080.475,5,3,1,9,Loyal Customers
C107697,185,3,55020.254,2,3,3,8,At Risk
C107699,279,2,44971.83,2,3,3,8,At Risk
C107701,184,3,95068.36349999999,2,3,4,9,At Risk
C107704,297,3,63636.119,1,3,4,8,At Risk
C107706,215,1,16101.126,2,1,1,4,Lost
C107707,73,2,44423.07,3,3,3,9,Loyal Customers
C107708,242,3,49430.9745,2,3,3,8,At Risk
C107709,29,7,175439.93899999998,4,5,5,14,Champions
C107710,146,4,44887.264500000005,2,4,3,9,At Risk
C107711,127,3,31163.636,3,3,2,8,Loyal Customers
C107712,274,1,42996.29,2,1,3,6,Hibernating
C107713,74,1,4761.66,3,1,1,5,Hibernating
C107714,84,6,141866.6525,3,5,5,13,Loyal Customers
C107715,123,4,101507.496,3,4,4,11,Loyal Customers
C107716,51,2,7835.145,4,3,1,8,Loyal Customers
C107719,255,1,38031.34,2,1,3,6,Hibernating
C107721,42,5,116678.34,4,5,5,14,Champions
C107722,15,8,159687.7775,5,5,5,15,Champions
C107723,902,1,7880.61,1,1,1,3,Lost
C107725,10,10,246678.4085,5,5,5,15,Champions
C107726,150,2,57236.232,2,3,3,8,At Risk
C107729,194,5,156305.55000000002,2,5,5,12,Cannot Lose Them
C107730,38,7,105434.5885,4,5,4,13,Champions
C107731,508,1,8133.292,1,1,1,3,Lost
C107734,18,8,170396.44150000002,5,5,5,15,Champions
C107735,50,10,262107.494,4,5,5,14,Champions
C107737,259,1,33397.88,2,1,2,5,Lost
C107738,709,1,36037.23,1,1,2,4,Lost
C107739,39,2,63163.68149999999,4,3,4,11,Loyal Customers
C107740,73,8,162177.9195,3,5,5,13,Loyal Customers
C107741,453,2,58964.96,1,3,3,7,At Risk
C107742,294,1,1306.584,1,1,1,3,Lost
C107743,498,4,116300.75,1,4,5,10,Cannot Lose Them
C107745,16,4,104429.38,5,4,4,13,Champions
C107746,351,1,25953.449999999997,1,1,2,4,Lost
C107747,56,14,332098.167,4,5,5,14,Champions
C107748,31,11,204966.5575,4,5,5,14,Champions
C107751,110,2,13967.3215,3,3,1,7,Loyal Customers
C107752,323,3,75539.781,1,3,4,8,At Risk
C107753,10,2,21637.218,5,3,2,10,Loyal Customers
C107754,174,5,63647.901,2,5,4,11,Cannot Lose Them
C107755,83,3,98312.07500000001,3,3,4,10,Loyal Customers
C107756,15,2,74248.20999999999,5,3,4,12,Loyal Customers
C107759,82,2,23564.246,3,3,2,8,Loyal Customers
C107760,-1,8,125531.8065,5,5,5,15,Champions
C107761,310,2,43407.031,1,3,3,7,At Risk
C107762,77,3,133570.45,3,3,5,11,Loyal Customers
C107763,8,2,40451.195999999996,5,3,3,11,Loyal Customers
C107765,633,1,9933.69,1,1,1,3,Lost
C107766,1,1,19115.03,5,1,2,8,New Customers
C107767,14,4,76792.55300000001,5,4,4,13,Champions
C107769,29,1,11685.63,4,1,1,6,New Customers
C107770,49,3,38798.598,4,3,3,10,Loyal Customers
C107771,22,8,212954.064,4,5,5,14,Champions
C107772,180,3,79940.046,2,3,4,9,At Risk
C107773,244,1,24478.803,2,1,2,5,Lost
C107777,51,7,144814.451,4,5,5,14,Champions
C107779,30,1,23146.6835,4,1,2,7,New Customers
C107780,94,2,32326.95,3,3,2,8,Loyal Customers
C107781,61,5,101368.178,4,5,4,13,Champions
C107783,52,2,61229.924,4,3,3,10,Loyal Customers
C107785,173,1,63027.264,2,1,3,6,Hibernating
C107786,635,1,3586.45,1,1,1,3,Lost
C107787,751,1,26009.508499999996,1,1,2,4,Lost
C107789,449,1,8142.753999999999,1,1,1,3,Lost
C107790,41,1,10693.232000000002,4,1,1,6,New Customers
C107791,25,6,264272.863,4,5,5,14,Champions
C107792,46,2,21052.8295,4,3,2,9,Loyal Customers
C107793,16,6,162531.4585,5,5,5,15,Champions
C107795,72,4,148756.68,3,4,5,12,Loyal Customers
C107796,494,2,19030.226,1,3,2,6,At Risk
C107798,13,4,77567.797,5,4,4,13,Champions
C107799,365,3,68607.561,1,3,4,8,At Risk
C107800,1,14,370343.4585,5,5,5,15,Champions
C107801,270,3,75575.4,2,3,4,9,At Risk
C107803,44,3,98070.514,4,3,4,11,Loyal Customers
C107804,554,1,9503.895,1,1,1,3,Lost
C107806,60,3,74465.56300000001,4,3,4,11,Loyal Customers
C107807,589,2,56397.212,1,3,3,7,At Risk
C107808,22,10,176238.924,4,5,5,14,Champions
C107809,96,2,10791.306,3,3,1,7,Loyal Customers
C107810,209,2,14537.715,2,3,1,6,At Risk
C107813,163,5,148841.7235,2,5,5,12,Cannot Lose Them
C107814,6,9,241370.1845,5,5,5,15,Champions
C107815,15,2,54862.5475,5,3,3,11,Loyal Customers
C107816,32,8,159902.388,4,5,5,14,Champions
C107818,20,7,174168.19,5,5,5,15,Champions
C107820,52,1,1630.51,4,1,1,6,New Customers
C107822,35,2,33318.6415,4,3,2,9,Loyal Customers
C107825,212,3,51610.782,2,3,3,8,At Risk
C107826,67,8,160295.8335,3,5,5,13,Loyal Customers
C107827,311,2,61000.621,1,3,3,7,At Risk
C107828,189,1,10741.554,2,1,1,4,Lost
C107829,344,5,98793.0805,1,5,4,10,Cannot Lose Them
C107830,194,1,15229.19,2,1,1,4,Lost
C107832,94,2,20476.269,3,3,2,8,Loyal Customers
C107833,373,1,48679.3,1,1,3,5,Hibernating
C107834,39,1,25832.718,4,1,2,7,New Customers
C107839,9,7,186619.5255,5,5,5,15,Champions
C107840,3,16,309320.089,5,5,5,15,Champions
C107841,12,3,12295.931499999999,5,3,1,9,Loyal Customers
C107842,368,2,28841.58,1,3,2,6,At Risk
C107843,94,8,165158.873,3,5,5,13,Loyal Customers
C107844,16,7,134601.91,5,5,5,15,Champions
C107845,0,5,106108.276,5,5,4,14,Champions
C107846,700,1,97610.5,1,1,4,6,Hibernating
C107849,70,6,124285.206,3,5,5,13,Loyal Customers
C107850,55,2,44815.936499999996,4,3,3,10,Loyal Customers
C107851,48,3,69844.186,4,3,4,11,Loyal Customers
C107852,361,1,8524.93,1,1,1,3,Lost
C107853,22,1,12114.818,4,1,1,6,New Customers
C107854,129,2,47817.07,3,3,3,9,Loyal Customers
C107855,695,1,87558.3,1,1,4,6,Hibernating
C107856,352,1,22931.052499999998,1,1,2,4,Lost
C107858,45,2,42274.119,4,3,3,10,Loyal Customers
C107859,25,5,99381.368,4,5,4,13,Champions
C107860,97,7,147395.9225,3,5,5,13,Loyal Customers
C107863,30,1,69378.462,4,1,4,9,New Customers
C107865,6,2,30635.6,5,3,2,10,Loyal Customers
C107866,516,1,6915.496000000001,1,1,1,3,Lost
C107867,65,4,83300.01,3,4,4,11,Loyal Customers
C107868,127,1,6718.536,3,1,1,5,Hibernating
C107869,72,1,38854.78200000001,3,1,3,7,Potential Loyalists
C107870,806,1,26107.2,1,1,2,4,Lost
C107872,3,8,121805.132,5,5,5,15,Champions
C107873,4,7,126644.912,5,5,5,15,Champions
C107877,231,2,40008.76,2,3,3,8,At Risk
C107879,81,6,149993.642,3,5,5,13,Loyal Customers
C107880,54,2,54218.89,4,3,3,10,Loyal Customers
C107881,188,3,50592.428499999995,2,3,3,8,At Risk
C107882,25,4,132454.4055,4,4,5,13,Champions
C107883,66,3,35893.394,3,3,2,8,Loyal Customers
C107884,21,3,44791.938,4,3,3,10,Loyal Customers
C107887,182,2,46702.948000000004,2,3,3,8,At Risk
C107888,288,2,35328.45,2,3,2,7,At Risk
C107891,242,3,93948.7365,2,3,4,9,At Risk
C107892,0,7,142171.935,5,5,5,15,Champions
C107893,361,2,13338.288,1,3,1,5,At Risk
C107894,358,1,5530.42,1,1,1,3,Lost
C107895,14,6,112454.4865,5,5,5,15,Champions
C107896,320,4,75420.988,1,4,4,9,Cannot Lose Them
C107897,2,3,45515.761,5,3,3,11,Loyal Customers
C107898,48,3,64132.653,4,3,4,11,Loyal Customers
C107899,177,4,95742.6815,2,4,4,10,Cannot Lose Them
C107902,495,1,3819.6459999999997,1,1,1,3,Lost
C107903,26,4,59019.944,4,4,3,11,Loyal Customers
C107904,364,1,32274.339999999997,1,1,2,4,Lost
C107907,180,4,81115.218,2,4,4,10,Cannot Lose Them
C107908,135,5,118100.572,3,5,5,13,Loyal Customers
C107909,286,2,27996.88,2,3,2,7,At Risk
C107911,26,7,171719.9975,4,5,5,14,Champions
C107912,95,2,27096.39,3,3,2,8,Loyal Customers
C107913,107,2,49033.263,3,3,3,9,Loyal Customers
C107914,36,7,190148.9,4,5,5,14,Champions
C107915,16,7,87143.496,5,5,4,14,Champions
C107916,4,1,28057.581000000002,5,1,2,8,New Customers
C107917,301,8,125344.1985,1,5,5,11,Cannot Lose Them
C107918,6,3,60811.63249999999,5,3,3,11,Loyal Customers
C107919,9,2,20302.371000000003,5,3,2,10,Loyal Customers
C107921,335,1,12846.574499999999,1,1,1,3,Lost
C107922,255,1,8259.51,2,1,1,4,Lost
C107923,218,3,33090.11,2,3,2,7,At Risk
C107924,115,8,112342.8005,3,5,5,13,Loyal Customers
C107925,60,2,13605.299499999997,4,3,1,8,Loyal Customers
C107928,87,8,206310.749,3,5,5,13,Loyal Customers
C107929,2,7,169676.695,5,5,5,15,Champions
C107930,4,3,94874.99250000001,5,3,4,12,Loyal Customers
C107931,278,3,71432.979,2,3,4,9,At Risk
C107932,31,5,102968.1515,4,5,4,13,Champions
C107933,9,4,67410.277,5,4,4,13,Champions
C107935,416,1,3441.0240000000003,1,1,1,3,Lost
C107936,327,1,31064.157,1,1,2,4,Lost
C107937,58,9,161177.8275,4,5,5,14,Champions
C107938,-1,14,314781.3715,5,5,5,15,Champions
C107939,53,4,120508.015,4,4,5,13,Champions
C107941,109,3,22000.148,3,3,2,8,Loyal Customers
C107942,87,1,1893.64,3,1,1,5,Hibernating
C107943,206,1,16108.752,2,1,1,4,Lost
C107946,2,6,69777.26449999999,5,5,4,14,Champions
C107947,187,3,61544.8865,2,3,3,8,At Risk
C107948,99,5,52262.681500000006,3,5,3,11,Loyal Customers
C107949,102,5,50956.6635,3,5,3,11,Loyal Customers
C107950,85,1,40554.57,3,1,3,7,Potential Loyalists
C107952,4,13,291937.931,5,5,5,15,Champions
C107953,249,3,59571.206000000006,2,3,3,8,At Risk
C107954,182,1,21680.03,2,1,2,5,Lost
C107955,342,1,7293.9945,1,1,1,3,Lost
C107956,24,3,49892.182,4,3,3,10,Loyal Customers
C107957,589,1,15157.659,1,1,1,3,Lost
C107958,13,3,88763.7505,5,3,4,12,Loyal Customers
C107959,38,6,96133.3135,4,5,4,13,Champions
C107960,81,1,12998.289999999999,3,1,1,5,Hibernating
C107961,87,2,35297.214,3,3,2,8,Loyal Customers
C107962,30,6,190340.9165,4,5,5,14,Champions
C107963,384,4,47946.57950000001,1,4,3,8,At Risk
C107964,29,11,210081.196,4,5,5,14,Champions
C107965,41,2,40483.5745,4,3,3,10,Loyal Customers
C107966,451,2,48459.51,1,3,3,7,At Risk
C107968,29,1,39594.670000000006,4,1,3,8,New Customers
C107969,7,9,174938.2515,5,5,5,15,Champions
C107970,103,5,47393.66,3,5,3,11,Loyal Customers
C107971,8,3,81147.11549999999,5,3,4,12,Loyal Customers
C107972,39,3,60050.213,4,3,3,10,Loyal Customers
C107973,21,3,91238.327,4,3,4,11,Loyal Customers
C107974,-1,3,35575.715,5,3,2,10,Loyal Customers
C107976,161,3,26760.968500000003,2,3,2,7,At Risk
C107977,75,6,146574.258,3,5,5,13,Loyal Customers
C107978,784,1,12356.082,1,1,1,3,Lost
C107979,641,1,19627.353,1,1,2,4,Lost
C107980,457,1,22431.399999999998,1,1,2,4,Lost
C107981,15,3,33527.770000000004,5,3,2,10,Loyal Customers
C107983,33,4,99202.5755,4,4,4,12,Champions
C107986,83,4,56368.145000000004,3,4,3,10,Loyal Customers
C107989,5,5,140095.97100000002,5,5,5,15,Champions
C107990,192,1,22213.101000000002,2,1,2,5,Lost
C107991,310,2,100049.1545,1,3,4,8,At Risk
C107993,48,1,44761.9955,4,1,3,8,New Customers
C107994,80,2,10732.979,3,3,1,7,Loyal Customers
C107996,550,1,12325.833,1,1,1,3,Lost
C107998,514,3,29019.568,1,3,2,6,At Risk
C107999,3,6,124523.649,5,5,5,15,Champions
C108000,32,4,165968.6905,4,4,5,13,Champions
C108001,8,5,81442.5505,5,5,4,14,Champions
C108002,512,1,12896.5655,1,1,1,3,Lost
C108003,91,5,78900.622,3,5,4,12,Loyal Customers
C108004,628,1,26532.108,1,1,2,4,Lost
C108005,334,3,50215.858,1,3,3,7,At Risk
C108006,19,5,181330.2265,5,5,5,15,Champions
C108008,54,10,162837.925,4,5,5,14,Champions
C108009,241,2,34292.7145,2,3,2,7,At Risk
C108010,20,6,119224.92850000001,5,5,5,15,Champions
C108011,33,4,43861.801999999996,4,4,3,11,Loyal Customers
C108012,120,4,78138.636,3,4,4,11,Loyal Customers
C108013,24,13,343071.81,4,5,5,14,Champions
C108014,165,3,40021.344000000005,2,3,3,8,At Risk
C108015,19,2,74961.916,5,3,4,12,Loyal Customers
C108016,12,1,9544.416000000001,5,1,1,7,New Customers
C108017,31,3,72129.867,4,3,4,11,Loyal Customers
C108018,0,17,307899.7055,5,5,5,15,Champions
C108019,79,3,124067.8065,3,3,5,11,Loyal Customers
C108020,324,3,16699.7555,1,3,1,5,At Risk
C108021,10,4,91120.103,5,4,4,13,Champions
C108022,1,4,116365.56749999999,5,4,5,14,Champions
C108023,36,1,14494.41,4,1,1,6,New Customers
C108024,123,2,49344.6605,3,3,3,9,Loyal Customers
C108026,252,2,52055.417,2,3,3,8,At Risk
C108027,400,1,24299.974000000002,1,1,2,4,Lost
C108028,114,7,170334.74049999999,3,5,5,13,Loyal Customers
C108029,77,2,37076.98,3,3,2,8,Loyal Customers
C108032,748,1,16647.912,1,1,1,3,Lost
C108034,1,3,27419.557999999997,5,3,2,10,Loyal Customers
C108035,-1,8,231552.74899999998,5,5,5,15,Champions
C108037,478,2,59852.47,1,3,3,7,At Risk
C108038,200,3,78831.1735,2,3,4,9,At Risk
C108040,77,1,32669.47,3,1,2,6,Hibernating
C108041,-1,2,38479.99,5,3,3,11,Loyal Customers
C108044,-1,13,199525.339,5,5,5,15,Champions
C108045,149,2,51650.1,2,3,3,8,At Risk
C108046,118,2,32964.53,3,3,2,8,Loyal Customers
C108047,117,1,8553.114,3,1,1,5,Hibernating
C108048,63,7,143152.0025,3,5,5,13,Loyal Customers
C108049,50,6,139639.7165,4,5,5,14,Champions
C108050,79,2,54218.584,3,3,3,9,Loyal Customers
C108051,366,1,0.0,1,1,1,3,Lost
C108052,298,2,65613.8655,1,3,4,8,At Risk
C108054,182,3,35556.004,2,3,2,7,At Risk
C108055,167,2,68725.60800000001,2,3,4,9,At Risk
C108056,241,2,30144.08,2,3,2,7,At Risk
C108057,11,4,87248.675,5,4,4,13,Champions
C108060,1,2,37665.132,5,3,3,11,Loyal Customers
C108061,117,1,18070.501,3,1,1,5,Hibernating
C108062,451,2,16430.122,1,3,1,5,At Risk
C108064,536,2,33374.241,1,3,2,6,At Risk
C108065,561,1,10074.61,1,1,1,3,Lost
C108066,60,6,208833.03900000002,4,5,5,14,Champions
C108068,193,2,59803.0605,2,3,3,8,At Risk
C108069,165,1,2620.516,2,1,1,4,Lost
C108070,165,7,227949.725,2,5,5,12,Cannot Lose Them
C108071,425,2,17748.398,1,3,1,5,At Risk
C108072,181,2,56103.539000000004,2,3,3,8,At Risk
C108073,14,2,34401.549,5,3,2,10,Loyal Customers
C108074,12,2,33074.9015,5,3,2,10,Loyal Customers
C108075,62,3,70199.35,4,3,4,11,Loyal Customers
C108076,303,5,138221.0125,1,5,5,11,Cannot Lose Them
C108077,145,4,67020.7115,2,4,4,10,Cannot Lose Them
C108078,168,3,47461.8465,2,3,3,8,At Risk
C108079,567,1,7055.38,1,1,1,3,Lost
C108080,43,4,176726.793,4,4,5,13,Champions
C108081,320,1,16892.1305,1,1,1,3,Lost
C108082,37,9,98091.428,4,5,4,13,Champions
C108083,46,5,105976.562,4,5,4,13,Champions
C108084,268,2,54543.271499999995,2,3,3,8,At Risk
C108085,385,5,140454.719,1,5,5,11,Cannot Lose Them
C108087,112,2,23359.31,3,3,2,8,Loyal Customers
C108088,8,3,75013.11,5,3,4,12,Loyal Customers
C108089,14,1,1369.1360000000002,5,1,1,7,New Customers
C108090,32,4,135544.91999999998,4,4,5,13,Champions
C108091,36,2,45244.209,4,3,3,10,Loyal Customers
C108094,19,1,13930.128,5,1,1,7,New Customers
C108096,23,1,27177.120000000003,4,1,2,7,New Customers
C108097,86,11,286731.086,3,5,5,13,Loyal Customers
C108100,422,3,35043.150499999996,1,3,2,6,At Risk
C108101,16,6,75880.042,5,5,4,14,Champions
C108102,9,4,89216.531,5,4,4,13,Champions
C108103,0,9,121285.0405,5,5,5,15,Champions
C108104,215,3,60330.239,2,3,3,8,At Risk
C108105,69,1,10143.224000000002,3,1,1,5,Hibernating
C108106,23,4,106970.91200000001,4,4,4,12,Champions
C108107,468,1,14349.176000000001,1,1,1,3,Lost
C108109,85,2,22792.518,3,3,2,8,Loyal Customers
C108110,117,6,113004.152,3,5,5,13,Loyal Customers
C108111,4,7,116332.295,5,5,5,15,Champions
C108112,19,2,14127.178,5,3,1,9,Loyal Customers
C108114,22,6,102174.4905,4,5,4,13,Champions
C108116,91,1,6167.84,3,1,1,5,Hibernating
C108117,125,1,2079.288,3,1,1,5,Hibernating
C108119,272,2,48955.968,2,3,3,8,At Risk
C108121,22,7,163236.533,4,5,5,14,Champions
C108122,55,6,89822.52799999999,4,5,4,13,Champions
C108123,63,2,47670.417499999996,3,3,3,9,Loyal Customers
C108124,327,1,6788.08,1,1,1,3,Lost
C108125,3,3,63700.4405,5,3,4,12,Loyal Customers
C108127,76,4,71042.636,3,4,4,11,Loyal Customers
C108128,179,2,29293.621499999997,2,3,2,7,At Risk
C108130,12,1,9010.263500000001,5,1,1,7,New Customers
C108131,0,8,239478.864,5,5,5,15,Champions
C108132,193,2,52562.31,2,3,3,8,At Risk
C108133,173,2,21055.91,2,3,2,7,At Risk
C108139,9,2,98764.637,5,3,4,12,Loyal Customers
C108140,0,1,37257.557,5,1,2,8,New Customers
C108141,156,3,84268.93650000001,2,3,4,9,At Risk
C108144,92,1,44858.51,3,1,3,7,Potential Loyalists
C108145,34,1,55862.53,4,1,3,8,New Customers
C108146,38,1,1961.3919999999998,4,1,1,6,New Customers
C108147,284,4,53092.666,2,4,3,9,At Risk
C108149,70,3,26172.495,3,3,2,8,Loyal Customers
C108151,577,1,30101.86,1,1,2,4,Lost
C108152,225,1,13054.215,2,1,1,4,Lost
C108153,13,4,96858.227,5,4,4,13,Champions
C108154,219,14,268518.491,2,5,5,12,Cannot Lose Them
C108156,182,1,15337.93,2,1,1,4,Lost
C108157,103,3,114759.2625,3,3,5,11,Loyal Customers
C108158,87,4,54482.8045,3,4,3,10,Loyal Customers
C108160,125,4,86765.9305,3,4,4,11,Loyal Customers
C108161,41,3,61952.251000000004,4,3,3,10,Loyal Customers
C108163,499,2,21949.02,1,3,2,6,At Risk
C108164,144,4,84968.887,2,4,4,10,Cannot Lose Them
C108166,49,1,73486.3505,4,1,4,9,New Customers
C108167,92,1,20333.4675,3,1,2,6,Hibernating
C108168,389,1,11385.48,1,1,1,3,Lost
C108169,92,3,63262.904,3,3,4,10,Loyal Customers
C108170,256,1,14377.1,2,1,1,4,Lost
C108171,38,3,50485.11749999999,4,3,3,10,Loyal Customers
C108172,43,1,218.586,4,1,1,6,New Customers
C108174,3,1,11769.832000000002,5,1,1,7,New Customers
C108175,184,2,71731.61,2,3,4,9,At Risk
C108177,14,2,34923.298,5,3,2,10,Loyal Customers
C108179,215,1,29205.311499999996,2,1,2,5,Lost
C108180,57,6,77762.068,4,5,4,13,Champions
C108181,336,2,33600.130000000005,1,3,2,6,At Risk
C108182,146,3,34074.4715,2,3,2,7,At Risk
C108183,93,8,172114.872,3,5,5,13,Loyal Customers
C108185,46,1,13898.231,4,1,1,6,New Customers
C108186,27,2,37607.6115,4,3,3,10,Loyal Customers
C108187,73,2,78533.886,3,3,4,10,Loyal Customers
C108188,12,5,133391.41999999998,5,5,5,15,Champions
C108189,249,1,16595.36,2,1,1,4,Lost
C108194,147,1,7320.0599999999995,2,1,1,4,Lost
C108195,171,1,13203.61,2,1,1,4,Lost
C108197,843,1,18386.379,1,1,2,4,Lost
C108198,35,2,22821.544,4,3,2,9,Loyal Customers
C108200,23,6,117215.72249999999,4,5,5,14,Champions
C108202,125,1,39445.44,3,1,3,7,Potential Loyalists
C108203,41,4,98103.22949999999,4,4,4,12,Champions
C108205,254,1,54805.53,2,1,3,6,Hibernating
C108208,194,1,42550.26,2,1,3,6,Hibernating
C108209,335,1,44032.369999999995,1,1,3,5,Hibernating
C108210,756,1,7217.84,1,1,1,3,Lost
C108211,611,2,22209.45,1,3,2,6,At Risk
C108212,42,1,13584.610499999999,4,1,1,6,New Customers
C108213,50,1,12368.373,4,1,1,6,New Customers
C108218,284,1,6658.4,2,1,1,4,Lost
C108220,164,1,31784.1265,2,1,2,5,Lost
C108223,145,2,78076.463,2,3,4,9,At Risk
C108224,26,3,49994.153,4,3,3,10,Loyal Customers
C108228,130,2,17412.680500000002,3,3,1,7,Loyal Customers
C108230,62,2,31166.873,4,3,2,9,Loyal Customers
C108231,133,5,96594.55500000001,3,5,4,12,Loyal Customers
C108232,207,1,40190.1,2,1,3,6,Hibernating
C108233,0,9,155815.582,5,5,5,15,Champions
C108234,27,3,29437.647,4,3,2,9,Loyal Customers
C108235,98,3,71537.73,3,3,4,10,Loyal Customers
C108236,325,6,144641.709,1,5,5,11,Cannot Lose Them
C108241,14,1,38915.64,5,1,3,9,New Customers
C108242,4,6,96506.242,5,5,4,14,Champions
C108245,196,4,54633.736000000004,2,4,3,9,At Risk
C108247,30,1,13917.35,4,1,1,6,New Customers
C108248,345,2,33576.7,1,3,2,6,At Risk
C108249,92,5,134710.5705,3,5,5,13,Loyal Customers
C108251,53,3,75928.738,4,3,4,11,Loyal Customers
C108252,129,1,11323.742499999998,3,1,1,5,Hibernating
C108253,38,6,178280.929,4,5,5,14,Champions
C108255,576,1,28897.317000000003,1,1,2,4,Lost
C108256,137,9,259168.084,3,5,5,13,Loyal Customers
C108257,4,4,102334.6715,5,4,4,13,Champions
C108258,460,2,14979.101999999999,1,3,1,5,At Risk
C108260,16,2,56073.218,5,3,3,11,Loyal Customers
C108261,73,4,53095.538499999995,3,4,3,10,Loyal Customers
C108263,1,12,198945.193,5,5,5,15,Champions
C108264,23,2,56444.554000000004,4,3,3,10,Loyal Customers
C108265,156,1,5288.949,2,1,1,4,Lost
C108266,40,2,21754.199,4,3,2,9,Loyal Customers
C108267,18,1,14195.583999999999,5,1,1,7,New Customers
C108270,466,1,15593.95,1,1,1,3,Lost
C108271,80,5,117457.8125,3,5,5,13,Loyal Customers
C108275,4,7,165933.8095,5,5,5,15,Champions
C108276,76,1,14640.089,3,1,1,5,Hibernating
C108278,2,7,119705.256,5,5,5,15,Champions
C108279,3,4,147855.805,5,4,5,14,Champions
C108280,69,3,23495.4935,3,3,2,8,Loyal Customers
C108281,10,16,379981.7485,5,5,5,15,Champions
C108282,162,1,25280.47,2,1,2,5,Lost
C108283,89,1,42663.863,3,1,3,7,Potential Loyalists
C108284,504,2,21624.275999999998,1,3,2,6,At Risk
C108286,2,13,221375.206,5,5,5,15,Champions
C108290,17,2,6834.8795,5,3,1,9,Loyal Customers
C108292,66,2,66004.43,3,3,4,10,Loyal Customers
C108293,46,10,261704.48450000002,4,5,5,14,Champions
C108295,203,7,165884.435,2,5,5,12,Cannot Lose Them
C108298,27,6,69189.18950000001,4,5,4,13,Champions
C108299,168,4,41499.5655,2,4,3,9,At Risk
C108300,232,1,10367.168,2,1,1,4,Lost
C108301,503,1,17753.84,1,1,1,3,Lost
C108303,1,4,46629.4495,5,4,3,12,Loyal Customers
C108305,154,1,36605.9555,2,1,2,5,Lost
C108306,31,5,147804.1925,4,5,5,14,Champions
C108308,59,10,247089.027,4,5,5,14,Champions
C108309,0,4,128437.3855,5,4,5,14,Champions
C108310,26,1,15631.94,4,1,1,6,New Customers
C108311,192,1,13897.07,2,1,1,4,Lost
C108313,47,7,131861.5735,4,5,5,14,Champions
C108315,347,3,27794.125,1,3,2,6,At Risk
C108316,50,1,43796.13,4,1,3,8,New Customers
C108317,64,2,18901.64,3,3,2,8,Loyal Customers
C108320,506,1,6041.256,1,1,1,3,Lost
C108323,314,2,26794.044,1,3,2,6,At Risk
C108324,117,2,41970.569,3,3,3,9,Loyal Customers
C108325,32,2,68331.234,4,3,4,11,Loyal Customers
C108327,69,3,32582.29,3,3,2,8,Loyal Customers
C108328,223,7,142134.5985,2,5,5,12,Cannot Lose Them
C108329,168,1,14436.68,2,1,1,4,Lost
C108330,70,9,153392.23700000002,3,5,5,13,Loyal Customers
C108332,187,8,147783.337,2,5,5,12,Cannot Lose Them
C108334,389,1,23513.736,1,1,2,4,Lost
C108335,76,4,103789.439,3,4,4,11,Loyal Customers
C108338,38,3,38939.873,4,3,3,10,Loyal Customers
C108340,189,4,56481.1315,2,4,3,9,At Risk
C108341,110,3,96207.41,3,3,4,10,Loyal Customers
C108342,361,1,1343.79,1,1,1,3,Lost
C108343,43,1,11842.8,4,1,1,6,New Customers
C108347,171,1,11073.15,2,1,1,4,Lost
C108350,125,1,41470.632999999994,3,1,3,7,Potential Loyalists
C108351,9,15,246482.98150000002,5,5,5,15,Champions
C108352,34,13,268573.0255,4,5,5,14,Champions
C108355,428,1,14566.4545,1,1,1,3,Lost
C108357,67,4,125670.7825,3,4,5,12,Loyal Customers
C108358,28,3,58537.414000000004,4,3,3,10,Loyal Customers
C108360,8,2,62494.36,5,3,3,11,Loyal Customers
C108361,-1,6,137668.7115,5,5,5,15,Champions
C108362,64,7,85492.3445,3,5,4,12,Loyal Customers
C108363,63,1,33756.0,3,1,2,6,Hibernating
C108364,280,8,192167.1325,2,5,5,12,Cannot Lose Them
C108365,265,1,22092.15,2,1,2,5,Lost
C108366,312,1,8324.82,1,1,1,3,Lost
C108367,127,5,58400.961500000005,3,5,3,11,Loyal Customers
C108368,34,14,166384.08,4,5,5,14,Champions
C108369,40,1,34018.11,4,1,2,7,New Customers
C108370,186,2,43956.382999999994,2,3,3,8,At Risk
C108371,8,2,35417.164000000004,5,3,2,10,Loyal Customers
C108372,326,1,1748.62,1,1,1,3,Lost
C108373,390,2,43489.623999999996,1,3,3,7,At Risk
C108374,26,4,77589.10250000001,4,4,4,12,Champions
C108376,700,2,43529.2715,1,3,3,7,At Risk
C108378,161,5,182630.555,2,5,5,12,Cannot Lose Them
C108381,109,5,101222.3125,3,5,4,12,Loyal Customers
C108382,71,2,39035.174999999996,3,3,3,9,Loyal Customers
C108383,11,7,187837.19,5,5,5,15,Champions
C108384,89,5,107622.64600000001,3,5,5,13,Loyal Customers
C108386,-1,2,53675.88,5,3,3,11,Loyal Customers
C108387,82,1,12990.878999999999,3,1,1,5,Hibernating
C108388,51,2,58407.40549999999,4,3,3,10,Loyal Customers
C108389,4,4,144018.597,5,4,5,14,Champions
C108390,57,1,4698.4529999999995,4,1,1,6,New Customers
C108392,191,1,24920.600000000002,2,1,2,5,Lost
C108394,174,2,35277.7665,2,3,2,7,At Risk
C108395,587,1,18254.064000000002,1,1,2,4,Lost
C108396,171,3,92520.03850000001,2,3,4,9,At Risk
C108397,309,1,33284.2855,1,1,2,4,Lost
C108398,223,1,2362.347,2,1,1,4,Lost
C108400,145,10,205230.165,2,5,5,12,Cannot Lose Them
C108401,193,1,38541.648,2,1,3,6,Hibernating
C108402,404,1,16932.2125,1,1,1,3,Lost
C108403,518,3,46902.01,1,3,3,7,At Risk
C108404,412,1,2676.4320000000002,1,1,1,3,Lost
C108406,61,1,33821.82,4,1,2,7,New Customers
C108408,239,2,70962.551,2,3,4,9,At Risk
C108410,507,3,120187.1815,1,3,5,9,At Risk
C108411,74,8,123439.127,3,5,5,13,Loyal Customers
C108412,43,6,143058.99550000002,4,5,5,14,Champions
C108414,7,3,85167.608,5,3,4,12,Loyal Customers
C108417,77,5,72847.369,3,5,4,12,Loyal Customers
C108418,30,2,23271.803,4,3,2,9,Loyal Customers
C108421,527,2,28689.73,1,3,2,6,At Risk
C108423,226,5,87167.147,2,5,4,11,Cannot Lose Them
C108427,197,2,11344.47,2,3,1,6,At Risk
C108429,152,4,73074.141,2,4,4,10,Cannot Lose Them
C108430,28,3,85915.4425,4,3,4,11,Loyal Customers
C108432,1,3,21520.347999999998,5,3,2,10,Loyal Customers
C108434,234,2,39935.082,2,3,3,8,At Risk
C108435,118,1,14809.493,3,1,1,5,Hibernating
C108438,44,17,407617.7025,4,5,5,14,Champions
C108441,44,4,49702.4255,4,4,3,11,Loyal Customers
C108442,180,1,51903.549999999996,2,1,3,6,Hibernating
C108444,144,4,137326.773,2,4,5,11,Cannot Lose Them
C108445,523,1,77845.42000000001,1,1,4,6,Hibernating
C108446,81,8,159289.411,3,5,5,13,Loyal Customers
C108447,125,1,10486.6415,3,1,1,5,Hibernating
C108448,23,5,110727.59,4,5,5,14,Champions
C108452,624,3,100281.1385,1,3,4,8,At Risk
C108454,843,1,24432.94,1,1,2,4,Lost
C108455,6,6,176738.1005,5,5,5,15,Champions
C108457,221,3,70490.6665,2,3,4,9,At Risk
C108458,94,3,54798.277,3,3,3,9,Loyal Customers
C108461,18,4,112761.798,5,4,5,14,Champions
C108462,97,4,145824.4785,3,4,5,12,Loyal Customers
C108464,209,2,31583.21,2,3,2,7,At Risk
C108465,29,3,59241.154500000004,4,3,3,10,Loyal Customers
C108467,184,1,13421.8375,2,1,1,4,Lost
C108471,204,8,128730.8035,2,5,5,12,Cannot Lose Them
C108473,15,6,90411.53,5,5,4,14,Champions
C108474,36,1,13837.626,4,1,1,6,New Customers
C108475,8,1,9222.1,5,1,1,7,New Customers
C108477,641,1,8354.208,1,1,1,3,Lost
C108478,357,3,73931.6605,1,3,4,8,At Risk
C108480,4,6,150887.35450000002,5,5,5,15,Champions
C108481,14,4,41163.7725,5,4,3,12,Loyal Customers
C108483,40,3,36719.14,4,3,2,9,Loyal Customers
C108484,1,4,79145.73849999999,5,4,4,13,Champions
C108486,1,9,135273.029,5,5,5,15,Champions
C108487,121,3,70541.058,3,3,4,10,Loyal Customers
C108488,201,1,13488.224,2,1,1,4,Lost
C108489,20,1,20026.917,5,1,2,8,New Customers
C108490,63,2,28334.889,3,3,2,8,Loyal Customers
C108491,2,2,7781.209000000001,5,3,1,9,Loyal Customers
C108492,262,4,61836.7845,2,4,3,9,At Risk
C108493,354,1,1566.14,1,1,1,3,Lost
C108494,11,1,66432.9,5,1,4,10,New Customers
C108496,33,1,3930.8400000000006,4,1,1,6,New Customers
C108497,-1,10,166566.527,5,5,5,15,Champions
C108499,482,1,18174.728000000003,1,1,2,4,Lost
C108501,108,2,41731.11,3,3,3,9,Loyal Customers
C108502,1,7,180469.791,5,5,5,15,Champions
C108503,14,9,239092.57450000002,5,5,5,15,Champions
C108504,129,5,63958.1285,3,5,4,12,Loyal Customers
C108505,3,2,20429.879999999997,5,3,2,10,Loyal Customers
C108507,176,2,17522.482,2,3,1,6,At Risk
C108512,38,2,41309.515999999996,4,3,3,10,Loyal Customers
C108514,0,1,12871.928000000002,5,1,1,7,New Customers
C108515,46,4,66604.974,4,4,4,12,Champions
C108516,340,3,35976.313500000004,1,3,2,6,At Risk
C108517,61,8,157060.33,4,5,5,14,Champions
C108518,11,2,37944.649,5,3,3,11,Loyal Customers
C108520,1,1,4313.73,5,1,1,7,New Customers
C108521,7,3,99227.81449999998,5,3,4,12,Loyal Customers
C108522,41,4,128351.098,4,4,5,13,Champions
C108524,148,7,198617.45750000002,2,5,5,12,Cannot Lose Them
C108525,321,1,24475.739999999998,1,1,2,4,Lost
C108526,205,1,3435.88,2,1,1,4,Lost
C108527,20,5,190346.839,5,5,5,15,Champions
C108528,40,3,102205.02600000001,4,3,4,11,Loyal Customers
C108529,591,1,36197.289000000004,1,1,2,4,Lost
C108530,51,1,44771.130000000005,4,1,3,8,New Customers
C108531,110,7,125992.6055,3,5,5,13,Loyal Customers
C108532,191,2,27278.984,2,3,2,7,At Risk
C108533,617,2,43450.885,1,3,3,7,At Risk
C108534,58,5,124826.421,4,5,5,14,Champions
C108535,197,1,876.51,2,1,1,4,Lost
C108536,82,1,12252.886,3,1,1,5,Hibernating
C108537,168,1,11669.6,2,1,1,4,Lost
C108538,34,5,124903.056,4,5,5,14,Champions
C108540,302,2,91247.7505,1,3,4,8,At Risk
C108541,24,15,215775.06699999998,4,5,5,14,Champions
C108542,115,3,19620.712,3,3,2,8,Loyal Customers
C108544,86,1,43733.341499999995,3,1,3,7,Potential Loyalists
C108545,410,3,51933.841499999995,1,3,3,7,At Risk
C108546,511,2,74857.424,1,3,4,8,At Risk
C108548,499,1,11523.84,1,1,1,3,Lost
C108549,153,1,14738.41,2,1,1,4,Lost
C108551,0,4,87883.458,5,4,4,13,Champions
C108552,4,10,175746.7435,5,5,5,15,Champions
C108554,611,1,34633.13,1,1,2,4,Lost
C108555,304,3,126528.98150000001,1,3,5,9,At Risk
C108556,108,3,59723.842,3,3,3,9,Loyal Customers
C108557,25,14,312775.091,4,5,5,14,Champions
C108558,518,2,64045.109,1,3,4,8,At Risk
C108559,296,1,32784.1,1,1,2,4,Lost
C108560,42,7,157106.6955,4,5,5,14,Champions
C108563,88,2,49423.1895,3,3,3,9,Loyal Customers
C108564,211,2,39878.209,2,3,3,8,At Risk
C108565,343,1,30391.772999999997,1,1,2,4,Lost
C108567,244,4,83631.4275,2,4,4,10,Cannot Lose Them
C108568,10,10,248801.1915,5,5,5,15,Champions
C108570,79,5,115036.52900000001,3,5,5,13,Loyal Customers
C108572,79,3,107594.147,3,3,5,11,Loyal Customers
C108573,599,1,14111.176500000001,1,1,1,3,Lost
C108574,374,2,101747.4,1,3,4,8,At Risk
C108577,186,2,37394.065,2,3,3,8,At Risk
C108578,106,1,5510.17,3,1,1,5,Hibernating
C108579,359,6,143457.2605,1,5,5,11,Cannot Lose Them
C108580,3,4,60459.57,5,4,3,12,Loyal Customers
C108581,0,3,54761.2475,5,3,3,11,Loyal Customers
C108582,49,8,135486.2045,4,5,5,14,Champions
C108583,429,2,62693.00000000001,1,3,3,7,At Risk
C108585,5,5,93274.257,5,5,4,14,Champions
C108586,204,1,25267.959000000003,2,1,2,5,Lost
C108588,44,2,70053.4375,4,3,4,11,Loyal Customers
C108589,35,1,28659.36,4,1,2,7,New Customers
C108591,83,2,15843.307,3,3,1,7,Loyal Customers
C108592,-1,3,67433.012,5,3,4,12,Loyal Customers
C108594,576,1,9291.877,1,1,1,3,Lost
C108596,83,1,745.127,3,1,1,5,Hibernating
C108597,243,4,89562.9175,2,4,4,10,Cannot Lose Them
C108598,-1,12,273039.60349999997,5,5,5,15,Champions
C108599,278,1,28053.9,2,1,2,5,Lost
C108600,9,6,191264.9645,5,5,5,15,Champions
C108603,0,4,120864.379,5,4,5,14,Champions
C108604,4,1,53501.244,5,1,3,9,New Customers
C108605,641,1,23778.4,1,1,2,4,Lost
C108606,117,7,165009.3785,3,5,5,13,Loyal Customers
C108607,607,2,52670.717000000004,1,3,3,7,At Risk
C108609,9,3,26927.095,5,3,2,10,Loyal Customers
C108610,180,3,87655.728,2,3,4,9,At Risk
C108611,31,5,95103.96049999999,4,5,4,13,Champions
C108612,6,1,6535.15,5,1,1,7,New Customers
C108613,19,2,21409.96,5,3,2,10,Loyal Customers
C108614,101,2,32075.429,3,3,2,8,Loyal Customers
C108615,332,2,38822.912000000004,1,3,3,7,At Risk
C108616,14,4,68342.12849999999,5,4,4,13,Champions
C108617,17,2,14222.84,5,3,1,9,Loyal Customers
C108618,255,1,6602.08,2,1,1,4,Lost
C108619,17,8,163013.0605,5,5,5,15,Champions
C108620,400,1,29757.19,1,1,2,4,Lost
C108622,62,2,60676.73,4,3,3,10,Loyal Customers
C108624,645,1,3445.232,1,1,1,3,Lost
C108626,45,2,81687.31,4,3,4,11,Loyal Customers
C108627,208,7,186130.9805,2,5,5,12,Cannot Lose Them
C108628,111,4,47130.618,3,4,3,10,Loyal Customers
C108630,5,10,215740.353,5,5,5,15,Champions
C108632,354,1,42974.89,1,1,3,5,Hibernating
C108633,546,4,58544.3275,1,4,3,8,At Risk
C108634,178,9,153133.4895,2,5,5,12,Cannot Lose Them
C108635,33,1,37695.44,4,1,3,8,New Customers
C108636,15,1,17023.13,5,1,1,7,New Customers
C108639,19,5,137549.98,5,5,5,15,Champions
C108640,52,3,112278.87349999999,4,3,5,12,Loyal Customers
C108641,19,9,140472.2905,5,5,5,15,Champions
C108642,22,2,50186.889,4,3,3,10,Loyal Customers
C108643,202,1,32926.69,2,1,2,5,Lost
C108644,4,6,136281.0135,5,5,5,15,Champions
C108646,310,3,52734.85799999999,1,3,3,7,At Risk
C108647,16,4,83215.23300000001,5,4,4,13,Champions
C108648,36,5,155209.1175,4,5,5,14,Champions
C108650,62,1,16275.144,4,1,1,6,New Customers
C108651,316,3,58113.536,1,3,3,7,At Risk
C108653,29,1,11427.510499999999,4,1,1,6,New Customers
C108654,39,13,387154.01649999997,4,5,5,14,Champions
C108655,47,6,171188.1145,4,5,5,14,Champions
C108656,94,2,20097.7565,3,3,2,8,Loyal Customers
C108658,44,14,228181.748,4,5,5,14,Champions
C108659,329,2,48572.207,1,3,3,7,At Risk
C108661,667,1,3703.8239999999996,1,1,1,3,Lost
C108662,69,1,15006.7,3,1,1,5,Hibernating
C108664,97,7,109816.73950000001,3,5,5,13,Loyal Customers
C108665,17,7,192018.338,5,5,5,15,Champions
C108667,4,3,68965.394,5,3,4,12,Loyal Customers
C108668,219,3,54402.6465,2,3,3,8,At Risk
C108669,519,1,49834.28999999999,1,1,3,5,Hibernating
C108670,577,1,36442.96,1,1,2,4,Lost
C108671,130,1,14054.4525,3,1,1,5,Hibernating
C108672,4,3,121032.14600000001,5,3,5,13,Loyal Customers
C108673,2,4,63063.281,5,4,3,12,Loyal Customers
C108675,54,8,242755.2935,4,5,5,14,Champions
C108676,3,17,295588.7065,5,5,5,15,Champions
C108677,57,2,28678.982,4,3,2,9,Loyal Customers
C108678,40,2,25185.748499999998,4,3,2,9,Loyal Customers
C108679,235,1,12090.986499999999,2,1,1,4,Lost
C108685,15,5,138101.361,5,5,5,15,Champions
C108686,9,3,109842.968,5,3,5,13,Loyal Customers
C108688,187,3,51288.2315,2,3,3,8,At Risk
C108691,151,4,26360.759,2,4,2,8,At Risk
C108692,17,3,62866.191000000006,5,4,3,12,Loyal Customers
C108694,539,1,488.26,1,1,1,3,Lost
C108695,32,1,12204.1,4,1,1,6,New Customers
C108696,29,3,32699.5585,4,4,2,10,Loyal Customers
C108697,24,3,120279.963,4,4,5,13,Champions
C108700,580,4,82322.936,1,4,4,9,Cannot Lose Them
C108701,81,5,110173.334,3,5,5,13,Loyal Customers
C108702,14,10,151564.128,5,5,5,15,Champions
C108703,252,1,33228.33,2,1,2,5,Lost
C108704,332,2,28159.908000000003,1,3,2,6,At Risk
C108705,255,2,23265.486,2,3,2,7,At Risk
C108706,43,4,94143.64199999999,4,4,4,12,Champions
C108707,187,1,32537.21,2,1,2,5,Lost
C108710,5,4,91598.39249999999,5,4,4,13,Champions
C108712,144,5,154956.95299999998,2,5,5,12,Cannot Lose Them
C108713,59,1,18424.998,4,1,2,7,New Customers
C108714,694,2,51429.703499999996,1,3,3,7,At Risk
C108715,9,2,52828.376,5,3,3,11,Loyal Customers
C108718,211,1,21270.440000000002,2,1,2,5,Lost
C108719,72,2,74606.57,3,3,4,10,Loyal Customers
C108720,449,1,10200.9005,1,1,1,3,Lost
C108721,393,1,37946.39,1,1,3,5,Hibernating
C108722,137,1,2239.51,3,1,1,5,Hibernating
C108725,79,4,62882.611000000004,3,4,3,10,Loyal Customers
C108726,90,2,24042.2525,3,3,2,8,Loyal Customers
C108728,21,2,83198.128,4,3,4,11,Loyal Customers
C108731,130,5,111762.4205,3,5,5,13,Loyal Customers
C108732,358,1,37949.0895,1,1,3,5,Hibernating
C108734,591,1,14356.609,1,1,1,3,Lost
C108735,120,2,27404.541,3,3,2,8,Loyal Customers
C108736,42,9,160763.4575,4,5,5,14,Champions
C108737,160,3,85561.033,2,4,4,10,Cannot Lose Them
C108739,4,1,7805.295,5,1,1,7,New Customers
C108740,16,4,143640.405,5,4,5,14,Champions
C108742,138,3,33457.908500000005,3,4,2,9,Loyal Customers
C108743,21,2,43312.542,4,3,3,10,Loyal Customers
C108746,106,1,20551.8015,3,1,2,6,Hibernating
C108747,234,2,18670.75,2,3,2,7,At Risk
C108750,677,1,14955.848000000002,1,1,1,3,Lost
C108753,103,3,57005.7055,3,4,3,10,Loyal Customers
C108754,9,1,7083.77,5,1,1,7,New Customers
C108755,402,1,16195.676000000001,1,1,1,3,Lost
C108756,193,3,43943.538,2,4,3,9,At Risk
C108757,503,2,17583.215,1,3,1,5,At Risk
C108758,65,4,82706.2525,3,4,4,11,Loyal Customers
C108759,40,7,150438.6625,4,5,5,14,Champions
C108761,8,2,17650.167,5,3,1,9,Loyal Customers
C108762,142,1,1772.9360000000001,2,1,1,4,Lost
C108764,9,1,11863.27,5,1,1,7,New Customers
C108766,61,4,94496.208,4,4,4,12,Champions
C108769,22,5,92305.4315,4,5,4,13,Champions
C108770,63,2,53113.47,3,3,3,9,Loyal Customers
C108772,176,4,90860.70300000001,2,4,4,10,Cannot Lose Them
C108774,313,1,12072.65,1,1,1,3,Lost
C108775,27,2,15363.009999999998,4,3,1,8,Loyal Customers
C108778,350,1,13816.81,1,1,1,3,Lost
C108780,101,3,123328.894,3,4,5,12,Loyal Customers
C108781,38,14,277855.1845,4,5,5,14,Champions
C108782,4,2,51221.134,5,3,3,11,Loyal Customers
C108783,219,3,48751.854999999996,2,4,3,9,At Risk
C108784,392,3,78983.192,1,4,4,9,Cannot Lose Them
C108785,102,5,130038.44600000001,3,5,5,13,Loyal Customers
C108788,349,1,3844.152,1,1,1,3,Lost
C108789,2,3,147837.071,5,4,5,14,Champions
C108791,179,1,26852.400999999998,2,1,2,5,Lost
C108793,267,2,47492.0135,2,3,3,8,At Risk
C108795,130,2,35812.629,3,3,2,8,Loyal Customers
C108797,172,2,31370.984999999997,2,3,2,7,At Risk
C108798,379,1,8673.72,1,1,1,3,Lost
C108799,74,13,303405.5435,3,5,5,13,Loyal Customers
C108800,142,2,18274.388,2,3,2,7,At Risk
C108801,568,1,4874.411999999999,1,1,1,3,Lost
C108802,14,1,30462.45,5,1,2,8,New Customers
C108804,69,8,202823.3625,3,5,5,13,Loyal Customers
C108806,302,1,4191.552,1,1,1,3,Lost
C108807,117,1,31137.52,3,1,2,6,Hibernating
C108808,421,1,24978.744,1,1,2,4,Lost
C108809,743,1,12995.785999999998,1,1,1,3,Lost
C108810,69,8,104690.0385,3,5,4,12,Loyal Customers
C108812,25,1,31660.95,4,1,2,7,New Customers
C108813,29,2,15459.572,4,3,1,8,Loyal Customers
C108814,42,3,72052.3425,4,4,4,12,Champions
C108816,6,6,165253.481,5,5,5,15,Champions
C108818,7,9,150766.6105,5,5,5,15,Champions
C108819,656,1,37140.546,1,1,2,4,Lost
C108820,284,1,35926.53,2,1,2,5,Lost
C108821,23,1,10864.503,4,1,1,6,New Customers
C108825,-1,9,221715.96,5,5,5,15,Champions
C108826,363,3,58126.708,1,4,3,8,At Risk
C108829,20,5,135358.3,5,5,5,15,Champions
C108830,178,1,29850.265999999996,2,1,2,5,Lost
C108831,55,9,226944.3795,4,5,5,14,Champions
C108832,117,2,42855.198000000004,3,3,3,9,Loyal Customers
C108833,0,4,103167.0615,5,4,4,13,Champions
C108834,420,2,15921.168,1,3,1,5,At Risk
C108835,112,1,38085.659999999996,3,1,3,7,Potential Loyalists
C108837,261,2,13871.3835,2,3,1,6,At Risk
C108839,116,5,107570.084,3,5,5,13,Loyal Customers
C108840,498,1,16753.23,1,1,1,3,Lost
C108841,3,4,67872.462,5,4,4,13,Champions
C108842,381,1,5269.213,1,1,1,3,Lost
C108845,73,4,60395.484000000004,3,4,3,10,Loyal Customers
C108846,26,4,45931.2435,4,4,3,11,Loyal Customers
C108847,124,3,51220.1575,3,4,3,10,Loyal Customers
C108848,2,8,103927.2145,5,5,4,14,Champions
C108849,7,8,117208.1585,5,5,5,15,Champions
C108850,197,1,23530.22,2,1,2,5,Lost
C108851,3,2,63697.316999999995,5,3,4,12,Loyal Customers
C108852,119,1,38675.8015,3,1,3,7,Potential Loyalists
C108853,7,3,128365.1165,5,4,5,14,Champions
C108854,74,10,159654.3905,3,5,5,13,Loyal Customers
C108857,9,9,228401.4575,5,5,5,15,Champions
C108859,233,3,117650.43050000002,2,4,5,11,Cannot Lose Them
C108860,507,4,55207.545000000006,1,4,3,8,At Risk
C108861,137,3,76029.679,3,4,4,11,Loyal Customers
C108863,580,2,86984.575,1,3,4,8,At Risk
C108865,277,3,45496.943,2,4,3,9,At Risk
C108866,478,3,69991.944,1,4,4,9,Cannot Lose Them
C108867,6,6,108188.46,5,5,5,15,Champions
C108868,605,2,37849.6775,1,3,3,7,At Risk
C108869,0,2,38489.2705,5,3,3,11,Loyal Customers
C108871,2,2,28386.674000000003,5,3,2,10,Loyal Customers
C108873,362,1,7854.416499999999,1,1,1,3,Lost
C108874,83,1,13167.050000000001,3,1,1,5,Hibernating
C108879,214,1,20945.13,2,1,2,5,Lost
C108880,61,8,156326.7915,4,5,5,14,Champions
C108881,400,2,27379.709000000003,1,3,2,6,At Risk
C108882,128,6,156498.32200000001,3,5,5,13,Loyal Customers
C108883,174,1,3646.0,2,1,1,4,Lost
C108884,123,3,66116.0955,3,4,4,11,Loyal Customers
C108885,806,1,40635.84,1,1,3,5,Hibernating
C108886,175,3,119343.68000000001,2,4,5,11,Cannot Lose Them
C108890,44,9,209185.5925,4,5,5,14,Champions
C108892,94,1,31704.160000000003,3,1,2,6,Hibernating
C108893,2,2,43783.344,5,3,3,11,Loyal Customers
C108894,74,7,112115.083,3,5,5,13,Loyal Customers
C108895,70,10,227295.3595,3,5,5,13,Loyal Customers
C108896,65,3,64667.977999999996,3,4,4,11,Loyal Customers
C108897,441,3,36446.868,1,4,2,7,At Risk
C108898,324,1,7291.782,1,1,1,3,Lost
C108899,146,3,13198.582,2,4,1,7,At Risk
C108900,82,6,90180.3735,3,5,4,12,Loyal Customers
C108901,15,4,96632.0355,5,4,4,13,Champions
C108902,923,1,11236.704,1,1,1,3,Lost
C108903,46,1,13035.79,4,1,1,6,New Customers
C108905,14,1,13741.696,5,1,1,7,New Customers
C108906,3,3,96739.8675,5,4,4,13,Champions
C108907,179,3,58216.2725,2,4,3,9,At Risk
C108908,349,2,13762.456000000002,1,3,1,5,At Risk
C108909,82,2,56760.63,3,3,3,9,Loyal Customers
C108910,434,2,30788.402499999997,1,3,2,6,At Risk
C108912,34,4,41522.943999999996,4,4,3,11,Loyal Customers
C108914,148,4,80562.7175,2,4,4,10,Cannot Lose Them
C108915,64,3,64884.336,3,4,4,11,Loyal Customers
C108920,228,3,21835.636,2,4,2,8,At Risk
C108921,62,4,60311.718499999995,4,4,3,11,Loyal Customers
C108922,202,6,195760.978,2,5,5,12,Cannot Lose Them
C108923,481,3,64787.537,1,4,4,9,Cannot Lose Them
C108924,193,1,15642.324,2,1,1,4,Lost
C108925,18,1,10453.626,5,1,1,7,New Customers
C108926,122,3,79884.71949999999,3,4,4,11,Loyal Customers
C108928,22,23,546494.911,4,5,5,14,Champions
C108929,174,1,79898.75,2,1,4,7,Hibernating
C108930,38,6,137106.4415,4,5,5,14,Champions
C108931,10,6,177244.1915,5,5,5,15,Champions
C108932,165,1,18666.0,2,1,2,5,Lost
C108934,27,2,45875.668000000005,4,3,3,10,Loyal Customers
C108935,61,4,57349.397,4,4,3,11,Loyal Customers
C108936,650,2,29958.3255,1,3,2,6,At Risk
C108938,392,2,61031.48700000001,1,3,3,7,At Risk
C108939,43,7,140420.6875,4,5,5,14,Champions
C108940,10,6,102890.79,5,5,4,14,Champions
C108942,37,7,107200.43549999999,4,5,4,13,Champions
C108944,27,5,102775.306,4,5,4,13,Champions
C108946,81,4,103061.824,3,4,4,11,Loyal Customers
C108947,3,4,72119.667,5,4,4,13,Champions
C108950,254,2,43557.587999999996,2,3,3,8,At Risk
C108951,31,5,91162.7265,4,5,4,13,Champions
C108952,19,2,42353.199,5,3,3,11,Loyal Customers
C108953,89,7,98094.951,3,5,4,12,Loyal Customers
C108954,319,4,48229.362499999996,1,4,3,8,At Risk
C108955,611,2,32289.141000000003,1,3,2,6,At Risk
C108956,2,9,264713.097,5,5,5,15,Champions
C108957,30,3,74574.82,4,4,4,12,Champions
C108959,162,3,106674.87,2,4,4,10,Cannot Lose Them
C108961,17,19,484125.648,5,5,5,15,Champions
C108962,534,1,15903.48,1,1,1,3,Lost
C108963,43,2,26790.529499999997,4,3,2,9,Loyal Customers
C108964,3,1,21786.68,5,1,2,8,New Customers
C108965,225,2,20573.5905,2,3,2,7,At Risk
C108967,20,9,198732.951,5,5,5,15,Champions
C108969,136,2,44090.369000000006,3,3,3,9,Loyal Customers
C108972,56,1,30030.264000000003,4,1,2,7,New Customers
C108973,32,1,10284.473,4,1,1,6,New Customers
C108974,163,1,5155.012,2,1,1,4,Lost
C108977,18,3,92398.37,5,4,4,13,Champions
C108978,470,1,254.16699999999997,1,1,1,3,Lost
C108979,311,1,51146.470499999996,1,1,3,5,Hibernating
C108980,57,3,66056.502,4,4,4,12,Champions
C108981,10,1,3619.971,5,1,1,7,New Customers
C108982,39,1,18939.85,4,1,2,7,New Customers
C108983,82,2,37627.558,3,3,3,9,Loyal Customers
C108984,10,14,343122.996,5,5,5,15,Champions
C108988,176,1,5904.695,2,1,1,4,Lost
C108990,104,3,56636.923,3,4,3,10,Loyal Customers
C108991,1,12,217670.2675,5,5,5,15,Champions
C108994,177,4,65844.323,2,4,4,10,Cannot Lose Them
C108997,81,2,60731.911,3,3,3,9,Loyal Customers
C108998,519,1,11217.296000000002,1,1,1,3,Lost
C108999,67,6,98937.4355,3,5,4,12,Loyal Customers
C109002,298,5,92186.333,1,5,4,10,Cannot Lose Them
C109004,685,1,8136.250999999999,1,1,1,3,Lost
C109005,0,1,77889.519,5,1,4,10,New Customers
C109006,188,4,82648.06,2,4,4,10,Cannot Lose Them
C109007,346,2,41693.184,1,3,3,7,At Risk
C109008,687,1,8687.760000000002,1,1,1,3,Lost
C109009,36,4,88268.856,4,4,4,12,Champions
C109010,53,4,107322.5685,4,4,4,12,Champions
C109011,13,15,412301.571,5,5,5,15,Champions
C109012,207,1,3923.163,2,1,1,4,Lost
C109013,89,5,123414.762,3,5,5,13,Loyal Customers
C109014,339,1,1239.674,1,1,1,3,Lost
C109015,38,3,78108.7,4,4,4,12,Champions
C109017,41,2,13563.72,4,3,1,8,Loyal Customers
C109018,267,4,60550.276000000005,2,4,3,9,At Risk
C109019,19,3,36915.8045,5,4,2,11,Loyal Customers
C109020,352,1,4300.824,1,1,1,3,Lost
C109022,681,1,34012.119999999995,1,1,2,4,Lost
C109026,60,2,15894.146,4,3,1,8,Loyal Customers
C109029,25,3,45090.386000000006,4,4,3,11,Loyal Customers
C109031,157,3,75006.01599999999,2,4,4,10,Cannot Lose Them
C109032,335,4,88662.337,1,4,4,9,Cannot Lose Them
C109033,53,1,24076.728000000003,4,1,2,7,New Customers
C109035,39,4,115129.583,4,4,5,13,Champions
C109036,608,1,3876.7989999999995,1,1,1,3,Lost
C109038,13,2,30550.912000000004,5,3,2,10,Loyal Customers
C109039,32,7,142237.229,4,5,5,14,Champions
C109041,41,5,228991.516,4,5,5,14,Champions
C109042,450,1,7630.91,1,1,1,3,Lost
C109045,38,2,26208.940000000002,4,3,2,9,Loyal Customers
C109046,91,2,40851.0225,3,3,3,9,Loyal Customers
C109047,158,1,7450.11,2,1,1,4,Lost
C109049,767,1,10187.705,1,1,1,3,Lost
C109051,109,2,39749.4055,3,3,3,9,Loyal Customers
C109052,477,5,145282.0395,1,5,5,11,Cannot Lose Them
C109053,414,3,39657.57,1,4,3,8,At Risk
C109054,494,1,2633.39,1,1,1,3,Lost
C109055,179,4,104894.2735,2,4,4,10,Cannot Lose Them
C109057,121,3,83515.25,3,4,4,11,Loyal Customers
C109058,9,3,56058.62,5,4,3,12,Loyal Customers
C109059,13,9,128623.0605,5,5,5,15,Champions
C109060,89,14,497308.74,3,5,5,13,Loyal Customers
C109061,100,3,51968.957,3,4,3,10,Loyal Customers
C109062,137,2,40097.039,3,3,3,9,Loyal Customers
C109063,556,1,15924.833999999997,1,1,1,3,Lost
C109064,414,3,93853.9025,1,4,4,9,Cannot Lose Them
C109065,166,5,93236.68400000001,2,5,4,11,Cannot Lose Them
C109066,357,1,59002.26400000001,1,1,3,5,Hibernating
C109068,93,4,114941.58,3,4,5,12,Loyal Customers
C109069,179,2,16313.170000000002,2,3,1,6,At Risk
C109070,24,3,45975.349500000004,4,4,3,11,Loyal Customers
C109071,1,4,130650.986,5,4,5,14,Champions
C109072,105,1,5808.496,3,1,1,5,Hibernating
C109074,35,3,95800.5,4,4,4,12,Champions
C109075,50,1,697.034,4,1,1,6,New Customers
C109078,153,1,8817.538999999999,2,1,1,4,Lost
C109079,270,3,35111.984000000004,2,4,2,8,At Risk
C109081,44,4,153414.4,4,4,5,13,Champions
C109082,74,4,136330.51499999998,3,4,5,12,Loyal Customers
C109083,61,1,20023.78,4,1,2,7,New Customers
C109084,82,1,7562.14,3,1,1,5,Hibernating
C109087,11,6,187626.6255,5,5,5,15,Champions
C109089,55,7,117700.989,4,5,5,14,Champions
C109090,639,1,38096.200000000004,1,1,3,5,Hibernating
C109091,37,6,104788.4125,4,5,4,13,Champions
C109092,3,1,21121.13,5,1,2,8,New Customers
C109093,76,1,39557.66,3,1,3,7,Potential Loyalists
C109096,375,1,27481.639000000003,1,1,2,4,Lost
C109098,14,2,33523.498,5,3,2,10,Loyal Customers
C109099,33,3,60500.308,4,4,3,11,Loyal Customers
C109100,364,6,85608.09049999999,1,5,4,10,Cannot Lose Them
C109101,79,3,82975.046,3,4,4,11,Loyal Customers
C109102,408,1,31384.25,1,1,2,4,Lost
C109103,315,1,18815.28,1,1,2,4,Lost
C109104,69,3,41967.146499999995,3,4,3,10,Loyal Customers
C109106,286,1,11623.7925,2,1,1,4,Lost
C109108,14,1,9312.99,5,1,1,7,New Customers
C109109,86,4,48872.619999999995,3,4,3,10,Loyal Customers
C109111,1016,1,12077.39,1,1,1,3,Lost
C109112,111,3,57076.1265,3,4,3,10,Loyal Customers
C109115,5,2,26951.697500000002,5,3,2,10,Loyal Customers
C109116,108,2,37073.804000000004,3,3,2,8,Loyal Customers
C109118,3,3,42734.49450000001,5,4,3,12,Loyal Customers
C109119,205,2,9669.435,2,3,1,6,At Risk
C109121,622,3,65199.199499999995,1,4,4,9,Cannot Lose Them
C109122,90,3,69311.79000000001,3,4,4,11,Loyal Customers
C109125,36,3,51967.73299999999,4,4,3,11,Loyal Customers
C109126,110,7,163222.71349999998,3,5,5,13,Loyal Customers
C109127,145,3,65676.796,2,4,4,10,Cannot Lose Them
C109130,1,5,83551.032,5,5,4,14,Champions
C109131,1,4,117410.174,5,4,5,14,Champions
C109132,73,1,5832.19,3,1,1,5,Hibernating
C109134,230,3,77981.065,2,4,4,10,Cannot Lose Them
C109135,129,3,66060.273,3,4,4,11,Loyal Customers
C109137,177,1,44462.261,2,1,3,6,Hibernating
C109141,53,3,69104.403,4,4,4,12,Champions
C109142,105,2,7530.68,3,3,1,7,Loyal Customers
C109143,423,1,32975.304000000004,1,1,2,4,Lost
C109144,166,1,9317.99,2,1,1,4,Lost
C109145,102,6,57591.14,3,5,3,11,Loyal Customers
C109147,241,4,57706.1095,2,4,3,9,At Risk
C109148,216,5,85017.508,2,5,4,11,Cannot Lose Them
C109150,309,1,45356.0495,1,1,3,5,Hibernating
C109151,106,7,95824.1785,3,5,4,12,Loyal Customers
C109154,0,4,68060.5135,5,4,4,13,Champions
C109156,50,2,15906.778,4,3,1,8,Loyal Customers
C109157,0,2,4711.4215,5,3,1,9,Loyal Customers
C109158,177,1,384.516,2,1,1,4,Lost
C109161,236,1,13589.142,2,1,1,4,Lost
C109163,24,3,104940.035,4,4,4,12,Champions
C109164,13,2,51994.67250000001,5,3,3,11,Loyal Customers
C109165,35,3,43363.641,4,4,3,11,Loyal Customers
C109167,17,7,165002.905,5,5,5,15,Champions
C109168,124,1,12724.167,3,1,1,5,Hibernating
C109169,178,3,75154.239,2,4,4,10,Cannot Lose Them
C109170,9,5,117496.4565,5,5,5,15,Champions
C109171,61,8,179556.522,4,5,5,14,Champions
C109172,4,2,56756.229,5,3,3,11,Loyal Customers
C109174,85,6,117043.57900000001,3,5,5,13,Loyal Customers
C109175,92,5,89203.9225,3,5,4,12,Loyal Customers
C109177,43,4,50761.666,4,4,3,11,Loyal Customers
C109180,207,1,25088.14,2,1,2,5,Lost
C109181,396,1,11089.928000000002,1,1,1,3,Lost
C109182,183,2,4318.0665,2,3,1,6,At Risk
C109186,27,2,58973.432,4,3,3,10,Loyal Customers
C109187,79,2,50056.1365,3,3,3,9,Loyal Customers
C109188,38,9,304450.454,4,5,5,14,Champions
C109189,121,2,31646.9505,3,3,2,8,Loyal Customers
C109190,187,1,13235.51,2,1,1,4,Lost
C109192,4,7,185850.345,5,5,5,15,Champions
C109193,11,5,209020.921,5,5,5,15,Champions
C109194,117,1,10826.23,3,1,1,5,Hibernating
C109195,271,1,41674.8,2,1,3,6,Hibernating
C109197,172,1,11706.45,2,1,1,4,Lost
C109199,850,1,20300.9,1,1,2,4,Lost
C109200,65,7,156929.5095,3,5,5,13,Loyal Customers
C109201,167,5,132196.7825,2,5,5,12,Cannot Lose Them
C109202,34,4,77493.21350000001,4,4,4,12,Champions
C109203,32,9,205801.316,4,5,5,14,Champions
C109204,52,4,44145.996,4,4,3,11,Loyal Customers
C109205,77,6,106325.6205,3,5,4,12,Loyal Customers
C109206,20,4,78783.7295,5,4,4,13,Champions
C109209,138,13,219186.629,3,5,5,13,Loyal Customers
C109210,124,1,1435.3,3,1,1,5,Hibernating
C109211,13,3,50586.146,5,4,3,12,Loyal Customers
C109212,41,6,87248.34700000001,4,5,4,13,Champions
C109213,45,3,82815.59,4,4,4,12,Champions
C109214,104,4,95271.227,3,4,4,11,Loyal Customers
C109215,376,1,15227.83,1,1,1,3,Lost
C109218,41,1,18046.3755,4,1,1,6,New Customers
C109222,278,2,20797.118499999997,2,3,2,7,At Risk
C109223,66,8,157554.1315,3,5,5,13,Loyal Customers
C109224,63,3,50056.849,3,4,3,10,Loyal Customers
C109225,73,2,30198.2325,3,3,2,8,Loyal Customers
C109226,0,11,270221.434,5,5,5,15,Champions
C109229,199,1,13932.2905,2,1,1,4,Lost
C109230,89,1,23040.9865,3,1,2,6,Hibernating
C109231,205,3,39400.173,2,4,3,9,At Risk
C109232,36,1,3660.55,4,1,1,6,New Customers
C109233,783,1,18467.116499999996,1,1,2,4,Lost
C109234,-1,2,27455.06,5,3,2,10,Loyal Customers
C109235,32,3,74143.44,4,4,4,12,Champions
C109236,418,1,2685.72,1,1,1,3,Lost
C109237,112,2,92735.591,3,3,4,10,Loyal Customers
C109238,247,1,44174.72,2,1,3,6,Hibernating
C109239,92,4,54090.886,3,4,3,10,Loyal Customers
C109240,200,1,9529.05,2,1,1,4,Lost
C109241,78,1,18014.6,3,1,1,5,Hibernating
C109242,4,2,86378.75,5,3,4,12,Loyal Customers
C109243,292,4,51663.416,1,4,3,8,At Risk
C109244,92,6,143086.131,3,5,5,13,Loyal Customers
C109245,3,2,11595.638,5,3,1,9,Loyal Customers
C109246,278,3,55956.89,2,4,3,9,At Risk
C109247,1029,1,4933.0,1,1,1,3,Lost
C109248,340,1,24105.3,1,1,2,4,Lost
C109249,21,7,175270.519,4,5,5,14,Champions
C109250,87,2,52135.436,3,3,3,9,Loyal Customers
C109251,164,1,51694.47,2,1,3,6,Hibernating
C109254,95,2,66023.789,3,3,4,10,Loyal Customers
C109255,56,1,39942.21,4,1,3,8,New Customers
C109256,88,2,15621.624,3,3,1,7,Loyal Customers
C109257,13,6,78832.7425,5,5,4,14,Champions
C109258,7,2,22055.018500000002,5,3,2,10,Loyal Customers
C109259,42,6,97009.208,4,5,4,13,Champions
C109262,192,4,62968.013,2,4,3,9,At Risk
C109263,242,1,52171.54,2,1,3,6,Hibernating
C109265,19,4,146081.365,5,4,5,14,Champions
C109266,118,3,78323.62,3,4,4,11,Loyal Customers
C109267,24,5,133801.805,4,5,5,14,Champions
C109268,330,1,62187.1475,1,1,3,5,Hibernating
C109271,60,5,113533.72050000001,4,5,5,14,Champions
C109272,142,1,14663.991,2,1,1,4,Lost
C109273,3,6,148405.9375,5,5,5,15,Champions
C109274,267,1,30901.086000000003,2,1,2,5,Lost
C109275,225,2,12480.5,2,3,1,6,At Risk
C109276,137,1,25746.2705,3,1,2,6,Hibernating
C109277,38,1,16473.72,4,1,1,6,New Customers
C109278,289,3,44141.833,1,4,3,8,At Risk
C109279,344,1,14037.048,1,1,1,3,Lost
C109283,89,7,138000.7015,3,5,5,13,Loyal Customers
C109287,197,6,144341.5995,2,5,5,12,Cannot Lose Them
C109291,863,2,36990.806000000004,1,3,2,6,At Risk
C109292,90,6,116855.6,3,5,5,13,Loyal Customers
C109293,50,3,42231.811,4,4,3,11,Loyal Customers
C109295,560,4,57058.7885,1,4,3,8,At Risk
C109297,14,1,32675.7425,5,1,2,8,New Customers
C109298,-1,9,238332.5045,5,5,5,15,Champions
C109299,169,2,34292.411,2,3,2,7,At Risk
C109300,59,4,74869.75,4,4,4,12,Champions
C109303,55,2,34348.456,4,3,2,9,Loyal Customers
C109305,238,2,44019.890999999996,2,3,3,8,At Risk
C109306,34,2,32431.230499999998,4,3,2,9,Loyal Customers
C109307,13,8,196217.932,5,5,5,15,Champions
C109308,35,2,72951.64199999999,4,3,4,11,Loyal Customers
C109309,345,1,11053.824999999999,1,1,1,3,Lost
C109311,23,5,72523.6105,4,5,4,13,Champions
C109312,49,9,162976.851,4,5,5,14,Champions
C109313,3,3,126518.6025,5,4,5,14,Champions
C109314,307,1,5267.94,1,1,1,3,Lost
C109316,130,3,35594.314,3,4,2,9,Loyal Customers
C109317,118,7,157798.523,3,5,5,13,Loyal Customers
C109319,81,2,21424.699,3,3,2,8,Loyal Customers
C109321,31,2,109275.53,4,3,5,12,Loyal Customers
C109323,57,5,96374.8305,4,5,4,13,Champions
C109325,174,1,14372.577000000001,2,1,1,4,Lost
C109326,160,1,12979.21,2,1,1,4,Lost
C109327,349,5,64057.604999999996,1,5,4,10,Cannot Lose Them
C109328,11,3,58358.59,5,4,3,12,Loyal Customers
C109331,69,2,24365.983500000002,3,3,2,8,Loyal Customers
C109332,40,4,92745.0165,4,4,4,12,Champions
C109333,234,1,18968.265,2,1,2,5,Lost
C109334,-1,3,38647.113,5,4,3,12,Loyal Customers
C109335,304,1,17463.109,1,1,1,3,Lost
C109336,311,6,94627.0945,1,5,4,10,Cannot Lose Them
C109339,286,1,14510.768,2,1,1,4,Lost
C109340,346,1,37448.365,1,1,3,5,Hibernating
C109342,206,4,10452.654,2,4,1,7,At Risk
C109343,133,2,38624.646,3,3,3,9,Loyal Customers
C109345,90,4,45461.5535,3,4,3,10,Loyal Customers
C109346,19,9,203473.818,5,5,5,15,Champions
C109347,260,2,48157.86,2,3,3,8,At Risk
C109348,101,2,83829.438,3,3,4,10,Loyal Customers
C109352,78,4,81364.421,3,4,4,11,Loyal Customers
C109353,420,3,29415.920000000002,1,4,2,7,At Risk
C109355,188,1,22481.18,2,1,2,5,Lost
C109358,37,2,50994.1095,4,3,3,10,Loyal Customers
C109359,38,1,6169.05,4,1,1,6,New Customers
C109362,101,3,127741.4985,3,4,5,12,Loyal Customers
C109363,73,2,65755.0005,3,3,4,10,Loyal Customers
C109364,406,1,18182.472,1,1,2,4,Lost
C109365,24,4,162318.64,4,4,5,13,Champions
C109366,242,1,12547.048999999999,2,1,1,4,Lost
C109368,76,6,55546.823,3,5,3,11,Loyal Customers
C109369,54,1,13084.69,4,1,1,6,New Customers
C109371,96,9,203072.38450000001,3,5,5,13,Loyal Customers
C109374,45,14,319140.6785,4,5,5,14,Champions
C109376,128,2,31199.690000000002,3,3,2,8,Loyal Customers
C109378,47,1,20666.952,4,1,2,7,New Customers
C109379,28,3,37104.968,4,4,2,10,Loyal Customers
C109380,579,1,2211.22,1,1,1,3,Lost
C109381,179,3,23325.654499999997,2,4,2,8,At Risk
C109382,238,5,89601.26,2,5,4,11,Cannot Lose Them
C109384,40,5,103732.513,4,5,4,13,Champions
C109387,8,12,307583.5565,5,5,5,15,Champions
C109388,307,1,22316.472,1,1,2,4,Lost
C109389,688,1,382.74,1,1,1,3,Lost
C109390,145,1,2163.69,2,1,1,4,Lost
C109391,291,1,16422.96,1,1,1,3,Lost
C109392,36,2,41752.1555,4,3,3,10,Loyal Customers
C109393,31,4,82473.931,4,4,4,12,Champions
C109394,307,3,90259.22649999999,1,4,4,9,Cannot Lose Them
C109399,110,6,92862.48300000001,3,5,4,12,Loyal Customers
C109400,366,4,69078.31999999999,1,4,4,9,Cannot Lose Them
C109401,2,3,61298.126000000004,5,4,3,12,Loyal Customers
C109402,1,7,159379.0945,5,5,5,15,Champions
C109403,1,5,196487.62099999998,5,5,5,15,Champions
C109407,150,3,52999.954,2,4,3,9,At Risk
C109411,6,5,136775.6845,5,5,5,15,Champions
C109412,123,2,17777.909,3,3,1,7,Loyal Customers
C109414,30,4,56893.232,4,4,3,11,Loyal Customers
C109415,683,2,28038.167999999998,1,3,2,6,At Risk
C109416,107,2,92712.982,3,3,4,10,Loyal Customers
C109417,399,1,12796.6,1,1,1,3,Lost
C109418,1,3,40298.914,5,4,3,12,Loyal Customers
C109419,107,4,30495.267,3,4,2,9,Loyal Customers
C109421,36,5,149222.402,4,5,5,14,Champions
C109422,240,12,231454.111,2,5,5,12,Cannot Lose Them
C109423,222,3,119804.44499999999,2,4,5,11,Cannot Lose Them
C109425,314,3,41507.67,1,4,3,8,At Risk
C109429,93,7,90907.27249999999,3,5,4,12,Loyal Customers
C109430,229,2,26344.2,2,3,2,7,At Risk
C109431,58,7,100582.558,4,5,4,13,Champions
C109432,87,1,30713.492,3,1,2,6,Hibernating
C109435,302,1,27049.84,1,1,2,4,Lost
C109436,186,3,156120.976,2,4,5,11,Cannot Lose Them
C109437,119,12,269462.2865,3,5,5,13,Loyal Customers
C109438,19,2,9695.66,5,3,1,9,Loyal Customers
C109439,57,6,170981.5505,4,5,5,14,Champions
C109440,22,5,71372.8655,4,5,4,13,Champions
C109441,-1,3,118773.86,5,4,5,14,Champions
C109442,241,2,22901.23,2,3,2,7,At Risk
C109443,371,1,17631.069,1,1,1,3,Lost
C109444,41,1,30393.656000000003,4,1,2,7,New Customers
C109445,173,1,7345.660000000001,2,1,1,4,Lost
C109446,53,4,62496.318,4,4,3,11,Loyal Customers
C109447,353,1,14331.64,1,1,1,3,Lost
C109448,215,1,21750.41,2,1,2,5,Lost
C109450,259,3,39617.308000000005,2,4,3,9,At Risk
C109451,172,2,82114.36,2,3,4,9,At Risk
C109452,17,2,22428.282000000003,5,3,2,10,Loyal Customers
C109453,13,6,110596.64050000001,5,5,5,15,Champions
C109454,2,4,87629.666,5,4,4,13,Champions
C109455,92,5,122793.1615,3,5,5,13,Loyal Customers
C109456,89,13,222483.2775,3,5,5,13,Loyal Customers
C109459,102,3,86822.154,3,4,4,11,Loyal Customers
C109460,31,8,117919.986,4,5,5,14,Champions
C109463,449,2,38409.604,1,3,3,7,At Risk
C109464,36,2,38542.314,4,3,3,10,Loyal Customers
C109465,71,6,115098.67,3,5,5,13,Loyal Customers
C109467,415,1,18356.3275,1,1,2,4,Lost
C109468,53,11,275849.8295,4,5,5,14,Champions
C109469,234,1,71887.564,2,1,4,7,Hibernating
C109470,288,3,79367.0105,2,4,4,10,Cannot Lose Them
C109471,214,2,63762.92,2,3,4,9,At Risk
C109472,17,6,105214.3395,5,5,4,14,Champions
C109474,1,2,96825.87,5,3,4,12,Loyal Customers
C109475,15,2,29635.0155,5,3,2,10,Loyal Customers
C109476,52,5,41625.154,4,5,3,12,Loyal Customers
C109477,17,5,80620.51699999999,5,5,4,14,Champions
C109478,16,7,123518.7795,5,5,5,15,Champions
C109479,5,4,102410.5695,5,4,4,13,Champions
C109481,152,4,96450.083,2,4,4,10,Cannot Lose Them
C109485,125,1,43554.663,3,1,3,7,Potential Loyalists
C109486,344,1,18048.18,1,1,1,3,Lost
C109487,41,1,17104.028,4,1,1,6,New Customers
C109489,221,1,28372.93,2,1,2,5,Lost
C109490,669,2,67900.7845,1,3,4,8,At Risk
C109491,330,3,89916.56349999999,1,4,4,9,Cannot Lose Them
C109492,870,1,9678.296,1,1,1,3,Lost
C109493,37,2,14010.8985,4,3,1,8,Loyal Customers
C109495,16,10,211285.938,5,5,5,15,Champions
C109496,511,1,16309.069,1,1,1,3,Lost
C109497,289,2,27383.706000000002,1,3,2,6,At Risk
C109498,180,6,141547.5565,2,5,5,12,Cannot Lose Them
C109499,19,3,101296.724,5,4,4,13,Champions
C109500,144,9,155669.4915,2,5,5,12,Cannot Lose Them
C109501,20,1,13590.278999999999,5,1,1,7,New Customers
C109502,1,5,86509.39,5,5,4,14,Champions
C109503,154,2,22994.0715,2,3,2,7,At Risk
C109506,20,4,99052.889,5,4,4,13,Champions
C109507,31,1,36677.268000000004,4,1,2,7,New Customers
C109509,246,1,4235.755499999999,2,1,1,4,Lost
C109510,49,2,23346.0405,4,3,2,9,Loyal Customers
C109511,-1,6,81161.342,5,5,4,14,Champions
C109512,82,1,12467.43,3,1,1,5,Hibernating
C109513,21,5,102592.9,4,5,4,13,Champions
C109514,948,1,0.0,1,1,1,3,Lost
C109515,214,1,20222.02,2,1,2,5,Lost
C109516,19,5,204688.9375,5,5,5,15,Champions
C109519,129,5,108528.556,3,5,5,13,Loyal Customers
C109520,224,1,2332.8,2,1,1,4,Lost
C109521,480,1,13797.28,1,1,1,3,Lost
C109522,303,1,3035.07,1,1,1,3,Lost
C109524,75,1,11321.336999999998,3,1,1,5,Hibernating
C109527,55,1,36913.34,4,1,2,7,New Customers
C109528,427,2,34983.422999999995,1,3,2,6,At Risk
C109529,1,6,97183.497,5,5,4,14,Champions
C109531,16,5,123117.141,5,5,5,15,Champions
C109533,302,1,19885.45,1,1,2,4,Lost
C109536,4,4,123177.6485,5,4,5,14,Champions
C109537,6,2,57250.046,5,3,3,11,Loyal Customers
C109538,576,3,52696.198000000004,1,4,3,8,At Risk
C109541,0,2,50155.38,5,3,3,11,Loyal Customers
C109542,3,2,45976.311499999996,5,3,3,11,Loyal Customers
C109544,823,2,26404.905499999997,1,3,2,6,At Risk
C109545,73,3,32170.017,3,4,2,9,Loyal Customers
C109546,145,1,15486.27,2,1,1,4,Lost
C109548,61,3,46615.253,4,4,3,11,Loyal Customers
C109549,234,3,50682.24,2,4,3,9,At Risk
C109550,931,1,1555.191,1,1,1,3,Lost
C109551,492,3,47304.131,1,4,3,8,At Risk
C109552,144,2,87088.4725,2,3,4,9,At Risk
C109553,122,4,59770.1035,3,4,3,10,Loyal Customers
C109555,12,2,37899.4295,5,3,3,11,Loyal Customers
C109556,72,5,82431.715,3,5,4,12,Loyal Customers
C109557,242,3,99008.2825,2,4,4,10,Cannot Lose Them
C109558,95,1,13948.52,3,1,1,5,Hibernating
C109559,276,3,70155.19200000001,2,4,4,10,Cannot Lose Them
C109560,47,5,86851.381,4,5,4,13,Champions
C109561,102,6,107418.412,3,5,4,12,Loyal Customers
C109563,3,7,156804.93649999998,5,5,5,15,Champions
C109564,255,1,21750.030000000002,2,1,2,5,Lost
C109565,413,4,59272.0,1,4,3,8,At Risk
C109567,210,1,16900.46,2,1,1,4,Lost
C109568,142,1,7484.49,2,1,1,4,Lost
C109569,562,2,61202.723,1,3,3,7,At Risk
C109570,24,4,111398.708,4,4,5,13,Champions
C109571,27,8,160150.4915,4,5,5,14,Champions
C109572,19,6,193703.8405,5,5,5,15,Champions
C109573,3,5,69744.4405,5,5,4,14,Champions
C109574,262,3,73561.42599999999,2,4,4,10,Cannot Lose Them
C109575,134,2,40061.321,3,3,3,9,Loyal Customers
C109577,65,1,14999.7,3,1,1,5,Hibernating
C109578,32,1,14731.7495,4,1,1,6,New Customers
C109579,18,5,133495.4365,5,5,5,15,Champions
C109581,466,2,25443.088000000003,1,3,2,6,At Risk
C109583,120,3,56683.6975,3,4,3,10,Loyal Customers
C109585,45,2,80426.26,4,3,4,11,Loyal Customers
C109587,671,2,62260.94,1,3,3,7,At Risk
C109589,156,2,36895.770000000004,2,3,2,7,At Risk
C109590,65,1,10688.1,3,1,1,5,Hibernating
C109593,125,2,11022.25,3,3,1,7,Loyal Customers
C109595,8,5,116955.4625,5,5,5,15,Champions
C109597,184,2,38916.649,2,3,3,8,At Risk
C109598,551,1,15360.560000000001,1,1,1,3,Lost
C109599,194,2,66732.61,2,3,4,9,At Risk
C109600,488,1,3977.3120000000004,1,1,1,3,Lost
C109601,723,1,8284.57,1,1,1,3,Lost
C109602,5,4,67893.25349999999,5,4,4,13,Champions
C109603,6,4,114622.914,5,4,5,14,Champions
C109604,101,2,51337.840000000004,3,3,3,9,Loyal Customers
C109606,195,5,64555.480500000005,2,5,4,11,Cannot Lose Them
C109607,0,6,104442.2075,5,5,4,14,Champions
C109610,2,13,392246.276,5,5,5,15,Champions
C109611,25,2,35079.745,4,3,2,9,Loyal Customers
C109612,33,6,53499.4815,4,5,3,12,Loyal Customers
C109613,211,1,19080.16,2,1,2,5,Lost
C109617,77,4,145672.18,3,4,5,12,Loyal Customers
C109618,57,2,59992.928,4,3,3,10,Loyal Customers
C109620,115,6,153792.0785,3,5,5,13,Loyal Customers
C109622,225,2,36945.079,2,3,2,7,At Risk
C109623,15,3,85055.763,5,4,4,13,Champions
C109626,119,1,59254.52099999999,3,1,3,7,Potential Loyalists
C109628,356,1,1368.0095,1,1,1,3,Lost
C109630,44,1,31168.24,4,1,2,7,New Customers
C109631,148,2,94693.0895,2,3,4,9,At Risk
C109635,557,4,91382.2645,1,4,4,9,Cannot Lose Them
C109636,19,2,31285.0405,5,3,2,10,Loyal Customers
C109637,410,1,45835.26,1,1,3,5,Hibernating
C109638,376,1,76333.43000000001,1,1,4,6,Hibernating
C109639,39,2,34348.336,4,3,2,9,Loyal Customers
C109640,403,2,39052.917,1,3,3,7,At Risk
C109641,14,7,110923.575,5,5,5,15,Champions
C109646,714,4,125791.7505,1,4,5,10,Cannot Lose Them
C109647,48,5,36887.702,4,5,2,11,Loyal Customers
C109648,69,5,119287.314,3,5,5,13,Loyal Customers
C109650,751,1,13435.140000000001,1,1,1,3,Lost
C109651,23,7,117510.94750000001,4,5,5,14,Champions
C109652,484,1,22087.674000000003,1,1,2,4,Lost
C109653,70,8,214088.686,3,5,5,13,Loyal Customers
C109654,19,1,9232.072,5,1,1,7,New Customers
C109655,1,11,216560.8485,5,5,5,15,Champions
C109656,5,10,236540.3605,5,5,5,15,Champions
C109657,19,2,23452.09,5,3,2,10,Loyal Customers
C109658,82,4,50468.179,3,4,3,10,Loyal Customers
C109659,208,3,47627.870500000005,2,4,3,9,At Risk
C109660,745,1,10239.41,1,1,1,3,Lost
C109662,668,2,38717.5275,1,3,3,7,At Risk
C109664,18,1,3091.536,5,1,1,7,New Customers
C109665,35,1,3122.3050000000003,4,1,1,6,New Customers
C109666,-1,11,199970.403,5,5,5,15,Champions
C109667,169,2,26631.9725,2,3,2,7,At Risk
C109668,460,3,35939.594,1,4,2,7,At Risk
C109669,719,1,7450.640999999999,1,1,1,3,Lost
C109670,19,1,9625.53,5,1,1,7,New Customers
C109671,9,5,104933.856,5,5,4,14,Champions
C109672,43,3,79873.0715,4,4,4,12,Champions
C109673,0,2,22225.828,5,3,2,10,Loyal Customers
C109674,216,3,78582.04800000001,2,4,4,10,Cannot Lose Them
C109675,99,4,53322.5315,3,4,3,10,Loyal Customers
C109678,156,2,39046.396,2,3,3,8,At Risk
C109679,64,3,67602.4075,3,4,4,11,Loyal Customers
C109681,262,1,16565.91,2,1,1,4,Lost
C109683,575,1,37967.34,1,1,3,5,Hibernating
C109684,318,1,26489.0,1,1,2,4,Lost
C109686,129,1,22203.099000000002,3,1,2,6,Hibernating
C109688,50,5,128999.27900000001,4,5,5,14,Champions
C109689,68,3,76272.382,3,4,4,11,Loyal Customers
C109690,31,7,110260.041,4,5,5,14,Champions
C109692,77,7,99826.457,3,5,4,12,Loyal Customers
C109693,29,4,47725.493,4,4,3,11,Loyal Customers
C109694,494,4,58551.2635,1,4,3,8,At Risk
C109695,26,9,170473.21600000001,4,5,5,14,Champions
C109696,231,4,64622.538,2,4,4,10,Cannot Lose Them
C109697,45,8,160874.5485,4,5,5,14,Champions
C109698,101,6,178642.19950000002,3,5,5,13,Loyal Customers
C109699,80,5,78777.953,3,5,4,12,Loyal Customers
C109700,6,5,75271.38,5,5,4,14,Champions
C109701,68,2,35675.551,3,3,2,8,Loyal Customers
C109702,7,9,178628.144,5,5,5,15,Champions
C109704,169,2,40580.176,2,3,3,8,At Risk
C109705,155,2,19996.392,2,3,2,7,At Risk
C109706,361,2,16555.192,1,3,1,5,At Risk
C109707,22,6,168818.61000000002,4,5,5,14,Champions
C109709,134,1,26547.78,3,1,2,6,Hibernating
C109712,45,2,64806.6,4,3,4,11,Loyal Customers
C109713,361,1,25868.672,1,1,2,4,Lost
C109717,251,2,34691.765,2,3,2,7,At Risk
C109718,164,4,94229.187,2,4,4,10,Cannot Lose Them
C109719,111,1,24372.05,3,1,2,6,Hibernating
C109720,56,5,109303.28199999999,4,5,5,14,Champions
C109722,154,4,54152.645,2,4,3,9,At Risk
C109724,3,11,213562.7065,5,5,5,15,Champions
C109726,6,3,55886.6225,5,4,3,12,Loyal Customers
C109730,305,1,14519.572499999998,1,1,1,3,Lost
C109731,279,2,56635.176,2,3,3,8,At Risk
C109733,38,5,99126.9405,4,5,4,13,Champions
C109734,5,1,47223.227,5,1,3,9,New Customers
C109737,67,4,143208.5525,3,4,5,12,Loyal Customers
C109740,104,2,56720.98449999999,3,3,3,9,Loyal Customers
C109742,131,3,37257.7645,3,4,2,9,Loyal Customers
C109744,-1,14,339940.1115,5,5,5,15,Champions
C109745,65,3,60032.545,3,4,3,10,Loyal Customers
C109746,180,15,293634.17949999997,2,5,5,12,Cannot Lose Them
C109748,789,1,32066.199,1,1,2,4,Lost
C109749,24,8,171704.7935,4,5,5,14,Champions
C109750,4,1,4915.04,5,1,1,7,New Customers
C109752,55,1,2180.754,4,1,1,6,New Customers
C109753,0,6,64776.627499999995,5,5,4,14,Champions
C109755,370,3,16518.0575,1,4,1,6,At Risk
C109756,30,6,241576.648,4,5,5,14,Champions
C109759,32,8,55699.7015,4,5,3,12,Loyal Customers
C109760,31,6,114164.8005,4,5,5,14,Champions
C109762,457,2,29583.138,1,3,2,6,At Risk
C109763,184,1,29199.584000000003,2,1,2,5,Lost
C109764,464,2,48263.124,1,3,3,7,At Risk
C109765,579,2,39338.388,1,3,3,7,At Risk
C109766,124,3,18553.8615,3,4,2,9,Loyal Customers
C109767,28,1,47663.32,4,1,3,8,New Customers
C109768,0,11,160048.5635,5,5,5,15,Champions
C109769,598,1,25560.144,1,1,2,4,Lost
C109771,156,7,117808.15950000001,2,5,5,12,Cannot Lose Them
C109772,16,4,55245.7,5,4,3,12,Loyal Customers
C109774,247,3,44702.306,2,4,3,9,At Risk
C109777,644,1,7033.936999999999,1,1,1,3,Lost
C109780,609,1,27503.0,1,1,2,4,Lost
C109783,15,6,118155.988,5,5,5,15,Champions
C109784,92,2,90206.94,3,3,4,10,Loyal Customers
C109786,583,2,69062.64,1,3,4,8,At Risk
C109787,36,5,102419.65,4,5,4,13,Champions
C109788,85,1,54162.23,3,1,3,7,Potential Loyalists
C109790,799,1,15660.45,1,1,1,3,Lost
C109791,185,5,126608.325,2,5,5,12,Cannot Lose Them
C109794,126,1,48781.789,3,1,3,7,Potential Loyalists
C109795,65,1,18643.769999999997,3,1,2,6,Hibernating
C109796,51,14,222027.415,4,5,5,14,Champions
C109797,111,3,74881.532,3,4,4,11,Loyal Customers
C109798,31,1,15321.743,4,1,1,6,New Customers
C109799,0,5,110631.747,5,5,5,15,Champions
C109800,172,2,85040.0705,2,3,4,9,At Risk
C109801,54,3,58715.882,4,4,3,11,Loyal Customers
C109802,206,3,39451.284,2,4,3,9,At Risk
C109804,65,6,116073.721,3,5,5,13,Loyal Customers
C109805,22,6,127391.863,4,5,5,14,Champions
C109806,302,5,63405.34299999999,1,5,4,10,Cannot Lose Them
C109807,91,4,109057.848,3,4,5,12,Loyal Customers
C109808,250,1,23730.064,2,1,2,5,Lost
C109809,53,2,18119.151499999996,4,3,1,8,Loyal Customers
C109810,121,1,39768.084,3,1,3,7,Potential Loyalists
C109813,373,3,93091.7645,1,4,4,9,Cannot Lose Them
C109814,7,2,31179.461499999998,5,3,2,10,Loyal Customers
C109815,119,3,48127.5965,3,4,3,10,Loyal Customers
C109816,109,3,115978.85,3,4,5,12,Loyal Customers
C109817,178,1,14007.564000000002,2,1,1,4,Lost
C109819,22,9,195676.9185,4,5,5,14,Champions
C109820,47,2,85562.569,4,3,4,11,Loyal Customers
C109822,9,3,44451.21,5,4,3,12,Loyal Customers
C109823,46,3,53309.118,4,4,3,11,Loyal Customers
C109824,28,2,31759.5015,4,3,2,9,Loyal Customers
C109825,22,8,170736.378,4,5,5,14,Champions
C109826,29,1,21227.96,4,1,2,7,New Customers
C109827,9,1,17564.6165,5,1,1,7,New Customers
C109828,951,1,32108.156999999996,1,1,2,4,Lost
C109829,6,5,125486.35650000001,5,5,5,15,Champions
C109830,39,4,34175.2285,4,4,2,10,Loyal Customers
C109831,25,1,28127.961000000003,4,1,2,7,New Customers
C109833,0,2,36153.596000000005,5,3,2,10,Loyal Customers
C109834,2,14,221890.9785,5,5,5,15,Champions
C109835,15,2,28371.406000000003,5,3,2,10,Loyal Customers
C109839,24,2,25617.997,4,3,2,9,Loyal Customers
C109840,565,1,50100.270000000004,1,1,3,5,Hibernating
C109841,2,1,13069.8,5,2,1,8,New Customers
C109842,0,7,183643.789,5,5,5,15,Champions
C109844,225,4,159683.81,2,4,5,11,Cannot Lose Them
C109848,154,1,8007.084000000001,2,2,1,5,Lost
C109849,37,6,108767.052,4,5,5,14,Champions
C109850,393,1,12405.91,1,2,1,4,Lost
C109851,529,3,60265.880000000005,1,4,3,8,At Risk
C109852,217,2,64895.343499999995,2,3,4,9,At Risk
C109854,10,1,14047.250999999998,5,2,1,8,New Customers
C109855,24,4,142912.989,4,4,5,13,Champions
C109856,1043,1,14515.92,1,2,1,4,Lost
C109857,383,4,48683.7125,1,4,3,8,At Risk
C109858,1081,1,10137.18,1,2,1,4,Lost
C109859,140,1,41211.67,2,2,3,7,Hibernating
C109861,222,1,51829.84,2,2,3,7,Hibernating
C109862,14,2,9467.055499999999,5,3,1,9,Loyal Customers
C109863,121,3,77726.051,3,4,4,11,Loyal Customers
C109864,42,1,13467.6,4,2,1,7,New Customers
C109865,45,4,102796.998,4,4,4,12,Champions
C109867,123,6,143878.569,3,5,5,13,Loyal Customers
C109868,97,2,19580.3035,3,3,2,8,Loyal Customers
C109869,270,8,340577.4385,2,5,5,12,Cannot Lose Them
C109870,436,4,173995.7345,1,4,5,10,Cannot Lose Them
C109871,423,2,34064.398,1,3,2,6,At Risk
C109872,1,7,108726.41900000001,5,5,5,15,Champions
C109873,10,3,51810.125,5,4,3,12,Loyal Customers
C109874,108,3,72586.805,3,4,4,11,Loyal Customers
C109876,54,4,155917.881,4,4,5,13,Champions
C109877,43,1,4144.93,4,2,1,7,New Customers
C109878,34,4,114817.2825,4,4,5,13,Champions
C109879,279,4,74897.878,2,4,4,10,Cannot Lose Them
C109880,62,5,130385.64199999999,4,5,5,14,Champions
C109882,161,1,2816.9255000000003,2,2,1,5,Lost
C109883,210,3,67444.3065,2,4,4,10,Cannot Lose Them
C109884,159,8,172398.5025,2,5,5,12,Cannot Lose Them
C109886,48,4,112022.37,4,4,5,13,Champions
C109887,420,1,14879.124000000002,1,2,1,4,Lost
C109890,495,3,45095.438,1,4,3,8,At Risk
C109891,666,4,32114.914000000004,1,4,2,7,At Risk
C109892,196,1,5983.02,2,2,1,5,Lost
C109893,85,3,51762.4845,3,4,3,10,Loyal Customers
C109894,76,4,77975.887,3,4,4,11,Loyal Customers
C109895,88,1,20369.1305,3,2,2,7,Hibernating
C109898,68,2,24224.972,3,3,2,8,Loyal Customers
C109899,55,6,147397.808,4,5,5,14,Champions
C109900,320,1,16537.0395,1,2,1,4,Lost
C109901,171,4,89991.1255,2,4,4,10,Cannot Lose Them
C109903,11,1,2559.62,5,2,1,8,New Customers
C109904,0,3,40938.769,5,4,3,12,Loyal Customers
C109905,318,2,38135.4395,1,3,3,7,At Risk
C109906,89,4,66027.6015,3,4,4,11,Loyal Customers
C109907,585,1,0.0,1,2,1,4,Lost
C109908,23,4,44692.181,4,4,3,11,Loyal Customers
C109909,126,1,12510.088000000002,3,2,1,6,Hibernating
C109910,215,2,68965.06,2,3,4,9,At Risk
C109914,634,1,77084.2825,1,2,4,7,Hibernating
C109915,20,12,247015.7415,5,5,5,15,Champions
C109918,180,1,17074.36,2,2,1,5,Lost
C109919,160,5,117780.799,2,5,5,12,Cannot Lose Them
C109920,602,3,81813.3185,1,4,4,9,Cannot Lose Them
C109921,38,5,163485.767,4,5,5,14,Champions
C109922,20,1,49461.322499999995,5,2,3,10,New Customers
C109923,192,3,41084.088,2,4,3,9,At Risk
C109925,56,4,52793.974,4,4,3,11,Loyal Customers
C109926,77,1,19637.601000000002,3,2,2,7,Hibernating
C109928,892,2,49518.903,1,3,3,7,At Risk
C109930,747,1,12826.806,1,2,1,4,Lost
C109932,127,1,12334.154499999999,3,2,1,6,Hibernating
C109934,335,3,54201.077000000005,1,4,3,8,At Risk
C109935,14,3,47216.102,5,4,3,12,Loyal Customers
C109936,209,1,14504.468,2,2,1,5,Lost
C109937,372,1,6422.28,1,2,1,4,Lost
C109939,158,4,86918.78,2,4,4,10,Cannot Lose Them
C109940,37,4,63317.782,4,4,4,12,Champions
C109942,1,4,90178.275,5,4,4,13,Champions
C109943,68,1,13561.992,3,2,1,6,Hibernating
C109944,84,3,11658.3635,3,4,1,8,Loyal Customers
C109945,195,2,36598.206,2,3,2,7,At Risk
C109946,113,8,227809.902,3,5,5,13,Loyal Customers
C109947,115,5,140547.705,3,5,5,13,Loyal Customers
C109948,25,9,89028.0115,4,5,4,13,Champions
C109949,42,3,75511.095,4,4,4,12,Champions
C109950,38,4,80662.5125,4,4,4,12,Champions
C109952,85,1,14964.599499999998,3,2,1,6,Hibernating
C109953,55,13,259035.2035,4,5,5,14,Champions
C109954,55,1,18678.654000000002,4,2,2,8,New Customers
C109956,281,1,9521.95,2,2,1,5,Lost
C109957,14,2,52313.020000000004,5,3,3,11,Loyal Customers
C109959,525,1,7001.73,1,2,1,4,Lost
C109961,137,1,11267.352,3,2,1,6,Hibernating
C109963,124,2,40858.376000000004,3,3,3,9,Loyal Customers
C109964,303,4,105838.10399999999,1,4,4,9,Cannot Lose Them
C109965,9,3,62981.9155,5,4,3,12,Loyal Customers
C109967,211,2,63201.7655,2,3,4,9,At Risk
C109968,121,3,68758.6265,3,4,4,11,Loyal Customers
C109969,3,9,269096.563,5,5,5,15,Champions
C109972,99,3,71316.2825,3,4,4,11,Loyal Customers
C109974,21,9,233398.661,4,5,5,14,Champions
C109975,145,3,30869.932,2,4,2,8,At Risk
C109976,46,1,30525.28,4,2,2,8,New Customers
C109977,49,3,113159.2105,4,4,5,13,Champions
C109978,165,1,31775.589999999997,2,2,2,6,Lost
C109980,188,5,69974.9475,2,5,4,11,Cannot Lose Them
C109982,139,11,253396.6595,3,5,5,13,Loyal Customers
C109984,117,3,95297.158,3,4,4,11,Loyal Customers
C109986,99,2,53108.09,3,3,3,9,Loyal Customers
C109987,491,1,42798.92,1,2,3,6,Hibernating
C109989,870,1,16027.87,1,2,1,4,Lost
C109991,360,5,110673.98,1,5,5,11,Cannot Lose Them
C109992,537,1,11087.757,1,2,1,4,Lost
C109993,52,8,106434.8275,4,5,4,13,Champions
C109996,452,2,39719.538,1,3,3,7,At Risk
C109997,127,4,130777.09249999998,3,4,5,12,Loyal Customers
C109998,34,6,100292.213,4,5,4,13,Champions
C109999,139,3,93903.2705,3,4,4,11,Loyal Customers
C110000,209,5,46832.042,2,5,3,10,At Risk
C110001,57,4,56344.716,4,4,3,11,Loyal Customers
C110002,585,2,15746.575499999999,1,3,1,5,At Risk
C110004,141,2,48816.1955,2,3,3,8,At Risk
C110007,179,2,10971.009,2,3,1,6,At Risk
C110010,77,6,88901.84300000001,3,5,4,12,Loyal Customers
C110011,135,3,58308.152,3,4,3,10,Loyal Customers
C110012,363,1,3531.245,1,2,1,4,Lost
C110013,7,18,355960.4945,5,5,5,15,Champions
C110014,209,2,82080.614,2,3,4,9,At Risk
C110016,30,5,63665.953499999996,4,5,4,13,Champions
C110017,4,4,80984.94099999999,5,4,4,13,Champions
C110019,53,3,42464.114,4,4,3,11,Loyal Customers
C110020,58,8,235306.3605,4,5,5,14,Champions
C110021,559,2,37137.864,1,3,2,6,At Risk
C110023,82,5,73726.1525,3,5,4,12,Loyal Customers
C110024,309,1,40134.8,1,2,3,6,Hibernating
C110025,114,2,63932.852999999996,3,3,4,10,Loyal Customers
C110026,18,5,94887.564,5,5,4,14,Champions
C110027,509,1,28012.25,1,2,2,5,Lost
C110029,637,1,5017.06,1,2,1,4,Lost
C110030,40,4,52075.192,4,4,3,11,Loyal Customers
C110031,126,2,40020.96,3,3,3,9,Loyal Customers
C110032,793,1,30552.91,1,2,2,5,Lost
C110033,148,3,47244.227,2,4,3,9,At Risk
C110034,301,2,54288.6985,1,3,3,7,At Risk
C110035,19,7,256715.433,5,5,5,15,Champions
C110036,68,5,78589.114,3,5,4,12,Loyal Customers
C110038,34,2,37966.773499999996,4,3,3,10,Loyal Customers
C110039,339,1,18951.55,1,2,2,5,Lost
C110040,666,1,14768.503499999999,1,2,1,4,Lost
C110042,160,3,83578.2175,2,4,4,10,Cannot Lose Them
C110044,977,1,2678.094,1,2,1,4,Lost
C110047,464,1,66989.9815,1,2,4,7,Hibernating
C110049,0,6,142846.321,5,5,5,15,Champions
C110051,11,5,121018.835,5,5,5,15,Champions
C110053,317,3,61403.80300000001,1,4,3,8,At Risk
C110054,239,1,37044.4,2,2,2,6,Lost
C110055,110,3,52575.81,3,4,3,10,Loyal Customers
C110056,668,1,4602.789,1,2,1,4,Lost
C110057,95,10,149164.3175,3,5,5,13,Loyal Customers
C110059,32,1,26705.190000000002,4,2,2,8,New Customers
C110061,5,3,34959.536,5,4,2,11,Loyal Customers
C110062,82,7,169449.4915,3,5,5,13,Loyal Customers
C110063,207,3,57362.941999999995,2,4,3,9,At Risk
C110064,198,4,58968.8015,2,4,3,9,At Risk
C110065,227,2,52578.2345,2,3,3,8,At Risk
C110066,456,3,23829.420000000002,1,4,2,7,At Risk
C110067,364,2,7477.933999999999,1,3,1,5,At Risk
C110069,361,2,21359.6425,1,3,2,6,At Risk
C110070,110,6,149104.3315,3,5,5,13,Loyal Customers
C110071,604,2,45026.263,1,3,3,7,At Risk
C110072,269,3,42965.551,2,4,3,9,At Risk
C110073,215,2,68877.5445,2,3,4,9,At Risk
C110074,15,3,131426.149,5,4,5,14,Champions
C110076,936,1,14749.68,1,2,1,4,Lost
C110078,23,4,109401.59,4,4,5,13,Champions
C110079,276,1,61569.062999999995,2,2,3,7,Hibernating
C110080,613,1,3728.52,1,2,1,4,Lost
C110081,234,1,8388.07,2,2,1,5,Lost
C110083,956,1,18323.334000000003,1,2,2,5,Lost
C110085,187,1,39053.1,2,2,3,7,Hibernating
C110086,5,18,364061.0795,5,5,5,15,Champions
C110087,389,1,8294.198,1,2,1,4,Lost
C110088,5,3,60292.504,5,4,3,12,Loyal Customers
C110089,116,1,45560.35,3,2,3,8,Potential Loyalists
C110090,69,3,38144.55,3,4,3,10,Loyal Customers
C110091,32,7,147961.1785,4,5,5,14,Champions
C110092,42,6,126638.734,4,5,5,14,Champions
C110094,36,1,13518.18,4,2,1,7,New Customers
C110096,191,2,45267.07,2,3,3,8,At Risk
C110097,216,1,25221.26,2,2,2,6,Lost
C110098,100,3,28189.28,3,4,2,9,Loyal Customers
C110101,5,5,148538.482,5,5,5,15,Champions
C110102,797,1,12391.51,1,2,1,4,Lost
C110104,632,1,74391.50700000001,1,2,4,7,Hibernating
C110105,445,1,44985.200000000004,1,2,3,6,Hibernating
C110108,38,7,215161.8975,4,5,5,14,Champions
C110109,108,1,18414.06,3,2,2,7,Hibernating
C110111,150,2,10713.685,2,3,1,6,At Risk
C110113,47,1,30928.2665,4,2,2,8,New Customers
C110114,313,2,38923.266,1,3,3,7,At Risk
C110116,117,1,24125.379999999997,3,2,2,7,Hibernating
C110119,35,3,48678.8215,4,4,3,11,Loyal Customers
C110120,79,13,138430.6255,3,5,5,13,Loyal Customers
C110121,-1,7,85535.0925,5,5,4,14,Champions
C110122,88,14,222355.7025,3,5,5,13,Loyal Customers
C110123,276,1,27754.7155,2,2,2,6,Lost
C110124,0,5,89068.434,5,5,4,14,Champions
C110126,15,3,51929.61,5,4,3,12,Loyal Customers
C110127,6,2,57432.995,5,3,3,11,Loyal Customers
C110128,511,1,18767.12,1,2,2,5,Lost
C110129,558,1,23673.36,1,2,2,5,Lost
C110132,0,7,124469.692,5,5,5,15,Champions
C110133,59,7,93714.432,4,5,4,13,Champions
C110137,179,14,230722.3265,2,5,5,12,Cannot Lose Them
C110138,131,7,154395.4105,3,5,5,13,Loyal Customers
C110140,7,3,79035.677,5,4,4,13,Champions
C110141,447,5,85831.7895,1,5,4,10,Cannot Lose Them
C110143,220,3,67957.10650000001,2,4,4,10,Cannot Lose Them
C110144,188,1,8512.48,2,2,1,5,Lost
C110146,20,3,58660.926999999996,5,4,3,12,Loyal Customers
C110147,202,2,75047.757,2,3,4,9,At Risk
C110148,305,1,44077.1835,1,2,3,6,Hibernating
C110149,93,2,39597.26,3,3,3,9,Loyal Customers
C110150,30,4,63339.761,4,4,4,12,Champions
C110151,97,4,62966.144,3,4,3,10,Loyal Customers
C110153,31,4,94533.77600000001,4,4,4,12,Champions
C110156,305,1,1413.334,1,2,1,4,Lost
C110157,118,6,187138.0275,3,5,5,13,Loyal Customers
C110158,219,4,93129.67599999999,2,4,4,10,Cannot Lose Them
C110160,26,4,62559.22,4,4,3,11,Loyal Customers
C110161,442,1,14864.443,1,2,1,4,Lost
C110162,41,8,240119.07749999998,4,5,5,14,Champions
C110163,23,2,35123.548,4,3,2,9,Loyal Customers
C110164,389,2,35150.615999999995,1,3,2,6,At Risk
C110165,42,1,19712.760000000002,4,2,2,8,New Customers
C110171,84,4,72630.518,3,4,4,11,Loyal Customers
C110173,28,6,154403.458,4,5,5,14,Champions
C110174,432,1,1039.152,1,2,1,4,Lost
C110175,57,4,100765.86300000001,4,4,4,12,Champions
C110176,11,1,8326.98,5,2,1,8,New Customers
C110177,107,2,21456.876,3,3,2,8,Loyal Customers
C110178,26,3,44409.009,4,4,3,11,Loyal Customers
C110179,302,4,114015.508,1,4,5,10,Cannot Lose Them
C110181,125,7,86466.14199999999,3,5,4,12,Loyal Customers
C110182,102,4,47838.964,3,4,3,10,Loyal Customers
C110183,20,8,227103.80849999998,5,5,5,15,Champions
C110184,41,9,249776.15300000002,4,5,5,14,Champions
C110185,-1,1,15757.731,5,2,1,8,New Customers
C110186,546,5,147560.97,1,5,5,11,Cannot Lose Them
C110187,129,9,200441.1045,3,5,5,13,Loyal Customers
C110188,26,11,198358.969,4,5,5,14,Champions
C110189,12,3,69650.982,5,4,4,13,Champions
C110190,36,7,131298.1145,4,5,5,14,Champions
C110194,10,3,35740.21,5,4,2,11,Loyal Customers
C110197,107,1,1353.45,3,2,1,6,Hibernating
C110198,85,1,42901.299,3,2,3,8,Potential Loyalists
C110199,395,3,26514.606,1,4,2,7,At Risk
C110200,357,2,37255.962,1,3,2,6,At Risk
C110201,1,5,98431.446,5,5,4,14,Champions
C110202,25,13,411089.4965,4,5,5,14,Champions
C110203,257,1,32034.735,2,2,2,6,Lost
C110204,43,4,98296.7125,4,4,4,12,Champions
C110205,259,2,59900.154,2,3,3,8,At Risk
C110206,265,3,13680.769,2,4,1,7,At Risk
C110207,97,1,46380.270000000004,3,2,3,8,Potential Loyalists
C110208,58,8,276627.187,4,5,5,14,Champions
C110213,43,2,70698.098,4,3,4,11,Loyal Customers
C110217,277,7,125216.1725,2,5,5,12,Cannot Lose Them
C110218,185,2,19279.243,2,3,2,7,At Risk
C110219,117,3,47836.1455,3,4,3,10,Loyal Customers
C110220,67,5,128350.963,3,5,5,13,Loyal Customers
C110221,52,2,59022.6365,4,3,3,10,Loyal Customers
C110223,23,2,24019.68,4,3,2,9,Loyal Customers
C110224,846,1,33892.656,1,2,2,5,Lost
C110225,6,5,119623.893,5,5,5,15,Champions
C110226,206,2,50428.674,2,3,3,8,At Risk
C110227,4,6,136007.198,5,5,5,15,Champions
C110229,298,2,65185.162,1,3,4,8,At Risk
C110231,12,11,252009.9965,5,5,5,15,Champions
C110233,744,1,13187.0355,1,2,1,4,Lost
C110234,23,8,121008.221,4,5,5,14,Champions
C110235,3,12,268150.9375,5,5,5,15,Champions
C110236,75,1,13634.2,3,2,1,6,Hibernating
C110239,18,4,56542.8555,5,4,3,12,Loyal Customers
C110240,403,1,2953.3165,1,2,1,4,Lost
C110241,315,7,160453.28999999998,1,5,5,11,Cannot Lose Them
C110242,4,2,80295.15,5,3,4,12,Loyal Customers
C110243,4,3,108029.8575,5,4,5,14,Champions
C110244,97,3,55957.7665,3,4,3,10,Loyal Customers
C110245,151,2,50992.95,2,3,3,8,At Risk
C110246,222,2,24036.47,2,3,2,7,At Risk
C110247,227,2,47768.017,2,3,3,8,At Risk
C110248,181,3,53371.18,2,4,3,9,At Risk
C110251,86,3,46924.909499999994,3,4,3,10,Loyal Customers
C110252,82,2,37860.79,3,3,3,9,Loyal Customers
C110253,41,7,70513.1925,4,5,4,13,Champions
C110254,5,4,70567.772,5,4,4,13,Champions
C110255,31,2,16338.771,4,3,1,8,Loyal Customers
C110256,4,4,67419.5135,5,4,4,13,Champions
C110257,42,1,18361.24,4,2,2,8,New Customers
C110259,94,9,189428.78999999998,3,5,5,13,Loyal Customers
C110261,16,1,3197.889,5,2,1,8,New Customers
C110262,32,4,118114.89,4,4,5,13,Champions
C110263,237,1,22640.22,2,2,2,6,Lost
C110266,420,1,27496.550000000003,1,2,2,5,Lost
C110267,105,7,148391.0775,3,5,5,13,Loyal Customers
C110271,30,11,250476.114,4,5,5,14,Champions
C110273,-1,13,253002.2735,5,5,5,15,Champions
C110275,346,1,4718.2225,1,2,1,4,Lost
C110276,117,1,12400.1485,3,2,1,6,Hibernating
C110279,353,3,19442.806999999997,1,4,2,7,At Risk
C110280,256,2,19785.3455,2,3,2,7,At Risk
C110281,437,1,8294.256000000001,1,2,1,4,Lost
C110282,313,1,15478.093499999999,1,2,1,4,Lost
C110283,182,2,36948.8155,2,3,2,7,At Risk
C110284,34,2,20252.016499999998,4,3,2,9,Loyal Customers
C110287,66,4,44269.2435,3,4,3,10,Loyal Customers
C110288,17,4,50534.785,5,4,3,12,Loyal Customers
C110289,311,3,65752.269,1,4,4,9,Cannot Lose Them
C110290,470,1,25767.65,1,2,2,5,Lost
C110291,112,1,27163.169499999996,3,2,2,7,Hibernating
C110294,273,2,64357.848,2,3,4,9,At Risk
C110295,4,1,16413.62,5,2,1,8,New Customers
C110296,96,1,13081.45,3,2,1,6,Hibernating
C110298,565,1,27095.605499999998,1,2,2,5,Lost
C110299,27,2,65038.846000000005,4,3,4,11,Loyal Customers
C110302,93,2,43977.78200000001,3,3,3,9,Loyal Customers
C110303,541,1,2612.26,1,2,1,4,Lost
C110307,83,1,18457.444,3,2,2,7,Hibernating
C110309,164,1,4875.84,2,2,1,5,Lost
C110310,106,3,36588.9145,3,4,2,9,Loyal Customers
C110311,117,1,26020.62,3,2,2,7,Hibernating
C110312,16,7,119321.65000000001,5,5,5,15,Champions
C110313,44,4,87718.4225,4,4,4,12,Champions
C110315,263,2,86244.538,2,3,4,9,At Risk
C110316,82,1,330.32,3,2,1,6,Hibernating
C110317,107,11,362805.60349999997,3,5,5,13,Loyal Customers
C110318,176,5,126802.8225,2,5,5,12,Cannot Lose Them
C110321,30,5,90499.32200000001,4,5,4,13,Champions
C110323,105,2,33135.97,3,3,2,8,Loyal Customers
C110326,648,4,134868.568,1,4,5,10,Cannot Lose Them
C110327,1,9,137441.7385,5,5,5,15,Champions
C110328,310,1,3277.288,1,2,1,4,Lost
C110329,25,3,77592.02,4,4,4,12,Champions
C110330,85,2,48951.774000000005,3,3,3,9,Loyal Customers
C110332,212,1,2995.25,2,2,1,5,Lost
C110334,346,4,71107.392,1,4,4,9,Cannot Lose Them
C110338,38,1,26149.638,4,2,2,8,New Customers
C110340,211,1,47689.983,2,2,3,7,Hibernating
C110341,741,1,31293.22,1,2,2,5,Lost
C110342,130,3,82929.408,3,4,4,11,Loyal Customers
C110343,490,3,31362.622499999998,1,4,2,7,At Risk
C110344,42,3,35212.8915,4,4,2,10,Loyal Customers
C110345,6,5,77689.128,5,5,4,14,Champions
C110346,75,2,21144.164,3,3,2,8,Loyal Customers
C110348,182,2,53932.079,2,3,3,8,At Risk
C110349,169,1,23168.95,2,2,2,6,Lost
C110352,540,1,43830.76800000001,1,2,3,6,Hibernating
C110353,196,1,1750.2,2,2,1,5,Lost
C110354,405,2,38609.636999999995,1,3,3,7,At Risk
C110355,19,1,14552.748,5,2,1,8,New Customers
C110356,45,10,271871.4795,4,5,5,14,Champions
C110357,104,2,40530.786,3,3,3,9,Loyal Customers
C110358,23,2,55724.2905,4,3,3,10,Loyal Customers
C110361,9,10,186923.92,5,5,5,15,Champions
C110362,92,3,50031.6545,3,4,3,10,Loyal Customers
C110363,30,2,44022.411,4,3,3,10,Loyal Customers
C110366,16,5,70446.84,5,5,4,14,Champions
C110367,0,2,74501.986,5,3,4,12,Loyal Customers
C110369,205,1,14194.849999999999,2,2,1,5,Lost
C110371,356,3,67654.9585,1,4,4,9,Cannot Lose Them
C110372,157,2,33374.76,2,3,2,7,At Risk
C110373,22,2,21788.108,4,3,2,9,Loyal Customers
C110374,477,1,22645.510000000002,1,2,2,5,Lost
C110375,252,6,130296.473,2,5,5,12,Cannot Lose Them
C110376,-1,4,50961.996,5,4,3,12,Loyal Customers
C110379,31,2,28847.497,4,3,2,9,Loyal Customers
C110380,88,11,285249.5405,3,5,5,13,Loyal Customers
C110382,394,1,47350.8225,1,2,3,6,Hibernating
C110383,135,3,68690.6645,3,4,4,11,Loyal Customers
C110384,46,6,130477.111,4,5,5,14,Champions
C110386,131,5,137622.404,3,5,5,13,Loyal Customers
C110388,58,3,59628.3385,4,4,3,11,Loyal Customers
C110389,387,3,38476.8375,1,4,3,8,At Risk
C110390,287,1,16875.249,2,2,1,5,Lost
C110391,22,7,123580.405,4,5,5,14,Champions
C110392,12,3,27256.65,5,4,2,11,Loyal Customers
C110393,167,5,134661.4525,2,5,5,12,Cannot Lose Them
C110394,169,1,12251.83,2,2,1,5,Lost
C110395,50,8,139590.3445,4,5,5,14,Champions
C110398,41,4,28850.059500000003,4,4,2,10,Loyal Customers
C110399,25,1,4713.4965,4,2,1,7,New Customers
C110401,10,10,149594.1475,5,5,5,15,Champions
C110402,51,5,144766.046,4,5,5,14,Champions
C110403,21,4,69323.8745,4,4,4,12,Champions
C110404,521,1,16493.55,1,2,1,4,Lost
C110405,366,4,95581.0155,1,4,4,9,Cannot Lose Them
C110408,128,2,40301.508,3,3,3,9,Loyal Customers
C110410,780,1,10748.367,1,2,1,4,Lost
C110411,4,1,21458.592000000004,5,2,2,9,New Customers
C110412,314,1,19704.87,1,2,2,5,Lost
C110413,391,1,20901.3895,1,2,2,5,Lost
C110414,8,11,110413.9065,5,5,5,15,Champions
C110415,18,1,52944.42,5,2,3,10,New Customers
C110416,12,1,21496.22,5,2,2,9,New Customers
C110417,61,2,42522.754499999995,4,3,3,10,Loyal Customers
C110419,4,1,15807.525,5,2,1,8,New Customers
C110420,74,2,93560.01,3,3,4,10,Loyal Customers
C110421,218,2,16740.89,2,3,1,6,At Risk
C110422,15,6,105451.7645,5,5,4,14,Champions
C110423,186,1,26412.510000000002,2,2,2,6,Lost
C110425,493,1,17520.9565,1,2,1,4,Lost
C110426,235,4,77407.7435,2,4,4,10,Cannot Lose Them
C110427,60,5,58456.581,4,5,3,12,Loyal Customers
C110428,35,1,24778.042499999996,4,2,2,8,New Customers
C110429,683,4,41550.05,1,4,3,8,At Risk
C110432,218,3,35307.932,2,4,2,8,At Risk
C110434,26,3,96822.724,4,4,4,12,Champions
C110435,33,4,95962.753,4,4,4,12,Champions
C110436,45,3,16139.518,4,4,1,9,Loyal Customers
C110437,347,1,41374.93,1,2,3,6,Hibernating
C110440,342,4,74254.4015,1,4,4,9,Cannot Lose Them
C110441,4,3,53345.718499999995,5,4,3,12,Loyal Customers
C110444,356,3,43876.4105,1,4,3,8,At Risk
C110445,187,2,61904.867,2,3,3,8,At Risk
C110447,-1,11,233824.623,5,5,5,15,Champions
C110448,52,2,32670.559999999998,4,3,2,9,Loyal Customers
C110449,429,2,67930.47,1,3,4,8,At Risk
C110450,5,2,27333.02,5,3,2,10,Loyal Customers
C110451,112,7,169719.1555,3,5,5,13,Loyal Customers
C110452,453,2,24072.011,1,3,2,6,At Risk
C110454,361,1,5843.41,1,2,1,4,Lost
C110455,249,3,63220.488,2,4,4,10,Cannot Lose Them
C110457,146,1,17737.564,2,2,1,5,Lost
C110459,-1,4,90000.9325,5,4,4,13,Champions
C110461,46,4,121119.42000000001,4,4,5,13,Champions
C110462,135,3,100781.393,3,4,4,11,Loyal Customers
C110463,559,2,25862.771,1,3,2,6,At Risk
C110464,23,3,16689.511,4,4,1,9,Loyal Customers
C110465,351,1,28876.581,1,2,2,5,Lost
C110466,290,2,51423.796,1,3,3,7,At Risk
C110467,242,1,6118.291499999999,2,2,1,5,Lost
C110468,211,2,39937.869999999995,2,3,3,8,At Risk
C110469,163,8,175049.9885,2,5,5,12,Cannot Lose Them
C110470,60,5,145564.4735,4,5,5,14,Champions
C110471,191,5,83650.5625,2,5,4,11,Cannot Lose Them
C110472,160,3,29043.8245,2,4,2,8,At Risk
C110473,483,1,18752.2,1,2,2,5,Lost
C110474,76,11,171568.567,3,5,5,13,Loyal Customers
C110475,180,4,75919.6745,2,4,4,10,Cannot Lose Them
C110476,14,4,58832.984,5,4,3,12,Loyal Customers
C110477,137,5,79872.264,3,5,4,12,Loyal Customers
C110478,5,3,95673.0125,5,4,4,13,Champions
C110479,1,16,383995.94,5,5,5,15,Champions
C110481,224,1,15240.168,2,2,1,5,Lost
C110484,92,3,101184.06999999999,3,4,4,11,Loyal Customers
C110486,11,7,103319.55900000001,5,5,4,14,Champions
C110488,25,5,61400.159999999996,4,5,3,12,Loyal Customers
C110489,244,2,66308.45499999999,2,3,4,9,At Risk
C110491,88,8,237619.85700000002,3,5,5,13,Loyal Customers
C110492,98,3,27670.491,3,4,2,9,Loyal Customers
C110495,147,4,40845.959,2,4,3,9,At Risk
C110497,680,3,44965.737499999996,1,4,3,8,At Risk
C110500,263,2,16227.097000000002,2,3,1,6,At Risk
C110502,25,2,41274.4145,4,3,3,10,Loyal Customers
C110503,30,5,105677.37099999998,4,5,4,13,Champions
C110505,274,1,10737.6845,2,2,1,5,Lost
C110506,588,1,9434.916000000001,1,2,1,4,Lost
C110508,427,2,50620.46000000001,1,3,3,7,At Risk
C110509,131,3,123555.7825,3,4,5,12,Loyal Customers
C110510,421,2,44820.3575,1,3,3,7,At Risk
C110515,30,6,135740.175,4,5,5,14,Champions
C110516,48,6,129504.663,4,5,5,14,Champions
C110517,121,2,66247.0005,3,3,4,10,Loyal Customers
C110518,166,4,64565.418000000005,2,4,4,10,Cannot Lose Them
C110519,62,1,11436.824,4,2,1,7,New Customers
C110520,197,1,53461.8,2,2,3,7,Hibernating
C110521,6,3,83435.544,5,4,4,13,Champions
C110522,151,5,44337.295,2,5,3,10,At Risk
C110524,394,2,19166.541,1,3,2,6,At Risk
C110527,148,1,1770.74,2,2,1,5,Lost
C110528,111,5,50065.529500000004,3,5,3,11,Loyal Customers
C110531,257,1,43206.63,2,2,3,7,Hibernating
C110532,98,5,95815.502,3,5,4,12,Loyal Customers
C110533,21,2,13785.87,4,3,1,8,Loyal Customers
C110535,146,2,54838.769,2,3,3,8,At Risk
C110536,291,3,79628.547,1,4,4,9,Cannot Lose Them
C110537,311,2,36808.902,1,3,2,6,At Risk
C110543,397,2,32111.95,1,3,2,6,At Risk
C110545,130,2,20787.485,3,3,2,8,Loyal Customers
C110546,30,7,204327.375,4,5,5,14,Champions
C110547,244,2,56330.88,2,3,3,8,At Risk
C110548,139,6,157271.71,3,5,5,13,Loyal Customers
C110549,36,6,128209.6905,4,5,5,14,Champions
C110550,-1,4,62988.355,5,4,3,12,Loyal Customers
C110551,3,13,332244.723,5,5,5,15,Champions
C110553,367,1,20458.117,1,2,2,5,Lost
C110554,505,2,71965.72,1,3,4,8,At Risk
C110555,268,3,31256.573500000002,2,4,2,8,At Risk
C110558,16,8,177060.1735,5,5,5,15,Champions
C110559,264,1,2231.7019999999998,2,2,1,5,Lost
C110560,211,2,43954.788,2,3,3,8,At Risk
C110561,288,3,148043.435,2,4,5,11,Cannot Lose Them
C110562,732,2,56102.96,1,3,3,7,At Risk
C110563,15,1,19492.02,5,2,2,9,New Customers
C110565,419,2,1661.1909999999998,1,3,1,5,At Risk
C110566,17,11,330575.305,5,5,5,15,Champions
C110567,7,7,144236.148,5,5,5,15,Champions
C110568,-1,6,136705.711,5,5,5,15,Champions
C110571,214,1,18900.198,2,2,2,6,Lost
C110572,14,3,36352.479,5,4,2,11,Loyal Customers
C110573,121,1,23911.424,3,2,2,7,Hibernating
C110575,158,3,74939.1015,2,4,4,10,Cannot Lose Them
C110579,41,7,131539.2255,4,5,5,14,Champions
C110581,65,1,3874.986,3,2,1,6,Hibernating
C110582,505,1,6179.54,1,2,1,4,Lost
C110584,218,1,31639.6455,2,2,2,6,Lost
C110585,61,2,32869.706,4,3,2,9,Loyal Customers
C110586,298,2,16294.219999999998,1,3,1,5,At Risk
C110587,190,2,19007.2325,2,3,2,7,At Risk
C110590,339,1,15410.975999999999,1,2,1,4,Lost
C110592,130,4,71938.7525,3,4,4,11,Loyal Customers
C110593,150,1,12905.312,2,2,1,5,Lost
C110595,110,1,1117.008,3,2,1,6,Hibernating
C110596,180,5,63451.972,2,5,4,11,Cannot Lose Them
C110597,41,4,64257.3165,4,4,4,12,Champions
C110598,253,3,82325.79149999999,2,4,4,10,Cannot Lose Them
C110599,444,1,8360.74,1,2,1,4,Lost
C110600,244,3,78958.671,2,4,4,10,Cannot Lose Them
C110601,7,2,19565.816,5,3,2,10,Loyal Customers
C110603,58,1,6836.328000000001,4,2,1,7,New Customers
C110608,132,1,7208.51,3,2,1,6,Hibernating
C110609,233,5,120047.4155,2,5,5,12,Cannot Lose Them
C110610,249,1,5180.336,2,2,1,5,Lost
C110611,28,10,269340.7185,4,5,5,14,Champions
C110613,30,1,17224.164,4,2,1,7,New Customers
C110614,343,4,120636.18000000001,1,4,5,10,Cannot Lose Them
C110615,137,1,14632.7835,3,2,1,6,Hibernating
C110616,86,4,114003.2825,3,4,5,12,Loyal Customers
C110617,152,2,27977.989999999998,2,3,2,7,At Risk
C110619,31,3,29873.688000000002,4,4,2,10,Loyal Customers
C110620,89,2,14442.554,3,3,1,7,Loyal Customers
C110621,176,6,84015.481,2,5,4,11,Cannot Lose Them
C110622,25,5,129025.6855,4,5,5,14,Champions
C110623,454,1,55760.19,1,2,3,6,Hibernating
C110626,105,1,29509.8785,3,2,2,7,Hibernating
C110629,248,1,10788.53,2,2,1,5,Lost
C110630,123,2,128124.1375,3,3,5,11,Loyal Customers
C110633,175,1,11051.886999999999,2,2,1,5,Lost
C110635,52,5,85611.11750000001,4,5,4,13,Champions
C110636,701,1,38882.409999999996,1,2,3,6,Hibernating
C110637,143,8,141657.6975,2,5,5,12,Cannot Lose Them
C110639,154,5,54218.3525,2,5,3,10,At Risk
C110640,431,3,124153.493,1,4,5,10,Cannot Lose Them
C110643,107,2,33144.71,3,3,2,8,Loyal Customers
C110644,298,2,65388.013999999996,1,3,4,8,At Risk
C110645,538,3,90586.458,1,4,4,9,Cannot Lose Them
C110647,473,1,51567.37,1,2,3,6,Hibernating
C110648,236,1,6860.412,2,2,1,5,Lost
C110650,23,5,125889.459,4,5,5,14,Champions
C110651,46,2,22683.309999999998,4,3,2,9,Loyal Customers
C110652,63,1,688.9495000000001,3,2,1,6,Hibernating
C110653,16,11,345221.299,5,5,5,15,Champions
C110655,281,2,33271.044,2,3,2,7,At Risk
C110656,468,1,3272.9,1,2,1,4,Lost
C110657,462,2,82364.21549999999,1,3,4,8,At Risk
C110658,844,3,70190.44,1,4,4,9,Cannot Lose Them
C110660,482,1,53243.5,1,2,3,6,Hibernating
C110661,21,6,159974.099,4,5,5,14,Champions
C110662,123,1,14555.96,3,2,1,6,Hibernating
C110663,330,5,103369.992,1,5,4,10,Cannot Lose Them
C110666,56,5,145229.21300000002,4,5,5,14,Champions
C110670,72,2,63877.176999999996,3,3,4,10,Loyal Customers
C110674,205,4,207347.38,2,4,5,11,Cannot Lose Them
C110675,30,1,35452.359000000004,4,2,2,8,New Customers
C110677,272,3,100502.664,2,4,4,10,Cannot Lose Them
C110678,39,2,21760.0875,4,3,2,9,Loyal Customers
C110679,0,1,35059.76,5,2,2,9,New Customers
C110682,6,2,25549.37,5,3,2,10,Loyal Customers
C110686,421,1,21971.699999999997,1,2,2,5,Lost
C110687,23,3,55579.802500000005,4,4,3,11,Loyal Customers
C110690,3,7,200029.7595,5,5,5,15,Champions
C110691,19,4,50128.535,5,4,3,12,Loyal Customers
C110692,75,7,112472.0505,3,5,5,13,Loyal Customers
C110693,75,1,3608.437,3,2,1,6,Hibernating
C110694,720,1,37364.43,1,2,3,6,Hibernating
C110695,211,1,4899.8165,2,2,1,5,Lost
C110696,163,1,26429.62,2,2,2,6,Lost
C110697,43,1,11966.484999999999,4,2,1,7,New Customers
C110698,81,3,33618.772,3,4,2,9,Loyal Customers
C110699,235,2,56191.883499999996,2,3,3,8,At Risk
C110700,31,5,166769.089,4,5,5,14,Champions
C110701,698,1,15275.862000000001,1,2,1,4,Lost
C110703,124,5,60598.0945,3,5,3,11,Loyal Customers
C110704,281,2,20522.149999999998,2,3,2,7,At Risk
C110705,66,3,106252.5495,3,4,4,11,Loyal Customers
C110709,79,5,51051.688,3,5,3,11,Loyal Customers
C110710,24,3,54547.771499999995,4,4,3,11,Loyal Customers
C110711,48,2,36323.947499999995,4,3,2,9,Loyal Customers
C110714,2,4,41957.95,5,4,3,12,Loyal Customers
C110715,119,2,42556.56,3,3,3,9,Loyal Customers
C110716,31,15,217944.66400000002,4,5,5,14,Champions
C110717,44,5,74866.75,4,5,4,13,Champions
C110718,23,2,39837.936499999996,4,3,3,10,Loyal Customers
C110719,212,1,20107.176,2,2,2,6,Lost
C110720,14,4,54854.63,5,4,3,12,Loyal Customers
C110722,47,6,138199.4565,4,5,5,14,Champions
C110724,52,11,192048.026,4,5,5,14,Champions
C110725,46,3,108884.995,4,4,5,13,Champions
C110728,11,2,42491.613,5,3,3,11,Loyal Customers
C110729,24,1,13035.46,4,2,1,7,New Customers
C110730,30,3,71045.45499999999,4,4,4,12,Champions
C110731,-1,2,16033.07,5,3,1,9,Loyal Customers
C110732,209,1,21560.652,2,2,2,6,Lost
C110734,9,9,196938.6005,5,5,5,15,Champions
C110736,132,6,64016.963,3,5,4,12,Loyal Customers
C110738,66,4,118467.0875,3,4,5,12,Loyal Customers
C110739,159,1,6980.714,2,2,1,5,Lost
C110740,150,1,12225.600999999999,2,2,1,5,Lost
C110741,60,2,112319.051,4,3,5,12,Loyal Customers
C110742,26,8,73233.3355,4,5,4,13,Champions
C110743,139,1,7087.133,3,2,1,6,Hibernating
C110745,-1,7,264836.9475,5,5,5,15,Champions
C110746,101,2,36594.454,3,3,2,8,Loyal Customers
C110748,75,2,69777.344,3,3,4,10,Loyal Customers
C110749,18,2,36623.743,5,3,2,10,Loyal Customers
C110750,38,2,19912.646,4,3,2,9,Loyal Customers
C110751,40,1,10727.392,4,2,1,7,New Customers
C110752,203,2,20457.85,2,3,2,7,At Risk
C110753,404,2,4302.93,1,3,1,5,At Risk
C110755,2,6,124690.706,5,5,5,15,Champions
C110756,11,5,44203.188,5,5,3,13,Loyal Customers
C110758,89,5,107526.936,3,5,5,13,Loyal Customers
C110759,25,9,244042.9015,4,5,5,14,Champions
C110760,493,1,15957.529999999999,1,2,1,4,Lost
C110761,20,12,298976.8535,5,5,5,15,Champions
C110763,15,3,47655.1265,5,4,3,12,Loyal Customers
C110764,140,1,7285.08,2,2,1,5,Lost
C110765,150,1,59383.92049999999,2,2,3,7,Hibernating
C110766,179,1,31381.190000000002,2,2,2,6,Lost
C110767,7,2,32237.098,5,3,2,10,Loyal Customers
C110768,229,1,8391.8545,2,2,1,5,Lost
C110770,178,2,27738.8565,2,3,2,7,At Risk
C110771,4,4,129602.494,5,4,5,14,Champions
C110772,101,1,13268.619999999999,3,2,1,6,Hibernating
C110773,73,2,34257.674,3,3,2,8,Loyal Customers
C110775,336,1,6738.5875,1,2,1,4,Lost
C110776,285,6,103374.55200000001,2,5,4,11,Cannot Lose Them
C110777,6,7,87071.3285,5,5,4,14,Champions
C110778,107,3,83669.618,3,4,4,11,Loyal Customers
C110779,0,15,412699.133,5,5,5,15,Champions
C110780,145,7,122974.797,2,5,5,12,Cannot Lose Them
C110782,89,1,46469.64,3,2,3,8,Potential Loyalists
C110783,108,1,38767.657,3,2,3,8,Potential Loyalists
C110784,84,1,15074.3,3,2,1,6,Hibernating
C110785,193,2,16513.391,2,3,1,6,At Risk
C110787,208,5,77960.2035,2,5,4,11,Cannot Lose Them
C110788,426,3,68344.51,1,4,4,9,Cannot Lose Them
C110789,118,5,56404.952000000005,3,5,3,11,Loyal Customers
C110793,57,4,84939.494,4,4,4,12,Champions
C110794,503,5,86342.373,1,5,4,10,Cannot Lose Them
C110795,219,2,26351.513,2,3,2,7,At Risk
C110797,606,1,16125.95,1,2,1,4,Lost
C110798,161,7,147869.75149999998,2,5,5,12,Cannot Lose Them
C110800,171,1,29174.575999999994,2,2,2,6,Lost
C110801,30,2,42064.86,4,3,3,10,Loyal Customers
C110802,33,3,48045.162000000004,4,4,3,11,Loyal Customers
C110804,124,8,170830.0135,3,5,5,13,Loyal Customers
C110805,0,4,47714.002,5,4,3,12,Loyal Customers
C110806,22,6,78595.0475,4,5,4,13,Champions
C110807,77,2,69144.7375,3,3,4,10,Loyal Customers
C110809,131,13,276670.5525,3,5,5,13,Loyal Customers
C110811,99,4,47294.7345,3,4,3,10,Loyal Customers
C110812,649,1,12770.119499999999,1,2,1,4,Lost
C110814,272,3,118072.49,2,4,5,11,Cannot Lose Them
C110815,-1,7,92413.26999999999,5,5,4,14,Champions
C110816,116,5,124167.34349999999,3,5,5,13,Loyal Customers
C110819,617,2,69535.825,1,3,4,8,At Risk
C110820,35,2,88438.22600000001,4,3,4,11,Loyal Customers
C110821,79,9,144566.8555,3,5,5,13,Loyal Customers
C110824,232,7,135163.157,2,5,5,12,Cannot Lose Them
C110825,315,3,74096.244,1,4,4,9,Cannot Lose Them
C110826,325,1,10884.862000000001,1,2,1,4,Lost
C110831,103,5,71320.9165,3,5,4,12,Loyal Customers
C110834,83,2,38529.217,3,3,3,9,Loyal Customers
C110836,27,3,62580.932499999995,4,4,3,11,Loyal Customers
C110837,582,2,43771.8275,1,3,3,7,At Risk
C110838,50,2,23075.34,4,3,2,9,Loyal Customers
C110839,56,9,195300.6825,4,5,5,14,Champions
C110840,30,1,9319.15,4,2,1,7,New Customers
C110841,89,2,49783.8085,3,3,3,9,Loyal Customers
C110842,28,9,89781.3305,4,5,4,13,Champions
C110843,74,3,40452.614,3,4,3,10,Loyal Customers
C110844,222,1,47934.032999999996,2,2,3,7,Hibernating
C110845,11,1,14403.42,5,2,1,8,New Customers
C110847,74,3,161071.289,3,4,5,12,Loyal Customers
C110848,1,11,223745.33550000002,5,5,5,15,Champions
C110851,144,5,90076.6405,2,5,4,11,Cannot Lose Them
C110852,13,3,120930.68000000001,5,4,5,14,Champions
C110853,60,1,32032.93,4,2,2,8,New Customers
C110855,296,1,19189.048000000003,1,2,2,5,Lost
C110856,7,8,178111.987,5,5,5,15,Champions
C110857,22,10,127528.83,4,5,5,14,Champions
C110859,0,7,151625.0625,5,5,5,15,Champions
C110861,821,1,16175.9335,1,2,1,4,Lost
C110862,276,1,41200.66,2,2,3,7,Hibernating
C110863,7,8,100400.678,5,5,4,14,Champions
C110864,55,2,49983.81,4,3,3,10,Loyal Customers
C110865,4,2,29564.75,5,3,2,10,Loyal Customers
C110866,5,10,190146.5535,5,5,5,15,Champions
C110868,-1,14,273426.74199999997,5,5,5,15,Champions
C110871,-1,6,164479.3915,5,5,5,15,Champions
C110872,100,1,9597.519,3,2,1,6,Hibernating
C110873,97,1,23623.712,3,2,2,7,Hibernating
C110875,-1,3,49776.197,5,4,3,12,Loyal Customers
C110876,412,2,48332.615,1,3,3,7,At Risk
C110878,29,5,52329.213,4,5,3,12,Loyal Customers
C110879,151,2,22297.215,2,3,2,7,At Risk
C110880,121,10,284343.798,3,5,5,13,Loyal Customers
C110881,51,2,32093.45,4,3,2,9,Loyal Customers
C110883,64,2,34558.214,3,3,2,8,Loyal Customers
C110884,259,2,103100.794,2,3,4,9,At Risk
C110887,233,3,35445.3385,2,4,2,8,At Risk
C110888,38,4,95834.908,4,4,4,12,Champions
C110889,50,3,48856.2155,4,4,3,11,Loyal Customers
C110890,14,2,37283.26,5,3,2,10,Loyal Customers
C110891,355,1,24366.800000000003,1,2,2,5,Lost
C110893,263,1,7516.5755,2,2,1,5,Lost
C110894,11,5,106322.7705,5,5,4,14,Champions
C110895,525,1,831.474,1,2,1,4,Lost
C110896,5,8,208053.47,5,5,5,15,Champions
C110897,19,1,15443.004,5,2,1,8,New Customers
C110899,172,1,3303.2340000000004,2,2,1,5,Lost
C110900,132,4,63445.488,3,4,4,11,Loyal Customers
C110902,14,4,167538.6195,5,4,5,14,Champions
C110905,3,2,49649.671,5,3,3,11,Loyal Customers
C110906,7,2,26558.303,5,3,2,10,Loyal Customers
C110907,254,1,32466.84,2,2,2,6,Lost
C110908,30,6,160664.79,4,5,5,14,Champions
C110909,-1,2,31763.958,5,3,2,10,Loyal Customers
C110910,-1,11,257907.5985,5,5,5,15,Champions
C110911,0,1,5832.170999999999,5,2,1,8,New Customers
C110913,222,1,20641.888,2,2,2,6,Lost
C110914,47,2,67715.803,4,3,4,11,Loyal Customers
C110915,9,1,24274.949999999997,5,2,2,9,New Customers
C110916,50,2,76272.79,4,3,4,11,Loyal Customers
C110919,119,1,9005.11,3,2,1,6,Hibernating
C110920,79,3,69077.506,3,4,4,11,Loyal Customers
C110921,0,4,96862.482,5,4,4,13,Champions
C110922,39,7,100085.76,4,5,4,13,Champions
C110924,260,3,110488.986,2,4,5,11,Cannot Lose Them
C110925,-1,1,14240.93,5,2,1,8,New Customers
C110926,54,3,77031.25,4,4,4,12,Champions
C110928,400,3,123811.5155,1,4,5,10,Cannot Lose Them
C110932,161,1,13235.37,2,2,1,5,Lost
C110933,38,2,81476.925,4,3,4,11,Loyal Customers
C110934,96,6,160010.244,3,5,5,13,Loyal Customers
C110935,45,3,70262.33,4,4,4,12,Champions
C110936,30,8,234079.414,4,5,5,14,Champions
C110937,244,3,26981.0815,2,4,2,8,At Risk
C110938,255,1,27289.836499999998,2,2,2,6,Lost
C110939,961,1,21396.23,1,2,2,5,Lost
C110940,369,1,20880.22,1,2,2,5,Lost
C110941,364,1,33603.696,1,2,2,5,Lost
C110942,190,1,9590.68,2,2,1,5,Lost
C110943,91,4,81892.33,3,4,4,11,Loyal Customers
C110945,108,3,38315.578,3,4,3,10,Loyal Customers
C110947,374,1,39246.08,1,2,3,6,Hibernating
C110948,359,1,16009.476,1,2,1,4,Lost
C110949,87,1,22689.13,3,2,2,7,Hibernating
C110951,504,2,70618.26,1,3,4,8,At Risk
C110952,27,3,58692.171,4,4,3,11,Loyal Customers
C110953,94,1,6584.624000000001,3,2,1,6,Hibernating
C110954,14,6,73257.07699999999,5,5,4,14,Champions
C110956,103,2,25638.37,3,3,2,8,Loyal Customers
C110959,169,1,98627.97600000001,2,2,4,8,Hibernating
C110960,586,3,38980.761,1,4,3,8,At Risk
C110962,437,1,13525.268,1,2,1,4,Lost
C110963,195,1,34864.0675,2,2,2,6,Lost
C110965,24,2,94182.49,4,3,4,11,Loyal Customers
C110966,2,4,81748.5055,5,4,4,13,Champions
C110967,200,1,12731.27,2,2,1,5,Lost
C110968,735,1,39133.521,1,2,3,6,Hibernating
C110969,455,1,13742.72,1,2,1,4,Lost
C110970,80,3,65463.797999999995,3,4,4,11,Loyal Customers
C110971,551,1,41459.340000000004,1,2,3,6,Hibernating
C110972,49,7,94290.642,4,5,4,13,Champions
C110973,166,2,30878.677,2,3,2,7,At Risk
C110974,224,5,102006.4215,2,5,4,11,Cannot Lose Them
C110975,37,2,35466.672999999995,4,3,2,9,Loyal Customers
C110976,46,5,105519.72,4,5,4,13,Champions
C110978,446,4,72134.629,1,4,4,9,Cannot Lose Them
C110979,130,4,36869.81,3,4,2,9,Loyal Customers
C110980,90,2,24203.74,3,3,2,8,Loyal Customers
C110982,11,2,41549.119999999995,5,3,3,11,Loyal Customers
C110987,304,2,32036.79,1,3,2,6,At Risk
C110989,290,1,10469.841,1,2,1,4,Lost
C110991,198,2,19025.733,2,3,2,7,At Risk
C110992,716,1,7173.3150000000005,1,2,1,4,Lost
C110993,469,1,5707.024,1,2,1,4,Lost
C110994,21,2,70942.87299999999,4,3,4,11,Loyal Customers
C110995,299,1,19739.08,1,2,2,5,Lost
C110996,159,5,123532.36450000001,2,5,5,12,Cannot Lose Them
C110998,-1,8,165284.38,5,5,5,15,Champions
C110999,533,1,21621.57,1,2,2,5,Lost
C111000,8,6,79508.1055,5,5,4,14,Champions
C111002,131,4,30865.625,3,4,2,9,Loyal Customers
C111003,379,4,93340.55399999999,1,4,4,9,Cannot Lose Them
C111004,6,4,116609.69900000001,5,4,5,14,Champions
C111006,73,1,43797.759999999995,3,2,3,8,Potential Loyalists
C111008,277,2,9580.710000000001,2,3,1,6,At Risk
C111009,19,4,81263.1225,5,4,4,13,Champions
C111011,100,2,49765.45199999999,3,3,3,9,Loyal Customers
C111013,232,3,38748.993,2,4,3,9,At Risk
C111014,432,1,31149.120000000003,1,2,2,5,Lost
C111015,43,1,11941.992,4,2,1,7,New Customers
C111017,12,8,233217.1755,5,5,5,15,Champions
C111018,-1,4,113085.111,5,4,5,14,Champions
C111019,13,6,151193.964,5,5,5,15,Champions
C111020,346,1,43825.59,1,2,3,6,Hibernating
C111022,365,1,20046.92,1,2,2,5,Lost
C111023,68,4,60907.615000000005,3,4,3,10,Loyal Customers
C111024,13,7,122302.6075,5,5,5,15,Champions
C111026,147,1,8860.2605,2,2,1,5,Lost
C111027,41,1,8466.14,4,2,1,7,New Customers
C111031,90,3,120681.13,3,4,5,12,Loyal Customers
C111032,147,5,77703.0015,2,5,4,11,Cannot Lose Them
C111033,37,5,94550.79449999999,4,5,4,13,Champions
C111034,72,5,64889.4265,3,5,4,12,Loyal Customers
C111036,4,4,68164.59150000001,5,4,4,13,Champions
C111037,98,6,91126.5785,3,5,4,12,Loyal Customers
C111038,51,5,150520.71600000001,4,5,5,14,Champions
C111040,26,4,160347.52,4,4,5,13,Champions
C111041,-1,3,28985.654,5,4,2,11,Loyal Customers
C111042,29,4,76856.601,4,4,4,12,Champions
C111043,366,5,59423.222499999996,1,5,3,9,At Risk
C111044,572,1,12054.512000000002,1,2,1,4,Lost
C111045,342,4,92678.8655,1,4,4,9,Cannot Lose Them
C111046,379,1,26334.059999999998,1,2,2,5,Lost
C111048,137,2,94960.66900000001,3,3,4,10,Loyal Customers
C111049,868,1,284.751,1,2,1,4,Lost
C111050,12,2,9922.247,5,3,1,9,Loyal Customers
C111051,0,10,200925.42750000002,5,5,5,15,Champions
C111053,11,4,58309.303,5,4,3,12,Loyal Customers
C111055,841,2,32609.211,1,3,2,6,At Risk
C111056,113,1,9711.1,3,2,1,6,Hibernating
C111057,280,1,23213.133,2,2,2,6,Lost
C111059,170,7,195913.0,2,5,5,12,Cannot Lose Them
C111060,12,5,120088.62749999999,5,5,5,15,Champions
C111061,49,6,122351.786,4,5,5,14,Champions
C111063,4,3,27754.228499999997,5,4,2,11,Loyal Customers
C111064,87,10,120343.724,3,5,5,13,Loyal Customers
C111065,37,2,29624.042,4,3,2,9,Loyal Customers
C111067,10,4,74429.242,5,4,4,13,Champions
C111068,230,9,136777.019,2,5,5,12,Cannot Lose Them
C111069,108,2,15744.869999999999,3,3,1,7,Loyal Customers
C111070,7,2,38951.520500000006,5,3,3,11,Loyal Customers
C111071,97,1,43741.79,3,2,3,8,Potential Loyalists
C111072,1,6,172538.026,5,5,5,15,Champions
C111077,183,3,39904.568,2,4,3,9,At Risk
C111079,254,1,11494.352,2,2,1,5,Lost
C111081,516,1,17133.0675,1,2,1,4,Lost
C111082,-1,6,134058.205,5,5,5,15,Champions
C111084,248,3,58605.054000000004,2,4,3,9,At Risk
C111086,12,3,26641.02,5,4,2,11,Loyal Customers
C111087,290,4,105961.5915,1,4,4,9,Cannot Lose Them
C111088,883,1,29879.960000000003,1,2,2,5,Lost
C111090,73,5,69718.4445,3,5,4,12,Loyal Customers
C111091,232,4,50168.7635,2,4,3,9,At Risk
C111092,11,3,109940.053,5,4,5,14,Champions
C111094,0,1,2953.5215,5,2,1,8,New Customers
C111095,7,6,81802.1945,5,5,4,14,Champions
C111096,169,2,33764.34,2,3,2,7,At Risk
C111098,12,3,72527.97499999999,5,4,4,13,Champions
C111100,264,4,61295.9785,2,4,3,9,At Risk
C111103,117,1,2092.2135,3,2,1,6,Hibernating
C111104,618,2,73582.863,1,3,4,8,At Risk
C111106,60,5,71778.1565,4,5,4,13,Champions
C111108,25,2,101266.64,4,3,4,11,Loyal Customers
C111110,15,3,50753.012,5,4,3,12,Loyal Customers
C111111,2,5,131398.127,5,5,5,15,Champions
C111114,127,5,73778.798,3,5,4,12,Loyal Customers
C111115,205,3,94783.75,2,4,4,10,Cannot Lose Them
C111116,385,3,39697.54,1,4,3,8,At Risk
C111118,1,13,258868.34,5,5,5,15,Champions
C111119,-1,10,196100.97149999999,5,5,5,15,Champions
C111121,3,4,49619.495,5,4,3,12,Loyal Customers
C111122,181,7,178037.93649999998,2,5,5,12,Cannot Lose Them
C111123,8,1,6466.311,5,2,1,8,New Customers
C111124,-1,1,21734.07,5,2,2,9,New Customers
C111125,457,1,27235.911,1,2,2,5,Lost
C111127,41,5,108681.0245,4,5,5,14,Champions
C111129,156,4,98183.705,2,4,4,10,Cannot Lose Them
C111131,26,6,83390.41,4,5,4,13,Champions
C111132,15,3,25478.764,5,4,2,11,Loyal Customers
C111133,207,2,22279.482000000004,2,3,2,7,At Risk
C111134,130,4,85914.962,3,4,4,11,Loyal Customers
C111135,63,1,17518.56,3,2,1,6,Hibernating
C111136,27,4,67201.8435,4,4,4,12,Champions
C111137,0,2,49256.444,5,3,3,11,Loyal Customers
C111138,199,2,66809.579,2,3,4,9,At Risk
C111141,42,6,112834.468,4,5,5,14,Champions
C111142,169,1,12173.886,2,2,1,5,Lost
C111143,811,1,39626.664000000004,1,2,3,6,Hibernating
C111144,163,1,18725.1,2,2,2,6,Lost
C111145,38,8,164150.02,4,5,5,14,Champions
C111146,481,1,24656.37,1,2,2,5,Lost
C111150,91,3,19869.168,3,4,2,9,Loyal Customers
C111152,79,1,10967.976,3,2,1,6,Hibernating
C111153,513,3,89093.18000000001,1,4,4,9,Cannot Lose Them
C111155,385,2,104549.698,1,3,4,8,At Risk
C111157,155,1,40027.214,2,2,3,7,Hibernating
C111159,193,2,119805.425,2,3,5,10,At Risk
C111160,27,1,59981.031,4,2,3,9,New Customers
C111161,41,8,122754.2065,4,5,5,14,Champions
C111162,18,2,57629.486,5,3,3,11,Loyal Customers
C111163,61,2,27260.205499999996,4,3,2,9,Loyal Customers
C111164,16,4,117262.86249999999,5,4,5,14,Champions
C111166,103,2,49915.3,3,3,3,9,Loyal Customers
C111169,15,5,154662.601,5,5,5,15,Champions
C111171,14,3,46614.501000000004,5,4,3,12,Loyal Customers
C111174,133,5,117387.472,3,5,5,13,Loyal Customers
C111175,225,5,76897.04000000001,2,5,4,11,Cannot Lose Them
C111176,15,9,165974.64549999998,5,5,5,15,Champions
C111177,81,1,7795.79,3,2,1,6,Hibernating
C111178,98,1,4133.4,3,2,1,6,Hibernating
C111179,26,1,50753.56,4,2,3,9,New Customers
C111180,87,4,130237.754,3,4,5,12,Loyal Customers
C111181,57,2,81315.678,4,3,4,11,Loyal Customers
C111182,5,1,50859.66,5,2,3,10,New Customers
C111183,59,2,30040.133,4,3,2,9,Loyal Customers
C111185,528,1,5322.2,1,2,1,4,Lost
C111186,31,2,38511.4115,4,3,3,10,Loyal Customers
C111188,528,1,24930.907,1,2,2,5,Lost
C111190,151,1,6355.3099999999995,2,2,1,5,Lost
C111191,-1,2,22610.836499999998,5,3,2,10,Loyal Customers
C111194,415,1,20459.559999999998,1,2,2,5,Lost
C111195,116,2,78824.746,3,3,4,10,Loyal Customers
C111197,219,4,53978.975,2,4,3,9,At Risk
C111198,507,1,43468.24800000001,1,2,3,6,Hibernating
C111200,11,1,5117.3745,5,2,1,8,New Customers
C111202,190,1,11113.71,2,2,1,5,Lost
C111203,64,4,80239.02,3,4,4,11,Loyal Customers
C111205,383,2,40493.348000000005,1,3,3,7,At Risk
C111206,104,2,21399.627,3,3,2,8,Loyal Customers
C111211,-1,7,210394.915,5,5,5,15,Champions
C111214,183,3,50574.1665,2,4,3,9,At Risk
C111218,63,4,86691.4305,3,4,4,11,Loyal Customers
C111220,182,2,43856.5695,2,3,3,8,At Risk
C111223,406,1,70956.63,1,2,4,7,Hibernating
C111225,646,1,89550.48000000001,1,2,4,7,Hibernating
C111228,9,6,133498.13199999998,5,5,5,15,Champions
C111230,5,11,204806.69449999998,5,5,5,15,Champions
C111231,109,1,15206.51,3,2,1,6,Hibernating
C111232,30,2,61460.554000000004,4,3,3,10,Loyal Customers
C111233,50,2,67256.96,4,3,4,11,Loyal Customers
C111235,203,2,32187.8695,2,3,2,7,At Risk
C111236,173,1,15244.307999999999,2,2,1,5,Lost
C111237,279,4,83594.68599999999,2,4,4,10,Cannot Lose Them
C111240,227,2,37030.098,2,3,2,7,At Risk
C111241,8,5,107904.4435,5,5,5,15,Champions
C111242,16,7,148087.103,5,5,5,15,Champions
C111243,6,1,15683.29,5,2,1,8,New Customers
C111244,83,2,24831.168999999994,3,3,2,8,Loyal Customers
C111247,222,1,17532.816,2,2,1,5,Lost
C111249,17,1,356.53499999999997,5,2,1,8,New Customers
C111250,139,2,63579.9,3,3,4,10,Loyal Customers
C111252,811,1,26596.57,1,2,2,5,Lost
C111253,521,3,67833.179,1,4,4,9,Cannot Lose Them
C111254,630,1,22560.0,1,2,2,5,Lost
C111255,52,3,98040.7695,4,4,4,12,Champions
C111256,208,1,11847.0,2,2,1,5,Lost
C111257,306,4,147987.812,1,4,5,10,Cannot Lose Them
C111259,17,7,157225.49,5,5,5,15,Champions
C111260,424,1,40914.41,1,2,3,6,Hibernating
C111265,346,2,35789.9065,1,3,2,6,At Risk
C111266,145,1,10826.135499999999,2,2,1,5,Lost
C111268,47,3,38039.4965,4,4,3,11,Loyal Customers
C111269,111,2,28715.9015,3,3,2,8,Loyal Customers
C111270,18,5,104950.4675,5,5,4,14,Champions
C111274,159,5,100385.8925,2,5,4,11,Cannot Lose Them
C111276,3,3,103618.498,5,4,4,13,Champions
C111279,31,5,78543.8675,4,5,4,13,Champions
C111280,112,1,4548.798000000001,3,2,1,6,Hibernating
C111281,-1,8,213911.652,5,5,5,15,Champions
C111282,2,26,528453.504,5,5,5,15,Champions
C111283,9,6,161391.618,5,5,5,15,Champions
C111284,331,1,36280.4055,1,2,2,5,Lost
C111287,146,14,369746.0125,2,5,5,12,Cannot Lose Them
C111288,198,1,24423.024,2,2,2,6,Lost
C111290,64,12,200131.1825,3,5,5,13,Loyal Customers
C111291,35,7,197467.765,4,5,5,14,Champions
C111292,134,2,8806.403,3,3,1,7,Loyal Customers
C111293,619,2,35659.323000000004,1,3,2,6,At Risk
C111295,176,1,42612.630000000005,2,2,3,7,Hibernating
C111296,1,6,98742.86,5,5,4,14,Champions
C111297,23,4,63746.0205,4,4,4,12,Champions
C111301,191,2,35153.424,2,3,2,7,At Risk
C111304,19,9,185998.057,5,5,5,15,Champions
C111305,1,7,154799.566,5,5,5,15,Champions
C111306,272,2,28959.78,2,3,2,7,At Risk
C111307,134,3,64727.726,3,4,4,11,Loyal Customers
C111309,27,5,56358.7345,4,5,3,12,Loyal Customers
C111310,26,1,26110.894999999997,4,2,2,8,New Customers
C111313,134,2,5197.97,3,3,1,7,Loyal Customers
C111314,16,7,180435.552,5,5,5,15,Champions
C111315,17,10,197749.305,5,5,5,15,Champions
C111316,804,1,20164.672000000002,1,2,2,5,Lost
C111317,27,4,90920.5675,4,4,4,12,Champions
C111318,42,1,34845.97,4,2,2,8,New Customers
C111319,364,1,17772.88,1,2,1,4,Lost
C111320,5,2,13708.424,5,3,1,9,Loyal Customers
C111323,143,4,36088.3055,2,4,2,8,At Risk
C111324,274,2,74054.943,2,3,4,9,At Risk
C111326,125,1,36209.57,3,2,2,7,Hibernating
C111327,409,1,7413.04,1,2,1,4,Lost
C111328,338,3,77517.516,1,4,4,9,Cannot Lose Them
C111329,41,3,64232.002,4,4,4,12,Champions
C111331,59,7,210377.762,4,5,5,14,Champions
C111332,190,3,54820.222,2,4,3,9,At Risk
C111334,431,2,59107.211,1,3,3,7,At Risk
C111336,188,2,30270.22,2,3,2,7,At Risk
C111337,73,3,32946.042499999996,3,4,2,9,Loyal Customers
C111340,30,7,67601.2835,4,5,4,13,Champions
C111341,350,1,31954.415999999997,1,2,2,5,Lost
C111342,234,1,9641.745499999999,2,2,1,5,Lost
C111343,165,1,2936.91,2,2,1,5,Lost
C111349,12,4,36229.272000000004,5,4,2,11,Loyal Customers
C111350,50,9,215401.486,4,5,5,14,Champions
C111351,247,3,86934.753,2,4,4,10,Cannot Lose Them
C111353,41,4,93151.6025,4,4,4,12,Champions
C111354,95,6,77789.337,3,5,4,12,Loyal Customers
C111355,333,5,117940.978,1,5,5,11,Cannot Lose Them
C111356,34,9,186084.4545,4,5,5,14,Champions
C111357,97,1,36061.452000000005,3,2,2,7,Hibernating
C111358,171,3,96983.5255,2,4,4,10,Cannot Lose Them
C111360,119,13,368644.1975,3,5,5,13,Loyal Customers
C111362,10,21,503797.799,5,5,5,15,Champions
C111363,50,1,30187.8365,4,2,2,8,New Customers
C111364,133,3,52141.5975,3,4,3,10,Loyal Customers
C111365,308,2,55634.292,1,3,3,7,At Risk
C111366,209,2,31540.254999999997,2,3,2,7,At Risk
C111369,144,1,6087.3769999999995,2,2,1,5,Lost
C111370,34,4,75175.384,4,4,4,12,Champions
C111371,6,11,243341.5115,5,5,5,15,Champions
C111375,147,4,65773.832,2,4,4,10,Cannot Lose Them
C111376,561,3,33225.064,1,4,2,7,At Risk
C111377,14,1,8616.888,5,2,1,8,New Customers
C111378,375,1,92499.18000000001,1,2,4,7,Hibernating
C111379,111,2,68104.2565,3,3,4,10,Loyal Customers
C111380,22,1,13242.24,4,2,1,7,New Customers
C111381,125,1,40739.94,3,2,3,8,Potential Loyalists
C111382,334,1,11847.9535,1,2,1,4,Lost
C111384,509,3,57362.1625,1,4,3,8,At Risk
C111385,140,1,4462.1900000000005,2,2,1,5,Lost
C111386,46,4,33775.1855,4,4,2,10,Loyal Customers
C111387,2,5,90732.01999999999,5,5,4,14,Champions
C111388,35,1,0.0,4,2,1,7,New Customers
C111389,29,3,60085.21000000001,4,4,3,11,Loyal Customers
C111390,4,3,57341.4885,5,4,3,12,Loyal Customers
C111391,275,1,43258.611,2,2,3,7,Hibernating
C111392,511,1,14248.41,1,2,1,4,Lost
C111393,1,6,174140.804,5,5,5,15,Champions
C111394,343,1,7691.571,1,2,1,4,Lost
C111395,77,2,45775.943,3,3,3,9,Loyal Customers
C111397,1,5,132285.1905,5,5,5,15,Champions
C111398,-1,3,30793.762,5,4,2,11,Loyal Customers
C111400,8,1,4004.559,5,2,1,8,New Customers
C111404,242,2,19924.088,2,3,2,7,At Risk
C111405,694,1,46465.551,1,2,3,6,Hibernating
C111408,49,3,116932.22200000001,4,4,5,13,Champions
C111409,97,1,16228.863,3,2,1,6,Hibernating
C111412,8,1,36074.05,5,2,2,9,New Customers
C111415,279,1,24612.696000000004,2,2,2,6,Lost
C111417,407,5,53838.263000000006,1,5,3,9,At Risk
C111418,5,2,40994.272000000004,5,3,3,11,Loyal Customers
C111419,189,6,67734.08,2,5,4,11,Cannot Lose Them
C111420,125,5,154218.095,3,5,5,13,Loyal Customers
C111421,11,10,211746.1245,5,5,5,15,Champions
C111422,802,1,36222.568999999996,1,2,2,5,Lost
C111423,732,1,4418.1,1,2,1,4,Lost
C111424,298,5,97906.179,1,5,4,10,Cannot Lose Them
C111425,476,1,13771.53,1,2,1,4,Lost
C111428,27,1,9155.27,4,2,1,7,New Customers
C111429,904,1,3494.5625,1,2,1,4,Lost
C111430,33,5,50639.8255,4,5,3,12,Loyal Customers
C111431,153,5,68802.348,2,5,4,11,Cannot Lose Them
C111433,14,9,227904.298,5,5,5,15,Champions
C111434,502,1,7092.68,1,2,1,4,Lost
C111438,520,1,16066.5995,1,2,1,4,Lost
C111440,217,2,25959.88,2,3,2,7,At Risk
C111441,69,1,11590.8295,3,2,1,6,Hibernating
C111442,363,6,127643.2245,1,5,5,11,Cannot Lose Them
C111444,467,1,50567.67,1,2,3,6,Hibernating
C111446,40,5,66720.7525,4,5,4,13,Champions
C111448,242,2,65269.746,2,3,4,9,At Risk
C111449,79,3,39883.827,3,4,3,10,Loyal Customers
C111450,73,1,11900.799,3,2,1,6,Hibernating
C111452,83,8,176608.9825,3,5,5,13,Loyal Customers
C111453,10,1,19851.93,5,2,2,9,New Customers
C111454,6,4,79603.19099999999,5,4,4,13,Champions
C111458,493,1,33243.0935,1,2,2,5,Lost
C111461,214,7,153226.489,2,5,5,12,Cannot Lose Them
C111463,1048,1,13315.512,1,2,1,4,Lost
C111464,499,1,41538.264,1,2,3,6,Hibernating
C111465,58,1,41275.62,4,2,3,9,New Customers
C111466,96,1,30930.99,3,2,2,7,Hibernating
C111467,179,1,6796.25,2,2,1,5,Lost
C111468,70,1,15049.216,3,2,1,6,Hibernating
C111469,37,6,153685.45,4,5,5,14,Champions
C111470,561,1,12036.289,1,2,1,4,Lost
C111471,5,1,28050.5455,5,2,2,9,New Customers
C111473,14,2,20508.463,5,3,2,10,Loyal Customers
C111474,43,3,60706.58349999999,4,4,3,11,Loyal Customers
C111476,302,1,34501.887,1,2,2,5,Lost
C111478,85,9,199294.4725,3,5,5,13,Loyal Customers
C111484,28,5,132979.2555,4,5,5,14,Champions
C111485,41,6,204116.303,4,5,5,14,Champions
C111487,416,2,65422.824,1,3,4,8,At Risk
C111489,108,2,45196.85,3,3,3,9,Loyal Customers
C111491,2,9,144693.4505,5,5,5,15,Champions
C111492,38,4,114628.82400000001,4,4,5,13,Champions
C111493,40,10,202235.21899999998,4,5,5,14,Champions
C111494,171,1,8833.556,2,2,1,5,Lost
C111495,274,4,79938.53700000001,2,4,4,10,Cannot Lose Them
C111497,208,1,47225.475000000006,2,2,3,7,Hibernating
C111499,68,18,315581.3885,3,5,5,13,Loyal Customers
C111500,74,4,86181.32149999999,3,4,4,11,Loyal Customers
C111502,14,2,21268.059,5,3,2,10,Loyal Customers
C111504,20,7,166163.5985,5,5,5,15,Champions
C111505,11,4,90188.2835,5,4,4,13,Champions
C111508,285,1,28724.239999999998,2,2,2,6,Lost
C111511,544,1,25108.699999999997,1,2,2,5,Lost
C111512,125,4,100351.8315,3,4,4,11,Loyal Customers
C111515,6,1,12801.920000000002,5,2,1,8,New Customers
C111516,39,4,69647.0275,4,4,4,12,Champions
C111517,15,6,87496.8515,5,5,4,14,Champions
C111520,210,1,965.7615000000001,2,2,1,5,Lost
C111521,148,2,40325.003,2,3,3,8,At Risk
C111522,99,5,179205.447,3,5,5,13,Loyal Customers
C111523,35,1,12056.16,4,2,1,7,New Customers
C111525,33,5,122174.18299999999,4,5,5,14,Champions
C111527,62,1,19452.816000000003,4,2,2,8,New Customers
C111529,91,12,216521.34649999999,3,5,5,13,Loyal Customers
C111530,36,5,158700.6285,4,5,5,14,Champions
C111532,0,1,8450.15,5,2,1,8,New Customers
C111533,158,2,3953.51,2,3,1,6,At Risk
C111534,197,1,5419.728,2,2,1,5,Lost
C111535,91,4,117265.4035,3,4,5,12,Loyal Customers
C111536,119,2,7073.88,3,3,1,7,Loyal Customers
C111537,1,4,97492.982,5,4,4,13,Champions
C111540,93,1,50231.430499999995,3,2,3,8,Potential Loyalists
C111541,72,2,26605.800000000003,3,3,2,8,Loyal Customers
C111544,257,1,24497.25,2,2,2,6,Lost
C111546,159,1,45527.42,2,2,3,7,Hibernating
C111547,101,1,8122.65,3,2,1,6,Hibernating
C111548,87,2,1740.243,3,3,1,7,Loyal Customers
C111549,14,6,228926.84,5,5,5,15,Champions
C111551,10,2,50224.39,5,3,3,11,Loyal Customers
C111552,2,4,134805.0185,5,4,5,14,Champions
C111553,47,2,20329.021,4,3,2,9,Loyal Customers
C111554,96,3,56312.0475,3,4,3,10,Loyal Customers
C111555,156,1,23229.0805,2,2,2,6,Lost
C111556,70,5,113435.161,3,5,5,13,Loyal Customers
C111557,243,1,5762.934,2,2,1,5,Lost
C111558,382,1,27932.238000000005,1,2,2,5,Lost
C111559,354,2,52804.5815,1,3,3,7,At Risk
C111561,20,8,198787.299,5,5,5,15,Champions
C111562,259,1,17041.38,2,2,1,5,Lost
C111564,34,8,190218.656,4,5,5,14,Champions
C111565,2,9,195455.2675,5,5,5,15,Champions
C111567,772,1,41805.2865,1,2,3,6,Hibernating
C111568,11,3,28774.4255,5,4,2,11,Loyal Customers
C111569,66,1,33703.569,3,2,2,7,Hibernating
C111570,60,8,161176.09100000001,4,5,5,14,Champions
C111571,132,2,39177.56,3,3,3,9,Loyal Customers
C111572,328,3,73594.3,1,4,4,9,Cannot Lose Them
C111573,45,2,57548.729999999996,4,3,3,10,Loyal Customers
C111574,69,3,147426.766,3,4,5,12,Loyal Customers
C111575,9,6,54453.298500000004,5,5,3,13,Loyal Customers
C111576,266,2,22295.03,2,3,2,7,At Risk
C111577,9,3,48167.396,5,4,3,12,Loyal Customers
C111579,13,2,23413.362,5,3,2,10,Loyal Customers
C111580,39,3,28528.332000000002,4,4,2,10,Loyal Customers
C111582,120,4,56630.350999999995,3,4,3,10,Loyal Customers
C111585,570,1,1996.344,1,2,1,4,Lost
C111586,264,7,212546.77649999998,2,5,5,12,Cannot Lose Them
C111587,82,3,22220.388,3,4,2,9,Loyal Customers
C111590,539,2,76518.04000000001,1,3,4,8,At Risk
C111591,896,1,9079.4705,1,2,1,4,Lost
C111593,140,1,22445.584499999997,2,2,2,6,Lost
C111595,502,1,18447.5,1,2,2,5,Lost
C111596,8,2,114419.145,5,3,5,13,Loyal Customers
C111598,1,1,9667.528,5,2,1,8,New Customers
C111599,131,3,42683.479,3,4,3,10,Loyal Customers
C111600,245,3,22301.542,2,4,2,8,At Risk
C111601,459,1,59749.56,1,2,3,6,Hibernating
C111602,89,2,34683.8275,3,3,2,8,Loyal Customers
C111603,23,1,22967.44,4,2,2,8,New Customers
C111604,27,3,81252.052,4,4,4,12,Champions
C111605,273,3,55346.518000000004,2,4,3,9,At Risk
C111606,60,1,23710.68,4,2,2,8,New Customers
C111607,29,6,98383.008,4,5,4,13,Champions
C111608,71,3,30212.7825,3,4,2,9,Loyal Customers
C111609,156,4,84252.41649999999,2,4,4,10,Cannot Lose Them
C111611,1,3,44086.01000000001,5,4,3,12,Loyal Customers
C111614,47,2,53404.007,4,3,3,10,Loyal Customers
C111615,100,4,157244.52,3,4,5,12,Loyal Customers
C111616,263,1,20048.94,2,2,2,6,Lost
C111617,524,1,22991.24,1,2,2,5,Lost
C111618,156,1,2004.43,2,2,1,5,Lost
C111620,193,1,20823.899999999998,2,2,2,6,Lost
C111621,68,1,4157.485,3,2,1,6,Hibernating
C111623,60,3,52234.9525,4,4,3,11,Loyal Customers
C111627,58,12,210931.79,4,5,5,14,Champions
C111628,106,1,13477.241499999998,3,2,1,6,Hibernating
C111629,-1,11,224144.823,5,5,5,15,Champions
C111631,55,9,231500.014,4,5,5,14,Champions
C111632,16,1,2423.6875,5,2,1,8,New Customers
C111633,318,3,22912.323999999997,1,4,2,7,At Risk
C111634,103,3,98539.924,3,4,4,11,Loyal Customers
C111635,6,16,396146.403,5,5,5,15,Champions
C111636,81,3,45583.778,3,4,3,10,Loyal Customers
C111639,714,1,11664.747,1,2,1,4,Lost
C111641,72,1,3191.36,3,2,1,6,Hibernating
C111643,265,1,15955.047,2,2,1,5,Lost
C111644,55,5,35670.077,4,5,2,11,Loyal Customers
C111645,731,1,8895.07,1,2,1,4,Lost
C111646,98,1,31836.078,3,2,2,7,Hibernating
C111648,25,2,19237.1735,4,3,2,9,Loyal Customers
C111651,1,4,80873.024,5,4,4,13,Champions
C111653,524,1,9991.08,1,2,1,4,Lost
C111656,516,1,694.0160000000001,1,2,1,4,Lost
C111658,828,1,3652.28,1,2,1,4,Lost
C111659,503,4,78314.37599999999,1,4,4,9,Cannot Lose Them
C111660,88,3,95910.32,3,4,4,11,Loyal Customers
C111661,109,1,33535.38,3,2,2,7,Hibernating
C111662,379,3,53100.554000000004,1,4,3,8,At Risk
C111663,69,1,42104.7755,3,2,3,8,Potential Loyalists
C111668,163,4,55723.363,2,4,3,9,At Risk
C111669,31,7,99097.5985,4,5,4,13,Champions
C111670,120,8,175931.837,3,5,5,13,Loyal Customers
C111674,13,6,106578.8805,5,5,4,14,Champions
C111675,383,1,5494.194,1,2,1,4,Lost
C111676,2,7,110596.93549999999,5,5,5,15,Champions
C111677,-1,3,46735.4605,5,4,3,12,Loyal Customers
C111679,3,1,9786.456,5,2,1,8,New Customers
C111680,6,6,126064.284,5,5,5,15,Champions
C111681,135,5,50929.867000000006,3,5,3,11,Loyal Customers
C111683,621,2,55225.5125,1,3,3,7,At Risk
C111684,145,4,82859.6575,2,4,4,10,Cannot Lose Them
C111686,1,11,198726.408,5,5,5,15,Champions
C111687,297,3,60936.452000000005,1,4,3,8,At Risk
C111688,311,2,62153.02,1,3,3,7,At Risk
C111689,129,2,55299.666,3,3,3,9,Loyal Customers
C111690,104,1,12493.52,3,2,1,6,Hibernating
C111691,946,1,50591.15,1,2,3,6,Hibernating
C111692,54,4,79107.9975,4,4,4,12,Champions
C111693,-1,15,328014.12299999996,5,5,5,15,Champions
C111694,39,2,29689.859,4,3,2,9,Loyal Customers
C111695,5,3,15893.811,5,4,1,10,Loyal Customers
C111696,120,2,37239.794,3,3,2,8,Loyal Customers
C111697,44,5,145659.63749999998,4,5,5,14,Champions
C111698,74,10,154515.184,3,5,5,13,Loyal Customers
C111701,98,10,124230.357,3,5,5,13,Loyal Customers
C111702,205,1,16595.6,2,2,1,5,Lost
C111703,306,4,44150.198,1,4,3,8,At Risk
C111704,11,2,60269.585,5,3,3,11,Loyal Customers
C111705,45,11,188453.801,4,5,5,14,Champions
C111706,285,2,84571.45999999999,2,3,4,9,At Risk
C111707,26,7,248204.378,4,5,5,14,Champions
C111708,4,9,258688.207,5,5,5,15,Champions
C111710,313,3,105567.849,1,4,4,9,Cannot Lose Them
C111712,569,4,119128.2805,1,4,5,10,Cannot Lose Them
C111713,59,1,3138.11,4,2,1,7,New Customers
C111714,99,1,161.1685,3,2,1,6,Hibernating
C111716,32,5,126722.757,4,5,5,14,Champions
C111718,124,4,31152.3515,3,4,2,9,Loyal Customers
C111719,564,2,17554.7025,1,3,1,5,At Risk
C111720,8,2,57444.418999999994,5,3,3,11,Loyal Customers
C111722,229,2,56699.2255,2,3,3,8,At Risk
C111723,101,3,46488.778,3,4,3,10,Loyal Customers
C111724,77,3,21814.034,3,4,2,9,Loyal Customers
C111725,124,1,38986.128000000004,3,2,3,8,Potential Loyalists
C111727,0,3,92619.8665,5,4,4,13,Champions
C111728,184,1,26988.832,2,2,2,6,Lost
C111731,116,6,102291.763,3,5,4,12,Loyal Customers
C111732,14,8,127287.245,5,5,5,15,Champions
C111733,100,8,263552.167,3,5,5,13,Loyal Customers
C111735,55,1,29988.7395,4,2,2,8,New Customers
C111736,3,7,122875.77699999999,5,5,5,15,Champions
C111737,2,4,86716.979,5,4,4,13,Champions
C111738,520,1,32043.483,1,2,2,5,Lost
C111741,260,4,66389.0655,2,4,4,10,Cannot Lose Them
C111742,123,1,10964.9,3,2,1,6,Hibernating
C111743,132,1,47436.768,3,2,3,8,Potential Loyalists
C111744,1,7,131565.4865,5,5,5,15,Champions
C111745,1,1,58892.69,5,2,3,10,New Customers
C111746,7,6,228099.82450000002,5,5,5,15,Champions
C111747,212,2,14990.24,2,3,1,6,At Risk
C111750,1,1,26058.566499999997,5,2,2,9,New Customers
C111751,207,1,12732.1565,2,2,1,5,Lost
C111752,298,3,53268.864,1,4,3,8,At Risk
C111753,1,5,182193.3505,5,5,5,15,Champions
C111754,386,6,74138.781,1,5,4,10,Cannot Lose Them
C111755,39,2,95040.8265,4,3,4,11,Loyal Customers
C111756,62,1,21833.952,4,2,2,8,New Customers
C111757,437,1,23657.65,1,2,2,5,Lost
C111761,86,4,31104.993,3,4,2,9,Loyal Customers
C111762,14,2,102281.28,5,3,4,12,Loyal Customers
C111763,39,2,61366.2875,4,3,3,10,Loyal Customers
C111764,17,2,38160.69,5,3,3,11,Loyal Customers
C111765,439,1,13614.048000000003,1,2,1,4,Lost
C111766,0,3,103104.31049999999,5,4,4,13,Champions
C111767,46,1,9395.91,4,2,1,7,New Customers
C111768,711,1,8955.43,1,2,1,4,Lost
C111769,793,1,1812.4099999999999,1,2,1,4,Lost
C111774,31,5,124111.033,4,5,5,14,Champions
C111775,174,5,159415.32249999998,2,5,5,12,Cannot Lose Them
C111776,94,1,17886.5,3,2,1,6,Hibernating
C111777,8,3,52022.036,5,4,3,12,Loyal Customers
C111778,119,1,31668.653999999995,3,2,2,7,Hibernating
C111780,-1,1,4654.89,5,2,1,8,New Customers
C111781,394,1,18529.5125,1,2,2,5,Lost
C111782,1,3,92249.5465,5,4,4,13,Champions
C111783,308,3,57609.1545,1,4,3,8,At Risk
C111785,39,2,28600.117,4,3,2,9,Loyal Customers
C111786,26,2,20966.39,4,3,2,9,Loyal Customers
C111788,8,6,129385.138,5,5,5,15,Champions
C111792,227,3,21811.134000000002,2,4,2,8,At Risk
C111793,12,1,4881.240000000001,5,2,1,8,New Customers
C111795,-1,3,47287.0565,5,4,3,12,Loyal Customers
C111799,52,9,203125.7285,4,5,5,14,Champions
C111800,203,3,36771.758,2,4,2,8,At Risk
C111801,100,4,123432.231,3,4,5,12,Loyal Customers
C111802,927,1,19234.607500000002,1,2,2,5,Lost
C111803,317,1,12259.593,1,2,1,4,Lost
C111804,22,1,2877.55,4,2,1,7,New Customers
C111805,397,3,63005.1695,1,4,3,8,At Risk
C111806,293,2,41905.51,1,3,3,7,At Risk
C111807,428,3,81555.272,1,4,4,9,Cannot Lose Them
C111809,22,3,55730.012,4,4,3,11,Loyal Customers
C111810,406,1,20449.854,1,2,2,5,Lost
C111811,55,2,41891.559,4,3,3,10,Loyal Customers
C111813,258,1,26163.520000000004,2,2,2,6,Lost
C111814,370,1,31759.083,1,2,2,5,Lost
C111815,26,11,252930.1045,4,5,5,14,Champions
C111816,259,5,67305.5255,2,5,4,11,Cannot Lose Them
C111819,432,2,37294.83,1,3,3,7,At Risk
C111820,367,1,6509.16,1,2,1,4,Lost
C111821,54,2,62302.2245,4,3,3,10,Loyal Customers
C111823,76,2,93750.205,3,3,4,10,Loyal Customers
C111824,286,4,119247.31,2,4,5,11,Cannot Lose Them
C111825,142,1,23781.392,2,2,2,6,Lost
C111826,96,3,55822.8405,3,4,3,10,Loyal Customers
C111827,461,2,25037.190000000002,1,3,2,6,At Risk
C111828,107,4,71404.1265,3,4,4,11,Loyal Customers
C111831,13,4,64868.0675,5,4,4,13,Champions
C111832,109,2,29471.190000000002,3,3,2,8,Loyal Customers
C111833,7,9,192434.50149999998,5,5,5,15,Champions
C111834,47,3,100619.83,4,4,4,12,Champions
C111835,8,5,159548.076,5,5,5,15,Champions
C111836,100,2,28578.481,3,3,2,8,Loyal Customers
C111837,206,1,39735.97,2,2,3,7,Hibernating
C111838,53,1,47427.671,4,2,3,9,New Customers
C111839,156,5,61925.3765,2,5,3,10,At Risk
C111840,196,1,1444.46,2,2,1,5,Lost
C111841,858,1,30712.2175,1,2,2,5,Lost
C111842,39,9,162141.309,4,5,5,14,Champions
C111844,133,3,61196.985,3,4,3,10,Loyal Customers
C111847,135,1,32067.199999999997,3,2,2,7,Hibernating
C111848,94,5,140943.6255,3,5,5,13,Loyal Customers
C111849,359,2,46812.3005,1,3,3,7,At Risk
C111850,7,16,226697.99349999998,5,5,5,15,Champions
C111857,489,1,13611.78,1,2,1,4,Lost
C111859,52,4,52676.948000000004,4,4,3,11,Loyal Customers
C111860,61,9,208582.3935,4,5,5,14,Champions
C111861,12,4,72746.0435,5,4,4,13,Champions
C111862,254,4,82925.94,2,4,4,10,Cannot Lose Them
C111863,50,5,45866.516,4,5,3,12,Loyal Customers
C111864,17,2,49645.488,5,3,3,11,Loyal Customers
C111865,28,4,72132.07500000001,4,4,4,12,Champions
C111866,74,3,70595.86,3,4,4,11,Loyal Customers
C111868,88,7,169808.287,3,5,5,13,Loyal Customers
C111869,0,3,72042.907,5,4,4,13,Champions
C111870,35,1,9738.1525,4,2,1,7,New Customers
C111871,70,2,31435.391,3,3,2,8,Loyal Customers
C111872,568,2,36187.112,1,3,2,6,At Risk
C111873,218,3,43705.374,2,4,3,9,At Risk
C111874,139,1,5908.92,3,2,1,6,Hibernating
C111875,879,1,29604.608,1,2,2,5,Lost
C111876,245,1,60236.8685,2,2,3,7,Hibernating
C111877,46,12,341083.329,4,5,5,14,Champions
C111878,209,5,88709.494,2,5,4,11,Cannot Lose Them
C111879,162,4,109730.874,2,4,5,11,Cannot Lose Them
C111883,697,1,14407.38,1,2,1,4,Lost
C111885,368,1,44741.799999999996,1,2,3,6,Hibernating
C111886,824,2,25582.6985,1,3,2,6,At Risk
C111887,147,3,51932.785,2,4,3,9,At Risk
C111889,736,1,33233.65,1,2,2,5,Lost
C111890,83,2,26484.768,3,3,2,8,Loyal Customers
C111891,9,5,127793.106,5,5,5,15,Champions
C111892,112,3,145130.9635,3,4,5,12,Loyal Customers
C111893,265,2,54586.238,2,3,3,8,At Risk
C111894,12,5,65540.062,5,5,4,14,Champions
C111896,59,1,22108.383,4,2,2,8,New Customers
C111898,41,6,66340.9465,4,5,4,13,Champions
C111899,176,1,30317.96,2,2,2,6,Lost
C111901,24,1,31993.379999999997,4,2,2,8,New Customers
C111902,45,1,18509.92,4,2,2,8,New Customers
C111904,398,4,193718.3605,1,4,5,10,Cannot Lose Them
C111905,454,3,48462.699,1,4,3,8,At Risk
C111910,115,1,42598.43,3,2,3,8,Potential Loyalists
C111912,1,4,76396.186,5,4,4,13,Champions
C111915,72,8,114739.3465,3,5,5,13,Loyal Customers
C111916,188,1,8032.8485,2,2,1,5,Lost
C111917,19,2,50844.5125,5,3,3,11,Loyal Customers
C111918,90,4,90203.603,3,4,4,11,Loyal Customers
C111919,236,1,43866.621499999994,2,2,3,7,Hibernating
C111922,429,1,6222.9,1,2,1,4,Lost
C111923,257,5,118522.786,2,5,5,12,Cannot Lose Them
C111925,30,7,178773.449,4,5,5,14,Champions
C111926,302,6,197916.144,1,5,5,11,Cannot Lose Them
C111927,83,2,29866.674,3,3,2,8,Loyal Customers
C111930,88,2,58307.074,3,3,3,9,Loyal Customers
C111931,45,6,77710.01000000001,4,5,4,13,Champions
C111935,271,2,18759.874,2,3,2,7,At Risk
C111936,27,1,2350.43,4,2,1,7,New Customers
C111937,73,1,12086.343,3,2,1,6,Hibernating
C111938,436,2,52983.45,1,3,3,7,At Risk
C111939,112,1,43084.359,3,2,3,8,Potential Loyalists
C111940,28,4,81613.1225,4,4,4,12,Champions
C111943,139,1,11423.848,3,2,1,6,Hibernating
C111944,34,3,39718.8145,4,4,3,11,Loyal Customers
C111945,82,4,74519.15400000001,3,4,4,11,Loyal Customers
C111946,533,1,3658.7790000000005,1,2,1,4,Lost
C111948,56,4,64009.863,4,4,4,12,Champions
C111949,44,2,25464.2125,4,3,2,9,Loyal Customers
C111951,81,1,5590.87,3,2,1,6,Hibernating
C111952,48,4,65870.45,4,4,4,12,Champions
C111953,252,1,24288.896999999997,2,2,2,6,Lost
C111956,5,3,30301.5265,5,4,2,11,Loyal Customers
C111957,102,1,16798.068,3,2,1,6,Hibernating
C111958,48,4,122583.537,4,4,5,13,Champions
C111959,30,3,70014.851,4,4,4,12,Champions
C111960,417,2,6203.862000000001,1,3,1,5,At Risk
C111961,487,1,9689.160000000002,1,2,1,4,Lost
C111962,28,8,146755.7445,4,5,5,14,Champions
C111965,10,17,369549.889,5,5,5,15,Champions
C111966,829,1,15270.64,1,2,1,4,Lost
C111968,104,2,42279.8955,3,3,3,9,Loyal Customers
C111969,26,1,21254.11,4,2,2,8,New Customers
C111970,12,6,62529.9975,5,5,3,13,Loyal Customers
C111971,52,3,54270.456,4,4,3,11,Loyal Customers
C111972,80,1,12458.537499999999,3,2,1,6,Hibernating
C111974,17,2,24056.786,5,3,2,10,Loyal Customers
C111975,206,1,32294.45,2,2,2,6,Lost
C111976,635,2,22028.443,1,3,2,6,At Risk
C111978,180,2,19085.6165,2,3,2,7,At Risk
C111980,26,3,44053.614499999996,4,4,3,11,Loyal Customers
C111981,10,1,28474.42,5,2,2,9,New Customers
C111983,3,1,18242.66,5,2,2,9,New Customers
C111984,-1,4,130113.9245,5,4,5,14,Champions
C111985,146,1,31368.374499999998,2,2,2,6,Lost
C111987,342,1,13670.23,1,2,1,4,Lost
C111988,245,3,73058.554,2,4,4,10,Cannot Lose Them
C111990,32,1,12475.0165,4,2,1,7,New Customers
C111992,145,2,24316.4585,2,3,2,7,At Risk
C111993,69,2,42271.987,3,3,3,9,Loyal Customers
C111994,66,2,42263.24,3,3,3,9,Loyal Customers
C111995,908,1,10523.928,1,2,1,4,Lost
C111996,197,3,65591.58799999999,2,4,4,10,Cannot Lose Them
C111997,216,1,17128.304,2,2,1,5,Lost
C111998,280,2,12545.48,2,3,1,6,At Risk
C111999,2,3,46524.36,5,4,3,12,Loyal Customers
C112001,276,2,5140.3215,2,3,1,6,At Risk
C112002,5,10,199294.826,5,5,5,15,Champions
C112004,371,3,80702.732,1,4,4,9,Cannot Lose Them
C112005,14,3,45034.617000000006,5,4,3,12,Loyal Customers
C112007,1054,1,71195.24,1,2,4,7,Hibernating
C112008,341,1,15595.869999999999,1,2,1,4,Lost
C112010,27,7,190202.6335,4,5,5,14,Champions
C112011,237,1,8550.9575,2,2,1,5,Lost
C112012,270,2,61766.761,2,3,3,8,At Risk
C112013,54,4,41047.1995,4,4,3,11,Loyal Customers
C112015,75,5,70297.6145,3,5,4,12,Loyal Customers
C112017,606,1,20006.75,1,2,2,5,Lost
C112018,104,2,45254.912500000006,3,3,3,9,Loyal Customers
C112019,192,2,54269.07,2,3,3,8,At Risk
C112020,32,7,154382.78399999999,4,5,5,14,Champions
C112021,846,1,27996.81,1,2,2,5,Lost
C112022,136,5,91396.582,3,5,4,12,Loyal Customers
C112023,436,3,52705.8,1,4,3,8,At Risk
C112024,125,7,112627.468,3,5,5,13,Loyal Customers
C112025,153,11,149915.381,2,5,5,12,Cannot Lose Them
C112026,428,1,21081.27,1,2,2,5,Lost
C112027,134,1,12440.556,3,2,1,6,Hibernating
C112028,18,6,181662.23899999997,5,5,5,15,Champions
C112032,124,2,10613.411499999998,3,3,1,7,Loyal Customers
C112034,533,1,16455.33,1,2,1,4,Lost
C112035,200,1,14006.43,2,2,1,5,Lost
C112039,88,6,82815.561,3,5,4,12,Loyal Customers
C112041,77,5,113345.59300000001,3,5,5,13,Loyal Customers
C112044,314,2,21502.4765,1,3,2,6,At Risk
C112045,4,2,48098.762,5,3,3,11,Loyal Customers
C112046,167,1,24317.776,2,2,2,6,Lost
C112048,117,1,578.26,3,2,1,6,Hibernating
C112049,475,2,31578.739999999998,1,3,2,6,At Risk
C112051,117,2,52492.888,3,3,3,9,Loyal Customers
C112052,14,1,33234.24,5,2,2,9,New Customers
C112053,13,5,82506.51400000001,5,5,4,14,Champions
C112054,159,8,129327.5975,2,5,5,12,Cannot Lose Them
C112055,699,1,17662.6855,1,2,1,4,Lost
C112056,452,1,50519.512,1,2,3,6,Hibernating
C112057,672,1,13597.112000000001,1,2,1,4,Lost
C112058,13,3,138802.095,5,4,5,14,Champions
C112060,36,2,47297.88,4,3,3,10,Loyal Customers
C112061,10,3,87281.264,5,4,4,13,Champions
C112062,639,2,57419.242,1,3,3,7,At Risk
C112064,113,1,29397.0185,3,2,2,7,Hibernating
C112065,220,2,71431.541,2,3,4,9,At Risk
C112066,67,2,18377.824,3,3,2,8,Loyal Customers
C112067,138,1,5579.424,3,2,1,6,Hibernating
C112068,137,1,12538.74,3,2,1,6,Hibernating
C112071,176,6,131696.655,2,5,5,12,Cannot Lose Them
C112072,52,4,99315.576,4,4,4,12,Champions
C112075,8,1,37675.99,5,2,3,10,New Customers
C112076,7,2,66020.6,5,3,4,12,Loyal Customers
C112080,416,1,572.576,1,2,1,4,Lost
C112081,89,7,192727.6555,3,5,5,13,Loyal Customers
C112084,221,1,7281.559,2,2,1,5,Lost
C112085,0,2,26128.016499999998,5,3,2,10,Loyal Customers
C112087,2,7,150572.229,5,5,5,15,Champions
C112089,8,5,213065.9545,5,5,5,15,Champions
C112092,45,6,81383.484,4,5,4,13,Champions
C112093,53,6,76793.476,4,5,4,13,Champions
C112094,23,11,107712.1075,4,5,5,14,Champions
C112098,261,1,12422.04,2,2,1,5,Lost
C112101,59,6,118398.5055,4,5,5,14,Champions
C112103,68,1,397.26,3,2,1,6,Hibernating
C112104,-1,3,11023.617,5,4,1,10,Loyal Customers
C112105,546,1,22083.29,1,2,2,5,Lost
C112106,30,12,213699.96050000002,4,5,5,14,Champions
C112108,100,6,128300.5005,3,5,5,13,Loyal Customers
C112109,151,6,119403.743,2,5,5,12,Cannot Lose Them
C112110,32,14,272025.368,4,5,5,14,Champions
C112111,-1,4,107096.72499999999,5,4,4,13,Champions
C112112,286,1,21742.79,2,2,2,6,Lost
C112113,812,1,28431.848,1,2,2,5,Lost
C112114,14,6,93584.547,5,5,4,14,Champions
C112116,51,4,86426.481,4,4,4,12,Champions
C112117,1,6,98728.5095,5,5,4,14,Champions
C112120,47,1,40524.35400000001,4,2,3,9,New Customers
C112123,1,5,96002.515,5,5,4,14,Champions
C112124,21,3,43962.537,4,4,3,11,Loyal Customers
C112125,14,1,23402.260000000002,5,2,2,9,New Customers
C112126,30,3,70581.78,4,4,4,12,Champions
C112127,40,2,41484.936,4,3,3,10,Loyal Customers
C112128,201,1,21588.102000000003,2,2,2,6,Lost
C112129,134,5,138897.1995,3,5,5,13,Loyal Customers
C112131,17,3,78086.38,5,4,4,13,Champions
C112132,15,3,53953.731,5,4,3,12,Loyal Customers
C112134,336,2,4748.3279999999995,1,3,1,5,At Risk
C112135,19,1,6215.34,5,2,1,8,New Customers
C112136,531,2,63444.3115,1,3,4,8,At Risk
C112138,273,1,46380.546,2,2,3,7,Hibernating
C112139,28,3,139504.37649999998,4,4,5,13,Champions
C112140,6,3,70051.1115,5,4,4,13,Champions
C112141,243,1,16039.7525,2,2,1,5,Lost
C112142,24,2,12423.76,4,3,1,8,Loyal Customers
C112143,34,3,51302.741,4,4,3,11,Loyal Customers
C112144,290,1,9134.54,1,2,1,4,Lost
C112145,552,1,37162.264,1,2,2,5,Lost
C112146,166,2,41059.948,2,3,3,8,At Risk
C112148,24,4,75738.624,4,4,4,12,Champions
C112149,69,2,75662.869,3,3,4,10,Loyal Customers
C112151,89,4,54808.1985,3,4,3,10,Loyal Customers
C112152,332,2,72965.904,1,3,4,8,At Risk
C112153,91,1,16141.72,3,2,1,6,Hibernating
C112154,775,1,5718.880000000001,1,2,1,4,Lost
C112155,178,1,624.52,2,2,1,5,Lost
C112157,148,4,115892.846,2,4,5,11,Cannot Lose Them
C112158,272,1,15439.32,2,2,1,5,Lost
C112159,28,3,90445.669,4,4,4,12,Champions
C112161,10,3,19064.0155,5,4,2,11,Loyal Customers
C112162,13,6,57303.384,5,5,3,13,Loyal Customers
C112163,487,1,12452.3625,1,2,1,4,Lost
C112165,75,3,122348.10199999998,3,4,5,12,Loyal Customers
C112166,223,2,73085.652,2,3,4,9,At Risk
C112167,5,5,129085.3375,5,5,5,15,Champions
C112168,51,1,41137.900499999996,4,2,3,9,New Customers
C112169,63,5,59533.298,3,5,3,11,Loyal Customers
C112171,188,3,70134.9105,2,4,4,10,Cannot Lose Them
C112173,503,3,23584.129500000003,1,4,2,7,At Risk
C112174,86,2,49894.2775,3,3,3,9,Loyal Customers
C112175,425,1,19986.552,1,2,2,5,Lost
C112176,4,13,332411.664,5,5,5,15,Champions
C112178,422,1,19470.52,1,2,2,5,Lost
C112179,158,2,1028.6495,2,3,1,6,At Risk
C112183,545,1,50224.259999999995,1,2,3,6,Hibernating
C112184,26,10,178802.7635,4,5,5,14,Champions
C112185,305,1,15117.534,1,2,1,4,Lost
C112186,252,4,59088.865999999995,2,4,3,9,At Risk
C112187,33,6,167131.2285,4,5,5,14,Champions
C112189,330,4,88959.2495,1,4,4,9,Cannot Lose Them
C112192,161,7,86005.7045,2,5,4,11,Cannot Lose Them
C112197,247,2,44168.28,2,3,3,8,At Risk
C112198,113,2,36048.909999999996,3,3,2,8,Loyal Customers
C112199,61,2,66851.48999999999,4,3,4,11,Loyal Customers
C112200,97,6,137277.87900000002,3,5,5,13,Loyal Customers
C112201,346,1,16680.1705,1,2,1,4,Lost
C112204,20,4,70382.8545,5,4,4,13,Champions
C112205,607,4,89348.87400000001,1,4,4,9,Cannot Lose Them
C112206,72,7,53944.234000000004,3,5,3,11,Loyal Customers
C112207,294,3,78736.165,1,4,4,9,Cannot Lose Them
C112208,5,2,29107.46,5,3,2,10,Loyal Customers
C112210,179,1,2806.1369999999997,2,2,1,5,Lost
C112211,2,3,14520.0465,5,4,1,10,Loyal Customers
C112213,10,3,42533.203,5,4,3,12,Loyal Customers
C112214,408,2,41523.939000000006,1,3,3,7,At Risk
C112215,50,6,142158.906,4,5,5,14,Champions
C112216,2,4,84385.8885,5,4,4,13,Champions
C112217,159,3,33030.646,2,4,2,8,At Risk
C112222,324,4,41856.322499999995,1,4,3,8,At Risk
C112224,152,5,61769.5675,2,5,3,10,At Risk
C112225,113,4,58087.003000000004,3,4,3,10,Loyal Customers
C112226,99,3,54938.914000000004,3,4,3,10,Loyal Customers
C112228,37,1,12191.786999999998,4,2,1,7,New Customers
C112229,220,2,50707.61,2,3,3,8,At Risk
C112230,98,5,75688.1805,3,5,4,12,Loyal Customers
C112232,67,1,64260.46,3,2,4,9,Potential Loyalists
C112235,34,5,141358.64,4,5,5,14,Champions
C112236,34,18,328115.9845,4,5,5,14,Champions
C112237,7,1,34206.38,5,2,2,9,New Customers
C112238,100,3,64384.501500000006,3,4,4,11,Loyal Customers
C112239,174,2,40123.762,2,3,3,8,At Risk
C112240,268,1,34426.41,2,2,2,6,Lost
C112241,137,3,112893.42000000001,3,4,5,12,Loyal Customers
C112242,51,5,178695.2315,4,5,5,14,Champions
C112243,49,2,36515.6275,4,3,2,9,Loyal Customers
C112244,231,4,84314.385,2,4,4,10,Cannot Lose Them
C112245,6,13,228532.91150000002,5,5,5,15,Champions
C112246,2,1,30429.2945,5,2,2,9,New Customers
C112247,57,1,3105.585,4,2,1,7,New Customers
C112249,0,13,282729.6925,5,5,5,15,Champions
C112251,225,3,72019.992,2,4,4,10,Cannot Lose Them
C112252,54,1,11345.96,4,2,1,7,New Customers
C112254,49,6,114432.336,4,5,5,14,Champions
C112255,257,1,60927.219,2,2,3,7,Hibernating
C112256,62,4,110967.68149999999,4,4,5,13,Champions
C112257,19,2,19205.619,5,3,2,10,Loyal Customers
C112258,57,4,70949.9815,4,4,4,12,Champions
C112259,194,1,71376.21,2,2,4,8,Hibernating
C112261,345,4,154512.409,1,4,5,10,Cannot Lose Them
C112262,307,1,10145.42,1,2,1,4,Lost
C112265,141,2,52150.32,2,3,3,8,At Risk
C112267,414,3,132355.1595,1,4,5,10,Cannot Lose Them
C112268,259,6,189341.9665,2,5,5,12,Cannot Lose Them
C112269,380,2,44409.43,1,3,3,7,At Risk
C112270,4,5,106105.107,5,5,4,14,Champions
C112272,514,1,13633.3645,1,2,1,4,Lost
C112273,2,1,2369.792,5,2,1,8,New Customers
C112274,295,3,127189.4705,1,4,5,10,Cannot Lose Them
C112275,175,4,106527.151,2,4,4,10,Cannot Lose Them
C112276,190,3,17850.322,2,4,1,7,At Risk
C112278,560,1,31598.45,1,2,2,5,Lost
C112279,244,3,56498.8375,2,4,3,9,At Risk
C112280,35,8,205125.274,4,5,5,14,Champions
C112281,156,4,43845.991,2,4,3,9,At Risk
C112282,347,1,1475.49,1,2,1,4,Lost
C112283,254,2,83395.466,2,3,4,9,At Risk
C112284,135,4,51284.8795,3,4,3,10,Loyal Customers
C112285,199,5,54293.1355,2,5,3,10,At Risk
C112286,160,2,23363.217,2,3,2,7,At Risk
C112287,-1,2,96629.841,5,3,4,12,Loyal Customers
C112288,240,4,87758.903,2,4,4,10,Cannot Lose Them
C112289,273,1,32196.744499999997,2,2,2,6,Lost
C112290,150,1,31035.37,2,2,2,6,Lost
C112291,657,1,8965.863000000001,1,2,1,4,Lost
C112294,2,5,133398.348,5,5,5,15,Champions
C112295,86,1,16629.48,3,2,1,6,Hibernating
C112296,170,1,7740.567499999999,2,2,1,5,Lost
C112297,375,4,94676.11600000001,1,4,4,9,Cannot Lose Them
C112298,40,8,175880.8705,4,5,5,14,Champions
C112299,30,2,12556.269,4,3,1,8,Loyal Customers
C112300,457,1,5094.407,1,2,1,4,Lost
C112301,108,4,99509.4545,3,4,4,11,Loyal Customers
C112302,60,5,83355.57699999999,4,5,4,13,Champions
C112303,201,10,159345.9015,2,5,5,12,Cannot Lose Them
C112304,91,5,57826.904,3,5,3,11,Loyal Customers
C112305,42,1,918.41,4,2,1,7,New Customers
C112306,9,4,90283.58,5,4,4,13,Champions
C112307,11,7,151558.4,5,5,5,15,Champions
C112308,16,4,130599.75300000001,5,4,5,14,Champions
C112309,66,3,81794.9565,3,4,4,11,Loyal Customers
C112311,46,5,154031.28900000002,4,5,5,14,Champions
C112312,-1,1,623.4665,5,2,1,8,New Customers
C112314,-1,2,87198.879,5,3,4,12,Loyal Customers
C112320,15,2,60093.283,5,3,3,11,Loyal Customers
C112321,7,9,174688.561,5,5,5,15,Champions
C112322,0,1,15728.344000000001,5,2,1,8,New Customers
C112323,102,1,2072.08,3,2,1,6,Hibernating
C112324,77,4,98760.828,3,4,4,11,Loyal Customers
C112325,212,1,48630.294,2,2,3,7,Hibernating
C112326,180,1,15099.1025,2,2,1,5,Lost
C112328,18,4,77276.858,5,4,4,13,Champions
C112329,221,1,42752.520000000004,2,2,3,7,Hibernating
C112330,139,7,208139.9215,3,5,5,13,Loyal Customers
C112332,512,1,6020.29,1,2,1,4,Lost
C112334,88,2,68498.3945,3,3,4,10,Loyal Customers
C112335,76,2,29490.296000000002,3,3,2,8,Loyal Customers
C112338,549,1,19402.29,1,2,2,5,Lost
C112339,40,5,91200.1105,4,5,4,13,Champions
C112341,14,6,116521.2885,5,5,5,15,Champions
C112342,2,1,41948.07,5,2,3,10,New Customers
C112344,63,1,24263.78,3,2,2,7,Hibernating
C112345,113,7,117945.91750000001,3,5,5,13,Loyal Customers
C112346,173,2,20745.953,2,3,2,7,At Risk
C112347,13,1,3389.28,5,2,1,8,New Customers
C112348,118,4,116794.529,3,4,5,12,Loyal Customers
C112349,531,2,61869.020000000004,1,3,3,7,At Risk
C112350,330,1,44416.78,1,2,3,6,Hibernating
C112351,114,1,12918.619999999999,3,2,1,6,Hibernating
C112354,78,2,23429.312,3,3,2,8,Loyal Customers
C112355,411,1,10236.42,1,2,1,4,Lost
C112356,8,3,24301.065,5,4,2,11,Loyal Customers
C112357,72,2,38425.8555,3,3,3,9,Loyal Customers
C112358,193,1,7529.3769999999995,2,2,1,5,Lost
C112359,390,1,8532.693,1,2,1,4,Lost
C112361,243,2,21349.32,2,3,2,7,At Risk
C112363,8,4,32001.3295,5,4,2,11,Loyal Customers
C112364,21,3,32086.475000000002,4,4,2,10,Loyal Customers
C112366,829,2,46088.292499999996,1,3,3,7,At Risk
C112367,16,3,21519.8975,5,4,2,11,Loyal Customers
C112368,287,2,4543.42,2,3,1,6,At Risk
C112370,107,3,44870.13,3,4,3,10,Loyal Customers
C112373,7,8,175331.5925,5,5,5,15,Champions
C112376,17,2,31062.040999999997,5,3,2,10,Loyal Customers
C112378,157,6,88770.49100000001,2,5,4,11,Cannot Lose Them
C112379,52,3,48387.76,4,4,3,11,Loyal Customers
C112380,9,6,140064.7775,5,5,5,15,Champions
C112381,469,2,26626.356,1,3,2,6,At Risk
C112383,-1,2,66761.558,5,3,4,12,Loyal Customers
C112384,237,1,19131.018,2,2,2,6,Lost
C112386,239,1,6751.023,2,2,1,5,Lost
C112387,105,2,42493.435,3,3,3,9,Loyal Customers
C112389,11,16,335514.5655,5,5,5,15,Champions
C112390,4,3,39901.5515,5,4,3,12,Loyal Customers
C112391,226,4,68546.338,2,4,4,10,Cannot Lose Them
C112392,222,2,29446.329999999998,2,3,2,7,At Risk
C112393,409,1,2418.62,1,2,1,4,Lost
C112394,425,1,20849.176,1,2,2,5,Lost
C112396,0,5,93714.8585,5,5,4,14,Champions
C112397,523,2,20095.74,1,3,2,6,At Risk
C112398,112,7,132396.4285,3,5,5,13,Loyal Customers
C112399,62,3,66931.16100000001,4,4,4,12,Champions
C112401,102,2,25361.806,3,3,2,8,Loyal Customers
C112403,4,4,91964.671,5,4,4,13,Champions
C112405,734,1,74564.265,1,2,4,7,Hibernating
C112406,0,11,255041.866,5,5,5,15,Champions
C112407,-1,8,203580.05449999997,5,5,5,15,Champions
C112408,41,10,142423.9605,4,5,5,14,Champions
C112410,386,2,48194.967000000004,1,3,3,7,At Risk
C112411,183,8,150167.211,2,5,5,12,Cannot Lose Them
C112412,27,4,97893.8955,4,4,4,12,Champions
C112413,97,1,14661.846000000001,3,2,1,6,Hibernating
C112414,149,5,104885.051,2,5,4,11,Cannot Lose Them
C112415,366,2,53076.034499999994,1,3,3,7,At Risk
C112416,-1,2,21603.057,5,3,2,10,Loyal Customers
C112417,357,1,11393.939999999999,1,2,1,4,Lost
C112418,470,1,32862.02,1,2,2,5,Lost
C112419,52,3,54604.130000000005,4,4,3,11,Loyal Customers
C112420,449,2,37077.45,1,3,2,6,At Risk
C112421,22,1,2633.63,4,2,1,7,New Customers
C112422,116,2,9819.829000000002,3,3,1,7,Loyal Customers
C112424,231,1,27752.64,2,2,2,6,Lost
C112426,696,1,20361.33,1,2,2,5,Lost
C112429,896,1,386.87,1,2,1,4,Lost
C112431,104,7,95298.7785,3,5,4,12,Loyal Customers
C112432,6,6,134729.1725,5,5,5,15,Champions
C112433,352,3,60804.3215,1,4,3,8,At Risk
C112434,139,7,202541.28650000002,3,5,5,13,Loyal Customers
C112435,66,5,70688.482,3,5,4,12,Loyal Customers
C112436,299,1,16477.58,1,2,1,4,Lost
C112438,681,2,73400.88149999999,1,3,4,8,At Risk
C112439,136,1,26557.326,3,2,2,7,Hibernating
C112440,300,4,131093.157,1,4,5,10,Cannot Lose Them
C112442,619,1,10453.436,1,2,1,4,Lost
C112445,289,1,26066.754,1,2,2,5,Lost
C112446,226,4,49293.1225,2,4,3,9,At Risk
C112447,373,2,39186.1795,1,3,3,7,At Risk
C112450,1035,1,14982.5545,1,2,1,4,Lost
C112451,7,13,318575.469,5,5,5,15,Champions
C112452,30,3,40695.081,4,4,3,11,Loyal Customers
C112453,291,3,62916.090000000004,1,4,3,8,At Risk
C112454,89,5,133399.09,3,5,5,13,Loyal Customers
C112456,93,9,261944.2965,3,5,5,13,Loyal Customers
C112457,259,3,71895.205,2,4,4,10,Cannot Lose Them
C112458,4,5,50081.830500000004,5,5,3,13,Loyal Customers
C112459,293,3,49281.089,1,4,3,8,At Risk
C112461,108,4,131673.3155,3,4,5,12,Loyal Customers
C112463,-1,5,141508.4095,5,5,5,15,Champions
C112465,83,3,38250.4615,3,4,3,10,Loyal Customers
C112466,-1,1,15797.6155,5,2,1,8,New Customers
C112467,329,3,52242.576,1,4,3,8,At Risk
C112469,107,2,49617.407999999996,3,3,3,9,Loyal Customers
C112470,265,2,28737.658,2,3,2,7,At Risk
C112471,19,10,189054.8365,5,5,5,15,Champions
C112472,23,1,31873.8865,4,2,2,8,New Customers
C112473,422,1,204.051,1,2,1,4,Lost
C112474,75,4,54853.837999999996,3,4,3,10,Loyal Customers
C112475,209,1,45419.950000000004,2,2,3,7,Hibernating
C112476,121,2,78606.5835,3,3,4,10,Loyal Customers
C112479,64,3,77560.5395,3,4,4,11,Loyal Customers
C112481,102,5,103066.199,3,5,4,12,Loyal Customers
C112482,4,8,228451.782,5,5,5,15,Champions
C112483,-1,3,39064.743,5,4,3,12,Loyal Customers
C112486,676,3,46053.332,1,4,3,8,At Risk
C112487,604,1,20777.489999999998,1,2,2,5,Lost
C112488,32,9,246640.41449999998,4,5,5,14,Champions
C112489,651,1,19574.2,1,2,2,5,Lost
C112490,160,1,1791.491,2,2,1,5,Lost
C112491,46,2,39043.084,4,3,3,10,Loyal Customers
C112492,280,1,42848.312,2,2,3,7,Hibernating
C112493,45,2,27324.117,4,3,2,9,Loyal Customers
C112494,157,3,69473.972,2,4,4,10,Cannot Lose Them
C112496,116,4,64601.3095,3,4,4,11,Loyal Customers
C112497,166,2,69652.678,2,3,4,9,At Risk
C112498,164,6,152803.843,2,5,5,12,Cannot Lose Them
C112499,8,5,96107.7735,5,5,4,14,Champions
C112501,311,2,38678.746,1,3,3,7,At Risk
C112502,295,2,48083.447499999995,1,3,3,7,At Risk
C112503,193,5,117348.1945,2,5,5,12,Cannot Lose Them
C112504,111,5,66636.81,3,5,4,12,Loyal Customers
C112505,7,6,91391.3185,5,5,4,14,Champions
C112507,126,1,9048.114,3,2,1,6,Hibernating
C112508,222,1,14137.380000000001,2,2,1,5,Lost
C112511,35,1,7622.55,4,2,1,7,New Customers
C112513,30,4,70366.906,4,4,4,12,Champions
C112515,208,1,22464.02,2,2,2,6,Lost
C112516,120,6,100318.7905,3,5,4,12,Loyal Customers
C112517,40,1,13219.86,4,2,1,7,New Customers
C112518,87,2,67961.862,3,3,4,10,Loyal Customers
C112519,28,1,11469.759999999998,4,2,1,7,New Customers
C112520,141,3,85970.048,2,4,4,10,Cannot Lose Them
C112523,207,1,30253.642999999996,2,2,2,6,Lost
C112524,54,11,250907.798,4,5,5,14,Champions
C112527,27,7,130277.46399999999,4,5,5,14,Champions
C112530,18,2,62425.403,5,3,3,11,Loyal Customers
C112531,35,2,106739.6845,4,3,4,11,Loyal Customers
C112532,160,2,55778.81250000001,2,3,3,8,At Risk
C112533,20,6,108573.19750000001,5,5,5,15,Champions
C112534,5,3,84496.4595,5,4,4,13,Champions
C112536,22,4,64497.154,4,4,4,12,Champions
C112537,212,1,14546.373,2,2,1,5,Lost
C112538,0,2,17683.271999999997,5,3,1,9,Loyal Customers
C112539,195,8,130363.505,2,5,5,12,Cannot Lose Them
C112540,85,1,12681.67,3,2,1,6,Hibernating
C112541,90,3,60897.5725,3,4,3,10,Loyal Customers
C112542,156,2,26260.53,2,3,2,7,At Risk
C112544,112,3,51669.67,3,4,3,10,Loyal Customers
C112545,255,3,50396.431500000006,2,4,3,9,At Risk
C112546,708,1,31633.73,1,2,2,5,Lost
C112547,167,4,88062.454,2,4,4,10,Cannot Lose Them
C112548,100,1,20659.92,3,2,2,7,Hibernating
C112549,512,1,4096.4475,1,2,1,4,Lost
C112550,411,1,27537.960000000003,1,2,2,5,Lost
C112551,559,1,23146.978,1,2,2,5,Lost
C112552,96,1,14667.553499999998,3,2,1,6,Hibernating
C112553,10,1,1386.1040000000003,5,2,1,8,New Customers
C112555,50,2,21743.65,4,3,2,9,Loyal Customers
C112556,59,6,137242.7175,4,5,5,14,Champions
C112558,0,1,13306.724999999999,5,2,1,8,New Customers
C112560,62,3,54445.047999999995,4,4,3,11,Loyal Customers
C112563,56,3,33154.22,4,4,2,10,Loyal Customers
C112564,26,7,157600.731,4,5,5,14,Champions
C112565,28,8,127650.332,4,5,5,14,Champions
C112566,73,3,41354.4,3,4,3,10,Loyal Customers
C112567,138,1,23720.032,3,2,2,7,Hibernating
C112568,16,1,15446.25,5,2,1,8,New Customers
C112569,355,1,20526.272,1,2,2,5,Lost
C112570,479,1,45892.4005,1,2,3,6,Hibernating
C112572,60,1,9752.067,4,2,1,7,New Customers
C112573,229,1,24071.05,2,2,2,6,Lost
C112574,70,2,73415.6405,3,3,4,10,Loyal Customers
C112575,121,1,3404.6155,3,2,1,6,Hibernating
C112576,8,6,80217.3225,5,5,4,14,Champions
C112577,184,7,157313.127,2,5,5,12,Cannot Lose Them
C112578,11,1,16018.79,5,2,1,8,New Customers
C112580,8,1,28545.160000000003,5,2,2,9,New Customers
C112582,157,1,223.65,2,2,1,5,Lost
C112583,68,3,95548.6765,3,4,4,11,Loyal Customers
C112584,839,1,16427.22,1,2,1,4,Lost
C112585,87,1,9663.048499999999,3,2,1,6,Hibernating
C112586,37,5,80750.4125,4,5,4,13,Champions
C112589,8,2,49543.6755,5,3,3,11,Loyal Customers
C112591,347,2,43825.277,1,3,3,7,At Risk
C112592,90,6,94970.201,3,5,4,12,Loyal Customers
C112593,28,4,91040.84,4,4,4,12,Champions
C112594,138,1,16020.73,3,2,1,6,Hibernating
C112595,500,2,17963.3645,1,3,1,5,At Risk
C112596,231,1,7676.38,2,2,1,5,Lost
C112597,169,6,141646.40350000001,2,5,5,12,Cannot Lose Them
C112598,59,9,158020.6885,4,5,5,14,Champions
C112600,7,4,52362.871499999994,5,4,3,12,Loyal Customers
C112603,15,1,4002.4480000000003,5,2,1,8,New Customers
C112604,354,1,1907.619,1,2,1,4,Lost
C112605,13,5,181342.5885,5,5,5,15,Champions
C112607,193,4,71979.5485,2,4,4,10,Cannot Lose Them
C112608,89,12,266390.452,3,5,5,13,Loyal Customers
C112609,129,4,93138.1835,3,4,4,11,Loyal Customers
C112611,-1,4,51642.5625,5,4,3,12,Loyal Customers
C112612,29,4,73353.607,4,4,4,12,Champions
C112613,31,4,87726.584,4,4,4,12,Champions
C112614,232,1,18942.52,2,2,2,6,Lost
C112615,135,1,6969.540000000001,3,2,1,6,Hibernating
C112616,363,3,53246.9795,1,4,3,8,At Risk
C112617,60,3,51770.487499999996,4,4,3,11,Loyal Customers
C112618,344,9,205722.4235,1,5,5,11,Cannot Lose Them
C112621,138,2,22321.135000000002,3,3,2,8,Loyal Customers
C112622,68,1,74108.18,3,2,4,9,Potential Loyalists
C112625,338,2,74471.37,1,3,4,8,At Risk
C112626,439,1,12930.065999999999,1,2,1,4,Lost
C112630,324,2,37580.18,1,3,3,7,At Risk
C112631,24,5,86807.337,4,5,4,13,Champions
C112633,37,5,58581.549999999996,4,5,3,12,Loyal Customers
C112635,35,8,164682.63799999998,4,5,5,14,Champions
C112636,227,3,95258.17199999999,2,4,4,10,Cannot Lose Them
C112637,212,6,135876.8985,2,5,5,12,Cannot Lose Them
C112639,223,2,32408.428999999996,2,3,2,7,At Risk
C112641,15,2,29996.7575,5,3,2,10,Loyal Customers
C112642,1,2,18144.664,5,3,1,9,Loyal Customers
C112643,161,3,49839.833999999995,2,4,3,9,At Risk
C112644,16,3,92995.35999999999,5,4,4,13,Champions
C112645,681,2,56324.270000000004,1,3,3,7,At Risk
C112646,67,4,55929.516,3,4,3,10,Loyal Customers
C112647,427,1,28991.100000000002,1,2,2,5,Lost
C112648,546,2,18541.8925,1,3,2,6,At Risk
C112649,40,3,67144.443,4,4,4,12,Champions
C112650,28,8,136234.7385,4,5,5,14,Champions
C112651,122,1,11739.19,3,2,1,6,Hibernating
C112653,176,5,63445.438,2,5,4,11,Cannot Lose Them
C112654,308,1,33696.43,1,2,2,5,Lost
C112655,20,12,314473.3875,5,5,5,15,Champions
C112656,50,1,24878.692499999997,4,2,2,8,New Customers
C112657,0,1,10578.89,5,2,1,8,New Customers
C112658,94,1,18671.193,3,2,2,7,Hibernating
C112659,584,1,16075.69,1,2,1,4,Lost
C112660,160,1,44012.25,2,2,3,7,Hibernating
C112661,375,1,55716.48,1,2,3,6,Hibernating
C112662,755,1,25700.050000000003,1,2,2,5,Lost
C112664,399,1,38283.9645,1,2,3,6,Hibernating
C112665,123,4,86824.448,3,4,4,11,Loyal Customers
C112667,140,1,5057.376,2,2,1,5,Lost
C112670,-1,3,53950.93,5,4,3,12,Loyal Customers
C112671,29,6,77572.81,4,5,4,13,Champions
C112672,19,6,61172.118,5,5,3,13,Loyal Customers
C112673,711,1,9500.764500000001,1,2,1,4,Lost
C112676,422,2,106653.2,1,3,4,8,At Risk
C112677,159,3,55504.617,2,4,3,9,At Risk
C112678,16,9,224724.2285,5,5,5,15,Champions
C112682,118,4,107849.916,3,4,5,12,Loyal Customers
C112683,179,2,9583.376,2,3,1,6,At Risk
C112684,147,1,15782.09,2,2,1,5,Lost
C112685,457,3,17787.986,1,4,1,6,At Risk
C112686,38,3,61901.601,4,4,3,11,Loyal Customers
C112689,442,4,51058.25,1,4,3,8,At Risk
C112691,112,3,85713.88,3,4,4,11,Loyal Customers
C112692,362,1,3993.7,1,2,1,4,Lost
C112693,23,7,169338.4425,4,5,5,14,Champions
C112697,46,2,61678.111999999994,4,3,3,10,Loyal Customers
C112699,12,3,21600.353,5,4,2,11,Loyal Customers
C112700,285,1,10693.181,2,2,1,5,Lost
C112703,25,2,110059.56400000001,4,3,5,12,Loyal Customers
C112704,131,6,213387.812,3,5,5,13,Loyal Customers
C112705,24,4,96072.269,4,4,4,12,Champions
C112706,997,1,11491.452000000001,1,2,1,4,Lost
C112707,7,16,329139.6705,5,5,5,15,Champions
C112708,54,1,8245.3,4,2,1,7,New Customers
C112709,197,2,25496.148,2,3,2,7,At Risk
C112710,58,2,28019.043499999996,4,3,2,9,Loyal Customers
C112714,313,2,27875.801999999996,1,3,2,6,At Risk
C112716,19,1,36122.12,5,2,2,9,New Customers
C112719,108,4,40804.244,3,4,3,10,Loyal Customers
C112720,100,5,139845.981,3,5,5,13,Loyal Customers
C112721,57,7,101088.613,4,5,4,13,Champions
C112722,7,1,15571.32,5,2,1,8,New Customers
C112723,203,4,44487.305,2,4,3,9,At Risk
C112724,11,5,133169.3255,5,5,5,15,Champions
C112725,17,4,54517.548500000004,5,4,3,12,Loyal Customers
C112726,388,1,17809.668999999998,1,2,1,4,Lost
C112728,38,1,29606.059999999998,4,2,2,8,New Customers
C112729,95,6,152936.579,3,5,5,13,Loyal Customers
C112730,192,4,85345.0525,2,4,4,10,Cannot Lose Them
C112731,1012,1,30162.12,1,2,2,5,Lost
C112733,208,1,12516.732,2,2,1,5,Lost
C112734,87,4,56776.320999999996,3,4,3,10,Loyal Customers
C112735,101,5,78340.38,3,5,4,12,Loyal Customers
C112736,179,1,23034.456,2,2,2,6,Lost
C112738,327,2,10039.27,1,3,1,5,At Risk
C112739,44,6,136628.326,4,5,5,14,Champions
C112740,-1,3,26971.589500000002,5,4,2,11,Loyal Customers
C112742,129,2,31689.612999999998,3,3,2,8,Loyal Customers
C112743,9,2,29946.0645,5,3,2,10,Loyal Customers
C112745,480,1,7460.25,1,2,1,4,Lost
C112746,827,2,26744.871,1,3,2,6,At Risk
C112747,4,7,101964.4405,5,5,4,14,Champions
C112748,38,3,62226.7385,4,4,3,11,Loyal Customers
C112749,35,14,402336.3135,4,5,5,14,Champions
C112752,151,3,70372.58,2,4,4,10,Cannot Lose Them
C112753,58,3,91161.7125,4,4,4,12,Champions
C112754,70,1,48338.508,3,2,3,8,Potential Loyalists
C112755,14,9,220161.1955,5,5,5,15,Champions
C112756,166,2,44460.6725,2,3,3,8,At Risk
C112757,17,2,43048.01,5,3,3,11,Loyal Customers
C112758,167,6,198947.896,2,5,5,12,Cannot Lose Them
C112759,586,1,3022.9,1,2,1,4,Lost
C112760,11,1,9634.3845,5,2,1,8,New Customers
C112761,1,4,51656.222,5,4,3,12,Loyal Customers
C112762,33,2,89805.94499999999,4,3,4,11,Loyal Customers
C112764,91,1,29834.728000000003,3,2,2,7,Hibernating
C112767,107,7,170083.0055,3,5,5,13,Loyal Customers
C112769,331,2,62368.871,1,3,3,7,At Risk
C112770,168,1,26634.3505,2,2,2,6,Lost
C112771,264,6,126721.8855,2,5,5,12,Cannot Lose Them
C112772,36,2,19551.494000000002,4,3,2,9,Loyal Customers
C112773,46,2,44210.7,4,3,3,10,Loyal Customers
C112774,68,4,113260.98,3,4,5,12,Loyal Customers
C112776,377,1,11617.893,1,2,1,4,Lost
C112777,25,5,110359.546,4,5,5,14,Champions
C112779,204,3,44754.4,2,4,3,9,At Risk
C112780,314,4,85806.26449999999,1,4,4,9,Cannot Lose Them
C112781,19,8,111576.149,5,5,5,15,Champions
C112782,347,1,45240.435,1,2,3,6,Hibernating
C112783,92,5,131523.964,3,5,5,13,Loyal Customers
C112784,651,2,30409.551,1,3,2,6,At Risk
C112785,115,2,18454.668499999996,3,3,2,8,Loyal Customers
C112786,74,1,35305.58,3,2,2,7,Hibernating
C112787,15,8,158682.4925,5,5,5,15,Champions
C112788,35,5,84488.923,4,5,4,13,Champions
C112789,183,2,20221.9815,2,3,2,7,At Risk
C112790,3,3,30696.989999999998,5,4,2,11,Loyal Customers
C112791,86,2,32500.431,3,3,2,8,Loyal Customers
C112792,280,1,16938.68,2,2,1,5,Lost
C112793,314,2,39562.646,1,3,3,7,At Risk
C112795,0,5,178816.943,5,5,5,15,Champions
C112796,179,2,14796.813999999998,2,3,1,6,At Risk
C112798,200,2,9942.099999999999,2,3,1,6,At Risk
C112799,29,3,18700.1985,4,4,2,10,Loyal Customers
C112800,0,3,110754.68599999999,5,4,5,14,Champions
C112801,5,2,21757.824,5,3,2,10,Loyal Customers
C112802,99,2,105605.4455,3,3,4,10,Loyal Customers
C112804,16,4,127765.17199999999,5,4,5,14,Champions
C112805,3,4,74491.389,5,4,4,13,Champions
C112806,388,1,35607.186,1,2,2,5,Lost
C112807,46,8,81206.448,4,5,4,13,Champions
C112808,120,5,88343.7615,3,5,4,12,Loyal Customers
C112810,18,2,23749.712,5,3,2,10,Loyal Customers
C112811,79,2,31253.28,3,3,2,8,Loyal Customers
C112812,85,12,324288.4975,3,5,5,13,Loyal Customers
C112813,489,1,32097.38,1,2,2,5,Lost
C112814,1,3,60252.213500000005,5,4,3,12,Loyal Customers
C112815,-1,11,264014.3075,5,5,5,15,Champions
C112817,202,4,121202.45499999999,2,4,5,11,Cannot Lose Them
C112818,29,2,26431.493499999997,4,3,2,9,Loyal Customers
C112819,910,1,18223.24,1,2,2,5,Lost
C112821,70,7,97753.196,3,5,4,12,Loyal Customers
C112823,226,1,10493.960000000001,2,2,1,5,Lost
C112824,363,4,111773.11400000002,1,4,5,10,Cannot Lose Them
C112826,97,1,38213.75,3,2,3,8,Potential Loyalists
C112827,17,6,151554.723,5,5,5,15,Champions
C112828,27,1,29063.322,4,2,2,8,New Customers
C112829,0,2,63678.456000000006,5,3,4,12,Loyal Customers
C112832,132,3,28385.412,3,4,2,9,Loyal Customers
C112834,148,1,17175.19,2,2,1,5,Lost
C112836,79,3,23898.7715,3,4,2,9,Loyal Customers
C112837,-1,2,51310.576,5,3,3,11,Loyal Customers
C112840,731,1,9588.36,1,2,1,4,Lost
C112841,204,6,210793.9615,2,5,5,12,Cannot Lose Them
C112843,233,3,72942.85,2,4,4,10,Cannot Lose Them
C112844,498,1,4222.683,1,2,1,4,Lost
C112845,41,14,281944.229,4,5,5,14,Champions
C112846,287,2,26802.7325,2,3,2,7,At Risk
C112849,10,11,151613.657,5,5,5,15,Champions
C112850,44,1,12448.305999999999,4,2,1,7,New Customers
C112851,271,1,15644.75,2,2,1,5,Lost
C112855,489,3,62635.492,1,4,3,8,At Risk
C112856,157,2,75587.965,2,3,4,9,At Risk
C112857,11,4,66231.889,5,4,4,13,Champions
C112858,53,6,223820.688,4,5,5,14,Champions
C112859,650,1,48461.46,1,2,3,6,Hibernating
C112860,364,4,48284.0405,1,4,3,8,At Risk
C112861,339,1,11524.336,1,2,1,4,Lost
C112862,3,1,24277.78,5,2,2,9,New Customers
C112863,356,3,36066.498999999996,1,4,2,7,At Risk
C112866,167,4,67990.0165,2,4,4,10,Cannot Lose Them
C112868,150,4,34241.169,2,4,2,8,At Risk
C112870,19,5,103292.131,5,5,4,14,Champions
C112871,0,5,95177.818,5,5,4,14,Champions
C112872,4,6,121603.224,5,5,5,15,Champions
C112873,-1,5,124870.44200000001,5,5,5,15,Champions
C112874,23,11,224811.9515,4,5,5,14,Champions
C112875,9,1,71144.784,5,2,4,11,New Customers
C112876,110,7,164758.7875,3,5,5,13,Loyal Customers
C112877,70,2,5417.63,3,3,1,7,Loyal Customers
C112878,271,5,136078.9175,2,5,5,12,Cannot Lose Them
C112880,16,4,71154.139,5,4,4,13,Champions
C112881,0,6,88883.9115,5,5,4,14,Champions
C112882,19,1,4863.4205,5,2,1,8,New Customers
C112883,156,1,11271.5185,2,2,1,5,Lost
C112884,178,1,13435.966999999999,2,2,1,5,Lost
C112885,2,6,100598.765,5,5,4,14,Champions
C112886,570,2,154917.062,1,3,5,9,At Risk
C112887,68,3,119083.45999999999,3,4,5,12,Loyal Customers
C112889,17,6,138799.4545,5,5,5,15,Champions
C112890,142,2,32430.016499999998,2,3,2,7,At Risk
C112891,13,2,52698.604,5,3,3,11,Loyal Customers
C112892,18,4,60197.17049999999,5,4,3,12,Loyal Customers
C112893,4,3,84210.175,5,4,4,13,Champions
C112895,291,3,90620.426,1,4,4,9,Cannot Lose Them
C112896,45,3,67084.254,4,4,4,12,Champions
C112899,175,3,118383.45,2,4,5,11,Cannot Lose Them
C112900,30,9,151591.8415,4,5,5,14,Champions
C112901,373,2,24115.213,1,3,2,6,At Risk
C112902,6,1,28419.078499999996,5,2,2,9,New Customers
C112903,230,2,48611.691,2,3,3,8,At Risk
C112905,28,4,101687.66249999999,4,4,4,12,Champions
C112906,93,3,17627.483,3,4,1,8,Loyal Customers
C112907,746,1,14180.1675,1,2,1,4,Lost
C112908,237,4,90133.39850000001,2,4,4,10,Cannot Lose Them
C112911,48,2,31972.682500000003,4,3,2,9,Loyal Customers
C112912,63,1,11786.07,3,2,1,6,Hibernating
C112913,50,2,32037.451,4,3,2,9,Loyal Customers
C112915,394,1,24628.95,1,2,2,5,Lost
C112916,10,3,49826.212999999996,5,4,3,12,Loyal Customers
C112918,123,1,17332.85,3,2,1,6,Hibernating
C112919,71,1,49542.46400000001,3,2,3,8,Potential Loyalists
C112920,7,9,255320.37900000002,5,5,5,15,Champions
C112921,14,5,72733.2975,5,5,4,14,Champions
C112922,59,2,77908.246,4,3,4,11,Loyal Customers
C112923,297,1,18272.187,1,2,2,5,Lost
C112924,717,3,67970.92,1,4,4,9,Cannot Lose Them
C112925,59,4,81414.4475,4,4,4,12,Champions
C112926,28,4,105751.215,4,4,4,12,Champions
C112927,300,1,10865.52,1,2,1,4,Lost
C112928,9,1,14666.036,5,2,1,8,New Customers
C112929,101,2,49394.52799999999,3,3,3,9,Loyal Customers
C112930,128,5,86621.1275,3,5,4,12,Loyal Customers
C112931,4,4,89525.99399999999,5,4,4,13,Champions
C112932,78,2,34862.9785,3,3,2,8,Loyal Customers
C112933,40,6,183128.4765,4,5,5,14,Champions
C112934,43,2,56437.498,4,3,3,10,Loyal Customers
C112935,105,6,62972.3495,3,5,3,11,Loyal Customers
C112936,1,1,1006.1195,5,2,1,8,New Customers
C112937,7,3,22110.917999999998,5,4,2,11,Loyal Customers
C112938,172,1,22557.69,2,2,2,6,Lost
C112939,4,14,332008.9975,5,5,5,15,Champions
C112940,36,2,86128.6835,4,3,4,11,Loyal Customers
C112941,44,9,232104.7105,4,5,5,14,Champions
C112945,213,3,44486.05,2,4,3,9,At Risk
C112946,29,4,70424.527,4,4,4,12,Champions
C112947,63,1,6430.27,3,2,1,6,Hibernating
C112948,258,2,36627.6755,2,3,2,7,At Risk
C112949,40,5,81370.691,4,5,4,13,Champions
C112950,315,4,109630.0285,1,4,5,10,Cannot Lose Them
C112952,36,6,122220.60699999999,4,5,5,14,Champions
C112953,224,4,95368.315,2,4,4,10,Cannot Lose Them
C112955,25,4,127560.4195,4,4,5,13,Champions
C112956,119,1,8122.04,3,2,1,6,Hibernating
C112957,51,2,6202.47,4,3,1,8,Loyal Customers
C112958,14,2,18252.83,5,3,2,10,Loyal Customers
C112959,33,5,97837.154,4,5,4,13,Champions
C112960,7,9,261680.498,5,5,5,15,Champions
C112963,56,2,13964.492,4,3,1,8,Loyal Customers
C112964,151,2,64500.468,2,3,4,9,At Risk
C112965,46,2,41034.72,4,3,3,10,Loyal Customers
C112966,38,3,62184.6235,4,4,3,11,Loyal Customers
C112967,92,1,32132.26,3,2,2,7,Hibernating
C112968,104,1,22370.444499999998,3,2,2,7,Hibernating
C112970,328,3,45232.678,1,4,3,8,At Risk
C112972,55,2,10721.327,4,3,1,8,Loyal Customers
C112974,275,4,45399.63250000001,2,4,3,9,At Risk
C112975,329,1,1504.008,1,2,1,4,Lost
C112977,6,1,18184.92,5,2,2,9,New Customers
C112978,172,6,81445.5265,2,5,4,11,Cannot Lose Them
C112979,92,1,13445.658000000001,3,2,1,6,Hibernating
C112980,55,1,48493.229999999996,4,2,3,9,New Customers
C112982,110,5,121329.5225,3,5,5,13,Loyal Customers
C112983,3,2,55518.59449999999,5,3,3,11,Loyal Customers
C112984,53,4,93377.412,4,4,4,12,Champions
C112985,146,1,9663.97,2,2,1,5,Lost
C112987,49,3,44312.557,4,4,3,11,Loyal Customers
C112988,132,1,15107.483499999998,3,2,1,6,Hibernating
C112990,519,1,12791.61,1,2,1,4,Lost
C112992,2,2,15638.283,5,3,1,9,Loyal Customers
C112995,114,2,17285.626,3,3,1,7,Loyal Customers
C112996,26,1,41500.7,4,2,3,9,New Customers
C112997,630,3,29847.912,1,4,2,7,At Risk
C112998,12,5,92511.215,5,5,4,14,Champions
C112999,85,1,20558.100000000002,3,2,2,7,Hibernating
C113002,29,17,348363.568,4,5,5,14,Champions
C113003,60,2,45818.829,4,3,3,10,Loyal Customers
C113004,480,2,46161.451499999996,1,3,3,7,At Risk
C113005,1,5,107552.5135,5,5,5,15,Champions
C113006,45,1,15516.9795,4,2,1,7,New Customers
C113007,756,1,8262.57,1,2,1,4,Lost
C113010,266,1,1798.426,2,2,1,5,Lost
C113011,43,7,141396.556,4,5,5,14,Champions
C113012,73,2,29492.61,3,3,2,8,Loyal Customers
C113016,84,7,152178.99300000002,3,5,5,13,Loyal Customers
C113018,101,6,85474.6055,3,5,4,12,Loyal Customers
C113019,162,5,87738.112,2,5,4,11,Cannot Lose Them
C113020,110,3,65909.21,3,4,4,11,Loyal Customers
C113021,393,1,21301.592,1,2,2,5,Lost
C113025,14,2,61569.871999999996,5,3,3,11,Loyal Customers
C113027,61,11,247390.9155,4,5,5,14,Champions
C113028,35,1,7655.04,4,2,1,7,New Customers
C113029,300,1,45084.47,1,2,3,6,Hibernating
C113030,182,5,194091.919,2,5,5,12,Cannot Lose Them
C113031,30,1,14395.89,4,2,1,7,New Customers
C113032,182,2,21666.5435,2,3,2,7,At Risk
C113035,360,1,4669.1645,1,2,1,4,Lost
C113036,195,1,11518.11,2,2,1,5,Lost
C113037,222,2,11423.9355,2,3,1,6,At Risk
C113038,126,1,12857.82,3,2,1,6,Hibernating
C113039,254,4,81139.359,2,4,4,10,Cannot Lose Them
C113040,35,3,38595.9795,4,4,3,11,Loyal Customers
C113041,184,1,25313.96,2,2,2,6,Lost
C113043,26,7,133787.121,4,5,5,14,Champions
C113044,16,3,45389.4155,5,4,3,12,Loyal Customers
C113045,6,2,28584.268,5,3,2,10,Loyal Customers
C113046,89,9,267191.713,3,5,5,13,Loyal Customers
C113047,186,2,28535.5,2,3,2,7,At Risk
C113049,138,5,117451.394,3,5,5,13,Loyal Customers
C113050,467,2,28043.917999999998,1,3,2,6,At Risk
C113051,11,12,210206.003,5,5,5,15,Champions
C113054,92,3,76311.4645,3,4,4,11,Loyal Customers
C113055,314,1,20338.22,1,2,2,5,Lost
C113057,15,2,42247.098,5,3,3,11,Loyal Customers
C113058,12,1,63924.873,5,2,4,11,New Customers
C113059,16,4,44809.458,5,4,3,12,Loyal Customers
C113060,33,3,45753.455,4,4,3,11,Loyal Customers
C113061,9,5,72449.241,5,5,4,14,Champions
C113063,76,3,85539.806,3,4,4,11,Loyal Customers
C113064,166,1,47729.761,2,2,3,7,Hibernating
C113065,184,2,43386.4915,2,3,3,8,At Risk
C113066,26,3,99829.594,4,4,4,12,Champions
C113070,186,1,19146.49,2,2,2,6,Lost
C113071,134,5,90591.57949999999,3,5,4,12,Loyal Customers
C113072,21,1,14236.2915,4,2,1,7,New Customers
C113073,126,2,21460.0925,3,3,2,8,Loyal Customers
C113074,2,8,262173.3955,5,5,5,15,Champions
C113075,5,3,44764.804000000004,5,4,3,12,Loyal Customers
C113076,9,7,165257.2415,5,5,5,15,Champions
C113077,93,5,82228.2575,3,5,4,12,Loyal Customers
C113079,22,16,355098.2335,4,5,5,14,Champions
C113081,88,15,321010.4275,3,5,5,13,Loyal Customers
C113082,97,4,150446.34,3,4,5,12,Loyal Customers
C113083,36,3,44595.54,4,4,3,11,Loyal Customers
C113084,27,5,96989.3725,4,5,4,13,Champions
C113085,102,8,243745.5745,3,5,5,13,Loyal Customers
C113087,556,1,10940.616,1,2,1,4,Lost
C113088,367,1,6060.384,1,2,1,4,Lost
C113089,189,3,105931.291,2,4,4,10,Cannot Lose Them
C113091,24,5,67080.22,4,5,4,13,Champions
C113092,71,2,103586.73500000002,3,3,4,10,Loyal Customers
C113093,359,1,12742.68,1,2,1,4,Lost
C113094,112,1,7862.23,3,2,1,6,Hibernating
C113095,325,3,90156.52249999999,1,4,4,9,Cannot Lose Them
C113096,78,3,63645.441,3,4,4,11,Loyal Customers
C113097,240,1,3581.05,2,2,1,5,Lost
C113098,16,13,377134.653,5,5,5,15,Champions
C113099,118,6,131477.1225,3,5,5,13,Loyal Customers
C113100,219,5,127418.98300000001,2,5,5,12,Cannot Lose Them
C113101,53,4,127473.7555,4,4,5,13,Champions
C113102,105,1,12971.54,3,2,1,6,Hibernating
C113103,34,1,34075.31,4,2,2,8,New Customers
C113104,189,1,29183.949,2,2,2,6,Lost
C113105,44,3,66166.3665,4,4,4,12,Champions
C113106,22,8,120006.1145,4,5,5,14,Champions
C113107,103,3,40104.839,3,4,3,10,Loyal Customers
C113108,220,4,85857.698,2,4,4,10,Cannot Lose Them
C113109,308,1,14830.524000000001,1,2,1,4,Lost
C113111,144,1,30743.49,2,2,2,6,Lost
C113112,36,1,37011.45849999999,4,2,2,8,New Customers
C113114,40,2,23670.153000000002,4,3,2,9,Loyal Customers
C113115,48,2,41261.8355,4,3,3,10,Loyal Customers
C113116,40,5,119402.18950000001,4,5,5,14,Champions
C113117,325,2,23094.423000000003,1,3,2,6,At Risk
C113118,-1,6,111501.152,5,5,5,15,Champions
C113119,140,1,8121.17,2,2,1,5,Lost
C113120,382,1,23464.4395,1,2,2,5,Lost
C113121,151,3,42483.569,2,4,3,9,At Risk
C113122,59,2,4174.891,4,3,1,8,Loyal Customers
C113123,173,1,34700.994999999995,2,2,2,6,Lost
C113125,69,8,108023.8145,3,5,5,13,Loyal Customers
C113126,31,2,25458.0635,4,3,2,9,Loyal Customers
C113127,478,1,2863.04,1,2,1,4,Lost
C113129,194,1,11376.37,2,2,1,5,Lost
C113133,35,2,26949.42,4,3,2,9,Loyal Customers
C113134,153,1,30944.673,2,2,2,6,Lost
C113135,339,1,20080.587,1,2,2,5,Lost
C113137,18,3,41011.985499999995,5,4,3,12,Loyal Customers
C113140,60,3,60002.2175,4,4,3,11,Loyal Customers
C113145,422,1,16459.496,1,2,1,4,Lost
C113146,29,8,166877.3905,4,5,5,14,Champions
C113148,63,3,37674.17,3,4,3,10,Loyal Customers
C113149,4,6,68552.928,5,5,4,14,Champions
C113152,222,1,3259.3335,2,2,1,5,Lost
C113153,42,12,337097.61699999997,4,5,5,14,Champions
C113155,34,3,47728.149,4,4,3,11,Loyal Customers
C113158,472,1,13919.598,1,2,1,4,Lost
C113159,208,2,21532.628,2,3,2,7,At Risk
C113160,99,1,8087.472000000001,3,2,1,6,Hibernating
C113161,32,10,129608.3055,4,5,5,14,Champions
C113162,119,5,92634.314,3,5,4,12,Loyal Customers
C113163,62,3,89674.0055,4,4,4,12,Champions
C113164,0,1,10693.457999999999,5,2,1,8,New Customers
C113167,9,8,205518.031,5,5,5,15,Champions
C113168,434,3,61418.0755,1,4,3,8,At Risk
C113170,273,3,66482.741,2,4,4,10,Cannot Lose Them
C113174,201,6,117363.02149999999,2,5,5,12,Cannot Lose Them
C113176,47,4,100759.7025,4,4,4,12,Champions
C113177,20,5,118233.54699999999,5,5,5,15,Champions
C113178,34,3,43094.9855,4,4,3,11,Loyal Customers
C113179,45,11,155100.6935,4,5,5,14,Champions
C113181,437,1,2535.0400000000004,1,2,1,4,Lost
C113182,93,6,120019.466,3,5,5,13,Loyal Customers
C113183,111,1,15641.16,3,2,1,6,Hibernating
C113184,92,5,97152.9905,3,5,4,12,Loyal Customers
C113185,180,2,41650.253,2,3,3,8,At Risk
C113187,16,6,107777.754,5,5,5,15,Champions
C113188,87,1,8806.44,3,2,1,6,Hibernating
C113190,194,4,81394.1945,2,4,4,10,Cannot Lose Them
C113192,51,4,56184.7055,4,4,3,11,Loyal Customers
C113193,188,6,136431.926,2,5,5,12,Cannot Lose Them
C113194,10,4,115576.919,5,4,5,14,Champions
C113195,217,4,115935.357,2,4,5,11,Cannot Lose Them
C113197,26,6,183046.6425,4,5,5,14,Champions
C113198,171,2,13589.847,2,3,1,6,At Risk
C113201,347,2,7120.9115,1,3,1,5,At Risk
C113202,245,1,28308.74,2,2,2,6,Lost
C113205,280,2,58427.082,2,3,3,8,At Risk
C113206,30,6,165232.3635,4,5,5,14,Champions
C113207,558,1,43158.100999999995,1,2,3,6,Hibernating
C113209,291,1,4334.15,1,2,1,4,Lost
C113212,5,2,18799.285,5,3,2,10,Loyal Customers
C113213,30,1,3767.733,4,2,1,7,New Customers
C113215,2,5,78803.492,5,5,4,14,Champions
C113217,248,1,554.848,2,2,1,5,Lost
C113218,23,8,131864.2005,4,5,5,14,Champions
C113219,301,2,70284.447,1,3,4,8,At Risk
C113220,279,4,76224.526,2,4,4,10,Cannot Lose Them
C113221,141,3,66590.28600000001,2,4,4,10,Cannot Lose Them
C113222,340,1,3983.3600000000006,1,2,1,4,Lost
C113223,211,2,2579.2195,2,3,1,6,At Risk
C113228,134,2,47421.448,3,3,3,9,Loyal Customers
C113229,3,4,106737.14,5,4,4,13,Champions
C113232,45,6,213608.49300000002,4,5,5,14,Champions
C113233,25,6,109691.71699999999,4,5,5,14,Champions
C113235,87,2,83671.40000000001,3,3,4,10,Loyal Customers
C113236,12,6,107280.289,5,5,4,14,Champions
C113237,561,1,9016.4175,1,2,1,4,Lost
C113238,48,3,58226.695,4,4,3,11,Loyal Customers
C113239,20,4,86431.9585,5,4,4,13,Champions
C113241,368,1,4251.824,1,2,1,4,Lost
C113242,88,5,187268.608,3,5,5,13,Loyal Customers
C113245,50,4,94141.319,4,4,4,12,Champions
C113246,154,2,81153.7905,2,3,4,9,At Risk
C113249,273,5,74654.74100000001,2,5,4,11,Cannot Lose Them
C113251,320,2,42842.3965,1,3,3,7,At Risk
C113252,186,2,36498.8,2,3,2,7,At Risk
C113254,195,1,7284.088000000001,2,2,1,5,Lost
C113255,76,4,55057.636000000006,3,4,3,10,Loyal Customers
C113256,320,2,33183.705500000004,1,3,2,6,At Risk
C113257,63,4,78715.39600000001,3,4,4,11,Loyal Customers
C113258,92,3,46246.490000000005,3,4,3,10,Loyal Customers
C113259,325,1,9972.131,1,2,1,4,Lost
C113260,99,2,39767.353,3,3,3,9,Loyal Customers
C113261,239,2,72750.84999999999,2,3,4,9,At Risk
C113262,58,3,37746.56,4,4,3,11,Loyal Customers
C113263,79,4,24898.085,3,4,2,9,Loyal Customers
C113264,492,2,73269.651,1,3,4,8,At Risk
C113265,78,1,51418.03,3,2,3,8,Potential Loyalists
C113267,67,3,68267.874,3,4,4,11,Loyal Customers
C113269,13,1,32352.69,5,2,2,9,New Customers
C113270,224,1,23765.592,2,2,2,6,Lost
C113271,628,2,63630.6135,1,3,4,8,At Risk
C113272,14,9,184460.377,5,5,5,15,Champions
C113273,317,5,51699.605,1,5,3,9,At Risk
C113274,93,2,44334.78999999999,3,3,3,9,Loyal Customers
C113275,54,2,46643.787,4,3,3,10,Loyal Customers
C113276,263,2,66222.459,2,3,4,9,At Risk
C113277,278,2,66554.47,2,3,4,9,At Risk
C113280,2,10,350028.12799999997,5,5,5,15,Champions
C113281,72,2,41227.380000000005,3,3,3,9,Loyal Customers
C113282,487,1,8627.319,1,2,1,4,Lost
C113283,11,6,114645.289,5,5,5,15,Champions
C113285,132,2,31181.547000000002,3,3,2,8,Loyal Customers
C113286,772,1,16275.488000000001,1,2,1,4,Lost
C113287,729,1,20687.34,1,2,2,5,Lost
C113288,169,3,46077.477,2,4,3,9,At Risk
C113289,612,3,33507.0195,1,4,2,7,At Risk
C113290,88,5,147748.652,3,5,5,13,Loyal Customers
C113291,151,7,156715.0955,2,5,5,12,Cannot Lose Them
C113292,224,1,21188.28,2,2,2,6,Lost
C113294,19,1,33458.24,5,2,2,9,New Customers
C113295,26,2,34701.229,4,3,2,9,Loyal Customers
C113296,225,2,36892.9695,2,3,2,7,At Risk
C113297,32,2,125610.00650000002,4,3,5,12,Loyal Customers
C113298,654,1,1260.0320000000002,1,2,1,4,Lost
C113299,13,5,151024.4475,5,5,5,15,Champions
C113300,131,1,5605.880000000001,3,2,1,6,Hibernating
C113301,20,5,121854.119,5,5,5,15,Champions
C113302,159,7,195127.5745,2,5,5,12,Cannot Lose Them
C113303,193,1,1776.0345,2,2,1,5,Lost
C113305,23,10,187969.1575,4,5,5,14,Champions
C113310,299,1,110273.36,1,2,5,8,Hibernating
C113311,35,2,17832.92,4,3,1,8,Loyal Customers
C113312,119,4,87804.0575,3,4,4,11,Loyal Customers
C113314,140,1,14283.208000000002,2,2,1,5,Lost
C113316,266,1,36080.33,2,2,2,6,Lost
C113317,35,9,160663.25699999998,4,5,5,14,Champions
C113321,186,7,127205.5805,2,5,5,12,Cannot Lose Them
C113322,214,2,79785.61,2,3,4,9,At Risk
C113323,69,3,52004.466,3,4,3,10,Loyal Customers
C113324,24,2,44997.3295,4,3,3,10,Loyal Customers
C113325,20,1,24170.684999999998,5,2,2,9,New Customers
C113327,42,5,74503.1185,4,5,4,13,Champions
C113328,40,5,80784.6215,4,5,4,13,Champions
C113329,88,1,58799.58,3,2,3,8,Potential Loyalists
C113330,704,1,26525.320499999994,1,2,2,5,Lost
C113331,84,2,75684.70999999999,3,3,4,10,Loyal Customers
C113333,177,3,17178.932500000003,2,4,1,7,At Risk
C113337,164,4,134786.9505,2,4,5,11,Cannot Lose Them
C113338,5,1,36386.808000000005,5,2,2,9,New Customers
C113339,545,1,5919.668499999999,1,2,1,4,Lost
C113340,174,4,56341.363,2,4,3,9,At Risk
C113343,270,2,33669.594,2,3,2,7,At Risk
C113345,465,2,78963.48,1,3,4,8,At Risk
C113346,126,5,178673.193,3,5,5,13,Loyal Customers
C113347,37,2,22497.944000000003,4,3,2,9,Loyal Customers
C113348,42,5,146489.047,4,5,5,14,Champions
C113349,44,6,98650.1765,4,5,4,13,Champions
C113351,387,3,69428.8095,1,4,4,9,Cannot Lose Them
C113352,44,3,64350.22,4,4,4,12,Champions
C113354,72,3,29828.066,3,4,2,9,Loyal Customers
C113355,472,3,31611.997499999998,1,4,2,7,At Risk
C113361,321,5,62442.102,1,5,3,9,At Risk
C113363,33,2,35065.3555,4,3,2,9,Loyal Customers
C113364,86,1,1693.59,3,2,1,6,Hibernating
C113365,53,6,158886.842,4,5,5,14,Champions
C113366,18,6,157483.47,5,5,5,15,Champions
C113367,54,6,100889.694,4,5,4,13,Champions
C113368,219,3,71774.16,2,4,4,10,Cannot Lose Them
C113370,220,2,39951.95,2,3,3,8,At Risk
C113371,317,2,15144.754500000001,1,3,1,5,At Risk
C113372,99,6,183261.333,3,5,5,13,Loyal Customers
C113373,96,2,46111.854999999996,3,3,3,9,Loyal Customers
C113374,159,3,96990.382,2,4,4,10,Cannot Lose Them
C113375,51,3,31544.009,4,4,2,10,Loyal Customers
C113376,663,3,72789.918,1,4,4,9,Cannot Lose Them
C113378,515,1,16595.739,1,2,1,4,Lost
C113379,178,1,33664.04,2,2,2,6,Lost
C113380,119,4,123522.1795,3,4,5,12,Loyal Customers
C113381,3,1,17439.376000000004,5,2,1,8,New Customers
C113382,72,1,44391.636,3,2,3,8,Potential Loyalists
C113383,581,2,23732.447,1,3,2,6,At Risk
C113385,204,3,56423.523499999996,2,4,3,9,At Risk
C113386,73,1,80924.57999999999,3,2,4,9,Potential Loyalists
C113387,285,1,14948.784,2,2,1,5,Lost
C113388,205,1,8957.075,2,2,1,5,Lost
C113389,186,4,42235.01,2,4,3,9,At Risk
C113391,8,2,52153.634999999995,5,3,3,11,Loyal Customers
C113393,258,1,46564.479999999996,2,2,3,7,Hibernating
C113395,66,2,20458.188000000002,3,3,2,8,Loyal Customers
C113398,469,2,10760.018,1,3,1,5,At Risk
C113399,161,1,23824.44,2,2,2,6,Lost
C113400,44,4,56512.8635,4,4,3,11,Loyal Customers
C113402,21,5,96779.6045,4,5,4,13,Champions
C113403,49,4,33462.411,4,4,2,10,Loyal Customers
C113404,115,4,51287.744,3,4,3,10,Loyal Customers
C113405,83,2,52168.764,3,3,3,9,Loyal Customers
C113406,67,2,32138.742000000002,3,3,2,8,Loyal Customers
C113407,44,2,40690.741,4,3,3,10,Loyal Customers
C113408,63,1,18514.856,3,2,2,7,Hibernating
C113410,29,9,209757.049,4,5,5,14,Champions
C113414,347,1,24833.718999999997,1,2,2,5,Lost
C113416,111,5,110901.068,3,5,5,13,Loyal Customers
C113417,276,1,18380.43,2,2,2,6,Lost
C113418,16,5,65979.137,5,5,4,14,Champions
C113419,63,3,48777.993,3,4,3,10,Loyal Customers
C113420,44,3,30743.3845,4,4,2,10,Loyal Customers
C113421,2,5,189060.439,5,5,5,15,Champions
C113423,53,7,104186.692,4,5,4,13,Champions
C113424,28,3,57533.585,4,4,3,11,Loyal Customers
C113425,224,4,93997.09049999999,2,4,4,10,Cannot Lose Them
C113426,390,5,75871.029,1,5,4,10,Cannot Lose Them
C113427,57,7,237339.488,4,5,5,14,Champions
C113428,221,1,9034.76,2,2,1,5,Lost
C113430,204,1,17418.778,2,2,1,5,Lost
C113431,264,1,38207.5,2,2,3,7,Hibernating
C113432,6,2,27888.8165,5,3,2,10,Loyal Customers
C113433,104,6,131804.2345,3,5,5,13,Loyal Customers
C113434,107,1,11278.04,3,2,1,6,Hibernating
C113436,184,2,8782.526,2,3,1,6,At Risk
C113438,84,2,23029.752,3,3,2,8,Loyal Customers
C113439,17,5,131760.377,5,5,5,15,Champions
C113440,114,4,86185.00749999999,3,4,4,11,Loyal Customers
C113441,445,1,5408.0824999999995,1,2,1,4,Lost
C113443,40,1,28289.547000000002,4,2,2,8,New Customers
C113444,109,2,30746.040999999997,3,3,2,8,Loyal Customers
C113445,104,3,65268.221000000005,3,4,4,11,Loyal Customers
C113447,131,1,18532.989999999998,3,2,2,7,Hibernating
C113448,89,5,138153.018,3,5,5,13,Loyal Customers
C113449,46,1,19462.69,4,2,2,8,New Customers
C113451,412,3,35228.9375,1,4,2,7,At Risk
C113453,119,4,61387.621,3,4,3,10,Loyal Customers
C113454,109,6,104823.849,3,5,4,12,Loyal Customers
C113455,307,4,112622.8485,1,4,5,10,Cannot Lose Them
C113456,8,3,49674.741,5,4,3,12,Loyal Customers
C113457,17,2,20952.4925,5,3,2,10,Loyal Customers
C113458,32,4,96743.6945,4,4,4,12,Champions
C113459,25,3,42263.647,4,4,3,11,Loyal Customers
C113460,119,5,80335.341,3,5,4,12,Loyal Customers
C113461,276,4,62375.3205,2,4,3,9,At Risk
C113462,486,1,8155.715999999999,1,2,1,4,Lost
C113463,109,1,31336.713,3,2,2,7,Hibernating
C113464,247,1,70658.53,2,2,4,8,Hibernating
C113465,701,1,6377.072,1,2,1,4,Lost
C113466,83,2,36817.616,3,3,2,8,Loyal Customers
C113467,104,2,96236.55,3,3,4,10,Loyal Customers
C113468,249,3,44111.3955,2,4,3,9,At Risk
C113469,5,2,59490.25,5,3,3,11,Loyal Customers
C113470,316,2,74745.9895,1,3,4,8,At Risk
C113471,311,4,124381.6295,1,4,5,10,Cannot Lose Them
C113475,565,1,35884.92,1,2,2,5,Lost
C113476,83,5,140088.128,3,5,5,13,Loyal Customers
C113477,264,3,59062.471,2,4,3,9,At Risk
C113478,62,2,69208.5385,4,3,4,11,Loyal Customers
C113481,147,2,34764.3,2,3,2,7,At Risk
C113482,2,4,62871.045,5,4,3,12,Loyal Customers
C113483,459,2,57818.27,1,3,3,7,At Risk
C113485,293,1,18259.547,1,2,2,5,Lost
C113488,13,3,44256.4375,5,4,3,12,Loyal Customers
C113489,223,2,13938.683,2,3,1,6,At Risk
C113491,128,3,64094.57,3,4,4,11,Loyal Customers
C113494,456,1,17754.5785,1,2,1,4,Lost
C113495,143,2,53934.3155,2,3,3,8,At Risk
C113496,336,4,98685.53,1,4,4,9,Cannot Lose Them
C113497,77,1,407.48,3,2,1,6,Hibernating
C113498,12,1,45380.768500000006,5,2,3,10,New Customers
C113500,102,2,16532.936999999998,3,3,1,7,Loyal Customers
C113501,4,1,17163.096,5,2,1,8,New Customers
C113502,433,1,28107.84,1,2,2,5,Lost
C113504,67,8,138076.8425,3,5,5,13,Loyal Customers
C113505,423,1,14297.920000000002,1,2,1,4,Lost
C113507,23,4,78133.6335,4,4,4,12,Champions
C113508,58,1,39860.35,4,2,3,9,New Customers
C113509,278,1,27890.489999999998,2,2,2,6,Lost
C113510,95,4,78253.7865,3,4,4,11,Loyal Customers
C113511,99,1,512.57,3,2,1,6,Hibernating
C113512,316,1,10799.318,1,2,1,4,Lost
C113513,683,1,25944.5585,1,2,2,5,Lost
C113514,59,2,48349.4905,4,3,3,10,Loyal Customers
C113515,61,3,58088.048,4,4,3,11,Loyal Customers
C113518,139,3,31987.1925,3,4,2,9,Loyal Customers
C113519,60,1,16673.85,4,2,1,7,New Customers
C113520,156,1,24061.09,2,2,2,6,Lost
C113521,260,1,13219.096000000001,2,2,1,5,Lost
C113522,897,1,12995.262,1,2,1,4,Lost
C113523,21,3,63084.689,4,4,3,11,Loyal Customers
C113524,419,1,561.8584999999999,1,2,1,4,Lost
C113526,3,3,49363.189,5,4,3,12,Loyal Customers
C113527,120,3,72147.559,3,4,4,11,Loyal Customers
C113528,19,4,34215.3805,5,4,2,11,Loyal Customers
C113529,250,3,8104.8150000000005,2,4,1,7,At Risk
C113531,10,4,34472.3335,5,4,2,11,Loyal Customers
C113533,288,1,157.3,2,2,1,5,Lost
C113534,20,3,83712.868,5,4,4,13,Champions
C113535,199,2,109797.388,2,3,5,10,At Risk
C113536,-1,2,27484.034,5,3,2,10,Loyal Customers
C113537,42,4,104968.905,4,4,4,12,Champions
C113538,301,2,30516.101,1,3,2,6,At Risk
C113539,101,1,25014.61,3,2,2,7,Hibernating
C113541,900,1,49785.417,1,2,3,6,Hibernating
C113542,70,10,194628.871,3,5,5,13,Loyal Customers
C113543,231,2,68048.502,2,3,4,9,At Risk
C113544,156,2,58545.077,2,3,3,8,At Risk
C113547,211,1,4129.76,2,2,1,5,Lost
C113548,63,7,223283.18349999998,3,5,5,13,Loyal Customers
C113550,34,9,194446.902,4,5,5,14,Champions
C113554,142,4,123030.2565,2,4,5,11,Cannot Lose Them
C113555,426,2,31364.352000000003,1,3,2,6,At Risk
C113556,6,4,58324.87500000001,5,4,3,12,Loyal Customers
C113557,232,2,40778.559,2,3,3,8,At Risk
C113558,659,2,22469.7485,1,3,2,6,At Risk
C113559,89,1,18339.8925,3,2,2,7,Hibernating
C113562,63,6,97920.531,3,5,4,12,Loyal Customers
C113563,42,5,90732.021,4,5,4,13,Champions
C113565,113,2,38214.33,3,3,3,9,Loyal Customers
C113566,357,1,13994.478000000001,1,2,1,4,Lost
C113567,353,1,7441.929,1,2,1,4,Lost
C113568,412,2,11224.9285,1,3,1,5,At Risk
C113569,42,4,73273.11,4,4,4,12,Champions
C113571,740,1,13043.128,1,2,1,4,Lost
C113572,6,4,52025.012500000004,5,4,3,12,Loyal Customers
C113576,-1,12,384084.7195,5,5,5,15,Champions
C113577,135,4,75473.1675,3,4,4,11,Loyal Customers
C113578,441,1,51205.259999999995,1,2,3,6,Hibernating
C113579,240,1,26882.811,2,2,2,6,Lost
C113580,645,1,39149.13,1,2,3,6,Hibernating
C113581,-1,7,112777.91,5,5,5,15,Champions
C113583,454,2,18131.2845,1,3,1,5,At Risk
C113584,38,2,49071.82400000001,4,3,3,10,Loyal Customers
C113585,123,5,137767.19700000001,3,5,5,13,Loyal Customers
C113589,121,3,131862.213,3,4,5,12,Loyal Customers
C113590,25,15,273106.297,4,5,5,14,Champions
C113591,368,4,50945.2165,1,4,3,8,At Risk
C113592,585,1,17089.61,1,2,1,4,Lost
C113593,63,3,78630.61600000001,3,4,4,11,Loyal Customers
C113594,0,4,87420.669,5,4,4,13,Champions
C113595,19,3,33104.5265,5,4,2,11,Loyal Customers
C113596,519,3,85496.45850000001,1,4,4,9,Cannot Lose Them
C113597,22,4,40187.6525,4,4,3,11,Loyal Customers
C113598,523,2,8804.187,1,3,1,5,At Risk
C113599,476,5,109552.714,1,5,5,11,Cannot Lose Them
C113604,142,2,43903.656,2,3,3,8,At Risk
C113605,166,1,36075.18,2,2,2,6,Lost
C113610,101,2,70374.7965,3,3,4,10,Loyal Customers
C113612,272,2,44627.39,2,3,3,8,At Risk
C113613,42,6,110446.235,4,5,5,14,Champions
C113616,197,4,105862.569,2,4,4,10,Cannot Lose Them
C113617,320,2,57867.6035,1,3,3,7,At Risk
C113619,47,2,28270.73,4,3,2,9,Loyal Customers
C113620,484,2,30510.528,1,3,2,6,At Risk
C113621,30,4,102715.7315,4,4,4,12,Champions
C113622,31,2,50273.133499999996,4,3,3,10,Loyal Customers
C113623,484,1,1503.4,1,2,1,4,Lost
C113624,24,1,20034.62,4,2,2,8,New Customers
C113625,316,1,21707.01,1,2,2,5,Lost
C113627,158,2,9654.544,2,3,1,6,At Risk
C113628,239,2,71158.857,2,3,4,9,At Risk
C113631,757,1,5567.114,1,2,1,4,Lost
C113632,553,1,66368.43000000001,1,2,4,7,Hibernating
C113633,3,2,49536.58,5,3,3,11,Loyal Customers
C113635,74,3,124069.95999999999,3,4,5,12,Loyal Customers
C113636,135,2,54044.612499999996,3,3,3,9,Loyal Customers
C113637,18,4,86520.2655,5,4,4,13,Champions
C113638,19,3,23242.408000000003,5,4,2,11,Loyal Customers
C113639,437,4,140168.81900000002,1,4,5,10,Cannot Lose Them
C113640,23,9,136001.0935,4,5,5,14,Champions
C113641,253,1,3763.1795,2,2,1,5,Lost
C113642,561,3,67556.259,1,4,4,9,Cannot Lose Them
C113644,36,2,30876.852000000003,4,3,2,9,Loyal Customers
C113646,358,1,10224.684000000001,1,2,1,4,Lost
C113648,115,1,14673.510000000002,3,2,1,6,Hibernating
C113650,9,7,186068.35749999998,5,5,5,15,Champions
C113652,84,7,179392.31,3,5,5,13,Loyal Customers
C113654,192,3,134661.69199999998,2,4,5,11,Cannot Lose Them
C113657,64,12,270534.801,3,5,5,13,Loyal Customers
C113659,29,1,30663.957499999997,4,2,2,8,New Customers
C113660,40,2,48698.7475,4,3,3,10,Loyal Customers
C113661,28,4,78467.1485,4,4,4,12,Champions
C113662,21,15,274804.9355,4,5,5,14,Champions
C113663,172,1,31139.523,2,2,2,6,Lost
C113664,90,2,27214.6285,3,3,2,8,Loyal Customers
C113666,389,3,44074.035,1,4,3,8,At Risk
C113668,336,1,10456.008000000002,1,2,1,4,Lost
C113669,91,3,77390.6105,3,4,4,11,Loyal Customers
C113671,10,1,7989.2945,5,2,1,8,New Customers
C113672,36,1,61744.29299999999,4,2,3,9,New Customers
C113675,579,1,5617.7435,1,2,1,4,Lost
C113678,356,1,5633.144,1,2,1,4,Lost
C113679,164,1,25066.5385,2,2,2,6,Lost
C113680,35,4,57525.3395,4,4,3,11,Loyal Customers
C113681,87,3,68543.652,3,4,4,11,Loyal Customers
C113684,21,3,31569.445,4,4,2,10,Loyal Customers
C113686,9,3,68300.11,5,4,4,13,Champions
C113687,55,11,240889.2145,4,5,5,14,Champions
C113689,2,3,125573.65,5,4,5,14,Champions
C113693,129,5,112620.147,3,5,5,13,Loyal Customers
C113694,537,1,22991.216,1,2,2,5,Lost
C113697,124,2,45333.316000000006,3,3,3,9,Loyal Customers
C113698,63,1,7527.744,3,2,1,6,Hibernating
C113699,3,6,111083.164,5,5,5,15,Champions
C113700,38,1,0.0,4,2,1,7,New Customers
C113701,243,1,31868.709499999997,2,2,2,6,Lost
C113702,233,2,30449.52,2,3,2,7,At Risk
C113703,7,8,133963.467,5,5,5,15,Champions
C113704,102,3,82207.04,3,4,4,11,Loyal Customers
C113706,213,3,69829.726,2,4,4,10,Cannot Lose Them
C113708,28,8,164070.231,4,5,5,14,Champions
C113709,79,1,13790.568000000001,3,2,1,6,Hibernating
C113713,76,4,87421.516,3,4,4,11,Loyal Customers
C113717,44,3,69919.6995,4,4,4,12,Champions
C113718,205,1,9349.472,2,2,1,5,Lost
C113719,156,4,92929.001,2,4,4,10,Cannot Lose Them
C113722,202,4,79003.7615,2,4,4,10,Cannot Lose Them
C113723,92,3,65878.53,3,4,4,11,Loyal Customers
C113724,113,2,23613.6375,3,3,2,8,Loyal Customers
C113725,0,5,59161.804000000004,5,5,3,13,Loyal Customers
C113726,154,7,130348.2445,2,5,5,12,Cannot Lose Them
C113728,27,4,46010.2245,4,4,3,11,Loyal Customers
C113729,44,3,63226.291000000005,4,4,4,12,Champions
C113730,41,4,32802.811499999996,4,4,2,10,Loyal Customers
C113731,146,2,30405.600000000002,2,3,2,7,At Risk
C113733,1,14,206405.4635,5,5,5,15,Champions
C113734,23,2,17883.252,4,3,1,8,Loyal Customers
C113737,143,3,112957.714,2,4,5,11,Cannot Lose Them
C113738,64,4,69944.04800000001,3,4,4,11,Loyal Customers
C113739,313,1,9969.378,1,2,1,4,Lost
C113741,133,3,65207.729999999996,3,4,4,11,Loyal Customers
C113742,8,1,10875.104,5,2,1,8,New Customers
C113743,31,5,39126.095499999996,4,5,3,12,Loyal Customers
C113744,8,2,16866.381999999998,5,3,1,9,Loyal Customers
C113746,308,1,5834.94,1,2,1,4,Lost
C113748,395,3,75406.3985,1,4,4,9,Cannot Lose Them
C113749,119,7,90126.2485,3,5,4,12,Loyal Customers
C113751,5,2,31396.225499999997,5,3,2,10,Loyal Customers
C113752,120,4,85567.1425,3,4,4,11,Loyal Customers
C113753,27,3,32398.710000000006,4,4,2,10,Loyal Customers
C113754,756,1,30307.222999999998,1,2,2,5,Lost
C113756,4,2,54824.770000000004,5,3,3,11,Loyal Customers
C113757,48,5,99471.026,4,5,4,13,Champions
C113758,231,4,170720.6005,2,4,5,11,Cannot Lose Them
C113759,37,3,40257.1965,4,4,3,11,Loyal Customers
C113760,36,8,157026.736,4,5,5,14,Champions
C113762,23,4,97539.5,4,4,4,12,Champions
C113763,63,5,135684.6405,3,5,5,13,Loyal Customers
C113765,129,7,159336.448,3,5,5,13,Loyal Customers
C113766,113,2,61717.21,3,3,3,9,Loyal Customers
C113767,317,2,27218.2955,1,3,2,6,At Risk
C113769,21,2,9147.421999999999,4,3,1,8,Loyal Customers
C113770,24,1,2926.2865,4,2,1,7,New Customers
C113771,114,2,22670.544,3,3,2,8,Loyal Customers
C113773,48,4,92019.9075,4,4,4,12,Champions
C113775,81,1,1255.536,3,2,1,6,Hibernating
C113776,272,1,41082.786,2,2,3,7,Hibernating
C113777,9,1,35541.34,5,2,2,9,New Customers
C113778,138,2,32815.128,3,3,2,8,Loyal Customers
C113779,259,6,148213.452,2,5,5,12,Cannot Lose Them
C113780,22,6,183330.156,4,5,5,14,Champions
C113781,0,6,158043.02300000002,5,5,5,15,Champions
C113782,332,3,65741.007,1,4,4,9,Cannot Lose Them
C113783,3,3,13534.668999999998,5,4,1,10,Loyal Customers
C113784,763,1,4402.43,1,2,1,4,Lost
C113785,12,16,291193.98949999997,5,5,5,15,Champions
C113786,-1,9,183486.1985,5,5,5,15,Champions
C113788,615,1,18501.64,1,2,2,5,Lost
C113790,50,6,115266.2545,4,5,5,14,Champions
C113791,264,3,75844.881,2,4,4,10,Cannot Lose Them
C113792,2,11,132578.124,5,5,5,15,Champions
C113793,787,1,19156.256,1,2,2,5,Lost
C113794,51,3,31774.703,4,4,2,10,Loyal Customers
C113795,344,1,8379.176,1,2,1,4,Lost
C113796,514,2,35517.576,1,3,2,6,At Risk
C113798,246,3,33180.9595,2,4,2,8,At Risk
C113801,180,5,150478.116,2,5,5,12,Cannot Lose Them
C113802,459,2,30292.3,1,3,2,6,At Risk
C113804,50,4,81305.31700000001,4,4,4,12,Champions
C113805,31,8,132125.0105,4,5,5,14,Champions
C113806,198,2,30682.174,2,3,2,7,At Risk
C113808,24,6,69158.996,4,5,4,13,Champions
C113809,35,5,47235.466,4,5,3,12,Loyal Customers
C113810,124,5,150373.201,3,5,5,13,Loyal Customers
C113812,132,7,216840.615,3,5,5,13,Loyal Customers
C113813,16,3,55274.61,5,4,3,12,Loyal Customers
C113816,-1,7,183400.571,5,5,5,15,Champions
C113819,111,3,76675.6895,3,4,4,11,Loyal Customers
C113821,83,1,10831.728000000001,3,2,1,6,Hibernating
C113823,500,1,36538.656,1,2,2,5,Lost
C113824,50,4,122109.6175,4,4,5,13,Champions
C113825,392,1,9196.960000000001,1,2,1,4,Lost
C113826,66,3,93846.916,3,4,4,11,Loyal Customers
C113829,392,1,13447.752,1,2,1,4,Lost
C113830,5,3,71599.338,5,4,4,13,Champions
C113833,68,4,39080.032999999996,3,4,3,10,Loyal Customers
C113834,122,2,27513.898999999998,3,3,2,8,Loyal Customers
C113836,3,5,73928.5775,5,5,4,14,Champions
C113837,244,3,61019.6675,2,4,3,9,At Risk
C113838,0,3,28658.929000000004,5,4,2,11,Loyal Customers
C113839,36,2,20005.574500000002,4,3,2,9,Loyal Customers
C113840,-1,7,143738.1085,5,5,5,15,Champions
C113841,61,4,45210.3945,4,4,3,11,Loyal Customers
C113842,162,1,3322.056,2,2,1,5,Lost
C113843,83,1,14889.9,3,2,1,6,Hibernating
C113845,51,2,31769.48,4,3,2,9,Loyal Customers
C113846,107,3,87761.901,3,4,4,11,Loyal Customers
C113847,483,1,7811.696000000001,1,2,1,4,Lost
C113848,100,2,66436.71399999999,3,3,4,10,Loyal Customers
C113850,89,2,23640.642,3,3,2,8,Loyal Customers
C113851,7,5,72573.43000000001,5,5,4,14,Champions
C113853,105,2,31287.58,3,3,2,8,Loyal Customers
C113854,127,2,61776.416,3,3,3,9,Loyal Customers
C113855,9,2,44716.05,5,3,3,11,Loyal Customers
C113857,20,5,48125.0285,5,5,3,13,Loyal Customers
C113858,149,4,52890.33,2,4,3,9,At Risk
C113859,226,3,77467.1635,2,4,4,10,Cannot Lose Them
C113861,116,1,38078.945,3,2,3,8,Potential Loyalists
C113863,170,2,27400.763,2,3,2,7,At Risk
C113865,66,4,109131.5255,3,4,5,12,Loyal Customers
C113866,1,1,40665.45,5,2,3,10,New Customers
C113867,437,1,42664.918,1,2,3,6,Hibernating
C113868,220,4,131670.497,2,4,5,11,Cannot Lose Them
C113870,111,1,7044.1795,3,2,1,6,Hibernating
C113871,100,2,23533.96,3,3,2,8,Loyal Customers
C113872,258,1,25035.312,2,2,2,6,Lost
C113873,141,4,70873.157,2,4,4,10,Cannot Lose Them
C113875,364,1,24173.3,1,2,2,5,Lost
C113876,12,4,47114.1375,5,4,3,12,Loyal Customers
C113877,210,8,94791.617,2,5,4,11,Cannot Lose Them
C113879,210,4,91257.353,2,4,4,10,Cannot Lose Them
C113882,8,4,134811.1995,5,4,5,14,Champions
C113884,30,2,23638.22,4,3,2,9,Loyal Customers
C113885,49,3,34998.4355,4,4,2,10,Loyal Customers
C113886,93,2,23918.3065,3,3,2,8,Loyal Customers
C113888,47,3,23122.381,4,4,2,10,Loyal Customers
C113889,5,9,185239.9665,5,5,5,15,Champions
C113890,790,1,7261.232,1,2,1,4,Lost
C113892,26,6,229654.9755,4,5,5,14,Champions
C113893,87,1,5584.077,3,2,1,6,Hibernating
C113894,4,4,87364.944,5,4,4,13,Champions
C113896,677,1,3012.616,1,2,1,4,Lost
C113898,384,5,91362.134,1,5,4,10,Cannot Lose Them
C113899,163,1,55794.6,2,2,3,7,Hibernating
C113900,31,3,45684.153,4,4,3,11,Loyal Customers
C113901,68,1,10075.457999999999,3,2,1,6,Hibernating
C113902,215,1,4840.728,2,2,1,5,Lost
C113903,170,2,64786.8,2,3,4,9,At Risk
C113904,20,5,56976.309,5,5,3,13,Loyal Customers
C113905,69,1,30631.170000000002,3,2,2,7,Hibernating
C113906,86,1,0.0,3,2,1,6,Hibernating
C113909,101,4,107379.618,3,4,4,11,Loyal Customers
C113911,108,3,82185.544,3,4,4,11,Loyal Customers
C113913,291,1,13213.4,1,2,1,4,Lost
C113915,24,3,74016.847,4,4,4,12,Champions
C113916,7,11,248444.47650000002,5,5,5,15,Champions
C113917,4,2,26771.897,5,3,2,10,Loyal Customers
C113918,340,1,30370.660000000003,1,2,2,5,Lost
C113920,45,1,10711.11,4,2,1,7,New Customers
C113921,198,1,50596.39,2,2,3,7,Hibernating
C113922,5,4,98538.845,5,4,4,13,Champions
C113927,227,3,64092.542,2,4,4,10,Cannot Lose Them
C113929,85,5,154225.93050000002,3,5,5,13,Loyal Customers
C113931,49,1,33574.64,4,2,2,8,New Customers
C113934,263,1,13837.58,2,2,1,5,Lost
C113936,181,4,87029.47,2,4,4,10,Cannot Lose Them
C113937,139,1,40262.178,3,2,3,8,Potential Loyalists
C113939,24,2,35147.594,4,3,2,9,Loyal Customers
C113940,132,8,177473.2905,3,5,5,13,Loyal Customers
C113941,26,5,127478.827,4,5,5,14,Champions
C113942,9,8,273016.074,5,5,5,15,Champions
C113943,36,4,41929.646499999995,4,4,3,11,Loyal Customers
C113946,2,2,4347.7074999999995,5,3,1,9,Loyal Customers
C113947,8,2,96139.5775,5,3,4,12,Loyal Customers
C113948,285,1,40951.768,2,2,3,7,Hibernating
C113949,60,1,16696.8485,4,2,1,7,New Customers
C113951,108,2,41913.056,3,3,3,9,Loyal Customers
C113952,61,2,31672.71,4,3,2,9,Loyal Customers
C113953,6,3,103510.37849999999,5,4,4,13,Champions
C113954,153,3,66876.5885,2,4,4,10,Cannot Lose Them
C113955,7,5,110064.51699999999,5,5,5,15,Champions
C113956,9,1,15210.55,5,2,1,8,New Customers
C113959,202,6,83472.288,2,5,4,11,Cannot Lose Them
C113960,86,5,121859.9625,3,5,5,13,Loyal Customers
C113961,73,1,15350.008,3,2,1,6,Hibernating
C113962,133,1,13405.64,3,2,1,6,Hibernating
C113963,2,2,37419.896,5,3,3,11,Loyal Customers
C113964,34,2,40993.96,4,3,3,10,Loyal Customers
C113965,39,9,258867.4085,4,5,5,14,Champions
C113966,13,2,41227.21000000001,5,3,3,11,Loyal Customers
C113968,260,5,124902.881,2,5,5,12,Cannot Lose Them
C113969,45,8,185830.26,4,5,5,14,Champions
C113970,453,4,71358.632,1,4,4,9,Cannot Lose Them
C113971,177,2,7298.136,2,3,1,6,At Risk
C113972,294,5,135374.392,1,5,5,11,Cannot Lose Them
C113973,63,6,137540.086,3,5,5,13,Loyal Customers
C113974,155,1,61271.559,2,2,3,7,Hibernating
C113975,88,3,53068.7855,3,4,3,10,Loyal Customers
C113976,20,5,96655.784,5,5,4,14,Champions
C113977,12,6,126207.247,5,5,5,15,Champions
C113979,30,4,79178.476,4,4,4,12,Champions
C113980,405,1,22532.004,1,2,2,5,Lost
C113981,64,3,60335.441999999995,3,4,3,10,Loyal Customers
C113982,60,3,48705.83,4,4,3,11,Loyal Customers
C113983,560,2,92862.24800000002,1,3,4,8,At Risk
C113984,13,13,319608.9625,5,5,5,15,Champions
C113986,58,6,152750.3165,4,5,5,14,Champions
C113989,9,2,38456.6435,5,3,3,11,Loyal Customers
C113990,50,6,81643.779,4,5,4,13,Champions
C113991,281,1,8116.12,2,2,1,5,Lost
C113992,1000,1,44311.923,1,2,3,6,Hibernating
C113993,2,2,45690.826,5,3,3,11,Loyal Customers
C113994,134,6,68077.275,3,5,4,12,Loyal Customers
C113996,31,3,19295.82,4,4,2,10,Loyal Customers
C113997,63,4,85188.4805,3,4,4,11,Loyal Customers
C113998,610,3,100277.323,1,4,4,9,Cannot Lose Them
C113999,47,1,11856.015000000001,4,2,1,7,New Customers
C114000,63,4,38235.477,3,4,3,10,Loyal Customers
C114001,3,3,76326.01800000001,5,4,4,13,Champions
C114003,19,4,101306.834,5,4,4,13,Champions
C114004,104,3,64646.3515,3,4,4,11,Loyal Customers
C114006,1,2,55076.756,5,3,3,11,Loyal Customers
C114007,296,2,30661.1385,1,3,2,6,At Risk
C114009,104,1,23557.212,3,2,2,7,Hibernating
C114011,163,3,83078.16,2,4,4,10,Cannot Lose Them
C114013,343,1,42184.218,1,2,3,6,Hibernating
C114015,344,2,72908.816,1,3,4,8,At Risk
C114016,42,2,41377.21,4,3,3,10,Loyal Customers
C114017,99,1,9086.634,3,2,1,6,Hibernating
C114019,98,1,44745.96,3,2,3,8,Potential Loyalists
C114020,17,6,79652.433,5,5,4,14,Champions
C114021,106,4,109414.186,3,4,5,12,Loyal Customers
C114022,8,4,78436.2015,5,4,4,13,Champions
C114023,176,2,67834.5805,2,3,4,9,At Risk
C114025,176,9,71191.308,2,5,4,11,Cannot Lose Them
C114027,23,6,91063.7315,4,5,4,13,Champions
C114029,89,2,58628.002,3,3,3,9,Loyal Customers
C114030,45,1,32526.467999999997,4,2,2,8,New Customers
C114032,0,4,132561.58500000002,5,4,5,14,Champions
C114035,296,1,4407.17,1,2,1,4,Lost
C114036,517,1,17398.107,1,2,1,4,Lost
C114038,491,2,27006.779000000002,1,3,2,6,At Risk
C114039,30,2,54893.646499999995,4,3,3,10,Loyal Customers
C114040,-1,9,197410.19150000002,5,5,5,15,Champions
C114042,10,12,256393.01,5,5,5,15,Champions
C114044,48,4,102241.824,4,4,4,12,Champions
C114045,13,2,52785.727,5,3,3,11,Loyal Customers
C114046,644,1,22414.584000000003,1,2,2,5,Lost
C114047,67,7,174426.238,3,5,5,13,Loyal Customers
C114050,30,1,10980.333,4,2,1,7,New Customers
C114051,372,1,60639.991500000004,1,2,3,6,Hibernating
C114054,612,3,56946.1565,1,4,3,8,At Risk
C114055,39,6,189456.22950000002,4,5,5,14,Champions
C114056,81,1,12726.704,3,2,1,6,Hibernating
C114062,8,1,5434.896000000001,5,2,1,8,New Customers
C114064,442,4,68002.234,1,4,4,9,Cannot Lose Them
C114066,165,1,15345.439999999999,2,2,1,5,Lost
C114068,93,1,9044.53,3,2,1,6,Hibernating
C114069,85,5,143290.465,3,5,5,13,Loyal Customers
C114070,395,3,44785.3535,1,4,3,8,At Risk
C114071,30,1,28203.051,4,2,2,8,New Customers
C114072,101,3,38509.137,3,4,3,10,Loyal Customers
C114073,-1,2,23674.706000000002,5,3,2,10,Loyal Customers
C114074,113,1,15049.408000000001,3,2,1,6,Hibernating
C114075,672,1,22990.792,1,2,2,5,Lost
C114076,-1,6,140137.9385,5,5,5,15,Champions
C114077,39,3,51802.421500000004,4,4,3,11,Loyal Customers
C114079,132,10,187110.2005,3,5,5,13,Loyal Customers
C114080,251,3,34869.544,2,4,2,8,At Risk
C114081,43,3,42094.829,4,4,3,11,Loyal Customers
C114083,39,4,62753.614,4,4,3,11,Loyal Customers
C114084,28,6,40279.13,4,5,3,12,Loyal Customers
C114085,22,4,26572.832000000002,4,4,2,10,Loyal Customers
C114086,518,2,20897.108,1,3,2,6,At Risk
C114087,668,1,1078.022,1,2,1,4,Lost
C114088,392,2,78378.48,1,3,4,8,At Risk
C114091,185,8,132621.2655,2,5,5,12,Cannot Lose Them
C114092,20,3,49022.492,5,4,3,12,Loyal Customers
C114094,109,1,56377.422999999995,3,2,3,8,Potential Loyalists
C114095,869,1,54852.1735,1,2,3,6,Hibernating
C114096,3,4,56696.1525,5,4,3,12,Loyal Customers
C114097,412,2,5311.104,1,3,1,5,At Risk
C114098,39,4,72636.4335,4,4,4,12,Champions
C114101,427,2,32091.696000000004,1,3,2,6,At Risk
C114103,559,2,29166.157,1,3,2,6,At Risk
C114104,488,2,32849.802,1,3,2,6,At Risk
C114105,321,1,39673.58,1,2,3,6,Hibernating
C114106,730,1,2227.216,1,2,1,4,Lost
C114108,499,1,27477.28,1,2,2,5,Lost
C114110,12,2,21422.47,5,3,2,10,Loyal Customers
C114113,334,1,3886.625,1,2,1,4,Lost
C114114,234,5,79474.528,2,5,4,11,Cannot Lose Them
C114116,87,1,41229.031,3,2,3,8,Potential Loyalists
C114117,42,1,22142.41,4,2,2,8,New Customers
C114119,4,1,12815.019,5,2,1,8,New Customers
C114120,137,2,46370.789,3,3,3,9,Loyal Customers
C114121,152,1,15548.584,2,2,1,5,Lost
C114122,147,4,89811.223,2,4,4,10,Cannot Lose Them
C114123,22,12,236536.849,4,5,5,14,Champions
C114124,430,4,75257.4295,1,4,4,9,Cannot Lose Them
C114125,173,1,34515.97,2,2,2,6,Lost
C114126,55,4,25125.493,4,4,2,10,Loyal Customers
C114127,40,3,26584.156,4,4,2,10,Loyal Customers
C114128,8,1,22998.56,5,2,2,9,New Customers
C114129,45,4,73759.579,4,4,4,12,Champions
C114130,496,1,37764.416000000005,1,2,3,6,Hibernating
C114131,227,4,107791.1615,2,4,5,11,Cannot Lose Them
C114133,448,4,81174.219,1,4,4,9,Cannot Lose Them
C114134,39,2,46451.276000000005,4,3,3,10,Loyal Customers
C114135,28,1,11212.55,4,2,1,7,New Customers
C114139,16,1,8571.352,5,2,1,8,New Customers
C114141,22,6,137167.0745,4,5,5,14,Champions
C114142,8,7,146289.579,5,5,5,15,Champions
C114143,304,2,73930.3,1,3,4,8,At Risk
C114144,226,1,4533.41,2,2,1,5,Lost
C114146,583,1,10346.880000000001,1,2,1,4,Lost
C114148,435,2,20692.017,1,3,2,6,At Risk
C114149,58,7,235681.96000000002,4,5,5,14,Champions
C114150,184,5,115309.9825,2,5,5,12,Cannot Lose Them
C114151,809,1,8666.856,1,2,1,4,Lost
C114152,189,1,19054.76,2,2,2,6,Lost
C114153,25,4,38150.073000000004,4,4,3,11,Loyal Customers
C114154,299,2,97827.607,1,3,4,8,At Risk
C114156,13,1,30046.85,5,2,2,9,New Customers
C114157,11,12,262979.396,5,5,5,15,Champions
C114159,152,1,8165.915,2,2,1,5,Lost
C114160,28,1,15921.152999999998,4,2,1,7,New Customers
C114163,54,1,7683.381,4,2,1,7,New Customers
C114164,111,4,70358.626,3,4,4,11,Loyal Customers
C114165,172,3,75520.08,2,4,4,10,Cannot Lose Them
C114166,314,8,167446.9435,1,5,5,11,Cannot Lose Them
C114167,234,1,19185.78,2,2,2,6,Lost
C114170,73,3,93928.625,3,4,4,11,Loyal Customers
C114172,55,3,43654.119999999995,4,4,3,11,Loyal Customers
C114176,154,4,52497.614499999996,2,4,3,9,At Risk
C114180,273,3,56832.368,2,4,3,9,At Risk
C114182,118,8,75476.84999999999,3,5,4,12,Loyal Customers
C114183,96,2,25215.803999999996,3,3,2,8,Loyal Customers
C114185,156,1,3749.29,2,2,1,5,Lost
C114187,288,3,54896.31,2,4,3,9,At Risk
C114188,17,6,143310.8985,5,5,5,15,Champions
C114189,92,1,20207.594,3,2,2,7,Hibernating
C114190,85,1,26695.22,3,2,2,7,Hibernating
C114192,18,6,104086.86,5,5,4,14,Champions
C114194,454,4,128628.9525,1,4,5,10,Cannot Lose Them
C114195,-1,11,243398.82400000002,5,5,5,15,Champions
C114196,51,1,29567.4455,4,2,2,8,New Customers
C114197,3,2,26459.381,5,3,2,10,Loyal Customers
C114198,186,2,44445.768000000004,2,3,3,8,At Risk
C114200,4,2,53688.338,5,3,3,11,Loyal Customers
C114201,18,1,21011.6175,5,2,2,9,New Customers
C114202,886,1,5859.4495,1,2,1,4,Lost
C114203,415,1,10647.176000000001,1,2,1,4,Lost
C114204,375,3,34663.136,1,4,2,7,At Risk
C114205,25,3,73300.96549999999,4,4,4,12,Champions
C114206,47,8,154049.85,4,5,5,14,Champions
C114207,92,1,36704.84,3,2,2,7,Hibernating
C114208,67,2,21697.814,3,3,2,8,Loyal Customers
C114209,81,1,36294.712,3,2,2,7,Hibernating
C114210,6,5,76507.94200000001,5,5,4,14,Champions
C114211,136,4,145977.394,3,4,5,12,Loyal Customers
C114212,121,1,12566.52,3,2,1,6,Hibernating
C114213,90,2,29199.321,3,3,2,8,Loyal Customers
C114215,111,3,111319.09749999999,3,4,5,12,Loyal Customers
C114216,135,3,20802.167999999998,3,4,2,9,Loyal Customers
C114217,10,2,14658.5445,5,3,1,9,Loyal Customers
C114219,5,6,88940.098,5,5,4,14,Champions
C114220,60,2,51951.076499999996,4,3,3,10,Loyal Customers
C114221,118,2,64234.589,3,3,4,10,Loyal Customers
C114222,19,1,38475.68,5,2,3,10,New Customers
C114225,131,1,9144.1585,3,2,1,6,Hibernating
C114227,736,3,107048.552,1,4,4,9,Cannot Lose Them
C114228,24,4,105608.48550000001,4,4,4,12,Champions
C114229,21,2,49676.5505,4,3,3,10,Loyal Customers
C114230,80,6,176742.594,3,5,5,13,Loyal Customers
C114232,141,1,22009.928,2,2,2,6,Lost
C114233,31,4,121299.027,4,4,5,13,Champions
C114234,76,3,60460.854999999996,3,4,3,10,Loyal Customers
C114236,177,1,12946.588,2,2,1,5,Lost
C114238,52,1,13329.696,4,2,1,7,New Customers
C114239,225,4,81925.0,2,4,4,10,Cannot Lose Them
C114240,76,9,148232.04,3,5,5,13,Loyal Customers
C114241,1,7,115289.198,5,5,5,15,Champions
C114242,7,1,20193.989999999998,5,2,2,9,New Customers
C114244,111,2,47908.13,3,3,3,9,Loyal Customers
C114245,277,2,21948.6305,2,3,2,7,At Risk
C114246,57,3,96985.20850000001,4,4,4,12,Champions
C114250,85,1,28253.269999999997,3,2,2,7,Hibernating
C114252,289,1,8377.251999999999,1,2,1,4,Lost
C114253,239,1,60581.76000000001,2,2,3,7,Hibernating
C114254,0,1,47873.072,5,2,3,10,New Customers
C114255,169,1,3142.016,2,2,1,5,Lost
C114257,50,1,2327.922,4,2,1,7,New Customers
C114258,319,2,64544.339499999995,1,3,4,8,At Risk
C114259,22,8,138956.55550000002,4,5,5,14,Champions
C114260,95,4,72986.887,3,4,4,11,Loyal Customers
C114261,146,1,51880.0,2,2,3,7,Hibernating
C114262,6,7,167025.127,5,5,5,15,Champions
C114263,108,1,22111.971999999998,3,2,2,7,Hibernating
C114265,24,5,131788.215,4,5,5,14,Champions
C114266,16,1,9915.85,5,2,1,8,New Customers
C114267,670,1,14723.055,1,2,1,4,Lost
C114268,176,7,90482.804,2,5,4,11,Cannot Lose Them
C114269,14,1,26541.55,5,2,2,9,New Customers
C114270,352,6,111517.65699999999,1,5,5,11,Cannot Lose Them
C114271,584,1,7817.008000000001,1,2,1,4,Lost
C114274,13,5,75508.893,5,5,4,14,Champions
C114275,164,5,152974.7065,2,5,5,12,Cannot Lose Them
C114276,252,1,877.89,2,2,1,5,Lost
C114277,124,1,29841.752,3,2,2,7,Hibernating
C114279,370,3,14708.861,1,4,1,6,At Risk
C114281,141,1,3080.62,2,2,1,5,Lost
C114282,2,2,45640.0755,5,3,3,11,Loyal Customers
C114283,385,1,840.6075000000001,1,2,1,4,Lost
C114285,4,1,14730.14,5,2,1,8,New Customers
C114286,199,3,58351.03600000001,2,4,3,9,At Risk
C114288,19,3,47833.1645,5,4,3,12,Loyal Customers
C114291,622,2,36836.728,1,3,2,6,At Risk
C114292,116,7,104077.305,3,5,4,12,Loyal Customers
C114293,-1,3,84423.43000000001,5,4,4,13,Champions
C114295,13,7,122768.38299999999,5,5,5,15,Champions
C114297,297,5,46126.037500000006,1,5,3,9,At Risk
C114298,133,3,74666.927,3,4,4,11,Loyal Customers
C114299,168,1,2480.004,2,2,1,5,Lost
C114300,106,2,53710.990000000005,3,3,3,9,Loyal Customers
C114301,106,3,69588.862,3,4,4,11,Loyal Customers
C114302,8,4,57538.57,5,4,3,12,Loyal Customers
C114303,164,7,118536.2135,2,5,5,12,Cannot Lose Them
C114305,22,1,30886.418999999998,4,2,2,8,New Customers
C114306,729,1,4680.702,1,2,1,4,Lost
C114307,224,3,53351.0795,2,4,3,9,At Risk
C114310,313,1,10822.86,1,2,1,4,Lost
C114311,108,4,139215.787,3,4,5,12,Loyal Customers
C114312,-1,2,81897.209,5,3,4,12,Loyal Customers
C114315,699,1,27517.148999999998,1,2,2,5,Lost
C114316,116,7,148372.7875,3,5,5,13,Loyal Customers
C114317,31,1,29074.19,4,2,2,8,New Customers
C114318,158,8,188237.2505,2,5,5,12,Cannot Lose Them
C114319,153,4,30236.7835,2,4,2,8,At Risk
C114320,10,8,175358.7635,5,5,5,15,Champions
C114321,64,1,36471.712,3,2,2,7,Hibernating
C114322,26,1,9983.817,4,2,1,7,New Customers
C114323,115,10,158188.491,3,5,5,13,Loyal Customers
C114325,482,1,21492.096999999998,1,2,2,5,Lost
C114327,396,1,30189.807,1,2,2,5,Lost
C114328,113,6,132667.202,3,5,5,13,Loyal Customers
C114329,326,1,28478.85,1,2,2,5,Lost
C114330,35,5,225479.8065,4,5,5,14,Champions
C114331,779,1,1202.54,1,2,1,4,Lost
C114333,32,2,47438.979999999996,4,3,3,10,Loyal Customers
C114334,14,6,81555.663,5,5,4,14,Champions
C114335,384,2,35553.32,1,3,2,6,At Risk
C114336,244,5,50805.79150000001,2,5,3,10,At Risk
C114337,583,1,40491.926,1,2,3,6,Hibernating
C114338,260,1,32176.324999999997,2,2,2,6,Lost
C114341,91,1,16834.167,3,2,1,6,Hibernating
C114343,427,1,11759.62,1,2,1,4,Lost
C114347,111,4,91048.93,3,4,4,11,Loyal Customers
C114349,12,2,41154.7,5,3,3,11,Loyal Customers
C114350,31,1,35834.86,4,2,2,8,New Customers
C114352,61,10,239371.589,4,5,5,14,Champions
C114353,579,3,46772.489,1,4,3,8,At Risk
C114355,558,1,30365.336000000003,1,2,2,5,Lost
C114356,4,6,83339.544,5,5,4,14,Champions
C114357,225,1,5011.4,2,2,1,5,Lost
C114359,65,7,106091.7185,3,5,4,12,Loyal Customers
C114360,41,5,37889.684,4,5,3,12,Loyal Customers
C114361,-1,4,44165.202999999994,5,4,3,12,Loyal Customers
C114362,108,5,50077.35,3,5,3,11,Loyal Customers
C114363,462,1,24084.896,1,2,2,5,Lost
C114365,-1,5,201845.23,5,5,5,15,Champions
C114366,349,6,113660.65250000001,1,5,5,11,Cannot Lose Them
C114370,221,1,6617.339,2,2,1,5,Lost
C114372,97,3,57003.724,3,4,3,10,Loyal Customers
C114373,66,5,133871.8105,3,5,5,13,Loyal Customers
C114374,292,1,51310.848000000005,1,2,3,6,Hibernating
C114375,6,3,40499.2475,5,4,3,12,Loyal Customers
C114376,286,3,40367.9735,2,4,3,9,At Risk
C114378,112,1,18499.68,3,2,2,7,Hibernating
C114380,281,4,147914.64,2,4,5,11,Cannot Lose Them
C114381,3,1,22744.688000000002,5,2,2,9,New Customers
C114382,580,1,15966.915999999997,1,2,1,4,Lost
C114384,31,3,39878.9705,4,4,3,11,Loyal Customers
C114385,526,5,143036.189,1,5,5,11,Cannot Lose Them
C114386,163,1,20461.752,2,2,2,6,Lost
C114387,-1,5,135510.2685,5,5,5,15,Champions
C114389,184,2,53205.9005,2,3,3,8,At Risk
C114390,51,1,10194.04,4,2,1,7,New Customers
C114391,122,1,50340.48,3,2,3,8,Potential Loyalists
C114392,68,6,165339.155,3,5,5,13,Loyal Customers
C114393,0,3,23287.9195,5,4,2,11,Loyal Customers
C114394,270,1,18721.53,2,2,2,6,Lost
C114396,51,4,38542.3665,4,4,3,11,Loyal Customers
C114397,39,4,92609.805,4,4,4,12,Champions
C114398,667,1,8122.36,1,2,1,4,Lost
C114399,0,3,31698.283000000003,5,4,2,11,Loyal Customers
C114400,44,7,103019.9595,4,5,4,13,Champions
C114401,67,1,50600.347,3,2,3,8,Potential Loyalists
C114402,242,6,100602.4565,2,5,4,11,Cannot Lose Them
C114404,90,5,104302.7015,3,5,4,12,Loyal Customers
C114405,11,2,29399.122,5,3,2,10,Loyal Customers
C114406,643,1,73714.17,1,2,4,7,Hibernating
C114408,42,5,56166.704000000005,4,5,3,12,Loyal Customers
C114409,523,1,10541.48,1,2,1,4,Lost
C114410,5,1,46314.378,5,2,3,10,New Customers
C114411,557,1,35983.8,1,2,2,5,Lost
C114412,44,4,57733.227,4,4,3,11,Loyal Customers
C114413,142,1,10669.44,2,2,1,5,Lost
C114414,212,1,14178.86,2,2,1,5,Lost
C114415,39,1,17226.2275,4,2,1,7,New Customers
C114416,304,2,26610.116,1,3,2,6,At Risk
C114419,16,2,13773.504,5,3,1,9,Loyal Customers
C114420,280,3,101172.0,2,4,4,10,Cannot Lose Them
C114421,160,1,19597.3315,2,2,2,6,Lost
C114422,259,1,48567.05,2,2,3,7,Hibernating
C114423,350,2,69757.9605,1,3,4,8,At Risk
C114424,528,1,13295.0505,1,2,1,4,Lost
C114425,259,4,113078.8535,2,4,5,11,Cannot Lose Them
C114426,75,5,123673.8505,3,5,5,13,Loyal Customers
C114427,125,3,55941.774000000005,3,4,3,10,Loyal Customers
C114428,184,4,43438.7675,2,4,3,9,At Risk
C114429,486,1,29084.99,1,2,2,5,Lost
C114430,305,5,45768.932,1,5,3,9,At Risk
C114431,5,4,56197.288,5,4,3,12,Loyal Customers
C114432,3,2,67263.0,5,3,4,12,Loyal Customers
C114433,172,2,48080.22,2,3,3,8,At Risk
C114437,455,3,53886.024,1,4,3,8,At Risk
C114438,50,4,105670.17599999999,4,4,4,12,Champions
C114439,94,1,25346.46,3,2,2,7,Hibernating
C114440,434,1,16264.95,1,2,1,4,Lost
C114441,15,4,78968.519,5,4,4,13,Champions
C114443,46,3,45138.433,4,4,3,11,Loyal Customers
C114444,163,1,44242.956000000006,2,2,3,7,Hibernating
C114445,111,1,3682.15,3,2,1,6,Hibernating
C114446,185,1,1448.739,2,2,1,5,Lost
C114447,98,1,28045.39,3,2,2,7,Hibernating
C114448,3,1,30805.666,5,2,2,9,New Customers
C114449,1,7,100851.44,5,5,4,14,Champions
C114450,29,1,26305.584000000003,4,2,2,8,New Customers
C114451,29,3,33784.172000000006,4,4,2,10,Loyal Customers
C114452,164,1,10897.392,2,2,1,5,Lost
C114453,10,7,106530.9405,5,5,4,14,Champions
C114455,597,2,39287.22,1,3,3,7,At Risk
C114456,67,4,124021.1685,3,4,5,12,Loyal Customers
C114458,5,2,25784.207499999997,5,3,2,10,Loyal Customers
C114459,21,2,39582.85,4,3,3,10,Loyal Customers
C114460,8,1,27052.61,5,2,2,9,New Customers
C114461,0,1,36660.032999999996,5,2,2,9,New Customers
C114464,383,1,12809.304,1,2,1,4,Lost
C114465,282,3,67455.48,2,4,4,10,Cannot Lose Them
C114468,14,17,298952.216,5,5,5,15,Champions
C114469,32,2,22306.976000000002,4,3,2,9,Loyal Customers
C114470,18,7,152376.1095,5,5,5,15,Champions
C114472,682,1,1705.68,1,2,1,4,Lost
C114473,170,4,129463.5475,2,4,5,11,Cannot Lose Them
C114477,568,1,12636.24,1,2,1,4,Lost
C114478,63,4,71808.876,3,4,4,11,Loyal Customers
C114479,311,3,75266.70000000001,1,4,4,9,Cannot Lose Them
C114480,-1,2,63914.7455,5,3,4,12,Loyal Customers
C114481,1,4,72539.859,5,4,4,13,Champions
C114482,31,6,102885.6915,4,5,4,13,Champions
C114483,28,4,59822.960999999996,4,4,3,11,Loyal Customers
C114485,9,1,34441.3665,5,2,2,9,New Customers
C114486,12,8,192535.39,5,5,5,15,Champions
C114489,132,3,81875.38500000001,3,4,4,11,Loyal Customers
C114490,45,4,82439.932,4,4,4,12,Champions
C114491,7,2,41767.4445,5,3,3,11,Loyal Customers
C114492,15,2,47397.261,5,3,3,11,Loyal Customers
C114494,410,1,17151.413999999997,1,2,1,4,Lost
C114495,4,4,51053.519,5,4,3,12,Loyal Customers
C114497,31,1,4398.0,4,2,1,7,New Customers
C114500,182,1,41405.229999999996,2,2,3,7,Hibernating
C114501,203,5,143656.022,2,5,5,12,Cannot Lose Them
C114502,18,6,111118.278,5,5,5,15,Champions
C114503,167,1,55448.130000000005,2,2,3,7,Hibernating
C114504,14,5,50392.5015,5,5,3,13,Loyal Customers
C114505,504,1,10613.376,1,2,1,4,Lost
C114507,36,8,152667.02049999998,4,5,5,14,Champions
C114508,145,6,99309.2745,2,5,4,11,Cannot Lose Them
C114509,35,1,30957.213,4,2,2,8,New Customers
C114510,78,3,16637.2275,3,4,1,8,Loyal Customers
C114513,19,3,42097.4205,5,4,3,12,Loyal Customers
C114514,42,2,39428.8365,4,3,3,10,Loyal Customers
C114517,139,1,13365.606999999998,3,2,1,6,Hibernating
C114518,47,4,54222.09450000001,4,4,3,11,Loyal Customers
C114520,67,9,195092.638,3,5,5,13,Loyal Customers
C114521,28,5,138641.552,4,5,5,14,Champions
C114523,84,3,39740.108,3,4,3,10,Loyal Customers
C114524,279,1,31615.4525,2,2,2,6,Lost
C114525,148,1,48449.259,2,2,3,7,Hibernating
C114527,32,6,103770.0,4,5,4,13,Champions
C114528,88,2,28684.195,3,3,2,8,Loyal Customers
C114529,237,4,104083.475,2,4,4,10,Cannot Lose Them
C114530,38,2,85967.81599999999,4,3,4,11,Loyal Customers
C114532,2,4,40143.65,5,4,3,12,Loyal Customers
C114533,21,5,85044.7285,4,5,4,13,Champions
C114536,501,1,26844.46,1,2,2,5,Lost
C114537,95,1,12866.958,3,2,1,6,Hibernating
C114538,5,4,76720.872,5,4,4,13,Champions
C114540,67,2,49110.809,3,3,3,9,Loyal Customers
C114541,27,2,43821.093,4,3,3,10,Loyal Customers
C114542,18,2,48314.9255,5,3,3,11,Loyal Customers
C114543,206,2,22032.486,2,3,2,7,At Risk
C114544,568,1,20779.904000000002,1,2,2,5,Lost
C114546,42,3,85464.6075,4,4,4,12,Champions
C114547,0,1,17114.06,5,2,1,8,New Customers
C114548,302,1,6431.813999999999,1,2,1,4,Lost
C114551,153,1,5736.159000000001,2,2,1,5,Lost
C114552,13,2,15768.59,5,3,1,9,Loyal Customers
C114553,529,1,4626.18,1,2,1,4,Lost
C114558,21,1,16228.64,4,2,1,7,New Customers
C114559,89,4,119829.643,3,4,5,12,Loyal Customers
C114560,9,1,52471.64749999999,5,2,3,10,New Customers
C114562,19,2,19951.6195,5,3,2,10,Loyal Customers
C114563,681,1,38191.104,1,2,3,6,Hibernating
C114564,203,2,45530.5015,2,3,3,8,At Risk
C114565,18,2,64741.042499999996,5,3,4,12,Loyal Customers
C114566,184,1,14534.8575,2,2,1,5,Lost
C114567,68,7,147453.2175,3,5,5,13,Loyal Customers
C114570,56,6,136802.6745,4,5,5,14,Champions
C114571,59,2,54036.21,4,3,3,10,Loyal Customers
C114572,814,1,5045.504,1,2,1,4,Lost
C114573,5,1,5380.0305,5,2,1,8,New Customers
C114574,92,1,3203.37,3,2,1,6,Hibernating
C114575,141,1,64104.83,2,2,4,8,Hibernating
C114576,180,6,82177.1215,2,5,4,11,Cannot Lose Them
C114578,415,1,2241.368,1,2,1,4,Lost
C114579,201,2,36793.149999999994,2,3,2,7,At Risk
C114582,2,2,24822.79,5,3,2,10,Loyal Customers
C114583,299,4,68687.41649999999,1,4,4,9,Cannot Lose Them
C114584,678,2,50675.575,1,3,3,7,At Risk
C114586,45,6,105138.527,4,5,4,13,Champions
C114587,49,2,35044.630000000005,4,3,2,9,Loyal Customers
C114588,593,1,13953.638,1,2,1,4,Lost
C114589,19,4,48217.1725,5,4,3,12,Loyal Customers
C114590,19,7,192643.362,5,5,5,15,Champions
C114591,259,1,32879.12,2,2,2,6,Lost
C114592,8,8,181920.1365,5,5,5,15,Champions
C114593,47,2,29538.7025,4,3,2,9,Loyal Customers
C114594,27,2,28418.21,4,3,2,9,Loyal Customers
C114596,47,1,40552.3935,4,2,3,9,New Customers
C114597,188,2,14960.4495,2,3,1,6,At Risk
C114598,119,7,313409.93,3,5,5,13,Loyal Customers
C114600,274,6,93552.4935,2,5,4,11,Cannot Lose Them
C114601,112,3,50761.3,3,4,3,10,Loyal Customers
C114602,223,4,98619.6585,2,4,4,10,Cannot Lose Them
C114604,313,3,40142.404500000004,1,4,3,8,At Risk
C114605,-1,1,19649.556,5,2,2,9,New Customers
C114606,24,1,9528.11,4,2,1,7,New Customers
C114607,286,2,61327.095499999996,2,3,3,8,At Risk
C114608,179,5,137636.7315,2,5,5,12,Cannot Lose Them
C114609,413,1,1056.8179999999998,1,2,1,4,Lost
C114610,526,1,9256.184,1,2,1,4,Lost
C114611,144,1,13546.048,2,2,1,5,Lost
C114612,19,3,72201.528,5,4,4,13,Champions
C114613,86,2,117785.69,3,3,5,11,Loyal Customers
C114615,154,1,16031.47,2,2,1,5,Lost
C114616,55,1,18960.252999999997,4,2,2,8,New Customers
C114619,41,6,123503.70199999999,4,5,5,14,Champions
C114621,89,7,202584.108,3,5,5,13,Loyal Customers
C114622,136,2,72286.8455,3,3,4,10,Loyal Customers
C114623,428,2,12852.173,1,3,1,5,At Risk
C114625,125,3,115756.33350000001,3,4,5,12,Loyal Customers
C114629,27,1,12643.673499999999,4,2,1,7,New Customers
C114631,20,3,35196.7145,5,4,2,11,Loyal Customers
C114632,182,1,10041.97,2,2,1,5,Lost
C114633,64,4,78602.7075,3,4,4,11,Loyal Customers
C114634,12,1,5768.2080000000005,5,2,1,8,New Customers
C114635,159,4,29028.478499999997,2,4,2,8,At Risk
C114638,135,1,14851.782,3,2,1,6,Hibernating
C114641,124,2,35310.836,3,3,2,8,Loyal Customers
C114642,319,1,2331.936,1,2,1,4,Lost
C114643,15,3,59388.0835,5,4,3,12,Loyal Customers
C114645,139,1,429.09,3,2,1,6,Hibernating
C114647,23,3,111488.79,4,4,5,13,Champions
C114648,135,1,3650.72,3,2,1,6,Hibernating
C114649,377,2,16469.811999999998,1,3,1,5,At Risk
C114650,61,7,186135.081,4,5,5,14,Champions
C114651,93,2,38418.768,3,3,3,9,Loyal Customers
C114652,81,1,30257.65,3,2,2,7,Hibernating
C114653,460,1,21071.27,1,2,2,5,Lost
C114654,123,2,28399.917999999998,3,3,2,8,Loyal Customers
C114655,21,4,75286.072,4,4,4,12,Champions
C114657,93,4,56405.549,3,4,3,10,Loyal Customers
C114658,16,1,3596.8,5,2,1,8,New Customers
C114659,36,5,39550.86,4,5,3,12,Loyal Customers
C114660,15,1,1373.26,5,2,1,8,New Customers
C114662,21,1,9982.281,4,2,1,7,New Customers
C114663,199,3,103952.413,2,4,4,10,Cannot Lose Them
C114664,29,2,39955.29,4,3,3,10,Loyal Customers
C114665,13,2,56674.976,5,3,3,11,Loyal Customers
C114666,295,1,30539.22,1,2,2,5,Lost
C114667,74,5,110986.28600000001,3,5,5,13,Loyal Customers
C114670,140,2,41693.0375,2,3,3,8,At Risk
C114671,19,2,86322.78,5,3,4,12,Loyal Customers
C114672,81,2,23519.2305,3,3,2,8,Loyal Customers
C114673,1,1,20087.34,5,2,2,9,New Customers
C114675,252,1,9979.506000000001,2,2,1,5,Lost
C114677,118,1,21794.004,3,2,2,7,Hibernating
C114680,275,2,38578.875,2,3,3,8,At Risk
C114681,16,9,140324.5915,5,5,5,15,Champions
C114683,0,8,137004.75,5,5,5,15,Champions
C114684,133,6,89745.455,3,5,4,12,Loyal Customers
C114685,28,6,78214.455,4,5,4,13,Champions
C114686,325,4,88036.2345,1,4,4,9,Cannot Lose Them
C114687,694,1,27375.49,1,2,2,5,Lost
C114688,820,1,8034.995499999999,1,2,1,4,Lost
C114689,25,6,82757.305,4,5,4,13,Champions
C114691,74,1,43249.887,3,2,3,8,Potential Loyalists
C114693,93,3,28548.418,3,4,2,9,Loyal Customers
C114694,14,1,16630.48,5,2,1,8,New Customers
C114696,28,3,109210.168,4,4,5,13,Champions
C114697,6,4,141128.894,5,4,5,14,Champions
C114698,392,3,26957.944000000003,1,4,2,7,At Risk
C114699,3,1,34651.1085,5,2,2,9,New Customers
C114700,450,1,1561.2030000000002,1,2,1,4,Lost
C114703,30,3,42560.181,4,4,3,11,Loyal Customers
C114704,304,1,16677.31,1,2,1,4,Lost
C114705,32,2,30528.550000000003,4,3,2,9,Loyal Customers
C114706,110,6,109131.22899999999,3,5,5,13,Loyal Customers
C114709,205,6,82656.0575,2,5,4,11,Cannot Lose Them
C114710,16,3,61111.916999999994,5,4,3,12,Loyal Customers
C114711,12,3,97664.7505,5,4,4,13,Champions
C114717,199,2,44591.697,2,3,3,8,At Risk
C114719,394,2,50829.369,1,3,3,7,At Risk
C114720,463,1,33918.016,1,2,2,5,Lost
C114721,16,1,9217.75,5,2,1,8,New Customers
C114722,235,1,72404.887,2,2,4,8,Hibernating
C114723,491,1,619.6754999999999,1,2,1,4,Lost
C114724,146,3,59636.792,2,4,3,9,At Risk
C114727,128,4,55535.228,3,4,3,10,Loyal Customers
C114728,22,1,42746.04,4,2,3,9,New Customers
C114729,25,1,44569.41,4,2,3,9,New Customers
C114731,83,2,23840.170000000002,3,3,2,8,Loyal Customers
C114732,148,1,19743.622,2,2,2,6,Lost
C114733,5,3,64947.604,5,4,4,13,Champions
C114734,363,1,10357.47,1,2,1,4,Lost
C114735,281,3,46730.751000000004,2,4,3,9,At Risk
C114736,137,1,17527.99,3,2,1,6,Hibernating
C114737,107,1,6525.889999999999,3,2,1,6,Hibernating
C114738,217,5,116896.70449999999,2,5,5,12,Cannot Lose Them
C114740,22,2,34429.57,4,3,2,9,Loyal Customers
C114741,197,2,53589.414000000004,2,3,3,8,At Risk
C114742,146,2,47785.386,2,3,3,8,At Risk
C114743,79,5,94486.916,3,5,4,12,Loyal Customers
C114745,5,2,48060.119999999995,5,3,3,11,Loyal Customers
C114747,47,6,105824.677,4,5,4,13,Champions
C114749,32,3,47152.25,4,4,3,11,Loyal Customers
C114750,227,2,55961.597,2,3,3,8,At Risk
C114751,169,3,100803.261,2,4,4,10,Cannot Lose Them
C114752,68,1,44167.53,3,2,3,8,Potential Loyalists
C114754,603,1,10005.94,1,2,1,4,Lost
C114756,5,4,86718.5915,5,4,4,13,Champions
C114757,3,5,124297.4675,5,5,5,15,Champions
C114758,45,2,71873.56,4,3,4,11,Loyal Customers
C114760,115,3,59430.480500000005,3,4,3,10,Loyal Customers
C114762,179,6,153625.691,2,5,5,12,Cannot Lose Them
C114763,504,1,14471.735999999999,1,2,1,4,Lost
C114765,266,1,1590.927,2,2,1,5,Lost
C114766,146,7,122888.485,2,5,5,12,Cannot Lose Them
C114767,26,6,165741.4375,4,5,5,14,Champions
C114769,46,11,237284.29,4,5,5,14,Champions
C114771,20,4,64165.188,5,4,4,13,Champions
C114772,114,3,41457.351,3,4,3,10,Loyal Customers
C114773,123,3,68868.7855,3,4,4,11,Loyal Customers
C114774,143,1,13134.519499999999,2,2,1,5,Lost
C114775,103,1,45157.2335,3,2,3,8,Potential Loyalists
C114776,47,3,22314.529,4,4,2,10,Loyal Customers
C114777,33,2,30909.089,4,3,2,9,Loyal Customers
C114779,98,3,28660.727000000003,3,4,2,9,Loyal Customers
C114780,791,2,25036.767999999996,1,3,2,6,At Risk
C114781,317,1,10117.49,1,2,1,4,Lost
C114782,553,2,30932.392499999998,1,3,2,6,At Risk
C114784,58,4,62924.818999999996,4,4,3,11,Loyal Customers
C114785,21,4,79777.797,4,4,4,12,Champions
C114786,27,2,117670.4395,4,3,5,12,Loyal Customers
C114787,112,2,45338.425,3,3,3,9,Loyal Customers
C114788,42,2,30233.126,4,3,2,9,Loyal Customers
C114791,393,2,28868.16,1,3,2,6,At Risk
C114793,5,8,157388.354,5,5,5,15,Champions
C114794,106,3,46371.260500000004,3,4,3,10,Loyal Customers
C114795,91,1,5481.909000000001,3,2,1,6,Hibernating
C114796,422,1,41820.405999999995,1,2,3,6,Hibernating
C114797,19,3,49332.761,5,4,3,12,Loyal Customers
C114798,5,3,92937.35,5,4,4,13,Champions
C114799,70,2,52574.326,3,3,3,9,Loyal Customers
C114801,3,1,5943.2880000000005,5,2,1,8,New Customers
C114805,969,1,26283.512000000002,1,2,2,5,Lost
C114809,7,3,76673.662,5,4,4,13,Champions
C114813,128,2,19663.9075,3,3,2,8,Loyal Customers
C114814,0,6,128494.266,5,5,5,15,Champions
C114815,58,4,38462.6795,4,4,3,11,Loyal Customers
C114816,964,2,23056.644500000002,1,3,2,6,At Risk
C114817,245,2,20277.36,2,3,2,7,At Risk
C114818,252,1,6258.0,2,2,1,5,Lost
C114819,0,1,3692.44,5,2,1,8,New Customers
C114820,694,1,32237.61,1,2,2,5,Lost
C114821,94,4,45696.107,3,4,3,10,Loyal Customers
C114823,134,5,167153.264,3,5,5,13,Loyal Customers
C114824,807,1,35736.19,1,2,2,5,Lost
C114825,14,1,720.9454999999999,5,2,1,8,New Customers
C114826,530,2,31578.370000000003,1,3,2,6,At Risk
C114827,76,4,149883.7985,3,4,5,12,Loyal Customers
C114829,226,1,5757.29,2,2,1,5,Lost
C114830,856,1,5412.204000000001,1,2,1,4,Lost
C114831,96,1,1159.1760000000002,3,2,1,6,Hibernating
C114832,37,1,29785.33,4,2,2,8,New Customers
C114834,80,3,52343.4635,3,4,3,10,Loyal Customers
C114835,16,6,98811.38549999999,5,5,4,14,Champions
C114838,513,3,73094.677,1,4,4,9,Cannot Lose Them
C114839,67,4,77078.87950000001,3,4,4,11,Loyal Customers
C114840,0,1,14828.094000000001,5,2,1,8,New Customers
C114841,318,1,7133.760000000001,1,2,1,4,Lost
C114842,415,1,33731.02,1,2,2,5,Lost
C114845,14,4,95178.1305,5,4,4,13,Champions
C114847,404,2,38372.6475,1,3,3,7,At Risk
C114848,307,1,15991.35,1,2,1,4,Lost
C114849,25,4,77070.054,4,4,4,12,Champions
C114851,121,2,83009.22,3,3,4,10,Loyal Customers
C114852,86,5,139090.714,3,5,5,13,Loyal Customers
C114853,24,4,107482.42,4,4,4,12,Champions
C114855,8,11,250303.3295,5,5,5,15,Champions
C114856,255,2,18497.7835,2,3,2,7,At Risk
C114857,15,1,17407.66,5,2,1,8,New Customers
C114859,240,3,34701.992,2,4,2,8,At Risk
C114860,15,3,90731.163,5,4,4,13,Champions
C114862,4,1,53071.979999999996,5,2,3,10,New Customers
C114863,1,14,278704.321,5,5,5,15,Champions
C114864,661,1,14888.52,1,2,1,4,Lost
C114866,1,7,215980.4295,5,5,5,15,Champions
C114867,805,2,19957.594,1,3,2,6,At Risk
C114868,37,5,72585.626,4,5,4,13,Champions
C114869,85,3,44249.7535,3,4,3,10,Loyal Customers
C114870,44,2,15290.594000000001,4,3,1,8,Loyal Customers
C114873,193,3,88486.70999999999,2,4,4,10,Cannot Lose Them
C114874,377,3,100423.798,1,4,4,9,Cannot Lose Them
C114875,223,1,4102.134,2,2,1,5,Lost
C114876,113,6,95169.01199999999,3,5,4,12,Loyal Customers
C114877,4,3,43378.1875,5,4,3,12,Loyal Customers
C114878,153,2,5220.2445,2,3,1,6,At Risk
C114879,325,5,96918.0945,1,5,4,10,Cannot Lose Them
C114880,159,3,38930.3545,2,4,3,9,At Risk
C114881,48,6,86085.4525,4,5,4,13,Champions
C114882,48,2,12766.3795,4,3,1,8,Loyal Customers
C114883,199,1,21500.121,2,2,2,6,Lost
C114884,308,1,13494.914499999999,1,2,1,4,Lost
C114885,338,4,45008.016,1,4,3,8,At Risk
C114886,125,1,34586.87,3,2,2,7,Hibernating
C114888,214,1,46273.664,2,2,3,7,Hibernating
C114889,596,1,770.128,1,2,1,4,Lost
C114890,1,1,31096.28,5,2,2,9,New Customers
C114891,437,1,4795.75,1,2,1,4,Lost
C114892,8,4,121873.541,5,4,5,14,Champions
C114893,300,1,14438.032000000001,1,2,1,4,Lost
C114894,1,3,86122.95,5,4,4,13,Champions
C114895,97,5,106630.34700000001,3,5,4,12,Loyal Customers
C114896,556,1,51986.91,1,2,3,6,Hibernating
C114897,120,5,133495.669,3,5,5,13,Loyal Customers
C114899,619,2,93003.401,1,3,4,8,At Risk
C114901,490,4,42885.28,1,4,3,8,At Risk
C114902,66,5,80914.73,3,5,4,12,Loyal Customers
C114903,13,4,72088.2135,5,4,4,13,Champions
C114905,36,4,60047.258,4,4,3,11,Loyal Customers
C114906,24,7,112160.79550000001,4,5,5,14,Champions
C114907,151,1,16002.34,2,2,1,5,Lost
C114908,145,4,102566.02549999999,2,4,4,10,Cannot Lose Them
C114909,161,7,155062.801,2,5,5,12,Cannot Lose Them
C114912,10,5,78512.68,5,5,4,14,Champions
C114913,358,2,76157.138,1,3,4,8,At Risk
C114914,-1,14,216555.2025,5,5,5,15,Champions
C114915,189,1,68446.16,2,2,4,8,Hibernating
C114918,115,2,18866.0865,3,3,2,8,Loyal Customers
C114920,13,3,72832.303,5,4,4,13,Champions
C114922,13,1,11769.3465,5,2,1,8,New Customers
C114923,49,11,186932.8485,4,5,5,14,Champions
C114925,309,3,28553.7205,1,4,2,7,At Risk
C114926,707,1,6507.89,1,2,1,4,Lost
C114928,36,4,87166.3815,4,4,4,12,Champions
C114929,27,2,38261.79,4,3,3,10,Loyal Customers
C114930,65,7,141062.0115,3,5,5,13,Loyal Customers
C114931,21,3,121704.45,4,4,5,13,Champions
C114932,10,12,155070.7845,5,5,5,15,Champions
C114933,195,4,197827.1205,2,4,5,11,Cannot Lose Them
C114934,104,1,16755.811999999998,3,2,1,6,Hibernating
C114936,146,4,67389.6535,2,4,4,10,Cannot Lose Them
C114937,129,6,86721.395,3,5,4,12,Loyal Customers
C114939,41,3,32152.847999999998,4,4,2,10,Loyal Customers
C114941,8,1,16140.01,5,2,1,8,New Customers
C114942,109,3,84995.361,3,4,4,11,Loyal Customers
C114943,89,7,180798.1045,3,5,5,13,Loyal Customers
C114944,440,1,55630.06,1,2,3,6,Hibernating
C114946,172,2,35821.0,2,3,2,7,At Risk
C114947,4,1,26632.593,5,2,2,9,New Customers
C114949,143,1,12387.87,2,2,1,5,Lost
C114951,79,2,38568.441,3,3,3,9,Loyal Customers
C114952,426,1,10978.623,1,2,1,4,Lost
C114953,608,1,7228.2045,1,2,1,4,Lost
C114954,99,3,42550.854,3,4,3,10,Loyal Customers
C114955,25,9,212631.6495,4,5,5,14,Champions
C114956,1,1,3964.5,5,2,1,8,New Customers
C114958,41,2,56994.04400000001,4,3,3,10,Loyal Customers
C114961,282,2,25187.554500000002,2,3,2,7,At Risk
C114962,55,11,228482.2665,4,5,5,14,Champions
C114963,1,9,195908.03650000002,5,5,5,15,Champions
C114964,76,2,78964.018,3,3,4,10,Loyal Customers
C114965,76,3,80545.949,3,4,4,11,Loyal Customers
C114966,609,3,21763.574,1,4,2,7,At Risk
C114967,98,3,63307.8175,3,4,4,11,Loyal Customers
C114969,-1,5,95569.65,5,5,4,14,Champions
C114970,152,2,89276.01,2,3,4,9,At Risk
C114973,43,6,123532.03,4,5,5,14,Champions
C114976,11,1,21340.08,5,2,2,9,New Customers
C114979,91,2,16534.8,3,3,1,7,Loyal Customers
C114980,241,2,8882.454,2,3,1,6,At Risk
C114982,276,1,3116.45,2,2,1,5,Lost
C114985,206,8,139512.968,2,5,5,12,Cannot Lose Them
C114986,261,4,85515.008,2,4,4,10,Cannot Lose Them
C114987,20,4,64235.556,5,4,4,13,Champions
C114990,30,7,201936.75400000002,4,5,5,14,Champions
C114992,29,3,65014.664000000004,4,4,4,12,Champions
C114993,267,1,37074.496,2,2,2,6,Lost
C114994,17,2,35015.87,5,3,2,10,Loyal Customers
C114995,1,3,44869.492,5,4,3,12,Loyal Customers
C114998,119,3,82082.278,3,4,4,11,Loyal Customers
C114999,99,4,49289.322,3,4,3,10,Loyal Customers
