customer_id,days_since_last_purchase,purchase_frequency,total_spend,avg_order_value,number_of_sessions,cart_abandonment,returns,discount_usage,churned
C109059,13,9,128623.0605,14291.451166666668,8.0,0.0,1.0,0.5555555555555556,0
C108111,4,7,116332.295,16618.899285714284,8.0,4.0,1.0,0.42857142857142855,0
C101633,426,2,33084.416,16542.208,7.0,1.0,0.0,0.5,1
C114613,86,2,117785.69,58892.845,10.0,5.0,1.0,0.0,0
C102656,190,7,82445.96549999999,11777.99507142857,3.0,2.0,0.0,1.0,1
C101253,74,7,178873.367,25553.33814285714,9.0,3.0,1.0,0.42857142857142855,0
C101440,45,3,58534.113,19511.371,8.0,2.0,0.0,0.6666666666666666,0
C109746,180,15,293634.17949999997,19575.611966666664,9.0,4.0,2.0,0.6,1
C104321,74,2,12212.601,6106.3005,9.0,3.0,0.0,1.0,0
C108035,-1,8,231552.74899999998,28944.093625,11.0,4.0,0.0,0.625,0
C101890,93,8,165719.512,20714.939,10.0,4.0,0.0,0.875,1
C103076,46,4,58552.029,14638.00725,8.0,1.0,2.0,0.5,0
C111036,4,4,68164.59150000001,17041.147875000002,14.0,5.0,1.0,0.75,0
C100537,161,2,53894.078,26947.039,14.0,5.0,0.0,0.5,1
C101688,121,1,4128.84,4128.84,9.0,2.0,0.0,0.0,1
C100308,211,4,72802.583,18200.645750000003,7.0,1.0,0.0,0.5,1
C104283,110,6,107863.02,17977.170000000002,15.0,3.0,0.0,0.6666666666666666,1
C100996,16,5,66821.9515,13364.3903,7.0,0.0,0.0,0.8,0
C112937,7,3,22110.917999999998,7370.306,12.0,6.0,0.0,0.3333333333333333,0
C112406,0,11,255041.866,23185.624181818184,6.0,1.0,1.0,0.6363636363636364,0
C101534,10,10,136383.5955,13638.35955,9.0,0.0,0.0,0.7,0
C108154,219,14,268518.491,19179.892214285715,8.0,3.0,3.0,0.42857142857142855,1
C112658,94,1,18671.193,18671.193,8.0,3.0,0.0,1.0,1
C104967,31,3,68608.427,22869.47566666667,10.0,4.0,1.0,0.6666666666666666,0
C105850,208,3,40559.068,13519.689333333334,9.0,2.0,1.0,1.0,1
C108579,359,6,143457.2605,23909.543416666664,8.0,5.0,1.0,0.5,1
C110848,1,11,223745.33550000002,20340.48504545455,9.0,3.0,1.0,0.7272727272727273,0
C106191,12,8,145603.6395,18200.4549375,14.0,3.0,2.0,0.75,0
C113338,5,1,36386.808000000005,36386.808000000005,4.0,0.0,0.0,1.0,0
C113813,16,3,55274.61,18424.87,7.0,2.0,1.0,0.3333333333333333,0
C114376,286,3,40367.9735,13455.991166666667,12.0,2.0,0.0,0.6666666666666666,1
C101699,3,1,2892.46,2892.46,8.0,4.0,0.0,0.0,0
C105429,341,5,111951.04800000001,22390.209600000002,3.0,2.0,0.0,0.4,1
C107506,31,7,150844.8925,21549.27035714286,6.0,2.0,0.0,0.7142857142857143,0
C104493,225,2,26222.887,13111.4435,5.0,1.0,1.0,0.5,1
C113922,5,4,98538.845,24634.71125,5.0,1.0,0.0,1.0,0
C112053,13,5,82506.51400000001,16501.3028,8.0,3.0,1.0,0.8,0
C101178,61,3,47629.4065,15876.468833333332,15.0,4.0,1.0,0.6666666666666666,0
C111505,11,4,90188.2835,22547.070874999998,6.0,3.0,0.0,1.0,0
C109675,99,4,53322.5315,13330.632875,11.0,6.0,0.0,0.5,1
C107965,41,2,40483.5745,20241.787249999998,9.0,3.0,0.0,0.5,0
C110908,30,6,160664.79,26777.465,8.0,5.0,1.0,0.8333333333333334,0
C103279,329,7,139857.5455,19979.64935714286,7.0,2.0,0.0,0.2857142857142857,1
C100709,81,8,186798.3875,23349.7984375,14.0,6.0,0.0,0.5,0
C107530,43,3,47253.75,15751.25,2.0,1.0,0.0,0.0,0
C104933,280,2,58368.0025,29184.00125,10.0,1.0,0.0,1.0,1
C107040,17,5,129683.9625,25936.7925,25.0,9.0,0.0,0.4,0
C114932,10,12,155070.7845,12922.565375,8.0,0.0,4.0,0.6666666666666666,0
C103595,124,1,31534.78,31534.78,9.0,1.0,0.0,0.0,1
C104074,122,3,28705.5905,9568.530166666666,8.0,0.0,0.0,0.3333333333333333,1
C109998,34,6,100292.213,16715.368833333334,9.0,2.0,1.0,0.8333333333333334,0
C112998,12,5,92511.215,18502.243,6.0,1.0,0.0,0.6,0
C100954,494,3,32744.186500000003,10914.728833333334,11.0,2.0,0.0,0.6666666666666666,1
C109658,82,4,50468.179,12617.04475,4.0,2.0,0.0,0.5,0
C102902,346,3,35633.083,11877.694333333333,8.0,0.0,0.0,0.6666666666666666,1
C114227,736,3,107048.552,35682.850666666665,13.0,5.0,1.0,0.6666666666666666,1
C103731,22,8,116033.00200000001,14504.125250000001,7.0,0.0,0.0,0.625,0
C102432,2,11,341001.46749999997,31000.13340909091,3.0,1.0,4.0,0.5454545454545454,0
C102479,100,5,91949.7135,18389.9427,6.0,1.0,0.0,0.8,1
C106726,336,2,51192.202000000005,25596.101000000002,10.0,4.0,1.0,0.5,1
C111705,45,11,188453.801,17132.163727272728,3.0,2.0,1.0,0.9090909090909091,0
C100461,147,8,239386.731,29923.341375,12.0,5.0,2.0,0.375,1
C102345,33,2,32540.867,16270.433500000001,11.0,3.0,0.0,0.5,0
C110972,49,7,94290.642,13470.091714285712,9.0,2.0,1.0,0.8571428571428571,0
C103610,21,6,143205.417,23867.569499999998,9.0,4.0,1.0,0.3333333333333333,0
C103508,25,3,34244.4275,11414.809166666666,5.0,1.0,0.0,1.0,0
C102305,270,7,169641.7355,24234.533642857143,6.0,2.0,0.0,0.5714285714285714,1
C108890,44,9,209185.5925,23242.84361111111,6.0,1.0,1.0,0.5555555555555556,0
C102288,24,1,18560.28,18560.28,10.0,3.0,0.0,0.0,0
C108654,39,13,387154.01649999997,29781.078192307694,7.0,3.0,3.0,0.5384615384615384,0
C114157,11,12,262979.396,21914.949666666667,11.0,3.0,2.0,0.6666666666666666,0
C112828,27,1,29063.322,29063.322,7.0,2.0,1.0,1.0,0
C105303,356,6,181704.6685,30284.111416666667,8.0,2.0,2.0,0.6666666666666666,1
C113751,5,2,31396.225499999997,15698.112749999998,5.0,0.0,0.0,1.0,0
C101362,8,13,231459.2805,17804.56003846154,9.0,2.0,1.0,0.6923076923076923,0
C113030,182,5,194091.919,38818.383799999996,4.0,1.0,1.0,0.2,1
C105282,87,10,152263.9365,15226.393650000002,9.0,3.0,0.0,0.6,0
C109407,150,3,52999.954,17666.65133333333,7.0,1.0,0.0,0.3333333333333333,1
C108104,215,3,60330.239,20110.07966666667,8.0,5.0,1.0,1.0,1
C114468,14,17,298952.216,17585.424470588237,8.0,2.0,2.0,0.29411764705882354,0
C114320,10,8,175358.7635,21919.8454375,7.0,3.0,2.0,0.75,0
C105117,84,5,35847.556,7169.511199999999,6.0,1.0,0.0,0.4,0
C112795,0,5,178816.943,35763.3886,4.0,1.0,1.0,0.4,0
C112645,681,2,56324.270000000004,28162.135000000002,6.0,3.0,0.0,0.0,1
C110567,7,7,144236.148,20605.163999999997,9.0,3.0,0.0,0.42857142857142855,0
C107588,113,4,101561.58,25390.395,3.0,1.0,2.0,0.0,1
C102545,21,3,43206.978,14402.326000000001,6.0,1.0,0.0,0.3333333333333333,0
C114995,1,3,44869.492,14956.497333333333,9.0,1.0,1.0,0.6666666666666666,0
C110615,137,1,14632.7835,14632.7835,4.0,2.0,0.0,1.0,1
C104547,24,9,190557.0815,21173.009055555554,15.0,1.0,1.0,0.6666666666666666,0
C102658,322,4,102544.4255,25636.106375000003,10.0,2.0,0.0,0.25,1
C111474,43,3,60706.58349999999,20235.52783333333,2.0,1.0,0.0,0.3333333333333333,0
C114430,305,5,45768.932,9153.7864,13.0,4.0,1.0,0.4,1
C101602,52,4,90162.2485,22540.562125,10.0,4.0,0.0,0.5,0
C107576,165,4,128661.332,32165.333,9.0,5.0,1.0,0.25,1
C101359,22,16,502444.3085,31402.76928125,4.0,2.0,2.0,0.4375,0
C109559,276,3,70155.19200000001,23385.064000000002,8.0,2.0,0.0,0.3333333333333333,1
C109510,49,2,23346.0405,11673.02025,10.0,4.0,0.0,1.0,0
C102947,8,12,351122.501,29260.208416666665,10.0,5.0,2.0,0.4166666666666667,0
C103781,51,10,140761.868,14076.1868,12.0,1.0,2.0,0.3,0
C111349,12,4,36229.272000000004,9057.318000000001,9.0,2.0,0.0,0.5,0
C111033,37,5,94550.79449999999,18910.1589,5.0,2.0,1.0,0.6,0
C102272,4,4,60631.7445,15157.936125,6.0,2.0,0.0,1.0,0
C105284,320,1,9157.0,9157.0,8.0,1.0,0.0,0.0,1
C103320,279,1,5892.03,5892.03,7.0,2.0,0.0,0.0,1
C111287,146,14,369746.0125,26410.429464285717,7.0,2.0,1.0,0.5714285714285714,1
C111733,100,8,263552.167,32944.020875,6.0,1.0,1.0,0.625,1
C104223,32,3,41247.8065,13749.268833333334,9.0,5.0,1.0,0.6666666666666666,0
C108352,34,13,268573.0255,20659.463499999998,12.0,6.0,3.0,0.6153846153846154,0
C100760,172,6,175716.1975,29286.032916666667,9.0,5.0,1.0,0.6666666666666666,1
C109031,157,3,75006.01599999999,25002.005333333334,7.0,1.0,0.0,0.3333333333333333,1
C101628,258,1,21648.08,21648.08,8.0,3.0,0.0,0.0,1
C111529,91,12,216521.34649999999,18043.445541666664,9.0,2.0,3.0,0.3333333333333333,1
C111362,10,21,503797.799,23990.37138095238,15.0,4.0,4.0,0.47619047619047616,0
C104429,55,3,109473.8565,36491.2855,8.0,3.0,0.0,0.3333333333333333,0
C102873,33,5,136016.763,27203.352600000002,7.0,2.0,1.0,0.2,0
C112270,4,5,106105.107,21221.0214,8.0,2.0,0.0,0.6,0
C112755,14,9,220161.1955,24462.355055555556,10.0,2.0,3.0,0.5555555555555556,0
C100660,21,4,88027.02,22006.754999999997,5.0,1.0,2.0,0.0,0
C110120,79,13,138430.6255,10648.509653846153,13.0,5.0,3.0,0.6923076923076923,0
C108829,20,5,135358.3,27071.659999999996,17.0,5.0,2.0,0.0,0
C101530,3,2,23958.464,11979.232,10.0,2.0,0.0,1.0,0
C113418,16,5,65979.137,13195.8274,7.0,2.0,0.0,0.6,0
C111516,39,4,69647.0275,17411.756875,9.0,1.0,0.0,0.5,0
C109388,307,1,22316.472,22316.472,9.0,3.0,0.0,1.0,1
C108640,52,3,112278.87349999999,37426.29116666666,14.0,6.0,0.0,0.6666666666666666,0
C106849,0,6,94225.29149999999,15704.215250000001,11.0,1.0,0.0,0.8333333333333334,0
C112354,78,2,23429.312,11714.656,6.0,1.0,0.0,0.5,0
C105209,2,18,364495.423,20249.745722222222,5.0,3.0,5.0,0.4444444444444444,0
C112243,49,2,36515.6275,18257.81375,10.0,2.0,0.0,1.0,0
C110149,93,2,39597.26,19798.63,5.0,1.0,1.0,0.0,1
C103928,226,1,84030.29299999999,84030.29299999999,13.0,9.0,1.0,1.0,1
C112299,30,2,12556.269,6278.1345,3.0,0.0,0.0,0.5,0
C104336,22,14,253177.742,18084.124428571427,11.0,7.0,2.0,0.7142857142857143,0
C110051,11,5,121018.835,24203.767,12.0,1.0,2.0,0.6,0
C104782,19,3,38584.485,12861.495,5.0,2.0,1.0,1.0,0
C114384,31,3,39878.9705,13292.990166666668,12.0,1.0,1.0,0.6666666666666666,0
C111119,-1,10,196100.97149999999,19610.097149999998,19.0,1.0,4.0,0.6,0
C113663,172,1,31139.523,31139.523,9.0,3.0,1.0,1.0,1
C111291,35,7,197467.765,28209.680714285718,3.0,2.0,1.0,0.8571428571428571,0
C107826,67,8,160295.8335,20036.9791875,16.0,5.0,3.0,0.75,0
C104935,152,6,137003.464,22833.910666666667,6.0,4.0,6.0,0.3333333333333333,1
C110119,35,3,48678.8215,16226.273833333333,10.0,3.0,0.0,0.6666666666666666,0
C102667,58,2,13826.585,6913.2925,8.0,1.0,0.0,1.0,0
C109174,85,6,117043.57900000001,19507.263166666668,6.0,1.0,1.0,0.6666666666666666,0
C105703,74,8,154103.008,19262.876,5.0,1.0,3.0,0.875,0
C103725,0,10,203721.1195,20372.11195,9.0,3.0,2.0,0.7,0
C100177,12,7,80875.267,11553.609571428573,9.0,2.0,0.0,0.5714285714285714,0
C102097,26,3,96242.122,32080.707333333336,9.0,2.0,0.0,0.3333333333333333,0
C113197,26,6,183046.6425,30507.773749999997,9.0,2.0,3.0,0.5,0
C109371,96,9,203072.38450000001,22563.598277777775,10.0,4.0,1.0,0.3333333333333333,1
C112487,604,1,20777.489999999998,20777.489999999998,8.0,1.0,0.0,0.0,1
C102136,58,4,52147.080500000004,13036.770125000001,7.0,2.0,1.0,0.25,0
C108358,28,3,58537.414000000004,19512.471333333335,9.0,2.0,1.0,0.6666666666666666,0
C112148,24,4,75738.624,18934.656,6.0,1.0,0.0,0.25,0
C108464,209,2,31583.21,15791.605,7.0,3.0,0.0,0.5,1
C107839,9,7,186619.5255,26659.932214285713,8.0,4.0,2.0,0.42857142857142855,0
C113348,42,5,146489.047,29297.809400000006,9.0,3.0,1.0,0.6,0
C108438,44,17,407617.7025,23977.51191176471,14.0,3.0,1.0,0.4117647058823529,0
C105568,-1,8,173796.95249999998,21724.6190625,17.0,4.0,0.0,0.625,0
C114055,39,6,189456.22950000002,31576.03825,14.0,4.0,1.0,0.5,0
C103426,56,1,9939.3655,9939.3655,8.0,4.0,0.0,1.0,0
C112505,7,6,91391.3185,15231.886416666666,9.0,2.0,0.0,0.5,0
C108697,24,3,120279.963,40093.321,3.0,1.0,0.0,0.3333333333333333,0
C104344,36,10,225111.6645,22511.16645,6.0,2.0,2.0,0.6,0
C108923,481,3,64787.537,21595.845666666664,8.0,3.0,0.0,0.6666666666666666,1
C110173,28,6,154403.458,25733.90966666667,12.0,5.0,1.0,0.6666666666666666,0
C112577,184,7,157313.127,22473.30385714286,11.0,3.0,2.0,0.5714285714285714,1
C112705,24,4,96072.269,24018.06725,5.0,2.0,1.0,0.5,0
C103860,163,6,141643.5245,23607.254083333333,9.0,3.0,1.0,0.5,1
C105296,274,8,199636.0615,24954.5076875,12.0,3.0,1.0,0.25,1
C108950,254,2,43557.587999999996,21778.794,10.0,3.0,0.0,0.5,1
C113321,186,7,127205.5805,18172.225785714287,5.0,0.0,2.0,0.42857142857142855,1
C114855,8,11,250303.3295,22754.848136363635,8.0,2.0,1.0,0.7272727272727273,0
C106645,210,3,72951.643,24317.214333333333,9.0,2.0,1.0,0.3333333333333333,1
C112686,38,3,61901.601,20633.867,8.0,3.0,0.0,0.6666666666666666,0
C107526,93,4,51447.8345,12861.958625000001,9.0,3.0,0.0,0.5,1
C102984,66,14,354990.1175,25356.436964285713,3.0,0.0,2.0,0.5,0
C106990,45,3,54132.8415,18044.2805,11.0,1.0,1.0,0.6666666666666666,0
C112845,41,14,281944.229,20138.873499999998,5.0,0.0,5.0,0.42857142857142855,0
C105088,130,1,16248.48,16248.48,10.0,3.0,0.0,0.0,1
C107193,146,2,17088.97,8544.485,7.0,2.0,0.0,0.0,1
C109733,38,5,99126.9405,19825.3881,12.0,3.0,0.0,1.0,0
C112933,40,6,183128.4765,30521.41275,9.0,3.0,2.0,0.8333333333333334,0
C105884,15,7,152987.362,21855.337428571427,11.0,2.0,1.0,0.42857142857142855,0
C102862,27,3,86250.34,28750.11333333333,4.0,0.0,0.0,0.0,0
C111877,46,12,341083.329,28423.610750000003,5.0,1.0,6.0,0.3333333333333333,0
C102359,248,1,9735.544000000002,9735.544000000002,4.0,3.0,0.0,1.0,1
C108831,55,9,226944.3795,25216.042166666666,8.0,2.0,3.0,0.5555555555555556,0
C101102,61,7,147436.753,21062.393285714286,11.0,3.0,0.0,0.2857142857142857,0
C102026,139,1,21376.767,21376.767,8.0,5.0,0.0,1.0,1
C105051,563,2,35509.916,17754.958,14.0,2.0,0.0,0.5,1
C105923,55,2,26616.575999999997,13308.287999999999,7.0,1.0,0.0,0.5,0
C114077,39,3,51802.421500000004,17267.473833333333,10.0,2.0,0.0,0.6666666666666666,0
C110842,28,9,89781.3305,9975.70338888889,9.0,4.0,1.0,0.4444444444444444,0
C111350,50,9,215401.486,23933.498444444445,7.0,3.0,1.0,0.3333333333333333,0
C110469,163,8,175049.9885,21881.2485625,12.0,3.0,0.0,0.625,1
C113018,101,6,85474.6055,14245.767583333334,3.0,0.0,1.0,0.6666666666666666,1
C110262,32,4,118114.89,29528.7225,7.0,1.0,0.0,0.0,0
C109763,184,1,29199.584000000003,29199.584000000003,13.0,5.0,0.0,1.0,1
C107795,72,4,148756.68,37189.17,18.0,3.0,2.0,0.0,0
C114827,76,4,149883.7985,37470.949625,15.0,3.0,0.0,0.5,0
C100574,6,7,115174.1415,16453.448785714285,9.0,3.0,1.0,0.2857142857142857,0
C113809,35,5,47235.466,9447.0932,5.0,1.0,0.0,0.6,0
C114501,203,5,143656.022,28731.2044,8.0,2.0,1.0,0.8,1
C100869,24,4,75991.7065,18997.926625,7.0,5.0,1.0,0.75,0
C100362,16,3,50622.659,16874.219666666668,11.0,3.0,1.0,0.6666666666666666,0
C107271,162,6,115095.859,19182.643166666665,8.0,3.0,0.0,0.6666666666666666,1
C109411,6,5,136775.6845,27355.1369,9.0,1.0,0.0,0.6,0
C112911,48,2,31972.682500000003,15986.341250000001,11.0,4.0,0.0,0.5,0
C100413,29,2,60044.424999999996,30022.2125,10.0,1.0,0.0,0.5,0
C113824,50,4,122109.6175,30527.404375,5.0,3.0,4.0,0.5,0
C103348,61,2,14068.724000000002,7034.362000000001,11.0,3.0,0.0,0.5,0
C110951,504,2,70618.26,35309.130000000005,12.0,1.0,1.0,0.0,1
C102431,37,13,333734.665,25671.897307692307,8.0,3.0,4.0,0.7692307692307693,0
C104989,10,4,73693.36,18423.34,3.0,1.0,1.0,0.75,0
C111375,147,4,65773.832,16443.458000000002,8.0,2.0,0.0,0.5,1
C106167,4,2,40169.838,20084.919,13.0,3.0,2.0,0.5,0
C102606,46,2,48368.62,24184.309999999998,9.0,3.0,1.0,0.0,0
C114619,41,6,123503.70199999999,20583.950333333334,1.0,1.0,1.0,0.5,0
C113594,0,4,87420.669,21855.16725,11.0,3.0,0.0,0.5,0
C106571,31,9,105149.048,11683.227555555557,13.0,2.0,2.0,0.7777777777777778,0
C110001,57,4,56344.716,14086.179,4.0,0.0,1.0,0.5,0
C101484,50,2,19598.2175,9799.10875,11.0,1.0,0.0,0.5,0
C102157,66,18,395804.283,21989.126833333332,11.0,5.0,4.0,0.6111111111111112,0
C111878,209,5,88709.494,17741.898800000003,10.0,1.0,1.0,0.6,1
C103498,53,5,59140.3605,11828.072100000001,9.0,2.0,0.0,0.8,0
C111000,8,6,79508.1055,13251.350916666668,6.0,3.0,0.0,1.0,0
C105664,13,12,248807.579,20733.964916666668,4.0,1.0,0.0,0.8333333333333334,0
C107806,60,3,74465.56300000001,24821.854333333336,12.0,3.0,1.0,0.6666666666666666,0
C112307,11,7,151558.4,21651.2,13.0,5.0,0.0,0.42857142857142855,0
C114629,27,1,12643.673499999999,12643.673499999999,11.0,0.0,0.0,1.0,0
C100229,32,7,219004.3355,31286.333642857142,11.0,2.0,1.0,0.7142857142857143,0
C110384,46,6,130477.111,21746.185166666666,7.0,3.0,0.0,0.5,0
C112542,156,2,26260.53,13130.265,7.0,2.0,2.0,0.0,1
C105077,44,8,127278.7545,15909.8443125,8.0,2.0,2.0,0.625,0
C105065,13,3,89785.781,29928.593666666664,6.0,1.0,0.0,0.3333333333333333,0
C104927,16,4,180742.008,45185.502,13.0,2.0,2.0,0.5,0
C109982,139,11,253396.6595,23036.059954545457,5.0,2.0,2.0,0.36363636363636365,1
C106641,589,1,41591.087999999996,41591.087999999996,6.0,1.0,0.0,1.0,1
C110246,222,2,24036.47,12018.235,7.0,3.0,0.0,0.0,1
C105883,3,5,89895.16500000001,17979.033000000003,9.0,3.0,0.0,0.4,0
C100879,31,6,118318.2475,19719.707916666666,9.0,5.0,1.0,0.5,0
C101051,185,5,183554.652,36710.9304,11.0,3.0,0.0,0.4,1
C109223,66,8,157554.1315,19694.2664375,4.0,1.0,4.0,0.5,0
C104902,61,3,55678.5325,18559.510833333334,8.0,2.0,1.0,0.6666666666666666,0
C107268,19,4,84939.686,21234.921499999997,6.0,1.0,0.0,0.25,0
C110789,118,5,56404.952000000005,11280.9904,5.0,1.0,1.0,0.6,1
C101220,32,6,121359.607,20226.601166666667,10.0,2.0,0.0,0.5,0
C106427,56,4,110294.01000000001,27573.502500000002,7.0,1.0,0.0,0.75,0
C114464,383,1,12809.304,12809.304,5.0,1.0,0.0,1.0,1
C102768,59,6,183357.2465,30559.541083333334,3.0,1.0,0.0,0.6666666666666666,0
C103564,11,15,379665.4575,25311.0305,4.0,1.0,1.0,0.5333333333333333,0
C103399,130,5,93310.5425,18662.1085,10.0,1.0,1.0,0.4,1
C109273,3,6,148405.9375,24734.322916666668,16.0,4.0,1.0,0.6666666666666666,0
C100931,14,17,257879.342,15169.37305882353,7.0,2.0,4.0,0.7647058823529411,0
C112117,1,6,98728.5095,16454.751583333335,5.0,1.0,1.0,0.5,0
C104938,14,5,97798.421,19559.6842,2.0,0.0,1.0,0.6,0
C112916,10,3,49826.212999999996,16608.737666666668,8.0,4.0,0.0,0.6666666666666666,0
C105506,262,7,121427.96500000001,17346.852142857144,13.0,6.0,1.0,0.8571428571428571,1
C103351,58,3,66654.098,22218.032666666666,3.0,0.0,1.0,0.3333333333333333,0
C107392,71,3,53127.736,17709.245333333332,13.0,0.0,1.0,0.3333333333333333,0
C103783,0,6,55743.5365,9290.589416666668,7.0,5.0,0.0,1.0,0
C109002,298,5,92186.333,18437.2666,7.0,2.0,0.0,0.2,1
C109257,13,6,78832.7425,13138.790416666665,8.0,5.0,0.0,0.8333333333333334,0
C112204,20,4,70382.8545,17595.713625,8.0,4.0,0.0,0.5,0
C103514,138,8,173476.8895,21684.6111875,10.0,2.0,0.0,0.375,1
C107043,274,2,50993.4065,25496.70325,11.0,4.0,0.0,1.0,1
C114492,15,2,47397.261,23698.6305,3.0,0.0,1.0,0.5,0
C110926,54,3,77031.25,25677.083333333332,9.0,3.0,0.0,0.0,0
C114719,394,2,50829.369,25414.684500000003,8.0,0.0,1.0,0.5,1
C113969,45,8,185830.26,23228.7825,6.0,1.0,2.0,0.375,0
C109203,32,9,205801.316,22866.81288888889,10.0,1.0,2.0,0.4444444444444444,0
C104019,73,1,23906.8535,23906.8535,8.0,2.0,0.0,1.0,0
C110477,137,5,79872.264,15974.4528,9.0,4.0,1.0,0.8,1
C106306,340,3,37018.9205,12339.640166666666,5.0,2.0,0.0,0.6666666666666666,1
C100682,344,1,28853.760000000002,28853.760000000002,11.0,2.0,1.0,0.0,1
C113011,43,7,141396.556,20199.507999999998,15.0,7.0,0.0,0.2857142857142857,0
C113005,1,5,107552.5135,21510.5027,6.0,3.0,0.0,0.4,0
C108940,10,6,102890.79,17148.465,6.0,3.0,1.0,0.5,0
C104084,-1,11,294472.26800000004,26770.20618181818,8.0,5.0,1.0,0.45454545454545453,0
C100425,19,4,111733.01,27933.2525,11.0,3.0,0.0,0.0,0
C100019,393,3,55448.167,18482.722333333335,13.0,6.0,2.0,0.6666666666666666,1
C101087,258,1,7370.043999999999,7370.043999999999,10.0,2.0,0.0,1.0,1
C105447,1,11,258861.343,23532.849363636367,9.0,4.0,1.0,0.2727272727272727,0
C114461,0,1,36660.032999999996,36660.032999999996,12.0,1.0,0.0,1.0,0
C103150,681,1,15376.36,15376.36,15.0,3.0,0.0,1.0,1
C114032,0,4,132561.58500000002,33140.396250000005,11.0,1.0,0.0,0.75,0
C104855,6,9,156458.5235,17384.28038888889,4.0,1.0,2.0,0.4444444444444444,0
C103695,19,9,282620.38649999996,31402.265166666664,7.0,3.0,2.0,0.5555555555555556,0
C102397,78,2,19249.888,9624.944,8.0,4.0,0.0,0.5,0
C105172,84,10,212708.668,21270.8668,10.0,2.0,2.0,0.5,0
C111203,64,4,80239.02,20059.754999999997,6.0,1.0,1.0,0.5,0
C111065,37,2,29624.042,14812.021,7.0,4.0,0.0,0.5,0
C108928,22,23,546494.911,23760.648304347826,13.0,4.0,7.0,0.4782608695652174,0
C109631,148,2,94693.0895,47346.54475,13.0,4.0,1.0,0.5,1
C102669,173,1,38935.185,38935.185,8.0,2.0,0.0,1.0,1
C104316,41,4,62316.991,15579.247749999999,10.0,2.0,1.0,0.25,0
C103748,13,6,84481.8815,14080.313583333334,5.0,0.0,1.0,0.6666666666666666,0
C101136,168,13,192448.5275,14803.732884615385,6.0,2.0,3.0,0.5384615384615384,1
C107840,3,16,309320.089,19332.5055625,6.0,1.0,0.0,0.625,0
C105099,5,6,99696.14050000001,16616.023416666667,4.0,1.0,1.0,0.3333333333333333,0
C110312,16,7,119321.65000000001,17045.95,7.0,2.0,2.0,0.7142857142857143,0
C106259,34,5,114113.935,22822.787000000004,9.0,2.0,1.0,0.6,0
C104267,137,4,46284.832,11571.208,11.0,3.0,0.0,0.25,1
C104571,41,5,138770.095,27754.019,6.0,0.0,1.0,0.6,0
C109655,1,11,216560.8485,19687.349863636362,13.0,3.0,5.0,0.45454545454545453,0
C103266,92,7,140299.589,20042.79842857143,5.0,1.0,2.0,0.42857142857142855,1
C109849,37,6,108767.052,18127.842,10.0,4.0,0.0,0.3333333333333333,0
C107007,98,4,75288.6795,18822.169875,13.0,2.0,2.0,0.5,1
C104819,106,5,147444.555,29488.911,8.0,3.0,1.0,0.6,1
C110049,0,6,142846.321,23807.72016666667,8.0,0.0,2.0,0.5,0
C100475,4,7,110345.859,15763.694142857143,6.0,2.0,1.0,0.5714285714285714,0
C105452,176,1,7761.924000000001,7761.924000000001,5.0,1.0,0.0,1.0,1
C103919,41,7,141055.0305,20150.71864285714,9.0,1.0,0.0,0.7142857142857143,0
C103452,15,6,110824.76449999999,18470.79408333333,11.0,4.0,0.0,0.5,0
C102741,35,4,52742.236000000004,13185.559000000001,6.0,1.0,0.0,0.75,0
C114392,68,6,165339.155,27556.525833333333,6.0,2.0,2.0,0.6666666666666666,0
C105846,175,2,76718.312,38359.156,8.0,2.0,0.0,0.5,1
C100748,58,3,72397.8725,24132.624166666665,12.0,3.0,0.0,0.3333333333333333,0
C110868,-1,14,273426.74199999997,19530.48157142857,10.0,4.0,2.0,0.5714285714285714,0
C113644,36,2,30876.852000000003,15438.426000000001,8.0,3.0,0.0,0.5,0
C102573,64,7,89177.4085,12739.629785714284,11.0,4.0,0.0,0.5714285714285714,0
C105177,67,3,78728.1585,26242.719499999996,10.0,2.0,0.0,0.6666666666666666,0
C103416,139,1,19370.472,19370.472,7.0,1.0,0.0,1.0,1
C103278,288,2,22695.214,11347.607,9.0,2.0,0.0,0.5,1
C112685,457,3,17787.986,5929.328666666667,8.0,2.0,0.0,0.6666666666666666,1
C110780,145,7,122974.797,17567.828142857143,11.0,3.0,4.0,0.14285714285714285,1
C112387,105,2,42493.435,21246.7175,5.0,1.0,0.0,0.5,1
C110183,20,8,227103.80849999998,28387.976062499998,12.0,2.0,1.0,0.75,0
C109813,373,3,93091.7645,31030.58816666667,10.0,4.0,2.0,0.6666666666666666,1
C108789,2,3,147837.071,49279.02366666667,3.0,0.0,0.0,0.3333333333333333,0
C106301,174,5,78097.249,15619.449800000002,9.0,3.0,2.0,0.4,1
C102045,211,5,91164.541,18232.908199999998,3.0,0.0,0.0,0.6,1
C108117,125,1,2079.288,2079.288,9.0,1.0,0.0,1.0,1
C102363,19,6,68527.32949999999,11421.221583333332,10.0,3.0,0.0,0.5,0
C106493,201,6,130578.739,21763.123166666668,7.0,1.0,1.0,0.6666666666666666,1
C107217,11,7,98822.035,14117.433571428572,16.0,5.0,1.0,0.8571428571428571,0
C105412,49,4,77658.56,19414.64,10.0,1.0,1.0,0.5,0
C107642,298,4,82458.916,20614.729,8.0,3.0,1.0,0.5,1
C103428,1004,1,3949.3,3949.3,9.0,4.0,1.0,0.0,1
C110474,76,11,171568.567,15597.142454545456,4.0,0.0,3.0,0.36363636363636365,0
C102530,355,1,46821.54,46821.54,9.0,3.0,1.0,0.0,1
C108085,385,5,140454.719,28090.9438,7.0,3.0,0.0,0.4,1
C101268,17,8,186330.3125,23291.2890625,6.0,2.0,2.0,0.625,0
C107378,86,1,2961.7315,2961.7315,14.0,3.0,0.0,1.0,0
C102433,23,4,106465.147,26616.28675,14.0,7.0,0.0,0.5,0
C110806,22,6,78595.0475,13099.174583333333,9.0,2.0,1.0,0.6666666666666666,0
C105019,32,7,106056.539,15150.934142857144,3.0,1.0,1.0,0.7142857142857143,0
C101722,8,8,97631.996,12203.9995,10.0,6.0,1.0,0.5,0
C106992,193,1,10440.198,10440.198,6.0,2.0,0.0,1.0,1
C103596,28,6,81458.0495,13576.341583333335,7.0,2.0,1.0,0.6666666666666666,0
C114133,448,4,81174.219,20293.55475,6.0,1.0,1.0,0.75,1
C103388,0,10,260900.051,26090.0051,7.0,2.0,0.0,0.7,0
C113781,0,6,158043.02300000002,26340.503833333336,10.0,2.0,1.0,0.3333333333333333,0
C108091,36,2,45244.209,22622.1045,8.0,2.0,0.0,0.5,0
C111461,214,7,153226.489,21889.498428571427,9.0,1.0,1.0,0.7142857142857143,1
C114150,184,5,115309.9825,23061.9965,4.0,1.0,1.0,0.4,1
C112094,23,11,107712.1075,9792.009772727273,11.0,4.0,0.0,0.45454545454545453,0
C114079,132,10,187110.2005,18711.02005,4.0,1.0,2.0,0.3,1
C100710,254,4,126141.17599999999,31535.293999999998,8.0,4.0,0.0,0.5,1
C101774,170,3,57717.9945,19239.3315,7.0,0.0,0.0,0.6666666666666666,1
C106298,79,2,7799.764499999999,3899.8822499999997,7.0,1.0,0.0,1.0,0
C102967,0,12,255148.436,21262.369666666666,8.0,5.0,2.0,0.5,0
C100745,11,5,88606.65400000001,17721.330800000003,6.0,2.0,1.0,0.6,0
C111211,-1,7,210394.915,30056.41642857143,7.0,2.0,1.0,0.42857142857142855,0
C101106,22,5,124479.1645,24895.8329,11.0,5.0,0.0,0.4,0
C114230,80,6,176742.594,29457.099000000002,8.0,2.0,2.0,0.5,0
C111965,10,17,369549.889,21738.22876470588,10.0,7.0,7.0,0.6470588235294118,0
C100904,9,8,178563.3655,22320.4206875,7.0,1.0,0.0,0.625,0
C108082,37,9,98091.428,10899.047555555555,6.0,1.0,1.0,0.6666666666666666,0
C109870,436,4,173995.7345,43498.933625000005,7.0,5.0,0.0,0.75,1
C104120,4,14,257196.6725,18371.190892857143,9.0,2.0,2.0,0.7142857142857143,0
C102909,168,7,148006.875,21143.839285714286,7.0,0.0,1.0,0.8571428571428571,1
C101054,44,7,128226.957,18318.136714285713,11.0,2.0,0.0,0.7142857142857143,0
C105440,4,3,42060.3685,14020.122833333333,5.0,1.0,1.0,0.6666666666666666,0
C107274,114,6,88708.81,14784.801666666666,4.0,1.0,0.0,0.0,1
C111353,41,4,93151.6025,23287.900625,14.0,4.0,0.0,1.0,0
C109724,3,11,213562.7065,19414.7915,8.0,1.0,3.0,0.5454545454545454,0
C100670,173,6,147052.1745,24508.69575,6.0,0.0,2.0,0.16666666666666666,1
C101186,74,3,112361.856,37453.952,9.0,4.0,0.0,0.3333333333333333,0
C106521,70,5,147670.3125,29534.0625,8.0,3.0,1.0,1.0,0
C100011,23,13,272310.2745,20946.944192307692,5.0,3.0,3.0,0.5384615384615384,0
C114459,21,2,39582.85,19791.425,9.0,3.0,0.0,0.0,0
C103784,15,4,144885.964,36221.491,11.0,5.0,1.0,0.25,0
C113650,9,7,186068.35749999998,26581.193928571425,8.0,3.0,0.0,0.42857142857142855,0
C100080,329,4,68199.84550000001,17049.961375,10.0,4.0,0.0,0.5,1
C100546,162,1,11195.77,11195.77,7.0,1.0,0.0,0.0,1
C103658,147,4,42612.494,10653.1235,4.0,2.0,0.0,0.5,1
C106640,140,1,12886.91,12886.91,6.0,0.0,0.0,0.0,1
C101103,404,1,32940.54,32940.54,7.0,4.0,0.0,0.0,1
C105904,17,3,52196.25,17398.75,12.0,3.0,0.0,0.6666666666666666,0
C111492,38,4,114628.82400000001,28657.206000000002,8.0,2.0,0.0,0.5,0
C102901,26,2,25660.424000000003,12830.212000000001,13.0,3.0,1.0,0.5,0
C100976,154,3,59579.984000000004,19859.99466666667,10.0,2.0,0.0,0.6666666666666666,1
C108368,34,14,166384.08,11884.577142857142,20.0,5.0,0.0,0.2857142857142857,0
C113534,20,3,83712.868,27904.28933333333,11.0,5.0,0.0,0.3333333333333333,0
C104491,28,5,98510.558,19702.1116,15.0,2.0,0.0,0.2,0
C101659,60,17,449408.87,26435.81588235294,10.0,1.0,1.0,0.5294117647058824,0
C110062,82,7,169449.4915,24207.070214285715,7.0,3.0,2.0,0.5714285714285714,0
C104268,2,2,34765.219000000005,17382.609500000002,9.0,3.0,0.0,1.0,0
C112707,7,16,329139.6705,20571.22940625,7.0,1.0,1.0,0.5625,0
C109109,86,4,48872.619999999995,12218.154999999999,11.0,4.0,1.0,0.0,0
C112905,28,4,101687.66249999999,25421.915624999998,11.0,5.0,0.0,0.25,0
C108565,343,1,30391.772999999997,30391.772999999997,13.0,4.0,0.0,1.0,1
C111611,1,3,44086.01000000001,14695.33666666667,13.0,2.0,0.0,0.6666666666666666,0
C108048,63,7,143152.0025,20450.28607142857,6.0,1.0,1.0,0.5714285714285714,0
C111356,34,9,186084.4545,20676.0505,10.0,1.0,2.0,0.5555555555555556,0
C109459,102,3,86822.154,28940.718000000004,10.0,3.0,0.0,0.6666666666666666,1
C100867,11,6,56448.0205,9408.003416666666,9.0,3.0,2.0,0.6666666666666666,0
C112109,151,6,119403.743,19900.623833333335,6.0,1.0,1.0,0.5,1
C107071,9,13,319503.585,24577.19884615385,5.0,2.0,1.0,0.6153846153846154,0
C111180,87,4,130237.754,32559.4385,7.0,2.0,1.0,0.5,0
C103859,32,7,141323.881,20189.125857142855,11.0,6.0,0.0,0.8571428571428571,0
C110814,272,3,118072.49,39357.496666666666,8.0,0.0,0.0,0.3333333333333333,1
C102951,1,10,268228.763,26822.876300000004,10.0,1.0,1.0,0.6,0
C104488,65,2,27735.566,13867.783,6.0,0.0,1.0,0.5,0
C104242,220,4,125388.905,31347.22625,11.0,3.0,1.0,0.5,1
C112267,414,3,132355.1595,44118.3865,4.0,1.0,2.0,0.3333333333333333,1
C102410,-1,17,249166.1855,14656.83444117647,8.0,2.0,2.0,0.5882352941176471,0
C104105,115,9,137191.4905,15243.498944444445,6.0,1.0,2.0,0.7777777777777778,1
C104646,3,4,70382.0485,17595.512125,11.0,3.0,0.0,1.0,0
C104972,177,7,139696.038,19956.576857142856,13.0,3.0,3.0,0.7142857142857143,1
C110470,60,5,145564.4735,29112.894699999997,8.0,3.0,1.0,0.4,0
C104123,7,2,30017.120000000003,15008.560000000001,9.0,4.0,1.0,0.0,0
C100884,22,11,248096.8745,22554.26131818182,8.0,2.0,3.0,0.45454545454545453,0
C104829,19,5,103679.9945,20735.9989,10.0,4.0,2.0,0.8,0
C108000,32,4,165968.6905,41492.172625,5.0,2.0,3.0,1.0,0
C103485,99,3,27766.226000000002,9255.408666666668,9.0,4.0,0.0,0.6666666666666666,1
C110436,45,3,16139.518,5379.839333333333,8.0,1.0,0.0,0.6666666666666666,0
C101736,261,3,91685.3235,30561.7745,5.0,1.0,0.0,0.6666666666666666,1
C105868,102,11,187531.427,17048.311545454544,8.0,3.0,3.0,0.45454545454545453,1
C105955,328,2,38469.274000000005,19234.637,8.0,0.0,0.0,0.5,1
C112159,28,3,90445.669,30148.55633333333,12.0,5.0,1.0,1.0,0
C100938,139,2,68990.16,34495.08,6.0,0.0,0.0,0.5,1
C113865,66,4,109131.5255,27282.881374999997,12.0,3.0,1.0,0.5,0
C105674,665,2,41664.0155,20832.007749999997,11.0,3.0,0.0,1.0,1
C110057,95,10,149164.3175,14916.43175,14.0,1.0,4.0,0.6,1
C102033,168,4,71872.7355,17968.183875000002,10.0,2.0,2.0,0.5,1
C110716,31,15,217944.66400000002,14529.644266666666,11.0,3.0,2.0,0.6,0
C102848,57,6,153515.272,25585.878666666667,16.0,4.0,2.0,0.16666666666666666,0
C112806,388,1,35607.186,35607.186,4.0,1.0,1.0,1.0,1
C109945,195,2,36598.206,18299.103,7.0,2.0,0.0,0.5,1
C100298,72,15,235427.8285,15695.188566666668,12.0,4.0,2.0,0.3333333333333333,0
C105063,4,3,67452.792,22484.264,9.0,3.0,0.0,0.3333333333333333,0
C111850,7,16,226697.99349999998,14168.624593749999,8.0,1.0,4.0,0.625,0
C104280,104,4,48871.889,12217.97225,15.0,7.0,0.0,0.5,1
C105388,178,2,82747.384,41373.692,7.0,3.0,0.0,0.5,1
C104457,47,18,374556.5045,20808.694694444446,7.0,2.0,2.0,0.6111111111111112,0
C114963,1,9,195908.03650000002,21767.55961111111,9.0,0.0,1.0,0.6666666666666666,0
C109656,5,10,236540.3605,23654.036050000002,9.0,5.0,1.0,0.5,0
C106595,83,2,18815.947,9407.9735,16.0,5.0,0.0,0.5,0
C100708,17,1,7226.55,7226.55,8.0,1.0,0.0,0.0,0
C114863,1,14,278704.321,19907.4515,6.0,0.0,3.0,0.42857142857142855,0
C103380,21,5,82173.76299999999,16434.7526,12.0,3.0,0.0,0.4,0
C104456,55,7,175294.268,25042.038285714287,9.0,3.0,1.0,0.2857142857142857,0
C103565,82,6,99864.114,16644.019,9.0,2.0,1.0,0.5,0
C109292,90,6,116855.6,19475.933333333334,11.0,0.0,1.0,0.0,0
C105873,44,3,78878.975,26292.99166666667,10.0,2.0,0.0,0.3333333333333333,0
C106633,29,1,16345.85,16345.85,13.0,4.0,0.0,0.0,0
C106035,410,1,71437.7295,71437.7295,11.0,4.0,1.0,1.0,1
C109516,19,5,204688.9375,40937.7875,7.0,2.0,1.0,0.8,0
C109479,5,4,102410.5695,25602.642374999996,3.0,3.0,0.0,0.5,0
C108781,38,14,277855.1845,19846.79889285714,8.0,2.0,1.0,0.6428571428571429,0
C114567,68,7,147453.2175,21064.745357142856,8.0,1.0,1.0,0.5714285714285714,0
C102828,35,6,81980.3045,13663.384083333332,12.0,4.0,2.0,0.6666666666666666,0
C104028,327,2,57305.263000000006,28652.6315,9.0,3.0,0.0,0.5,1
C106261,16,4,115112.051,28778.01275,13.0,2.0,1.0,0.75,0
C104659,35,2,23128.767,11564.3835,6.0,1.0,0.0,1.0,0
C107483,134,5,150939.943,30187.9886,8.0,3.0,0.0,0.6,1
C114321,64,1,36471.712,36471.712,11.0,2.0,1.0,1.0,0
C101901,7,7,146065.703,20866.529,6.0,1.0,3.0,0.7142857142857143,0
C101857,42,5,108079.5555,21615.9111,9.0,1.0,3.0,0.6,0
C103736,22,7,95110.7945,13587.256357142858,7.0,3.0,3.0,0.5714285714285714,0
C101157,766,1,31946.281,31946.281,12.0,3.0,0.0,1.0,1
C111304,19,9,185998.057,20666.450777777776,15.0,3.0,2.0,0.4444444444444444,0
C104754,61,8,127386.1525,15923.2690625,8.0,2.0,0.0,0.375,0
C111469,37,6,153685.45,25614.241666666665,10.0,4.0,0.0,0.5,0
C103622,23,13,215183.4655,16552.57426923077,6.0,0.0,4.0,0.5384615384615384,0
C107854,129,2,47817.07,23908.535,10.0,3.0,0.0,0.0,1
C100385,9,6,117243.8895,19540.648250000002,7.0,2.0,1.0,0.6666666666666666,0
C108677,57,2,28678.982,14339.490999999998,8.0,3.0,0.0,1.0,0
C104654,119,2,51060.456000000006,25530.228000000003,5.0,0.0,1.0,1.0,1
C112361,243,2,21349.32,10674.66,6.0,3.0,1.0,0.0,1
C104235,115,6,90683.026,15113.837666666666,8.0,1.0,1.0,0.6666666666666666,1
C111948,56,4,64009.863,16002.46575,5.0,2.0,0.0,0.75,0
C111121,3,4,49619.495,12404.87375,12.0,6.0,1.0,0.75,0
C111869,0,3,72042.907,24014.30233333333,5.0,1.0,2.0,0.6666666666666666,0
C106106,14,4,91762.06049999999,22940.515124999998,8.0,1.0,1.0,0.75,0
C105171,394,5,89286.57500000001,17857.315000000002,3.0,1.0,0.0,0.6,1
C106955,19,4,103849.12700000001,25962.281750000002,10.0,3.0,2.0,1.0,0
C102707,290,1,15877.4645,15877.4645,5.0,2.0,0.0,1.0,1
C100649,14,6,182475.74,30412.623333333337,4.0,0.0,1.0,0.3333333333333333,0
C100210,84,4,59259.6605,14814.915125,7.0,3.0,1.0,0.75,0
C107408,20,8,151782.8875,18972.8609375,6.0,2.0,1.0,0.875,0
C106204,60,15,335371.3785,22358.0919,4.0,1.0,1.0,0.6,0
C106032,351,6,200604.551,33434.09183333333,12.0,2.0,1.0,0.6666666666666666,1
C100266,11,3,77640.7945,25880.264833333335,5.0,0.0,1.0,0.6666666666666666,0
C107964,29,11,210081.196,19098.290545454543,8.0,2.0,5.0,0.5454545454545454,0
C103641,141,3,45681.145000000004,15227.048333333334,5.0,1.0,1.0,0.6666666666666666,1
C110188,26,11,198358.969,18032.633545454544,7.0,5.0,0.0,0.36363636363636365,0
C103558,18,12,274425.988,22868.832333333336,6.0,2.0,1.0,0.4166666666666667,0
C104200,11,10,251114.234,25111.4234,10.0,1.0,4.0,0.3,0
C107332,52,8,91982.4675,11497.8084375,6.0,1.0,3.0,0.625,0
C103534,144,3,83556.78199999999,27852.26066666667,8.0,4.0,0.0,0.3333333333333333,1
C114967,98,3,63307.8175,21102.60583333333,5.0,3.0,0.0,0.3333333333333333,1
C106853,142,3,56930.926999999996,18976.975666666665,8.0,3.0,2.0,1.0,1
C108284,504,2,21624.275999999998,10812.137999999999,11.0,2.0,0.0,0.5,1
C107096,5,4,117330.79000000001,29332.697500000002,7.0,1.0,0.0,0.0,0
C113184,92,5,97152.9905,19430.5981,11.0,1.0,3.0,0.8,1
C106209,18,9,204230.1125,22692.23472222222,9.0,2.0,0.0,0.6666666666666666,0
C102508,364,2,27961.690000000002,13980.845000000001,7.0,1.0,0.0,1.0,1
C104761,81,2,75762.579,37881.2895,8.0,4.0,0.0,0.5,0
C113952,61,2,31672.71,15836.355,6.0,0.0,0.0,0.0,0
C106748,331,1,13389.34,13389.34,6.0,1.0,0.0,0.0,1
C112643,161,3,49839.833999999995,16613.278,7.0,2.0,0.0,1.0,1
C114756,5,4,86718.5915,21679.647875,7.0,1.0,1.0,0.75,0
C104032,68,3,52193.557,17397.852333333332,6.0,1.0,0.0,0.6666666666666666,0
C107671,3,4,104376.573,26094.14325,4.0,1.0,0.0,0.5,0
C104440,26,7,148258.4935,21179.784785714288,5.0,0.0,0.0,0.5714285714285714,0
C110700,31,5,166769.089,33353.817800000004,9.0,2.0,0.0,0.2,0
C101013,4,11,284131.0505,25830.0955,9.0,3.0,5.0,0.5454545454545454,0
C101238,184,3,69818.262,23272.754,15.0,2.0,0.0,0.6666666666666666,1
C114159,152,1,8165.915,8165.915,7.0,1.0,1.0,1.0,1
C104639,211,5,123109.0555,24621.8111,7.0,1.0,0.0,0.8,1
C103949,37,1,24503.730000000003,24503.730000000003,10.0,4.0,0.0,0.0,0
C108851,3,2,63697.316999999995,31848.658499999998,7.0,2.0,0.0,1.0,0
C109193,11,5,209020.921,41804.1842,7.0,2.0,1.0,0.6,0
C113481,147,2,34764.3,17382.149999999998,8.0,2.0,0.0,0.0,1
C112481,102,5,103066.199,20613.2398,9.0,2.0,2.0,0.6,1
C111636,81,3,45583.778,15194.592666666666,9.0,4.0,1.0,0.3333333333333333,0
C113190,194,4,81394.1945,20348.548625,9.0,2.0,1.0,1.0,1
C113174,201,6,117363.02149999999,19560.503583333335,3.0,0.0,0.0,0.3333333333333333,1
C105594,2,3,66646.481,22215.493666666665,5.0,2.0,0.0,1.0,0
C114683,0,8,137004.75,17125.59375,6.0,4.0,2.0,0.375,0
C105625,26,4,45415.35,11353.8375,12.0,2.0,1.0,0.0,0
C106690,68,4,108388.468,27097.117,6.0,2.0,0.0,0.5,0
C105464,160,4,86132.8215,21533.205374999998,11.0,4.0,0.0,0.75,1
C102256,410,1,3439.57,3439.57,9.0,0.0,0.0,0.0,1
C112893,4,3,84210.175,28070.058333333334,4.0,3.0,0.0,0.6666666666666666,0
C103646,7,6,107626.647,17937.7745,9.0,6.0,0.0,0.3333333333333333,0
C112699,12,3,21600.353,7200.117666666666,13.0,4.0,0.0,0.6666666666666666,0
C104523,849,2,78002.97,39001.485,6.0,2.0,0.0,1.0,1
C101041,4,5,58853.8535,11770.7707,5.0,3.0,0.0,0.6,0
C114110,12,2,21422.47,10711.235,7.0,1.0,0.0,0.0,0
C114222,19,1,38475.68,38475.68,8.0,2.0,0.0,1.0,0
C106742,4,4,115920.01800000001,28980.004499999995,7.0,0.0,0.0,0.5,0
C101097,139,5,131426.602,26285.320400000004,6.0,4.0,0.0,0.8,1
C109019,19,3,36915.8045,12305.268166666667,9.0,2.0,1.0,0.3333333333333333,0
C102580,659,3,78716.708,26238.90266666666,11.0,1.0,0.0,0.6666666666666666,1
C104991,18,3,137987.568,45995.85600000001,6.0,2.0,0.0,1.0,0
C110701,698,1,15275.862000000001,15275.862000000001,9.0,3.0,0.0,1.0,1
C109495,16,10,211285.938,21128.5938,3.0,0.0,3.0,0.6,0
C112635,35,8,164682.63799999998,20585.32975,6.0,3.0,3.0,0.75,0
C103998,50,12,277929.0665,23160.755541666662,10.0,5.0,1.0,0.5,0
C111317,27,4,90920.5675,22730.141875,4.0,0.0,1.0,0.5,0
C104485,10,9,131084.769,14564.974333333334,5.0,1.0,1.0,0.6666666666666666,0
C101963,-1,5,48729.284,9745.8568,8.0,2.0,0.0,0.4,0
C104219,835,1,20894.8985,20894.8985,7.0,1.0,1.0,1.0,1
C107791,25,6,264272.863,44045.47716666667,20.0,4.0,1.0,0.6666666666666666,0
C105139,56,12,342650.667,28554.222250000003,9.0,6.0,3.0,0.5,0
C112493,45,2,27324.117,13662.058499999997,8.0,4.0,0.0,1.0,0
C101409,72,3,60105.59,20035.196666666667,5.0,2.0,1.0,0.0,0
C106794,1,9,160174.0475,17797.116388888888,12.0,3.0,0.0,0.6666666666666666,0
C112023,436,3,52705.8,17568.600000000002,11.0,4.0,0.0,0.6666666666666666,1
C108013,24,13,343071.81,26390.13923076923,13.0,6.0,3.0,0.6153846153846154,0
C113911,108,3,82185.544,27395.18133333333,7.0,2.0,0.0,1.0,1
C109009,36,4,88268.856,22067.214,7.0,2.0,0.0,0.75,0
C106560,9,8,95612.89,11951.61125,11.0,3.0,0.0,0.625,0
C111398,-1,3,30793.762,10264.587333333331,8.0,2.0,3.0,0.6666666666666666,0
C108816,6,6,165253.481,27542.246833333335,10.0,3.0,2.0,0.3333333333333333,0
C112965,46,2,41034.72,20517.36,5.0,1.0,1.0,1.0,0
C103094,-1,12,247490.16950000002,20624.180791666666,8.0,3.0,5.0,0.8333333333333334,0
C110779,0,15,412699.133,27513.275533333337,9.0,2.0,0.0,0.8,0
C102752,127,4,89964.752,22491.188000000002,9.0,2.0,2.0,0.5,1
C112051,117,2,52492.888,26246.443999999996,7.0,2.0,0.0,0.5,1
C102478,21,9,215871.839,23985.75988888889,7.0,3.0,2.0,0.8888888888888888,0
C111153,513,3,89093.18000000001,29697.72666666667,9.0,2.0,2.0,0.0,1
C105759,134,4,74984.749,18746.18725,10.0,0.0,0.0,0.75,1
C102201,18,7,100045.16649999999,14292.166642857144,9.0,4.0,1.0,0.8571428571428571,0
C114866,1,7,215980.4295,30854.347071428572,7.0,2.0,1.0,0.7142857142857143,0
C101634,24,5,91154.087,18230.8174,5.0,1.0,0.0,0.8,0
C106152,153,4,94675.542,23668.8855,8.0,2.0,0.0,0.25,1
C101656,57,1,1962.157,1962.157,11.0,1.0,0.0,1.0,0
C109722,154,4,54152.645,13538.16125,4.0,1.0,0.0,0.25,1
C113706,213,3,69829.726,23276.57533333333,6.0,1.0,0.0,0.3333333333333333,1
C112451,7,13,318575.469,24505.805307692306,6.0,2.0,3.0,0.5384615384615384,0
C104643,164,6,93591.291,15598.548499999999,10.0,1.0,0.0,0.6666666666666666,1
C112501,311,2,38678.746,19339.373,6.0,1.0,0.0,0.5,1
C100375,152,7,182734.349,26104.907,8.0,2.0,1.0,0.42857142857142855,1
C105240,159,2,27125.68,13562.84,16.0,3.0,0.0,0.0,1
C109953,55,13,259035.2035,19925.784884615387,12.0,2.0,3.0,0.7692307692307693,0
C105928,361,2,32864.649,16432.3245,5.0,1.0,0.0,0.5,1
C100544,7,7,226481.37,32354.48142857143,8.0,1.0,2.0,0.5714285714285714,0
C111452,83,8,176608.9825,22076.1228125,5.0,1.0,0.0,0.75,0
C102492,16,10,350740.968,35074.0968,5.0,0.0,1.0,0.6,0
C108944,27,5,102775.306,20555.0612,9.0,3.0,1.0,0.2,0
C105565,131,6,115680.399,19280.0665,5.0,2.0,0.0,0.5,1
C111493,40,10,202235.21899999998,20223.5219,11.0,4.0,1.0,0.5,0
C102808,264,1,11181.104,11181.104,9.0,2.0,0.0,1.0,1
C111037,98,6,91126.5785,15187.763083333333,8.0,5.0,0.0,1.0,1
C102489,370,4,46895.7895,11723.947375,5.0,0.0,0.0,0.75,1
C101252,118,4,72612.6725,18153.168125,8.0,0.0,1.0,0.75,1
C101943,62,8,176138.934,22017.36675,6.0,1.0,1.0,0.75,0
C107513,38,3,45695.2515,15231.7505,8.0,1.0,0.0,0.6666666666666666,0
C112671,29,6,77572.81,12928.801666666666,8.0,5.0,0.0,0.6666666666666666,0
C113366,18,6,157483.47,26247.245,9.0,3.0,0.0,0.6666666666666666,0
C109688,50,5,128999.27900000001,25799.855799999998,12.0,2.0,0.0,0.6,0
C102490,99,3,69097.7845,23032.594833333336,6.0,2.0,3.0,1.0,1
C100805,76,9,185072.26799999998,20563.585333333333,6.0,2.0,3.0,0.7777777777777778,0
C102002,0,10,185945.87900000002,18594.5879,4.0,2.0,4.0,0.5,0
C113973,63,6,137540.086,22923.34766666667,8.0,1.0,3.0,0.16666666666666666,0
C110348,182,2,53932.079,26966.0395,7.0,1.0,1.0,0.5,1
C107183,102,5,102136.023,20427.2046,10.0,3.0,1.0,0.6,1
C112815,-1,11,264014.3075,24001.300681818182,3.0,2.0,0.0,0.45454545454545453,0
C101647,100,1,13487.71,13487.71,14.0,2.0,0.0,0.0,1
C109204,52,4,44145.996,11036.499,5.0,2.0,0.0,0.75,0
C100776,161,6,102994.49100000001,17165.7485,3.0,2.0,1.0,0.5,1
C112324,77,4,98760.828,24690.207,5.0,2.0,1.0,0.75,0
C108364,280,8,192167.1325,24020.8915625,7.0,2.0,1.0,0.625,1
C109206,20,4,78783.7295,19695.932375,6.0,2.0,0.0,0.75,0
C114897,120,5,133495.669,26699.1338,4.0,2.0,0.0,0.8,1
C112013,54,4,41047.1995,10261.799875,9.0,0.0,1.0,1.0,0
C102362,372,3,28597.6115,9532.537166666667,12.0,7.0,0.0,0.6666666666666666,1
C112205,607,4,89348.87400000001,22337.2185,13.0,4.0,2.0,0.75,1
C114592,8,8,181920.1365,22740.0170625,7.0,0.0,1.0,0.5,0
C114096,3,4,56696.1525,14174.038125,9.0,2.0,0.0,0.25,0
C103267,551,2,51103.6035,25551.80175,7.0,2.0,2.0,1.0,1
C107067,674,1,17370.171,17370.171,7.0,1.0,0.0,1.0,1
C113734,23,2,17883.252,8941.626,6.0,2.0,0.0,0.5,0
C109666,-1,11,199970.403,18179.127545454543,8.0,2.0,3.0,0.5454545454545454,0
C101655,0,3,100898.889,33632.962999999996,11.0,1.0,1.0,0.6666666666666666,0
C110019,53,3,42464.114,14154.704666666667,7.0,0.0,0.0,0.3333333333333333,0
C111695,5,3,15893.811,5297.937,10.0,1.0,0.0,0.6666666666666666,0
C100855,312,1,14090.57,14090.57,10.0,2.0,0.0,0.0,1
C113879,210,4,91257.353,22814.33825,8.0,3.0,2.0,0.75,1
C107538,15,10,245526.21899999998,24552.6219,7.0,1.0,3.0,0.2,0
C104882,75,8,121307.237,15163.404625000001,12.0,1.0,1.0,0.75,0
C110089,116,1,45560.35,45560.35,4.0,3.0,0.0,0.0,1
C102487,110,11,202372.4755,18397.497772727274,13.0,4.0,2.0,0.6363636363636364,1
C100703,3,2,40185.338,20092.669,7.0,1.0,0.0,0.5,0
C105548,52,7,158989.826,22712.832285714285,10.0,4.0,0.0,0.7142857142857143,0
C111842,39,9,162141.309,18015.701,14.0,4.0,1.0,0.6666666666666666,0
C109317,118,7,157798.523,22542.646142857142,3.0,0.0,0.0,0.2857142857142857,1
C100044,29,12,232976.0345,19414.669541666666,9.0,3.0,1.0,0.5833333333333334,0
C106598,264,2,47416.022,23708.011,11.0,4.0,1.0,0.5,1
C102424,13,8,202438.5135,25304.8141875,16.0,6.0,4.0,0.625,0
C106896,23,4,70280.538,17570.1345,11.0,4.0,0.0,0.5,0
C104728,79,4,53419.528000000006,13354.882000000001,10.0,3.0,0.0,0.5,0
C107627,142,17,388734.197,22866.717470588235,9.0,4.0,5.0,0.7058823529411765,1
C106441,86,6,83054.57149999999,13842.428583333332,9.0,3.0,1.0,0.5,0
C102920,37,5,110071.828,22014.365599999997,7.0,1.0,0.0,0.4,0
C103409,8,2,14544.387499999999,7272.19375,5.0,2.0,1.0,0.5,0
C102939,21,6,209599.62099999998,34933.27016666667,7.0,3.0,0.0,0.5,0
C105839,100,11,193823.147,17620.286090909092,13.0,6.0,2.0,0.5454545454545454,1
C113959,202,6,83472.288,13912.048,8.0,1.0,0.0,0.5,1
C110752,203,2,20457.85,10228.925,13.0,8.0,0.0,0.0,1
C113522,897,1,12995.262,12995.262,12.0,3.0,0.0,1.0,1
C112772,36,2,19551.494000000002,9775.747000000001,6.0,2.0,1.0,0.5,0
C110566,17,11,330575.305,30052.300454545453,13.0,2.0,2.0,0.6363636363636364,0
C103705,435,2,63159.41,31579.705,8.0,0.0,1.0,0.0,1
C102411,65,8,167298.335,20912.291875,10.0,5.0,2.0,0.625,0
C105329,10,11,223342.323,20303.847545454544,6.0,1.0,1.0,0.45454545454545453,0
C101000,440,1,6817.91,6817.91,6.0,1.0,0.0,0.0,1
C114903,13,4,72088.2135,18022.053375,8.0,3.0,0.0,0.5,0
C111122,181,7,178037.93649999998,25433.990928571428,5.0,1.0,1.0,0.8571428571428571,1
C107220,525,2,75449.33,37724.665,9.0,1.0,0.0,0.0,1
C110919,119,1,9005.11,9005.11,7.0,1.0,0.0,0.0,1
C103895,145,3,89310.67,29770.22333333333,4.0,3.0,0.0,0.0,1
C113638,19,3,23242.408000000003,7747.469333333334,4.0,1.0,0.0,0.6666666666666666,0
C107373,11,4,83712.12,20928.03,8.0,4.0,0.0,0.0,0
C114489,132,3,81875.38500000001,27291.795000000002,11.0,3.0,1.0,1.0,1
C101852,35,7,96069.0585,13724.151214285714,14.0,2.0,1.0,0.42857142857142855,0
C112931,4,4,89525.99399999999,22381.4985,7.0,1.0,1.0,0.5,0
C108103,0,9,121285.0405,13476.115611111112,10.0,3.0,1.0,0.6666666666666666,0
C111255,52,3,98040.7695,32680.2565,12.0,2.0,0.0,0.6666666666666666,0
C108253,38,6,178280.929,29713.488166666666,10.0,2.0,4.0,0.5,0
C103058,102,2,41741.66,20870.83,11.0,2.0,1.0,0.0,1
C106671,19,4,35297.3575,8824.339375,10.0,4.0,1.0,0.25,0
C102503,70,1,13846.33,13846.33,6.0,3.0,0.0,0.0,0
C104256,31,3,22598.572999999997,7532.857666666666,16.0,5.0,0.0,1.0,0
C113840,-1,7,143738.1085,20534.0155,13.0,3.0,1.0,0.2857142857142857,0
C101601,2,5,39167.94,7833.588000000001,5.0,2.0,1.0,0.4,0
C100504,235,9,195296.708,21699.634222222223,6.0,2.0,2.0,0.3333333333333333,1
C114438,50,4,105670.17599999999,26417.543999999998,8.0,0.0,1.0,0.25,0
C110435,33,4,95962.753,23990.68825,7.0,1.0,1.0,0.75,0
C110091,32,7,147961.1785,21137.31121428571,5.0,3.0,0.0,0.5714285714285714,0
C112735,101,5,78340.38,15668.076000000001,6.0,2.0,2.0,0.6,1
C100312,44,12,191244.2345,15937.019541666667,8.0,1.0,1.0,0.75,0
C112326,180,1,15099.1025,15099.1025,7.0,2.0,0.0,1.0,1
C112836,79,3,23898.7715,7966.257166666666,9.0,0.0,2.0,0.3333333333333333,0
C101676,128,8,126723.5765,15840.4470625,10.0,3.0,0.0,0.625,1
C107442,76,8,167553.81900000002,20944.227375000002,5.0,0.0,0.0,0.625,0
C113002,29,17,348363.568,20491.974588235295,10.0,3.0,6.0,0.47058823529411764,0
C111828,107,4,71404.1265,17851.031625000003,7.0,3.0,0.0,0.5,1
C103377,28,5,228993.4565,45798.6913,7.0,3.0,3.0,0.4,0
C105270,15,9,182213.869,20245.985444444446,12.0,1.0,3.0,0.1111111111111111,0
C100110,118,4,106343.519,26585.87975,6.0,3.0,0.0,0.25,1
C101213,219,5,128400.78600000001,25680.157199999998,10.0,3.0,2.0,0.6,1
C100506,752,1,58581.619999999995,58581.619999999995,8.0,1.0,0.0,0.0,1
C106060,167,5,116211.5115,23242.3023,10.0,2.0,1.0,0.4,1
C114881,48,6,86085.4525,14347.575416666667,6.0,1.0,0.0,0.5,0
C111978,180,2,19085.6165,9542.80825,8.0,2.0,0.0,1.0,1
C111290,64,12,200131.1825,16677.598541666666,9.0,3.0,3.0,0.5833333333333334,0
C104189,38,6,83199.322,13866.553666666667,7.0,3.0,2.0,0.3333333333333333,0
C107572,50,4,82145.569,20536.39225,12.0,0.0,0.0,1.0,0
C106601,364,1,18782.77,18782.77,11.0,4.0,1.0,0.0,1
C108011,33,4,43861.801999999996,10965.4505,11.0,7.0,0.0,0.5,0
C114909,161,7,155062.801,22151.828714285715,8.0,3.0,0.0,0.7142857142857143,1
C103315,93,1,4728.474,4728.474,10.0,3.0,1.0,1.0,1
C107928,87,8,206310.749,25788.843625,8.0,1.0,1.0,0.5,0
C101296,33,5,29916.306500000002,5983.2613,6.0,1.0,2.0,1.0,0
C106393,37,11,206123.302,18738.482,14.0,4.0,2.0,0.45454545454545453,0
C106266,0,7,104320.413,14902.916142857142,10.0,4.0,0.0,0.5714285714285714,0
C109915,20,12,247015.7415,20584.645125,9.0,2.0,2.0,0.5,0
C114884,308,1,13494.914499999999,13494.914499999999,3.0,1.0,0.0,1.0,1
C102635,17,10,292911.6845,29291.168449999997,16.0,2.0,1.0,0.5,0
C102569,23,12,235875.6145,19656.301208333334,10.0,1.0,2.0,0.5,0
C113246,154,2,81153.7905,40576.895249999994,10.0,4.0,0.0,0.5,1
C112824,363,4,111773.11400000002,27943.278500000004,5.0,1.0,1.0,0.25,1
C114877,4,3,43378.1875,14459.395833333334,5.0,0.0,0.0,0.3333333333333333,0
C108308,59,10,247089.027,24708.9027,5.0,3.0,3.0,0.3,0
C101788,7,5,137188.793,27437.7586,8.0,0.0,1.0,0.8,0
C105469,190,3,68527.739,22842.57966666667,11.0,6.0,1.0,0.6666666666666666,1
C100549,105,4,180320.6115,45080.152875,12.0,4.0,1.0,0.5,1
C112783,92,5,131523.964,26304.792800000003,8.0,0.0,0.0,0.6,1
C100273,80,4,154825.125,38706.28125,5.0,3.0,0.0,0.5,0
C101612,35,4,53150.915,13287.72875,12.0,4.0,1.0,0.25,0
C103886,169,1,16635.0,16635.0,11.0,6.0,0.0,1.0,1
C108334,389,1,23513.736,23513.736,6.0,2.0,0.0,1.0,1
C114621,89,7,202584.108,28940.58685714286,10.0,3.0,1.0,0.2857142857142857,0
C113550,34,9,194446.902,21605.211333333333,12.0,5.0,3.0,0.2222222222222222,0
C108568,10,10,248801.1915,24880.11915,5.0,1.0,2.0,0.2,0
C111958,48,4,122583.537,30645.88425,8.0,3.0,0.0,0.5,0
C106104,423,3,33997.287,11332.428999999998,12.0,5.0,0.0,0.6666666666666666,1
C110936,30,8,234079.414,29259.92675,12.0,2.0,1.0,0.75,0
C104528,91,1,19331.118000000002,19331.118000000002,10.0,3.0,0.0,1.0,1
C105573,94,4,56694.889,14173.72225,6.0,4.0,1.0,0.5,1
C113085,102,8,243745.5745,30468.1968125,8.0,2.0,1.0,0.375,1
C102587,181,1,13218.989999999998,13218.989999999998,6.0,1.0,0.0,0.0,1
C113542,70,10,194628.871,19462.8871,8.0,4.0,0.0,0.6,0
C106338,80,14,321650.3175,22975.02267857143,9.0,4.0,0.0,0.5714285714285714,0
C114942,109,3,84995.361,28331.787,5.0,3.0,0.0,0.3333333333333333,1
C101475,99,1,23074.567499999997,23074.567499999997,9.0,3.0,0.0,1.0,1
C112844,498,1,4222.683,4222.683,9.0,3.0,0.0,1.0,1
C102065,37,2,25485.66,12742.830000000002,9.0,4.0,0.0,0.0,0
C103907,0,12,366400.72,30533.393333333337,9.0,2.0,1.0,0.3333333333333333,0
C113126,31,2,25458.0635,12729.03175,9.0,2.0,0.0,0.5,0
C111205,383,2,40493.348000000005,20246.674000000003,4.0,1.0,1.0,0.5,1
C106783,24,2,33879.796,16939.898,6.0,4.0,1.0,1.0,0
C103559,16,9,154515.247,17168.36077777778,8.0,4.0,3.0,0.6666666666666666,0
C104839,112,7,132476.0785,18925.154071428573,8.0,1.0,2.0,0.7142857142857143,1
C104780,83,7,141593.093,20227.584714285713,14.0,4.0,1.0,0.42857142857142855,0
C114397,39,4,92609.805,23152.45125,5.0,0.0,1.0,0.75,0
C107009,26,9,112380.751,12486.750111111112,8.0,4.0,2.0,0.6666666666666666,0
C107647,553,4,71353.98449999999,17838.496124999998,7.0,3.0,1.0,0.5,1
C108991,1,12,217670.2675,18139.188958333332,12.0,1.0,2.0,0.5,0
C110568,-1,6,136705.711,22784.28516666667,9.0,3.0,0.0,1.0,0
C102807,36,5,97472.357,19494.471400000002,9.0,2.0,0.0,0.6,0
C105215,119,7,147604.4455,21086.34935714286,9.0,1.0,1.0,0.8571428571428571,1
C111265,346,2,35789.9065,17894.953250000002,8.0,1.0,0.0,1.0,1
C106105,5,5,177433.2195,35486.6439,14.0,2.0,0.0,0.8,0
C107157,10,5,154610.9345,30922.1869,2.0,1.0,0.0,0.8,0
C102542,67,10,177563.887,17756.3887,14.0,3.0,3.0,1.0,0
C104825,188,3,90966.075,30322.024999999998,7.0,1.0,2.0,0.3333333333333333,1
C108233,0,9,155815.582,17312.842444444443,14.0,6.0,2.0,0.5555555555555556,0
C109829,6,5,125486.35650000001,25097.2713,13.0,5.0,0.0,0.8,0
C106444,249,1,26725.23,26725.23,6.0,2.0,0.0,1.0,1
C107598,291,3,76241.4595,25413.81983333333,7.0,1.0,0.0,1.0,1
C108188,12,5,133391.41999999998,26678.283999999996,9.0,0.0,0.0,0.0,0
C103108,5,11,278449.99350000004,25313.63577272727,9.0,3.0,5.0,0.8181818181818182,0
C111393,1,6,174140.804,29023.467333333334,10.0,4.0,0.0,0.5,0
C108736,42,9,160763.4575,17862.60638888889,9.0,1.0,4.0,0.4444444444444444,0
C103165,29,8,111524.75,13940.59375,9.0,4.0,2.0,0.5,0
C100559,416,1,3183.5984999999996,3183.5984999999996,16.0,4.0,0.0,1.0,1
C106470,0,12,277942.1105,23161.84254166667,8.0,1.0,1.0,0.3333333333333333,0
C106565,4,4,146683.7495,36670.937375,10.0,3.0,2.0,0.75,0
C100238,11,2,45227.992,22613.996,10.0,3.0,0.0,0.5,0
C101023,1,6,98748.797,16458.132833333333,10.0,5.0,1.0,0.5,0
C105341,23,6,137728.9495,22954.824916666665,4.0,1.0,0.0,0.5,0
C114894,1,3,86122.95,28707.649999999998,5.0,1.0,0.0,0.0,0
C103314,32,7,114423.0575,16346.15107142857,10.0,5.0,1.0,0.7142857142857143,0
C108866,478,3,69991.944,23330.648,15.0,7.0,0.0,1.0,1
C104248,85,4,35053.317,8763.329249999999,5.0,1.0,0.0,0.75,0
C105165,86,2,44038.92,22019.46,8.0,1.0,0.0,0.0,0
C113873,141,4,70873.157,17718.28925,9.0,3.0,0.0,1.0,1
C100394,102,3,58552.872,19517.624,10.0,3.0,0.0,0.6666666666666666,1
C105238,153,6,127836.6905,21306.115083333334,6.0,2.0,1.0,0.3333333333333333,1
C103772,-1,6,170469.012,28411.501999999997,10.0,4.0,1.0,0.8333333333333334,0
C102076,480,4,101800.484,25450.121,8.0,2.0,1.0,0.25,1
C114905,36,4,60047.258,15011.8145,5.0,2.0,0.0,0.75,0
C109946,113,8,227809.902,28476.23775,4.0,0.0,1.0,0.375,1
C100981,-1,7,184877.6375,26411.091071428575,8.0,1.0,1.0,0.14285714285714285,0
C110872,100,1,9597.519,9597.519,6.0,2.0,0.0,1.0,1
C105979,139,5,88015.309,17603.061800000003,9.0,1.0,2.0,1.0,1
C105877,3,7,176983.928,25283.418285714288,11.0,2.0,0.0,1.0,0
C103294,586,2,9072.784000000001,4536.392000000001,11.0,3.0,0.0,1.0,1
C110109,108,1,18414.06,18414.06,8.0,3.0,0.0,0.0,1
C111525,33,5,122174.18299999999,24434.836600000002,14.0,6.0,2.0,0.2,0
C100791,-1,10,239557.442,23955.744199999997,12.0,3.0,1.0,0.6,0
C108915,64,3,64884.336,21628.112,5.0,1.0,0.0,0.3333333333333333,0
C101180,20,5,107514.23899999999,21502.8478,7.0,2.0,2.0,0.4,0
C110235,3,12,268150.9375,22345.911458333332,6.0,2.0,4.0,0.5,0
C109694,494,4,58551.2635,14637.815875,5.0,3.0,2.0,0.5,1
C110181,125,7,86466.14199999999,12352.306,12.0,3.0,1.0,0.42857142857142855,1
C105155,93,5,106302.5495,21260.509899999997,13.0,5.0,1.0,0.8,1
C110740,150,1,12225.600999999999,12225.600999999999,10.0,5.0,0.0,1.0,1
C103971,19,3,31320.154000000002,10440.051333333335,10.0,2.0,1.0,1.0,0
C108263,1,12,198945.193,16578.766083333332,7.0,2.0,3.0,0.5,0
C104402,129,2,28321.4455,14160.72275,5.0,2.0,0.0,0.5,1
C109142,105,2,7530.68,3765.34,8.0,3.0,1.0,1.0,1
C103926,11,4,83182.0595,20795.514875,11.0,3.0,0.0,0.75,0
C103979,106,2,27894.164,13947.082,12.0,3.0,0.0,0.5,1
C111698,74,10,154515.184,15451.5184,6.0,1.0,1.0,0.3,0
C114565,18,2,64741.042499999996,32370.52125,2.0,1.0,1.0,1.0,0
C110371,356,3,67654.9585,22551.65283333333,7.0,0.0,0.0,0.6666666666666666,1
C105399,41,7,173010.88299999997,24715.840428571424,10.0,1.0,0.0,0.5714285714285714,0
C105241,23,6,115263.64749999999,19210.607916666664,8.0,2.0,0.0,0.6666666666666666,0
C105751,18,11,271462.1585,24678.37804545455,8.0,3.0,1.0,0.6363636363636364,0
C106202,222,5,156949.755,31389.950999999994,7.0,1.0,1.0,1.0,1
C100054,504,1,33866.455,33866.455,9.0,2.0,0.0,1.0,1
C107570,178,6,130485.253,21747.542166666666,10.0,3.0,0.0,0.3333333333333333,1
C111433,14,9,227904.298,25322.699777777776,14.0,3.0,1.0,0.4444444444444444,0
C108607,607,2,52670.717000000004,26335.3585,9.0,3.0,0.0,0.5,1
C110017,4,4,80984.94099999999,20246.23525,11.0,1.0,1.0,0.5,0
C110030,40,4,52075.192,13018.798,9.0,2.0,1.0,0.75,0
C103775,178,2,49995.666000000005,24997.833,8.0,2.0,0.0,0.5,1
C101581,19,8,148332.3685,18541.5460625,9.0,3.0,1.0,0.625,0
C112108,100,6,128300.5005,21383.41675,8.0,2.0,1.0,0.5,1
C109835,15,2,28371.406000000003,14185.703000000001,8.0,1.0,1.0,0.5,0
C107069,79,2,41260.869999999995,20630.434999999998,9.0,1.0,0.0,0.0,0
C110522,151,5,44337.295,8867.458999999999,9.0,2.0,1.0,0.8,1
C103869,345,6,152849.648,25474.941333333336,9.0,2.0,3.0,0.5,1
C112499,8,5,96107.7735,19221.5547,7.0,0.0,0.0,0.6,0
C109560,47,5,86851.381,17370.2762,11.0,1.0,0.0,0.4,0
C113305,23,10,187969.1575,18796.91575,12.0,5.0,0.0,0.8,0
C112920,7,9,255320.37900000002,28368.931,6.0,3.0,1.0,0.8888888888888888,0
C113027,61,11,247390.9155,22490.083227272728,9.0,3.0,2.0,0.36363636363636365,0
C100778,98,3,55467.150499999996,18489.050166666664,9.0,2.0,0.0,0.6666666666666666,1
C102375,123,2,21809.0245,10904.51225,15.0,5.0,0.0,0.5,1
C110298,565,1,27095.605499999998,27095.605499999998,8.0,2.0,0.0,1.0,1
C110315,263,2,86244.538,43122.269,9.0,5.0,0.0,0.5,1
C105936,80,15,391594.1995,26106.279966666665,12.0,5.0,2.0,0.2,0
C112781,19,8,111576.149,13947.018624999999,11.0,3.0,1.0,0.5,0
C102209,51,4,81843.28600000001,20460.8215,8.0,1.0,0.0,0.75,0
C113218,23,8,131864.2005,16483.0250625,3.0,0.0,1.0,0.5,0
C108617,17,2,14222.84,7111.42,12.0,2.0,0.0,0.0,0
C112192,161,7,86005.7045,12286.529214285712,6.0,3.0,3.0,0.42857142857142855,1
C102350,836,1,39680.119999999995,39680.119999999995,7.0,1.0,1.0,0.0,1
C102977,62,3,40530.355,13510.118333333332,6.0,2.0,0.0,0.6666666666666666,0
C103176,703,3,102583.94600000001,34194.64866666667,8.0,3.0,3.0,0.6666666666666666,1
C111686,1,11,198726.408,18066.03709090909,8.0,0.0,3.0,0.5454545454545454,0
C108512,38,2,41309.515999999996,20654.758,14.0,4.0,0.0,0.5,0
C108524,148,7,198617.45750000002,28373.922500000004,9.0,3.0,1.0,0.5714285714285714,1
C109209,138,13,219186.629,16860.509923076923,8.0,3.0,0.0,0.3076923076923077,1
C105384,308,3,26128.030000000002,8709.343333333334,8.0,4.0,0.0,0.0,1
C113916,7,11,248444.47650000002,22585.861500000003,9.0,3.0,3.0,0.2727272727272727,0
C112544,112,3,51669.67,17223.22333333333,7.0,2.0,0.0,0.0,1
C100196,208,2,71390.2005,35695.10025,14.0,3.0,0.0,0.5,1
C109456,89,13,222483.2775,17114.09826923077,7.0,1.0,1.0,0.5384615384615384,0
C111077,183,3,39904.568,13301.522666666666,4.0,0.0,1.0,0.6666666666666666,1
C109393,31,4,82473.931,20618.48275,7.0,1.0,2.0,0.75,0
C108343,43,1,11842.8,11842.8,5.0,1.0,0.0,0.0,0
C101304,40,6,89752.59,14958.765,9.0,1.0,0.0,0.8333333333333334,0
C106169,320,3,65581.3685,21860.456166666667,8.0,2.0,1.0,0.6666666666666666,1
C110528,111,5,50065.529500000004,10013.1059,7.0,2.0,1.0,0.8,1
C110611,28,10,269340.7185,26934.07185,7.0,1.0,3.0,0.5,0
C108383,11,7,187837.19,26833.884285714284,9.0,3.0,2.0,0.7142857142857143,0
C107294,520,2,74952.072,37476.036,6.0,2.0,0.0,1.0,1
C108658,44,14,228181.748,16298.696285714284,13.0,4.0,0.0,0.7142857142857143,0
C106399,128,4,75205.989,18801.49725,4.0,1.0,2.0,0.5,1
C110809,131,13,276670.5525,21282.35019230769,9.0,1.0,3.0,0.6153846153846154,1
C106511,14,2,34390.567,17195.2835,10.0,3.0,0.0,0.5,0
C100015,4,3,86421.609,28807.202999999998,9.0,5.0,0.0,1.0,0
C106069,1,6,122030.4705,20338.41175,6.0,0.0,1.0,0.5,0
C106041,63,4,147085.078,36771.2695,4.0,2.0,1.0,0.25,0
C110953,94,1,6584.624000000001,6584.624000000001,9.0,3.0,0.0,1.0,1
C104033,429,3,32763.8565,10921.2855,6.0,2.0,0.0,0.6666666666666666,1
C107516,19,8,195906.9365,24488.3670625,11.0,3.0,1.0,0.5,0
C107051,121,5,70906.492,14181.2984,11.0,3.0,1.0,0.8,1
C113116,40,5,119402.18950000001,23880.4379,10.0,1.0,1.0,0.4,0
C112552,96,1,14667.553499999998,14667.553499999998,12.0,1.0,1.0,1.0,1
C110635,52,5,85611.11750000001,17122.2235,9.0,2.0,0.0,0.4,0
C113496,336,4,98685.53,24671.3825,9.0,2.0,1.0,0.0,1
C111282,2,26,528453.504,20325.134769230768,2.0,2.0,4.0,0.5769230769230769,0
C112482,4,8,228451.782,28556.47275,3.0,3.0,0.0,0.375,0
C108051,366,1,0.0,0.0,8.0,2.0,0.0,0.0,1
C112498,164,6,152803.843,25467.307166666666,10.0,4.0,2.0,0.16666666666666666,1
C107818,20,7,174168.19,24881.170000000002,7.0,1.0,1.0,0.42857142857142855,0
C112520,141,3,85970.048,28656.682666666664,10.0,3.0,1.0,0.6666666666666666,1
C109869,270,8,340577.4385,42572.1798125,12.0,4.0,1.0,0.25,1
C113280,2,10,350028.12799999997,35002.8128,8.0,4.0,6.0,0.8,0
C110204,43,4,98296.7125,24574.178125,6.0,2.0,0.0,0.75,0
C101345,228,3,98867.93800000001,32955.97933333334,9.0,1.0,1.0,0.6666666666666666,1
C109472,17,6,105214.3395,17535.72325,9.0,0.0,0.0,0.8333333333333334,0
C109014,339,1,1239.674,1239.674,12.0,2.0,0.0,1.0,1
C102238,58,11,118937.73800000001,10812.521636363635,9.0,2.0,0.0,0.7272727272727273,0
C102179,5,5,59387.877499999995,11877.575499999999,6.0,1.0,1.0,0.8,0
C101739,63,9,160935.2225,17881.69138888889,5.0,2.0,1.0,0.7777777777777778,0
C104202,63,3,119760.91100000001,39920.30366666667,14.0,2.0,1.0,0.6666666666666666,0
C109323,57,5,96374.8305,19274.9661,4.0,0.0,2.0,0.2,0
C109055,179,4,104894.2735,26223.568375,6.0,1.0,0.0,0.75,1
C101807,339,1,1414.18,1414.18,13.0,1.0,0.0,0.0,1
C113162,119,5,92634.314,18526.8628,6.0,2.0,3.0,0.4,1
C114507,36,8,152667.02049999998,19083.377562499998,6.0,1.0,0.0,0.625,0
C109402,1,7,159379.0945,22768.442071428573,8.0,3.0,1.0,0.5714285714285714,0
C110239,18,4,56542.8555,14135.713875,11.0,3.0,0.0,0.75,0
C106540,106,4,73285.72200000001,18321.4305,11.0,4.0,0.0,0.5,1
C113531,10,4,34472.3335,8618.083375,6.0,1.0,0.0,0.5,0
C109825,22,8,170736.378,21342.04725,13.0,3.0,2.0,0.375,0
C114141,22,6,137167.0745,22861.179083333333,5.0,3.0,0.0,0.6666666666666666,0
C101969,112,6,210985.474,35164.24566666667,9.0,4.0,2.0,0.6666666666666666,1
C100175,100,6,113405.6895,18900.948249999998,5.0,2.0,0.0,0.6666666666666666,1
C107214,0,4,78134.414,19533.6035,6.0,3.0,0.0,0.75,0
C111230,5,11,204806.69449999998,18618.790409090907,7.0,1.0,2.0,0.45454545454545453,0
C102522,369,2,55532.034,27766.017,10.0,1.0,0.0,1.0,1
C103701,52,8,127999.1375,15999.8921875,11.0,4.0,1.0,0.25,0
C108286,2,13,221375.206,17028.862,6.0,2.0,1.0,0.5384615384615384,0
C112239,174,2,40123.762,20061.881,9.0,2.0,0.0,1.0,1
C114297,297,5,46126.037500000006,9225.2075,14.0,6.0,2.0,0.4,1
C112507,126,1,9048.114,9048.114,11.0,0.0,0.0,1.0,1
C102987,0,6,109563.655,18260.609166666665,1.0,0.0,0.0,0.5,0
C104496,103,10,156108.734,15610.8734,5.0,1.0,0.0,0.5,1
C104452,39,2,76472.842,38236.421,10.0,3.0,1.0,0.5,0
C103392,81,6,133451.195,22241.865833333333,6.0,2.0,1.0,0.8333333333333334,0
C109062,137,2,40097.039,20048.5195,12.0,2.0,0.0,1.0,1
C114279,370,3,14708.861,4902.953666666667,9.0,2.0,0.0,0.6666666666666666,1
C103980,104,5,90025.31300000001,18005.0626,9.0,1.0,2.0,0.8,1
C110718,23,2,39837.936499999996,19918.968249999998,6.0,0.0,0.0,1.0,0
C101231,89,6,145641.39,24273.565000000002,6.0,1.0,1.0,0.3333333333333333,0
C110013,7,18,355960.4945,19775.583027777775,6.0,0.0,1.0,0.8333333333333334,0
C106976,7,9,221523.50600000002,24613.72288888889,7.0,4.0,2.0,0.6666666666666666,0
C106578,176,5,107190.826,21438.165199999996,10.0,4.0,0.0,0.2,1
C111527,62,1,19452.816000000003,19452.816000000003,9.0,3.0,0.0,1.0,0
C111541,72,2,26605.800000000003,13302.900000000001,5.0,1.0,0.0,0.0,0
C101356,49,9,176677.32,19630.813333333335,7.0,3.0,0.0,0.4444444444444444,0
C101932,50,7,111245.177,15892.168142857143,6.0,2.0,0.0,0.7142857142857143,0
C104487,431,2,44308.4,22154.2,8.0,2.0,1.0,0.5,1
C107735,50,10,262107.494,26210.7494,11.0,0.0,3.0,0.5,0
C107594,422,4,54091.896,13522.974,8.0,2.0,1.0,0.75,1
C114027,23,6,91063.7315,15177.288583333333,6.0,1.0,1.0,0.5,0
C108604,4,1,53501.244,53501.244,15.0,3.0,0.0,1.0,0
C101059,138,5,113322.17850000001,22664.4357,8.0,3.0,1.0,0.6,1
C109873,10,3,51810.125,17270.041666666668,14.0,3.0,0.0,0.6666666666666666,0
C112356,8,3,24301.065,8100.355,7.0,3.0,0.0,1.0,0
C111944,34,3,39718.8145,13239.604833333333,8.0,1.0,0.0,0.3333333333333333,0
C111629,-1,11,224144.823,20376.80209090909,13.0,5.0,2.0,0.8181818181818182,0
C113654,192,3,134661.69199999998,44887.23066666666,9.0,2.0,0.0,0.6666666666666666,1
C106622,125,1,17142.29,17142.29,12.0,4.0,2.0,0.0,1
C108791,179,1,26852.400999999998,26852.400999999998,11.0,4.0,0.0,1.0,1
C106499,77,1,15598.91,15598.91,12.0,6.0,0.0,0.0,0
C106387,36,8,90274.725,11284.340625,11.0,3.0,3.0,0.875,0
C107458,13,8,127422.152,15927.769,6.0,1.0,0.0,0.375,0
C105712,93,2,21835.258500000004,10917.629250000002,9.0,2.0,0.0,0.5,1
C108531,110,7,125992.6055,17998.943642857143,17.0,6.0,0.0,0.42857142857142855,1
C110313,44,4,87718.4225,21929.605625,7.0,3.0,0.0,0.5,0
C103241,414,5,145472.6755,29094.5351,9.0,3.0,1.0,0.2,1
C108097,86,11,286731.086,26066.462363636365,14.0,5.0,4.0,0.45454545454545453,0
C110859,0,7,151625.0625,21660.723214285714,8.0,5.0,1.0,0.7142857142857143,0
C110677,272,3,100502.664,33500.888,8.0,3.0,0.0,1.0,1
C105370,3,6,131026.4305,21837.738416666667,4.0,3.0,1.0,0.6666666666666666,0
C109029,25,3,45090.386000000006,15030.12866666667,15.0,8.0,0.0,1.0,0
C101790,250,2,27963.358,13981.679,8.0,0.0,0.0,1.0,1
C102003,151,4,99983.00600000001,24995.751500000002,10.0,2.0,0.0,0.5,1
C109890,495,3,45095.438,15031.812666666667,5.0,1.0,0.0,0.3333333333333333,1
C110965,24,2,94182.49,47091.245,11.0,2.0,0.0,0.0,0
C109563,3,7,156804.93649999998,22400.705214285717,8.0,1.0,1.0,0.5714285714285714,0
C109468,53,11,275849.8295,25077.257227272727,11.0,4.0,1.0,0.5454545454545454,0
C111674,13,6,106578.8805,17763.14675,4.0,1.0,1.0,0.5,0
C103837,27,10,317375.709,31737.5709,13.0,5.0,1.0,0.4,0
C100844,67,2,12483.094000000001,6241.5470000000005,9.0,2.0,0.0,0.5,0
C103371,63,9,196981.2145,21886.80161111111,18.0,1.0,3.0,0.5555555555555556,0
C101766,30,4,72213.569,18053.39225,4.0,0.0,1.0,0.75,0
C100194,3,5,57775.214,11555.0428,7.0,2.0,1.0,0.6,0
C106487,10,11,264769.68,24069.97090909091,11.0,4.0,1.0,0.6363636363636364,0
C105154,95,12,322270.4735,26855.872791666665,9.0,1.0,4.0,0.5,1
C110459,-1,4,90000.9325,22500.233125,7.0,0.0,0.0,0.75,0
C103151,257,2,43680.573,21840.286500000002,8.0,2.0,1.0,0.5,1
C103708,54,12,261113.863,21759.488583333336,9.0,2.0,3.0,0.75,0
C105105,-1,7,122204.0685,17457.72407142857,7.0,2.0,1.0,0.7142857142857143,0
C105316,18,4,57527.8635,14381.965875,7.0,2.0,1.0,1.0,0
C101586,22,9,240204.23200000002,26689.359111111113,6.0,1.0,1.0,0.6666666666666666,0
C110979,130,4,36869.81,9217.4525,9.0,2.0,0.0,0.0,1
C102109,226,2,41484.816,20742.408,8.0,2.0,0.0,1.0,1
C103171,8,5,122178.2575,24435.6515,7.0,3.0,0.0,0.6,0
C105691,27,3,65961.74399999999,21987.247999999996,5.0,2.0,1.0,0.3333333333333333,0
C111701,98,10,124230.357,12423.0357,15.0,5.0,0.0,0.7,1
C107948,99,5,52262.681500000006,10452.536300000002,7.0,3.0,1.0,0.8,1
C109255,56,1,39942.21,39942.21,11.0,1.0,1.0,0.0,0
C103046,30,4,114777.809,28694.45225,11.0,3.0,1.0,0.75,0
C102218,582,4,86849.4265,21712.356625,8.0,2.0,1.0,0.75,1
C101043,3,11,314601.733,28600.157545454545,11.0,3.0,0.0,0.6363636363636364,0
C113941,26,5,127478.827,25495.7654,8.0,2.0,0.0,0.4,0
C109374,45,14,319140.6785,22795.762749999998,7.0,2.0,0.0,0.42857142857142855,0
C109700,6,5,75271.38,15054.276000000002,9.0,3.0,1.0,0.0,0
C106040,300,1,25797.173999999995,25797.173999999995,11.0,4.0,0.0,1.0,1
C108502,1,7,180469.791,25781.398714285715,10.0,4.0,1.0,0.5714285714285714,0
C114125,173,1,34515.97,34515.97,10.0,2.0,0.0,0.0,1
C100801,174,9,162890.6755,18098.963944444447,3.0,1.0,0.0,0.8888888888888888,1
C110165,42,1,19712.760000000002,19712.760000000002,6.0,1.0,0.0,1.0,0
C106530,108,2,31447.760000000002,15723.880000000001,9.0,1.0,0.0,0.0,1
C108350,125,1,41470.632999999994,41470.632999999994,7.0,1.0,1.0,1.0,1
C114044,48,4,102241.824,25560.456,11.0,6.0,0.0,0.75,0
C107363,64,3,72043.52900000001,24014.50966666667,7.0,1.0,1.0,0.3333333333333333,0
C100528,12,3,52827.721000000005,17609.240333333335,9.0,5.0,0.0,0.3333333333333333,0
C104947,5,19,312817.4495,16464.076289473684,6.0,4.0,4.0,0.5789473684210527,0
C111708,4,9,258688.207,28743.13411111111,15.0,4.0,4.0,0.4444444444444444,0
C111145,38,8,164150.02,20518.7525,6.0,1.0,0.0,0.5,0
C113699,3,6,111083.164,18513.860666666667,10.0,4.0,1.0,0.16666666666666666,0
C105485,12,2,23409.247,11704.6235,8.0,3.0,0.0,1.0,0
C102298,28,3,31104.868000000002,10368.289333333334,6.0,0.0,2.0,0.3333333333333333,0
C109702,7,9,178628.144,19847.571555555554,12.0,3.0,1.0,0.6666666666666666,0
C103249,13,4,41265.4115,10316.352875,10.0,0.0,1.0,0.5,0
C109561,102,6,107418.412,17903.068666666666,8.0,2.0,1.0,0.6666666666666666,1
C104447,829,1,19045.559,19045.559,6.0,1.0,0.0,1.0,1
C109437,119,12,269462.2865,22455.190541666667,9.0,3.0,2.0,0.75,1
C101016,65,7,172044.018,24577.71685714286,11.0,1.0,0.0,0.5714285714285714,0
C107681,1,2,42164.946,21082.473,5.0,0.0,1.0,1.0,0
C110403,21,4,69323.8745,17330.968624999998,6.0,0.0,0.0,0.5,0
C103166,121,1,38266.218499999995,38266.218499999995,12.0,4.0,0.0,1.0,1
C110190,36,7,131298.1145,18756.873499999998,9.0,1.0,2.0,0.42857142857142855,0
C114648,135,1,3650.72,3650.72,10.0,1.0,1.0,0.0,1
C114042,10,12,256393.01,21366.084166666667,22.0,4.0,2.0,0.9166666666666666,0
C108028,114,7,170334.74049999999,24333.534357142857,6.0,1.0,1.0,0.42857142857142855,1
C104702,11,4,35742.984,8935.746,9.0,0.0,0.0,0.25,0
C100733,16,1,7192.0509999999995,7192.0509999999995,9.0,0.0,1.0,1.0,0
C108024,123,2,49344.6605,24672.33025,9.0,1.0,0.0,0.5,1
C104997,45,2,28517.603,14258.8015,8.0,4.0,1.0,1.0,0
C113779,259,6,148213.452,24702.242,7.0,4.0,3.0,0.6666666666666666,1
C112871,0,5,95177.818,19035.5636,12.0,1.0,2.0,0.6,0
C107976,161,3,26760.968500000003,8920.322833333334,7.0,1.0,0.0,0.6666666666666666,1
C110177,107,2,21456.876,10728.438000000002,7.0,1.0,0.0,0.5,1
C109670,19,1,9625.53,9625.53,8.0,2.0,0.0,0.0,0
C102466,43,8,154670.7445,19333.8430625,8.0,3.0,3.0,0.75,0
C110401,10,10,149594.1475,14959.41475,8.0,1.0,1.0,0.4,0
C112112,286,1,21742.79,21742.79,6.0,4.0,0.0,0.0,1
C100419,31,5,55587.608,11117.521600000002,11.0,3.0,0.0,0.4,0
C102553,6,2,30318.698,15159.349,9.0,3.0,0.0,0.5,0
C100704,73,1,21176.919,21176.919,3.0,2.0,0.0,1.0,0
C106987,-1,5,70111.56,14022.312,8.0,2.0,1.0,0.2,0
C107907,180,4,81115.218,20278.8045,12.0,4.0,1.0,0.25,1
C100568,95,3,147568.83800000002,49189.612666666675,5.0,5.0,0.0,0.3333333333333333,1
C100618,194,2,62445.85800000001,31222.929000000004,8.0,4.0,0.0,0.5,1
C108881,400,2,27379.709000000003,13689.854500000001,6.0,3.0,0.0,0.5,1
C104807,252,1,4656.98,4656.98,7.0,1.0,0.0,0.0,1
C107417,62,9,187973.514,20885.946,24.0,6.0,2.0,0.5555555555555556,0
C108545,410,3,51933.841499999995,17311.280499999997,10.0,1.0,0.0,0.6666666666666666,1
C108528,40,3,102205.02600000001,34068.342,7.0,2.0,1.0,0.3333333333333333,0
C100862,17,9,181378.426,20153.158444444445,12.0,5.0,1.0,0.5555555555555556,0
C109786,583,2,69062.64,34531.32,10.0,5.0,0.0,0.0,1
C104975,192,2,32111.19,16055.595,7.0,2.0,0.0,0.0,1
C100696,2,6,102390.086,17065.014333333333,9.0,1.0,1.0,0.5,0
C109145,102,6,57591.14,9598.523333333333,9.0,1.0,1.0,0.3333333333333333,1
C109744,-1,14,339940.1115,24281.436535714285,12.0,3.0,2.0,0.5,0
C111548,87,2,1740.243,870.1215,5.0,0.0,0.0,0.5,0
C106712,175,1,9718.9765,9718.9765,8.0,1.0,1.0,1.0,1
C110909,-1,2,31763.958,15881.979,15.0,5.0,0.0,0.5,0
C110356,45,10,271871.4795,27187.147950000002,17.0,2.0,2.0,0.4,0
C104835,1,5,107586.485,21517.297,6.0,2.0,0.0,1.0,0
C101420,13,5,60856.571500000005,12171.314300000002,10.0,1.0,0.0,0.8,0
C114316,116,7,148372.7875,21196.1125,6.0,1.0,1.0,0.5714285714285714,1
C101910,80,11,300923.908,27356.71890909091,9.0,3.0,2.0,0.2727272727272727,0
C102601,7,2,28859.229,14429.6145,10.0,6.0,0.0,1.0,0
C111899,176,1,30317.96,30317.96,8.0,2.0,0.0,0.0,1
C109298,-1,9,238332.5045,26481.389388888885,14.0,3.0,2.0,0.7777777777777778,0
C110703,124,5,60598.0945,12119.6189,6.0,1.0,1.0,0.8,1
C102796,210,3,25647.3855,8549.1285,6.0,0.0,0.0,0.6666666666666666,1
C104657,25,5,129386.33300000001,25877.2666,10.0,2.0,0.0,1.0,0
C107503,143,1,781.915,781.915,8.0,2.0,0.0,1.0,1
C111176,15,9,165974.64549999998,18441.627277777778,5.0,3.0,1.0,0.5555555555555556,0
C112678,16,9,224724.2285,24969.358722222223,11.0,1.0,0.0,0.3333333333333333,0
C102407,114,4,150630.2375,37657.559375,8.0,0.0,1.0,0.25,1
C105003,191,6,63235.479,10539.246500000001,13.0,3.0,0.0,1.0,1
C108908,349,2,13762.456000000002,6881.228000000001,7.0,2.0,0.0,0.5,1
C111072,1,6,172538.026,28756.33766666667,8.0,2.0,2.0,0.3333333333333333,0
C114293,-1,3,84423.43000000001,28141.143333333337,14.0,4.0,2.0,1.0,0
C110902,14,4,167538.6195,41884.654875,8.0,0.0,1.0,0.5,0
C110455,249,3,63220.488,21073.496,12.0,4.0,1.0,0.6666666666666666,1
C113791,264,3,75844.881,25281.626999999997,10.0,3.0,1.0,0.3333333333333333,1
C111901,24,1,31993.379999999997,31993.379999999997,7.0,2.0,1.0,0.0,0
C107762,77,3,133570.45,44523.48333333334,7.0,3.0,0.0,0.3333333333333333,0
C109465,71,6,115098.67,19183.111666666668,10.0,4.0,0.0,0.6666666666666666,0
C111746,7,6,228099.82450000002,38016.63741666667,9.0,3.0,1.0,0.8333333333333334,0
C110674,205,4,207347.38,51836.845,7.0,3.0,2.0,0.5,1
C107230,2,4,118888.5135,29722.128375,4.0,1.0,0.0,0.75,0
C114221,118,2,64234.589,32117.2945,9.0,3.0,0.0,0.5,1
C111722,229,2,56699.2255,28349.61275,2.0,0.0,1.0,0.5,1
C105529,164,2,33785.72,16892.86,6.0,3.0,1.0,0.0,1
C109082,74,4,136330.51499999998,34082.62875,16.0,6.0,2.0,0.5,0
C106472,27,13,252821.3215,19447.79396153846,14.0,4.0,2.0,0.23076923076923078,0
C112157,148,4,115892.846,28973.2115,9.0,2.0,2.0,0.25,1
C102912,18,12,182204.0155,15183.667958333333,2.0,0.0,3.0,0.5833333333333334,0
C110558,16,8,177060.1735,22132.5216875,6.0,1.0,0.0,0.5,0
C100943,39,11,272943.59,24813.05363636364,11.0,2.0,2.0,0.45454545454545453,0
C105947,72,7,192901.75400000002,27557.393428571428,7.0,2.0,2.0,0.2857142857142857,0
C109460,31,8,117919.986,14739.99825,7.0,0.0,2.0,0.875,0
C100105,50,4,40271.0895,10067.772375,8.0,0.0,0.0,1.0,0
C113456,8,3,49674.741,16558.247,10.0,1.0,1.0,0.6666666666666666,0
C108423,226,5,87167.147,17433.4294,10.0,4.0,2.0,0.6,1
C109167,17,7,165002.905,23571.84357142857,11.0,2.0,0.0,0.5714285714285714,0
C104557,64,9,340165.125,37796.125,6.0,0.0,0.0,0.6666666666666666,0
C101631,-1,1,13916.248000000001,13916.248000000001,7.0,1.0,0.0,1.0,0
C107808,22,10,176238.924,17623.8924,9.0,3.0,1.0,0.6,0
C111960,417,2,6203.862000000001,3101.9310000000005,12.0,3.0,1.0,1.0,1
C104155,18,2,77954.04000000001,38977.020000000004,12.0,5.0,1.0,1.0,0
C102775,3,5,74706.7365,14941.3473,6.0,2.0,1.0,1.0,0
C105938,119,11,235965.39849999998,21451.39986363636,7.0,2.0,0.0,0.6363636363636364,1
C111487,416,2,65422.824,32711.412,7.0,3.0,0.0,0.5,1
C114240,76,9,148232.04,16470.22666666667,8.0,2.0,0.0,0.6666666666666666,0
C110881,51,2,32093.45,16046.725,11.0,5.0,0.0,0.0,0
C108174,3,1,11769.832000000002,11769.832000000002,4.0,1.0,0.0,1.0,0
C109491,330,3,89916.56349999999,29972.187833333333,10.0,4.0,0.0,0.3333333333333333,1
C114505,504,1,10613.376,10613.376,4.0,1.0,0.0,1.0,1
C103043,98,1,34798.86,34798.86,6.0,0.0,0.0,1.0,1
C100344,0,5,99039.028,19807.8056,6.0,1.0,3.0,0.2,0
C101222,529,2,25183.906000000003,12591.953000000001,11.0,2.0,0.0,0.5,1
C114276,252,1,877.89,877.89,9.0,2.0,0.0,0.0,1
C104745,47,3,24136.392,8045.464,16.0,5.0,0.0,0.3333333333333333,0
C104581,102,12,276073.2475,23006.103958333333,9.0,5.0,3.0,0.3333333333333333,1
C106702,209,4,110368.92599999999,27592.2315,9.0,1.0,1.0,0.75,1
C111355,333,5,117940.978,23588.1956,7.0,2.0,0.0,0.8,1
C106219,238,2,57713.821,28856.910499999998,10.0,3.0,0.0,0.5,1
C107122,72,1,21001.82,21001.82,9.0,1.0,0.0,0.0,0
C101877,18,2,48860.877499999995,24430.438749999998,7.0,2.0,1.0,0.5,0
C100267,312,3,67430.5545,22476.8515,7.0,2.0,0.0,0.3333333333333333,1
C113839,36,2,20005.574500000002,10002.787250000001,4.0,0.0,0.0,0.5,0
C105335,0,6,91291.46549999999,15215.244249999998,7.0,1.0,1.0,0.8333333333333334,0
C101545,2,8,204219.822,25527.477750000002,11.0,2.0,1.0,0.625,0
C114504,14,5,50392.5015,10078.5003,4.0,2.0,1.0,0.8,0
C101607,12,2,34578.209,17289.1045,9.0,2.0,0.0,0.5,0
C113406,67,2,32138.742000000002,16069.371000000001,7.0,4.0,1.0,0.5,0
C109570,24,4,111398.708,27849.677000000003,8.0,2.0,0.0,0.5,0
C107998,514,3,29019.568,9673.189333333334,6.0,2.0,2.0,0.3333333333333333,1
C110344,42,3,35212.8915,11737.6305,7.0,2.0,0.0,0.6666666666666666,0
C102757,155,5,143249.349,28649.869799999997,6.0,1.0,1.0,0.4,1
C108256,137,9,259168.084,28796.453777777773,6.0,1.0,0.0,0.5555555555555556,1
C109432,87,1,30713.492,30713.492,8.0,4.0,0.0,1.0,0
C101078,77,11,194263.6145,17660.328590909092,7.0,2.0,2.0,0.7272727272727273,0
C109254,95,2,66023.789,33011.8945,3.0,1.0,1.0,0.5,1
C102764,580,3,52610.4685,17536.82283333333,10.0,1.0,1.0,0.6666666666666666,1
C103751,199,6,110367.51,18394.585000000003,11.0,1.0,0.0,0.5,1
C103933,2,11,284673.7725,25879.433863636365,5.0,0.0,1.0,0.45454545454545453,0
C106165,8,3,92806.259,30935.41966666667,8.0,3.0,1.0,1.0,0
C110880,121,10,284343.798,28434.379800000002,9.0,3.0,2.0,0.4,1
C105646,9,3,47693.94,15897.980000000001,3.0,1.0,0.0,1.0,0
C101604,84,2,30772.649,15386.3245,7.0,1.0,0.0,1.0,0
C110054,239,1,37044.4,37044.4,9.0,2.0,0.0,0.0,1
C100391,157,2,53961.63,26980.815,8.0,2.0,0.0,0.0,1
C102726,223,1,5233.49,5233.49,7.0,1.0,0.0,0.0,1
C107883,66,3,35893.394,11964.464666666667,12.0,4.0,0.0,0.3333333333333333,0
C113051,11,12,210206.003,17517.16691666667,5.0,1.0,1.0,0.3333333333333333,0
C104055,358,1,20854.5615,20854.5615,4.0,1.0,0.0,1.0,1
C111537,1,4,97492.982,24373.2455,9.0,1.0,0.0,0.75,0
C101664,22,4,132041.299,33010.32475,12.0,2.0,0.0,0.5,0
C100270,433,2,33467.206,16733.603000000003,5.0,1.0,1.0,0.5,1
C106999,70,2,29312.192,14656.096,14.0,2.0,0.0,1.0,0
C101661,-1,7,160912.772,22987.538857142856,10.0,5.0,0.0,0.2857142857142857,0
C105355,123,4,67893.8,16973.45,10.0,1.0,1.0,0.0,1
C105765,21,8,236624.9305,29578.1163125,8.0,2.0,2.0,0.5,0
C107396,501,3,120892.412,40297.47066666667,6.0,1.0,1.0,0.3333333333333333,1
C111865,28,4,72132.07500000001,18033.018750000003,4.0,1.0,1.0,0.5,0
C103778,92,10,149938.5635,14993.856349999998,6.0,0.0,3.0,0.6,1
C110856,7,8,178111.987,22263.998375,5.0,1.0,0.0,0.625,0
C100538,15,3,56190.8175,18730.272499999995,18.0,3.0,0.0,1.0,0
C100215,25,8,157832.0185,19729.0023125,8.0,3.0,2.0,0.625,0
C102795,1,10,164903.21,16490.321,13.0,3.0,1.0,0.6,0
C110273,-1,13,253002.2735,19461.713346153847,6.0,2.0,0.0,0.7692307692307693,0
C110343,490,3,31362.622499999998,10454.207499999999,10.0,2.0,0.0,0.6666666666666666,1
C103413,82,2,55162.7325,27581.36625,10.0,4.0,0.0,0.5,0
C108780,101,3,123328.894,41109.63133333333,8.0,2.0,0.0,0.3333333333333333,1
C103327,12,7,140962.9305,20137.5615,8.0,1.0,1.0,0.7142857142857143,0
C106124,18,2,30109.359,15054.6795,10.0,2.0,0.0,1.0,0
C105251,219,2,58215.7895,29107.89475,9.0,1.0,0.0,1.0,1
C101535,17,5,116165.79800000001,23233.159600000003,10.0,3.0,2.0,0.4,0
C112757,17,2,43048.01,21524.005,16.0,1.0,0.0,0.0,0
C110219,117,3,47836.1455,15945.381833333333,6.0,3.0,0.0,1.0,1
C102631,-1,14,285041.376,20360.098285714284,6.0,2.0,0.0,0.42857142857142855,0
C108311,192,1,13897.07,13897.07,12.0,5.0,0.0,0.0,1
C109314,307,1,5267.94,5267.94,5.0,1.0,1.0,0.0,1
C101011,11,5,119446.2385,23889.2477,7.0,1.0,1.0,0.8,0
C114114,234,5,79474.528,15894.905599999998,8.0,1.0,2.0,1.0,1
C112257,19,2,19205.619,9602.8095,6.0,2.0,0.0,1.0,0
C100020,65,9,199134.932,22126.103555555557,9.0,5.0,1.0,0.3333333333333333,0
C100388,706,1,15792.0,15792.0,13.0,3.0,0.0,0.0,1
C104968,231,3,24999.1365,8333.0455,5.0,1.0,0.0,1.0,1
C111562,259,1,17041.38,17041.38,8.0,3.0,0.0,0.0,1
C105816,30,5,70594.202,14118.840400000001,4.0,0.0,0.0,0.6,0
C103433,44,1,26814.0635,26814.0635,9.0,1.0,0.0,1.0,0
C107643,46,6,142095.3515,23682.55858333333,6.0,0.0,2.0,0.5,0
C103227,61,7,131595.789,18799.39842857143,10.0,2.0,2.0,0.7142857142857143,0
C105951,72,5,59339.104,11867.820799999998,4.0,1.0,0.0,0.8,0
C105754,189,4,64621.5285,16155.382125,13.0,4.0,0.0,0.75,1
C112389,11,16,335514.5655,20969.66034375,9.0,2.0,4.0,0.5625,0
C113998,610,3,100277.323,33425.774333333335,8.0,2.0,1.0,0.3333333333333333,1
C109498,180,6,141547.5565,23591.259416666668,6.0,2.0,1.0,0.5,1
C110175,57,4,100765.86300000001,25191.465750000003,4.0,1.0,0.0,0.5,0
C113544,156,2,58545.077,29272.5385,6.0,0.0,0.0,1.0,1
C107112,268,3,22000.4905,7333.496833333334,13.0,4.0,0.0,0.6666666666666666,1
C114643,15,3,59388.0835,19796.027833333334,15.0,5.0,1.0,1.0,0
C107685,29,8,97655.61,12206.95125,4.0,2.0,2.0,0.625,0
C110061,5,3,34959.536,11653.178666666667,12.0,3.0,1.0,0.6666666666666666,0
C105688,2,6,124412.032,20735.338666666667,16.0,5.0,0.0,0.16666666666666666,0
C109972,99,3,71316.2825,23772.094166666666,4.0,2.0,0.0,1.0,1
C100541,16,9,294199.2025,32688.80027777778,10.0,1.0,1.0,0.5555555555555556,0
C114166,314,8,167446.9435,20930.8679375,12.0,2.0,0.0,0.5,1
C105859,80,2,43007.69,21503.845,7.0,4.0,0.0,0.0,0
C107595,0,13,231527.2085,17809.785269230768,6.0,1.0,3.0,0.6153846153846154,0
C101208,25,5,123680.12999999999,24736.026,6.0,2.0,0.0,0.6,0
C105879,46,5,112427.651,22485.5302,18.0,5.0,0.0,0.6,0
C111114,127,5,73778.798,14755.7596,8.0,0.0,1.0,1.0,1
C114083,39,4,62753.614,15688.4035,10.0,3.0,1.0,0.25,0
C112960,7,9,261680.498,29075.61088888889,9.0,3.0,2.0,0.3333333333333333,0
C112285,199,5,54293.1355,10858.6271,8.0,4.0,0.0,0.4,1
C108984,10,14,343122.996,24508.785428571427,7.0,2.0,3.0,0.42857142857142855,0
C100797,14,3,46622.899,15540.966333333332,5.0,1.0,1.0,0.6666666666666666,0
C108114,22,6,102174.4905,17029.08175,8.0,0.0,1.0,0.6666666666666666,0
C106176,29,1,48330.62,48330.62,4.0,3.0,0.0,0.0,0
C107953,249,3,59571.206000000006,19857.06866666667,8.0,0.0,0.0,0.6666666666666666,1
C104468,32,5,124817.722,24963.5444,5.0,3.0,1.0,0.6,0
C109018,267,4,60550.276000000005,15137.569000000001,11.0,5.0,0.0,0.25,1
C100078,30,3,47944.074,15981.358,9.0,2.0,1.0,0.3333333333333333,0
C106081,-1,7,147064.996,21009.285142857145,11.0,4.0,0.0,0.5714285714285714,0
C112403,4,4,91964.671,22991.16775,10.0,2.0,1.0,0.25,0
C108305,154,1,36605.9555,36605.9555,9.0,3.0,0.0,1.0,1
C113050,467,2,28043.917999999998,14021.958999999999,6.0,4.0,0.0,1.0,1
C114523,84,3,39740.108,13246.702666666666,12.0,2.0,0.0,1.0,0
C113882,8,4,134811.1995,33702.799875000004,6.0,0.0,2.0,0.75,0
C100891,9,9,277616.8135,30846.31261111111,6.0,2.0,2.0,0.4444444444444444,0
C102898,265,6,97800.829,16300.138166666666,7.0,3.0,1.0,0.6666666666666666,1
C107306,339,1,14373.648000000001,14373.648000000001,4.0,2.0,0.0,1.0,1
C103127,64,2,49977.818499999994,24988.909249999997,6.0,3.0,0.0,1.0,0
C102770,250,3,36537.343,12179.114333333333,8.0,3.0,0.0,0.3333333333333333,1
C100448,12,3,22880.248,7626.749333333333,8.0,3.0,0.0,0.3333333333333333,0
C109841,2,1,13069.8,13069.8,9.0,4.0,0.0,0.0,0
C100997,133,2,96216.5665,48108.28324999999,11.0,3.0,1.0,0.5,1
C104748,4,5,167203.3255,33440.6651,10.0,3.0,0.0,0.6,0
C113829,392,1,13447.752,13447.752,2.0,2.0,0.0,1.0,1
C106080,1,6,80109.16,13351.526666666667,7.0,0.0,2.0,0.5,0
C107670,57,6,79612.52249999999,13268.753749999998,11.0,2.0,2.0,0.5,0
C107548,296,7,144093.76200000002,20584.82314285714,4.0,1.0,1.0,0.5714285714285714,1
C102960,39,6,80153.53700000001,13358.922833333336,11.0,2.0,0.0,0.6666666666666666,0
C106344,403,1,74558.979,74558.979,8.0,3.0,0.0,1.0,1
C110392,12,3,27256.65,9085.550000000001,15.0,1.0,0.0,0.3333333333333333,0
C102957,85,1,26484.98,26484.98,5.0,2.0,0.0,0.0,0
C102716,100,1,16520.73,16520.73,10.0,4.0,0.0,0.0,1
C110002,585,2,15746.575499999999,7873.2877499999995,4.0,0.0,0.0,1.0,1
C108106,23,4,106970.91200000001,26742.728000000003,8.0,2.0,0.0,0.75,0
C114095,869,1,54852.1735,54852.1735,8.0,6.0,2.0,1.0,1
C107237,3,3,41581.759999999995,13860.586666666668,10.0,1.0,0.0,0.0,0
C106068,7,5,78007.659,15601.5318,13.0,2.0,0.0,0.4,0
C104779,52,5,85585.9465,17117.189300000002,13.0,1.0,4.0,0.4,0
C102246,16,9,141269.505,15696.611666666668,8.0,1.0,1.0,0.1111111111111111,0
C106798,2,3,52287.818,17429.272666666668,7.0,2.0,0.0,1.0,0
C108647,16,4,83215.23300000001,20803.808250000002,9.0,5.0,0.0,0.75,0
C108258,460,2,14979.101999999999,7489.5509999999995,8.0,3.0,0.0,0.5,1
C109490,669,2,67900.7845,33950.39225,5.0,2.0,0.0,1.0,1
C108362,64,7,85492.3445,12213.192071428572,9.0,4.0,3.0,0.7142857142857143,0
C108880,61,8,156326.7915,19540.8489375,11.0,4.0,0.0,0.375,0
C111038,51,5,150520.71600000001,30104.143200000002,8.0,1.0,1.0,0.8,0
C113857,20,5,48125.0285,9625.0057,6.0,1.0,1.0,0.6,0
C107030,340,1,9068.757,9068.757,5.0,0.0,0.0,1.0,1
C101145,109,2,46878.612,23439.306,2.0,1.0,0.0,0.5,1
C101242,571,1,30213.324999999997,30213.324999999997,7.0,0.0,0.0,1.0,1
C104083,285,1,14071.877499999999,14071.877499999999,5.0,1.0,0.0,1.0,1
C101680,122,2,67037.20000000001,33518.6,5.0,0.0,0.0,0.5,1
C106634,5,16,398130.998,24883.187375,10.0,0.0,2.0,0.5,0
C109601,723,1,8284.57,8284.57,7.0,1.0,0.0,0.0,1
C102986,1,7,104324.9215,14903.560214285713,8.0,2.0,1.0,0.5714285714285714,0
C113767,317,2,27218.2955,13609.14775,5.0,1.0,1.0,0.5,1
C100591,175,5,97867.58200000001,19573.5164,16.0,2.0,1.0,0.6,1
C113317,35,9,160663.25699999998,17851.472999999998,11.0,5.0,1.0,0.3333333333333333,0
C111554,96,3,56312.0475,18770.6825,8.0,1.0,0.0,1.0,1
C100260,51,1,63055.18,63055.18,8.0,1.0,1.0,0.0,0
C102698,89,2,58236.53,29118.265,7.0,2.0,0.0,0.0,0
C100165,344,3,28738.781,9579.593666666666,8.0,0.0,0.0,1.0,1
C105057,96,7,183478.389,26211.198428571428,5.0,2.0,2.0,0.5714285714285714,1
C110421,218,2,16740.89,8370.445,8.0,3.0,0.0,0.0,1
C107908,135,5,118100.572,23620.1144,9.0,1.0,3.0,0.2,1
C112597,169,6,141646.40350000001,23607.733916666668,7.0,1.0,0.0,0.5,1
C111340,30,7,67601.2835,9657.326214285715,9.0,1.0,0.0,0.5714285714285714,0
C105948,94,4,140712.1045,35178.026125000004,13.0,2.0,1.0,0.5,1
C100784,214,4,74167.653,18541.91325,17.0,3.0,0.0,0.75,1
C110391,22,7,123580.405,17654.34357142857,11.0,2.0,1.0,0.7142857142857143,0
C108834,420,2,15921.168,7960.584,15.0,1.0,0.0,1.0,1
C113597,22,4,40187.6525,10046.913125000001,6.0,3.0,0.0,0.75,0
C103339,18,3,66894.175,22298.058333333334,8.0,0.0,0.0,1.0,0
C110906,7,2,26558.303,13279.1515,8.0,2.0,0.0,0.5,0
C114914,-1,14,216555.2025,15468.22875,8.0,2.0,2.0,0.7142857142857143,0
C105609,476,2,49381.53,24690.765,8.0,3.0,1.0,0.0,1
C112821,70,7,97753.196,13964.742285714285,5.0,1.0,0.0,0.7142857142857143,0
C102694,137,5,132368.701,26473.7402,9.0,3.0,1.0,0.8,1
C100560,503,1,6232.72,6232.72,10.0,2.0,0.0,1.0,1
C106711,193,3,68200.10100000001,22733.367,5.0,3.0,0.0,1.0,1
C103766,6,11,220559.134,20050.830363636363,5.0,0.0,3.0,0.45454545454545453,0
C110653,16,11,345221.299,31383.754454545455,7.0,0.0,3.0,0.6363636363636364,0
C110213,43,2,70698.098,35349.049,9.0,3.0,0.0,0.5,0
C106385,96,4,136780.217,34195.05425,11.0,5.0,0.0,0.5,1
C112637,212,6,135876.8985,22646.14975,6.0,0.0,2.0,0.5,1
C109011,13,15,412301.571,27486.7714,6.0,3.0,2.0,0.4666666666666667,0
C106600,35,5,122488.0915,24497.618300000002,9.0,4.0,1.0,0.6,0
C113263,79,4,24898.085,6224.52125,8.0,4.0,1.0,0.5,0
C102998,-1,6,131342.929,21890.488166666666,4.0,1.0,0.0,0.5,0
C105441,177,4,92877.1975,23219.299375,12.0,0.0,0.0,0.75,1
C108549,153,1,14738.41,14738.41,8.0,3.0,0.0,0.0,1
C109940,37,4,63317.782,15829.4455,15.0,5.0,0.0,0.5,0
C106867,-1,5,78692.334,15738.4668,8.0,2.0,0.0,0.6,0
C102683,1,1,44757.950000000004,44757.950000000004,11.0,5.0,0.0,0.0,0
C108026,252,2,52055.417,26027.7085,4.0,0.0,1.0,0.5,1
C103261,6,7,160126.7395,22875.248499999998,11.0,1.0,2.0,0.42857142857142855,0
C101622,21,4,107726.3485,26931.587125,4.0,1.0,2.0,0.75,0
C109060,89,14,497308.74,35522.05285714286,5.0,0.0,4.0,0.5714285714285714,0
C108857,9,9,228401.4575,25377.93972222222,5.0,0.0,2.0,0.6666666666666666,0
C107125,0,8,180148.6645,22518.583062499998,15.0,8.0,0.0,0.625,0
C111142,169,1,12173.886,12173.886,11.0,2.0,0.0,1.0,1
C108040,77,1,32669.47,32669.47,8.0,3.0,0.0,0.0,0
C106051,67,14,378414.8265,27029.630464285718,9.0,1.0,2.0,0.8571428571428571,0
C103673,14,1,16058.829000000002,16058.829000000002,10.0,1.0,1.0,1.0,0
C106491,-1,5,86516.07,17303.214,8.0,4.0,0.0,0.6,0
C109394,307,3,90259.22649999999,30086.40883333333,13.0,5.0,0.0,0.6666666666666666,1
C103462,47,13,418614.495,32201.114999999998,10.0,3.0,1.0,0.46153846153846156,0
C111280,112,1,4548.798000000001,4548.798000000001,13.0,5.0,0.0,1.0,1
C107879,81,6,149993.642,24998.940333333332,17.0,3.0,0.0,0.6666666666666666,0
C112946,29,4,70424.527,17606.13175,9.0,3.0,1.0,0.75,0
C111070,7,2,38951.520500000006,19475.76025,3.0,0.0,1.0,1.0,0
C106349,-1,8,147092.4675,18386.5584375,16.0,3.0,1.0,0.625,0
C101626,81,4,76668.1005,19167.025125,5.0,1.0,0.0,1.0,0
C109527,55,1,36913.34,36913.34,13.0,8.0,0.0,0.0,0
C114793,5,8,157388.354,19673.54425,13.0,3.0,3.0,0.375,0
C110187,129,9,200441.1045,22271.233833333335,10.0,2.0,1.0,0.5555555555555556,1
C111259,17,7,157225.49,22460.784285714286,9.0,2.0,0.0,0.42857142857142855,0
C104905,258,2,12053.271,6026.6355,10.0,4.0,0.0,0.5,1
C105385,37,2,38025.483,19012.7415,12.0,4.0,0.0,0.5,0
C111006,73,1,43797.759999999995,43797.759999999995,3.0,0.0,0.0,0.0,0
C110069,361,2,21359.6425,10679.821249999999,13.0,5.0,0.0,1.0,1
C104861,76,7,120070.831,17152.975857142857,9.0,2.0,1.0,0.7142857142857143,0
C109347,260,2,48157.86,24078.929999999997,7.0,2.0,0.0,0.0,1
C101725,77,5,129810.502,25962.1004,9.0,1.0,2.0,0.8,0
C109772,16,4,55245.7,13811.425,8.0,3.0,0.0,0.5,0
C104184,0,2,46320.880000000005,23160.440000000002,5.0,2.0,0.0,0.0,0
C113235,87,2,83671.40000000001,41835.700000000004,11.0,2.0,0.0,0.0,0
C109957,14,2,52313.020000000004,26156.510000000002,12.0,2.0,0.0,0.0,0
C105987,0,4,50427.51,12606.8775,8.0,2.0,0.0,0.25,0
C106792,24,1,18058.46,18058.46,14.0,8.0,0.0,0.0,0
C108412,43,6,143058.99550000002,23843.16591666667,6.0,3.0,0.0,0.5,0
C106375,11,7,52050.991,7435.8558571428575,7.0,2.0,0.0,0.5714285714285714,0
C111693,-1,15,328014.12299999996,21867.608200000002,9.0,1.0,1.0,0.4666666666666667,0
C112534,5,3,84496.4595,28165.4865,11.0,4.0,0.0,0.6666666666666666,0
C109188,38,9,304450.454,33827.828222222226,10.0,2.0,2.0,0.5555555555555556,0
C106508,66,4,35248.481999999996,8812.120499999999,8.0,4.0,0.0,0.25,0
C105049,64,4,114103.3605,28525.840125,9.0,3.0,0.0,0.5,0
C103233,319,2,120318.59,60159.295,14.0,3.0,0.0,0.0,1
C111419,189,6,67734.08,11289.013333333334,9.0,6.0,1.0,0.3333333333333333,1
C114912,10,5,78512.68,15702.535999999998,9.0,5.0,0.0,0.0,0
C114906,24,7,112160.79550000001,16022.970785714288,6.0,3.0,1.0,0.7142857142857143,0
C113066,26,3,99829.594,33276.53133333334,6.0,2.0,2.0,0.6666666666666666,0
C114275,164,5,152974.7065,30594.9413,10.0,3.0,0.0,0.4,1
C100641,100,3,83979.80350000001,27993.267833333335,8.0,0.0,0.0,1.0,1
C101217,122,2,47690.759999999995,23845.379999999997,9.0,1.0,1.0,1.0,1
C102480,501,2,32085.64,16042.82,7.0,1.0,1.0,0.5,1
C113167,9,8,205518.031,25689.753875,10.0,3.0,2.0,0.5,0
C112025,153,11,149915.381,13628.671,10.0,4.0,2.0,0.5454545454545454,1
C113566,357,1,13994.478000000001,13994.478000000001,12.0,2.0,0.0,1.0,1
C105310,142,2,43573.0645,21786.53225,6.0,1.0,0.0,0.5,1
C112941,44,9,232104.7105,25789.412277777777,6.0,2.0,2.0,0.4444444444444444,0
C110070,110,6,149104.3315,24850.721916666665,9.0,2.0,2.0,0.5,1
C114470,18,7,152376.1095,21768.015642857143,9.0,0.0,4.0,1.0,0
C113354,72,3,29828.066,9942.688666666667,4.0,0.0,0.0,1.0,0
C109529,1,6,97183.497,16197.2495,10.0,3.0,1.0,0.6666666666666666,0
C112548,100,1,20659.92,20659.92,6.0,2.0,1.0,0.0,1
C111379,111,2,68104.2565,34052.128249999994,11.0,3.0,0.0,0.5,1
C102260,135,1,1596.807,1596.807,11.0,3.0,0.0,1.0,1
C113075,5,3,44764.804000000004,14921.601333333334,7.0,2.0,0.0,0.6666666666666666,0
C100995,248,4,44798.1995,11199.549875,6.0,2.0,0.0,0.75,1
C102593,43,2,21248.929,10624.4645,12.0,2.0,0.0,1.0,0
C107980,457,1,22431.399999999998,22431.399999999998,13.0,4.0,0.0,1.0,1
C110521,6,3,83435.544,27811.847999999998,8.0,3.0,0.0,0.3333333333333333,0
C102419,18,9,135712.4725,15079.163611111111,11.0,3.0,2.0,0.4444444444444444,0
C107722,15,8,159687.7775,19960.9721875,9.0,5.0,1.0,0.625,0
C106346,10,8,169137.76,21142.22,9.0,4.0,2.0,0.5,0
C106231,59,4,112645.68699999999,28161.42175,7.0,2.0,3.0,0.75,0
C102467,254,5,111535.5965,22307.1193,7.0,1.0,0.0,0.6,1
C103296,35,2,75280.911,37640.4555,4.0,0.0,0.0,0.5,0
C110105,445,1,44985.200000000004,44985.200000000004,9.0,4.0,0.0,1.0,1
C105415,2,7,106935.173,15276.453285714286,6.0,2.0,0.0,0.42857142857142855,0
C105286,83,4,100672.312,25168.078,7.0,2.0,1.0,0.5,0
C112667,140,1,5057.376,5057.376,11.0,5.0,0.0,1.0,1
C114258,319,2,64544.339499999995,32272.169749999997,9.0,3.0,1.0,1.0,1
C108281,10,16,379981.7485,23748.85928125,6.0,2.0,1.0,0.5625,0
C100773,125,12,221472.23200000002,18456.019333333334,10.0,1.0,1.0,0.5,1
C102602,11,3,57997.200500000006,19332.40016666667,14.0,5.0,1.0,0.3333333333333333,0
C105864,386,6,131666.1845,21944.364083333334,8.0,4.0,2.0,0.5,1
C109052,477,5,145282.0395,29056.407900000002,9.0,2.0,3.0,0.8,1
C105438,150,3,79525.156,26508.385333333335,10.0,4.0,0.0,0.3333333333333333,1
C105918,243,8,93884.1535,11735.5191875,12.0,2.0,1.0,0.375,1
C100212,108,3,61070.823000000004,20356.941000000003,10.0,1.0,1.0,1.0,1
C104181,368,1,10396.107,10396.107,10.0,4.0,0.0,1.0,1
C107759,82,2,23564.246,11782.123000000001,7.0,1.0,0.0,0.5,0
C103425,64,5,131459.951,26291.9902,7.0,3.0,2.0,0.4,0
C100221,10,7,129141.3535,18448.764785714284,7.0,2.0,3.0,0.42857142857142855,0
C103560,5,6,167658.7705,27943.12841666667,3.0,1.0,1.0,0.6666666666666666,0
C108567,244,4,83631.4275,20907.856875,10.0,3.0,0.0,0.5,1
C102311,115,5,129968.24100000001,25993.6482,8.0,3.0,0.0,0.6,1
C114631,20,3,35196.7145,11732.238166666668,7.0,3.0,1.0,1.0,0
C114495,4,4,51053.519,12763.37975,8.0,1.0,0.0,0.75,0
C101735,0,2,15900.265500000001,7950.132750000001,9.0,4.0,0.0,1.0,0
C103169,74,5,113844.106,22768.8212,5.0,0.0,0.0,0.8,0
C108639,19,5,137549.98,27509.995999999996,16.0,5.0,0.0,0.0,0
C105809,25,1,782.6954999999999,782.6954999999999,10.0,6.0,0.0,1.0,0
C113337,164,4,134786.9505,33696.737625,6.0,2.0,0.0,0.75,1
C101014,10,8,93907.857,11738.482125,11.0,1.0,0.0,0.5,0
C111556,70,5,113435.161,22687.0322,10.0,1.0,3.0,0.8,0
C104230,92,2,26712.114999999998,13356.057499999999,8.0,1.0,1.0,1.0,1
C103584,72,9,239954.9965,26661.66627777778,9.0,6.0,1.0,0.4444444444444444,0
C104507,71,8,154748.058,19343.50725,8.0,4.0,2.0,0.75,0
C109762,457,2,29583.138,14791.569,9.0,2.0,0.0,1.0,1
C111847,135,1,32067.199999999997,32067.199999999997,8.0,2.0,0.0,0.0,1
C100341,92,4,92048.821,23012.20525,10.0,1.0,1.0,0.5,1
C103963,226,3,79949.35949999999,26649.7865,8.0,2.0,0.0,0.3333333333333333,1
C104401,56,4,31062.403,7765.60075,15.0,5.0,0.0,1.0,0
C103364,434,3,79906.66,26635.553333333333,6.0,4.0,0.0,0.3333333333333333,1
C101950,142,2,27168.6965,13584.34825,7.0,3.0,1.0,1.0,1
C112396,0,5,93714.8585,18742.971700000002,9.0,3.0,2.0,1.0,0
C102930,221,1,37958.504,37958.504,10.0,3.0,0.0,1.0,1
C112874,23,11,224811.9515,20437.450136363637,8.0,2.0,1.0,0.6363636363636364,0
C102712,20,14,250483.432,17891.673714285713,11.0,2.0,0.0,0.5714285714285714,0
C114481,1,4,72539.859,18134.96475,5.0,2.0,0.0,0.5,0
C112653,176,5,63445.438,12689.0876,9.0,3.0,1.0,0.6,1
C106419,26,5,73494.59,14698.918,12.0,3.0,0.0,0.4,0
C111872,568,2,36187.112,18093.556,10.0,7.0,0.0,0.5,1
C110724,52,11,192048.026,17458.911454545454,7.0,3.0,0.0,0.8181818181818182,0
C103490,1,9,188534.5345,20948.281611111113,12.0,3.0,0.0,0.5555555555555556,0
C104878,46,7,90464.4135,12923.487642857142,11.0,5.0,2.0,0.7142857142857143,0
C102618,164,10,254194.708,25419.470800000003,7.0,3.0,4.0,0.5,1
C107119,81,2,41944.044,20972.021999999997,8.0,2.0,0.0,0.5,0
C100737,17,8,154380.0565,19297.5070625,14.0,3.0,2.0,0.625,0
C113717,44,3,69919.6995,23306.5665,6.0,3.0,0.0,0.6666666666666666,0
C108967,20,9,198732.951,22081.439,11.0,5.0,0.0,0.6666666666666666,0
C112682,118,4,107849.916,26962.479,7.0,1.0,1.0,0.75,1
C112725,17,4,54517.548500000004,13629.387125000001,8.0,1.0,1.0,0.75,0
C110288,17,4,50534.785,12633.696249999999,10.0,4.0,0.0,0.75,0
C102351,163,2,15845.460000000001,7922.7300000000005,9.0,2.0,1.0,0.5,1
C111999,2,3,46524.36,15508.12,8.0,0.0,1.0,0.0,0
C108746,106,1,20551.8015,20551.8015,9.0,4.0,1.0,1.0,1
C114985,206,8,139512.968,17439.121,11.0,5.0,2.0,0.75,1
C100699,255,1,36807.66,36807.66,3.0,0.0,0.0,0.0,1
C106989,39,8,182801.192,22850.148999999998,3.0,0.0,1.0,0.125,0
C107310,168,7,136978.9775,19568.42535714286,7.0,1.0,2.0,0.7142857142857143,1
C112564,26,7,157600.731,22514.390142857144,6.0,2.0,0.0,0.42857142857142855,0
C101049,63,4,103713.07,25928.2675,6.0,0.0,0.0,0.5,0
C111305,1,7,154799.566,22114.223714285712,7.0,2.0,1.0,0.42857142857142855,0
C102445,83,7,174065.1575,24866.45107142857,6.0,0.0,0.0,0.42857142857142855,0
C113581,-1,7,112777.91,16111.130000000001,13.0,5.0,0.0,0.5714285714285714,0
C103598,53,4,64937.117,16234.27925,8.0,4.0,1.0,0.75,0
C103635,209,4,130554.103,32638.52575,7.0,1.0,1.0,0.75,1
C111032,147,5,77703.0015,15540.6003,7.0,1.0,0.0,0.6,1
C108642,22,2,50186.889,25093.4445,9.0,4.0,0.0,1.0,0
C102929,1,14,223963.94950000002,15997.424964285716,9.0,3.0,2.0,0.42857142857142855,0
C113979,30,4,79178.476,19794.619,9.0,1.0,0.0,0.75,0
C114994,17,2,35015.87,17507.935,5.0,1.0,0.0,0.0,0
C107273,-1,7,121925.223,17417.889,10.0,4.0,2.0,0.5714285714285714,0
C110138,131,7,154395.4105,22056.487214285713,10.0,2.0,2.0,0.42857142857142855,1
C113590,25,15,273106.297,18207.086466666668,4.0,1.0,1.0,0.6666666666666666,0
C109181,396,1,11089.928000000002,11089.928000000002,11.0,2.0,0.0,1.0,1
C110208,58,8,276627.187,34578.398375,12.0,3.0,2.0,0.5,0
C107748,31,11,204966.5575,18633.32340909091,9.0,3.0,0.0,0.36363636363636365,0
C106652,30,3,92320.5245,30773.508166666667,8.0,2.0,0.0,0.3333333333333333,0
C102576,6,12,285613.747,23801.145583333335,8.0,4.0,4.0,0.6666666666666666,0
C103062,-1,4,72437.65,18109.4125,5.0,0.0,0.0,0.0,0
C101538,15,10,218642.9625,21864.29625,9.0,2.0,3.0,0.4,0
C106884,42,8,152149.5025,19018.6878125,7.0,1.0,2.0,0.5,0
C104174,11,10,258604.511,25860.4511,8.0,4.0,0.0,0.5,0
C111136,27,4,67201.8435,16800.460875,6.0,2.0,0.0,0.75,0
C104671,4,5,117142.6695,23428.533900000002,8.0,1.0,0.0,0.6,0
C114486,12,8,192535.39,24066.92375,11.0,4.0,0.0,0.75,0
C102703,211,1,14797.16,14797.16,13.0,1.0,0.0,0.0,1
C105418,29,8,135993.242,16999.15525,2.0,0.0,1.0,0.625,0
C102403,321,2,65378.05,32689.024999999998,9.0,2.0,0.0,0.0,1
C101683,3,1,9556.3,9556.3,11.0,2.0,0.0,0.0,0
C113229,3,4,106737.14,26684.285,2.0,1.0,1.0,0.5,0
C108772,176,4,90860.70300000001,22715.175750000002,11.0,2.0,1.0,0.75,1
C100626,29,4,80920.57,20230.1425,10.0,1.0,0.0,0.5,0
C106482,13,5,90770.20449999999,18154.0409,10.0,1.0,1.0,0.4,0
C108895,70,10,227295.3595,22729.53595,13.0,5.0,1.0,0.6,0
C114427,125,3,55941.774000000005,18647.258,10.0,4.0,0.0,0.6666666666666666,1
C104953,51,8,139267.531,17408.441375,9.0,1.0,0.0,0.375,0
C111500,74,4,86181.32149999999,21545.330374999998,13.0,3.0,1.0,0.5,0
C107473,92,2,32988.359,16494.1795,10.0,1.0,0.0,1.0,1
C113810,124,5,150373.201,30074.6402,8.0,4.0,0.0,0.8,1
C108782,4,2,51221.134,25610.567,6.0,3.0,1.0,0.5,0
C102692,70,6,104601.352,17433.558666666668,8.0,4.0,2.0,0.3333333333333333,0
C100570,1,13,221438.2055,17033.708115384616,8.0,2.0,4.0,0.6923076923076923,0
C106583,-1,7,109163.2705,15594.752928571428,9.0,3.0,0.0,0.2857142857142857,0
C103719,134,2,22455.261,11227.630500000001,7.0,1.0,1.0,1.0,1
C114473,170,4,129463.5475,32365.886875,14.0,2.0,1.0,0.25,1
C102571,17,11,278311.94,25301.085454545453,7.0,3.0,7.0,0.5454545454545454,0
C102303,122,3,71529.14,23843.046666666665,8.0,4.0,2.0,0.0,1
C111391,275,1,43258.611,43258.611,9.0,3.0,0.0,1.0,1
C106201,99,7,192105.101,27443.585857142858,11.0,2.0,2.0,0.5714285714285714,1
C108381,109,5,101222.3125,20244.4625,8.0,2.0,1.0,0.6,1
C106141,32,7,106682.37449999999,15240.339214285716,6.0,3.0,2.0,0.7142857142857143,0
C111860,61,9,208582.3935,23175.821500000002,9.0,1.0,2.0,0.5555555555555556,0
C102820,83,3,82816.038,27605.346,5.0,0.0,2.0,0.3333333333333333,0
C105320,16,3,34602.65,11534.216666666667,6.0,3.0,1.0,0.3333333333333333,0
C113421,2,5,189060.439,37812.0878,11.0,2.0,0.0,0.2,0
C113571,740,1,13043.128,13043.128,8.0,4.0,0.0,1.0,1
C101567,541,1,34752.05,34752.05,6.0,2.0,0.0,0.0,1
C102385,70,5,93356.282,18671.2564,9.0,1.0,2.0,0.8,0
C112303,201,10,159345.9015,15934.59015,8.0,2.0,2.0,0.6,1
C101718,38,7,185114.3065,26444.90092857143,12.0,5.0,1.0,0.8571428571428571,0
C101164,13,17,349171.381,20539.493,8.0,3.0,1.0,0.5882352941176471,0
C101754,12,9,270034.71400000004,30003.857111111116,10.0,5.0,2.0,0.4444444444444444,0
C114198,186,2,44445.768000000004,22222.884000000005,9.0,3.0,0.0,0.5,1
C101449,216,2,35794.543,17897.2715,7.0,1.0,0.0,0.5,1
C100498,29,8,188940.614,23617.57675,4.0,0.0,1.0,0.625,0
C108965,225,2,20573.5905,10286.79525,11.0,5.0,2.0,0.5,1
C113604,142,2,43903.656,21951.828,8.0,3.0,0.0,0.5,1
C104772,4,15,294234.028,19615.601866666668,5.0,1.0,1.0,0.7333333333333333,0
C103788,35,2,49075.59,24537.795000000002,7.0,3.0,1.0,0.0,0
C103628,4,3,24462.385000000002,8154.128333333334,10.0,1.0,0.0,0.6666666666666666,0
C110871,-1,6,164479.3915,27413.231916666668,9.0,2.0,2.0,0.5,0
C109720,56,5,109303.28199999999,21860.6564,13.0,5.0,2.0,0.8,0
C106074,23,7,90350.455,12907.207857142857,9.0,3.0,0.0,0.8571428571428571,0
C110857,22,10,127528.83,12752.882999999998,8.0,1.0,1.0,0.6,0
C101507,94,3,53705.46799999999,17901.822666666663,7.0,3.0,0.0,0.3333333333333333,1
C109070,24,3,45975.349500000004,15325.116500000002,7.0,6.0,0.0,0.6666666666666666,0
C109499,19,3,101296.724,33765.57466666667,11.0,3.0,0.0,0.6666666666666666,0
C107365,307,2,22792.3815,11396.190750000002,10.0,2.0,1.0,1.0,1
C100121,117,2,53174.2745,26587.137249999996,9.0,4.0,0.0,1.0,1
C106404,76,4,91940.74200000001,22985.1855,6.0,2.0,0.0,0.25,0
C106405,411,1,20938.01,20938.01,12.0,4.0,0.0,0.0,1
C104577,242,6,113487.60250000001,18914.600416666664,9.0,0.0,1.0,0.6666666666666666,1
C108926,122,3,79884.71949999999,26628.23983333333,11.0,3.0,1.0,1.0,1
C108577,186,2,37394.065,18697.0325,10.0,2.0,1.0,0.5,1
C113257,63,4,78715.39600000001,19678.849000000002,3.0,1.0,0.0,0.5,0
C108522,41,4,128351.098,32087.7745,7.0,3.0,2.0,0.25,0
C106934,121,9,257170.463,28574.495888888887,5.0,2.0,2.0,0.6666666666666666,1
C114576,180,6,82177.1215,13696.186916666666,6.0,1.0,1.0,0.6666666666666666,1
C114469,32,2,22306.976000000002,11153.488000000001,8.0,2.0,0.0,1.0,0
C110382,394,1,47350.8225,47350.8225,8.0,1.0,0.0,1.0,1
C111323,143,4,36088.3055,9022.076375,11.0,3.0,1.0,0.5,1
C108953,89,7,98094.951,14013.564428571428,7.0,0.0,0.0,0.2857142857142857,0
C105229,267,5,96447.9035,19289.5807,3.0,0.0,3.0,0.4,1
C109251,164,1,51694.47,51694.47,7.0,1.0,0.0,0.0,1
C101205,227,5,93092.3355,18618.4671,7.0,4.0,1.0,0.4,1
C101574,111,2,53118.5905,26559.295250000003,10.0,2.0,2.0,1.0,1
C109597,184,2,38916.649,19458.3245,10.0,1.0,1.0,0.5,1
C102241,125,4,74035.619,18508.90475,14.0,6.0,2.0,0.25,1
C113322,214,2,79785.61,39892.805,6.0,2.0,0.0,0.0,1
C100809,28,6,72325.7155,12054.285916666668,10.0,2.0,3.0,0.3333333333333333,0
C110788,426,3,68344.51,22781.503333333338,5.0,2.0,0.0,0.6666666666666666,1
C109612,33,6,53499.4815,8916.58025,10.0,6.0,0.0,0.6666666666666666,0
C112124,21,3,43962.537,14654.179000000002,15.0,7.0,0.0,0.3333333333333333,0
C112752,151,3,70372.58,23457.52666666667,11.0,3.0,0.0,0.0,1
C107565,108,1,10035.784,10035.784,7.0,1.0,0.0,1.0,1
C110461,46,4,121119.42000000001,30279.855000000003,7.0,0.0,0.0,0.25,0
C110090,69,3,38144.55,12714.85,8.0,3.0,0.0,0.3333333333333333,0
C108830,178,1,29850.265999999996,29850.265999999996,8.0,1.0,0.0,1.0,1
C108632,354,1,42974.89,42974.89,8.0,1.0,0.0,0.0,1
C101657,7,9,144095.08800000002,16010.565333333336,7.0,4.0,1.0,0.5555555555555556,0
C101906,212,6,156560.4375,26093.40625,9.0,2.0,2.0,0.6666666666666666,1
C113100,219,5,127418.98300000001,25483.7966,12.0,3.0,1.0,0.6,1
C109697,45,8,160874.5485,20109.3185625,3.0,1.0,1.0,0.625,0
C114672,81,2,23519.2305,11759.61525,12.0,2.0,1.0,0.5,0
C110852,13,3,120930.68000000001,40310.22666666667,7.0,2.0,0.0,1.0,0
C103269,664,2,5328.8640000000005,2664.4320000000002,5.0,1.0,0.0,0.5,1
C105164,413,3,82580.466,27526.822,12.0,1.0,1.0,0.6666666666666666,1
C111866,74,3,70595.86,23531.953333333335,8.0,0.0,0.0,0.0,0
C109429,93,7,90907.27249999999,12986.753214285713,6.0,4.0,1.0,0.8571428571428571,1
C102570,2,24,464705.218,19362.717416666666,10.0,2.0,4.0,0.625,0
C113892,26,6,229654.9755,38275.82925,9.0,1.0,0.0,0.5,0
C114590,19,7,192643.362,27520.48028571429,12.0,4.0,1.0,0.42857142857142855,0
C113346,126,5,178673.193,35734.6386,9.0,3.0,1.0,0.2,1
C112300,457,1,5094.407,5094.407,4.0,2.0,1.0,1.0,1
C104906,44,3,79568.083,26522.694333333333,12.0,1.0,0.0,1.0,0
C108813,29,2,15459.572,7729.786,7.0,2.0,1.0,0.5,0
C109163,24,3,104940.035,34980.011666666665,8.0,1.0,0.0,0.6666666666666666,0
C101315,2,10,171804.8005,17180.48005,5.0,0.0,1.0,0.5,0
C104355,136,10,289185.923,28918.5923,14.0,4.0,3.0,0.5,1
C108893,2,2,43783.344,21891.672,5.0,1.0,0.0,1.0,0
C104979,4,9,137434.6255,15270.513944444443,11.0,3.0,1.0,0.4444444444444444,0
C112799,29,3,18700.1985,6233.3994999999995,14.0,5.0,1.0,0.3333333333333333,0
C104207,60,4,80361.97750000001,20090.494375000002,3.0,1.0,0.0,0.5,0
C113098,16,13,377134.653,29010.35792307692,7.0,1.0,1.0,0.46153846153846156,0
C110714,2,4,41957.95,10489.4875,6.0,1.0,0.0,0.5,0
C113423,53,7,104186.692,14883.813142857141,12.0,2.0,1.0,0.14285714285714285,0
C110815,-1,7,92413.26999999999,13201.895714285714,10.0,1.0,0.0,0.42857142857142855,0
C112076,7,2,66020.6,33010.3,4.0,0.0,0.0,0.0,0
C101850,23,19,352258.3395,18539.91260526316,4.0,2.0,4.0,0.42105263157894735,0
C106221,68,5,164438.66,32887.732,7.0,2.0,0.0,0.8,0
C106898,29,2,16671.0685,8335.53425,11.0,2.0,1.0,0.5,0
C104788,39,9,179017.442,19890.826888888885,11.0,1.0,1.0,0.7777777777777778,0
C114767,26,6,165741.4375,27623.572916666668,9.0,3.0,0.0,0.6666666666666666,0
C114187,288,3,54896.31,18298.77,6.0,2.0,0.0,0.0,1
C114785,21,4,79777.797,19944.44925,7.0,2.0,0.0,0.75,0
C106073,364,1,14797.807999999999,14797.807999999999,12.0,3.0,0.0,1.0,1
C107903,26,4,59019.944,14754.985999999999,7.0,3.0,1.0,0.25,0
C103901,4,6,198311.28949999998,33051.88158333333,11.0,3.0,4.0,0.6666666666666666,0
C109200,65,7,156929.5095,22418.501357142854,4.0,1.0,1.0,0.7142857142857143,0
C112054,159,8,129327.5975,16165.9496875,3.0,1.0,2.0,0.625,1
C102868,75,2,51309.354,25654.677,13.0,5.0,0.0,1.0,0
C113205,280,2,58427.082,29213.541,8.0,1.0,0.0,1.0,1
C100380,67,6,151301.41,25216.90166666667,11.0,2.0,0.0,0.0,0
C109942,1,4,90178.275,22544.568750000002,11.0,5.0,0.0,0.5,0
C113416,111,5,110901.068,22180.2136,6.0,0.0,2.0,0.8,1
C113708,28,8,164070.231,20508.778875,6.0,1.0,2.0,0.75,0
C109901,171,4,89991.1255,22497.781375,8.0,4.0,1.0,0.75,1
C113662,21,15,274804.9355,18320.329033333335,11.0,5.0,4.0,0.5333333333333333,0
C107111,78,8,197679.8645,24709.9830625,6.0,1.0,0.0,0.625,0
C103752,496,3,116155.006,38718.335333333336,13.0,5.0,2.0,0.6666666666666666,1
C113515,61,3,58088.048,19362.682666666668,6.0,2.0,0.0,1.0,0
C101457,72,10,248182.7245,24818.272449999997,8.0,1.0,1.0,0.4,0
C109862,14,2,9467.055499999999,4733.527749999999,10.0,1.0,0.0,1.0,0
C102579,442,1,33361.46,33361.46,9.0,4.0,0.0,0.0,1
C113632,553,1,66368.43000000001,66368.43000000001,6.0,2.0,1.0,0.0,1
C102755,120,1,16927.533,16927.533,9.0,2.0,0.0,1.0,1
C109771,156,7,117808.15950000001,16829.73707142857,9.0,3.0,1.0,0.8571428571428571,1
C103311,112,2,16779.893,8389.9465,10.0,4.0,0.0,0.5,1
C110086,5,18,364061.0795,20225.615527777776,5.0,2.0,1.0,0.7222222222222222,0
C103221,43,5,55707.764,11141.552800000001,5.0,0.0,1.0,0.6,0
C110408,128,2,40301.508,20150.753999999997,5.0,0.0,0.0,0.5,1
C113704,102,3,82207.04,27402.346666666665,6.0,0.0,0.0,0.0,1
C114288,19,3,47833.1645,15944.38816666667,15.0,5.0,2.0,0.6666666666666666,0
C113206,30,6,165232.3635,27538.727249999996,11.0,3.0,2.0,0.3333333333333333,0
C105498,12,8,246678.271,30834.783875,9.0,4.0,1.0,0.5,0
C113046,89,9,267191.713,29687.96811111111,10.0,5.0,2.0,0.8888888888888888,0
C105499,512,3,28412.055999999997,9470.685333333333,7.0,1.0,1.0,0.3333333333333333,1
C100430,67,3,62392.78799999999,20797.595999999998,6.0,3.0,1.0,0.6666666666666666,0
C108182,146,3,34074.4715,11358.157166666666,13.0,5.0,0.0,1.0,1
C114876,113,6,95169.01199999999,15861.501999999999,9.0,4.0,1.0,0.3333333333333333,1
C100820,153,4,71580.663,17895.16575,7.0,2.0,0.0,0.75,1
C103820,644,1,6559.839999999999,6559.839999999999,6.0,1.0,1.0,0.0,1
C102688,35,6,104127.253,17354.542166666666,4.0,0.0,1.0,0.5,0
C111551,10,2,50224.39,25112.195,9.0,3.0,0.0,0.0,0
C114926,707,1,6507.89,6507.89,6.0,1.0,0.0,0.0,1
C108557,25,14,312775.091,22341.07792857143,12.0,6.0,1.0,0.5714285714285714,0
C105667,157,8,216664.0075,27083.0009375,6.0,1.0,1.0,0.375,1
C113324,24,2,44997.3295,22498.664749999996,9.0,2.0,1.0,0.5,0
C112939,4,14,332008.9975,23714.928392857142,10.0,1.0,1.0,0.35714285714285715,0
C106816,637,3,68799.804,22933.268,4.0,1.0,1.0,0.6666666666666666,1
C110202,25,13,411089.4965,31622.268961538462,9.0,4.0,4.0,0.5384615384615384,0
C110036,68,5,78589.114,15717.8228,7.0,1.0,0.0,0.4,0
C107704,297,3,63636.119,21212.039666666667,8.0,2.0,1.0,0.6666666666666666,1
C113547,211,1,4129.76,4129.76,14.0,2.0,0.0,0.0,1
C112143,34,3,51302.741,17100.913666666664,9.0,3.0,1.0,0.6666666666666666,0
C105739,205,3,17945.734,5981.9113333333335,8.0,1.0,1.0,1.0,1
C111489,108,2,45196.85,22598.425,9.0,4.0,1.0,0.0,1
C101711,265,3,148391.7955,49463.93183333333,7.0,3.0,0.0,1.0,1
C111358,171,3,96983.5255,32327.841833333336,5.0,1.0,0.0,0.6666666666666666,1
C107470,1,5,78978.632,15795.7264,8.0,2.0,0.0,0.6,0
C100898,44,6,139871.1435,23311.85725,8.0,0.0,0.0,0.6666666666666666,0
C108411,74,8,123439.127,15429.890875,7.0,2.0,1.0,0.5,0
C102626,34,3,43328.063,14442.687666666667,5.0,2.0,0.0,0.6666666666666666,0
C105697,38,4,111684.874,27921.218500000003,5.0,2.0,0.0,0.5,0
C110545,130,2,20787.485,10393.7425,11.0,3.0,0.0,0.5,1
C114211,136,4,145977.394,36494.3485,8.0,3.0,0.0,0.5,1
C106561,0,2,23539.6,11769.8,6.0,3.0,1.0,0.0,0
C100420,37,4,43189.8245,10797.456125,6.0,2.0,1.0,1.0,0
C107674,121,2,61927.86,30963.93,8.0,1.0,1.0,1.0,1
C108661,667,1,3703.8239999999996,3703.8239999999996,6.0,1.0,0.0,1.0,1
C100831,63,3,67917.027,22639.009000000002,10.0,2.0,0.0,0.3333333333333333,0
C108486,1,9,135273.029,15030.336555555557,7.0,2.0,1.0,0.5555555555555556,0
C109679,64,3,67602.4075,22534.135833333334,11.0,4.0,0.0,0.6666666666666666,0
C107859,25,5,99381.368,19876.2736,7.0,2.0,1.0,0.2,0
C113562,63,6,97920.531,16320.0885,15.0,4.0,1.0,0.5,0
C111736,3,7,122875.77699999999,17553.68242857143,15.0,5.0,0.0,0.5714285714285714,0
C112550,411,1,27537.960000000003,27537.960000000003,5.0,0.0,0.0,0.0,1
C109767,28,1,47663.32,47663.32,7.0,3.0,1.0,0.0,0
C100307,28,1,36558.92,36558.92,6.0,5.0,0.0,0.0,0
C108615,332,2,38822.912000000004,19411.456000000002,16.0,5.0,2.0,0.5,1
C100598,237,4,73659.929,18414.98225,6.0,4.0,1.0,0.5,1
C114587,49,2,35044.630000000005,17522.315000000002,14.0,2.0,0.0,0.0,0
C113420,44,3,30743.3845,10247.794833333333,12.0,4.0,0.0,0.6666666666666666,0
C107103,135,2,28628.908499999994,14314.454249999999,11.0,3.0,0.0,1.0,1
C111241,8,5,107904.4435,21580.8887,9.0,5.0,2.0,0.6,0
C103665,25,8,156288.7465,19536.0933125,11.0,1.0,0.0,0.25,0
C100963,77,4,93298.9725,23324.743125,8.0,4.0,0.0,0.75,0
C100842,8,2,41601.04,20800.52,9.0,3.0,0.0,0.0,0
C103675,1020,1,13475.78,13475.78,8.0,1.0,1.0,0.0,1
C107434,-1,15,221476.258,14765.083866666666,14.0,6.0,3.0,0.6,0
C114987,20,4,64235.556,16058.889,11.0,2.0,0.0,0.5,0
C114122,147,4,89811.223,22452.80575,7.0,3.0,0.0,0.75,1
C108127,76,4,71042.636,17760.659,11.0,3.0,0.0,0.75,0
C114598,119,7,313409.93,44772.84714285714,12.0,4.0,1.0,0.5714285714285714,1
C114453,10,7,106530.9405,15218.705785714285,3.0,1.0,3.0,0.8571428571428571,0
C107239,303,2,53482.611000000004,26741.305500000002,6.0,0.0,0.0,0.5,1
C109768,0,11,160048.5635,14549.869409090908,7.0,1.0,1.0,0.7272727272727273,0
C101684,36,2,34781.727,17390.8635,8.0,1.0,0.0,1.0,0
C107319,14,4,45883.468,11470.867,11.0,1.0,1.0,0.5,0
C110271,30,11,250476.114,22770.55581818182,11.0,3.0,3.0,0.5454545454545454,0
C101570,97,8,191506.5985,23938.3248125,10.0,3.0,3.0,0.5,1
C113569,42,4,73273.11,18318.2775,12.0,5.0,0.0,0.0,0
C104626,3,3,115924.58,38641.52666666667,10.0,4.0,0.0,0.0,0
C104958,118,8,120583.131,15072.891375,9.0,3.0,0.0,0.625,1
C111434,502,1,7092.68,7092.68,10.0,1.0,0.0,0.0,1
C107937,58,9,161177.8275,17908.6475,5.0,2.0,1.0,0.5555555555555556,0
C104963,56,2,40328.04,20164.02,6.0,2.0,0.0,0.0,0
C114625,125,3,115756.33350000001,38585.444500000005,8.0,3.0,0.0,1.0,1
C108020,324,3,16699.7555,5566.585166666667,13.0,2.0,0.0,1.0,1
C108071,425,2,17748.398,8874.199,9.0,1.0,1.0,1.0,1
C111926,302,6,197916.144,32986.024,7.0,1.0,1.0,0.5,1
C104539,183,3,30836.962,10278.987333333333,12.0,3.0,0.0,0.3333333333333333,1
C105256,572,2,30394.082499999997,15197.041249999998,7.0,4.0,0.0,0.5,1
C103849,145,4,55343.7065,13835.926625,8.0,4.0,0.0,0.5,1
C102981,11,7,137835.4095,19690.772785714285,10.0,4.0,0.0,0.8571428571428571,0
C110584,218,1,31639.6455,31639.6455,8.0,1.0,1.0,1.0,1
C113982,60,3,48705.83,16235.276666666667,12.0,5.0,0.0,0.0,0
C102829,22,6,96277.03899999999,16046.173166666666,7.0,2.0,0.0,0.6666666666666666,0
C112611,-1,4,51642.5625,12910.640625,12.0,5.0,0.0,0.75,0
C106696,20,6,83271.0215,13878.503583333333,6.0,3.0,0.0,0.6666666666666666,0
C109225,73,2,30198.2325,15099.11625,6.0,2.0,0.0,1.0,0
C109500,144,9,155669.4915,17296.610166666665,8.0,3.0,0.0,0.7777777777777778,1
C108367,127,5,58400.961500000005,11680.1923,11.0,3.0,0.0,0.6,1
C108260,16,2,56073.218,28036.608999999997,11.0,5.0,0.0,0.5,0
C100374,-1,6,129428.0435,21571.340583333335,8.0,3.0,0.0,0.5,0
C105643,0,6,150101.14800000002,25016.858000000004,3.0,0.0,1.0,0.5,0
C113965,39,9,258867.4085,28763.045388888888,10.0,6.0,0.0,0.5555555555555556,0
C105694,45,4,120884.87899999999,30221.219749999997,10.0,4.0,0.0,0.75,0
C111095,7,6,81802.1945,13633.699083333333,9.0,2.0,1.0,0.3333333333333333,0
C106312,116,4,121588.9275,30397.231874999998,10.0,2.0,2.0,0.75,1
C108105,69,1,10143.224000000002,10143.224000000002,10.0,4.0,1.0,1.0,0
C109905,318,2,38135.4395,19067.71975,9.0,3.0,0.0,0.5,1
C100216,895,1,8044.71,8044.71,6.0,1.0,1.0,0.0,1
C109226,0,11,270221.434,24565.58490909091,6.0,0.0,2.0,0.5454545454545454,0
C109805,22,6,127391.863,21231.977166666667,4.0,1.0,0.0,0.3333333333333333,0
C110592,130,4,71938.7525,17984.688125,3.0,1.0,1.0,0.75,1
C113434,107,1,11278.04,11278.04,8.0,2.0,0.0,0.0,1
C109171,61,8,179556.522,22444.56525,6.0,3.0,2.0,0.625,0
C103038,0,10,269417.8345,26941.78345,11.0,3.0,0.0,0.6,0
C102706,78,6,106282.272,17713.712,2.0,0.0,2.0,0.6666666666666666,0
C102263,88,4,64194.1875,16048.546875,5.0,2.0,1.0,0.5,0
C104026,28,10,194067.36800000002,19406.736800000002,9.0,3.0,1.0,0.3,0
C104645,354,8,118280.138,14785.01725,7.0,1.0,2.0,0.5,1
C111336,188,2,30270.22,15135.11,14.0,2.0,0.0,0.0,1
C100189,87,6,108319.539,18053.2565,8.0,2.0,0.0,0.8333333333333334,0
C100569,7,3,69659.928,23219.976000000006,5.0,1.0,0.0,0.3333333333333333,0
C101039,75,8,246838.757,30854.844625,25.0,5.0,1.0,0.375,0
C106926,95,1,11741.01,11741.01,5.0,2.0,0.0,0.0,1
C107844,16,7,134601.91,19228.844285714287,13.0,3.0,0.0,0.5714285714285714,0
C109295,560,4,57058.7885,14264.697125,4.0,1.0,1.0,0.5,1
C104729,89,4,62235.039,15558.75975,6.0,3.0,1.0,1.0,0
C113726,154,7,130348.2445,18621.177785714284,8.0,2.0,1.0,0.8571428571428571,1
C110010,77,6,88901.84300000001,14816.973833333335,8.0,4.0,1.0,0.5,0
C112531,35,2,106739.6845,53369.84225,7.0,2.0,1.0,1.0,0
C100774,256,4,146294.7495,36573.687375,8.0,3.0,2.0,0.75,1
C114126,55,4,25125.493,6281.37325,12.0,3.0,1.0,0.5,0
C100765,83,4,83272.12849999999,20818.032124999998,5.0,2.0,2.0,0.5,0
C108795,130,2,35812.629,17906.3145,5.0,1.0,0.0,1.0,1
C108785,102,5,130038.44600000001,26007.6892,12.0,5.0,3.0,0.8,1
C106624,59,4,81795.47,20448.8675,4.0,1.0,1.0,0.0,0
C107416,186,6,82143.807,13690.6345,4.0,1.0,1.0,0.3333333333333333,1
C112948,258,2,36627.6755,18313.83775,11.0,4.0,1.0,0.5,1
C100540,47,5,86505.2205,17301.0441,11.0,2.0,0.0,0.4,0
C106584,0,8,105245.4025,13155.6753125,9.0,2.0,1.0,0.5,0
C110518,166,4,64565.418000000005,16141.354500000001,2.0,0.0,0.0,0.25,1
C112974,275,4,45399.63250000001,11349.908125000002,9.0,2.0,1.0,1.0,1
C109182,183,2,4318.0665,2159.03325,13.0,3.0,0.0,0.5,1
C101642,921,2,41391.047999999995,20695.524,9.0,3.0,0.0,0.5,1
C107048,313,1,2427.787,2427.787,9.0,4.0,0.0,1.0,1
C110492,98,3,27670.491,9223.497000000001,6.0,1.0,0.0,1.0,1
C106844,404,2,30499.672,15249.836000000001,13.0,3.0,0.0,0.5,1
C113091,24,5,67080.22,13416.044,13.0,2.0,0.0,0.8,0
C106416,269,1,52530.36,52530.36,6.0,1.0,1.0,0.0,1
C108800,142,2,18274.388,9137.194,12.0,0.0,0.0,1.0,1
C103218,141,1,21354.5925,21354.5925,10.0,3.0,1.0,1.0,1
C103458,155,7,199658.8125,28522.6875,8.0,2.0,1.0,0.8571428571428571,1
C104259,0,5,130415.4835,26083.096700000002,9.0,2.0,1.0,0.2,0
C102500,1,2,108075.0005,54037.50024999999,3.0,0.0,0.0,0.5,0
C106426,51,3,90610.73550000001,30203.5785,12.0,2.0,0.0,1.0,0
C102013,184,6,153729.54,25621.59,4.0,1.0,1.0,0.6666666666666666,1
C102052,170,3,45335.347,15111.782333333334,11.0,5.0,0.0,0.3333333333333333,1
C106110,21,8,140555.0835,17569.3854375,7.0,1.0,1.0,0.5,0
C104081,223,6,72771.6485,12128.608083333334,8.0,3.0,0.0,0.5,1
C106341,195,3,49497.09,16499.03,7.0,1.0,0.0,0.0,1
C114318,158,8,188237.2505,23529.6563125,10.0,3.0,0.0,0.875,1
C101793,16,11,164954.907,14995.900636363636,7.0,2.0,2.0,0.8181818181818182,0
C109551,492,3,47304.131,15768.043666666665,11.0,4.0,0.0,0.6666666666666666,1
C107057,38,8,127399.5845,15924.9480625,22.0,6.0,2.0,0.75,0
C107451,36,5,83076.412,16615.2824,6.0,0.0,0.0,0.6,0
C110966,2,4,81748.5055,20437.126375,7.0,4.0,1.0,0.75,0
C100675,114,2,29495.756000000005,14747.878,10.0,1.0,0.0,0.5,1
C111068,230,9,136777.019,15197.446555555556,15.0,5.0,2.0,0.3333333333333333,1
C104901,281,4,92818.326,23204.5815,8.0,3.0,2.0,0.5,1
C114769,46,11,237284.29,21571.29909090909,15.0,7.0,7.0,0.6363636363636364,0
C114103,559,2,29166.157,14583.0785,7.0,3.0,1.0,1.0,1
C105861,95,14,298537.5885,21324.113464285714,10.0,6.0,2.0,0.5714285714285714,1
C106113,1,16,428481.284,26780.08025,4.0,3.0,3.0,0.5,0
C111669,31,7,99097.5985,14156.799785714285,8.0,1.0,1.0,0.42857142857142855,0
C100217,75,3,64855.54,21618.513333333332,6.0,2.0,0.0,0.0,0
C107637,13,5,194679.795,38935.958999999995,7.0,1.0,0.0,0.6,0
C107574,318,2,65712.7175,32856.35875,7.0,1.0,1.0,0.5,1
C114936,146,4,67389.6535,16847.413375,11.0,0.0,0.0,0.5,1
C104504,348,2,23974.159,11987.0795,10.0,5.0,0.0,0.5,1
C109201,167,5,132196.7825,26439.3565,15.0,2.0,0.0,0.6,1
C107816,32,8,159902.388,19987.7985,7.0,2.0,2.0,0.375,0
C112703,25,2,110059.56400000001,55029.78200000001,2.0,2.0,1.0,0.5,0
C108309,0,4,128437.3855,32109.346375,5.0,2.0,0.0,1.0,0
C113936,181,4,87029.47,21757.3675,3.0,1.0,0.0,0.0,1
C111082,-1,6,134058.205,22343.034166666668,4.0,1.0,1.0,0.6666666666666666,0
C100814,234,5,72129.298,14425.859600000002,8.0,3.0,2.0,0.4,1
C114001,3,3,76326.01800000001,25442.006000000005,9.0,2.0,1.0,0.3333333333333333,0
C111962,28,8,146755.7445,18344.4680625,7.0,1.0,0.0,0.5,0
C108084,268,2,54543.271499999995,27271.635749999998,10.0,3.0,0.0,1.0,1
C102586,96,2,79785.592,39892.796,5.0,1.0,1.0,0.5,1
C113970,453,4,71358.632,17839.658,6.0,1.0,0.0,0.5,1
C114074,113,1,15049.408000000001,15049.408000000001,7.0,3.0,0.0,1.0,1
C105585,25,3,44196.8065,14732.268833333334,9.0,4.0,0.0,0.6666666666666666,0
C100601,49,3,41377.524000000005,13792.508000000002,5.0,3.0,0.0,0.3333333333333333,0
C109610,2,13,392246.276,30172.79046153846,8.0,4.0,1.0,0.5384615384615384,0
C100460,263,6,144854.13150000002,24142.355250000004,7.0,2.0,2.0,1.0,1
C100576,46,2,112904.89600000001,56452.448000000004,5.0,1.0,1.0,0.5,0
C100562,176,4,110118.257,27529.56425,7.0,4.0,3.0,0.75,1
C110994,21,2,70942.87299999999,35471.436499999996,9.0,3.0,1.0,0.5,0
C111646,98,1,31836.078,31836.078,14.0,4.0,0.0,1.0,1
C110561,288,3,148043.435,49347.81166666667,10.0,2.0,0.0,0.6666666666666666,1
C105277,108,1,25077.690000000002,25077.690000000002,11.0,2.0,1.0,0.0,1
C113948,285,1,40951.768,40951.768,5.0,2.0,1.0,1.0,1
C113016,84,7,152178.99300000002,21739.856142857145,6.0,2.0,4.0,0.7142857142857143,0
C112704,131,6,213387.812,35564.63533333333,10.0,2.0,0.0,0.5,1
C114954,99,3,42550.854,14183.618000000002,11.0,1.0,0.0,0.3333333333333333,1
C109696,231,4,64622.538,16155.6345,5.0,1.0,0.0,1.0,1
C100118,84,5,69490.245,13898.048999999999,15.0,5.0,0.0,0.6,0
C107422,32,6,110496.7265,18416.121083333335,8.0,2.0,0.0,0.6666666666666666,0
C102381,152,14,394428.9225,28173.49446428571,12.0,2.0,5.0,0.42857142857142855,1
C104914,168,3,78613.433,26204.477666666662,5.0,1.0,0.0,0.3333333333333333,1
C108884,123,3,66116.0955,22038.6985,9.0,3.0,0.0,0.6666666666666666,1
C101125,120,9,186895.8955,20766.210611111113,8.0,2.0,2.0,0.6666666666666666,1
C107496,103,9,171813.9455,19090.438388888888,5.0,2.0,2.0,0.6666666666666666,1
C114946,172,2,35821.0,17910.5,7.0,1.0,0.0,0.0,1
C103387,903,1,7764.856,7764.856,10.0,2.0,0.0,1.0,1
C110026,18,5,94887.564,18977.5128,7.0,2.0,1.0,0.4,0
C106925,0,1,15179.29,15179.29,7.0,3.0,0.0,0.0,0
C100349,186,4,100783.9745,25195.993625,3.0,2.0,0.0,0.5,1
C113297,32,2,125610.00650000002,62805.00325000001,11.0,4.0,1.0,0.5,0
C113299,13,5,151024.4475,30204.8895,6.0,4.0,0.0,0.2,0
C110532,98,5,95815.502,19163.1004,6.0,2.0,1.0,0.8,1
C106644,17,6,112487.0345,18747.839083333332,11.0,2.0,0.0,0.6666666666666666,0
C107569,287,1,17661.440000000002,17661.440000000002,9.0,2.0,0.0,0.0,1
C104514,339,1,4438.56,4438.56,7.0,4.0,1.0,1.0,1
C113805,31,8,132125.0105,16515.6263125,11.0,2.0,0.0,0.5,0
C108335,76,4,103789.439,25947.35975,7.0,2.0,0.0,0.5,0
C103877,5,9,263068.289,29229.80988888889,9.0,2.0,2.0,0.5555555555555556,0
C101331,11,11,216025.0765,19638.643318181817,10.0,1.0,4.0,0.7272727272727273,0
C110182,102,4,47838.964,11959.741,7.0,1.0,1.0,0.75,1
C111931,45,6,77710.01000000001,12951.668333333335,12.0,6.0,2.0,0.6666666666666666,0
C110066,456,3,23829.420000000002,7943.14,7.0,2.0,2.0,1.0,1
C113404,115,4,51287.744,12821.936,17.0,2.0,0.0,0.25,1
C103717,2,8,155943.4035,19492.9254375,9.0,3.0,0.0,0.5,0
C108203,41,4,98103.22949999999,24525.807374999997,3.0,1.0,1.0,0.75,0
C105064,72,5,78306.1885,15661.237700000001,7.0,2.0,1.0,0.8,0
C106614,33,4,120249.387,30062.34675,4.0,0.0,0.0,0.25,0
C103808,14,1,23711.02,23711.02,9.0,4.0,0.0,0.0,0
C108065,561,1,10074.61,10074.61,12.0,3.0,0.0,0.0,1
C101206,129,8,181978.8405,22747.3550625,9.0,1.0,0.0,0.75,1
C111296,1,6,98742.86,16457.143333333333,3.0,1.0,1.0,0.5,0
C113187,16,6,107777.754,17962.959,11.0,4.0,0.0,0.5,0
C114025,176,9,71191.308,7910.145333333334,11.0,3.0,0.0,0.6666666666666666,1
C109363,73,2,65755.0005,32877.50025,4.0,0.0,1.0,1.0,0
C110687,23,3,55579.802500000005,18526.600833333334,9.0,3.0,2.0,0.6666666666666666,0
C110853,60,1,32032.93,32032.93,12.0,2.0,0.0,1.0,0
C108516,340,3,35976.313500000004,11992.104500000001,6.0,2.0,1.0,1.0,1
C110516,48,6,129504.663,21584.1105,9.0,3.0,2.0,0.3333333333333333,0
C109639,39,2,34348.336,17174.168,9.0,3.0,0.0,0.5,0
C113533,288,1,157.3,157.3,10.0,6.0,0.0,0.0,1
C109399,110,6,92862.48300000001,15477.080500000002,8.0,0.0,0.0,0.3333333333333333,1
C113792,2,11,132578.124,12052.556727272728,9.0,4.0,1.0,0.6363636363636364,0
C109719,111,1,24372.05,24372.05,8.0,0.0,0.0,0.0,1
C101571,44,5,110087.568,22017.5136,11.0,3.0,4.0,0.2,0
C108283,89,1,42663.863,42663.863,6.0,1.0,1.0,1.0,0
C101389,17,4,102047.9615,25511.990375,5.0,1.0,1.0,0.75,0
C102891,87,5,53719.948000000004,10743.9896,5.0,1.0,0.0,0.6,0
C108101,16,6,75880.042,12646.673666666667,4.0,2.0,0.0,0.6666666666666666,0
C100421,50,1,25429.536,25429.536,11.0,2.0,0.0,1.0,0
C113537,42,4,104968.905,26242.22625,7.0,1.0,2.0,0.5,0
C112881,0,6,88883.9115,14813.98525,10.0,3.0,1.0,0.5,0
C107446,63,2,32101.000000000004,16050.500000000002,7.0,6.0,0.0,0.0,0
C107884,21,3,44791.938,14930.646,11.0,2.0,1.0,0.3333333333333333,0
C107008,32,3,36372.697,12124.232333333333,8.0,1.0,0.0,0.6666666666666666,0
C108600,9,6,191264.9645,31877.494083333335,14.0,5.0,3.0,0.3333333333333333,0
C110247,227,2,47768.017,23884.0085,11.0,4.0,0.0,0.5,1
C102181,11,6,115517.4535,19252.908916666667,7.0,1.0,0.0,0.5,0
C109783,15,6,118155.988,19692.664666666667,7.0,2.0,0.0,1.0,0
C104363,221,2,55652.226500000004,27826.113250000002,7.0,2.0,0.0,0.5,1
C108842,381,1,5269.213,5269.213,7.0,1.0,0.0,1.0,1
C109947,115,5,140547.705,28109.540999999997,5.0,2.0,1.0,0.6,1
C109440,22,5,71372.8655,14274.5731,9.0,1.0,1.0,0.2,0
C104383,290,3,39195.474,13065.158000000001,8.0,2.0,0.0,0.3333333333333333,1
C103331,0,3,92060.05249999999,30686.684166666662,16.0,6.0,1.0,1.0,0
C105851,246,3,8553.8925,2851.2975,9.0,4.0,1.0,0.6666666666666666,1
C103685,5,3,38595.943,12865.314333333334,13.0,7.0,1.0,0.3333333333333333,0
C109635,557,4,91382.2645,22845.566125,8.0,1.0,0.0,0.5,1
C102521,25,2,63598.061499999996,31799.030749999998,8.0,5.0,1.0,0.5,0
C105138,210,5,53770.963,10754.1926,7.0,3.0,1.0,0.8,1
C107505,47,10,212769.777,21276.9777,1.0,0.0,1.0,0.5,0
C103117,26,5,114691.58799999999,22938.3176,4.0,0.0,0.0,0.6,0
C110551,3,13,332244.723,25557.286384615385,8.0,2.0,4.0,0.6153846153846154,0
C100887,50,10,286214.724,28621.4724,8.0,3.0,1.0,0.5,0
C105078,180,1,37092.34,37092.34,8.0,4.0,0.0,0.0,1
C109587,671,2,62260.94,31130.47,19.0,5.0,0.0,0.0,1
C109815,119,3,48127.5965,16042.532166666664,8.0,3.0,0.0,0.3333333333333333,1
C101732,18,8,162055.4595,20256.9324375,16.0,2.0,1.0,0.5,0
C102514,109,2,23575.36,11787.68,5.0,2.0,0.0,0.0,1
C107121,125,1,19990.05,19990.05,7.0,0.0,0.0,0.0,1
C114385,526,5,143036.189,28607.237800000003,2.0,0.0,1.0,0.8,1
C109904,0,3,40938.769,13646.256333333333,11.0,4.0,0.0,0.6666666666666666,0
C114814,0,6,128494.266,21415.711,9.0,5.0,3.0,0.5,0
C108139,9,2,98764.637,49382.318499999994,13.0,5.0,0.0,0.5,0
C113976,20,5,96655.784,19331.1568,9.0,2.0,1.0,0.2,0
C113403,49,4,33462.411,8365.60275,5.0,1.0,0.0,0.5,0
C108504,129,5,63958.1285,12791.6257,7.0,1.0,0.0,0.6,1
C112408,41,10,142423.9605,14242.39605,12.0,1.0,1.0,0.6,0
C100431,5,4,74258.8255,18564.706375,7.0,5.0,0.0,0.75,0
C103768,19,6,109206.2195,18201.036583333334,7.0,2.0,1.0,0.3333333333333333,0
C108235,98,3,71537.73,23845.910000000003,8.0,2.0,0.0,0.0,1
C112530,18,2,62425.403,31212.701500000003,12.0,7.0,1.0,1.0,0
C110596,180,5,63451.972,12690.394400000001,12.0,2.0,0.0,0.4,1
C111848,94,5,140943.6255,28188.7251,7.0,6.0,1.0,0.4,1
C112613,31,4,87726.584,21931.645999999997,6.0,1.0,1.0,0.25,0
C110414,8,11,110413.9065,10037.627863636364,10.0,0.0,2.0,0.45454545454545453,0
C102103,245,5,53569.954,10713.9908,13.0,3.0,0.0,0.6,1
C108982,39,1,18939.85,18939.85,7.0,3.0,0.0,0.0,0
C106318,38,8,122197.33,15274.66625,6.0,1.0,3.0,0.375,0
C110736,132,6,64016.963,10669.493833333332,8.0,4.0,0.0,0.6666666666666666,1
C110434,26,3,96822.724,32274.241333333335,9.0,5.0,0.0,1.0,0
C100145,98,8,140017.429,17502.178625,8.0,1.0,1.0,0.75,1
C114835,16,6,98811.38549999999,16468.56425,12.0,3.0,0.0,0.5,0
C110243,4,3,108029.8575,36009.9525,9.0,1.0,1.0,0.6666666666666666,0
C104741,76,5,74357.7365,14871.5473,9.0,5.0,1.0,0.6,0
C101174,163,5,115884.458,23176.8916,9.0,3.0,0.0,0.2,1
C113245,50,4,94141.319,23535.32975,7.0,1.0,2.0,0.25,0
C104726,712,1,19388.504,19388.504,8.0,2.0,0.0,1.0,1
C103520,4,2,18270.217,9135.1085,7.0,2.0,0.0,0.5,0
C110987,304,2,32036.79,16018.395,8.0,2.0,0.0,0.0,1
C103661,56,2,70078.4965,35039.24825,6.0,2.0,0.0,1.0,0
C103769,13,4,107431.456,26857.864,6.0,1.0,0.0,0.5,0
C106705,14,11,243682.88,22152.98909090909,16.0,4.0,0.0,0.5454545454545454,0
C102686,3,4,44403.5675,11100.891875000001,7.0,2.0,0.0,0.5,0
C113476,83,5,140088.128,28017.6256,12.0,7.0,1.0,0.8,0
C105308,40,2,78372.35,39186.175,5.0,2.0,0.0,0.5,0
C107771,22,8,212954.064,26619.258,12.0,2.0,4.0,0.625,0
C103961,249,2,35962.613,17981.3065,16.0,5.0,0.0,0.5,1
C109575,134,2,40061.321,20030.660499999998,11.0,1.0,0.0,1.0,1
C109293,50,3,42231.811,14077.270333333334,11.0,6.0,0.0,0.3333333333333333,0
C101207,130,3,79796.25,26598.75,5.0,4.0,1.0,0.0,1
C105821,10,2,42642.737499999996,21321.36875,8.0,2.0,0.0,0.5,0
C108501,108,2,41731.11,20865.555,10.0,3.0,0.0,0.0,1
C114285,4,1,14730.14,14730.14,8.0,2.0,0.0,0.0,0
C109816,109,3,115978.85,38659.61666666667,7.0,1.0,1.0,0.0,1
C101978,957,1,12577.635,12577.635,10.0,3.0,0.0,1.0,1
C113940,132,8,177473.2905,22184.1613125,8.0,2.0,3.0,0.25,1
C114527,32,6,103770.0,17295.0,12.0,1.0,0.0,0.5,0
C108408,239,2,70962.551,35481.275499999996,8.0,3.0,1.0,0.5,1
C114424,528,1,13295.0505,13295.0505,19.0,3.0,0.0,1.0,1
C104353,32,6,66353.713,11058.952166666668,7.0,0.0,2.0,0.6666666666666666,0
C104954,41,6,122356.302,20392.717,16.0,5.0,1.0,0.5,0
C109894,76,4,77975.887,19493.971750000004,10.0,4.0,0.0,0.75,0
C101593,1,15,369383.8705,24625.591366666664,15.0,5.0,3.0,0.6,0
C107914,36,7,190148.9,27164.12857142857,7.0,2.0,2.0,0.5714285714285714,0
C108088,8,3,75013.11,25004.37,5.0,0.0,1.0,1.0,0
C114675,252,1,9979.506000000001,9979.506000000001,6.0,1.0,0.0,1.0,1
C111535,91,4,117265.4035,29316.350874999996,5.0,0.0,1.0,0.5,1
C107983,33,4,99202.5755,24800.643874999998,8.0,1.0,0.0,0.25,0
C103741,36,5,136794.9705,27358.9941,14.0,7.0,2.0,1.0,0
C109886,48,4,112022.37,28005.5925,6.0,3.0,1.0,1.0,0
C104778,17,1,35953.555,35953.555,3.0,1.0,0.0,1.0,0
C108236,325,6,144641.709,24106.9515,9.0,1.0,0.0,0.6666666666666666,1
C110184,41,9,249776.15300000002,27752.905888888887,6.0,1.0,2.0,0.5555555555555556,0
C114642,319,1,2331.936,2331.936,14.0,5.0,0.0,1.0,1
C113977,12,6,126207.247,21034.541166666666,9.0,4.0,2.0,0.3333333333333333,0
C112238,100,3,64384.501500000006,21461.500500000002,6.0,1.0,1.0,0.3333333333333333,1
C106948,10,7,136303.5135,19471.9305,16.0,4.0,1.0,0.7142857142857143,0
C112655,20,12,314473.3875,26206.115625000002,13.0,3.0,1.0,0.5833333333333334,0
C103286,254,5,98607.037,19721.4074,8.0,3.0,2.0,0.8,1
C106468,4,2,50759.810000000005,25379.905000000002,6.0,2.0,0.0,0.5,0
C105076,143,9,196818.0345,21868.6705,11.0,4.0,2.0,0.4444444444444444,1
C109984,117,3,95297.158,31765.71933333333,6.0,2.0,0.0,1.0,1
C109079,270,3,35111.984000000004,11703.994666666667,5.0,1.0,0.0,0.6666666666666666,1
C113148,63,3,37674.17,12558.056666666665,8.0,2.0,0.0,0.3333333333333333,0
C111197,219,4,53978.975,13494.743750000001,12.0,1.0,0.0,0.75,1
C100458,127,4,58156.074,14539.0185,3.0,1.0,0.0,1.0,1
C112887,68,3,119083.45999999999,39694.486666666664,5.0,1.0,0.0,0.0,0
C101608,39,6,173832.75,28972.125,14.0,0.0,0.0,0.5,0
C112930,128,5,86621.1275,17324.2255,5.0,1.0,0.0,0.4,1
C107289,182,4,66788.532,16697.133,10.0,7.0,0.0,0.5,1
C111100,264,4,61295.9785,15323.994625,3.0,2.0,0.0,0.75,1
C103471,366,2,25066.4455,12533.22275,9.0,1.0,0.0,1.0,1
C105690,85,12,294042.553,24503.546083333335,10.0,1.0,3.0,0.6666666666666666,0
C106550,154,5,236117.0915,47223.418300000005,7.0,3.0,2.0,0.6,1
C114667,74,5,110986.28600000001,22197.2572,14.0,6.0,2.0,1.0,0
C111424,298,5,97906.179,19581.235800000002,12.0,5.0,1.0,0.2,1
C108119,272,2,48955.968,24477.984,12.0,6.0,0.0,1.0,1
C113351,387,3,69428.8095,23142.9365,6.0,2.0,1.0,0.6666666666666666,1
C112391,226,4,68546.338,17136.5845,9.0,2.0,1.0,0.5,1
C108458,94,3,54798.277,18266.092333333334,7.0,2.0,0.0,0.6666666666666666,1
C113289,612,3,33507.0195,11169.006500000001,11.0,2.0,1.0,0.3333333333333333,1
C100190,133,3,83083.641,27694.547000000002,9.0,1.0,3.0,0.6666666666666666,1
C103483,-1,11,244131.9265,22193.8115,13.0,3.0,0.0,0.45454545454545453,0
C108389,4,4,144018.597,36004.64925,4.0,3.0,1.0,0.5,0
C109874,108,3,72586.805,24195.601666666666,9.0,4.0,0.0,1.0,1
C112236,34,18,328115.9845,18228.665805555556,17.0,3.0,1.0,0.6666666666666666,0
C110819,617,2,69535.825,34767.9125,6.0,2.0,2.0,0.5,1
C114387,-1,5,135510.2685,27102.0537,6.0,1.0,0.0,0.4,0
C102575,4,7,100504.27299999999,14357.753285714285,7.0,1.0,0.0,0.7142857142857143,0
C103105,41,5,46834.722499999996,9366.944500000001,10.0,2.0,1.0,0.8,0
C104926,0,5,120074.4805,24014.8961,15.0,4.0,1.0,0.6,0
C101920,81,5,100610.57,20122.114,12.0,2.0,1.0,1.0,0
C108471,204,8,128730.8035,16091.3504375,12.0,1.0,1.0,0.5,1
C103876,9,6,133035.326,22172.554333333333,12.0,6.0,0.0,0.5,0
C111491,2,9,144693.4505,16077.050055555554,7.0,2.0,2.0,0.3333333333333333,0
C107144,211,3,71180.506,23726.835333333333,20.0,6.0,0.0,0.3333333333333333,1
C103245,234,3,27353.463499999998,9117.821166666667,8.0,2.0,0.0,0.6666666666666666,1
C112832,132,3,28385.412,9461.804,9.0,3.0,0.0,0.3333333333333333,1
C101444,59,1,14753.730500000001,14753.730500000001,10.0,3.0,0.0,1.0,0
C112899,175,3,118383.45,39461.15,10.0,1.0,0.0,0.0,1
C111676,2,7,110596.93549999999,15799.562214285714,12.0,5.0,0.0,0.7142857142857143,0
C104649,59,7,143286.028,20469.43257142857,8.0,2.0,0.0,0.2857142857142857,0
C107690,104,4,80225.215,20056.30375,8.0,2.0,1.0,0.75,1
C108952,19,2,42353.199,21176.5995,7.0,0.0,0.0,0.5,0
C110826,325,1,10884.862000000001,10884.862000000001,7.0,0.0,1.0,1.0,1
C101686,121,4,113455.094,28363.7735,2.0,0.0,0.0,0.25,1
C105000,60,4,64273.4165,16068.354125,9.0,4.0,0.0,1.0,0
C110974,224,5,102006.4215,20401.2843,13.0,1.0,1.0,0.8,1
C112019,192,2,54269.07,27134.535000000003,5.0,2.0,1.0,0.0,1
C108799,74,13,303405.5435,23338.887961538458,6.0,1.0,3.0,0.5384615384615384,0
C108241,14,1,38915.64,38915.64,14.0,3.0,0.0,0.0,0
C102845,566,4,90621.33,22655.3325,6.0,2.0,0.0,1.0,1
C108503,14,9,239092.57450000002,26565.84161111111,5.0,1.0,1.0,0.6666666666666666,0
C103073,442,1,13004.65,13004.65,11.0,4.0,0.0,0.0,1
C111801,100,4,123432.231,30858.05775,9.0,1.0,0.0,1.0,1
C109478,16,7,123518.7795,17645.53992857143,17.0,3.0,0.0,0.5714285714285714,0
C112527,27,7,130277.46399999999,18611.066285714285,7.0,1.0,0.0,0.42857142857142855,0
C110725,46,3,108884.995,36294.99833333334,12.0,3.0,0.0,0.6666666666666666,0
C112142,24,2,12423.76,6211.88,7.0,1.0,0.0,0.0,0
C100617,5,5,65492.9075,13098.5815,5.0,2.0,0.0,0.4,0
C104532,74,11,289184.072,26289.461090909088,12.0,1.0,1.0,0.7272727272727273,0
C111737,2,4,86716.979,21679.244749999998,12.0,3.0,0.0,0.5,0
C109878,34,4,114817.2825,28704.320625,8.0,1.0,2.0,0.75,0
C112131,17,3,78086.38,26028.793333333335,12.0,3.0,2.0,0.0,0
C103686,103,5,71854.3695,14370.8739,10.0,2.0,0.0,0.4,1
C100597,128,6,116502.454,19417.075666666668,7.0,3.0,0.0,0.8333333333333334,1
C107481,430,6,76283.9155,12713.985916666667,6.0,1.0,0.0,0.6666666666666666,1
C102733,14,3,50759.21799999999,16919.73933333333,7.0,3.0,1.0,0.6666666666666666,0
C114965,76,3,80545.949,26848.649666666664,10.0,5.0,2.0,0.6666666666666666,0
C104115,18,8,126852.50099999999,15856.562625,11.0,1.0,3.0,0.625,0
C110444,356,3,43876.4105,14625.470166666666,8.0,2.0,1.0,0.6666666666666666,1
C112733,208,1,12516.732,12516.732,4.0,1.0,0.0,1.0,1
C106747,20,3,90355.162,30118.387333333332,11.0,4.0,1.0,0.6666666666666666,0
C103639,81,3,33455.0775,11151.6925,14.0,4.0,2.0,0.3333333333333333,0
C108234,27,3,29437.647,9812.549,5.0,1.0,0.0,0.3333333333333333,0
C103009,531,1,9925.37,9925.37,8.0,4.0,0.0,0.0,1
C105571,65,4,63686.182,15921.545499999998,9.0,1.0,0.0,1.0,0
C109511,-1,6,81161.342,13526.890333333335,9.0,1.0,2.0,0.6666666666666666,0
C104828,8,3,35678.43,11892.81,8.0,3.0,0.0,0.3333333333333333,0
C101001,198,5,105792.952,21158.590399999997,6.0,2.0,2.0,0.4,1
C105615,4,5,73002.86,14600.572,9.0,0.0,0.0,0.6,0
C100848,811,1,9734.3175,9734.3175,5.0,0.0,0.0,1.0,1
C106879,167,5,82977.523,16595.5046,12.0,1.0,0.0,0.8,1
C107924,115,8,112342.8005,14042.8500625,4.0,1.0,0.0,0.625,1
C111067,10,4,74429.242,18607.3105,8.0,2.0,0.0,0.25,0
C101015,39,7,141365.0815,20195.011642857142,7.0,4.0,0.0,0.7142857142857143,0
C102527,79,3,76342.33899999999,25447.446333333337,10.0,5.0,0.0,0.6666666666666666,0
C101960,11,3,66379.402,22126.467333333334,7.0,0.0,0.0,0.6666666666666666,0
C106602,35,7,181445.6745,25920.81064285714,6.0,1.0,2.0,0.5714285714285714,0
C112162,13,6,57303.384,9550.564,9.0,2.0,1.0,0.6666666666666666,0
C113687,55,11,240889.2145,21899.0195,9.0,1.0,3.0,0.5454545454545454,0
C107845,0,5,106108.276,21221.6552,7.0,3.0,1.0,0.4,0
C114873,193,3,88486.70999999999,29495.569999999996,9.0,2.0,0.0,0.0,1
C100989,547,1,17709.918999999998,17709.918999999998,11.0,6.0,1.0,1.0,1
C105233,407,2,26468.876000000004,13234.438000000002,7.0,1.0,0.0,0.5,1
C103324,82,10,199797.2655,19979.72655,4.0,1.0,2.0,0.5,0
C102455,17,7,72326.1175,10332.3025,13.0,3.0,1.0,0.7142857142857143,0
C103715,180,4,120990.11,30247.5275,6.0,1.0,0.0,0.25,1
C104234,34,2,28263.266499999998,14131.633249999999,6.0,0.0,0.0,1.0,0
C109809,53,2,18119.151499999996,9059.575749999998,6.0,1.0,0.0,1.0,0
C108371,8,2,35417.164000000004,17708.582000000002,10.0,5.0,1.0,0.5,0
C112693,23,7,169338.4425,24191.206071428573,15.0,5.0,2.0,0.8571428571428571,0
C104143,214,3,160721.7,53573.9,8.0,4.0,1.0,0.0,1
C113149,4,6,68552.928,11425.488,6.0,0.0,1.0,0.8333333333333334,0
C102386,16,3,52101.4035,17367.1345,5.0,2.0,0.0,0.6666666666666666,0
C113528,19,4,34215.3805,8553.845125,10.0,4.0,0.0,0.5,0
C109502,1,5,86509.39,17301.877999999997,6.0,2.0,0.0,0.6,0
C112827,17,6,151554.723,25259.1205,4.0,1.0,1.0,0.6666666666666666,0
C106129,442,1,18451.01,18451.01,6.0,3.0,1.0,0.0,1
C111053,11,4,58309.303,14577.32575,5.0,2.0,0.0,0.5,0
C111608,71,3,30212.7825,10070.9275,6.0,2.0,0.0,0.6666666666666666,0
C104472,69,6,123984.6515,20664.108583333335,10.0,2.0,1.0,0.6666666666666666,0
C103431,6,4,44931.5535,11232.888375,7.0,2.0,1.0,0.5,0
C107171,56,6,157172.9405,26195.490083333334,9.0,4.0,2.0,0.8333333333333334,0
C107800,1,14,370343.4585,26453.10417857143,16.0,6.0,3.0,0.5714285714285714,0
C111034,72,5,64889.4265,12977.8853,6.0,2.0,1.0,0.8,0
C103482,134,2,60198.152,30099.076,9.0,3.0,1.0,0.5,1
C114751,169,3,100803.261,33601.087,5.0,1.0,1.0,0.3333333333333333,1
C104347,0,7,98175.453,14025.064714285714,3.0,1.0,1.0,0.7142857142857143,0
C100768,94,2,47973.883,23986.941499999997,7.0,0.0,1.0,0.5,1
C101668,459,3,56418.918999999994,18806.30633333333,10.0,3.0,1.0,0.6666666666666666,1
C110227,4,6,136007.198,22667.866333333335,3.0,1.0,1.0,0.5,0
C114990,30,7,201936.75400000002,28848.107714285718,11.0,4.0,1.0,0.5714285714285714,0
C113971,177,2,7298.136,3649.068,7.0,2.0,0.0,0.5,1
C113801,180,5,150478.116,30095.6232,7.0,2.0,2.0,0.6,1
C104432,-1,10,207336.6025,20733.660249999997,4.0,0.0,1.0,0.4,0
C100206,57,5,146885.09100000001,29377.0182,7.0,1.0,0.0,0.4,0
C106647,22,14,464261.3005,33161.52146428572,9.0,3.0,2.0,0.42857142857142855,0
C113652,84,7,179392.31,25627.472857142857,16.0,5.0,3.0,0.7142857142857143,0
C113079,22,16,355098.2335,22193.63959375,7.0,2.0,5.0,0.5625,0
C108570,79,5,115036.52900000001,23007.305800000002,9.0,2.0,0.0,0.4,0
C105288,6,7,153034.4445,21862.063499999997,9.0,2.0,1.0,0.5714285714285714,0
C100358,12,5,57575.3125,11515.0625,3.0,1.0,4.0,0.4,0
C112422,116,2,9819.829000000002,4909.914500000001,13.0,5.0,1.0,1.0,1
C114386,163,1,20461.752,20461.752,8.0,0.0,0.0,1.0,1
C106939,159,5,96910.382,19382.0764,16.0,7.0,1.0,0.6,1
C111242,16,7,148087.103,21155.30042857143,7.0,2.0,2.0,0.8571428571428571,0
C108410,507,3,120187.1815,40062.393833333335,11.0,2.0,0.0,1.0,1
C108122,55,6,89822.52799999999,14970.421333333332,5.0,2.0,0.0,0.5,0
C109617,77,4,145672.18,36418.045,20.0,7.0,0.0,0.0,0
C105395,137,3,61018.653999999995,20339.551333333333,5.0,3.0,0.0,0.6666666666666666,1
C100611,75,8,151620.20249999998,18952.525312499998,8.0,2.0,0.0,0.375,0
C102821,187,15,272242.542,18149.502800000002,13.0,4.0,5.0,0.6,1
C112330,139,7,208139.9215,29734.2745,11.0,5.0,3.0,0.7142857142857143,1
C100036,108,6,143635.335,23939.2225,7.0,4.0,2.0,0.8333333333333334,1
C106369,201,1,32687.5,32687.5,8.0,3.0,0.0,0.0,1
C113733,1,14,206405.4635,14743.247392857142,5.0,0.0,1.0,0.2857142857142857,0
C111614,47,2,53404.007,26702.0035,5.0,3.0,0.0,1.0,0
C103831,21,8,256151.7765,32018.9720625,8.0,1.0,2.0,0.625,0
C104916,14,6,173353.847,28892.30783333333,8.0,0.0,1.0,0.3333333333333333,0
C109806,302,5,63405.34299999999,12681.068599999999,4.0,3.0,1.0,0.6,1
C107849,70,6,124285.206,20714.201,9.0,3.0,1.0,0.5,0
C105696,39,5,118669.4655,23733.893099999998,6.0,1.0,5.0,0.6,0
C111681,135,5,50929.867000000006,10185.973399999999,10.0,2.0,1.0,0.8,1
C114437,455,3,53886.024,17962.007999999998,13.0,4.0,0.0,0.3333333333333333,1
C110354,405,2,38609.636999999995,19304.8185,5.0,1.0,0.0,0.5,1
C109175,92,5,89203.9225,17840.7845,9.0,2.0,0.0,0.2,1
C110734,9,9,196938.6005,21882.066722222222,6.0,0.0,1.0,0.2222222222222222,0
C111576,266,2,22295.03,11147.515000000001,5.0,2.0,2.0,0.5,1
C101388,304,1,34920.702,34920.702,7.0,1.0,1.0,1.0,1
C107352,404,7,174800.3475,24971.478214285715,9.0,1.0,0.0,0.7142857142857143,1
C100864,375,2,46098.578,23049.289,12.0,4.0,0.0,0.5,1
C110778,107,3,83669.618,27889.872666666666,6.0,1.0,0.0,0.6666666666666666,1
C105607,35,4,69624.889,17406.22225,8.0,2.0,1.0,0.5,0
C101017,39,1,55832.5,55832.5,7.0,2.0,0.0,0.0,0
C111743,132,1,47436.768,47436.768,9.0,2.0,0.0,1.0,1
C111799,52,9,203125.7285,22569.525388888887,9.0,3.0,2.0,0.6666666666666666,0
C112161,10,3,19064.0155,6354.671833333333,14.0,2.0,0.0,1.0,0
C113616,197,4,105862.569,26465.64225,4.0,1.0,0.0,0.25,1
C101878,12,10,166362.672,16636.2672,4.0,0.0,1.0,0.6,0
C110092,42,6,126638.734,21106.455666666665,9.0,3.0,1.0,0.3333333333333333,0
C111984,-1,4,130113.9245,32528.481125,5.0,2.0,2.0,0.75,0
C108257,4,4,102334.6715,25583.667875000003,8.0,0.0,0.0,0.75,0
C103478,24,4,86674.154,21668.5385,6.0,0.0,1.0,0.5,0
C104593,131,2,24338.4655,12169.23275,13.0,1.0,0.0,0.5,1
C103340,11,4,105183.9875,26295.996874999997,9.0,1.0,0.0,1.0,0
C102904,77,2,55681.128,27840.564,9.0,3.0,0.0,0.5,0
C107798,13,4,77567.797,19391.949249999998,11.0,4.0,1.0,0.75,0
C102107,544,1,60232.479999999996,60232.479999999996,7.0,2.0,0.0,0.0,1
C104755,0,2,23332.912,11666.455999999998,14.0,4.0,0.0,0.5,0
C104610,491,2,14873.907499999998,7436.953749999999,4.0,1.0,1.0,0.5,1
C108361,-1,6,137668.7115,22944.78525,6.0,2.0,1.0,0.16666666666666666,0
C113876,12,4,47114.1375,11778.534375,14.0,4.0,0.0,0.75,0
C103259,17,9,204400.7465,22711.194055555556,7.0,3.0,2.0,0.6666666666666666,0
C111833,7,9,192434.50149999998,21381.611277777778,6.0,0.0,1.0,0.5555555555555556,0
C104192,13,6,99011.015,16501.835833333334,3.0,1.0,1.0,0.6666666666666666,0
C102056,69,5,79768.086,15953.617199999999,12.0,5.0,1.0,0.4,0
C101585,172,7,103550.8435,14792.977642857146,9.0,2.0,0.0,0.7142857142857143,1
C106064,93,2,43671.950000000004,21835.975,8.0,3.0,0.0,0.0,1
C104082,263,2,29566.466,14783.233,13.0,3.0,0.0,0.5,1
C110078,23,4,109401.59,27350.3975,6.0,1.0,2.0,0.25,0
C110910,-1,11,257907.5985,23446.145318181818,7.0,3.0,4.0,0.5454545454545454,0
C112280,35,8,205125.274,25640.65925,4.0,1.0,2.0,0.75,0
C100139,219,5,126673.931,25334.7862,11.0,1.0,0.0,0.4,1
C105636,168,5,139996.838,27999.367599999998,12.0,5.0,0.0,0.4,1
C106287,8,13,294977.379,22690.567615384618,8.0,4.0,3.0,0.23076923076923078,0
C102031,16,3,20308.591,6769.530333333333,8.0,3.0,0.0,0.6666666666666666,0
C103092,36,1,16877.8235,16877.8235,9.0,1.0,0.0,1.0,0
C108732,358,1,37949.0895,37949.0895,4.0,1.0,0.0,1.0,1
C103891,32,3,46578.969,15526.322999999999,12.0,2.0,0.0,0.6666666666666666,0
C105197,184,4,60357.962,15089.4905,10.0,3.0,0.0,0.5,1
C113424,28,3,57533.585,19177.861666666668,10.0,3.0,1.0,0.3333333333333333,0
C102124,69,6,183105.445,30517.57416666667,8.0,1.0,3.0,0.8333333333333334,0
C105278,1,4,146884.0165,36721.004125,5.0,0.0,1.0,0.75,0
C105768,115,2,75999.34,37999.67,10.0,0.0,1.0,0.0,1
C105817,16,2,41176.317,20588.1585,8.0,4.0,0.0,0.5,0
C110450,5,2,27333.02,13666.51,12.0,3.0,0.0,0.0,0
C101175,78,3,61161.49250000001,20387.16416666667,9.0,1.0,0.0,0.6666666666666666,0
C114772,114,3,41457.351,13819.117,14.0,5.0,0.0,0.6666666666666666,1
C107327,12,4,112616.275,28154.06875,7.0,3.0,1.0,0.75,0
C101599,85,14,147674.144,10548.153142857143,1.0,1.0,1.0,0.42857142857142855,0
C107333,402,2,56936.95,28468.475,10.0,6.0,0.0,0.0,1
C108540,302,2,91247.7505,45623.87525,7.0,1.0,0.0,1.0,1
C107128,29,6,88528.2235,14754.703916666667,5.0,0.0,0.0,0.6666666666666666,0
C105693,36,2,22163.319,11081.6595,11.0,1.0,0.0,1.0,0
C107517,43,2,19004.485,9502.2425,12.0,1.0,0.0,0.5,0
C101692,294,1,34929.49,34929.49,6.0,1.0,0.0,0.0,1
C102803,90,2,32005.06,16002.529999999999,6.0,1.0,1.0,0.0,0
C103159,129,5,117175.0255,23435.005100000002,10.0,2.0,1.0,0.4,1
C107554,17,12,261872.01,21822.6675,11.0,5.0,2.0,0.8333333333333334,0
C111859,52,4,52676.948000000004,13169.237000000001,6.0,2.0,1.0,0.5,0
C112880,16,4,71154.139,17788.53475,8.0,2.0,0.0,0.25,0
C112348,118,4,116794.529,29198.632250000002,12.0,6.0,2.0,0.5,1
C109099,33,3,60500.308,20166.769333333334,2.0,2.0,0.0,0.3333333333333333,0
C113444,109,2,30746.040999999997,15373.020499999999,8.0,3.0,0.0,1.0,1
C106321,19,6,109252.843,18208.807166666666,7.0,1.0,2.0,0.3333333333333333,0
C112524,54,11,250907.798,22809.79981818182,8.0,3.0,1.0,0.36363636363636365,0
C114352,61,10,239371.589,23937.158900000002,13.0,4.0,4.0,0.6,0
C102318,65,10,173176.431,17317.6431,5.0,0.0,0.0,0.6,0
C113379,178,1,33664.04,33664.04,10.0,3.0,0.0,0.0,1
C113153,42,12,337097.61699999997,28091.468083333337,9.0,1.0,1.0,0.5833333333333334,0
C109857,383,4,48683.7125,12170.928125,4.0,2.0,0.0,1.0,1
C101818,112,5,56710.871,11342.1742,11.0,4.0,2.0,0.6,1
C112689,442,4,51058.25,12764.5625,10.0,3.0,0.0,1.0,1
C109190,187,1,13235.51,13235.51,9.0,4.0,0.0,0.0,1
C109244,92,6,143086.131,23847.6885,7.0,3.0,2.0,0.6666666666666666,1
C113568,412,2,11224.9285,5612.46425,8.0,3.0,0.0,1.0,1
C100477,2,9,146348.6795,16260.96438888889,16.0,5.0,0.0,0.6666666666666666,0
C107472,70,3,33252.1285,11084.042833333333,9.0,1.0,0.0,0.6666666666666666,0
C106608,-1,3,31281.6775,10427.225833333332,8.0,2.0,0.0,0.6666666666666666,0
C110254,5,4,70567.772,17641.943,7.0,4.0,1.0,0.5,0
C105547,145,4,72280.205,18070.05125,4.0,1.0,0.0,0.5,1
C103173,215,6,165316.483,27552.747166666668,4.0,0.0,2.0,0.16666666666666666,1
C100140,670,2,1955.913,977.9565,9.0,6.0,0.0,0.5,1
C105829,4,2,57505.138,28752.569,6.0,1.0,1.0,0.5,0
C109400,366,4,69078.31999999999,17269.58,6.0,3.0,0.0,0.25,1
C104930,45,7,110613.31049999999,15801.901499999998,10.0,4.0,2.0,0.42857142857142855,0
C109266,118,3,78323.62,26107.873333333333,7.0,1.0,0.0,0.0,1
C108132,193,2,52562.31,26281.155,14.0,5.0,0.0,0.0,1
C107291,249,2,60646.99,30323.495,7.0,1.0,0.0,0.0,1
C110820,35,2,88438.22600000001,44219.113000000005,7.0,0.0,1.0,0.5,0
C104165,37,4,55405.183,13851.29575,10.0,7.0,0.0,0.25,0
C100860,188,1,13738.43,13738.43,3.0,2.0,0.0,0.0,1
C104093,97,3,70478.696,23492.898666666664,6.0,3.0,0.0,0.6666666666666666,1
C112644,16,3,92995.35999999999,30998.453333333335,8.0,1.0,0.0,0.0,0
C104027,6,3,38673.464,12891.154666666667,4.0,1.0,1.0,0.3333333333333333,0
C104173,115,3,70265.034,23421.678,5.0,1.0,1.0,0.3333333333333333,1
C109425,314,3,41507.67,13835.89,7.0,1.0,0.0,0.3333333333333333,1
C100701,59,9,168295.08000000002,18699.453333333335,9.0,3.0,0.0,0.4444444444444444,0
C112256,62,4,110967.68149999999,27741.920374999998,10.0,3.0,2.0,0.5,0
C109919,160,5,117780.799,23556.1598,8.0,4.0,0.0,0.6,1
C104078,673,2,82351.75,41175.875,7.0,5.0,0.0,0.0,1
C100726,23,7,144822.408,20688.91542857143,8.0,1.0,0.0,0.5714285714285714,0
C108676,3,17,295588.7065,17387.570970588233,7.0,3.0,3.0,0.47058823529411764,0
C100084,267,4,152403.25,38100.8125,11.0,1.0,0.0,0.0,1
C113458,32,4,96743.6945,24185.923625,12.0,7.0,0.0,0.5,0
C108022,1,4,116365.56749999999,29091.391875,8.0,3.0,0.0,0.75,0
C106856,54,3,59136.467,19712.155666666662,5.0,1.0,0.0,0.6666666666666666,0
C114188,17,6,143310.8985,23885.14975,4.0,0.0,2.0,0.6666666666666666,0
C110980,90,2,24203.74,12101.87,7.0,4.0,0.0,0.0,0
C105107,0,1,12837.31,12837.31,9.0,1.0,0.0,0.0,0
C112817,202,4,121202.45499999999,30300.613749999997,10.0,4.0,1.0,0.75,1
C114393,0,3,23287.9195,7762.639833333334,9.0,2.0,1.0,1.0,0
C103393,97,3,85603.408,28534.46933333333,9.0,2.0,0.0,0.3333333333333333,1
C101234,36,5,161996.172,32399.234400000005,10.0,5.0,1.0,0.6,0
C114391,122,1,50340.48,50340.48,9.0,2.0,0.0,0.0,1
C107834,39,1,25832.718,25832.718,9.0,1.0,0.0,1.0,0
C111175,225,5,76897.04000000001,15379.408000000001,8.0,0.0,2.0,0.4,1
C104859,234,7,149470.06,21352.865714285716,9.0,3.0,1.0,0.5714285714285714,1
C101933,107,4,97165.612,24291.403,6.0,3.0,0.0,0.5,1
C111088,883,1,29879.960000000003,29879.960000000003,7.0,3.0,0.0,1.0,1
C111013,232,3,38748.993,12916.331,9.0,4.0,1.0,1.0,1
C113061,9,5,72449.241,14489.848199999999,10.0,3.0,1.0,0.4,0
C109707,22,6,168818.61000000002,28136.435,7.0,1.0,2.0,0.8333333333333334,0
C104194,26,10,155640.152,15564.0152,8.0,2.0,2.0,0.4,0
C105242,4,2,20629.5,10314.75,12.0,3.0,0.0,0.5,0
C107872,3,8,121805.132,15225.6415,8.0,5.0,3.0,0.75,0
C109039,32,7,142237.229,20319.60414285714,5.0,2.0,3.0,0.7142857142857143,0
C111408,49,3,116932.22200000001,38977.407333333336,9.0,2.0,0.0,0.6666666666666666,0
C107709,29,7,175439.93899999998,25062.84842857143,5.0,1.0,0.0,0.42857142857142855,0
C106234,97,5,96854.245,19370.849,10.0,1.0,1.0,0.4,1
C110317,107,11,362805.60349999997,32982.32759090909,7.0,2.0,3.0,0.7272727272727273,1
C110073,215,2,68877.5445,34438.77225,13.0,6.0,1.0,1.0,1
C104476,32,7,158442.2685,22634.609785714285,10.0,3.0,0.0,0.5714285714285714,0
C111826,96,3,55822.8405,18607.6135,9.0,3.0,0.0,0.6666666666666666,1
C104879,58,9,172244.4225,19138.26916666667,6.0,3.0,0.0,0.5555555555555556,0
C110802,33,3,48045.162000000004,16015.054000000002,6.0,1.0,0.0,0.3333333333333333,0
C105031,4,8,141540.0115,17692.5014375,8.0,4.0,0.0,0.375,0
C112999,85,1,20558.100000000002,20558.100000000002,12.0,4.0,0.0,0.0,0
C113762,23,4,97539.5,24384.875,9.0,3.0,1.0,0.0,0
C108351,9,15,246482.98150000002,16432.19876666667,10.0,2.0,3.0,0.6666666666666666,0
C102443,159,6,84592.8025,14098.800416666667,6.0,1.0,1.0,0.6666666666666666,1
C111586,264,7,212546.77649999998,30363.825214285713,10.0,2.0,1.0,0.5714285714285714,1
C107959,38,6,96133.3135,16022.218916666667,5.0,2.0,0.0,0.6666666666666666,0
C105783,38,4,113956.7015,28489.175375,8.0,1.0,0.0,0.5,0
C110294,273,2,64357.848,32178.924000000003,11.0,4.0,0.0,0.5,1
C100615,63,1,12993.77,12993.77,9.0,5.0,0.0,0.0,0
C109431,58,7,100582.558,14368.936857142859,7.0,4.0,0.0,0.5714285714285714,0
C111615,100,4,157244.52,39311.13,6.0,3.0,0.0,0.75,1
C110479,1,16,383995.94,23999.74625,5.0,4.0,2.0,0.5625,0
C106910,584,2,31595.060499999996,15797.53025,7.0,1.0,0.0,1.0,1
C114845,14,4,95178.1305,23794.532625,7.0,1.0,1.0,0.75,0
C108994,177,4,65844.323,16461.08075,8.0,1.0,0.0,0.75,1
C101782,69,4,42279.134999999995,10569.783749999999,7.0,1.0,0.0,0.5,0
C112878,271,5,136078.9175,27215.7835,7.0,2.0,1.0,0.8,1
C107174,11,6,46280.448,7713.407999999999,15.0,4.0,0.0,0.5,0
C102531,12,2,14712.9095,7356.45475,17.0,3.0,0.0,1.0,0
C110704,281,2,20522.149999999998,10261.074999999999,5.0,3.0,0.0,0.0,1
C105602,8,4,64556.403999999995,16139.100999999999,8.0,1.0,0.0,0.25,0
C105735,46,4,69589.008,17397.252,4.0,2.0,1.0,0.25,0
C101407,13,5,162234.51750000002,32446.903499999997,4.0,3.0,0.0,0.8,0
C113019,162,5,87738.112,17547.6224,10.0,6.0,0.0,0.4,1
C103795,127,4,78869.417,19717.35425,8.0,2.0,0.0,0.5,1
C112467,329,3,52242.576,17414.192,10.0,4.0,0.0,0.3333333333333333,1
C108845,73,4,60395.484000000004,15098.871000000001,4.0,0.0,0.0,0.5,0
C104037,13,2,23508.004,11754.002,9.0,2.0,0.0,1.0,0
C105093,117,4,103138.1845,25784.546125,8.0,3.0,0.0,0.75,1
C113146,29,8,166877.3905,20859.6738125,6.0,1.0,1.0,0.375,0
C102767,117,4,35900.871,8975.21775,9.0,1.0,0.0,0.75,1
C111559,354,2,52804.5815,26402.29075,12.0,3.0,2.0,1.0,1
C113786,-1,9,183486.1985,20387.35538888889,16.0,3.0,1.0,0.2222222222222222,0
C108725,79,4,62882.611000000004,15720.652750000001,11.0,3.0,1.0,0.75,0
C106268,208,5,145732.7875,29146.557500000003,6.0,1.0,0.0,1.0,1
C100625,0,1,3158.896,3158.896,8.0,0.0,0.0,1.0,0
C104229,128,1,2008.31,2008.31,10.0,3.0,0.0,0.0,1
C111568,11,3,28774.4255,9591.475166666667,6.0,2.0,0.0,1.0,0
C110398,41,4,28850.059500000003,7212.514875000001,9.0,2.0,0.0,0.25,0
C112708,54,1,8245.3,8245.3,7.0,3.0,0.0,0.0,0
C102737,28,6,80498.1235,13416.353916666667,5.0,0.0,3.0,0.5,0
C102646,167,4,93889.2375,23472.309375,8.0,0.0,0.0,0.5,1
C102793,6,6,141726.884,23621.14733333333,10.0,4.0,3.0,0.3333333333333333,0
C106136,23,4,72239.97750000001,18059.994375000002,10.0,2.0,1.0,0.75,0
C106558,359,2,22059.575,11029.7875,8.0,3.0,0.0,1.0,1
C108064,536,2,33374.241,16687.1205,5.0,2.0,0.0,1.0,1
C113054,92,3,76311.4645,25437.154833333334,6.0,0.0,1.0,0.3333333333333333,1
C110794,503,5,86342.373,17268.474599999998,6.0,3.0,1.0,0.6,1
C104506,40,6,196116.9275,32686.154583333333,6.0,3.0,0.0,0.6666666666666666,0
C106090,26,7,125228.5365,17889.79092857143,7.0,2.0,3.0,0.8571428571428571,0
C104374,36,8,181633.152,22704.144,6.0,2.0,0.0,0.75,0
C111512,125,4,100351.8315,25087.957875,10.0,2.0,2.0,0.75,1
C105984,49,2,49987.182,24993.591,5.0,3.0,0.0,0.5,0
C111351,247,3,86934.753,28978.251,6.0,2.0,1.0,0.6666666666666666,1
C106986,5,1,9187.038,9187.038,7.0,3.0,0.0,1.0,0
C106492,81,13,281439.8415,21649.218576923075,12.0,5.0,3.0,0.5384615384615384,0
C104732,60,4,68598.439,17149.60975,13.0,5.0,1.0,0.25,0
C104647,35,5,114202.0545,22840.4109,9.0,1.0,0.0,0.8,0
C110509,131,3,123555.7825,41185.260833333334,11.0,4.0,2.0,0.6666666666666666,1
C108434,234,2,39935.082,19967.541,6.0,2.0,0.0,1.0,1
C100741,18,5,104860.4785,20972.095699999998,5.0,1.0,0.0,0.6,0
C108614,101,2,32075.429,16037.7145,14.0,1.0,1.0,0.5,1
C112740,-1,3,26971.589500000002,8990.529833333334,9.0,1.0,0.0,0.6666666666666666,0
C112808,120,5,88343.7615,17668.7523,11.0,10.0,0.0,0.4,1
C100057,66,5,160991.34649999999,32198.269299999996,10.0,3.0,1.0,0.6,0
C102330,46,3,125537.239,41845.74633333333,14.0,3.0,1.0,0.3333333333333333,0
C111051,0,10,200925.42750000002,20092.54275,9.0,3.0,0.0,0.7,0
C102701,235,4,59235.5935,14808.898375,9.0,1.0,0.0,0.5,1
C108295,203,7,165884.435,23697.77642857143,8.0,4.0,0.0,0.2857142857142857,1
C106025,105,11,190328.666,17302.606,9.0,4.0,3.0,0.7272727272727273,1
C111138,199,2,66809.579,33404.7895,11.0,4.0,0.0,1.0,1
C109648,69,5,119287.314,23857.4628,7.0,1.0,1.0,0.2,0
C105271,373,1,3185.0,3185.0,12.0,6.0,0.0,1.0,1
C111719,564,2,17554.7025,8777.35125,9.0,2.0,0.0,0.5,1
C107766,1,1,19115.03,19115.03,12.0,2.0,1.0,0.0,0
C112049,475,2,31578.739999999998,15789.369999999999,11.0,5.0,1.0,0.0,1
C107180,636,2,52186.85,26093.425,8.0,2.0,0.0,0.0,1
C108271,80,5,117457.8125,23491.5625,8.0,3.0,0.0,0.4,0
C112503,193,5,117348.1945,23469.638899999998,8.0,2.0,1.0,0.8,1
C111236,173,1,15244.307999999999,15244.307999999999,11.0,1.0,0.0,1.0,1
C111607,29,6,98383.008,16397.168,9.0,0.0,1.0,0.3333333333333333,0
C101895,127,3,115301.14050000001,38433.713500000005,5.0,2.0,1.0,0.6666666666666666,1
C101318,795,1,40562.9955,40562.9955,4.0,2.0,0.0,1.0,1
C114455,597,2,39287.22,19643.61,8.0,1.0,0.0,0.5,1
C109368,76,6,55546.823,9257.803833333333,4.0,1.0,0.0,0.8333333333333334,0
C105066,106,2,22949.8,11474.9,4.0,2.0,0.0,0.0,1
C102211,299,1,18093.26,18093.26,5.0,2.0,0.0,0.0,1
C112370,107,3,44870.13,14956.710000000001,6.0,2.0,0.0,0.6666666666666666,1
C100295,40,7,149497.246,21356.74942857143,4.0,2.0,2.0,0.42857142857142855,0
C110745,-1,7,264836.9475,37833.849642857145,7.0,0.0,3.0,0.2857142857142857,0
C113448,89,5,138153.018,27630.603600000002,11.0,1.0,0.0,0.6,0
C112896,45,3,67084.254,22361.418,6.0,1.0,0.0,0.3333333333333333,0
C108672,4,3,121032.14600000001,40344.04866666667,8.0,2.0,1.0,0.3333333333333333,0
C112378,157,6,88770.49100000001,14795.081833333335,9.0,4.0,0.0,0.5,1
C112617,60,3,51770.487499999996,17256.829166666666,10.0,5.0,1.0,0.6666666666666666,0
C110178,26,3,44409.009,14803.003000000002,7.0,4.0,0.0,0.3333333333333333,0
C114901,490,4,42885.28,10721.32,11.0,1.0,1.0,0.0,1
C103063,26,4,111553.9045,27888.476125,9.0,2.0,1.0,1.0,0
C106805,66,7,158086.12,22583.731428571427,6.0,1.0,4.0,0.8571428571428571,0
C114684,133,6,89745.455,14957.575833333334,4.0,2.0,1.0,0.16666666666666666,1
C103068,18,12,272158.2295,22679.852458333335,7.0,1.0,4.0,0.25,0
C103051,-1,10,167381.7695,16738.17695,9.0,0.0,1.0,0.5,0
C104517,65,7,151947.55800000002,21706.794,6.0,0.0,4.0,0.5714285714285714,0
C112609,129,4,93138.1835,23284.545875,8.0,2.0,1.0,0.75,1
C113462,486,1,8155.715999999999,8155.715999999999,8.0,0.0,0.0,1.0,1
C107314,110,1,41156.564999999995,41156.564999999995,7.0,2.0,0.0,1.0,1
C108533,617,2,43450.885,21725.4425,6.0,1.0,0.0,0.5,1
C111590,539,2,76518.04000000001,38259.020000000004,6.0,4.0,0.0,0.5,1
C112407,-1,8,203580.05449999997,25447.5068125,7.0,1.0,3.0,0.5,0
C111684,145,4,82859.6575,20714.914375,7.0,2.0,1.0,0.75,1
C110937,244,3,26981.0815,8993.693833333333,9.0,4.0,0.0,0.6666666666666666,1
C108679,235,1,12090.986499999999,12090.986499999999,12.0,4.0,0.0,1.0,1
C110758,89,5,107526.936,21505.3872,5.0,0.0,0.0,0.6,0
C114848,307,1,15991.35,15991.35,9.0,3.0,0.0,0.0,1
C102771,29,8,215527.49,26940.93625,6.0,3.0,2.0,0.375,0
C113232,45,6,213608.49300000002,35601.415499999996,12.0,3.0,3.0,0.6666666666666666,0
C111980,26,3,44053.614499999996,14684.538166666665,11.0,2.0,1.0,0.3333333333333333,0
C113081,88,15,321010.4275,21400.695166666665,12.0,4.0,3.0,0.7333333333333333,0
C112743,9,2,29946.0645,14973.03225,13.0,6.0,0.0,0.5,0
C103368,-1,3,72364.7115,24121.5705,7.0,2.0,1.0,1.0,0
C101309,114,5,115481.8095,23096.361900000004,10.0,1.0,2.0,0.6,1
C104445,32,8,130519.0835,16314.8854375,7.0,2.0,2.0,0.75,0
C109299,169,2,34292.411,17146.2055,15.0,3.0,1.0,1.0,1
C111839,156,5,61925.3765,12385.0753,11.0,3.0,0.0,0.4,1
C113301,20,5,121854.119,24370.823800000002,9.0,2.0,0.0,0.6,0
C109519,129,5,108528.556,21705.7112,6.0,2.0,0.0,0.6,1
C106682,89,4,101846.44200000001,25461.610500000003,4.0,3.0,0.0,0.5,0
C105234,334,1,19612.815000000002,19612.815000000002,7.0,2.0,0.0,1.0,1
C101429,61,4,66575.677,16643.91925,10.0,5.0,1.0,0.25,0
C114776,47,3,22314.529,7438.176333333333,5.0,1.0,0.0,0.6666666666666666,0
C114292,116,7,104077.305,14868.186428571427,9.0,2.0,1.0,0.42857142857142855,1
C114300,106,2,53710.990000000005,26855.495000000003,9.0,4.0,1.0,0.0,1
C111430,33,5,50639.8255,10127.9651,7.0,3.0,1.0,0.8,0
C112244,231,4,84314.385,21078.59625,7.0,3.0,0.0,1.0,1
C101451,21,2,25093.768000000004,12546.884000000002,8.0,3.0,0.0,0.5,0
C110546,30,7,204327.375,29189.625,7.0,2.0,2.0,0.2857142857142857,0
C111009,19,4,81263.1225,20315.780625,10.0,1.0,0.0,0.5,0
C105026,-1,3,57153.949,19051.316333333332,10.0,5.0,0.0,1.0,0
C110976,46,5,105519.72,21103.944,4.0,0.0,3.0,0.4,0
C104423,24,2,33085.54,16542.77,13.0,4.0,0.0,0.0,0
C105059,6,5,53756.845,10751.369,8.0,2.0,0.0,0.6,0
C101825,70,2,49646.7035,24823.35175,11.0,4.0,1.0,1.0,0
C101053,239,1,38491.146,38491.146,6.0,1.0,0.0,1.0,1
C104719,1,11,281592.0745,25599.2795,4.0,0.0,3.0,0.45454545454545453,0
C103121,11,5,88881.094,17776.2188,9.0,1.0,1.0,0.4,0
C101618,17,8,242222.53,30277.81625,8.0,2.0,2.0,0.625,0
C109222,278,2,20797.118499999997,10398.559249999998,10.0,1.0,0.0,1.0,1
C109101,79,3,82975.046,27658.34866666667,10.0,1.0,1.0,0.3333333333333333,0
C112311,46,5,154031.28900000002,30806.257800000003,9.0,1.0,0.0,0.6,0
C102088,7,6,220995.403,36832.56716666667,6.0,1.0,4.0,0.5,0
C113259,325,1,9972.131,9972.131,8.0,0.0,0.0,1.0,1
C114588,593,1,13953.638,13953.638,7.0,3.0,0.0,1.0,1
C104987,188,1,36944.17,36944.17,3.0,0.0,0.0,0.0,1
C104804,197,1,15079.446,15079.446,9.0,1.0,0.0,1.0,1
C111421,11,10,211746.1245,21174.61245,6.0,2.0,2.0,0.7,0
C102753,29,2,55918.652,27959.326,9.0,2.0,0.0,0.5,0
C109967,211,2,63201.7655,31600.882749999997,2.0,1.0,1.0,1.0,1
C100417,88,4,48339.952,12084.988,8.0,2.0,0.0,0.75,0
C113771,114,2,22670.544,11335.272,6.0,0.0,0.0,1.0,1
C107559,13,3,40867.779,13622.593,15.0,0.0,0.0,1.0,0
C107923,218,3,33090.11,11030.036666666667,7.0,1.0,0.0,0.0,1
C101055,14,10,169883.2505,16988.32505,7.0,1.0,1.0,0.6,0
C102093,172,1,28520.93,28520.93,5.0,1.0,1.0,0.0,1
C101349,35,2,75395.335,37697.667499999996,8.0,2.0,1.0,1.0,0
C112496,116,4,64601.3095,16150.327375,7.0,1.0,0.0,0.75,1
C107036,159,1,38473.824,38473.824,7.0,2.0,0.0,1.0,1
C108696,29,3,32699.5585,10899.852833333332,9.0,1.0,0.0,0.3333333333333333,0
C105822,17,4,109260.053,27315.01325,6.0,3.0,1.0,0.5,0
C102220,19,6,136201.041,22700.1735,7.0,4.0,1.0,0.5,0
C108922,202,6,195760.978,32626.82966666666,7.0,3.0,3.0,0.5,1
C103459,83,13,187528.4775,14425.2675,8.0,2.0,2.0,0.46153846153846156,0
C106604,319,2,58168.556,29084.278,10.0,0.0,0.0,0.5,1
C109804,65,6,116073.721,19345.620166666668,5.0,1.0,2.0,0.3333333333333333,0
C111648,25,2,19237.1735,9618.58675,12.0,3.0,0.0,1.0,0
C104885,145,6,146934.672,24489.111999999997,10.0,1.0,1.0,0.8333333333333334,1
C108110,117,6,113004.152,18834.025333333335,5.0,1.0,2.0,0.3333333333333333,1
C100689,193,1,15660.960000000001,15660.960000000001,7.0,1.0,1.0,1.0,1
C107974,-1,3,35575.715,11858.571666666665,8.0,3.0,0.0,0.6666666666666666,0
C104993,14,4,94641.44,23660.36,2.0,1.0,1.0,1.0,0
C106585,68,16,388087.624,24255.4765,10.0,4.0,5.0,0.8125,0
C107970,103,5,47393.66,9478.732,10.0,5.0,1.0,0.6,1
C108734,591,1,14356.609,14356.609,14.0,4.0,0.0,1.0,1
C105176,17,7,127534.2365,18219.176642857143,11.0,1.0,1.0,0.7142857142857143,0
C104750,70,2,48800.241,24400.120499999997,8.0,1.0,0.0,1.0,0
C111316,804,1,20164.672000000002,20164.672000000002,9.0,1.0,0.0,1.0,1
C102935,40,6,194819.34749999997,32469.891249999997,11.0,2.0,2.0,0.6666666666666666,0
C110064,198,4,58968.8015,14742.200375,6.0,2.0,0.0,0.75,1
C109089,55,7,117700.989,16814.427,11.0,6.0,1.0,0.5714285714285714,0
C108496,33,1,3930.8400000000006,3930.8400000000006,8.0,0.0,0.0,1.0,0
C107129,31,5,158870.1105,31774.022100000002,5.0,1.0,1.0,0.6,0
C106033,17,10,239817.0725,23981.70725,5.0,3.0,1.0,0.6,0
C108580,3,4,60459.57,15114.8925,10.0,3.0,1.0,0.75,0
C109590,65,1,10688.1,10688.1,9.0,3.0,0.0,0.0,0
C107315,250,4,39078.865,9769.71625,7.0,0.0,1.0,0.5,1
C109522,303,1,3035.07,3035.07,7.0,2.0,0.0,1.0,1
C103861,288,6,68609.492,11434.915333333332,10.0,3.0,2.0,0.6666666666666666,1
C101067,10,2,21622.195,10811.0975,9.0,3.0,0.0,1.0,0
C100041,12,2,66021.92,33010.96,9.0,3.0,1.0,0.0,0
C111485,41,6,204116.303,34019.38383333333,12.0,2.0,0.0,0.5,0
C104039,7,3,50940.505000000005,16980.168333333335,5.0,1.0,0.0,0.6666666666666666,0
C114400,44,7,103019.9595,14717.137071428571,11.0,5.0,3.0,0.5714285714285714,0
C104009,169,1,17458.0835,17458.0835,7.0,4.0,0.0,1.0,1
C106273,66,5,78360.595,15672.119,10.0,3.0,0.0,0.6,0
C102856,51,4,97520.685,24380.17125,5.0,2.0,0.0,0.75,0
C104965,28,3,82970.237,27656.745666666666,17.0,6.0,1.0,0.3333333333333333,0
C107932,31,5,102968.1515,20593.6303,12.0,3.0,0.0,0.4,0
C109872,1,7,108726.41900000001,15532.345571428572,10.0,4.0,1.0,0.42857142857142855,0
C101961,18,4,46257.6795,11564.419875,10.0,5.0,0.0,0.5,0
C107124,75,7,201557.615,28793.945,9.0,4.0,1.0,0.2857142857142857,0
C102347,1,6,51503.686499999996,8583.94775,9.0,0.0,1.0,0.5,0
C109423,222,3,119804.44499999999,39934.814999999995,17.0,5.0,1.0,0.3333333333333333,1
C103779,96,2,14469.9815,7234.99075,7.0,3.0,0.0,1.0,1
C110471,191,5,83650.5625,16730.1125,5.0,2.0,3.0,0.6,1
C104664,36,14,315571.70399999997,22540.836,11.0,5.0,3.0,0.7857142857142857,0
C103807,249,5,103371.4615,20674.292299999997,4.0,0.0,0.0,0.2,1
C105591,147,4,119843.05,29960.7625,12.0,5.0,1.0,0.0,1
C111310,26,1,26110.894999999997,26110.894999999997,7.0,1.0,1.0,1.0,0
C105648,101,2,37982.862,18991.431,6.0,2.0,0.0,1.0,1
C109154,0,4,68060.5135,17015.128375,4.0,0.0,0.0,0.5,0
C108825,-1,9,221715.96,24635.106666666667,6.0,1.0,1.0,0.6666666666666666,0
C102990,-1,10,207733.957,20773.3957,5.0,1.0,1.0,0.5,0
C112607,193,4,71979.5485,17994.887125,10.0,5.0,1.0,1.0,1
C112975,329,1,1504.008,1504.008,9.0,1.0,0.0,1.0,1
C108848,2,8,103927.2145,12990.9018125,9.0,0.0,0.0,0.375,0
C112710,58,2,28019.043499999996,14009.521749999998,6.0,3.0,0.0,1.0,0
C103910,21,8,160316.3505,20039.5438125,6.0,2.0,1.0,0.875,0
C104273,42,8,121923.0015,15240.3751875,11.0,2.0,1.0,0.5,0
C101167,74,5,69047.8855,13809.5771,15.0,6.0,0.0,0.8,0
C105153,1,2,51028.99,25514.495,6.0,3.0,1.0,0.0,0
C107917,301,8,125344.1985,15668.0248125,10.0,1.0,1.0,0.75,1
C103235,40,6,136379.055,22729.8425,9.0,1.0,1.0,1.0,0
C103900,54,2,17807.056,8903.528,11.0,3.0,0.0,1.0,0
C113099,118,6,131477.1225,21912.85375,15.0,4.0,1.0,0.8333333333333334,1
C112024,125,7,112627.468,16089.638285714285,7.0,3.0,1.0,0.5714285714285714,1
C100246,152,1,23733.198,23733.198,8.0,1.0,0.0,1.0,1
C111337,73,3,32946.042499999996,10982.014166666666,10.0,6.0,0.0,0.3333333333333333,0
C109106,286,1,11623.7925,11623.7925,11.0,3.0,0.0,1.0,1
C111297,23,4,63746.0205,15936.505125,7.0,3.0,0.0,0.75,0
C107686,262,1,12697.3935,12697.3935,7.0,1.0,0.0,1.0,1
C112265,141,2,52150.32,26075.16,6.0,1.0,0.0,0.0,1
C111936,27,1,2350.43,2350.43,10.0,2.0,0.0,0.0,0
C113877,210,8,94791.617,11848.952125,11.0,4.0,2.0,0.125,1
C107996,550,1,12325.833,12325.833,5.0,3.0,0.0,1.0,1
C114143,304,2,73930.3,36965.15,6.0,3.0,1.0,0.0,1
C105743,27,4,61297.516,15324.379,12.0,3.0,0.0,0.5,0
C108896,65,3,64667.977999999996,21555.992666666665,6.0,3.0,0.0,0.3333333333333333,0
C111815,26,11,252930.1045,22993.645863636364,6.0,4.0,4.0,0.5454545454545454,0
C103908,322,1,9890.396999999999,9890.396999999999,12.0,4.0,0.0,1.0,1
C111174,133,5,117387.472,23477.494400000003,7.0,4.0,0.0,0.4,1
C107938,-1,14,314781.3715,22484.38367857143,10.0,2.0,3.0,0.7857142857142857,0
C106098,332,3,49308.903,16436.301,5.0,0.0,1.0,0.6666666666666666,1
C109674,216,3,78582.04800000001,26194.016000000003,7.0,0.0,2.0,0.6666666666666666,1
C107710,146,4,44887.264500000005,11221.816125000001,12.0,1.0,1.0,1.0,1
C101879,380,1,11333.078999999998,11333.078999999998,8.0,1.0,0.0,1.0,1
C100329,177,2,23003.368500000004,11501.684250000002,9.0,4.0,0.0,1.0,1
C114847,404,2,38372.6475,19186.32375,10.0,1.0,1.0,0.5,1
C109620,115,6,153792.0785,25632.013083333335,7.0,1.0,4.0,0.5,1
C105200,31,6,87481.102,14580.183666666666,6.0,3.0,1.0,0.6666666666666666,0
C105199,1,7,129979.178,18568.454,5.0,2.0,0.0,0.2857142857142857,0
C108372,326,1,1748.62,1748.62,5.0,1.0,0.0,0.0,1
C104634,12,18,400857.10099999997,22269.838944444447,7.0,2.0,7.0,0.5555555555555556,0
C113328,40,5,80784.6215,16156.924299999999,9.0,2.0,0.0,0.6,0
C103800,644,3,102204.17400000001,34068.058,8.0,2.0,0.0,0.3333333333333333,1
C106563,5,4,72490.092,18122.523,18.0,5.0,0.0,0.5,0
C107952,4,13,291937.931,22456.76392307692,11.0,5.0,2.0,0.46153846153846156,0
C109422,240,12,231454.111,19287.842583333335,5.0,1.0,1.0,0.75,1
C110160,26,4,62559.22,15639.805,5.0,1.0,0.0,0.25,0
C111774,31,5,124111.033,24822.206599999998,8.0,1.0,0.0,0.4,0
C109192,4,7,185850.345,26550.049285714285,13.0,2.0,0.0,0.2857142857142857,0
C110759,25,9,244042.9015,27115.877944444448,8.0,0.0,1.0,0.4444444444444444,0
C103395,386,1,17081.16,17081.16,5.0,1.0,0.0,0.0,1
C108669,519,1,49834.28999999999,49834.28999999999,10.0,4.0,1.0,0.0,1
C108330,70,9,153392.23700000002,17043.58188888889,11.0,5.0,0.0,0.8888888888888888,0
C104604,59,15,336246.6335,22416.44223333333,8.0,2.0,0.0,0.8,0
C101002,82,6,179987.79499999998,29997.965833333332,9.0,4.0,2.0,0.6666666666666666,0
C113592,585,1,17089.61,17089.61,10.0,2.0,0.0,0.0,1
C105895,5,9,273722.44049999997,30413.604499999998,12.0,5.0,3.0,0.4444444444444444,0
C105368,5,3,29926.299,9975.432999999999,9.0,3.0,0.0,0.6666666666666666,0
C113866,1,1,40665.45,40665.45,10.0,2.0,0.0,0.0,0
C100669,155,3,56485.662000000004,18828.554,3.0,0.0,0.0,1.0,1
C111752,298,3,53268.864,17756.288,9.0,3.0,1.0,0.3333333333333333,1
C105151,320,6,122670.42700000001,20445.07116666667,8.0,3.0,0.0,0.3333333333333333,1
C105945,755,2,20458.595999999998,10229.297999999999,8.0,1.0,0.0,1.0,1
C101495,1,5,129810.767,25962.1534,6.0,2.0,0.0,0.2,0
C102695,0,4,127888.5245,31972.131125000004,11.0,1.0,0.0,1.0,0
C105642,12,3,72640.319,24213.43966666667,8.0,2.0,2.0,0.3333333333333333,0
C111106,60,5,71778.1565,14355.6313,10.0,4.0,0.0,0.6,0
C111431,153,5,68802.348,13760.4696,11.0,4.0,1.0,0.8,1
C110023,82,5,73726.1525,14745.2305,11.0,2.0,0.0,0.8,0
C107721,42,5,116678.34,23335.667999999998,6.0,3.0,0.0,0.8,0
C100473,16,5,94391.8225,18878.3645,5.0,2.0,0.0,0.6,0
C114362,108,5,50077.35,10015.47,8.0,1.0,0.0,0.4,1
C113286,772,1,16275.488000000001,16275.488000000001,6.0,3.0,1.0,1.0,1
C112932,78,2,34862.9785,17431.48925,10.0,3.0,0.0,0.5,0
C101515,85,4,78305.19,19576.2975,6.0,1.0,2.0,0.0,0
C113709,79,1,13790.568000000001,13790.568000000001,5.0,1.0,0.0,1.0,0
C106983,49,3,31380.38,10460.126666666667,11.0,3.0,0.0,0.6666666666666666,0
C109346,19,9,203473.818,22608.202,11.0,5.0,0.0,0.3333333333333333,0
C103681,487,1,440.61949999999996,440.61949999999996,17.0,4.0,0.0,1.0,1
C108551,0,4,87883.458,21970.8645,7.0,1.0,0.0,0.5,0
C103443,91,1,6456.389999999999,6456.389999999999,5.0,3.0,0.0,1.0,1
C101885,275,4,156658.8295,39164.707375,6.0,1.0,1.0,0.25,1
C113943,36,4,41929.646499999995,10482.411624999999,10.0,4.0,1.0,0.5,0
C110515,30,6,135740.175,22623.3625,17.0,9.0,1.0,0.6666666666666666,0
C114312,-1,2,81897.209,40948.6045,8.0,2.0,0.0,1.0,0
C103305,38,9,172006.3155,19111.812833333333,9.0,1.0,2.0,0.6666666666666666,0
C102051,39,7,150521.0715,21503.010214285714,5.0,3.0,1.0,0.7142857142857143,0
C108622,62,2,60676.73,30338.365000000005,16.0,5.0,0.0,0.5,0
C109234,-1,2,27455.06,13727.53,5.0,2.0,1.0,0.0,0
C105322,482,2,7060.514,3530.257,7.0,2.0,0.0,0.5,1
C102030,14,3,26976.872499999998,8992.290833333333,7.0,2.0,0.0,0.6666666666666666,0
C109753,0,6,64776.627499999995,10796.104583333332,7.0,3.0,0.0,0.5,0
C111564,34,8,190218.656,23777.332000000002,6.0,3.0,1.0,0.625,0
C102897,605,3,46605.7025,15535.234166666667,11.0,3.0,0.0,0.3333333333333333,1
C106022,55,3,106313.9735,35437.99116666667,7.0,3.0,1.0,0.6666666666666666,0
C103128,196,2,36769.108,18384.554,7.0,3.0,0.0,1.0,1
C103623,92,1,7033.11,7033.11,12.0,3.0,0.0,0.0,1
C101411,61,4,41891.8955,10472.973875,12.0,3.0,1.0,0.75,0
C100340,143,5,55665.8975,11133.1795,8.0,2.0,0.0,0.6,1
C111605,273,3,55346.518000000004,18448.839333333333,8.0,2.0,1.0,0.6666666666666666,1
C100542,746,2,27144.864,13572.432,19.0,6.0,1.0,0.5,1
C104334,3,7,195456.069,27922.29557142857,5.0,3.0,1.0,0.42857142857142855,0
C109061,100,3,51968.957,17322.985666666667,12.0,2.0,0.0,0.6666666666666666,1
C108931,10,6,177244.1915,29540.69858333333,11.0,1.0,1.0,0.5,0
C102354,17,6,247998.8675,41333.144583333335,8.0,3.0,0.0,0.3333333333333333,0
C100650,35,2,53862.729499999994,26931.364749999997,8.0,4.0,0.0,1.0,0
C114696,28,3,109210.168,36403.38933333333,13.0,3.0,2.0,0.6666666666666666,0
C107148,25,10,209492.674,20949.2674,14.0,1.0,2.0,0.7,0
C100749,6,4,43008.868,10752.217,7.0,1.0,0.0,0.75,0
C108325,32,2,68331.234,34165.617,10.0,2.0,0.0,0.5,0
C106210,99,1,34065.79,34065.79,13.0,4.0,0.0,0.0,1
C111313,134,2,5197.97,2598.985,6.0,1.0,1.0,0.0,1
C113788,615,1,18501.64,18501.64,3.0,1.0,0.0,0.0,1
C108810,69,8,104690.0385,13086.2548125,7.0,3.0,1.0,0.625,0
C112924,717,3,67970.92,22656.97333333333,7.0,5.0,0.0,0.6666666666666666,1
C103045,21,6,164355.642,27392.607000000004,5.0,3.0,1.0,0.5,0
C110255,31,2,16338.771,8169.3855,13.0,3.0,1.0,0.5,0
C101624,365,6,129376.216,21562.702666666668,6.0,1.0,0.0,0.3333333333333333,1
C106967,340,8,168177.261,21022.157625,8.0,5.0,1.0,0.375,1
C100192,26,5,110968.5065,22193.7013,11.0,3.0,2.0,0.6,0
C101643,361,3,43182.7675,14394.255833333335,11.0,4.0,0.0,0.6666666666666666,1
C101373,116,1,13051.89,13051.89,19.0,2.0,0.0,0.0,1
C102100,59,5,117992.219,23598.4438,11.0,7.0,1.0,0.4,0
C113221,141,3,66590.28600000001,22196.762000000002,7.0,3.0,0.0,0.3333333333333333,1
C112935,105,6,62972.3495,10495.391583333332,7.0,1.0,0.0,0.6666666666666666,1
C105578,47,3,46495.6605,15498.5535,11.0,3.0,0.0,1.0,0
C100306,127,3,77310.746,25770.248666666666,8.0,2.0,0.0,0.6666666666666666,1
C106093,642,3,41678.29,13892.763333333334,10.0,5.0,1.0,0.3333333333333333,1
C110179,302,4,114015.508,28503.877,5.0,1.0,0.0,0.25,1
C107029,15,1,11246.68,11246.68,3.0,0.0,0.0,0.0,0
C107679,14,2,87031.62999999999,43515.815,13.0,2.0,0.0,0.0,0
C108665,17,7,192018.338,27431.19114285714,10.0,3.0,1.0,0.14285714285714285,0
C111218,63,4,86691.4305,21672.857625,10.0,3.0,2.0,0.5,0
C112199,61,2,66851.48999999999,33425.744999999995,2.0,0.0,0.0,1.0,0
C110959,169,1,98627.97600000001,98627.97600000001,11.0,6.0,1.0,1.0,1
C104281,158,2,7609.3,3804.65,8.0,3.0,0.0,0.0,1
C106734,274,1,43990.01,43990.01,12.0,6.0,0.0,0.0,1
C101121,94,2,34921.278,17460.638999999996,7.0,2.0,1.0,1.0,1
C102224,121,5,87047.02500000001,17409.405000000002,9.0,2.0,1.0,0.6,1
C109439,57,6,170981.5505,28496.925083333335,6.0,2.0,2.0,0.5,0
C100202,59,11,230141.24349999998,20921.93122727273,4.0,2.0,4.0,0.6363636363636364,0
C100034,63,5,73540.24100000001,14708.048200000001,4.0,2.0,0.0,0.8,0
C113345,465,2,78963.48,39481.74,9.0,5.0,0.0,0.0,1
C113262,58,3,37746.56,12582.186666666666,9.0,3.0,0.0,0.0,0
C109165,35,3,43363.641,14454.546999999999,11.0,3.0,0.0,0.6666666666666666,0
C110361,9,10,186923.92,18692.392,6.0,2.0,1.0,0.4,0
C101609,22,6,150309.648,25051.607999999997,6.0,2.0,0.0,0.6666666666666666,0
C100230,39,6,143522.36800000002,23920.39466666667,9.0,3.0,1.0,0.3333333333333333,0
C100239,69,1,37763.13,37763.13,11.0,5.0,0.0,0.0,0
C104552,46,2,34399.242,17199.621,12.0,4.0,1.0,0.5,0
C106314,0,7,245740.823,35105.83185714286,7.0,3.0,1.0,0.7142857142857143,0
C103636,50,18,370432.9755,20579.60975,5.0,0.0,1.0,0.6111111111111112,0
C101386,11,16,422731.7545,26420.73465625,8.0,1.0,3.0,0.75,0
C101650,20,9,109924.965,12213.885,7.0,2.0,0.0,0.6666666666666666,0
C109013,89,5,123414.762,24682.952400000002,5.0,1.0,0.0,0.4,0
C106012,24,6,122550.71,20425.118333333336,8.0,4.0,1.0,0.0,0
C113596,519,3,85496.45850000001,28498.8195,7.0,2.0,1.0,0.6666666666666666,1
C107047,187,3,61532.047,20510.682333333334,9.0,3.0,0.0,0.6666666666666666,1
C108867,6,6,108188.46,18031.41,11.0,3.0,0.0,0.8333333333333334,0
C108616,14,4,68342.12849999999,17085.532124999998,7.0,5.0,0.0,0.75,0
C110404,521,1,16493.55,16493.55,9.0,4.0,0.0,0.0,1
C104689,13,5,56429.4975,11285.8995,5.0,0.0,1.0,0.8,0
C105194,144,3,38803.565,12934.521666666667,3.0,2.0,0.0,0.6666666666666666,1
C101138,341,3,101546.769,33848.923,8.0,2.0,1.0,0.6666666666666666,1
C109690,31,7,110260.041,15751.434428571429,10.0,1.0,3.0,0.8571428571428571,0
C112829,0,2,63678.456000000006,31839.228,10.0,6.0,2.0,0.5,0
C101306,104,3,27982.9495,9327.649833333335,12.0,3.0,0.0,0.3333333333333333,1
C113947,8,2,96139.5775,48069.78875000001,8.0,0.0,1.0,1.0,0
C113974,155,1,61271.559,61271.559,13.0,3.0,0.0,1.0,1
C100125,30,2,38765.335999999996,19382.667999999998,9.0,3.0,0.0,1.0,0
C108854,74,10,159654.3905,15965.43905,5.0,4.0,2.0,0.6,0
C104490,67,5,67128.548,13425.709599999998,9.0,1.0,1.0,0.4,0
C101456,36,5,200020.535,40004.107,16.0,5.0,2.0,0.4,0
C103172,0,4,166068.321,41517.08025,6.0,0.0,0.0,0.5,0
C111129,156,4,98183.705,24545.92625,14.0,3.0,0.0,0.5,1
C103671,19,12,292707.9925,24392.33270833333,6.0,2.0,1.0,0.6666666666666666,0
C106286,1,7,182299.04,26042.72,6.0,1.0,2.0,0.7142857142857143,0
C103274,106,7,153423.037,21917.576714285715,12.0,3.0,0.0,0.42857142857142855,1
C114879,325,5,96918.0945,19383.6189,9.0,2.0,1.0,0.4,1
C112945,213,3,44486.05,14828.683333333332,8.0,1.0,1.0,0.6666666666666666,1
C109026,60,2,15894.146,7947.073,9.0,4.0,0.0,0.5,0
C106716,43,1,60134.26000000001,60134.26000000001,3.0,0.0,0.0,0.0,0
C114923,49,11,186932.8485,16993.895318181818,9.0,2.0,2.0,0.45454545454545453,0
C107979,641,1,19627.353,19627.353,6.0,4.0,0.0,1.0,1
C102634,48,9,203013.937,22557.10411111111,7.0,3.0,0.0,0.7777777777777778,0
C104113,19,3,84594.342,28198.114,6.0,2.0,0.0,1.0,0
C114622,136,2,72286.8455,36143.422750000005,8.0,2.0,0.0,1.0,1
C109948,25,9,89028.0115,9892.001277777777,11.0,0.0,0.0,0.3333333333333333,0
C111442,363,6,127643.2245,21273.87075,9.0,2.0,2.0,0.5,1
C114399,0,3,31698.283000000003,10566.094333333334,11.0,3.0,0.0,1.0,0
C112412,27,4,97893.8955,24473.473875,9.0,0.0,0.0,0.75,0
C107252,265,4,69733.5115,17433.377875,9.0,2.0,1.0,0.5,1
C104768,4,8,148183.033,18522.879125,7.0,0.0,3.0,0.625,0
C105458,296,2,51923.35249999999,25961.676249999997,8.0,1.0,0.0,1.0,1
C105169,24,4,118324.67300000001,29581.16825,19.0,6.0,2.0,0.75,0
C108044,-1,13,199525.339,15348.103000000001,7.0,0.0,2.0,0.46153846153846156,0
C107814,6,9,241370.1845,26818.90938888889,9.0,4.0,4.0,0.7777777777777778,0
C113794,51,3,31774.703,10591.567666666668,9.0,4.0,1.0,0.6666666666666666,0
C106142,71,2,87741.152,43870.576,8.0,1.0,1.0,1.0,0
C103419,52,8,102282.0485,12785.2560625,8.0,1.0,1.0,0.375,0
C105253,2,6,93874.999,15645.833166666665,3.0,1.0,1.0,0.6666666666666666,0
C113331,84,2,75684.70999999999,37842.354999999996,7.0,2.0,0.0,0.0,0
C104917,15,2,44695.17,22347.585,8.0,0.0,0.0,0.0,0
C102121,-1,6,150277.408,25046.234666666667,8.0,1.0,0.0,0.5,0
C104299,146,3,38380.711500000005,12793.570500000002,10.0,3.0,0.0,0.6666666666666666,1
C114521,28,5,138641.552,27728.3104,6.0,1.0,1.0,0.4,0
C106304,104,1,16208.68,16208.68,6.0,1.0,0.0,0.0,1
C114069,85,5,143290.465,28658.093,4.0,1.0,1.0,0.6,0
C103005,174,5,124798.918,24959.7836,8.0,5.0,0.0,0.6,1
C109287,197,6,144341.5995,24056.933250000002,8.0,2.0,1.0,0.8333333333333334,1
C110040,666,1,14768.503499999999,14768.503499999999,4.0,1.0,0.0,1.0,1
C113500,102,2,16532.936999999998,8266.468499999999,12.0,5.0,0.0,1.0,1
C111214,183,3,50574.1665,16858.0555,8.0,2.0,0.0,0.6666666666666666,1
C108613,19,2,21409.96,10704.98,4.0,2.0,0.0,0.0,0
C108603,0,4,120864.379,30216.094750000004,8.0,3.0,1.0,0.75,0
C106396,70,1,6179.626499999999,6179.626499999999,5.0,3.0,0.0,1.0,0
C107779,30,1,23146.6835,23146.6835,10.0,6.0,1.0,1.0,0
C107253,47,3,47223.7325,15741.244166666665,10.0,1.0,0.0,0.3333333333333333,0
C109311,23,5,72523.6105,14504.722099999999,8.0,4.0,0.0,0.4,0
C113576,-1,12,384084.7195,32007.059958333335,11.0,5.0,2.0,0.4166666666666667,0
C104367,276,3,78315.912,26105.304,12.0,2.0,0.0,0.6666666666666666,1
C109064,414,3,93853.9025,31284.634166666667,9.0,2.0,0.0,0.6666666666666666,1
C112184,26,10,178802.7635,17880.27635,14.0,5.0,2.0,0.6,0
C111220,182,2,43856.5695,21928.28475,10.0,5.0,1.0,0.5,1
C107658,72,8,161367.7325,20170.9665625,6.0,2.0,2.0,0.875,0
C112819,910,1,18223.24,18223.24,12.0,2.0,0.0,0.0,1
C113903,170,2,64786.8,32393.4,5.0,1.0,1.0,0.5,1
C108939,43,7,140420.6875,20060.098214285714,9.0,2.0,5.0,0.8571428571428571,0
C112101,59,6,118398.5055,19733.08425,13.0,2.0,0.0,0.5,0
C113074,2,8,262173.3955,32771.6744375,7.0,3.0,2.0,0.375,0
C102073,75,2,34542.216,17271.108,10.0,3.0,1.0,0.5,0
C105305,9,6,70194.3925,11699.065416666666,8.0,0.0,1.0,0.6666666666666666,0
C113327,42,5,74503.1185,14900.6237,6.0,1.0,1.0,0.8,0
C105974,164,3,78586.709,26195.569666666666,14.0,3.0,1.0,1.0,1
C101555,79,1,11340.264,11340.264,11.0,1.0,0.0,1.0,0
C110943,91,4,81892.33,20473.082499999997,8.0,2.0,2.0,0.5,1
C100297,19,8,165369.046,20671.13075,11.0,2.0,1.0,0.75,0
C101193,7,8,111663.95850000001,13957.994812500001,14.0,4.0,1.0,0.25,0
C113215,2,5,78803.492,15760.6984,6.0,2.0,1.0,0.4,0
C107675,26,10,203299.8505,20329.98505,9.0,1.0,0.0,0.7,0
C104266,115,1,53994.869999999995,53994.869999999995,6.0,2.0,0.0,0.0,1
C105261,140,9,118129.113,13125.457,8.0,3.0,2.0,0.3333333333333333,1
C108107,468,1,14349.176000000001,14349.176000000001,11.0,2.0,0.0,1.0,1
C100734,9,3,40857.883,13619.294333333333,10.0,2.0,0.0,0.6666666666666666,0
C103453,1,11,195830.673,17802.788454545454,9.0,4.0,1.0,0.45454545454545453,0
C106572,-1,5,252535.883,50507.1766,6.0,2.0,2.0,0.4,0
C107210,234,3,70664.149,23554.716333333334,11.0,3.0,1.0,0.6666666666666666,1
C104620,205,3,44959.842,14986.614,11.0,2.0,1.0,0.3333333333333333,1
C105753,225,7,156857.893,22408.27042857143,11.0,3.0,2.0,0.5714285714285714,1
C105225,58,3,64331.292499999996,21443.764166666668,4.0,0.0,1.0,0.6666666666666666,0
C107198,23,4,65072.691999999995,16268.172999999999,11.0,3.0,1.0,0.75,0
C107711,127,3,31163.636,10387.878666666666,5.0,3.0,0.0,0.6666666666666666,1
C113724,113,2,23613.6375,11806.81875,11.0,7.0,0.0,0.5,1
C106155,172,3,42144.135,14048.045,10.0,3.0,0.0,0.6666666666666666,1
C109923,192,3,41084.088,13694.696000000002,8.0,2.0,0.0,0.3333333333333333,1
C110935,45,3,70262.33,23420.77666666667,5.0,4.0,0.0,0.6666666666666666,0
C114040,-1,9,197410.19150000002,21934.465722222223,8.0,3.0,3.0,0.6666666666666666,0
C105187,131,5,77760.845,15552.169,7.0,3.0,1.0,0.4,1
C102176,18,7,208473.41749999998,29781.916785714282,5.0,3.0,1.0,0.14285714285714285,0
C102802,15,5,67128.479,13425.695799999998,7.0,1.0,0.0,0.4,0
C105095,1,13,362489.2255,27883.786576923078,8.0,5.0,2.0,0.6153846153846154,0
C110765,150,1,59383.92049999999,59383.92049999999,8.0,1.0,1.0,1.0,1
C107532,3,3,102071.77,34023.92333333333,9.0,2.0,0.0,0.0,0
C113071,134,5,90591.57949999999,18118.315899999998,10.0,1.0,1.0,0.8,1
C111863,50,5,45866.516,9173.3032,7.0,5.0,0.0,1.0,0
C105932,165,2,26553.962000000003,13276.981000000002,10.0,1.0,0.0,0.5,1
C110888,38,4,95834.908,23958.727,8.0,0.0,2.0,0.25,0
C100532,107,5,98056.236,19611.2472,9.0,1.0,0.0,0.6,1
C114020,17,6,79652.433,13275.4055,4.0,1.0,0.0,0.5,0
C101539,114,1,9292.77,9292.77,14.0,2.0,0.0,1.0,1
C107915,16,7,87143.496,12449.070857142857,7.0,1.0,2.0,0.7142857142857143,0
C110621,176,6,84015.481,14002.580166666667,7.0,1.0,0.0,0.5,1
C102049,40,4,115951.753,28987.93825,10.0,1.0,1.0,1.0,0
C106240,90,4,93145.73,23286.432500000003,10.0,3.0,3.0,0.0,0
C111959,30,3,70014.851,23338.283666666666,7.0,2.0,0.0,0.3333333333333333,0
C103086,7,2,69426.037,34713.0185,10.0,2.0,2.0,1.0,0
C103986,1,3,83750.643,27916.881000000005,10.0,3.0,1.0,0.6666666666666666,0
C108298,27,6,69189.18950000001,11531.531583333335,6.0,1.0,0.0,0.3333333333333333,0
C111738,520,1,32043.483,32043.483,11.0,1.0,1.0,1.0,1
C114134,39,2,46451.276000000005,23225.638,6.0,2.0,0.0,0.5,0
C104335,8,3,47792.695999999996,15930.898666666666,7.0,4.0,0.0,1.0,0
C101898,247,4,77642.4055,19410.601375,9.0,5.0,0.0,0.5,1
C109212,41,6,87248.34700000001,14541.391166666668,8.0,1.0,2.0,0.3333333333333333,0
C103897,5,7,163054.872,23293.553142857145,7.0,1.0,0.0,0.5714285714285714,0
C108818,7,9,150766.6105,16751.84561111111,7.0,1.0,0.0,0.6666666666666666,0
C102995,100,7,127893.477,18270.496714285713,8.0,4.0,0.0,0.8571428571428571,1
C103968,964,1,19389.15,19389.15,10.0,2.0,0.0,0.0,1
C102581,433,2,46610.285,23305.1425,10.0,1.0,0.0,1.0,1
C105901,4,3,88086.544,29362.18133333333,9.0,4.0,0.0,0.6666666666666666,0
C100372,0,10,92040.714,9204.071399999999,12.0,2.0,0.0,0.4,0
C100031,29,5,49808.401,9961.680199999999,8.0,3.0,0.0,0.8,0
C105396,225,1,29083.23,29083.23,3.0,0.0,1.0,0.0,1
C111788,8,6,129385.138,21564.189666666665,8.0,4.0,1.0,0.3333333333333333,0
C111879,162,4,109730.874,27432.7185,10.0,2.0,0.0,1.0,1
C100503,39,9,147634.131,16403.79233333333,10.0,2.0,1.0,0.5555555555555556,0
C104598,1,4,160987.854,40246.9635,9.0,2.0,1.0,0.25,0
C109705,155,2,19996.392,9998.196,10.0,2.0,0.0,0.5,1
C112249,0,13,282729.6925,21748.437884615385,11.0,4.0,2.0,0.6153846153846154,0
C114529,237,4,104083.475,26020.86875,8.0,2.0,1.0,0.75,1
C104092,160,4,43378.856,10844.714,4.0,2.0,0.0,0.5,1
C110807,77,2,69144.7375,34572.36875,5.0,1.0,0.0,1.0,0
C105574,125,2,43985.25,21992.624999999996,8.0,2.0,0.0,0.0,1
C101028,0,8,186652.2035,23331.5254375,5.0,0.0,1.0,0.75,0
C112010,27,7,190202.6335,27171.804785714285,7.0,0.0,1.0,0.7142857142857143,0
C110954,14,6,73257.07699999999,12209.512833333334,8.0,2.0,1.0,0.6666666666666666,0
C106257,227,5,123287.294,24657.4588,6.0,3.0,2.0,0.2,1
C100284,0,7,157844.289,22549.184142857146,5.0,2.0,3.0,0.7142857142857143,0
C108942,37,7,107200.43549999999,15314.347928571427,9.0,3.0,0.0,0.42857142857142855,0
C108633,546,4,58544.3275,14636.081875,10.0,2.0,0.0,0.5,1
C109712,45,2,64806.6,32403.300000000003,11.0,2.0,1.0,1.0,0
C108455,6,6,176738.1005,29456.350083333335,4.0,1.0,0.0,0.6666666666666666,0
C112745,480,1,7460.25,7460.25,4.0,0.0,0.0,0.0,1
C104797,458,1,50175.143,50175.143,11.0,3.0,0.0,1.0,1
C105472,239,4,78207.92,19551.98,7.0,2.0,1.0,1.0,1
C101392,165,6,88738.41249999999,14789.735416666668,9.0,0.0,1.0,0.5,1
C107052,63,7,88675.73550000001,12667.962214285715,8.0,4.0,2.0,0.42857142857142855,0
C100893,494,1,16470.059,16470.059,4.0,1.0,0.0,1.0,1
C104816,34,13,264657.246,20358.24969230769,10.0,3.0,0.0,0.38461538461538464,0
C106477,154,4,65453.687,16363.42175,9.0,3.0,0.0,0.25,1
C104931,42,2,17325.8675,8662.93375,6.0,4.0,0.0,1.0,0
C105808,268,2,31581.828499999996,15790.914249999998,10.0,1.0,0.0,1.0,1
C106350,-1,1,9151.97,9151.97,4.0,1.0,1.0,0.0,0
C114375,6,3,40499.2475,13499.749166666666,12.0,3.0,0.0,1.0,0
C108444,144,4,137326.773,34331.69325,4.0,2.0,0.0,0.5,1
C105372,315,8,124097.00349999999,15512.125437499999,6.0,3.0,0.0,0.5,1
C114878,153,2,5220.2445,2610.1222499999994,11.0,5.0,0.0,0.5,1
C102323,19,4,68490.251,17122.56275,8.0,2.0,0.0,0.75,0
C102968,137,2,39715.505000000005,19857.752500000002,9.0,2.0,2.0,0.5,1
C113808,24,6,69158.996,11526.499333333333,10.0,3.0,1.0,0.5,0
C111602,89,2,34683.8275,17341.91375,9.0,3.0,0.0,0.5,0
C109403,1,5,196487.62099999998,39297.5242,9.0,3.0,2.0,0.2,0
C102299,80,6,102276.015,17046.0025,10.0,4.0,2.0,0.6666666666666666,0
C114054,612,3,56946.1565,18982.052166666665,8.0,2.0,0.0,0.6666666666666666,1
C107123,324,6,132423.8635,22070.643916666664,8.0,4.0,1.0,0.5,1
C101903,147,2,21053.006,10526.503,6.0,2.0,0.0,0.5,1
C104929,84,7,158366.5055,22623.7865,5.0,1.0,0.0,0.7142857142857143,0
C114299,168,1,2480.004,2480.004,9.0,2.0,0.0,1.0,1
C113833,68,4,39080.032999999996,9770.008249999999,6.0,2.0,0.0,0.25,0
C112872,4,6,121603.224,20267.204,4.0,4.0,1.0,0.6666666666666666,0
C110395,50,8,139590.3445,17448.7930625,5.0,1.0,0.0,0.375,0
C108242,4,6,96506.242,16084.373666666666,9.0,2.0,2.0,0.6666666666666666,0
C100250,424,4,80469.8125,20117.453125,8.0,1.0,2.0,0.5,1
C100184,315,1,22316.392,22316.392,5.0,1.0,1.0,1.0,1
C110380,88,11,285249.5405,25931.776409090908,7.0,2.0,2.0,0.6363636363636364,0
C109764,464,2,48263.124,24131.561999999998,11.0,5.0,1.0,1.0,1
C104833,347,2,36548.91,18274.455,6.0,2.0,0.0,0.0,1
C108008,54,10,162837.925,16283.7925,6.0,2.0,2.0,0.7,0
C104886,242,2,70304.92050000001,35152.46025,5.0,1.0,1.0,1.0,1
C100967,75,6,202783.871,33797.31183333333,8.0,2.0,1.0,0.6666666666666666,0
C105766,431,5,137396.682,27479.3364,7.0,0.0,0.0,0.6,1
C111042,29,4,76856.601,19214.15025,6.0,3.0,1.0,0.25,0
C100360,46,5,78264.68650000001,15652.937300000001,10.0,4.0,0.0,0.6,0
C106082,51,5,39712.019499999995,7942.403899999999,4.0,0.0,0.0,0.6,0
C100861,119,8,163694.5345,20461.8168125,10.0,0.0,0.0,0.375,1
C114480,-1,2,63914.7455,31957.37275,10.0,2.0,1.0,0.5,0
C112709,197,2,25496.148,12748.074,4.0,2.0,0.0,0.5,1
C109033,53,1,24076.728000000003,24076.728000000003,6.0,1.0,0.0,1.0,0
C114743,79,5,94486.916,18897.3832,9.0,2.0,0.0,0.4,0
C101821,2,6,111195.817,18532.636166666667,8.0,0.0,1.0,0.6666666666666666,0
C102064,2,2,11133.558,5566.779,4.0,2.0,1.0,0.5,0
C106244,363,1,23352.318,23352.318,14.0,2.0,0.0,1.0,1
C112308,16,4,130599.75300000001,32649.93825,9.0,3.0,0.0,0.25,0
C109418,1,3,40298.914,13432.971333333333,11.0,4.0,1.0,0.6666666666666666,0
C114081,43,3,42094.829,14031.609666666665,8.0,1.0,0.0,0.3333333333333333,0
C100488,49,4,105985.129,26496.28225,8.0,5.0,3.0,0.5,0
C103472,143,2,20071.612,10035.806,9.0,2.0,1.0,0.5,1
C101575,415,3,92775.786,30925.262,5.0,2.0,1.0,0.3333333333333333,1
C102166,32,5,76053.9685,15210.7937,6.0,1.0,2.0,0.4,0
C114165,172,3,75520.08,25173.36,5.0,1.0,0.0,0.0,1
C111155,385,2,104549.698,52274.849,7.0,3.0,0.0,1.0,1
C110104,632,1,74391.50700000001,74391.50700000001,12.0,5.0,0.0,1.0,1
C111904,398,4,193718.3605,48429.590125,3.0,1.0,1.0,0.5,1
C100223,428,1,29382.255,29382.255,11.0,3.0,0.0,1.0,1
C101761,195,1,74349.16,74349.16,12.0,3.0,0.0,0.0,1
C103162,555,1,36005.704,36005.704,9.0,3.0,0.0,1.0,1
C109830,39,4,34175.2285,8543.807125,6.0,0.0,0.0,0.5,0
C100152,30,6,82298.58799999999,13716.431333333332,7.0,2.0,0.0,0.5,0
C111868,88,7,169808.287,24258.326714285715,13.0,3.0,0.0,0.42857142857142855,0
C113195,217,4,115935.357,28983.83925,7.0,3.0,0.0,0.5,1
C104688,92,4,61463.51,15365.8775,10.0,3.0,0.0,0.25,1
C114842,415,1,33731.02,33731.02,10.0,2.0,0.0,0.0,1
C109453,13,6,110596.64050000001,18432.773416666667,12.0,4.0,0.0,0.5,0
C112155,178,1,624.52,624.52,6.0,1.0,0.0,1.0,1
C103929,215,5,166320.653,33264.1306,9.0,2.0,0.0,0.2,1
C105014,163,1,14991.29,14991.29,10.0,2.0,0.0,0.0,1
C109307,13,8,196217.932,24527.2415,8.0,2.0,0.0,0.625,0
C112626,439,1,12930.065999999999,12930.065999999999,9.0,2.0,1.0,1.0,1
C110355,19,1,14552.748,14552.748,7.0,3.0,0.0,1.0,0
C108491,2,2,7781.209000000001,3890.6045000000004,9.0,3.0,1.0,0.5,0
C108902,923,1,11236.704,11236.704,7.0,2.0,0.0,1.0,1
C100198,20,5,114315.3385,22863.067699999996,11.0,3.0,0.0,0.6,0
C101033,218,1,26296.94,26296.94,5.0,2.0,0.0,0.0,1
C103376,537,4,166450.1685,41612.542125,15.0,8.0,1.0,1.0,1
C108517,61,8,157060.33,19632.54125,10.0,4.0,1.0,0.75,0
C106353,35,11,177485.372,16135.033818181819,8.0,1.0,1.0,0.6363636363636364,0
C107561,13,1,4238.976,4238.976,18.0,5.0,0.0,1.0,0
C106777,284,1,7078.92,7078.92,11.0,2.0,0.0,0.0,1
C104848,25,7,102947.405,14706.772142857142,7.0,1.0,1.0,0.2857142857142857,0
C107858,45,2,42274.119,21137.0595,8.0,1.0,0.0,0.5,0
C111766,0,3,103104.31049999999,34368.1035,7.0,3.0,0.0,0.6666666666666666,0
C108753,103,3,57005.7055,19001.901833333333,11.0,0.0,0.0,0.3333333333333333,1
C108980,57,3,66056.502,22018.834,8.0,3.0,0.0,0.3333333333333333,0
C113125,69,8,108023.8145,13502.9768125,15.0,7.0,1.0,0.625,0
C104683,38,3,120316.72600000001,40105.575333333334,11.0,0.0,0.0,0.3333333333333333,0
C100390,70,4,140003.5195,35000.879875,12.0,1.0,0.0,0.25,0
C102341,280,3,110405.56649999999,36801.8555,7.0,2.0,0.0,1.0,1
C106785,62,12,271867.7985,22655.649875,5.0,1.0,0.0,0.5,0
C108275,4,7,165933.8095,23704.829928571427,6.0,0.0,0.0,0.5714285714285714,0
C103044,7,6,136044.598,22674.099666666665,3.0,0.0,0.0,0.6666666666666666,0
C105274,26,3,56930.538,18976.846,8.0,3.0,1.0,1.0,0
C101509,131,3,81076.896,27025.631999999998,2.0,1.0,1.0,1.0,1
C114262,6,7,167025.127,23860.732428571424,10.0,2.0,0.0,0.42857142857142855,0
C110186,546,5,147560.97,29512.194,7.0,2.0,0.0,0.8,1
C103617,220,3,42296.354999999996,14098.785000000002,8.0,2.0,0.0,1.0,1
C111418,5,2,40994.272000000004,20497.136000000002,4.0,2.0,0.0,1.0,0
C114882,48,2,12766.3795,6383.1897500000005,10.0,1.0,0.0,1.0,0
C113468,249,3,44111.3955,14703.798499999999,11.0,2.0,1.0,0.6666666666666666,1
C108560,42,7,157106.6955,22443.81364285714,5.0,3.0,2.0,0.7142857142857143,0
C108094,19,1,13930.128,13930.128,6.0,3.0,0.0,1.0,0
C103013,146,4,99929.7435,24982.435875,10.0,1.0,0.0,0.75,1
C107405,5,8,97101.689,12137.711125,7.0,1.0,2.0,0.375,0
C110185,-1,1,15757.731,15757.731,5.0,0.0,0.0,1.0,0
C104147,163,1,19422.199,19422.199,8.0,2.0,1.0,1.0,1
C112226,99,3,54938.914000000004,18312.971333333335,11.0,2.0,1.0,0.3333333333333333,1
C102908,675,2,67795.988,33897.994,5.0,4.0,0.0,0.5,1
C114947,4,1,26632.593,26632.593,5.0,2.0,1.0,1.0,0
C106695,183,9,230188.581,25576.509000000002,7.0,1.0,2.0,0.5555555555555556,1
C108492,262,4,61836.7845,15459.196125000002,4.0,2.0,1.0,0.75,1
C110447,-1,11,233824.623,21256.783909090907,13.0,2.0,1.0,0.36363636363636365,0
C106299,370,2,72869.2,36434.6,9.0,3.0,0.0,0.0,1
C102844,115,2,29580.61,14790.305,10.0,3.0,1.0,0.0,1
C113760,36,8,157026.736,19628.342,10.0,3.0,2.0,0.375,0
C101543,61,4,73397.735,18349.43375,4.0,0.0,0.0,0.5,0
C100132,439,2,58558.62500000001,29279.312500000004,6.0,2.0,0.0,0.5,1
C106594,51,4,99932.748,24983.187,6.0,1.0,0.0,0.25,0
C111569,66,1,33703.569,33703.569,5.0,2.0,1.0,1.0,0
C106779,14,8,137075.1475,17134.3934375,5.0,0.0,1.0,0.5,0
C111283,9,6,161391.618,26898.603,10.0,2.0,2.0,0.16666666666666666,0
C104215,12,8,180821.023,22602.627875,6.0,1.0,1.0,0.5,0
C114233,31,4,121299.027,30324.75675,3.0,1.0,0.0,0.75,0
C113059,16,4,44809.458,11202.3645,13.0,0.0,0.0,0.75,0
C108951,31,5,91162.7265,18232.5453,7.0,2.0,0.0,0.8,0
C105266,208,8,143812.8885,17976.6110625,12.0,4.0,2.0,0.875,1
C103050,4,3,78891.76,26297.25333333333,2.0,1.0,0.0,0.0,0
C108057,11,4,87248.675,21812.16875,9.0,2.0,2.0,0.75,0
C103822,5,9,278443.149,30938.127666666664,4.0,0.0,1.0,0.4444444444444444,0
C112567,138,1,23720.032,23720.032,9.0,0.0,0.0,1.0,1
C109348,101,2,83829.438,41914.719,9.0,2.0,0.0,0.5,1
C102309,16,7,180538.1305,25791.1615,9.0,5.0,3.0,0.5714285714285714,0
C107316,118,6,203789.5845,33964.93075,4.0,1.0,3.0,0.6666666666666666,1
C102879,216,2,32269.982000000004,16134.991000000002,9.0,4.0,0.0,0.5,1
C105516,397,1,34295.472,34295.472,7.0,3.0,1.0,1.0,1
C107707,73,2,44423.07,22211.535,15.0,3.0,0.0,0.0,0
C109879,279,4,74897.878,18724.4695,10.0,2.0,1.0,1.0,1
C107226,373,2,54797.564,27398.782,5.0,2.0,0.0,0.5,1
C106837,110,6,102800.4065,17133.401083333334,9.0,0.0,1.0,0.6666666666666666,1
C103125,317,4,74614.564,18653.641,9.0,2.0,0.0,0.25,1
C107172,182,2,31704.635000000002,15852.317500000001,9.0,2.0,1.0,0.5,1
C100379,31,2,25096.853499999997,12548.426749999999,8.0,4.0,0.0,1.0,0
C106627,0,10,143492.155,14349.2155,11.0,5.0,1.0,0.6,0
C100155,546,2,71012.29800000001,35506.149000000005,7.0,1.0,1.0,0.5,1
C105569,6,8,153149.4965,19143.6870625,11.0,4.0,1.0,0.25,0
C110132,0,7,124469.692,17781.384571428574,9.0,3.0,3.0,0.7142857142857143,0
C102437,42,5,116429.4505,23285.8901,6.0,0.0,0.0,0.6,0
C103420,186,4,63123.3095,15780.827374999999,9.0,2.0,0.0,0.75,1
C113461,276,4,62375.3205,15593.830125,10.0,4.0,1.0,0.5,1
C105729,401,4,99916.5205,24979.130125,12.0,2.0,0.0,0.5,1
C109669,719,1,7450.640999999999,7450.640999999999,13.0,2.0,0.0,1.0,1
C107740,73,8,162177.9195,20272.239937500002,11.0,4.0,3.0,0.5,0
C106931,12,2,8225.751,4112.8755,7.0,2.0,1.0,1.0,0
C107439,23,2,15682.6785,7841.33925,15.0,4.0,0.0,0.5,0
C113291,151,7,156715.0955,22387.870785714284,14.0,4.0,2.0,0.8571428571428571,1
C107091,80,9,141991.298,15776.81088888889,6.0,2.0,0.0,0.5555555555555556,0
C103710,262,2,37007.776,18503.888,8.0,2.0,2.0,0.5,1
C101224,43,4,74905.8,18726.449999999997,8.0,2.0,1.0,0.75,0
C102163,11,2,27662.828,13831.414,9.0,5.0,0.0,0.5,0
C108197,843,1,18386.379,18386.379,17.0,6.0,0.0,1.0,1
C105982,365,2,50153.12,25076.56,9.0,2.0,0.0,0.0,1
C110113,47,1,30928.2665,30928.2665,6.0,1.0,1.0,1.0,0
C103469,319,5,76207.594,15241.5188,3.0,1.0,3.0,0.8,1
C102872,7,13,342351.49299999996,26334.730230769233,14.0,4.0,1.0,0.6153846153846154,0
C102141,109,11,181915.946,16537.81327272727,10.0,5.0,0.0,0.18181818181818182,1
C104841,121,1,47823.2,47823.2,5.0,2.0,0.0,0.0,1
C100558,86,3,87634.0475,29211.349166666667,8.0,3.0,1.0,1.0,0
C106461,192,2,31961.022,15980.511,3.0,0.0,0.0,0.5,1
C112665,123,4,86824.448,21706.112,14.0,8.0,1.0,0.75,1
C111805,397,3,63005.1695,21001.723166666667,6.0,1.0,0.0,0.3333333333333333,1
C104716,7,6,229627.23,38271.205,6.0,2.0,0.0,0.6666666666666666,0
C104513,5,1,4388.2,4388.2,8.0,2.0,0.0,0.0,0
C103978,117,5,78408.766,15681.753200000001,9.0,1.0,1.0,0.6,1
C107065,19,9,297399.271,33044.36344444445,6.0,2.0,1.0,0.3333333333333333,0
C112870,19,5,103292.131,20658.426199999998,10.0,6.0,1.0,0.6,0
C111968,104,2,42279.8955,21139.94775,5.0,2.0,0.0,1.0,1
C106373,2,5,121687.4725,24337.4945,8.0,3.0,0.0,0.8,0
C107298,247,4,88895.326,22223.8315,10.0,4.0,0.0,1.0,1
C101181,325,2,13917.854000000001,6958.927000000001,5.0,2.0,0.0,0.5,1
C114601,112,3,50761.3,16920.433333333334,8.0,3.0,0.0,0.3333333333333333,1
C102117,256,1,17144.31,17144.31,5.0,4.0,1.0,0.0,1
C109555,12,2,37899.4295,18949.71475,12.0,3.0,1.0,1.0,0
C105052,357,3,67725.53600000001,22575.178666666663,7.0,2.0,0.0,0.3333333333333333,1
C108606,117,7,165009.3785,23572.768357142857,9.0,1.0,0.0,0.42857142857142855,1
C107325,44,6,135049.5045,22508.250750000003,7.0,3.0,2.0,0.5,0
C114268,176,7,90482.804,12926.114857142858,7.0,1.0,0.0,0.5714285714285714,1
C103696,192,3,53286.002,17762.000666666667,6.0,3.0,0.0,0.3333333333333333,1
C103626,29,1,42668.8695,42668.8695,5.0,3.0,0.0,1.0,0
C106866,-1,11,217790.9765,19799.17968181818,11.0,5.0,1.0,0.45454545454545453,0
C110922,39,7,100085.76,14297.965714285714,3.0,0.0,2.0,0.42857142857142855,0
C111019,13,6,151193.964,25198.994000000002,12.0,1.0,1.0,0.6666666666666666,0
C106014,228,1,8742.76,8742.76,11.0,5.0,0.0,1.0,1
C101508,38,4,115673.11600000001,28918.279000000002,5.0,3.0,1.0,0.5,0
C111354,95,6,77789.337,12964.8895,7.0,0.0,0.0,0.5,1
C108355,428,1,14566.4545,14566.4545,11.0,2.0,0.0,1.0,1
C103460,0,9,189910.7445,21101.193833333335,13.0,4.0,2.0,0.6666666666666666,0
C102921,171,3,22609.954999999998,7536.651666666666,3.0,0.0,1.0,0.3333333333333333,1
C114597,188,2,14960.4495,7480.22475,4.0,3.0,0.0,0.5,1
C110900,132,4,63445.488,15861.372,6.0,1.0,1.0,0.5,1
C113613,42,6,110446.235,18407.705833333333,11.0,4.0,1.0,0.3333333333333333,0
C104101,36,1,20541.2275,20541.2275,6.0,3.0,0.0,1.0,0
C109671,9,5,104933.856,20986.7712,6.0,1.0,1.0,0.6,0
C114747,47,6,105824.677,17637.446166666665,9.0,4.0,0.0,0.5,0
C103421,129,3,98928.607,32976.20233333333,12.0,5.0,0.0,0.3333333333333333,1
C106476,182,4,89637.49,22409.3725,7.0,4.0,1.0,0.5,1
C114356,4,6,83339.544,13889.923999999999,10.0,3.0,0.0,0.8333333333333334,0
C113599,476,5,109552.714,21910.542800000003,4.0,0.0,1.0,0.4,1
C100872,162,1,8305.896,8305.896,10.0,2.0,0.0,1.0,1
C100120,13,5,164924.81,32984.962,7.0,1.0,0.0,0.8,0
C109997,127,4,130777.09249999998,32694.273125,5.0,0.0,1.0,0.5,1
C104774,2,9,215464.874,23940.541555555556,5.0,2.0,4.0,0.4444444444444444,0
C106094,20,3,36933.037,12311.012333333332,8.0,3.0,2.0,0.6666666666666666,0
C113889,5,9,185239.9665,20582.2185,4.0,1.0,2.0,0.7777777777777778,0
C100157,134,5,67651.518,13530.303600000003,5.0,3.0,2.0,0.4,1
C104018,56,1,54444.85,54444.85,10.0,5.0,0.0,0.0,0
C113725,0,5,59161.804000000004,11832.3608,14.0,2.0,1.0,0.6,0
C113693,129,5,112620.147,22524.0294,1.0,0.0,0.0,0.4,1
C114528,88,2,28684.195,14342.0975,3.0,1.0,1.0,0.5,0
C110537,311,2,36808.902,18404.451,9.0,3.0,0.0,1.0,1
C108278,2,7,119705.256,17100.750857142855,6.0,2.0,1.0,0.42857142857142855,0
C102759,3,6,125869.0915,20978.18191666667,7.0,1.0,2.0,0.6666666666666666,0
C104098,244,7,128167.999,18309.714142857145,5.0,1.0,0.0,0.42857142857142855,1
C109352,78,4,81364.421,20341.10525,7.0,1.0,1.0,0.75,0
C113846,107,3,87761.901,29253.967,8.0,3.0,1.0,0.6666666666666666,1
C108017,31,3,72129.867,24043.289,14.0,3.0,1.0,0.3333333333333333,0
C104153,0,4,86862.5115,21715.627875,4.0,1.0,2.0,0.5,0
C108261,73,4,53095.538499999995,13273.884624999999,5.0,3.0,0.0,0.75,0
C113778,138,2,32815.128,16407.564,11.0,1.0,1.0,1.0,1
C110000,209,5,46832.042,9366.4084,5.0,2.0,0.0,0.6,1
C105231,10,12,264248.661,22020.721749999997,6.0,0.0,3.0,0.25,0
C110071,604,2,45026.263,22513.1315,11.0,6.0,2.0,0.5,1
C111024,13,7,122302.6075,17471.80107142857,8.0,3.0,2.0,0.7142857142857143,0
C109308,35,2,72951.64199999999,36475.820999999996,8.0,1.0,0.0,0.5,0
C103271,101,5,120668.027,24133.6054,3.0,2.0,1.0,0.6,1
C105387,35,4,35318.068,8829.517,14.0,4.0,0.0,0.5,0
C101418,60,3,43637.6135,14545.871166666666,8.0,4.0,0.0,1.0,0
C114502,18,6,111118.278,18519.713,5.0,3.0,0.0,0.5,0
C108090,32,4,135544.91999999998,33886.229999999996,5.0,3.0,0.0,0.0,0
C103289,223,3,77296.174,25765.391333333333,6.0,2.0,0.0,0.6666666666666666,1
C103898,12,8,158202.338,19775.29225,9.0,1.0,0.0,0.25,0
C111570,60,8,161176.09100000001,20147.011375,7.0,1.0,0.0,0.375,0
C113796,514,2,35517.576,17758.788,6.0,3.0,0.0,0.5,1
C114508,145,6,99309.2745,16551.54575,5.0,1.0,0.0,0.6666666666666666,1
C106031,118,3,89122.872,29707.624,4.0,1.0,1.0,0.6666666666666666,1
C112186,252,4,59088.865999999995,14772.216499999999,12.0,2.0,0.0,0.5,1
C109755,370,3,16518.0575,5506.019166666666,12.0,4.0,1.0,0.6666666666666666,1
C112035,200,1,14006.43,14006.43,9.0,3.0,0.0,0.0,1
C112454,89,5,133399.09,26679.818,10.0,3.0,0.0,0.0,0
C109297,14,1,32675.7425,32675.7425,10.0,3.0,0.0,1.0,0
C112730,192,4,85345.0525,21336.263124999998,11.0,2.0,1.0,0.5,1
C104057,24,3,59378.374,19792.791333333334,9.0,3.0,1.0,0.3333333333333333,0
C105865,534,1,23109.070000000003,23109.070000000003,11.0,2.0,0.0,0.0,1
C108542,115,3,19620.712,6540.2373333333335,6.0,1.0,1.0,0.3333333333333333,1
C101108,28,5,101459.919,20291.983799999998,13.0,6.0,0.0,0.8,0
C111905,454,3,48462.699,16154.233,3.0,2.0,0.0,0.6666666666666666,1
C110798,161,7,147869.75149999998,21124.250214285716,10.0,2.0,0.0,0.5714285714285714,1
C112169,63,5,59533.298,11906.6596,9.0,3.0,0.0,0.2,0
C111635,6,16,396146.403,24759.1501875,10.0,2.0,5.0,0.6875,0
C112268,259,6,189341.9665,31556.994416666665,8.0,1.0,1.0,0.16666666666666666,1
C110761,20,12,298976.8535,24914.73779166667,11.0,4.0,2.0,0.6666666666666666,0
C100982,80,5,88989.048,17797.8096,12.0,5.0,0.0,0.4,0
C107243,56,7,146691.982,20955.997428571427,6.0,1.0,0.0,0.7142857142857143,0
C111783,308,3,57609.1545,19203.051499999998,4.0,1.0,1.0,0.6666666666666666,1
C109704,169,2,40580.176,20290.088,6.0,1.0,1.0,0.5,1
C108735,120,2,27404.541,13702.2705,9.0,3.0,0.0,0.5,1
C109513,21,5,102592.9,20518.579999999998,9.0,1.0,0.0,0.0,0
C109306,34,2,32431.230499999998,16215.615249999999,15.0,1.0,0.0,0.5,0
C107213,5,7,135848.893,19406.984714285714,5.0,2.0,2.0,0.42857142857142855,0
C104414,323,3,52391.253000000004,17463.751,12.0,6.0,1.0,0.6666666666666666,1
C103767,360,5,178005.1105,35601.0221,4.0,2.0,0.0,0.4,1
C101762,282,3,145495.70299999998,48498.56766666666,8.0,4.0,0.0,0.3333333333333333,1
C100060,0,3,57505.7,19168.56666666667,7.0,4.0,0.0,0.3333333333333333,0
C112004,371,3,80702.732,26900.910666666667,6.0,3.0,0.0,0.3333333333333333,1
C101502,51,3,61446.768000000004,20482.256,10.0,1.0,0.0,0.6666666666666666,0
C100465,121,1,36838.808000000005,36838.808000000005,8.0,1.0,0.0,1.0,1
C112022,136,5,91396.582,18279.3164,7.0,1.0,1.0,0.2,1
C104587,59,11,253734.8725,23066.80659090909,6.0,3.0,2.0,0.8181818181818182,0
C100586,155,2,43001.874,21500.937,13.0,5.0,0.0,1.0,1
C104343,4,1,19283.82,19283.82,8.0,4.0,1.0,0.0,0
C103999,60,2,66443.614,33221.807,11.0,4.0,1.0,0.5,0
C112987,49,3,44312.557,14770.852333333334,7.0,2.0,0.0,0.6666666666666666,0
C107256,472,4,115709.6325,28927.408125,8.0,3.0,0.0,0.25,1
C111725,124,1,38986.128000000004,38986.128000000004,10.0,1.0,0.0,1.0,1
C101765,70,3,77404.257,25801.419000000005,7.0,0.0,1.0,0.6666666666666666,0
C110373,22,2,21788.108,10894.054,4.0,2.0,0.0,1.0,0
C104727,148,3,63531.335999999996,21177.111999999997,6.0,3.0,0.0,0.3333333333333333,1
C109884,159,8,172398.5025,21549.8128125,8.0,2.0,2.0,0.5,1
C110386,131,5,137622.404,27524.4808,6.0,0.0,1.0,0.2,1
C111561,20,8,198787.299,24848.412375,11.0,1.0,1.0,0.25,0
C111023,68,4,60907.615000000005,15226.903750000001,7.0,2.0,1.0,0.5,0
C107553,111,1,3804.7,3804.7,4.0,3.0,0.0,0.0,1
C109455,92,5,122793.1615,24558.6323,11.0,2.0,0.0,0.8,1
C100608,70,6,179958.417,29993.069499999998,15.0,3.0,2.0,0.3333333333333333,0
C113915,24,3,74016.847,24672.282333333336,6.0,1.0,1.0,0.6666666666666666,0
C100716,142,1,85091.86,85091.86,9.0,4.0,1.0,0.0,1
C112592,90,6,94970.201,15828.366833333333,6.0,3.0,1.0,0.3333333333333333,0
C114072,101,3,38509.137,12836.379,7.0,3.0,0.0,0.3333333333333333,1
C107899,177,4,95742.6815,23935.670375,8.0,3.0,2.0,0.5,1
C110217,277,7,125216.1725,17888.024642857144,7.0,0.0,0.0,0.5714285714285714,1
C109172,4,2,56756.229,28378.1145,12.0,3.0,0.0,0.5,0
C106019,6,2,45502.97,22751.485,15.0,4.0,0.0,0.0,0
C114889,596,1,770.128,770.128,13.0,4.0,0.0,1.0,1
C112963,56,2,13964.492,6982.246,5.0,0.0,0.0,0.5,0
C109651,23,7,117510.94750000001,16787.278214285714,8.0,1.0,4.0,0.42857142857142855,0
C100144,64,5,177611.899,35522.3798,5.0,2.0,1.0,0.6,0
C106334,229,2,39959.0065,19979.50325,9.0,4.0,1.0,0.5,1
C109831,25,1,28127.961000000003,28127.961000000003,10.0,2.0,0.0,1.0,0
C112471,19,10,189054.8365,18905.483650000002,11.0,2.0,1.0,0.8,0
C111810,406,1,20449.854,20449.854,15.0,4.0,0.0,1.0,1
C104614,86,2,9625.0785,4812.53925,4.0,1.0,0.0,0.5,0
C102625,230,3,26156.792999999998,8718.930999999999,9.0,4.0,0.0,0.6666666666666666,1
C108619,17,8,163013.0605,20376.6325625,12.0,3.0,1.0,0.875,0
C108552,4,10,175746.7435,17574.67435,5.0,2.0,1.0,0.8,0
C106672,83,3,50679.7435,16893.24783333333,5.0,1.0,0.0,0.6666666666666666,0
C112519,28,1,11469.759999999998,11469.759999999998,6.0,2.0,1.0,0.0,0
C100369,81,2,33924.270000000004,16962.135,9.0,4.0,0.0,0.5,0
C103423,160,11,352929.5445,32084.50404545455,4.0,1.0,0.0,0.45454545454545453,1
C106420,87,1,22508.862999999998,22508.862999999998,6.0,2.0,0.0,1.0,0
C112254,49,6,114432.336,19072.056,6.0,3.0,2.0,0.6666666666666666,0
C103722,72,6,204042.175,34007.02916666667,6.0,1.0,1.0,0.5,0
C108429,152,4,73074.141,18268.53525,6.0,3.0,3.0,0.5,1
C112321,7,9,174688.561,19409.84011111111,9.0,1.0,2.0,0.6666666666666666,0
C105960,601,1,9173.07,9173.07,10.0,3.0,0.0,0.0,1
C103432,222,2,42754.602,21377.301,6.0,3.0,0.0,1.0,1
C109379,28,3,37104.968,12368.322666666667,11.0,5.0,0.0,0.6666666666666666,0
C100244,8,3,38474.421500000004,12824.807166666666,11.0,3.0,0.0,1.0,0
C102996,25,5,127826.04250000001,25565.2085,4.0,1.0,1.0,0.4,0
C102101,16,10,240939.894,24093.9894,5.0,2.0,1.0,0.3,0
C114749,32,3,47152.25,15717.416666666666,12.0,2.0,0.0,0.6666666666666666,0
C111309,27,5,56358.7345,11271.7469,6.0,2.0,0.0,0.4,0
C102504,258,1,17184.739999999998,17184.739999999998,8.0,2.0,0.0,0.0,1
C101321,5,2,16586.12,8293.06,6.0,2.0,0.0,1.0,0
C103606,18,7,103195.09,14742.155714285715,9.0,1.0,2.0,0.7142857142857143,0
C101091,697,1,1158.87,1158.87,12.0,4.0,0.0,0.0,1
C110666,56,5,145229.21300000002,29045.842600000004,10.0,3.0,2.0,0.4,0
C104638,36,1,46284.79,46284.79,6.0,2.0,0.0,0.0,0
C106507,1,2,50576.327,25288.1635,5.0,3.0,0.0,0.5,0
C105432,51,4,52824.2825,13206.070625,9.0,0.0,1.0,0.75,0
C106580,8,4,44578.939,11144.73475,8.0,2.0,0.0,0.75,0
C101414,24,4,109572.848,27393.212,5.0,0.0,2.0,0.5,0
C101741,129,1,9753.56,9753.56,5.0,2.0,0.0,0.0,1
C103258,14,6,112713.9035,18785.650583333332,12.0,5.0,1.0,0.6666666666666666,0
C107208,565,2,19192.442,9596.221,7.0,2.0,0.0,0.5,1
C114402,242,6,100602.4565,16767.076083333333,10.0,2.0,3.0,0.8333333333333334,1
C112771,264,6,126721.8855,21120.31425,5.0,1.0,0.0,0.6666666666666666,1
C112456,93,9,261944.2965,29104.921833333334,11.0,2.0,3.0,0.6666666666666666,1
C114182,118,8,75476.84999999999,9434.606249999999,4.0,3.0,1.0,0.625,1
C103786,265,2,17459.23,8729.615,8.0,4.0,0.0,0.0,1
C110682,6,2,25549.37,12774.685,9.0,2.0,0.0,0.0,0
C110720,14,4,54854.63,13713.657500000001,7.0,0.0,0.0,0.25,0
C106532,19,1,10817.19,10817.19,8.0,3.0,0.0,0.0,0
C102952,134,1,7663.24,7663.24,9.0,4.0,0.0,0.0,1
C101416,7,2,57888.324,28944.162,6.0,1.0,1.0,1.0,0
C112605,13,5,181342.5885,36268.5177,3.0,0.0,1.0,0.6,0
C104014,11,4,96738.256,24184.564,10.0,3.0,0.0,0.5,0
C100022,8,2,35068.215500000006,17534.107750000003,9.0,3.0,0.0,1.0,0
C114295,13,7,122768.38299999999,17538.340428571428,7.0,4.0,0.0,0.2857142857142857,0
C110696,163,1,26429.62,26429.62,11.0,2.0,0.0,0.0,1
C106409,9,6,129013.00899999999,21502.168166666666,13.0,4.0,2.0,0.8333333333333334,0
C109112,111,3,57076.1265,19025.3755,10.0,4.0,1.0,0.3333333333333333,1
C104760,411,2,49505.0705,24752.53525,7.0,1.0,1.0,1.0,1
C100029,28,13,356861.9535,27450.9195,6.0,1.0,1.0,0.6153846153846154,0
C111011,100,2,49765.45199999999,24882.725999999995,8.0,2.0,0.0,0.5,1
C107339,296,4,131052.133,32763.033250000004,9.0,3.0,0.0,0.5,1
C106902,21,3,73367.769,24455.923,4.0,0.0,2.0,0.6666666666666666,0
C112144,290,1,9134.54,9134.54,10.0,2.0,0.0,0.0,1
C113302,159,7,195127.5745,27875.367785714283,10.0,2.0,0.0,0.42857142857142855,1
C114697,6,4,141128.894,35282.2235,14.0,5.0,2.0,0.25,0
C108946,81,4,103061.824,25765.456000000002,10.0,5.0,0.0,0.5,0
C107005,20,3,73601.91,24533.97,8.0,5.0,0.0,0.3333333333333333,0
C101005,2,5,101483.4745,20296.694900000002,11.0,4.0,0.0,0.8,0
C114635,159,4,29028.478499999997,7257.119624999999,5.0,0.0,1.0,0.75,1
C108403,518,3,46902.01,15634.003333333334,6.0,1.0,1.0,0.0,1
C108648,36,5,155209.1175,31041.8235,3.0,1.0,3.0,0.6,0
C113374,159,3,96990.382,32330.127333333334,4.0,0.0,0.0,0.6666666666666666,1
C112225,113,4,58087.003000000004,14521.750750000001,9.0,2.0,0.0,0.25,1
C102346,29,4,123077.3405,30769.335125,7.0,2.0,0.0,0.5,0
C105096,365,4,68548.388,17137.097,10.0,3.0,0.0,0.75,1
C106458,12,4,15224.677,3806.16925,8.0,3.0,0.0,0.25,0
C107331,12,9,141953.2775,15772.586388888889,10.0,2.0,0.0,0.5555555555555556,0
C107420,107,3,72190.6575,24063.5525,7.0,0.0,0.0,0.6666666666666666,1
C108981,10,1,3619.971,3619.971,7.0,2.0,0.0,1.0,0
C108804,69,8,202823.3625,25352.9203125,9.0,3.0,2.0,0.75,0
C113477,264,3,59062.471,19687.490333333335,11.0,3.0,1.0,0.6666666666666666,1
C113469,5,2,59490.25,29745.124999999996,8.0,3.0,0.0,0.5,0
C105678,75,2,31176.652,15588.326,9.0,2.0,2.0,0.5,0
C102282,249,2,37483.89,18741.945,14.0,3.0,0.0,0.5,1
C112762,33,2,89805.94499999999,44902.9725,7.0,3.0,1.0,1.0,0
C102169,222,2,16221.246,8110.623,13.0,4.0,0.0,0.5,1
C110055,110,3,52575.81,17525.27,7.0,3.0,0.0,0.3333333333333333,1
C109603,6,4,114622.914,28655.7285,10.0,1.0,1.0,0.25,0
C111428,27,1,9155.27,9155.27,7.0,1.0,0.0,0.0,0
C110448,52,2,32670.559999999998,16335.279999999999,11.0,4.0,1.0,0.5,0
C107892,0,7,142171.935,20310.27642857143,5.0,3.0,1.0,0.5714285714285714,0
C114733,5,3,64947.604,21649.201333333334,4.0,0.0,1.0,0.3333333333333333,0
C106806,0,11,308790.142,28071.83109090909,7.0,1.0,1.0,0.7272727272727273,0
C112015,75,5,70297.6145,14059.5229,11.0,4.0,1.0,0.6,0
C104407,-1,2,13255.074,6627.537,10.0,2.0,0.0,1.0,0
C112145,552,1,37162.264,37162.264,9.0,2.0,0.0,1.0,1
C107904,364,1,32274.339999999997,32274.339999999997,8.0,2.0,0.0,0.0,1
C114851,121,2,83009.22,41504.61,8.0,1.0,1.0,0.0,1
C105230,623,2,32891.18,16445.59,13.0,3.0,0.0,0.0,1
C105459,62,1,3535.79,3535.79,9.0,3.0,0.0,0.0,0
C104896,164,3,44142.331999999995,14714.110666666666,4.0,3.0,0.0,0.6666666666666666,1
C111732,14,8,127287.245,15910.905625,7.0,2.0,0.0,0.625,0
C100561,106,7,171290.8745,24470.12492857143,5.0,2.0,1.0,0.42857142857142855,1
C109557,242,3,99008.2825,33002.760833333334,13.0,3.0,1.0,0.6666666666666666,1
C111084,248,3,58605.054000000004,19535.018,11.0,2.0,0.0,0.6666666666666666,1
C112747,4,7,101964.4405,14566.348642857145,8.0,4.0,1.0,0.42857142857142855,0
C104030,74,6,100866.138,16811.023,14.0,4.0,0.0,0.5,0
C110982,11,2,41549.119999999995,20774.559999999998,8.0,3.0,0.0,0.0,0
C103404,44,4,69876.8965,17469.224125,3.0,2.0,1.0,0.75,0
C109414,30,4,56893.232,14223.308,4.0,1.0,0.0,0.75,0
C107725,10,10,246678.4085,24667.84085,10.0,1.0,2.0,0.7,0
C102252,46,3,71292.71549999999,23764.238500000003,11.0,4.0,0.0,0.3333333333333333,0
C107105,37,8,162732.1865,20341.5233125,10.0,2.0,2.0,0.5,0
C108793,267,2,47492.0135,23746.00675,6.0,2.0,1.0,0.5,1
C112411,183,8,150167.211,18770.901375,11.0,3.0,1.0,0.25,1
C102304,117,6,129442.84950000001,21573.808250000002,6.0,2.0,0.0,0.6666666666666666,1
C112401,102,2,25361.806,12680.903,6.0,2.0,0.0,0.5,1
C103589,757,1,38941.200000000004,38941.200000000004,7.0,2.0,0.0,1.0,1
C110837,582,2,43771.8275,21885.91375,5.0,0.0,0.0,1.0,1
C100767,1,4,120560.68,30140.170000000002,8.0,3.0,1.0,0.75,0
C113333,177,3,17178.932500000003,5726.310833333334,6.0,3.0,0.0,0.6666666666666666,1
C107288,48,1,16367.892,16367.892,9.0,3.0,0.0,1.0,0
C100725,94,5,127807.804,25561.5608,8.0,2.0,3.0,0.2,1
C100097,14,8,108154.351,13519.293875,15.0,4.0,1.0,0.375,0
C113790,50,6,115266.2545,19211.042416666667,13.0,4.0,1.0,1.0,0
C102875,354,3,95002.2205,31667.40683333333,7.0,2.0,3.0,0.6666666666666666,1
C112862,3,1,24277.78,24277.78,6.0,3.0,0.0,0.0,0
C100984,304,3,44414.635500000004,14804.8785,11.0,2.0,1.0,0.6666666666666666,1
C106751,0,6,111906.5685,18651.09475,6.0,1.0,0.0,0.5,0
C107263,89,1,45421.35,45421.35,10.0,1.0,0.0,0.0,0
C103363,308,4,59793.58500000001,14948.396250000002,9.0,2.0,0.0,0.5,1
C100016,22,7,134172.536,19167.505142857142,9.0,2.0,1.0,0.2857142857142857,0
C104567,1,2,39489.304000000004,19744.652000000002,11.0,6.0,1.0,1.0,0
C112488,32,9,246640.41449999998,27404.4905,6.0,3.0,2.0,0.6666666666666666,0
C112061,10,3,87281.264,29093.754666666664,6.0,1.0,1.0,1.0,0
C114797,19,3,49332.761,16444.253666666667,7.0,4.0,0.0,1.0,0
C104393,226,3,28313.241500000004,9437.747166666668,7.0,2.0,0.0,1.0,1
C105940,169,2,108283.1485,54141.574250000005,9.0,3.0,0.0,0.5,1
C111887,147,3,51932.785,17310.928333333333,9.0,3.0,0.0,0.3333333333333333,1
C100130,223,1,22530.12,22530.12,11.0,5.0,0.0,0.0,1
C109325,174,1,14372.577000000001,14372.577000000001,11.0,3.0,0.0,1.0,1
C109583,120,3,56683.6975,18894.56583333333,15.0,1.0,1.0,1.0,1
C104376,259,5,106423.779,21284.755800000003,14.0,3.0,0.0,0.8,1
C105345,81,13,221136.079,17010.467615384616,8.0,3.0,2.0,0.6923076923076923,0
C107573,249,2,47884.0825,23942.041250000002,7.0,0.0,0.0,0.5,1
C105488,89,4,43836.7405,10959.185125,6.0,2.0,0.0,0.5,0
C106890,379,2,88453.45,44226.725,5.0,4.0,1.0,0.0,1
C101958,27,6,116816.48999999999,19469.414999999997,9.0,3.0,0.0,0.3333333333333333,0
C112539,195,8,130363.505,16295.438125,11.0,5.0,0.0,0.625,1
C106974,114,5,122158.49,24431.698,7.0,3.0,1.0,0.6,1
C102291,57,3,51266.639,17088.879666666668,8.0,3.0,1.0,0.6666666666666666,0
C105832,130,6,133343.0235,22223.83725,9.0,5.0,1.0,0.6666666666666666,1
C100505,123,5,36426.770000000004,7285.354000000001,9.0,1.0,1.0,0.6,1
C108169,92,3,63262.904,21087.63466666667,12.0,5.0,3.0,0.6666666666666666,1
C103821,11,12,303753.581,25312.79841666667,10.0,3.0,1.0,0.6666666666666666,0
C114021,106,4,109414.186,27353.5465,11.0,3.0,0.0,0.75,1
C106547,319,1,49554.432,49554.432,11.0,3.0,0.0,1.0,1
C106056,46,4,66757.8115,16689.452875,10.0,1.0,1.0,0.75,0
C114745,5,2,48060.119999999995,24030.059999999998,11.0,3.0,0.0,0.0,0
C106674,30,1,7959.16,7959.16,10.0,3.0,0.0,0.0,0
C105514,6,10,156714.7145,15671.471450000001,12.0,6.0,1.0,0.2,0
C107753,10,2,21637.218,10818.609,11.0,5.0,0.0,0.5,0
C109968,121,3,68758.6265,22919.542166666666,4.0,1.0,0.0,0.6666666666666666,1
C101872,173,3,57069.2435,19023.081166666667,10.0,2.0,1.0,0.3333333333333333,1
C104785,-1,2,18347.823,9173.9115,10.0,2.0,0.0,0.5,0
C111274,159,5,100385.8925,20077.1785,11.0,5.0,1.0,0.4,1
C109797,111,3,74881.532,24960.51066666667,11.0,2.0,0.0,0.3333333333333333,1
C100048,49,6,156896.732,26149.455333333335,5.0,0.0,2.0,0.8333333333333334,0
C110678,39,2,21760.0875,10880.04375,9.0,4.0,0.0,1.0,0
C109730,305,1,14519.572499999998,14519.572499999998,9.0,2.0,0.0,1.0,1
C109017,41,2,13563.72,6781.86,6.0,3.0,0.0,0.0,0
C104522,23,4,113914.4805,28478.620125,7.0,4.0,0.0,0.75,0
C104232,162,1,6841.87,6841.87,5.0,1.0,0.0,0.0,1
C105906,66,7,143001.7975,20428.828214285713,7.0,3.0,2.0,0.7142857142857143,0
C114930,65,7,141062.0115,20151.715928571426,10.0,2.0,3.0,0.42857142857142855,0
C112242,51,5,178695.2315,35739.0463,8.0,2.0,1.0,1.0,0
C112876,110,7,164758.7875,23536.969642857144,8.0,3.0,2.0,1.0,1
C104771,57,1,40227.53,40227.53,6.0,1.0,1.0,0.0,0
C110945,108,3,38315.578,12771.859333333334,5.0,3.0,0.0,0.3333333333333333,1
C112376,17,2,31062.040999999997,15531.020499999999,9.0,1.0,0.0,0.5,0
C113121,151,3,42483.569,14161.189666666667,6.0,1.0,0.0,0.6666666666666666,1
C113260,99,2,39767.353,19883.6765,9.0,1.0,0.0,0.5,1
C106615,77,1,27681.2,27681.2,11.0,3.0,0.0,0.0,0
C113927,227,3,64092.542,21364.180666666667,10.0,2.0,1.0,0.3333333333333333,1
C103089,137,1,2097.0679999999998,2097.0679999999998,11.0,4.0,0.0,1.0,1
C110746,101,2,36594.454,18297.227,8.0,2.0,0.0,0.5,1
C100450,111,7,223778.236,31968.319428571423,8.0,1.0,0.0,0.42857142857142855,1
C111651,1,4,80873.024,20218.256,4.0,1.0,0.0,0.25,0
C112742,129,2,31689.612999999998,15844.806499999999,5.0,2.0,0.0,0.5,1
C103865,0,2,41738.87,20869.435,9.0,1.0,2.0,1.0,0
C101278,10,10,315707.555,31570.7555,11.0,3.0,4.0,0.3,0
C100883,177,4,109177.2845,27294.321125000002,8.0,4.0,1.0,0.5,1
C113554,142,4,123030.2565,30757.564125,10.0,7.0,2.0,0.5,1
C108328,223,7,142134.5985,20304.942642857142,7.0,5.0,2.0,0.7142857142857143,1
C102525,30,9,223363.947,24818.21633333333,6.0,1.0,0.0,0.4444444444444444,0
C105692,32,8,87301.29800000001,10912.66225,8.0,2.0,0.0,0.375,0
C105011,16,4,98920.7175,24730.179375,7.0,1.0,0.0,0.75,0
C103939,3,10,147750.746,14775.074600000002,8.0,2.0,1.0,0.3,0
C102212,1,3,84269.8515,28089.950500000003,6.0,1.0,1.0,0.6666666666666666,0
C103026,391,1,39659.11,39659.11,4.0,3.0,0.0,0.0,1
C103650,399,1,17391.783,17391.783,11.0,4.0,0.0,1.0,1
C109907,585,1,0.0,0.0,9.0,1.0,0.0,1.0,1
C111970,12,6,62529.9975,10421.66625,8.0,5.0,1.0,0.5,0
C112140,6,3,70051.1115,23350.3705,11.0,2.0,1.0,0.6666666666666666,0
C103874,277,2,67917.8355,33958.91775,16.0,3.0,0.0,0.5,1
C114047,67,7,174426.238,24918.034000000003,12.0,4.0,0.0,0.5714285714285714,0
C109611,25,2,35079.745,17539.8725,6.0,0.0,0.0,1.0,0
C112151,89,4,54808.1985,13702.049625,8.0,1.0,2.0,0.75,0
C106965,566,2,28819.5815,14409.79075,8.0,2.0,0.0,1.0,1
C112489,651,1,19574.2,19574.2,8.0,1.0,0.0,0.0,1
C108477,641,1,8354.208,8354.208,12.0,2.0,0.0,1.0,1
C113749,119,7,90126.2485,12875.178357142857,11.0,3.0,1.0,0.8571428571428571,1
C102554,8,3,33161.6075,11053.869166666665,9.0,0.0,0.0,0.3333333333333333,0
C111945,82,4,74519.15400000001,18629.788500000002,8.0,1.0,1.0,0.5,0
C111387,2,5,90732.01999999999,18146.404,7.0,0.0,1.0,0.4,0
C103620,62,6,102834.6105,17139.101749999998,11.0,4.0,2.0,0.5,0
C105639,60,1,36141.173,36141.173,10.0,4.0,0.0,1.0,0
C109607,0,6,104442.2075,17407.034583333334,5.0,2.0,1.0,0.8333333333333334,0
C113834,122,2,27513.898999999998,13756.949499999999,4.0,1.0,0.0,0.5,1
C112621,138,2,22321.135000000002,11160.567500000001,9.0,3.0,0.0,1.0,1
C107479,231,4,114748.73300000001,28687.183250000002,6.0,2.0,0.0,0.75,1
C107002,317,2,59028.069,29514.034499999998,8.0,2.0,0.0,0.5,1
C113955,7,5,110064.51699999999,22012.9034,4.0,2.0,1.0,0.8,0
C114998,119,3,82082.278,27360.759333333335,11.0,4.0,0.0,0.3333333333333333,1
C105720,122,9,133005.8075,14778.423055555555,13.0,5.0,1.0,0.6666666666666666,1
C112908,237,4,90133.39850000001,22533.349625000003,8.0,1.0,0.0,0.75,1
C107464,228,4,87796.039,21949.009749999997,11.0,5.0,0.0,0.25,1
C108087,112,2,23359.31,11679.655,9.0,1.0,0.0,0.5,1
C107238,139,6,155978.76799999998,25996.461333333336,4.0,1.0,0.0,0.6666666666666666,1
C112895,291,3,90620.426,30206.808666666668,12.0,2.0,0.0,0.6666666666666666,1
C110153,31,4,94533.77600000001,23633.444,8.0,2.0,2.0,0.5,0
C112812,85,12,324288.4975,27024.041458333333,11.0,3.0,4.0,0.5,0
C112866,167,4,67990.0165,16997.504125,8.0,0.0,0.0,0.5,1
C106284,63,5,124321.7905,24864.3581,13.0,1.0,1.0,0.8,0
C105645,412,4,47186.5855,11796.646375,8.0,4.0,1.0,1.0,1
C113997,63,4,85188.4805,21297.120125,7.0,2.0,0.0,0.5,0
C113242,88,5,187268.608,37453.721600000004,7.0,3.0,2.0,0.4,0
C102747,6,9,209644.4565,23293.8285,15.0,1.0,1.0,0.4444444444444444,0
C103885,13,8,242495.8045,30311.9755625,5.0,2.0,1.0,0.625,0
C113698,63,1,7527.744,7527.744,10.0,3.0,0.0,1.0,0
C107689,360,1,15201.09,15201.09,6.0,1.0,0.0,0.0,1
C109177,43,4,50761.666,12690.4165,9.0,3.0,0.0,0.5,0
C106746,56,2,35133.25,17566.625,7.0,3.0,1.0,0.0,0
C105789,46,2,46830.73,23415.364999999998,9.0,2.0,1.0,0.0,0
C102085,397,4,89128.3235,22282.080875,10.0,1.0,0.0,0.25,1
C100518,68,2,46052.265999999996,23026.132999999998,5.0,0.0,0.0,0.5,0
C107324,211,3,36025.8985,12008.632833333335,8.0,2.0,0.0,0.3333333333333333,1
C103195,612,1,35374.27,35374.27,6.0,2.0,0.0,0.0,1
C103858,198,1,17317.849,17317.849,8.0,3.0,0.0,1.0,1
C107487,411,5,116278.3505,23255.6701,4.0,1.0,1.0,0.8,1
C100761,119,4,53601.2755,13400.318875,9.0,2.0,0.0,0.25,1
C108018,0,17,307899.7055,18111.74738235294,9.0,3.0,5.0,0.8235294117647058,0
C101517,713,1,21434.5,21434.5,8.0,4.0,1.0,0.0,1
C114195,-1,11,243398.82400000002,22127.165818181817,7.0,2.0,0.0,0.5454545454545454,0
C111150,91,3,19869.168,6623.0560000000005,10.0,4.0,0.0,0.3333333333333333,1
C114311,108,4,139215.787,34803.94675,8.0,4.0,0.0,0.5,1
C108541,24,15,215775.06699999998,14385.004466666665,6.0,0.0,4.0,0.4,0
C111098,12,3,72527.97499999999,24175.99166666667,6.0,1.0,1.0,1.0,0
C112463,-1,5,141508.4095,28301.681900000003,8.0,2.0,3.0,0.6,0
C112598,59,9,158020.6885,17557.854277777777,9.0,2.0,1.0,0.3333333333333333,0
C104298,2,4,63523.94,15880.985,6.0,3.0,0.0,0.5,0
C111279,31,5,78543.8675,15708.7735,10.0,1.0,0.0,0.4,0
C104705,397,4,79839.149,19959.78725,8.0,1.0,0.0,0.5,1
C114000,63,4,38235.477,9558.86925,13.0,5.0,0.0,0.75,0
C107305,5,4,129251.79299999999,32312.94825,10.0,3.0,0.0,0.75,0
C107578,42,2,23300.002,11650.001,9.0,2.0,1.0,0.5,0
C112608,89,12,266390.452,22199.20433333333,5.0,3.0,0.0,0.5833333333333334,0
C102549,116,3,87700.72,29233.573333333334,9.0,4.0,2.0,0.3333333333333333,1
C105935,88,5,164397.24599999998,32879.4492,8.0,1.0,0.0,0.6,0
C112110,32,14,272025.368,19430.38342857143,11.0,2.0,0.0,0.7142857142857143,0
C113192,51,4,56184.7055,14046.176375,9.0,1.0,1.0,0.25,0
C107330,41,2,47907.81,23953.905,12.0,0.0,1.0,1.0,0
C108529,591,1,36197.289000000004,36197.289000000004,13.0,3.0,0.0,1.0,1
C107257,59,9,218171.89549999998,24241.32172222222,7.0,2.0,2.0,0.6666666666666666,0
C101085,22,6,144057.236,24009.539333333334,8.0,4.0,1.0,0.3333333333333333,0
C106428,2,7,219255.71000000002,31322.24428571429,11.0,2.0,0.0,1.0,0
C102077,156,3,43057.53,14352.51,11.0,2.0,0.0,0.0,1
C114681,16,9,140324.5915,15591.621277777778,10.0,3.0,0.0,0.3333333333333333,0
C113251,320,2,42842.3965,21421.19825,9.0,3.0,0.0,0.5,1
C113439,17,5,131760.377,26352.0754,4.0,2.0,0.0,0.6,0
C113460,119,5,80335.341,16067.0682,11.0,2.0,2.0,0.6,1
C114270,352,6,111517.65699999999,18586.276166666667,10.0,3.0,1.0,1.0,1
C101397,93,4,80373.39,20093.3475,4.0,1.0,0.0,0.5,1
C102158,75,11,168492.536,15317.503272727272,10.0,1.0,1.0,0.7272727272727273,0
C114649,377,2,16469.811999999998,8234.905999999999,7.0,2.0,0.0,1.0,1
C103193,111,4,102489.326,25622.3315,6.0,0.0,0.0,0.25,1
C101504,129,3,55410.3965,18470.132166666666,8.0,4.0,0.0,0.6666666666666666,1
C108740,16,4,143640.405,35910.10125,9.0,2.0,1.0,1.0,0
C113738,64,4,69944.04800000001,17486.012000000002,11.0,4.0,0.0,1.0,0
C108386,-1,2,53675.88,26837.940000000002,12.0,1.0,1.0,0.0,0
C106698,203,5,134818.299,26963.6598,10.0,2.0,1.0,0.6,1
C107555,265,1,21047.839999999997,21047.839999999997,11.0,1.0,0.0,0.0,1
C105454,81,3,69834.8805,23278.2935,7.0,3.0,0.0,0.3333333333333333,0
C109791,185,5,126608.325,25321.665,8.0,0.0,0.0,0.6,1
C111898,41,6,66340.9465,11056.824416666668,6.0,1.0,0.0,0.16666666666666666,0
C108077,145,4,67020.7115,16755.177875,9.0,2.0,0.0,0.25,1
C111631,55,9,231500.014,25722.22377777778,13.0,5.0,1.0,0.4444444444444444,0
C110587,190,2,19007.2325,9503.61625,9.0,0.0,0.0,0.5,1
C110362,92,3,50031.6545,16677.218166666666,11.0,4.0,1.0,0.6666666666666666,1
C113960,86,5,121859.9625,24371.9925,6.0,0.0,0.0,0.4,0
C109319,81,2,21424.699,10712.3495,11.0,3.0,0.0,0.5,0
C108388,51,2,58407.40549999999,29203.702749999997,4.0,0.0,0.0,0.5,0
C102498,580,1,10396.971000000001,10396.971000000001,9.0,3.0,0.0,1.0,1
C112364,21,3,32086.475000000002,10695.491666666667,6.0,0.0,0.0,0.3333333333333333,0
C108651,316,3,58113.536,19371.178666666667,9.0,0.0,1.0,0.3333333333333333,1
C107697,185,3,55020.254,18340.084666666666,9.0,2.0,0.0,0.3333333333333333,1
C108704,332,2,28159.908000000003,14079.954000000002,7.0,2.0,0.0,1.0,1
C114004,104,3,64646.3515,21548.78383333333,6.0,2.0,2.0,0.6666666666666666,1
C112586,37,5,80750.4125,16150.082499999999,11.0,2.0,1.0,0.4,0
C101709,35,1,21565.503,21565.503,6.0,2.0,0.0,1.0,0
C102038,17,6,67915.331,11319.221833333335,6.0,1.0,0.0,0.16666666666666666,0
C106447,100,3,50780.553499999995,16926.851166666664,3.0,0.0,1.0,1.0,1
C105799,61,10,176358.639,17635.8639,9.0,3.0,3.0,0.7,0
C100565,557,5,109566.435,21913.287,9.0,1.0,0.0,0.4,1
C104704,128,3,52139.609000000004,17379.869666666666,9.0,3.0,0.0,0.6666666666666666,1
C106758,191,2,29439.22,14719.61,4.0,2.0,1.0,0.0,1
C114239,225,4,81925.0,20481.25,8.0,2.0,0.0,1.0,1
C111064,87,10,120343.724,12034.3724,6.0,1.0,1.0,0.4,0
C105575,9,10,181129.454,18112.9454,9.0,1.0,3.0,0.8,0
C108076,303,5,138221.0125,27644.202499999996,6.0,1.0,2.0,0.8,1
C103209,39,9,247298.44950000002,27477.6055,14.0,7.0,3.0,0.7777777777777778,0
C112434,139,7,202541.28650000002,28934.4695,9.0,2.0,2.0,0.2857142857142857,1
C112584,839,1,16427.22,16427.22,7.0,2.0,0.0,0.0,1
C104574,126,2,36071.703,18035.8515,11.0,1.0,1.0,0.5,1
C109796,51,14,222027.415,15859.101071428571,10.0,3.0,0.0,0.6428571428571429,0
C104448,35,6,172354.3615,28725.726916666667,13.0,3.0,1.0,0.3333333333333333,0
C109247,1029,1,4933.0,4933.0,13.0,3.0,0.0,0.0,1
C111894,12,5,65540.062,13108.012400000001,7.0,2.0,0.0,0.4,0
C102964,2,7,137828.6325,19689.804642857143,6.0,2.0,1.0,0.5714285714285714,0
C106956,173,2,49555.2985,24777.649250000002,6.0,1.0,0.0,1.0,1
C114892,8,4,121873.541,30468.38525,15.0,6.0,0.0,1.0,0
C100463,64,1,9533.49,9533.49,7.0,4.0,1.0,0.0,0
C110463,559,2,25862.771,12931.3855,14.0,6.0,0.0,0.5,1
C105871,157,1,64612.06999999999,64612.06999999999,8.0,2.0,0.0,1.0,1
C103396,61,2,37321.878,18660.939,8.0,2.0,0.0,0.5,0
C114541,27,2,43821.093,21910.5465,10.0,2.0,0.0,1.0,0
C114817,245,2,20277.36,10138.68,4.0,2.0,0.0,1.0,1
C105405,209,1,17731.14,17731.14,6.0,3.0,0.0,0.0,1
C106475,18,6,131922.736,21987.122666666666,18.0,7.0,0.0,0.6666666666666666,0
C107178,0,5,108441.477,21688.2954,10.0,3.0,2.0,0.6,0
C110327,1,9,137441.7385,15271.30427777778,4.0,2.0,1.0,0.5555555555555556,0
C105939,120,7,152125.0165,21732.145214285712,16.0,3.0,2.0,0.5714285714285714,1
C101781,52,2,16178.413499999999,8089.206749999999,8.0,1.0,2.0,1.0,0
C100892,88,3,37921.8695,12640.623166666666,7.0,4.0,0.0,0.3333333333333333,0
C110067,364,2,7477.933999999999,3738.9669999999996,10.0,1.0,0.0,0.5,1
C105812,41,10,184361.726,18436.172599999998,9.0,4.0,1.0,0.6,0
C113900,31,3,45684.153,15228.051,9.0,2.0,0.0,0.6666666666666666,0
C112055,699,1,17662.6855,17662.6855,11.0,4.0,0.0,1.0,1
C112320,15,2,60093.283,30046.641499999998,5.0,2.0,0.0,0.5,0
C101730,192,2,28543.5195,14271.75975,14.0,5.0,0.0,0.5,1
C107393,118,2,31400.764000000003,15700.382000000001,8.0,2.0,1.0,0.5,1
C104188,13,7,87976.6745,12568.096357142857,9.0,3.0,0.0,0.7142857142857143,0
C114390,51,1,10194.04,10194.04,7.0,0.0,0.0,0.0,0
C114477,568,1,12636.24,12636.24,6.0,0.0,0.0,0.0,1
C109974,21,9,233398.661,25933.184555555556,4.0,1.0,0.0,0.6666666666666666,0
C107745,16,4,104429.38,26107.345,10.0,1.0,0.0,0.25,0
C112039,88,6,82815.561,13802.5935,13.0,4.0,0.0,0.5,0
C101239,39,4,68936.9315,17234.232874999998,5.0,1.0,2.0,1.0,0
C109100,364,6,85608.09049999999,14268.015083333332,14.0,5.0,0.0,0.8333333333333334,1
C114259,22,8,138956.55550000002,17369.569437500002,9.0,5.0,0.0,0.75,0
C104227,47,5,73626.2755,14725.2551,5.0,2.0,2.0,0.6,0
C108582,49,8,135486.2045,16935.7755625,9.0,3.0,2.0,0.5,0
C110267,105,7,148391.0775,21198.72535714286,10.0,0.0,0.0,0.5714285714285714,1
C106970,601,3,57278.748,19092.916,4.0,0.0,0.0,0.6666666666666666,1
C105044,43,4,30675.1425,7668.785625,4.0,2.0,0.0,0.5,0
C101264,201,3,50304.479999999996,16768.16,8.0,2.0,0.0,0.0,1
C100167,2,12,239970.891,19997.57425,5.0,0.0,2.0,0.75,0
C102761,595,3,100556.518,33518.83933333333,11.0,2.0,0.0,0.3333333333333333,1
C114829,226,1,5757.29,5757.29,18.0,3.0,0.0,0.0,1
C111922,429,1,6222.9,6222.9,10.0,4.0,0.0,0.0,1
C108721,393,1,37946.39,37946.39,9.0,2.0,1.0,0.0,1
C102387,127,10,226947.5165,22694.75165,6.0,0.0,1.0,0.4,1
C111840,196,1,1444.46,1444.46,9.0,4.0,0.0,0.0,1
C107202,24,5,119086.1055,23817.221100000002,10.0,3.0,0.0,0.4,0
C111449,79,3,39883.827,13294.608999999999,12.0,5.0,0.0,0.6666666666666666,0
C105894,5,5,173730.211,34746.0422,9.0,3.0,1.0,0.6,0
C105338,211,3,102245.74200000001,34081.914,13.0,4.0,0.0,1.0,1
C101297,25,7,141688.307,20241.186714285715,7.0,1.0,0.0,0.5714285714285714,0
C108783,219,3,48751.854999999996,16250.618333333332,5.0,0.0,0.0,0.3333333333333333,1
C110637,143,8,141657.6975,17707.2121875,7.0,1.0,0.0,0.625,1
C104328,36,5,125942.7205,25188.5441,8.0,3.0,0.0,0.6,0
C100719,12,10,205747.0485,20574.704850000002,9.0,2.0,3.0,0.5,0
C110379,31,2,28847.497,14423.7485,6.0,1.0,1.0,0.5,0
C114490,45,4,82439.932,20609.983,3.0,0.0,0.0,0.5,0
C113432,6,2,27888.8165,13944.40825,11.0,3.0,0.0,1.0,0
C111825,142,1,23781.392,23781.392,3.0,2.0,0.0,1.0,1
C113759,37,3,40257.1965,13419.065499999999,12.0,4.0,0.0,0.3333333333333333,0
C103503,36,4,47909.398,11977.3495,7.0,3.0,1.0,1.0,0
C108518,11,2,37944.649,18972.3245,7.0,4.0,0.0,0.5,0
C114491,7,2,41767.4445,20883.72225,7.0,3.0,1.0,1.0,0
C107680,3,7,149958.9325,21422.70464285714,12.0,3.0,0.0,0.8571428571428571,0
C113049,138,5,117451.394,23490.2788,11.0,3.0,2.0,0.4,1
C106446,28,3,87939.285,29313.095,6.0,2.0,0.0,0.6666666666666666,0
C110020,58,8,235306.3605,29413.2950625,12.0,3.0,3.0,0.625,0
C113182,93,6,120019.466,20003.244333333336,9.0,3.0,0.0,0.5,1
C111992,145,2,24316.4585,12158.22925,13.0,2.0,0.0,0.5,1
C112780,314,4,85806.26449999999,21451.566124999998,12.0,5.0,0.0,0.75,1
C112334,88,2,68498.3945,34249.19725,13.0,5.0,1.0,0.5,0
C113501,4,1,17163.096,17163.096,9.0,3.0,1.0,1.0,0
C114245,277,2,21948.6305,10974.315250000001,7.0,1.0,0.0,1.0,1
C102405,298,2,45599.11,22799.555,5.0,1.0,0.0,0.0,1
C109250,87,2,52135.436,26067.718,9.0,2.0,0.0,0.5,0
C111663,69,1,42104.7755,42104.7755,7.0,3.0,1.0,1.0,0
C109046,91,2,40851.0225,20425.51125,11.0,2.0,0.0,0.5,1
C110839,56,9,195300.6825,21700.075833333332,9.0,0.0,0.0,0.6666666666666666,0
C107625,303,3,60120.5695,20040.189833333334,10.0,1.0,0.0,0.6666666666666666,1
C107196,217,7,118644.474,16949.21057142857,8.0,5.0,2.0,0.5714285714285714,1
C107166,148,4,125049.4175,31262.354375,11.0,4.0,1.0,0.75,1
C102249,10,3,51563.324,17187.774666666668,4.0,1.0,0.0,0.3333333333333333,0
C113273,317,5,51699.605,10339.921,11.0,3.0,0.0,1.0,1
C101747,104,2,26682.88,13341.44,9.0,0.0,0.0,0.0,1
C103444,1,2,50437.7215,25218.86075,9.0,3.0,1.0,1.0,0
C108839,116,5,107570.084,21514.0168,4.0,0.0,0.0,0.4,1
C103402,344,2,78112.008,39056.004,7.0,4.0,2.0,1.0,1
C106401,92,5,80115.88,16023.176000000001,1.0,1.0,1.0,0.4,1
C113108,220,4,85857.698,21464.4245,5.0,1.0,0.0,0.75,1
C113438,84,2,23029.752,11514.876,6.0,1.0,0.0,1.0,0
C114766,146,7,122888.485,17555.49785714286,4.0,2.0,3.0,0.5714285714285714,1
C110200,357,2,37255.962,18627.981,9.0,3.0,1.0,0.5,1
C114632,182,1,10041.97,10041.97,5.0,0.0,0.0,0.0,1
C104395,15,6,209066.9955,34844.49925,12.0,3.0,2.0,0.16666666666666666,0
C110189,12,3,69650.982,23216.994000000002,8.0,1.0,1.0,0.6666666666666666,0
C111925,30,7,178773.449,25539.064142857143,6.0,1.0,0.0,0.42857142857142855,0
C110845,11,1,14403.42,14403.42,8.0,5.0,0.0,1.0,0
C104016,117,1,11912.316,11912.316,8.0,4.0,0.0,1.0,1
C111141,42,6,112834.468,18805.744666666666,9.0,2.0,3.0,0.6666666666666666,0
C103422,-1,2,91357.78,45678.89,7.0,1.0,1.0,0.0,0
C107765,633,1,9933.69,9933.69,12.0,2.0,0.0,0.0,1
C107093,106,3,16949.0475,5649.6825,3.0,2.0,0.0,0.6666666666666666,1
C113917,4,2,26771.897,13385.9485,11.0,2.0,0.0,0.5,0
C100572,487,3,104629.795,34876.598333333335,14.0,2.0,1.0,0.6666666666666666,1
C114852,86,5,139090.714,27818.1428,5.0,0.0,1.0,0.6,0
C107922,255,1,8259.51,8259.51,9.0,0.0,0.0,0.0,1
C100746,105,5,76507.7005,15301.540100000002,9.0,3.0,0.0,0.8,1
C111585,570,1,1996.344,1996.344,7.0,2.0,0.0,1.0,1
C109074,35,3,95800.5,31933.5,8.0,2.0,0.0,0.0,0
C106591,22,13,328212.0515,25247.080884615385,7.0,1.0,4.0,0.6923076923076923,0
C111307,134,3,64727.726,21575.908666666666,11.0,3.0,0.0,0.3333333333333333,1
C100676,2,3,61140.7005,20380.233500000002,5.0,2.0,2.0,0.6666666666666666,0
C112857,11,4,66231.889,16557.97225,7.0,3.0,3.0,0.25,0
C102750,75,2,51633.584500000004,25816.792250000002,8.0,2.0,0.0,0.5,0
C109699,80,5,78777.953,15755.590600000001,11.0,6.0,0.0,0.4,0
C107991,310,2,100049.1545,50024.57725,13.0,4.0,0.0,0.5,1
C113579,240,1,26882.811,26882.811,14.0,3.0,0.0,1.0,1
C109454,2,4,87629.666,21907.4165,3.0,0.0,1.0,0.5,0
C112672,19,6,61172.118,10195.353000000001,14.0,5.0,0.0,0.5,0
C100566,108,6,108327.0325,18054.505416666667,11.0,5.0,3.0,0.6666666666666666,1
C104658,8,5,64580.002,12916.0004,9.0,1.0,0.0,0.2,0
C101677,447,3,28729.33,9576.443333333335,3.0,1.0,0.0,0.6666666666666666,1
C110639,154,5,54218.3525,10843.670499999998,8.0,3.0,0.0,0.6,1
C104454,27,6,224504.4515,37417.40858333333,9.0,2.0,3.0,0.5,0
C114070,395,3,44785.3535,14928.451166666666,9.0,2.0,0.0,0.6666666666666666,1
C108397,309,1,33284.2855,33284.2855,12.0,2.0,1.0,1.0,1
C111917,19,2,50844.5125,25422.25625,10.0,2.0,1.0,0.5,0
C100961,25,6,89583.526,14930.587666666666,9.0,2.0,1.0,0.5,0
C105401,2,7,99460.0895,14208.584214285715,14.0,4.0,0.0,0.7142857142857143,0
C100953,60,2,59604.264,29802.131999999998,5.0,0.0,0.0,0.5,0
C112328,18,4,77276.858,19319.2145,5.0,1.0,0.0,0.5,0
C105803,23,2,13928.149000000001,6964.074500000001,13.0,7.0,1.0,1.0,0
C106662,166,7,196662.9825,28094.711785714288,5.0,2.0,1.0,0.8571428571428571,1
C105237,2,4,49092.003500000006,12273.000875000002,11.0,3.0,1.0,0.25,0
C104582,11,3,49842.957,16614.319,9.0,2.0,1.0,0.6666666666666666,0
C113107,103,3,40104.839,13368.279666666664,12.0,3.0,0.0,0.6666666666666666,1
C111691,946,1,50591.15,50591.15,5.0,2.0,1.0,0.0,1
C107132,2,6,88192.577,14698.762833333332,11.0,2.0,1.0,0.5,0
C114066,165,1,15345.439999999999,15345.439999999999,12.0,2.0,0.0,0.0,1
C106708,98,1,25762.24,25762.24,5.0,0.0,0.0,0.0,1
C101081,76,8,122232.669,15279.083625,12.0,7.0,2.0,0.75,0
C109980,188,5,69974.9475,13994.989500000001,6.0,1.0,3.0,0.8,1
C103844,36,2,14233.091,7116.5455,5.0,0.0,0.0,0.5,0
C114513,19,3,42097.4205,14032.473499999998,13.0,2.0,0.0,0.6666666666666666,0
C105050,290,2,20692.9245,10346.46225,10.0,1.0,1.0,0.5,1
C106251,170,2,49175.3085,24587.65425,6.0,0.0,1.0,1.0,1
C109321,31,2,109275.53,54637.765,6.0,1.0,0.0,0.0,0
C114260,95,4,72986.887,18246.72175,7.0,3.0,0.0,0.75,1
C107583,17,7,146143.69,20877.670000000002,13.0,3.0,1.0,0.14285714285714285,0
C100977,44,6,153209.468,25534.911333333333,7.0,4.0,1.0,0.6666666666666666,0
C105740,147,3,45981.424,15327.141333333333,7.0,3.0,1.0,0.6666666666666666,1
C104817,57,11,168493.102,15317.554727272725,7.0,4.0,3.0,0.36363636363636365,0
C114821,94,4,45696.107,11424.026749999999,6.0,2.0,0.0,0.5,1
C114791,393,2,28868.16,14434.08,6.0,2.0,1.0,0.0,1
C111464,499,1,41538.264,41538.264,8.0,4.0,0.0,1.0,1
C110731,-1,2,16033.07,8016.535,10.0,0.0,0.0,0.0,0
C107604,131,2,83509.854,41754.927,8.0,3.0,1.0,0.5,1
C110732,209,1,21560.652,21560.652,7.0,1.0,0.0,1.0,1
C113427,57,7,237339.488,33905.641142857145,13.0,7.0,0.0,0.2857142857142857,0
C101445,0,4,55866.87300000001,13966.718250000002,7.0,2.0,0.0,0.5,0
C101919,53,3,29110.934999999998,9703.644999999999,8.0,1.0,0.0,0.6666666666666666,0
C102215,-1,3,55178.122,18392.707333333336,9.0,2.0,0.0,0.3333333333333333,0
C101854,115,4,58385.53,14596.3825,8.0,3.0,1.0,0.0,1
C107251,185,3,30162.176,10054.058666666666,6.0,2.0,0.0,0.6666666666666666,1
C100940,97,10,204367.7505,20436.775050000004,8.0,2.0,1.0,0.4,1
C114478,63,4,71808.876,17952.219,4.0,4.0,2.0,0.5,0
C111816,259,5,67305.5255,13461.1051,12.0,2.0,0.0,0.8,1
C106279,606,1,25802.79,25802.79,8.0,1.0,0.0,0.0,1
C103918,306,2,44816.19,22408.095,9.0,3.0,1.0,0.5,1
C101997,6,7,92310.342,13187.191714285715,7.0,1.0,1.0,0.42857142857142855,0
C103902,316,1,12772.224000000002,12772.224000000002,10.0,7.0,0.0,1.0,1
C102367,241,4,48590.4935,12147.623375,11.0,6.0,1.0,0.5,1
C101712,155,7,145503.1285,20786.161214285712,6.0,2.0,0.0,0.5714285714285714,1
C109749,24,8,171704.7935,21463.0991875,9.0,1.0,1.0,0.5,0
C112126,30,3,70581.78,23527.26,8.0,2.0,0.0,1.0,0
C113111,144,1,30743.49,30743.49,8.0,2.0,0.0,0.0,1
C102950,135,1,25471.43,25471.43,7.0,2.0,1.0,0.0,1
C110042,160,3,83578.2175,27859.405833333334,10.0,5.0,1.0,0.3333333333333333,1
C112978,172,6,81445.5265,13574.254416666665,6.0,0.0,0.0,0.6666666666666666,1
C111690,104,1,12493.52,12493.52,5.0,1.0,0.0,0.0,1
C109506,20,4,99052.889,24763.22225,9.0,2.0,1.0,0.75,0
C100727,27,13,263540.9395,20272.37996153846,10.0,3.0,1.0,0.6153846153846154,0
C101482,63,3,54833.305499999995,18277.7685,12.0,5.0,1.0,0.6666666666666666,0
C107195,85,5,168231.7575,33646.351500000004,12.0,1.0,3.0,0.4,0
C109487,41,1,17104.028,17104.028,9.0,4.0,0.0,1.0,0
C102148,10,9,144613.816,16068.201777777776,7.0,2.0,0.0,0.7777777777777778,0
C113902,215,1,4840.728,4840.728,11.0,1.0,0.0,1.0,1
C114439,94,1,25346.46,25346.46,4.0,0.0,0.0,0.0,1
C106537,-1,8,197708.6965,24713.5870625,10.0,1.0,1.0,0.5,0
C105211,116,2,28051.0,14025.5,5.0,0.0,1.0,0.0,1
C100220,310,3,68882.519,22960.839666666667,11.0,0.0,0.0,0.6666666666666666,1
C103833,149,3,60943.3195,20314.439833333334,5.0,2.0,0.0,0.6666666666666666,1
C108417,77,5,72847.369,14569.473800000002,8.0,2.0,1.0,0.2,0
C104642,54,2,69556.051,34778.0255,10.0,2.0,1.0,0.5,0
C101667,13,8,218914.0875,27364.260937500003,11.0,3.0,2.0,0.375,0
C107893,361,2,13338.288,6669.144000000001,7.0,3.0,0.0,1.0,1
C107203,122,5,116737.076,23347.4152,9.0,3.0,0.0,0.2,1
C113701,243,1,31868.709499999997,31868.709499999997,10.0,1.0,0.0,1.0,1
C114838,513,3,73094.677,24364.892333333333,4.0,0.0,0.0,1.0,1
C111824,286,4,119247.31,29811.8275,9.0,5.0,1.0,0.0,1
C100193,15,8,140590.265,17573.783125,8.0,1.0,1.0,0.375,0
C105245,25,3,107131.9245,35710.6415,14.0,3.0,1.0,0.3333333333333333,0
C101498,3,2,11727.234,5863.617,11.0,3.0,1.0,0.5,0
C114798,5,3,92937.35,30979.11666666667,6.0,1.0,1.0,0.3333333333333333,0
C103234,209,2,33207.279,16603.6395,4.0,1.0,0.0,1.0,1
C109969,3,9,269096.563,29899.618111111107,6.0,0.0,1.0,0.6666666666666666,0
C107929,2,7,169676.695,24239.527857142857,8.0,1.0,1.0,0.5714285714285714,0
C111572,328,3,73594.3,24531.43333333333,4.0,1.0,0.0,0.6666666666666666,1
C101489,704,2,28584.419,14292.209499999999,7.0,2.0,0.0,0.5,1
C107225,54,1,37476.59,37476.59,9.0,2.0,0.0,0.0,0
C105654,5,6,82314.1475,13719.024583333334,13.0,4.0,0.0,0.8333333333333334,0
C104908,281,2,15460.341499999999,7730.170749999999,9.0,3.0,0.0,0.5,1
C103081,601,1,25085.08,25085.08,13.0,4.0,0.0,0.0,1
C100161,22,11,280422.3635,25492.942136363636,8.0,4.0,3.0,0.6363636363636364,0
C114966,609,3,21763.574,7254.524666666667,9.0,0.0,0.0,0.6666666666666666,1
C107726,150,2,57236.232,28618.116,8.0,1.0,0.0,0.5,1
C100466,37,8,133617.742,16702.21775,7.0,4.0,0.0,0.75,0
C105806,114,6,170215.841,28369.306833333332,8.0,3.0,2.0,0.8333333333333334,1
C105655,210,1,15512.14,15512.14,9.0,6.0,0.0,0.0,1
C106372,173,1,5069.06,5069.06,9.0,0.0,0.0,1.0,1
C110838,50,2,23075.34,11537.67,6.0,0.0,0.0,0.0,0
C107586,0,5,97300.928,19460.1856,12.0,3.0,1.0,0.4,0
C112860,364,4,48284.0405,12071.010125,10.0,3.0,0.0,0.5,1
C108630,5,10,215740.353,21574.0353,13.0,5.0,3.0,0.4,0
C111844,133,3,61196.985,20398.995,8.0,2.0,0.0,1.0,1
C108814,42,3,72052.3425,24017.4475,8.0,4.0,1.0,1.0,0
C101294,35,7,222324.868,31760.695428571427,12.0,3.0,3.0,0.7142857142857143,0
C103959,781,2,46835.494999999995,23417.747499999998,6.0,2.0,0.0,0.5,1
C103240,-1,3,52406.741,17468.913666666667,1.0,0.0,0.0,0.3333333333333333,0
C113804,50,4,81305.31700000001,20326.329250000003,12.0,3.0,0.0,0.25,0
C103000,63,3,55581.879,18527.293,8.0,1.0,1.0,0.6666666666666666,0
C103303,262,3,57272.5,19090.833333333332,7.0,1.0,0.0,0.6666666666666666,1
C104295,-1,4,71351.353,17837.83825,5.0,1.0,0.0,0.5,0
C112380,9,6,140064.7775,23344.12958333333,7.0,1.0,0.0,0.5,0
C109569,562,2,61202.723,30601.361500000003,9.0,1.0,0.0,1.0,1
C103794,24,5,112492.29550000001,22498.4591,5.0,3.0,0.0,0.8,0
C111438,520,1,16066.5995,16066.5995,18.0,5.0,0.0,1.0,1
C106004,143,2,24714.08,12357.04,12.0,4.0,0.0,0.0,1
C112217,159,3,33030.646,11010.215333333334,5.0,0.0,1.0,0.3333333333333333,1
C102262,3,3,112346.3235,37448.7745,8.0,2.0,0.0,0.6666666666666666,0
C104244,6,3,81153.18100000001,27051.06033333334,1.0,0.0,0.0,0.6666666666666666,0
C100853,340,7,192585.157,27512.165285714287,11.0,3.0,1.0,0.42857142857142855,1
C103734,50,5,244556.014,48911.20279999999,14.0,0.0,0.0,1.0,0
C112373,7,8,175331.5925,21916.4490625,9.0,6.0,0.0,0.625,0
C105263,18,3,66347.45999999999,22115.819999999996,4.0,1.0,1.0,0.0,0
C111108,25,2,101266.64,50633.32000000001,9.0,4.0,0.0,0.5,0
C104350,144,6,85322.616,14220.436,6.0,0.0,0.0,0.5,1
C114291,622,2,36836.728,18418.364,8.0,2.0,0.0,0.5,1
C105374,135,4,89813.43299999999,22453.35825,8.0,2.0,0.0,0.5,1
C103587,331,4,55697.965,13924.49125,8.0,1.0,0.0,0.5,1
C114540,67,2,49110.809,24555.4045,10.0,3.0,0.0,0.5,0
C101313,151,7,114934.943,16419.27757142857,8.0,3.0,0.0,0.42857142857142855,1
C106895,69,4,48867.0915,12216.772875,5.0,0.0,0.0,0.5,0
C114711,12,3,97664.7505,32554.916833333333,6.0,2.0,0.0,0.6666666666666666,0
C101423,137,3,41233.585,13744.528333333334,8.0,1.0,0.0,0.6666666666666666,1
C112379,52,3,48387.76,16129.253333333332,7.0,5.0,0.0,0.0,0
C114969,-1,5,95569.65,19113.93,12.0,3.0,2.0,0.6,0
C104257,111,6,106441.62,17740.27,8.0,3.0,0.0,0.6666666666666666,1
C104156,266,5,69983.6195,13996.7239,9.0,3.0,0.0,0.8,1
C111499,68,18,315581.3885,17532.299361111112,14.0,5.0,2.0,0.5555555555555556,0
C111571,132,2,39177.56,19588.780000000002,6.0,1.0,0.0,1.0,1
C110777,6,7,87071.3285,12438.761214285714,7.0,0.0,0.0,0.42857142857142855,0
C110743,139,1,7087.133,7087.133,7.0,3.0,0.0,1.0,1
C112749,35,14,402336.3135,28738.308107142857,10.0,3.0,4.0,0.5714285714285714,0
C103347,133,4,68386.9275,17096.731874999998,9.0,4.0,1.0,0.5,1
C100462,24,12,246333.6685,20527.805708333333,7.0,0.0,1.0,0.4166666666666667,0
C109581,466,2,25443.088000000003,12721.544000000002,5.0,0.0,0.0,0.5,1
C102325,62,3,80772.013,26924.004333333334,9.0,1.0,0.0,0.6666666666666666,0
C102773,10,3,97394.241,32464.747,2.0,0.0,0.0,0.3333333333333333,0
C108675,54,8,242755.2935,30344.4116875,2.0,1.0,3.0,0.5,0
C114670,140,2,41693.0375,20846.51875,10.0,0.0,0.0,0.5,1
C103962,83,2,11116.02,5558.01,12.0,5.0,0.0,1.0,0
C105353,0,4,94478.734,23619.6835,11.0,3.0,0.0,0.5,0
C100732,22,7,132030.7935,18861.541928571427,11.0,1.0,1.0,0.5714285714285714,0
C102630,26,2,45722.33,22861.165,6.0,3.0,0.0,0.0,0
C111478,85,9,199294.4725,22143.83027777778,8.0,2.0,0.0,0.5555555555555556,0
C106294,36,4,100626.60949999999,25156.652374999998,8.0,2.0,0.0,0.25,0
C100902,0,3,77420.906,25806.968666666668,7.0,2.0,0.0,0.6666666666666666,0
C102520,101,4,83848.375,20962.09375,11.0,4.0,1.0,0.75,1
C106085,138,1,34858.39,34858.39,8.0,1.0,0.0,0.0,1
C113475,565,1,35884.92,35884.92,12.0,4.0,0.0,0.0,1
C108245,196,4,54633.736000000004,13658.434000000001,15.0,7.0,0.0,0.75,1
C110345,6,5,77689.128,15537.8256,6.0,1.0,0.0,0.6,0
C101282,9,9,265690.385,29521.15388888889,10.0,4.0,1.0,0.6666666666666666,0
C109693,29,4,47725.493,11931.37325,13.0,4.0,0.0,0.75,0
C111371,6,11,243341.5115,22121.95559090909,10.0,5.0,2.0,0.8181818181818182,0
C109231,205,3,39400.173,13133.391000000001,8.0,5.0,1.0,0.6666666666666666,1
C107155,144,2,58425.553499999995,29212.776749999997,11.0,3.0,0.0,1.0,1
C111015,43,1,11941.992,11941.992,8.0,1.0,1.0,1.0,0
C108001,8,5,81442.5505,16288.5101,12.0,5.0,2.0,0.6,0
C114955,25,9,212631.6495,23625.738833333333,4.0,1.0,2.0,0.3333333333333333,0
C110338,38,1,26149.638,26149.638,12.0,4.0,1.0,1.0,0
C101797,194,1,6836.76,6836.76,8.0,4.0,1.0,0.0,1
C108702,14,10,151564.128,15156.4128,15.0,3.0,1.0,0.3,0
C113372,99,6,183261.333,30543.5555,8.0,1.0,0.0,0.5,1
C108673,2,4,63063.281,15765.82025,6.0,3.0,1.0,0.75,0
C112985,146,1,9663.97,9663.97,8.0,1.0,0.0,1.0,1
C106280,22,1,29924.6,29924.6,4.0,3.0,0.0,0.0,0
C111831,13,4,64868.0675,16217.016875,9.0,2.0,2.0,0.75,0
C110004,141,2,48816.1955,24408.09775,5.0,1.0,1.0,0.5,1
C103123,10,4,74790.49,18697.6225,11.0,0.0,1.0,0.5,0
C106928,117,1,58743.3545,58743.3545,7.0,3.0,0.0,1.0,1
C106576,112,1,18369.25,18369.25,7.0,2.0,0.0,0.0,1
C107421,257,1,71215.209,71215.209,9.0,2.0,1.0,1.0,1
C114740,22,2,34429.57,17214.785,13.0,3.0,1.0,0.0,0
C107843,94,8,165158.873,20644.859125000003,8.0,1.0,3.0,0.5,1
C101625,188,2,46597.222,23298.611,8.0,2.0,1.0,0.5,1
C111397,1,5,132285.1905,26457.038099999998,8.0,2.0,1.0,0.8,0
C105635,1,4,97132.11200000001,24283.028000000002,8.0,3.0,0.0,0.5,0
C113731,146,2,30405.600000000002,15202.800000000001,6.0,1.0,0.0,0.0,1
C107829,344,5,98793.0805,19758.616100000003,8.0,4.0,1.0,0.8,1
C110491,88,8,237619.85700000002,29702.482125000002,7.0,4.0,2.0,0.75,0
C110476,14,4,58832.984,14708.246,9.0,5.0,1.0,0.25,0
C113556,6,4,58324.87500000001,14581.21875,10.0,2.0,0.0,1.0,0
C105538,231,5,70410.527,14082.1054,12.0,2.0,0.0,0.8,1
C110675,30,1,35452.359000000004,35452.359000000004,9.0,2.0,0.0,1.0,0
C110296,96,1,13081.45,13081.45,9.0,3.0,0.0,0.0,1
C106239,0,4,92218.028,23054.507,6.0,3.0,1.0,0.75,0
C102371,-1,3,91830.20749999999,30610.069166666668,8.0,3.0,3.0,0.6666666666666666,0
C102649,28,7,236453.978,33779.13971428572,5.0,2.0,0.0,0.8571428571428571,0
C100858,9,2,40306.705,20153.3525,10.0,1.0,1.0,0.5,0
C101936,64,5,123798.8005,24759.7601,13.0,3.0,0.0,0.2,0
C114813,128,2,19663.9075,9831.95375,10.0,3.0,0.0,1.0,1
C112673,711,1,9500.764500000001,9500.764500000001,7.0,1.0,0.0,1.0,1
C112767,107,7,170083.0055,24297.572214285716,10.0,4.0,3.0,0.2857142857142857,1
C108202,125,1,39445.44,39445.44,6.0,3.0,0.0,0.0,1
C108061,117,1,18070.501,18070.501,5.0,3.0,0.0,1.0,1
C110263,237,1,22640.22,22640.22,9.0,3.0,0.0,0.0,1
C101169,615,2,8799.59,4399.795,10.0,5.0,0.0,0.0,1
C110205,259,2,59900.154,29950.077000000005,6.0,1.0,0.0,0.5,1
C101463,125,2,89217.706,44608.853,6.0,3.0,0.0,0.5,1
C105553,14,6,105983.7425,17663.95708333333,8.0,2.0,2.0,0.3333333333333333,0
C107549,156,6,105399.3735,17566.56225,11.0,5.0,2.0,0.6666666666666666,1
C100376,-1,5,59512.3745,11902.4749,16.0,4.0,0.0,0.6,0
C114210,6,5,76507.94200000001,15301.588399999999,11.0,2.0,0.0,0.2,0
C110547,244,2,56330.88,28165.44,7.0,1.0,0.0,0.0,1
C110840,30,1,9319.15,9319.15,6.0,2.0,1.0,0.0,0
C114869,85,3,44249.7535,14749.917833333333,7.0,3.0,0.0,1.0,0
C102206,150,3,21695.239999999998,7231.746666666666,10.0,1.0,1.0,0.0,1
C112222,324,4,41856.322499999995,10464.080624999999,2.0,1.0,0.0,1.0,1
C110805,0,4,47714.002,11928.500499999998,7.0,1.0,0.0,0.75,0
C114728,22,1,42746.04,42746.04,9.0,2.0,0.0,0.0,0
C113622,31,2,50273.133499999996,25136.566749999998,7.0,2.0,1.0,0.5,0
C100795,447,2,25231.2305,12615.615249999999,5.0,0.0,0.0,1.0,1
C104670,64,3,41126.502,13708.833999999997,9.0,2.0,0.0,1.0,0
C110593,150,1,12905.312,12905.312,9.0,3.0,0.0,1.0,1
C104759,10,6,96636.3375,16106.05625,7.0,1.0,1.0,0.6666666666666666,0
C112416,-1,2,21603.057,10801.5285,8.0,0.0,0.0,0.5,0
C109049,767,1,10187.705,10187.705,9.0,3.0,0.0,1.0,1
C102632,53,1,16541.23,16541.23,4.0,1.0,0.0,0.0,0
C101665,107,3,92263.753,30754.584333333332,10.0,2.0,0.0,0.3333333333333333,1
C102574,0,4,145227.494,36306.8735,14.0,3.0,2.0,0.25,0
C112034,533,1,16455.33,16455.33,9.0,3.0,0.0,0.0,1
C114867,805,2,19957.594,9978.797,16.0,6.0,0.0,1.0,1
C104090,157,7,177246.8785,25320.982642857143,7.0,2.0,0.0,0.42857142857142855,1
C107888,288,2,35328.45,17664.225,4.0,1.0,0.0,0.0,1
C111915,72,8,114739.3465,14342.4183125,9.0,2.0,1.0,0.875,0
C110785,193,2,16513.391,8256.6955,12.0,4.0,0.0,0.5,1
C101777,245,3,51537.852,17179.284,8.0,2.0,1.0,1.0,1
C110586,298,2,16294.219999999998,8147.109999999999,6.0,0.0,0.0,0.5,1
C101289,110,2,44342.53,22171.265,8.0,3.0,2.0,0.0,1
C101758,336,2,144192.72,72096.36,10.0,5.0,0.0,0.0,1
C107296,496,2,37016.5065,18508.253249999998,4.0,2.0,0.0,1.0,1
C107882,25,4,132454.4055,33113.601375,10.0,3.0,1.0,0.75,0
C107653,108,6,67398.023,11233.003833333334,6.0,4.0,2.0,0.3333333333333333,1
C109573,3,5,69744.4405,13948.8881,9.0,5.0,1.0,0.4,0
C114204,375,3,34663.136,11554.378666666666,4.0,2.0,0.0,0.3333333333333333,1
C104580,10,6,180009.876,30001.645999999997,7.0,4.0,0.0,0.5,0
C103557,294,4,102230.35399999999,25557.588499999998,9.0,3.0,2.0,0.75,1
C112237,7,1,34206.38,34206.38,6.0,0.0,0.0,0.0,0
C108494,11,1,66432.9,66432.9,10.0,2.0,1.0,0.0,0
C101682,139,1,52721.694,52721.694,9.0,1.0,0.0,1.0,1
C103935,15,5,120635.917,24127.1834,11.0,1.0,2.0,0.6,0
C100395,-1,5,131645.164,26329.032799999997,2.0,2.0,1.0,0.6,0
C112583,68,3,95548.6765,31849.558833333333,8.0,1.0,1.0,0.6666666666666666,0
C112885,2,6,100598.765,16766.460833333334,7.0,4.0,0.0,0.16666666666666666,0
C112433,352,3,60804.3215,20268.10716666667,3.0,1.0,0.0,0.6666666666666666,1
C105084,64,3,30596.785499999998,10198.9285,9.0,3.0,0.0,1.0,0
C111269,111,2,28715.9015,14357.95075,7.0,1.0,0.0,0.5,1
C103754,3,5,107216.001,21443.2002,6.0,2.0,1.0,0.8,0
C104871,3,3,39985.078,13328.359333333334,8.0,4.0,1.0,0.6666666666666666,0
C106421,300,2,14190.5235,7095.261750000001,7.0,2.0,0.0,1.0,1
C100916,3,5,82553.594,16510.7188,8.0,2.0,0.0,0.6,0
C112258,57,4,70949.9815,17737.495375,10.0,5.0,0.0,0.5,0
C109949,42,3,75511.095,25170.365,6.0,3.0,0.0,0.6666666666666666,0
C113595,19,3,33104.5265,11034.842166666667,12.0,4.0,0.0,0.6666666666666666,0
C112302,60,5,83355.57699999999,16671.1154,11.0,3.0,0.0,0.4,0
C100490,416,3,48544.148,16181.382666666666,9.0,1.0,0.0,0.3333333333333333,1
C114419,16,2,13773.504,6886.752,6.0,3.0,0.0,1.0,0
C113904,20,5,56976.309,11395.2618,8.0,4.0,2.0,0.4,0
C108961,17,19,484125.648,25480.297263157892,13.0,5.0,4.0,0.47368421052631576,0
C100000,255,3,63278.090000000004,21092.69666666667,13.0,4.0,0.0,0.3333333333333333,1
C103192,107,3,73833.80900000001,24611.26966666667,9.0,2.0,0.0,0.3333333333333333,1
C108894,74,7,112115.083,16016.440428571428,7.0,4.0,2.0,0.7142857142857143,0
C111697,44,5,145659.63749999998,29131.9275,8.0,2.0,2.0,0.4,0
C109084,82,1,7562.14,7562.14,8.0,3.0,0.0,0.0,0
C114689,25,6,82757.305,13792.884166666665,8.0,1.0,1.0,0.6666666666666666,0
C114839,67,4,77078.87950000001,19269.719875,8.0,2.0,2.0,0.5,0
C112245,6,13,228532.91150000002,17579.45473076923,8.0,4.0,5.0,0.6923076923076923,0
C101466,6,2,76657.52,38328.759999999995,6.0,2.0,1.0,0.0,0
C103403,118,3,31050.873000000003,10350.291000000001,5.0,2.0,1.0,1.0,1
C104408,163,2,44727.3625,22363.68125,8.0,0.0,0.0,1.0,1
C102349,229,3,40283.349,13427.783000000001,4.0,1.0,1.0,0.6666666666666666,1
C106154,4,4,73203.517,18300.87925,10.0,3.0,1.0,0.75,0
C106945,24,5,105321.4575,21064.2915,12.0,1.0,0.0,0.4,0
C107841,12,3,12295.931499999999,4098.643833333333,10.0,1.0,0.0,0.6666666666666666,0
C100616,804,2,21873.464999999997,10936.732499999998,5.0,2.0,0.0,1.0,1
C103359,51,2,36399.373999999996,18199.686999999998,8.0,2.0,2.0,0.5,0
C105327,238,2,50782.3105,25391.15525,11.0,4.0,0.0,1.0,1
C109020,352,1,4300.824,4300.824,8.0,2.0,0.0,1.0,1
C106629,95,5,53953.314999999995,10790.662999999999,8.0,3.0,1.0,0.6,1
C107317,67,1,30978.129999999997,30978.129999999997,9.0,1.0,0.0,0.0,0
C109618,57,2,59992.928,29996.464,6.0,3.0,0.0,0.5,0
C110256,4,4,67419.5135,16854.878375,9.0,3.0,0.0,0.25,0
C102096,31,4,72463.275,18115.81875,10.0,2.0,0.0,0.75,0
C104919,-1,2,22812.438000000002,11406.219000000001,4.0,1.0,1.0,0.5,0
C112114,14,6,93584.547,15597.424500000001,1.0,0.0,3.0,0.8333333333333334,0
C101243,86,3,64276.0,21425.333333333332,8.0,2.0,0.0,0.6666666666666666,0
C110201,1,5,98431.446,19686.289200000003,7.0,0.0,0.0,1.0,0
C113129,194,1,11376.37,11376.37,7.0,3.0,0.0,0.0,1
C102214,1,6,119249.2265,19874.871083333335,13.0,1.0,1.0,0.8333333333333334,0
C104630,103,5,91770.579,18354.1158,5.0,2.0,1.0,0.2,1
C111014,432,1,31149.120000000003,31149.120000000003,8.0,2.0,0.0,0.0,1
C113830,5,3,71599.338,23866.446,11.0,5.0,0.0,0.3333333333333333,0
C105680,500,1,13968.816,13968.816,9.0,1.0,0.0,1.0,1
C113628,239,2,71158.857,35579.428499999995,10.0,5.0,1.0,0.5,1
C100668,196,1,2816.7,2816.7,7.0,2.0,0.0,0.0,1
C103074,0,3,73886.70499999999,24628.90166666666,10.0,4.0,0.0,0.3333333333333333,0
C109660,745,1,10239.41,10239.41,3.0,0.0,0.0,0.0,1
C101075,54,1,24894.74,24894.74,13.0,4.0,0.0,0.0,0
C106901,48,1,5815.21,5815.21,4.0,0.0,0.0,0.0,0
C104852,387,5,50449.888000000006,10089.9776,9.0,4.0,0.0,0.4,1
C111004,6,4,116609.69900000001,29152.42475,9.0,3.0,0.0,1.0,0
C108448,23,5,110727.59,22145.518,5.0,2.0,1.0,0.0,0
C109235,32,3,74143.44,24714.48,7.0,0.0,1.0,1.0,0
C102275,47,10,196164.64049999998,19616.46405,9.0,2.0,3.0,0.5,0
C107741,453,2,58964.96,29482.480000000003,7.0,0.0,1.0,0.5,1
C104606,15,1,29938.29,29938.29,10.0,5.0,0.0,0.0,0
C100386,344,1,14262.122,14262.122,6.0,1.0,1.0,1.0,1
C111228,9,6,133498.13199999998,22249.688666666665,7.0,1.0,0.0,0.16666666666666666,0
C109300,59,4,74869.75,18717.4375,8.0,4.0,0.0,0.25,0
C107654,264,6,119219.019,19869.8365,10.0,4.0,0.0,0.16666666666666666,1
C100583,4,6,137591.1295,22931.854916666663,6.0,3.0,0.0,0.5,0
C111769,793,1,1812.4099999999999,1812.4099999999999,6.0,2.0,0.0,1.0,1
C106099,13,8,205980.6185,25747.5773125,9.0,3.0,3.0,0.875,0
C105695,4,6,142008.189,23668.0315,8.0,0.0,1.0,0.6666666666666666,0
C110640,431,3,124153.493,41384.49766666667,5.0,1.0,2.0,0.3333333333333333,1
C106235,52,2,16365.849999999999,8182.924999999999,8.0,1.0,1.0,0.0,0
C112087,2,7,150572.229,21510.318428571427,5.0,0.0,2.0,0.42857142857142855,0
C104736,177,3,45202.90550000001,15067.635166666669,10.0,3.0,0.0,0.6666666666666666,1
C111188,528,1,24930.907,24930.907,7.0,0.0,0.0,1.0,1
C103055,38,4,233009.92599999998,58252.481499999994,5.0,2.0,0.0,0.75,0
C111331,59,7,210377.762,30053.965999999997,8.0,3.0,2.0,0.2857142857142857,0
C107956,24,3,49892.182,16630.727333333332,9.0,1.0,0.0,0.3333333333333333,0
C101513,44,4,84202.996,21050.749,10.0,4.0,0.0,0.25,0
C113680,35,4,57525.3395,14381.334875,10.0,0.0,0.0,0.5,0
C104758,15,6,124621.3395,20770.22325,9.0,4.0,1.0,0.5,0
C114482,31,6,102885.6915,17147.61525,12.0,2.0,1.0,0.5,0
C107634,105,4,104216.754,26054.1885,6.0,2.0,0.0,0.5,1
C105725,62,5,161975.554,32395.110800000002,6.0,3.0,2.0,1.0,0
C102300,27,6,140731.5475,23455.257916666666,7.0,1.0,1.0,0.8333333333333334,0
C101126,19,2,37313.502,18656.751,13.0,4.0,1.0,1.0,0
C104446,34,5,130918.025,26183.605,7.0,2.0,0.0,0.2,0
C111315,17,10,197749.305,19774.9305,8.0,2.0,4.0,0.6,0
C105778,318,4,96186.806,24046.7015,6.0,1.0,2.0,0.25,1
C108859,233,3,117650.43050000002,39216.81016666667,9.0,4.0,1.0,1.0,1
C109740,104,2,56720.98449999999,28360.492249999996,5.0,0.0,2.0,1.0,1
C100635,28,2,44107.92,22053.96,9.0,4.0,1.0,0.0,0
C109731,279,2,56635.176,28317.588000000003,7.0,1.0,1.0,0.5,1
C110764,140,1,7285.08,7285.08,14.0,5.0,0.0,0.0,1
C109387,8,12,307583.5565,25631.963041666666,9.0,1.0,2.0,0.5,0
C113972,294,5,135374.392,27074.878399999998,7.0,2.0,0.0,1.0,1
C114920,13,3,72832.303,24277.434333333338,3.0,0.0,0.0,0.3333333333333333,0
C101198,131,3,33172.656,11057.552000000001,6.0,0.0,1.0,0.6666666666666666,1
C103220,50,9,197230.631,21914.514555555554,7.0,3.0,1.0,0.2222222222222222,0
C102428,143,2,87496.91500000001,43748.457500000004,15.0,5.0,0.0,0.5,1
C108548,499,1,11523.84,11523.84,8.0,3.0,0.0,0.0,1
C104843,37,3,15207.9335,5069.311166666666,11.0,5.0,0.0,1.0,0
C101163,40,3,47844.965000000004,15948.321666666669,6.0,2.0,0.0,0.3333333333333333,0
C107734,18,8,170396.44150000002,21299.555187500002,8.0,3.0,1.0,0.25,0
C110079,276,1,61569.062999999995,61569.062999999995,3.0,0.0,0.0,1.0,1
C107308,340,3,93731.677,31243.892333333333,6.0,0.0,0.0,0.6666666666666666,1
C106140,20,4,107504.79299999999,26876.198249999998,9.0,2.0,1.0,1.0,0
C106877,160,1,9074.286000000002,9074.286000000002,7.0,3.0,0.0,1.0,1
C114213,90,2,29199.321,14599.6605,10.0,3.0,1.0,1.0,0
C113620,484,2,30510.528,15255.264,7.0,2.0,1.0,0.5,1
C100685,525,1,29405.6,29405.6,9.0,3.0,0.0,0.0,1
C100888,191,3,73084.69,24361.563333333335,11.0,3.0,0.0,0.6666666666666666,1
C106013,238,3,36345.585,12115.195,8.0,0.0,0.0,0.6666666666666666,1
C104416,23,2,46729.818,23364.909,5.0,3.0,1.0,1.0,0
C100119,391,1,8109.252,8109.252,9.0,3.0,0.0,1.0,1
C102285,80,2,60760.604499999994,30380.30225,16.0,5.0,0.0,0.5,0
C109800,172,2,85040.0705,42520.03525,10.0,0.0,0.0,1.0,1
C114604,313,3,40142.404500000004,13380.801500000001,9.0,2.0,1.0,0.6666666666666666,1
C107177,636,1,14785.605000000001,14785.605000000001,12.0,6.0,0.0,1.0,1
C109412,123,2,17777.909,8888.9545,12.0,3.0,0.0,1.0,1
C103224,151,7,115813.859,16544.837,14.0,4.0,0.0,0.42857142857142855,1
C114123,22,12,236536.849,19711.40408333333,7.0,1.0,2.0,0.5833333333333334,0
C104892,12,5,141863.152,28372.630400000002,7.0,3.0,1.0,0.4,0
C108467,184,1,13421.8375,13421.8375,9.0,2.0,0.0,1.0,1
C109977,49,3,113159.2105,37719.736833333336,11.0,6.0,0.0,0.6666666666666666,0
C113567,353,1,7441.929,7441.929,8.0,1.0,0.0,1.0,1
C109087,11,6,187626.6255,31271.104250000004,7.0,2.0,1.0,0.8333333333333334,0
C110690,3,7,200029.7595,28575.679928571426,11.0,1.0,2.0,0.42857142857142855,0
C105858,234,2,15577.378,7788.688999999999,6.0,2.0,0.0,0.5,1
C110811,99,4,47294.7345,11823.683625,11.0,3.0,1.0,0.5,1
C104041,24,1,5454.15,5454.15,8.0,2.0,0.0,0.0,0
C106894,11,10,229536.6815,22953.66815,11.0,2.0,0.0,0.6,0
C109868,97,2,19580.3035,9790.151749999999,12.0,2.0,1.0,1.0,1
C107322,79,12,316063.211,26338.600916666666,5.0,1.0,2.0,0.5833333333333334,0
C103603,8,2,15941.263,7970.6315,12.0,5.0,1.0,0.5,0
C113236,12,6,107280.289,17880.048166666667,16.0,4.0,1.0,0.3333333333333333,0
C110486,11,7,103319.55900000001,14759.937000000002,9.0,1.0,1.0,0.5714285714285714,0
C102453,124,5,104639.9635,20927.9927,8.0,1.0,1.0,0.2,1
C105794,94,6,100431.382,16738.56366666667,10.0,3.0,1.0,0.5,1
C111996,197,3,65591.58799999999,21863.862666666664,5.0,2.0,0.0,0.3333333333333333,1
C112176,4,13,332411.664,25570.128,13.0,3.0,4.0,0.46153846153846156,0
C109943,68,1,13561.992,13561.992,13.0,1.0,0.0,1.0,0
C108161,41,3,61952.251000000004,20650.750333333333,6.0,2.0,0.0,0.6666666666666666,0
C110253,41,7,70513.1925,10073.313214285716,10.0,1.0,1.0,0.7142857142857143,0
C100932,72,9,186316.40050000002,20701.822277777777,10.0,2.0,3.0,0.6666666666666666,0
C111974,17,2,24056.786,12028.393,6.0,3.0,0.0,0.5,0
C106761,463,3,26335.027000000002,8778.342333333334,6.0,2.0,0.0,1.0,1
C114533,21,5,85044.7285,17008.9457,16.0,5.0,1.0,0.8,0
C101773,539,2,54705.1065,27352.55325,9.0,3.0,0.0,0.5,1
C111111,2,5,131398.127,26279.6254,3.0,0.0,1.0,0.6,0
C103057,205,3,57119.5005,19039.8335,11.0,3.0,1.0,0.3333333333333333,1
C107085,1,6,140222.1915,23370.365250000003,10.0,1.0,0.0,0.6666666666666666,0
C102835,36,3,23533.8055,7844.601833333333,14.0,4.0,0.0,0.6666666666666666,0
C113330,704,1,26525.320499999994,26525.320499999994,9.0,2.0,0.0,1.0,1
C111453,10,1,19851.93,19851.93,7.0,2.0,0.0,0.0,0
C109390,145,1,2163.69,2163.69,10.0,2.0,1.0,0.0,1
C109898,68,2,24224.972,12112.486,5.0,1.0,0.0,0.5,0
C107185,105,4,34252.092000000004,8563.023000000001,7.0,2.0,1.0,0.5,1
C100404,12,4,85931.85,21482.962499999998,8.0,3.0,1.0,0.25,0
C111782,1,3,92249.5465,30749.848833333333,8.0,1.0,1.0,0.6666666666666666,0
C112612,29,4,73353.607,18338.40175,9.0,1.0,1.0,0.75,0
C100554,16,3,73056.92800000001,24352.309333333338,6.0,1.0,1.0,0.6666666666666666,0
C103141,609,1,1201.1,1201.1,9.0,4.0,0.0,0.0,1
C100632,4,2,57068.559499999996,28534.279749999998,9.0,4.0,0.0,0.5,0
C109205,77,6,106325.6205,17720.936749999997,3.0,2.0,1.0,0.3333333333333333,0
C100241,91,2,77898.789,38949.394499999995,8.0,2.0,0.0,1.0,1
C101298,99,3,88297.76449999999,29432.588166666665,3.0,2.0,0.0,1.0,1
C101334,84,2,22852.83,11426.415,5.0,1.0,0.0,0.0,0
C110728,11,2,42491.613,21245.8065,13.0,3.0,0.0,0.5,0
C106406,10,5,85415.651,17083.1302,12.0,3.0,1.0,0.6,0
C114409,523,1,10541.48,10541.48,11.0,4.0,1.0,0.0,1
C109571,27,8,160150.4915,20018.8114375,6.0,1.0,1.0,0.75,0
C111127,41,5,108681.0245,21736.2049,7.0,3.0,1.0,0.6,0
C112397,523,2,20095.74,10047.87,5.0,3.0,1.0,0.5,1
C114976,11,1,21340.08,21340.08,10.0,2.0,0.0,0.0,0
C112224,152,5,61769.5675,12353.9135,8.0,1.0,0.0,0.4,1
C105722,26,4,65494.776000000005,16373.694000000001,10.0,1.0,0.0,0.75,0
C108997,81,2,60731.911,30365.9555,8.0,0.0,2.0,1.0,0
C100464,237,1,59767.093499999995,59767.093499999995,6.0,1.0,0.0,1.0,1
C104960,106,6,97230.8385,16205.13975,8.0,3.0,0.0,0.8333333333333334,1
C102854,637,3,89870.437,29956.812333333335,6.0,1.0,0.0,1.0,1
C101258,88,1,13360.913999999999,13360.913999999999,6.0,1.0,0.0,1.0,0
C114559,89,4,119829.643,29957.410750000003,9.0,0.0,1.0,0.25,0
C112843,233,3,72942.85,24314.283333333336,9.0,2.0,0.0,0.0,1
C108441,44,4,49702.4255,12425.606375,7.0,1.0,0.0,0.5,0
C102023,109,4,126313.68599999999,31578.421499999997,9.0,1.0,1.0,0.5,1
C108668,219,3,54402.6465,18134.215500000002,7.0,0.0,0.0,0.6666666666666666,1
C100183,134,3,100958.95,33652.98333333334,8.0,2.0,0.0,0.0,1
C113640,23,9,136001.0935,15111.23261111111,2.0,0.0,1.0,0.6666666666666666,0
C100068,550,1,20765.07,20765.07,9.0,1.0,0.0,0.0,1
C109891,666,4,32114.914000000004,8028.728500000001,7.0,2.0,0.0,0.75,1
C112502,295,2,48083.447499999995,24041.723749999997,7.0,2.0,0.0,0.5,1
C104359,54,3,52669.728,17556.576,10.0,3.0,0.0,1.0,0
C107644,119,1,36123.674,36123.674,13.0,5.0,0.0,1.0,1
C105653,598,1,16047.115999999998,16047.115999999998,6.0,1.0,0.0,1.0,1
C103531,133,9,288644.8915,32071.654611111113,9.0,2.0,1.0,0.7777777777777778,1
C103097,31,5,155404.752,31080.9504,8.0,1.0,1.0,0.2,0
C100043,205,10,201989.61,20198.961,7.0,0.0,0.0,0.5,1
C113370,220,2,39951.95,19975.975,8.0,2.0,0.0,0.0,1
C100573,27,5,59037.0235,11807.404700000001,8.0,2.0,1.0,0.6,0
C112438,681,2,73400.88149999999,36700.44075,3.0,0.0,0.0,0.5,1
C111017,12,8,233217.1755,29152.1469375,7.0,0.0,1.0,0.5,0
C102227,232,5,77693.844,15538.768800000002,7.0,2.0,1.0,0.4,1
C100914,19,3,58619.632000000005,19539.877333333334,15.0,4.0,0.0,1.0,0
C102738,72,3,60767.0015,20255.66716666667,2.0,2.0,1.0,0.6666666666666666,0
C111731,116,6,102291.763,17048.62716666667,10.0,2.0,2.0,0.5,1
C102846,41,2,87831.45449999999,43915.727249999996,7.0,1.0,0.0,0.5,0
C100711,255,3,54707.209,18235.736333333334,12.0,1.0,0.0,0.3333333333333333,1
C101183,48,6,147674.8715,24612.478583333334,13.0,4.0,2.0,0.5,0
C106417,170,2,51277.342000000004,25638.671000000002,6.0,4.0,0.0,0.5,1
C111523,35,1,12056.16,12056.16,6.0,2.0,0.0,0.0,0
C105953,171,3,89544.44,29848.146666666667,4.0,1.0,1.0,0.0,1
C101941,0,5,82073.507,16414.701399999998,8.0,4.0,1.0,1.0,0
C111314,16,7,180435.552,25776.50742857143,5.0,1.0,3.0,0.5714285714285714,0
C108049,50,6,139639.7165,23273.286083333336,8.0,1.0,2.0,0.8333333333333334,0
C108306,31,5,147804.1925,29560.8385,5.0,0.0,1.0,0.6,0
C105981,105,2,94681.63,47340.815,7.0,3.0,0.0,0.5,1
C111532,0,1,8450.15,8450.15,10.0,3.0,0.0,0.0,0
C100353,4,5,114519.0375,22903.807500000003,10.0,2.0,2.0,0.8,0
C113478,62,2,69208.5385,34604.26925,9.0,3.0,0.0,1.0,0
C106505,223,1,17432.955,17432.955,13.0,4.0,0.0,1.0,1
C112041,77,5,113345.59300000001,22669.1186,7.0,1.0,0.0,0.4,0
C102435,395,2,80009.82400000001,40004.912000000004,5.0,2.0,1.0,0.5,1
C113255,76,4,55057.636000000006,13764.409000000001,10.0,2.0,0.0,0.75,0
C108900,82,6,90180.3735,15030.06225,7.0,2.0,0.0,0.8333333333333334,0
C110600,244,3,78958.671,26319.557,10.0,4.0,1.0,0.6666666666666666,1
C111575,9,6,54453.298500000004,9075.54975,10.0,4.0,1.0,0.6666666666666666,0
C102471,164,1,56957.9245,56957.9245,9.0,3.0,0.0,1.0,1
C100777,0,2,27860.535,13930.267500000002,5.0,1.0,0.0,1.0,0
C110405,366,4,95581.0155,23895.253875,10.0,3.0,0.0,0.75,1
C100026,55,4,60844.7555,15211.188875,11.0,0.0,1.0,0.25,0
C104515,11,4,78895.2415,19723.810375,8.0,2.0,0.0,0.5,0
C109436,186,3,156120.976,52040.32533333334,11.0,4.0,0.0,0.6666666666666666,1
C110016,30,5,63665.953499999996,12733.1907,4.0,1.0,0.0,0.2,0
C102213,114,4,79594.5995,19898.649875,10.0,3.0,1.0,0.5,1
C101917,7,4,119004.7225,29751.180625,7.0,4.0,0.0,0.75,0
C108912,34,4,41522.943999999996,10380.736,14.0,4.0,0.0,1.0,0
C101350,31,6,174995.91150000002,29165.98525,12.0,2.0,1.0,0.5,0
C101715,169,4,80012.366,20003.0915,4.0,1.0,0.0,1.0,1
C114908,145,4,102566.02549999999,25641.506374999997,7.0,1.0,1.0,0.5,1
C103275,35,7,185516.539,26502.36271428571,7.0,1.0,1.0,0.2857142857142857,0
C104206,4,5,117309.752,23461.9504,8.0,5.0,0.0,0.8,0
C110503,30,5,105677.37099999998,21135.474199999997,6.0,4.0,0.0,0.4,0
C106673,137,16,314244.879,19640.3049375,13.0,2.0,1.0,0.625,1
C103994,270,1,20858.52,20858.52,8.0,2.0,0.0,0.0,1
C103697,155,3,78565.187,26188.395666666667,5.0,0.0,0.0,0.6666666666666666,1
C100171,73,1,33126.633,33126.633,2.0,2.0,0.0,1.0,0
C102605,280,4,71302.004,17825.501,9.0,3.0,1.0,0.75,1
C105260,620,1,12379.05,12379.05,5.0,2.0,0.0,0.0,1
C100471,195,1,30420.36,30420.36,11.0,4.0,0.0,1.0,1
C113838,0,3,28658.929000000004,9552.976333333334,1.0,1.0,0.0,0.3333333333333333,0
C104536,95,2,53575.679000000004,26787.839500000002,11.0,3.0,1.0,1.0,1
C107362,44,3,55752.5615,18584.187166666667,7.0,4.0,0.0,0.6666666666666666,0
C107986,83,4,56368.145000000004,14092.036250000001,10.0,4.0,1.0,0.5,0
C107113,10,4,97978.717,24494.67925,8.0,2.0,0.0,0.25,0
C107165,2,4,66068.563,16517.14075,9.0,3.0,0.0,0.75,0
C106969,174,1,40198.48,40198.48,7.0,5.0,0.0,0.0,1
C110402,51,5,144766.046,28953.2092,10.0,2.0,1.0,0.8,0
C113559,89,1,18339.8925,18339.8925,9.0,4.0,0.0,1.0,0
C100828,468,1,59194.44900000001,59194.44900000001,11.0,4.0,0.0,1.0,1
C104103,200,3,57676.9005,19225.6335,7.0,1.0,1.0,0.6666666666666666,1
C102887,3,5,112391.02,22478.204,14.0,2.0,0.0,0.4,0
C111384,509,3,57362.1625,19120.720833333333,11.0,6.0,1.0,1.0,1
C106813,37,1,37433.4675,37433.4675,9.0,3.0,0.0,1.0,0
C103415,244,2,49226.38249999999,24613.191249999996,5.0,1.0,1.0,0.5,1
C111254,630,1,22560.0,22560.0,9.0,4.0,0.0,0.0,1
C101720,172,4,72324.725,18081.18125,4.0,0.0,1.0,0.5,1
C112792,280,1,16938.68,16938.68,4.0,0.0,0.0,1.0,1
C111440,217,2,25959.88,12979.94,10.0,2.0,0.0,0.0,1
C102713,149,5,93228.4605,18645.6921,8.0,1.0,2.0,0.6,1
C100418,113,4,90139.725,22534.93125,8.0,3.0,1.0,0.75,1
C109312,49,9,162976.851,18108.539,8.0,2.0,3.0,0.8888888888888888,0
C106657,27,3,68666.533,22888.84433333333,2.0,0.0,3.0,1.0,0
C100283,167,1,11491.789999999999,11491.789999999999,7.0,3.0,0.0,0.0,1
C105900,47,2,126518.7115,63259.35575,6.0,4.0,2.0,0.5,0
C106471,283,3,68983.2175,22994.405833333334,14.0,6.0,1.0,0.6666666666666666,1
C110011,135,3,58308.152,19436.050666666666,6.0,1.0,0.0,0.3333333333333333,1
C104821,103,4,74484.695,18621.17375,8.0,2.0,2.0,0.75,1
C113295,26,2,34701.229,17350.6145,8.0,3.0,0.0,0.5,0
C104881,531,1,29580.021,29580.021,6.0,2.0,1.0,1.0,1
C102123,155,1,18392.99,18392.99,12.0,2.0,0.0,0.0,1
C109654,19,1,9232.072,9232.072,6.0,2.0,0.0,1.0,0
C103728,27,6,130728.884,21788.147333333334,5.0,2.0,2.0,0.6666666666666666,0
C100272,481,3,67850.60800000001,22616.869333333336,6.0,1.0,2.0,0.6666666666666666,1
C105408,65,14,231433.8195,16530.987107142857,10.0,3.0,1.0,0.35714285714285715,0
C112215,50,6,142158.906,23693.150999999998,3.0,1.0,2.0,0.8333333333333334,0
C112206,72,7,53944.234000000004,7706.319142857144,8.0,2.0,1.0,0.8571428571428571,0
C106488,20,3,56819.156,18939.718666666668,6.0,2.0,1.0,0.3333333333333333,0
C110894,11,5,106322.7705,21264.5541,11.0,3.0,0.0,0.2,0
C100412,476,1,25822.18,25822.18,8.0,2.0,0.0,0.0,1
C104377,239,8,163974.2845,20496.7855625,13.0,2.0,1.0,0.5,1
C102945,21,2,30704.073,15352.0365,4.0,0.0,0.0,0.5,0
C106389,899,1,11590.596000000001,11590.596000000001,10.0,3.0,0.0,1.0,1
C114164,111,4,70358.626,17589.656499999997,10.0,0.0,0.0,0.75,1
C103184,15,3,63840.9465,21280.3155,10.0,1.0,0.0,0.6666666666666666,0
C101524,211,2,16777.58,8388.79,10.0,5.0,0.0,0.0,1
C100042,200,3,27546.481,9182.160333333333,9.0,0.0,1.0,0.3333333333333333,1
C107616,55,5,70585.283,14117.0566,11.0,4.0,2.0,0.2,0
C101526,281,2,18203.7,9101.85,7.0,0.0,0.0,0.0,1
C108010,20,6,119224.92850000001,19870.821416666666,6.0,2.0,1.0,0.6666666666666666,0
C107181,453,1,24192.917999999998,24192.917999999998,10.0,3.0,0.0,1.0,1
C104648,376,2,47494.886,23747.443,11.0,4.0,0.0,0.5,1
C114183,96,2,25215.803999999996,12607.901999999998,12.0,3.0,0.0,0.5,1
C114616,55,1,18960.252999999997,18960.252999999997,9.0,2.0,0.0,1.0,0
C107244,95,2,27912.1845,13956.09225,6.0,2.0,1.0,0.5,1
C112995,114,2,17285.626,8642.813,5.0,0.0,0.0,0.5,1
C101040,39,5,182457.268,36491.4536,5.0,1.0,1.0,0.2,0
C109883,210,3,67444.3065,22481.435500000003,9.0,3.0,1.0,1.0,1
C109035,39,4,115129.583,28782.395749999996,9.0,2.0,2.0,0.5,0
C110488,25,5,61400.159999999996,12280.032,7.0,1.0,0.0,0.6,0
C109147,241,4,57706.1095,14426.527375000001,12.0,5.0,0.0,0.25,1
C111634,103,3,98539.924,32846.64133333333,12.0,1.0,2.0,0.6666666666666666,1
C105227,44,3,23650.652000000002,7883.550666666667,8.0,3.0,0.0,0.6666666666666666,0
C103149,17,4,102701.9525,25675.488125000003,6.0,1.0,0.0,0.75,0
C112171,188,3,70134.9105,23378.303499999998,7.0,0.0,0.0,1.0,1
C101024,291,2,14172.6595,7086.32975,8.0,3.0,0.0,0.5,1
C110478,5,3,95673.0125,31891.004166666666,7.0,1.0,1.0,0.6666666666666666,0
C113633,3,2,49536.58,24768.29,6.0,4.0,0.0,0.0,0
C113267,67,3,68267.874,22755.958000000002,8.0,3.0,0.0,0.3333333333333333,0
C112367,16,3,21519.8975,7173.299166666667,11.0,3.0,0.0,0.3333333333333333,0
C103642,23,3,55434.108,18478.036,12.0,1.0,0.0,0.6666666666666666,0
C103936,422,1,37276.032,37276.032,8.0,5.0,1.0,1.0,1
C103197,664,2,39972.148499999996,19986.074249999998,10.0,4.0,0.0,0.5,1
C107191,191,4,80036.3715,20009.092875000002,11.0,3.0,2.0,0.25,1
C111257,306,4,147987.812,36996.953,7.0,1.0,1.0,0.25,1
C113106,22,8,120006.1145,15000.7643125,3.0,1.0,2.0,0.625,0
C106371,29,6,103069.54950000001,17178.258250000003,7.0,6.0,2.0,0.8333333333333334,0
C106218,15,2,39689.059499999996,19844.529749999998,6.0,2.0,0.0,1.0,0
C101721,551,1,5262.903,5262.903,7.0,1.0,0.0,1.0,1
C113743,31,5,39126.095499999996,7825.219099999999,10.0,2.0,1.0,0.6,0
C101986,399,2,23000.914999999997,11500.4575,6.0,4.0,0.0,0.5,1
C100531,352,2,28535.592,14267.796,9.0,4.0,1.0,1.0,1
C101630,475,2,41822.25,20911.125,6.0,1.0,0.0,0.0,1
C107856,352,1,22931.052499999998,22931.052499999998,10.0,2.0,0.0,1.0,1
C108588,44,2,70053.4375,35026.71875,8.0,4.0,0.0,0.5,0
C111574,69,3,147426.766,49142.255333333334,9.0,2.0,0.0,0.6666666666666666,0
C106529,67,5,94425.54000000001,18885.108,12.0,2.0,0.0,0.2,0
C109975,145,3,30869.932,10289.977333333334,9.0,3.0,1.0,1.0,1
C107223,201,4,103973.75,25993.4375,9.0,2.0,0.0,0.0,1
C114328,113,6,132667.202,22111.20033333333,9.0,2.0,1.0,0.6666666666666666,1
C107075,86,4,135694.6965,33923.674125000005,8.0,3.0,1.0,0.5,0
C113382,72,1,44391.636,44391.636,3.0,0.0,0.0,1.0,0
C106120,187,3,59704.161,19901.387,11.0,3.0,0.0,0.3333333333333333,1
C108609,9,3,26927.095,8975.698333333334,7.0,1.0,0.0,0.3333333333333333,0
C110506,588,1,9434.916000000001,9434.916000000001,5.0,0.0,0.0,1.0,1
C109503,154,2,22994.0715,11497.03575,9.0,2.0,0.0,1.0,1
C107760,-1,8,125531.8065,15691.475812499999,9.0,2.0,1.0,0.75,0
C101448,77,5,87493.768,17498.753600000004,5.0,1.0,0.0,0.6,0
C105867,43,9,160378.059,17819.784333333333,10.0,2.0,2.0,0.5555555555555556,0
C110896,5,8,208053.47,26006.683750000004,9.0,2.0,1.0,0.5,0
C102792,58,1,18585.55,18585.55,12.0,7.0,0.0,0.0,0
C114721,16,1,9217.75,9217.75,6.0,4.0,0.0,0.0,0
C114841,318,1,7133.760000000001,7133.760000000001,8.0,1.0,0.0,1.0,1
C112179,158,2,1028.6495,514.32475,11.0,2.0,0.0,1.0,1
C105582,237,1,33014.888999999996,33014.888999999996,14.0,3.0,1.0,1.0,1
C107557,4,4,43400.7325,10850.183125,7.0,1.0,0.0,0.75,0
C103655,5,6,129603.3535,21600.558916666665,4.0,0.0,1.0,0.8333333333333334,0
C109593,125,2,11022.25,5511.125,9.0,4.0,0.0,0.0,1
C104525,12,5,140138.574,28027.714800000005,7.0,3.0,1.0,0.2,0
C107706,215,1,16101.126,16101.126,14.0,4.0,0.0,1.0,1
C100944,0,3,21298.074,7099.358,8.0,0.0,0.0,0.6666666666666666,0
C106855,115,4,153298.932,38324.733,11.0,1.0,0.0,0.5,1
C114633,64,4,78602.7075,19650.676875,3.0,0.0,2.0,0.75,0
C110497,680,3,44965.737499999996,14988.579166666665,8.0,3.0,0.0,0.6666666666666666,1
C113825,392,1,9196.960000000001,9196.960000000001,6.0,6.0,0.0,1.0,1
C101077,7,8,140856.226,17607.02825,4.0,0.0,3.0,0.5,0
C100287,125,4,47003.812,11750.953,9.0,1.0,0.0,0.25,1
C105029,270,5,122569.57949999999,24513.9159,10.0,0.0,3.0,0.4,1
C109005,0,1,77889.519,77889.519,9.0,4.0,0.0,1.0,0
C110122,88,14,222355.7025,15882.55017857143,8.0,1.0,1.0,0.7142857142857143,0
C105205,40,3,67984.6255,22661.541833333333,9.0,0.0,1.0,0.3333333333333333,0
C107454,74,3,55638.9095,18546.30316666667,8.0,2.0,1.0,0.6666666666666666,0
C102668,65,4,125324.2915,31331.072875,3.0,0.0,0.0,0.5,0
C103100,51,2,35073.68,17536.84,4.0,1.0,1.0,0.0,0
C111785,39,2,28600.117,14300.0585,7.0,3.0,0.0,0.5,0
C103138,39,5,102990.18549999999,20598.037099999998,8.0,1.0,2.0,0.6,0
C111169,15,5,154662.601,30932.5202,5.0,2.0,2.0,0.4,0
C103777,7,2,15166.326,7583.163,5.0,1.0,1.0,0.5,0
C106008,586,1,18909.891,18909.891,4.0,1.0,0.0,1.0,1
C114460,8,1,27052.61,27052.61,4.0,3.0,0.0,1.0,0
C112229,220,2,50707.61,25353.805,4.0,2.0,0.0,0.0,1
C100348,417,5,30319.2515,6063.8503,10.0,0.0,1.0,0.4,1
C108706,43,4,94143.64199999999,23535.910499999998,11.0,3.0,2.0,0.25,0
C107815,15,2,54862.5475,27431.27375,5.0,2.0,0.0,1.0,0
C114518,47,4,54222.09450000001,13555.523625000002,6.0,2.0,0.0,1.0,0
C100096,86,5,93114.6095,18622.9219,9.0,5.0,1.0,0.6,0
C108012,120,4,78138.636,19534.659,8.0,0.0,1.0,0.75,1
C106964,624,1,11268.64,11268.64,13.0,3.0,0.0,1.0,1
C110147,202,2,75047.757,37523.8785,4.0,0.0,2.0,0.5,1
C103401,16,3,94529.474,31509.824666666664,5.0,1.0,1.0,0.3333333333333333,0
C109622,225,2,36945.079,18472.5395,4.0,1.0,0.0,1.0,1
C114472,682,1,1705.68,1705.68,8.0,1.0,1.0,0.0,1
C108659,329,2,48572.207,24286.103499999997,11.0,5.0,1.0,0.5,1
C103723,2,4,65364.357,16341.08925,7.0,1.0,0.0,0.25,0
C107676,609,1,7780.06,7780.06,7.0,1.0,0.0,0.0,1
C104428,36,3,65068.9915,21689.663833333332,6.0,1.0,1.0,0.3333333333333333,0
C104204,85,6,95247.055,15874.509166666665,8.0,2.0,0.0,0.6666666666666666,0
C112235,34,5,141358.64,28271.727999999996,12.0,1.0,0.0,0.2,0
C112777,25,5,110359.546,22071.909200000002,7.0,1.0,0.0,0.2,0
C107456,200,2,35236.393,17618.1965,6.0,1.0,1.0,1.0,1
C105600,0,6,73576.317,12262.7195,10.0,2.0,0.0,0.3333333333333333,0
C105365,640,2,40731.757,20365.8785,9.0,2.0,0.0,0.5,1
C103616,484,1,8644.38,8644.38,5.0,3.0,0.0,0.0,1
C108081,320,1,16892.1305,16892.1305,13.0,4.0,0.0,1.0,1
C104985,30,4,127100.845,31775.21125,5.0,2.0,0.0,0.5,0
C105167,85,2,48580.509999999995,24290.255,10.0,2.0,1.0,0.5,0
C103513,434,3,121065.00399999999,40355.00133333333,7.0,3.0,1.0,0.6666666666666666,1
C103592,227,4,76073.918,19018.4795,10.0,3.0,3.0,0.25,1
C105455,20,2,64366.45,32183.225,7.0,3.0,0.0,0.5,0
C112081,89,7,192727.6555,27532.522214285713,6.0,1.0,2.0,0.2857142857142857,0
C107046,27,5,123024.166,24604.8332,13.0,3.0,0.0,0.2,0
C113842,162,1,3322.056,3322.056,2.0,2.0,0.0,1.0,1
C106667,171,2,44783.896,22391.948,8.0,1.0,0.0,1.0,1
C104075,14,4,35249.366,8812.3415,5.0,1.0,0.0,0.25,0
C110697,43,1,11966.484999999999,11966.484999999999,8.0,1.0,0.0,1.0,0
C102113,117,3,72118.5085,24039.502833333332,8.0,3.0,1.0,0.6666666666666666,1
C105781,249,2,27604.6725,13802.33625,9.0,3.0,0.0,1.0,1
C113140,60,3,60002.2175,20000.739166666666,13.0,4.0,0.0,0.3333333333333333,0
C109450,259,3,39617.308000000005,13205.769333333335,6.0,3.0,0.0,1.0,1
C110585,61,2,32869.706,16434.853,12.0,5.0,0.0,1.0,0
C100428,432,2,24752.519999999997,12376.259999999998,8.0,2.0,0.0,0.0,1
C104323,4,5,90831.5135,18166.3027,8.0,4.0,0.0,0.4,0
C104827,10,2,14220.88,7110.44,10.0,4.0,0.0,0.0,0
C114928,36,4,87166.3815,21791.595375000004,4.0,0.0,0.0,0.75,0
C108634,178,9,153133.4895,17014.832166666667,6.0,2.0,0.0,0.6666666666666666,1
C110878,29,5,52329.213,10465.8426,6.0,1.0,0.0,0.4,0
C109451,172,2,82114.36,41057.18,9.0,3.0,0.0,0.0,1
C107911,26,7,171719.9975,24531.428214285716,7.0,2.0,4.0,0.7142857142857143,0
C109920,602,3,81813.3185,27271.106166666665,5.0,2.0,1.0,1.0,1
C105784,32,7,137566.98,19652.425714285713,8.0,2.0,1.0,0.42857142857142855,0
C108003,91,5,78900.622,15780.1244,5.0,3.0,1.0,0.6,1
C111577,9,3,48167.396,16055.79866666667,7.0,1.0,0.0,0.6666666666666666,0
C107913,107,2,49033.263,24516.6315,7.0,3.0,0.0,0.5,1
C106271,29,1,38623.31,38623.31,4.0,1.0,0.0,0.0,0
C112474,75,4,54853.837999999996,13713.459499999999,7.0,2.0,0.0,0.75,0
C102523,91,3,85310.516,28436.838666666667,8.0,5.0,0.0,0.6666666666666666,1
C112618,344,9,205722.4235,22858.047055555555,7.0,1.0,2.0,0.7777777777777778,1
C103488,24,3,64287.526,21429.175333333336,6.0,1.0,3.0,0.6666666666666666,0
C107338,16,8,138981.3565,17372.6695625,6.0,1.0,0.0,0.75,0
C107498,3,3,55848.795,18616.265,9.0,0.0,1.0,0.6666666666666666,0
C106462,59,5,100048.8115,20009.7623,4.0,1.0,0.0,0.8,0
C113425,224,4,93997.09049999999,23499.272624999998,7.0,2.0,1.0,0.5,1
C106076,71,8,307120.72849999997,38390.091062499996,6.0,2.0,1.0,0.625,0
C109249,21,7,175270.519,25038.645571428573,8.0,3.0,0.0,0.42857142857142855,0
C107499,72,4,126994.707,31748.67675,9.0,2.0,0.0,0.75,0
C100978,163,3,72119.1495,24039.7165,4.0,2.0,1.0,0.6666666666666666,1
C103205,32,11,200887.13950000002,18262.46722727273,7.0,3.0,4.0,0.45454545454545453,0
C112357,72,2,38425.8555,19212.927750000003,5.0,2.0,1.0,0.5,0
C101748,920,1,3206.56,3206.56,6.0,4.0,0.0,0.0,1
C112774,68,4,113260.98,28315.245,8.0,1.0,0.0,0.25,0
C110851,144,5,90076.6405,18015.3281,9.0,3.0,0.0,0.6,1
C113757,48,5,99471.026,19894.205200000004,10.0,3.0,0.0,0.6,0
C113393,258,1,46564.479999999996,46564.479999999996,10.0,2.0,1.0,0.0,1
C113527,120,3,72147.559,24049.18633333333,8.0,1.0,0.0,0.6666666666666666,1
C102550,0,4,66277.342,16569.3355,9.0,2.0,0.0,1.0,0
C111003,379,4,93340.55399999999,23335.138499999997,8.0,1.0,0.0,0.25,1
C111334,431,2,59107.211,29553.605499999998,5.0,1.0,1.0,0.5,1
C100333,0,3,106018.326,35339.442,6.0,2.0,0.0,0.3333333333333333,0
C106330,3,4,58999.064,14749.766,11.0,3.0,0.0,0.5,0
C112298,40,8,175880.8705,21985.1088125,4.0,1.0,3.0,0.625,0
C109851,529,3,60265.880000000005,20088.626666666667,7.0,4.0,0.0,0.3333333333333333,1
C103474,8,5,101147.0445,20229.408900000002,12.0,2.0,0.0,1.0,0
C106713,253,1,19132.36,19132.36,11.0,3.0,0.0,0.0,1
C109695,26,9,170473.21600000001,18941.468444444447,15.0,3.0,2.0,0.6666666666666666,0
C113161,32,10,129608.3055,12960.83055,8.0,1.0,2.0,0.8,0
C113898,384,5,91362.134,18272.4268,13.0,4.0,1.0,0.4,1
C106448,240,2,55737.25,27868.625,6.0,3.0,2.0,0.0,1
C106382,406,4,70798.2225,17699.555625,7.0,3.0,3.0,0.5,1
C114687,694,1,27375.49,27375.49,6.0,2.0,0.0,0.0,1
C113816,-1,7,183400.571,26200.08157142857,10.0,6.0,0.0,0.42857142857142855,0
C105456,2,7,130580.303,18654.329,8.0,1.0,1.0,0.5714285714285714,0
C107813,163,5,148841.7235,29768.344699999998,10.0,2.0,0.0,0.4,1
C113179,45,11,155100.6935,14100.063045454544,4.0,0.0,0.0,0.45454545454545453,0
C113277,278,2,66554.47,33277.235,7.0,3.0,0.0,0.0,1
C106252,30,3,42982.537,14327.512333333332,10.0,3.0,0.0,0.6666666666666666,0
C105746,73,5,46139.547,9227.9094,4.0,0.0,0.0,0.8,0
C100399,209,6,106679.4105,17779.90175,7.0,1.0,0.0,0.3333333333333333,1
C107412,237,2,16448.678,8224.339,9.0,3.0,0.0,0.5,1
C101419,96,6,105460.55,17576.758333333335,11.0,3.0,0.0,0.6666666666666666,1
C113426,390,5,75871.029,15174.2058,10.0,4.0,2.0,0.4,1
C107329,149,1,9454.158000000001,9454.158000000001,12.0,3.0,0.0,1.0,1
C106267,98,5,64118.154500000004,12823.6309,5.0,1.0,1.0,1.0,1
C100819,302,2,13262.988,6631.494,9.0,1.0,0.0,1.0,1
C112363,8,4,32001.3295,8000.332375,12.0,3.0,0.0,0.5,0
C104179,94,6,87636.26699999999,14606.044499999998,9.0,2.0,0.0,0.5,1
C103010,2,1,20187.711,20187.711,7.0,1.0,1.0,1.0,0
C109556,72,5,82431.715,16486.343,3.0,0.0,2.0,0.8,0
C110007,179,2,10971.009,5485.5045,2.0,1.0,0.0,1.0,1
C104978,487,2,29484.485999999997,14742.242999999999,7.0,3.0,0.0,0.5,1
C109111,1016,1,12077.39,12077.39,11.0,5.0,0.0,0.0,1
C105989,23,1,39394.32,39394.32,11.0,0.0,0.0,0.0,0
C111623,60,3,52234.9525,17411.650833333333,3.0,1.0,0.0,0.6666666666666666,0
C102416,748,2,47649.377499999995,23824.68875,8.0,3.0,0.0,1.0,1
C106211,357,3,91144.5665,30381.522166666666,7.0,1.0,1.0,0.6666666666666666,1
C102710,120,3,50810.84,16936.946666666667,8.0,3.0,0.0,0.0,1
C109415,683,2,28038.167999999998,14019.083999999999,9.0,4.0,0.0,1.0,1
C102663,118,1,29865.160000000003,29865.160000000003,9.0,2.0,1.0,1.0,1
C109376,128,2,31199.690000000002,15599.845000000001,12.0,3.0,0.0,0.5,1
C107714,84,6,141866.6525,23644.44208333333,12.0,7.0,1.0,0.16666666666666666,0
C100496,146,2,13645.44,6822.72,5.0,2.0,0.0,0.0,1
C107558,512,1,47417.102999999996,47417.102999999996,13.0,5.0,0.0,1.0,1
C107891,242,3,93948.7365,31316.245500000005,5.0,0.0,2.0,0.6666666666666666,1
C106015,377,1,14154.58,14154.58,11.0,3.0,0.0,0.0,1
C112479,64,3,77560.5395,25853.513166666668,5.0,1.0,0.0,0.3333333333333333,0
C107376,185,1,24007.8165,24007.8165,14.0,4.0,0.0,1.0,1
C111502,14,2,21268.059,10634.0295,6.0,2.0,1.0,1.0,0
C101348,78,2,64172.206000000006,32086.103000000003,5.0,2.0,0.0,0.5,0
C106021,258,2,39723.4565,19861.72825,8.0,4.0,1.0,0.5,1
C113386,73,1,80924.57999999999,80924.57999999999,12.0,2.0,0.0,0.0,0
C108370,186,2,43956.382999999994,21978.191499999997,4.0,1.0,0.0,0.5,1
C103201,124,2,42555.642,21277.821000000004,4.0,1.0,0.0,1.0,1
C101432,36,5,124262.086,24852.4172,4.0,2.0,2.0,0.4,0
C101934,103,6,102175.99849999999,17029.33308333333,4.0,0.0,0.0,0.6666666666666666,1
C106126,47,5,84318.579,16863.715799999998,8.0,1.0,0.0,0.6,0
C106496,164,1,5211.52,5211.52,8.0,0.0,0.0,1.0,1
C111595,502,1,18447.5,18447.5,12.0,3.0,0.0,0.0,1
C112988,132,1,15107.483499999998,15107.483499999998,5.0,1.0,0.0,1.0,1
C101281,7,5,145019.0805,29003.816100000004,10.0,1.0,1.0,0.4,0
C114105,321,1,39673.58,39673.58,8.0,2.0,1.0,0.0,1
C104890,482,2,45372.393,22686.1965,15.0,4.0,1.0,0.5,1
C101151,365,2,61249.70049999999,30624.85025,10.0,1.0,0.0,0.5,1
C104134,26,4,80531.9045,20132.976125,9.0,4.0,1.0,0.5,0
C108956,2,9,264713.097,29412.566333333336,9.0,5.0,4.0,0.2222222222222222,0
C106838,106,3,50127.479,16709.159666666663,9.0,5.0,1.0,0.6666666666666666,1
C101989,83,1,30181.68,30181.68,6.0,3.0,0.0,0.0,0
C104812,11,3,52216.28,17405.426666666666,7.0,3.0,0.0,0.0,0
C104850,405,1,36800.46,36800.46,6.0,1.0,0.0,1.0,1
C101035,21,3,38454.065,12818.021666666667,4.0,1.0,1.0,0.3333333333333333,0
C108957,30,3,74574.82,24858.273333333334,10.0,3.0,2.0,0.0,0
C103590,16,4,57167.742,14291.9355,3.0,2.0,0.0,1.0,0
C108909,82,2,56760.63,28380.315,6.0,1.0,0.0,0.0,0
C112497,166,2,69652.678,34826.339,6.0,2.0,1.0,0.5,1
C108572,79,3,107594.147,35864.71566666666,10.0,4.0,0.0,0.3333333333333333,0
C113238,48,3,58226.695,19408.89833333333,11.0,0.0,0.0,1.0,0
C112261,345,4,154512.409,38628.102249999996,7.0,3.0,3.0,0.25,1
C110203,257,1,32034.735,32034.735,8.0,2.0,0.0,1.0,1
C101155,41,2,38511.979999999996,19255.99,10.0,2.0,0.0,1.0,0
C103298,119,5,127986.9805,25597.3961,6.0,0.0,1.0,0.8,1
C107852,361,1,8524.93,8524.93,11.0,2.0,0.0,0.0,1
C107504,716,1,15221.152,15221.152,9.0,3.0,0.0,1.0,1
C100610,15,3,38832.7105,12944.236833333334,7.0,3.0,1.0,1.0,0
C110742,26,8,73233.3355,9154.1669375,8.0,4.0,1.0,0.625,0
C106509,27,7,148021.736,21145.962285714282,7.0,0.0,1.0,0.5714285714285714,0
C103934,194,3,138867.74,46289.246666666666,10.0,4.0,1.0,0.0,1
C113256,320,2,33183.705500000004,16591.852750000002,13.0,2.0,0.0,1.0,1
C108265,156,1,5288.949,5288.949,7.0,1.0,0.0,1.0,1
C105079,-1,7,154249.781,22035.683,8.0,3.0,1.0,0.2857142857142857,0
C110114,313,2,38923.266,19461.633,11.0,2.0,0.0,0.5,1
C106361,63,2,26763.940000000002,13381.970000000001,6.0,3.0,0.0,0.0,0
C103793,6,2,65602.4185,32801.20925,14.0,2.0,0.0,0.5,0
C107269,96,5,100107.2225,20021.444499999998,5.0,2.0,2.0,0.2,1
C101658,225,4,125317.381,31329.34525,4.0,0.0,2.0,0.25,1
C109303,55,2,34348.456,17174.228,9.0,2.0,1.0,0.5,0
C112972,55,2,10721.327,5360.6635,5.0,0.0,0.0,0.5,0
C109908,23,4,44692.181,11173.04525,13.0,1.0,0.0,0.5,0
C106715,57,7,168862.9955,24123.28507142857,5.0,2.0,1.0,0.42857142857142855,0
C109903,11,1,2559.62,2559.62,9.0,5.0,0.0,0.0,0
C108066,60,6,208833.03900000002,34805.506499999996,9.0,4.0,2.0,0.5,0
C107201,95,4,63024.806,15756.2015,8.0,3.0,1.0,0.5,1
C112414,149,5,104885.051,20977.0102,7.0,1.0,2.0,0.8,1
C109552,144,2,87088.4725,43544.23625,7.0,2.0,0.0,0.5,1
C102594,548,1,37698.197,37698.197,4.0,3.0,0.0,1.0,1
C112858,53,6,223820.688,37303.448000000004,7.0,1.0,1.0,0.6666666666666666,0
C111048,137,2,94960.66900000001,47480.334500000004,7.0,1.0,2.0,1.0,1
C113511,99,1,512.57,512.57,11.0,5.0,0.0,0.0,1
C110991,198,2,19025.733,9512.8665,8.0,2.0,0.0,0.5,1
C100122,145,3,35603.043999999994,11867.681333333332,5.0,0.0,0.0,0.6666666666666666,1
C100243,44,3,57092.489,19030.82966666667,9.0,0.0,2.0,0.3333333333333333,0
C105612,330,3,100201.311,33400.437,10.0,3.0,1.0,0.6666666666666666,1
C104052,108,3,65613.012,21871.003999999997,10.0,3.0,0.0,0.6666666666666666,1
C101931,25,1,14655.916,14655.916,7.0,3.0,1.0,1.0,0
C114563,681,1,38191.104,38191.104,6.0,2.0,0.0,1.0,1
C113585,123,5,137767.19700000001,27553.439400000003,10.0,3.0,1.0,0.6,1
C104322,547,2,15117.9,7558.95,11.0,3.0,0.0,0.0,1
C113593,63,3,78630.61600000001,26210.205333333335,12.0,4.0,0.0,0.6666666666666666,0
C109964,303,4,105838.10399999999,26459.526,4.0,1.0,0.0,0.5,1
C101168,101,3,45633.823,15211.274333333333,14.0,7.0,1.0,0.6666666666666666,1
C101749,12,4,111206.26000000001,27801.565,8.0,2.0,1.0,0.0,0
C107205,191,1,51259.32000000001,51259.32000000001,8.0,1.0,0.0,1.0,1
C108924,193,1,15642.324,15642.324,13.0,2.0,0.0,1.0,1
C113365,53,6,158886.842,26481.140333333333,8.0,1.0,0.0,0.3333333333333333,0
C102657,234,4,90815.31450000001,22703.828625,8.0,1.0,0.0,0.75,1
C101840,62,2,42978.687999999995,21489.344,10.0,2.0,0.0,0.5,0
C110420,74,2,93560.01,46780.005,5.0,2.0,1.0,0.0,0
C108556,108,3,59723.842,19907.947333333334,9.0,6.0,1.0,0.3333333333333333,1
C102436,151,2,27641.150999999998,13820.5755,6.0,2.0,0.0,1.0,1
C101026,550,1,15486.253999999999,15486.253999999999,10.0,3.0,0.0,1.0,1
C108068,193,2,59803.0605,29901.53025,7.0,1.0,0.0,0.5,1
C100169,52,5,49615.443999999996,9923.0888,12.0,1.0,2.0,0.4,0
C104243,33,1,2424.64,2424.64,7.0,3.0,0.0,0.0,0
C109091,37,6,104788.4125,17464.735416666666,5.0,1.0,1.0,0.6666666666666666,0
C105796,27,8,146341.36,18292.67,9.0,1.0,2.0,0.625,0
C110108,38,7,215161.8975,30737.41392857143,11.0,5.0,0.0,0.7142857142857143,0
C112106,30,12,213699.96050000002,17808.330041666668,10.0,3.0,6.0,0.4166666666666667,0
C110657,462,2,82364.21549999999,41182.10775,8.0,0.0,0.0,1.0,1
C100301,275,3,47853.56,15951.186666666666,7.0,2.0,0.0,0.0,1
C114087,668,1,1078.022,1078.022,8.0,1.0,0.0,1.0,1
C111861,12,4,72746.0435,18186.510875,11.0,3.0,0.0,0.5,0
C114007,296,2,30661.1385,15330.56925,7.0,3.0,0.0,1.0,1
C113440,114,4,86185.00749999999,21546.251875,12.0,5.0,0.0,0.25,1
C103036,2,14,265697.0545,18978.361035714286,8.0,0.0,2.0,0.7857142857142857,0
C103476,5,4,65615.11200000001,16403.778,14.0,2.0,0.0,0.5,0
C109419,107,4,30495.267,7623.81675,10.0,3.0,2.0,0.5,1
C114443,46,3,45138.433,15046.144333333332,11.0,4.0,0.0,0.6666666666666666,0
C112187,33,6,167131.2285,27855.20475,8.0,3.0,0.0,0.6666666666666666,0
C104516,249,4,67424.90000000001,16856.225,5.0,1.0,0.0,0.75,1
C108826,363,3,58126.708,19375.569333333333,12.0,4.0,1.0,0.6666666666666666,1
C100639,17,1,2408.76,2408.76,13.0,1.0,0.0,0.0,0
C102864,105,2,54223.221000000005,27111.6105,6.0,2.0,0.0,1.0,1
C113020,110,3,65909.21,21969.736666666668,9.0,1.0,2.0,0.0,1
C104666,77,4,115565.495,28891.373750000002,5.0,0.0,1.0,0.75,0
C103530,562,3,48762.0935,16254.031166666668,9.0,2.0,2.0,0.6666666666666666,1
C102611,65,5,90976.356,18195.2712,12.0,5.0,1.0,0.6,0
C107962,30,6,190340.9165,31723.486083333333,7.0,1.0,0.0,0.3333333333333333,0
C102911,714,1,4859.912,4859.912,8.0,1.0,0.0,1.0,1
C107248,212,1,3960.1530000000002,3960.1530000000002,7.0,2.0,0.0,1.0,1
C103464,55,6,143026.8175,23837.802916666667,6.0,4.0,1.0,0.6666666666666666,0
C101329,173,5,116398.23,23279.646,10.0,3.0,2.0,0.0,1
C113495,143,2,53934.3155,26967.15775,8.0,5.0,0.0,0.5,1
C106620,105,1,31024.432,31024.432,6.0,2.0,1.0,1.0,1
C107349,-1,7,161901.9985,23128.856928571426,7.0,1.0,1.0,0.5714285714285714,0
C104245,76,3,88657.523,29552.50766666667,9.0,1.0,1.0,0.3333333333333333,0
C103981,136,7,114071.574,16295.939142857142,6.0,2.0,2.0,0.42857142857142855,1
C108574,374,2,101747.4,50873.7,8.0,3.0,0.0,0.0,1
C108710,5,4,91598.39249999999,22899.598124999997,5.0,3.0,1.0,0.5,0
C111756,62,1,21833.952,21833.952,4.0,0.0,0.0,1.0,0
C105675,356,2,28418.096,14209.048,11.0,3.0,0.0,1.0,1
C101714,-1,2,28323.9955,14161.997749999999,9.0,1.0,0.0,0.5,0
C113728,27,4,46010.2245,11502.556125,8.0,1.0,0.0,0.75,0
C102409,73,3,52959.484,17653.161333333333,12.0,1.0,0.0,0.3333333333333333,0
C102476,120,2,17686.86,8843.43,5.0,3.0,0.0,0.0,1
C102907,20,5,128653.3735,25730.6747,7.0,3.0,1.0,0.8,0
C100824,250,2,66424.137,33212.0685,9.0,3.0,0.0,0.5,1
C114896,556,1,51986.91,51986.91,9.0,3.0,0.0,0.0,1
C109135,129,3,66060.273,22020.091,5.0,2.0,0.0,0.6666666666666666,1
C111045,342,4,92678.8655,23169.716375,7.0,3.0,1.0,0.75,1
C101975,234,4,63621.7295,15905.432375,10.0,2.0,0.0,0.25,1
C112798,200,2,9942.099999999999,4971.049999999999,9.0,1.0,0.0,0.0,1
C109392,36,2,41752.1555,20876.07775,14.0,3.0,1.0,0.5,0
C100401,236,4,78651.1455,19662.786375,5.0,1.0,2.0,0.75,1
C100432,44,3,26319.5685,8773.1895,2.0,0.0,0.0,1.0,0
C104669,50,3,45139.0205,15046.340166666667,6.0,2.0,0.0,1.0,0
C106228,34,1,13719.32,13719.32,7.0,2.0,1.0,0.0,0
C105212,36,7,137703.218,19671.888285714285,7.0,3.0,1.0,0.8571428571428571,0
C107152,66,3,61173.256,20391.085333333333,4.0,1.0,0.0,0.6666666666666666,0
C109421,36,5,149222.402,29844.4804,11.0,5.0,0.0,0.2,0
C101038,79,8,147517.3975,18439.6746875,9.0,2.0,1.0,0.5,0
C105380,98,2,43797.1705,21898.58525,4.0,3.0,1.0,0.5,1
C101561,78,3,39831.71200000001,13277.237333333336,6.0,2.0,0.0,0.6666666666666666,0
C107540,8,5,109846.296,21969.2592,10.0,1.0,1.0,1.0,0
C107246,320,1,26773.93,26773.93,10.0,2.0,1.0,0.0,1
C100925,4,14,362840.94,25917.21,12.0,3.0,4.0,0.42857142857142855,0
C104527,324,4,89711.8995,22427.974875,11.0,3.0,0.0,0.5,1
C105143,577,1,17937.928499999998,17937.928499999998,9.0,1.0,0.0,1.0,1
C100825,250,2,39274.41,19637.205,8.0,2.0,2.0,0.0,1
C102186,60,4,99183.21250000001,24795.803125000002,8.0,5.0,1.0,1.0,0
C102535,318,2,21149.313000000002,10574.656500000001,8.0,3.0,0.0,1.0,1
C108430,28,3,85915.4425,28638.480833333335,8.0,2.0,2.0,0.3333333333333333,0
C109065,166,5,93236.68400000001,18647.3368,9.0,1.0,1.0,1.0,1
C110824,232,7,135163.157,19309.02242857143,11.0,5.0,1.0,0.5714285714285714,1
C113193,188,6,136431.926,22738.654333333336,8.0,5.0,1.0,0.5,1
C106533,297,1,15041.582999999999,15041.582999999999,13.0,5.0,0.0,1.0,1
C113642,561,3,67556.259,22518.752999999997,7.0,2.0,1.0,0.6666666666666666,1
C110609,233,5,120047.4155,24009.4831,14.0,7.0,1.0,0.8,1
C104844,3,15,261485.761,17432.384066666666,9.0,1.0,1.0,0.4666666666666667,0
C108594,576,1,9291.877,9291.877,9.0,6.0,0.0,1.0,1
C100213,7,1,16973.54,16973.54,4.0,1.0,0.0,0.0,0
C107747,56,14,332098.167,23721.297642857146,7.0,4.0,3.0,0.7142857142857143,0
C102613,0,8,140371.882,17546.485249999998,9.0,1.0,1.0,0.625,0
C105236,15,2,18529.566,9264.783,8.0,2.0,0.0,0.5,0
C107344,1,3,40679.421,13559.807,7.0,4.0,0.0,0.3333333333333333,0
C114298,133,3,74666.927,24888.975666666665,12.0,1.0,1.0,1.0,1
C101826,283,5,66141.962,13228.3924,11.0,1.0,2.0,0.6,1
C111579,13,2,23413.362,11706.681,6.0,2.0,0.0,1.0,0
C108378,161,5,182630.555,36526.111,6.0,3.0,1.0,0.2,1
C102884,7,7,156038.892,22291.270285714283,16.0,5.0,2.0,0.7142857142857143,0
C100960,87,4,71882.62599999999,17970.656499999997,7.0,0.0,0.0,0.5,0
C103007,-1,5,121354.9915,24270.9983,7.0,2.0,0.0,0.6,0
C107407,263,2,24062.15,12031.075,11.0,4.0,0.0,0.0,1
C100201,286,3,66148.926,22049.642000000003,12.0,4.0,2.0,0.6666666666666666,1
C107138,-1,11,328712.404,29882.945818181815,9.0,2.0,3.0,0.8181818181818182,0
C104492,92,5,69609.1105,13921.8221,8.0,1.0,3.0,0.4,1
C101249,2,1,9235.1,9235.1,14.0,2.0,0.0,0.0,0
C105058,107,7,110226.261,15746.608714285714,8.0,4.0,1.0,0.5714285714285714,1
C111643,265,1,15955.047,15955.047,5.0,2.0,0.0,1.0,1
C109242,4,2,86378.75,43189.375,5.0,2.0,0.0,0.0,0
C112576,8,6,80217.3225,13369.55375,11.0,3.0,1.0,0.5,0
C107651,9,9,225152.8325,25016.98138888889,5.0,1.0,1.0,0.5555555555555556,0
C111723,101,3,46488.778,15496.259333333333,12.0,4.0,0.0,0.3333333333333333,1
C113118,-1,6,111501.152,18583.525333333335,11.0,5.0,0.0,0.16666666666666666,0
C110427,60,5,58456.581,11691.3162,6.0,2.0,0.0,0.6,0
C114091,185,8,132621.2655,16577.6581875,11.0,2.0,0.0,0.625,1
C106648,251,1,17671.551,17671.551,11.0,1.0,0.0,1.0,1
C105132,331,1,28106.9185,28106.9185,11.0,2.0,1.0,1.0,1
C102250,114,8,163215.48549999998,20401.9356875,24.0,7.0,1.0,0.375,1
C106413,146,6,130778.276,21796.379333333334,7.0,2.0,1.0,0.5,1
C106845,7,4,49507.618,12376.9045,8.0,5.0,0.0,1.0,0
C107045,276,2,33410.479,16705.2395,9.0,1.0,0.0,0.5,1
C105818,243,2,40234.8925,20117.44625,9.0,4.0,0.0,1.0,1
C109131,1,4,117410.174,29352.5435,9.0,2.0,0.0,0.75,0
C107137,361,1,61676.289,61676.289,5.0,1.0,0.0,1.0,1
C100439,158,3,31410.851,10470.283666666668,6.0,2.0,1.0,0.6666666666666666,1
C102205,0,4,48281.336500000005,12070.334125000001,6.0,2.0,0.0,0.5,0
C100281,81,1,24578.067499999997,24578.067499999997,6.0,1.0,0.0,1.0,0
C108435,118,1,14809.493,14809.493,7.0,0.0,0.0,1.0,1
C100648,239,3,66387.2755,22129.09183333333,3.0,0.0,0.0,0.3333333333333333,1
C107999,3,6,124523.649,20753.9415,11.0,2.0,1.0,0.3333333333333333,0
C107933,9,4,67410.277,16852.56925,9.0,2.0,1.0,0.75,0
C110921,0,4,96862.482,24215.6205,12.0,1.0,2.0,0.75,0
C104077,528,1,20178.079999999998,20178.079999999998,10.0,1.0,0.0,0.0,1
C100285,50,3,85208.69750000001,28402.899166666666,9.0,2.0,0.0,1.0,0
C103437,59,3,74088.82,24696.273333333334,12.0,4.0,0.0,0.0,0
C100753,38,4,64571.914000000004,16142.978500000001,7.0,1.0,0.0,0.5,0
C111467,179,1,6796.25,6796.25,9.0,1.0,0.0,0.0,1
C113288,169,3,46077.477,15359.159,2.0,0.0,1.0,0.3333333333333333,1
C105621,40,3,51094.664,17031.554666666667,5.0,1.0,0.0,0.3333333333333333,0
C110750,38,2,19912.646,9956.323,13.0,5.0,0.0,1.0,0
C104684,193,2,13055.664000000002,6527.832000000001,6.0,2.0,1.0,1.0,1
C104934,273,1,15286.11,15286.11,9.0,5.0,0.0,0.0,1
C114458,5,2,25784.207499999997,12892.103749999998,10.0,3.0,0.0,1.0,0
C101437,51,3,35656.39,11885.463333333333,10.0,2.0,0.0,0.6666666666666666,0
C113859,226,3,77467.1635,25822.38783333333,7.0,1.0,0.0,0.6666666666666666,1
C113349,44,6,98650.1765,16441.696083333332,9.0,3.0,1.0,0.5,0
C104562,170,4,63246.6405,15811.660125,9.0,3.0,0.0,0.75,1
C104950,9,6,151731.936,25288.656,7.0,1.0,1.0,0.3333333333333333,0
C106370,194,4,60248.752,15062.188,9.0,3.0,2.0,0.5,1
C111668,163,4,55723.363,13930.84075,5.0,1.0,0.0,0.5,1
C111627,58,12,210931.79,17577.649166666666,4.0,0.0,1.0,0.5833333333333334,0
C107973,21,3,91238.327,30412.77566666667,10.0,2.0,0.0,1.0,0
C114546,42,3,85464.6075,28488.202500000003,7.0,3.0,3.0,1.0,0
C112786,74,1,35305.58,35305.58,3.0,1.0,0.0,0.0,0
C107713,74,1,4761.66,4761.66,8.0,3.0,0.0,0.0,0
C113548,63,7,223283.18349999998,31897.59764285714,9.0,4.0,2.0,0.5714285714285714,0
C109137,177,1,44462.261,44462.261,8.0,3.0,0.0,1.0,1
C113483,459,2,57818.27,28909.135000000002,4.0,1.0,0.0,0.0,1
C112540,85,1,12681.67,12681.67,4.0,0.0,0.0,0.0,0
C104733,21,4,72652.5355,18163.133875,7.0,1.0,0.0,0.5,0
C106065,109,1,54280.254499999995,54280.254499999995,3.0,1.0,0.0,1.0,1
C114396,51,4,38542.3665,9635.591625,13.0,2.0,0.0,1.0,0
C106623,9,4,57332.543000000005,14333.135750000001,8.0,4.0,3.0,0.5,0
C100093,428,2,86876.326,43438.163,8.0,1.0,0.0,1.0,1
C114142,8,7,146289.579,20898.511285714285,6.0,1.0,2.0,0.5714285714285714,0
C114389,184,2,53205.9005,26602.95025,10.0,4.0,0.0,1.0,1
C111994,66,2,42263.24,21131.620000000003,12.0,2.0,1.0,0.0,0
C102537,135,2,48920.94,24460.47,8.0,2.0,0.0,0.0,1
C113968,260,5,124902.881,24980.5762,6.0,3.0,1.0,0.4,1
C106512,53,3,16334.184,5444.728,5.0,1.0,0.0,0.3333333333333333,0
C100946,667,1,31469.319999999996,31469.319999999996,4.0,2.0,0.0,1.0,1
C110462,135,3,100781.393,33593.797666666665,8.0,1.0,0.0,0.6666666666666666,1
C113723,92,3,65878.53,21959.51,6.0,1.0,1.0,0.0,1
C107190,74,7,186347.6575,26621.09392857143,3.0,1.0,1.0,0.8571428571428571,0
C107591,3,5,197400.4775,39480.095499999996,14.0,3.0,1.0,0.6,0
C106307,27,5,169642.194,33928.438799999996,5.0,1.0,1.0,0.4,0
C110137,179,14,230722.3265,16480.166178571428,7.0,2.0,2.0,0.5,1
C100303,569,3,58018.964,19339.65466666667,12.0,7.0,0.0,0.6666666666666666,1
C104701,70,3,94018.03,31339.343333333334,9.0,2.0,3.0,0.3333333333333333,0
C105545,15,5,50487.57549999999,10097.515099999999,12.0,4.0,1.0,0.6,0
C111703,306,4,44150.198,11037.5495,3.0,0.0,0.0,0.5,1
C105416,97,4,84541.579,21135.39475,9.0,2.0,0.0,1.0,1
C110101,5,5,148538.482,29707.696400000004,5.0,4.0,2.0,0.6,0
C113092,71,2,103586.73500000002,51793.36750000001,8.0,4.0,0.0,1.0,0
C106112,141,4,97495.685,24373.92125,13.0,6.0,0.0,0.5,1
C107793,16,6,162531.4585,27088.576416666667,6.0,0.0,0.0,0.6666666666666666,0
C112494,157,3,69473.972,23157.990666666665,5.0,0.0,0.0,0.6666666666666666,1
C101446,669,1,23371.43,23371.43,11.0,3.0,0.0,0.0,1
C114192,18,6,104086.86,17347.81,7.0,3.0,1.0,0.5,0
C100299,12,3,27996.120000000003,9332.04,7.0,4.0,0.0,0.0,0
C111268,47,3,38039.4965,12679.832166666665,6.0,2.0,0.0,0.6666666666666666,0
C105596,89,2,68217.6715,34108.83575,7.0,1.0,1.0,1.0,0
C104742,32,2,75531.3155,37765.65775,8.0,3.0,0.0,0.5,0
C101600,133,2,19969.387,9984.6935,11.0,2.0,0.0,1.0,1
C104893,17,1,5552.820000000001,5552.820000000001,8.0,3.0,0.0,1.0,0
C109834,2,14,221890.9785,15849.355607142857,10.0,4.0,5.0,0.42857142857142855,0
C107076,328,1,14994.323,14994.323,7.0,0.0,0.0,1.0,1
C104419,196,4,70972.5815,17743.145375,9.0,2.0,1.0,0.75,1
C107777,51,7,144814.451,20687.778714285716,11.0,3.0,2.0,0.42857142857142855,0
C101328,49,3,51901.9165,17300.638833333334,7.0,3.0,0.0,1.0,0
C102469,121,3,40118.269,13372.756333333331,11.0,2.0,0.0,1.0,1
C111329,41,3,64232.002,21410.667333333335,6.0,3.0,0.0,0.3333333333333333,0
C110863,7,8,100400.678,12550.08475,15.0,4.0,1.0,0.5,0
C103134,280,3,56533.418999999994,18844.472999999998,8.0,3.0,1.0,0.3333333333333333,1
C101671,73,7,171250.8755,24464.410785714284,6.0,2.0,1.0,0.42857142857142855,0
C108507,176,2,17522.482,8761.241,6.0,1.0,0.0,0.5,1
C114582,2,2,24822.79,12411.395,10.0,0.0,0.0,0.0,0
C105460,3,2,39023.67,19511.835,9.0,5.0,0.0,0.0,0
C103541,3,6,167649.0005,27941.500083333332,6.0,2.0,2.0,0.5,0
C108563,88,2,49423.1895,24711.59475,6.0,4.0,1.0,1.0,0
C105491,164,1,22388.779000000002,22388.779000000002,7.0,1.0,0.0,1.0,1
C111508,285,1,28724.239999999998,28724.239999999998,8.0,4.0,0.0,0.0,1
C103189,103,5,106482.912,21296.582400000003,3.0,1.0,1.0,0.6,1
C107156,1,9,171596.1385,19066.23761111111,6.0,3.0,1.0,0.6666666666666666,0
C106148,8,4,63515.503,15878.87575,13.0,1.0,0.0,0.5,0
C110233,744,1,13187.0355,13187.0355,5.0,1.0,0.0,1.0,1
C109271,60,5,113533.72050000001,22706.7441,7.0,2.0,0.0,0.8,0
C101949,119,4,117726.495,29431.62375,7.0,2.0,0.0,0.25,1
C114536,501,1,26844.46,26844.46,6.0,1.0,0.0,0.0,1
C111741,260,4,66389.0655,16597.266375,7.0,3.0,0.0,0.5,1
C111836,100,2,28578.481,14289.2405,7.0,1.0,0.0,1.0,1
C111342,234,1,9641.745499999999,9641.745499999999,12.0,4.0,0.0,1.0,1
C104056,54,3,72782.7245,24260.908166666664,13.0,3.0,0.0,0.3333333333333333,0
C101365,98,1,16096.464,16096.464,13.0,4.0,0.0,1.0,1
C112966,38,3,62184.6235,20728.20783333333,9.0,2.0,0.0,0.6666666666666666,0
C101194,324,4,52042.521,13010.63025,11.0,2.0,0.0,0.25,1
C109579,18,5,133495.4365,26699.087299999996,9.0,1.0,1.0,0.6,0
C110793,57,4,84939.494,21234.8735,9.0,4.0,2.0,0.25,0
C114242,7,1,20193.989999999998,20193.989999999998,6.0,2.0,0.0,0.0,0
C105061,74,6,83133.0115,13855.501916666666,5.0,0.0,1.0,0.6666666666666666,0
C111237,279,4,83594.68599999999,20898.6715,10.0,4.0,0.0,0.5,1
C114420,280,3,101172.0,33724.0,9.0,4.0,1.0,0.0,1
C112435,66,5,70688.482,14137.6964,5.0,1.0,1.0,0.8,0
C110318,176,5,126802.8225,25360.5645,16.0,3.0,0.0,0.6,1
C106062,141,3,86585.52799999999,28861.842666666667,8.0,3.0,0.0,0.3333333333333333,1
C114206,47,8,154049.85,19256.23125,11.0,2.0,1.0,0.5,0
C107629,170,3,86246.57949999999,28748.859833333332,9.0,3.0,0.0,0.6666666666666666,1
C106868,4,5,156037.37,31207.474,11.0,2.0,3.0,0.0,0
C101339,62,6,73398.26,12233.043333333333,5.0,2.0,0.0,0.5,0
C101521,161,4,83779.46650000001,20944.866625000002,7.0,2.0,0.0,1.0,1
C108147,284,4,53092.666,13273.1665,9.0,5.0,1.0,0.5,1
C111166,103,2,49915.3,24957.65,7.0,2.0,0.0,0.0,1
C104400,197,3,70442.387,23480.79566666667,13.0,1.0,0.0,0.3333333333333333,1
C108700,580,4,82322.936,20580.734,4.0,0.0,1.0,0.75,1
C110157,118,6,187138.0275,31189.67125,5.0,1.0,2.0,0.6666666666666666,1
C110876,412,2,48332.615,24166.3075,15.0,3.0,1.0,0.5,1
C112431,104,7,95298.7785,13614.111214285715,2.0,1.0,1.0,0.42857142857142855,1
C114709,205,6,82656.0575,13776.009583333333,9.0,3.0,1.0,0.6666666666666666,1
C103070,52,4,92984.6145,23246.153625,8.0,4.0,2.0,0.25,0
C103850,10,2,18146.808,9073.403999999999,9.0,2.0,0.0,1.0,0
C108130,12,1,9010.263500000001,9010.263500000001,5.0,0.0,0.0,1.0,0
C114494,410,1,17151.413999999997,17151.413999999997,5.0,1.0,0.0,1.0,1
C101704,161,2,33180.336,16590.167999999998,5.0,0.0,0.0,0.5,1
C108121,22,7,163236.533,23319.504714285715,6.0,3.0,1.0,0.2857142857142857,0
C103099,67,4,96541.8105,24135.452625,7.0,1.0,1.0,0.5,0
C113339,545,1,5919.668499999999,5919.668499999999,14.0,6.0,0.0,1.0,1
C111040,26,4,160347.52,40086.880000000005,7.0,1.0,1.0,0.0,0
C101836,2,3,129236.193,43078.731,8.0,4.0,1.0,1.0,0
C112788,35,5,84488.923,16897.784600000003,11.0,4.0,2.0,0.6,0
C102448,175,3,55735.375499999995,18578.4585,10.0,4.0,0.0,0.6666666666666666,1
C109051,109,2,39749.4055,19874.70275,13.0,4.0,2.0,1.0,1
C102475,205,4,96475.448,24118.862,10.0,2.0,0.0,1.0,1
C108907,179,3,58216.2725,19405.424166666668,3.0,1.0,0.0,1.0,1
C102312,355,2,23662.690000000002,11831.345000000001,19.0,4.0,0.0,0.0,1
C102789,73,5,96566.621,19313.3242,9.0,1.0,0.0,0.4,0
C106313,237,5,51472.422000000006,10294.484400000001,5.0,1.0,0.0,0.4,1
C111533,158,2,3953.51,1976.755,5.0,2.0,1.0,0.5,1
C105937,324,5,61670.486,12334.0972,3.0,1.0,1.0,0.6,1
C110231,12,11,252009.9965,22909.999681818183,7.0,0.0,0.0,0.6363636363636364,0
C113340,174,4,56341.363,14085.34075,11.0,4.0,0.0,0.75,1
C107304,16,1,62135.979999999996,62135.979999999996,10.0,3.0,0.0,0.0,0
C110549,36,6,128209.6905,21368.281750000002,5.0,0.0,1.0,0.16666666666666666,0
C109364,406,1,18182.472,18182.472,10.0,1.0,0.0,1.0,1
C105660,13,3,56730.9985,18910.332833333334,12.0,4.0,0.0,1.0,0
C100178,22,3,66162.89300000001,22054.29766666667,12.0,2.0,0.0,0.6666666666666666,0
C101269,40,2,34717.25,17358.625,8.0,3.0,0.0,0.0,0
C114831,96,1,1159.1760000000002,1159.1760000000002,9.0,4.0,0.0,1.0,1
C108598,-1,12,273039.60349999997,22753.300291666663,6.0,1.0,4.0,0.4166666666666667,0
C110369,205,1,14194.849999999999,14194.849999999999,8.0,2.0,0.0,0.0,1
C101273,367,1,11502.392,11502.392,5.0,2.0,0.0,1.0,1
C102941,74,3,55187.689,18395.896333333334,7.0,2.0,0.0,0.3333333333333333,0
C106544,326,1,17969.63,17969.63,2.0,2.0,0.0,0.0,1
C114441,15,4,78968.519,19742.12975,6.0,0.0,1.0,0.25,0
C111918,90,4,90203.603,22550.90075,9.0,3.0,0.0,0.5,0
C105825,82,1,4654.368,4654.368,5.0,3.0,0.0,1.0,0
C111873,218,3,43705.374,14568.458,11.0,6.0,0.0,0.6666666666666666,1
C100951,197,4,58957.235,14739.30875,6.0,2.0,0.0,1.0,1
C100373,14,4,70191.70300000001,17547.925750000002,9.0,0.0,0.0,0.75,0
C102114,66,2,52311.94,26155.97,6.0,0.0,0.0,0.0,0
C103369,50,2,52477.128,26238.564000000002,7.0,2.0,0.0,0.5,0
C100880,17,3,63545.476,21181.825333333334,9.0,5.0,0.0,0.6666666666666666,0
C112129,134,5,138897.1995,27779.439899999998,5.0,3.0,0.0,0.2,1
C104708,45,8,196077.00999999998,24509.62625,9.0,1.0,2.0,0.625,0
C101832,123,7,164675.00400000002,23525.000571428573,15.0,5.0,2.0,0.5714285714285714,1
C114241,1,7,115289.198,16469.88542857143,10.0,4.0,1.0,0.5714285714285714,0
C106940,87,3,111067.179,37022.393000000004,10.0,3.0,0.0,0.3333333333333333,0
C102150,115,2,21355.958000000002,10677.979000000001,10.0,3.0,0.0,0.5,1
C105814,194,2,41662.854999999996,20831.427499999998,12.0,4.0,0.0,1.0,1
C103319,161,3,49602.018000000004,16534.006,9.0,4.0,2.0,1.0,1
C104161,31,9,138560.0985,15395.566499999999,12.0,2.0,0.0,0.5555555555555556,0
C106489,278,1,32319.410000000003,32319.410000000003,5.0,1.0,0.0,0.0,1
C103906,111,1,12369.115,12369.115,7.0,4.0,0.0,1.0,1
C102548,70,3,113207.8015,37735.933833333336,6.0,4.0,0.0,1.0,0
C102874,367,2,25717.4965,12858.74825,15.0,6.0,0.0,0.5,1
C102589,86,1,16298.37,16298.37,8.0,2.0,0.0,0.0,0
C110025,114,2,63932.852999999996,31966.426499999998,10.0,3.0,0.0,1.0,1
C103203,512,5,160850.316,32170.063199999997,7.0,1.0,0.0,0.6,1
C111135,63,1,17518.56,17518.56,5.0,2.0,0.0,1.0,0
C111446,40,5,66720.7525,13344.1505,6.0,0.0,1.0,0.6,0
C110776,285,6,103374.55200000001,17229.092,8.0,2.0,2.0,0.3333333333333333,1
C104537,19,2,18544.484,9272.242,10.0,4.0,0.0,0.5,0
C103131,25,5,106437.4405,21287.4881,7.0,2.0,0.0,0.4,0
C109327,349,5,64057.604999999996,12811.520999999999,10.0,1.0,1.0,0.6,1
C113152,222,1,3259.3335,3259.3335,8.0,6.0,0.0,1.0,1
C102719,74,5,99761.795,19952.359,6.0,1.0,0.0,0.4,0
C106706,114,3,83585.12599999999,27861.708666666662,24.0,9.0,0.0,0.6666666666666666,1
C101030,313,2,36981.47,18490.735,11.0,4.0,0.0,0.0,1
C106327,304,1,35888.832,35888.832,16.0,7.0,0.0,1.0,1
C112002,5,10,199294.826,19929.4826,6.0,1.0,1.0,0.6,0
C113980,405,1,22532.004,22532.004,8.0,4.0,0.0,1.0,1
C100364,61,3,47405.201,15801.733666666667,6.0,1.0,1.0,0.6666666666666666,0
C103158,283,2,7662.708000000001,3831.3540000000007,7.0,2.0,1.0,1.0,1
C110429,683,4,41550.05,10387.5125,9.0,5.0,0.0,1.0,1
C107739,39,2,63163.68149999999,31581.84075,10.0,3.0,0.0,0.5,0
C100759,43,3,39027.658,13009.219333333334,3.0,0.0,2.0,0.6666666666666666,0
C108695,32,1,12204.1,12204.1,13.0,4.0,0.0,0.0,0
C101160,242,1,24596.8775,24596.8775,9.0,6.0,1.0,1.0,1
C112877,70,2,5417.63,2708.815,7.0,2.0,0.0,0.0,0
C102110,3,5,85842.763,17168.552600000003,7.0,1.0,0.0,0.4,0
C104063,356,2,41072.633,20536.3165,4.0,1.0,0.0,0.5,1
C106213,130,3,52755.1325,17585.044166666667,11.0,3.0,0.0,0.3333333333333333,1
C114823,134,5,167153.264,33430.6528,7.0,4.0,1.0,0.4,1
C100168,26,8,195109.903,24388.737875,7.0,2.0,1.0,0.375,0
C101118,588,2,41132.263,20566.1315,11.0,3.0,1.0,1.0,1
C101185,192,1,3330.8080000000004,3330.8080000000004,5.0,1.0,0.0,1.0,1
C110284,34,2,20252.016499999998,10126.008249999999,5.0,3.0,0.0,0.5,0
C112120,47,1,40524.35400000001,40524.35400000001,5.0,1.0,0.0,1.0,0
C113719,156,4,92929.001,23232.25025,6.0,1.0,0.0,0.75,1
C103072,511,2,62213.2935,31106.646749999996,10.0,5.0,0.0,0.5,1
C103168,8,5,95609.268,19121.8536,6.0,0.0,2.0,0.6,0
C110367,0,2,74501.986,37250.992999999995,6.0,1.0,1.0,0.5,0
C110884,259,2,103100.794,51550.397,9.0,2.0,0.0,0.5,1
C100833,54,4,73815.5695,18453.892375,11.0,4.0,0.0,0.25,0
C105181,256,3,81262.754,27087.584666666666,9.0,2.0,0.0,0.3333333333333333,1
C113819,111,3,76675.6895,25558.563166666663,9.0,5.0,1.0,1.0,1
C104709,142,4,106747.834,26686.9585,8.0,1.0,2.0,0.75,1
C109604,101,2,51337.840000000004,25668.920000000002,4.0,1.0,0.0,0.0,1
C101678,46,4,81277.0565,20319.264125,15.0,4.0,1.0,0.5,0
C114937,129,6,86721.395,14453.565833333332,5.0,1.0,0.0,0.5,1
C114762,179,6,153625.691,25604.28183333333,13.0,4.0,2.0,0.5,1
C101068,67,4,103576.5955,25894.148875000003,3.0,0.0,2.0,0.75,0
C110072,269,3,42965.551,14321.850333333334,10.0,1.0,0.0,0.6666666666666666,1
C103866,114,1,22945.370000000003,22945.370000000003,8.0,3.0,0.0,0.0,1
C103789,303,2,117190.014,58595.007,7.0,2.0,0.0,0.5,1
C113272,14,9,184460.377,20495.597444444444,11.0,2.0,0.0,0.5555555555555556,0
C113371,317,2,15144.754500000001,7572.3772500000005,7.0,2.0,0.0,1.0,1
C106168,12,11,272227.27,24747.93363636364,5.0,2.0,1.0,0.5454545454545454,0
C100535,454,8,209348.88150000002,26168.6101875,11.0,3.0,1.0,0.375,1
C106037,77,2,52869.15,26434.575,10.0,5.0,0.0,0.0,0
C109520,224,1,2332.8,2332.8,8.0,1.0,0.0,0.0,1
C113669,91,3,77390.6105,25796.870166666664,12.0,3.0,1.0,0.3333333333333333,1
C105922,271,1,9002.885499999999,9002.885499999999,5.0,2.0,0.0,1.0,1
C106519,204,4,95413.17300000001,23853.29325,6.0,0.0,2.0,0.25,1
C110171,84,4,72630.518,18157.6295,7.0,3.0,1.0,0.5,0
C104540,0,6,193700.9885,32283.498083333336,5.0,2.0,0.0,0.5,0
C103868,456,1,42567.14,42567.14,13.0,2.0,0.0,0.0,1
C107701,184,3,95068.36349999999,31689.454500000003,12.0,2.0,2.0,0.6666666666666666,1
C114653,460,1,21071.27,21071.27,7.0,2.0,0.0,0.0,1
C113281,72,2,41227.380000000005,20613.690000000002,15.0,6.0,0.0,0.0,0
C110573,121,1,23911.424,23911.424,7.0,2.0,1.0,1.0,1
C111420,125,5,154218.095,30843.619,10.0,2.0,0.0,0.4,1
C102509,163,3,90393.5475,30131.1825,6.0,1.0,2.0,0.6666666666666666,1
C103362,6,2,41034.8765,20517.43825,8.0,5.0,0.0,0.5,0
C108100,422,3,35043.150499999996,11681.050166666666,11.0,2.0,0.0,0.3333333333333333,1
C107151,921,1,22855.608,22855.608,3.0,2.0,0.0,1.0,1
C107419,40,2,9582.82,4791.41,5.0,1.0,0.0,0.0,0
C104869,46,2,73182.78,36591.39,6.0,2.0,0.0,1.0,0
C109934,335,3,54201.077000000005,18067.02566666667,4.0,2.0,0.0,0.3333333333333333,1
C101056,47,9,198391.858,22043.53977777778,9.0,3.0,3.0,0.4444444444444444,0
C111043,366,5,59423.222499999996,11884.644499999999,4.0,1.0,1.0,0.6,1
C101134,453,2,8784.0175,4392.00875,10.0,3.0,0.0,1.0,1
C111233,50,2,67256.96,33628.479999999996,8.0,2.0,0.0,0.0,0
C104981,80,7,152998.5485,21856.9355,10.0,3.0,0.0,0.8571428571428571,0
C113681,87,3,68543.652,22847.884000000002,12.0,2.0,0.0,0.6666666666666666,0
C106087,258,2,2841.77,1420.885,3.0,0.0,0.0,0.0,1
C106724,12,2,31383.375999999997,15691.687999999998,7.0,1.0,0.0,0.5,0
C102339,10,7,239962.977,34280.425285714286,10.0,5.0,1.0,1.0,0
C103593,190,5,115375.758,23075.1516,6.0,1.0,1.0,0.8,1
C110375,252,6,130296.473,21716.078833333333,11.0,4.0,1.0,0.8333333333333334,1
C103336,4,2,25807.1255,12903.56275,6.0,4.0,0.0,0.5,0
C106133,198,4,76882.592,19220.648,9.0,2.0,0.0,0.5,1
C113376,663,3,72789.918,24263.306,8.0,0.0,0.0,0.6666666666666666,1
C104086,196,8,128888.277,16111.034625,7.0,3.0,3.0,0.625,1
C103997,17,2,31084.264000000003,15542.132000000001,12.0,7.0,0.0,0.5,0
C112058,13,3,138802.095,46267.365,4.0,1.0,0.0,0.6666666666666666,0
C100059,276,3,50089.133,16696.377666666667,9.0,2.0,0.0,1.0,1
C104307,158,1,34274.8125,34274.8125,11.0,4.0,0.0,1.0,1
C110572,14,3,36352.479,12117.493,3.0,3.0,1.0,0.3333333333333333,0
C112984,53,4,93377.412,23344.353,7.0,3.0,1.0,0.5,0
C101347,47,19,520080.5755,27372.661868421055,8.0,1.0,3.0,0.5263157894736842,0
C106514,376,1,3619.86,3619.86,8.0,1.0,1.0,0.0,1
C105226,902,1,21385.566,21385.566,12.0,4.0,0.0,1.0,1
C102937,14,1,0.0,0.0,6.0,2.0,0.0,0.0,0
C104025,27,2,45389.801499999994,22694.90075,5.0,2.0,0.0,0.5,0
C105422,3,2,72116.34,36058.17,4.0,2.0,0.0,0.0,0
C108418,30,2,23271.803,11635.9015,8.0,3.0,0.0,0.5,0
C100579,754,1,23993.65,23993.65,8.0,2.0,0.0,0.0,1
C105349,17,4,86543.579,21635.894750000003,13.0,1.0,0.0,0.5,0
C105508,810,1,64667.81,64667.81,7.0,1.0,0.0,0.0,1
C113507,23,4,78133.6335,19533.408375,8.0,1.0,0.0,0.25,0
C104378,317,1,1372.2144999999998,1372.2144999999998,7.0,4.0,0.0,1.0,1
C111522,99,5,179205.447,35841.089400000004,8.0,5.0,3.0,0.2,1
C111118,1,13,258868.34,19912.94923076923,7.0,3.0,2.0,0.3076923076923077,0
C114098,39,4,72636.4335,18159.108375000003,8.0,1.0,1.0,0.5,0
C105614,232,5,143308.08000000002,28661.616,9.0,5.0,0.0,0.2,1
C112309,66,3,81794.9565,27264.9855,13.0,4.0,0.0,0.3333333333333333,0
C107969,7,9,174938.2515,19437.5835,12.0,3.0,2.0,0.7777777777777778,0
C106127,383,1,4314.65,4314.65,9.0,3.0,0.0,0.0,1
C105074,16,4,61602.68949999999,15400.672374999998,11.0,5.0,0.0,0.5,0
C100975,12,1,34548.444,34548.444,6.0,3.0,1.0,1.0,0
C111744,1,7,131565.4865,18795.0695,6.0,1.0,2.0,0.5714285714285714,0
C107946,2,6,69777.26449999999,11629.544083333332,6.0,2.0,2.0,0.8333333333333334,0
C109807,91,4,109057.848,27264.462,6.0,0.0,0.0,0.5,1
C112486,676,3,46053.332,15351.110666666667,6.0,1.0,1.0,0.6666666666666666,1
C102866,42,8,160591.799,20073.974875,7.0,1.0,1.0,0.5,0
C104734,317,6,157804.0355,26300.672583333333,4.0,1.0,0.0,1.0,1
C114236,177,1,12946.588,12946.588,8.0,1.0,1.0,1.0,1
C111886,824,2,25582.6985,12791.34925,10.0,0.0,0.0,0.5,1
C111465,58,1,41275.62,41275.62,7.0,3.0,0.0,1.0,0
C103791,115,2,54497.108,27248.554000000004,7.0,2.0,0.0,1.0,1
C113785,12,16,291193.98949999997,18199.62434375,10.0,4.0,2.0,0.6875,0
C114658,16,1,3596.8,3596.8,13.0,3.0,0.0,0.0,0
C101191,96,2,26758.415999999997,13379.207999999999,5.0,2.0,0.0,0.5,1
C107358,250,2,91550.742,45775.371,10.0,2.0,0.0,0.5,1
C112116,51,4,86426.481,21606.62025,7.0,2.0,2.0,0.75,0
C112533,20,6,108573.19750000001,18095.532916666667,7.0,1.0,1.0,0.6666666666666666,0
C100631,20,4,110862.411,27715.60275,6.0,0.0,1.0,0.75,0
C104035,113,5,67019.2455,13403.849100000001,6.0,2.0,1.0,0.6,1
C107622,118,1,9007.938,9007.938,8.0,2.0,0.0,1.0,1
C105634,830,1,37182.384000000005,37182.384000000005,5.0,2.0,1.0,1.0,1
C104589,86,2,17171.09,8585.545,3.0,1.0,0.0,0.0,0
C103632,42,5,135284.52000000002,27056.904000000002,8.0,2.0,1.0,0.0,0
C107336,82,5,100299.38799999999,20059.8776,13.0,3.0,0.0,0.8,0
C112633,37,5,58581.549999999996,11716.31,11.0,3.0,1.0,0.6,0
C109935,14,3,47216.102,15738.700666666666,12.0,3.0,0.0,0.6666666666666666,0
C114209,81,1,36294.712,36294.712,9.0,3.0,0.0,1.0,0
C109553,122,4,59770.1035,14942.525875000001,9.0,1.0,2.0,0.75,1
C102689,218,4,37143.934499999996,9285.983624999999,12.0,4.0,1.0,0.5,1
C113352,44,3,64350.22,21450.073333333334,11.0,3.0,0.0,0.0,0
C113748,395,3,75406.3985,25135.466166666665,9.0,2.0,0.0,0.3333333333333333,1
C101230,29,1,65740.45999999999,65740.45999999999,9.0,2.0,1.0,0.0,0
C110614,343,4,120636.18000000001,30159.045000000002,7.0,1.0,2.0,0.25,1
C103927,12,7,121750.402,17392.914571428573,5.0,1.0,1.0,0.42857142857142855,0
C104510,1,4,116910.50949999999,29227.627374999996,5.0,1.0,1.0,0.5,0
C105433,374,1,8295.528,8295.528,11.0,4.0,0.0,1.0,1
C114815,58,4,38462.6795,9615.669875,9.0,2.0,0.0,0.5,0
C112252,54,1,11345.96,11345.96,6.0,1.0,0.0,0.0,0
C104800,149,1,47934.38,47934.38,7.0,3.0,0.0,0.0,1
C104640,15,6,185721.6475,30953.607916666664,8.0,1.0,1.0,0.3333333333333333,0
C113249,273,5,74654.74100000001,14930.948200000003,7.0,2.0,1.0,0.6,1
C107039,6,4,102016.082,25504.0205,7.0,2.0,0.0,0.25,0
C104425,89,4,82299.519,20574.87975,2.0,0.0,0.0,0.75,0
C107380,248,2,14558.748,7279.374000000001,2.0,0.0,0.0,0.5,1
C103083,106,6,147558.595,24593.099166666667,6.0,1.0,0.0,0.3333333333333333,1
C113163,62,3,89674.0055,29891.335166666668,10.0,1.0,1.0,0.6666666666666666,0
C111747,212,2,14990.24,7495.12,5.0,1.0,0.0,0.0,1
C108167,92,1,20333.4675,20333.4675,6.0,1.0,0.0,1.0,1
C103983,0,3,64939.42600000001,21646.475333333336,5.0,1.0,0.0,0.6666666666666666,0
C107066,18,2,30187.3235,15093.66175,13.0,5.0,1.0,1.0,0
C107692,371,1,53934.11,53934.11,7.0,0.0,0.0,0.0,1
C102464,288,1,11158.392,11158.392,6.0,2.0,0.0,1.0,1
C101913,34,4,37005.01,9251.2525,11.0,4.0,1.0,0.0,0
C114208,67,2,21697.814,10848.906999999997,5.0,1.0,0.0,1.0,0
C103263,54,3,76793.413,25597.804333333333,8.0,2.0,1.0,0.3333333333333333,0
C114784,58,4,62924.818999999996,15731.204749999999,4.0,1.0,0.0,0.5,0
C104629,58,2,68128.29999999999,34064.149999999994,12.0,4.0,0.0,0.0,0
C103542,52,2,14337.878,7168.939,8.0,4.0,0.0,0.5,0
C106250,135,2,48885.84,24442.920000000002,11.0,2.0,0.0,0.5,1
C111332,190,3,54820.222,18273.407333333333,5.0,1.0,0.0,0.3333333333333333,1
C105558,2,2,40059.65,20029.825,7.0,1.0,1.0,1.0,0
C111834,47,3,100619.83,33539.943333333336,4.0,4.0,1.0,0.0,0
C106048,558,3,31050.3925,10350.130833333335,6.0,2.0,0.0,0.6666666666666666,1
C101308,612,2,41777.0,20888.5,10.0,3.0,0.0,1.0,1
C105682,62,1,34297.03,34297.03,8.0,1.0,0.0,0.0,0
C101542,148,4,113534.965,28383.741250000003,10.0,2.0,0.0,0.75,1
C103612,29,3,45157.305499999995,15052.435166666664,9.0,4.0,1.0,0.3333333333333333,0
C112950,315,4,109630.0285,27407.507125,5.0,0.0,0.0,0.5,1
C100912,66,4,57868.22900000001,14467.057250000002,9.0,2.0,1.0,0.5,0
C109104,69,3,41967.146499999995,13989.048833333334,10.0,2.0,1.0,0.6666666666666666,0
C113399,161,1,23824.44,23824.44,12.0,5.0,0.0,0.0,1
C113990,50,6,81643.779,13607.296499999999,3.0,0.0,0.0,0.8333333333333334,0
C101615,462,1,11599.184000000001,11599.184000000001,13.0,4.0,0.0,1.0,1
C111292,134,2,8806.403,4403.2015,12.0,4.0,1.0,0.5,1
C106730,47,5,116546.22,23309.244,3.0,1.0,0.0,0.4,0
C114449,1,7,100851.44,14407.348571428573,8.0,1.0,0.0,0.7142857142857143,0
C100288,723,1,41195.382,41195.382,9.0,2.0,0.0,1.0,1
C109022,681,1,34012.119999999995,34012.119999999995,9.0,0.0,0.0,0.0,1
C104846,1,10,169157.7795,16915.77795,7.0,4.0,1.0,0.7,0
C112538,0,2,17683.271999999997,8841.635999999999,7.0,3.0,1.0,0.5,0
C110655,281,2,33271.044,16635.522,6.0,0.0,0.0,0.5,1
C113137,18,3,41011.985499999995,13670.661833333334,16.0,5.0,0.0,0.3333333333333333,0
C103041,25,4,101033.10399999999,25258.276,4.0,0.0,0.0,0.5,0
C107600,48,4,75858.488,18964.622000000003,7.0,2.0,0.0,0.5,0
C114520,67,9,195092.638,21676.959777777778,6.0,2.0,0.0,0.5555555555555556,0
C106886,248,1,2277.3875,2277.3875,11.0,2.0,0.0,1.0,1
C112616,363,3,53246.9795,17748.993166666667,10.0,4.0,0.0,0.6666666666666666,1
C111599,131,3,42683.479,14227.826333333333,7.0,2.0,1.0,0.6666666666666666,1
C102254,15,3,83877.25450000001,27959.084833333338,13.0,5.0,1.0,0.6666666666666666,0
C104783,178,2,56645.766,28322.883,6.0,0.0,0.0,0.5,1
C112756,166,2,44460.6725,22230.33625,9.0,2.0,0.0,0.5,1
C100628,98,4,183501.568,45875.392,12.0,4.0,1.0,0.75,1
C114731,83,2,23840.170000000002,11920.085000000001,6.0,0.0,0.0,0.5,0
C106501,51,3,28369.66,9456.553333333333,12.0,1.0,0.0,0.3333333333333333,0
C113296,225,2,36892.9695,18446.48475,8.0,4.0,0.0,0.5,1
C105017,64,1,6073.673,6073.673,11.0,5.0,1.0,1.0,0
C106497,16,4,141897.587,35474.39675,5.0,0.0,1.0,0.5,0
C108713,59,1,18424.998,18424.998,12.0,5.0,0.0,1.0,0
C100918,241,2,18979.178,9489.589,3.0,0.0,1.0,0.5,1
C105706,22,3,56254.492,18751.497333333333,9.0,2.0,0.0,0.6666666666666666,0
C106170,69,2,10949.84,5474.92,7.0,2.0,0.0,0.0,0
C100245,84,5,74606.3625,14921.272500000001,5.0,2.0,0.0,0.4,0
C105037,18,4,50919.204000000005,12729.801000000001,11.0,6.0,0.0,0.75,0
C107918,6,3,60811.63249999999,20270.544166666663,10.0,4.0,1.0,1.0,0
C103003,87,4,84103.032,21025.758,7.0,1.0,1.0,0.5,0
C107290,15,3,53881.936,17960.645333333334,14.0,3.0,0.0,0.3333333333333333,0
C106951,105,4,114954.1795,28738.544875,13.0,4.0,1.0,0.5,1
C110124,0,5,89068.434,17813.6868,5.0,1.0,4.0,0.6,0
C109045,38,2,26208.940000000002,13104.470000000001,8.0,5.0,0.0,0.0,0
C104222,78,6,170034.525,28339.087499999998,7.0,1.0,1.0,0.5,0
C109141,53,3,69104.403,23034.801000000003,14.0,1.0,1.0,0.6666666666666666,0
C101469,65,6,117788.1175,19631.352916666667,12.0,5.0,0.0,0.3333333333333333,0
C105201,500,1,5873.26,5873.26,11.0,2.0,0.0,0.0,1
C107206,169,5,81687.227,16337.4454,12.0,4.0,0.0,0.6,1
C103290,178,1,8879.679,8879.679,11.0,6.0,1.0,1.0,1
C102627,19,2,45042.373999999996,22521.186999999998,10.0,2.0,0.0,0.5,0
C105067,834,1,9884.328000000001,9884.328000000001,12.0,3.0,0.0,1.0,1
C101092,87,5,109535.843,21907.168599999997,5.0,2.0,0.0,0.2,0
C106151,3,5,89963.955,17992.791,11.0,2.0,0.0,0.6,0
C103366,53,2,38844.481499999994,19422.24075,9.0,3.0,0.0,1.0,0
C104573,65,1,29660.18,29660.18,4.0,0.0,0.0,0.0,0
C105640,212,6,79372.606,13228.767666666667,8.0,0.0,0.0,0.6666666666666666,1
C111761,86,4,31104.993,7776.24825,8.0,0.0,1.0,0.5,0
C100852,140,9,182556.0485,20284.00538888889,6.0,1.0,4.0,0.6666666666666666,1
C112902,6,1,28419.078499999996,28419.078499999996,7.0,3.0,0.0,1.0,0
C112889,17,6,138799.4545,23133.242416666664,4.0,0.0,1.0,0.6666666666666666,0
C108034,1,3,27419.557999999997,9139.852666666666,4.0,0.0,1.0,0.3333333333333333,0
C101553,100,2,34009.0545,17004.52725,7.0,0.0,0.0,0.5,1
C101649,92,3,44753.2435,14917.747833333333,6.0,1.0,0.0,0.3333333333333333,1
C105847,342,1,35284.4605,35284.4605,6.0,1.0,0.0,1.0,1
C105089,73,4,81437.6625,20359.415624999998,5.0,1.0,0.0,0.5,0
C114738,217,5,116896.70449999999,23379.3409,6.0,2.0,3.0,0.4,1
C104820,9,4,64392.658,16098.1645,14.0,2.0,1.0,0.75,0
C111557,243,1,5762.934,5762.934,10.0,4.0,0.0,1.0,1
C103619,24,4,102739.8345,25684.958625,11.0,4.0,1.0,0.5,0
C102585,2,7,111420.53700000001,15917.219571428572,6.0,2.0,0.0,0.42857142857142855,0
C108688,187,3,51288.2315,17096.077166666666,11.0,4.0,0.0,0.6666666666666666,1
C100113,48,3,39662.498,13220.832666666667,10.0,3.0,0.0,0.3333333333333333,0
C110698,81,3,33618.772,11206.257333333333,11.0,3.0,0.0,0.6666666666666666,0
C109606,195,5,64555.480500000005,12911.0961,12.0,3.0,1.0,0.8,1
C104521,-1,2,33333.704999999994,16666.852499999997,8.0,4.0,0.0,1.0,0
C111060,12,5,120088.62749999999,24017.725499999997,9.0,1.0,0.0,0.8,0
C108685,15,5,138101.361,27620.272199999996,14.0,2.0,1.0,0.6,0
C107250,41,2,19337.8645,9668.93225,2.0,0.0,0.0,1.0,0
C114509,35,1,30957.213,30957.213,8.0,1.0,0.0,1.0,0
C111365,308,2,55634.292,27817.146,15.0,5.0,0.0,1.0,1
C101491,37,2,32641.561,16320.7805,10.0,3.0,0.0,0.5,0
C112358,193,1,7529.3769999999995,7529.3769999999995,12.0,6.0,0.0,1.0,1
C103880,216,5,103307.61,20661.522,4.0,1.0,3.0,0.0,1
C105638,272,1,35232.09,35232.09,6.0,1.0,0.0,0.0,1
C114301,106,3,69588.862,23196.28733333333,6.0,2.0,0.0,0.3333333333333333,1
C113097,240,1,3581.05,3581.05,5.0,1.0,0.0,0.0,1
C104858,69,4,54743.551999999996,13685.887999999999,15.0,2.0,0.0,0.5,0
C107909,286,2,27996.88,13998.44,4.0,1.0,0.0,0.0,1
C103505,269,3,84323.5,28107.833333333332,5.0,1.0,2.0,0.0,1
C107562,68,6,237458.79700000002,39576.46616666667,8.0,2.0,1.0,0.6666666666666666,0
C113385,204,3,56423.523499999996,18807.841166666665,7.0,0.0,1.0,1.0,1
C109599,194,2,66732.61,33366.305,9.0,4.0,1.0,0.0,1
C102422,11,3,80118.875,26706.291666666668,6.0,3.0,0.0,0.3333333333333333,0
C106436,15,2,6329.93,3164.965,8.0,4.0,0.0,0.0,0
C110133,59,7,93714.432,13387.776,11.0,0.0,2.0,0.7142857142857143,0
C102264,200,2,24220.806,12110.403,9.0,5.0,0.0,0.5,1
C110074,15,3,131426.149,43808.71633333334,7.0,0.0,0.0,0.6666666666666666,0
C103231,76,9,203153.39250000002,22572.599166666667,5.0,2.0,1.0,0.8888888888888888,0
C112729,95,6,152936.579,25489.42983333333,5.0,1.0,1.0,0.5,1
C100930,9,3,64717.251,21572.417,10.0,4.0,0.0,1.0,0
C101267,159,2,17682.427499999998,8841.213749999999,11.0,3.0,0.0,0.5,1
C104410,248,2,22342.31,11171.154999999999,6.0,4.0,0.0,0.5,1
C107880,54,2,54218.89,27109.445,12.0,3.0,0.0,0.0,0
C100400,489,2,55600.656,27800.328,6.0,2.0,0.0,0.5,1
C108868,605,2,37849.6775,18924.83875,7.0,2.0,0.0,0.5,1
C109641,14,7,110923.575,15846.225,6.0,3.0,2.0,0.5714285714285714,0
C114334,14,6,81555.663,13592.6105,5.0,2.0,1.0,0.3333333333333333,0
C103346,268,4,113626.42300000001,28406.605750000002,8.0,2.0,1.0,0.75,1
C108860,507,4,55207.545000000006,13801.886250000003,3.0,2.0,0.0,0.75,1
C102745,87,2,30258.039,15129.0195,7.0,0.0,0.0,0.5,0
C106810,88,2,23306.584000000003,11653.292,4.0,1.0,0.0,0.5,0
C113482,2,4,62871.045,15717.76125,9.0,3.0,0.0,0.5,0
C112230,98,5,75688.1805,15137.6361,8.0,2.0,1.0,0.6,1
C113684,21,3,31569.445,10523.148333333333,19.0,3.0,0.0,1.0,0
C107699,279,2,44971.83,22485.915,7.0,2.0,1.0,0.0,1
C113591,368,4,50945.2165,12736.304124999999,5.0,2.0,1.0,0.5,1
C111179,26,1,50753.56,50753.56,6.0,1.0,0.0,0.0,0
C107163,184,1,38452.55499999999,38452.55499999999,11.0,1.0,0.0,1.0,1
C114671,19,2,86322.78,43161.39,9.0,4.0,0.0,0.0,0
C110952,27,3,58692.171,19564.057,7.0,1.0,0.0,1.0,0
C102233,181,6,139502.733,23250.4555,7.0,1.0,3.0,0.5,1
C106485,71,2,40778.628,20389.314,8.0,3.0,1.0,1.0,0
C105637,238,4,103740.07599999999,25935.018999999997,8.0,4.0,0.0,0.25,1
C100846,298,2,18687.277000000002,9343.638500000001,7.0,2.0,0.0,1.0,1
C104036,92,9,111906.127,12434.01411111111,5.0,0.0,0.0,0.6666666666666666,1
C114097,412,2,5311.104,2655.552,8.0,2.0,1.0,0.5,1
C101037,1,3,87520.16700000002,29173.389000000006,7.0,0.0,0.0,1.0,0
C102281,232,2,30141.018,15070.509,6.0,1.0,1.0,0.5,1
C104392,129,2,31736.11,15868.055,11.0,2.0,0.0,0.5,1
C111809,22,3,55730.012,18576.67066666667,19.0,9.0,2.0,1.0,0
C107502,58,2,8170.599499999999,4085.2997499999997,2.0,1.0,0.0,0.5,0
C106242,59,1,15189.1795,15189.1795,8.0,1.0,0.0,1.0,0
C109006,188,4,82648.06,20662.015,7.0,2.0,0.0,1.0,1
C100064,304,2,16460.1165,8230.05825,2.0,0.0,0.0,0.5,1
C106975,56,5,80490.4835,16098.0967,5.0,2.0,0.0,0.2,0
C114980,241,2,8882.454,4441.227,6.0,1.0,0.0,0.5,1
C105027,17,6,96545.48,16090.913333333336,10.0,5.0,1.0,0.6666666666666666,0
C108166,49,1,73486.3505,73486.3505,5.0,2.0,0.0,1.0,0
C104887,30,6,86038.4335,14339.738916666667,6.0,0.0,1.0,0.5,0
C101057,51,3,31375.699999999997,10458.566666666666,10.0,3.0,1.0,0.0,0
C105958,320,2,58274.922000000006,29137.461000000003,10.0,3.0,1.0,0.5,1
C114570,56,6,136802.6745,22800.44575,7.0,3.0,4.0,0.5,0
C101551,45,1,2086.84,2086.84,16.0,6.0,0.0,1.0,0
C100035,255,1,11766.9325,11766.9325,14.0,4.0,1.0,1.0,1
C102782,71,5,106584.217,21316.8434,7.0,1.0,0.0,0.4,0
C107730,38,7,105434.5885,15062.084071428571,10.0,3.0,0.0,0.2857142857142857,0
C107337,169,6,164200.6915,27366.781916666663,3.0,0.0,2.0,0.5,1
C110035,19,7,256715.433,36673.63328571429,11.0,3.0,0.0,0.42857142857142855,0
C102090,42,1,46540.79,46540.79,12.0,5.0,0.0,0.0,0
C111360,119,13,368644.1975,28357.24596153846,18.0,6.0,8.0,0.46153846153846156,1
C107379,131,2,34165.947,17082.9735,5.0,0.0,0.0,0.5,1
C100483,12,1,4970.184,4970.184,5.0,1.0,0.0,1.0,0
C109239,92,4,54090.886,13522.7215,5.0,2.0,0.0,0.5,1
C105449,369,3,57125.478,19041.826,6.0,1.0,0.0,0.3333333333333333,1
C101340,136,2,65631.358,32815.679,12.0,5.0,0.0,0.5,1
C108865,277,3,45496.943,15165.647666666666,12.0,2.0,0.0,0.3333333333333333,1
C108644,4,6,136281.0135,22713.50225,5.0,2.0,0.0,0.3333333333333333,0
C102742,34,5,91311.178,18262.2356,7.0,2.0,1.0,0.2,0
C102111,127,2,23139.874,11569.937,7.0,3.0,0.0,0.5,1
C104247,41,8,144650.51200000002,18081.314,5.0,0.0,0.0,0.125,0
C114589,19,4,48217.1725,12054.293125,7.0,4.0,0.0,0.25,0
C113855,9,2,44716.05,22358.025,8.0,3.0,1.0,0.0,0
C112200,97,6,137277.87900000002,22879.646500000003,7.0,1.0,1.0,0.6666666666666666,1
C101672,135,3,99536.33,33178.776666666665,9.0,1.0,2.0,0.0,1
C113485,293,1,18259.547,18259.547,5.0,0.0,0.0,1.0,1
C104904,154,3,59270.0265,19756.6755,8.0,4.0,0.0,0.6666666666666666,1
C111466,96,1,30930.99,30930.99,8.0,2.0,0.0,0.0,1
C106870,97,6,136662.2235,22777.037249999998,8.0,1.0,1.0,0.8333333333333334,1
C106936,207,2,53203.07,26601.534999999996,6.0,3.0,0.0,0.0,1
C103164,252,3,27165.496499999997,9055.1655,7.0,2.0,0.0,0.6666666666666666,1
C100275,85,2,38664.8705,19332.43525,5.0,2.0,0.0,1.0,0
C113168,434,3,61418.0755,20472.69183333333,10.0,3.0,3.0,0.3333333333333333,1
C107240,160,2,14030.7655,7015.38275,12.0,4.0,0.0,1.0,1
C102888,429,3,33777.888,11259.296,12.0,3.0,1.0,0.6666666666666666,1
C106885,82,8,120376.3945,15047.0493125,10.0,3.0,1.0,0.5,0
C110800,171,1,29174.575999999994,29174.575999999994,7.0,1.0,0.0,1.0,1
C105866,8,1,39499.05,39499.05,11.0,2.0,0.0,0.0,0
C109401,2,3,61298.126000000004,20432.70866666667,7.0,1.0,0.0,0.3333333333333333,0
C102722,28,2,32824.379,16412.1895,7.0,1.0,1.0,0.5,0
C111912,1,4,76396.186,19099.046499999997,11.0,1.0,1.0,0.5,0
C109698,101,6,178642.19950000002,29773.699916666665,5.0,2.0,1.0,0.6666666666666666,1
C110299,27,2,65038.846000000005,32519.423000000003,7.0,0.0,0.0,0.5,0
C105649,441,1,5480.736000000001,5480.736000000001,7.0,1.0,0.0,1.0,1
C102055,35,1,17058.1655,17058.1655,9.0,2.0,0.0,1.0,0
C113290,88,5,147748.652,29549.7304,19.0,7.0,1.0,0.4,0
C106704,81,2,31179.832000000002,15589.916000000001,7.0,4.0,0.0,0.5,0
C109726,6,3,55886.6225,18628.874166666665,12.0,3.0,1.0,0.6666666666666666,0
C112211,2,3,14520.0465,4840.0155,10.0,1.0,1.0,0.6666666666666666,0
C113529,250,3,8104.8150000000005,2701.605,4.0,3.0,1.0,0.6666666666666666,1
C110126,15,3,51929.61,17309.87,7.0,2.0,1.0,1.0,0
C111587,82,3,22220.388,7406.795999999999,14.0,6.0,0.0,1.0,0
C102936,68,1,761.337,761.337,10.0,4.0,0.0,1.0,0
C109737,67,4,143208.5525,35802.138125,6.0,3.0,1.0,0.5,0
C110550,-1,4,62988.355,15747.088749999999,11.0,3.0,2.0,0.5,0
C105356,58,1,43960.224,43960.224,7.0,2.0,0.0,1.0,0
C104501,19,2,58365.551999999996,29182.775999999998,8.0,2.0,0.0,0.5,0
C106815,11,5,139766.7205,27953.3441,6.0,3.0,1.0,0.6,0
C103335,5,7,225901.12,32271.588571428572,9.0,4.0,1.0,0.7142857142857143,0
C102758,369,2,75616.148,37808.074,4.0,1.0,0.0,0.5,1
C100017,82,2,24910.2,12455.1,3.0,1.0,0.0,0.0,0
C114185,156,1,3749.29,3749.29,2.0,0.0,0.0,0.0,1
C108332,187,8,147783.337,18472.917125,8.0,5.0,1.0,0.375,1
C110575,158,3,74939.1015,24979.700500000003,6.0,1.0,0.0,0.6666666666666666,1
C104680,70,4,51963.853,12990.96325,11.0,3.0,0.0,0.5,0
C114433,172,2,48080.22,24040.11,11.0,2.0,1.0,1.0,1
C104915,10,3,70250.82800000001,23416.94266666667,7.0,0.0,0.0,0.6666666666666666,0
C110349,169,1,23168.95,23168.95,15.0,4.0,0.0,0.0,1
C103630,72,4,107098.42199999999,26774.605499999998,7.0,1.0,0.0,0.75,0
C108852,119,1,38675.8015,38675.8015,3.0,0.0,1.0,1.0,1
C101327,163,3,68289.179,22763.059666666668,8.0,3.0,0.0,0.6666666666666666,1
C105972,126,3,55278.754,18426.251333333334,11.0,3.0,1.0,0.3333333333333333,1
C109187,79,2,50056.1365,25028.06825,10.0,3.0,1.0,1.0,0
C106360,4,3,52358.832500000004,17452.944166666668,12.0,2.0,0.0,0.6666666666666666,0
C114106,730,1,2227.216,2227.216,6.0,1.0,1.0,1.0,1
C114323,115,10,158188.491,15818.849100000001,10.0,1.0,1.0,0.5,1
C111706,285,2,84571.45999999999,42285.729999999996,5.0,0.0,1.0,0.5,1
C105540,95,5,129598.094,25919.6188,8.0,4.0,1.0,0.2,1
C104237,180,4,87278.076,21819.519,9.0,2.0,0.0,0.75,1
C113702,233,2,30449.52,15224.76,11.0,6.0,0.0,0.0,1
C109787,36,5,102419.65,20483.93,5.0,2.0,1.0,0.6,0
C105704,49,2,32255.995000000003,16127.997500000001,11.0,2.0,0.0,1.0,0
C101810,107,11,229052.65,20822.96818181818,9.0,3.0,2.0,0.36363636363636365,1
C104792,387,4,128103.3545,32025.838625,12.0,3.0,0.0,0.75,1
C101884,23,6,116147.5195,19357.919916666666,4.0,0.0,0.0,0.5,0
C114999,99,4,49289.322,12322.3305,7.0,1.0,0.0,1.0,1
C106784,73,1,5330.26,5330.26,12.0,3.0,0.0,0.0,0
C103535,50,2,23971.848,11985.924,11.0,3.0,0.0,1.0,0
C113946,2,2,4347.7074999999995,2173.8537499999998,5.0,2.0,0.0,1.0,0
C112677,159,3,55504.617,18501.539,8.0,3.0,1.0,0.3333333333333333,1
C105916,31,2,16485.867000000002,8242.933500000001,7.0,3.0,0.0,0.5,0
C101006,10,2,41644.562,20822.281,8.0,3.0,1.0,1.0,0
C112790,3,3,30696.989999999998,10232.33,8.0,2.0,0.0,0.0,0
C110441,4,3,53345.718499999995,17781.906166666664,4.0,0.0,1.0,1.0,0
C103461,45,4,74396.376,18599.093999999997,4.0,3.0,0.0,0.75,0
C102997,11,7,152892.076,21841.725142857144,6.0,0.0,0.0,0.2857142857142857,0
C105764,79,2,66426.062,33213.031,9.0,1.0,1.0,0.5,0
C105705,139,2,73878.85,36939.425,6.0,2.0,1.0,0.0,1
C113858,149,4,52890.33,13222.5825,10.0,3.0,0.0,0.75,1
C102543,-1,7,121961.3695,17423.052785714284,8.0,2.0,0.0,0.8571428571428571,0
C100921,273,1,15409.168000000001,15409.168000000001,8.0,4.0,0.0,1.0,1
C104369,447,1,16532.505,16532.505,10.0,4.0,0.0,1.0,1
C101265,89,6,178922.5755,29820.42925,8.0,1.0,2.0,0.16666666666666666,0
C105870,495,4,110456.3985,27614.099625,12.0,3.0,0.0,0.75,1
C103823,296,1,37459.962,37459.962,9.0,3.0,0.0,1.0,1
C106994,215,5,82806.9335,16561.3867,11.0,3.0,0.0,0.8,1
C113689,2,3,125573.65,41857.88333333333,11.0,2.0,0.0,0.0,0
C107160,30,8,123758.0225,15469.752812499999,7.0,2.0,0.0,0.75,0
C109817,178,1,14007.564000000002,14007.564000000002,8.0,1.0,0.0,1.0,1
C106018,782,1,13409.248000000001,13409.248000000001,8.0,3.0,0.0,1.0,1
C102446,640,5,46970.4195,9394.083900000001,8.0,4.0,1.0,0.6,1
C114890,1,1,31096.28,31096.28,5.0,2.0,0.0,0.0,0
C112630,324,2,37580.18,18790.09,3.0,1.0,0.0,0.0,1
C100658,80,1,12827.898000000001,12827.898000000001,6.0,1.0,0.0,1.0,0
C106852,189,3,69411.509,23137.16966666667,10.0,1.0,0.0,0.6666666666666666,1
C107943,206,1,16108.752,16108.752,11.0,3.0,0.0,1.0,1
C108833,0,4,103167.0615,25791.765375,7.0,1.0,1.0,0.5,0
C114412,44,4,57733.227,14433.306750000002,8.0,2.0,1.0,0.25,0
C112346,173,2,20745.953,10372.976499999999,10.0,2.0,0.0,0.5,1
C113536,-1,2,27484.034,13742.017,8.0,2.0,0.0,1.0,0
C113555,426,2,31364.352000000003,15682.176000000001,13.0,4.0,0.0,0.5,1
C102889,49,4,79536.17,19884.0425,14.0,5.0,2.0,0.25,0
C101248,382,1,3241.324,3241.324,4.0,0.0,0.0,1.0,1
C108180,57,6,77762.068,12960.344666666666,6.0,2.0,0.0,0.16666666666666666,0
C100063,275,3,53423.885500000004,17807.96183333333,5.0,0.0,1.0,0.3333333333333333,1
C107109,332,3,97443.874,32481.29133333333,9.0,2.0,3.0,0.3333333333333333,1
C113885,49,3,34998.4355,11666.145166666667,11.0,6.0,0.0,0.3333333333333333,0
C102248,318,2,14317.692000000001,7158.8460000000005,12.0,5.0,0.0,0.5,1
C102394,23,4,115240.8235,28810.205875,10.0,2.0,1.0,0.5,0
C102414,61,6,84782.80900000001,14130.468166666667,10.0,2.0,1.0,0.6666666666666666,0
C112650,28,8,136234.7385,17029.3423125,10.0,2.0,0.0,0.625,0
C113077,93,5,82228.2575,16445.6515,8.0,2.0,1.0,0.6,1
C114735,281,3,46730.751000000004,15576.917,6.0,0.0,0.0,0.6666666666666666,1
C107807,589,2,56397.212,28198.606,6.0,2.0,1.0,0.5,1
C109944,84,3,11658.3635,3886.1211666666663,7.0,1.0,0.0,1.0,0
C114686,325,4,88036.2345,22009.058625,8.0,2.0,1.0,1.0,1
C113410,29,9,209757.049,23306.33877777778,9.0,2.0,3.0,0.3333333333333333,0
C107971,8,3,81147.11549999999,27049.0385,10.0,3.0,0.0,0.6666666666666666,0
C101152,314,3,107022.164,35674.05466666667,9.0,2.0,1.0,0.3333333333333333,1
C102510,1,9,203707.0575,22634.1175,11.0,5.0,0.0,0.7777777777777778,0
C106478,170,2,42679.0265,21339.51325,13.0,7.0,0.0,0.5,1
C113405,83,2,52168.764,26084.381999999998,10.0,3.0,0.0,0.5,0
C101698,54,2,29514.230000000003,14757.115000000002,5.0,1.0,1.0,0.0,0
C106628,23,4,92385.779,23096.44475,15.0,1.0,1.0,0.75,0
C101141,148,3,11780.6835,3926.8945,4.0,1.0,0.0,1.0,1
C113888,47,3,23122.381,7707.460333333333,8.0,2.0,0.0,0.6666666666666666,0
C113491,128,3,64094.57,21364.856666666667,6.0,1.0,0.0,0.0,1
C111318,42,1,34845.97,34845.97,5.0,2.0,0.0,0.0,0
C114986,261,4,85515.008,21378.752,8.0,2.0,0.0,0.5,1
C105098,39,7,138088.5795,19726.939928571428,7.0,3.0,0.0,0.5714285714285714,0
C102383,63,3,51187.426,17062.475333333332,6.0,1.0,0.0,0.6666666666666666,0
C105259,17,6,160422.521,26737.086833333335,5.0,1.0,2.0,0.5,0
C103190,-1,4,104649.887,26162.471749999997,15.0,5.0,1.0,1.0,0
C107873,4,7,126644.912,18092.130285714284,5.0,1.0,2.0,0.42857142857142855,0
C103892,183,2,40425.14,20212.57,9.0,2.0,0.0,0.5,1
C113269,13,1,32352.69,32352.69,11.0,3.0,0.0,0.0,0
C101845,64,1,12659.9765,12659.9765,9.0,1.0,0.0,1.0,0
C102827,137,3,70085.924,23361.974666666665,9.0,4.0,1.0,1.0,1
C105309,35,9,181912.275,20212.475,7.0,1.0,5.0,0.4444444444444444,0
C102847,139,3,57857.088,19285.696,6.0,2.0,1.0,0.6666666666666666,1
C107015,141,2,33505.084,16752.542,8.0,3.0,0.0,0.5,1
C104333,236,3,53787.5725,17929.190833333334,11.0,1.0,2.0,1.0,1
C110289,311,3,65752.269,21917.423,9.0,2.0,0.0,0.6666666666666666,1
C103518,15,4,31007.3225,7751.830625,10.0,4.0,0.0,0.75,0
C108009,241,2,34292.7145,17146.357249999997,5.0,2.0,0.0,1.0,1
C105392,251,1,3175.2324999999996,3175.2324999999996,12.0,4.0,0.0,1.0,1
C100782,523,2,57871.288,28935.644,10.0,5.0,1.0,0.5,1
C110287,66,4,44269.2435,11067.310875,7.0,3.0,1.0,0.75,0
C104289,120,1,15545.043000000001,15545.043000000001,5.0,3.0,0.0,1.0,1
C111395,77,2,45775.943,22887.9715,7.0,0.0,0.0,1.0,0
C114600,274,6,93552.4935,15592.08225,8.0,2.0,3.0,1.0,1
C104011,35,6,95367.913,15894.652166666667,10.0,1.0,0.0,0.6666666666666666,0
C102723,25,1,8528.254500000001,8528.254500000001,9.0,1.0,0.0,1.0,0
C101058,73,2,27853.756,13926.878,9.0,2.0,0.0,1.0,0
C102247,192,5,126542.85,25308.57,8.0,3.0,1.0,0.4,1
C114360,41,5,37889.684,7577.9368,8.0,0.0,3.0,0.8,0
C102772,620,1,19538.352,19538.352,7.0,3.0,0.0,1.0,1
C110554,505,2,71965.72,35982.86,9.0,5.0,0.0,0.0,1
C105068,74,10,210654.488,21065.448800000002,7.0,3.0,3.0,0.6,0
C101196,2,2,5274.791,2637.3955,9.0,1.0,0.0,0.5,0
C102763,131,1,42461.729999999996,42461.729999999996,6.0,1.0,0.0,0.0,1
C114045,13,2,52785.727,26392.8635,11.0,2.0,3.0,0.5,0
C107994,80,2,10732.979,5366.4895,11.0,3.0,0.0,0.5,0
C102900,9,8,93620.174,11702.52175,8.0,2.0,1.0,0.5,0
C100619,10,4,49385.87,12346.467499999999,7.0,2.0,0.0,0.0,0
C108719,72,2,74606.57,37303.285,10.0,3.0,0.0,0.0,0
C108925,18,1,10453.626,10453.626,5.0,2.0,0.0,1.0,0
C104303,45,2,33523.06,16761.53,13.0,8.0,0.0,0.0,0
C113294,19,1,33458.24,33458.24,7.0,2.0,0.0,0.0,0
C109802,206,3,39451.284,13150.428,11.0,0.0,0.0,0.3333333333333333,1
C102621,689,1,23905.420000000002,23905.420000000002,7.0,2.0,0.0,0.0,1
C100634,178,1,13260.65,13260.65,8.0,2.0,0.0,0.0,1
C104442,5,5,242408.41100000002,48481.6822,10.0,2.0,1.0,0.6,0
C111540,93,1,50231.430499999995,50231.430499999995,8.0,1.0,0.0,1.0,1
C112123,1,5,96002.515,19200.503,5.0,1.0,1.0,0.6,0
C107949,102,5,50956.6635,10191.3327,7.0,1.0,1.0,0.6,1
C103194,651,3,79413.54000000001,26471.180000000004,8.0,4.0,0.0,0.3333333333333333,1
C101945,-1,14,296355.7635,21168.26882142857,7.0,2.0,5.0,0.7857142857142857,0
C102268,291,2,56946.738000000005,28473.369000000002,9.0,1.0,1.0,1.0,1
C106384,169,1,6271.0960000000005,6271.0960000000005,8.0,1.0,0.0,1.0,1
C106714,313,2,29916.160000000003,14958.080000000002,9.0,3.0,1.0,1.0,1
C109316,130,3,35594.314,11864.771333333332,10.0,1.0,0.0,1.0,1
C102290,-1,3,42174.5875,14058.195833333333,7.0,3.0,0.0,0.6666666666666666,0
C102171,0,2,23618.489,11809.2445,5.0,0.0,0.0,1.0,0
C102225,11,7,140189.1915,20027.027357142855,16.0,7.0,0.0,0.5714285714285714,0
C112585,87,1,9663.048499999999,9663.048499999999,9.0,3.0,1.0,1.0,0
C104737,102,1,682.06,682.06,7.0,3.0,0.0,0.0,1
C103246,11,3,86671.938,28890.645999999997,11.0,5.0,0.0,0.6666666666666666,0
C103157,570,2,33464.556,16732.278,13.0,4.0,0.0,1.0,1
C102672,69,4,104967.958,26241.9895,11.0,1.0,0.0,0.75,0
C105782,2,6,82231.5,13705.25,7.0,3.0,1.0,0.8333333333333334,0
C101259,0,5,111940.77100000001,22388.1542,14.0,5.0,1.0,0.8,0
C106270,522,1,9932.199999999999,9932.199999999999,7.0,4.0,1.0,0.0,1
C112286,160,2,23363.217,11681.6085,5.0,1.0,1.0,0.5,1
C101752,27,3,101618.76400000001,33872.92133333334,10.0,3.0,0.0,0.6666666666666666,0
C103852,465,1,8576.884999999998,8576.884999999998,7.0,3.0,0.0,1.0,1
C105651,-1,3,99866.618,33288.87266666667,12.0,3.0,0.0,0.6666666666666666,0
C114271,584,1,7817.008000000001,7817.008000000001,10.0,5.0,0.0,1.0,1
C108731,130,5,111762.4205,22352.484099999998,4.0,0.0,1.0,0.2,1
C114361,-1,4,44165.202999999994,11041.30075,5.0,1.0,0.0,0.75,0
C103252,253,2,53782.630000000005,26891.315,10.0,4.0,0.0,0.0,1
C108461,18,4,112761.798,28190.4495,6.0,3.0,1.0,0.5,0
C108396,171,3,92520.03850000001,30840.012833333338,8.0,2.0,0.0,1.0,1
C114202,886,1,5859.4495,5859.4495,9.0,2.0,0.0,1.0,1
C114663,199,3,103952.413,34650.80433333333,14.0,3.0,0.0,0.3333333333333333,1
C102583,23,2,74217.59599999999,37108.797999999995,7.0,1.0,0.0,0.5,0
C101536,509,3,37099.538,12366.512666666667,7.0,1.0,2.0,0.3333333333333333,1
C104413,455,2,73733.06049999999,36866.530249999996,13.0,5.0,0.0,1.0,1
C105118,13,7,124088.38399999999,17726.912,8.0,3.0,0.0,0.5714285714285714,0
C104925,81,2,32737.5415,16368.77075,6.0,1.0,0.0,1.0,0
C100839,37,2,12840.2315,6420.11575,10.0,5.0,0.0,0.5,0
C110975,37,2,35466.672999999995,17733.336499999998,9.0,1.0,1.0,1.0,0
C114003,19,4,101306.834,25326.7085,8.0,3.0,1.0,1.0,0
C106335,153,2,35654.2015,17827.10075,12.0,6.0,0.0,0.5,1
C100548,72,5,133564.1605,26712.8321,8.0,2.0,0.0,0.6,0
C101367,115,1,5390.6,5390.6,10.0,1.0,0.0,0.0,1
C108610,180,3,87655.728,29218.576,9.0,3.0,0.0,0.6666666666666666,1
C107867,65,4,83300.01,20825.0025,7.0,3.0,0.0,0.0,0
C114022,8,4,78436.2015,19609.050375,9.0,0.0,0.0,0.5,0
C103834,106,3,58553.1,19517.7,14.0,5.0,0.0,0.6666666666666666,1
C104494,165,4,51718.9205,12929.730124999998,6.0,0.0,0.0,0.75,1
C101819,46,7,175545.506,25077.929428571428,8.0,3.0,2.0,0.7142857142857143,0
C104264,440,2,51420.246999999996,25710.123499999998,7.0,3.0,1.0,0.5,1
C111720,8,2,57444.418999999994,28722.209499999997,15.0,3.0,1.0,0.5,0
C110617,152,2,27977.989999999998,13988.994999999999,10.0,1.0,0.0,0.5,1
C105899,137,6,141762.5705,23627.095083333334,10.0,4.0,0.0,0.6666666666666666,1
C102400,199,1,20959.17,20959.17,13.0,4.0,0.0,0.0,1
C104940,84,4,71577.517,17894.379249999998,12.0,2.0,0.0,0.75,0
C104185,33,6,90094.763,15015.793833333335,9.0,3.0,1.0,0.3333333333333333,0
C106897,37,1,23980.6695,23980.6695,10.0,2.0,1.0,1.0,0
C101290,67,1,53284.365000000005,53284.365000000005,8.0,4.0,0.0,1.0,0
C105584,496,2,13949.59,6974.795,6.0,3.0,0.0,0.0,1
C106919,3,9,177258.67250000002,19695.408055555556,6.0,0.0,0.0,0.5555555555555556,0
C105604,4,4,33020.3055,8255.076375,10.0,3.0,0.0,0.75,0
C106229,448,2,21391.842000000004,10695.921000000002,10.0,5.0,0.0,1.0,1
C101413,41,5,156047.5595,31209.5119,8.0,2.0,0.0,0.8,0
C102199,127,2,107390.23400000001,53695.117,11.0,1.0,1.0,0.5,1
C114373,66,5,133871.8105,26774.3621,3.0,1.0,1.0,0.4,0
C114307,224,3,53351.0795,17783.693166666668,6.0,0.0,0.0,0.6666666666666666,1
C114706,110,6,109131.22899999999,18188.538166666665,2.0,0.0,0.0,0.8333333333333334,1
C104240,159,3,71603.3575,23867.78583333333,7.0,1.0,0.0,0.6666666666666666,1
C114172,55,3,43654.119999999995,14551.373333333335,8.0,4.0,0.0,0.0,0
C106941,368,2,103597.22,51798.61,6.0,1.0,2.0,0.0,1
C114579,201,2,36793.149999999994,18396.574999999997,9.0,3.0,1.0,0.5,1
C112921,14,5,72733.2975,14546.6595,7.0,2.0,0.0,0.6,0
C114583,299,4,68687.41649999999,17171.854124999998,8.0,5.0,0.0,0.5,1
C110388,58,3,59628.3385,19876.112833333333,6.0,2.0,0.0,0.6666666666666666,0
C103637,29,3,26579.239,8859.746333333334,3.0,2.0,1.0,0.6666666666666666,0
C112849,10,11,151613.657,13783.059727272728,8.0,3.0,1.0,0.45454545454545453,0
C100832,100,1,23588.911,23588.911,4.0,1.0,0.0,1.0,1
C112553,10,1,1386.1040000000003,1386.1040000000003,4.0,0.0,0.0,1.0,0
C102699,2,3,56026.85,18675.616666666665,3.0,1.0,2.0,0.0,0
C113076,9,7,165257.2415,23608.177357142857,7.0,4.0,0.0,0.5714285714285714,0
C103952,21,2,12035.086,6017.543000000001,11.0,3.0,0.0,1.0,0
C107712,274,1,42996.29,42996.29,12.0,2.0,0.0,0.0,1
C104354,0,2,81679.4,40839.7,6.0,0.0,0.0,0.0,0
C107620,1028,1,13086.369999999999,13086.369999999999,10.0,5.0,1.0,0.0,1
C107012,84,1,38630.46,38630.46,10.0,3.0,0.0,1.0,0
C100087,83,3,87272.25600000001,29090.751999999997,9.0,3.0,0.0,1.0,0
C100656,3,5,124203.80200000001,24840.7604,9.0,2.0,1.0,0.8,0
C104751,55,7,107194.485,15313.497857142856,6.0,1.0,1.0,0.7142857142857143,0
C112344,63,1,24263.78,24263.78,13.0,5.0,0.0,0.0,0
C106661,456,6,142640.194,23773.365666666665,7.0,1.0,0.0,0.5,1
C114952,426,1,10978.623,10978.623,7.0,1.0,1.0,1.0,1
C107033,2,4,51755.358,12938.8395,6.0,2.0,0.0,0.75,0
C102506,121,5,149711.0285,29942.205700000002,11.0,4.0,3.0,0.8,1
C111823,76,2,93750.205,46875.10249999999,7.0,2.0,1.0,1.0,0
C110426,235,4,77407.7435,19351.935875,9.0,2.0,0.0,0.5,1
C111370,34,4,75175.384,18793.846,10.0,1.0,0.0,1.0,0
C108954,319,4,48229.362499999996,12057.340625,10.0,0.0,0.0,1.0,1
C109799,0,5,110631.747,22126.3494,8.0,0.0,0.0,0.4,0
C108153,13,4,96858.227,24214.55675,11.0,3.0,1.0,0.75,0
C102069,14,2,40154.42,20077.21,8.0,2.0,2.0,0.0,0
C100806,51,5,162957.967,32591.5934,9.0,3.0,0.0,0.4,0
C106095,-1,6,103071.7025,17178.617083333334,4.0,2.0,0.0,0.5,0
C104784,12,7,165451.61549999999,23635.945071428574,7.0,2.0,1.0,0.2857142857142857,0
C108457,221,3,70490.6665,23496.88883333333,10.0,5.0,1.0,0.6666666666666666,1
C110053,317,3,61403.80300000001,20467.934333333335,8.0,3.0,0.0,1.0,1
C102365,17,4,103665.2865,25916.321625,7.0,1.0,1.0,0.25,0
C104681,74,3,45948.279500000004,15316.093166666667,9.0,1.0,2.0,1.0,0
C101314,100,2,58755.7975,29377.89875,5.0,0.0,1.0,1.0,1
C110711,48,2,36323.947499999995,18161.973749999997,12.0,1.0,0.0,0.5,0
C110393,167,5,134661.4525,26932.290500000003,6.0,1.0,2.0,0.8,1
C111031,90,3,120681.13,40227.043333333335,9.0,1.0,1.0,0.0,0
C112691,112,3,85713.88,28571.293333333335,10.0,3.0,1.0,0.6666666666666666,1
C114269,14,1,26541.55,26541.55,7.0,2.0,0.0,0.0,0
C110660,482,1,53243.5,53243.5,14.0,4.0,0.0,0.0,1
C100817,549,1,6466.83,6466.83,6.0,3.0,0.0,0.0,1
C109545,73,3,32170.017,10723.339,11.0,4.0,0.0,0.6666666666666666,0
C107431,94,4,73945.199,18486.29975,4.0,0.0,0.0,0.25,1
C103438,553,1,7008.784,7008.784,7.0,3.0,0.0,1.0,1
C100226,387,3,57821.538,19273.846,8.0,1.0,0.0,0.3333333333333333,1
C102356,626,2,43370.632,21685.316,7.0,2.0,0.0,0.5,1
C107887,182,2,46702.948000000004,23351.474000000002,10.0,1.0,0.0,1.0,1
C101947,37,3,47041.5005,15680.500166666665,7.0,1.0,2.0,1.0,0
C113729,44,3,63226.291000000005,21075.430333333334,7.0,2.0,0.0,1.0,0
C111988,245,3,73058.554,24352.85133333333,6.0,0.0,0.0,1.0,1
C108055,167,2,68725.60800000001,34362.804000000004,8.0,2.0,0.0,0.5,1
C113870,111,1,7044.1795,7044.1795,9.0,3.0,1.0,1.0,1
C108116,91,1,6167.84,6167.84,9.0,3.0,0.0,0.0,1
C104558,41,3,51426.960999999996,17142.320333333333,7.0,3.0,2.0,1.0,0
C114215,111,3,111319.09749999999,37106.36583333334,12.0,2.0,1.0,1.0,1
C104049,87,1,31725.579999999998,31725.579999999998,9.0,4.0,0.0,0.0,0
C113763,63,5,135684.6405,27136.928099999997,8.0,0.0,1.0,0.4,0
C102969,245,6,85798.633,14299.772166666668,4.0,0.0,2.0,0.6666666666666666,1
C113104,189,1,29183.949,29183.949,10.0,3.0,0.0,1.0,1
C101838,2,2,10763.5085,5381.75425,11.0,5.0,0.0,0.5,0
C100478,85,4,60972.05449999999,15243.013624999998,10.0,2.0,0.0,1.0,0
C112297,375,4,94676.11600000001,23669.029,13.0,3.0,1.0,0.75,1
C106649,360,2,20728.88,10364.44,7.0,3.0,0.0,0.0,1
C101679,20,3,94856.644,31618.88133333334,14.0,3.0,1.0,0.3333333333333333,0
C112758,167,6,198947.896,33157.98266666667,10.0,4.0,4.0,0.6666666666666666,1
C101801,3,7,108448.0215,15492.5745,7.0,2.0,1.0,0.7142857142857143,0
C105698,241,1,31148.39,31148.39,5.0,3.0,0.0,0.0,1
C104561,-1,4,42878.0755,10719.518875,13.0,4.0,0.0,0.5,0
C107126,201,3,54020.476,18006.825333333334,7.0,1.0,0.0,0.3333333333333333,1
C103792,35,11,359794.05449999997,32708.550409090905,4.0,0.0,2.0,0.5454545454545454,0
C101455,1,4,84609.395,21152.348749999997,8.0,1.0,0.0,0.5,0
C101066,130,2,24509.238,12254.619,12.0,4.0,1.0,1.0,1
C110224,846,1,33892.656,33892.656,9.0,3.0,0.0,1.0,1
C110376,-1,4,50961.996,12740.499,7.0,1.0,0.0,0.5,0
C111448,242,2,65269.746,32634.873,5.0,2.0,1.0,0.5,1
C106171,82,3,55966.3385,18655.446166666665,6.0,3.0,0.0,0.6666666666666666,0
C108627,208,7,186130.9805,26590.140071428574,8.0,2.0,0.0,0.2857142857142857,1
C114160,28,1,15921.152999999998,15921.152999999998,6.0,2.0,0.0,1.0,0
C111137,0,2,49256.444,24628.222,6.0,3.0,2.0,0.5,0
C101255,1,2,38108.11,19054.055,6.0,2.0,0.0,0.0,0
C113780,22,6,183330.156,30555.026,7.0,3.0,1.0,0.16666666666666666,0
C100203,293,2,57673.353,28836.6765,7.0,1.0,2.0,1.0,1
C101646,106,5,88138.288,17627.6576,8.0,2.0,0.0,0.8,1
C114127,40,3,26584.156,8861.385333333334,16.0,5.0,0.0,1.0,0
C101510,36,4,57835.276,14458.819,6.0,2.0,1.0,0.5,0
C107415,193,1,66008.709,66008.709,6.0,3.0,0.0,1.0,1
C113032,182,2,21666.5435,10833.27175,9.0,2.0,0.0,0.5,1
C105876,9,6,87947.6285,14657.938083333334,7.0,2.0,1.0,0.3333333333333333,0
C108585,5,5,93274.257,18654.8514,6.0,2.0,0.0,0.8,0
C112600,7,4,52362.871499999994,13090.717874999998,9.0,3.0,0.0,0.75,0
C104811,57,5,134640.5055,26928.1011,9.0,3.0,1.0,0.6,0
C105854,4,3,55797.605500000005,18599.201833333333,6.0,2.0,1.0,0.6666666666666666,0
C108123,63,2,47670.417499999996,23835.208749999998,3.0,0.0,0.0,0.5,0
C112398,112,7,132396.4285,18913.775499999996,13.0,3.0,0.0,0.42857142857142855,1
C113123,173,1,34700.994999999995,34700.994999999995,8.0,2.0,0.0,1.0,1
C102308,4,4,88742.846,22185.7115,7.0,3.0,0.0,0.5,0
C111712,569,4,119128.2805,29782.070125,5.0,0.0,0.0,0.25,1
C100045,88,1,8290.83,8290.83,9.0,2.0,0.0,0.0,0
C104462,178,4,102314.067,25578.516750000003,9.0,1.0,0.0,0.5,1
C106317,351,1,25107.53,25107.53,5.0,3.0,0.0,0.0,1
C105528,151,3,59023.600999999995,19674.533666666666,13.0,6.0,0.0,0.6666666666666666,1
C101424,47,2,54325.6855,27162.84275,8.0,2.0,1.0,1.0,0
C106809,-1,2,74142.458,37071.229,8.0,1.0,1.0,0.5,0
C104803,81,3,56687.613,18895.871,7.0,1.0,0.0,0.3333333333333333,0
C107302,36,1,4841.88,4841.88,13.0,4.0,0.0,0.0,0
C104141,37,3,21292.818,7097.606,7.0,3.0,0.0,0.6666666666666666,0
C104854,64,10,178989.9295,17898.99295,7.0,4.0,2.0,0.7,0
C104050,208,2,120835.76999999999,60417.884999999995,9.0,3.0,1.0,0.0,1
C106947,244,1,15749.86,15749.86,6.0,1.0,0.0,0.0,1
C108365,265,1,22092.15,22092.15,5.0,1.0,1.0,0.0,1
C101595,72,5,146926.519,29385.3038,12.0,5.0,0.0,0.2,0
C100813,0,10,310219.6465,31021.964649999998,7.0,0.0,1.0,0.3,0
C109794,126,1,48781.789,48781.789,9.0,4.0,0.0,1.0,1
C104190,2,3,130447.3525,43482.450833333336,10.0,2.0,1.0,0.3333333333333333,0
C100136,17,2,37132.92,18566.46,5.0,2.0,0.0,1.0,0
C100271,14,5,89004.131,17800.8262,7.0,2.0,1.0,0.6,0
C110773,73,2,34257.674,17128.837,7.0,2.0,0.0,0.5,0
C113276,263,2,66222.459,33111.2295,10.0,6.0,0.0,0.5,1
C114084,28,6,40279.13,6713.188333333333,6.0,3.0,0.0,0.6666666666666666,0
C111164,16,4,117262.86249999999,29315.715624999997,9.0,2.0,1.0,1.0,0
C103054,256,2,42741.734,21370.867,9.0,5.0,1.0,0.5,1
C105005,94,2,27607.6795,13803.83975,6.0,3.0,0.0,0.5,1
C101427,223,3,78570.79,26190.263333333332,9.0,2.0,0.0,0.3333333333333333,1
C100392,15,1,8796.7815,8796.7815,7.0,2.0,1.0,1.0,0
C112568,16,1,15446.25,15446.25,7.0,6.0,0.0,0.0,0
C103361,94,4,157544.06350000002,39386.015875,8.0,2.0,0.0,0.5,1
C109069,179,2,16313.170000000002,8156.585000000001,5.0,0.0,0.0,0.0,1
C104270,22,3,55674.64199999999,18558.214,8.0,3.0,0.0,1.0,0
C114962,55,11,228482.2665,20771.115136363635,9.0,1.0,2.0,0.6363636363636364,0
C109328,11,3,58358.59,19452.86333333333,10.0,2.0,3.0,1.0,0
C109119,205,2,9669.435,4834.7175,7.0,3.0,0.0,0.5,1
C104544,185,2,50037.384,25018.692000000003,8.0,3.0,0.0,0.5,1
C101316,96,3,109545.4095,36515.1365,8.0,2.0,0.0,1.0,1
C101322,65,6,53769.2285,8961.538083333333,8.0,3.0,0.0,0.8333333333333334,0
C100006,211,2,51078.005000000005,25539.002500000002,10.0,3.0,2.0,1.0,1
C113389,186,4,42235.01,10558.7525,4.0,0.0,0.0,0.0,1
C101009,9,2,45597.2875,22798.64375,5.0,0.0,0.0,0.5,0
C111707,26,7,248204.378,35457.768285714286,6.0,2.0,2.0,0.42857142857142855,0
C102080,15,4,111851.87599999999,27962.968999999997,8.0,2.0,0.0,0.25,0
C114015,344,2,72908.816,36454.408,10.0,2.0,0.0,0.5,1
C114694,14,1,16630.48,16630.48,9.0,2.0,0.0,0.0,0
C111811,55,2,41891.559,20945.7795,10.0,3.0,0.0,1.0,0
C103390,9,1,395.20000000000005,395.20000000000005,8.0,2.0,0.0,1.0,0
C110080,613,1,3728.52,3728.52,10.0,4.0,0.0,1.0,1
C110162,41,8,240119.07749999998,30014.884687499998,5.0,2.0,0.0,0.75,0
C108340,189,4,56481.1315,14120.282875,14.0,7.0,1.0,0.5,1
C105035,4,2,30515.6475,15257.82375,2.0,0.0,1.0,1.0,0
C103515,10,2,38789.072499999995,19394.536249999997,7.0,4.0,0.0,0.5,0
C110248,181,3,53371.18,17790.393333333333,6.0,1.0,0.0,0.3333333333333333,1
C109057,121,3,83515.25,27838.416666666668,8.0,4.0,0.0,0.0,1
C108667,4,3,68965.394,22988.464666666667,6.0,3.0,1.0,0.6666666666666666,0
C108769,22,5,92305.4315,18461.0863,8.0,2.0,2.0,0.6,0
C107411,814,1,27043.46,27043.46,6.0,1.0,0.0,0.0,1
C108078,168,3,47461.8465,15820.6155,9.0,2.0,0.0,1.0,1
C110911,0,1,5832.170999999999,5832.170999999999,10.0,2.0,0.0,1.0,0
C112511,35,1,7622.55,7622.55,7.0,1.0,0.0,0.0,0
C110804,124,8,170830.0135,21353.7516875,8.0,3.0,2.0,0.25,1
C109158,177,1,384.516,384.516,12.0,4.0,0.0,1.0,1
C112861,339,1,11524.336,11524.336,11.0,5.0,0.0,1.0,1
C105158,743,1,25710.296000000002,25710.296000000002,7.0,1.0,0.0,1.0,1
C112565,28,8,127650.332,15956.2915,7.0,3.0,0.0,0.75,0
C100294,84,1,9578.583999999999,9578.583999999999,8.0,2.0,0.0,1.0,0
C105911,56,2,70634.2725,35317.13625,7.0,3.0,0.0,1.0,0
C113782,332,3,65741.007,21913.668999999998,14.0,5.0,2.0,0.6666666666666666,1
C113737,143,3,112957.714,37652.57133333333,7.0,2.0,2.0,0.6666666666666666,1
C109653,70,8,214088.686,26761.085750000002,6.0,1.0,2.0,0.5,0
C113589,121,3,131862.213,43954.070999999996,9.0,3.0,1.0,0.3333333333333333,1
C106185,213,2,75678.81049999999,37839.40525,10.0,3.0,0.0,0.5,1
C112084,221,1,7281.559,7281.559,10.0,1.0,0.0,1.0,1
C101603,14,2,26742.702,13371.351,8.0,2.0,0.0,0.5,0
C108313,47,7,131861.5735,18837.36764285714,8.0,2.0,2.0,0.42857142857142855,0
C100653,264,1,30047.5595,30047.5595,8.0,2.0,0.0,1.0,1
C113637,18,4,86520.2655,21630.066375000002,5.0,1.0,2.0,0.75,0
C113275,54,2,46643.787,23321.8935,8.0,3.0,0.0,1.0,0
C108432,1,3,21520.347999999998,7173.449333333333,11.0,4.0,0.0,0.3333333333333333,0
C114840,0,1,14828.094000000001,14828.094000000001,5.0,2.0,0.0,1.0,0
C112787,15,8,158682.4925,19835.3115625,6.0,4.0,2.0,0.5,0
C102636,42,3,76022.77649999999,25340.925499999998,8.0,3.0,0.0,0.3333333333333333,0
C105062,246,2,68817.599,34408.799499999994,4.0,0.0,0.0,0.5,1
C114451,29,3,33784.172000000006,11261.390666666668,5.0,2.0,0.0,0.3333333333333333,0
C104023,78,5,65479.508499999996,13095.901699999999,19.0,6.0,0.0,0.6,0
C106531,43,5,81396.821,16279.3642,9.0,2.0,1.0,0.4,0
C105475,350,1,33013.3,33013.3,5.0,2.0,0.0,0.0,1
C110146,20,3,58660.926999999996,19553.642333333333,11.0,3.0,0.0,0.6666666666666666,0
C112967,92,1,32132.26,32132.26,7.0,0.0,0.0,0.0,1
C103408,108,1,7478.880000000001,7478.880000000001,8.0,2.0,0.0,1.0,1
C112173,503,3,23584.129500000003,7861.376500000001,6.0,1.0,0.0,0.3333333333333333,1
C112947,63,1,6430.27,6430.27,9.0,3.0,0.0,0.0,0
C112342,2,1,41948.07,41948.07,6.0,2.0,1.0,0.0,0
C101843,349,1,44197.73,44197.73,7.0,1.0,0.0,0.0,1
C111832,109,2,29471.190000000002,14735.595000000001,7.0,3.0,0.0,0.0,1
C105738,128,5,74722.0075,14944.401500000002,8.0,2.0,0.0,0.6,1
C112152,332,2,72965.904,36482.952000000005,10.0,3.0,1.0,1.0,1
C112793,314,2,39562.646,19781.323,9.0,4.0,1.0,0.5,1
C114578,415,1,2241.368,2241.368,7.0,2.0,0.0,1.0,1
C100296,147,1,13094.6,13094.6,5.0,3.0,0.0,0.0,1
C106192,7,3,91210.118,30403.372666666666,10.0,2.0,0.0,0.6666666666666666,0
C105085,259,3,87678.37849999999,29226.126166666665,8.0,2.0,1.0,0.3333333333333333,1
C104595,150,2,44005.69,22002.845,6.0,2.0,0.0,1.0,1
C112001,276,2,5140.3215,2570.16075,10.0,2.0,0.0,0.5,1
C101333,99,2,48639.323,24319.6615,6.0,2.0,0.0,0.5,1
C104526,383,2,52096.7735,26048.386749999998,6.0,5.0,0.0,1.0,1
C103372,685,1,69680.28,69680.28,12.0,4.0,1.0,0.0,1
C112952,36,6,122220.60699999999,20370.101166666667,7.0,1.0,0.0,0.5,0
C112291,657,1,8965.863000000001,8965.863000000001,7.0,2.0,0.0,1.0,1
C107963,384,4,47946.57950000001,11986.644875000002,8.0,1.0,0.0,0.75,1
C106180,9,8,173793.772,21724.2215,11.0,3.0,0.0,0.875,0
C106800,49,5,49514.1675,9902.8335,10.0,0.0,0.0,0.8,0
C106188,71,3,62545.2465,20848.4155,10.0,4.0,0.0,1.0,0
C112470,265,2,28737.658,14368.829,10.0,2.0,0.0,0.5,1
C114156,13,1,30046.85,30046.85,10.0,2.0,0.0,0.0,0
C113012,73,2,29492.61,14746.305,12.0,7.0,1.0,0.0,0
C104152,51,6,134951.0635,22491.843916666665,7.0,2.0,1.0,0.8333333333333334,0
C111659,503,4,78314.37599999999,19578.594,8.0,3.0,0.0,0.75,1
C112018,104,2,45254.912500000006,22627.456250000003,4.0,2.0,1.0,1.0,1
C104066,85,2,17967.699999999997,8983.849999999999,9.0,1.0,0.0,0.0,0
C105182,191,5,86113.0285,17222.605699999996,5.0,2.0,0.0,0.8,1
C109215,376,1,15227.83,15227.83,12.0,3.0,0.0,0.0,1
C113303,193,1,1776.0345,1776.0345,6.0,3.0,0.0,1.0,1
C103111,483,1,21295.3,21295.3,11.0,4.0,0.0,0.0,1
C113837,244,3,61019.6675,20339.889166666668,5.0,2.0,0.0,1.0,1
C109509,246,1,4235.755499999999,4235.755499999999,12.0,2.0,0.0,1.0,1
C100357,20,5,89630.7285,17926.1457,7.0,3.0,1.0,0.6,0
C105097,17,4,81886.75,20471.6875,12.0,6.0,1.0,0.5,0
C101503,15,3,79692.4505,26564.15016666667,3.0,1.0,1.0,0.3333333333333333,0
C109507,31,1,36677.268000000004,36677.268000000004,12.0,1.0,0.0,1.0,0
C100909,40,4,92339.47200000001,23084.868000000002,12.0,4.0,1.0,0.5,0
C103889,341,1,19897.36,19897.36,11.0,1.0,0.0,0.0,1
C113984,13,13,319608.9625,24585.304807692308,3.0,1.0,4.0,0.6923076923076923,0
C109819,22,9,195676.9185,21741.879833333332,7.0,2.0,2.0,0.5555555555555556,0
C107283,270,1,29532.251,29532.251,11.0,2.0,0.0,1.0,1
C114425,259,4,113078.8535,28269.713375,7.0,1.0,1.0,0.5,1
C112595,500,2,17963.3645,8981.68225,9.0,1.0,0.0,0.5,1
C104952,8,2,28059.4,14029.7,8.0,4.0,1.0,0.0,0
C113361,321,5,62442.102,12488.420399999999,7.0,1.0,0.0,0.4,1
C100356,31,1,11273.8305,11273.8305,4.0,0.0,0.0,1.0,0
C103577,142,9,145427.606,16158.622888888889,9.0,3.0,2.0,0.4444444444444444,1
C100804,91,3,32311.396,10770.465333333334,13.0,3.0,1.0,1.0,1
C110622,25,5,129025.6855,25805.1371,6.0,2.0,2.0,1.0,0
C103411,2,1,11327.431499999999,11327.431499999999,7.0,2.0,1.0,1.0,0
C114939,41,3,32152.847999999998,10717.616,12.0,2.0,0.0,0.6666666666666666,0
C112556,59,6,137242.7175,22873.78625,4.0,2.0,1.0,0.6666666666666666,0
C109880,62,5,130385.64199999999,26077.1284,8.0,0.0,3.0,0.6,0
C108770,63,2,53113.47,26556.735,4.0,1.0,0.0,0.0,0
C113380,119,4,123522.1795,30880.544875,7.0,3.0,1.0,0.5,1
C114064,442,4,68002.234,17000.5585,7.0,1.0,0.0,0.25,1
C113627,158,2,9654.544,4827.272,12.0,3.0,0.0,1.0,1
C106011,28,4,73899.186,18474.7965,10.0,4.0,0.0,0.25,0
C114194,454,4,128628.9525,32157.238124999996,2.0,0.0,0.0,0.5,1
C109638,376,1,76333.43000000001,76333.43000000001,8.0,4.0,1.0,0.0,1
C108678,40,2,25185.748499999998,12592.874249999999,9.0,3.0,0.0,0.5,0
C103977,469,2,52366.876500000006,26183.438250000003,10.0,2.0,1.0,0.5,1
C101532,247,6,123490.081,20581.68016666667,11.0,4.0,1.0,0.5,1
C113986,58,6,152750.3165,25458.386083333335,4.0,1.0,3.0,0.8333333333333334,0
C114645,139,1,429.09,429.09,8.0,3.0,0.0,0.0,1
C104151,249,3,102713.904,34237.968,9.0,4.0,1.0,0.6666666666666666,1
C111891,9,5,127793.106,25558.6212,12.0,6.0,0.0,0.2,0
C103848,58,6,161580.4345,26930.072416666666,9.0,4.0,2.0,0.6666666666666666,0
C113504,67,8,138076.8425,17259.6053125,11.0,4.0,2.0,0.5,0
C107385,183,4,56054.612,14013.653,9.0,4.0,1.0,0.5,1
C110234,23,8,121008.221,15126.027625,9.0,0.0,0.0,0.625,0
C107825,212,3,51610.782,17203.594,9.0,4.0,1.0,0.6666666666666666,1
C114859,240,3,34701.992,11567.330666666667,8.0,3.0,1.0,0.6666666666666666,1
C113942,9,8,273016.074,34127.00925,11.0,1.0,1.0,0.375,0
C113563,42,5,90732.021,18146.4042,10.0,1.0,1.0,0.4,0
C111949,44,2,25464.2125,12732.10625,10.0,1.0,0.0,1.0,0
C101769,57,1,40409.3,40409.3,10.0,1.0,0.0,0.0,0
C100459,87,4,137560.557,34390.13925,9.0,2.0,2.0,0.25,0
C113853,105,2,31287.58,15643.79,3.0,1.0,0.0,0.0,1
C106765,54,2,43933.4375,21966.718749999996,5.0,2.0,0.0,1.0,0
C108490,63,2,28334.889,14167.4445,6.0,1.0,0.0,1.0,0
C104865,98,1,25349.4905,25349.4905,7.0,2.0,0.0,1.0,1
C104015,77,4,102239.21900000001,25559.804750000003,9.0,2.0,0.0,1.0,0
C109993,52,8,106434.8275,13304.3534375,10.0,4.0,2.0,0.375,0
C111976,635,2,22028.443,11014.2215,3.0,1.0,0.0,0.5,1
C106194,428,2,108848.349,54424.17450000001,3.0,1.0,1.0,0.5,1
C112773,46,2,44210.7,22105.35,10.0,3.0,2.0,0.0,0
C100590,491,1,17157.92,17157.92,13.0,1.0,0.0,0.0,1
C103375,51,6,124076.0255,20679.337583333334,7.0,1.0,1.0,0.5,0
C101516,2,12,269340.917,22445.076416666667,3.0,0.0,2.0,0.5,0
C102234,105,2,42740.29,21370.144999999997,7.0,3.0,0.0,0.0,1
C104609,389,3,42041.7945,14013.9315,14.0,7.0,0.0,0.6666666666666666,1
C110756,11,5,44203.188,8840.637599999998,8.0,3.0,0.0,0.6,0
C114448,3,1,30805.666,30805.666,7.0,3.0,0.0,1.0,0
C102391,27,1,7638.0065,7638.0065,16.0,2.0,0.0,1.0,0
C108750,677,1,14955.848000000002,14955.848000000002,4.0,1.0,0.0,1.0,1
C114805,969,1,26283.512000000002,26283.512000000002,8.0,3.0,0.0,1.0,1
C109477,17,5,80620.51699999999,16124.103399999998,6.0,0.0,2.0,0.2,0
C107249,119,4,99709.3605,24927.340125,7.0,1.0,1.0,0.75,1
C113668,336,1,10456.008000000002,10456.008000000002,10.0,2.0,0.0,1.0,1
C114782,553,2,30932.392499999998,15466.196249999999,5.0,2.0,0.0,1.0,1
C100332,80,3,103971.656,34657.21866666667,15.0,3.0,1.0,0.6666666666666666,0
C104678,25,3,42649.695999999996,14216.565333333332,8.0,3.0,0.0,0.6666666666666666,0
C113355,472,3,31611.997499999998,10537.332499999999,9.0,4.0,0.0,1.0,1
C110730,30,3,71045.45499999999,23681.81833333333,6.0,4.0,0.0,0.6666666666666666,0
C107409,2,2,62858.389500000005,31429.194750000002,1.0,0.0,0.0,1.0,0
C105657,10,2,34068.434,17034.217,10.0,3.0,1.0,0.5,0
C102731,13,2,28686.809,14343.4045,7.0,3.0,0.0,0.5,0
C102151,2,8,144757.861,18094.732625,13.0,0.0,0.0,0.5,0
C114423,350,2,69757.9605,34878.98025,8.0,1.0,1.0,1.0,1
C110831,103,5,71320.9165,14264.1833,7.0,0.0,0.0,0.6,1
C102582,72,4,104636.3475,26159.086875,6.0,1.0,0.0,0.25,0
C101605,118,1,16331.630000000001,16331.630000000001,12.0,5.0,0.0,0.0,1
C111938,436,2,52983.45,26491.725000000002,9.0,1.0,0.0,0.0,1
C106084,169,2,30115.213499999998,15057.60675,7.0,0.0,0.0,0.5,1
C103032,113,1,23819.5075,23819.5075,9.0,3.0,0.0,1.0,1
C110283,182,2,36948.8155,18474.40775,11.0,5.0,0.0,0.5,1
C113471,311,4,124381.6295,31095.407375,14.0,4.0,2.0,0.5,1
C114818,252,1,6258.0,6258.0,11.0,1.0,0.0,0.0,1
C113176,47,4,100759.7025,25189.925625,9.0,3.0,1.0,0.5,0
C111966,829,1,15270.64,15270.64,8.0,2.0,0.0,0.0,1
C110705,66,3,106252.5495,35417.5165,3.0,1.0,1.0,1.0,0
C100769,2,6,68820.3975,11470.066250000002,15.0,5.0,1.0,0.6666666666666666,0
C113996,31,3,19295.82,6431.94,11.0,3.0,0.0,0.0,0
C106108,18,2,48890.922,24445.461000000003,4.0,1.0,2.0,0.5,0
C112532,160,2,55778.81250000001,27889.40625,9.0,3.0,1.0,0.5,1
C111662,379,3,53100.554000000004,17700.184666666668,10.0,5.0,1.0,0.6666666666666666,1
C109148,216,5,85017.508,17003.5016,8.0,3.0,0.0,0.6,1
C100491,24,6,103786.5585,17297.75975,9.0,5.0,0.0,0.3333333333333333,0
C113433,104,6,131804.2345,21967.372416666665,3.0,1.0,2.0,0.6666666666666666,1
C106808,528,1,2041.0400000000002,2041.0400000000002,5.0,3.0,0.0,1.0,1
C113843,83,1,14889.9,14889.9,6.0,1.0,0.0,0.0,0
C108515,46,4,66604.974,16651.243499999997,4.0,1.0,1.0,0.75,0
C111159,193,2,119805.425,59902.712499999994,8.0,3.0,1.0,0.5,1
C111178,98,1,4133.4,4133.4,6.0,1.0,0.0,0.0,1
C106539,668,1,13825.349999999999,13825.349999999999,9.0,6.0,0.0,1.0,1
C105183,27,2,48969.49,24484.745,10.0,3.0,1.0,0.0,0
C106430,25,4,93572.6795,23393.169875,9.0,3.0,1.0,0.5,0
C107484,15,7,131761.4315,18823.061642857145,9.0,4.0,0.0,0.8571428571428571,0
C112282,347,1,1475.49,1475.49,10.0,4.0,0.0,0.0,1
C108901,15,4,96632.0355,24158.008875,4.0,1.0,0.0,1.0,0
C102958,560,2,63933.1265,31966.56325,10.0,4.0,0.0,1.0,1
C107870,806,1,26107.2,26107.2,14.0,4.0,0.0,1.0,1
C102565,14,3,92035.86850000001,30678.62283333333,5.0,1.0,2.0,0.6666666666666666,0
C104439,62,4,46728.714,11682.1785,13.0,2.0,0.0,0.5,0
C101865,515,1,26525.690000000002,26525.690000000002,10.0,2.0,0.0,0.0,1
C113219,301,2,70284.447,35142.2235,8.0,2.0,0.0,0.5,1
C113177,20,5,118233.54699999999,23646.7094,9.0,3.0,0.0,0.2,0
C107400,129,1,1170.7305,1170.7305,6.0,2.0,0.0,1.0,1
C103304,137,3,31524.307999999997,10508.102666666666,10.0,6.0,0.0,0.3333333333333333,1
C100900,243,5,167888.7365,33577.7473,5.0,0.0,1.0,0.8,1
C102517,24,4,57647.716499999995,14411.929124999999,7.0,1.0,0.0,0.5,0
C104805,53,3,71800.14499999999,23933.381666666664,3.0,1.0,0.0,1.0,0
C107677,77,3,25113.529499999997,8371.1765,2.0,1.0,1.0,0.6666666666666666,0
C109467,415,1,18356.3275,18356.3275,6.0,1.0,0.0,1.0,1
C107042,706,4,40649.511,10162.37775,5.0,1.0,0.0,0.25,1
C108213,50,1,12368.373,12368.373,12.0,3.0,0.0,1.0,0
C100033,311,1,24156.624,24156.624,7.0,0.0,0.0,1.0,1
C113489,223,2,13938.683,6969.3415,6.0,3.0,0.0,1.0,1
C102933,11,1,10099.52,10099.52,12.0,2.0,0.0,0.0,0
C108160,125,4,86765.9305,21691.482625,13.0,2.0,1.0,0.5,1
C101391,88,3,79220.16399999999,26406.721333333335,5.0,1.0,1.0,0.3333333333333333,0
C111235,203,2,32187.8695,16093.93475,6.0,0.0,0.0,1.0,1
C108959,162,3,106674.87,35558.29,10.0,2.0,1.0,0.0,1
C110328,310,1,3277.288,3277.288,17.0,3.0,0.0,1.0,1
C101811,258,2,47550.5515,23775.27575,7.0,3.0,0.0,1.0,1
C101728,10,1,23486.137499999997,23486.137499999997,8.0,3.0,0.0,1.0,0
C108737,160,3,85561.033,28520.34433333333,6.0,1.0,0.0,1.0,1
C113664,90,2,27214.6285,13607.31425,8.0,1.0,1.0,0.5,0
C113265,78,1,51418.03,51418.03,7.0,5.0,0.0,0.0,0
C109842,0,7,183643.789,26234.827,10.0,0.0,1.0,0.7142857142857143,0
C106659,277,3,95349.424,31783.141333333333,9.0,1.0,0.0,0.6666666666666666,1
C105862,150,6,104413.50349999999,17402.25058333333,5.0,2.0,1.0,0.8333333333333334,1
C113812,132,7,216840.615,30977.230714285713,11.0,4.0,0.0,0.42857142857142855,1
C106822,130,5,114822.295,22964.459000000003,7.0,2.0,1.0,0.4,1
C108073,14,2,34401.549,17200.7745,8.0,0.0,1.0,1.0,0
C104162,44,3,66982.69200000001,22327.564000000002,11.0,6.0,1.0,0.3333333333333333,0
C102000,9,2,39445.103500000005,19722.551750000002,5.0,1.0,0.0,1.0,0
C110753,404,2,4302.93,2151.465,7.0,3.0,0.0,0.0,1
C110887,233,3,35445.3385,11815.112833333333,5.0,0.0,0.0,0.3333333333333333,1
C101856,45,2,79607.88500000001,39803.942500000005,11.0,1.0,0.0,0.5,0
C111504,20,7,166163.5985,23737.65692857143,9.0,3.0,2.0,0.5714285714285714,0
C109756,30,6,241576.648,40262.77466666667,7.0,1.0,1.0,0.6666666666666666,0
C114641,124,2,35310.836,17655.417999999998,6.0,1.0,0.0,1.0,1
C103841,284,2,34684.978,17342.489,6.0,1.0,0.0,0.5,1
C105413,213,1,13579.55,13579.55,8.0,2.0,0.0,0.0,1
C112721,57,7,101088.613,14441.230428571429,8.0,3.0,1.0,0.5714285714285714,0
C107377,5,2,39988.621499999994,19994.31075,8.0,0.0,0.0,0.5,0
C110259,94,9,189428.78999999998,21047.64333333333,13.0,2.0,2.0,0.6666666666666666,1
C103737,75,6,160180.4055,26696.734249999998,7.0,2.0,1.0,0.5,0
C111580,39,3,28528.332000000002,9509.444000000001,8.0,2.0,0.0,0.3333333333333333,0
C103352,603,1,3436.5440000000003,3436.5440000000003,9.0,1.0,0.0,1.0,1
C112807,46,8,81206.448,10150.806,23.0,11.0,0.0,0.375,0
C105810,43,5,78811.50399999999,15762.300799999997,14.0,5.0,1.0,0.8,0
C108004,628,1,26532.108,26532.108,7.0,0.0,0.0,1.0,1
C114586,45,6,105138.527,17523.087833333335,17.0,9.0,1.0,0.5,0
C110341,741,1,31293.22,31293.22,14.0,5.0,1.0,0.0,1
C102982,154,1,53000.979999999996,53000.979999999996,10.0,4.0,0.0,0.0,1
C107118,55,3,30396.68,10132.226666666667,5.0,2.0,0.0,0.0,0
C106797,90,2,76198.8235,38099.41175,10.0,2.0,0.0,0.5,0
C103575,319,5,88486.5,17697.3,14.0,6.0,1.0,0.8,1
C110729,24,1,13035.46,13035.46,11.0,4.0,0.0,0.0,0
C110027,509,1,28012.25,28012.25,9.0,4.0,0.0,0.0,1
C114717,199,2,44591.697,22295.8485,14.0,5.0,0.0,1.0,1
C101839,143,5,69748.23199999999,13949.646400000001,11.0,4.0,0.0,0.6,1
C110140,7,3,79035.677,26345.22566666667,10.0,2.0,0.0,0.6666666666666666,0
C108465,29,3,59241.154500000004,19747.051499999998,6.0,3.0,0.0,0.6666666666666666,0
C111814,370,1,31759.083,31759.083,6.0,1.0,1.0,1.0,1
C102507,468,1,20021.265499999998,20021.265499999998,7.0,4.0,0.0,1.0,1
C109865,45,4,102796.998,25699.2495,5.0,1.0,0.0,0.5,0
C103510,20,5,126625.3515,25325.0703,10.0,6.0,0.0,0.6,0
C104118,44,3,38624.533500000005,12874.8445,11.0,5.0,1.0,0.3333333333333333,0
C102229,158,3,61048.344,20349.448,7.0,3.0,1.0,0.3333333333333333,1
C111063,4,3,27754.228499999997,9251.4095,7.0,1.0,0.0,1.0,0
C114958,41,2,56994.04400000001,28497.022000000004,12.0,4.0,0.0,0.5,0
C112753,58,3,91161.7125,30387.2375,14.0,4.0,3.0,0.6666666666666666,0
C114612,19,3,72201.528,24067.176000000003,5.0,1.0,1.0,0.6666666666666666,0
C108384,89,5,107622.64600000001,21524.5292,5.0,0.0,1.0,0.4,0
C105043,21,5,93210.188,18642.0376,4.0,0.0,2.0,0.8,0
C112146,166,2,41059.948,20529.974,20.0,7.0,0.0,0.5,1
C114705,32,2,30528.550000000003,15264.275000000001,7.0,4.0,0.0,0.0,0
C108230,62,2,31166.873,15583.4365,7.0,2.0,1.0,1.0,0
C101250,12,2,41195.171,20597.5855,6.0,1.0,0.0,0.5,0
C114608,179,5,137636.7315,27527.346299999997,10.0,4.0,1.0,1.0,1
C111628,106,1,13477.241499999998,13477.241499999998,1.0,0.0,0.0,1.0,1
C100032,5,2,39532.958,19766.479,9.0,0.0,1.0,1.0,0
C113769,21,2,9147.421999999999,4573.710999999999,10.0,0.0,1.0,1.0,0
C100815,14,11,326254.969,29659.542636363636,8.0,2.0,1.0,0.6363636363636364,0
C103481,128,3,36913.2495,12304.4165,9.0,5.0,0.0,0.6666666666666666,1
C110334,346,4,71107.392,17776.848,11.0,3.0,0.0,1.0,1
C108555,304,3,126528.98150000001,42176.32716666666,7.0,3.0,2.0,0.6666666666666666,1
C103215,17,4,126402.1895,31600.547375000002,9.0,4.0,3.0,0.75,0
C110342,130,3,82929.408,27643.136,7.0,0.0,1.0,0.3333333333333333,1
C112241,137,3,112893.42000000001,37631.14000000001,10.0,2.0,0.0,0.0,1
C104856,65,5,160059.282,32011.8564,12.0,1.0,2.0,0.2,0
C100958,6,4,104648.204,26162.051,8.0,1.0,2.0,1.0,0
C106459,14,3,80553.646,26851.21533333333,5.0,0.0,0.0,1.0,0
C114228,24,4,105608.48550000001,26402.121375000002,9.0,3.0,1.0,0.5,0
C103847,59,2,55964.7895,27982.39475,8.0,0.0,0.0,0.5,0
C104814,0,5,52433.4605,10486.6921,6.0,2.0,0.0,0.2,0
C112167,5,5,129085.3375,25817.0675,9.0,2.0,1.0,0.6,0
C108480,4,6,150887.35450000002,25147.89241666667,11.0,6.0,0.0,0.6666666666666666,0
C104122,19,6,113127.571,18854.595166666666,19.0,2.0,0.0,0.16666666666666666,0
C105726,1,2,27821.502,13910.751,9.0,3.0,0.0,1.0,0
C101441,106,1,27138.949999999997,27138.949999999997,6.0,0.0,1.0,0.0,1
C101820,15,5,87699.388,17539.8776,10.0,4.0,0.0,0.4,0
C103684,308,2,42657.0235,21328.51175,22.0,6.0,0.0,1.0,1
C106402,142,2,79769.66,39884.83,8.0,3.0,0.0,0.0,1
C114479,311,3,75266.70000000001,25088.899999999998,10.0,3.0,0.0,1.0,1
C110383,135,3,68690.6645,22896.888166666668,13.0,6.0,0.0,0.6666666666666666,1
C103870,109,4,77458.335,19364.58375,8.0,3.0,0.0,0.5,1
C111632,16,1,2423.6875,2423.6875,14.0,3.0,0.0,1.0,0
C104002,226,1,15521.768,15521.768,8.0,1.0,0.0,1.0,1
C108006,19,5,181330.2265,36266.0453,4.0,1.0,2.0,0.8,0
C110875,-1,3,49776.197,16592.065666666665,8.0,2.0,0.0,1.0,0
C102243,130,3,51195.26,17065.086666666666,10.0,4.0,0.0,0.0,1
C109170,9,5,117496.4565,23499.2913,8.0,3.0,0.0,0.6,0
C112424,231,1,27752.64,27752.64,9.0,6.0,1.0,0.0,1
C103552,35,1,1871.6670000000001,1871.6670000000001,10.0,4.0,0.0,1.0,0
C113845,51,2,31769.48,15884.740000000002,8.0,1.0,0.0,0.0,0
C105521,13,1,16804.96,16804.96,4.0,0.0,0.0,0.0,0
C113953,6,3,103510.37849999999,34503.4595,5.0,1.0,0.0,0.3333333333333333,0
C104169,382,4,61033.851,15258.46275,9.0,1.0,2.0,0.25,1
C104051,24,1,10372.58,10372.58,6.0,3.0,0.0,0.0,0
C105119,220,3,25169.457499999997,8389.819166666666,5.0,2.0,0.0,0.6666666666666666,1
C100277,106,2,83741.758,41870.879,12.0,3.0,1.0,0.5,1
C106824,267,1,66188.02,66188.02,9.0,4.0,0.0,0.0,1
C104900,219,5,131917.928,26383.585600000002,10.0,3.0,0.0,0.4,1
C100799,327,3,47505.5455,15835.181833333334,4.0,0.0,0.0,0.3333333333333333,1
C102671,3,5,142424.7475,28484.9495,12.0,3.0,2.0,0.4,0
C107751,110,2,13967.3215,6983.66075,8.0,3.0,0.0,1.0,1
C105435,387,1,53989.992000000006,53989.992000000006,11.0,0.0,0.0,1.0,1
C101254,27,2,40970.724500000004,20485.36225,12.0,3.0,0.0,0.5,0
C104857,42,5,115946.59000000001,23189.318,8.0,0.0,1.0,0.6,0
C109925,56,4,52793.974,13198.4935,11.0,1.0,0.0,1.0,0
C114973,43,6,123532.03,20588.671666666665,7.0,2.0,0.0,0.6666666666666666,0
C103450,233,3,51148.975,17049.658333333333,6.0,1.0,0.0,0.3333333333333333,1
C100742,199,2,66427.13,33213.565,5.0,1.0,1.0,0.0,1
C105476,99,7,126949.728,18135.67542857143,12.0,5.0,1.0,0.5714285714285714,1
C114257,50,1,2327.922,2327.922,9.0,3.0,0.0,1.0,0
C110096,191,2,45267.07,22633.535,9.0,2.0,1.0,0.0,1
C111710,313,3,105567.849,35189.282999999996,9.0,5.0,0.0,1.0,1
C102452,270,2,37585.759,18792.8795,7.0,2.0,0.0,1.0,1
C111521,148,2,40325.003,20162.5015,4.0,0.0,0.0,0.5,1
C102122,36,2,47775.3405,23887.67025,1.0,0.0,0.0,1.0,0
C107522,3,6,95815.7885,15969.298083333333,7.0,2.0,0.0,0.6666666666666666,0
C107200,119,5,141422.0125,28284.402499999997,6.0,2.0,2.0,0.6,1
C111473,14,2,20508.463,10254.2315,5.0,2.0,0.0,0.5,0
C108398,223,1,2362.347,2362.347,5.0,0.0,0.0,1.0,1
C100818,27,1,30920.29,30920.29,14.0,6.0,1.0,0.0,0
C102156,160,1,2117.31,2117.31,5.0,2.0,0.0,0.0,1
C103667,96,3,67962.0235,22654.007833333337,7.0,2.0,1.0,0.3333333333333333,1
C105436,218,1,6714.144,6714.144,13.0,4.0,0.0,1.0,1
C107556,48,4,49603.0555,12400.763875,7.0,4.0,0.0,0.5,0
C110416,12,1,21496.22,21496.22,5.0,0.0,1.0,0.0,0
C107130,2,6,143628.913,23938.152166666667,6.0,3.0,1.0,0.3333333333333333,0
C107133,170,3,46012.856999999996,15337.619,9.0,3.0,0.0,0.3333333333333333,1
C103250,198,3,44930.1785,14976.726166666667,6.0,2.0,1.0,0.6666666666666666,1
C107285,2,7,136154.2975,19450.61392857143,3.0,0.0,1.0,0.42857142857142855,0
C111284,331,1,36280.4055,36280.4055,9.0,3.0,0.0,1.0,1
C103750,443,1,34146.24,34146.24,5.0,3.0,0.0,0.0,1
C109313,3,3,126518.6025,42172.8675,6.0,1.0,0.0,0.6666666666666666,0
C102643,73,3,72389.65699999999,24129.88566666667,8.0,2.0,0.0,0.3333333333333333,0
C104660,23,4,133286.2715,33321.567875,10.0,4.0,0.0,0.5,0
C104831,0,6,175376.134,29229.35566666667,10.0,2.0,0.0,0.16666666666666666,0
C111152,79,1,10967.976,10967.976,7.0,2.0,0.0,1.0,0
C104443,143,1,40561.260500000004,40561.260500000004,9.0,1.0,1.0,1.0,1
C102721,671,1,14566.77,14566.77,8.0,1.0,0.0,0.0,1
C107754,174,5,63647.901,12729.5802,3.0,0.0,2.0,1.0,1
C108534,58,5,124826.421,24965.2842,8.0,3.0,0.0,0.4,0
C103465,-1,4,88124.79800000001,22031.199500000002,7.0,2.0,0.0,0.75,0
C102946,607,1,8732.77,8732.77,10.0,2.0,0.0,0.0,1
C113841,61,4,45210.3945,11302.598625,8.0,3.0,1.0,0.5,0
C100232,8,7,167377.87649999998,23911.125214285712,13.0,4.0,2.0,0.7142857142857143,0
C108112,19,2,14127.178,7063.589,5.0,2.0,0.0,0.5,0
C106618,901,1,17645.202,17645.202,10.0,3.0,0.0,1.0,1
C102404,58,7,71986.57,10283.795714285716,10.0,4.0,0.0,0.5714285714285714,0
C103152,65,6,81989.0535,13664.84225,4.0,0.0,0.0,0.6666666666666666,0
C111059,170,7,195913.0,27987.571428571428,6.0,1.0,2.0,0.7142857142857143,1
C108990,104,3,56636.923,18878.974333333335,3.0,2.0,0.0,1.0,1
C100316,127,1,2393.468,2393.468,7.0,2.0,0.0,1.0,1
C104959,92,5,179990.1215,35998.0243,6.0,1.0,1.0,0.8,1
C114131,227,4,107791.1615,26947.790375,11.0,0.0,1.0,1.0,1
C103930,67,3,67129.5625,22376.520833333332,6.0,2.0,1.0,0.3333333333333333,0
C106873,462,1,37604.67,37604.67,10.0,4.0,0.0,0.0,1
C104130,201,1,26505.0665,26505.0665,6.0,1.0,0.0,1.0,1
C110454,361,1,5843.41,5843.41,16.0,4.0,0.0,0.0,1
C102890,267,4,91833.9675,22958.491875,11.0,2.0,0.0,0.75,1
C103410,4,6,147989.9535,24664.99225,9.0,4.0,4.0,0.16666666666666666,0
C106935,13,7,113602.088,16228.869714285715,6.0,0.0,2.0,0.5714285714285714,0
C108251,53,3,75928.738,25309.57933333333,7.0,1.0,1.0,0.6666666666666666,0
C112158,272,1,15439.32,15439.32,3.0,2.0,0.0,1.0,1
C104823,53,4,75203.6695,18800.917375,12.0,2.0,1.0,0.75,0
C107842,368,2,28841.58,14420.79,7.0,2.0,0.0,0.5,1
C108766,61,4,94496.208,23624.051999999996,8.0,1.0,1.0,0.75,0
C104677,49,5,99542.737,19908.5474,8.0,1.0,1.0,0.8,0
C103992,24,2,33058.7375,16529.36875,3.0,1.0,0.0,1.0,0
C114404,90,5,104302.7015,20860.5403,7.0,1.0,1.0,0.8,0
C108054,182,3,35556.004,11852.001333333334,12.0,6.0,0.0,0.6666666666666666,1
C113765,129,7,159336.448,22762.349714285716,9.0,2.0,2.0,0.7142857142857143,1
C112490,160,1,1791.491,1791.491,11.0,3.0,0.0,1.0,1
C105023,30,3,93182.42,31060.80666666667,3.0,1.0,0.0,0.0,0
C112294,2,5,133398.348,26679.6696,8.0,1.0,3.0,0.8,0
C101497,631,2,22338.9255,11169.46275,8.0,2.0,0.0,1.0,1
C103030,2,2,32439.03,16219.515000000001,9.0,6.0,1.0,0.0,0
C108032,748,1,16647.912,16647.912,8.0,2.0,0.0,1.0,1
C107359,24,4,48662.281500000005,12165.570375,9.0,1.0,0.0,0.75,0
C102178,538,1,16519.9115,16519.9115,6.0,1.0,0.0,1.0,1
C108293,46,10,261704.48450000002,26170.448450000004,13.0,2.0,2.0,0.7,0
C100436,144,2,40675.54,20337.77,10.0,5.0,0.0,0.0,1
C105700,225,1,6570.8099999999995,6570.8099999999995,8.0,4.0,0.0,1.0,1
C108964,3,1,21786.68,21786.68,7.0,3.0,0.0,0.0,0
C111110,15,3,50753.012,16917.67066666667,6.0,0.0,0.0,0.3333333333333333,0
C109283,89,7,138000.7015,19714.385928571428,11.0,2.0,0.0,0.8571428571428571,0
C111133,207,2,22279.482000000004,11139.741000000002,8.0,3.0,0.0,0.5,1
C107769,29,1,11685.63,11685.63,7.0,2.0,0.0,1.0,0
C111803,317,1,12259.593,12259.593,6.0,0.0,0.0,1.0,1
C112841,204,6,210793.9615,35132.326916666665,9.0,4.0,1.0,0.5,1
C106982,115,1,25240.36,25240.36,7.0,3.0,0.0,0.0,1
C104564,747,1,3123.9455,3123.9455,13.0,2.0,0.0,1.0,1
C114306,729,1,4680.702,4680.702,10.0,3.0,0.0,1.0,1
C112020,32,7,154382.78399999999,22054.683428571425,8.0,2.0,1.0,0.42857142857142855,0
C109168,124,1,12724.167,12724.167,8.0,3.0,0.0,1.0,1
C113436,184,2,8782.526,4391.263,6.0,1.0,0.0,1.0,1
C113043,26,7,133787.121,19112.445857142855,7.0,4.0,1.0,0.7142857142857143,0
C105473,64,1,1569.3125,1569.3125,8.0,3.0,0.0,1.0,0
C112949,40,5,81370.691,16274.138199999998,9.0,1.0,1.0,0.8,0
C112207,294,3,78736.165,26245.388333333336,11.0,2.0,0.0,0.6666666666666666,1
C104286,274,1,22274.09,22274.09,8.0,1.0,0.0,0.0,1
C108021,10,4,91120.103,22780.02575,8.0,3.0,0.0,1.0,0
C112080,416,1,572.576,572.576,10.0,3.0,0.0,1.0,1
C100780,39,5,202581.2935,40516.2587,8.0,3.0,1.0,0.4,0
C102812,23,1,4519.09,4519.09,10.0,1.0,0.0,0.0,0
C101863,63,2,45353.527,22676.7635,10.0,3.0,0.0,0.5,0
C110088,5,3,60292.504,20097.501333333334,7.0,1.0,0.0,0.3333333333333333,0
C108320,506,1,6041.256,6041.256,7.0,2.0,0.0,1.0,1
C105535,60,3,132711.862,44237.287333333334,7.0,2.0,0.0,0.3333333333333333,0
C105793,19,1,17084.048,17084.048,4.0,1.0,0.0,1.0,0
C109863,121,3,77726.051,25908.683666666668,8.0,5.0,0.0,0.3333333333333333,1
C112446,226,4,49293.1225,12323.280625,4.0,2.0,0.0,0.75,1
C108323,314,2,26794.044,13397.022,0.0,0.0,0.0,0.5,1
C103248,293,2,24700.7945,12350.39725,6.0,3.0,0.0,0.5,1
C112541,90,3,60897.5725,20299.190833333334,9.0,3.0,0.0,1.0,0
C112399,62,3,66931.16100000001,22310.387000000002,12.0,4.0,0.0,0.6666666666666666,0
C103066,110,3,125102.70000000001,41700.9,8.0,2.0,0.0,0.3333333333333333,1
C109893,85,3,51762.4845,17254.1615,11.0,1.0,0.0,0.3333333333333333,0
C113402,21,5,96779.6045,19355.920899999997,17.0,6.0,2.0,0.6,0
C106289,92,2,47953.94,23976.97,6.0,1.0,0.0,0.0,1
C106437,14,2,21985.523,10992.7615,11.0,0.0,2.0,0.5,0
C101263,2,3,63469.852,21156.61733333333,13.0,7.0,0.0,0.3333333333333333,0
C110484,92,3,101184.06999999999,33728.02333333333,8.0,3.0,0.0,0.0,1
C106331,16,8,99143.7605,12392.970062499999,8.0,3.0,4.0,0.875,0
C110866,5,10,190146.5535,19014.65535,9.0,4.0,1.0,0.3,0
C114426,75,5,123673.8505,24734.7701,9.0,2.0,1.0,0.4,0
C102261,64,8,59619.94300000001,7452.492875,6.0,1.0,0.0,0.625,0
C110630,123,2,128124.1375,64062.06874999999,9.0,3.0,0.0,0.5,1
C105622,433,2,59411.5535,29705.77675,4.0,1.0,0.0,0.5,1
C105952,121,4,82636.237,20659.05925,9.0,4.0,1.0,0.75,1
C112210,179,1,2806.1369999999997,2806.1369999999997,13.0,6.0,1.0,1.0,1
C114076,-1,6,140137.9385,23356.323083333333,8.0,1.0,3.0,0.6666666666666666,0
C101869,8,1,20810.24,20810.24,13.0,4.0,1.0,0.0,0
C105129,92,4,85454.166,21363.5415,9.0,2.0,0.0,0.75,1
C104228,931,2,15234.9995,7617.49975,9.0,1.0,0.0,0.5,1
C109384,40,5,103732.513,20746.5026,8.0,3.0,1.0,1.0,0
C103645,61,4,47158.9265,11789.731625,6.0,3.0,1.0,0.5,0
C101651,183,6,159472.791,26578.798500000004,8.0,4.0,1.0,0.6666666666666666,1
C105681,422,3,105640.93650000001,35213.645500000006,9.0,2.0,1.0,0.6666666666666666,1
C108850,197,1,23530.22,23530.22,5.0,0.0,0.0,0.0,1
C106764,15,4,49680.33700000001,12420.084250000002,9.0,1.0,0.0,0.5,0
C105830,1,5,148769.2115,29753.8423,10.0,4.0,0.0,0.6,0
C107099,-1,8,94429.0665,11803.6333125,11.0,5.0,0.0,0.375,0
C110218,185,2,19279.243,9639.621500000001,8.0,3.0,0.0,0.5,1
C104559,527,1,2965.1,2965.1,13.0,1.0,0.0,0.0,1
C109331,69,2,24365.983500000002,12182.991750000001,4.0,0.0,0.0,1.0,0
C106923,42,1,13248.538499999999,13248.538499999999,7.0,3.0,0.0,1.0,0
C100715,2,6,142236.922,23706.153666666665,6.0,2.0,2.0,0.5,0
C108402,404,1,16932.2125,16932.2125,1.0,1.0,1.0,1.0,1
C112863,356,3,36066.498999999996,12022.166333333334,7.0,1.0,1.0,0.3333333333333333,1
C101277,85,1,38562.31,38562.31,6.0,1.0,0.0,0.0,0
C110241,315,7,160453.28999999998,22921.89857142857,12.0,2.0,2.0,0.5714285714285714,1
C114415,39,1,17226.2275,17226.2275,10.0,2.0,0.0,1.0,0
C108019,79,3,124067.8065,41355.9355,6.0,2.0,1.0,0.6666666666666666,0
C106954,112,2,56589.400499999996,28294.700249999998,5.0,2.0,1.0,1.0,1
C100403,839,1,2946.96,2946.96,6.0,1.0,0.0,0.0,1
C108628,111,4,47130.618,11782.6545,13.0,5.0,0.0,0.75,1
C100723,20,3,25136.4425,8378.814166666665,11.0,3.0,1.0,0.3333333333333333,0
C111957,102,1,16798.068,16798.068,18.0,5.0,1.0,1.0,1
C103757,345,2,62002.240999999995,31001.120499999997,5.0,2.0,0.0,0.5,1
C100792,334,3,55663.645000000004,18554.548333333336,9.0,6.0,0.0,0.6666666666666666,1
C106186,5,3,64999.553,21666.51766666667,2.0,2.0,0.0,0.3333333333333333,0
C105652,66,5,109164.048,21832.8096,11.0,8.0,2.0,0.2,0
C102328,24,2,67343.43849999999,33671.719249999995,5.0,1.0,0.0,1.0,0
C112301,108,4,99509.4545,24877.363625,10.0,2.0,1.0,0.5,1
C113848,100,2,66436.71399999999,33218.356999999996,10.0,2.0,0.0,0.5,1
C112284,135,4,51284.8795,12821.219875,10.0,3.0,1.0,0.25,1
C112516,120,6,100318.7905,16719.79841666667,8.0,1.0,2.0,1.0,1
C107161,53,1,45808.22,45808.22,8.0,3.0,1.0,0.0,0
C114727,128,4,55535.228,13883.807,19.0,6.0,2.0,0.75,1
C106776,98,4,99451.716,24862.929,6.0,2.0,1.0,0.75,1
C108041,-1,2,38479.99,19239.995,8.0,2.0,0.0,0.0,0
C107395,33,5,117940.902,23588.1804,5.0,3.0,0.0,0.6,0
C104294,7,2,43929.445999999996,21964.722999999998,10.0,3.0,0.0,0.5,0
C114088,392,2,78378.48,39189.240000000005,8.0,3.0,0.0,0.0,1
C112136,531,2,63444.3115,31722.15575,10.0,6.0,0.0,0.5,1
C112351,114,1,12918.619999999999,12918.619999999999,7.0,1.0,0.0,0.0,1
C107981,15,3,33527.770000000004,11175.923333333334,13.0,5.0,0.0,0.6666666666666666,0
C111536,119,2,7073.88,3536.94,5.0,1.0,0.0,0.0,1
C110889,50,3,48856.2155,16285.405166666666,5.0,2.0,0.0,1.0,0
C109538,576,3,52696.198000000004,17565.399333333335,8.0,2.0,1.0,0.6666666666666666,1
C107678,133,4,49028.162000000004,12257.040500000001,4.0,1.0,1.0,0.25,1
C110257,42,1,18361.24,18361.24,7.0,2.0,0.0,0.0,0
C104114,0,1,13984.64,13984.64,6.0,3.0,0.0,0.0,0
C110891,355,1,24366.800000000003,24366.800000000003,11.0,3.0,0.0,0.0,1
C109595,8,5,116955.4625,23391.0925,10.0,0.0,0.0,0.6,0
C110738,66,4,118467.0875,29616.771875000002,3.0,0.0,0.0,0.75,0
C114992,29,3,65014.664000000004,21671.554666666667,10.0,2.0,0.0,0.3333333333333333,0
C106403,24,5,80979.5975,16195.9195,12.0,6.0,0.0,1.0,0
C114038,491,2,27006.779000000002,13503.389500000001,7.0,0.0,0.0,0.5,1
C111061,49,6,122351.786,20391.964333333333,10.0,2.0,1.0,0.3333333333333333,0
C114774,143,1,13134.519499999999,13134.519499999999,10.0,4.0,0.0,1.0,1
C100350,207,1,17146.84,17146.84,10.0,4.0,0.0,0.0,1
C108977,18,3,92398.37,30799.456666666665,11.0,4.0,2.0,0.0,0
C100637,30,1,9782.0,9782.0,11.0,2.0,1.0,0.0,0
C101675,553,1,19292.0675,19292.0675,5.0,3.0,0.0,1.0,1
C108714,694,2,51429.703499999996,25714.851749999998,10.0,1.0,1.0,1.0,1
C109602,5,4,67893.25349999999,16973.313374999998,11.0,2.0,1.0,0.5,0
C112739,44,6,136628.326,22771.387666666666,13.0,1.0,3.0,0.6666666666666666,0
C112345,113,7,117945.91750000001,16849.416785714286,10.0,3.0,1.0,0.8571428571428571,1
C107282,26,2,32269.231,16134.6155,7.0,2.0,0.0,0.5,0
C110310,106,3,36588.9145,12196.304833333334,12.0,3.0,0.0,1.0,1
C114336,244,5,50805.79150000001,10161.1583,6.0,0.0,0.0,0.6,1
C108264,23,2,56444.554000000004,28222.277000000002,5.0,2.0,1.0,1.0,0
C104357,367,1,20108.86,20108.86,10.0,3.0,0.0,0.0,1
C114634,12,1,5768.2080000000005,5768.2080000000005,4.0,1.0,0.0,1.0,0
C114365,-1,5,201845.23,40369.046,13.0,4.0,2.0,0.0,0
C108310,26,1,15631.94,15631.94,8.0,5.0,0.0,0.0,0
C101122,539,4,11917.918,2979.4795,8.0,0.0,0.0,0.75,1
C114647,23,3,111488.79,37162.93,10.0,1.0,1.0,0.3333333333333333,0
C112906,93,3,17627.483,5875.827666666667,6.0,1.0,0.0,1.0,1
C100643,281,2,27902.292999999998,13951.146499999999,8.0,3.0,0.0,0.5,1
C111404,242,2,19924.088,9962.044,6.0,5.0,0.0,1.0,1
C103291,311,1,47089.94,47089.94,15.0,2.0,0.0,0.0,1
C113836,3,5,73928.5775,14785.7155,8.0,3.0,1.0,0.8,0
C110329,25,3,77592.02,25864.006666666668,8.0,4.0,2.0,0.3333333333333333,0
C101402,179,3,54595.552,18198.517333333333,4.0,1.0,0.0,0.3333333333333333,1
C109910,215,2,68965.06,34482.53,14.0,3.0,1.0,0.5,1
C102518,217,4,105320.631,26330.15775,6.0,0.0,0.0,0.5,1
C101405,755,1,68008.77900000001,68008.77900000001,16.0,3.0,1.0,1.0,1
C106423,558,2,66024.2705,33012.13525,8.0,2.0,1.0,0.5,1
C103856,79,8,122677.265,15334.658125,10.0,4.0,1.0,0.75,0
C101481,614,2,33287.6235,16643.81175,2.0,1.0,0.0,1.0,1
C101110,579,1,68951.55,68951.55,10.0,1.0,2.0,0.0,1
C102459,328,2,28057.069000000003,14028.534500000002,7.0,3.0,1.0,1.0,1
C101882,46,2,41377.850000000006,20688.925,8.0,0.0,0.0,0.0,0
C101425,114,2,63859.9615,31929.98075,10.0,4.0,0.0,0.5,1
C106663,2,2,80099.765,40049.88250000001,8.0,2.0,1.0,0.5,0
C109564,255,1,21750.030000000002,21750.030000000002,6.0,1.0,1.0,0.0,1
C107925,60,2,13605.299499999997,6802.649749999999,12.0,1.0,0.0,0.5,0
C107276,117,3,41118.778,13706.259333333333,8.0,4.0,0.0,0.3333333333333333,1
C105495,152,3,58566.385,19522.128333333334,7.0,2.0,0.0,0.3333333333333333,1
C108910,434,2,30788.402499999997,15394.201249999998,11.0,2.0,0.0,1.0,1
C110033,148,3,47244.227,15748.075666666666,9.0,5.0,1.0,0.6666666666666666,1
C102009,322,1,16412.43,16412.43,13.0,4.0,1.0,0.0,1
C109169,178,3,75154.239,25051.413,7.0,2.0,2.0,0.6666666666666666,1
C105403,58,2,22310.953999999998,11155.476999999999,9.0,3.0,1.0,1.0,0
C104000,7,6,144379.5695,24063.26158333333,4.0,1.0,3.0,0.6666666666666666,0
C113047,186,2,28535.5,14267.75,11.0,4.0,0.0,0.0,1
C112549,512,1,4096.4475,4096.4475,9.0,3.0,1.0,1.0,1
C108635,33,1,37695.44,37695.44,13.0,6.0,0.0,0.0,0
C112720,100,5,139845.981,27969.1962,5.0,1.0,1.0,0.6,1
C101691,460,2,54992.64,27496.32,7.0,2.0,0.0,0.5,1
C105520,22,3,43977.191999999995,14659.063999999998,7.0,2.0,0.0,0.6666666666666666,0
C114951,79,2,38568.441,19284.2205,6.0,1.0,0.0,0.5,0
C101403,193,2,30974.631,15487.3155,9.0,1.0,1.0,0.5,1
C104753,118,3,61059.658500000005,20353.219499999996,11.0,3.0,1.0,0.3333333333333333,1
C100326,13,1,13685.45,13685.45,6.0,1.0,0.0,0.0,0
C114524,279,1,31615.4525,31615.4525,10.0,1.0,0.0,1.0,1
C111161,41,8,122754.2065,15344.2758125,6.0,0.0,2.0,0.625,0
C110970,80,3,65463.797999999995,21821.266,9.0,2.0,1.0,0.6666666666666666,0
C101938,374,1,13822.105,13822.105,9.0,1.0,1.0,1.0,1
C107232,116,3,74044.932,24681.644,6.0,4.0,0.0,0.6666666666666666,1
C101101,17,2,33445.17,16722.585000000003,12.0,5.0,0.0,1.0,0
C101703,21,3,62471.3775,20823.7925,6.0,1.0,1.0,1.0,0
C102273,29,5,110477.3515,22095.4703,7.0,3.0,1.0,0.4,0
C101132,5,2,8092.3755,4046.18775,5.0,2.0,1.0,1.0,0
C105060,0,3,105818.3575,35272.785833333335,7.0,0.0,2.0,0.6666666666666666,0
C114826,530,2,31578.370000000003,15789.185000000001,9.0,3.0,0.0,0.0,1
C104970,165,2,18951.142,9475.571,6.0,2.0,0.0,0.5,1
C107810,209,2,14537.715,7268.8575,13.0,3.0,0.0,0.5,1
C111621,68,1,4157.485,4157.485,5.0,2.0,0.0,1.0,0
C109224,63,3,50056.849,16685.616333333335,9.0,1.0,1.0,0.6666666666666666,0
C103544,-1,3,53837.63,17945.876666666667,3.0,1.0,0.0,0.0,0
C112290,150,1,31035.37,31035.37,7.0,1.0,0.0,0.0,1
C109524,75,1,11321.336999999998,11321.336999999998,6.0,2.0,0.0,1.0,0
C104326,562,1,8809.67,8809.67,7.0,2.0,0.0,0.0,1
C105910,97,1,194.14849999999998,194.14849999999998,8.0,0.0,0.0,1.0,1
C107098,171,1,12734.462,12734.462,7.0,2.0,0.0,1.0,1
C111090,73,5,69718.4445,13943.6889,6.0,0.0,1.0,0.6,0
C102702,39,2,35037.7615,17518.88075,6.0,1.0,0.0,0.5,0
C109103,315,1,18815.28,18815.28,7.0,5.0,0.0,0.0,1
C106718,8,4,93853.68100000001,23463.420250000003,12.0,3.0,0.0,0.25,0
C100433,39,1,51681.68,51681.68,8.0,1.0,0.0,0.0,0
C114128,8,1,22998.56,22998.56,11.0,1.0,0.0,0.0,0
C105302,16,4,71504.78,17876.195,7.0,1.0,0.0,0.0,0
C105292,67,4,113312.29,28328.072500000002,10.0,4.0,1.0,0.0,0
C107216,112,2,28598.216,14299.108,8.0,2.0,1.0,0.5,1
C102539,14,1,20360.928,20360.928,9.0,3.0,0.0,1.0,0
C108921,62,4,60311.718499999995,15077.929624999999,6.0,2.0,0.0,0.75,0
C103214,152,2,22631.379999999997,11315.689999999999,6.0,0.0,1.0,0.0,1
C111600,245,3,22301.542,7433.847333333334,10.0,2.0,0.0,0.3333333333333333,1
C108819,656,1,37140.546,37140.546,10.0,4.0,0.0,1.0,1
C104332,152,2,55558.734000000004,27779.367000000002,9.0,3.0,1.0,0.5,1
C107370,10,5,93119.192,18623.8384,9.0,0.0,1.0,0.8,0
C110760,493,1,15957.529999999999,15957.529999999999,5.0,0.0,0.0,0.0,1
C108742,138,3,33457.908500000005,11152.636166666669,9.0,3.0,0.0,0.6666666666666666,1
C101944,129,1,9723.95,9723.95,14.0,5.0,0.0,0.0,1
C104509,57,4,100287.53,25071.8825,9.0,5.0,1.0,0.5,0
C100577,10,2,27192.132,13596.066,13.0,7.0,1.0,0.5,0
C100762,57,1,13490.43,13490.43,5.0,4.0,0.0,0.0,0
C107044,171,1,20023.8,20023.8,9.0,3.0,1.0,0.0,1
C100024,329,1,65102.04,65102.04,10.0,1.0,1.0,0.0,1
C110291,112,1,27163.169499999996,27163.169499999996,10.0,3.0,0.0,1.0,1
C107372,43,5,63960.390499999994,12792.078099999999,5.0,1.0,1.0,0.4,0
C114970,152,2,89276.01,44638.005000000005,10.0,4.0,0.0,0.0,1
C106506,126,2,44903.1,22451.550000000003,7.0,3.0,0.0,0.0,1
C112846,287,2,26802.7325,13401.36625,4.0,1.0,0.0,1.0,1
C104304,315,1,16155.4435,16155.4435,5.0,2.0,0.0,1.0,1
C108499,482,1,18174.728000000003,18174.728000000003,11.0,2.0,0.0,1.0,1
C108705,255,2,23265.486,11632.743,7.0,2.0,1.0,0.5,1
C100207,1,1,27145.129999999997,27145.129999999997,7.0,3.0,1.0,0.0,0
C102832,83,10,180165.483,18016.548300000002,11.0,4.0,1.0,0.7,0
C106980,497,1,11070.4085,11070.4085,6.0,2.0,0.0,1.0,1
C113367,54,6,100889.694,16814.949,10.0,3.0,0.0,0.3333333333333333,0
C104976,115,4,104666.38,26166.595,4.0,3.0,0.0,0.5,1
C105993,171,2,47366.64,23683.32,7.0,3.0,0.0,0.0,1
C114189,92,1,20207.594,20207.594,10.0,2.0,0.0,1.0,1
C106433,100,3,40471.936,13490.645333333334,7.0,3.0,0.0,0.3333333333333333,1
C109956,281,1,9521.95,9521.95,6.0,0.0,0.0,0.0,1
C108775,27,2,15363.009999999998,7681.504999999999,5.0,2.0,0.0,0.5,0
C112072,52,4,99315.576,24828.894,6.0,3.0,2.0,0.25,0
C104912,43,1,13804.611499999999,13804.611499999999,10.0,5.0,0.0,1.0,0
C103479,91,1,2870.946,2870.946,11.0,6.0,0.0,1.0,1
C105926,22,2,28264.506,14132.253,10.0,3.0,1.0,0.5,0
C113722,202,4,79003.7615,19750.940375000002,11.0,2.0,1.0,0.75,1
C100697,201,2,37204.350000000006,18602.175000000003,9.0,5.0,0.0,0.0,1
C104422,390,2,34530.006499999996,17265.003249999998,11.0,4.0,1.0,1.0,1
C100584,238,2,27667.67,13833.835,7.0,3.0,0.0,0.5,1
C102883,121,4,61714.72,15428.68,8.0,2.0,0.0,0.5,1
C100607,119,1,4058.28,4058.28,10.0,4.0,0.0,1.0,1
C106930,49,1,40140.42,40140.42,4.0,2.0,0.0,0.0,0
C110841,89,2,49783.8085,24891.90425,7.0,3.0,0.0,0.5,0
C111115,205,3,94783.75,31594.58333333333,8.0,2.0,0.0,0.3333333333333333,1
C103182,0,4,109108.253,27277.06325,5.0,2.0,0.0,0.75,0
C111687,297,3,60936.452000000005,20312.150666666665,9.0,2.0,0.0,0.3333333333333333,1
C101166,220,4,62612.796,15653.199,9.0,5.0,1.0,0.5,1
C110326,648,4,134868.568,33717.142,5.0,1.0,0.0,0.5,1
C102165,11,6,193000.566,32166.761,8.0,2.0,0.0,0.3333333333333333,0
C108171,38,3,50485.11749999999,16828.372499999998,5.0,2.0,0.0,0.3333333333333333,0
C113004,480,2,46161.451499999996,23080.725749999998,7.0,2.0,0.0,1.0,1
C102112,0,9,173594.179,19288.24211111111,11.0,4.0,1.0,0.4444444444444444,0
C112814,1,3,60252.213500000005,20084.071166666665,5.0,0.0,0.0,1.0,0
C101559,47,9,148139.79200000002,16459.976888888887,10.0,2.0,3.0,0.4444444444444444,0
C103966,73,1,17953.194999999996,17953.194999999996,9.0,1.0,1.0,1.0,0
C114918,115,2,18866.0865,9433.043249999999,10.0,4.0,0.0,0.5,1
C105962,15,6,124941.7675,20823.627916666668,9.0,0.0,3.0,0.5,0
C101360,486,3,29575.31,9858.436666666666,7.0,2.0,1.0,0.0,1
C102639,287,1,26274.15,26274.15,5.0,2.0,0.0,0.0,1
C111553,47,2,20329.021,10164.5105,10.0,2.0,1.0,1.0,0
C106639,16,3,33129.438500000004,11043.146166666667,13.0,1.0,0.0,0.6666666666666666,0
C109258,7,2,22055.018500000002,11027.509250000001,13.0,2.0,0.0,0.5,0
C103082,11,2,36949.2005,18474.60025,4.0,1.0,1.0,1.0,0
C108401,193,1,38541.648,38541.648,7.0,1.0,0.0,1.0,1
C108947,3,4,72119.667,18029.91675,14.0,5.0,1.0,0.5,0
C102512,58,2,2696.448,1348.224,9.0,2.0,0.0,1.0,0
C106297,2,3,63873.53049999999,21291.176833333335,5.0,1.0,2.0,0.3333333333333333,0
C106347,178,3,45943.276,15314.425333333333,6.0,1.0,0.0,0.3333333333333333,1
C112578,11,1,16018.79,16018.79,17.0,7.0,0.0,0.0,0
C111530,36,5,158700.6285,31740.125699999997,3.0,0.0,2.0,0.6,0
C109514,948,1,0.0,0.0,7.0,1.0,0.0,1.0,1
C110644,298,2,65388.013999999996,32694.006999999998,8.0,6.0,1.0,0.5,1
C101620,441,3,77156.2905,25718.7635,4.0,3.0,0.0,0.6666666666666666,1
C112032,124,2,10613.411499999998,5306.705749999999,6.0,1.0,0.0,1.0,1
C111819,432,2,37294.83,18647.415,7.0,2.0,1.0,0.0,1
C110502,25,2,41274.4145,20637.20725,9.0,2.0,0.0,0.5,0
C102207,660,2,66667.69,33333.845,9.0,2.0,0.0,0.5,1
C106921,64,3,27070.074,9023.358,12.0,5.0,0.0,1.0,0
C103960,55,3,20760.005999999998,6920.0019999999995,5.0,2.0,0.0,0.6666666666666666,0
C108899,146,3,13198.582,4399.527333333333,8.0,2.0,0.0,1.0,1
C108892,94,1,31704.160000000003,31704.160000000003,11.0,3.0,1.0,1.0,1
C111364,133,3,52141.5975,17380.532499999998,6.0,2.0,3.0,0.3333333333333333,1
C101827,73,5,70414.9785,14082.9957,4.0,1.0,0.0,0.8,0
C102739,124,4,74437.50899999999,18609.37725,7.0,2.0,2.0,0.25,1
C106911,4,5,117614.893,23522.9786,10.0,3.0,0.0,0.4,0
C108882,128,6,156498.32200000001,26083.053666666663,9.0,5.0,2.0,0.6666666666666666,1
C114779,98,3,28660.727000000003,9553.575666666668,16.0,2.0,0.0,0.6666666666666666,1
C113233,25,6,109691.71699999999,18281.952833333333,10.0,5.0,5.0,0.6666666666666666,0
C109496,511,1,16309.069,16309.069,5.0,2.0,0.0,1.0,1
C106937,211,3,67605.15000000001,22535.05,10.0,5.0,0.0,1.0,1
C100585,229,1,19777.93,19777.93,11.0,1.0,0.0,0.0,1
C113623,484,1,1503.4,1503.4,6.0,3.0,0.0,0.0,1
C113672,36,1,61744.29299999999,61744.29299999999,4.0,0.0,0.0,1.0,0
C105054,411,2,39581.263,19790.631500000003,8.0,2.0,0.0,1.0,1
C102334,40,5,82195.86,16439.172,7.0,2.0,0.0,0.0,0
C112517,40,1,13219.86,13219.86,7.0,3.0,0.0,0.0,0
C100363,439,2,24078.597,12039.2985,6.0,0.0,0.0,0.5,1
C104520,83,1,9067.67,9067.67,8.0,3.0,0.0,0.0,0
C103607,111,1,30332.08,30332.08,8.0,2.0,0.0,0.0,1
C106752,248,3,27544.204,9181.401333333333,13.0,4.0,0.0,0.6666666666666666,1
C113886,93,2,23918.3065,11959.15325,6.0,4.0,0.0,1.0,1
C108276,76,1,14640.089,14640.089,7.0,4.0,0.0,1.0,0
C107477,642,1,33274.72,33274.72,5.0,0.0,0.0,0.0,1
C109784,92,2,90206.94,45103.47,5.0,2.0,0.0,0.0,1
C106669,66,1,4133.424,4133.424,6.0,1.0,0.0,1.0,0
C102774,-1,2,35813.688,17906.844,9.0,3.0,0.0,0.5,0
C102128,365,3,49291.462,16430.487333333334,4.0,2.0,1.0,0.6666666666666666,1
C114734,363,1,10357.47,10357.47,10.0,3.0,0.0,0.0,1
C112719,108,4,40804.244,10201.061,9.0,2.0,1.0,0.25,1
C101070,567,2,40121.594,20060.797,3.0,2.0,0.0,0.5,1
C113060,33,3,45753.455,15251.151666666667,15.0,3.0,0.0,0.6666666666666666,0
C105892,288,1,3474.056,3474.056,12.0,4.0,0.0,1.0,1
C108983,82,2,37627.558,18813.779,8.0,3.0,0.0,0.5,0
C105344,233,1,23511.374,23511.374,11.0,3.0,0.0,1.0,1
C102126,144,2,39228.753,19614.3765,9.0,2.0,0.0,0.5,1
C107639,58,2,49936.865999999995,24968.432999999997,8.0,3.0,0.0,0.5,0
C109365,24,4,162318.64,40579.66,9.0,4.0,1.0,0.0,0
C109481,152,4,96450.083,24112.520750000003,9.0,2.0,3.0,0.75,1
C109246,278,3,55956.89,18652.296666666665,9.0,3.0,0.0,0.0,1
C103662,10,5,138589.7645,27717.952900000004,12.0,7.0,1.0,0.6,0
C102612,473,3,122613.239,40871.079666666665,6.0,1.0,0.0,0.3333333333333333,1
C114319,153,4,30236.7835,7559.195875,5.0,1.0,0.0,0.5,1
C102552,290,2,17953.09,8976.545,8.0,2.0,0.0,0.0,1
C107648,26,6,68936.8725,11489.47875,8.0,2.0,0.0,1.0,0
C105912,135,4,102016.901,25504.22525,10.0,3.0,0.0,0.75,1
C107729,194,5,156305.55000000002,31261.109999999997,10.0,3.0,1.0,0.2,1
C101962,305,3,28059.868000000002,9353.289333333334,8.0,2.0,0.0,0.6666666666666666,1
C109381,179,3,23325.654499999997,7775.218166666666,8.0,3.0,0.0,0.6666666666666666,1
C113894,4,4,87364.944,21841.236,6.0,1.0,0.0,1.0,0
C108691,151,4,26360.759,6590.18975,7.0,0.0,1.0,0.75,1
C108224,26,3,49994.153,16664.717666666667,5.0,0.0,1.0,1.0,0
C114610,526,1,9256.184,9256.184,11.0,2.0,0.0,1.0,1
C101588,15,1,50395.619999999995,50395.619999999995,6.0,4.0,0.0,0.0,0
C111515,6,1,12801.920000000002,12801.920000000002,5.0,1.0,0.0,1.0,0
C112355,411,1,10236.42,10236.42,7.0,2.0,1.0,1.0,1
C114408,42,5,56166.704000000005,11233.3408,8.0,4.0,0.0,0.4,0
C104713,72,1,21908.16,21908.16,14.0,4.0,0.0,0.0,0
C105002,584,1,7489.224000000001,7489.224000000001,5.0,2.0,0.0,1.0,1
C106888,33,9,177603.642,19733.737999999998,6.0,1.0,3.0,0.1111111111111111,0
C112306,9,4,90283.58,22570.895,5.0,0.0,1.0,0.5,0
C108029,77,2,37076.98,18538.49,6.0,3.0,0.0,1.0,0
C105730,88,1,15228.36,15228.36,3.0,2.0,0.0,0.0,0
C103154,38,9,260213.772,28912.641333333337,8.0,0.0,1.0,0.7777777777777778,0
C107028,31,1,11662.56,11662.56,10.0,2.0,0.0,0.0,0
C111002,131,4,30865.625,7716.40625,7.0,3.0,0.0,0.25,1
C109662,668,2,38717.5275,19358.76375,12.0,6.0,0.0,0.5,1
C100131,16,4,82311.24849999999,20577.812125,6.0,0.0,1.0,0.25,0
C107168,406,1,3718.7839999999997,3718.7839999999997,10.0,1.0,0.0,1.0,1
C107404,201,3,34979.636,11659.878666666666,9.0,2.0,0.0,0.6666666666666666,1
C110206,265,3,13680.769,4560.256333333334,10.0,3.0,0.0,0.6666666666666666,1
C112278,560,1,31598.45,31598.45,9.0,3.0,0.0,0.0,1
C114039,30,2,54893.646499999995,27446.823249999998,7.0,3.0,0.0,0.5,0
C112275,175,4,106527.151,26631.787749999996,8.0,1.0,0.0,0.5,1
C111394,343,1,7691.571,7691.571,6.0,2.0,1.0,1.0,1
C107584,6,7,152557.0265,21793.86092857143,7.0,0.0,2.0,0.8571428571428571,0
C101700,285,3,38880.514500000005,12960.171500000002,5.0,1.0,0.0,1.0,1
C104434,180,1,10308.6685,10308.6685,11.0,2.0,0.0,1.0,1
C100278,315,5,84033.766,16806.7532,10.0,4.0,0.0,0.6,1
C107921,335,1,12846.574499999999,12846.574499999999,14.0,4.0,0.0,1.0,1
C103277,197,2,24637.740999999998,12318.870499999999,7.0,0.0,0.0,1.0,1
C105942,75,6,114844.143,19140.6905,7.0,1.0,0.0,0.5,0
C106207,672,1,22944.105000000003,22944.105000000003,7.0,0.0,0.0,1.0,1
C107227,532,1,22263.4465,22263.4465,11.0,4.0,1.0,1.0,1
C100840,47,3,48924.726,16308.242,7.0,2.0,0.0,0.6666666666666666,0
C112062,639,2,57419.242,28709.621,11.0,3.0,1.0,0.5,1
C105398,3,4,79458.516,19864.629,7.0,1.0,0.0,0.5,0
C113003,60,2,45818.829,22909.4145,11.0,4.0,0.0,0.5,0
C100014,220,2,40911.79,20455.895,7.0,4.0,0.0,0.0,1
C111862,254,4,82925.94,20731.485,7.0,1.0,0.0,0.0,1
C102766,97,3,111515.1175,37171.70583333333,11.0,5.0,1.0,0.6666666666666666,1
C110755,2,6,124690.706,20781.784333333333,9.0,5.0,1.0,0.3333333333333333,0
C112953,224,4,95368.315,23842.07875,8.0,5.0,0.0,0.5,1
C114875,223,1,4102.134,4102.134,4.0,1.0,0.0,1.0,1
C103720,135,1,0.0,0.0,7.0,0.0,0.0,0.0,1
C102316,200,2,26669.11,13334.555,9.0,4.0,0.0,0.0,1
C110920,79,3,69077.506,23025.835333333333,7.0,0.0,0.0,0.3333333333333333,0
C108347,171,1,11073.15,11073.15,6.0,3.0,0.0,0.0,1
C102193,601,1,9944.51,9944.51,8.0,2.0,0.0,0.0,1
C111713,59,1,3138.11,3138.11,12.0,3.0,0.0,0.0,0
C111591,896,1,9079.4705,9079.4705,8.0,2.0,0.0,1.0,1
C109291,863,2,36990.806000000004,18495.403,4.0,1.0,0.0,0.5,1
C110548,139,6,157271.71,26211.951666666664,8.0,5.0,3.0,0.3333333333333333,1
C102174,160,7,192225.1115,27460.730214285715,8.0,1.0,0.0,0.2857142857142857,1
C110663,330,5,103369.992,20673.9984,9.0,2.0,0.0,0.6,1
C104340,3,3,68097.58399999999,22699.194666666666,6.0,0.0,0.0,0.3333333333333333,0
C105383,58,2,20989.129,10494.5645,5.0,2.0,0.0,1.0,0
C105146,8,3,72505.032,24168.344,11.0,3.0,0.0,0.6666666666666666,0
C106650,173,5,96382.946,19276.5892,10.0,1.0,2.0,0.4,1
C100662,215,1,21416.489999999998,21416.489999999998,7.0,2.0,0.0,0.0,1
C113300,131,1,5605.880000000001,5605.880000000001,3.0,0.0,0.0,1.0,1
C111400,8,1,4004.559,4004.559,17.0,3.0,0.0,1.0,0
C100882,34,3,66343.6625,22114.55416666667,13.0,3.0,1.0,0.6666666666666666,0
C103075,40,2,16719.08,8359.54,9.0,5.0,0.0,0.0,0
C106733,18,6,129836.5565,21639.426083333336,11.0,3.0,2.0,0.8333333333333334,0
C112851,271,1,15644.75,15644.75,7.0,2.0,0.0,0.0,1
C109867,123,6,143878.569,23979.761499999997,8.0,2.0,3.0,0.5,1
C102451,130,2,56359.0015,28179.50075,13.0,5.0,2.0,0.5,1
C100827,6,3,45301.843,15100.614333333333,11.0,3.0,0.0,0.3333333333333333,0
C114934,104,1,16755.811999999998,16755.811999999998,11.0,5.0,0.0,1.0,1
C104339,114,1,10736.310999999998,10736.310999999998,8.0,2.0,0.0,1.0,1
C106676,2,1,40570.63,40570.63,4.0,1.0,0.0,0.0,0
C106160,48,1,82720.92000000001,82720.92000000001,7.0,0.0,1.0,0.0,0
C100758,26,2,15891.269,7945.6345,11.0,4.0,0.0,0.5,0
C106680,-1,2,25553.877,12776.9385,10.0,5.0,0.0,0.5,0
C102470,11,5,148759.3515,29751.8703,10.0,1.0,1.0,0.6,0
C110473,483,1,18752.2,18752.2,6.0,1.0,0.0,0.0,1
C106557,149,4,42578.9145,10644.728625,7.0,2.0,0.0,0.25,1
C110741,60,2,112319.051,56159.5255,8.0,3.0,1.0,1.0,0
C105419,297,2,35076.590000000004,17538.295000000002,5.0,1.0,1.0,0.0,1
C113117,325,2,23094.423000000003,11547.211500000001,7.0,3.0,1.0,0.5,1
C104894,173,4,69701.745,17425.43625,14.0,4.0,1.0,0.75,1
C108489,20,1,20026.917,20026.917,6.0,1.0,0.0,1.0,0
C107770,49,3,38798.598,12932.866,6.0,1.0,0.0,0.6666666666666666,0
C112546,708,1,31633.73,31633.73,12.0,3.0,0.0,0.0,1
C105580,277,4,129542.39500000002,32385.598750000005,11.0,1.0,1.0,0.75,1
C111660,88,3,95910.32,31970.106666666663,11.0,2.0,0.0,0.0,0
C107542,30,3,80733.0445,26911.014833333335,7.0,2.0,1.0,0.3333333333333333,0
C112339,40,5,91200.1105,18240.0221,4.0,1.0,0.0,0.6,0
C104809,346,2,27693.02,13846.51,9.0,5.0,1.0,0.5,1
C101275,283,3,59235.0695,19745.023166666662,7.0,2.0,0.0,0.6666666666666666,1
C106883,6,2,17889.3835,8944.69175,7.0,3.0,0.0,1.0,0
C106865,185,2,43899.9125,21949.956249999996,4.0,1.0,0.0,1.0,1
C108400,145,10,205230.165,20523.016499999998,3.0,0.0,0.0,0.5,1
C102959,1,3,70358.97,23452.99,9.0,3.0,2.0,0.6666666666666666,0
C113657,64,12,270534.801,22544.566749999998,8.0,1.0,3.0,0.4166666666666667,0
C101546,13,2,57065.82400000001,28532.912,3.0,1.0,0.0,0.5,0
C113025,14,2,61569.871999999996,30784.936,12.0,3.0,0.0,0.5,0
C106237,240,7,160768.743,22966.963285714282,4.0,1.0,1.0,0.7142857142857143,1
C112890,142,2,32430.016499999998,16215.008249999999,11.0,3.0,0.0,1.0,1
C112513,30,4,70366.906,17591.7265,9.0,1.0,0.0,1.0,0
C108181,336,2,33600.130000000005,16800.065000000002,10.0,2.0,1.0,0.0,1
C111923,257,5,118522.786,23704.557200000003,12.0,4.0,0.0,0.4,1
C109623,15,3,85055.763,28351.921000000002,10.0,3.0,0.0,1.0,0
C110715,119,2,42556.56,21278.28,11.0,3.0,1.0,0.0,1
C106749,119,1,20728.316,20728.316,6.0,1.0,0.0,1.0,1
C112139,28,3,139504.37649999998,46501.45883333333,8.0,1.0,0.0,0.6666666666666666,0
C112810,18,2,23749.712,11874.856,6.0,1.0,1.0,1.0,0
C111565,2,9,195455.2675,21717.251944444444,15.0,7.0,1.0,0.7777777777777778,0
C110821,79,9,144566.8555,16062.983944444444,9.0,2.0,1.0,0.5555555555555556,0
C108784,392,3,78983.192,26327.73066666667,10.0,3.0,2.0,0.6666666666666666,1
C103958,133,4,75307.58350000001,18826.895875000002,11.0,1.0,0.0,0.5,1
C112563,56,3,33154.22,11051.406666666668,7.0,2.0,0.0,0.3333333333333333,0
C100346,282,1,558.9174999999999,558.9174999999999,7.0,3.0,0.0,1.0,1
C113254,195,1,7284.088000000001,7284.088000000001,13.0,3.0,0.0,1.0,1
C113621,30,4,102715.7315,25678.932875,6.0,4.0,0.0,0.5,0
C101701,216,1,70452.5475,70452.5475,11.0,3.0,1.0,1.0,1
C105686,382,3,84333.907,28111.302333333337,5.0,3.0,0.0,0.3333333333333333,1
C113465,701,1,6377.072,6377.072,9.0,4.0,0.0,1.0,1
C101549,31,1,28247.3275,28247.3275,10.0,1.0,0.0,1.0,0
C111645,731,1,8895.07,8895.07,9.0,3.0,0.0,0.0,1
C104747,67,2,41743.40900000001,20871.704500000003,6.0,2.0,0.0,0.5,0
C104663,368,3,92325.4755,30775.1585,12.0,6.0,0.0,0.6666666666666666,1
C109332,40,4,92745.0165,23186.254125,11.0,5.0,0.0,0.75,0
C101320,155,2,55365.201,27682.6005,3.0,1.0,1.0,1.0,1
C114219,5,6,88940.098,14823.349666666667,10.0,4.0,1.0,0.5,0
C101632,218,1,18621.528,18621.528,11.0,3.0,0.0,1.0,1
C111745,1,1,58892.69,58892.69,7.0,2.0,0.0,0.0,0
C108906,3,3,96739.8675,32246.622499999998,7.0,2.0,0.0,0.6666666666666666,0
C103398,264,2,37836.166,18918.083,8.0,1.0,0.0,0.5,1
C113775,81,1,1255.536,1255.536,5.0,2.0,0.0,1.0,0
C101648,34,1,12004.8365,12004.8365,6.0,2.0,0.0,1.0,0
C105512,22,8,170689.549,21336.193625,7.0,0.0,2.0,0.875,0
C108481,14,4,41163.7725,10290.943125,8.0,2.0,0.0,0.5,0
C101433,526,1,16205.84,16205.84,6.0,0.0,0.0,0.0,1
C109130,1,5,83551.032,16710.206400000003,3.0,1.0,1.0,0.6,0
C110533,21,2,13785.87,6892.935,9.0,2.0,0.0,0.0,0
C108231,133,5,96594.55500000001,19318.911,8.0,1.0,1.0,0.6,1
C104995,819,1,90155.7,90155.7,7.0,2.0,0.0,0.0,1
C107340,13,5,174656.465,34931.293,9.0,4.0,1.0,0.6,0
C112764,91,1,29834.728000000003,29834.728000000003,6.0,3.0,0.0,1.0,1
C110199,395,3,26514.606,8838.202,5.0,2.0,1.0,0.6666666666666666,1
C114274,13,5,75508.893,15101.7786,11.0,3.0,0.0,0.6,0
C105135,977,1,24608.03,24608.03,12.0,7.0,0.0,0.0,1
C113451,412,3,35228.9375,11742.979166666666,5.0,2.0,0.0,1.0,1
C112465,83,3,38250.4615,12750.153833333332,4.0,0.0,0.0,0.3333333333333333,0
C110098,100,3,28189.28,9396.426666666666,8.0,2.0,0.0,0.3333333333333333,1
C106357,42,5,75593.282,15118.656399999998,2.0,0.0,0.0,0.8,0
C114333,32,2,47438.979999999996,23719.489999999998,5.0,2.0,1.0,0.0,0
C113428,221,1,9034.76,9034.76,5.0,1.0,0.0,0.0,1
C114154,299,2,97827.607,48913.8035,3.0,2.0,0.0,0.5,1
C101473,34,8,142554.891,17819.361375,4.0,2.0,2.0,0.75,0
C103881,31,5,127050.895,25410.179,8.0,2.0,2.0,0.8,0
C101548,912,1,30581.307000000004,30581.307000000004,12.0,3.0,0.0,1.0,1
C104503,425,3,70667.666,23555.888666666666,4.0,2.0,0.0,0.6666666666666666,1
C112386,239,1,6751.023,6751.023,8.0,3.0,0.0,1.0,1
C103726,1,1,6846.13,6846.13,7.0,1.0,0.0,0.0,0
C108186,27,2,37607.6115,18803.80575,8.0,4.0,1.0,0.5,0
C107461,36,4,99427.09599999999,24856.773999999998,6.0,0.0,0.0,0.25,0
C101716,96,2,52299.0285,26149.51425,11.0,3.0,0.0,1.0,1
C100367,409,1,14977.619999999999,14977.619999999999,9.0,2.0,1.0,0.0,1
C113470,316,2,74745.9895,37372.994750000005,5.0,1.0,1.0,0.5,1
C111081,516,1,17133.0675,17133.0675,8.0,3.0,1.0,1.0,1
C109549,234,3,50682.24,16894.079999999998,10.0,3.0,3.0,0.0,1
C113323,69,3,52004.466,17334.822,9.0,5.0,1.0,0.6666666666666666,0
C106262,110,2,49314.503,24657.2515,9.0,2.0,0.0,1.0,1
C108175,184,2,71731.61,35865.805,4.0,2.0,0.0,0.5,1
C113661,28,4,78467.1485,19616.787125,8.0,4.0,1.0,0.75,0
C102833,25,3,80773.4615,26924.48716666667,13.0,2.0,0.0,0.3333333333333333,0
C105323,406,1,17817.1265,17817.1265,11.0,2.0,0.0,1.0,1
C111598,1,1,9667.528,9667.528,5.0,2.0,1.0,1.0,0
C104370,51,10,155358.225,15535.822499999998,4.0,2.0,3.0,0.7,0
C104556,210,3,58788.189999999995,19596.06333333333,10.0,4.0,0.0,0.3333333333333333,1
C112089,8,5,213065.9545,42613.1909,11.0,3.0,1.0,0.4,0
C104551,169,5,101167.21100000001,20233.4422,7.0,2.0,1.0,0.8,1
C102119,52,3,101065.588,33688.52933333333,7.0,1.0,0.0,1.0,0
C104793,776,1,15182.937,15182.937,7.0,1.0,0.0,1.0,1
C114724,146,3,59636.792,19878.930666666667,6.0,0.0,2.0,0.6666666666666666,1
C109041,41,5,228991.516,45798.3032,8.0,2.0,0.0,0.4,0
C110505,274,1,10737.6845,10737.6845,4.0,0.0,0.0,1.0,1
C112166,223,2,73085.652,36542.826,14.0,5.0,1.0,0.5,1
C114130,496,1,37764.416000000005,37764.416000000005,10.0,3.0,1.0,1.0,1
C108163,499,2,21949.02,10974.51,13.0,4.0,0.0,0.0,1
C100969,37,2,61123.738000000005,30561.869000000002,10.0,3.0,0.0,1.0,0
C106655,6,7,175756.184,25108.026285714288,5.0,3.0,0.0,0.42857142857142855,0
C114907,151,1,16002.34,16002.34,5.0,1.0,0.0,0.0,1
C102813,80,2,55254.259,27627.129499999995,10.0,1.0,0.0,0.5,0
C114497,31,1,4398.0,4398.0,11.0,4.0,0.0,0.0,0
C113937,139,1,40262.178,40262.178,7.0,0.0,0.0,1.0,1
C110692,75,7,112472.0505,16067.435785714286,11.0,4.0,1.0,0.5714285714285714,0
C101031,108,5,60008.012,12001.6024,4.0,1.0,1.0,0.4,1
C108327,69,3,32582.29,10860.763333333334,10.0,3.0,0.0,0.6666666666666666,0
C111609,156,4,84252.41649999999,21063.104124999998,9.0,3.0,0.0,0.25,1
C108427,197,2,11344.47,5672.235,9.0,5.0,0.0,0.0,1
C102536,66,1,14246.11,14246.11,11.0,3.0,0.0,0.0,0
C111517,15,6,87496.8515,14582.808583333333,6.0,3.0,0.0,0.5,0
C102188,26,3,58745.198000000004,19581.732666666667,11.0,2.0,0.0,0.3333333333333333,0
C103884,60,1,15882.064,15882.064,8.0,1.0,0.0,1.0,0
C109844,225,4,159683.81,39920.9525,4.0,0.0,1.0,0.75,1
C101505,274,1,21590.991,21590.991,11.0,1.0,0.0,1.0,1
C107752,323,3,75539.781,25179.926999999996,10.0,5.0,0.0,0.6666666666666666,1
C102604,50,7,166950.202,23850.028857142857,10.0,2.0,1.0,0.42857142857142855,0
C101090,19,3,70489.024,23496.341333333334,10.0,2.0,0.0,0.6666666666666666,0
C111892,112,3,145130.9635,48376.987833333325,9.0,1.0,0.0,0.3333333333333333,1
C113109,308,1,14830.524000000001,14830.524000000001,10.0,4.0,0.0,1.0,1
C112012,270,2,61766.761,30883.3805,10.0,2.0,1.0,0.5,1
C110412,314,1,19704.87,19704.87,8.0,0.0,0.0,1.0,1
C102153,126,2,72447.92,36223.96,13.0,2.0,1.0,0.0,1
C100320,256,2,40964.886,20482.443000000003,11.0,4.0,0.0,0.5,1
C100128,623,5,109381.398,21876.2796,10.0,2.0,0.0,0.8,1
C102438,52,7,125636.758,17948.108285714286,6.0,0.0,2.0,0.5714285714285714,0
C112748,38,3,62226.7385,20742.246166666668,11.0,3.0,0.0,0.6666666666666666,0
C108462,97,4,145824.4785,36456.119625,5.0,2.0,1.0,0.75,1
C110555,268,3,31256.573500000002,10418.857833333333,9.0,1.0,0.0,0.3333333333333333,1
C104279,164,3,64491.921,21497.307,10.0,2.0,0.0,0.6666666666666666,1
C102749,230,2,13763.885,6881.9425,10.0,3.0,0.0,0.5,1
C100456,248,2,27953.1985,13976.599250000001,6.0,0.0,0.0,1.0,1
C104070,418,1,19188.55,19188.55,4.0,0.0,1.0,0.0,1
C108342,361,1,1343.79,1343.79,10.0,3.0,0.0,0.0,1
C104463,19,2,9124.124,4562.062,6.0,0.0,0.0,0.5,0
C106872,415,5,111946.639,22389.3278,11.0,3.0,0.0,0.6,1
C105882,418,2,8815.372500000001,4407.686250000001,10.0,3.0,0.0,1.0,1
C101519,21,8,143160.6785,17895.084812499997,6.0,1.0,2.0,0.375,0
C103614,270,1,8232.99,8232.99,6.0,4.0,0.0,0.0,1
C113212,5,2,18799.285,9399.6425,7.0,1.0,0.0,0.5,0
C109536,4,4,123177.6485,30794.412125,6.0,0.0,1.0,0.25,0
C105448,147,6,98955.889,16492.648166666666,11.0,1.0,0.0,0.6666666666666666,1
C107089,277,1,75695.951,75695.951,6.0,2.0,2.0,1.0,1
C107164,80,7,89797.9815,12828.28307142857,10.0,3.0,0.0,0.8571428571428571,0
C105110,327,2,29699.123,14849.5615,10.0,0.0,0.0,0.5,1
C105711,25,2,33655.7215,16827.86075,13.0,6.0,0.0,1.0,0
C105020,146,2,43545.179500000006,21772.58975,8.0,2.0,2.0,1.0,1
C113287,729,1,20687.34,20687.34,5.0,0.0,0.0,0.0,1
C109122,90,3,69311.79000000001,23103.930000000004,7.0,3.0,3.0,0.3333333333333333,0
C107388,21,3,131751.2725,43917.09083333334,7.0,1.0,0.0,0.6666666666666666,0
C108070,165,7,227949.725,32564.24642857143,10.0,0.0,1.0,0.5714285714285714,1
C108797,172,2,31370.984999999997,15685.492499999998,11.0,1.0,1.0,0.5,1
C114149,58,7,235681.96000000002,33668.85142857143,9.0,5.0,2.0,0.14285714285714285,0
C106889,25,6,124209.912,20701.652,8.0,2.0,0.0,0.3333333333333333,0
C106224,0,5,62290.392,12458.0784,6.0,2.0,2.0,0.2,0
C109015,38,3,78108.7,26036.233333333334,6.0,2.0,0.0,0.0,0
C110560,211,2,43954.788,21977.394,5.0,1.0,0.0,0.5,1
C101713,153,2,47923.329000000005,23961.6645,8.0,0.0,0.0,0.5,1
C100873,39,12,327421.5395,27285.128291666668,4.0,2.0,1.0,0.6666666666666666,0
C106903,158,3,29665.7105,9888.570166666666,14.0,2.0,0.0,0.6666666666666666,1
C101012,13,1,65048.5365,65048.5365,8.0,3.0,0.0,1.0,0
C108643,202,1,32926.69,32926.69,5.0,0.0,0.0,0.0,1
C111716,32,5,126722.757,25344.551400000004,10.0,0.0,1.0,0.4,0
C112929,101,2,49394.52799999999,24697.264,5.0,0.0,0.0,0.5,1
C108270,466,1,15593.95,15593.95,7.0,3.0,0.0,0.0,1
C101859,305,2,38720.520000000004,19360.260000000002,11.0,3.0,1.0,0.5,1
C113730,41,4,32802.811499999996,8200.702875,4.0,0.0,1.0,0.75,0
C100501,783,1,6206.862999999999,6206.862999999999,6.0,0.0,1.0,1.0,1
C106153,166,2,19024.625,9512.3125,11.0,2.0,1.0,0.5,1
C111123,8,1,6466.311,6466.311,7.0,2.0,0.0,1.0,0
C100636,0,2,76966.395,38483.1975,10.0,6.0,0.0,0.5,0
C101822,22,2,30778.224,15389.112,7.0,2.0,0.0,1.0,0
C101619,336,1,25174.926,25174.926,5.0,1.0,0.0,1.0,1
C110710,24,3,54547.771499999995,18182.590500000002,12.0,3.0,1.0,0.6666666666666666,0
C113155,34,3,47728.149,15909.383,10.0,2.0,0.0,0.3333333333333333,0
C108564,211,2,39878.209,19939.1045,9.0,5.0,0.0,1.0,1
C107662,91,7,105495.9895,15070.855642857143,6.0,1.0,0.0,0.7142857142857143,1
C106034,80,3,65438.587,21812.862333333334,5.0,2.0,0.0,0.6666666666666666,0
C106755,355,3,27037.271500000003,9012.423833333334,8.0,2.0,0.0,1.0,1
C102333,553,1,42837.498,42837.498,3.0,0.0,1.0,1.0,1
C111806,293,2,41905.51,20952.755,11.0,5.0,0.0,0.0,1
C101421,207,2,22188.751,11094.3755,8.0,3.0,0.0,1.0,1
C109275,225,2,12480.5,6240.25,10.0,2.0,0.0,0.0,1
C101568,65,2,21128.91,10564.455,11.0,4.0,0.0,0.0,0
C101891,65,1,21356.8705,21356.8705,5.0,1.0,0.0,1.0,0
C103826,63,3,106582.66450000001,35527.554833333335,10.0,4.0,2.0,1.0,0
C106092,162,1,3966.3269999999998,3966.3269999999998,10.0,3.0,0.0,1.0,1
C103153,134,1,9117.88,9117.88,9.0,2.0,0.0,0.0,1
C107445,68,4,73618.91350000001,18404.728375,5.0,1.0,1.0,1.0,0
C100023,272,4,101879.545,25469.88625,5.0,1.0,1.0,0.75,1
C112461,108,4,131673.3155,32918.328875,9.0,5.0,0.0,0.25,1
C102145,-1,5,100770.57800000001,20154.1156,11.0,5.0,2.0,0.8,0
C106282,176,3,103404.985,34468.32833333333,7.0,2.0,2.0,0.3333333333333333,1
C107785,173,1,63027.264,63027.264,6.0,1.0,1.0,1.0,1
C114956,1,1,3964.5,3964.5,5.0,2.0,0.0,1.0,0
C104390,216,1,3465.992,3465.992,11.0,5.0,0.0,1.0,1
C103238,315,1,14256.155999999999,14256.155999999999,10.0,5.0,0.0,1.0,1
C112873,-1,5,124870.44200000001,24974.0884,7.0,2.0,0.0,0.2,0
C110151,97,4,62966.144,15741.536,11.0,3.0,0.0,0.75,1
C114428,184,4,43438.7675,10859.691875,5.0,1.0,0.0,0.5,1
C106917,580,1,17658.888000000003,17658.888000000003,11.0,3.0,1.0,1.0,1
C113082,97,4,150446.34,37611.585,7.0,3.0,0.0,0.0,1
C106781,-1,2,18128.707000000002,9064.353500000001,9.0,5.0,0.0,1.0,0
C112560,62,3,54445.047999999995,18148.34933333333,12.0,3.0,0.0,0.3333333333333333,0
C108488,201,1,13488.224,13488.224,7.0,0.0,0.0,1.0,1
C104714,92,5,111768.5845,22353.7169,8.0,1.0,0.0,0.6,1
C109745,65,3,60032.545,20010.84833333333,11.0,2.0,0.0,0.6666666666666666,0
C103506,149,2,29558.14,14779.07,11.0,2.0,0.0,0.0,1
C112132,15,3,53953.731,17984.577,9.0,1.0,0.0,0.6666666666666666,0
C110763,15,3,47655.1265,15885.042166666666,11.0,1.0,1.0,0.6666666666666666,0
C110949,87,1,22689.13,22689.13,5.0,4.0,0.0,0.0,0
C101955,599,1,30656.462,30656.462,11.0,2.0,0.0,1.0,1
C109774,247,3,44702.306,14900.768666666665,9.0,1.0,1.0,0.3333333333333333,1
C105790,326,2,49221.375,24610.6875,6.0,1.0,1.0,1.0,1
C106058,121,4,83201.36600000001,20800.341500000002,9.0,2.0,1.0,0.75,1
C103338,147,1,6778.452499999999,6778.452499999999,6.0,2.0,0.0,1.0,1
C100135,963,1,43627.113000000005,43627.113000000005,8.0,0.0,1.0,1.0,1
C104806,760,1,8538.08,8538.08,9.0,3.0,1.0,1.0,1
C102942,114,4,101935.06450000001,25483.766125000002,9.0,3.0,1.0,0.75,1
C108801,568,1,4874.411999999999,4874.411999999999,12.0,2.0,0.0,1.0,1
C108759,40,7,150438.6625,21491.237499999996,8.0,3.0,1.0,0.5714285714285714,0
C113929,85,5,154225.93050000002,30845.1861,13.0,4.0,1.0,0.6,0
C110536,291,3,79628.547,26542.849000000002,9.0,2.0,1.0,0.6666666666666666,1
C103191,50,4,79498.7885,19874.697125,8.0,1.0,1.0,0.5,0
C111160,27,1,59981.031,59981.031,4.0,3.0,1.0,1.0,0
C109229,199,1,13932.2905,13932.2905,6.0,3.0,0.0,1.0,1
C113194,10,4,115576.919,28894.22975,14.0,3.0,0.0,0.75,0
C104128,71,6,132210.80599999998,22035.134333333335,8.0,1.0,4.0,0.6666666666666666,0
C110047,464,1,66989.9815,66989.9815,9.0,3.0,1.0,1.0,1
C105733,1007,1,10966.21,10966.21,6.0,2.0,0.0,0.0,1
C110065,227,2,52578.2345,26289.11725,9.0,4.0,0.0,1.0,1
C113739,313,1,9969.378,9969.378,9.0,4.0,0.0,1.0,1
C113419,63,3,48777.993,16259.331,6.0,2.0,0.0,1.0,0
C107746,351,1,25953.449999999997,25953.449999999997,11.0,2.0,0.0,0.0,1
C110150,30,4,63339.761,15834.94025,5.0,2.0,1.0,0.5,0
C102379,655,4,98650.181,24662.545250000003,9.0,2.0,0.0,0.25,1
C103065,297,2,48387.108,24193.554,6.0,1.0,0.0,0.5,1
C110032,793,1,30552.91,30552.91,6.0,0.0,0.0,1.0,1
C113039,254,4,81139.359,20284.83975,6.0,0.0,2.0,0.75,1
C111409,97,1,16228.863,16228.863,8.0,1.0,0.0,1.0,1
C103161,260,3,33260.8305,11086.9435,12.0,1.0,0.0,0.3333333333333333,1
C113703,7,8,133963.467,16745.433375,8.0,3.0,1.0,0.625,0
C100580,149,2,30044.42,15022.21,11.0,2.0,0.0,0.0,1
C100251,27,4,55027.393,13756.84825,17.0,3.0,0.0,0.75,0
C105113,520,1,14262.9575,14262.9575,7.0,2.0,0.0,1.0,1
C108228,130,2,17412.680500000002,8706.340250000001,8.0,3.0,0.0,1.0,1
C112419,52,3,54604.130000000005,18201.376666666667,16.0,5.0,1.0,0.6666666666666666,0
C108930,38,6,137106.4415,22851.073583333335,7.0,2.0,1.0,0.5,0
C114654,123,2,28399.917999999998,14199.958999999999,8.0,1.0,0.0,0.5,1
C100170,54,10,248932.773,24893.277299999998,13.0,1.0,0.0,0.6,0
C102274,192,3,54825.333,18275.111,9.0,2.0,1.0,1.0,1
C114584,678,2,50675.575,25337.787500000002,7.0,2.0,0.0,0.5,1
C106878,29,3,68867.7935,22955.931166666665,6.0,2.0,1.0,0.6666666666666666,0
C114652,81,1,30257.65,30257.65,13.0,7.0,0.0,0.0,0
C113115,48,2,41261.8355,20630.91775,10.0,6.0,0.0,0.5,0
C102338,16,3,53716.444,17905.481333333333,7.0,0.0,0.0,0.6666666666666666,0
C106807,24,5,97360.368,19472.0736,6.0,0.0,1.0,0.8,0
C105887,68,5,131674.067,26334.813400000003,5.0,0.0,2.0,0.6,0
C110161,442,1,14864.443,14864.443,6.0,1.0,0.0,1.0,1
C100050,124,3,44920.729,14973.576333333333,6.0,0.0,1.0,0.6666666666666666,1
C105417,379,1,7248.21,7248.21,8.0,5.0,0.0,0.0,1
C102652,434,1,32468.489999999998,32468.489999999998,7.0,2.0,1.0,0.0,1
C114353,579,3,46772.489,15590.829666666667,5.0,3.0,0.0,0.3333333333333333,1
C104126,14,3,102833.732,34277.91066666666,7.0,1.0,0.0,0.3333333333333333,0
C111249,17,1,356.53499999999997,356.53499999999997,7.0,3.0,0.0,1.0,0
C111883,697,1,14407.38,14407.38,10.0,2.0,0.0,0.0,1
C106326,79,3,71050.033,23683.34433333333,12.0,4.0,0.0,0.3333333333333333,0
C107898,48,3,64132.653,21377.550999999996,7.0,3.0,0.0,0.3333333333333333,0
C114266,16,1,9915.85,9915.85,3.0,2.0,0.0,0.0,0
C105673,49,3,41137.297,13712.432333333332,10.0,3.0,0.0,0.3333333333333333,0
C105276,20,6,147484.83000000002,24580.805000000004,13.0,4.0,1.0,0.6666666666666666,0
C100321,29,4,136835.0065,34208.751625,6.0,3.0,2.0,0.25,0
C109232,36,1,3660.55,3660.55,10.0,7.0,0.0,0.0,0
C107688,385,1,37004.2,37004.2,8.0,4.0,0.0,1.0,1
C109380,579,1,2211.22,2211.22,9.0,3.0,0.0,0.0,1
C105805,31,5,91734.62299999999,18346.9246,8.0,2.0,0.0,0.6,0
C111694,39,2,29689.859,14844.929500000002,8.0,2.0,0.0,1.0,0
C113096,78,3,63645.441,21215.147,12.0,7.0,0.0,0.3333333333333333,0
C111618,156,1,2004.43,2004.43,12.0,3.0,0.0,0.0,1
C109918,180,1,17074.36,17074.36,13.0,4.0,0.0,0.0,1
C101560,221,1,10260.027,10260.027,8.0,1.0,0.0,1.0,1
C100517,109,2,24616.678999999996,12308.339499999998,7.0,2.0,0.0,0.5,1
C114680,275,2,38578.875,19289.4375,8.0,3.0,0.0,0.5,1
C103827,119,5,105996.82100000001,21199.364200000004,12.0,1.0,1.0,0.6,1
C112178,422,1,19470.52,19470.52,5.0,1.0,0.0,0.0,1
C112934,43,2,56437.498,28218.748999999996,7.0,1.0,2.0,0.5,0
C108535,197,1,876.51,876.51,8.0,1.0,0.0,0.0,1
C110816,116,5,124167.34349999999,24833.468699999998,9.0,2.0,1.0,0.6,1
C102676,268,1,3249.0,3249.0,5.0,1.0,0.0,1.0,1
C108886,175,3,119343.68000000001,39781.22666666666,6.0,1.0,1.0,0.0,1
C108726,90,2,24042.2525,12021.12625,13.0,4.0,0.0,1.0,0
C104984,8,2,26935.0665,13467.53325,8.0,1.0,0.0,1.0,0
C114405,11,2,29399.122,14699.561,13.0,7.0,0.0,0.5,0
C113088,367,1,6060.384,6060.384,5.0,1.0,1.0,1.0,1
C109446,53,4,62496.318,15624.0795,14.0,3.0,0.0,0.5,0
C109353,420,3,29415.920000000002,9805.306666666667,9.0,1.0,0.0,0.0,1
C108874,83,1,13167.050000000001,13167.050000000001,5.0,0.0,0.0,0.0,0
C105109,249,1,18342.657,18342.657,12.0,0.0,0.0,1.0,1
C113538,301,2,30516.101,15258.050500000001,9.0,2.0,0.0,0.5,1
C108183,93,8,172114.872,21514.359,11.0,4.0,0.0,0.625,1
C106793,175,6,56627.9215,9437.986916666667,6.0,3.0,0.0,1.0,1
C102614,120,2,52757.775,26378.8875,11.0,3.0,1.0,0.5,1
C110565,419,2,1661.1909999999998,830.5954999999999,7.0,3.0,0.0,1.0,1
C105834,200,4,40772.7195,10193.179875,7.0,3.0,0.0,0.5,1
C114180,273,3,56832.368,18944.122666666666,6.0,2.0,1.0,0.6666666666666666,1
C102343,94,1,28199.642499999998,28199.642499999998,10.0,5.0,0.0,1.0,1
C111183,59,2,30040.133,15020.0665,11.0,3.0,0.0,0.5,0
C109143,423,1,32975.304000000004,32975.304000000004,8.0,4.0,0.0,1.0,1
C107846,700,1,97610.5,97610.5,6.0,3.0,0.0,0.0,1
C110174,432,1,1039.152,1039.152,5.0,1.0,0.0,1.0,1
C113178,34,3,43094.9855,14364.995166666666,11.0,4.0,1.0,0.6666666666666666,0
C100935,14,1,9398.844000000001,9398.844000000001,5.0,0.0,0.0,1.0,0
C107120,39,4,107376.928,26844.232,10.0,1.0,0.0,0.5,0
C112028,18,6,181662.23899999997,30277.03983333333,7.0,2.0,0.0,0.8333333333333334,0
C108686,9,3,109842.968,36614.32266666667,15.0,5.0,0.0,0.3333333333333333,0
C108484,1,4,79145.73849999999,19786.434625,7.0,1.0,0.0,0.5,0
C105421,71,3,14063.7305,4687.910166666667,15.0,4.0,2.0,0.6666666666666666,0
C108788,349,1,3844.152,3844.152,10.0,4.0,0.0,1.0,1
C106238,198,1,15432.920000000002,15432.920000000002,7.0,1.0,0.0,1.0,1
C113752,120,4,85567.1425,21391.785625,11.0,4.0,0.0,1.0,1
C108151,577,1,30101.86,30101.86,7.0,2.0,0.0,0.0,1
C103357,41,1,5953.662,5953.662,10.0,4.0,0.0,1.0,0
C101791,11,6,106511.913,17751.9855,7.0,0.0,1.0,0.3333333333333333,0
C108935,61,4,57349.397,14337.34925,12.0,2.0,1.0,0.75,0
C100027,48,1,10601.704,10601.704,8.0,3.0,0.0,1.0,0
C109243,292,4,51663.416,12915.854,7.0,1.0,1.0,0.25,1
C107073,57,4,100705.23150000001,25176.307875000002,14.0,5.0,0.0,1.0,0
C111549,14,6,228926.84,38154.473333333335,6.0,1.0,2.0,0.3333333333333333,0
C108597,243,4,89562.9175,22390.729375,4.0,3.0,0.0,0.75,1
C112982,110,5,121329.5225,24265.904499999997,7.0,0.0,0.0,0.6,1
C100575,85,4,93349.414,23337.3535,2.0,0.0,2.0,0.5,0
C105189,91,7,91906.947,13129.563857142857,11.0,6.0,1.0,0.7142857142857143,1
C112646,67,4,55929.516,13982.379,9.0,5.0,1.0,0.5,0
C106789,459,1,29373.46,29373.46,8.0,0.0,0.0,0.0,1
C101598,11,3,106132.48800000001,35377.49600000001,11.0,1.0,1.0,0.3333333333333333,0
C107708,242,3,49430.9745,16476.9915,12.0,5.0,0.0,0.6666666666666666,1
C114431,5,4,56197.288,14049.322,10.0,3.0,1.0,0.25,0
C107737,259,1,33397.88,33397.88,8.0,3.0,0.0,0.0,1
C102938,80,1,14829.21,14829.21,3.0,1.0,0.0,1.0,0
C101434,77,4,53109.574,13277.3935,15.0,6.0,1.0,0.5,0
C107683,107,2,38998.496,19499.248,6.0,3.0,0.0,0.5,1
C110012,363,1,3531.245,3531.245,4.0,3.0,0.0,1.0,1
C103648,490,1,33857.729999999996,33857.729999999996,9.0,4.0,0.0,0.0,1
C105352,134,1,26025.17,26025.17,6.0,0.0,0.0,0.0,1
C108145,34,1,55862.53,55862.53,4.0,0.0,1.0,0.0,0
C112938,172,1,22557.69,22557.69,7.0,2.0,0.0,0.0,1
C101044,202,2,51215.904,25607.952,12.0,5.0,0.0,0.5,1
C110508,427,2,50620.46000000001,25310.230000000003,7.0,1.0,1.0,0.0,1
C114949,143,1,12387.87,12387.87,8.0,2.0,1.0,0.0,1
C105969,158,1,5795.911999999999,5795.911999999999,4.0,1.0,0.0,1.0,1
C103588,257,2,27811.649999999998,13905.824999999999,2.0,0.0,0.0,0.0,1
C109485,125,1,43554.663,43554.663,9.0,5.0,1.0,1.0,1
C105314,156,2,45061.26,22530.63,10.0,4.0,0.0,0.0,1
C102061,150,3,37913.843,12637.947666666667,14.0,1.0,1.0,0.6666666666666666,1
C101904,579,1,9190.773,9190.773,4.0,1.0,0.0,1.0,1
C112341,14,6,116521.2885,19420.21475,2.0,1.0,0.0,0.6666666666666666,0
C101375,104,2,15552.5955,7776.29775,13.0,3.0,0.0,1.0,1
C110768,229,1,8391.8545,8391.8545,12.0,6.0,0.0,1.0,1
C104920,109,4,77291.31899999999,19322.829749999997,3.0,0.0,1.0,1.0,1
C107789,449,1,8142.753999999999,8142.753999999999,9.0,1.0,0.0,1.0,1
C111778,119,1,31668.653999999995,31668.653999999995,4.0,1.0,0.0,1.0,1
C102765,524,1,40343.03200000001,40343.03200000001,7.0,2.0,1.0,1.0,1
C111301,191,2,35153.424,17576.712,12.0,1.0,0.0,0.5,1
C101399,66,4,44613.759,11153.43975,8.0,2.0,0.0,0.75,0
C101727,114,3,31108.375,10369.458333333334,5.0,3.0,0.0,0.6666666666666666,1
C112093,53,6,76793.476,12798.912666666665,8.0,0.0,2.0,0.5,0
C100534,196,3,122198.872,40732.95733333333,7.0,2.0,1.0,0.6666666666666666,1
C102664,42,1,29580.875999999997,29580.875999999997,7.0,5.0,0.0,1.0,0
C105496,66,1,14051.91,14051.91,8.0,3.0,1.0,0.0,0
C100922,83,1,43645.6,43645.6,11.0,1.0,0.0,0.0,0
C106908,67,3,52565.065,17521.688333333335,9.0,2.0,0.0,0.6666666666666666,0
C108168,389,1,11385.48,11385.48,7.0,4.0,1.0,0.0,1
C109991,360,5,110673.98,22134.796,7.0,2.0,1.0,0.6,1
C111714,99,1,161.1685,161.1685,7.0,1.0,0.0,1.0,1
C104813,43,3,50273.26149999999,16757.753833333332,10.0,2.0,1.0,0.6666666666666666,0
C105486,49,2,49654.6705,24827.335249999996,8.0,5.0,0.0,1.0,0
C104421,26,1,13073.2635,13073.2635,8.0,0.0,0.0,1.0,0
C103572,186,3,107903.98000000001,35967.99333333334,8.0,3.0,1.0,0.3333333333333333,1
C113445,104,3,65268.221000000005,21756.073666666667,10.0,2.0,0.0,0.6666666666666666,1
C102144,156,1,40898.358,40898.358,4.0,1.0,0.0,1.0,1
C113181,437,1,2535.0400000000004,2535.0400000000004,13.0,6.0,0.0,1.0,1
C114874,377,3,100423.798,33474.59933333333,2.0,0.0,0.0,0.3333333333333333,1
C110451,112,7,169719.1555,24245.59364285714,9.0,4.0,1.0,0.8571428571428571,1
C106745,19,2,36307.937,18153.9685,8.0,1.0,0.0,1.0,0
C114623,428,2,12852.173,6426.0865,7.0,1.0,1.0,1.0,1
C108692,17,3,62866.191000000006,20955.397,9.0,1.0,0.0,0.6666666666666666,0
C111937,73,1,12086.343,12086.343,12.0,6.0,0.0,1.0,0
C101459,162,5,82007.3695,16401.4739,8.0,3.0,3.0,0.6,1
C108047,117,1,8553.114,8553.114,6.0,2.0,0.0,1.0,1
C107895,14,6,112454.4865,18742.414416666667,5.0,2.0,0.0,0.3333333333333333,0
C112287,-1,2,96629.841,48314.9205,9.0,2.0,0.0,1.0,0
C104220,103,2,25937.038500000002,12968.519250000001,7.0,2.0,1.0,1.0,1
C107939,53,4,120508.015,30127.00375,9.0,0.0,0.0,0.5,0
C110164,389,2,35150.615999999995,17575.308,7.0,3.0,0.0,1.0,1
C113045,6,2,28584.268,14292.134,6.0,1.0,0.0,0.5,0
C100148,194,2,46226.8885,23113.44425,8.0,3.0,0.0,1.0,1
C104059,3,5,58989.3885,11797.877700000001,8.0,1.0,0.0,0.4,0
C114030,45,1,32526.467999999997,32526.467999999997,9.0,1.0,0.0,1.0,0
C105564,135,2,48564.18,24282.09,13.0,5.0,2.0,0.0,1
C104596,54,3,66598.166,22199.388666666666,4.0,1.0,2.0,1.0,0
C102804,61,1,87018.77,87018.77,8.0,4.0,1.0,0.0,0
C103067,110,2,43407.96,21703.98,3.0,1.0,0.0,0.0,1
C113453,119,4,61387.621,15346.90525,9.0,2.0,0.0,0.75,1
C102017,14,2,57001.852,28500.926,6.0,1.0,1.0,0.5,0
C106003,55,1,34684.469999999994,34684.469999999994,8.0,4.0,0.0,0.0,0
C104945,13,1,17179.63,17179.63,6.0,0.0,0.0,0.0,0
C102164,5,5,111172.524,22234.504800000002,6.0,0.0,1.0,0.2,0
C102978,99,1,16059.28,16059.28,11.0,4.0,1.0,0.0,1
C110861,821,1,16175.9335,16175.9335,5.0,0.0,0.0,1.0,1
C113217,248,1,554.848,554.848,11.0,1.0,0.0,1.0,1
C103382,26,1,1937.0,1937.0,6.0,2.0,0.0,0.0,0
C107221,36,9,155071.2325,17230.136944444446,11.0,2.0,1.0,0.4444444444444444,0
C108131,0,8,239478.864,29934.858,11.0,4.0,2.0,0.375,0
C103407,100,2,52871.635500000004,26435.817750000002,3.0,1.0,0.0,0.5,1
C103985,155,3,46746.712,15582.237333333333,4.0,1.0,1.0,0.6666666666666666,1
C106788,1,5,47743.964,9548.7928,7.0,1.0,0.0,0.6,0
C107006,143,3,31230.308,10410.102666666668,11.0,3.0,0.0,0.6666666666666666,1
C106953,0,2,54932.616,27466.308,13.0,4.0,0.0,1.0,0
C106002,46,2,31474.949999999997,15737.474999999999,5.0,2.0,0.0,0.5,0
C109053,414,3,39657.57,13219.190000000002,13.0,2.0,0.0,0.0,1
C104651,146,2,25981.652499999997,12990.826249999998,9.0,3.0,0.0,1.0,1
C112913,50,2,32037.451,16018.7255,9.0,2.0,1.0,0.5,0
C100516,80,2,18035.4045,9017.70225,9.0,3.0,0.0,0.5,0
C108014,165,3,40021.344000000005,13340.447999999999,9.0,1.0,0.0,0.6666666666666666,1
C108821,23,1,10864.503,10864.503,5.0,1.0,1.0,1.0,0
C102679,170,4,115662.956,28915.739,13.0,4.0,1.0,0.5,1
C105461,46,4,77012.304,19253.076,7.0,1.0,0.0,0.25,0
C111050,12,2,9922.247,4961.1235,6.0,2.0,0.0,0.5,0
C109441,-1,3,118773.86,39591.28666666666,10.0,4.0,0.0,0.0,0
C109577,65,1,14999.7,14999.7,4.0,1.0,0.0,0.0,0
C110220,67,5,128350.963,25670.192600000002,7.0,4.0,2.0,0.6,0
C102867,79,3,66929.59,22309.86333333333,5.0,4.0,1.0,0.0,0
C100318,229,1,0.0,0.0,3.0,0.0,0.0,1.0,1
C106232,20,3,85320.2585,28440.086166666664,6.0,2.0,1.0,0.6666666666666666,0
C109820,47,2,85562.569,42781.284499999994,4.0,2.0,0.0,0.5,0
C109965,9,3,62981.9155,20993.971833333333,9.0,3.0,0.0,0.6666666666666666,0
C101547,186,3,51493.704,17164.568,6.0,0.0,0.0,0.3333333333333333,1
C101158,95,2,49013.556500000006,24506.778250000003,9.0,2.0,0.0,1.0,1
C108341,110,3,96207.41,32069.13666666667,8.0,2.0,1.0,0.6666666666666666,1
C114650,61,7,186135.081,26590.725857142857,8.0,3.0,2.0,0.42857142857142855,0
C103567,95,2,65187.284,32593.642,9.0,3.0,0.0,0.5,1
C100013,22,4,105310.6415,26327.660375,6.0,0.0,1.0,1.0,0
C106046,55,2,37461.7835,18730.891750000003,9.0,1.0,1.0,1.0,0
C113007,756,1,8262.57,8262.57,11.0,5.0,0.0,0.0,1
C109921,38,5,163485.767,32697.1534,7.0,1.0,0.0,0.8,0
C103853,17,2,30811.095500000003,15405.547750000002,6.0,0.0,0.0,1.0,0
C113679,164,1,25066.5385,25066.5385,14.0,2.0,1.0,1.0,1
C109531,16,5,123117.141,24623.428200000002,12.0,3.0,2.0,0.4,0
C103129,519,1,32334.269999999997,32334.269999999997,9.0,5.0,0.0,0.0,1
C100314,748,1,22947.14,22947.14,14.0,5.0,0.0,0.0,1
C110242,4,2,80295.15,40147.575,10.0,3.0,0.0,0.0,0
C109542,3,2,45976.311499999996,22988.155749999998,7.0,3.0,0.0,1.0,0
C107865,6,2,30635.6,15317.8,6.0,2.0,0.0,0.0,0
C110787,208,5,77960.2035,15592.040700000001,3.0,1.0,0.0,0.8,1
C103613,90,1,940.67,940.67,13.0,3.0,0.0,0.0,0
C104840,17,3,32499.1395,10833.0465,7.0,2.0,2.0,0.6666666666666666,0
C101045,94,2,74445.48999999999,37222.744999999995,9.0,1.0,0.0,0.0,1
C110116,117,1,24125.379999999997,24125.379999999997,8.0,0.0,0.0,0.0,1
C109336,311,6,94627.0945,15771.182416666668,7.0,1.0,1.0,0.6666666666666666,1
C112925,59,4,81414.4475,20353.611875,9.0,2.0,1.0,0.75,0
C111405,694,1,46465.551,46465.551,9.0,5.0,0.0,1.0,1
C112056,452,1,50519.512,50519.512,5.0,1.0,1.0,1.0,1
C114011,163,3,83078.16,27692.72,11.0,5.0,0.0,0.0,1
C113975,88,3,53068.7855,17689.595166666666,10.0,1.0,0.0,0.3333333333333333,0
C108806,302,1,4191.552,4191.552,9.0,1.0,0.0,1.0,1
C109932,127,1,12334.154499999999,12334.154499999999,9.0,3.0,0.0,1.0,1
C112452,30,3,40695.081,13565.027000000002,8.0,2.0,0.0,0.3333333333333333,0
C100262,100,3,35586.60799999999,11862.202666666666,6.0,3.0,0.0,1.0,1
C110520,197,1,53461.8,53461.8,10.0,3.0,1.0,1.0,1
C104477,53,3,59968.816,19989.605333333337,8.0,1.0,0.0,1.0,0
C106857,134,3,87473.10800000001,29157.702666666668,12.0,6.0,2.0,0.6666666666666666,1
C109202,34,4,77493.21350000001,19373.303375,9.0,1.0,1.0,0.25,0
C114205,25,3,73300.96549999999,24433.655166666664,9.0,2.0,0.0,1.0,0
C109068,93,4,114941.58,28735.395,7.0,5.0,0.0,0.25,1
C114411,557,1,35983.8,35983.8,5.0,3.0,0.0,1.0,1
C112959,33,5,97837.154,19567.430800000002,11.0,7.0,1.0,0.4,0
C106801,8,1,23242.707,23242.707,10.0,1.0,1.0,1.0,0
C102762,104,4,105366.45,26341.6125,6.0,1.0,0.0,0.25,1
C113449,46,1,19462.69,19462.69,4.0,2.0,0.0,0.0,0
C106774,58,5,109136.23999999999,21827.248,10.0,0.0,0.0,0.6,0
C106979,527,2,30083.040999999997,15041.520499999999,12.0,3.0,0.0,1.0,1
C111281,-1,8,213911.652,26738.9565,10.0,2.0,2.0,0.375,0
C110038,34,2,37966.773499999996,18983.38675,7.0,2.0,0.0,0.5,0
C106997,374,2,38776.4815,19388.240749999997,14.0,5.0,0.0,0.5,1
C108338,38,3,38939.873,12979.957666666667,10.0,3.0,0.0,0.6666666666666666,0
C107563,143,2,24654.761,12327.3805,10.0,2.0,1.0,1.0,1
C109416,107,2,92712.982,46356.491,3.0,2.0,0.0,0.5,1
C106701,17,6,87941.648,14656.941333333334,10.0,7.0,3.0,0.8333333333333334,0
C100764,105,5,96535.00450000001,19307.000900000003,19.0,6.0,0.0,1.0,1
C114760,115,3,59430.480500000005,19810.16016666667,9.0,2.0,0.0,1.0,1
C110531,257,1,43206.63,43206.63,4.0,1.0,0.0,0.0,1
C103308,166,4,100658.863,25164.71575,10.0,3.0,2.0,0.5,1
C100630,158,1,11348.776000000002,11348.776000000002,10.0,3.0,0.0,1.0,1
C101488,6,1,4515.07,4515.07,4.0,2.0,0.0,0.0,0
C112458,4,5,50081.830500000004,10016.366100000001,10.0,5.0,0.0,0.6,0
C100730,102,2,20661.434,10330.717,11.0,2.0,0.0,0.5,1
C106768,176,5,61549.178,12309.8356,7.0,0.0,0.0,0.4,1
C113223,211,2,2579.2195,1289.60975,4.0,0.0,0.0,1.0,1
C104060,538,3,44922.417,14974.139000000001,11.0,3.0,1.0,1.0,1
C111633,318,3,22912.323999999997,7637.441333333332,5.0,1.0,0.0,0.3333333333333333,1
C114006,1,2,55076.756,27538.377999999997,10.0,5.0,0.0,1.0,0
C100834,9,2,40155.93,20077.964999999997,9.0,4.0,0.0,0.5,0
C110691,19,4,50128.535,12532.13375,11.0,3.0,1.0,0.75,0
C109684,318,1,26489.0,26489.0,9.0,4.0,0.0,0.0,1
C104129,7,2,40815.6565,20407.82825,11.0,3.0,0.0,0.5,0
C112048,117,1,578.26,578.26,5.0,3.0,0.0,0.0,1
C105930,258,2,34214.727,17107.3635,6.0,2.0,0.0,1.0,1
C111044,572,1,12054.512000000002,12054.512000000002,14.0,3.0,0.0,1.0,1
C103585,83,5,98832.95449999999,19766.5909,7.0,3.0,2.0,0.8,0
C108102,9,4,89216.531,22304.13275,9.0,1.0,1.0,0.5,0
C104277,23,2,27289.1585,13644.57925,8.0,5.0,1.0,1.0,0
C101592,36,2,31863.7725,15931.88625,9.0,1.0,0.0,0.5,0
C106642,46,3,52940.8055,17646.935166666666,8.0,3.0,0.0,1.0,0
C104875,10,3,27201.124499999998,9067.0415,3.0,1.0,1.0,1.0,0
C114203,415,1,10647.176000000001,10647.176000000001,8.0,4.0,0.0,1.0,1
C108973,32,1,10284.473,10284.473,8.0,3.0,0.0,1.0,0
C106882,56,2,59374.532999999996,29687.266499999998,15.0,7.0,1.0,0.5,0
C113954,153,3,66876.5885,22292.196166666665,14.0,3.0,0.0,0.6666666666666666,1
C114282,2,2,45640.0755,22820.03775,6.0,1.0,0.0,0.5,0
C114085,22,4,26572.832000000002,6643.2080000000005,9.0,2.0,0.0,0.5,0
C110389,387,3,38476.8375,12825.612500000001,12.0,3.0,0.0,0.6666666666666666,1
C113851,7,5,72573.43000000001,14514.685999999998,11.0,6.0,1.0,0.4,0
C100952,440,2,92939.75,46469.875,6.0,2.0,0.0,0.5,1
C109567,210,1,16900.46,16900.46,7.0,2.0,0.0,0.0,1
C109717,251,2,34691.765,17345.8825,5.0,2.0,0.0,0.5,1
C105425,53,2,30076.2,15038.1,5.0,4.0,1.0,0.0,0
C102239,220,3,59318.863,19772.95433333333,2.0,0.0,3.0,1.0,1
C104482,879,2,16736.765,8368.3825,8.0,3.0,0.0,0.5,1
C110643,107,2,33144.71,16572.355,11.0,1.0,0.0,1.0,1
C104996,42,2,48891.481,24445.7405,7.0,1.0,1.0,1.0,0
C110996,159,5,123532.36450000001,24706.4729,10.0,1.0,0.0,0.6,1
C110717,44,5,74866.75,14973.35,12.0,3.0,2.0,0.8,0
C102983,219,1,43557.034499999994,43557.034499999994,5.0,1.0,1.0,1.0,1
C110472,160,3,29043.8245,9681.274833333333,5.0,0.0,0.0,1.0,1
C109430,229,2,26344.2,13172.1,8.0,4.0,0.0,0.0,1
C111182,5,1,50859.66,50859.66,8.0,2.0,0.0,0.0,0
C110039,339,1,18951.55,18951.55,8.0,3.0,0.0,0.0,1
C114609,413,1,1056.8179999999998,1056.8179999999998,9.0,2.0,0.0,1.0,1
C113285,132,2,31181.547000000002,15590.773500000001,7.0,3.0,1.0,1.0,1
C112071,176,6,131696.655,21949.442500000005,11.0,3.0,0.0,0.5,1
C104466,104,2,25152.914000000004,12576.457000000002,3.0,1.0,0.0,1.0,1
C110527,148,1,1770.74,1770.74,3.0,1.0,0.0,0.0,1
C101212,264,1,33510.94,33510.94,8.0,1.0,0.0,0.0,1
C104315,103,4,66386.28199999999,16596.570499999998,10.0,4.0,1.0,0.25,1
C112614,232,1,18942.52,18942.52,5.0,0.0,0.0,0.0,1
C114200,4,2,53688.338,26844.169,8.0,2.0,2.0,0.5,0
C113798,246,3,33180.9595,11060.319833333335,6.0,2.0,2.0,0.6666666666666666,1
C102814,19,1,14999.473999999998,14999.473999999998,7.0,2.0,0.0,1.0,0
C108756,193,3,43943.538,14647.845999999998,10.0,1.0,1.0,1.0,1
C108903,46,1,13035.79,13035.79,8.0,2.0,0.0,0.0,0
C109613,211,1,19080.16,19080.16,6.0,1.0,0.0,0.0,1
C102834,63,3,13790.188999999998,4596.729666666667,11.0,4.0,0.0,0.6666666666666666,0
C107902,495,1,3819.6459999999997,3819.6459999999997,5.0,2.0,0.0,1.0,1
C106400,26,3,31791.161,10597.053666666667,4.0,0.0,1.0,0.6666666666666666,0
C101889,62,7,144870.0735,20695.724785714287,11.0,5.0,1.0,0.5714285714285714,0
C104949,57,5,28230.705500000004,5646.141100000001,6.0,1.0,0.0,0.8,0
C108280,69,3,23495.4935,7831.831166666667,7.0,5.0,0.0,0.3333333333333333,0
C114201,18,1,21011.6175,21011.6175,4.0,1.0,0.0,1.0,0
C109010,53,4,107322.5685,26830.642125,10.0,3.0,1.0,0.75,0
C110281,437,1,8294.256000000001,8294.256000000001,10.0,3.0,0.0,1.0,1
C106916,32,3,22446.398,7482.132666666667,11.0,4.0,1.0,0.3333333333333333,0
C107241,90,3,24968.706,8322.902,8.0,5.0,0.0,0.6666666666666666,0
C107307,176,1,5582.464,5582.464,6.0,2.0,0.0,1.0,1
C102420,62,2,49231.6275,24615.81375,14.0,4.0,0.0,1.0,0
C112648,546,2,18541.8925,9270.94625,7.0,2.0,1.0,1.0,1
C113826,66,3,93846.916,31282.305333333334,5.0,0.0,0.0,0.3333333333333333,0
C114786,27,2,117670.4395,58835.219750000004,7.0,3.0,1.0,1.0,0
C110410,780,1,10748.367,10748.367,11.0,0.0,1.0,1.0,1
C104849,500,3,47025.089499999995,15675.029833333332,5.0,2.0,0.0,0.6666666666666666,1
C102806,257,3,81070.54800000001,27023.516000000003,12.0,6.0,1.0,0.3333333333333333,1
C108999,67,6,98937.4355,16489.572583333334,4.0,1.0,3.0,0.5,0
C108611,31,5,95103.96049999999,19020.7921,10.0,0.0,0.0,0.2,0
C100687,38,4,88790.71800000001,22197.6795,5.0,2.0,0.0,0.75,0
C101813,75,3,58667.990999999995,19555.997,8.0,1.0,0.0,0.3333333333333333,0
C103563,512,2,57755.348,28877.674,3.0,0.0,0.0,0.5,1
C107127,82,3,11030.592,3676.864,4.0,1.0,1.0,1.0,0
C105929,7,3,132723.672,44241.223999999995,10.0,3.0,0.0,0.3333333333333333,0
C107490,55,2,53882.816,26941.408,12.0,3.0,0.0,0.5,0
C111392,511,1,14248.41,14248.41,11.0,5.0,1.0,0.0,1
C110366,16,5,70446.84,14089.367999999999,15.0,5.0,3.0,0.8,0
C108934,27,2,45875.668000000005,22937.834000000003,7.0,2.0,2.0,1.0,0
C106597,66,3,50600.020000000004,16866.673333333336,12.0,7.0,0.0,0.3333333333333333,0
C108932,165,1,18666.0,18666.0,7.0,3.0,0.0,1.0,1
C100468,485,1,11090.25,11090.25,6.0,1.0,0.0,0.0,1
C103597,99,3,43941.061,14647.020333333334,8.0,2.0,0.0,0.6666666666666666,1
C108128,179,2,29293.621499999997,14646.810749999999,12.0,6.0,0.0,1.0,1
C109277,38,1,16473.72,16473.72,5.0,1.0,0.0,0.0,0
C111835,8,5,159548.076,31909.6152,15.0,4.0,2.0,0.8,0
C111320,5,2,13708.424,6854.212,14.0,8.0,0.0,1.0,0
C107110,4,2,22434.004,11217.002,6.0,3.0,1.0,0.5,0
C105009,47,2,12991.0,6495.5,7.0,2.0,0.0,0.0,0
C112420,449,2,37077.45,18538.725,8.0,5.0,0.0,0.0,1
C110121,-1,7,85535.0925,12219.298928571428,5.0,3.0,1.0,0.42857142857142855,0
C114573,5,1,5380.0305,5380.0305,7.0,1.0,0.0,1.0,0
C111596,8,2,114419.145,57209.5725,7.0,1.0,1.0,1.0,0
C100661,5,5,85784.767,17156.953400000002,9.0,3.0,1.0,0.8,0
C109742,131,3,37257.7645,12419.254833333332,7.0,3.0,1.0,0.6666666666666666,1
C101382,19,1,20033.991,20033.991,8.0,2.0,0.0,1.0,0
C105556,315,2,45965.43000000001,22982.715000000004,7.0,2.0,0.0,1.0,1
C109186,27,2,58973.432,29486.716,3.0,1.0,1.0,1.0,0
C105537,200,5,137842.581,27568.516200000002,9.0,3.0,0.0,0.6,1
C112734,87,4,56776.320999999996,14194.08025,11.0,2.0,2.0,0.5,0
C113316,266,1,36080.33,36080.33,8.0,3.0,0.0,0.0,1
C111086,12,3,26641.02,8880.34,7.0,2.0,0.0,0.3333333333333333,0
C112279,244,3,56498.8375,18832.945833333335,10.0,4.0,0.0,0.6666666666666666,1
C106924,154,2,23201.9695,11600.98475,11.0,4.0,0.0,1.0,1
C112738,327,2,10039.27,5019.635,15.0,5.0,0.0,0.0,1
C107950,85,1,40554.57,40554.57,5.0,3.0,1.0,0.0,0
C108452,624,3,100281.1385,33427.04616666667,9.0,4.0,0.0,0.6666666666666666,1
C100083,0,2,32527.716,16263.858,9.0,2.0,0.0,0.5,0
C108583,429,2,62693.00000000001,31346.5,8.0,2.0,0.0,0.0,1
C110924,260,3,110488.986,36829.662000000004,8.0,0.0,2.0,0.3333333333333333,1
C100018,149,1,24399.05,24399.05,6.0,1.0,0.0,0.0,1
C113065,184,2,43386.4915,21693.24575,7.0,0.0,0.0,0.5,1
C101187,97,1,41990.229999999996,41990.229999999996,5.0,2.0,0.0,0.0,1
C110940,369,1,20880.22,20880.22,6.0,1.0,1.0,0.0,1
C101940,320,1,38870.6,38870.6,12.0,2.0,0.0,0.0,1
C102037,12,5,162572.204,32514.4408,12.0,3.0,0.0,0.6,0
C110865,4,2,29564.75,14782.375,10.0,5.0,0.0,0.0,0
C107371,113,2,41204.3155,20602.15775,7.0,1.0,1.0,0.5,1
C108988,176,1,5904.695,5904.695,6.0,1.0,0.0,1.0,1
C106494,489,2,35110.227999999996,17555.113999999998,9.0,3.0,0.0,0.5,1
C105518,40,4,88097.32250000001,22024.330625000002,6.0,3.0,0.0,1.0,0
C113459,25,3,42263.647,14087.882333333333,8.0,4.0,0.0,0.3333333333333333,0
C106626,24,2,19982.802000000003,9991.401,5.0,2.0,1.0,0.5,0
C106132,674,1,13863.832000000002,13863.832000000002,6.0,1.0,0.0,1.0,1
C101900,145,1,57592.04749999999,57592.04749999999,11.0,3.0,0.0,1.0,1
C113057,15,2,42247.098,21123.549,9.0,1.0,0.0,1.0,0
C113408,63,1,18514.856,18514.856,10.0,2.0,0.0,1.0,0
C114310,313,1,10822.86,10822.86,4.0,2.0,0.0,1.0,1
C103566,610,1,10223.101999999999,10223.101999999999,10.0,2.0,0.0,1.0,1
C103322,299,4,46872.89,11718.2225,11.0,6.0,0.0,0.75,1
C113850,89,2,23640.642,11820.321,7.0,1.0,0.0,0.5,0
C111253,521,3,67833.179,22611.059666666668,5.0,2.0,0.0,0.6666666666666666,1
C113037,222,2,11423.9355,5711.96775,5.0,1.0,0.0,0.5,1
C107518,8,1,3066.93,3066.93,6.0,1.0,0.0,0.0,0
C109855,24,4,142912.989,35728.24725,11.0,5.0,0.0,0.75,0
C100621,345,1,16670.65,16670.65,13.0,4.0,2.0,0.0,1
C102993,609,1,37586.6,37586.6,7.0,2.0,0.0,0.0,1
C102638,115,1,13938.44,13938.44,7.0,2.0,0.0,0.0,1
C109032,335,4,88662.337,22165.58425,9.0,3.0,1.0,0.5,1
C111389,29,3,60085.21000000001,20028.403333333335,3.0,0.0,1.0,0.6666666666666666,0
C101795,5,2,30912.460000000003,15456.230000000001,17.0,4.0,0.0,0.5,0
C103090,366,1,38317.16,38317.16,11.0,1.0,0.0,0.0,1
C110489,244,2,66308.45499999999,33154.22749999999,8.0,1.0,2.0,0.5,1
C111718,124,4,31152.3515,7788.087875,7.0,2.0,0.0,0.75,1
C110394,169,1,12251.83,12251.83,7.0,3.0,0.0,0.0,1
C105707,251,1,18387.12,18387.12,8.0,1.0,1.0,0.0,1
C108962,534,1,15903.48,15903.48,9.0,3.0,0.0,0.0,1
C113407,44,2,40690.741,20345.370499999997,9.0,4.0,0.0,0.5,0
C100937,59,1,11416.792,11416.792,9.0,4.0,0.0,1.0,0
C111792,227,3,21811.134000000002,7270.378000000001,13.0,3.0,1.0,0.6666666666666666,1
C112044,314,2,21502.4765,10751.23825,13.0,3.0,0.0,0.5,1
C112670,-1,3,53950.93,17983.643333333333,5.0,0.0,0.0,0.0,0
C102319,193,2,57801.7955,28900.897749999996,11.0,3.0,0.0,1.0,1
C108847,124,3,51220.1575,17073.385833333334,15.0,5.0,0.0,0.3333333333333333,1
C111326,125,1,36209.57,36209.57,13.0,2.0,0.0,0.0,1
C111983,3,1,18242.66,18242.66,10.0,2.0,0.0,0.0,0
C111800,203,3,36771.758,12257.252666666667,10.0,2.0,0.0,0.6666666666666666,1
C102540,-1,3,96493.373,32164.45766666667,5.0,2.0,1.0,1.0,0
C101135,48,2,19482.22,9741.11,12.0,3.0,0.0,0.5,0
C109276,137,1,25746.2705,25746.2705,16.0,6.0,0.0,1.0,1
C109640,403,2,39052.917,19526.4585,13.0,1.0,1.0,1.0,1
C109978,165,1,31775.589999999997,31775.589999999997,10.0,0.0,0.0,0.0,1
C109858,1081,1,10137.18,10137.18,11.0,2.0,2.0,0.0,1
C104899,262,2,23295.36,11647.68,11.0,3.0,0.0,0.5,1
C101500,255,2,43959.059,21979.5295,14.0,6.0,0.0,0.5,1
C105342,36,1,4480.71,4480.71,9.0,3.0,1.0,0.0,0
C106275,150,1,17242.353,17242.353,11.0,3.0,0.0,1.0,1
C108156,182,1,15337.93,15337.93,9.0,0.0,1.0,0.0,1
C106821,179,1,13802.41,13802.41,8.0,1.0,0.0,0.0,1
C101341,78,2,21214.26,10607.130000000001,9.0,2.0,0.0,0.0,0
C102700,385,4,36790.699,9197.67475,4.0,0.0,0.0,0.5,1
C110948,359,1,16009.476,16009.476,6.0,2.0,0.0,1.0,1
C105943,195,2,13371.0885,6685.54425,9.0,2.0,0.0,1.0,1
C114483,28,4,59822.960999999996,14955.74025,9.0,3.0,0.0,0.75,0
C111293,619,2,35659.323000000004,17829.661500000002,11.0,2.0,1.0,1.0,1
C107866,516,1,6915.496000000001,6915.496000000001,9.0,0.0,0.0,1.0,1
C105685,361,2,59269.6795,29634.83975,7.0,0.0,1.0,0.5,1
C113497,77,1,407.48,407.48,10.0,3.0,0.0,1.0,0
C111270,18,5,104950.4675,20990.0935,9.0,1.0,0.0,0.6,0
C104431,180,2,11103.484,5551.742,4.0,1.0,1.0,0.5,1
C100830,38,1,27874.035000000003,27874.035000000003,8.0,4.0,0.0,1.0,0
C102463,374,2,24108.362999999998,12054.181499999999,8.0,4.0,1.0,0.5,1
C110229,298,2,65185.162,32592.581,7.0,2.0,0.0,0.5,1
C111191,-1,2,22610.836499999998,11305.418249999999,4.0,2.0,0.0,1.0,0
C101342,38,3,56749.074,18916.357999999997,7.0,1.0,0.0,1.0,0
C113949,60,1,16696.8485,16696.8485,6.0,2.0,0.0,1.0,0
C102584,11,2,68618.085,34309.0425,4.0,0.0,2.0,1.0,0
C103265,37,2,27684.369,13842.1845,11.0,2.0,0.0,1.0,0
C107501,527,2,54647.65,27323.825,8.0,2.0,0.0,0.5,1
C107919,9,2,20302.371000000003,10151.185500000001,14.0,1.0,0.0,1.0,0
C106920,59,3,44540.81,14846.936666666666,9.0,0.0,1.0,0.0,0
C111993,69,2,42271.987,21135.993500000004,9.0,2.0,0.0,1.0,0
C106145,270,3,59332.352,19777.450666666668,6.0,0.0,0.0,1.0,1
C102608,333,4,56053.492,14013.373,9.0,3.0,0.0,0.5,1
C108478,357,3,73931.6605,24643.886833333334,7.0,2.0,1.0,0.3333333333333333,1
C101176,115,1,11523.9685,11523.9685,6.0,1.0,0.0,1.0,1
C112657,0,1,10578.89,10578.89,8.0,2.0,0.0,0.0,0
C100947,113,5,145765.25100000002,29153.050200000005,8.0,3.0,0.0,1.0,1
C100512,0,2,36314.463,18157.2315,7.0,2.0,1.0,0.5,0
C106474,11,5,65273.628000000004,13054.725600000002,9.0,2.0,1.0,0.8,0
C103047,159,6,121905.961,20317.660166666665,7.0,2.0,0.0,0.5,1
C103247,178,1,3580.557,3580.557,7.0,0.0,0.0,1.0,1
C107989,5,5,140095.97100000002,28019.194200000005,11.0,1.0,0.0,0.4,0
C101247,12,2,32572.428,16286.214,8.0,3.0,1.0,0.5,0
C105013,107,5,70580.41100000001,14116.0822,9.0,3.0,0.0,0.4,1
C114101,427,2,32091.696000000004,16045.848000000002,12.0,3.0,1.0,1.0,1
C106253,195,5,134304.044,26860.8088,11.0,2.0,0.0,0.8,1
C113159,208,2,21532.628,10766.314,11.0,3.0,1.0,0.5,1
C105375,302,3,32756.570499999998,10918.856833333333,7.0,1.0,0.0,0.6666666666666666,1
C109470,288,3,79367.0105,26455.670166666667,6.0,1.0,0.0,1.0,1
C114853,24,4,107482.42,26870.605000000003,3.0,1.0,0.0,0.0,0
C108187,73,2,78533.886,39266.943,3.0,0.0,0.0,0.5,0
C101580,865,2,24808.244,12404.122,10.0,3.0,0.0,0.5,1
C100588,111,4,42511.662,10627.9155,8.0,3.0,1.0,0.5,1
C101398,167,2,17642.806,8821.403,7.0,3.0,0.0,0.5,1
C112700,285,1,10693.181,10693.181,6.0,2.0,0.0,1.0,1
C110619,31,3,29873.688000000002,9957.896,8.0,4.0,0.0,0.3333333333333333,0
C109096,375,1,27481.639000000003,27481.639000000003,13.0,7.0,0.0,1.0,1
C114265,24,5,131788.215,26357.643,9.0,4.0,1.0,0.4,0
C112483,-1,3,39064.743,13021.581,7.0,1.0,0.0,0.6666666666666666,0
C107977,75,6,146574.258,24429.043,7.0,1.0,0.0,0.8333333333333334,0
C111762,14,2,102281.28,51140.64,16.0,4.0,0.0,1.0,0
C108701,81,5,110173.334,22034.6668,3.0,1.0,2.0,0.8,0
C100557,47,2,37880.0785,18940.03925,7.0,2.0,0.0,1.0,0
C103011,716,1,18547.704,18547.704,9.0,1.0,0.0,1.0,1
C102138,507,1,26502.870000000003,26502.870000000003,9.0,2.0,0.0,0.0,1
C114325,482,1,21492.096999999998,21492.096999999998,8.0,3.0,0.0,1.0,1
C100049,100,4,107620.03349999999,26905.008374999998,10.0,5.0,0.0,0.75,1
C100443,113,5,70665.3255,14133.065099999998,8.0,5.0,0.0,0.8,1
C104435,25,6,116907.2365,19484.539416666667,7.0,0.0,1.0,0.6666666666666666,0
C110709,79,5,51051.688,10210.3376,4.0,0.0,0.0,0.8,0
C101417,204,1,14299.73,14299.73,9.0,6.0,0.0,0.0,1
C106166,507,2,39610.923500000004,19805.461750000002,8.0,1.0,1.0,1.0,1
C103148,6,1,7247.371999999999,7247.371999999999,8.0,1.0,0.0,1.0,0
C113095,325,3,90156.52249999999,30052.174166666664,3.0,0.0,1.0,0.3333333333333333,1
C106277,2,4,48554.542,12138.6355,11.0,4.0,0.0,0.75,0
C101587,26,2,36866.757999999994,18433.378999999997,12.0,5.0,0.0,1.0,0
C105269,95,3,61336.468,20445.489333333335,16.0,7.0,0.0,0.6666666666666666,1
C112926,28,4,105751.215,26437.80375,13.0,1.0,1.0,0.5,0
C102352,17,2,47233.0915,23616.545749999997,5.0,3.0,0.0,1.0,0
C109692,77,7,99826.457,14260.922428571428,12.0,4.0,2.0,0.5714285714285714,0
C114552,13,2,15768.59,7884.295,6.0,1.0,1.0,0.5,0
C112504,111,5,66636.81,13327.362,12.0,5.0,1.0,0.4,1
C101953,100,2,49747.49,24873.745,7.0,4.0,0.0,0.0,1
C107850,55,2,44815.936499999996,22407.968249999998,7.0,1.0,0.0,1.0,0
C113441,445,1,5408.0824999999995,5408.0824999999995,7.0,2.0,0.0,1.0,1
C111558,382,1,27932.238000000005,27932.238000000005,5.0,1.0,0.0,1.0,1
C106310,21,2,38546.75,19273.375,5.0,2.0,1.0,0.5,0
C112868,150,4,34241.169,8560.29225,2.0,0.0,0.0,0.75,1
C112384,237,1,19131.018,19131.018,8.0,4.0,0.0,1.0,1
C100743,87,4,47616.6415,11904.160375,6.0,3.0,0.0,0.5,0
C110770,178,2,27738.8565,13869.42825,10.0,2.0,0.0,0.5,1
C101996,35,5,47737.626,9547.5252,8.0,2.0,0.0,0.6,0
C109900,320,1,16537.0395,16537.0395,6.0,0.0,0.0,1.0,1
C103122,20,3,107702.216,35900.73866666667,8.0,2.0,1.0,0.3333333333333333,0
C106959,310,2,42382.31,21191.155,10.0,0.0,1.0,0.0,1
C113283,11,6,114645.289,19107.548166666667,13.0,2.0,1.0,0.3333333333333333,0
C104936,235,1,14886.24,14886.24,11.0,2.0,0.0,0.0,1
C100264,194,1,4378.46,4378.46,11.0,1.0,0.0,0.0,1
C113388,205,1,8957.075,8957.075,6.0,2.0,0.0,1.0,1
C105756,13,3,110478.4745,36826.15816666667,11.0,2.0,0.0,0.3333333333333333,0
C100188,35,1,4155.8225,4155.8225,8.0,0.0,0.0,1.0,0
C105381,252,2,35121.2,17560.6,5.0,1.0,0.0,0.0,1
C111552,2,4,134805.0185,33701.254625,9.0,3.0,1.0,0.5,0
C108266,40,2,21754.199,10877.0995,10.0,1.0,0.0,0.5,0
C112440,300,4,131093.157,32773.28925,13.0,7.0,2.0,0.5,1
C113271,628,2,63630.6135,31815.30675,7.0,2.0,1.0,1.0,1
C104148,61,2,34531.55100000001,17265.775500000003,9.0,3.0,0.0,0.5,0
C110303,541,1,2612.26,2612.26,7.0,2.0,0.0,0.0,1
C105451,177,1,37358.469000000005,37358.469000000005,4.0,1.0,0.0,1.0,1
C101909,495,1,28534.4375,28534.4375,6.0,1.0,2.0,1.0,1
C106407,370,2,39713.815,19856.9075,8.0,4.0,1.0,0.5,1
C113758,231,4,170720.6005,42680.150125,12.0,2.0,0.0,0.5,1
C106963,613,1,16561.050000000003,16561.050000000003,4.0,0.0,0.0,0.0,1
C112654,308,1,33696.43,33696.43,9.0,3.0,3.0,0.0,1
C108301,503,1,17753.84,17753.84,6.0,3.0,0.0,0.0,1
C103761,28,1,13055.7,13055.7,8.0,3.0,0.0,0.0,0
C108080,43,4,176726.793,44181.69825,4.0,3.0,0.0,0.5,0
C113312,119,4,87804.0575,21951.014375,13.0,4.0,0.0,0.25,1
C108897,441,3,36446.868,12148.956,6.0,3.0,0.0,1.0,1
C109950,38,4,80662.5125,20165.628125,11.0,4.0,0.0,0.5,0
C102185,7,2,33651.291,16825.6455,7.0,4.0,0.0,0.5,0
C111260,424,1,40914.41,40914.41,12.0,4.0,0.0,0.0,1
C105474,370,1,61774.38,61774.38,12.0,1.0,0.0,0.0,1
C112823,226,1,10493.960000000001,10493.960000000001,3.0,0.0,0.0,1.0,1
C105112,49,3,58103.101500000004,19367.7005,9.0,3.0,2.0,0.3333333333333333,0
C100352,190,1,0.0,0.0,14.0,3.0,0.0,1.0,1
C109279,344,1,14037.048,14037.048,1.0,0.0,0.0,1.0,1
C104909,548,2,13920.7195,6960.35975,4.0,2.0,0.0,1.0,1
C101729,117,2,36410.231999999996,18205.115999999998,6.0,1.0,1.0,0.5,1
C104542,178,3,46412.27250000001,15470.757500000002,14.0,8.0,0.0,0.3333333333333333,1
C105881,144,2,62112.219,31056.1095,4.0,1.0,2.0,1.0,1
C110739,159,1,6980.714,6980.714,6.0,3.0,0.0,1.0,1
C109218,41,1,18046.3755,18046.3755,15.0,7.0,1.0,1.0,0
C106220,49,1,8548.641,8548.641,12.0,4.0,0.0,1.0,0
C103096,124,2,47060.676,23530.338,11.0,3.0,0.0,0.5,1
C104107,334,2,9674.19,4837.095,5.0,1.0,0.0,0.0,1
C103519,130,3,49467.256499999996,16489.085499999997,3.0,1.0,0.0,0.6666666666666666,1
C111104,618,2,73582.863,36791.4315,9.0,4.0,0.0,0.5,1
C111041,-1,3,28985.654,9661.884666666667,9.0,0.0,0.0,0.6666666666666666,0
C112347,13,1,3389.28,3389.28,18.0,3.0,0.0,0.0,0
C102266,22,3,42909.148,14303.049333333334,3.0,1.0,2.0,0.3333333333333333,0
C106293,11,5,85506.7695,17101.3539,8.0,2.0,2.0,0.4,0
C104579,98,1,3089.08,3089.08,8.0,5.0,0.0,1.0,1
C104932,2,3,30083.778499999997,10027.926166666666,9.0,2.0,1.0,1.0,0
C109278,289,3,44141.833,14713.944333333333,8.0,3.0,0.0,1.0,1
C103991,328,1,78891.85,78891.85,8.0,1.0,0.0,0.0,1
C100327,77,4,43227.5035,10806.875875,10.0,1.0,0.0,0.75,0
C113170,273,3,66482.741,22160.913666666664,6.0,0.0,0.0,1.0,1
C107719,255,1,38031.34,38031.34,11.0,3.0,0.0,0.0,1
C104623,21,3,25585.236,8528.412,7.0,3.0,0.0,0.3333333333333333,0
C105903,265,2,29592.864999999998,14796.432499999999,4.0,1.0,1.0,1.0,1
C104263,311,2,29302.96,14651.48,14.0,6.0,0.0,1.0,1
C108015,19,2,74961.916,37480.958,11.0,3.0,0.0,1.0,0
C111956,5,3,30301.5265,10100.508833333333,7.0,1.0,0.0,0.6666666666666666,0
C100510,7,1,27474.039,27474.039,6.0,2.0,0.0,1.0,0
C104308,11,4,66293.82149999999,16573.455375,7.0,2.0,0.0,0.75,0
C114330,35,5,225479.8065,45095.9613,10.0,1.0,1.0,1.0,0
C105641,1,2,24158.037,12079.0185,7.0,2.0,0.0,0.5,0
C110722,47,6,138199.4565,23033.24275,6.0,1.0,3.0,0.5,0
C105157,32,3,61446.81449999999,20482.2715,9.0,0.0,0.0,0.6666666666666666,0
C109157,0,2,4711.4215,2355.71075,6.0,1.0,0.0,0.5,0
C103273,108,3,45874.758,15291.586000000001,6.0,0.0,0.0,0.6666666666666666,1
C112884,178,1,13435.966999999999,13435.966999999999,3.0,0.0,0.0,1.0,1
C114359,65,7,106091.7185,15155.959785714285,8.0,4.0,1.0,0.7142857142857143,0
C101789,50,2,41672.788,20836.394,7.0,2.0,0.0,0.5,0
C102825,1,3,37929.191,12643.063666666667,8.0,4.0,0.0,0.6666666666666666,0
C108832,117,2,42855.198000000004,21427.599000000002,5.0,1.0,0.0,1.0,1
C109823,46,3,53309.118,17769.706000000002,7.0,1.0,0.0,0.6666666666666666,0
C113430,204,1,17418.778,17418.778,8.0,4.0,0.0,1.0,1
C109876,54,4,155917.881,38979.47025,11.0,3.0,0.0,0.5,0
C107158,133,3,54344.944,18114.981333333333,7.0,3.0,0.0,1.0,1
C111454,6,4,79603.19099999999,19900.797749999998,5.0,0.0,1.0,0.75,0
C112269,380,2,44409.43,22204.715,16.0,9.0,1.0,0.0,1
C112335,76,2,29490.296000000002,14745.148000000001,5.0,0.0,0.0,0.5,0
C111116,385,3,39697.54,13232.513333333334,14.0,5.0,0.0,0.3333333333333333,1
C108249,92,5,134710.5705,26942.1141,6.0,1.0,2.0,0.4,1
C112574,70,2,73415.6405,36707.82025,8.0,1.0,0.0,0.5,0
C113994,134,6,68077.275,11346.2125,9.0,3.0,3.0,0.3333333333333333,1
C113572,6,4,52025.012500000004,13006.253125000001,10.0,3.0,0.0,0.25,0
C105872,53,2,98866.631,49433.3155,15.0,4.0,0.0,1.0,0
C107756,15,2,74248.20999999999,37124.105,6.0,1.0,2.0,0.0,0
C102714,101,2,59124.809499999996,29562.404749999998,8.0,3.0,0.0,1.0,1
C113488,13,3,44256.4375,14752.145833333334,6.0,1.0,1.0,0.6666666666666666,0
C108164,144,4,84968.887,21242.221750000004,11.0,5.0,0.0,1.0,1
C106575,18,5,92858.23849999999,18571.647699999998,4.0,1.0,1.0,0.4,0
C111027,41,1,8466.14,8466.14,5.0,2.0,0.0,0.0,0
C112304,91,5,57826.904,11565.3808,9.0,3.0,2.0,1.0,1
C111177,81,1,7795.79,7795.79,9.0,1.0,0.0,0.0,0
C110601,7,2,19565.816,9782.908,9.0,3.0,0.0,0.5,0
C108497,-1,10,166566.527,16656.6527,6.0,4.0,3.0,0.6,0
C107832,94,2,20476.269,10238.1345,9.0,5.0,0.0,0.5,1
C107947,187,3,61544.8865,20514.962166666668,8.0,7.0,1.0,1.0,1
C114693,93,3,28548.418,9516.139333333334,10.0,3.0,0.0,0.3333333333333333,1
C106545,256,2,17515.809999999998,8757.904999999999,5.0,1.0,0.0,0.5,1
C113509,278,1,27890.489999999998,27890.489999999998,11.0,2.0,0.0,0.0,1
C108303,1,4,46629.4495,11657.362375,8.0,2.0,0.0,0.75,0
C114062,8,1,5434.896000000001,5434.896000000001,6.0,1.0,0.0,1.0,0
C111092,11,3,109940.053,36646.68433333333,9.0,4.0,0.0,0.3333333333333333,0
C114327,396,1,30189.807,30189.807,11.0,3.0,0.0,1.0,1
C109871,423,2,34064.398,17032.199,14.0,3.0,0.0,0.5,1
C101805,85,1,16123.0,16123.0,5.0,2.0,0.0,0.0,0
C114086,518,2,20897.108,10448.554,5.0,1.0,0.0,0.5,1
C111820,367,1,6509.16,6509.16,6.0,2.0,0.0,0.0,1
C114943,89,7,180798.1045,25828.300642857146,4.0,1.0,1.0,0.5714285714285714,0
C108802,14,1,30462.45,30462.45,11.0,1.0,0.0,0.0,0
C102590,359,2,24630.136,12315.068,6.0,2.0,0.0,0.5,1
C106043,200,3,33313.418,11104.472666666667,10.0,2.0,0.0,0.6666666666666666,1
C107897,2,3,45515.761,15171.920333333333,17.0,5.0,1.0,1.0,0
C106646,6,2,48181.94,24090.97,9.0,4.0,0.0,0.0,0
C113261,239,2,72750.84999999999,36375.425,9.0,2.0,0.0,0.0,1
C112165,75,3,122348.10199999998,40782.700666666664,7.0,1.0,2.0,0.6666666666666666,0
C112596,231,1,7676.38,7676.38,5.0,1.0,0.0,0.0,1
C108853,7,3,128365.1165,42788.37216666667,14.0,3.0,1.0,0.3333333333333333,0
C113228,134,2,47421.448,23710.724,9.0,3.0,1.0,0.5,1
C111206,104,2,21399.627,10699.8135,8.0,0.0,0.0,0.5,1
C105267,49,5,85398.23,17079.646,15.0,5.0,1.0,0.6,0
C106258,306,3,46477.689,15492.563,12.0,6.0,1.0,1.0,1
C102336,57,2,39730.027,19865.0135,11.0,1.0,0.0,0.5,0
C112855,489,3,62635.492,20878.497333333336,8.0,2.0,0.0,0.6666666666666666,1
C112259,194,1,71376.21,71376.21,5.0,0.0,1.0,1.0,1
C103548,98,3,65787.31700000001,21929.10566666667,13.0,5.0,3.0,0.6666666666666666,1
C109788,85,1,54162.23,54162.23,11.0,1.0,0.0,0.0,0
C108279,3,4,147855.805,36963.95125,5.0,2.0,1.0,0.5,0
C109568,142,1,7484.49,7484.49,10.0,2.0,0.0,0.0,1
C111893,265,2,54586.238,27293.119,11.0,1.0,0.0,1.0,1
C108185,46,1,13898.231,13898.231,6.0,1.0,0.0,1.0,0
C101706,205,2,30118.0645,15059.03225,7.0,0.0,0.0,0.5,1
C106670,62,1,16726.73,16726.73,10.0,2.0,0.0,0.0,0
C101753,142,3,35251.174,11750.391333333333,3.0,0.0,1.0,0.6666666666666666,1
C102824,-1,4,78248.038,19562.0095,10.0,3.0,0.0,0.25,0
C103318,80,4,61794.231999999996,15448.557999999999,6.0,3.0,0.0,0.5,0
C108646,310,3,52734.85799999999,17578.286,11.0,5.0,1.0,1.0,1
C108712,144,5,154956.95299999998,30991.390599999995,11.0,3.0,2.0,0.6,1
C109647,48,5,36887.702,7377.5404,11.0,3.0,0.0,0.8,0
C112045,4,2,48098.762,24049.381,8.0,2.0,0.0,0.5,0
C109550,931,1,1555.191,1555.191,4.0,0.0,0.0,1.0,1
C113127,478,1,2863.04,2863.04,6.0,2.0,0.0,0.0,1
C110198,85,1,42901.299,42901.299,7.0,5.0,0.0,1.0,0
C107723,902,1,7880.61,7880.61,8.0,3.0,0.0,0.0,1
C109840,565,1,50100.270000000004,50100.270000000004,4.0,2.0,0.0,0.0,1
C107820,52,1,1630.51,1630.51,5.0,2.0,0.0,0.0,0
C114225,131,1,9144.1585,9144.1585,8.0,1.0,0.0,1.0,1
C114883,199,1,21500.121,21500.121,5.0,1.0,0.0,1.0,1
C112804,16,4,127765.17199999999,31941.292999999998,9.0,4.0,0.0,0.75,0
C102217,328,2,17835.243000000002,8917.621500000001,2.0,0.0,0.0,1.0,1
C109899,55,6,147397.808,24566.301333333337,7.0,2.0,1.0,0.3333333333333333,0
C105925,144,2,46682.816000000006,23341.408000000003,12.0,3.0,1.0,1.0,1
C114538,5,4,76720.872,19180.218,11.0,3.0,1.0,0.25,0
C114915,189,1,68446.16,68446.16,4.0,0.0,0.0,0.0,1
C107320,85,2,37408.5535,18704.27675,12.0,4.0,0.0,0.5,0
C106823,75,2,36619.627,18309.8135,9.0,1.0,1.0,0.5,0
C106985,479,1,43405.595,43405.595,5.0,2.0,1.0,1.0,1
C106398,105,4,73570.4705,18392.617625,10.0,4.0,0.0,0.5,1
C102572,47,2,52006.7,26003.35,7.0,2.0,1.0,0.0,0
C114750,227,2,55961.597,27980.798499999997,9.0,1.0,1.0,1.0,1
C103890,61,1,10268.352,10268.352,11.0,4.0,0.0,1.0,0
C103077,643,1,34311.049,34311.049,5.0,2.0,0.0,1.0,1
C112919,71,1,49542.46400000001,49542.46400000001,8.0,2.0,0.0,1.0,0
C106359,19,1,29716.899999999998,29716.899999999998,11.0,3.0,0.0,0.0,0
C109150,309,1,45356.0495,45356.0495,7.0,1.0,0.0,1.0,1
C103103,27,2,38175.4605,19087.73025,5.0,0.0,1.0,0.5,0
C107072,66,3,62645.068,20881.689333333332,5.0,0.0,0.0,0.3333333333333333,0
C111422,802,1,36222.568999999996,36222.568999999996,8.0,0.0,0.0,1.0,1
C113983,560,2,92862.24800000002,46431.124,7.0,1.0,1.0,1.0,1
C111276,3,3,103618.498,34539.49933333333,6.0,1.0,1.0,0.6666666666666666,0
C103672,89,1,33487.56,33487.56,6.0,3.0,0.0,1.0,0
C102783,4,3,79357.889,26452.62966666667,6.0,2.0,0.0,0.6666666666666666,0
C104955,250,1,70604.91,70604.91,12.0,4.0,1.0,0.0,1
C114036,517,1,17398.107,17398.107,8.0,3.0,0.0,1.0,1
C114868,37,5,72585.626,14517.125199999999,8.0,1.0,0.0,0.4,0
C100526,14,3,49293.278000000006,16431.092666666667,6.0,1.0,1.0,0.3333333333333333,0
C104196,80,3,56354.4015,18784.8005,9.0,2.0,0.0,0.6666666666666666,0
C111775,174,5,159415.32249999998,31883.0645,7.0,4.0,1.0,0.6,1
C112813,489,1,32097.38,32097.38,6.0,1.0,1.0,0.0,1
C110597,41,4,64257.3165,16064.329125,7.0,3.0,1.0,0.5,0
C105103,406,2,25464.096500000003,12732.048250000002,9.0,4.0,0.0,0.5,1
C111377,14,1,8616.888,8616.888,8.0,0.0,0.0,1.0,0
C100896,205,3,52988.698000000004,17662.899333333335,9.0,5.0,1.0,0.3333333333333333,1
C101702,20,7,130271.6255,18610.232214285712,14.0,2.0,2.0,0.5714285714285714,0
C104529,81,2,33018.907999999996,16509.453999999998,10.0,3.0,0.0,1.0,0
C103718,146,3,64804.777,21601.592333333334,10.0,2.0,1.0,0.3333333333333333,1
C100878,67,3,51553.634999999995,17184.545,15.0,6.0,2.0,0.6666666666666666,0
C108558,518,2,64045.109,32022.5545,11.0,3.0,1.0,0.5,1
C106579,7,5,100613.3785,20122.6757,14.0,3.0,3.0,0.6,0
C102785,53,6,117764.59950000001,19627.43325,7.0,3.0,3.0,0.8333333333333334,0
C109780,609,1,27503.0,27503.0,10.0,2.0,0.0,1.0,1
C103213,9,1,2085.73,2085.73,8.0,2.0,0.0,0.0,0
C106796,2,2,67422.52,33711.26,4.0,1.0,0.0,0.0,0
C100646,165,5,50010.5305,10002.1061,9.0,3.0,0.0,0.6,1
C113398,469,2,10760.018,5380.009,8.0,0.0,0.0,0.5,1
C101828,138,2,22804.414,11402.207,7.0,1.0,0.0,0.5,1
C100186,26,5,131854.902,26370.9804,11.0,4.0,0.0,0.6,0
C104198,92,2,48964.905,24482.4525,6.0,2.0,0.0,1.0,1
C112213,10,3,42533.203,14177.734333333334,3.0,1.0,1.0,0.3333333333333333,0
C108655,47,6,171188.1145,28531.352416666665,8.0,1.0,2.0,0.5,0
C113084,27,5,96989.3725,19397.874499999998,6.0,2.0,0.0,0.6,0
C103742,14,2,18000.5435,9000.27175,10.0,3.0,0.0,0.5,0
C108840,498,1,16753.23,16753.23,6.0,2.0,0.0,0.0,1
C108514,0,1,12871.928000000002,12871.928000000002,11.0,3.0,1.0,1.0,0
C103709,102,2,116084.317,58042.1585,9.0,1.0,0.0,0.5,1
C109240,200,1,9529.05,9529.05,9.0,2.0,0.0,0.0,1
C107090,16,2,19032.9145,9516.45725,14.0,2.0,0.0,0.5,0
C113963,2,2,37419.896,18709.948,11.0,2.0,0.0,0.5,0
C105927,141,2,27551.901,13775.950500000003,10.0,2.0,0.0,0.5,1
C108774,313,1,12072.65,12072.65,6.0,0.0,1.0,0.0,1
C114752,68,1,44167.53,44167.53,7.0,3.0,0.0,0.0,0
C111680,6,6,126064.284,21010.714,6.0,0.0,0.0,0.5,0
C106278,54,2,89589.15299999999,44794.5765,13.0,3.0,0.0,0.5,0
C106445,183,3,90618.04000000001,30206.013333333336,8.0,1.0,1.0,1.0,1
C104721,179,1,55719.514500000005,55719.514500000005,5.0,0.0,1.0,1.0,1
C103207,602,3,64492.51,21497.503333333334,9.0,0.0,0.0,0.0,1
C102895,164,1,12287.66,12287.66,7.0,1.0,0.0,0.0,1
C103855,3,1,21359.020999999997,21359.020999999997,11.0,3.0,0.0,1.0,0
C104884,135,2,4046.7980000000007,2023.3990000000003,8.0,4.0,1.0,0.5,1
C107524,210,1,28963.035000000003,28963.035000000003,8.0,2.0,0.0,1.0,1
C110029,637,1,5017.06,5017.06,10.0,3.0,0.0,0.0,1
C114197,3,2,26459.381,13229.6905,8.0,6.0,0.0,1.0,0
C109906,89,4,66027.6015,16506.900375,7.0,0.0,1.0,1.0,0
C102377,150,2,14390.250499999998,7195.125249999999,10.0,4.0,0.0,0.5,1
C114741,197,2,53589.414000000004,26794.707000000002,12.0,7.0,0.0,0.5,1
C107018,8,3,75398.4915,25132.8305,6.0,1.0,2.0,0.3333333333333333,0
C108664,97,7,109816.73950000001,15688.105642857145,13.0,3.0,0.0,0.42857142857142855,1
C114933,195,4,197827.1205,49456.780125000005,5.0,1.0,1.0,0.25,1
C108641,19,9,140472.2905,15608.032277777778,12.0,2.0,2.0,0.8888888888888888,0
C112724,11,5,133169.3255,26633.865100000003,6.0,1.0,1.0,1.0,0
C101486,0,1,107373.94200000001,107373.94200000001,6.0,4.0,0.0,1.0,0
C104872,369,3,46619.902,15539.967333333332,8.0,5.0,1.0,0.3333333333333333,1
C108421,527,2,28689.73,14344.865,14.0,2.0,0.0,0.0,1
C106078,267,3,56352.7865,18784.262166666667,8.0,1.0,0.0,0.6666666666666666,1
C106603,247,4,97602.1985,24400.549625,10.0,1.0,2.0,0.75,1
C101352,85,2,24126.5555,12063.27775,8.0,3.0,1.0,0.5,0
C113523,21,3,63084.689,21028.229666666666,5.0,0.0,1.0,0.3333333333333333,0
C104260,112,1,19111.91,19111.91,5.0,2.0,0.0,0.0,1
C107438,675,1,15126.669,15126.669,7.0,0.0,0.0,1.0,1
C105191,0,3,26597.0445,8865.6815,5.0,1.0,0.0,0.6666666666666666,0
C103119,386,2,23856.3765,11928.18825,7.0,3.0,0.0,0.5,1
C106988,137,2,22990.088000000003,11495.044000000002,4.0,3.0,1.0,1.0,1
C102132,107,6,125569.311,20928.2185,4.0,0.0,1.0,0.3333333333333333,1
C108841,3,4,67872.462,16968.1155,10.0,3.0,1.0,0.5,0
C114335,384,2,35553.32,17776.66,8.0,3.0,1.0,0.0,1
C105168,153,2,42419.034,21209.517,13.0,2.0,1.0,0.5,1
C102640,148,2,21268.710000000003,10634.355000000001,3.0,1.0,0.0,0.0,1
C101528,206,3,88412.892,29470.964000000004,8.0,3.0,0.0,1.0,1
C108376,700,2,43529.2715,21764.63575,7.0,3.0,0.0,0.5,1
C107606,20,2,39791.92,19895.96,13.0,4.0,0.0,0.0,0
C110661,21,6,159974.099,26662.34983333333,17.0,3.0,2.0,0.5,0
C111735,55,1,29988.7395,29988.7395,8.0,3.0,0.0,1.0,0
C104798,296,2,51790.7295,25895.364749999997,12.0,5.0,0.0,1.0,1
C103080,99,3,43940.202000000005,14646.734000000002,10.0,4.0,0.0,0.6666666666666666,1
C110279,353,3,19442.806999999997,6480.935666666665,12.0,4.0,2.0,0.6666666666666666,1
C109795,65,1,18643.769999999997,18643.769999999997,9.0,2.0,0.0,0.0,0
C103325,15,2,22032.561,11016.2805,5.0,1.0,1.0,1.0,0
C109828,951,1,32108.156999999996,32108.156999999996,7.0,2.0,1.0,1.0,1
C114080,251,3,34869.544,11623.181333333334,8.0,1.0,1.0,0.3333333333333333,1
C109839,24,2,25617.997,12808.998499999998,9.0,4.0,0.0,0.5,0
C111940,28,4,81613.1225,20403.280625,11.0,5.0,1.0,0.5,0
C103989,78,1,26768.055,26768.055,5.0,2.0,0.0,1.0,0
C109326,160,1,12979.21,12979.21,11.0,4.0,0.0,0.0,1
C105294,175,1,34491.973,34491.973,10.0,2.0,0.0,1.0,1
C102001,286,2,36143.721000000005,18071.860500000003,8.0,4.0,0.0,0.5,1
C104164,168,1,12359.3485,12359.3485,13.0,3.0,0.0,1.0,1
C105874,641,2,22511.856,11255.928,11.0,2.0,0.0,1.0,1
C114732,148,1,19743.622,19743.622,14.0,4.0,0.0,1.0,1
C111555,156,1,23229.0805,23229.0805,10.0,2.0,1.0,1.0,1
C110783,108,1,38767.657,38767.657,12.0,1.0,0.0,1.0,1
C103484,2,2,31138.7235,15569.36175,7.0,3.0,0.0,0.5,0
C100654,426,1,5245.77,5245.77,8.0,2.0,0.0,0.0,1
C111573,45,2,57548.729999999996,28774.364999999998,8.0,2.0,0.0,0.0,0
C103442,133,6,78895.9955,13149.332583333331,10.0,6.0,0.0,0.5,1
C102043,64,1,32643.68,32643.68,9.0,2.0,0.0,1.0,0
C108869,0,2,38489.2705,19244.63525,11.0,3.0,1.0,0.5,0
C107796,494,2,19030.226,9515.113,6.0,2.0,0.0,0.5,1
C106972,131,4,182418.9555,45604.738875,11.0,4.0,0.0,0.75,1
C104394,328,2,78180.8345,39090.41725,3.0,0.0,1.0,0.5,1
C101896,90,4,84531.956,21132.989,17.0,7.0,2.0,0.75,0
C100359,1,7,73703.4815,10529.068785714286,6.0,2.0,1.0,0.7142857142857143,0
C107357,423,1,9505.17,9505.17,8.0,3.0,0.0,0.0,1
C112314,-1,2,87198.879,43599.4395,6.0,0.0,2.0,0.5,0
C106309,701,1,382.65999999999997,382.65999999999997,10.0,2.0,0.0,1.0,1
C105092,172,1,19640.49,19640.49,2.0,0.0,0.0,0.0,1
C108038,200,3,78831.1735,26277.057833333336,11.0,2.0,0.0,0.6666666666666666,1
C111071,97,1,43741.79,43741.79,7.0,1.0,0.0,0.0,1
C110993,469,1,5707.024,5707.024,8.0,2.0,0.0,1.0,1
C107387,112,2,72358.60800000001,36179.304,6.0,1.0,0.0,0.5,1
C109987,491,1,42798.92,42798.92,3.0,1.0,0.0,0.0,1
C105566,334,1,23259.942499999997,23259.942499999997,7.0,2.0,0.0,1.0,1
C105610,608,1,13132.11,13132.11,5.0,0.0,0.0,0.0,1
C111961,487,1,9689.160000000002,9689.160000000002,11.0,1.0,0.0,1.0,1
C101544,96,3,67642.242,22547.414,3.0,1.0,2.0,0.3333333333333333,1
C113868,220,4,131670.497,32917.62425,8.0,4.0,2.0,0.25,1
C112900,30,9,151591.8415,16843.537944444444,9.0,2.0,0.0,0.4444444444444444,0
C106993,10,3,25901.953999999998,8633.984666666665,14.0,4.0,0.0,0.6666666666666666,0
C100527,32,4,55024.5485,13756.137125,5.0,1.0,0.0,0.5,0
C101641,180,3,61910.8275,20636.9425,5.0,2.0,1.0,0.6666666666666666,1
C111423,732,1,4418.1,4418.1,6.0,2.0,0.0,0.0,1
C111943,139,1,11423.848,11423.848,6.0,3.0,0.0,1.0,1
C100871,185,2,24734.009,12367.0045,6.0,1.0,0.0,1.0,1
C109342,206,4,10452.654,2613.1635,5.0,2.0,0.0,0.5,1
C101697,220,1,1463.2279999999998,1463.2279999999998,9.0,4.0,0.0,1.0,1
C100553,281,1,18424.81,18424.81,12.0,1.0,1.0,0.0,1
C108618,255,1,6602.08,6602.08,11.0,5.0,0.0,0.0,1
C104777,62,3,27332.411,9110.803666666667,11.0,8.0,0.0,0.6666666666666666,0
C101131,20,3,45105.880000000005,15035.293333333335,8.0,3.0,0.0,0.0,0
C107931,278,3,71432.979,23810.993000000002,7.0,4.0,1.0,0.6666666666666666,1
C108871,2,2,28386.674000000003,14193.337000000001,12.0,2.0,1.0,1.0,0
C104455,408,2,35093.54,17546.770000000004,13.0,3.0,0.0,0.0,1
C101837,443,1,11979.98,11979.98,6.0,2.0,0.0,0.0,1
C105221,8,2,22454.0075,11227.00375,13.0,2.0,0.0,0.5,0
C101550,484,1,41559.840000000004,41559.840000000004,9.0,3.0,0.0,0.0,1
C114440,434,1,16264.95,16264.95,9.0,2.0,0.0,0.0,1
C100056,159,7,222132.52899999998,31733.218428571425,6.0,0.0,1.0,0.8571428571428571,1
C114982,276,1,3116.45,3116.45,5.0,1.0,0.0,0.0,1
C104668,171,1,21172.3185,21172.3185,9.0,2.0,0.0,1.0,1
C100495,141,1,31642.771,31642.771,6.0,1.0,0.0,1.0,1
C111225,646,1,89550.48000000001,89550.48000000001,4.0,1.0,0.0,0.0,1
C106767,552,1,39667.426,39667.426,7.0,1.0,1.0,1.0,1
C104667,205,1,11680.92,11680.92,6.0,2.0,0.0,1.0,1
C103345,620,1,26205.288,26205.288,7.0,2.0,1.0,1.0,1
C111484,28,5,132979.2555,26595.8511,8.0,2.0,2.0,0.6,0
C106904,3,5,169120.4725,33824.0945,9.0,2.0,0.0,0.4,0
C109272,142,1,14663.991,14663.991,7.0,4.0,0.0,1.0,1
C100351,23,3,91363.602,30454.534,5.0,2.0,1.0,0.6666666666666666,0
C111764,17,2,38160.69,19080.345,13.0,3.0,0.0,0.5,0
C107618,123,2,17820.79,8910.394999999999,8.0,4.0,0.0,0.0,1
C113347,37,2,22497.944000000003,11248.972000000002,14.0,4.0,0.0,0.5,0
C110290,470,1,25767.65,25767.65,11.0,1.0,0.0,0.0,1
C101371,106,1,15311.223,15311.223,3.0,0.0,0.0,1.0,1
C112457,259,3,71895.205,23965.068333333333,13.0,3.0,0.0,0.6666666666666666,1
C101119,137,1,23517.62,23517.62,10.0,5.0,0.0,0.0,1
C111390,4,3,57341.4885,19113.8295,15.0,7.0,0.0,0.3333333333333333,0
C105525,98,4,47989.703,11997.42575,6.0,2.0,1.0,0.25,1
C114450,29,1,26305.584000000003,26305.584000000003,8.0,3.0,0.0,1.0,0
C110495,147,4,40845.959,10211.48975,9.0,1.0,1.0,0.5,1
C102800,51,2,73902.89199999999,36951.445999999996,3.0,1.0,0.0,0.5,0
C103760,12,1,2050.38,2050.38,5.0,0.0,0.0,1.0,0
C110890,14,2,37283.26,18641.63,10.0,1.0,0.0,0.0,0
C100435,15,4,46624.6035,11656.150875,9.0,2.0,0.0,0.75,0
C105507,968,1,25139.753,25139.753,4.0,2.0,0.0,1.0,1
C110843,74,3,40452.614,13484.204666666667,7.0,2.0,0.0,0.3333333333333333,0
C100627,36,2,63667.4,31833.699999999997,7.0,3.0,0.0,0.0,0
C107264,63,1,15461.297499999999,15461.297499999999,10.0,4.0,0.0,1.0,0
C108715,9,2,52828.376,26414.188,8.0,1.0,0.0,1.0,0
C102528,540,1,28673.669499999996,28673.669499999996,7.0,4.0,0.0,1.0,1
C110825,315,3,74096.244,24698.748000000003,7.0,2.0,0.0,0.6666666666666666,1
C101610,453,1,34367.96,34367.96,8.0,3.0,0.0,1.0,1
C103953,167,2,40563.86,20281.93,8.0,2.0,0.0,0.5,1
C112447,373,2,39186.1795,19593.08975,5.0,2.0,1.0,0.5,1
C110844,222,1,47934.032999999996,47934.032999999996,11.0,2.0,0.0,1.0,1
C102329,98,2,16867.288,8433.644,9.0,2.0,0.0,1.0,1
C110163,23,2,35123.548,17561.774,10.0,4.0,2.0,0.5,0
C103762,41,1,19841.263,19841.263,5.0,2.0,0.0,1.0,0
C112706,997,1,11491.452000000001,11491.452000000001,11.0,0.0,0.0,1.0,1
C114655,21,4,75286.072,18821.518,5.0,0.0,1.0,0.75,0
C113021,393,1,21301.592,21301.592,13.0,5.0,0.0,1.0,1
C112288,240,4,87758.903,21939.72575,6.0,0.0,0.0,0.25,1
C110695,211,1,4899.8165,4899.8165,6.0,4.0,0.0,1.0,1
C113105,44,3,66166.3665,22055.4555,9.0,2.0,1.0,0.6666666666666666,0
C101394,942,1,2853.59,2853.59,10.0,2.0,0.0,0.0,1
C112558,0,1,13306.724999999999,13306.724999999999,10.0,2.0,0.0,1.0,0
C107649,5,1,24426.304,24426.304,8.0,0.0,0.0,1.0,0
C109305,238,2,44019.890999999996,22009.945499999998,3.0,3.0,1.0,1.0,1
C111386,46,4,33775.1855,8443.796375,10.0,3.0,2.0,0.25,0
C100889,73,5,72025.972,14405.194399999998,5.0,1.0,0.0,0.6,0
C104444,527,2,58069.62100000001,29034.810500000003,7.0,0.0,0.0,1.0,1
C102348,74,2,54072.97,27036.485,10.0,2.0,0.0,0.0,0
C106222,317,1,19057.39,19057.39,13.0,7.0,0.0,0.0,1
C108211,611,2,22209.45,11104.725,9.0,4.0,0.0,0.5,1
C105162,-1,1,20393.88,20393.88,6.0,1.0,0.0,0.0,0
C105530,171,8,167756.315,20969.539375,5.0,1.0,0.0,0.5,1
C104624,236,6,97975.2175,16329.202916666667,6.0,1.0,0.0,0.5,1
C103174,37,2,45910.9465,22955.47325,6.0,1.0,1.0,0.5,0
C113625,316,1,21707.01,21707.01,10.0,1.0,0.0,0.0,1
C106378,18,4,133181.8135,33295.453375,9.0,1.0,0.0,0.5,0
C113237,561,1,9016.4175,9016.4175,12.0,3.0,0.0,1.0,1
C105032,238,3,32267.364,10755.788,8.0,0.0,0.0,0.3333333333333333,1
C111343,165,1,2936.91,2936.91,13.0,6.0,0.0,0.0,1
C113612,272,2,44627.39,22313.695,16.0,5.0,2.0,0.5,1
C111544,257,1,24497.25,24497.25,3.0,2.0,0.0,0.0,1
C105083,466,2,57791.2,28895.6,5.0,1.0,0.0,1.0,1
C111231,109,1,15206.51,15206.51,5.0,3.0,0.0,0.0,1
C114961,282,2,25187.554500000002,12593.777250000001,6.0,2.0,1.0,1.0,1
C112545,255,3,50396.431500000006,16798.810500000003,11.0,6.0,0.0,0.6666666666666666,1
C113028,35,1,7655.04,7655.04,12.0,2.0,0.0,0.0,0
C111131,26,6,83390.41,13898.401666666667,3.0,0.0,1.0,0.8333333333333334,0
C109864,42,1,13467.6,13467.6,7.0,4.0,1.0,1.0,0
C103790,143,4,92825.706,23206.4265,11.0,4.0,1.0,0.5,1
C112149,69,2,75662.869,37831.4345,8.0,3.0,0.0,0.5,0
C110156,305,1,1413.334,1413.334,9.0,1.0,0.0,1.0,1
C108626,45,2,81687.31,40843.655,12.0,2.0,0.0,0.0,0
C111604,27,3,81252.052,27084.017333333337,9.0,1.0,0.0,1.0,0
C112381,469,2,26626.356,13313.178,8.0,1.0,0.0,0.5,1
C105599,108,3,71474.2795,23824.759833333334,9.0,4.0,0.0,0.6666666666666666,1
C102189,89,2,42917.947,21458.9735,13.0,5.0,0.0,1.0,0
C113920,45,1,10711.11,10711.11,10.0,2.0,1.0,0.0,0
C100291,140,1,16023.9365,16023.9365,3.0,0.0,0.0,1.0,1
C102524,294,2,21121.386,10560.693000000001,9.0,4.0,1.0,0.5,1
C107743,498,4,116300.75,29075.1875,8.0,2.0,0.0,0.5,1
C102519,85,3,61005.115,20335.038333333334,12.0,7.0,0.0,0.3333333333333333,0
C111046,379,1,26334.059999999998,26334.059999999998,8.0,2.0,1.0,0.0,1
C101590,523,2,25507.019999999997,12753.509999999998,7.0,6.0,0.0,0.0,1
C104600,543,3,116566.09199999999,38855.363999999994,8.0,7.0,2.0,0.3333333333333333,1
C104860,16,2,17206.420000000002,8603.210000000001,4.0,0.0,0.0,0.0,0
C104135,566,2,68622.0365,34311.01825,8.0,4.0,0.0,0.5,1
C103538,259,3,70540.425,23513.475000000002,4.0,0.0,1.0,0.6666666666666666,1
C101283,415,2,14080.168000000001,7040.084000000001,7.0,1.0,0.0,1.0,1
C105312,29,4,80705.9055,20176.476375,4.0,1.0,0.0,0.75,0
C105683,641,1,2351.6609999999996,2351.6609999999996,10.0,2.0,0.0,1.0,1
C102317,324,5,66974.9225,13394.9845,8.0,2.0,1.0,0.4,1
C111582,120,4,56630.350999999995,14157.587749999999,10.0,4.0,0.0,0.25,1
C104641,406,2,33112.907999999996,16556.453999999998,11.0,4.0,0.0,1.0,1
C103660,82,1,21478.266,21478.266,10.0,2.0,0.0,1.0,0
C105581,70,3,60624.83,20208.27666666667,8.0,2.0,1.0,0.0,0
C105289,185,2,61709.83900000001,30854.919500000004,10.0,3.0,0.0,0.5,1
C110194,10,3,35740.21,11913.403333333334,6.0,2.0,0.0,0.0,0
C110464,23,3,16689.511,5563.170333333333,10.0,3.0,0.0,1.0,0
C114834,80,3,52343.4635,17447.821166666665,7.0,2.0,0.0,0.3333333333333333,0
C108074,12,2,33074.9015,16537.45075,6.0,0.0,0.0,0.5,0
C113373,96,2,46111.854999999996,23055.927499999998,6.0,3.0,0.0,1.0,1
C106005,26,4,43220.942,10805.2355,9.0,2.0,1.0,0.75,0
C109936,209,1,14504.468,14504.468,5.0,1.0,0.0,1.0,1
C113660,40,2,48698.7475,24349.37375,6.0,4.0,0.0,0.5,0
C105479,779,1,14872.35,14872.35,11.0,4.0,0.0,0.0,1
C112442,619,1,10453.436,10453.436,12.0,4.0,0.0,1.0,1
C114742,146,2,47785.386,23892.693000000003,8.0,1.0,0.0,1.0,1
C110579,41,7,131539.2255,18791.31792857143,18.0,2.0,0.0,0.42857142857142855,0
C112418,470,1,32862.02,32862.02,9.0,4.0,0.0,0.0,1
C112641,15,2,29996.7575,14998.37875,7.0,0.0,0.0,1.0,0
C102393,11,1,16256.949999999999,16256.949999999999,4.0,0.0,0.0,0.0,0
C112329,221,1,42752.520000000004,42752.520000000004,6.0,3.0,1.0,0.0,1
C107353,102,1,37562.86,37562.86,5.0,1.0,0.0,0.0,1
C105347,9,1,52819.41650000001,52819.41650000001,12.0,2.0,0.0,1.0,0
C105616,59,3,67569.1315,22523.04383333333,11.0,5.0,0.0,0.6666666666666666,0
C101705,557,1,12211.152000000002,12211.152000000002,7.0,3.0,0.0,1.0,1
C113063,76,3,85539.806,28513.268666666667,6.0,3.0,0.0,0.6666666666666666,0
C109072,105,1,5808.496,5808.496,8.0,3.0,0.0,1.0,1
C114073,-1,2,23674.706000000002,11837.353000000001,4.0,1.0,0.0,0.5,0
C105297,71,2,122452.92,61226.46000000001,12.0,2.0,0.0,0.0,0
C112636,227,3,95258.17199999999,31752.724000000002,10.0,1.0,1.0,0.3333333333333333,1
C105954,15,1,13247.31,13247.31,15.0,7.0,0.0,0.0,0
C108152,225,1,13054.215,13054.215,6.0,4.0,1.0,1.0,1
C111376,561,3,33225.064,11075.021333333332,7.0,3.0,1.0,0.6666666666666666,1
C104578,137,2,34235.56,17117.78,6.0,1.0,0.0,0.0,1
C104218,53,5,81487.98849999999,16297.597699999998,9.0,0.0,1.0,0.4,0
C110914,47,2,67715.803,33857.9015,10.0,3.0,1.0,0.5,0
C103491,205,1,4519.69,4519.69,9.0,2.0,0.0,0.0,1
C109646,714,4,125791.7505,31447.937625,10.0,2.0,0.0,0.5,1
C105523,20,4,69983.5225,17495.880625,8.0,0.0,0.0,0.5,0
C105755,-1,4,92095.176,23023.794,16.0,6.0,0.0,0.5,0
C105220,151,3,82579.804,27526.601333333336,7.0,2.0,1.0,0.3333333333333333,1
C111935,271,2,18759.874,9379.937,8.0,1.0,0.0,1.0,1
C113896,677,1,3012.616,3012.616,9.0,3.0,0.0,1.0,1
C113311,35,2,17832.92,8916.46,6.0,1.0,0.0,0.5,0
C108620,400,1,29757.19,29757.19,9.0,3.0,1.0,0.0,1
C105914,35,4,81058.75749999999,20264.689375,6.0,2.0,0.0,0.75,0
C113055,314,1,20338.22,20338.22,4.0,0.0,0.0,0.0,1
C110978,446,4,72134.629,18033.65725,9.0,2.0,0.0,0.5,1
C102108,22,1,8134.42,8134.42,10.0,5.0,0.0,0.0,0
C108520,1,1,4313.73,4313.73,7.0,1.0,0.0,0.0,0
C113823,500,1,36538.656,36538.656,7.0,1.0,2.0,1.0,1
C111162,18,2,57629.486,28814.743,6.0,3.0,0.0,0.5,0
C103028,38,1,60649.74399999999,60649.74399999999,10.0,3.0,0.0,1.0,0
C107628,4,4,70973.392,17743.347999999998,8.0,2.0,1.0,0.5,0
C112922,59,2,77908.246,38954.123,8.0,2.0,0.0,0.5,0
C102546,7,3,15336.652,5112.217333333333,12.0,3.0,0.0,0.3333333333333333,0
C109211,13,3,50586.146,16862.048666666666,7.0,2.0,1.0,0.3333333333333333,0
C112368,287,2,4543.42,2271.71,9.0,3.0,0.0,0.5,1
C102357,-1,5,65620.512,13124.1024,11.0,4.0,0.0,0.8,0
C114659,36,5,39550.86,7910.1720000000005,7.0,1.0,2.0,0.6,0
C100857,341,1,10470.36,10470.36,8.0,2.0,0.0,0.0,1
C101154,41,1,54137.086500000005,54137.086500000005,9.0,1.0,0.0,1.0,0
C110771,4,4,129602.494,32400.6235,9.0,3.0,2.0,0.25,0
C111091,232,4,50168.7635,12542.190875,8.0,2.0,1.0,0.5,1
C100091,7,5,174823.972,34964.7944,7.0,1.0,0.0,0.8,0
C108475,8,1,9222.1,9222.1,12.0,4.0,0.0,0.0,0
C106735,80,4,94894.45,23723.6125,7.0,3.0,1.0,0.75,0
C113700,38,1,0.0,0.0,4.0,1.0,1.0,1.0,0
C113565,113,2,38214.33,19107.165,11.0,5.0,0.0,0.0,1
C112011,237,1,8550.9575,8550.9575,10.0,3.0,0.0,1.0,1
C104738,267,4,37188.85,9297.2125,8.0,1.0,0.0,0.25,1
C108083,46,5,105976.562,21195.312400000003,10.0,1.0,1.0,0.2,0
C109657,19,2,23452.09,11726.045,4.0,2.0,1.0,0.0,0
C114607,286,2,61327.095499999996,30663.547749999998,5.0,0.0,0.0,1.0,1
C104349,42,3,56347.309,18782.43633333333,4.0,0.0,2.0,0.6666666666666666,0
C114176,154,4,52497.614499999996,13124.403624999999,14.0,4.0,1.0,0.75,1
C112569,355,1,20526.272,20526.272,6.0,3.0,0.0,1.0,1
C112912,63,1,11786.07,11786.07,8.0,3.0,0.0,0.0,0
C102809,555,3,70800.3005,23600.100166666667,10.0,4.0,0.0,0.3333333333333333,1
C112785,115,2,18454.668499999996,9227.334249999998,7.0,1.0,1.0,1.0,1
C102390,9,5,82511.859,16502.3718,19.0,5.0,0.0,0.6,0
C101522,625,2,9944.576000000001,4972.2880000000005,8.0,2.0,0.0,0.5,1
C100261,102,2,39283.192,19641.596,14.0,3.0,0.0,1.0,1
C109476,52,5,41625.154,8325.0308,10.0,3.0,1.0,0.6,0
C111702,205,1,16595.6,16595.6,8.0,3.0,0.0,0.0,1
C101325,38,2,16146.6085,8073.30425,13.0,5.0,0.0,1.0,0
C109267,24,5,133801.805,26760.360999999997,9.0,0.0,1.0,0.4,0
C100970,613,2,39468.038,19734.019,9.0,2.0,1.0,0.5,1
C105325,900,1,27216.83,27216.83,6.0,3.0,0.0,0.0,1
C107537,-1,6,77348.7645,12891.460749999998,16.0,5.0,0.0,0.6666666666666666,0
C113514,59,2,48349.4905,24174.74525,12.0,3.0,0.0,1.0,0
C100678,119,4,46197.721,11549.43025,6.0,0.0,0.0,0.75,1
C103497,185,2,47988.7345,23994.367250000003,6.0,1.0,0.0,1.0,1
C103605,-1,3,55757.897,18585.965666666667,8.0,0.0,1.0,0.3333333333333333,0
C103836,30,6,116207.4725,19367.912083333333,7.0,1.0,1.0,0.6666666666666666,0
C106377,674,2,21725.777,10862.8885,8.0,3.0,1.0,0.5,1
C102012,494,2,23035.731,11517.8655,7.0,3.0,0.0,1.0,1
C103759,1,4,70383.47,17595.8675,7.0,2.0,0.0,0.75,0
C102708,233,2,18894.76,9447.380000000001,9.0,2.0,0.0,0.0,1
C106356,89,1,30253.19,30253.19,7.0,2.0,0.0,0.0,0
C111369,144,1,6087.3769999999995,6087.3769999999995,7.0,1.0,0.0,1.0,1
C110543,397,2,32111.95,16055.975000000002,5.0,3.0,1.0,0.0,1
C106000,96,1,15561.06,15561.06,5.0,1.0,0.0,0.0,1
C109213,45,3,82815.59,27605.19666666667,12.0,1.0,1.0,0.0,0
C100166,646,1,18797.76,18797.76,8.0,3.0,0.0,0.0,1
C102417,529,1,8032.849999999999,8032.849999999999,12.0,2.0,0.0,0.0,1
C113617,320,2,57867.6035,28933.80175,15.0,2.0,0.0,0.5,1
C108483,40,3,36719.14,12239.713333333333,8.0,1.0,1.0,1.0,0
C108292,66,2,66004.43,33002.215,10.0,5.0,0.0,0.0,0
C108758,65,4,82706.2525,20676.563125,6.0,0.0,1.0,0.5,0
C113298,654,1,1260.0320000000002,1260.0320000000002,9.0,0.0,0.0,1.0,1
C109058,9,3,56058.62,18686.20666666667,2.0,1.0,0.0,0.3333333333333333,0
C101756,30,5,157086.609,31417.321799999998,10.0,5.0,0.0,0.6,0
C100384,93,1,11387.187,11387.187,7.0,3.0,0.0,1.0,1
C113646,358,1,10224.684000000001,10224.684000000001,6.0,2.0,0.0,1.0,1
C106848,155,4,74806.8125,18701.703125,11.0,3.0,0.0,1.0,1
C104686,83,1,40245.54,40245.54,9.0,4.0,0.0,0.0,0
C107664,221,3,18082.716000000004,6027.572,1.0,1.0,0.0,0.6666666666666666,1
C101689,44,5,81044.2775,16208.8555,10.0,1.0,0.0,0.4,0
C109961,137,1,11267.352,11267.352,5.0,2.0,0.0,1.0,1
C109572,19,6,193703.8405,32283.973416666664,5.0,2.0,2.0,0.3333333333333333,0
C103056,54,3,84484.69200000001,28161.564000000002,10.0,6.0,0.0,0.3333333333333333,0
C105986,5,3,76413.29000000001,25471.096666666668,8.0,0.0,2.0,0.3333333333333333,0
C110245,151,2,50992.95,25496.475,5.0,1.0,1.0,0.0,1
C111644,55,5,35670.077,7134.015399999999,6.0,1.0,1.0,0.4,0
C107851,48,3,69844.186,23281.395333333334,7.0,1.0,0.0,0.3333333333333333,0
C106007,81,3,74777.227,24925.74233333333,10.0,1.0,1.0,0.6666666666666666,0
C105082,35,2,74356.04000000001,37178.020000000004,5.0,2.0,0.0,0.0,0
C101740,5,1,26051.428999999996,26051.428999999996,6.0,1.0,0.0,1.0,0
C104703,284,1,6792.9365,6792.9365,7.0,2.0,1.0,1.0,1
C103803,53,8,195532.2845,24441.535562499997,12.0,3.0,0.0,0.375,0
C106066,88,1,24747.72,24747.72,10.0,4.0,0.0,0.0,0
C100381,151,1,10356.7655,10356.7655,9.0,2.0,0.0,1.0,1
C102240,53,3,99656.99,33218.996666666666,5.0,1.0,1.0,0.0,0
C111656,516,1,694.0160000000001,694.0160000000001,8.0,1.0,0.0,1.0,1
C108069,165,1,2620.516,2620.516,5.0,1.0,0.0,1.0,1
C113387,285,1,14948.784,14948.784,9.0,2.0,0.0,1.0,1
C113863,170,2,27400.763,13700.3815,10.0,4.0,0.0,0.5,1
C105243,956,1,17135.442000000003,17135.442000000003,13.0,2.0,0.0,1.0,1
C111022,365,1,20046.92,20046.92,8.0,3.0,0.0,0.0,1
C103987,264,2,67746.8895,33873.444749999995,7.0,1.0,0.0,0.5,1
C110276,117,1,12400.1485,12400.1485,11.0,3.0,0.0,1.0,1
C109887,420,1,14879.124000000002,14879.124000000002,8.0,0.0,0.0,1.0,1
C111670,120,8,175931.837,21991.479625,7.0,5.0,1.0,0.75,1
C111243,6,1,15683.29,15683.29,8.0,2.0,0.0,0.0,0
C112566,73,3,41354.4,13784.800000000001,4.0,0.0,0.0,0.0,0
C100993,612,1,17313.3,17313.3,9.0,1.0,0.0,0.0,1
C109256,88,2,15621.624,7810.812,12.0,4.0,1.0,1.0,0
C108005,334,3,50215.858,16738.619333333332,6.0,2.0,1.0,0.3333333333333333,1
C102216,178,2,23166.6,11583.3,7.0,1.0,0.0,0.0,1
C113753,27,3,32398.710000000006,10799.570000000002,12.0,5.0,1.0,1.0,0
C105443,154,2,33489.378,16744.689,5.0,0.0,0.0,1.0,1
C113993,2,2,45690.826,22845.412999999997,12.0,2.0,2.0,0.5,0
C114366,349,6,113660.65250000001,18943.442083333335,8.0,3.0,2.0,0.8333333333333334,1
C113158,472,1,13919.598,13919.598,7.0,2.0,0.0,1.0,1
C109992,537,1,11087.757,11087.757,10.0,3.0,0.0,1.0,1
C103307,294,1,34726.21,34726.21,8.0,3.0,0.0,0.0,1
C101280,149,3,38368.253000000004,12789.417666666668,8.0,2.0,0.0,0.3333333333333333,1
C112761,1,4,51656.222,12914.0555,6.0,4.0,0.0,0.5,0
C106208,38,2,33931.4795,16965.73975,5.0,2.0,0.0,0.5,0
C113510,95,4,78253.7865,19563.446625,4.0,1.0,2.0,0.5,1
C102826,27,3,47048.3085,15682.7695,13.0,4.0,0.0,1.0,0
C112325,212,1,48630.294,48630.294,7.0,3.0,0.0,1.0,1
C111827,461,2,25037.190000000002,12518.595000000001,7.0,1.0,0.0,0.0,1
C100822,2,2,70458.983,35229.4915,10.0,6.0,0.0,0.5,0
C114382,580,1,15966.915999999997,15966.915999999997,4.0,2.0,0.0,1.0,1
C110895,525,1,831.474,831.474,9.0,1.0,0.0,1.0,1
C105577,427,1,40697.84,40697.84,9.0,2.0,0.0,0.0,1
C100652,449,2,39989.78,19994.89,8.0,1.0,0.0,0.5,1
C102557,11,3,57599.634,19199.878,8.0,1.0,1.0,0.6666666666666666,0
C111200,11,1,5117.3745,5117.3745,6.0,0.0,0.0,1.0,0
C112273,2,1,2369.792,2369.792,11.0,5.0,0.0,1.0,0
C106927,46,1,16435.77,16435.77,7.0,3.0,0.0,0.0,0
C108089,14,1,1369.1360000000002,1369.1360000000002,10.0,2.0,0.0,1.0,0
C111567,772,1,41805.2865,41805.2865,6.0,3.0,1.0,1.0,1
C100729,90,4,96246.475,24061.61875,5.0,2.0,1.0,0.75,0
C114374,292,1,51310.848000000005,51310.848000000005,7.0,2.0,0.0,1.0,1
C108936,650,2,29958.3255,14979.16275,11.0,2.0,0.0,0.5,1
C108807,117,1,31137.52,31137.52,8.0,2.0,1.0,0.0,1
C101128,109,2,23487.425,11743.7125,5.0,2.0,0.0,0.5,1
C112594,138,1,16020.73,16020.73,8.0,2.0,0.0,0.0,1
C104042,688,1,1241.3745,1241.3745,12.0,6.0,1.0,1.0,1
C105196,15,2,36451.49,18225.745,5.0,3.0,0.0,1.0,0
C105218,78,2,62804.526,31402.263000000003,8.0,2.0,0.0,0.5,0
C100089,11,8,281126.0375,35140.7546875,5.0,1.0,3.0,0.625,0
C114139,16,1,8571.352,8571.352,11.0,2.0,0.0,1.0,0
C114703,30,3,42560.181,14186.726999999999,8.0,2.0,0.0,1.0,0
C103688,147,1,52302.18000000001,52302.18000000001,8.0,2.0,0.0,0.0,1
C108208,194,1,42550.26,42550.26,7.0,1.0,0.0,0.0,1
C100323,118,3,16749.023,5583.007666666667,8.0,3.0,0.0,0.6666666666666666,1
C107218,39,2,27668.876,13834.438,5.0,2.0,0.0,0.5,0
C107656,132,3,59952.927500000005,19984.30916666667,6.0,3.0,0.0,1.0,1
C106611,601,1,18443.89,18443.89,4.0,1.0,0.0,0.0,1
C110598,253,3,82325.79149999999,27441.9305,11.0,3.0,1.0,0.6666666666666666,1
C101981,54,1,25987.07,25987.07,4.0,0.0,0.0,0.0,0
C107972,39,3,60050.213,20016.737666666668,16.0,8.0,0.0,0.3333333333333333,0
C113666,389,3,44074.035,14691.345000000001,7.0,2.0,0.0,0.6666666666666666,1
C101426,280,1,47466.255999999994,47466.255999999994,3.0,0.0,0.0,1.0,1
C111975,206,1,32294.45,32294.45,5.0,1.0,0.0,0.0,1
C113635,74,3,124069.95999999999,41356.653333333335,11.0,4.0,1.0,0.0,0
C102916,721,1,2634.1360000000004,2634.1360000000004,11.0,5.0,0.0,1.0,1
C103911,308,1,31020.632,31020.632,12.0,2.0,0.0,1.0,1
C104962,14,1,4532.26,4532.26,11.0,6.0,0.0,0.0,0
C100750,150,5,88343.8935,17668.778700000003,7.0,0.0,0.0,0.4,1
C102555,100,4,78567.31999999999,19641.829999999998,10.0,6.0,1.0,0.0,1
C106828,161,2,37253.3495,18626.67475,2.0,0.0,0.0,1.0,1
C104212,125,3,64015.601,21338.533666666666,5.0,0.0,0.0,0.6666666666666666,1
C111476,302,1,34501.887,34501.887,5.0,2.0,0.0,1.0,1
C102559,144,2,7074.754,3537.377,11.0,2.0,0.0,0.5,1
C104210,-1,2,29959.923,14979.9615,11.0,2.0,0.0,1.0,0
C113686,9,3,68300.11,22766.703333333335,10.0,2.0,0.0,0.0,0
C114542,18,2,48314.9255,24157.462750000002,6.0,1.0,0.0,1.0,0
C109248,340,1,24105.3,24105.3,5.0,3.0,1.0,0.0,1
C103857,361,3,72807.288,24269.096,7.0,2.0,1.0,1.0,1
C114787,112,2,45338.425,22669.2125,13.0,4.0,1.0,1.0,1
C106460,220,2,37821.653,18910.826500000003,12.0,3.0,1.0,0.5,1
C103894,247,2,29082.748,14541.374,13.0,7.0,0.0,1.0,1
C103942,52,1,15336.84,15336.84,11.0,2.0,0.0,0.0,0
C102019,20,5,122137.72750000001,24427.5455,4.0,2.0,1.0,0.6,0
C101474,623,2,60891.336500000005,30445.668250000002,11.0,3.0,1.0,1.0,1
C106549,17,4,95146.159,23786.53975,5.0,2.0,3.0,0.5,0
C100507,168,1,7350.12,7350.12,8.0,2.0,0.0,0.0,1
C110465,351,1,28876.581,28876.581,9.0,0.0,1.0,1.0,1
C101812,17,4,103488.52649999999,25872.131624999998,10.0,2.0,0.0,0.25,0
C106322,18,2,40811.44500000001,20405.722500000003,10.0,3.0,0.0,1.0,0
C101841,70,2,49363.591,24681.7955,7.0,2.0,1.0,1.0,0
C103528,34,1,17866.11,17866.11,7.0,1.0,0.0,0.0,0
C112955,25,4,127560.4195,31890.104875,10.0,5.0,1.0,0.75,0
C109664,18,1,3091.536,3091.536,12.0,2.0,0.0,1.0,0
C108671,130,1,14054.4525,14054.4525,8.0,5.0,0.0,1.0,1
C100870,454,1,42637.3395,42637.3395,4.0,0.0,0.0,1.0,1
C108149,70,3,26172.495,8724.164999999999,8.0,1.0,0.0,0.6666666666666666,0
C113443,40,1,28289.547000000002,28289.547000000002,3.0,1.0,1.0,1.0,0
C111547,101,1,8122.65,8122.65,5.0,2.0,0.0,0.0,1
C102853,74,2,22243.259,11121.6295,7.0,2.0,0.0,1.0,0
C108559,296,1,32784.1,32784.1,3.0,0.0,0.0,0.0,1
C104725,12,2,75557.0965,37778.54824999999,8.0,1.0,1.0,1.0,0
C111696,120,2,37239.794,18619.897,7.0,1.0,0.0,1.0,1
C107136,45,3,26211.256999999998,8737.085666666666,10.0,2.0,0.0,0.3333333333333333,0
C105045,56,1,16973.259000000002,16973.259000000002,9.0,1.0,0.0,1.0,0
C103782,218,1,17984.944,17984.944,5.0,1.0,0.0,1.0,1
C101380,158,1,22189.79,22189.79,11.0,4.0,0.0,0.0,1
C100543,154,2,104149.853,52074.9265,4.0,0.0,0.0,0.5,1
C104099,194,1,15034.443000000001,15034.443000000001,10.0,1.0,0.0,1.0,1
C103651,252,1,52076.65,52076.65,8.0,3.0,0.0,0.0,1
C111972,80,1,12458.537499999999,12458.537499999999,17.0,4.0,0.0,1.0,0
C106316,19,1,15531.69,15531.69,4.0,1.0,0.0,0.0,0
C101470,505,1,16432.389,16432.389,9.0,1.0,0.0,1.0,1
C107403,14,4,67482.2545,16870.563625,12.0,5.0,0.0,0.25,0
C104505,114,3,65621.539,21873.846333333335,10.0,3.0,0.0,1.0,1
C105144,322,1,22477.73,22477.73,9.0,3.0,0.0,0.0,1
C103624,94,8,138168.978,17271.12225,9.0,3.0,1.0,0.625,1
C103674,8,5,145118.8275,29023.7655,11.0,5.0,1.0,0.4,0
C107169,240,1,28619.4055,28619.4055,14.0,4.0,1.0,1.0,1
C108198,35,2,22821.544,11410.772,7.0,2.0,0.0,0.5,0
C100467,15,1,6846.33,6846.33,7.0,3.0,0.0,0.0,0
C100942,448,1,6184.842,6184.842,8.0,3.0,0.0,1.0,1
C114144,226,1,4533.41,4533.41,6.0,1.0,0.0,0.0,1
C112573,229,1,24071.05,24071.05,8.0,2.0,0.0,0.0,1
C107780,94,2,32326.95,16163.475,7.0,4.0,0.0,0.0,1
C102429,629,1,5186.200000000001,5186.200000000001,10.0,3.0,0.0,1.0,1
C107990,192,1,22213.101000000002,22213.101000000002,6.0,2.0,0.0,1.0,1
C109537,6,2,57250.046,28625.023,8.0,3.0,1.0,0.5,0
C114207,92,1,36704.84,36704.84,5.0,0.0,0.0,0.0,1
C105022,174,2,33207.0095,16603.50475,4.0,2.0,0.0,1.0,1
C102481,1021,1,14505.34,14505.34,7.0,3.0,0.0,0.0,1
C108525,321,1,24475.739999999998,24475.739999999998,5.0,0.0,1.0,0.0,1
C107258,170,1,6628.977,6628.977,13.0,4.0,0.0,1.0,1
C107229,143,3,60808.6775,20269.559166666666,11.0,3.0,1.0,1.0,1
C107300,202,1,14549.22,14549.22,8.0,2.0,0.0,1.0,1
C109926,77,1,19637.601000000002,19637.601000000002,8.0,2.0,0.0,1.0,0
C112589,8,2,49543.6755,24771.83775,9.0,1.0,1.0,0.5,0
C100620,281,1,39332.729999999996,39332.729999999996,4.0,1.0,0.0,0.0,1
C113198,171,2,13589.847,6794.9235,8.0,4.0,0.0,0.5,1
C103297,344,2,65152.29,32576.145,8.0,2.0,0.0,0.0,1
C109334,-1,3,38647.113,12882.371,10.0,5.0,0.0,0.6666666666666666,0
C103621,142,2,73738.02,36869.01,10.0,3.0,0.0,0.0,1
C109245,3,2,11595.638,5797.819,5.0,2.0,0.0,1.0,0
C108374,26,4,77589.10250000001,19397.275625,3.0,0.0,1.0,0.75,0
C102423,3,4,132614.487,33153.621750000006,15.0,2.0,2.0,0.5,0
C114286,199,3,58351.03600000001,19450.345333333335,6.0,1.0,0.0,0.3333333333333333,1
C105275,99,2,46570.848000000005,23285.424000000003,8.0,0.0,0.0,1.0,1
C102200,33,2,53231.32,26615.66,8.0,3.0,1.0,0.0,0
C108586,204,1,25267.959000000003,25267.959000000003,6.0,0.0,0.0,1.0,1
C112174,86,2,49894.2775,24947.13875,11.0,5.0,1.0,1.0,0
C100037,561,2,38502.72,19251.36,7.0,1.0,0.0,0.0,1
C104735,127,5,137062.169,27412.4338,12.0,5.0,1.0,0.4,1
C102822,569,1,17492.904000000002,17492.904000000002,10.0,2.0,0.0,1.0,1
C103840,381,3,38202.358,12734.119333333334,10.0,4.0,0.0,0.3333333333333333,1
C105012,90,4,138929.6,34732.4,6.0,0.0,0.0,0.0,0
C109515,214,1,20222.02,20222.02,8.0,3.0,0.0,0.0,1
C114698,392,3,26957.944000000003,8985.981333333333,9.0,2.0,1.0,0.6666666666666666,1
C112125,14,1,23402.260000000002,23402.260000000002,12.0,3.0,0.0,0.0,0
C100736,541,1,8921.432,8921.432,9.0,2.0,0.0,1.0,1
C107619,181,5,174441.6315,34888.3263,5.0,0.0,1.0,0.6,1
C111417,407,5,53838.263000000006,10767.652600000001,5.0,3.0,1.0,1.0,1
C113918,340,1,30370.660000000003,30370.660000000003,12.0,2.0,0.0,0.0,1
C112903,230,2,48611.691,24305.845500000003,9.0,2.0,1.0,1.0,1
C106523,758,1,19705.0995,19705.0995,12.0,2.0,1.0,1.0,1
C114372,97,3,57003.724,19001.241333333335,12.0,5.0,1.0,0.6666666666666666,1
C108072,181,2,56103.539000000004,28051.769500000002,9.0,1.0,0.0,0.5,1
C106665,187,2,19161.506,9580.753,9.0,3.0,0.0,0.5,1
C102547,861,2,49179.0665,24589.53325,6.0,2.0,1.0,1.0,1
C108538,34,5,124903.056,24980.6112,12.0,2.0,2.0,0.4,0
C102449,0,1,32287.743,32287.743,4.0,2.0,0.0,1.0,0
C113766,113,2,61717.21,30858.605000000003,6.0,0.0,1.0,0.0,1
C106536,165,7,173779.2425,24825.60607142857,10.0,4.0,0.0,0.2857142857142857,1
C109939,158,4,86918.78,21729.695,3.0,0.0,0.0,0.5,1
C103222,376,1,5714.46,5714.46,4.0,0.0,0.0,0.0,1
C106325,212,3,100746.554,33582.18466666667,8.0,1.0,1.0,0.6666666666666666,1
C114688,820,1,8034.995499999999,8034.995499999999,6.0,1.0,0.0,1.0,1
C108835,112,1,38085.659999999996,38085.659999999996,10.0,3.0,1.0,0.0,1
C114593,47,2,29538.7025,14769.35125,7.0,1.0,1.0,0.5,0
C102167,25,2,49353.2215,24676.61075,6.0,1.0,0.0,1.0,0
C113535,199,2,109797.388,54898.694,11.0,2.0,2.0,0.5,1
C106026,390,4,51302.724,12825.681,8.0,3.0,0.0,0.25,1
C102168,18,2,34125.324,17062.662,12.0,4.0,1.0,0.5,0
C104258,677,3,24415.539,8138.513,15.0,5.0,0.0,0.6666666666666666,1
C108414,7,3,85167.608,28389.202666666664,7.0,1.0,0.0,1.0,0
C114856,255,2,18497.7835,9248.89175,8.0,1.0,0.0,1.0,1
C107930,4,3,94874.99250000001,31624.9975,9.0,2.0,0.0,0.6666666666666666,0
C110221,52,2,59022.6365,29511.318250000004,8.0,1.0,1.0,0.5,0
C106059,313,1,36755.47899999999,36755.47899999999,7.0,2.0,0.0,1.0,1
C104005,641,2,51069.577999999994,25534.788999999997,7.0,2.0,2.0,1.0,1
C106386,343,2,69296.182,34648.091,11.0,2.0,2.0,1.0,1
C109156,50,2,15906.778,7953.389,10.0,4.0,0.0,0.5,0
C109012,207,1,3923.163,3923.163,10.0,1.0,1.0,1.0,1
C100038,232,2,57226.1855,28613.09275,9.0,2.0,1.0,1.0,1
C102223,62,3,69418.609,23139.536333333333,7.0,0.0,0.0,0.6666666666666666,0
C106534,69,1,15313.61,15313.61,9.0,4.0,0.0,0.0,0
C112417,357,1,11393.939999999999,11393.939999999999,9.0,3.0,0.0,0.0,1
C107799,365,3,68607.561,22869.187,3.0,1.0,0.0,0.3333333333333333,1
C102089,311,2,106052.29999999999,53026.149999999994,8.0,0.0,2.0,0.0,1
C112085,0,2,26128.016499999998,13064.00825,6.0,0.0,0.0,0.5,0
C101353,188,1,16820.756999999998,16820.756999999998,4.0,2.0,0.0,1.0,1
C100702,94,1,12741.777,12741.777,8.0,0.0,1.0,1.0,1
C101621,239,2,50277.313,25138.656499999997,8.0,2.0,0.0,1.0,1
C101153,118,1,16642.14,16642.14,5.0,1.0,0.0,0.0,1
C101576,481,2,32430.0765,16215.03825,10.0,4.0,1.0,0.5,1
C110252,82,2,37860.79,18930.395,9.0,5.0,2.0,0.0,0
C112141,243,1,16039.7525,16039.7525,9.0,4.0,0.0,1.0,1
C113624,24,1,20034.62,20034.62,5.0,1.0,0.0,0.0,0
C103101,70,6,109998.636,18333.106,5.0,0.0,0.0,1.0,0
C103579,2,9,210622.543,23402.50477777778,11.0,1.0,2.0,0.7777777777777778,0
C110468,211,2,39937.869999999995,19968.934999999998,8.0,2.0,0.0,0.5,1
C103851,142,1,7961.695000000001,7961.695000000001,9.0,3.0,0.0,1.0,1
C110956,103,2,25638.37,12819.185,14.0,4.0,0.0,0.0,1
C104744,93,1,27854.75,27854.75,10.0,3.0,1.0,0.0,1
C103394,9,1,6592.599,6592.599,8.0,2.0,0.0,1.0,0
C100514,168,1,13204.740000000002,13204.740000000002,11.0,5.0,1.0,0.0,1
C104178,15,5,118974.69900000001,23794.9398,6.0,2.0,1.0,0.8,0
C101046,52,4,58718.9515,14679.737875,6.0,2.0,0.0,0.5,0
C112796,179,2,14796.813999999998,7398.406999999999,11.0,4.0,0.0,0.5,1
C110782,89,1,46469.64,46469.64,8.0,3.0,0.0,0.0,0
C100002,441,2,60762.6125,30381.30625,8.0,2.0,0.0,0.5,1
C104325,360,2,67729.719,33864.8595,7.0,1.0,0.0,0.5,1
C105527,356,3,29000.474000000002,9666.824666666667,7.0,1.0,0.0,0.3333333333333333,1
C113006,45,1,15516.9795,15516.9795,5.0,0.0,0.0,1.0,0
C111087,290,4,105961.5915,26490.397875,9.0,4.0,1.0,0.5,1
C103656,29,7,95278.022,13611.146000000002,8.0,1.0,0.0,0.42857142857142855,0
C110947,374,1,39246.08,39246.08,12.0,3.0,0.0,0.0,1
C102182,70,1,19681.440000000002,19681.440000000002,11.0,4.0,0.0,0.0,0
C105656,267,2,39667.6365,19833.81825,5.0,1.0,0.0,1.0,1
C106562,495,1,12835.2,12835.2,6.0,0.0,0.0,0.0,1
C109474,1,2,96825.87,48412.935,17.0,5.0,0.0,0.0,0
C102779,255,1,16484.74,16484.74,13.0,4.0,0.0,0.0,1
C104570,819,3,34830.66,11610.220000000001,10.0,2.0,0.0,0.0,1
C109132,73,1,5832.19,5832.19,7.0,2.0,0.0,0.0,0
C112856,157,2,75587.965,37793.9825,8.0,1.0,0.0,1.0,1
C108972,56,1,30030.264000000003,30030.264000000003,5.0,0.0,1.0,1.0,0
C107436,108,3,86007.223,28669.074333333334,9.0,5.0,1.0,0.6666666666666666,1
C110226,206,2,50428.674,25214.337,9.0,2.0,0.0,0.5,1
C107655,200,1,23944.52,23944.52,4.0,1.0,0.0,0.0,1
C114151,809,1,8666.856,8666.856,11.0,5.0,0.0,1.0,1
C113913,291,1,13213.4,13213.4,7.0,3.0,0.0,0.0,1
C104238,0,3,56453.24800000001,18817.749333333337,10.0,3.0,1.0,0.6666666666666666,0
C114564,203,2,45530.5015,22765.25075,4.0,1.0,1.0,1.0,1
C110934,96,6,160010.244,26668.374,11.0,4.0,1.0,0.6666666666666666,1
C106546,6,1,4382.307,4382.307,9.0,1.0,0.0,1.0,0
C110432,218,3,35307.932,11769.310666666666,8.0,0.0,0.0,0.6666666666666666,1
C107004,350,3,79621.55,26540.516666666674,7.0,3.0,0.0,0.0,1
C107640,101,3,29348.393000000004,9782.797666666667,19.0,8.0,0.0,0.3333333333333333,1
C102595,163,2,19227.4825,9613.74125,5.0,1.0,0.0,1.0,1
C106654,535,1,5336.946,5336.946,6.0,0.0,0.0,1.0,1
C110968,735,1,39133.521,39133.521,8.0,1.0,0.0,1.0,1
C106452,19,1,17414.72,17414.72,6.0,1.0,0.0,0.0,0
C106859,6,4,101353.2695,25338.317375,9.0,3.0,2.0,0.75,0
C114664,29,2,39955.29,19977.645,6.0,1.0,0.0,0.0,0
C113343,270,2,33669.594,16834.797000000002,11.0,3.0,1.0,1.0,1
C114447,98,1,28045.39,28045.39,5.0,4.0,0.0,0.0,1
C100686,366,3,41936.559,13978.853000000001,9.0,2.0,1.0,0.6666666666666666,1
C104012,390,1,14844.063499999998,14844.063499999998,13.0,7.0,0.0,1.0,1
C107599,52,2,20584.815,10292.4075,7.0,3.0,0.0,0.5,0
C111247,222,1,17532.816,17532.816,7.0,2.0,0.0,1.0,1
C114870,44,2,15290.594000000001,7645.2970000000005,7.0,2.0,0.0,0.5,0
C109489,221,1,28372.93,28372.93,8.0,1.0,0.0,0.0,1
C105091,419,1,31400.7,31400.7,10.0,3.0,0.0,0.0,1
C101465,100,3,46541.802,15513.934000000001,9.0,4.0,0.0,0.3333333333333333,1
C104097,252,2,16613.438000000002,8306.719000000001,4.0,1.0,0.0,0.5,1
C103618,114,2,20419.67,10209.835,10.0,3.0,0.0,0.5,1
C101074,189,2,34964.1215,17482.06075,4.0,2.0,2.0,0.5,1
C106739,25,3,63054.6815,21018.227166666667,7.0,2.0,0.0,0.6666666666666666,0
C100695,198,1,37027.176,37027.176,9.0,1.0,0.0,1.0,1
C102434,34,4,73487.54149999999,18371.885375,5.0,0.0,0.0,0.25,0
C108373,390,2,43489.623999999996,21744.811999999998,6.0,2.0,0.0,0.5,1
C100854,417,3,50635.1825,16878.394166666665,2.0,1.0,1.0,1.0,1
C104939,61,2,29616.1725,14808.08625,11.0,2.0,0.0,0.5,0
C112722,7,1,15571.32,15571.32,7.0,2.0,0.0,0.0,0
C105159,0,3,45194.2215,15064.7405,4.0,2.0,0.0,0.6666666666666666,0
C107081,48,1,10921.03,10921.03,11.0,2.0,0.0,0.0,0
C114925,309,3,28553.7205,9517.906833333334,10.0,1.0,0.0,0.6666666666666666,1
C110044,977,1,2678.094,2678.094,12.0,5.0,0.0,1.0,1
C107579,246,2,15367.244,7683.622,3.0,1.0,0.0,1.0,1
C106439,863,1,12364.7725,12364.7725,8.0,2.0,0.0,1.0,1
C114699,3,1,34651.1085,34651.1085,5.0,2.0,0.0,1.0,0
C103019,352,1,35210.286,35210.286,7.0,3.0,1.0,1.0,1
C111857,489,1,13611.78,13611.78,5.0,3.0,0.0,0.0,1
C102172,826,1,24208.79,24208.79,6.0,1.0,0.0,0.0,1
C112676,422,2,106653.2,53326.6,12.0,5.0,0.0,0.0,1
C100509,204,1,17056.610999999997,17056.610999999997,4.0,0.0,0.0,1.0,1
C106187,310,1,32907.942,32907.942,8.0,1.0,0.0,1.0,1
C112338,549,1,19402.29,19402.29,8.0,3.0,0.0,0.0,1
C103832,339,1,16375.014,16375.014,6.0,1.0,0.0,1.0,1
C111157,155,1,40027.214,40027.214,6.0,1.0,0.0,1.0,1
C101172,25,3,37941.492,12647.163999999999,8.0,1.0,0.0,0.3333333333333333,0
C103687,42,3,103796.681,34598.89366666666,7.0,1.0,0.0,0.3333333333333333,0
C110629,248,1,10788.53,10788.53,6.0,2.0,0.0,0.0,1
C107715,123,4,101507.496,25376.874,12.0,3.0,1.0,0.5,1
C100141,515,2,64008.555,32004.2775,13.0,2.0,1.0,0.5,1
C105771,440,1,12315.584,12315.584,6.0,1.0,0.0,1.0,1
C101995,11,2,23600.136000000006,11800.068000000003,8.0,2.0,0.0,1.0,0
C111327,409,1,7413.04,7413.04,9.0,4.0,0.0,0.0,1
C109463,449,2,38409.604,19204.801999999996,9.0,3.0,1.0,0.5,1
C111754,386,6,74138.781,12356.4635,11.0,3.0,2.0,0.5,1
C106978,304,2,35530.56,17765.28,11.0,3.0,0.0,0.0,1
C103955,565,1,45387.34,45387.34,6.0,0.0,0.0,0.0,1
C112958,14,2,18252.83,9126.415,9.0,3.0,0.0,0.0,0
C114931,21,3,121704.45,40568.15,9.0,3.0,2.0,0.0,0
C109859,140,1,41211.67,41211.67,7.0,0.0,0.0,0.0,1
C106339,1,2,87850.98,43925.49,11.0,4.0,0.0,0.0,0
C103879,421,2,68034.13,34017.065,11.0,3.0,0.0,0.0,1
C109689,68,3,76272.382,25424.127333333334,6.0,1.0,1.0,0.3333333333333333,0
C100655,609,1,0.0,0.0,10.0,3.0,0.0,0.0,1
C109309,345,1,11053.824999999999,11053.824999999999,10.0,4.0,0.0,1.0,1
C108849,7,8,117208.1585,14651.0198125,7.0,3.0,2.0,0.75,0
C110428,35,1,24778.042499999996,24778.042499999996,11.0,2.0,0.0,1.0,0
C112272,514,1,13633.3645,13633.3645,7.0,2.0,0.0,1.0,1
C106374,217,3,22098.4345,7366.144833333333,10.0,4.0,0.0,1.0,1
C102985,197,2,57637.166,28818.583000000002,10.0,4.0,0.0,0.5,1
C113164,0,1,10693.457999999999,10693.457999999999,5.0,0.0,0.0,1.0,0
C114068,93,1,9044.53,9044.53,8.0,0.0,0.0,0.0,1
C104175,136,3,32553.9225,10851.3075,6.0,3.0,2.0,1.0,1
C101974,57,4,100546.332,25136.583,7.0,3.0,0.0,0.25,0
C105504,9,1,18583.05,18583.05,8.0,1.0,0.0,0.0,0
C106605,363,1,8967.0405,8967.0405,13.0,6.0,1.0,1.0,1
C100129,104,3,27398.426499999998,9132.808833333333,9.0,4.0,1.0,0.3333333333333333,1
C104913,243,1,36185.069500000005,36185.069500000005,10.0,3.0,1.0,1.0,1
C101892,120,4,79882.8325,19970.708125,4.0,1.0,0.0,0.25,1
C110905,3,2,49649.671,24824.8355,10.0,2.0,0.0,0.5,0
C104910,362,2,31043.548,15521.774,6.0,1.0,0.0,1.0,1
C109626,119,1,59254.52099999999,59254.52099999999,14.0,8.0,0.0,1.0,1
C112251,225,3,72019.992,24006.664,6.0,1.0,0.0,0.3333333333333333,1
C100187,832,2,11166.674,5583.337,6.0,1.0,0.0,0.5,1
C107390,104,1,21298.568000000003,21298.568000000003,5.0,2.0,0.0,1.0,1
C103921,604,1,8805.749499999998,8805.749499999998,8.0,1.0,0.0,1.0,1
C101921,16,2,32845.380000000005,16422.690000000002,6.0,4.0,0.0,0.0,0
C114445,111,1,3682.15,3682.15,5.0,1.0,0.0,0.0,1
C104053,6,1,10257.6555,10257.6555,12.0,1.0,0.0,1.0,0
C110942,190,1,9590.68,9590.68,10.0,3.0,0.0,1.0,1
C100693,300,1,11309.16,11309.16,6.0,1.0,0.0,0.0,1
C108315,347,3,27794.125,9264.708333333334,9.0,2.0,0.0,1.0,1
C107545,317,5,140135.229,28027.0458,3.0,0.0,1.0,0.2,1
C114794,106,3,46371.260500000004,15457.086833333335,8.0,2.0,0.0,1.0,1
C109760,31,6,114164.8005,19027.466750000003,8.0,4.0,0.0,0.6666666666666666,0
C103328,9,2,34397.958999999995,17198.9795,10.0,4.0,0.0,0.5,0
C108390,57,1,4698.4529999999995,4698.4529999999995,7.0,2.0,0.0,1.0,0
C112135,19,1,6215.34,6215.34,9.0,3.0,0.0,0.0,0
C104211,94,2,51453.1915,25726.595749999997,12.0,2.0,1.0,0.5,1
C113101,53,4,127473.7555,31868.438875000003,9.0,0.0,1.0,0.5,0
C109071,1,4,130650.986,32662.746499999997,10.0,3.0,1.0,1.0,0
C109151,106,7,95824.1785,13689.168357142858,4.0,1.0,0.0,0.42857142857142855,1
C109452,17,2,22428.282000000003,11214.141000000001,12.0,3.0,0.0,0.5,0
C110063,207,3,57362.941999999995,19120.980666666666,10.0,5.0,1.0,0.3333333333333333,1
C113697,124,2,45333.316000000006,22666.658000000003,6.0,2.0,0.0,1.0,1
C110836,27,3,62580.932499999995,20860.310833333333,6.0,2.0,0.0,0.3333333333333333,0
C110452,453,2,24072.011,12036.0055,4.0,0.0,0.0,0.5,1
C109343,133,2,38624.646,19312.323,5.0,1.0,0.0,0.5,1
C114553,529,1,4626.18,4626.18,6.0,2.0,0.0,1.0,1
C112008,341,1,15595.869999999999,15595.869999999999,11.0,1.0,0.0,0.0,1
C109565,413,4,59272.0,14818.0,7.0,3.0,2.0,1.0,1
C101848,81,1,8752.445,8752.445,7.0,3.0,0.0,1.0,0
C114410,5,1,46314.378,46314.378,8.0,4.0,1.0,1.0,0
C109230,89,1,23040.9865,23040.9865,6.0,2.0,0.0,1.0,0
C101780,34,1,31126.7,31126.7,11.0,4.0,0.0,0.0,0
C113087,556,1,10940.616,10940.616,7.0,2.0,0.0,1.0,1
C110158,219,4,93129.67599999999,23282.418999999998,8.0,3.0,1.0,0.5,1
C100556,76,3,81748.688,27249.562666666665,7.0,3.0,0.0,0.6666666666666666,0
C109544,823,2,26404.905499999997,13202.45275,5.0,0.0,0.0,1.0,1
C112185,305,1,15117.534,15117.534,14.0,5.0,0.0,1.0,1
C106981,501,1,8603.56,8603.56,8.0,2.0,0.0,0.0,1
C110847,74,3,161071.289,53690.42966666666,12.0,1.0,2.0,0.3333333333333333,0
C104373,108,1,25088.629999999997,25088.629999999997,7.0,3.0,0.0,0.0,1
C114465,282,3,67455.48,22485.16,7.0,0.0,1.0,0.0,1
C107003,63,2,77136.045,38568.0225,9.0,2.0,0.0,0.5,0
C104538,424,2,54681.542,27340.771,10.0,4.0,1.0,0.5,1
C106193,26,1,14242.06,14242.06,7.0,0.0,0.0,0.0,0
C104382,282,1,19467.37,19467.37,6.0,1.0,2.0,0.0,1
C101614,159,3,71535.94,23845.313333333335,11.0,3.0,0.0,0.0,1
C101336,481,1,22571.852,22571.852,5.0,1.0,0.0,1.0,1
C101383,8,2,67076.9425,33538.47125,6.0,3.0,0.0,1.0,0
C105362,357,1,14939.2,14939.2,4.0,0.0,0.0,0.0,1
C114953,608,1,7228.2045,7228.2045,7.0,4.0,0.0,1.0,1
C109822,9,3,44451.21,14817.07,8.0,6.0,0.0,1.0,0
C103302,505,1,3029.11,3029.11,3.0,1.0,0.0,0.0,1
C103758,14,2,81365.481,40682.7405,11.0,3.0,0.0,1.0,0
C108050,79,2,54218.584,27109.292,11.0,3.0,0.0,0.5,0
C104142,155,1,15068.817,15068.817,11.0,3.0,0.0,1.0,1
C113325,20,1,24170.684999999998,24170.684999999998,7.0,3.0,0.0,1.0,0
C106778,28,3,94142.46,31380.820000000003,8.0,4.0,0.0,0.6666666666666666,0
C100838,8,1,14972.41,14972.41,4.0,1.0,0.0,0.0,0
C105489,213,2,88746.389,44373.1945,6.0,3.0,0.0,1.0,1
C109928,892,2,49518.903,24759.451500000003,12.0,7.0,0.0,0.5,1
C113541,900,1,49785.417,49785.417,7.0,3.0,0.0,1.0,1
C113513,683,1,25944.5585,25944.5585,8.0,0.0,0.0,1.0,1
C107194,55,3,92755.25200000001,30918.417333333335,6.0,2.0,1.0,0.6666666666666666,0
C114370,221,1,6617.339,6617.339,4.0,0.0,0.0,1.0,1
C102962,24,3,50839.3965,16946.465500000002,5.0,1.0,0.0,0.6666666666666666,0
C104891,4,6,95616.494,15936.082333333334,7.0,3.0,1.0,0.16666666666666666,0
C105463,127,3,86364.459,28788.153000000002,4.0,0.0,0.0,0.6666666666666666,1
C110928,400,3,123811.5155,41270.50516666666,8.0,0.0,0.0,0.6666666666666666,1
C100005,207,1,16546.36,16546.36,6.0,2.0,0.0,0.0,1
C102361,201,2,27426.762000000002,13713.381,9.0,3.0,0.0,0.5,1
C108955,611,2,32289.141000000003,16144.570500000002,12.0,2.0,0.0,1.0,1
C113795,344,1,8379.176,8379.176,9.0,3.0,0.0,1.0,1
C101635,126,6,134725.9705,22454.328416666667,5.0,0.0,1.0,0.8333333333333334,1
C109486,344,1,18048.18,18048.18,8.0,3.0,0.0,0.0,1
C113893,87,1,5584.077,5584.077,7.0,2.0,0.0,1.0,0
C111132,15,3,25478.764,8492.921333333334,3.0,1.0,1.0,0.3333333333333333,0
C110111,150,2,10713.685,5356.8425,8.0,3.0,0.0,0.5,1
C108141,156,3,84268.93650000001,28089.645500000002,9.0,3.0,0.0,0.6666666666666666,1
C114322,26,1,9983.817,9983.817,13.0,3.0,0.0,1.0,0
C100681,192,1,20923.884,20923.884,6.0,3.0,0.0,1.0,1
C102817,334,3,49086.8505,16362.2835,3.0,2.0,0.0,0.6666666666666666,1
C100149,241,2,13379.536,6689.768,18.0,7.0,1.0,0.5,1
C101717,213,3,22437.944,7479.314666666666,9.0,3.0,1.0,0.6666666666666666,1
C106685,9,7,152699.7825,21814.254642857144,4.0,0.0,4.0,0.42857142857142855,0
C112432,6,6,134729.1725,22454.86208333333,5.0,1.0,1.0,0.3333333333333333,0
C104158,32,3,31609.22,10536.406666666668,9.0,4.0,1.0,0.6666666666666666,0
C100235,34,3,59331.8035,19777.267833333335,8.0,2.0,1.0,0.3333333333333333,0
C102146,283,1,12319.58,12319.58,12.0,2.0,1.0,0.0,1
C110651,46,2,22683.309999999998,11341.654999999999,11.0,2.0,0.0,0.0,0
C102780,530,1,13875.03,13875.03,6.0,2.0,0.0,1.0,1
C114979,91,2,16534.8,8267.4,4.0,2.0,0.0,0.0,1
C103574,309,2,23844.0455,11922.02275,10.0,3.0,0.0,1.0,1
C100837,18,2,29828.972999999998,14914.486499999999,15.0,5.0,0.0,0.5,0
C112065,220,2,71431.541,35715.7705,10.0,5.0,0.0,0.5,1
C107423,531,2,62332.76,31166.379999999997,15.0,5.0,0.0,0.0,1
C102053,901,1,16979.7105,16979.7105,9.0,4.0,0.0,1.0,1
C104555,207,1,31356.041999999994,31356.041999999994,12.0,5.0,0.0,1.0,1
C108387,82,1,12990.878999999999,12990.878999999999,8.0,1.0,0.0,1.0,0
C114788,42,2,30233.126,15116.563000000002,6.0,0.0,1.0,0.5,0
C114146,583,1,10346.880000000001,10346.880000000001,16.0,6.0,0.0,1.0,1
C100667,35,2,35877.936,17938.968,10.0,3.0,0.0,0.5,0
C103819,168,2,20489.01,10244.505000000001,7.0,0.0,0.0,1.0,1
C103014,16,1,18171.476499999997,18171.476499999997,10.0,4.0,0.0,1.0,0
C103798,51,3,85635.071,28545.023666666664,10.0,2.0,0.0,0.6666666666666666,0
C101723,304,1,19264.451,19264.451,5.0,0.0,0.0,1.0,1
C108299,168,4,41499.5655,10374.891375,8.0,1.0,1.0,0.25,1
C101170,956,1,26006.440000000002,26006.440000000002,10.0,5.0,1.0,1.0,1
C101073,123,1,20593.63,20593.63,12.0,2.0,0.0,0.0,1
C113383,581,2,23732.447,11866.2235,8.0,2.0,0.0,0.5,1
C107781,61,5,101368.178,20273.6356,5.0,3.0,0.0,0.6,0
C100666,121,2,25249.419,12624.709499999999,9.0,3.0,2.0,1.0,1
C113457,17,2,20952.4925,10476.246249999998,7.0,2.0,0.0,1.0,0
C109777,644,1,7033.936999999999,7033.936999999999,9.0,4.0,0.0,1.0,1
C108324,117,2,41970.569,20985.2845,6.0,2.0,1.0,1.0,1
C109852,217,2,64895.343499999995,32447.671749999998,8.0,5.0,0.0,0.5,1
C113981,64,3,60335.441999999995,20111.814000000002,7.0,1.0,1.0,1.0,0
C100263,100,1,5008.29,5008.29,12.0,1.0,0.0,0.0,1
C110422,15,6,105451.7645,17575.294083333334,8.0,1.0,1.0,0.6666666666666666,0
C102647,42,2,45757.773499999996,22878.886749999998,15.0,2.0,0.0,0.5,0
C102029,12,4,45990.77,11497.6925,9.0,0.0,0.0,0.0,0
C108532,191,2,27278.984,13639.492000000002,10.0,3.0,1.0,0.5,1
C108357,67,4,125670.7825,31417.695625,5.0,1.0,0.0,0.75,0
C111889,736,1,33233.65,33233.65,6.0,1.0,0.0,0.0,1
C103310,7,1,36198.47,36198.47,2.0,0.0,0.0,0.0,0
C114170,73,3,93928.625,31309.541666666668,10.0,5.0,0.0,0.3333333333333333,0
C110148,305,1,44077.1835,44077.1835,12.0,3.0,1.0,1.0,1
C108670,577,1,36442.96,36442.96,8.0,4.0,0.0,0.0,1
C101935,416,1,23981.645,23981.645,15.0,6.0,0.0,1.0,1
C107783,52,2,61229.924,30614.962,8.0,3.0,0.0,0.5,0
C113713,76,4,87421.516,21855.379,12.0,2.0,0.0,0.25,0
C112791,86,2,32500.431,16250.2155,11.0,1.0,0.0,1.0,0
C103912,42,1,16479.47,16479.47,6.0,1.0,0.0,0.0,0
C113557,232,2,40778.559,20389.2795,8.0,3.0,1.0,1.0,1
C103812,398,2,37933.524000000005,18966.762000000002,7.0,2.0,0.0,1.0,1
C113239,20,4,86431.9585,21607.989625,4.0,0.0,2.0,0.25,0
C112289,273,1,32196.744499999997,32196.744499999997,5.0,1.0,0.0,1.0,1
C111795,-1,3,47287.0565,15762.352166666666,5.0,4.0,1.0,0.6666666666666666,0
C103729,299,1,13621.19,13621.19,8.0,1.0,1.0,0.0,1
C112770,168,1,26634.3505,26634.3505,9.0,6.0,0.0,1.0,1
C110225,6,5,119623.893,23924.778599999998,7.0,3.0,2.0,0.6,0
C104592,0,4,139979.0885,34994.772125,5.0,3.0,1.0,1.0,0
C103255,0,1,32731.808000000005,32731.808000000005,8.0,4.0,1.0,1.0,0
C110626,105,1,29509.8785,29509.8785,7.0,2.0,0.0,1.0,1
C107597,65,3,37043.480500000005,12347.826833333334,2.0,0.0,1.0,0.6666666666666666,0
C106119,137,2,124067.80000000002,62033.90000000001,11.0,6.0,0.0,0.5,1
C112429,896,1,386.87,386.87,8.0,1.0,0.0,0.0,1
C103333,150,1,28648.621,28648.621,13.0,3.0,1.0,1.0,1
C103550,462,1,36056.84,36056.84,8.0,2.0,0.0,0.0,1
C114594,27,2,28418.21,14209.105,12.0,4.0,0.0,0.0,0
C104261,281,2,60564.2285,30282.11425,5.0,1.0,0.0,1.0,1
C108592,-1,3,67433.012,22477.67066666667,7.0,4.0,0.0,0.6666666666666666,0
C111008,277,2,9580.710000000001,4790.3550000000005,14.0,2.0,0.0,0.0,1
C102116,342,1,56315.770000000004,56315.770000000004,10.0,2.0,1.0,0.0,1
C102975,1,4,57874.9445,14468.736125,7.0,5.0,2.0,0.5,0
C108546,511,2,74857.424,37428.712,6.0,2.0,1.0,0.5,1
C113636,135,2,54044.612499999996,27022.306249999998,10.0,5.0,0.0,0.5,1
C111171,14,3,46614.501000000004,15538.167000000001,9.0,4.0,0.0,0.6666666666666666,0
C106422,117,4,38874.126000000004,9718.531500000001,5.0,2.0,0.0,1.0,1
C102078,8,2,22442.709,11221.354500000001,4.0,1.0,1.0,1.0,0
C106933,72,1,20501.46,20501.46,7.0,0.0,0.0,0.0,0
C113463,109,1,31336.713,31336.713,10.0,4.0,1.0,1.0,1
C114777,33,2,30909.089,15454.5445,3.0,1.0,1.0,0.5,0
C113871,100,2,23533.96,11766.98,10.0,3.0,0.0,0.0,1
C108757,503,2,17583.215,8791.6075,10.0,2.0,0.0,1.0,1
C107369,232,1,3923.46,3923.46,9.0,3.0,0.0,0.0,1
C114543,206,2,22032.486,11016.243,12.0,2.0,0.0,1.0,1
C103562,21,1,14786.082,14786.082,10.0,1.0,0.0,1.0,0
C104836,228,2,26870.094,13435.047,8.0,2.0,0.0,0.5,1
C114809,7,3,76673.662,25557.887333333332,7.0,1.0,1.0,0.6666666666666666,0
C105340,1,4,122846.324,30711.581,7.0,4.0,3.0,0.25,0
C100249,232,2,29624.574,14812.287000000002,4.0,1.0,1.0,1.0,1
C109007,346,2,41693.184,20846.592,9.0,1.0,1.0,1.0,1
C103811,14,2,14170.474,7085.237,5.0,3.0,0.0,0.5,0
C114685,28,6,78214.455,13035.7425,6.0,1.0,0.0,0.5,0
C110323,105,2,33135.97,16567.985,8.0,4.0,0.0,0.0,1
C114401,67,1,50600.347,50600.347,8.0,1.0,0.0,1.0,0
C110097,216,1,25221.26,25221.26,14.0,2.0,0.0,0.0,1
C100225,401,3,83633.766,27877.922000000002,7.0,2.0,0.0,0.6666666666666666,1
C102020,301,1,15483.272,15483.272,9.0,3.0,0.0,1.0,1
C110772,101,1,13268.619999999999,13268.619999999999,6.0,2.0,2.0,0.0,1
C113455,307,4,112622.8485,28155.712125,2.0,1.0,0.0,0.75,1
C105717,11,2,21734.7095,10867.35475,7.0,4.0,0.0,0.5,0
C103455,281,2,18728.206,9364.103,9.0,2.0,1.0,1.0,1
C103668,214,3,55896.655,18632.218333333334,9.0,1.0,0.0,0.3333333333333333,1
C105301,315,2,40436.85,20218.425,12.0,2.0,0.0,0.5,1
C103102,7,1,16542.7585,16542.7585,11.0,5.0,0.0,1.0,0
C102027,49,2,32045.4195,16022.70975,8.0,3.0,0.0,0.5,0
C113678,356,1,5633.144,5633.144,6.0,2.0,0.0,1.0,1
C103842,13,1,8935.45,8935.45,7.0,1.0,0.0,0.0,0
C108046,118,2,32964.53,16482.265,7.0,1.0,0.0,0.0,1
C106542,38,2,46867.37,23433.685,5.0,0.0,0.0,0.0,0
C100007,22,2,43114.613,21557.3065,8.0,3.0,0.0,0.5,0
C107567,8,2,19723.78,9861.89,9.0,3.0,0.0,0.5,0
C101994,59,1,9590.88,9590.88,13.0,5.0,0.0,0.0,0
C104863,55,1,18124.4905,18124.4905,11.0,5.0,0.0,1.0,0
C110883,64,2,34558.214,17279.107,6.0,2.0,0.0,0.5,0
C109493,37,2,14010.8985,7005.44925,10.0,0.0,0.0,0.5,0
C109345,90,4,45461.5535,11365.388375,7.0,2.0,2.0,0.5,0
C109976,46,1,30525.28,30525.28,7.0,2.0,0.0,0.0,0
C101133,428,3,66420.417,22140.139,8.0,5.0,0.0,0.6666666666666666,1
C110797,606,1,16125.95,16125.95,12.0,6.0,0.0,0.0,1
C106410,506,1,5770.09,5770.09,11.0,4.0,0.0,0.0,1
C100254,43,4,93262.6915,23315.672875,8.0,2.0,0.0,0.5,0
C113454,109,6,104823.849,17470.6415,13.0,2.0,0.0,1.0,1
C101957,167,2,11525.922,5762.961,9.0,5.0,0.0,1.0,1
C108837,261,2,13871.3835,6935.69175,8.0,1.0,1.0,1.0,1
C111985,146,1,31368.374499999998,31368.374499999998,13.0,3.0,1.0,1.0,1
C108861,137,3,76029.679,25343.226333333336,9.0,2.0,0.0,0.6666666666666666,1
C109259,42,6,97009.208,16168.201333333333,11.0,3.0,0.0,0.3333333333333333,0
C104944,31,4,60862.8545,15215.713625,10.0,1.0,0.0,0.5,0
C109438,19,2,9695.66,4847.83,9.0,0.0,0.0,0.0,0
C110636,701,1,38882.409999999996,38882.409999999996,5.0,1.0,0.0,0.0,1
C100735,71,3,89334.88,29778.293333333335,7.0,3.0,1.0,0.6666666666666666,0
C100030,6,2,51959.018000000004,25979.509000000002,12.0,2.0,1.0,0.5,0
C103504,27,1,6834.8075,6834.8075,10.0,3.0,0.0,1.0,0
C109464,36,2,38542.314,19271.157,6.0,0.0,1.0,1.0,0
C111288,198,1,24423.024,24423.024,8.0,2.0,0.0,1.0,1
C105072,467,1,22328.11,22328.11,12.0,4.0,1.0,0.0,1
C103818,251,1,21104.412,21104.412,11.0,1.0,0.0,1.0,1
C113619,47,2,28270.73,14135.365000000002,7.0,0.0,0.0,0.0,0
C101237,51,1,51289.85,51289.85,10.0,4.0,0.0,0.0,0
C111677,-1,3,46735.4605,15578.486833333334,10.0,1.0,0.0,0.6666666666666666,0
C105247,547,2,47613.587999999996,23806.793999999998,7.0,3.0,1.0,0.5,1
C108589,35,1,28659.36,28659.36,9.0,3.0,0.0,0.0,0
C100841,88,1,23022.088,23022.088,3.0,1.0,0.0,1.0,0
C111763,39,2,61366.2875,30683.14375,10.0,2.0,0.0,0.5,0
C112276,190,3,17850.322,5950.107333333333,8.0,3.0,0.0,0.3333333333333333,1
C113939,24,2,35147.594,17573.797000000002,7.0,2.0,0.0,0.5,0
C111990,32,1,12475.0165,12475.0165,8.0,3.0,0.0,1.0,0
C107510,349,2,34049.781,17024.8905,4.0,2.0,0.0,1.0,1
C104111,537,1,12427.9095,12427.9095,9.0,1.0,0.0,1.0,1
C111240,227,2,37030.098,18515.049,2.0,0.0,1.0,1.0,1
C104388,271,2,23201.112,11600.556,6.0,2.0,1.0,1.0,1
C104655,59,1,24672.887,24672.887,10.0,1.0,0.0,1.0,0
C100826,106,1,27283.116499999996,27283.116499999996,5.0,2.0,0.0,1.0,1
C104637,416,1,15337.46,15337.46,5.0,1.0,0.0,0.0,1
C109548,61,3,46615.253,15538.417666666666,7.0,3.0,0.0,0.6666666666666666,0
C105786,332,1,11176.735,11176.735,10.0,3.0,0.0,1.0,1
C105620,156,2,12845.757499999998,6422.878749999999,12.0,3.0,0.0,0.5,1
C106274,621,1,22593.501000000004,22593.501000000004,2.0,0.0,0.0,1.0,1
C109265,19,4,146081.365,36520.34125,7.0,2.0,1.0,0.75,0
C104239,148,3,87741.4665,29247.155499999997,10.0,3.0,0.0,0.6666666666666666,1
C100835,94,2,27667.28,13833.64,11.0,3.0,1.0,0.0,1
C104921,183,1,28384.04,28384.04,14.0,5.0,0.0,0.0,1
C109126,110,7,163222.71349999998,23317.5305,9.0,3.0,1.0,0.7142857142857143,1
C110973,166,2,30878.677,15439.3385,4.0,0.0,1.0,0.5,1
C105114,850,1,44506.949,44506.949,8.0,1.0,0.0,1.0,1
C112536,22,4,64497.154,16124.288499999999,8.0,4.0,0.0,0.5,0
C106651,2,5,93805.073,18761.014600000002,4.0,0.0,1.0,0.8,0
C108581,0,3,54761.2475,18253.749166666665,10.0,3.0,0.0,0.6666666666666666,0
C114277,124,1,29841.752,29841.752,7.0,2.0,0.0,1.0,1
C110251,86,3,46924.909499999994,15641.6365,11.0,2.0,0.0,1.0,0
C101564,7,2,45126.11200000001,22563.056000000004,8.0,3.0,1.0,1.0,0
C100053,207,1,3597.11,3597.11,8.0,3.0,0.0,0.0,1
C106613,185,4,66911.97350000001,16727.993375000002,6.0,1.0,0.0,0.75,1
C100492,286,3,54680.8515,18226.9505,8.0,3.0,0.0,0.3333333333333333,1
C104387,10,1,35192.8,35192.8,11.0,3.0,0.0,1.0,0
C103813,674,1,12779.397,12779.397,6.0,1.0,0.0,1.0,1
C105462,492,1,12140.0405,12140.0405,8.0,2.0,0.0,1.0,1
C101022,148,1,10878.93,10878.93,6.0,2.0,0.0,0.0,1
C111728,184,1,26988.832,26988.832,7.0,2.0,0.0,1.0,1
C108290,17,2,6834.8795,3417.43975,17.0,8.0,0.0,1.0,0
C105626,845,1,15194.03,15194.03,5.0,1.0,0.0,0.0,1
C100258,37,1,9866.7575,9866.7575,12.0,6.0,0.0,1.0,0
C110244,97,3,55957.7665,18652.58883333333,5.0,1.0,0.0,1.0,1
C100071,339,1,2189.65,2189.65,4.0,2.0,0.0,0.0,1
C112111,-1,4,107096.72499999999,26774.18125,13.0,3.0,0.0,0.75,0
C105719,3,1,14286.54,14286.54,10.0,3.0,0.0,0.0,0
C103284,21,1,20821.02,20821.02,10.0,5.0,0.0,0.0,0
C114638,135,1,14851.782,14851.782,5.0,2.0,1.0,1.0,1
C112811,79,2,31253.28,15626.64,6.0,1.0,0.0,0.0,0
C108920,228,3,21835.636,7278.545333333333,9.0,1.0,1.0,0.3333333333333333,1
C114302,8,4,57538.57,14384.642500000002,7.0,1.0,1.0,0.0,0
C112005,14,3,45034.617000000006,15011.539000000002,7.0,0.0,0.0,1.0,0
C107266,4,6,110416.0005,18402.66675,9.0,2.0,0.0,0.8333333333333334,0
C101707,442,1,33344.16,33344.16,7.0,3.0,0.0,0.0,1
C112907,746,1,14180.1675,14180.1675,11.0,4.0,0.0,1.0,1
C104246,478,1,16064.181,16064.181,9.0,3.0,0.0,1.0,1
C105526,286,1,42689.397,42689.397,8.0,3.0,0.0,1.0,1
C110801,30,2,42064.86,21032.43,9.0,3.0,2.0,0.0,0
C106835,107,1,31920.870000000003,31920.870000000003,8.0,1.0,0.0,0.0,1
C106352,5,2,54259.0975,27129.54875,5.0,1.0,0.0,0.5,0
C109678,156,2,39046.396,19523.198,10.0,4.0,1.0,0.5,1
C111838,53,1,47427.671,47427.671,9.0,3.0,1.0,1.0,0
C105774,4,1,7964.757,7964.757,6.0,4.0,0.0,1.0,0
C104040,2,3,28658.182,9552.727333333334,3.0,0.0,0.0,0.3333333333333333,0
C109801,54,3,58715.882,19571.960666666666,7.0,1.0,0.0,0.6666666666666666,0
C109765,579,2,39338.388,19669.194,8.0,3.0,0.0,0.5,1
C112208,5,2,29107.46,14553.73,6.0,4.0,0.0,0.5,0
C112283,254,2,83395.466,41697.733,11.0,3.0,1.0,0.5,1
C105484,531,2,24170.79,12085.395,7.0,0.0,0.0,0.0,1
C107855,695,1,87558.3,87558.3,11.0,2.0,0.0,0.0,1
C108200,23,6,117215.72249999999,19535.953749999997,8.0,0.0,1.0,1.0,0
C102340,17,1,10785.744,10785.744,7.0,1.0,0.0,1.0,0
C102878,216,1,34451.509999999995,34451.509999999995,8.0,1.0,0.0,0.0,1
C114993,267,1,37074.496,37074.496,14.0,5.0,0.0,1.0,1
C108521,7,3,99227.81449999998,33075.93816666666,7.0,1.0,0.0,0.6666666666666666,0
C114902,66,5,80914.73,16182.946,6.0,2.0,0.0,0.4,0
C103142,146,3,49909.426,16636.475333333332,6.0,2.0,0.0,0.3333333333333333,1
C102616,20,2,35534.2275,17767.11375,7.0,1.0,1.0,1.0,0
C109759,32,8,55699.7015,6962.462687499999,13.0,5.0,0.0,0.75,0
C107617,797,1,8491.184,8491.184,9.0,2.0,0.0,1.0,1
C111755,39,2,95040.8265,47520.41325,12.0,2.0,1.0,1.0,0
C109546,145,1,15486.27,15486.27,4.0,3.0,0.0,0.0,1
C101864,17,1,38700.015999999996,38700.015999999996,6.0,0.0,0.0,1.0,0
C114152,189,1,19054.76,19054.76,11.0,4.0,0.0,0.0,1
C102788,214,1,12197.601,12197.601,7.0,3.0,0.0,1.0,1
C100897,79,3,21712.1255,7237.375166666666,7.0,1.0,0.0,1.0,0
C110699,235,2,56191.883499999996,28095.941749999998,10.0,2.0,0.0,0.5,1
C106513,436,2,21361.3995,10680.69975,9.0,4.0,0.0,0.5,1
C114929,27,2,38261.79,19130.895,6.0,1.0,1.0,0.0,0
C107440,98,2,32049.589,16024.7945,11.0,4.0,1.0,0.5,1
C100731,7,2,17411.244,8705.622,9.0,1.0,0.0,0.5,0
C106412,309,1,17996.8035,17996.8035,11.0,2.0,1.0,1.0,1
C105140,27,1,5029.72,5029.72,7.0,0.0,0.0,0.0,0
C108505,3,2,20429.879999999997,10214.939999999999,7.0,0.0,0.0,0.0,0
C101146,267,2,32085.971999999998,16042.985999999999,5.0,3.0,1.0,1.0,1
C110357,104,2,40530.786,20265.393,2.0,1.0,1.0,0.5,1
C113631,757,1,5567.114,5567.114,10.0,2.0,0.0,1.0,1
C102047,185,2,14524.504,7262.252,11.0,2.0,0.0,0.5,1
C103507,94,2,32070.712,16035.356,8.0,1.0,0.0,1.0,1
C104010,331,1,50906.100000000006,50906.100000000006,6.0,2.0,0.0,0.0,1
C110719,212,1,20107.176,20107.176,11.0,1.0,0.0,1.0,1
C105313,17,2,14024.449999999999,7012.224999999999,8.0,3.0,1.0,1.0,0
C110127,6,2,57432.995,28716.4975,12.0,4.0,0.0,0.5,0
C100058,332,2,40553.04,20276.52,8.0,1.0,0.0,0.0,1
C104054,793,1,14046.6325,14046.6325,8.0,1.0,0.0,1.0,1
C110332,212,1,2995.25,2995.25,9.0,3.0,0.0,0.0,1
C100222,70,2,49924.655999999995,24962.328,12.0,6.0,1.0,0.5,0
C110466,290,2,51423.796,25711.898,10.0,2.0,0.0,0.5,1
C113201,347,2,7120.9115,3560.45575,11.0,5.0,0.0,0.5,1
C104285,77,3,30640.006,10213.335333333334,2.0,0.0,0.0,0.6666666666666666,0
C100146,5,5,52282.342,10456.468400000002,5.0,1.0,0.0,0.4,0
C101127,219,1,23445.9665,23445.9665,9.0,3.0,1.0,1.0,1
C108650,62,1,16275.144,16275.144,9.0,5.0,0.0,1.0,0
C114446,185,1,1448.739,1448.739,7.0,2.0,0.0,1.0,1
C105875,4,2,32724.106,16362.053,20.0,5.0,0.0,1.0,0
C107767,14,4,76792.55300000001,19198.138250000004,7.0,2.0,0.0,0.75,0
C100325,41,3,80535.12800000001,26845.042666666664,8.0,2.0,1.0,1.0,0
C100482,257,2,26200.2975,13100.14875,9.0,3.0,1.0,1.0,1
C108728,21,2,83198.128,41599.064,7.0,2.0,1.0,0.5,0
C103809,55,6,130366.6395,21727.773250000002,10.0,3.0,1.0,0.6666666666666666,0
C114051,372,1,60639.991500000004,60639.991500000004,6.0,2.0,0.0,1.0,1
C107602,61,4,104874.0385,26218.509625,11.0,3.0,3.0,0.5,0
C103629,269,1,14199.079999999998,14199.079999999998,8.0,1.0,0.0,1.0,1
C103120,5,2,51733.0025,25866.50125,9.0,4.0,0.0,0.5,0
C112779,204,3,44754.4,14918.133333333333,10.0,2.0,1.0,0.3333333333333333,1
C103316,169,1,9167.64,9167.64,8.0,2.0,1.0,0.0,1
C101061,469,2,15474.6,7737.3,11.0,2.0,0.0,0.5,1
C104776,508,1,42713.96,42713.96,6.0,2.0,0.0,0.0,1
C114129,45,4,73759.579,18439.89475,5.0,1.0,1.0,0.5,0
C106586,49,2,18537.616,9268.807999999999,7.0,2.0,0.0,1.0,0
C106392,-1,2,61646.3805,30823.19025,8.0,2.0,1.0,1.0,0
C110679,0,1,35059.76,35059.76,7.0,1.0,1.0,0.0,0
C104808,21,4,108342.467,27085.61675,13.0,4.0,3.0,0.75,0
C101611,4,4,43442.999,10860.74975,6.0,0.0,0.0,0.25,0
C109237,112,2,92735.591,46367.7955,8.0,2.0,0.0,0.5,1
C102120,104,1,12662.09,12662.09,5.0,1.0,0.0,0.0,1
C104461,46,1,2988.33,2988.33,7.0,4.0,0.0,0.0,0
C106527,4,2,36728.314,18364.157,12.0,4.0,0.0,0.5,0
C104767,320,1,8383.5315,8383.5315,5.0,3.0,0.0,1.0,1
C105184,259,1,15236.93,15236.93,11.0,4.0,0.0,0.0,1
C105837,0,2,24843.882,12421.941,10.0,2.0,0.0,1.0,0
C105445,313,3,83354.78099999999,27784.926999999996,8.0,5.0,1.0,0.6666666666666666,1
C106184,11,2,4565.794,2282.897,10.0,0.0,0.0,1.0,0
C112104,-1,3,11023.617,3674.539,9.0,1.0,0.0,0.3333333333333333,0
C114244,111,2,47908.13,23954.065,5.0,1.0,1.0,0.5,1
C107391,10,1,10219.225999999999,10219.225999999999,13.0,1.0,0.0,1.0,0
C102462,216,2,66720.7695,33360.38475,10.0,2.0,0.0,0.5,1
C107942,87,1,1893.64,1893.64,4.0,2.0,0.0,0.0,0
C106206,151,2,7827.710500000001,3913.8552500000005,8.0,3.0,1.0,1.0,1
C110633,175,1,11051.886999999999,11051.886999999999,7.0,5.0,0.0,1.0,1
C103285,191,1,34572.136,34572.136,7.0,2.0,0.0,1.0,1
C109333,234,1,18968.265,18968.265,9.0,4.0,0.0,1.0,1
C100092,172,2,45587.06,22793.53,13.0,3.0,1.0,0.0,1
C109369,54,1,13084.69,13084.69,7.0,1.0,0.0,0.0,0
C112092,45,6,81383.484,13563.913999999999,12.0,2.0,1.0,0.6666666666666666,0
C107660,5,1,22331.4695,22331.4695,5.0,0.0,0.0,1.0,0
C105431,144,1,6598.737999999999,6598.737999999999,9.0,4.0,0.0,1.0,1
C103226,166,1,20809.864,20809.864,11.0,3.0,1.0,1.0,1
C112918,123,1,17332.85,17332.85,5.0,3.0,0.0,0.0,1
C114864,661,1,14888.52,14888.52,11.0,1.0,0.0,1.0,1
C113776,272,1,41082.786,41082.786,9.0,1.0,0.0,1.0,1
C103489,142,1,8379.828,8379.828,6.0,2.0,0.0,1.0,1
C104160,136,1,38826.66,38826.66,10.0,3.0,0.0,0.0,1
C103569,303,1,28855.72,28855.72,5.0,2.0,0.0,1.0,1
C112593,28,4,91040.84,22760.21,7.0,2.0,0.0,0.75,0
C105128,904,1,21565.4,21565.4,5.0,2.0,0.0,0.0,1
C114723,491,1,619.6754999999999,619.6754999999999,11.0,5.0,0.0,1.0,1
C114537,95,1,12866.958,12866.958,8.0,2.0,0.0,1.0,1
C107184,538,1,14213.85,14213.85,6.0,1.0,0.0,0.0,1
C111096,169,2,33764.34,16882.170000000002,11.0,4.0,0.0,0.0,1
C103988,4,5,101235.9915,20247.1983,6.0,0.0,1.0,0.8,0
C108846,26,4,45931.2435,11482.810875,12.0,5.0,0.0,0.75,0
C113521,260,1,13219.096000000001,13219.096000000001,6.0,0.0,0.0,1.0,1
C112746,827,2,26744.871,13372.4355,9.0,1.0,0.0,0.5,1
C109447,353,1,14331.64,14331.64,10.0,0.0,0.0,0.0,1
C105379,15,1,14636.1,14636.1,8.0,3.0,0.0,0.0,0
C104608,237,4,67134.873,16783.718249999998,15.0,5.0,0.0,0.25,1
C108473,15,6,90411.53,15068.588333333335,13.0,3.0,0.0,0.5,0
C114246,57,3,96985.20850000001,32328.402833333337,7.0,2.0,0.0,1.0,0
C109497,289,2,27383.706000000002,13691.853000000001,9.0,3.0,0.0,0.5,1
C107792,46,2,21052.8295,10526.41475,5.0,0.0,0.0,0.5,0
C104612,20,1,26605.296,26605.296,7.0,1.0,0.0,1.0,0
C108300,232,1,10367.168,10367.168,8.0,5.0,0.0,1.0,1
C107345,352,2,56424.752,28212.376,12.0,4.0,0.0,0.5,1
C102830,4,2,10848.73,5424.365,10.0,6.0,0.0,0.0,0
C100523,57,3,36370.8905,12123.630166666664,7.0,2.0,0.0,0.6666666666666666,0
C102790,26,4,37832.898,9458.2245,8.0,3.0,0.0,0.5,0
C103454,947,1,11155.337,11155.337,6.0,0.0,0.0,1.0,1
C110620,89,2,14442.554,7221.277,4.0,1.0,0.0,0.5,0
C105970,712,1,13362.493,13362.493,13.0,3.0,1.0,1.0,1
C112098,261,1,12422.04,12422.04,5.0,2.0,1.0,0.0,1
C109362,101,3,127741.4985,42580.4995,2.0,2.0,1.0,0.6666666666666666,1
C105081,269,2,16440.55,8220.275,10.0,3.0,0.0,0.0,1
C106199,163,1,27448.64,27448.64,4.0,3.0,0.0,1.0,1
C108446,81,8,159289.411,19911.176375,8.0,2.0,1.0,0.375,0
C101731,166,1,722.5,722.5,8.0,0.0,0.0,0.0,1
C112281,156,4,43845.991,10961.49775,6.0,1.0,1.0,1.0,1
C103288,73,1,28107.243000000002,28107.243000000002,7.0,4.0,0.0,1.0,0
C105268,706,2,31872.96,15936.48,11.0,5.0,0.0,0.5,1
C105853,691,2,20145.962499999998,10072.98125,13.0,4.0,0.0,1.0,1
C101262,71,2,52448.611000000004,26224.305500000002,9.0,3.0,0.0,0.5,0
C113089,189,3,105931.291,35310.43033333334,5.0,0.0,0.0,0.3333333333333333,1
C104518,730,3,28284.602,9428.200666666666,12.0,5.0,0.0,0.6666666666666666,1
C100123,78,2,48284.130000000005,24142.065,10.0,6.0,1.0,0.5,0
C114229,21,2,49676.5505,24838.275250000002,5.0,2.0,0.0,0.5,0
C108218,284,1,6658.4,6658.4,6.0,3.0,0.0,0.0,1
C106337,612,1,19309.109999999997,19309.109999999997,12.0,3.0,1.0,1.0,1
C113258,92,3,46246.490000000005,15415.496666666668,9.0,2.0,2.0,1.0,1
C112980,55,1,48493.229999999996,48493.229999999996,7.0,1.0,2.0,0.0,0
C106394,823,1,24102.379999999997,24102.379999999997,6.0,3.0,0.0,0.0,1
C113524,419,1,561.8584999999999,561.8584999999999,8.0,1.0,0.0,1.0,1
C112968,104,1,22370.444499999998,22370.444499999998,2.0,1.0,0.0,1.0,1
C114281,141,1,3080.62,3080.62,10.0,3.0,0.0,0.0,1
C107755,83,3,98312.07500000001,32770.69166666667,8.0,0.0,1.0,1.0,0
C111198,507,1,43468.24800000001,43468.24800000001,6.0,4.0,0.0,1.0,1
C104418,55,1,29748.243,29748.243,3.0,1.0,0.0,1.0,0
C111415,279,1,24612.696000000004,24612.696000000004,13.0,5.0,0.0,1.0,1
C102805,316,1,33831.21,33831.21,10.0,3.0,0.0,0.0,1
C104284,79,3,80889.80099999999,26963.266999999996,8.0,3.0,1.0,0.6666666666666666,0
C105265,2,3,31547.210499999997,10515.736833333332,5.0,0.0,0.0,1.0,0
C110969,455,1,13742.72,13742.72,8.0,2.0,0.0,0.0,1
C113112,36,1,37011.45849999999,37011.45849999999,10.0,1.0,0.0,1.0,0
C102591,11,1,8529.7245,8529.7245,2.0,1.0,0.0,1.0,0
C101855,28,3,68719.4785,22906.492833333334,11.0,4.0,0.0,1.0,0
C106869,400,1,19675.877500000002,19675.877500000002,11.0,6.0,0.0,1.0,1
C104489,117,1,8002.620000000001,8002.620000000001,7.0,1.0,0.0,1.0,1
C112240,268,1,34426.41,34426.41,6.0,1.0,0.0,0.0,1
C105804,250,2,21412.387,10706.1935,12.0,4.0,0.0,1.0,1
C108177,14,2,34923.298,17461.649,4.0,3.0,0.0,0.5,0
C100863,282,1,20595.733999999997,20595.733999999997,10.0,3.0,0.0,1.0,1
C106391,98,1,15107.32,15107.32,7.0,0.0,0.0,0.0,1
C112970,328,3,45232.678,15077.559333333333,8.0,0.0,2.0,0.3333333333333333,1
C112415,366,2,53076.034499999994,26538.017249999997,9.0,4.0,0.0,1.0,1
C103533,22,2,45603.342000000004,22801.671000000002,7.0,1.0,0.0,1.0,0
C106631,138,2,47447.746,23723.873,17.0,2.0,0.0,0.5,1
C110014,209,2,82080.614,41040.307,11.0,3.0,0.0,0.5,1
C110321,30,5,90499.32200000001,18099.864400000002,2.0,0.0,2.0,0.6,0
C101984,492,1,77844.26,77844.26,7.0,0.0,0.0,0.0,1
C100821,50,5,71094.959,14218.9918,7.0,0.0,0.0,0.4,0
C108653,29,1,11427.510499999999,11427.510499999999,3.0,1.0,0.0,1.0,0
C101032,45,3,66823.43,22274.476666666666,10.0,6.0,0.0,0.3333333333333333,0
C103087,431,1,11986.666,11986.666,12.0,3.0,0.0,1.0,1
C100910,55,2,89460.47,44730.235,8.0,1.0,1.0,0.5,0
C101616,70,1,9985.75,9985.75,7.0,3.0,0.0,0.0,0
C112392,222,2,29446.329999999998,14723.164999999999,5.0,0.0,0.0,1.0,1
C107297,161,2,47186.237,23593.1185,11.0,3.0,1.0,1.0,1
C114602,223,4,98619.6585,24654.914625,10.0,7.0,1.0,0.25,1
C105949,98,2,69507.9715,34753.98575,6.0,3.0,0.0,1.0,1
C103212,123,1,12240.535499999998,12240.535499999998,8.0,3.0,0.0,1.0,1
C110440,342,4,74254.4015,18563.600375,12.0,3.0,0.0,0.75,1
C105299,55,4,58753.453,14688.363249999999,10.0,2.0,0.0,0.75,0
C112214,408,2,41523.939000000006,20761.969500000003,8.0,3.0,1.0,1.0,1
C107207,177,2,80243.13,40121.565,5.0,1.0,0.0,0.0,1
C107455,146,1,15177.753,15177.753,6.0,0.0,0.0,1.0,1
C113539,101,1,25014.61,25014.61,11.0,6.0,0.0,0.0,1
C111890,83,2,26484.768,13242.384,6.0,0.0,0.0,0.5,0
C101915,31,3,23458.802000000003,7819.600666666668,12.0,2.0,1.0,0.6666666666666666,0
C108554,611,1,34633.13,34633.13,10.0,6.0,1.0,0.0,1
C105174,2,2,30866.64,15433.32,9.0,2.0,0.0,1.0,0
C108747,234,2,18670.75,9335.375,7.0,3.0,0.0,1.0,1
C105354,676,1,21816.921,21816.921,8.0,2.0,0.0,1.0,1
C105608,153,1,4151.9695,4151.9695,11.0,2.0,1.0,1.0,1
C110475,180,4,75919.6745,18979.918625,3.0,1.0,0.0,0.5,1
C113783,3,3,13534.668999999998,4511.556333333333,6.0,2.0,0.0,1.0,0
C102691,117,1,22263.112,22263.112,6.0,3.0,0.0,1.0,1
C105361,35,2,29341.138,14670.569,11.0,4.0,0.0,1.0,0
C103682,418,1,26918.370000000003,26918.370000000003,8.0,1.0,0.0,1.0,1
C101977,112,1,6351.45,6351.45,4.0,0.0,0.0,0.0,1
C107426,175,4,142106.6025,35526.650625,6.0,1.0,0.0,0.25,1
C101354,534,1,32455.458000000002,32455.458000000002,9.0,3.0,0.0,1.0,1
C108247,30,1,13917.35,13917.35,14.0,4.0,0.0,0.0,0
C107763,8,2,40451.195999999996,20225.597999999998,3.0,1.0,1.0,0.5,0
C102842,117,1,17155.498999999996,17155.498999999996,8.0,3.0,0.0,1.0,1
C114267,670,1,14723.055,14723.055,9.0,5.0,0.0,1.0,1
C114662,21,1,9982.281,9982.281,9.0,4.0,0.0,1.0,0
C105957,13,2,22921.504,11460.752,9.0,1.0,0.0,0.5,0
C114163,54,1,7683.381,7683.381,7.0,4.0,1.0,1.0,0
C112818,29,2,26431.493499999997,13215.74675,9.0,2.0,0.0,1.0,0
C114217,10,2,14658.5445,7329.272250000001,12.0,5.0,0.0,1.0,0
C101925,293,2,39412.28,19706.14,12.0,2.0,0.0,0.0,1
C101775,31,1,16655.529,16655.529,7.0,2.0,0.0,1.0,0
C107550,826,1,2199.472,2199.472,6.0,1.0,0.0,1.0,1
C102488,313,4,51049.364,12762.341,8.0,2.0,0.0,0.5,1
C101888,169,3,39896.7615,13298.920499999998,11.0,4.0,1.0,0.6666666666666666,1
C102839,235,1,34776.08,34776.08,7.0,2.0,0.0,0.0,1
C105262,92,1,8652.884999999998,8652.884999999998,10.0,3.0,0.0,1.0,1
C105018,30,1,44155.590000000004,44155.590000000004,5.0,1.0,0.0,0.0,0
C105015,178,1,12442.608,12442.608,10.0,1.0,0.0,1.0,1
C107941,109,3,22000.148,7333.382666666667,9.0,1.0,0.0,0.6666666666666666,1
C106432,323,1,18672.07,18672.07,9.0,2.0,0.0,0.0,1
C102082,183,2,74805.2385,37402.61925,4.0,0.0,1.0,1.0,1
C112631,24,5,86807.337,17361.4674,7.0,2.0,0.0,0.2,0
C109115,5,2,26951.697500000002,13475.848750000001,11.0,5.0,0.0,0.5,0
C110417,61,2,42522.754499999995,21261.377249999998,4.0,0.0,0.0,1.0,0
C114046,644,1,22414.584000000003,22414.584000000003,10.0,3.0,1.0,1.0,1
C109683,575,1,37967.34,37967.34,10.0,5.0,1.0,0.0,1
C103016,171,1,27235.584000000003,27235.584000000003,11.0,1.0,0.0,1.0,1
C101086,300,1,11062.674,11062.674,8.0,1.0,0.0,1.0,1
C113744,8,2,16866.381999999998,8433.190999999999,10.0,5.0,1.0,0.5,0
C110282,313,1,15478.093499999999,15478.093499999999,9.0,1.0,0.0,1.0,1
C108267,18,1,14195.583999999999,14195.583999999999,11.0,2.0,0.0,1.0,0
C108392,191,1,24920.600000000002,24920.600000000002,6.0,4.0,0.0,0.0,1
C110087,389,1,8294.198,8294.198,6.0,2.0,0.0,1.0,1
C108929,174,1,79898.75,79898.75,3.0,1.0,0.0,0.0,1
C114895,97,5,106630.34700000001,21326.0694,7.0,1.0,1.0,0.4,1
C108363,63,1,33756.0,33756.0,6.0,1.0,0.0,0.0,0
C100040,382,2,59652.902,29826.451,13.0,3.0,0.0,0.5,1
C111018,-1,4,113085.111,28271.27775,5.0,1.0,1.0,0.5,0
C113577,135,4,75473.1675,18868.291875,4.0,1.0,0.0,0.75,1
C108720,449,1,10200.9005,10200.9005,5.0,2.0,0.0,1.0,1
C100236,2,2,13602.990999999998,6801.495499999999,7.0,4.0,0.0,1.0,0
C107667,377,1,15377.21,15377.21,8.0,2.0,1.0,0.0,1
C112840,731,1,9588.36,9588.36,12.0,3.0,0.0,0.0,1
C112138,273,1,46380.546,46380.546,10.0,1.0,2.0,1.0,1
C111056,113,1,9711.1,9711.1,12.0,6.0,0.0,0.0,1
C102202,2,3,54855.7755,18285.2585,5.0,2.0,0.0,1.0,0
C105857,219,2,23997.884,11998.942,10.0,2.0,0.0,0.5,1
C102994,118,1,13874.448,13874.448,12.0,4.0,0.0,1.0,1
C106763,923,1,3008.8305,3008.8305,8.0,1.0,0.0,1.0,1
C102370,215,1,14321.87,14321.87,3.0,1.0,0.0,0.0,1
C113854,127,2,61776.416,30888.208,9.0,2.0,1.0,0.5,1
C114444,163,1,44242.956000000006,44242.956000000006,11.0,4.0,2.0,1.0,1
C107086,14,4,44575.964,11143.991,9.0,2.0,0.0,0.5,0
C114029,89,2,58628.002,29314.001,5.0,1.0,1.0,0.5,0
C112639,223,2,32408.428999999996,16204.214499999998,11.0,5.0,0.0,0.5,1
C107546,66,2,20173.087,10086.5435,6.0,4.0,0.0,0.5,0
C113070,186,1,19146.49,19146.49,8.0,4.0,1.0,0.0,1
C104458,3,1,26799.93,26799.93,7.0,0.0,0.0,1.0,0
C103367,646,1,11702.064,11702.064,6.0,1.0,0.0,1.0,1
C112394,425,1,20849.176,20849.176,8.0,1.0,0.0,1.0,1
C103600,231,1,28576.665,28576.665,14.0,3.0,0.0,1.0,1
C105618,169,1,2406.4519999999998,2406.4519999999998,13.0,3.0,0.0,1.0,1
C112274,295,3,127189.4705,42396.49016666666,6.0,1.0,1.0,0.6666666666666666,1
C108052,298,2,65613.8655,32806.93275,8.0,1.0,0.0,0.5,1
C101831,299,1,15230.93,15230.93,8.0,2.0,0.0,0.0,1
C105745,7,1,24065.910000000003,24065.910000000003,13.0,1.0,1.0,0.0,0
C102081,256,1,2598.4075,2598.4075,3.0,1.0,0.0,1.0,1
C103017,84,1,77141.05,77141.05,19.0,9.0,1.0,0.0,0
C111885,368,1,44741.799999999996,44741.799999999996,10.0,3.0,1.0,0.0,1
C114124,430,4,75257.4295,18814.357375,17.0,4.0,0.0,0.25,1
C113821,83,1,10831.728000000001,10831.728000000001,9.0,1.0,0.0,1.0,0
C113884,30,2,23638.22,11819.11,6.0,1.0,1.0,0.0,0
C106390,311,1,12024.333,12024.333,11.0,4.0,0.0,1.0,1
C107669,14,6,162964.595,27160.765833333335,9.0,2.0,0.0,0.5,0
C107115,191,1,6900.942499999999,6900.942499999999,11.0,1.0,0.0,1.0,1
C113134,153,1,30944.673,30944.673,6.0,3.0,0.0,1.0,1
C108075,62,3,70199.35,23399.78333333333,8.0,1.0,1.0,0.0,0
C110176,11,1,8326.98,8326.98,8.0,0.0,0.0,0.0,0
C108124,327,1,6788.08,6788.08,6.0,1.0,0.0,0.0,1
C109668,460,3,35939.594,11979.864666666666,10.0,3.0,0.0,0.3333333333333333,1
C111441,69,1,11590.8295,11590.8295,1.0,1.0,0.0,1.0,0
C105127,-1,1,7599.43,7599.43,10.0,4.0,0.0,0.0,0
C107275,154,3,64752.871999999996,21584.290666666668,8.0,3.0,2.0,0.6666666666666666,1
C109701,68,2,35675.551,17837.7755,13.0,3.0,1.0,0.5,0
C100934,556,2,30217.006,15108.503,4.0,1.0,0.0,0.5,1
C107682,557,1,10940.231,10940.231,11.0,4.0,0.0,1.0,1
C105444,363,3,100540.44200000001,33513.48066666667,4.0,0.0,1.0,0.6666666666666666,1
C110056,668,1,4602.789,4602.789,12.0,5.0,0.0,1.0,1
C111366,209,2,31540.254999999997,15770.127499999999,9.0,1.0,1.0,1.0,1
C101894,494,2,25997.964,12998.982,9.0,4.0,0.0,1.0,1
C113989,9,2,38456.6435,19228.32175,7.0,2.0,0.0,1.0,0
C100470,27,1,25002.935999999998,25002.935999999998,6.0,1.0,0.0,1.0,0
C113598,523,2,8804.187,4402.0935,12.0,4.0,0.0,1.0,1
C106449,50,1,33504.516,33504.516,13.0,2.0,0.0,1.0,0
C105471,604,1,57586.67,57586.67,14.0,4.0,0.0,0.0,1
C106638,250,1,41935.11,41935.11,7.0,1.0,1.0,0.0,1
C113274,93,2,44334.78999999999,22167.395,8.0,2.0,0.0,0.0,1
C114303,164,7,118536.2135,16933.744785714287,7.0,2.0,0.0,0.5714285714285714,1
C110034,301,2,54288.6985,27144.34925,10.0,2.0,0.0,0.5,1
C110236,75,1,13634.2,13634.2,9.0,3.0,0.0,1.0,0
C107192,692,1,14297.24,14297.24,6.0,3.0,0.0,0.0,1
C107272,107,1,12907.87,12907.87,14.0,2.0,0.0,0.0,1
C104554,131,3,63132.462,21044.154,8.0,3.0,0.0,0.3333333333333333,1
C105207,120,6,150194.083,25032.347166666663,6.0,1.0,2.0,0.6666666666666666,1
C101556,101,3,61570.015,20523.338333333333,12.0,2.0,2.0,1.0,1
C102534,44,1,1432.91,1432.91,7.0,3.0,0.0,0.0,0
C100408,20,2,22772.5635,11386.28175,7.0,3.0,1.0,1.0,0
C108209,335,1,44032.369999999995,44032.369999999995,6.0,1.0,0.0,0.0,1
C102450,409,1,38837.396499999995,38837.396499999995,7.0,1.0,0.0,1.0,1
C110415,18,1,52944.42,52944.42,5.0,2.0,0.0,0.0,0
C106522,48,1,14082.817,14082.817,6.0,1.0,0.0,1.0,0
C106811,77,1,19851.3995,19851.3995,8.0,1.0,0.0,1.0,0
C102297,41,1,12584.938499999998,12584.938499999998,8.0,0.0,0.0,1.0,0
C106247,145,1,3716.7440000000006,3716.7440000000006,9.0,1.0,0.0,1.0,1
C105142,195,1,32019.550499999998,32019.550499999998,8.0,4.0,0.0,1.0,1
C114773,123,3,68868.7855,22956.261833333334,4.0,1.0,2.0,1.0,1
C111777,8,3,52022.036,17340.678666666663,12.0,2.0,0.0,0.6666666666666666,0
C104131,1,3,26971.5975,8990.5325,14.0,2.0,0.0,1.0,0
C109197,172,1,11706.45,11706.45,14.0,5.0,1.0,0.0,1
C113992,1000,1,44311.923,44311.923,14.0,3.0,1.0,1.0,1
C104799,158,1,13398.372,13398.372,6.0,0.0,0.0,1.0,1
C109098,14,2,33523.498,16761.749,9.0,4.0,0.0,0.5,0
C104549,1004,1,33807.52,33807.52,4.0,0.0,1.0,0.0,1
C101808,104,2,25575.724000000002,12787.862000000001,8.0,1.0,0.0,0.5,1
C106839,308,1,1712.8095,1712.8095,7.0,3.0,0.0,1.0,1
C113207,558,1,43158.100999999995,43158.100999999995,10.0,3.0,1.0,1.0,1
C107966,451,2,48459.51,24229.755,11.0,3.0,0.0,0.0,1
C114551,153,1,5736.159000000001,5736.159000000001,8.0,1.0,0.0,1.0,1
C105147,90,2,46718.807,23359.4035,10.0,5.0,1.0,1.0,0
C100446,174,1,32891.43,32891.43,7.0,3.0,0.0,0.0,1
C107761,310,2,43407.031,21703.5155,5.0,1.0,0.0,0.5,1
C106780,30,2,64654.422,32327.211,12.0,4.0,1.0,1.0,0
C106818,76,1,28406.68,28406.68,8.0,1.0,0.0,0.0,0
C103676,179,3,110133.0555,36711.0185,12.0,4.0,0.0,0.3333333333333333,1
C107564,20,2,85538.51200000002,42769.25600000001,8.0,2.0,0.0,1.0,0
C106961,71,4,89833.5995,22458.399875,14.0,4.0,0.0,1.0,0
C113072,21,1,14236.2915,14236.2915,2.0,0.0,0.0,1.0,0
C111250,139,2,63579.9,31789.95,10.0,1.0,1.0,0.0,1
C100191,50,2,43377.642,21688.821,17.0,5.0,0.0,1.0,0
C103663,211,4,72352.221,18088.05525,7.0,3.0,0.0,0.75,1
C108743,21,2,43312.542,21656.271,14.0,4.0,0.0,0.5,0
C110610,249,1,5180.336,5180.336,6.0,1.0,0.0,1.0,1
C107142,914,1,36033.66,36033.66,8.0,0.0,0.0,1.0,1
C114343,427,1,11759.62,11759.62,9.0,1.0,0.0,0.0,1
C113956,9,1,15210.55,15210.55,9.0,2.0,0.0,0.0,0
C102849,206,2,84518.73,42259.365000000005,5.0,1.0,0.0,0.0,1
C114765,266,1,1590.927,1590.927,10.0,0.0,0.0,1.0,1
C103711,25,2,21457.786000000004,10728.893000000002,5.0,3.0,0.0,1.0,0
C109214,104,4,95271.227,23817.80675,9.0,0.0,0.0,0.25,1
C100812,135,3,61128.874,20376.291333333334,8.0,3.0,0.0,0.6666666666666666,1
C103925,642,1,67860.846,67860.846,8.0,0.0,1.0,1.0,1
C102063,48,2,64641.74,32320.87,7.0,1.0,0.0,0.0,0
C114775,103,1,45157.2335,45157.2335,4.0,0.0,0.0,1.0,1
C110302,93,2,43977.78200000001,21988.891,5.0,2.0,0.0,0.5,1
C108096,23,1,27177.120000000003,27177.120000000003,7.0,2.0,0.0,0.0,0
C109952,85,1,14964.599499999998,14964.599499999998,12.0,3.0,1.0,1.0,0
C100101,0,1,25531.152000000002,25531.152000000002,10.0,1.0,0.0,1.0,0
C108002,512,1,12896.5655,12896.5655,9.0,4.0,0.0,1.0,1
C113220,279,4,76224.526,19056.1315,11.0,4.0,1.0,1.0,1
C102600,562,2,26523.267,13261.6335,5.0,1.0,1.0,1.0,1
C101710,34,1,42662.44,42662.44,9.0,3.0,0.0,0.0,0
C112103,68,1,397.26,397.26,13.0,6.0,0.0,0.0,0
C105676,771,1,18617.81,18617.81,5.0,0.0,0.0,0.0,1
C104121,377,1,17271.328,17271.328,11.0,3.0,1.0,1.0,1
C114758,45,2,71873.56,35936.78,4.0,2.0,1.0,0.0,0
C111981,10,1,28474.42,28474.42,8.0,1.0,0.0,0.0,0
C102257,378,3,39995.206000000006,13331.735333333332,9.0,5.0,1.0,0.3333333333333333,1
C114899,619,2,93003.401,46501.7005,7.0,2.0,1.0,0.5,1
C109672,43,3,79873.0715,26624.357166666665,6.0,0.0,0.0,0.3333333333333333,0
C113951,108,2,41913.056,20956.528,10.0,5.0,0.0,0.5,1
C110971,551,1,41459.340000000004,41459.340000000004,10.0,1.0,0.0,0.0,1
C114510,78,3,16637.2275,5545.7425,4.0,2.0,0.0,1.0,0
C113526,3,3,49363.189,16454.396333333334,8.0,3.0,1.0,0.6666666666666666,0
C100552,-1,3,102941.852,34313.950666666664,13.0,3.0,2.0,0.3333333333333333,0
C110939,961,1,21396.23,21396.23,9.0,2.0,0.0,0.0,1
C106077,129,1,64298.479999999996,64298.479999999996,8.0,2.0,0.0,0.0,1
C106683,5,2,18471.4015,9235.70075,6.0,3.0,0.0,0.5,0
C111919,236,1,43866.621499999994,43866.621499999994,8.0,1.0,0.0,1.0,1
C111930,88,2,58307.074,29153.537,11.0,3.0,0.0,0.5,0
C108526,205,1,3435.88,3435.88,5.0,0.0,0.0,0.0,1
C102041,12,5,90825.58099999999,18165.116199999997,9.0,2.0,1.0,0.6,0
C110907,254,1,32466.84,32466.84,6.0,2.0,0.0,0.0,1
C110358,23,2,55724.2905,27862.14525,6.0,3.0,0.0,0.5,0
C102228,630,1,11807.528499999999,11807.528499999999,12.0,2.0,0.0,1.0,1
C113934,263,1,13837.58,13837.58,10.0,4.0,0.0,0.0,1
C106932,67,3,48822.9145,16274.304833333334,8.0,1.0,0.0,0.6666666666666666,0
C105886,910,1,33304.37,33304.37,8.0,4.0,0.0,0.0,1
C109996,452,2,39719.538,19859.769,10.0,3.0,0.0,0.5,1
C107107,229,2,27667.318,13833.659,6.0,1.0,0.0,0.5,1
C110652,63,1,688.9495000000001,688.9495000000001,12.0,2.0,0.0,1.0,0
C109118,3,3,42734.49450000001,14244.831500000002,4.0,3.0,0.0,0.6666666666666666,0
C103814,173,3,58881.266,19627.088666666667,9.0,3.0,1.0,0.3333333333333333,1
C112901,373,2,24115.213,12057.6065,11.0,3.0,0.0,0.5,1
C110481,224,1,15240.168,15240.168,14.0,2.0,0.0,1.0,1
C111134,130,4,85914.962,21478.7405,8.0,4.0,0.0,0.25,1
C107613,257,2,41909.758,20954.879,8.0,4.0,0.0,0.5,1
C110623,454,1,55760.19,55760.19,7.0,5.0,1.0,0.0,1
C110571,214,1,18900.198,18900.198,18.0,1.0,0.0,1.0,1
C101926,115,2,56247.164,28123.581999999995,7.0,4.0,0.0,0.5,1
C107827,311,2,61000.621,30500.3105,7.0,3.0,1.0,0.5,1
C103300,120,2,23759.601,11879.8005,6.0,2.0,0.0,0.5,1
C107509,248,2,11907.510000000002,5953.755000000001,4.0,0.0,0.0,0.5,1
C104765,605,1,46599.2005,46599.2005,7.0,2.0,1.0,1.0,1
C114606,24,1,9528.11,9528.11,12.0,4.0,0.0,0.0,0
C109004,685,1,8136.250999999999,8136.250999999999,14.0,3.0,0.0,1.0,1
C108487,121,3,70541.058,23513.686,9.0,0.0,1.0,0.6666666666666666,1
C105798,138,4,60615.248,15153.812,10.0,4.0,0.0,0.75,1
C103091,1,4,87763.006,21940.7515,5.0,3.0,0.0,0.25,0
C114860,15,3,90731.163,30243.721,10.0,2.0,1.0,1.0,0
C107092,351,2,40629.52,20314.76,11.0,1.0,0.0,0.0,1
C102237,103,3,56188.394,18729.464666666667,7.0,2.0,1.0,0.6666666666666666,1
C110595,110,1,1117.008,1117.008,6.0,1.0,0.0,1.0,1
C104274,21,4,96918.73800000001,24229.684500000003,8.0,2.0,0.0,0.5,0
C112801,5,2,21757.824,10878.912,11.0,4.0,0.0,0.5,0
C102915,52,3,126649.838,42216.61266666667,5.0,4.0,0.0,0.3333333333333333,0
C106303,24,2,62777.153,31388.5765,12.0,3.0,0.0,1.0,0
C102374,-1,1,28051.67,28051.67,12.0,4.0,1.0,0.0,0
C105133,40,2,41018.227,20509.1135,6.0,1.0,1.0,1.0,0
C109637,410,1,45835.26,45835.26,7.0,0.0,0.0,0.0,1
C109986,99,2,53108.09,26554.045,8.0,1.0,0.0,0.5,1
C103903,234,1,30757.7,30757.7,6.0,1.0,0.0,0.0,1
C111767,46,1,9395.91,9395.91,8.0,1.0,0.0,0.0,0
C103920,53,1,18759.0,18759.0,14.0,4.0,0.0,0.0,0
C105542,58,2,20069.908,10034.954,10.0,4.0,0.0,0.5,0
C113213,30,1,3767.733,3767.733,10.0,1.0,0.0,1.0,0
C114757,3,5,124297.4675,24859.4935,6.0,1.0,0.0,0.6,0
C110353,196,1,1750.2,1750.2,6.0,1.0,0.0,0.0,1
C100293,214,1,9625.230000000001,9625.230000000001,7.0,2.0,0.0,1.0,1
C114116,87,1,41229.031,41229.031,4.0,1.0,0.0,1.0,0
C107059,219,3,40572.316,13524.105333333335,8.0,3.0,2.0,0.3333333333333333,1
C103110,42,1,33403.18,33403.18,4.0,1.0,0.0,0.0,0
C100494,192,1,12798.723,12798.723,6.0,3.0,0.0,1.0,1
C106700,525,1,9601.57,9601.57,6.0,1.0,1.0,0.0,1
C101477,778,1,5255.808000000001,5255.808000000001,8.0,6.0,0.0,1.0,1
C106440,6,1,9419.14,9419.14,10.0,2.0,0.0,0.0,0
C107968,29,1,39594.670000000006,39594.670000000006,11.0,4.0,0.0,0.0,0
C106503,89,3,73797.081,24599.027,9.0,5.0,0.0,0.6666666666666666,0
C106044,335,2,55546.1,27773.050000000003,6.0,2.0,1.0,0.0,1
C112052,14,1,33234.24,33234.24,8.0,2.0,0.0,0.0,0
C102976,646,1,32128.579999999998,32128.579999999998,11.0,2.0,0.0,0.0,1
C104864,493,1,21920.33,21920.33,14.0,4.0,0.0,0.0,1
C112453,291,3,62916.090000000004,20972.030000000002,11.0,6.0,0.0,0.0,1
C107079,97,2,56623.1075,28311.55375,6.0,1.0,1.0,0.5,1
C107360,41,1,18121.46,18121.46,17.0,5.0,1.0,0.0,0
C106581,194,2,16745.184,8372.592,10.0,1.0,0.0,1.0,1
C110650,23,5,125889.459,25177.8918,14.0,4.0,2.0,0.6,0
C113773,48,4,92019.9075,23004.976875,11.0,1.0,0.0,0.5,0
C113605,166,1,36075.18,36075.18,8.0,4.0,0.0,0.0,1
C100300,179,1,13475.4,13475.4,9.0,3.0,0.0,0.0,1
C114023,176,2,67834.5805,33917.29025,11.0,0.0,0.0,0.5,1
C110766,179,1,31381.190000000002,31381.190000000002,7.0,3.0,1.0,0.0,1
C105180,21,8,99550.329,12443.791125000002,9.0,2.0,3.0,0.625,0
C110933,38,2,81476.925,40738.4625,7.0,2.0,0.0,0.5,0
C102568,139,3,59002.788,19667.596,5.0,0.0,0.0,0.3333333333333333,1
C108454,843,1,24432.94,24432.94,8.0,2.0,0.0,0.0,1
C114530,38,2,85967.81599999999,42983.907999999996,11.0,4.0,1.0,1.0,0
C105999,991,1,45695.648,45695.648,8.0,3.0,1.0,1.0,1
C109355,188,1,22481.18,22481.18,10.0,6.0,0.0,1.0,1
C109706,361,2,16555.192,8277.596,8.0,3.0,1.0,0.5,1
C107786,635,1,3586.45,3586.45,5.0,2.0,0.0,0.0,1
C112421,22,1,2633.63,2633.63,7.0,1.0,0.0,0.0,0
C110645,538,3,90586.458,30195.486000000004,4.0,2.0,0.0,0.6666666666666666,1
C113498,12,1,45380.768500000006,45380.768500000006,15.0,5.0,0.0,1.0,0
C114566,184,1,14534.8575,14534.8575,11.0,2.0,1.0,1.0,1
C112555,50,2,21743.65,10871.825,18.0,8.0,1.0,0.0,0
C100633,145,1,32259.2425,32259.2425,4.0,1.0,0.0,1.0,1
C103412,416,1,37014.2955,37014.2955,8.0,0.0,0.0,1.0,1
C112350,330,1,44416.78,44416.78,5.0,0.0,0.0,0.0,1
C106684,51,1,22553.824,22553.824,6.0,2.0,0.0,1.0,0
C114016,42,2,41377.21,20688.605,6.0,2.0,0.0,0.5,0
C112439,136,1,26557.326,26557.326,11.0,3.0,0.0,1.0,1
C114104,488,2,32849.802,16424.901,10.0,2.0,1.0,0.5,1
C101757,652,2,25858.798,12929.399,13.0,2.0,0.0,0.5,1
C105718,506,1,12672.232,12672.232,12.0,4.0,0.0,1.0,1
C111688,311,2,62153.02,31076.51,8.0,5.0,2.0,0.0,1
C105855,754,1,25752.144,25752.144,9.0,1.0,0.0,1.0,1
C108317,64,2,18901.64,9450.82,6.0,1.0,0.0,0.0,0
C110094,36,1,13518.18,13518.18,12.0,5.0,0.0,1.0,0
C113639,437,4,140168.81900000002,35042.204750000004,11.0,3.0,1.0,0.5,1
C105734,40,2,94215.02,47107.51,4.0,0.0,0.0,1.0,0
C101211,219,2,59053.337,29526.6685,13.0,2.0,0.0,0.5,1
C112683,179,2,9583.376,4791.688,11.0,1.0,0.0,1.0,1
C101251,600,3,48356.807,16118.935666666666,9.0,2.0,0.0,0.6666666666666666,1
C112153,91,1,16141.72,16141.72,8.0,2.0,0.0,0.0,1
C107635,21,1,38497.288,38497.288,9.0,1.0,0.0,1.0,0
C106820,13,2,61755.768000000004,30877.884000000002,9.0,3.0,0.0,0.5,0
C107224,227,2,118184.472,59092.236000000004,15.0,2.0,0.0,0.5,1
C106260,47,4,76296.569,19074.14225,9.0,2.0,1.0,0.75,0
C110998,-1,8,165284.38,20660.5475,9.0,2.0,1.0,0.5,0
C102619,285,1,80282.4,80282.4,9.0,1.0,1.0,0.0,1
C110656,468,1,3272.9,3272.9,12.0,6.0,0.0,0.0,1
C105280,529,2,102040.38,51020.19,10.0,2.0,1.0,0.0,1
C104073,382,1,4090.205999999999,4090.205999999999,8.0,0.0,0.0,1.0,1
C104072,342,1,16690.059999999998,16690.059999999998,10.0,4.0,0.0,0.0,1
C110581,65,1,3874.986,3874.986,17.0,2.0,0.0,1.0,0
C111946,533,1,3658.7790000000005,3658.7790000000005,6.0,1.0,0.0,1.0,1
C114220,60,2,51951.076499999996,25975.538249999998,5.0,2.0,0.0,0.5,0
C112466,-1,1,15797.6155,15797.6155,9.0,2.0,0.0,1.0,0
C103703,46,2,50636.507000000005,25318.2535,10.0,3.0,1.0,1.0,0
C107361,96,1,16202.36,16202.36,9.0,2.0,0.0,0.0,1
C107560,129,1,12427.98,12427.98,12.0,7.0,0.0,0.0,1
C104576,96,1,16225.552000000003,16225.552000000003,9.0,3.0,0.0,1.0,1
C110311,117,1,26020.62,26020.62,14.0,3.0,0.0,0.0,1
C106111,11,1,6792.8325,6792.8325,9.0,3.0,0.0,1.0,0
C107860,97,7,147395.9225,21056.56035714286,6.0,1.0,2.0,0.7142857142857143,1
C100551,358,2,20357.819499999998,10178.909749999999,9.0,3.0,0.0,0.5,1
C104545,266,1,13760.128,13760.128,9.0,3.0,1.0,1.0,1
C100539,353,3,66406.34449999999,22135.44816666667,12.0,3.0,1.0,0.6666666666666666,1
C113083,36,3,44595.54,14865.18,6.0,2.0,1.0,0.0,0
C102494,186,1,3857.0789999999997,3857.0789999999997,7.0,3.0,0.0,1.0,1
C107234,791,1,12015.17,12015.17,4.0,0.0,1.0,0.0,1
C102175,81,1,8796.24,8796.24,8.0,2.0,1.0,1.0,0
C105202,392,1,13081.977,13081.977,8.0,2.0,0.0,1.0,1
C103872,110,1,24654.267,24654.267,6.0,2.0,0.0,1.0,1
C107070,320,2,25722.428,12861.213999999998,4.0,0.0,0.0,1.0,1
C114113,334,1,3886.625,3886.625,6.0,1.0,0.0,1.0,1
C102704,240,2,64415.7,32207.85,5.0,1.0,0.0,0.0,1
C106786,1027,1,20643.5285,20643.5285,10.0,4.0,0.0,1.0,1
C108544,86,1,43733.341499999995,43733.341499999995,11.0,3.0,0.0,1.0,0
C111306,272,2,28959.78,14479.89,11.0,1.0,0.0,0.0,1
C110613,30,1,17224.164,17224.164,8.0,3.0,0.0,1.0,0
C105605,664,2,33136.754,16568.377,10.0,2.0,0.0,0.5,1
C111995,908,1,10523.928,10523.928,5.0,0.0,0.0,1.0,1
C101768,14,1,5939.827499999999,5939.827499999999,9.0,1.0,0.0,1.0,0
C110021,559,2,37137.864,18568.932,10.0,2.0,0.0,1.0,1
C102533,-1,2,6615.884,3307.942,7.0,3.0,0.0,1.0,0
C112882,19,1,4863.4205,4863.4205,10.0,3.0,0.0,1.0,0
C103405,180,1,30684.249000000003,30684.249000000003,9.0,1.0,1.0,1.0,1
C104224,64,2,36177.179000000004,18088.589500000002,6.0,3.0,0.0,0.5,0
C105907,502,1,23585.3155,23585.3155,11.0,2.0,1.0,1.0,1
C106363,173,2,97035.32999999999,48517.665,5.0,2.0,0.0,0.0,1
C111055,841,2,32609.211,16304.6055,9.0,2.0,0.0,0.5,1
C104730,277,1,7052.8285,7052.8285,9.0,2.0,0.0,1.0,1
C100142,22,3,68032.314,22677.438,11.0,3.0,0.0,0.6666666666666666,0
C103666,185,2,28551.494,14275.747,6.0,2.0,0.0,0.5,1
C113395,66,2,20458.188000000002,10229.094000000001,6.0,2.0,0.0,0.5,0
C101182,310,1,32123.625,32123.625,9.0,2.0,0.0,1.0,1
C107350,562,2,40954.642,20477.321,6.0,3.0,1.0,0.5,1
C100771,303,1,6894.34,6894.34,5.0,1.0,0.0,0.0,1
C112582,157,1,223.65,223.65,6.0,3.0,1.0,0.0,1
C107936,327,1,31064.157,31064.157,8.0,3.0,1.0,1.0,1
C104020,422,1,19487.24,19487.24,16.0,4.0,0.0,0.0,1
C104838,152,2,31303.375,15651.6875,8.0,5.0,1.0,1.0,1
C102485,139,1,28831.239,28831.239,12.0,3.0,1.0,1.0,1
C100104,283,2,62281.29000000001,31140.645000000004,8.0,2.0,0.0,0.5,1
C112163,487,1,12452.3625,12452.3625,12.0,5.0,0.0,1.0,1
C102180,4,1,29242.3715,29242.3715,9.0,3.0,0.0,1.0,0
C106944,454,2,100001.45,50000.725,8.0,5.0,0.0,0.0,1
C103257,333,1,52627.671,52627.671,7.0,4.0,0.0,1.0,1
C103118,4,1,10823.928,10823.928,7.0,3.0,0.0,1.0,0
C109734,5,1,47223.227,47223.227,7.0,2.0,0.0,1.0,0
C112473,422,1,204.051,204.051,10.0,5.0,0.0,1.0,1
C108027,400,1,24299.974000000002,24299.974000000002,11.0,1.0,0.0,1.0,1
C114380,281,4,147914.64,36978.66,9.0,5.0,1.0,0.0,1
C100062,404,1,9634.2825,9634.2825,8.0,3.0,0.0,1.0,1
C110999,533,1,21621.57,21621.57,9.0,4.0,0.0,0.0,1
C105731,301,1,34606.84,34606.84,7.0,4.0,0.0,0.0,1
C101787,522,1,12743.94,12743.94,7.0,1.0,0.0,0.0,1
C110449,429,2,67930.47,33965.235,5.0,1.0,0.0,0.0,1
C104502,188,1,18523.77,18523.77,7.0,2.0,0.0,0.0,1
C105024,25,2,42645.728,21322.864,9.0,1.0,0.0,0.5,0
C103765,167,1,34399.784999999996,34399.784999999996,6.0,2.0,0.0,1.0,1
C104214,171,1,23479.411500000002,23479.411500000002,6.0,1.0,0.0,1.0,1
C109127,145,3,65676.796,21892.265333333333,5.0,1.0,0.0,0.3333333333333333,1
C109909,126,1,12510.088000000002,12510.088000000002,9.0,5.0,0.0,1.0,1
C114347,111,4,91048.93,22762.2325,5.0,2.0,1.0,0.25,1
C111821,54,2,62302.2245,31151.11225,8.0,6.0,1.0,0.5,0
C112940,36,2,86128.6835,43064.34175,11.0,4.0,1.0,0.5,0
C101029,46,1,30562.399999999998,30562.399999999998,13.0,2.0,0.0,0.0,0
C100973,232,2,34239.628,17119.814,9.0,2.0,0.0,0.5,1
C111185,528,1,5322.2,5322.2,4.0,0.0,0.0,0.0,1
C104038,277,1,24557.013,24557.013,7.0,1.0,0.0,1.0,1
C105587,685,1,13626.9045,13626.9045,12.0,3.0,0.0,1.0,1
C112436,299,1,16477.58,16477.58,7.0,0.0,0.0,0.0,1
C112656,50,1,24878.692499999997,24878.692499999997,15.0,4.0,0.0,1.0,0
C103846,143,1,14305.4895,14305.4895,7.0,2.0,0.0,1.0,1
C111971,52,3,54270.456,18090.152,5.0,2.0,0.0,0.6666666666666666,0
C103553,503,1,8775.89,8775.89,6.0,2.0,0.0,0.0,1
C113363,33,2,35065.3555,17532.67775,13.0,0.0,0.0,0.5,0
C108210,756,1,7217.84,7217.84,12.0,2.0,0.0,0.0,1
C100259,63,2,42854.8575,21427.42875,8.0,0.0,0.0,1.0,0
C107961,87,2,35297.214,17648.607,5.0,0.0,0.0,1.0,0
C101063,194,2,39193.577000000005,19596.7885,7.0,1.0,0.0,0.5,1
C112197,247,2,44168.28,22084.14,8.0,1.0,0.0,0.0,1
C106226,37,1,25585.11,25585.11,13.0,5.0,0.0,0.0,0
C108755,402,1,16195.676000000001,16195.676000000001,6.0,2.0,1.0,1.0,1
C105235,334,3,50769.778000000006,16923.259333333335,13.0,3.0,0.0,0.3333333333333333,1
C108527,20,5,190346.839,38069.3678,5.0,1.0,3.0,0.6,0
C109083,61,1,20023.78,20023.78,6.0,2.0,0.0,0.0,0
C108898,324,1,7291.782,7291.782,5.0,1.0,0.0,1.0,1
C114234,76,3,60460.854999999996,20153.618333333332,6.0,0.0,1.0,1.0,0
C101803,138,3,90797.451,30265.817,7.0,0.0,0.0,0.3333333333333333,1
C112662,755,1,25700.050000000003,25700.050000000003,8.0,1.0,1.0,0.0,1
C113909,101,4,107379.618,26844.904500000004,2.0,2.0,1.0,0.25,1
C114094,109,1,56377.422999999995,56377.422999999995,4.0,1.0,1.0,1.0,1
C110582,505,1,6179.54,6179.54,7.0,1.0,0.0,0.0,1
C114574,92,1,3203.37,3203.37,9.0,1.0,0.0,0.0,1
C103691,0,3,40381.411,13460.470333333333,7.0,2.0,1.0,0.6666666666666666,0
C106450,341,1,15137.37,15137.37,8.0,2.0,0.0,0.0,1
C102271,60,2,18968.134,9484.067,10.0,3.0,1.0,0.5,0
C113718,205,1,9349.472,9349.472,11.0,4.0,0.0,1.0,1
C114485,9,1,34441.3665,34441.3665,11.0,1.0,0.0,1.0,0
C114700,450,1,1561.2030000000002,1561.2030000000002,15.0,4.0,0.0,1.0,1
C114562,19,2,19951.6195,9975.80975,13.0,4.0,0.0,0.5,0
C108905,14,1,13741.696,13741.696,16.0,4.0,0.0,1.0,0
C102578,303,1,14223.28,14223.28,8.0,2.0,0.0,0.0,1
C105800,138,1,1416.033,1416.033,5.0,0.0,0.0,1.0,1
C104948,618,1,16270.08,16270.08,8.0,3.0,0.0,1.0,1
C105161,33,1,1807.75,1807.75,7.0,1.0,0.0,0.0,0
C103721,20,1,41374.880000000005,41374.880000000005,9.0,0.0,1.0,1.0,0
C104022,145,1,58383.008,58383.008,11.0,2.0,0.0,1.0,1
C112692,362,1,3993.7,3993.7,10.0,2.0,0.0,0.0,1
C111874,139,1,5908.92,5908.92,11.0,2.0,1.0,0.0,1
C112684,147,1,15782.09,15782.09,7.0,1.0,0.0,0.0,1
C112066,67,2,18377.824,9188.912,9.0,1.0,0.0,0.5,0
C110963,195,1,34864.0675,34864.0675,6.0,0.0,0.0,1.0,1
C105554,203,1,12994.86,12994.86,8.0,3.0,1.0,0.0,1
C110535,146,2,54838.769,27419.3845,9.0,3.0,0.0,1.0,1
C104922,613,2,51793.39899999999,25896.6995,14.0,5.0,0.0,0.5,1
C102441,205,1,10554.45,10554.45,11.0,4.0,0.0,0.0,1
C104662,192,2,44482.2355,22241.117749999998,9.0,4.0,0.0,0.5,1
C114651,93,2,38418.768,19209.384,5.0,1.0,1.0,1.0,1
C104867,63,2,29187.613,14593.8065,5.0,2.0,0.0,1.0,0
C114190,85,1,26695.22,26695.22,2.0,0.0,2.0,0.0,0
C106009,308,2,59533.345,29766.6725,14.0,8.0,0.0,1.0,1
C107519,147,1,13064.74,13064.74,2.0,0.0,0.0,0.0,1
C111776,94,1,17886.5,17886.5,6.0,1.0,0.0,0.0,1
C104791,290,1,34095.008,34095.008,8.0,2.0,0.0,1.0,1
C108596,83,1,745.127,745.127,11.0,6.0,0.0,1.0,0
C109827,9,1,17564.6165,17564.6165,10.0,4.0,0.0,1.0,0
C100010,201,2,24133.83,12066.915,10.0,4.0,0.0,0.0,1
C105351,187,4,68343.347,17085.83675,8.0,1.0,1.0,0.5,1
C110143,220,3,67957.10650000001,22652.36883333333,5.0,4.0,1.0,0.6666666666666666,1
C112625,338,2,74471.37,37235.685,6.0,0.0,0.0,0.0,1
C114252,289,1,8377.251999999999,8377.251999999999,9.0,1.0,0.0,1.0,1
C108232,207,1,40190.1,40190.1,10.0,1.0,0.0,0.0,1
C103356,39,2,32633.410000000003,16316.705000000002,7.0,2.0,0.0,0.0,0
C113282,487,1,8627.319,8627.319,8.0,4.0,0.0,1.0,1
C102786,700,1,13624.94,13624.94,6.0,3.0,0.0,0.0,1
C111620,193,1,20823.899999999998,20823.899999999998,7.0,1.0,0.0,0.0,1
C110411,4,1,21458.592000000004,21458.592000000004,13.0,2.0,0.0,1.0,0
C106694,350,2,4683.61,2341.805,6.0,1.0,0.0,0.5,1
C113964,34,2,40993.96,20496.980000000003,5.0,2.0,1.0,0.5,0
C109093,76,1,39557.66,39557.66,4.0,1.0,0.0,0.0,0
C107507,274,2,13255.257,6627.6285,11.0,6.0,0.0,1.0,1
C110423,186,1,26412.510000000002,26412.510000000002,13.0,4.0,1.0,0.0,1
C112837,-1,2,51310.576,25655.288,7.0,2.0,1.0,0.5,0
C105217,53,1,13568.44,13568.44,6.0,1.0,0.0,0.0,0
C106554,84,2,41102.325000000004,20551.1625,6.0,2.0,0.0,0.5,0
C109659,208,3,47627.870500000005,15875.956833333335,10.0,0.0,1.0,0.3333333333333333,1
C114349,12,2,41154.7,20577.35,9.0,2.0,0.0,0.0,0
C104941,92,1,6830.785,6830.785,9.0,2.0,0.0,1.0,1
C109798,31,1,15321.743,15321.743,5.0,4.0,0.0,1.0,0
C111143,811,1,39626.664000000004,39626.664000000004,8.0,0.0,0.0,1.0,1
C110128,511,1,18767.12,18767.12,7.0,2.0,0.0,1.0,1
C101734,393,2,32754.472,16377.236,12.0,3.0,0.0,0.5,1
C113861,116,1,38078.945,38078.945,6.0,2.0,0.0,1.0,1
C112537,212,1,14546.373,14546.373,8.0,3.0,0.0,1.0,1
C102740,68,1,13413.123,13413.123,11.0,5.0,0.0,1.0,0
C102799,45,1,59139.21,59139.21,5.0,1.0,0.0,1.0,0
C106517,160,1,37674.966499999995,37674.966499999995,9.0,2.0,0.0,1.0,1
C100339,472,1,69596.334,69596.334,13.0,2.0,1.0,1.0,1
C105815,218,1,11140.1,11140.1,3.0,2.0,0.0,0.0,1
C100578,162,1,11689.12,11689.12,11.0,1.0,1.0,0.0,1
C103738,83,1,43844.9295,43844.9295,5.0,2.0,0.0,1.0,0
C106757,115,2,28268.2,14134.1,10.0,0.0,0.0,0.0,1
C101569,253,1,17878.779000000002,17878.779000000002,7.0,1.0,1.0,1.0,1
C106442,441,1,23014.339,23014.339,10.0,3.0,0.0,1.0,1
C111463,1048,1,13315.512,13315.512,11.0,5.0,1.0,1.0,1
C105801,56,1,40353.7,40353.7,5.0,0.0,1.0,0.0,0
C105710,11,1,30151.170000000006,30151.170000000006,7.0,1.0,0.0,1.0,0
C106760,74,1,58404.93000000001,58404.93000000001,12.0,2.0,0.0,0.0,0
C104543,199,1,7231.617,7231.617,5.0,1.0,0.0,1.0,1
C108703,252,1,33228.33,33228.33,6.0,1.0,0.0,0.0,1
C114964,76,2,78964.018,39482.009000000005,11.0,2.0,0.0,0.5,0
C106759,106,2,59737.3,29868.65,7.0,4.0,0.0,0.0,1
C108016,12,1,9544.416000000001,9544.416000000001,8.0,3.0,0.0,1.0,0
C108146,38,1,1961.3919999999998,1961.3919999999998,9.0,3.0,1.0,1.0,0
C108079,567,1,7055.38,7055.38,7.0,1.0,0.0,0.0,1
C103724,57,1,19455.760000000002,19455.760000000002,6.0,3.0,0.0,0.0,0
C110647,473,1,51567.37,51567.37,6.0,1.0,0.0,0.0,1
C103071,91,3,113769.64,37923.21333333333,7.0,2.0,0.0,0.0,1
C100365,283,2,43160.13100000001,21580.0655,5.0,2.0,0.0,1.0,1
C107212,763,1,23571.940000000002,23571.940000000002,8.0,2.0,0.0,0.0,1
C104712,71,3,62362.316,20787.438666666665,7.0,4.0,3.0,1.0,0
C107695,3,2,4080.475,2040.2375,9.0,4.0,0.0,1.0,0
C106737,223,4,164779.102,41194.7755,7.0,1.0,2.0,0.5,1
C112359,390,1,8532.693,8532.693,10.0,3.0,0.0,1.0,1
C109263,242,1,52171.54,52171.54,9.0,3.0,0.0,0.0,1
C110960,586,3,38980.761,12993.587,8.0,1.0,0.0,0.6666666666666666,1
C103024,107,5,64545.436499999996,12909.0873,20.0,8.0,0.0,0.4,1
C105087,265,2,57779.781,28889.890499999998,10.0,1.0,0.0,0.5,1
C105244,715,1,1159.68,1159.68,5.0,1.0,0.0,1.0,1
C110266,420,1,27496.550000000003,27496.550000000003,12.0,4.0,0.0,0.0,1
C107406,31,2,33834.992,16917.496,6.0,2.0,0.0,0.5,0
C103253,55,2,34049.1805,17024.59025,6.0,1.0,1.0,0.5,0
C107801,270,3,75575.4,25191.800000000003,7.0,2.0,0.0,0.0,1
C107432,343,1,4470.804499999999,4470.804499999999,12.0,5.0,0.0,1.0,1
C100927,318,1,19549.18,19549.18,8.0,2.0,1.0,0.0,1
C110913,222,1,20641.888,20641.888,13.0,5.0,0.0,1.0,1
C113329,88,1,58799.58,58799.58,7.0,3.0,0.0,0.0,0
C112445,289,1,26066.754,26066.754,5.0,2.0,1.0,1.0,1
C105647,646,1,10533.0725,10533.0725,2.0,0.0,0.0,1.0,1
C105827,57,1,29265.856,29265.856,8.0,3.0,0.0,1.0,0
C108474,36,1,13837.626,13837.626,10.0,3.0,0.0,1.0,0
C103764,58,4,57454.8535,14363.713375,14.0,3.0,0.0,0.5,0
C105332,172,1,11543.18,11543.18,2.0,1.0,0.0,0.0,1
C108764,9,1,11863.27,11863.27,8.0,0.0,0.0,0.0,0
C113035,360,1,4669.1645,4669.1645,8.0,0.0,0.0,1.0,1
C114254,0,1,47873.072,47873.072,9.0,2.0,0.0,1.0,0
C109665,35,1,3122.3050000000003,3122.3050000000003,11.0,4.0,0.0,1.0,0
C109121,622,3,65199.199499999995,21733.0665,10.0,1.0,0.0,0.3333333333333333,1
C112491,46,2,39043.084,19521.541999999998,14.0,6.0,1.0,1.0,0
C100787,445,1,17277.992000000002,17277.992000000002,9.0,5.0,0.0,1.0,1
C102497,379,2,53086.566,26543.282999999996,7.0,1.0,2.0,0.5,1
C111751,207,1,12732.1565,12732.1565,9.0,5.0,1.0,1.0,1
C103418,859,1,428.23,428.23,8.0,3.0,0.0,1.0,1
C111753,1,5,182193.3505,36438.6701,6.0,1.0,0.0,0.4,0
C114575,141,1,64104.83,64104.83,6.0,2.0,0.0,0.0,1
C112789,183,2,20221.9815,10110.99075,11.0,3.0,0.0,0.5,1
C107742,294,1,1306.584,1306.584,9.0,0.0,0.0,1.0,1
C102645,107,2,25807.876,12903.938,8.0,2.0,1.0,0.5,1
C103743,14,2,22697.1895,11348.59475,4.0,2.0,0.0,1.0,0
C111953,252,1,24288.896999999997,24288.896999999997,2.0,0.0,0.0,1.0,1
C113264,492,2,73269.651,36634.8255,9.0,1.0,2.0,0.5,1
C108812,25,1,31660.95,31660.95,11.0,3.0,0.0,0.0,0
C102838,475,1,2434.32,2434.32,7.0,2.0,0.0,1.0,1
C108722,137,1,2239.51,2239.51,12.0,2.0,0.0,0.0,1
C107772,180,3,79940.046,26646.682,10.0,3.0,0.0,0.6666666666666666,1
C103969,186,1,17530.902000000002,17530.902000000002,9.0,3.0,0.0,1.0,1
C107877,231,2,40008.76,20004.38,7.0,2.0,0.0,1.0,1
C103349,137,1,9588.3405,9588.3405,5.0,0.0,0.0,1.0,1
C108536,82,1,12252.886,12252.886,4.0,1.0,0.0,1.0,0
C105175,24,2,45506.72,22753.36,10.0,2.0,0.0,1.0,0
C111849,359,2,46812.3005,23406.150250000002,9.0,3.0,1.0,1.0,1
C107830,194,1,15229.19,15229.19,11.0,3.0,0.0,0.0,1
C111870,35,1,9738.1525,9738.1525,5.0,1.0,0.0,1.0,0
C112296,170,1,7740.567499999999,7740.567499999999,7.0,3.0,0.0,1.0,1
C100613,63,1,3020.8914999999997,3020.8914999999997,10.0,5.0,0.0,1.0,0
C100452,-1,3,44176.08,14725.36,7.0,1.0,0.0,0.6666666666666666,0
C107437,439,1,14397.12,14397.12,9.0,1.0,0.0,0.0,1
C114196,51,1,29567.4455,29567.4455,12.0,3.0,0.0,1.0,0
C114657,93,4,56405.549,14101.38725,7.0,2.0,0.0,0.75,1
C110553,367,1,20458.117,20458.117,6.0,0.0,0.0,1.0,1
C109895,88,1,20369.1305,20369.1305,14.0,7.0,1.0,1.0,0
C105080,199,1,12231.31,12231.31,11.0,2.0,0.0,0.0,1
C114830,856,1,5412.204000000001,5412.204000000001,9.0,0.0,1.0,1.0,1
C110059,32,1,26705.190000000002,26705.190000000002,8.0,3.0,0.0,0.0,0
C110141,447,5,85831.7895,17166.3579,10.0,4.0,1.0,0.6,1
C114880,159,3,38930.3545,12976.784833333333,15.0,3.0,2.0,0.3333333333333333,1
C106516,309,2,77771.1065,38885.55325,10.0,0.0,0.0,0.5,1
C104079,8,2,26610.408,13305.204000000002,13.0,3.0,0.0,0.5,0
C104942,656,1,15715.207999999999,15715.207999999999,9.0,5.0,0.0,1.0,1
C111724,77,3,21814.034,7271.344666666667,21.0,6.0,1.0,0.6666666666666666,0
C108125,3,3,63700.4405,21233.480166666664,11.0,3.0,0.0,0.6666666666666666,0
C106214,610,1,67202.65,67202.65,7.0,2.0,0.0,0.0,1
C106264,198,1,52373.340000000004,52373.340000000004,13.0,3.0,2.0,0.0,1
C112776,377,1,11617.893,11617.893,6.0,2.0,0.0,1.0,1
C113558,659,2,22469.7485,11234.87425,14.0,3.0,0.0,0.5,1
C100200,410,1,17130.0,17130.0,12.0,3.0,0.0,0.0,1
C112957,51,2,6202.47,3101.235,7.0,2.0,0.0,0.5,0
C110749,18,2,36623.743,18311.8715,3.0,1.0,0.0,0.5,0
C102615,28,1,9503.739,9503.739,9.0,6.0,0.0,1.0,0
C106233,163,1,6185.839499999999,6185.839499999999,5.0,2.0,0.0,1.0,1
C100605,153,1,17516.879,17516.879,12.0,2.0,0.0,1.0,1
C107912,95,2,27096.39,13548.195,7.0,0.0,2.0,0.0,1
C113467,104,2,96236.55,48118.275,4.0,1.0,0.0,0.0,1
C100754,119,2,20203.93,10101.965,8.0,1.0,0.0,0.0,1
C112262,307,1,10145.42,10145.42,4.0,2.0,1.0,0.0,1
C101992,700,1,26993.1005,26993.1005,5.0,1.0,1.0,1.0,1
C107418,104,1,1029.114,1029.114,6.0,2.0,0.0,1.0,1
C101847,373,2,55266.045,27633.0225,8.0,1.0,0.0,0.5,1
C101114,305,1,15735.524499999998,15735.524499999998,4.0,1.0,0.0,1.0,1
C114263,108,1,22111.971999999998,22111.971999999998,6.0,1.0,0.0,1.0,1
C113093,359,1,12742.68,12742.68,8.0,3.0,0.0,0.0,1
C111692,54,4,79107.9975,19776.999375,8.0,4.0,1.0,0.25,0
C101830,552,1,15510.869999999999,15510.869999999999,9.0,4.0,1.0,0.0,1
C103763,724,1,13408.236,13408.236,7.0,1.0,1.0,1.0,1
C107414,56,2,32242.504,16121.252,8.0,3.0,0.0,0.5,0
C107491,256,1,8437.4,8437.4,8.0,2.0,0.0,0.0,1
C103644,263,1,33943.16,33943.16,5.0,2.0,0.0,0.0,1
C111471,5,1,28050.5455,28050.5455,9.0,5.0,1.0,1.0,0
C109262,192,4,62968.013,15742.00325,9.0,3.0,0.0,0.5,1
C104665,31,1,4128.984,4128.984,7.0,1.0,0.0,1.0,0
C104553,59,1,58552.06,58552.06,7.0,2.0,0.0,0.0,0
C103492,93,1,15004.992000000002,15004.992000000002,5.0,1.0,0.0,1.0,1
C100227,17,4,63687.233,15921.80825,9.0,1.0,0.0,0.5,0
C102680,158,2,20232.82,10116.41,12.0,5.0,0.0,0.5,1
C101107,309,1,9044.586000000001,9044.586000000001,9.0,2.0,0.0,1.0,1
C105106,338,2,91882.2475,45941.12375,10.0,4.0,0.0,1.0,1
C105769,7,2,35926.2635,17963.131750000004,12.0,4.0,0.0,1.0,0
C109236,418,1,2685.72,2685.72,9.0,3.0,0.0,0.0,1
C110899,172,1,3303.2340000000004,3303.2340000000004,6.0,3.0,0.0,1.0,1
C102541,26,2,20568.564,10284.282000000001,5.0,2.0,0.0,1.0,0
C100387,6,7,135211.3045,19315.90064285714,22.0,8.0,1.0,0.8571428571428571,0
C114153,25,4,38150.073000000004,9537.518250000001,12.0,4.0,0.0,0.5,0
C101494,35,1,13776.0945,13776.0945,9.0,3.0,0.0,1.0,0
C107525,84,3,21603.09,7201.03,8.0,1.0,1.0,0.0,0
C100055,49,1,25361.586,25361.586,7.0,1.0,0.0,1.0,0
C103475,515,1,23345.22,23345.22,9.0,5.0,1.0,0.0,1
C103604,56,1,34720.2485,34720.2485,6.0,2.0,1.0,1.0,0
C105125,538,3,94464.071,31488.023666666664,8.0,2.0,2.0,0.3333333333333333,1
C111683,621,2,55225.5125,27612.75625,13.0,3.0,1.0,0.5,1
C105173,168,2,51594.756499999996,25797.378249999998,13.0,5.0,0.0,1.0,1
C112754,70,1,48338.508,48338.508,9.0,2.0,0.0,1.0,0
C100310,487,1,102832.07999999999,102832.07999999999,8.0,3.0,1.0,0.0,1
C105428,2,2,45408.78200000001,22704.391000000003,6.0,4.0,0.0,0.5,0
C106038,252,1,25673.216,25673.216,6.0,3.0,0.0,1.0,1
C101541,419,1,4871.68,4871.68,6.0,3.0,0.0,0.0,1
C100865,88,1,15177.61,15177.61,7.0,3.0,0.0,0.0,0
C103317,127,1,2861.52,2861.52,6.0,2.0,0.0,0.0,1
C110309,164,1,4875.84,4875.84,7.0,4.0,1.0,1.0,1
C107738,709,1,36037.23,36037.23,4.0,1.0,0.0,0.0,1
C112246,2,1,30429.2945,30429.2945,12.0,4.0,0.0,1.0,0
C106456,81,1,15313.472499999998,15313.472499999998,4.0,1.0,0.0,1.0,0
C101886,379,1,50652.090000000004,50652.090000000004,7.0,1.0,0.0,1.0,1
C105677,28,1,25766.96,25766.96,12.0,4.0,0.0,0.0,0
C104594,171,1,21816.79,21816.79,9.0,4.0,0.0,0.0,1
C109199,850,1,20300.9,20300.9,10.0,6.0,0.0,0.0,1
C105503,183,2,15945.18,7972.59,6.0,3.0,0.0,0.5,1
C106355,538,1,35045.4,35045.4,5.0,1.0,0.0,1.0,1
C105748,270,1,9351.564,9351.564,8.0,1.0,0.0,1.0,1
C113966,13,2,41227.21000000001,20613.605000000003,8.0,2.0,0.0,1.0,0
C114120,137,2,46370.789,23185.3945,15.0,2.0,0.0,0.5,1
C105632,787,1,4313.57,4313.57,15.0,6.0,0.0,0.0,1
C109999,139,3,93903.2705,31301.090166666665,6.0,2.0,2.0,0.6666666666666666,1
C103599,22,1,1210.4959999999999,1210.4959999999999,6.0,2.0,0.0,1.0,0
C111146,481,1,24656.37,24656.37,7.0,3.0,0.0,0.0,1
C108329,168,1,14436.68,14436.68,9.0,3.0,1.0,0.0,1
C114780,791,2,25036.767999999996,12518.384,8.0,3.0,0.0,0.5,1
C100968,183,1,2303.7295,2303.7295,6.0,1.0,0.0,1.0,1
C113583,454,2,18131.2845,9065.64225,5.0,1.0,0.0,0.5,1
C103276,202,1,6031.8295,6031.8295,5.0,2.0,0.0,1.0,1
C105668,29,4,59786.8415,14946.710375,7.0,4.0,3.0,1.0,0
C111103,117,1,2092.2135,2092.2135,11.0,3.0,0.0,1.0,1
C102071,928,2,53174.316,26587.158000000003,12.0,2.0,0.0,0.5,1
C103945,14,2,71410.48,35705.240000000005,6.0,2.0,4.0,1.0,0
C101050,203,1,6640.57,6640.57,7.0,3.0,0.0,0.0,1
C102674,140,1,33012.86,33012.86,6.0,2.0,0.0,0.0,1
C107173,145,1,17477.85,17477.85,4.0,1.0,0.0,0.0,1
C109585,45,2,80426.26,40213.130000000005,8.0,3.0,2.0,0.0,0
C114532,2,4,40143.65,10035.9125,5.0,3.0,1.0,0.25,0
C112459,293,3,49281.089,16427.029666666665,6.0,2.0,0.0,0.6666666666666666,1
C106995,190,2,8871.57,4435.785,4.0,2.0,0.0,0.0,1
C109681,262,1,16565.91,16565.91,15.0,7.0,0.0,0.0,1
C108612,6,1,6535.15,6535.15,8.0,3.0,0.0,0.0,0
C111813,258,1,26163.520000000004,26163.520000000004,10.0,1.0,0.0,1.0,1
C102966,101,4,32409.614,8102.4035,6.0,3.0,0.0,0.25,1
C106276,175,3,20617.932,6872.644,13.0,3.0,1.0,0.3333333333333333,1
C111910,115,1,42598.43,42598.43,10.0,4.0,0.0,0.0,1
C109382,238,5,89601.26,17920.252,12.0,2.0,1.0,0.8,1
C107343,56,2,39836.4975,19918.24875,13.0,4.0,1.0,0.5,0
C107179,52,3,102345.5745,34115.19149999999,12.0,1.0,0.0,1.0,0
C100508,93,3,51722.5265,17240.842166666665,7.0,2.0,0.0,0.3333333333333333,1
C104628,373,1,13289.4865,13289.4865,10.0,1.0,0.0,1.0,1
C111837,206,1,39735.97,39735.97,6.0,3.0,0.0,1.0,1
C103004,445,1,25449.3995,25449.3995,15.0,2.0,0.0,1.0,1
C110129,558,1,23673.36,23673.36,10.0,3.0,0.0,0.0,1
C110751,40,1,10727.392,10727.392,7.0,5.0,0.0,1.0,0
C112026,428,1,21081.27,21081.27,7.0,1.0,0.0,0.0,1
C107869,72,1,38854.78200000001,38854.78200000001,6.0,2.0,0.0,1.0,0
C111319,364,1,17772.88,17772.88,7.0,2.0,0.0,0.0,1
C111381,125,1,40739.94,40739.94,15.0,3.0,0.0,0.0,1
C105824,28,3,27493.402000000002,9164.467333333332,8.0,1.0,1.0,1.0,0
C108578,106,1,5510.17,5510.17,3.0,0.0,0.0,0.0,1
C111195,116,2,78824.746,39412.373,14.0,5.0,2.0,0.5,1
C101204,823,1,24317.879500000003,24317.879500000003,8.0,3.0,0.0,1.0,1
C109882,161,1,2816.9255000000003,2816.9255000000003,7.0,2.0,0.0,1.0,1
C111163,61,2,27260.205499999996,13630.102749999998,5.0,2.0,0.0,1.0,0
C112216,2,4,84385.8885,21096.472125,7.0,0.0,0.0,0.5,0
C105478,462,2,46269.17,23134.585,5.0,3.0,0.0,0.0,1
C109194,117,1,10826.23,10826.23,8.0,0.0,0.0,0.0,1
C114849,25,4,77070.054,19267.5135,6.0,2.0,1.0,0.25,0
C110603,58,1,6836.328000000001,6836.328000000001,2.0,0.0,0.0,1.0,0
C101047,18,1,33973.922,33973.922,3.0,0.0,0.0,1.0,0
C102173,8,2,42512.363,21256.1815,7.0,2.0,1.0,0.5,0
C114591,259,1,32879.12,32879.12,4.0,1.0,0.0,0.0,1
C113931,49,1,33574.64,33574.64,4.0,0.0,0.0,0.0,0
C108062,451,2,16430.122,8215.061,9.0,4.0,0.0,0.5,1
C106968,8,1,24195.046000000002,24195.046000000002,5.0,0.0,0.0,1.0,0
C114691,74,1,43249.887,43249.887,8.0,2.0,0.0,1.0,0
C109471,214,2,63762.92,31881.460000000003,8.0,2.0,1.0,0.0,1
C100567,96,1,8304.2,8304.2,8.0,4.0,0.0,0.0,1
C100028,544,2,30826.941000000006,15413.470500000003,9.0,3.0,0.0,1.0,1
C107582,8,1,17788.34,17788.34,10.0,2.0,1.0,0.0,0
C106134,435,1,3425.643,3425.643,4.0,1.0,0.0,1.0,1
C101363,86,1,43336.76,43336.76,3.0,0.0,0.0,0.0,0
C103845,140,1,12235.05,12235.05,8.0,3.0,0.0,0.0,1
C102067,17,1,29672.370000000003,29672.370000000003,8.0,1.0,1.0,0.0,0
C113029,300,1,45084.47,45084.47,8.0,3.0,2.0,0.0,1
C104722,131,3,51158.686,17052.895333333334,11.0,2.0,0.0,1.0,1
C110932,161,1,13235.37,13235.37,11.0,3.0,0.0,0.0,1
C101431,307,1,16182.138500000001,16182.138500000001,9.0,1.0,0.0,1.0,1
C101261,126,2,42600.1205,21300.06025,7.0,1.0,1.0,0.5,1
C114238,52,1,13329.696,13329.696,12.0,5.0,0.0,1.0,0
C101209,28,2,70677.4215,35338.71075,7.0,2.0,1.0,1.0,0
C114414,212,1,14178.86,14178.86,10.0,3.0,0.0,0.0,1
C103496,769,1,45349.6505,45349.6505,12.0,5.0,0.0,1.0,1
C110280,256,2,19785.3455,9892.67275,11.0,1.0,0.0,0.5,1
C106052,40,1,11641.03,11641.03,8.0,2.0,0.0,0.0,0
C109116,108,2,37073.804000000004,18536.902000000002,11.0,5.0,0.0,0.5,1
C106100,33,4,63948.866,15987.2165,6.0,0.0,0.0,0.25,0
C109391,291,1,16422.96,16422.96,12.0,3.0,0.0,0.0,1
C105298,28,2,71163.3695,35581.68475,8.0,2.0,0.0,1.0,0
C112255,257,2,60927.219,60927.219,10.0,3.0,1.0,1.0,1
C109189,121,2,31646.9505,15823.47525,6.0,3.0,0.0,1.0,1
C113058,12,1,63924.873,63924.873,4.0,0.0,1.0,1.0,0
C106320,682,1,15214.51,15214.51,5.0,1.0,0.0,0.0,1
C105363,429,1,7284.56,7284.56,6.0,1.0,0.0,0.0,1
C107026,16,1,14057.9035,14057.9035,12.0,4.0,0.0,1.0,0
C107547,181,2,56667.741,28333.8705,6.0,2.0,1.0,0.5,1
C100519,493,1,4342.536,4342.536,14.0,5.0,0.0,1.0,1
C102729,13,2,20767.490999999998,10383.745499999999,20.0,8.0,0.0,1.0,0
C100992,67,4,45211.235,11302.80875,4.0,2.0,1.0,0.75,0
C113505,423,1,14297.920000000002,14297.920000000002,13.0,3.0,0.0,1.0,1
C103059,46,1,17173.61,17173.61,6.0,2.0,0.0,0.0,0
C103200,327,1,12463.962,12463.962,6.0,0.0,0.0,1.0,1
C110419,4,1,15807.525,15807.525,10.0,2.0,0.0,1.0,0
C109713,361,1,25868.672,25868.672,10.0,1.0,0.0,1.0,1
C113222,340,1,3983.3600000000006,3983.3600000000006,6.0,4.0,0.0,1.0,1
C112800,0,3,110754.68599999999,36918.22866666667,2.0,1.0,0.0,0.3333333333333333,0
C109963,124,2,40858.376000000004,20429.188000000002,5.0,1.0,0.0,1.0,1
C104102,873,1,5082.994000000001,5082.994000000001,5.0,1.0,1.0,1.0,1
C106750,100,2,50574.7605,25287.380249999995,7.0,2.0,0.0,1.0,1
C110399,25,1,4713.4965,4713.4965,9.0,6.0,0.0,1.0,0
C114781,317,1,10117.49,10117.49,13.0,1.0,0.0,0.0,1
C100718,176,1,11814.169999999998,11814.169999999998,14.0,5.0,1.0,0.0,1
C105364,147,3,64941.117,21647.039,6.0,3.0,0.0,0.6666666666666666,1
C103451,73,3,82376.764,27458.921333333332,8.0,1.0,1.0,0.3333333333333333,0
C112390,4,3,39901.5515,13300.517166666667,12.0,5.0,0.0,0.6666666666666666,0
C107935,416,1,3441.0240000000003,3441.0240000000003,10.0,2.0,0.0,1.0,1
C102444,579,1,5092.6720000000005,5092.6720000000005,8.0,3.0,0.0,1.0,1
C102963,120,2,56512.9065,28256.45325,10.0,3.0,0.0,0.5,1
C110670,72,2,63877.176999999996,31938.588499999998,10.0,4.0,0.0,0.5,0
C106415,77,1,21229.95,21229.95,7.0,2.0,0.0,0.0,0
C112393,409,1,2418.62,2418.62,8.0,1.0,1.0,0.0,1
C105838,18,2,59666.888000000006,29833.444,7.0,2.0,1.0,0.5,0
C103909,60,2,47483.5165,23741.75825,12.0,4.0,1.0,0.5,0
C111412,8,1,36074.05,36074.05,7.0,3.0,0.0,0.0,0
C100313,237,2,53394.53600000001,26697.268,6.0,1.0,0.0,0.5,1
C113133,35,2,26949.42,13474.710000000001,11.0,3.0,0.0,0.5,0
C100268,150,1,11986.296000000002,11986.296000000002,6.0,1.0,0.0,1.0,1
C103543,195,1,11816.0335,11816.0335,7.0,1.0,0.0,1.0,1
C112977,6,1,18184.92,18184.92,9.0,0.0,0.0,0.0,0
C101467,274,1,4601.313,4601.313,9.0,3.0,0.0,1.0,1
C111256,208,1,11847.0,11847.0,10.0,1.0,0.0,0.0,1
C112247,57,1,3105.585,3105.585,14.0,3.0,0.0,1.0,0
C101130,203,1,74019.38,74019.38,9.0,4.0,0.0,0.0,1
C102918,34,1,21938.9,21938.9,6.0,3.0,0.0,0.0,0
C103824,544,1,24850.39,24850.39,6.0,2.0,0.0,0.0,1
C112992,2,2,15638.283,7819.141500000001,11.0,1.0,0.0,0.5,0
C111363,50,1,30187.8365,30187.8365,7.0,2.0,0.0,1.0,0
C109892,196,1,5983.02,5983.02,6.0,0.0,0.0,0.0,1
C113119,140,1,8121.17,8121.17,5.0,0.0,0.0,0.0,1
C111939,112,1,43084.359,43084.359,11.0,3.0,1.0,1.0,1
C110925,-1,1,14240.93,14240.93,7.0,4.0,0.0,0.0,0
C105264,510,1,5627.968000000001,5627.968000000001,5.0,0.0,0.0,1.0,1
C101065,703,1,22340.32,22340.32,7.0,2.0,0.0,0.0,1
C113252,186,2,36498.8,18249.4,9.0,1.0,0.0,0.0,1
C113135,339,1,20080.587,20080.587,8.0,2.0,0.0,1.0,1
C114885,338,4,45008.016,11252.004,8.0,0.0,1.0,0.5,1
C101874,535,3,65584.27100000001,21861.42366666667,10.0,4.0,1.0,0.6666666666666666,1
C107605,20,1,30132.873,30132.873,12.0,3.0,0.0,1.0,0
C113044,16,3,45389.4155,15129.805166666667,5.0,3.0,1.0,0.6666666666666666,0
C113364,86,1,1693.59,1693.59,10.0,1.0,0.0,0.0,0
C104619,723,1,65942.23,65942.23,7.0,3.0,1.0,0.0,1
C106036,159,1,10111.56,10111.56,10.0,3.0,1.0,1.0,1
C108879,214,1,20945.13,20945.13,6.0,4.0,0.0,0.0,1
C102623,65,1,16018.596,16018.596,8.0,1.0,0.0,1.0,0
C103069,72,1,5794.35,5794.35,13.0,1.0,0.0,0.0,0
C104396,0,2,42483.14,21241.57,10.0,2.0,1.0,0.0,0
C102974,-1,2,27995.65,13997.825,4.0,0.0,1.0,0.0,0
C110275,346,1,4718.2225,4718.2225,11.0,2.0,0.0,1.0,1
C107140,118,1,16568.658,16568.658,5.0,1.0,0.0,1.0,1
C110390,287,1,16875.249,16875.249,6.0,1.0,0.0,1.0,1
C111653,524,1,9991.08,9991.08,7.0,0.0,0.0,0.0,1
C109652,484,1,22087.674000000003,22087.674000000003,5.0,2.0,0.0,1.0,1
C103133,315,1,17599.2,17599.2,10.0,4.0,1.0,0.0,1
C105723,42,3,23137.85,7712.616666666666,6.0,3.0,1.0,0.0,0
C106833,201,2,45625.458,22812.729,11.0,4.0,0.0,1.0,1
C100025,162,2,41245.1,20622.550000000003,7.0,3.0,0.0,0.0,1
C101529,459,1,6784.392,6784.392,7.0,2.0,0.0,1.0,1
C104749,277,2,33227.212,16613.606,6.0,2.0,0.0,0.5,1
C103551,216,2,22420.87,11210.435000000001,5.0,1.0,0.0,0.0,1
C103680,58,3,76293.696,25431.232,18.0,6.0,1.0,1.0,0
C112060,36,2,47297.88,23648.940000000002,9.0,0.0,1.0,0.5,0
C103664,75,1,4196.637,4196.637,6.0,2.0,0.0,1.0,0
C111601,459,1,59749.56,59749.56,10.0,2.0,0.0,0.0,1
C104992,264,1,0.0,0.0,11.0,3.0,0.0,1.0,1
C105701,429,1,22066.29,22066.29,11.0,1.0,0.0,1.0,1
C105971,390,1,22009.301999999996,22009.301999999996,10.0,2.0,0.0,1.0,1
C111495,274,4,79938.53700000001,19984.634250000003,10.0,3.0,1.0,0.75,1
C108248,345,2,33576.7,16788.35,10.0,1.0,0.0,0.0,1
C111641,72,1,3191.36,3191.36,8.0,1.0,0.0,0.0,0
C108694,539,1,488.26,488.26,6.0,2.0,0.0,0.0,1
C101653,448,1,16679.95,16679.95,11.0,2.0,0.0,0.0,1
C100330,334,1,21808.52,21808.52,10.0,4.0,0.0,0.0,1
C111295,176,1,42612.630000000005,42612.630000000005,6.0,2.0,0.0,1.0,1
C107896,320,4,75420.988,18855.247,11.0,0.0,1.0,1.0,1
C114216,135,3,20802.167999999998,6934.056,5.0,2.0,1.0,1.0,1
C107034,259,1,46919.388499999994,46919.388499999994,9.0,3.0,0.0,1.0,1
C110374,477,1,22645.510000000002,22645.510000000002,8.0,1.0,0.0,0.0,1
C101533,-1,2,45181.623999999996,22590.811999999998,3.0,1.0,1.0,0.5,0
C101951,253,1,25378.47,25378.47,5.0,3.0,0.0,0.0,1
C108395,587,1,18254.064000000002,18254.064000000002,11.0,3.0,0.0,1.0,1
C112057,672,1,13597.112000000001,13597.112000000001,9.0,1.0,0.0,1.0,1
C111252,811,1,26596.57,26596.57,6.0,0.0,0.0,0.0,1
C105249,300,1,1454.4,1454.4,3.0,0.0,0.0,0.0,1
C105224,4,1,2512.24,2512.24,3.0,0.0,0.0,0.0,0
C113466,83,2,36817.616,18408.808,6.0,1.0,0.0,0.5,0
C109790,799,1,15660.45,15660.45,6.0,1.0,0.0,0.0,1
C107476,141,1,6779.906,6779.906,11.0,4.0,0.0,1.0,1
C113122,59,2,4174.891,2087.4455,12.0,3.0,0.0,0.5,0
C110658,844,3,70190.44,23396.813333333335,8.0,0.0,1.0,1.0,1
C103547,15,1,3774.64,3774.64,6.0,1.0,0.0,0.0,0
C100919,30,1,3904.0629999999996,3904.0629999999996,7.0,1.0,0.0,1.0,0
C104048,286,1,6231.146,6231.146,12.0,2.0,0.0,1.0,1
C108060,1,2,37665.132,18832.566,6.0,1.0,0.0,0.5,0
C101245,11,4,60342.192,15085.548,9.0,1.0,0.0,0.75,0
C110812,649,1,12770.119499999999,12770.119499999999,5.0,2.0,0.0,1.0,1
C113770,24,1,2926.2865,2926.2865,6.0,2.0,0.0,1.0,0
C109833,0,2,36153.596000000005,18076.798000000003,7.0,3.0,0.0,1.0,0
C107280,256,2,4963.362499999999,2481.6812499999996,12.0,4.0,0.0,1.0,1
C113741,133,3,65207.729999999996,21735.91,9.0,2.0,0.0,0.0,1
C108369,40,1,34018.11,34018.11,10.0,1.0,0.0,0.0,0
C106296,175,1,23679.780000000002,23679.780000000002,9.0,4.0,0.0,0.0,1
C106438,-1,1,17918.519999999997,17918.519999999997,9.0,4.0,0.0,1.0,0
C109521,480,1,13797.28,13797.28,12.0,3.0,0.0,0.0,1
C102876,13,2,37056.852,18528.426,5.0,2.0,0.0,0.5,0
C112927,300,1,10865.52,10865.52,7.0,2.0,0.0,0.0,1
C100424,148,3,28119.35,9373.116666666667,5.0,3.0,0.0,1.0,1
C107384,204,1,13987.3725,13987.3725,9.0,4.0,0.0,1.0,1
C107610,378,1,12993.14,12993.14,15.0,4.0,0.0,0.0,1
C114406,643,1,73714.17,73714.17,6.0,2.0,0.0,0.0,1
C106086,99,1,13078.7925,13078.7925,7.0,0.0,0.0,1.0,1
C101916,768,1,12088.21,12088.21,5.0,4.0,0.0,0.0,1
C112651,122,1,11739.19,11739.19,6.0,2.0,0.0,0.0,1
C109358,37,2,50994.1095,25497.05475,6.0,1.0,0.0,1.0,0
C101606,98,1,15063.664,15063.664,7.0,0.0,1.0,1.0,1
C114017,99,1,9086.634,9086.634,6.0,2.0,0.0,1.0,1
C113114,40,2,23670.153000000002,11835.076500000001,14.0,4.0,0.0,1.0,0
C102413,12,2,50486.798500000004,25243.399250000002,5.0,0.0,1.0,0.5,0
C112183,545,1,50224.259999999995,50224.259999999995,9.0,1.0,0.0,0.0,1
C111765,439,1,13614.048000000003,13614.048000000003,7.0,2.0,0.0,1.0,1
C114381,3,1,22744.688000000002,22744.688000000002,5.0,0.0,1.0,1.0,0
C100955,112,2,40479.119999999995,20239.559999999998,8.0,5.0,0.0,0.0,1
C101693,37,2,54130.547,27065.2735,6.0,0.0,1.0,0.5,0
C100936,312,2,7633.738,3816.869,7.0,1.0,0.0,0.5,1
C104006,146,1,57866.231999999996,57866.231999999996,8.0,2.0,0.0,1.0,1
C105339,251,1,24847.795,24847.795,9.0,0.0,0.0,1.0,1
C103012,27,1,20017.38,20017.38,5.0,0.0,0.0,0.0,0
C106205,175,1,20190.856,20190.856,7.0,1.0,0.0,1.0,1
C105331,227,3,52386.6075,17462.2025,7.0,3.0,0.0,0.3333333333333333,1
C112476,121,2,78606.5835,39303.29175,7.0,4.0,1.0,0.5,1
C102816,421,1,43368.53600000001,43368.53600000001,9.0,4.0,0.0,1.0,1
C108885,806,1,40635.84,40635.84,7.0,2.0,1.0,0.0,1
C102127,55,4,82066.162,20516.540500000003,10.0,1.0,0.0,0.25,0
C107978,784,1,12356.082,12356.082,10.0,2.0,0.0,1.0,1
C107354,53,1,20447.23,20447.23,11.0,2.0,1.0,0.0,0
C111704,11,2,60269.585,30134.792500000003,7.0,1.0,0.0,0.5,0
C104080,2,1,8036.525,8036.525,9.0,1.0,0.0,1.0,0
C106457,3,4,67129.9485,16782.487125,6.0,1.0,1.0,0.75,0
C110873,97,1,23623.712,23623.712,7.0,1.0,0.0,1.0,1
C113610,101,2,70374.7965,35187.39825,6.0,2.0,1.0,1.0,1
C106754,84,1,54436.78800000001,54436.78800000001,6.0,3.0,1.0,1.0,0
C105941,166,1,6015.75,6015.75,12.0,3.0,0.0,0.0,1
C111497,208,1,47225.475000000006,47225.475000000006,4.0,1.0,1.0,1.0,1
C114315,699,1,27517.148999999998,27517.148999999998,9.0,1.0,0.0,1.0,1
C113641,253,1,3763.1795,3763.1795,10.0,3.0,0.0,1.0,1
C101796,40,3,71195.66,23731.88666666667,8.0,1.0,1.0,0.0,0
C102296,302,1,18447.878999999997,18447.878999999997,9.0,1.0,0.0,1.0,1
C101401,109,1,16147.31,16147.31,7.0,3.0,0.0,0.0,1
C102396,328,2,6818.6900000000005,3409.3450000000003,10.0,3.0,0.0,1.0,1
C107960,81,1,12998.289999999999,12998.289999999999,4.0,3.0,0.0,0.0,0
C109125,36,3,51967.73299999999,17322.577666666668,11.0,3.0,0.0,0.6666666666666666,0
C111987,342,1,13670.23,13670.23,10.0,1.0,0.0,0.0,1
C113899,163,1,55794.6,55794.6,5.0,1.0,1.0,0.0,1
C106088,45,1,10790.31,10790.31,7.0,4.0,0.0,0.0,0
C112697,46,2,61678.111999999994,30839.055999999997,5.0,4.0,0.0,0.5,0
C109008,687,1,8687.760000000002,8687.760000000002,6.0,1.0,0.0,1.0,1
C112649,40,3,67144.443,22381.481,18.0,3.0,0.0,0.6666666666666666,0
C101860,199,1,42920.1165,42920.1165,12.0,4.0,0.0,1.0,1
C109435,302,1,27049.84,27049.84,12.0,5.0,1.0,0.0,1
C103281,4,2,13024.57,6512.285,10.0,3.0,0.0,0.0,0
C109574,262,3,73561.42599999999,24520.475333333332,6.0,4.0,1.0,0.6666666666666666,1
C114232,141,1,22009.928,22009.928,14.0,4.0,0.0,1.0,1
C103179,104,2,25087.791,12543.8955,13.0,1.0,0.0,0.5,1
C106454,21,3,23338.103499999997,7779.367833333333,8.0,1.0,1.0,0.6666666666666666,0
C114416,304,2,26610.116,13305.058,8.0,3.0,0.0,0.5,1
C106172,59,1,8341.34,8341.34,10.0,2.0,0.0,0.0,0
C104874,47,1,6121.7429999999995,6121.7429999999995,10.0,4.0,0.0,1.0,0
C105833,248,2,48387.998999999996,24193.999499999998,9.0,2.0,3.0,0.5,1
C110916,50,2,76272.79,38136.395000000004,9.0,5.0,1.0,0.5,0
C103996,73,4,46005.806,11501.4515,5.0,0.0,1.0,0.25,0
C106621,65,2,21676.2365,10838.118250000001,7.0,1.0,1.0,1.0,0
C107585,384,1,14931.457,14931.457,9.0,2.0,0.0,1.0,1
C108530,51,1,44771.130000000005,44771.130000000005,9.0,2.0,0.0,0.0,0
C103084,899,2,103673.094,51836.547,8.0,1.0,0.0,0.5,1
C101260,316,1,8448.021,8448.021,8.0,2.0,0.0,1.0,1
C109108,14,1,9312.99,9312.99,4.0,2.0,0.0,0.0,0
C114572,814,1,5045.504,5045.504,7.0,1.0,1.0,1.0,1
C105878,135,1,6317.6675,6317.6675,7.0,2.0,0.0,1.0,1
C111864,17,2,49645.488,24822.744,5.0,1.0,0.0,0.5,0
C106101,56,4,159326.29499999998,39831.57375,5.0,1.0,2.0,0.5,0
C102561,263,1,44527.212,44527.212,4.0,2.0,1.0,1.0,1
C111190,151,1,6355.3099999999995,6355.3099999999995,7.0,2.0,0.0,1.0,1
C107150,429,1,64877.03999999999,64877.03999999999,10.0,3.0,0.0,0.0,1
C103615,5,2,24795.663999999997,12397.831999999999,9.0,3.0,1.0,1.0,0
C113120,382,1,23464.4395,23464.4395,21.0,6.0,0.0,1.0,1
C107199,82,1,3263.87,3263.87,7.0,4.0,0.0,0.0,0
C110686,421,1,21971.699999999997,21971.699999999997,9.0,3.0,0.0,0.0,1
C103946,38,1,14346.56,14346.56,11.0,3.0,0.0,0.0,0
C101301,301,1,51741.56800000001,51741.56800000001,7.0,0.0,0.0,1.0,1
C108873,362,1,7854.416499999999,7854.416499999999,5.0,1.0,0.0,1.0,1
C102928,69,2,35560.744000000006,17780.372000000003,5.0,1.0,0.0,1.0,0
C110855,296,1,19189.048000000003,19189.048000000003,13.0,4.0,0.0,1.0,1
C107019,22,1,28075.75,28075.75,11.0,2.0,1.0,0.0,0
C103280,318,2,38793.52,19396.760000000002,11.0,2.0,0.0,0.5,1
C104453,15,1,6632.93,6632.93,3.0,2.0,0.0,0.0,0
C113520,156,1,24061.09,24061.09,13.0,4.0,0.0,0.0,1
C111328,338,3,77517.516,25839.172000000002,6.0,3.0,2.0,0.6666666666666666,1
C112017,606,1,20006.75,20006.75,9.0,3.0,0.0,0.0,1
C110559,264,1,2231.7019999999998,2231.7019999999998,10.0,1.0,0.0,1.0,1
C106912,72,3,36670.01,12223.336666666668,7.0,2.0,0.0,0.3333333333333333,0
C111494,171,1,8833.556,8833.556,10.0,3.0,0.0,1.0,1
C106905,198,2,46013.3,23006.649999999998,7.0,3.0,0.0,0.0,1
C113188,87,1,8806.44,8806.44,8.0,1.0,0.0,0.0,0
C110962,437,1,13525.268,13525.268,7.0,2.0,1.0,1.0,1
C103155,133,1,37414.6385,37414.6385,10.0,2.0,0.0,1.0,1
C106692,45,3,53751.727,17917.24233333333,7.0,1.0,2.0,0.3333333333333333,0
C110590,339,1,15410.975999999999,15410.975999999999,8.0,3.0,0.0,1.0,1
C113890,790,1,7261.232,7261.232,8.0,1.0,0.0,1.0,1
C110941,364,1,33603.696,33603.696,7.0,2.0,0.0,1.0,1
C114394,270,1,18721.53,18721.53,10.0,3.0,0.0,0.0,1
C112007,1054,1,71195.24,71195.24,13.0,3.0,0.0,0.0,1
C101956,60,2,10666.805,5333.4025,13.0,2.0,0.0,0.5,0
C102059,371,1,8563.13,8563.13,3.0,0.0,0.0,0.0,1
C113584,38,2,49071.82400000001,24535.912,8.0,2.0,0.0,1.0,0
C103744,166,1,20587.288999999997,20587.288999999997,8.0,2.0,0.0,1.0,1
C110076,936,1,14749.68,14749.68,11.0,2.0,0.0,0.0,1
C103611,566,1,16636.1435,16636.1435,13.0,5.0,0.0,1.0,1
C112979,92,1,13445.658000000001,13445.658000000001,8.0,3.0,0.0,1.0,1
C104693,144,1,14685.48,14685.48,6.0,1.0,0.0,0.0,1
C103493,86,1,21583.619999999995,21583.619999999995,13.0,5.0,1.0,1.0,0
C114357,225,1,5011.4,5011.4,7.0,3.0,0.0,0.0,1
C112956,119,1,8122.04,8122.04,11.0,3.0,0.0,0.0,1
C100847,394,1,22008.118,22008.118,7.0,2.0,1.0,1.0,1
C106500,648,2,6172.112999999999,3086.0564999999997,10.0,3.0,0.0,0.5,1
C110767,7,2,32237.098,16118.548999999999,4.0,1.0,0.0,0.5,0
C107631,615,1,11712.663,11712.663,9.0,4.0,0.0,1.0,1
C114893,300,1,14438.032000000001,14438.032000000001,5.0,2.0,0.0,1.0,1
C104004,291,1,20925.2225,20925.2225,10.0,2.0,0.0,1.0,1
C100885,18,1,33400.26,33400.26,7.0,1.0,0.0,0.0,0
C106010,49,2,49736.742,24868.371,8.0,1.0,1.0,0.5,0
C100581,593,3,94754.808,31584.935999999998,9.0,3.0,2.0,0.3333333333333333,1
C107646,45,1,5166.76,5166.76,6.0,1.0,0.0,0.0,0
C101112,267,3,31424.65,10474.883333333333,8.0,1.0,0.0,0.0,1
C103546,205,1,27974.042,27974.042,9.0,5.0,0.0,1.0,1
C102922,797,2,36261.3,18130.65,9.0,5.0,1.0,0.0,1
C103539,608,1,13983.021,13983.021,7.0,1.0,1.0,1.0,1
C105509,293,1,23290.101000000002,23290.101000000002,15.0,2.0,0.0,1.0,1
C106609,242,1,173.25,173.25,5.0,1.0,0.0,1.0,1
C114722,235,1,72404.887,72404.887,9.0,2.0,0.0,1.0,1
C106707,109,2,27951.0535,13975.52675,8.0,2.0,0.0,0.5,1
C109066,357,1,59002.26400000001,59002.26400000001,12.0,1.0,0.0,1.0,1
C102511,32,2,15156.449,7578.2245,8.0,2.0,0.0,1.0,0
C114571,59,2,54036.21,27018.105,7.0,1.0,0.0,0.0,0
C113431,264,1,38207.5,38207.5,4.0,2.0,0.0,0.0,1
C111388,35,1,0.0,0.0,12.0,5.0,0.0,1.0,0
C114816,964,2,23056.644500000002,11528.322250000001,5.0,0.0,0.0,1.0,1
C105346,761,1,9345.716999999999,9345.716999999999,3.0,0.0,0.0,1.0,1
C109810,121,1,39768.084,39768.084,3.0,2.0,0.0,1.0,1
C106736,6,1,4502.64,4502.64,11.0,2.0,0.0,0.0,0
C108914,148,4,80562.7175,20140.679375,8.0,2.0,0.0,0.5,1
C108605,641,1,23778.4,23778.4,12.0,2.0,0.0,1.0,1
C113040,35,3,38595.9795,12865.326500000001,8.0,2.0,0.0,1.0,0
C102265,41,1,2600.0074999999997,2600.0074999999997,12.0,1.0,0.0,1.0,0
C102892,384,1,41392.03,41392.03,12.0,5.0,1.0,0.0,1
C102130,139,2,53643.1005,26821.55025,8.0,3.0,0.0,0.5,1
C103578,333,1,13259.817000000001,13259.817000000001,10.0,0.0,1.0,1.0,1
C100124,46,1,15828.425,15828.425,8.0,1.0,0.0,1.0,0
C106027,16,1,12721.856,12721.856,9.0,2.0,0.0,1.0,0
C113802,459,2,30292.3,15146.15,7.0,2.0,0.0,0.0,1
C108157,103,3,114759.2625,38253.0875,6.0,1.0,3.0,0.6666666666666666,1
C110363,30,2,44022.411,22011.205500000004,9.0,2.0,0.0,0.5,0
C101558,935,1,72871.497,72871.497,11.0,2.0,1.0,1.0,1
C107894,358,1,5530.42,5530.42,6.0,3.0,0.0,0.0,1
C114891,437,1,4795.75,4795.75,5.0,1.0,1.0,0.0,1
C114763,504,1,14471.735999999999,14471.735999999999,7.0,1.0,0.0,1.0,1
C114092,20,3,49022.492,16340.830666666667,11.0,5.0,2.0,0.6666666666666666,0
C102516,35,4,157473.70799999998,39368.426999999996,5.0,1.0,0.0,0.5,0
C111689,129,2,55299.666,27649.833,7.0,1.0,1.0,0.5,1
C107773,244,1,24478.803,24478.803,6.0,3.0,0.0,1.0,1
C114329,326,1,28478.85,28478.85,8.0,0.0,0.0,0.0,1
C100209,132,1,10606.901999999998,10606.901999999998,13.0,7.0,1.0,1.0,1
C113518,139,3,31987.1925,10662.397500000001,13.0,5.0,0.0,0.3333333333333333,1
C114801,3,1,5943.2880000000005,5943.2880000000005,9.0,0.0,0.0,1.0,0
C112349,531,2,61869.020000000004,30934.510000000002,9.0,3.0,0.0,0.0,1
C114799,70,2,52574.326,26287.163,6.0,1.0,0.0,1.0,0
C110123,276,1,27754.7155,27754.7155,7.0,3.0,0.0,1.0,1
C104441,9,1,18925.785499999998,18925.785499999998,16.0,7.0,0.0,1.0,0
C109589,156,2,36895.770000000004,18447.885000000002,3.0,2.0,0.0,0.0,1
C102048,26,1,92460.5,92460.5,7.0,2.0,1.0,0.0,0
C110083,956,1,18323.334000000003,18323.334000000003,11.0,1.0,0.0,1.0,1
C112547,167,4,88062.454,22015.6135,4.0,1.0,0.0,0.75,1
C107803,44,3,98070.514,32690.171333333332,4.0,1.0,1.0,0.3333333333333333,0
C100671,588,1,19444.13,19444.13,10.0,3.0,0.0,0.0,1
C114013,343,1,42184.218,42184.218,10.0,2.0,0.0,1.0,1
C111807,428,3,81555.272,27185.090666666667,6.0,1.0,1.0,0.3333333333333333,1
C114413,142,1,10669.44,10669.44,5.0,0.0,0.0,0.0,1
C110316,82,1,330.32,330.32,4.0,1.0,0.0,0.0,0
C101291,0,2,28325.250999999997,14162.625499999998,9.0,5.0,0.0,1.0,0
C114771,20,4,64165.188,16041.296999999999,7.0,2.0,0.0,0.75,0
C109718,164,4,94229.187,23557.29675,9.0,2.0,1.0,0.5,1
C114857,15,1,17407.66,17407.66,8.0,3.0,0.0,0.0,0
C100859,80,1,13262.823,13262.823,12.0,3.0,0.0,1.0,0
C100247,275,1,17119.627,17119.627,7.0,2.0,0.0,1.0,1
C109092,3,1,21121.13,21121.13,14.0,4.0,0.0,0.0,0
C104511,139,2,39171.932,19585.966,9.0,5.0,0.0,0.5,1
C112603,15,1,4002.4480000000003,4002.4480000000003,7.0,2.0,0.0,1.0,0
C103457,127,3,138252.93050000002,46084.31016666667,7.0,1.0,1.0,0.3333333333333333,1
C112886,570,2,154917.062,77458.53099999999,12.0,3.0,0.0,0.5,1
C105788,452,1,20332.203999999998,20332.203999999998,8.0,1.0,0.0,1.0,1
C103021,178,2,32646.129999999997,16323.064999999999,9.0,2.0,0.0,0.0,1
C104213,144,1,14525.6,14525.6,8.0,1.0,0.0,0.0,1
C113512,316,1,10799.318,10799.318,9.0,5.0,0.0,1.0,1
C112996,26,1,41500.7,41500.7,8.0,2.0,1.0,0.0,0
C112469,107,2,49617.407999999996,24808.703999999998,5.0,3.0,1.0,0.5,1
C109469,234,1,71887.564,71887.564,10.0,1.0,0.0,1.0,1
C106075,317,1,3505.9770000000003,3505.9770000000003,17.0,2.0,0.0,1.0,1
C110519,62,1,11436.824,11436.824,8.0,2.0,1.0,1.0,0
C103806,422,1,9013.33,9013.33,14.0,3.0,0.0,0.0,1
C101240,422,1,15367.2,15367.2,10.0,2.0,0.0,1.0,1
C105359,155,1,12881.36,12881.36,7.0,1.0,0.0,0.0,1
C103137,214,1,21551.184,21551.184,8.0,4.0,0.0,1.0,1
C103586,370,2,85528.471,42764.2355,8.0,2.0,2.0,1.0,1
C102133,559,1,19115.51,19115.51,3.0,1.0,0.0,0.0,1
C102034,269,4,198569.276,49642.319,8.0,3.0,2.0,0.5,1
C102577,150,1,12549.555,12549.555,8.0,0.0,0.0,1.0,1
C111079,254,1,11494.352,11494.352,13.0,4.0,0.0,1.0,1
C102610,69,1,6739.68,6739.68,9.0,3.0,0.0,0.0,0
C111927,83,2,29866.674,14933.337,10.0,1.0,1.0,0.5,0
C113391,8,2,52153.634999999995,26076.817499999997,7.0,3.0,1.0,0.5,0
C110795,219,2,26351.513,13175.7565,11.0,5.0,1.0,0.5,1
C112405,734,1,74564.265,74564.265,8.0,0.0,1.0,1.0,1
C105336,22,3,72695.297,24231.76566666667,6.0,0.0,0.0,0.6666666666666666,0
C107021,426,1,14657.13,14657.13,4.0,1.0,0.0,0.0,1
C112027,134,1,12440.556,12440.556,12.0,4.0,1.0,1.0,1
C113368,219,3,71774.16,23924.72,11.0,1.0,0.0,0.3333333333333333,1
C109673,0,2,22225.828,11112.914,9.0,2.0,0.0,0.5,0
C114148,435,2,20692.017,10346.0085,13.0,4.0,0.0,1.0,1
C111606,60,1,23710.68,23710.68,8.0,1.0,1.0,0.0,0
C114121,152,1,15548.584,15548.584,9.0,2.0,0.0,1.0,1
C113875,364,1,24173.3,24173.3,5.0,1.0,0.0,0.0,1
C103828,277,1,21887.62,21887.62,10.0,3.0,1.0,0.0,1
C111385,140,1,4462.1900000000005,4462.1900000000005,8.0,2.0,0.0,0.0,1
C105742,242,2,38911.55,19455.774999999998,10.0,2.0,0.0,0.0,1
C107512,204,1,20891.7445,20891.7445,13.0,3.0,0.0,1.0,1
C101372,142,1,10594.071,10594.071,8.0,0.0,0.0,1.0,1
C106587,257,1,507.11,507.11,11.0,3.0,0.0,0.0,1
C114167,234,1,19185.78,19185.78,7.0,0.0,0.0,0.0,1
C100108,728,1,4815.063,4815.063,6.0,1.0,1.0,1.0,1
C101272,74,2,66451.5915,33225.795750000005,11.0,4.0,0.0,1.0,0
C114305,22,1,30886.418999999998,30886.418999999998,6.0,0.0,0.0,1.0,0
C114888,214,1,46273.664,46273.664,5.0,1.0,1.0,1.0,1
C112604,354,1,1907.619,1907.619,9.0,2.0,0.0,1.0,1
C113901,68,1,10075.457999999999,10075.457999999999,12.0,2.0,0.0,1.0,0
C105721,685,1,4384.94,4384.94,4.0,1.0,0.0,0.0,1
C100589,27,2,36462.753,18231.376500000002,6.0,1.0,1.0,1.0,0
C114615,154,1,16031.47,16031.47,11.0,3.0,0.0,0.0,1
C114422,259,1,48567.05,48567.05,4.0,0.0,1.0,0.0,1
C104205,6,2,46059.192,23029.596,7.0,2.0,1.0,1.0,0
C103706,191,1,15386.6845,15386.6845,10.0,2.0,0.0,1.0,1
C107143,252,1,31040.49,31040.49,11.0,0.0,0.0,1.0,1
C114019,98,1,44745.96,44745.96,15.0,3.0,1.0,0.0,1
C104627,178,1,17334.39,17334.39,8.0,4.0,0.0,0.0,1
C110307,83,1,18457.444,18457.444,12.0,5.0,1.0,1.0,0
C104465,282,2,60216.464,30108.232,9.0,4.0,0.0,1.0,1
C111679,3,1,9786.456,9786.456,7.0,0.0,0.0,1.0,0
C109877,43,1,4144.93,4144.93,12.0,2.0,0.0,0.0,0
C111768,711,1,8955.43,8955.43,5.0,2.0,0.0,0.0,1
C111617,524,1,22991.24,22991.24,11.0,1.0,0.0,1.0,1
C109274,267,1,30901.086000000003,30901.086000000003,8.0,1.0,0.0,1.0,1
C108158,87,4,54482.8045,13620.701125,8.0,2.0,0.0,0.75,0
C112575,121,1,3404.6155,3404.6155,8.0,1.0,0.0,1.0,1
C101188,115,1,16836.9,16836.9,9.0,1.0,0.0,0.0,1
C109600,488,1,3977.3120000000004,3977.3120000000004,9.0,1.0,0.0,1.0,1
C100994,750,1,55831.43,55831.43,8.0,2.0,2.0,0.0,1
C102137,47,1,20390.76,20390.76,13.0,2.0,0.0,0.0,0
C107017,188,4,37070.866,9267.7165,6.0,1.0,1.0,1.0,1
C107958,13,3,88763.7505,29587.916833333333,7.0,2.0,0.0,1.0,0
C112591,347,2,43825.277,21912.6385,10.0,2.0,0.0,1.0,1
C104531,25,2,27325.802999999996,13662.9015,11.0,4.0,0.0,1.0,0
C105613,69,1,56519.167,56519.167,7.0,1.0,1.0,1.0,0
C111186,31,2,38511.4115,19255.70575,7.0,2.0,1.0,0.5,0
C108656,94,2,20097.7565,10048.878250000002,4.0,1.0,0.0,0.5,1
C110197,107,1,1353.45,1353.45,9.0,3.0,0.0,0.0,1
C111069,108,2,15744.869999999999,7872.4349999999995,8.0,3.0,0.0,0.0,1
C107022,22,1,54061.57,54061.57,14.0,4.0,0.0,0.0,0
C100521,44,2,64787.2055,32393.60275,6.0,2.0,0.0,1.0,0
C112383,-1,2,66761.558,33380.779,10.0,4.0,1.0,0.5,0
C114456,67,4,124021.1685,31005.292125,9.0,0.0,1.0,0.5,0
C103237,242,1,22587.704,22587.704,6.0,0.0,1.0,1.0,1
C109233,783,1,18467.116499999996,18467.116499999996,7.0,1.0,0.0,1.0,1
C107609,451,1,9916.623,9916.623,6.0,0.0,0.0,1.0,1
C100218,626,1,19186.99,19186.99,6.0,3.0,0.0,0.0,1
C114666,295,1,30539.22,30539.22,7.0,2.0,0.0,0.0,1
C109558,95,1,13948.52,13948.52,5.0,1.0,0.0,0.0,1
C111916,188,1,8032.8485,8032.8485,11.0,2.0,0.0,1.0,1
C111534,197,1,5419.728,5419.728,11.0,1.0,0.0,1.0,1
C108140,0,1,37257.557,37257.557,6.0,2.0,0.0,1.0,0
C102769,-1,2,32903.136,16451.568,9.0,3.0,1.0,1.0,0
C108447,125,1,10486.6415,10486.6415,6.0,3.0,0.0,1.0,1
C103712,203,2,16138.126,8069.063,6.0,2.0,0.0,0.5,1
C106570,404,2,60881.89,30440.945,4.0,0.0,0.0,0.5,1
C113543,231,2,68048.502,34024.251000000004,7.0,3.0,0.0,0.5,1
C103652,689,1,36839.520000000004,36839.520000000004,14.0,4.0,0.0,1.0,1
C105555,36,2,35699.49,17849.745,4.0,0.0,1.0,0.0,0
C104530,62,2,39903.146499999995,19951.573249999998,10.0,2.0,0.0,1.0,0
C102499,8,2,18982.65,9491.325,9.0,4.0,0.0,0.5,0
C104255,123,2,53676.659999999996,26838.33,13.0,3.0,0.0,0.0,1
C103342,177,4,49601.564,12400.391,8.0,4.0,2.0,0.75,1
C103873,49,1,9325.472,9325.472,7.0,3.0,0.0,1.0,0
C109528,427,2,34983.422999999995,17491.711499999998,14.0,3.0,0.0,1.0,1
C105819,157,1,13171.41,13171.41,11.0,4.0,1.0,0.0,1
C114250,85,1,28253.269999999997,28253.269999999997,18.0,2.0,0.0,0.0,0
C109442,241,2,22901.23,11450.615,6.0,1.0,0.0,0.0,1
C109954,55,1,18678.654000000002,18678.654000000002,5.0,4.0,1.0,1.0,0
C101779,317,3,89196.4815,29732.160499999998,8.0,2.0,0.0,0.6666666666666666,1
C108360,8,2,62494.36,31247.18,12.0,3.0,1.0,0.0,0
C111450,73,1,11900.799,11900.799,4.0,2.0,0.0,1.0,0
C101514,508,1,4318.7,4318.7,6.0,5.0,0.0,0.0,1
C112805,3,4,74491.389,18622.84725,9.0,3.0,0.0,0.5,0
C111266,145,1,10826.135499999999,10826.135499999999,5.0,1.0,0.0,1.0,1
C106836,669,1,46365.96,46365.96,3.0,0.0,0.0,0.0,1
C102278,51,3,95081.2105,31693.73683333333,5.0,1.0,0.0,0.3333333333333333,0
C100547,143,1,55812.47,55812.47,4.0,2.0,0.0,0.0,1
C111181,57,2,81315.678,40657.83900000001,14.0,3.0,0.0,1.0,0
C108762,142,1,1772.9360000000001,1772.9360000000001,4.0,2.0,0.0,1.0,1
C109492,870,1,9678.296,9678.296,6.0,3.0,1.0,1.0,1
C108023,36,1,14494.41,14494.41,13.0,3.0,0.0,0.0,0
C110240,403,1,2953.3165,2953.3165,16.0,6.0,0.0,1.0,1
C113961,73,1,15350.008,15350.008,12.0,3.0,0.0,1.0,0
C111786,26,2,20966.39,10483.195,7.0,4.0,1.0,0.0,0
C108037,478,2,59852.47,29926.234999999997,4.0,1.0,0.0,0.5,1
C112332,512,1,6020.29,6020.29,10.0,1.0,0.0,0.0,1
C101511,5,3,88493.668,29497.889333333336,9.0,3.0,1.0,0.6666666666666666,0
C114729,25,1,44569.41,44569.41,8.0,3.0,0.0,0.0,0
C111125,457,1,27235.911,27235.911,11.0,1.0,0.0,1.0,1
C110467,242,1,6118.291499999999,6118.291499999999,6.0,1.0,0.0,1.0,1
C114944,440,1,55630.06,55630.06,11.0,2.0,0.0,0.0,1
C109937,372,1,6422.28,6422.28,13.0,4.0,0.0,0.0,1
C112228,37,1,12191.786999999998,12191.786999999998,4.0,2.0,0.0,1.0,0
C104417,28,1,6071.958,6071.958,3.0,0.0,0.0,1.0,0
C102458,585,1,19869.39,19869.39,10.0,1.0,0.0,0.0,1
C106103,8,1,18502.13,18502.13,6.0,2.0,0.0,0.0,0
C114056,81,1,12726.704,12726.704,10.0,3.0,0.0,1.0,0
C107219,272,1,4450.398499999999,4450.398499999999,8.0,4.0,0.0,1.0,1
C114135,28,1,11212.55,11212.55,11.0,3.0,0.0,0.0,0
C111998,280,2,12545.48,6272.74,11.0,2.0,0.0,0.0,1
C111876,245,1,60236.8685,60236.8685,8.0,1.0,0.0,1.0,1
C111194,415,1,20459.559999999998,20459.559999999998,7.0,3.0,0.0,0.0,1
C102491,611,2,17936.576,8968.288,9.0,1.0,0.0,0.5,1
C100991,532,1,18932.645,18932.645,7.0,3.0,0.0,1.0,1
C103175,6,3,95439.42,31813.14,3.0,1.0,1.0,0.0,0
C107790,41,1,10693.232000000002,10693.232000000002,14.0,4.0,0.0,1.0,0
C110031,126,2,40020.96,20010.48,9.0,2.0,1.0,0.0,1
C103358,508,1,17595.567000000003,17595.567000000003,15.0,4.0,0.0,1.0,1
C102219,33,2,30366.459499999997,15183.229749999999,12.0,4.0,1.0,0.5,0
C111793,12,1,4881.240000000001,4881.240000000001,5.0,2.0,0.0,1.0,0
C106555,50,1,6395.831999999999,6395.831999999999,4.0,2.0,0.0,1.0,0
C108636,15,1,17023.13,17023.13,8.0,0.0,0.0,0.0,0
C111750,1,1,26058.566499999997,26058.566499999997,5.0,0.0,0.0,1.0,0
C110425,493,1,17520.9565,17520.9565,10.0,2.0,0.0,1.0,1
C113310,299,1,110273.36,110273.36,5.0,0.0,0.0,0.0,1
C104775,72,1,31277.29,31277.29,7.0,4.0,0.0,0.0,0
C110413,391,1,20901.3895,20901.3895,3.0,1.0,0.0,1.0,1
C103384,421,1,59624.812000000005,59624.812000000005,5.0,2.0,0.0,1.0,1
C102373,8,3,19686.432999999997,6562.144333333334,5.0,2.0,0.0,0.3333333333333333,0
C100911,186,3,127307.8175,42435.93916666667,12.0,5.0,1.0,0.3333333333333333,1
C105572,150,1,15905.39,15905.39,10.0,2.0,0.0,0.0,1
C110616,86,4,114003.2825,28500.820625,9.0,2.0,0.0,0.75,0
C104451,369,1,44862.72,44862.72,12.0,4.0,1.0,0.0,1
C105295,39,2,46092.978,23046.489,6.0,1.0,0.0,1.0,0
C113648,115,1,14673.510000000002,14673.510000000002,6.0,3.0,0.0,1.0,1
C101189,427,1,11304.439,11304.439,6.0,1.0,0.0,1.0,1
C111952,48,4,65870.45,16467.6125,7.0,2.0,0.0,0.0,0
C101809,617,1,35037.288,35037.288,6.0,1.0,0.0,1.0,1
C114075,672,1,22990.792,22990.792,11.0,5.0,0.0,1.0,1
C101199,11,2,26730.518,13365.259,8.0,0.0,0.0,0.5,0
C105860,88,2,105211.967,52605.9835,12.0,3.0,0.0,0.5,0
C107881,188,3,50592.428499999995,16864.14283333333,6.0,1.0,1.0,0.3333333333333333,1
C110862,276,1,41200.66,41200.66,7.0,4.0,0.0,0.0,1
C111727,0,3,92619.8665,30873.288833333336,6.0,2.0,0.0,0.3333333333333333,0
C101271,711,1,29266.7,29266.7,7.0,3.0,0.0,0.0,1
C105400,2,1,19606.49,19606.49,13.0,4.0,0.0,0.0,0
C106678,2,1,16025.169,16025.169,8.0,2.0,0.0,1.0,0
C100622,26,1,13864.19,13864.19,10.0,2.0,0.0,0.0,0
C103427,176,1,36713.1395,36713.1395,10.0,4.0,3.0,1.0,1
C102903,-1,3,110128.878,36709.626,9.0,2.0,1.0,0.3333333333333333,0
C104292,141,1,13943.32,13943.32,5.0,0.0,0.0,0.0,1
C109930,747,1,12826.806,12826.806,15.0,4.0,0.0,1.0,1
C110608,132,1,7208.51,7208.51,9.0,4.0,0.0,1.0,1
C103008,45,1,40238.3045,40238.3045,10.0,3.0,1.0,1.0,0
C101036,51,1,16563.62,16563.62,6.0,1.0,0.0,0.0,0
C108195,171,1,13203.61,13203.61,10.0,5.0,0.0,0.0,1
C109075,50,1,697.034,697.034,7.0,2.0,0.0,1.0,0
C106891,368,1,7281.04,7281.04,6.0,1.0,0.0,0.0,1
C107822,35,2,33318.6415,16659.32075,8.0,1.0,0.0,0.5,0
C113145,422,1,16459.496,16459.496,7.0,4.0,0.0,1.0,1
C101673,146,2,37887.3605,18943.68025,4.0,0.0,1.0,1.0,1
C106425,382,1,31704.620000000003,31704.620000000003,5.0,0.0,0.0,0.0,1
C104250,382,1,51423.174,51423.174,8.0,4.0,0.0,1.0,1
C102062,15,3,51374.488,17124.82933333333,5.0,0.0,0.0,1.0,0
C102203,121,2,32974.3845,16487.19225,3.0,2.0,0.0,1.0,1
C105579,70,2,41106.28,20553.140000000003,9.0,0.0,0.0,0.0,0
C111804,22,1,2877.55,2877.55,14.0,4.0,0.0,0.0,0
C114253,239,1,60581.76000000001,60581.76000000001,6.0,3.0,1.0,0.0,1
C105762,107,1,14605.96,14605.96,8.0,3.0,0.0,0.0,1
C101256,468,1,12122.77,12122.77,7.0,1.0,1.0,0.0,1
C108591,83,2,15843.307,7921.6535,2.0,0.0,0.0,1.0,0
C105193,195,2,61628.049,30814.0245,11.0,3.0,2.0,1.0,1
C100377,8,1,8002.75,8002.75,8.0,4.0,0.0,0.0,0
C104290,533,1,2452.77,2452.77,3.0,2.0,0.0,0.0,1
C113375,51,3,31544.009,10514.669666666667,9.0,5.0,0.0,1.0,0
C114355,558,1,30365.336000000003,30365.336000000003,10.0,2.0,0.0,1.0,1
C109533,302,1,19885.45,19885.45,3.0,1.0,0.0,0.0,1
C111429,904,1,3494.5625,3494.5625,7.0,2.0,0.0,1.0,1
C108624,645,1,3445.232,3445.232,3.0,1.0,0.0,1.0,1
C109134,230,3,77981.065,25993.688333333335,7.0,0.0,1.0,1.0,1
C105767,501,1,11321.0,11321.0,9.0,4.0,0.0,1.0,1
C101584,185,1,40808.259999999995,40808.259999999995,7.0,1.0,1.0,0.0,1
C111232,30,2,61460.554000000004,30730.277000000002,8.0,2.0,2.0,1.0,0
C114500,182,1,41405.229999999996,41405.229999999996,7.0,3.0,0.0,0.0,1
C104384,646,1,22357.592,22357.592,3.0,1.0,1.0,1.0,1
C103406,305,1,13563.606,13563.606,7.0,1.0,1.0,1.0,1
C108863,580,2,86984.575,43492.2875,10.0,2.0,0.0,0.5,1
C112723,203,4,44487.305,11121.826249999998,8.0,5.0,0.0,0.25,1
C106345,743,1,4949.0485,4949.0485,17.0,5.0,0.0,1.0,1
C107108,172,2,14363.2,7181.6,7.0,2.0,0.0,0.0,1
C110330,85,2,48951.774000000005,24475.887000000002,5.0,1.0,0.0,0.5,0
C113378,515,1,16595.739,16595.739,9.0,3.0,0.0,1.0,1
C103031,13,2,51620.858,25810.429,11.0,1.0,1.0,0.5,0
C114421,160,1,19597.3315,19597.3315,9.0,3.0,0.0,1.0,1
C109180,207,1,25088.14,25088.14,8.0,3.0,0.0,0.0,1
C112312,-1,1,623.4665,623.4665,7.0,0.0,0.0,1.0,0
C114596,47,1,40552.3935,40552.3935,4.0,0.0,0.0,1.0,0
C104327,151,1,22271.336000000003,22271.336000000003,6.0,3.0,0.0,1.0,1
C112323,102,1,2072.08,2072.08,11.0,2.0,0.0,0.0,1
C101858,222,1,28933.93,28933.93,4.0,1.0,0.0,0.0,1
C105515,32,1,11557.51,11557.51,6.0,1.0,0.0,0.0,0
C111875,879,1,29604.608,29604.608,10.0,3.0,0.0,1.0,1
C111144,163,1,18725.1,18725.1,13.0,4.0,1.0,0.0,1
C105404,6,1,10601.416000000001,10601.416000000001,8.0,3.0,0.0,1.0,0
C112923,297,1,18272.187,18272.187,11.0,1.0,0.0,1.0,1
C100085,17,1,11706.33,11706.33,8.0,0.0,0.0,0.0,0
C113742,8,1,10875.104,10875.104,11.0,1.0,0.0,1.0,0
C106960,112,1,4577.0545,4577.0545,10.0,3.0,0.0,1.0,1
C100530,144,1,14118.234999999999,14118.234999999999,5.0,1.0,0.0,1.0,1
C112892,18,4,60197.17049999999,15049.292624999998,7.0,2.0,0.0,0.5,0
C102678,551,1,26039.852,26039.852,7.0,1.0,1.0,1.0,1
C109445,173,1,7345.660000000001,7345.660000000001,9.0,1.0,1.0,0.0,1
C110524,394,2,19166.541,9583.2705,6.0,2.0,2.0,1.0,1
C106381,229,1,5017.87,5017.87,12.0,3.0,1.0,0.0,1
C101190,59,2,27861.896,13930.948,10.0,2.0,0.0,0.5,0
C100604,45,2,80632.57,40316.285,13.0,4.0,1.0,0.0,0
C100338,403,1,28719.6685,28719.6685,15.0,4.0,0.0,1.0,1
C102152,279,3,40963.387,13654.462333333335,8.0,2.0,1.0,0.6666666666666666,1
C102307,36,2,25066.486,12533.243,9.0,0.0,1.0,0.5,0
C112983,3,2,55518.59449999999,27759.297249999996,6.0,2.0,1.0,1.0,0
C107254,2,2,66212.926,33106.463,7.0,3.0,1.0,1.0,0
C106418,95,1,19862.260000000002,19862.260000000002,11.0,1.0,1.0,0.0,1
C100881,154,1,3550.36,3550.36,4.0,2.0,0.0,0.0,1
C112305,42,1,918.41,918.41,9.0,1.0,0.0,0.0,0
C100640,60,2,26236.7865,13118.39325,7.0,3.0,0.0,1.0,0
C102794,514,2,25241.7905,12620.89525,9.0,2.0,0.0,1.0,1
C107375,76,2,52076.2705,26038.13525,9.0,3.0,3.0,1.0,0
C109340,346,1,37448.365,37448.365,5.0,2.0,0.0,1.0,1
C104575,122,2,28640.440499999997,14320.220249999998,10.0,3.0,0.0,0.5,1
C110784,84,1,15074.3,15074.3,11.0,4.0,0.0,0.0,0
C107957,589,1,15157.659,15157.659,5.0,2.0,0.0,1.0,1
C112198,113,2,36048.909999999996,18024.454999999998,6.0,1.0,1.0,0.0,1
C114261,146,1,51880.0,51880.0,7.0,2.0,0.0,0.0,1
C108220,164,1,31784.1265,31784.1265,12.0,2.0,0.0,1.0,1
C104566,395,1,9496.39,9496.39,6.0,1.0,0.0,0.0,1
C106285,860,1,34527.024000000005,34527.024000000005,7.0,2.0,1.0,1.0,1
C112891,13,2,52698.604,26349.302,14.0,3.0,0.0,0.5,0
C114341,91,1,16834.167,16834.167,7.0,3.0,0.0,1.0,1
C104832,77,1,12023.982,12023.982,13.0,3.0,0.0,1.0,0
C108406,61,1,33821.82,33821.82,12.0,3.0,0.0,0.0,0
C104534,599,1,11821.158000000001,11821.158000000001,10.0,4.0,0.0,1.0,1
C112572,60,1,9752.067,9752.067,11.0,4.0,0.0,1.0,0
C109339,286,1,14510.768,14510.768,8.0,2.0,0.0,1.0,1
C101485,213,2,86536.16,43268.079999999994,7.0,1.0,0.0,0.0,1
C114736,137,1,17527.99,17527.99,11.0,1.0,0.0,0.0,1
C102851,56,1,34928.51,34928.51,11.0,3.0,0.0,0.0,0
C100924,69,2,49089.311,24544.6555,10.0,2.0,1.0,0.5,0
C100290,0,1,18028.9335,18028.9335,15.0,5.0,1.0,1.0,0
C105543,417,1,20944.5,20944.5,8.0,1.0,0.0,0.0,1
C110223,23,2,24019.68,12009.84,7.0,1.0,1.0,0.0,0
C109914,634,1,77084.2825,77084.2825,7.0,2.0,0.0,1.0,1
C100046,156,1,108.14,108.14,9.0,3.0,0.0,0.0,1
C114710,16,3,61111.916999999994,20370.639,16.0,4.0,0.0,0.6666666666666666,0
C114071,30,1,28203.051,28203.051,11.0,6.0,0.0,1.0,0
C112410,386,2,48194.967000000004,24097.483500000002,14.0,7.0,0.0,1.0,1
C100614,26,1,4905.843,4905.843,4.0,0.0,0.0,1.0,0
C101458,514,1,37288.0125,37288.0125,4.0,2.0,0.0,1.0,1
C101303,187,1,6647.5015,6647.5015,12.0,2.0,0.0,1.0,1
C114283,385,1,840.6075000000001,840.6075000000001,6.0,3.0,0.0,1.0,1
C108442,180,1,51903.549999999996,51903.549999999996,12.0,2.0,0.0,0.0,1
C105348,243,1,70409.649,70409.649,14.0,1.0,0.0,1.0,1
C101897,127,1,5240.865,5240.865,6.0,1.0,0.0,1.0,1
C112760,11,1,9634.3845,9634.3845,2.0,0.0,0.0,1.0,0
C108223,145,2,78076.463,39038.2315,2.0,0.0,1.0,1.0,1
C110562,732,2,56102.96,28051.48,4.0,1.0,0.0,0.5,1
C110938,255,1,27289.836499999998,27289.836499999998,12.0,6.0,0.0,1.0,1
C113991,281,1,8116.12,8116.12,9.0,2.0,0.0,0.0,1
C106996,291,1,10863.96,10863.96,9.0,0.0,0.0,0.0,1
C105630,93,1,33529.14,33529.14,7.0,2.0,1.0,0.0,1
C103470,711,1,39001.7085,39001.7085,5.0,1.0,1.0,1.0,1
C105285,127,2,83082.29400000001,41541.147000000004,12.0,3.0,1.0,0.5,1
C102718,470,1,5835.168000000001,5835.168000000001,8.0,3.0,0.0,1.0,1
C112366,829,2,46088.292499999996,23044.146249999998,14.0,2.0,0.0,0.5,1
C108798,379,1,8673.72,8673.72,10.0,6.0,0.0,0.0,1
C101116,531,2,63833.334,31916.667,13.0,4.0,0.0,0.5,1
C107429,350,1,16279.49,16279.49,8.0,1.0,0.0,0.0,1
C110563,15,1,19492.02,19492.02,8.0,2.0,0.0,0.0,0
C108255,576,1,28897.317000000003,28897.317000000003,5.0,2.0,0.0,1.0,1
C100070,51,1,7584.36,7584.36,12.0,1.0,0.0,0.0,0
C113400,44,4,56512.8635,14128.215875000002,6.0,1.0,3.0,0.5,0
C111341,350,1,31954.415999999997,31954.415999999997,9.0,2.0,0.0,1.0,1
C111675,383,1,5494.194,5494.194,12.0,4.0,1.0,1.0,1
C109959,525,1,7001.73,7001.73,10.0,5.0,0.0,0.0,1
C104065,324,1,5932.31,5932.31,11.0,4.0,0.0,0.0,1
C102665,270,2,48101.1075,24050.55375,9.0,2.0,1.0,1.0,1
C107645,963,1,13398.218499999999,13398.218499999999,12.0,3.0,0.0,1.0,1
C110510,421,2,44820.3575,22410.17875,8.0,4.0,0.0,1.0,1
C108573,599,1,14111.176500000001,14111.176500000001,8.0,1.0,0.0,1.0,1
C104364,359,1,5552.5,5552.5,7.0,0.0,0.0,0.0,1
C114331,779,1,1202.54,1202.54,4.0,3.0,0.0,0.0,1
C106071,417,1,6774.360000000001,6774.360000000001,9.0,3.0,0.0,0.0,1
C103692,126,1,32389.18,32389.18,8.0,5.0,0.0,0.0,1
C107383,554,1,21657.5495,21657.5495,11.0,3.0,0.0,1.0,1
C114913,358,2,76157.138,38078.569,6.0,2.0,0.0,0.5,1
C101229,25,1,6719.32,6719.32,10.0,2.0,0.0,0.0,0
C103670,128,1,47149.740000000005,47149.740000000005,8.0,0.0,0.0,0.0,1
C112997,630,3,29847.912,9949.304,5.0,1.0,2.0,0.6666666666666666,1
C100755,382,1,11267.05,11267.05,3.0,1.0,0.0,0.0,1
C113580,645,1,39149.13,39149.13,11.0,3.0,0.0,0.0,1
C103678,300,1,38402.728,38402.728,6.0,2.0,0.0,1.0,1
C108056,241,2,30144.08,15072.039999999999,9.0,1.0,0.0,1.0,1
C101492,-1,2,29613.93,14806.965,4.0,2.0,0.0,0.0,0
C101478,65,1,17266.808,17266.808,5.0,2.0,0.0,1.0,0
C106263,239,1,36199.6,36199.6,5.0,3.0,0.0,0.0,1
C106039,421,1,13082.624000000002,13082.624000000002,18.0,7.0,0.0,1.0,1
C106717,288,2,20275.7485,10137.87425,8.0,2.0,1.0,0.5,1
C101696,816,1,3980.7360000000003,3980.7360000000003,15.0,6.0,0.0,1.0,1
C112714,313,2,27875.801999999996,13937.900999999998,8.0,3.0,0.0,0.5,1
C102588,297,1,22415.264000000003,22415.264000000003,1.0,0.0,0.0,1.0,1
C106984,473,2,25033.4005,12516.70025,12.0,4.0,0.0,1.0,1
C100593,574,1,14729.579,14729.579,8.0,0.0,0.0,1.0,1
C101330,54,1,22593.43,22593.43,5.0,1.0,0.0,0.0,0
C108998,519,1,11217.296000000002,11217.296000000002,8.0,2.0,0.0,1.0,1
C111781,394,1,18529.5125,18529.5125,6.0,2.0,0.0,1.0,1
C107868,127,1,6718.536,6718.536,7.0,3.0,0.0,1.0,1
C101162,104,3,48989.6105,16329.870166666668,12.0,2.0,1.0,1.0,1
C104177,5,1,17021.547499999997,17021.547499999997,6.0,4.0,0.0,1.0,0
C101685,44,1,36881.56,36881.56,9.0,3.0,0.0,0.0,0
C101430,432,1,50976.495,50976.495,9.0,5.0,0.0,1.0,1
C109861,222,1,51829.84,51829.84,11.0,4.0,0.0,0.0,1
C113671,10,1,7989.2945,7989.2945,9.0,0.0,1.0,1.0,0
C103931,186,1,12583.14,12583.14,5.0,0.0,0.0,0.0,1
C103771,270,2,34753.912,17376.956,8.0,3.0,0.0,0.5,1
C113202,245,1,28308.74,28308.74,10.0,4.0,0.0,1.0,1
C107485,536,3,22723.9965,7574.6655,3.0,2.0,0.0,0.6666666666666666,1
C111324,274,2,74054.943,37027.4715,5.0,3.0,2.0,1.0,1
C113502,433,1,28107.84,28107.84,11.0,3.0,0.0,0.0,1
C109448,215,1,21750.41,21750.41,9.0,1.0,0.0,0.0,1
C112189,330,4,88959.2495,22239.812375,9.0,3.0,0.0,0.5,1
C112067,138,1,5579.424,5579.424,3.0,1.0,0.0,1.0,1
C103799,93,1,17355.536999999997,17355.536999999997,1.0,0.0,0.0,1.0,1
C110261,16,1,3197.889,3197.889,7.0,2.0,0.0,1.0,0
C107463,242,1,13318.677000000001,13318.677000000001,9.0,2.0,0.0,1.0,1
C104597,616,1,20442.816,20442.816,13.0,1.0,0.0,1.0,1
C101415,436,2,16751.324,8375.662,10.0,1.0,1.0,1.0,1
C114525,148,1,48449.259,48449.259,9.0,2.0,0.0,1.0,1
C109636,19,2,31285.0405,15642.52025,9.0,2.0,0.0,0.5,0
C105317,163,1,3594.73,3594.73,10.0,1.0,0.0,0.0,1
C113921,198,1,50596.39,50596.39,5.0,2.0,0.0,0.0,1
C100603,57,1,2302.11,2302.11,11.0,2.0,0.0,1.0,0
C106892,42,1,5840.51,5840.51,14.0,5.0,1.0,0.0,0
C104314,227,1,47546.54,47546.54,8.0,2.0,0.0,0.0,1
C112475,209,1,45419.950000000004,45419.950000000004,14.0,4.0,0.0,0.0,1
C100382,9,1,4675.161499999999,4675.161499999999,2.0,2.0,0.0,1.0,0
C108761,8,2,17650.167,8825.0835,4.0,1.0,0.0,0.5,0
C101636,21,1,20959.78,20959.78,8.0,1.0,0.0,0.0,0
C108366,312,1,8324.82,8324.82,7.0,0.0,0.0,0.0,1
C113031,30,1,14395.89,14395.89,6.0,2.0,1.0,0.0,0
C114720,463,1,33918.016,33918.016,9.0,3.0,1.0,1.0,1
C114737,107,1,6525.889999999999,6525.889999999999,6.0,3.0,1.0,0.0,1
C103965,193,2,29232.228,14616.114,7.0,3.0,0.0,0.5,1
C106411,288,3,26145.323,8715.107666666667,8.0,2.0,1.0,0.3333333333333333,1
C102398,80,1,31474.14,31474.14,10.0,4.0,0.0,0.0,0
C103904,609,1,47136.69,47136.69,6.0,2.0,3.0,1.0,1
C108394,174,2,35277.7665,17638.88325,14.0,6.0,0.0,0.5,1
C100707,37,3,25253.870000000003,8417.956666666667,13.0,5.0,0.0,0.6666666666666666,0
C104762,65,1,10801.94,10801.94,7.0,2.0,0.0,0.0,0
C100808,247,1,19928.1025,19928.1025,14.0,6.0,1.0,1.0,1
C113036,195,1,11518.11,11518.11,13.0,2.0,0.0,1.0,1
C106225,14,2,40261.056000000004,20130.528000000002,8.0,2.0,1.0,0.5,0
C113905,69,1,30631.170000000002,30631.170000000002,7.0,1.0,0.0,0.0,0
C112964,151,2,64500.468,32250.234,10.0,1.0,0.0,0.5,1
C106016,891,1,51010.096000000005,51010.096000000005,5.0,2.0,0.0,1.0,1
C113999,47,1,11856.015000000001,11856.015000000001,7.0,1.0,0.0,1.0,0
C107186,167,1,15630.06,15630.06,7.0,1.0,0.0,0.0,1
C101862,105,1,19564.148,19564.148,12.0,3.0,0.0,1.0,1
C112875,9,1,71144.784,71144.784,11.0,2.0,0.0,1.0,0
C111841,858,1,30712.2175,30712.2175,13.0,6.0,0.0,1.0,1
C111425,476,1,13771.53,13771.53,4.0,2.0,1.0,1.0,1
C106053,18,1,63989.46349999999,63989.46349999999,6.0,4.0,0.0,1.0,0
C107301,344,1,15825.6,15825.6,9.0,2.0,0.0,1.0,1
C109848,154,1,8007.084000000001,8007.084000000001,8.0,0.0,0.0,1.0,1
C105090,0,2,37664.0235,18832.011749999998,13.0,3.0,0.0,0.5,0
C104380,272,1,15999.511999999999,15999.511999999999,7.0,3.0,0.0,1.0,1
C114665,13,2,56674.976,28337.488,7.0,3.0,1.0,0.5,0
C113578,441,1,51205.259999999995,51205.259999999995,7.0,2.0,0.0,0.0,1
C107863,30,1,69378.462,69378.462,11.0,2.0,0.0,1.0,0
C110500,263,2,16227.097000000002,8113.548500000001,8.0,2.0,1.0,1.0,1
C106324,179,1,1263.1509999999998,1263.1509999999998,10.0,4.0,0.0,1.0,1
C105670,40,2,33730.7065,16865.35325,14.0,8.0,1.0,1.0,0
C103683,704,1,14417.39,14417.39,6.0,1.0,0.0,0.0,1
C107661,314,2,15032.902,7516.451,13.0,7.0,0.0,0.5,1
C112622,68,1,74108.18,74108.18,8.0,3.0,0.0,0.0,0
C109541,0,2,50155.38,25077.690000000002,11.0,5.0,1.0,1.0,0
C103383,67,1,10562.436000000002,10562.436000000002,3.0,1.0,0.0,1.0,0
C105890,269,1,21323.558999999997,21323.558999999997,12.0,4.0,1.0,1.0,1
C114754,603,1,10005.94,10005.94,9.0,1.0,0.0,0.0,1
C112859,650,1,48461.46,48461.46,10.0,6.0,0.0,0.0,1
C101660,30,2,40567.32,20283.66,9.0,3.0,0.0,0.0,0
C104159,49,1,69063.69,69063.69,12.0,2.0,0.0,0.0,0
C112726,388,1,17809.668999999998,17809.668999999998,9.0,0.0,0.0,1.0,1
C110346,75,2,21144.164,10572.082,10.0,3.0,0.0,0.5,0
C101597,680,1,66902.58,66902.58,5.0,2.0,0.0,0.0,1
C105511,36,1,10228.55,10228.55,6.0,4.0,0.0,0.0,0
C110967,200,1,12731.27,12731.27,5.0,3.0,1.0,0.0,1
C108718,211,1,21270.440000000002,21270.440000000002,9.0,2.0,2.0,1.0,1
C113906,86,1,0.0,0.0,10.0,5.0,0.0,1.0,0
C100563,4,1,6167.06,6167.06,6.0,3.0,0.0,0.0,0
C100602,274,1,18566.02,18566.02,14.0,7.0,0.0,0.0,1
C112232,67,1,64260.46,64260.46,12.0,3.0,0.0,0.0,0
C111902,45,1,18509.92,18509.92,7.0,0.0,0.0,0.0,0
C100158,484,1,19103.3505,19103.3505,13.0,2.0,1.0,1.0,1
C100694,-1,2,73632.8445,36816.42225,8.0,1.0,0.0,1.0,0
C109824,28,2,31759.5015,15879.75075,7.0,2.0,0.0,0.5,0
C110864,55,2,49983.81,24991.905,12.0,5.0,1.0,0.5,0
C114212,121,1,12566.52,12566.52,14.0,6.0,0.0,0.0,1
C111896,59,1,22108.383,22108.383,7.0,2.0,0.0,1.0,0
C103863,514,2,45926.056,22963.028000000002,10.0,3.0,1.0,0.5,1
C112834,148,1,17175.19,17175.19,9.0,2.0,0.0,0.0,1
C100876,30,1,39021.8085,39021.8085,12.0,2.0,0.0,1.0,0
C114363,462,1,24084.896,24084.896,6.0,2.0,0.0,1.0,1
C101824,165,1,17938.185,17938.185,10.0,2.0,0.0,1.0,1
C108707,187,1,32537.21,32537.21,10.0,1.0,0.0,0.0,1
C112154,775,1,5718.880000000001,5718.880000000001,3.0,3.0,0.0,1.0,1
C109444,41,1,30393.656000000003,30393.656000000003,5.0,2.0,0.0,1.0,0
C102184,257,2,32274.04,16137.02,10.0,4.0,0.0,0.0,1
C109850,393,1,12405.91,12405.91,6.0,4.0,0.0,0.0,1
C102728,196,1,13832.42,13832.42,12.0,4.0,0.0,0.0,1
C114544,568,1,20779.904000000002,20779.904000000002,7.0,1.0,0.0,1.0,1
C103739,20,3,80715.43,26905.14333333333,10.0,3.0,3.0,0.0,0
C105633,647,1,15196.78,15196.78,7.0,1.0,0.0,0.0,1
C107424,15,1,43407.4,43407.4,8.0,3.0,1.0,1.0,0
C101939,196,2,30445.042,15222.521,4.0,0.0,0.0,0.5,1
C114119,4,1,12815.019,12815.019,9.0,2.0,0.0,1.0,0
C100998,49,1,4522.66,4522.66,10.0,1.0,0.0,0.0,0
C114820,694,1,32237.61,32237.61,11.0,2.0,0.0,0.0,1
C108778,350,1,13816.81,13816.81,8.0,2.0,0.0,0.0,1
C101690,20,1,8896.15,8896.15,11.0,1.0,0.0,0.0,0
C107853,22,1,12114.818,12114.818,8.0,4.0,0.0,1.0,0
C100407,294,1,8624.936,8624.936,6.0,3.0,0.0,1.0,1
C105736,2,1,4961.89,4961.89,6.0,0.0,0.0,0.0,0
C112660,160,1,44012.25,44012.25,8.0,5.0,0.0,0.0,1
C109512,82,1,12467.43,12467.43,9.0,1.0,0.0,0.0,0
C100337,186,1,17213.28,17213.28,8.0,1.0,0.0,0.0,1
C100253,20,1,29593.15,29593.15,7.0,4.0,0.0,0.0,0
C103186,429,2,34444.5795,17222.28975,9.0,1.0,0.0,1.0,1
C101767,23,2,22008.0,11004.0,10.0,4.0,0.0,0.0,0
C114432,3,2,67263.0,33631.5,10.0,4.0,0.0,0.0,0
C101295,197,2,3397.8134999999997,1698.9067499999999,8.0,1.0,1.0,0.5,1
C105222,41,1,12350.984499999999,12350.984499999999,4.0,1.0,0.0,1.0,0
C107010,183,3,88546.9405,29515.646833333332,13.0,3.0,1.0,0.6666666666666666,1
C114514,42,2,39428.8365,19714.41825,4.0,1.0,0.0,0.5,0
C104106,57,2,34488.3305,17244.16525,8.0,3.0,0.0,0.5,0
C112450,1035,1,14982.5545,14982.5545,15.0,5.0,0.0,1.0,1
C102743,140,1,1979.45,1979.45,7.0,1.0,0.0,0.0,1
C109078,153,1,8817.538999999999,8817.538999999999,9.0,2.0,0.0,1.0,1
C100072,5,2,67555.465,33777.7325,7.0,2.0,0.0,0.5,0
C108133,173,2,21055.91,10527.955000000002,9.0,3.0,0.0,0.0,1
C103181,48,1,32338.610999999997,32338.610999999997,8.0,3.0,0.0,1.0,0
C106973,419,1,12781.9345,12781.9345,12.0,4.0,0.0,1.0,1
C107176,118,1,31860.5245,31860.5245,3.0,1.0,1.0,1.0,1
C107731,508,1,8133.292,8133.292,10.0,2.0,0.0,1.0,1
C100651,80,1,28871.2955,28871.2955,12.0,3.0,0.0,1.0,0
C105891,611,1,44016.848,44016.848,8.0,0.0,0.0,1.0,1
C112850,44,1,12448.305999999999,12448.305999999999,10.0,2.0,0.0,1.0,0
C107474,332,1,18979.2995,18979.2995,5.0,1.0,1.0,1.0,1
C114050,30,1,10980.333,10980.333,4.0,1.0,0.0,1.0,0
C113447,131,1,18532.989999999998,18532.989999999998,10.0,3.0,0.0,0.0,1
C107614,14,2,33717.009,16858.5045,8.0,0.0,1.0,0.5,0
C100802,290,1,22035.98,22035.98,7.0,2.0,1.0,0.0,1
C101428,18,2,77204.477,38602.2385,8.0,3.0,1.0,0.5,0
C103943,557,2,36886.437,18443.2185,15.0,3.0,0.0,0.5,1
C106720,22,3,100031.3245,33343.77483333333,6.0,2.0,1.0,0.6666666666666666,0
C112661,375,1,55716.48,55716.48,9.0,4.0,1.0,0.0,1
C104548,406,1,3166.47,3166.47,6.0,3.0,1.0,0.0,1
C113746,308,1,5834.94,5834.94,12.0,4.0,0.0,0.0,1
C102486,328,1,4058.608,4058.608,5.0,1.0,0.0,1.0,1
C104625,110,1,2818.24,2818.24,9.0,2.0,0.0,0.0,1
C100137,6,1,14792.93,14792.93,10.0,2.0,0.0,0.0,0
C111357,97,1,36061.452000000005,36061.452000000005,7.0,4.0,0.0,1.0,1
C106255,26,1,10724.720000000001,10724.720000000001,7.0,2.0,0.0,0.0,0
C101461,122,1,17211.370000000003,17211.370000000003,10.0,4.0,0.0,0.0,1
C110081,234,1,8388.07,8388.07,10.0,1.0,1.0,0.0,1
C105560,95,1,19340.071500000002,19340.071500000002,3.0,0.0,0.0,1.0,1
C112826,97,1,38213.75,38213.75,6.0,2.0,0.0,0.0,1
C114350,31,1,35834.86,35834.86,5.0,1.0,0.0,0.0,0
C108189,249,1,16595.36,16595.36,7.0,4.0,0.0,0.0,1
C104362,45,1,3240.333,3240.333,11.0,4.0,0.0,1.0,0
C107402,60,2,30920.771499999995,15460.385749999998,13.0,4.0,0.0,0.5,0
C111057,280,1,23213.133,23213.133,10.0,1.0,1.0,1.0,1
C110085,187,1,39053.1,39053.1,13.0,5.0,0.0,0.0,1
C102084,-1,2,53072.255,26536.1275,3.0,0.0,0.0,0.5,0
C105204,106,1,26883.660000000003,26883.660000000003,10.0,1.0,0.0,0.0,1
C107804,554,1,9503.895,9503.895,7.0,4.0,0.0,1.0,1
C111468,70,1,15049.216,15049.216,7.0,4.0,0.0,1.0,0
C109922,20,1,49461.322499999995,49461.322499999995,9.0,4.0,0.0,1.0,0
C105828,425,1,290.377,290.377,4.0,1.0,0.0,1.0,1
C104616,23,1,10822.329,10822.329,3.0,1.0,0.0,1.0,0
C105250,171,1,80147.12049999999,80147.12049999999,7.0,2.0,0.0,1.0,1
C107364,46,1,11846.76,11846.76,9.0,3.0,0.0,0.0,0
C113806,198,2,30682.174,15341.087,7.0,2.0,1.0,1.0,1
C102115,224,1,4949.9,4949.9,15.0,2.0,0.0,0.0,1
C110995,299,1,19739.08,19739.08,16.0,4.0,0.0,1.0,1
C105311,484,1,14207.6735,14207.6735,6.0,0.0,0.0,1.0,1
C109628,356,1,1368.0095,1368.0095,9.0,2.0,0.0,1.0,1
C101358,331,1,24550.64,24550.64,4.0,1.0,0.0,0.0,1
C102075,227,1,30477.739999999998,30477.739999999998,4.0,0.0,0.0,0.0,1
C112784,651,2,30409.551,15204.7755,11.0,3.0,0.0,0.5,1
C112021,846,1,27996.81,27996.81,6.0,2.0,0.0,0.0,1
C114832,37,1,29785.33,29785.33,4.0,0.0,0.0,0.0,0
C103381,168,2,12824.970000000001,6412.485000000001,7.0,2.0,0.0,0.0,1
C102624,88,1,54473.328,54473.328,6.0,1.0,0.0,1.0,0
C105699,5,2,33401.630000000005,16700.815,12.0,8.0,1.0,0.5,0
C111223,406,1,70956.63,70956.63,8.0,4.0,1.0,0.0,1
C107077,70,1,13942.460000000001,13942.460000000001,6.0,1.0,0.0,0.0,0
C110024,309,1,40134.8,40134.8,9.0,3.0,0.0,0.0,1
C101021,21,2,4795.1410000000005,2397.5705000000003,11.0,0.0,0.0,1.0,0
C103132,6,2,56724.984000000004,28362.492000000002,8.0,3.0,0.0,1.0,0
C106971,13,1,7190.37,7190.37,6.0,2.0,0.0,0.0,0
C113183,111,1,15641.16,15641.16,15.0,2.0,0.0,0.0,1
C101988,263,3,80905.37700000001,26968.459000000003,4.0,0.0,0.0,0.6666666666666666,1
C105008,71,1,38545.55,38545.55,12.0,1.0,0.0,0.0,0
C107636,677,1,12218.1685,12218.1685,15.0,5.0,0.0,1.0,1
C104951,427,1,16907.32,16907.32,6.0,0.0,1.0,0.0,1
C104853,297,1,44275.689,44275.689,6.0,3.0,0.0,1.0,1
C101833,187,1,5119.805,5119.805,11.0,2.0,1.0,1.0,1
C109854,10,1,14047.250999999998,14047.250999999998,7.0,3.0,0.0,1.0,0
C112128,201,1,21588.102000000003,21588.102000000003,16.0,4.0,0.0,1.0,1
C104226,55,1,5458.750999999999,5458.750999999999,6.0,2.0,1.0,1.0,0
C103260,644,1,5934.072,5934.072,6.0,2.0,0.0,1.0,1
C105468,24,1,9520.9,9520.9,3.0,0.0,0.0,0.0,0
C100449,57,1,9451.511999999999,9451.511999999999,12.0,3.0,0.0,1.0,0
C112201,346,1,16680.1705,16680.1705,11.0,3.0,0.0,1.0,1
C109443,371,1,17631.069,17631.069,7.0,1.0,0.0,1.0,1
C102760,466,1,4703.3099999999995,4703.3099999999995,10.0,4.0,0.0,1.0,1
C102831,30,1,32014.71,32014.71,4.0,0.0,0.0,1.0,0
C112068,137,1,12538.74,12538.74,14.0,2.0,0.0,0.0,1
C104094,64,2,45858.757000000005,22929.378500000003,12.0,1.0,1.0,0.5,0
C108382,71,2,39035.174999999996,19517.587499999998,4.0,1.0,0.0,1.0,0
C108144,92,1,44858.51,44858.51,8.0,1.0,0.0,0.0,1
C105170,253,2,38020.471,19010.2355,6.0,4.0,0.0,0.5,1
C110207,97,1,46380.270000000004,46380.270000000004,7.0,3.0,0.0,0.0,1
C104479,327,2,29878.178999999996,14939.089499999998,7.0,3.0,0.0,0.5,1
C104136,11,2,29312.273,14656.1365,9.0,2.0,0.0,0.5,0
C100756,342,1,15945.863999999998,15945.863999999998,7.0,2.0,0.0,1.0,1
C100923,169,1,19568.56,19568.56,5.0,2.0,0.0,1.0,1
C105549,262,2,37329.31,18664.655,6.0,2.0,0.0,0.0,1
C106143,12,1,37818.62,37818.62,8.0,1.0,0.0,0.0,0
C109038,13,2,30550.912000000004,15275.456000000002,7.0,3.0,0.0,0.5,0
C101970,390,1,24213.429,24213.429,6.0,0.0,0.0,1.0,1
C106362,26,3,24487.715,8162.571666666667,9.0,3.0,0.0,1.0,0
C108820,284,1,35926.53,35926.53,7.0,0.0,0.0,0.0,1
C112064,113,1,29397.0185,29397.0185,7.0,2.0,0.0,1.0,1
C101123,97,1,14235.88,14235.88,10.0,3.0,1.0,1.0,1
C106567,5,1,3219.0274999999997,3219.0274999999997,7.0,1.0,0.0,1.0,0
C100331,22,1,1352.33,1352.33,4.0,0.0,0.0,0.0,0
C109081,44,4,153414.4,38353.600000000006,12.0,1.0,0.0,0.5,0
C113872,258,1,25035.312,25035.312,9.0,3.0,0.0,1.0,1
C112936,1,1,1006.1195,1006.1195,9.0,0.0,0.0,1.0,0
C106256,348,1,67329.72,67329.72,11.0,4.0,0.0,0.0,1
C111969,26,1,21254.11,21254.11,5.0,1.0,0.0,0.0,0
C101083,27,1,38738.020000000004,38738.020000000004,4.0,1.0,0.0,0.0,0
C104293,31,1,14237.42,14237.42,9.0,1.0,0.0,0.0,0
C106116,192,1,2488.788,2488.788,5.0,1.0,0.0,1.0,1
C112508,222,1,14137.380000000001,14137.380000000001,0.0,0.0,0.0,0.0,1
C101637,269,1,13912.845,13912.845,11.0,1.0,0.0,1.0,1
C112728,38,1,29606.059999999998,29606.059999999998,7.0,5.0,1.0,0.0,0
C101374,146,1,43105.765499999994,43105.765499999994,8.0,3.0,0.0,1.0,1
C108282,162,1,25280.47,25280.47,9.0,5.0,0.0,0.0,1
C102143,18,1,4492.57,4492.57,13.0,1.0,1.0,0.0,0
C112659,584,1,16075.69,16075.69,6.0,2.0,0.0,0.0,1
C102837,524,1,12630.24,12630.24,8.0,0.0,1.0,0.0,1
C103424,148,1,24600.19,24600.19,8.0,2.0,0.0,0.0,1
C112570,479,1,45892.4005,45892.4005,8.0,5.0,0.0,1.0,1
C109686,129,1,22203.099000000002,22203.099000000002,7.0,0.0,0.0,1.0,1
C108170,256,1,14377.1,14377.1,6.0,1.0,0.0,0.0,1
C111997,216,1,17128.304,17128.304,8.0,2.0,0.0,1.0,1
C113270,224,1,23765.592,23765.592,5.0,2.0,0.0,1.0,1
C111520,210,1,965.7615000000001,965.7615000000001,9.0,3.0,0.0,1.0,1
C106042,25,2,9288.377999999999,4644.188999999999,6.0,3.0,0.0,0.5,0
C103938,-1,1,42850.6,42850.6,9.0,4.0,0.0,0.0,0
C109667,169,2,26631.9725,13315.986250000002,9.0,1.0,0.0,0.5,1
C114398,667,1,8122.36,8122.36,9.0,2.0,0.0,0.0,1
C114452,164,1,10897.392,10897.392,8.0,2.0,0.0,1.0,1
C104351,1,3,33020.85,11006.950000000003,18.0,4.0,0.0,0.6666666666666666,0
C108109,85,2,22792.518,11396.259,14.0,4.0,0.0,1.0,0
C106269,36,1,76643.85,76643.85,11.0,6.0,0.0,0.0,0
C105944,125,1,27225.232999999997,27225.232999999997,11.0,5.0,0.0,1.0,1
C109808,250,1,23730.064,23730.064,9.0,2.0,0.0,1.0,1
C101866,176,1,32713.95,32713.95,12.0,0.0,0.0,0.0,1
C102226,13,1,9719.361,9719.361,7.0,2.0,0.0,1.0,0
C108969,136,2,44090.369000000006,22045.184500000003,7.0,2.0,0.0,0.5,1
C102781,442,1,4351.761,4351.761,4.0,0.0,0.0,1.0,1
C101462,179,1,0.0,0.0,10.0,1.0,0.0,0.0,1
C101623,458,1,16413.858,16413.858,13.0,2.0,0.0,1.0,1
C103573,533,2,27965.321500000002,13982.660750000001,11.0,4.0,0.0,1.0,1
C109161,236,1,13589.142,13589.142,11.0,2.0,1.0,1.0,1
C109036,608,1,3876.7989999999995,3876.7989999999995,9.0,1.0,0.0,1.0,1
C114819,0,1,3692.44,3692.44,11.0,2.0,0.0,0.0,0
C114547,0,1,17114.06,17114.06,10.0,2.0,0.0,0.0,0
C105689,36,1,24199.030000000002,24199.030000000002,3.0,1.0,1.0,0.0,0
C112426,696,1,20361.33,20361.33,10.0,4.0,1.0,1.0,1
C108963,43,2,26790.529499999997,13395.264749999998,8.0,4.0,0.0,1.0,0
C112168,51,1,41137.900499999996,41137.900499999996,11.0,2.0,0.0,1.0,0
C104810,584,1,11511.225999999999,11511.225999999999,7.0,3.0,0.0,1.0,1
C100180,40,1,13567.895499999999,13567.895499999999,9.0,4.0,0.0,1.0,0
C109752,55,1,2180.754,2180.754,11.0,2.0,0.0,1.0,0
C113064,166,1,47729.761,47729.761,11.0,2.0,0.0,1.0,1
C104470,289,1,34287.336,34287.336,7.0,2.0,0.0,1.0,1
C105905,477,1,38701.479999999996,38701.479999999996,4.0,2.0,0.0,1.0,1
C109268,330,1,62187.1475,62187.1475,14.0,4.0,0.0,1.0,1
C103256,385,2,42237.11,21118.555,11.0,2.0,1.0,0.0,1
C101361,286,1,11547.664,11547.664,9.0,1.0,0.0,1.0,1
C100714,637,1,7852.59,7852.59,11.0,4.0,0.0,0.0,1
C100789,16,1,5682.35,5682.35,9.0,3.0,0.0,0.0,0
C103130,0,1,1904.4555,1904.4555,12.0,1.0,0.0,1.0,0
C107097,720,1,16316.02,16316.02,9.0,3.0,0.0,0.0,1
C108537,168,1,11669.6,11669.6,8.0,2.0,0.0,1.0,1
C111593,140,1,22445.584499999997,22445.584499999997,16.0,5.0,1.0,1.0,1
C110879,151,2,22297.215,11148.6075,4.0,1.0,0.0,0.5,1
C106710,540,1,28163.75,28163.75,6.0,0.0,0.0,0.0,1
C107466,60,3,30004.255,10001.418333333333,7.0,4.0,1.0,1.0,0
C101302,370,2,38754.4835,19377.24175,6.0,1.0,0.0,1.0,1
C105272,199,1,24895.649999999998,24895.649999999998,10.0,2.0,0.0,1.0,1
C105397,0,1,22319.17,22319.17,12.0,1.0,0.0,0.0,0
C107462,74,1,20187.33,20187.33,4.0,2.0,1.0,0.0,0
C107993,48,1,44761.9955,44761.9955,7.0,3.0,0.0,1.0,0
C107828,189,1,10741.554,10741.554,11.0,7.0,0.0,1.0,1
C104757,39,1,12654.341999999999,12654.341999999999,9.0,5.0,0.0,1.0,0
C105531,2,2,44578.6685,22289.33425,9.0,3.0,0.0,0.5,0
C101471,493,1,40224.69,40224.69,8.0,2.0,0.0,1.0,1
C109748,789,1,32066.199,32066.199,13.0,1.0,0.0,1.0,1
C109378,47,1,20666.952,20666.952,9.0,3.0,0.0,1.0,0
C107716,51,2,7835.145,3917.5725,14.0,4.0,0.0,0.5,0
C104310,186,1,4461.363,4461.363,11.0,3.0,0.0,1.0,1
C109578,32,1,14731.7495,14731.7495,11.0,1.0,1.0,1.0,0
C102732,248,1,12041.1765,12041.1765,8.0,0.0,0.0,1.0,1
C109769,598,1,25560.144,25560.144,6.0,1.0,0.0,1.0,1
C109598,551,1,15360.560000000001,15360.560000000001,6.0,1.0,1.0,0.0,1
C109335,304,1,17463.109,17463.109,8.0,3.0,0.0,1.0,1
C105780,45,1,5037.9259999999995,5037.9259999999995,7.0,3.0,0.0,1.0,0
C104973,24,2,83780.12,41890.06,7.0,1.0,0.0,0.0,0
C105752,145,2,77206.3,38603.15,5.0,1.0,0.0,0.0,1
C108662,69,1,15006.7,15006.7,12.0,2.0,0.0,0.0,0
C109766,124,3,18553.8615,6184.6205,7.0,0.0,1.0,0.6666666666666666,1
C106526,155,1,5083.68,5083.68,7.0,4.0,0.0,0.0,1
C100642,703,1,12350.16,12350.16,9.0,3.0,0.0,1.0,1
C111546,159,1,45527.42,45527.42,10.0,3.0,0.0,0.0,1
C114704,304,1,16677.31,16677.31,9.0,1.0,0.0,0.0,1
C101844,443,1,27170.883,27170.883,8.0,3.0,0.0,1.0,1
C100383,310,1,16721.55,16721.55,6.0,2.0,0.0,0.0,1
C105040,204,1,1438.2904999999998,1438.2904999999998,7.0,1.0,0.0,1.0,1
C114941,8,1,16140.01,16140.01,10.0,5.0,0.0,0.0,0
C107534,246,1,23498.3,23498.3,8.0,0.0,0.0,0.0,1
C109630,44,1,31168.24,31168.24,7.0,2.0,0.0,0.0,0
C105116,8,1,33307.71,33307.71,8.0,3.0,1.0,0.0,0
C107321,599,1,59784.01299999999,59784.01299999999,9.0,3.0,0.0,1.0,1
C109750,4,1,4915.04,4915.04,12.0,3.0,0.0,0.0,0
C108938,392,2,61031.48700000001,30515.743500000004,12.0,4.0,1.0,0.5,1
C106348,181,1,40041.72,40041.72,15.0,5.0,1.0,1.0,1
C112413,97,1,14661.846000000001,14661.846000000001,13.0,2.0,0.0,1.0,1
C107955,342,1,7293.9945,7293.9945,7.0,1.0,0.0,1.0,1
C106771,105,1,14251.151,14251.151,12.0,3.0,0.0,1.0,1
C109856,1043,1,14515.92,14515.92,14.0,1.0,0.0,0.0,1
C111378,375,1,92499.18000000001,92499.18000000001,5.0,2.0,1.0,0.0,1
C100173,158,1,13420.8115,13420.8115,6.0,2.0,0.0,1.0,1
C104928,589,1,7776.3865000000005,7776.3865000000005,10.0,2.0,0.0,1.0,1
C109144,166,1,9317.99,9317.99,7.0,0.0,0.0,0.0,1
C101743,173,1,14793.09,14793.09,4.0,2.0,0.0,0.0,1
C104740,76,1,15073.08,15073.08,5.0,1.0,0.0,0.0,0
C111202,190,1,11113.71,11113.71,11.0,1.0,0.0,0.0,1
C101129,172,1,17465.332000000002,17465.332000000002,7.0,3.0,0.0,1.0,1
C111444,467,1,50567.67,50567.67,10.0,2.0,1.0,1.0,1
C104163,38,1,14827.368,14827.368,8.0,2.0,0.0,1.0,0
C101338,126,1,36629.4635,36629.4635,4.0,0.0,0.0,1.0,1
C114035,296,1,4407.17,4407.17,8.0,2.0,0.0,0.0,1
C109475,15,2,29635.0155,14817.50775,11.0,4.0,0.0,0.5,0
C100800,714,1,11499.3355,11499.3355,12.0,3.0,0.0,1.0,1
C114796,422,1,41820.405999999995,41820.405999999995,14.0,4.0,0.0,1.0,1
C113847,483,1,7811.696000000001,7811.696000000001,8.0,1.0,0.0,1.0,1
C111742,123,1,10964.9,10964.9,7.0,3.0,0.0,0.0,1
C103040,366,1,16214.536,16214.536,6.0,1.0,0.0,1.0,1
C109501,20,1,13590.278999999999,13590.278999999999,9.0,1.0,0.0,1.0,0
C104615,693,1,17217.566,17217.566,8.0,0.0,0.0,1.0,1
C109989,870,1,16027.87,16027.87,8.0,2.0,0.0,0.0,1
C113314,140,1,14283.208000000002,14283.208000000002,5.0,1.0,0.0,1.0,1
C102720,18,1,22803.81,22803.81,9.0,3.0,0.0,0.0,0
C108754,9,1,7083.77,7083.77,13.0,4.0,1.0,1.0,0
C106061,136,2,29259.79,14629.895,5.0,2.0,0.0,0.0,1
C106841,864,1,29312.624000000003,29312.624000000003,6.0,3.0,0.0,1.0,1
C100905,501,1,12335.17,12335.17,10.0,4.0,0.0,0.0,1
C109366,242,1,12547.048999999999,12547.048999999999,10.0,0.0,0.0,1.0,1
C108404,412,1,2676.4320000000002,2676.4320000000002,7.0,6.0,0.0,1.0,1
C112075,8,1,37675.99,37675.99,7.0,1.0,0.0,0.0,0
C110748,75,2,69777.344,34888.672,12.0,3.0,0.0,0.5,0
C105039,351,1,41741.009999999995,41741.009999999995,5.0,1.0,1.0,0.0,1
C104650,209,1,53004.15,53004.15,7.0,2.0,1.0,0.0,1
C106319,244,1,12978.62,12978.62,9.0,2.0,0.0,0.0,1
C109054,494,1,2633.39,2633.39,14.0,3.0,0.0,0.0,1
C111026,147,1,8860.2605,8860.2605,9.0,2.0,0.0,1.0,1
C101591,53,1,14201.520000000002,14201.520000000002,7.0,0.0,0.0,1.0,0
C100533,89,1,45950.94,45950.94,6.0,1.0,0.0,0.0,0
C101454,369,1,10522.970000000001,10522.970000000001,5.0,0.0,0.0,0.0,1
C112518,87,2,67961.862,33980.931000000004,13.0,3.0,0.0,0.5,0
C111244,83,2,24831.168999999994,12415.584499999997,13.0,3.0,1.0,1.0,0
C103785,346,1,9104.1545,9104.1545,11.0,3.0,1.0,1.0,1
C104346,164,1,12537.312,12537.312,11.0,4.0,0.0,1.0,1
C111661,109,1,33535.38,33535.38,5.0,0.0,0.0,0.0,1
C111603,23,1,22967.44,22967.44,10.0,2.0,0.0,0.0,0
C113784,763,1,4402.43,4402.43,10.0,5.0,0.0,0.0,1
C112915,394,1,24628.95,24628.95,5.0,0.0,1.0,0.0,1
C108883,174,1,3646.0,3646.0,6.0,0.0,0.0,0.0,1
C108445,523,1,77845.42000000001,77845.42000000001,7.0,1.0,0.0,0.0,1
C100524,453,1,10516.423999999999,10516.423999999999,12.0,2.0,0.0,1.0,1
C104699,91,1,2172.34,2172.34,3.0,2.0,0.0,0.0,1
C102650,496,1,8320.04,8320.04,18.0,6.0,0.0,0.0,1
C107001,528,1,39432.894499999995,39432.894499999995,12.0,2.0,1.0,1.0,1
C110372,157,2,33374.76,16687.38,7.0,2.0,2.0,0.0,1
C113756,4,2,54824.770000000004,27412.385000000002,5.0,0.0,0.0,0.5,0
C105534,176,1,10895.01,10895.01,6.0,1.0,0.0,0.0,1
C102648,20,1,4270.43,4270.43,5.0,2.0,0.0,0.0,0
C108172,43,1,218.586,218.586,5.0,2.0,0.0,1.0,0
C112928,9,1,14666.036,14666.036,8.0,2.0,0.0,1.0,0
C103940,157,1,11410.84,11410.84,6.0,3.0,0.0,0.0,1
C102756,343,1,15227.529999999999,15227.529999999999,7.0,2.0,0.0,0.0,1
C111780,-1,1,4654.89,4654.89,10.0,1.0,0.0,1.0,0
C111802,927,1,19234.607500000002,19234.607500000002,13.0,2.0,0.0,1.0,1
C105841,-1,1,23630.004,23630.004,11.0,3.0,1.0,1.0,0
C100874,398,1,13899.564,13899.564,8.0,1.0,0.0,1.0,1
C103500,257,1,10276.449,10276.449,7.0,2.0,0.0,1.0,1
C104484,385,1,26204.496,26204.496,7.0,3.0,1.0,1.0,1
C100315,138,1,34238.48,34238.48,4.0,0.0,0.0,1.0,1
C106288,7,1,20376.560000000005,20376.560000000005,11.0,5.0,1.0,1.0,0
C102402,132,1,34008.518,34008.518,4.0,2.0,0.0,1.0,1
C102331,914,1,24710.951999999997,24710.951999999997,10.0,3.0,1.0,1.0,1
C102943,409,1,14149.36,14149.36,8.0,5.0,0.0,1.0,1
C105532,227,1,16933.629999999997,16933.629999999997,8.0,2.0,0.0,0.0,1
C102991,18,1,447.8904999999999,447.8904999999999,17.0,6.0,0.0,1.0,0
C110989,290,1,10469.841,10469.841,11.0,3.0,0.0,1.0,1
C106329,665,1,19729.143,19729.143,9.0,4.0,1.0,1.0,1
C100606,719,1,8786.6165,8786.6165,5.0,1.0,0.0,1.0,1
C102675,122,2,58286.212,29143.106,11.0,4.0,0.0,0.5,1
C113754,756,1,30307.222999999998,30307.222999999998,7.0,3.0,0.0,1.0,1
C105856,117,1,19957.405,19957.405,8.0,3.0,0.0,1.0,1
C107141,327,1,17150.89,17150.89,7.0,4.0,0.0,0.0,1
C110992,716,1,7173.3150000000005,7173.3150000000005,4.0,2.0,0.0,1.0,1
C110893,263,1,7516.5755,7516.5755,9.0,4.0,0.0,1.0,1
C110599,444,1,8360.74,8360.74,12.0,1.0,0.0,0.0,1
C104013,84,2,27375.924,13687.962,10.0,1.0,0.0,0.5,0
C101905,10,1,73850.036,73850.036,5.0,2.0,0.0,1.0,0
C101652,8,1,32910.6125,32910.6125,11.0,3.0,0.0,1.0,0
C114886,125,1,34586.87,34586.87,9.0,4.0,0.0,0.0,1
C108194,147,1,7320.0599999999995,7320.0599999999995,4.0,2.0,0.0,1.0,1
C106727,55,1,48957.246,48957.246,10.0,3.0,0.0,1.0,0
C112295,86,1,16629.48,16629.48,16.0,5.0,0.0,1.0,0
C113659,29,1,30663.957499999997,30663.957499999997,6.0,2.0,0.0,1.0,0
C100766,283,1,22277.53,22277.53,7.0,3.0,1.0,0.0,1
C114677,118,1,21794.004,21794.004,5.0,0.0,0.0,1.0,1
C104117,367,1,15769.6335,15769.6335,6.0,0.0,0.0,1.0,1
C109709,134,1,26547.78,26547.78,3.0,1.0,1.0,0.0,1
C114558,21,1,16228.64,16228.64,10.0,4.0,0.0,0.0,0
C113103,34,1,34075.31,34075.31,6.0,1.0,0.0,1.0,0
C113508,58,1,39860.35,39860.35,7.0,1.0,0.0,0.0,0
C107787,751,1,26009.508499999996,26009.508499999996,7.0,1.0,0.0,1.0,1
C112134,336,2,4748.3279999999995,2374.1639999999998,4.0,0.0,0.0,1.0,1
C100728,82,1,3459.753,3459.753,14.0,4.0,0.0,1.0,0
C103975,67,1,25536.855,25536.855,14.0,6.0,0.0,1.0,0
C113010,266,1,1798.426,1798.426,6.0,3.0,0.0,1.0,1
C114824,807,1,35736.19,35736.19,9.0,3.0,0.0,0.0,1
C107691,56,1,20226.379,20226.379,5.0,0.0,0.0,1.0,0
C107916,4,1,28057.581000000002,28057.581000000002,6.0,1.0,0.0,1.0,0
C104889,-1,1,25534.05,25534.05,4.0,1.0,1.0,0.0,0
C106518,234,2,44944.25,22472.125,10.0,3.0,1.0,0.0,1
C107954,182,1,21680.03,21680.03,6.0,3.0,0.0,0.0,1
C108045,149,2,51650.1,25825.05,4.0,0.0,0.0,0.0,1
C105148,438,1,40828.9385,40828.9385,8.0,2.0,0.0,1.0,1
C109359,38,1,6169.05,6169.05,9.0,3.0,0.0,1.0,0
C113417,276,1,18380.43,18380.43,8.0,4.0,0.0,0.0,1
C104125,267,1,19825.14,19825.14,10.0,2.0,0.0,0.0,1
C114862,4,1,53071.979999999996,53071.979999999996,7.0,1.0,0.0,0.0,0
C103594,119,1,257.368,257.368,18.0,4.0,0.0,1.0,1
C108739,4,1,7805.295,7805.295,12.0,3.0,0.0,1.0,0
C105279,323,1,13489.686000000002,13489.686000000002,8.0,2.0,0.0,1.0,1
C113038,126,1,12857.82,12857.82,13.0,2.0,0.0,0.0,1
C111020,346,1,43825.59,43825.59,4.0,0.0,1.0,1.0,1
C100595,193,1,69182.458,69182.458,9.0,0.0,1.0,1.0,1
C100986,640,1,4652.52,4652.52,6.0,3.0,0.0,0.0,1
C101319,27,1,53105.76000000001,53105.76000000001,8.0,2.0,0.0,1.0,0
C102253,124,1,17358.228000000003,17358.228000000003,14.0,2.0,0.0,1.0,1
C114673,1,1,20087.34,20087.34,8.0,1.0,0.0,0.0,0
C106564,8,1,5213.040000000001,5213.040000000001,6.0,1.0,0.0,1.0,0
C104631,394,1,10256.144,10256.144,9.0,3.0,1.0,1.0,1
C104675,42,1,1523.63,1523.63,6.0,2.0,0.0,0.0,0
C106840,11,1,26476.765999999996,26476.765999999996,7.0,1.0,0.0,1.0,0
C101197,0,1,46419.489,46419.489,9.0,3.0,1.0,1.0,0
C101971,280,1,68548.54999999999,68548.54999999999,12.0,2.0,1.0,0.0,1
C110915,9,1,24274.949999999997,24274.949999999997,10.0,4.0,1.0,0.0,0
C112716,19,1,36122.12,36122.12,10.0,4.0,0.0,0.0,0
C109090,639,1,38096.200000000004,38096.200000000004,6.0,2.0,1.0,0.0,1
C100928,276,1,32858.6455,32858.6455,8.0,3.0,0.0,1.0,1
C106929,876,2,11951.27,5975.635,12.0,2.0,0.0,0.0,1
C103211,431,1,12184.643,12184.643,6.0,0.0,0.0,1.0,1
C106842,64,1,12236.76,12236.76,5.0,0.0,0.0,1.0,0
C105863,195,1,35189.84,35189.84,7.0,4.0,0.0,0.0,1
C101412,361,1,12325.81,12325.81,10.0,3.0,0.0,0.0,1
C110352,540,1,43830.76800000001,43830.76800000001,6.0,1.0,0.0,1.0,1
C107508,661,1,2633.691,2633.691,4.0,1.0,0.0,1.0,1
C100886,107,1,44423.2,44423.2,12.0,3.0,1.0,0.0,1
C105628,190,2,83980.282,41990.141,9.0,3.0,0.0,0.5,1
C111124,-1,1,21734.07,21734.07,3.0,2.0,0.0,0.0,0
C100102,367,1,5514.32,5514.32,11.0,4.0,0.0,0.0,1
C112736,179,1,23034.456,23034.456,12.0,3.0,0.0,1.0,1
C111470,561,1,12036.289,12036.289,9.0,1.0,0.0,1.0,1
C103854,28,1,60419.943,60419.943,10.0,2.0,0.0,1.0,0
C110445,187,2,61904.867,30952.4335,11.0,0.0,0.0,0.5,1
C110437,347,1,41374.93,41374.93,4.0,2.0,0.0,0.0,1
C103027,144,1,8850.208,8850.208,11.0,3.0,0.0,1.0,1
C102836,356,1,7833.832999999999,7833.832999999999,8.0,2.0,0.0,1.0,1
C105551,400,1,16389.054,16389.054,8.0,3.0,1.0,1.0,1
C103272,530,1,13535.770999999999,13535.770999999999,7.0,2.0,0.0,1.0,1
C102526,107,1,13773.789000000002,13773.789000000002,8.0,3.0,1.0,1.0,1
C108179,215,1,29205.311499999996,29205.311499999996,12.0,5.0,1.0,1.0,1
C113185,180,2,41650.253,20825.1265,8.0,2.0,0.0,0.5,1
C110102,797,1,12391.51,12391.51,11.0,3.0,0.0,0.0,1
C109241,78,1,18014.6,18014.6,3.0,2.0,1.0,0.0,0
C108808,421,1,24978.744,24978.744,13.0,5.0,0.0,1.0,1
C113160,99,1,8087.472000000001,8087.472000000001,5.0,1.0,0.0,1.0,1
C114503,167,1,55448.130000000005,55448.130000000005,9.0,2.0,0.0,0.0,1
C108252,129,1,11323.742499999998,11323.742499999998,8.0,1.0,0.0,1.0,1
C101299,25,1,30184.5,30184.5,7.0,2.0,0.0,0.0,0
C113292,224,1,21188.28,21188.28,5.0,1.0,0.0,0.0,1
C113694,537,1,22991.216,22991.216,11.0,6.0,0.0,1.0,1
C109102,408,1,31384.25,31384.25,12.0,2.0,0.0,0.0,1
C107626,83,1,5219.63,5219.63,5.0,2.0,0.0,0.0,0
C100899,280,1,1336.1065,1336.1065,10.0,3.0,0.0,1.0,1
C113675,579,1,5617.7435,5617.7435,6.0,4.0,0.0,1.0,1
C114611,144,1,13546.048,13546.048,10.0,2.0,0.0,1.0,1
C107809,96,2,10791.306,5395.653,14.0,2.0,0.0,1.0,1
C114429,486,1,29084.99,29084.99,7.0,3.0,0.0,0.0,1
C100224,96,1,10727.99,10727.99,10.0,3.0,0.0,0.0,1
C109164,13,2,51994.67250000001,25997.33625,8.0,3.0,0.0,1.0,0
C100252,351,2,11996.35,5998.175,10.0,2.0,1.0,0.5,1
C105192,305,2,31906.05,15953.025,7.0,5.0,0.0,0.0,1
C110457,146,1,17737.564,17737.564,7.0,2.0,1.0,1.0,1
C111382,334,1,11847.9535,11847.9535,14.0,5.0,0.0,1.0,1
C106408,302,1,24595.62,24595.62,6.0,1.0,0.0,0.0,1
C104287,568,1,76923.2,76923.2,5.0,2.0,1.0,0.0,1
C113414,347,1,24833.718999999997,24833.718999999997,8.0,4.0,1.0,1.0,1
C113094,112,1,7862.23,7862.23,5.0,2.0,0.0,0.0,1
C107095,388,1,16844.33,16844.33,12.0,3.0,1.0,0.0,1
C109238,247,1,44174.72,44174.72,7.0,1.0,0.0,0.0,1
C114795,91,1,5481.909000000001,5481.909000000001,11.0,3.0,0.0,1.0,1
C109814,7,2,31179.461499999998,15589.730749999999,5.0,2.0,1.0,1.0,0
C113793,787,1,19156.256,19156.256,7.0,1.0,1.0,1.0,1
C107833,373,1,48679.3,48679.3,11.0,4.0,1.0,0.0,1
C105427,242,1,4925.008000000001,4925.008000000001,8.0,0.0,0.0,1.0,1
C105541,27,2,11029.4715,5514.73575,9.0,4.0,0.0,1.0,0
C106830,309,1,22458.911999999997,22458.911999999997,14.0,6.0,0.0,1.0,1
C112113,812,1,28431.848,28431.848,9.0,3.0,0.0,1.0,1
C112515,208,1,22464.02,22464.02,12.0,1.0,0.0,0.0,1
C114548,302,1,6431.813999999999,6431.813999999999,6.0,2.0,1.0,1.0,1
C109042,450,1,7630.91,7630.91,6.0,2.0,0.0,0.0,1
C106900,481,1,12907.336000000001,12907.336000000001,4.0,0.0,0.0,1.0,1
C104140,276,1,10759.18,10759.18,5.0,0.0,0.0,0.0,1
C110834,83,2,38529.217,19264.6085,10.0,5.0,0.0,0.5,0
C113041,184,1,25313.96,25313.96,8.0,3.0,0.0,0.0,1
C103136,627,2,75592.2485,37796.12424999999,8.0,1.0,2.0,1.0,1
C113962,133,1,13405.64,13405.64,6.0,2.0,0.0,1.0,1
C110648,236,1,6860.412,6860.412,7.0,2.0,0.0,1.0,1
C112615,135,1,6969.540000000001,6969.540000000001,10.0,1.0,1.0,0.0,1
C113867,437,1,42664.918,42664.918,6.0,2.0,1.0,1.0,1
C106162,48,1,32111.657,32111.657,8.0,3.0,0.0,1.0,0
C109826,29,1,21227.96,21227.96,5.0,2.0,0.0,0.0,0
C112769,331,2,62368.871,31184.4355,13.0,6.0,0.0,0.5,1
C100453,584,1,76985.577,76985.577,13.0,2.0,0.0,1.0,1
C102597,647,1,28401.807999999997,28401.807999999997,10.0,4.0,0.0,1.0,1
C110693,75,1,3608.437,3608.437,6.0,1.0,0.0,1.0,0
C112127,40,2,41484.936,20742.468000000004,9.0,2.0,0.0,1.0,0
C112802,99,2,105605.4455,52802.72275,5.0,4.0,0.0,0.5,1
C104366,135,1,34465.369999999995,34465.369999999995,7.0,2.0,0.0,0.0,1
C113381,3,1,17439.376000000004,17439.376000000004,15.0,3.0,1.0,1.0,0
C106876,464,1,18265.92,18265.92,7.0,1.0,0.0,0.0,1
C110662,123,1,14555.96,14555.96,5.0,1.0,0.0,1.0,1
C108979,311,1,51146.470499999996,51146.470499999996,10.0,5.0,0.0,1.0,1
C108974,163,1,5155.012,5155.012,9.0,2.0,0.0,1.0,1
C105120,213,1,5030.192999999999,5030.192999999999,12.0,2.0,0.0,1.0,1
C112759,586,1,3022.9,3022.9,10.0,1.0,0.0,0.0,1
C112175,425,1,19986.552,19986.552,6.0,1.0,0.0,1.0,1
C112647,427,1,28991.100000000002,28991.100000000002,13.0,5.0,1.0,0.0,1
C106175,6,1,11146.72,11146.72,11.0,3.0,0.0,0.0,0
C112642,1,2,18144.664,9072.332,8.0,1.0,0.0,0.5,0
C112731,1012,1,30162.12,30162.12,9.0,3.0,0.0,1.0,1
C106909,46,1,52370.88,52370.88,7.0,0.0,0.0,0.0,0
C113464,247,1,70658.53,70658.53,7.0,1.0,0.0,0.0,1
C109047,158,1,7450.11,7450.11,5.0,0.0,0.0,1.0,1
C101531,405,1,20822.056,20822.056,9.0,1.0,1.0,1.0,1
C103568,447,1,17121.773999999998,17121.773999999998,7.0,3.0,0.0,1.0,1
C106241,75,1,33538.528000000006,33538.528000000006,15.0,2.0,0.0,1.0,0
C103440,311,1,19722.21,19722.21,9.0,2.0,0.0,1.0,1
C112523,207,1,30253.642999999996,30253.642999999996,9.0,2.0,0.0,1.0,1
C111616,263,1,20048.94,20048.94,5.0,2.0,0.0,0.0,1
C100138,729,1,18828.86,18828.86,7.0,1.0,0.0,0.0,1
C111639,714,1,11664.747,11664.747,9.0,1.0,0.0,1.0,1
C110295,4,1,16413.62,16413.62,9.0,3.0,0.0,0.0,0
C110775,336,1,6738.5875,6738.5875,5.0,0.0,1.0,1.0,1
C111871,70,2,31435.391,15717.6955,4.0,1.0,0.0,1.0,0
C110340,211,1,47689.983,47689.983,7.0,4.0,1.0,1.0,1
C113209,291,1,4334.15,4334.15,4.0,2.0,1.0,0.0,1
C100066,186,1,33714.706,33714.706,10.0,4.0,0.0,1.0,1
C104731,329,1,4090.51,4090.51,6.0,0.0,0.0,0.0,1
C109650,751,1,13435.140000000001,13435.140000000001,4.0,1.0,0.0,0.0,1
C102823,151,1,13088.333999999999,13088.333999999999,10.0,2.0,1.0,1.0,1
C101219,6,1,31130.62,31130.62,7.0,4.0,0.0,0.0,0
C105328,738,1,26799.2,26799.2,14.0,3.0,0.0,0.0,1
C103060,297,1,21505.464,21505.464,7.0,2.0,0.0,1.0,1
C101902,161,1,3185.0640000000003,3185.0640000000003,7.0,3.0,0.0,1.0,1
C105775,43,1,10618.33,10618.33,14.0,3.0,0.0,0.0,0
C107154,192,1,14924.8525,14924.8525,5.0,0.0,0.0,1.0,1
C112580,8,1,28545.160000000003,28545.160000000003,12.0,8.0,0.0,1.0,0
C114108,499,1,27477.28,27477.28,4.0,0.0,0.0,0.0,1
C101192,278,1,8279.8415,8279.8415,12.0,0.0,0.0,1.0,1
C113519,60,1,16673.85,16673.85,4.0,1.0,0.0,0.0,0
C103796,388,1,24676.290500000003,24676.290500000003,8.0,1.0,0.0,1.0,1
C113073,126,2,21460.0925,10730.046250000001,6.0,1.0,0.0,0.5,1
C111951,81,1,5590.87,5590.87,5.0,0.0,0.0,0.0,0
C112322,0,1,15728.344000000001,15728.344000000001,13.0,2.0,0.0,1.0,0
C106599,49,1,79763.67,79763.67,11.0,2.0,1.0,0.0,0
C112782,347,1,45240.435,45240.435,8.0,2.0,0.0,1.0,1
C109063,556,1,15924.833999999997,15924.833999999997,5.0,2.0,0.0,1.0,1
C107452,461,1,14918.85,14918.85,8.0,1.0,0.0,0.0,1
C114117,42,1,22142.41,22142.41,9.0,1.0,0.0,1.0,0
C107335,678,1,3201.606,3201.606,7.0,3.0,0.0,1.0,1
C112990,519,1,12791.61,12791.61,9.0,3.0,0.0,0.0,1
C108978,470,1,254.16699999999997,254.16699999999997,7.0,0.0,0.0,1.0,1
C111658,828,1,3652.28,3652.28,10.0,2.0,1.0,0.0,1
C109389,688,1,382.74,382.74,6.0,1.0,0.0,0.0,1
C103236,190,1,68691.76999999999,68691.76999999999,8.0,0.0,0.0,0.0,1
C100770,345,1,3411.8064999999997,3411.8064999999997,8.0,3.0,1.0,1.0,1
C105965,116,1,23185.03,23185.03,5.0,1.0,1.0,0.0,1
C103114,18,1,15990.592,15990.592,6.0,1.0,0.0,1.0,0
C102596,6,1,21635.357,21635.357,5.0,1.0,0.0,1.0,0
C101218,87,1,21267.53,21267.53,4.0,2.0,0.0,0.0,0
C112551,559,1,23146.978,23146.978,9.0,4.0,0.0,1.0,1
C114009,104,1,23557.212,23557.212,5.0,0.0,0.0,1.0,1
C104533,48,1,14510.48,14510.48,7.0,2.0,1.0,0.0,0
C103029,26,1,48056.73,48056.73,6.0,3.0,1.0,0.0,0
C105586,183,1,29471.472,29471.472,5.0,0.0,0.0,1.0,1
C113241,368,1,4251.824,4251.824,12.0,4.0,0.0,1.0,1
C104822,422,1,7645.81,7645.81,8.0,3.0,0.0,0.0,1
C112664,399,1,38283.9645,38283.9645,5.0,3.0,0.0,1.0,1
C114922,13,1,11769.3465,11769.3465,7.0,0.0,1.0,1.0,0
C110517,121,2,66247.0005,33123.50025,10.0,3.0,0.0,0.5,1
C114560,9,1,52471.64749999999,52471.64749999999,11.0,4.0,1.0,1.0,0
C100856,479,1,20437.2725,20437.2725,8.0,4.0,0.0,1.0,1
C110144,188,1,8512.48,8512.48,9.0,2.0,0.0,0.0,1
C114660,15,1,1373.26,1373.26,7.0,2.0,0.0,0.0,0
C105669,620,1,13023.46,13023.46,6.0,2.0,0.0,0.0,1
C104790,56,1,63090.23,63090.23,6.0,1.0,0.0,0.0,0
C100438,117,1,23241.46,23241.46,11.0,4.0,1.0,0.0,1
C101842,455,1,7700.92,7700.92,8.0,3.0,0.0,0.0,1
C112105,546,1,22083.29,22083.29,6.0,1.0,0.0,0.0,1
C108599,278,1,28053.9,28053.9,10.0,3.0,0.0,0.0,1
C101184,17,1,55307.6045,55307.6045,7.0,3.0,0.0,1.0,0
C112046,167,1,24317.776,24317.776,5.0,1.0,0.0,1.0,1
C111049,868,1,284.751,284.751,12.0,6.0,0.0,1.0,1
C105047,740,1,12881.24,12881.24,3.0,3.0,0.0,1.0,1
C105293,90,1,9218.52,9218.52,6.0,2.0,0.0,0.0,0
C107101,87,1,734.29,734.29,9.0,5.0,0.0,0.0,0
C103631,33,1,13269.163,13269.163,12.0,2.0,0.0,1.0,0
C100480,179,1,10311.19,10311.19,6.0,2.0,0.0,0.0,1
C111094,0,1,2953.5215,2953.5215,11.0,1.0,1.0,1.0,0
C107299,1016,1,1687.62,1687.62,5.0,3.0,0.0,0.0,1
C106024,16,1,10699.928,10699.928,7.0,3.0,0.0,1.0,0
C103694,235,1,7951.095,7951.095,12.0,4.0,0.0,1.0,1
C114825,14,1,720.9454999999999,720.9454999999999,5.0,0.0,0.0,1.0,0
C103570,617,1,70134.83,70134.83,6.0,0.0,1.0,0.0,1
C103365,102,1,4319.384,4319.384,9.0,2.0,0.0,1.0,1
C100571,112,1,13089.492,13089.492,10.0,1.0,0.0,1.0,1
C114255,169,1,3142.016,3142.016,8.0,0.0,0.0,1.0,1
C114378,112,1,18499.68,18499.68,9.0,2.0,0.0,0.0,1
C112472,23,1,31873.8865,31873.8865,10.0,4.0,0.0,1.0,0
C102326,194,1,13790.621,13790.621,11.0,4.0,0.0,1.0,1
C111757,437,1,23657.65,23657.65,11.0,3.0,0.0,0.0,1
C102170,180,1,10187.54,10187.54,11.0,1.0,0.0,0.0,1
C103502,297,1,28394.88,28394.88,6.0,2.0,0.0,0.0,1
C106874,698,1,4755.035,4755.035,11.0,4.0,0.0,1.0,1
C102104,600,1,19707.6,19707.6,4.0,1.0,0.0,0.0,1
C108809,743,1,12995.785999999998,12995.785999999998,8.0,3.0,0.0,1.0,1
C109195,271,1,41674.8,41674.8,7.0,3.0,0.0,0.0,1
C104679,250,1,14687.1075,14687.1075,5.0,1.0,0.0,1.0,1
C114605,-1,1,19649.556,19649.556,7.0,2.0,0.0,1.0,0
C101750,75,1,15445.571,15445.571,10.0,3.0,0.0,1.0,0
C108316,50,1,43796.13,43796.13,12.0,3.0,0.0,0.0,0
C104029,538,1,12701.488000000001,12701.488000000001,8.0,1.0,1.0,1.0,1
C104187,513,1,64708.72,64708.72,9.0,3.0,1.0,0.0,1
C100926,168,1,9107.592,9107.592,4.0,1.0,0.0,1.0,1
C111511,544,1,25108.699999999997,25108.699999999997,5.0,0.0,0.0,0.0,1
C113494,456,1,17754.5785,17754.5785,7.0,1.0,0.0,1.0,1
C103323,564,1,18781.8805,18781.8805,6.0,0.0,1.0,1.0,1
C108493,354,1,1566.14,1566.14,7.0,1.0,0.0,0.0,1
C100941,656,1,17216.154000000002,17216.154000000002,3.0,1.0,0.0,1.0,1
C102617,624,1,7297.01,7297.01,2.0,0.0,0.0,0.0,1
C108212,42,1,13584.610499999999,13584.610499999999,6.0,3.0,0.0,1.0,0
C100095,588,1,7212.7429999999995,7212.7429999999995,9.0,2.0,0.0,1.0,1
C109210,124,1,1435.3,1435.3,10.0,3.0,0.0,0.0,1
C113102,105,1,12971.54,12971.54,9.0,3.0,0.0,0.0,1
C111380,22,1,13242.24,13242.24,12.0,2.0,0.0,1.0,0
C100100,331,1,39796.4,39796.4,5.0,2.0,0.0,0.0,1
C112492,280,1,42848.312,42848.312,8.0,3.0,1.0,1.0,1
C102502,148,1,18828.648,18828.648,6.0,0.0,1.0,1.0,1
C103486,172,1,31031.398499999996,31031.398499999996,7.0,1.0,0.0,1.0,1
C106915,382,1,24055.995,24055.995,11.0,3.0,1.0,1.0,1
C106854,184,1,31993.263,31993.263,12.0,5.0,0.0,1.0,1
C111458,493,1,33243.0935,33243.0935,8.0,4.0,0.0,1.0,1
C114317,31,1,29074.19,29074.19,6.0,3.0,2.0,0.0,0
C104590,87,1,26348.269999999997,26348.269999999997,7.0,2.0,0.0,0.0,0
C104062,294,1,13388.51,13388.51,6.0,1.0,0.0,0.0,1
C113777,9,1,35541.34,35541.34,8.0,2.0,0.0,0.0,0
C101849,256,1,20888.256,20888.256,7.0,1.0,0.0,1.0,1
C100515,6,1,34927.95,34927.95,6.0,1.0,0.0,0.0,0
C103657,876,1,66866.264,66866.264,10.0,1.0,0.0,1.0,1
C104824,108,1,19094.98,19094.98,7.0,2.0,0.0,0.0,1
C114337,583,1,40491.926,40491.926,8.0,2.0,1.0,1.0,1
C107386,323,1,6583.032000000001,6583.032000000001,7.0,2.0,0.0,1.0,1
C114517,139,1,13365.606999999998,13365.606999999998,5.0,1.0,0.0,1.0,1
C107139,248,1,5583.53,5583.53,13.0,5.0,0.0,1.0,1
C105795,254,1,75067.93,75067.93,8.0,4.0,0.0,0.0,1
C110694,720,1,37364.43,37364.43,11.0,4.0,0.0,0.0,1
C105006,43,1,15035.720000000001,15035.720000000001,6.0,1.0,0.0,1.0,0
C102496,404,1,32473.38,32473.38,6.0,1.0,0.0,0.0,1
C114338,260,1,32176.324999999997,32176.324999999997,14.0,2.0,0.0,1.0,1
C110897,19,1,15443.004,15443.004,8.0,1.0,1.0,1.0,0
C108205,254,1,54805.53,54805.53,10.0,3.0,0.0,0.0,1
C112883,156,1,11271.5185,11271.5185,13.0,6.0,0.0,1.0,1
C109417,399,1,12796.6,12796.6,8.0,2.0,0.0,0.0,1
C102913,118,1,7462.02,7462.02,7.0,1.0,0.0,0.0,1
C104873,722,1,13633.49,13633.49,9.0,4.0,0.0,1.0,1
