return_id,order_id,customer_id,product_id,return_date,return_reason,refund_amount
R1,O550068,C103557,P2542,2024-02-07,Defective product,2351.1
R2,O531051,C107196,P2546,2025-06-09,Defective product,6220.84
R3,O538822,C104779,P2704,2025-01-25,Not Specified,1897.97
R4,O532726,C108785,P2524,2025-09-12,Late delivery,2815.39
R5,O540109,C114777,P2380,2025-12-23,Damaged in transit,7317.72
R6,O536856,C111688,P2180,2025-03-09,Changed my mind,14434.63
R7,O550598,C111965,P2531,2025-07-19,Size issue,8223.11
R8,O532909,C104892,P2380,2026-01-12,Size issue,6884.74
R9,O549095,C114985,P2617,2025-03-17,Size issue,2747.12
R10,O530904,C114638,P2199,2025-08-20,Defective product,13458.04
R11,O523813,C100526,P2015,2025-12-08,Size issue,5699.09
R12,O540004,C102136,P2716,2025-12-02,Wrong item delivered,2852.13
R13,O516887,C112767,P2154,2025-09-23,Damaged in transit,6475.17
R14,O556006,C108179,P2177,2025-06-17,Better price found elsewhere,14843.85
R15,O541736,C110722,P2026,2024-05-18,Changed my mind,7480.37
R16,O538069,C109223,P2073,2024-12-21,Defective product,13013.1
R17,O514402,C111031,P2521,2025-10-27,Wrong item delivered,10801.32
R18,O546285,C102002,P2376,2025-12-16,Wrong item delivered,1302.26
R19,O541426,C111512,P2736,2024-10-16,Late delivery,9547.98
R20,O506088,C103778,P2362,2025-02-23,Late delivery,8084.22
R21,O554115,C112915,P2524,2024-12-26,Better price found elsewhere,4584.58
R22,O516239,C105229,P2080,2025-02-01,Damaged in transit,4097.86
R23,O530004,C104634,P2603,2023-12-11,Not as described,11190.52
R24,O526642,C108807,P2057,2025-10-01,Not Specified,9943.27
R25,O506499,C102921,P2125,2025-07-30,Damaged in transit,2707.72
R26,O557918,C108005,P2235,2024-09-01,Size issue,8133.21
R27,O524270,C104445,P2286,2024-07-26,Size issue,16152.51
R28,O518972,C109549,P2210,2024-09-12,Not Specified,14794.21
R29,O545866,C110126,P2796,2025-10-23,Not Specified,14966.98
R30,O530786,C102233,P2464,2025-07-15,Changed my mind,17874.66
R31,O546765,C107254,P2081,2026-01-14,Defective product,642.5
R32,O537183,C102478,P2084,2025-10-14,Size issue,17311.54
R33,O502224,C100215,P2019,2025-11-13,Changed my mind,14623.68
R34,O536631,C105753,P2346,2025-05-02,Not as described,5224.28
R35,O512553,C107066,P2492,2026-01-09,Not as described,4012.98
R36,O540095,C112693,P2375,2024-06-15,Defective product,13260.93
R37,O538367,C114288,P2630,2025-12-16,Better price found elsewhere,4859.79
R38,O515800,C102771,P2343,2025-07-13,Not as described,5925.18
R39,O550611,C112739,P2073,2024-08-02,Defective product,10623.28
R40,O502249,C101535,P2686,2025-12-24,Better price found elsewhere,10071.89
R41,O504530,C112256,P2404,2024-06-27,Changed my mind,9676.81
R42,O531844,C103267,P2621,2024-07-01,Changed my mind,5722.49
R43,O524721,C103345,P2575,2024-04-22,Wrong item delivered,5841.34
R44,O506600,C110071,P2171,2024-03-08,Defective product,9189.53
R45,O535061,C110766,P2208,2025-07-17,Late delivery,804.2
R46,O537749,C107818,P2673,2025-07-19,Changed my mind,3066.69
R47,O503436,C107051,P2132,2024-04-13,Size issue,23563.81
R48,O501676,C113162,P2483,2025-01-18,Better price found elsewhere,2050.15
R49,O546839,C107375,P2271,2025-10-27,Size issue,17869.15
R50,O510176,C104454,P2035,2025-06-25,Better price found elsewhere,11885.33
R51,O556834,C107616,P2222,2025-05-11,Better price found elsewhere,212.57
R52,O514992,C113737,P2249,2025-09-01,Not Specified,13199.65
R53,O553230,C113232,P2236,2025-03-24,Damaged in transit,9596.21
R54,O542480,C100212,P2647,2025-09-15,Defective product,16517.26
R55,O536673,C100852,P2278,2024-07-17,Late delivery,190.84
R56,O533439,C108784,P2303,2024-07-13,Not Specified,1117.57
R57,O512572,C103351,P2568,2025-10-12,Wrong item delivered,13772.41
R58,O553280,C113909,P2384,2025-10-02,Not Specified,6864.97
R59,O546248,C110516,P2632,2025-04-05,Better price found elsewhere,11736.47
R60,O500428,C109982,P2585,2023-10-27,Size issue,9707.26
R61,O551785,C111362,P2522,2025-06-24,Damaged in transit,20052.31
R62,O546980,C102909,P2603,2025-03-09,Late delivery,11692.68
R63,O538160,C109387,P2727,2025-12-23,Damaged in transit,12147.11
R64,O530930,C100896,P2373,2024-08-23,Damaged in transit,12284.74
R65,O536721,C102990,P2136,2026-01-08,Late delivery,4494.65
R66,O555556,C105735,P2474,2025-09-02,Defective product,3117.26
R67,O550035,C106888,P2236,2025-11-08,Damaged in transit,9257.99
R68,O556789,C108001,P2314,2025-12-25,Changed my mind,10737.08
R69,O510610,C113351,P2298,2023-08-26,Wrong item delivered,12781.54
R70,O501013,C112635,P2440,2025-02-10,Wrong item delivered,18845.86
R71,O557751,C108006,P2263,2025-12-17,Wrong item delivered,7715.52
R72,O522808,C110132,P2458,2025-12-17,Not Specified,8716.47
R73,O541516,C106579,P2656,2025-07-08,Changed my mind,14615.85
R74,O547345,C102692,P2543,2025-10-27,Size issue,3464.53
R75,O511008,C108736,P2177,2025-05-15,Better price found elsewhere,14460.21
R76,O535618,C106051,P2129,2025-02-25,Not Specified,9872.53
R77,O547386,C106988,P2076,2025-06-27,Not Specified,4895.19
R78,O554578,C102331,P2611,2023-07-24,Not Specified,2644.35
R79,O534165,C106805,P2784,2025-03-31,Not as described,4253.59
R80,O511898,C106286,P2429,2026-01-03,Changed my mind,8811.6
R81,O517951,C110644,P2293,2025-03-22,Defective product,14999.05
R82,O535654,C102175,P2231,2025-11-01,Better price found elsewhere,9119.71
R83,O512005,C100570,P2767,2025-11-18,Wrong item delivered,4206.4
R84,O514333,C114952,P2655,2024-11-27,Late delivery,11946.1
R85,O547150,C111635,P2754,2025-08-04,Not as described,4489.71
R86,O546527,C111744,P2752,2025-11-14,Not as described,5546.86
R87,O529057,C101315,P2248,2025-12-07,Not Specified,13489.88
R88,O505058,C102935,P2273,2025-09-13,Defective product,13071.18
R89,O522676,C102213,P2046,2025-04-26,Better price found elsewhere,12692.64
R90,O548371,C108781,P2436,2025-09-20,Wrong item delivered,10230.31
R91,O538002,C113840,P2172,2025-12-14,Better price found elsewhere,10117.93
R92,O523522,C106951,P2723,2025-09-18,Late delivery,6217.81
R93,O541065,C108833,P2762,2025-12-28,Size issue,11416.04
R94,O534265,C102257,P2275,2024-07-25,Not as described,1864.49
R95,O520471,C109485,P2557,2025-09-01,Wrong item delivered,10209.23
R96,O503838,C110414,P2132,2025-09-11,Late delivery,11483.56
R97,O530397,C113016,P2455,2025-10-05,Not Specified,1919.18
R98,O542122,C104169,P2438,2023-05-13,Changed my mind,10363.19
R99,O550624,C114814,P2215,2025-05-10,Changed my mind,9160.54
R100,O536754,C107903,P2020,2025-10-13,Not Specified,576.52
R101,O510540,C114105,P2406,2025-03-08,Damaged in transit,12313.41
R102,O518234,C113402,P2510,2024-07-24,Defective product,3758.99
R103,O509367,C104768,P2237,2026-01-21,Wrong item delivered,4918.77
R104,O553072,C110187,P2212,2025-01-15,Late delivery,1954.89
R105,O554228,C107001,P2722,2024-08-11,Size issue,11998.43
R106,O508530,C111371,P2190,2025-12-02,Better price found elsewhere,5739.7
R107,O553503,C102769,P2213,2026-01-16,Defective product,13686.92
R108,O559865,C108977,P2473,2025-12-28,Damaged in transit,16291.29
R109,O512374,C114098,P2194,2024-06-20,Wrong item delivered,8309.51
R110,O520087,C100321,P2072,2025-06-18,Defective product,5127.8
R111,O528556,C105725,P2431,2024-04-28,Wrong item delivered,2643.29
R112,O557171,C109556,P2276,2025-07-07,Damaged in transit,9236.08
R113,O503132,C114288,P2235,2025-09-02,Changed my mind,6497.28
R114,O530795,C108928,P2613,2024-04-23,Not Specified,11526.69
R115,O513057,C107699,P2103,2024-06-12,Size issue,12438.33
R116,O533840,C109197,P2657,2025-07-22,Damaged in transit,7559.92
R117,O556411,C106579,P2158,2026-01-13,Not as described,727.0
R118,O513449,C104634,P2054,2024-07-17,Late delivery,446.91
R119,O516814,C106331,P2391,2025-07-17,Damaged in transit,2964.56
R120,O520939,C107183,P2614,2024-11-12,Size issue,6151.04
R121,O511470,C110101,P2390,2025-12-28,Size issue,40876.02
R122,O509382,C114409,P2378,2024-08-17,Defective product,9170.09
R123,O531045,C105799,P2072,2024-02-22,Damaged in transit,6103.39
R124,O514396,C110393,P2004,2025-05-14,Wrong item delivered,24346.65
R125,O531101,C103266,P2530,2024-01-22,Late delivery,3678.12
R126,O508538,C111015,P2548,2025-11-26,Late delivery,12405.6
R127,O529921,C103729,P2221,2025-03-30,Late delivery,12906.98
R128,O501585,C106169,P2613,2025-01-20,Not as described,9921.34
R129,O545452,C100911,P2417,2024-12-21,Late delivery,15713.25
R130,O532963,C108070,P2244,2024-08-15,Damaged in transit,11854.56
R131,O519440,C110271,P2364,2025-05-13,Not Specified,10000.98
R132,O514616,C100203,P2443,2024-07-11,Late delivery,1698.89
R133,O516494,C113841,P2409,2025-02-17,Better price found elsewhere,12561.31
R134,O501020,C111317,P2664,2025-10-21,Changed my mind,5693.84
R135,O505734,C102073,P2312,2025-01-14,Late delivery,13062.3
R136,O548214,C109834,P2193,2025-10-28,Wrong item delivered,6110.48
R137,O552867,C110716,P2402,2025-08-23,Changed my mind,2671.18
R138,O552573,C105596,P2632,2023-12-01,Damaged in transit,12990.74
R139,O538918,C101074,P2062,2024-06-20,Better price found elsewhere,10406.8
R140,O507133,C108528,P2254,2025-11-24,Better price found elsewhere,1303.79
R141,O512132,C104027,P2669,2026-01-05,Defective product,4117.72
R142,O502055,C102912,P2142,2025-03-29,Wrong item delivered,14696.2
R143,O521566,C113798,P2669,2025-05-09,Size issue,3801.28
R144,O557487,C113591,P2701,2025-01-22,Late delivery,7991.44
R145,O543990,C101969,P2465,2025-09-16,Better price found elsewhere,39338.51
R146,O506164,C106312,P2585,2025-09-25,Changed my mind,19427.39
R147,O513265,C101672,P2228,2025-06-17,Not Specified,7174.3
R148,O500903,C100266,P2564,2024-09-11,Late delivery,10079.65
R149,O524175,C102866,P2648,2025-11-20,Not Specified,130.28
R150,O540336,C108308,P2507,2024-03-07,Size issue,411.91
R151,O512057,C114142,P2108,2026-01-02,Damaged in transit,7540.96
R152,O524223,C113523,P2554,2025-06-29,Not Specified,15388.15
R153,O507266,C102212,P2585,2025-07-01,Wrong item delivered,8450.11
R154,O527489,C103606,P2217,2025-08-24,Not as described,3007.31
R155,O555388,C106878,P2654,2025-12-18,Wrong item delivered,5187.97
R156,O552920,C104472,P2709,2025-11-09,Late delivery,8026.9
R157,O510430,C103010,P2176,2026-01-05,Not as described,3772.05
R158,O520351,C106600,P2638,2025-09-27,Better price found elsewhere,16703.29
R159,O555921,C114359,P2703,2025-07-31,Damaged in transit,30031.48
R160,O505570,C104689,P2469,2025-09-14,Better price found elsewhere,95.28
R161,O551559,C104760,P2011,2024-12-01,Not as described,18398.37
R162,O548990,C112788,P2443,2025-05-01,Better price found elsewhere,1560.93
R163,O507558,C104552,P2365,2025-09-21,Defective product,433.96
R164,O528912,C112497,P2174,2024-08-13,Better price found elsewhere,5760.68
R165,O529174,C114410,P2106,2026-01-14,Damaged in transit,12024.74
R166,O526887,C105020,P2521,2025-08-29,Not as described,12187.28
R167,O553504,C103371,P2569,2024-12-17,Not Specified,7660.84
R168,O529809,C110401,P2489,2025-09-23,Better price found elsewhere,6832.97
R169,O506610,C114385,P2074,2023-09-19,Better price found elsewhere,10192.88
R170,O539337,C104128,P2494,2025-01-21,Not as described,9001.79
R171,O533723,C110924,P2220,2025-05-08,Damaged in transit,824.02
R172,O542990,C100574,P2742,2025-12-24,Changed my mind,25772.67
R173,O515282,C104952,P2596,2026-01-15,Defective product,6268.22
R174,O520482,C113002,P2323,2025-06-24,Late delivery,34189.4
R175,O542032,C108430,P2235,2025-12-20,Damaged in transit,6768.95
R176,O513019,C106519,P2544,2025-04-18,Better price found elsewhere,29518.8
R177,O552468,C106166,P2347,2024-06-14,Late delivery,2551.24
R178,O553150,C105205,P2408,2025-11-13,Late delivery,15049.82
R179,O505650,C106142,P2353,2025-11-04,Not as described,51060.84
R180,O543123,C112114,P2594,2025-10-17,Not as described,17487.5
R181,O511659,C103622,P2700,2025-12-12,Defective product,3474.26
R182,O556874,C111504,P2596,2025-11-25,Wrong item delivered,6184.24
R183,O552966,C112411,P2064,2024-09-30,Size issue,0.0
R184,O529979,C101599,P2579,2024-01-04,Changed my mind,831.3
R185,O505984,C105472,P2124,2025-05-29,Not Specified,13851.0
R186,O537631,C101729,P2096,2025-10-01,Changed my mind,6608.22
R187,O529239,C110847,P2422,2025-05-11,Better price found elsewhere,24106.68
R188,O508376,C113192,P2295,2024-11-11,Late delivery,15787.29
R189,O528346,C112926,P2516,2025-12-17,Not as described,5824.69
R190,O526386,C110491,P2678,2025-09-29,Damaged in transit,14398.66
R191,O555249,C112646,P2649,2025-11-04,Better price found elsewhere,1151.58
R192,O502304,C111878,P2307,2025-06-11,Defective product,4828.6
R193,O536617,C101416,P2097,2026-01-08,Better price found elsewhere,12586.77
R194,O515449,C109744,P2556,2026-01-23,Wrong item delivered,4442.27
R195,O509323,C108013,P2010,2025-12-05,Not as described,11913.47
R196,O500747,C104488,P2548,2025-11-15,Not as described,13224.01
R197,O549796,C102793,P2291,2025-12-02,Changed my mind,8291.62
R198,O529311,C110049,P2789,2025-11-11,Wrong item delivered,47005.0
R199,O538232,C107191,P2598,2024-11-18,Better price found elsewhere,10968.01
R200,O544107,C110307,P2013,2025-11-01,Size issue,13200.63
R201,O548725,C101826,P2277,2025-02-19,Not Specified,9157.87
R202,O534963,C106044,P2094,2024-06-10,Better price found elsewhere,1005.06
R203,O531961,C103988,P2581,2024-11-12,Size issue,4066.57
R204,O549675,C105668,P2225,2025-05-09,Size issue,1235.91
R205,O528610,C111915,P2066,2025-07-15,Changed my mind,1885.5
R206,O550583,C103766,P2717,2025-07-17,Better price found elsewhere,735.36
R207,O545485,C101667,P2463,2025-07-02,Not as described,27760.26
R208,O510210,C112693,P2625,2024-11-02,Changed my mind,1739.86
R209,O532888,C109878,P2303,2025-08-22,Size issue,1126.06
R210,O508926,C112396,P2186,2025-01-12,Not as described,40740.98
R211,O531579,C110548,P2290,2024-07-17,Damaged in transit,14008.97
R212,O550179,C112881,P2353,2025-12-07,Damaged in transit,18934.44
R213,O531732,C114473,P2114,2025-01-18,Defective product,14608.15
R214,O542855,C107405,P2739,2025-10-26,Not as described,11330.57
R215,O548355,C113079,P2069,2025-12-14,Wrong item delivered,16366.61
R216,O533813,C114001,P2272,2025-10-26,Not as described,14570.04
R217,O535977,C108541,P2289,2024-06-17,Changed my mind,1425.7
R218,O540285,C101013,P2282,2024-11-03,Defective product,9316.79
R219,O551461,C111362,P2142,2025-10-05,Changed my mind,5150.92
R220,O521305,C114412,P2252,2025-04-20,Late delivery,443.85
R221,O512300,C108772,P2271,2024-09-10,Changed my mind,49257.57
R222,O512761,C100932,P2068,2025-10-07,Late delivery,16411.25
R223,O522097,C100621,P2395,2025-01-25,Not Specified,6056.39
R224,O535881,C112582,P2719,2025-07-28,Damaged in transit,180.62
R225,O541776,C101874,P2729,2024-08-02,Defective product,3000.07
R226,O525302,C100925,P2500,2025-10-23,Wrong item delivered,11581.7
R227,O508207,C105211,P2009,2025-09-23,Better price found elsewhere,434.24
R228,O532612,C100284,P2784,2026-01-13,Changed my mind,8812.11
R229,O559268,C106857,P2741,2024-08-22,Defective product,11131.62
R230,O515590,C111141,P2185,2025-12-08,Wrong item delivered,14727.4
R231,O524214,C106603,P2008,2025-05-10,Size issue,6812.29
R232,O514475,C114491,P2145,2026-01-09,Changed my mind,18462.16
R233,O545950,C114709,P2259,2025-05-01,Late delivery,11184.47
R234,O531310,C108429,P2079,2025-08-07,Better price found elsewhere,7305.23
R235,O525190,C110062,P2276,2025-04-27,Size issue,9872.46
R236,O528745,C100096,P2480,2025-04-19,Better price found elsewhere,12773.27
R237,O507564,C114004,P2210,2025-10-07,Not as described,15465.23
R238,O553379,C109292,P2567,2024-04-25,Size issue,3973.41
R239,O515325,C109880,P2097,2025-11-24,Not as described,11799.85
R240,O551187,C113824,P2725,2025-10-05,Damaged in transit,7855.69
R241,O534006,C107725,P2698,2024-04-15,Defective product,12313.97
R242,O535307,C111371,P2498,2025-10-13,Size issue,18670.82
R243,O542138,C107999,P2524,2026-01-09,Damaged in transit,2726.4
R244,O536315,C112662,P2660,2023-12-28,Not Specified,1297.36
R245,O542287,C113323,P2602,2025-07-22,Size issue,18199.27
R246,O546846,C114335,P2296,2024-12-31,Not Specified,2713.25
R247,O519315,C107089,P2086,2025-04-09,Not as described,15838.33
R248,O557441,C113744,P2756,2025-12-30,Not as described,10506.91
R249,O528369,C102145,P2102,2024-04-06,Late delivery,16432.87
R250,O526275,C104703,P2024,2025-04-15,Better price found elsewhere,3044.93
R251,O543528,C100725,P2405,2025-09-29,Size issue,14057.16
R252,O528677,C111708,P2706,2025-05-21,Damaged in transit,12639.11
R253,O546855,C112198,P2137,2023-09-21,Changed my mind,2243.62
R254,O503857,C102618,P2442,2025-03-13,Wrong item delivered,9382.39
R255,O554009,C111164,P2687,2025-03-13,Size issue,5148.91
R256,O518750,C113915,P2707,2025-09-07,Late delivery,20843.12
R257,O558715,C103570,P2011,2024-05-22,Not Specified,52163.51
R258,O501060,C102478,P2631,2025-09-11,Defective product,8081.57
R259,O532145,C105970,P2219,2024-02-13,Better price found elsewhere,4106.28
R260,O520934,C114157,P2657,2024-12-03,Not Specified,6798.99
R261,O535632,C104545,P2403,2025-04-09,Late delivery,14579.65
R262,O550074,C113781,P2440,2025-04-02,Size issue,58336.38
R263,O555183,C110910,P2007,2025-11-26,Late delivery,47639.92
R264,O541694,C106621,P2528,2025-10-08,Wrong item delivered,3415.24
R265,O548477,C112192,P2645,2025-08-18,Wrong item delivered,6591.4
R266,O522476,C103505,P2226,2024-02-09,Defective product,35300.41
R267,O556964,C106598,P2579,2025-04-19,Size issue,1506.23
R268,O522324,C105685,P2641,2025-01-22,Defective product,6920.36
R269,O529739,C105903,P2241,2025-04-29,Damaged in transit,10873.14
R270,O500128,C112828,P2342,2025-12-06,Damaged in transit,16497.38
R271,O508706,C113622,P2279,2025-12-22,Not as described,15526.97
R272,O525588,C111376,P2554,2023-12-01,Defective product,16947.53
R273,O543573,C112405,P2547,2024-01-12,Wrong item delivered,9932.05
R274,O513201,C100035,P2593,2025-04-29,Wrong item delivered,13605.64
R275,O516520,C112960,P2143,2024-09-11,Wrong item delivered,28562.57
R276,O539310,C111195,P2290,2025-09-17,Not Specified,16561.28
R277,O531842,C109035,P2262,2025-04-25,Late delivery,12228.78
R278,O520605,C105496,P2206,2025-10-27,Not Specified,4757.53
R279,O508588,C107421,P2344,2025-05-01,Wrong item delivered,14810.98
R280,O516357,C101667,P2755,2025-05-08,Changed my mind,30588.41
R281,O555075,C112934,P2022,2025-12-07,Defective product,7795.45
R282,O517796,C105155,P2085,2025-09-29,Wrong item delivered,13813.43
R283,O522686,C112504,P2174,2025-07-25,Not as described,6032.54
R284,O517122,C100637,P2709,2025-12-24,Defective product,9757.05
R285,O505694,C113576,P2722,2025-04-28,Damaged in transit,12685.83
R286,O518273,C112355,P2364,2024-12-07,Better price found elsewhere,10744.75
R287,O516287,C100277,P2765,2025-10-07,Defective product,5091.35
R288,O502624,C112548,P2787,2025-10-19,Not Specified,15396.63
R289,O542517,C100549,P2328,2025-07-29,Defective product,4906.42
R290,O519915,C112419,P2708,2024-10-06,Not as described,27060.97
R291,O501498,C112108,P2452,2025-07-13,Changed my mind,11595.53
R292,O503376,C108105,P2410,2025-11-05,Not Specified,11465.93
R293,O501868,C108350,P2219,2025-09-01,Wrong item delivered,3951.74
R294,O559427,C107322,P2272,2025-10-20,Not Specified,16766.58
R295,O541604,C107747,P2631,2024-02-26,Defective product,2345.77
R296,O554381,C105841,P2042,2026-01-05,Not as described,12606.0
R297,O556000,C106331,P2647,2025-06-26,Late delivery,17280.74
R298,O556430,C112677,P2163,2025-08-02,Not as described,4488.06
R299,O516242,C110208,P2544,2024-07-24,Damaged in transit,18103.11
R300,O521805,C111835,P2309,2026-01-08,Late delivery,29146.37
R301,O517460,C105060,P2163,2026-01-26,Better price found elsewhere,5460.59
R302,O551485,C113163,P2656,2025-07-18,Changed my mind,34619.28
R303,O508028,C108397,P2275,2025-02-27,Size issue,2007.36
R304,O555737,C110661,P2075,2025-12-10,Damaged in transit,23032.93
R305,O539280,C100883,P2355,2025-07-13,Not as described,10243.62
R306,O521296,C109328,P2353,2026-01-03,Damaged in transit,18323.45
R307,O529937,C105432,P2710,2025-11-28,Defective product,802.8
R308,O527287,C100271,P2677,2025-04-13,Wrong item delivered,12759.55
R309,O543377,C112469,P2305,2024-03-30,Wrong item delivered,6725.51
R310,O542933,C107275,P2740,2025-04-15,Better price found elsewhere,9466.38
R311,O543134,C107803,P2785,2025-12-06,Changed my mind,16070.94
R312,O525615,C110914,P2298,2025-12-11,Late delivery,14951.24
R313,O500959,C114159,P2545,2025-08-02,Wrong item delivered,7329.28
R314,O538468,C109091,P2713,2023-07-10,Not Specified,8566.74
R315,O527972,C101850,P2347,2025-06-05,Wrong item delivered,2494.89
R316,O503701,C108283,P2207,2025-10-30,Defective product,16042.2
R317,O513332,C102722,P2632,2025-12-19,Wrong item delivered,13864.29
R318,O555917,C113973,P2453,2025-07-03,Size issue,15782.22
R319,O550637,C111057,P2040,2025-04-04,Better price found elsewhere,6627.22
R320,O537159,C103622,P2003,2025-11-20,Late delivery,11552.34
R321,O509242,C110477,P2435,2024-08-18,Better price found elsewhere,5153.68
R322,O521608,C111362,P2305,2025-12-16,Defective product,5688.56
R323,O530512,C101389,P2633,2025-09-28,Not Specified,11594.87
R324,O533699,C104885,P2200,2024-05-29,Damaged in transit,11635.33
R325,O547701,C111807,P2142,2024-11-22,Wrong item delivered,5121.48
R326,O534800,C105370,P2760,2025-10-08,Defective product,7140.92
R327,O504866,C103068,P2154,2025-12-04,Late delivery,14526.02
R328,O543895,C114888,P2432,2025-06-18,Size issue,920.26
R329,O539459,C103792,P2625,2025-12-03,Size issue,1961.16
R330,O518592,C108352,P2754,2025-10-26,Not Specified,4762.21
R331,O504998,C109967,P2446,2025-06-27,Wrong item delivered,12148.47
R332,O535691,C109226,P2793,2026-01-11,Changed my mind,14064.2
R333,O513262,C110653,P2187,2025-10-05,Not as described,15806.02
R334,O550072,C110902,P2479,2025-12-05,Defective product,4080.48
R335,O522474,C104664,P2280,2024-09-09,Better price found elsewhere,2622.99
R336,O545558,C111304,P2585,2025-04-15,Better price found elsewhere,10760.69
R337,O504399,C105278,P2183,2025-08-13,Defective product,5647.09
R338,O535980,C108351,P2111,2025-10-09,Late delivery,12885.85
R339,O550527,C107396,P2046,2024-06-02,Better price found elsewhere,24380.91
R340,O516878,C109384,P2241,2024-11-15,Not as described,24056.05
R341,O539322,C110317,P2088,2024-09-30,Late delivery,21780.86
R342,O518181,C102875,P2598,2025-01-31,Size issue,25927.79
R343,O548937,C107375,P2144,2024-05-16,Better price found elsewhere,6362.23
R344,O517396,C101938,P2683,2024-12-31,Better price found elsewhere,6760.53
R345,O536196,C107132,P2768,2024-12-31,Better price found elsewhere,13104.04
R346,O511184,C113613,P2299,2025-12-10,Size issue,10560.89
R347,O523592,C102967,P2251,2025-12-22,Changed my mind,17017.72
R348,O526842,C107714,P2626,2025-07-22,Defective product,3778.63
R349,O533995,C111491,P2724,2025-11-20,Better price found elsewhere,8464.46
R350,O532480,C103809,P2078,2024-10-27,Late delivery,14893.01
R351,O512023,C101160,P2312,2025-05-07,Changed my mind,14808.07
R352,O521125,C112056,P2218,2024-10-24,Changed my mind,17317.79
R353,O510011,C105029,P2337,2024-06-10,Better price found elsewhere,563.37
R354,O522354,C112298,P2238,2024-03-01,Late delivery,10162.18
R355,O544315,C106022,P2681,2024-07-13,Not as described,16314.9
R356,O512018,C113085,P2010,2023-07-07,Late delivery,11884.26
R357,O546600,C110524,P2609,2024-11-07,Changed my mind,6004.05
R358,O528705,C111281,P2730,2025-11-16,Late delivery,11964.62
R359,O511030,C100570,P2242,2025-07-30,Defective product,15302.41
R360,O505687,C107779,P2532,2025-12-03,Wrong item delivered,7414.82
R361,O556395,C100312,P2681,2025-09-12,Wrong item delivered,15535.48
R362,O547334,C112054,P2701,2024-08-01,Late delivery,7111.34
R363,O512025,C111635,P2241,2025-12-14,Not Specified,12870.58
R364,O514870,C103168,P2566,2026-01-08,Late delivery,8990.94
R365,O556030,C104620,P2376,2024-07-20,Better price found elsewhere,743.55
R366,O551733,C101391,P2251,2025-10-23,Size issue,18961.26
R367,O531768,C114244,P2166,2025-09-16,Changed my mind,5677.53
R368,O531661,C102739,P2144,2025-09-06,Wrong item delivered,12643.63
R369,O522117,C104316,P2143,2025-09-15,Not Specified,12293.58
R370,O526353,C101810,P2075,2025-01-11,Better price found elsewhere,8007.6
R371,O518320,C100131,P2248,2026-01-06,Not Specified,11821.87
R372,O535105,C101268,P2528,2026-01-11,Not Specified,3294.12
R373,O513163,C109869,P2518,2023-09-26,Late delivery,7194.55
R374,O556689,C114548,P2064,2025-03-25,Changed my mind,0.0
R375,O515724,C102565,P2113,2025-09-04,Not as described,23489.32
R376,O538953,C111512,P2096,2024-12-12,Defective product,6334.87
R377,O522989,C109419,P2397,2024-05-04,Not Specified,7815.06
R378,O524220,C101352,P2748,2025-10-29,Better price found elsewhere,2554.67
R379,O524015,C101836,P2679,2025-12-17,Wrong item delivered,4695.05
R380,O512872,C106838,P2671,2025-04-18,Late delivery,12201.39
R381,O551972,C101651,P2270,2024-04-17,Better price found elsewhere,27734.35
R382,O552565,C111324,P2105,2023-10-05,Not as described,3420.57
R383,O537619,C113504,P2567,2025-04-01,Better price found elsewhere,4298.66
R384,O528519,C104152,P2571,2024-10-10,Better price found elsewhere,1767.33
R385,O525146,C113468,P2673,2025-01-31,Changed my mind,3061.07
R386,O548586,C106386,P2052,2023-09-26,Defective product,1853.18
R387,O519440,C110271,P2146,2025-05-18,Size issue,6597.17
R388,O512317,C106514,P2511,2025-01-10,Late delivery,742.53
R389,O535830,C114468,P2547,2024-06-05,Wrong item delivered,8191.31
R390,O521539,C104315,P2569,2024-12-10,Defective product,8343.58
R391,O541371,C101635,P2410,2025-09-05,Damaged in transit,11051.44
R392,O502785,C108746,P2097,2025-10-14,Late delivery,12095.57
R393,O511048,C100825,P2168,2024-02-03,Better price found elsewhere,10845.73
R394,O556485,C105285,P2397,2025-09-02,Changed my mind,7272.58
R395,O500906,C107964,P2248,2025-09-21,Better price found elsewhere,13117.41
R396,O523258,C102699,P2252,2026-01-27,Defective product,499.2
R397,O501986,C106712,P2504,2025-07-24,Not Specified,9490.34
R398,O525213,C105209,P2669,2025-09-03,Defective product,7412.71
R399,O545852,C106623,P2639,2025-12-24,Not as described,5894.88
R400,O553954,C104347,P2349,2025-09-06,Size issue,15051.28
R401,O553263,C105645,P2023,2023-10-25,Not as described,5630.37
R402,O516343,C105476,P2531,2025-08-20,Defective product,7754.28
R403,O547956,C104753,P2226,2025-07-17,Not as described,21920.76
R404,O523827,C101294,P2584,2025-11-05,Not as described,562.73
R405,O521452,C114793,P2016,2025-12-18,Size issue,9871.05
R406,O550921,C113916,P2540,2026-01-12,Damaged in transit,13607.91
R407,O502788,C114985,P2336,2024-10-10,Late delivery,5789.71
R408,O500089,C109998,P2446,2025-10-20,Not Specified,11523.96
R409,O517689,C101950,P2005,2025-08-20,Wrong item delivered,11485.03
R410,O517296,C102009,P2482,2025-03-01,Size issue,10082.85
R411,O554083,C103261,P2123,2026-01-06,Better price found elsewhere,17414.52
R412,O531406,C100222,P2520,2025-04-25,Wrong item delivered,13612.35
R413,O525160,C105112,P2195,2025-12-07,Wrong item delivered,4662.44
R414,O555574,C102128,P2542,2024-06-30,Wrong item delivered,2391.1
R415,O514599,C109947,P2625,2025-09-17,Wrong item delivered,1815.86
R416,O557752,C109814,P2450,2026-01-21,Changed my mind,2655.52
R417,O514757,C110441,P2328,2025-12-27,Defective product,5579.27
R418,O514344,C109690,P2345,2025-09-11,Late delivery,356.95
R419,O517967,C111360,P2742,2025-03-15,Defective product,13209.75
R420,O514824,C112407,P2313,2024-03-12,Defective product,23821.35
R421,O532881,C105974,P2364,2025-05-10,Changed my mind,9271.96
R422,O508106,C114791,P2650,2023-08-24,Late delivery,6651.88
R423,O537149,C112072,P2477,2025-09-02,Size issue,10188.51
R424,O556598,C109695,P2619,2024-05-30,Late delivery,4844.35
R425,O520922,C112913,P2699,2025-12-01,Not Specified,5556.61
R426,O518682,C103094,P2536,2025-09-25,Not as described,6008.93
R427,O511124,C109746,P2797,2024-06-30,Changed my mind,14012.34
R428,O506699,C102432,P2787,2025-04-30,Damaged in transit,14640.92
R429,O507039,C109174,P2026,2025-10-16,Not Specified,6930.37
R430,O525365,C107760,P2320,2026-01-11,Changed my mind,1373.02
R431,O535862,C110241,P2715,2023-08-11,Changed my mind,13586.65
R432,O542935,C112965,P2021,2025-12-08,Wrong item delivered,7379.55
R433,O554609,C113785,P2009,2025-02-14,Not Specified,437.81
R434,O532372,C109352,P2794,2024-12-21,Better price found elsewhere,10628.43
R435,O500783,C110057,P2116,2025-09-01,Changed my mind,12152.09
R436,O528042,C102506,P2030,2025-07-23,Changed my mind,10972.22
R437,O549194,C108718,P2348,2025-06-22,Not as described,12483.09
R438,O539831,C110976,P2523,2025-09-16,Defective product,3482.14
R439,O535831,C106492,P2338,2023-08-15,Better price found elsewhere,5042.74
R440,O510961,C110653,P2120,2025-12-26,Defective product,333.89
R441,O535686,C111291,P2672,2025-11-21,Wrong item delivered,1467.03
R442,O517991,C108892,P2339,2025-10-26,Late delivery,17160.73
R443,O559873,C103057,P2333,2025-01-25,Defective product,14164.9
R444,O527050,C112933,P2063,2024-04-03,Damaged in transit,50192.6
R445,O512773,C108008,P2088,2025-01-10,Damaged in transit,6512.59
R446,O556800,C112081,P2629,2025-05-25,Late delivery,12878.19
R447,O508388,C100853,P2056,2023-12-12,Late delivery,732.0
R448,O518922,C111218,P2742,2025-05-31,Defective product,14072.95
R449,O507787,C110551,P2600,2024-11-04,Size issue,5238.69
R450,O510634,C103934,P2700,2025-06-23,Not Specified,3299.6
R451,O500131,C105303,P2509,2023-12-23,Changed my mind,2441.96
R452,O539545,C107800,P2339,2025-11-02,Changed my mind,49571.89
R453,O553272,C102250,P2570,2025-04-05,Late delivery,11592.08
R454,O554903,C100931,P2472,2025-03-30,Damaged in transit,13260.1
R455,O545287,C101510,P2664,2025-06-15,Better price found elsewhere,6035.86
R456,O534839,C102520,P2227,2024-09-06,Changed my mind,6069.5
R457,O547878,C114914,P2500,2024-08-28,Defective product,9319.12
R458,O535892,C104640,P2590,2026-01-05,Not Specified,27698.87
R459,O521318,C110071,P2482,2024-05-29,Better price found elsewhere,9722.57
R460,O505095,C111607,P2447,2024-06-04,Size issue,7699.52
R461,O530236,C106099,P2691,2025-12-28,Late delivery,31039.38
R462,O525063,C111386,P2327,2024-10-19,Not as described,6429.01
R463,O547854,C106884,P2679,2025-11-20,Size issue,15419.5
R464,O534263,C114758,P2185,2023-09-11,Late delivery,15985.28
R465,O522853,C113973,P2506,2025-06-24,Better price found elsewhere,12744.76
R466,O511637,C106868,P2597,2026-01-10,Not as described,10112.3
R467,O557209,C106868,P2470,2025-11-02,Damaged in transit,4407.37
R468,O552641,C111593,P2247,2025-08-17,Wrong item delivered,7192.67
R469,O512087,C101821,P2145,2026-01-01,Better price found elsewhere,8929.47
R470,O512016,C105868,P2032,2025-09-26,Size issue,9531.59
R471,O528527,C107715,P2119,2024-07-11,Damaged in transit,10976.94
R472,O521652,C106916,P2267,2025-12-18,Damaged in transit,4123.05
R473,O508602,C107829,P2343,2023-07-28,Defective product,5570.11
R474,O534960,C108071,P2263,2024-11-09,Wrong item delivered,8327.9
R475,O524199,C104872,P2414,2024-07-25,Not as described,5614.77
R476,O538635,C113753,P2345,2025-09-11,Defective product,381.26
R477,O547076,C101183,P2382,2025-09-09,Size issue,11207.37
R478,O504858,C103063,P2436,2025-08-30,Not as described,10751.15
R479,O512730,C105017,P2679,2025-10-28,Size issue,5420.62
R480,O503083,C109200,P2272,2025-11-18,Changed my mind,28913.67
R481,O532210,C106033,P2756,2025-07-04,Late delivery,31648.29
R482,O553838,C105039,P2742,2025-02-05,Damaged in transit,12895.15
R483,O540003,C107123,P2431,2025-02-22,Damaged in transit,2400.95
R484,O538634,C109804,P2117,2024-11-07,Wrong item delivered,37560.28
R485,O548061,C113554,P2504,2024-12-30,Defective product,9522.49
R486,O538392,C111023,P2627,2025-03-28,Better price found elsewhere,12320.01
R487,O559699,C110611,P2525,2025-03-27,Defective product,8595.45
R488,O508553,C114955,P2691,2025-09-09,Better price found elsewhere,16529.3
R489,O502217,C111865,P2671,2025-10-27,Late delivery,13693.19
R490,O554800,C102034,P2641,2024-10-30,Not Specified,5941.23
R491,O557196,C101788,P2080,2025-02-03,Defective product,3843.8
R492,O516865,C111631,P2200,2025-11-07,Late delivery,11236.91
R493,O539919,C109060,P2607,2025-07-13,Not as described,11304.36
R494,O527740,C108019,P2504,2025-10-14,Not Specified,11163.98
R495,O535957,C100201,P2040,2025-03-21,Not as described,21103.79
R496,O506353,C101252,P2196,2025-08-05,Wrong item delivered,11477.13
R497,O556200,C109202,P2208,2025-08-15,Defective product,850.52
R498,O537469,C112445,P2520,2025-04-04,Late delivery,15276.65
R499,O557224,C109946,P2550,2025-09-20,Late delivery,18080.48
R500,O553314,C107269,P2606,2025-10-11,Size issue,7168.99
R501,O524716,C106767,P2754,2024-07-16,Changed my mind,12794.53
R502,O520229,C105782,P2645,2025-12-08,Late delivery,6551.16
R503,O559082,C114787,P2737,2024-02-07,Damaged in transit,10258.25
R504,O538111,C101754,P2326,2025-07-16,Not Specified,1611.86
R505,O549651,C106312,P2114,2024-03-25,Defective product,16513.86
R506,O504287,C105696,P2306,2025-11-06,Not Specified,16103.25
R507,O518382,C112062,P2345,2023-09-20,Better price found elsewhere,414.02
R508,O528055,C106806,P2438,2026-01-29,Better price found elsewhere,10271.49
R509,O503033,C114590,P2458,2025-10-28,Late delivery,8308.66
R510,O523730,C103641,P2761,2023-07-30,Not Specified,10159.05
R511,O547074,C110223,P2129,2025-12-26,Late delivery,9597.81
R512,O546602,C106381,P2300,2025-05-20,Late delivery,4234.1
R513,O535216,C112555,P2347,2025-11-22,Size issue,2718.01
R514,O544156,C107658,P2206,2025-05-16,Not Specified,4720.38
R515,O534919,C111744,P2133,2025-12-23,Not as described,4409.68
R516,O542861,C108157,P2642,2025-06-05,Better price found elsewhere,7399.78
R517,O511972,C112858,P2423,2024-07-01,Late delivery,13728.41
R518,O510029,C103100,P2058,2025-12-01,Not Specified,9667.52
R519,O524381,C112758,P2242,2025-01-19,Size issue,17086.91
R520,O541387,C114969,P2762,2026-01-24,Wrong item delivered,12746.69
R521,O538717,C110622,P2460,2025-12-18,Wrong item delivered,6114.02
R522,O552162,C104779,P2434,2025-11-29,Wrong item delivered,10792.58
R523,O540251,C109439,P2711,2025-10-09,Not Specified,407.75
R524,O521053,C113679,P2737,2025-08-05,Damaged in transit,9810.99
R525,O558375,C111077,P2442,2024-09-13,Not Specified,17149.31
R526,O516949,C114400,P2432,2025-08-08,Not Specified,1094.32
R527,O529281,C104382,P2144,2025-04-02,Defective product,5979.8
R528,O553191,C103739,P2622,2024-08-08,Not Specified,178.1
R529,O557663,C111493,P2366,2025-10-30,Defective product,3809.57
R530,O538018,C111599,P2632,2024-03-18,Changed my mind,13662.45
R531,O514071,C111912,P2254,2025-03-14,Not as described,1325.25
R532,O538941,C109880,P2041,2025-05-02,Damaged in transit,15038.25
R533,O507922,C111141,P2107,2024-12-23,Changed my mind,7555.96
R534,O524836,C104277,P2469,2024-11-04,Not Specified,87.43
R535,O552307,C108200,P2515,2025-11-03,Defective product,29101.15
R536,O552925,C106783,P2224,2025-12-29,Damaged in transit,12126.87
R537,O527663,C107849,P2652,2025-04-12,Better price found elsewhere,10345.53
R538,O505074,C112653,P2620,2025-02-15,Defective product,1915.33
R539,O546101,C101231,P2084,2025-09-18,Wrong item delivered,18517.49
R540,O541818,C103615,P2407,2025-04-18,Not as described,2308.5
R541,O544805,C111314,P2099,2025-10-22,Changed my mind,9436.58
R542,O518725,C108784,P2570,2024-12-10,Defective product,10058.26
R543,O527608,C113535,P2180,2024-02-02,Late delivery,11578.48
R544,O558049,C103029,P2024,2025-12-20,Not as described,3046.94
R545,O554711,C112206,P2575,2025-08-29,Defective product,5387.63
R546,O516458,C100852,P2716,2024-06-18,Better price found elsewhere,2742.25
R547,O523258,C102699,P2784,2026-01-05,Not Specified,4742.05
R548,O519853,C113877,P2400,2024-05-30,Not Specified,7584.03
R549,O530387,C112254,P2674,2024-10-21,Not as described,2590.25
R550,O539581,C113652,P2266,2025-11-05,Late delivery,12662.02
R551,O505013,C102093,P2764,2025-07-18,Defective product,15982.04
R552,O551361,C101622,P2036,2025-11-13,Not Specified,2024.58
R553,O515341,C109638,P2011,2025-01-07,Defective product,46402.61
R554,O511709,C103051,P2002,2026-01-26,Not Specified,15900.68
R555,O553648,C103458,P2199,2025-03-20,Better price found elsewhere,14925.54
R556,O548317,C100210,P2172,2025-01-23,Late delivery,22944.6
R557,O543765,C114521,P2600,2025-12-18,Not as described,4780.39
R558,O544140,C105839,P2529,2025-01-07,Not Specified,5813.91
R559,O503397,C102706,P2469,2025-06-25,Better price found elsewhere,92.8
R560,O556676,C109089,P2687,2024-08-16,Better price found elsewhere,3046.51
R561,O525382,C112719,P2065,2025-10-13,Better price found elsewhere,13413.66
R562,O535853,C108947,P2093,2025-05-28,Not as described,19304.73
R563,O500539,C109655,P2698,2025-10-27,Late delivery,12552.83
R564,O542382,C111815,P2220,2025-07-16,Wrong item delivered,821.99
R565,O532573,C104996,P2328,2025-05-20,Wrong item delivered,4501.96
R566,O522097,C100621,P2372,2025-01-26,Better price found elsewhere,8052.38
R567,O525223,C110809,P2796,2025-08-28,Not Specified,16453.54
R568,O508806,C111242,P2129,2023-08-28,Size issue,10158.65
R569,O517126,C114923,P2589,2024-03-19,Late delivery,8058.02
R570,O514387,C104681,P2253,2025-10-08,Not Specified,12775.45
R571,O538511,C103604,P2093,2025-11-19,Not Specified,10416.05
R572,O542330,C103662,P2590,2025-08-25,Size issue,15634.5
R573,O513460,C114106,P2631,2024-01-24,Defective product,2474.97
R574,O502082,C111960,P2782,2024-10-09,Wrong item delivered,1798.0
R575,O548418,C113433,P2385,2024-02-11,Damaged in transit,3636.75
R576,O558304,C102713,P2057,2023-12-13,Late delivery,10470.01
R577,O526480,C113879,P2168,2025-06-23,Defective product,11769.08
R578,O541965,C101265,P2366,2025-08-22,Size issue,3523.77
R579,O509937,C104821,P2247,2025-05-18,Damaged in transit,7890.33
R580,O541110,C101606,P2087,2025-09-28,Late delivery,8063.97
R581,O500263,C105703,P2761,2025-07-18,Changed my mind,12325.74
R582,O535958,C105340,P2015,2025-01-12,Size issue,5030.29
R583,O539468,C114546,P2703,2025-05-11,Late delivery,15405.3
R584,O509119,C114482,P2199,2025-04-08,Changed my mind,13708.16
R585,O555848,C103209,P2306,2025-06-07,Defective product,15288.44
R586,O527531,C101056,P2317,2025-03-23,Changed my mind,2101.4
R587,O525848,C111819,P2593,2023-10-06,Size issue,12645.12
R588,O520637,C108168,P2364,2024-12-19,Wrong item delivered,11086.35
R589,O546999,C107685,P2459,2025-03-17,Size issue,11511.07
R590,O519846,C110150,P2244,2025-10-19,Not as described,14853.97
R591,O544045,C100375,P2679,2024-01-19,Defective product,5160.92
R592,O512480,C109553,P2058,2025-06-24,Not as described,8665.09
R593,O501155,C109666,P2307,2026-01-03,Not Specified,3920.97
R594,O522141,C110489,P2159,2024-09-12,Defective product,4024.12
R595,O536333,C104677,P2093,2025-11-23,Late delivery,9775.55
R596,O542903,C100984,P2555,2024-06-02,Damaged in transit,11307.87
R597,O501203,C112772,P2008,2025-11-29,Not Specified,6850.45
R598,O555977,C105551,P2477,2024-12-13,Late delivery,15957.08
R599,O542162,C111644,P2479,2025-02-26,Not Specified,9476.78
R600,O507235,C114316,P2672,2025-09-22,Size issue,1437.99
R601,O556042,C109531,P2638,2025-11-13,Defective product,15105.05
R602,O553339,C104779,P2268,2024-03-06,Wrong item delivered,12876.8
R603,O554267,C101718,P2297,2024-09-11,Defective product,5875.76
R604,O518014,C113233,P2337,2025-01-04,Wrong item delivered,518.3
R605,O522965,C107148,P2355,2024-12-30,Not Specified,8353.99
R606,O546532,C105895,P2718,2025-05-25,Changed my mind,8414.26
R607,O537752,C111549,P2580,2025-12-26,Not as described,11541.41
R608,O555107,C111360,P2236,2024-10-06,Wrong item delivered,15860.5
R609,O513820,C104202,P2312,2025-11-23,Size issue,36487.24
R610,O506121,C103472,P2493,2025-08-10,Not Specified,3679.3
R611,O525925,C107273,P2237,2026-01-06,Size issue,5122.84
R612,O553849,C104650,P2412,2025-06-30,Damaged in transit,2991.27
R613,O547825,C113220,P2248,2025-01-27,Defective product,13610.84
R614,O542041,C113476,P2636,2025-10-03,Changed my mind,8987.93
R615,O553820,C105720,P2711,2025-06-07,Wrong item delivered,429.35
R616,O549049,C101878,P2793,2024-12-19,Not as described,13324.42
R617,O551615,C106318,P2198,2025-11-22,Wrong item delivered,13514.21
R618,O500253,C113663,P2642,2025-07-16,Size issue,4499.45
R619,O508097,C105740,P2523,2025-07-25,Changed my mind,3910.24
R620,O503719,C108600,P2456,2025-05-24,Wrong item delivered,5787.35
R621,O556895,C103392,P2236,2024-02-28,Not Specified,9073.1
R622,O528473,C107516,P2315,2025-10-03,Damaged in transit,14042.24
R623,O508184,C110745,P2656,2026-01-12,Changed my mind,49562.57
R624,O515075,C111634,P2263,2025-09-18,Defective product,7959.77
R625,O526308,C102240,P2656,2025-10-19,Changed my mind,17117.54
R626,O523768,C104811,P2424,2025-11-07,Not as described,9746.07
R627,O535793,C102431,P2162,2025-08-01,Not Specified,30454.32
R628,O529840,C114943,P2649,2025-01-01,Wrong item delivered,1224.46
R629,O530647,C111707,P2510,2025-06-18,Late delivery,4010.88
R630,O507970,C106591,P2333,2025-05-26,Wrong item delivered,12285.02
R631,O522512,C100570,P2037,2025-07-27,Size issue,6921.14
R632,O554019,C110120,P2584,2024-06-20,Size issue,631.28
R633,O501600,C110809,P2240,2025-07-26,Damaged in transit,2812.55
R634,O514552,C107071,P2285,2025-10-29,Wrong item delivered,31706.72
R635,O558580,C111094,P2389,2025-12-31,Defective product,3023.26
R636,O539737,C107602,P2339,2025-09-08,Better price found elsewhere,19853.63
R637,O540360,C111877,P2510,2025-09-02,Better price found elsewhere,4415.0
R638,O536260,C106955,P2249,2026-01-09,Defective product,11343.48
R639,O513903,C110447,P2574,2026-01-25,Changed my mind,17764.56
R640,O533632,C111366,P2764,2025-06-28,Not Specified,15039.79
R641,O505810,C114040,P2601,2024-04-01,Changed my mind,19603.33
R642,O510250,C112618,P2028,2025-02-19,Late delivery,605.46
R643,O539033,C104935,P2796,2024-06-18,Better price found elsewhere,15813.48
R644,O508052,C111691,P2170,2023-06-03,Not as described,8190.13
R645,O517317,C112549,P2635,2024-08-18,Wrong item delivered,3691.42
R646,O556826,C103136,P2404,2023-07-27,Changed my mind,9956.17
R647,O509045,C102275,P2512,2025-07-30,Not Specified,12970.51
R648,O555710,C106393,P2016,2025-05-17,Size issue,10023.95
R649,O523502,C113228,P2735,2025-02-25,Size issue,17285.6
R650,O548578,C106231,P2230,2025-04-15,Late delivery,34333.2
R651,O510515,C101309,P2328,2025-09-23,Wrong item delivered,5235.5
R652,O525476,C104947,P2372,2025-11-29,Damaged in transit,8801.25
R653,O522883,C101909,P2075,2024-08-31,Late delivery,8428.3
R654,O554851,C101556,P2520,2025-10-16,Damaged in transit,30256.09
R655,O531532,C103748,P2590,2025-11-12,Better price found elsewhere,13423.51
R656,O526697,C109561,P2144,2025-02-05,Changed my mind,6645.97
R657,O505212,C113877,P2275,2025-06-18,Not as described,1846.62
R658,O507860,C113501,P2726,2026-01-04,Damaged in transit,1835.13
R659,O502260,C109314,P2300,2025-03-19,Wrong item delivered,4571.24
R660,O525348,C103612,P2295,2025-12-29,Better price found elsewhere,16674.12
R661,O514180,C111525,P2344,2025-11-04,Better price found elsewhere,18388.57
R662,O548269,C101910,P2213,2025-09-11,Changed my mind,46388.76
R663,O517382,C109666,P2180,2026-01-20,Wrong item delivered,12183.1
R664,O556435,C110124,P2252,2025-09-15,Changed my mind,437.04
R665,O522785,C112655,P2235,2025-10-07,Size issue,8184.94
R666,O544633,C107918,P2678,2025-12-25,Late delivery,12225.36
R667,O523904,C112635,P2600,2024-10-08,Late delivery,4700.25
R668,O501476,C114565,P2157,2025-12-17,Damaged in transit,2507.09
R669,O559736,C113983,P2732,2024-04-17,Not Specified,15049.26
R670,O530062,C108546,P2612,2024-08-20,Defective product,14374.16
R671,O540810,C102645,P2334,2025-09-23,Not as described,2055.52
R672,O508854,C104084,P2237,2025-04-22,Better price found elsewhere,5268.09
R673,O546480,C102239,P2633,2024-09-15,Late delivery,11073.1
R674,O548505,C114230,P2197,2024-02-14,Changed my mind,10735.92
R675,O525444,C101765,P2203,2025-07-06,Better price found elsewhere,13065.07
R676,O539185,C111877,P2496,2025-07-30,Defective product,4083.99
R677,O555553,C109698,P2212,2024-09-18,Changed my mind,1945.66
R678,O545724,C114352,P2721,2024-10-25,Wrong item delivered,4452.01
R679,O559958,C108249,P2508,2025-05-26,Wrong item delivered,5488.69
R680,O548218,C114129,P2165,2025-08-11,Defective product,2816.68
R681,O501599,C106399,P2690,2025-02-16,Not Specified,3511.53
R682,O557413,C110775,P2672,2025-02-12,Not as described,1441.35
R683,O551308,C104226,P2336,2025-12-01,Not as described,5395.45
R684,O507399,C101309,P2296,2023-01-23,Not Specified,2628.47
R685,O523042,C106293,P2160,2025-09-30,Changed my mind,9413.01
R686,O551409,C104719,P2701,2026-01-22,Not as described,8192.54
R687,O515209,C110910,P2546,2025-05-26,Late delivery,4979.9
R688,O557648,C100535,P2707,2023-08-02,Changed my mind,7100.5
R689,O539715,C100910,P2168,2025-08-02,Damaged in transit,11342.59
R690,O555898,C110225,P2244,2025-10-25,Size issue,12038.36
R691,O546137,C103406,P2578,2025-03-27,Damaged in transit,7908.14
R692,O553505,C100243,P2635,2023-06-21,Better price found elsewhere,3671.78
R693,O508972,C106602,P2255,2025-07-11,Not Specified,9933.11
R694,O511647,C110254,P2155,2025-11-17,Better price found elsewhere,5955.52
R695,O540158,C105095,P2158,2025-10-05,Not as described,704.47
R696,O539163,C106276,P2510,2025-08-02,Wrong item delivered,3962.04
R697,O512470,C105634,P2196,2023-09-25,Size issue,14209.18
R698,O519829,C105696,P2099,2025-10-26,Late delivery,8783.89
R699,O549335,C112857,P2096,2024-01-13,Changed my mind,5934.0
R700,O527406,C107322,P2063,2023-06-04,Late delivery,14606.63
R701,O543147,C107337,P2041,2025-01-18,Late delivery,30620.07
R702,O539179,C113016,P2199,2025-07-09,Better price found elsewhere,16576.08
R703,O517298,C105403,P2549,2025-11-17,Wrong item delivered,16012.31
R704,O558048,C103205,P2345,2025-10-16,Changed my mind,406.04
R705,O539541,C113029,P2377,2025-03-25,Better price found elsewhere,8759.18
R706,O548647,C100808,P2443,2025-05-04,Damaged in transit,1610.97
R707,O527873,C103579,P2633,2025-03-04,Defective product,23259.46
R708,O541399,C112217,P2327,2024-11-13,Late delivery,6820.83
R709,O521820,C100719,P2670,2025-02-15,Changed my mind,16302.34
R710,O547049,C106445,P2442,2025-07-21,Late delivery,9553.16
R711,O518972,C109549,P2768,2024-09-27,Size issue,13195.42
R712,O509164,C101198,P2245,2024-07-19,Not as described,303.0
R713,O532399,C109915,P2494,2025-12-05,Wrong item delivered,2858.31
R714,O520936,C102679,P2195,2025-05-03,Better price found elsewhere,3662.52
R715,O538289,C108471,P2157,2023-07-27,Changed my mind,1263.68
R716,O549628,C108517,P2629,2024-11-14,Defective product,14593.18
R717,O537098,C107436,P2698,2025-04-08,Defective product,12626.27
R718,O553004,C103305,P2419,2025-09-03,Damaged in transit,15427.81
R719,O528750,C112408,P2164,2025-11-11,Damaged in transit,11433.01
R720,O539113,C114532,P2748,2026-01-05,Better price found elsewhere,2309.6
R721,O531201,C102968,P2001,2025-08-17,Not Specified,11460.23
R722,O509723,C100272,P2443,2024-04-29,Defective product,1693.95
R723,O557482,C103863,P2284,2024-08-21,Damaged in transit,13992.63
R724,O545456,C107584,P2120,2026-01-03,Wrong item delivered,366.55
R725,O509232,C114123,P2368,2025-10-10,Damaged in transit,15320.05
R726,O533029,C114623,P2176,2024-01-26,Size issue,3959.73
R727,O545697,C103427,P2681,2025-07-10,Better price found elsewhere,15302.6
R728,O515628,C103469,P2008,2025-03-06,Late delivery,7949.25
R729,O507977,C100676,P2568,2025-12-26,Size issue,11412.08
R730,O544066,C114019,P2435,2025-10-10,Wrong item delivered,5266.3
R731,O547562,C112403,P2793,2025-10-29,Defective product,41011.78
R732,O500153,C107588,P2142,2025-09-28,Changed my mind,4892.71
R733,O522620,C114839,P2780,2025-11-11,Defective product,5737.76
R734,O523283,C105939,P2796,2024-02-26,Defective product,17161.51
R735,O518864,C110199,P2511,2024-06-16,Changed my mind,747.61
R736,O509137,C109740,P2126,2025-09-19,Size issue,8145.58
R737,O504507,C110820,P2208,2025-12-19,Size issue,821.58
R738,O509529,C106060,P2763,2024-10-07,Late delivery,12965.94
R739,O523092,C103173,P2766,2025-06-09,Size issue,6366.51
R740,O517608,C107370,P2508,2025-08-29,Wrong item delivered,6279.34
R741,O529373,C107194,P2363,2025-07-04,Size issue,27312.69
R742,O528090,C100321,P2462,2025-02-14,Not as described,10261.92
R743,O512778,C109141,P2207,2025-11-16,Not Specified,30364.45
R744,O547431,C108066,P2453,2025-02-26,Wrong item delivered,18501.7
R745,O552220,C112284,P2358,2025-09-06,Better price found elsewhere,8522.31
R746,O549343,C110864,P2067,2025-08-25,Changed my mind,0.0
R747,O549683,C107931,P2209,2025-04-18,Better price found elsewhere,13103.36
R748,O534662,C103585,P2551,2025-09-11,Changed my mind,6706.68
R749,O544371,C105613,P2429,2025-11-06,Better price found elsewhere,16562.34
R750,O538081,C107647,P2567,2024-01-28,Not as described,4812.01
R751,O502410,C113857,P2547,2024-12-01,Damaged in transit,9178.45
R752,O514526,C104901,P2613,2025-03-26,Not Specified,9885.76
R753,O531359,C111775,P2090,2025-08-04,Late delivery,10998.26
R754,O506460,C102117,P2587,2025-05-06,Defective product,12385.54
R755,O540602,C114529,P2713,2024-11-07,Changed my mind,7568.67
R756,O549862,C100358,P2245,2025-07-21,Late delivery,347.34
R757,O504050,C110826,P2517,2025-02-16,Changed my mind,7965.48
R758,O557238,C101531,P2106,2024-11-30,Changed my mind,14452.59
R759,O524461,C108579,P2530,2025-01-25,Changed my mind,4409.03
R760,O518513,C111442,P2483,2023-10-24,Changed my mind,2303.45
R761,O544559,C110532,P2672,2025-04-27,Changed my mind,1648.96
R762,O506349,C105516,P2185,2024-12-08,Defective product,14628.96
R763,O524534,C112304,P2137,2025-05-25,Better price found elsewhere,2335.28
R764,O505185,C105153,P2732,2026-01-21,Better price found elsewhere,16450.44
R765,O525712,C105095,P2796,2025-10-09,Damaged in transit,16154.61
R766,O524093,C100505,P2170,2025-05-01,Changed my mind,8545.43
R767,O542890,C101558,P2643,2023-06-13,Wrong item delivered,12345.73
R768,O525921,C112812,P2571,2025-09-20,Late delivery,1846.39
R769,O549919,C109295,P2109,2024-06-04,Defective product,1430.19
R770,O516296,C103505,P2166,2025-04-12,Changed my mind,10502.33
R771,O550101,C102424,P2512,2024-11-28,Changed my mind,13037.03
R772,O551495,C108646,P2382,2025-02-28,Size issue,12730.25
R773,O514431,C106234,P2468,2025-09-08,Wrong item delivered,5782.98
R774,O508526,C101282,P2355,2025-12-28,Not as described,17714.17
R775,O534247,C108423,P2118,2024-06-15,Late delivery,8334.36
R776,O544573,C110550,P2646,2025-12-27,Size issue,11085.96
R777,O515093,C112342,P2678,2026-01-24,Better price found elsewhere,12964.65
R778,O515285,C105953,P2698,2025-07-25,Late delivery,12941.48
R779,O534844,C103227,P2054,2025-10-31,Wrong item delivered,425.26
R780,O507885,C107196,P2565,2024-09-08,Size issue,5951.97
R781,O532646,C113002,P2296,2025-07-12,Not Specified,2366.17
R782,O506688,C109704,P2690,2025-05-03,Defective product,4284.2
R783,O537228,C104712,P2515,2025-11-08,Damaged in transit,14584.93
R784,O556849,C100161,P2504,2025-07-05,Defective product,10376.94
R785,O513304,C112106,P2386,2025-12-22,Size issue,2811.75
R786,O536856,C111688,P2509,2025-03-24,Better price found elsewhere,1972.2
R787,O539392,C113884,P2631,2025-11-04,Damaged in transit,2245.98
R788,O539949,C112393,P2334,2024-12-15,Late delivery,2135.95
R789,O500207,C111529,P2458,2024-08-26,Size issue,7634.55
R790,O509367,C104768,P2191,2026-01-10,Better price found elsewhere,2180.56
R791,O541088,C112200,P2438,2025-08-30,Defective product,10097.07
R792,O530712,C108665,P2681,2025-09-01,Damaged in transit,16300.46
R793,O532612,C100284,P2769,2026-01-03,Not Specified,11432.15
R794,O513081,C106318,P2400,2025-07-31,Not Specified,8161.7
R795,O544703,C110522,P2357,2025-05-06,Not as described,10297.03
R796,O502387,C114095,P2383,2023-09-03,Not as described,31709.3
R797,O536111,C100867,P2223,2025-05-02,Late delivery,4312.17
R798,O559514,C110650,P2672,2025-09-22,Late delivery,1763.29
R799,O531729,C105261,P2174,2024-06-13,Better price found elsewhere,5877.36
R800,O529916,C111795,P2189,2025-10-21,Late delivery,3596.89
R801,O542453,C110329,P2301,2025-12-07,Defective product,9166.19
R802,O547379,C110312,P2770,2025-09-02,Not Specified,4556.78
R803,O510054,C112330,P2678,2025-08-01,Better price found elsewhere,13284.93
R804,O555183,C110910,P2251,2025-12-09,Damaged in transit,18437.9
R805,O555227,C113233,P2404,2025-03-02,Changed my mind,8881.15
R806,O526485,C102459,P2117,2024-05-14,Late delivery,12563.09
R807,O557360,C105703,P2069,2025-03-19,Size issue,18817.11
R808,O543173,C100572,P2461,2024-09-16,Defective product,10198.57
R809,O538287,C112618,P2647,2023-08-10,Late delivery,30927.9
R810,O501458,C104200,P2777,2025-05-24,Changed my mind,1772.23
R811,O536862,C110120,P2003,2024-04-08,Defective product,9807.24
R812,O532913,C114163,P2545,2025-11-10,Not Specified,7860.56
R813,O533650,C103577,P2656,2025-08-25,Not Specified,16838.93
R814,O511031,C107246,P2543,2025-02-21,Better price found elsewhere,3406.09
R815,O558622,C105690,P2710,2023-11-28,Not Specified,764.94
R816,O554575,C106717,P2666,2024-06-02,Late delivery,0.0
R817,O507035,C107105,P2168,2024-12-29,Damaged in transit,10457.12
R818,O540555,C111931,P2024,2025-05-23,Wrong item delivered,3339.52
R819,O543263,C100552,P2239,2025-11-06,Wrong item delivered,16986.02
R820,O503080,C103901,P2373,2025-06-21,Not as described,11777.7
R821,O515540,C105167,P2513,2023-12-10,Defective product,15420.37
R822,O553956,C102112,P2104,2025-12-25,Damaged in transit,11954.11
R823,O556694,C100252,P2049,2025-02-05,Changed my mind,10702.19
R824,O550629,C111274,P2419,2024-06-23,Late delivery,13988.33
R825,O554741,C114769,P2741,2025-04-04,Wrong item delivered,12520.89
R826,O541139,C114381,P2427,2026-01-15,Changed my mind,25137.08
R827,O548461,C106934,P2591,2025-08-14,Not Specified,3838.67
R828,O521980,C112242,P2739,2024-02-03,Not Specified,24764.1
R829,O522624,C113095,P2154,2024-02-09,Wrong item delivered,6663.84
R830,O513265,C101672,P2071,2025-07-11,Wrong item delivered,17916.04
R831,O505146,C110471,P2342,2024-06-23,Changed my mind,17656.36
R832,O533050,C114046,P2727,2024-04-09,Size issue,10847.92
R833,O507196,C114930,P2716,2025-07-06,Defective product,3133.12
R834,O537041,C111463,P2493,2023-02-27,Defective product,3989.08
R835,O514614,C100925,P2688,2025-11-23,Changed my mind,1436.2
R836,O527895,C104744,P2386,2025-09-30,Size issue,3023.97
R837,O537031,C101569,P2051,2025-04-26,Not Specified,5121.52
R838,O524646,C113077,P2320,2025-07-16,Size issue,1470.58
R839,O541320,C113610,P2652,2025-09-27,Size issue,31476.23
R840,O540356,C104536,P2299,2024-05-02,Size issue,10542.37
R841,O511209,C105132,P2092,2025-02-19,Defective product,2759.49
R842,O535972,C106634,P2731,2025-07-10,Size issue,750.13
R843,O548949,C114133,P2505,2024-02-06,Changed my mind,14131.26
R844,O545532,C103036,P2199,2025-12-28,Damaged in transit,14599.72
R845,O513464,C101411,P2742,2024-04-07,Late delivery,13148.75
R846,O540307,C100221,P2458,2025-12-29,Not as described,8452.32
R847,O504859,C106805,P2364,2024-05-20,Not as described,9907.96
R848,O508670,C114932,P2539,2025-03-21,Not as described,29186.71
R849,O532423,C101781,P2407,2025-12-02,Damaged in transit,2403.96
R850,O535422,C109071,P2263,2026-01-28,Damaged in transit,7048.53
R851,O518838,C105575,P2434,2025-06-23,Wrong item delivered,9741.3
R852,O551516,C103939,P2756,2026-01-15,Late delivery,9399.12
R853,O543273,C114852,P2655,2025-10-22,Changed my mind,11500.98
R854,O544642,C110321,P2666,2025-10-31,Wrong item delivered,0.0
R855,O534211,C110252,P2404,2025-11-03,Size issue,9141.07
R856,O527260,C108525,P2077,2025-03-14,Late delivery,12995.15
R857,O551563,C114955,P2455,2023-08-18,Better price found elsewhere,1892.51
R858,O525238,C101826,P2646,2025-04-12,Better price found elsewhere,9622.68
R859,O538981,C108075,P2515,2023-06-29,Late delivery,13877.25
R860,O527708,C108984,P2180,2025-10-26,Better price found elsewhere,13750.67
R861,O509066,C106099,P2143,2025-12-20,Wrong item delivered,36036.54
R862,O513664,C113882,P2229,2025-12-21,Damaged in transit,11721.7
R863,O529635,C113786,P2696,2024-09-01,Late delivery,7204.46
R864,O507974,C111024,P2664,2025-06-03,Better price found elsewhere,5602.26
R865,O500654,C111965,P2373,2025-08-05,Changed my mind,10757.75
R866,O514780,C107195,P2499,2025-10-16,Better price found elsewhere,14026.58
R867,O510007,C101077,P2518,2025-07-22,Size issue,7082.2
R868,O540279,C110366,P2513,2026-01-04,Wrong item delivered,18713.66
R869,O523100,C110866,P2464,2025-12-17,Not Specified,16767.13
R870,O542475,C100581,P2746,2024-04-05,Defective product,4581.34
R871,O551582,C111362,P2017,2025-12-19,Wrong item delivered,17454.38
R872,O526838,C102555,P2596,2025-03-04,Defective product,5353.68
R873,O558137,C114922,P2016,2026-01-14,Damaged in transit,8895.54
R874,O549917,C111552,P2570,2025-07-20,Not as described,9834.04
R875,O527305,C109059,P2056,2025-10-29,Better price found elsewhere,758.37
R876,O550508,C102959,P2439,2026-01-11,Changed my mind,7333.85
R877,O531735,C102506,P2187,2025-06-12,Damaged in transit,14869.49
R878,O528427,C103019,P2156,2025-02-11,Late delivery,11566.79
R879,O558771,C109212,P2467,2025-12-06,Defective product,14732.88
R880,O551829,C105154,P2377,2025-07-11,Damaged in transit,9058.08
R881,O534565,C103108,P2775,2025-12-11,Not as described,14098.3
R882,O558384,C105918,P2240,2025-05-20,Late delivery,3022.28
R883,O542023,C111036,P2515,2025-12-01,Size issue,14460.18
R884,O539132,C110966,P2795,2026-01-23,Wrong item delivered,11361.15
R885,O519660,C107907,P2218,2025-07-08,Defective product,18036.27
R886,O539301,C105824,P2036,2025-12-10,Changed my mind,2013.46
R887,O540537,C109481,P2170,2024-07-06,Size issue,7589.78
R888,O550942,C111048,P2014,2024-11-13,Size issue,8106.8
R889,O508295,C105609,P2407,2024-08-11,Damaged in transit,2687.44
R890,O524001,C103346,P2367,2025-04-27,Defective product,13306.54
R891,O541574,C110202,P2146,2025-03-03,Wrong item delivered,6906.71
R892,O532865,C107763,P2282,2024-11-05,Defective product,18196.0
R893,O558880,C107138,P2089,2026-01-15,Late delivery,3622.68
R894,O503097,C113416,P2520,2025-09-12,Not as described,14882.38
R895,O528752,C110717,P2219,2025-09-18,Size issue,4311.32
R896,O545715,C105868,P2445,2025-03-16,Size issue,10805.97
R897,O549759,C112117,P2041,2025-09-05,Size issue,14213.62
R898,O538048,C102023,P2078,2025-01-14,Wrong item delivered,14868.64
R899,O558143,C105099,P2373,2026-01-08,Changed my mind,11597.44
R900,O534711,C114860,P2068,2025-10-30,Defective product,14517.26
R901,O553905,C113537,P2439,2025-07-25,Changed my mind,8933.35
R902,O522894,C102570,P2458,2025-11-23,Damaged in transit,16822.51
R903,O554985,C107525,P2606,2025-10-14,Late delivery,8642.83
R904,O548098,C108961,P2148,2025-12-21,Size issue,17696.06
R905,O551370,C112524,P2051,2025-06-17,Not Specified,4713.52
R906,O543402,C110519,P2262,2025-11-27,Late delivery,14112.15
R907,O513155,C103068,P2522,2025-11-16,Defective product,18685.83
R908,O551145,C108502,P2344,2025-12-25,Better price found elsewhere,17361.47
R909,O539489,C112283,P2325,2024-07-21,Not as described,3164.67
R910,O517291,C110033,P2077,2024-12-24,Better price found elsewhere,13868.72
R911,O543567,C110795,P2508,2024-06-23,Size issue,6507.93
R912,O550759,C103342,P2090,2025-07-13,Changed my mind,9651.65
R913,O506681,C113590,P2184,2024-10-01,Size issue,3603.38
R914,O503439,C100765,P2535,2025-06-08,Late delivery,6620.71
R915,O527620,C103168,P2635,2025-11-07,Changed my mind,3885.82
R916,O508724,C104634,P2740,2024-03-07,Not as described,9385.96
R917,O500381,C110951,P2749,2024-09-07,Late delivery,7375.02
R918,O556611,C100661,P2650,2024-08-26,Late delivery,5937.03
R919,O507454,C104200,P2453,2026-01-01,Not Specified,35937.79
R920,O555116,C103624,P2399,2025-06-25,Size issue,3350.72
R921,O503625,C113297,P2011,2025-12-28,Damaged in transit,43971.08
R922,O547075,C107200,P2539,2024-06-09,Late delivery,10473.23
R923,O527035,C103564,P2118,2024-12-22,Not Specified,7317.01
R924,O527421,C110287,P2228,2025-08-25,Wrong item delivered,7672.3
R925,O545019,C108810,P2136,2025-06-18,Better price found elsewhere,3996.52
R926,O546269,C106602,P2602,2025-04-02,Changed my mind,41377.67
R927,O506576,C113846,P2309,2024-09-23,Size issue,19207.25
R928,O547490,C103598,P2780,2025-06-10,Late delivery,5500.0
R929,O539958,C101732,P2069,2024-12-11,Changed my mind,17285.97
R930,O518681,C103286,P2134,2024-08-21,Better price found elsewhere,3989.26
R931,O540254,C104666,P2381,2025-04-07,Not as described,13558.86
R932,O514682,C111635,P2785,2025-12-29,Late delivery,16218.93
R933,O519380,C106261,P2496,2026-01-06,Late delivery,4250.44
R934,O545788,C113596,P2216,2024-07-30,Changed my mind,1952.8
R935,O506821,C103722,P2402,2024-02-01,Late delivery,3088.89
R936,O557127,C108841,P2393,2026-01-12,Late delivery,31157.32
R937,O508613,C110476,P2718,2025-12-17,Damaged in transit,8237.52
R938,O523357,C103877,P2286,2025-11-01,Defective product,12701.34
R939,O517664,C112605,P2062,2025-01-24,Not as described,30549.58
R940,O503261,C103675,P2313,2023-04-15,Defective product,9302.82
R941,O505597,C108362,P2374,2025-11-03,Size issue,1163.34
R942,O547763,C107619,P2011,2024-05-15,Damaged in transit,53757.23
R943,O544092,C113687,P2444,2025-10-23,Late delivery,17339.83
R944,O559110,C101006,P2338,2025-12-02,Size issue,4751.22
R945,O517278,C110124,P2213,2025-11-19,Not as described,14790.83
R946,O533823,C107946,P2051,2025-10-03,Wrong item delivered,5049.82
R947,O530844,C112294,P2258,2025-02-08,Wrong item delivered,8774.85
R948,O501061,C111153,P2704,2024-02-07,Changed my mind,1968.5
R949,O533864,C100577,P2411,2026-01-07,Wrong item delivered,4230.67
R950,O550485,C103792,P2539,2025-09-10,Late delivery,10696.0
R951,O532013,C105309,P2183,2024-01-16,Defective product,5416.52
R952,O500257,C107826,P2092,2025-04-16,Not Specified,2808.87
R953,O506967,C105678,P2335,2025-01-22,Defective product,4033.04
R954,O544361,C100809,P2707,2025-07-17,Defective product,6256.41
R955,O532636,C105979,P2529,2024-11-12,Not Specified,5180.59
R956,O539205,C114029,P2658,2025-10-06,Late delivery,17133.4
R957,O501763,C106622,P2235,2025-09-05,Not as described,8359.8
R958,O523154,C107825,P2011,2025-02-04,Size issue,14052.96
R959,O516466,C112192,P2383,2024-11-03,Changed my mind,14785.31
R960,O505436,C100598,P2583,2023-05-29,Wrong item delivered,16333.04
R961,O500494,C100682,P2500,2025-01-30,Better price found elsewhere,11263.05
R962,O553254,C106348,P2176,2025-07-08,Better price found elsewhere,4057.29
R963,O503605,C102381,P2772,2024-11-24,Defective product,25889.14
R964,O523242,C103788,P2638,2025-12-15,Not Specified,16988.58
R965,O557773,C106599,P2071,2025-11-16,Defective product,31358.28
R966,O537370,C102490,P2241,2024-06-30,Better price found elsewhere,11271.68
R967,O540507,C114613,P2792,2024-12-28,Late delivery,7768.49
R968,O525585,C106282,P2651,2024-11-29,Damaged in transit,2236.11
R969,O537504,C114465,P2742,2025-02-07,Wrong item delivered,25600.47
R970,O524433,C112314,P2381,2026-01-10,Damaged in transit,12808.53
R971,O559889,C103935,P2243,2025-05-20,Wrong item delivered,7842.21
R972,O518334,C113984,P2040,2024-12-16,Wrong item delivered,7104.76
R973,O548266,C101749,P2721,2025-04-11,Not Specified,5106.6
R974,O524927,C108756,P2359,2025-06-27,Late delivery,4578.12
R975,O539757,C104759,P2235,2025-06-02,Damaged in transit,7589.52
R976,O548355,C113079,P2715,2025-12-02,Defective product,15588.7
R977,O539998,C109203,P2333,2025-07-29,Better price found elsewhere,12761.39
R978,O538646,C110309,P2529,2025-07-24,Defective product,5081.04
R979,O524050,C104721,P2602,2025-07-24,Changed my mind,18547.34
R980,O556598,C109695,P2028,2024-05-21,Wrong item delivered,1881.12
R981,O551472,C109980,P2608,2024-03-02,Not Specified,3664.41
R982,O539535,C106080,P2051,2025-12-25,Size issue,4899.92
R983,O514027,C111697,P2299,2025-04-25,Late delivery,32336.81
R984,O530845,C109273,P2304,2025-03-27,Wrong item delivered,13882.89
R985,O525820,C107735,P2191,2024-03-22,Not as described,1798.84
R986,O519905,C108233,P2419,2026-01-10,Size issue,32473.59
R987,O520169,C103827,P2170,2023-07-17,Defective product,15798.06
R988,O515373,C104151,P2312,2024-11-14,Better price found elsewhere,31831.68
R989,O527157,C104120,P2253,2025-11-13,Changed my mind,13100.86
R990,O544014,C112389,P2415,2024-11-09,Better price found elsewhere,8091.25
R991,O534487,C107771,P2588,2025-06-05,Defective product,1533.57
R992,O534186,C109952,P2095,2025-10-27,Damaged in transit,13020.66
R993,O512236,C104664,P2117,2025-08-25,Not as described,13104.2
R994,O500796,C112806,P2033,2024-12-28,Late delivery,13252.07
R995,O526027,C106377,P2765,2023-10-26,Damaged in transit,5185.59
R996,O526709,C109991,P2482,2025-02-01,Size issue,8742.18
R997,O544446,C101538,P2765,2025-04-29,Not as described,4846.93
R998,O539164,C107915,P2210,2025-10-30,Not Specified,13736.18
R999,O542750,C107651,P2755,2025-08-07,Not Specified,15350.18
R1000,O539795,C104719,P2797,2026-01-25,Late delivery,13825.83
R1001,O519009,C111598,P2299,2026-01-17,Size issue,9836.16
R1002,O542634,C104938,P2073,2025-12-14,Not as described,12311.67
R1003,O508782,C103557,P2789,2024-02-02,Late delivery,14354.2
R1004,O550422,C113813,P2226,2025-12-25,Better price found elsewhere,11764.02
R1005,O534613,C107827,P2226,2025-03-07,Better price found elsewhere,12072.26
R1006,O559165,C113391,P2468,2025-10-27,Not as described,5293.15
R1007,O557230,C103778,P2460,2025-05-24,Damaged in transit,6115.19
R1008,O518583,C105580,P2031,2024-10-01,Not Specified,8105.44
R1009,O519719,C108829,P2347,2025-12-13,Late delivery,2730.2
R1010,O548704,C108057,P2095,2025-12-27,Damaged in transit,15610.69
R1011,O536779,C106349,P2526,2025-12-10,Wrong item delivered,3131.6
R1012,O548086,C109607,P2219,2026-01-23,Not as described,4031.03
R1013,O546038,C103848,P2627,2024-02-19,Size issue,11480.23
R1014,O502911,C102385,P2035,2025-10-31,Better price found elsewhere,11438.51
R1015,O509140,C100635,P2097,2025-10-27,Wrong item delivered,12315.48
R1016,O535126,C105309,P2676,2024-03-01,Late delivery,15129.91
R1017,O529673,C108826,P2544,2025-01-23,Damaged in transit,15296.97
R1018,O512209,C102509,P2189,2024-11-19,Not as described,4392.44
R1019,O529440,C101945,P2432,2025-08-01,Damaged in transit,1136.25
R1020,O506823,C108429,P2630,2025-02-22,Damaged in transit,5879.95
R1021,O558904,C103869,P2115,2025-02-01,Size issue,11587.86
R1022,O501545,C102350,P2669,2023-09-21,Defective product,3679.41
R1023,O535924,C113977,P2306,2026-01-06,Size issue,15248.64
R1024,O527837,C102576,P2020,2025-08-10,Defective product,1179.69
R1025,O537516,C110020,P2409,2025-09-03,Wrong item delivered,14132.84
R1026,O549231,C111831,P2484,2025-05-31,Damaged in transit,4186.79
R1027,O534069,C114773,P2623,2025-07-20,Not as described,6760.18
R1028,O534260,C104121,P2349,2024-12-23,Not Specified,13575.41
R1029,O550363,C101915,P2245,2025-08-12,Late delivery,304.53
R1030,O505445,C111313,P2474,2025-09-06,Size issue,1323.02
R1031,O503004,C107839,P2459,2025-11-26,Defective product,10759.17
R1032,O531343,C102349,P2751,2025-05-24,Defective product,4244.69
R1033,O522258,C109858,P2280,2023-02-11,Defective product,2789.0
R1034,O544658,C110182,P2172,2025-04-15,Size issue,11364.5
R1035,O555857,C111132,P2056,2025-12-23,Changed my mind,819.72
R1036,O506305,C104772,P2705,2025-10-19,Damaged in transit,13988.05
R1037,O547015,C101459,P2471,2024-12-01,Damaged in transit,14028.07
R1038,O531517,C111283,P2229,2025-12-25,Wrong item delivered,13530.67
R1039,O554710,C111296,P2417,2025-09-18,Not Specified,15318.5
R1040,O534755,C114602,P2624,2024-03-24,Not Specified,12691.44
R1041,O513661,C107109,P2712,2024-10-28,Late delivery,10299.43
R1042,O503298,C107937,P2290,2025-06-28,Changed my mind,33398.78
R1043,O509740,C106488,P2782,2025-10-29,Changed my mind,1707.26
R1044,O501547,C103176,P2152,2023-10-05,Damaged in transit,3845.46
R1045,O504121,C106747,P2223,2026-01-06,Damaged in transit,8878.97
R1046,O548889,C110976,P2344,2025-11-23,Changed my mind,16434.71
R1047,O542199,C111230,P2191,2026-01-01,Better price found elsewhere,2010.15
R1048,O555527,C111561,P2324,2025-09-02,Better price found elsewhere,3808.75
R1049,O554921,C101415,P2465,2024-09-10,Better price found elsewhere,14359.01
R1050,O518723,C113640,P2313,2025-08-11,Changed my mind,9313.61
R1051,O549825,C101295,P2310,2025-07-11,Not Specified,401.47
R1052,O534825,C113986,P2242,2024-10-23,Defective product,15448.84
R1053,O539015,C104610,P2361,2024-01-29,Size issue,8473.52
R1054,O503108,C103752,P2308,2024-09-14,Late delivery,19822.96
R1055,O544304,C100994,P2724,2023-12-29,Not Specified,9792.84
R1056,O555869,C101193,P2577,2025-05-13,Wrong item delivered,8070.87
R1057,O553487,C113477,P2646,2025-04-25,Not as described,10749.34
R1058,O502024,C113791,P2319,2025-05-08,Damaged in transit,14722.43
R1059,O536131,C105169,P2573,2024-07-19,Changed my mind,10925.73
R1060,O507488,C114270,P2610,2024-05-02,Damaged in transit,8046.29
R1061,O552016,C101702,P2037,2025-10-28,Wrong item delivered,6891.23
R1062,O513429,C112451,P2006,2024-12-24,Damaged in transit,8876.21
R1063,O536560,C105554,P2540,2025-07-04,Better price found elsewhere,12650.66
R1064,O545262,C110031,P2099,2025-09-08,Changed my mind,9654.3
R1065,O519565,C107445,P2528,2024-10-11,Wrong item delivered,2871.47
R1066,O504979,C102088,P2232,2024-07-27,Late delivery,2854.31
R1067,O502525,C103673,P2011,2025-12-29,Defective product,17543.94
R1068,O543414,C102056,P2436,2025-03-13,Better price found elsewhere,9991.9
R1069,O503432,C112531,P2681,2024-09-23,Size issue,16899.18
R1070,O542745,C105939,P2227,2023-07-05,Better price found elsewhere,5604.51
R1071,O508392,C105263,P2102,2025-11-19,Defective product,17300.49
R1072,O550525,C112488,P2246,2025-05-30,Defective product,3264.01
R1073,O526040,C112503,P2511,2025-07-13,Wrong item delivered,1552.14
R1074,O557582,C109910,P2264,2025-05-30,Late delivery,5073.69
R1075,O543852,C105529,P2292,2025-08-06,Not as described,14660.42
R1076,O518902,C114333,P2459,2025-12-02,Not as described,12550.11
R1077,O517908,C100608,P2226,2025-11-02,Not as described,11459.68
R1078,O501064,C102201,P2192,2025-09-15,Changed my mind,17404.94
R1079,O532718,C108554,P2503,2024-05-03,Wrong item delivered,13769.94
R1080,O555140,C105986,P2162,2026-01-05,Late delivery,9442.49
R1081,O528503,C105861,P2732,2025-10-01,Size issue,16928.16
R1082,O511673,C110157,P2648,2025-03-01,Size issue,140.04
R1083,O557189,C106141,P2638,2024-04-11,Wrong item delivered,15765.66
R1084,O553076,C110687,P2608,2025-09-18,Better price found elsewhere,1042.71
R1085,O549186,C110386,P2269,2023-10-12,Not as described,3613.79
R1086,O553343,C111111,P2191,2025-12-19,Not as described,1860.41
R1087,O547810,C101818,P2589,2025-05-25,Damaged in transit,7885.21
R1088,O500602,C107642,P2159,2023-07-01,Wrong item delivered,4007.33
R1089,O553126,C109437,P2500,2024-11-01,Late delivery,19555.98
R1090,O528874,C112481,P2431,2024-02-17,Wrong item delivered,2894.66
R1091,O506120,C100488,P2290,2025-07-25,Better price found elsewhere,15356.75
R1092,O525836,C113700,P2695,2025-12-14,Changed my mind,0.0
R1093,O550875,C113806,P2659,2024-06-11,Damaged in transit,11183.66
R1094,O508995,C106550,P2558,2025-08-12,Better price found elsewhere,4797.49
R1095,O547872,C102571,P2528,2025-11-29,Late delivery,3324.14
R1096,O500757,C104972,P2202,2025-04-15,Better price found elsewhere,159.71
R1097,O515825,C100782,P2414,2024-08-16,Damaged in transit,5976.91
R1098,O521641,C109010,P2342,2025-02-26,Wrong item delivered,33154.13
R1099,O509347,C111782,P2489,2026-01-16,Late delivery,6312.22
R1100,O535096,C110422,P2592,2026-01-14,Changed my mind,416.42
R1101,O541481,C100387,P2098,2025-11-06,Not Specified,11835.29
R1102,O554485,C106232,P2656,2025-08-28,Not Specified,15715.96
R1103,O529990,C110013,P2690,2025-07-08,Damaged in transit,7525.02
R1104,O550958,C103253,P2687,2025-04-05,Damaged in transit,2817.9
R1105,O506342,C107316,P2289,2025-06-23,Not as described,1562.85
R1106,O559371,C108008,P2234,2025-04-14,Damaged in transit,3660.13
R1107,O543690,C106090,P2564,2025-04-27,Wrong item delivered,11369.52
R1108,O546104,C105027,P2569,2026-01-07,Changed my mind,7865.6
R1109,O524006,C103422,P2285,2026-01-11,Not as described,9818.52
R1110,O525733,C113823,P2526,2024-09-14,Changed my mind,3056.57
R1111,O502778,C112725,P2510,2025-11-07,Changed my mind,13174.12
R1112,O505700,C110474,P2584,2024-06-25,Changed my mind,628.02
R1113,O526625,C105176,P2401,2025-06-14,Late delivery,10283.88
R1114,O544643,C105555,P2293,2025-04-24,Defective product,15801.84
R1115,O500595,C106493,P2568,2024-06-11,Wrong item delivered,12277.4
R1116,O547572,C104242,P2257,2024-08-04,Late delivery,2767.31
R1117,O509072,C109583,P2717,2025-02-15,Defective product,719.64
R1118,O505181,C104273,P2769,2025-03-12,Not Specified,10221.21
R1119,O522360,C105540,P2322,2025-04-19,Size issue,11819.44
R1120,O553955,C110598,P2603,2024-10-07,Better price found elsewhere,10878.13
R1121,O501691,C101969,P2606,2024-12-30,Not as described,8283.07
R1122,O549357,C101901,P2269,2025-04-16,Size issue,3480.54
R1123,O518702,C110715,P2632,2024-04-19,Damaged in transit,12044.32
R1124,O528484,C106287,P2348,2025-12-31,Wrong item delivered,12398.84
R1125,O545931,C104517,P2571,2024-09-17,Size issue,5335.05
R1126,O501547,C103176,P2664,2023-10-05,Damaged in transit,6066.44
R1127,O520692,C108956,P2244,2025-07-03,Size issue,13306.48
R1128,O513904,C105936,P2497,2025-10-26,Damaged in transit,44614.3
R1129,O526045,C114126,P2571,2025-11-20,Late delivery,1533.75
R1130,O536411,C111398,P2371,2025-11-13,Wrong item delivered,4161.47
R1131,O537902,C103741,P2126,2025-12-18,Defective product,7533.82
R1132,O505872,C103086,P2395,2026-01-19,Defective product,5180.23
R1133,O533918,C104972,P2521,2023-07-08,Wrong item delivered,10758.98
R1134,O502155,C102757,P2010,2023-04-25,Late delivery,9430.17
R1135,O513254,C101885,P2353,2024-03-27,Not Specified,17833.41
R1136,O549863,C100852,P2412,2024-11-02,Late delivery,3359.74
R1137,O541896,C109620,P2453,2025-01-25,Size issue,18307.5
R1138,O541922,C113380,P2082,2024-03-13,Damaged in transit,39448.11
R1139,O552642,C100581,P2178,2024-02-10,Damaged in transit,10097.15
R1140,O538196,C101992,P2656,2024-02-01,Not Specified,15619.53
R1141,O522892,C114855,P2505,2025-10-05,Not Specified,12939.18
R1142,O521071,C101503,P2126,2025-12-23,Not Specified,8274.5
R1143,O506278,C106695,P2079,2024-11-13,Not as described,8296.77
R1144,O513537,C105764,P2688,2025-11-10,Not as described,1281.91
R1145,O537317,C110821,P2668,2025-08-21,Wrong item delivered,13063.15
R1146,O506189,C108491,P2072,2025-12-08,Damaged in transit,5902.77
R1147,O524645,C113868,P2313,2025-04-21,Wrong item delivered,10248.68
R1148,O557905,C108097,P2065,2023-10-02,Size issue,13431.17
R1149,O544579,C114727,P2512,2025-09-16,Not Specified,12269.42
R1150,O535016,C100649,P2400,2025-11-30,Wrong item delivered,23149.75
R1151,O526149,C108758,P2443,2024-08-18,Defective product,3706.14
R1152,O537288,C107741,P2575,2024-10-22,Changed my mind,5328.93
R1153,O522310,C111293,P2134,2024-04-22,Late delivery,3421.07
R1154,O558369,C111040,P2590,2025-11-19,Not as described,15977.92
R1155,O529197,C105768,P2405,2025-09-24,Not as described,11952.17
R1156,O502507,C108026,P2197,2025-05-08,Size issue,10077.07
R1157,O508327,C107586,P2698,2025-01-21,Better price found elsewhere,13729.97
R1158,O502445,C107908,P2572,2025-09-07,Damaged in transit,15142.39
R1159,O543328,C109674,P2542,2025-06-26,Wrong item delivered,2334.51
R1160,O515965,C110341,P2787,2023-12-23,Better price found elsewhere,14614.59
R1161,O547179,C112471,P2187,2025-11-13,Damaged in transit,14263.58
R1162,O533493,C103737,P2462,2025-02-09,Defective product,9496.31
R1163,O511552,C106346,P2205,2025-07-27,Not as described,11252.48
R1164,O554212,C111241,P2510,2026-01-15,Defective product,4108.9
R1165,O551968,C110690,P2230,2024-08-31,Not as described,15974.74
R1166,O547585,C101473,P2417,2024-08-11,Not Specified,13853.36
R1167,O545887,C114253,P2200,2025-05-15,Better price found elsewhere,35216.93
R1168,O519773,C110536,P2135,2024-09-30,Better price found elsewhere,15525.75
R1169,O523795,C104955,P2552,2025-05-01,Changed my mind,15915.43
R1170,O521662,C100943,P2374,2025-04-17,Size issue,3666.42
R1171,O516854,C112109,P2485,2023-06-23,Wrong item delivered,2222.33
R1172,O512531,C107911,P2225,2025-08-22,Not Specified,1469.58
R1173,O510103,C107456,P2779,2024-07-21,Not Specified,9923.73
R1174,O524293,C108853,P2412,2025-09-10,Late delivery,3361.05
R1175,O550861,C112705,P2756,2025-12-15,Wrong item delivered,9058.99
R1176,O505943,C101028,P2434,2026-01-10,Not as described,11059.09
R1177,O520894,C106647,P2223,2025-12-01,Damaged in transit,4587.03
R1178,O531172,C100359,P2756,2025-12-27,Better price found elsewhere,10309.31
R1179,O517107,C106647,P2186,2025-07-02,Changed my mind,13556.46
R1180,O505152,C111310,P2788,2025-12-16,Wrong item delivered,19110.45
R1181,O513877,C114360,P2489,2025-12-14,Defective product,6541.23
R1182,O507670,C105642,P2567,2026-01-15,Defective product,4106.21
R1183,O516064,C112211,P2672,2025-12-24,Defective product,3036.75
R1184,O528295,C104846,P2713,2025-10-24,Better price found elsewhere,7351.36
R1185,O552436,C102413,P2097,2025-12-02,Not as described,10971.68
R1186,O522752,C108371,P2128,2025-12-31,Not Specified,17191.31
R1187,O511707,C108121,P2502,2025-07-26,Not Specified,37862.73
R1188,O518131,C107595,P2070,2025-12-01,Size issue,16811.83
R1189,O507517,C108386,P2021,2026-01-15,Better price found elsewhere,7637.04
R1190,O546267,C100552,P2605,2025-10-25,Better price found elsewhere,3459.07
R1191,O537107,C107591,P2353,2026-01-06,Defective product,19907.89
R1192,O509544,C100026,P2025,2025-03-11,Not Specified,12872.02
R1193,O525192,C109825,P2214,2025-07-01,Not as described,18090.03
R1194,O547233,C106287,P2409,2024-06-23,Better price found elsewhere,12292.46
R1195,O521921,C112739,P2144,2025-12-08,Damaged in transit,6750.09
R1196,O512189,C111013,P2363,2025-03-09,Defective product,11373.43
R1197,O505259,C111705,P2327,2025-07-02,Damaged in transit,6186.09
R1198,O531255,C114570,P2738,2025-07-09,Better price found elsewhere,5854.46
R1199,O551187,C113824,P2692,2025-09-18,Defective product,12384.25
R1200,O549445,C108991,P2372,2026-01-09,Not Specified,8648.96
R1201,O553206,C106549,P2090,2025-11-18,Not Specified,9284.46
R1202,O506727,C103998,P2253,2024-12-08,Damaged in transit,11763.67
R1203,O553500,C114570,P2236,2023-05-20,Late delivery,9012.27
R1204,O510667,C108066,P2702,2024-03-05,Defective product,17441.27
R1205,O505590,C112829,P2103,2026-01-03,Defective product,11997.23
R1206,O522736,C110811,P2722,2024-10-05,Damaged in transit,13196.94
R1207,O548356,C108264,P2234,2025-12-11,Damaged in transit,3484.59
R1208,O555887,C100418,P2016,2025-09-19,Defective product,9939.37
R1209,O534177,C100925,P2298,2025-09-25,Damaged in transit,14074.14
R1210,O506062,C104886,P2548,2025-05-05,Damaged in transit,12326.42
R1211,O553454,C111444,P2612,2024-09-20,Size issue,15668.01
R1212,O558659,C113898,P2702,2024-12-02,Defective product,43444.77
R1213,O531061,C102303,P2704,2025-09-23,Size issue,1765.82
R1214,O505510,C110959,P2294,2025-07-27,Damaged in transit,42272.38
R1215,O539497,C104839,P2084,2024-12-23,Damaged in transit,14781.73
R1216,O550665,C111314,P2412,2025-12-06,Late delivery,3195.82
R1217,O529982,C104587,P2469,2025-11-27,Wrong item delivered,79.98
R1218,O521745,C110900,P2171,2025-04-27,Changed my mind,8416.3
R1219,O543233,C110078,P2011,2025-09-07,Damaged in transit,15180.45
R1220,O537106,C108146,P2483,2025-11-30,Size issue,1995.22
R1221,O551056,C113929,P2727,2025-04-22,Better price found elsewhere,11579.88
R1222,O552985,C107964,P2765,2025-04-22,Wrong item delivered,4886.14
R1223,O554476,C102604,P2491,2025-06-16,Damaged in transit,30808.82
R1224,O527513,C109234,P2710,2026-01-06,Not Specified,811.35
R1225,O556101,C104954,P2771,2024-06-22,Defective product,6776.36
R1226,O510380,C106257,P2141,2025-04-06,Not as described,620.41
R1227,O545722,C103375,P2397,2024-06-27,Better price found elsewhere,8599.65
R1228,O519526,C114076,P2661,2026-01-02,Wrong item delivered,4565.97
R1229,O518135,C108702,P2666,2025-12-10,Better price found elsewhere,0.0
R1230,O514829,C109328,P2038,2025-04-22,Late delivery,7902.49
R1231,O553633,C108313,P2569,2025-03-12,Better price found elsewhere,8162.81
R1232,O536682,C104840,P2673,2025-12-25,Damaged in transit,9108.39
R1233,O513197,C111984,P2543,2026-01-20,Changed my mind,3945.13
R1234,O548833,C113239,P2685,2025-11-20,Size issue,2014.07
R1235,O535899,C102485,P2296,2025-08-25,Wrong item delivered,4988.36
R1236,O529546,C102146,P2030,2025-03-30,Wrong item delivered,10938.74
R1237,O516535,C112422,P2320,2024-05-07,Wrong item delivered,1491.1
R1238,O512564,C102263,P2311,2025-10-18,Changed my mind,9027.45
R1239,O511272,C109402,P2259,2025-09-11,Not as described,12251.26
R1240,O549676,C107059,P2183,2025-06-05,Wrong item delivered,5978.62
R1241,O505764,C105261,P2263,2024-10-05,Changed my mind,7194.42
R1242,O554735,C113410,P2744,2025-12-22,Late delivery,8254.17
R1243,O521452,C114793,P2695,2025-12-05,Changed my mind,0.0
R1244,O502958,C108522,P2063,2025-12-07,Damaged in transit,17505.69
R1245,O559123,C104187,P2477,2024-08-10,Better price found elsewhere,9389.45
R1246,O542149,C103831,P2248,2025-12-08,Not Specified,13521.44
R1247,O554554,C106288,P2763,2026-01-22,Changed my mind,11911.09
R1248,O506279,C108492,P2581,2024-01-16,Damaged in transit,3929.65
R1249,O524625,C110880,P2636,2025-07-29,Better price found elsewhere,9023.49
R1250,O504068,C108799,P2299,2025-10-29,Late delivery,30783.17
R1251,O541947,C114762,P2509,2025-07-05,Damaged in transit,2489.35
R1252,O501123,C102490,P2704,2025-10-09,Not as described,3862.29
R1253,O541769,C106101,P2545,2025-03-07,Not as described,8298.82
R1254,O541208,C108147,P2357,2024-03-24,Better price found elsewhere,10165.12
R1255,O502874,C102692,P2719,2025-08-22,Wrong item delivered,191.91
R1256,O515979,C112236,P2772,2025-11-22,Not Specified,11942.33
R1257,O540553,C101857,P2241,2025-11-28,Damaged in transit,10844.77
R1258,O546730,C102742,P2053,2025-11-18,Wrong item delivered,26335.47
R1259,O511023,C107496,P2087,2023-10-03,Defective product,8026.04
R1260,O509165,C103220,P2501,2024-07-27,Not as described,5882.48
R1261,O528056,C105958,P2760,2024-03-19,Not as described,7778.33
R1262,O528714,C114423,P2478,2025-02-06,Wrong item delivered,8975.22
R1263,O540553,C101857,P2734,2025-12-18,Changed my mind,18582.1
R1264,O516510,C110776,P2624,2024-03-23,Size issue,12207.34
R1265,O558416,C101618,P2298,2025-07-13,Size issue,12886.31
R1266,O534326,C103559,P2443,2025-09-19,Size issue,1592.36
R1267,O505225,C110120,P2175,2024-07-15,Not as described,10613.42
R1268,O552656,C109689,P2719,2024-07-30,Changed my mind,201.71
R1269,O512183,C110171,P2168,2025-07-28,Not as described,10377.58
R1270,O544898,C103410,P2007,2025-10-10,Not Specified,19227.02
R1271,O529223,C112583,P2744,2025-10-26,Not as described,8672.99
R1272,O517055,C107914,P2419,2024-05-15,Late delivery,14470.36
R1273,O519189,C112012,P2252,2024-11-24,Changed my mind,400.9
R1274,O541970,C107019,P2791,2025-12-14,Not Specified,13237.85
R1275,O529877,C113763,P2432,2025-09-11,Not Specified,1087.37
R1276,O550010,C103158,P2296,2024-02-05,Damaged in transit,4501.86
R1277,O517244,C101405,P2214,2024-01-05,Better price found elsewhere,20006.1
R1278,O515311,C103411,P2422,2026-01-10,Better price found elsewhere,11935.82
R1279,O542067,C110705,P2063,2025-11-12,Wrong item delivered,18332.2
R1280,O528002,C112734,P2037,2025-06-27,Late delivery,6639.73
R1281,O510049,C108706,P2275,2025-12-08,Not Specified,3833.86
R1282,O500848,C112577,P2031,2025-07-21,Not Specified,26867.78
R1283,O504114,C104115,P2380,2024-04-16,Wrong item delivered,7661.92
R1284,O504579,C104859,P2097,2023-10-11,Not Specified,11949.77
R1285,O526555,C113106,P2372,2025-05-11,Late delivery,8011.26
R1286,O525925,C107273,P2226,2026-01-28,Changed my mind,10772.59
R1287,O539869,C103451,P2690,2025-10-25,Changed my mind,4074.02
R1288,O507619,C113153,P2400,2025-11-04,Better price found elsewhere,7898.27
R1289,O523277,C107756,P2061,2025-10-30,Damaged in transit,13015.23
R1290,O524708,C112841,P2423,2024-12-23,Wrong item delivered,16815.16
R1291,O539558,C102873,P2143,2025-11-21,Size issue,11459.64
R1292,O527739,C102411,P2086,2023-04-05,Late delivery,16186.44
R1293,O537202,C111220,P2599,2025-07-27,Size issue,16444.19
R1294,O550081,C108655,P2148,2025-08-20,Defective product,16877.62
R1295,O522042,C106626,P2345,2025-06-11,Better price found elsewhere,418.85
R1296,O528665,C108849,P2548,2025-10-29,Late delivery,14596.01
R1297,O542338,C103655,P2309,2025-09-13,Not Specified,10104.77
R1298,O551859,C102837,P2461,2024-07-29,Defective product,12577.57
R1299,O516065,C112753,P2675,2024-08-10,Not Specified,5499.72
R1300,O557837,C111360,P2688,2024-08-26,Late delivery,1269.16
R1301,O519349,C112749,P2016,2024-05-31,Damaged in transit,8464.99
R1302,O542986,C111153,P2666,2024-09-02,Size issue,0.0
R1303,O502776,C112682,P2282,2024-11-01,Changed my mind,26173.35
R1304,O542122,C104169,P2137,2023-05-22,Size issue,1831.65
R1305,O507874,C111663,P2339,2025-11-07,Late delivery,16483.0
R1306,O539030,C113868,P2211,2025-02-26,Wrong item delivered,36523.99
R1307,O517314,C114962,P2251,2025-03-08,Better price found elsewhere,19787.94
R1308,O524895,C114292,P2372,2025-09-24,Wrong item delivered,8388.14
R1309,O548622,C114737,P2054,2025-10-07,Not Specified,447.29
R1310,O501688,C109825,P2435,2024-10-04,Better price found elsewhere,17976.87
R1311,O544446,C101538,P2217,2025-05-10,Changed my mind,3074.45
R1312,O540504,C108524,P2057,2025-06-17,Better price found elsewhere,10287.64
R1313,O520173,C105822,P2091,2025-10-22,Better price found elsewhere,2031.52
R1314,O552873,C109578,P2297,2025-12-24,Better price found elsewhere,4454.05
R1315,O510633,C106509,P2166,2024-11-15,Better price found elsewhere,6783.61
R1316,O504770,C100460,P2373,2025-05-07,Not Specified,10812.46
R1317,O532595,C107653,P2074,2025-09-17,Late delivery,11194.01
R1318,O520036,C100050,P2442,2025-04-07,Defective product,8354.98
R1319,O554792,C101570,P2731,2024-08-23,Not Specified,793.82
R1320,O548872,C112245,P2150,2025-03-16,Better price found elsewhere,6854.83
R1321,O548710,C111424,P2577,2024-10-03,Damaged in transit,7164.19
R1322,O525552,C105703,P2751,2024-03-13,Size issue,4083.36
R1323,O555727,C105259,P2348,2024-06-02,Size issue,12031.1
R1324,O524551,C103263,P2078,2024-05-13,Not Specified,15988.88
R1325,O544292,C108097,P2402,2025-01-31,Not Specified,3031.81
R1326,O527989,C111087,P2084,2025-01-13,Changed my mind,17349.63
R1327,O515860,C114352,P2610,2025-08-25,Changed my mind,4636.73
R1328,O546473,C103548,P2354,2025-09-13,Size issue,3073.6
R1329,O528496,C111364,P2489,2025-09-06,Late delivery,6633.97
R1330,O524026,C108774,P2083,2025-03-09,Late delivery,10329.76
R1331,O546590,C109445,P2193,2025-07-31,Size issue,6563.83
R1332,O533053,C109683,P2100,2024-06-29,Damaged in transit,30957.44
R1333,O522406,C105276,P2180,2024-07-01,Better price found elsewhere,36330.85
R1334,O544455,C102082,P2690,2025-05-20,Size issue,4183.92
R1335,O515816,C110842,P2015,2025-11-06,Better price found elsewhere,5499.48
R1336,O506536,C104774,P2527,2025-09-27,Defective product,14833.88
R1337,O559318,C102733,P2484,2026-01-13,Better price found elsewhere,4316.08
R1338,O516652,C111034,P2635,2025-01-23,Late delivery,3610.85
R1339,O548008,C101997,P2283,2025-10-04,Not as described,5020.13
R1340,O523783,C109602,P2141,2025-09-25,Not as described,583.48
R1341,O526326,C112613,P2753,2025-12-27,Size issue,20381.33
R1342,O532357,C112980,P2570,2025-12-02,Changed my mind,9681.84
R1343,O541507,C106108,P2299,2025-12-16,Defective product,11024.45
R1344,O548128,C107124,P2313,2024-10-03,Better price found elsewhere,8453.04
R1345,O521820,C100719,P2794,2025-02-12,Wrong item delivered,11298.14
R1346,O513146,C108831,P2668,2024-09-21,Not as described,35527.94
R1347,O530193,C113043,P2594,2024-06-12,Better price found elsewhere,16018.7
R1348,O533879,C104549,P2198,2023-04-09,Better price found elsewhere,11173.79
R1349,O542111,C105200,P2176,2025-02-22,Late delivery,4007.61
R1350,O543229,C103752,P2219,2024-03-10,Defective product,4069.72
R1351,O510799,C111398,P2274,2025-12-08,Better price found elsewhere,4869.43
R1352,O529497,C111686,P2218,2025-08-08,Not Specified,16237.6
R1353,O530527,C105247,P2461,2024-07-11,Damaged in transit,32811.67
R1354,O547698,C114586,P2760,2025-08-08,Damaged in transit,8039.3
R1355,O537234,C109842,P2439,2025-11-15,Better price found elsewhere,9186.79
R1356,O515256,C100020,P2149,2025-06-01,Not as described,8085.67
R1357,O556061,C109241,P2121,2025-10-26,Defective product,15235.88
R1358,O540919,C100767,P2655,2026-01-20,Changed my mind,11291.73
R1359,O551199,C106206,P2559,2024-12-11,Changed my mind,5637.85
R1360,O548937,C107375,P2476,2024-05-18,Late delivery,9272.37
R1361,O548832,C103154,P2227,2024-12-18,Defective product,5467.5
R1362,O520489,C102061,P2184,2025-08-30,Better price found elsewhere,3871.72
R1363,O549524,C111850,P2631,2025-11-01,Late delivery,2640.26
R1364,O557829,C111877,P2685,2025-08-16,Defective product,2033.37
R1365,O544475,C103237,P2541,2025-05-03,Size issue,15146.47
R1366,O547851,C112997,P2470,2024-04-15,Not Specified,4871.41
R1367,O511358,C103837,P2481,2025-12-26,Damaged in transit,16402.41
R1368,O516044,C102229,P2087,2025-08-18,Better price found elsewhere,8978.68
R1369,O558801,C114823,P2547,2024-05-24,Damaged in transit,9268.2
R1370,O516434,C111720,P2213,2025-12-01,Wrong item delivered,15644.62
R1371,O502608,C101217,P2169,2025-03-16,Late delivery,3253.61
R1372,O524660,C112054,P2770,2025-05-18,Wrong item delivered,4654.95
R1373,O523852,C114930,P2505,2025-05-23,Size issue,13713.25
R1374,O503807,C113976,P2661,2025-06-01,Wrong item delivered,5061.38
R1375,O555380,C113662,P2720,2025-11-25,Changed my mind,8143.98
R1376,O505130,C113263,P2489,2025-11-06,Changed my mind,6985.27
R1377,O511675,C110876,P2042,2024-04-17,Better price found elsewhere,13443.44
R1378,O505725,C101895,P2677,2025-09-24,Better price found elsewhere,12321.66
R1379,O501632,C113496,P2348,2024-01-18,Late delivery,11609.41
R1380,O500750,C112267,P2344,2024-07-23,Damaged in transit,17961.27
R1381,O516208,C100884,P2755,2025-11-27,Not as described,14992.32
R1382,O557877,C106411,P2592,2023-09-30,Not Specified,373.06
R1383,O532137,C104729,P2491,2025-08-31,Size issue,15399.97
R1384,O536586,C102076,P2316,2024-09-29,Changed my mind,13071.04
R1385,O506379,C102576,P2620,2025-06-27,Size issue,1692.5
R1386,O507652,C103045,P2419,2025-12-08,Wrong item delivered,16114.77
R1387,O530834,C110241,P2101,2023-06-14,Changed my mind,17135.2
R1388,O515690,C114478,P2443,2024-11-07,Not Specified,1711.46
R1389,O553792,C112837,P2553,2026-01-02,Better price found elsewhere,34637.76
R1390,O559326,C103880,P2521,2025-06-24,Not as described,10399.47
R1391,O515455,C106194,P2050,2024-11-13,Late delivery,17577.54
R1392,O532391,C114769,P2008,2025-05-09,Changed my mind,7642.32
R1393,O507373,C106746,P2324,2025-08-19,Late delivery,3672.21
R1394,O549660,C109690,P2622,2025-11-27,Wrong item delivered,180.93
R1395,O532993,C105573,P2236,2025-02-07,Wrong item delivered,9678.98
R1396,O536911,C110414,P2456,2025-04-11,Not Specified,2777.38
R1397,O515799,C107986,P2518,2025-10-30,Not as described,8168.67
R1398,O543644,C113620,P2750,2024-09-12,Defective product,7144.4
R1399,O527592,C106136,P2391,2025-06-27,Not Specified,3033.63
R1400,O519360,C108797,P2082,2025-08-04,Defective product,13699.04
R1401,O540345,C103718,P2049,2025-09-02,Wrong item delivered,10733.27
R1402,O525752,C112286,P2252,2025-08-07,Not Specified,433.87
R1403,O553076,C110687,P2785,2025-08-21,Size issue,17271.54
R1404,O549650,C105861,P2709,2024-05-27,Defective product,8350.36
R1405,O505543,C105418,P2227,2025-08-10,Size issue,12150.78
R1406,O550470,C109371,P2270,2023-11-06,Not Specified,9535.59
R1407,O556024,C102309,P2496,2025-01-26,Wrong item delivered,7784.69
R1408,O542341,C110317,P2186,2025-08-23,Changed my mind,14865.65
R1409,O502495,C112637,P2645,2023-09-19,Defective product,7038.13
R1410,O549676,C107059,P2183,2025-06-06,Defective product,5492.88
R1411,O541657,C105833,P2085,2025-05-08,Late delivery,13112.26
R1412,O541665,C107795,P2675,2025-10-19,Size issue,5913.89
R1413,O532612,C100284,P2096,2026-01-06,Defective product,6102.28
R1414,O559216,C103323,P2669,2024-07-10,Defective product,3780.33
R1415,O533482,C114045,P2757,2025-12-26,Changed my mind,7988.05
R1416,O530222,C104000,P2525,2025-12-18,Size issue,18434.33
R1417,O544642,C110321,P2189,2025-10-22,Not as described,12225.33
R1418,O518459,C101516,P2727,2025-11-23,Better price found elsewhere,13058.51
R1419,O540279,C110366,P2305,2025-12-30,Wrong item delivered,5951.89
R1420,O559495,C106623,P2734,2025-10-11,Late delivery,19768.09
R1421,O529903,C103865,P2782,2026-01-17,Changed my mind,3385.87
R1422,O537216,C112123,P2429,2025-12-28,Damaged in transit,8432.54
R1423,O510700,C107872,P2247,2025-12-11,Not as described,7575.4
R1424,O548102,C101162,P2774,2025-08-09,Damaged in transit,6930.06
R1425,O553345,C111378,P2641,2025-01-09,Not as described,6134.52
R1426,O537833,C111019,P2133,2024-08-10,Changed my mind,4462.07
R1427,O534220,C103584,P2586,2024-12-17,Size issue,6059.07
R1428,O518508,C113016,P2175,2025-08-19,Not as described,9047.79
R1429,O515520,C104855,P2590,2025-03-08,Not Specified,13234.99
R1430,O529491,C106628,P2764,2024-08-04,Changed my mind,15989.39
R1431,O545800,C105180,P2227,2025-12-29,Not as described,10932.88
R1432,O546069,C106110,P2191,2025-12-24,Not as described,1921.56
R1433,O536392,C105652,P2522,2025-11-20,Late delivery,18822.69
R1434,O524512,C101544,P2660,2025-06-24,Wrong item delivered,1083.89
R1435,O513372,C109403,P2250,2026-01-19,Not as described,6873.82
R1436,O557748,C108869,P2611,2026-01-26,Size issue,2816.97
R1437,O525503,C112329,P2219,2025-06-08,Late delivery,4198.63
R1438,O505251,C109720,P2041,2025-08-10,Not as described,13834.18
R1439,O539058,C100932,P2035,2025-06-11,Damaged in transit,14027.46
R1440,O520166,C105545,P2026,2025-11-24,Changed my mind,15151.23
R1441,O551136,C101641,P2779,2025-06-05,Not Specified,8746.73
R1442,O522788,C106959,P2625,2025-03-14,Not Specified,1953.51
R1443,O507763,C108582,P2565,2025-07-21,Size issue,5863.77
R1444,O512852,C108034,P2311,2025-03-28,Not Specified,10218.03
R1445,O522550,C108701,P2090,2025-07-13,Not as described,10951.8
R1446,O517687,C100207,P2093,2026-01-13,Not Specified,9541.75
R1447,O534863,C103359,P2753,2025-11-19,Wrong item delivered,19767.16
R1448,O535650,C107234,P2613,2023-11-22,Changed my mind,11989.05
R1449,O537698,C113662,P2587,2025-10-24,Better price found elsewhere,11122.55
R1450,O555989,C104774,P2350,2026-01-01,Size issue,1373.93
R1451,O552328,C109161,P2094,2025-05-22,Wrong item delivered,2068.74
R1452,O533483,C103530,P2119,2024-03-02,Defective product,10855.72
R1453,O524381,C112758,P2455,2025-01-13,Late delivery,2078.15
R1454,O516231,C102969,P2424,2023-11-18,Not as described,10139.4
R1455,O501563,C108263,P2082,2025-12-14,Damaged in transit,13797.12
R1456,O556046,C101136,P2358,2025-03-30,Damaged in transit,9685.13
R1457,O527166,C107169,P2185,2025-05-19,Damaged in transit,16101.29
R1458,O540239,C105887,P2310,2025-09-12,Wrong item delivered,339.6
R1459,O527521,C102821,P2618,2025-03-26,Changed my mind,10219.35
R1460,O520057,C102652,P2379,2024-11-10,Damaged in transit,14516.31
R1461,O559823,C106010,P2129,2025-11-25,Wrong item delivered,9172.56
R1462,O546302,C105512,P2297,2025-02-19,Wrong item delivered,9544.87
R1463,O556233,C101055,P2103,2024-03-14,Defective product,12231.35
R1464,O532613,C102542,P2037,2025-08-24,Better price found elsewhere,6989.68
R1465,O533679,C114149,P2213,2025-05-19,Changed my mind,28389.94
R1466,O537045,C105801,P2550,2025-11-18,Defective product,9744.65
R1467,O504483,C109244,P2267,2025-07-22,Damaged in transit,13529.81
R1468,O532363,C113193,P2571,2025-07-02,Damaged in transit,1658.89
R1469,O521568,C111917,P2614,2025-10-27,Changed my mind,6607.06
R1470,O555882,C100628,P2537,2024-07-24,Size issue,2639.95
R1471,O537626,C108378,P2114,2025-01-23,Damaged in transit,29653.49
R1472,O527237,C109537,P2255,2026-01-16,Size issue,10448.2
R1473,O535896,C104838,P2044,2025-08-11,Not as described,13270.5
R1474,O520285,C104086,P2660,2025-04-18,Late delivery,1250.42
R1475,O528752,C110717,P2139,2025-09-18,Late delivery,6413.56
R1476,O537540,C101001,P2093,2025-03-11,Not as described,10491.61
R1477,O506176,C112626,P2105,2024-11-16,Not Specified,3232.65
R1478,O506360,C107172,P2493,2025-07-13,Better price found elsewhere,3868.21
R1479,O554041,C103785,P2504,2025-02-10,Damaged in transit,9280.12
R1480,O515632,C107800,P2088,2025-02-11,Late delivery,7460.37
R1481,O552012,C100835,P2770,2025-07-31,Not as described,4328.61
R1482,O529604,C106701,P2466,2025-01-08,Wrong item delivered,6860.07
R1483,O544027,C113964,P2291,2024-12-21,Wrong item delivered,15599.99
R1484,O508160,C101078,P2277,2025-08-31,Damaged in transit,9462.41
R1485,O546728,C101659,P2789,2024-07-15,Damaged in transit,17418.85
R1486,O512565,C107891,P2424,2025-05-08,Defective product,26791.84
R1487,O548228,C107349,P2019,2026-01-21,Defective product,16256.13
R1488,O542584,C106382,P2685,2023-12-07,Not as described,3574.76
R1489,O546992,C102124,P2678,2025-07-31,Defective product,15325.18
R1490,O514929,C108667,P2186,2026-01-05,Defective product,15024.55
R1491,O526455,C102706,P2177,2025-10-23,Changed my mind,14196.16
R1492,O525963,C108462,P2177,2024-10-07,Defective product,15049.34
R1493,O527323,C103030,P2471,2026-01-07,Better price found elsewhere,13744.92
R1494,O541178,C101213,P2614,2024-08-11,Not as described,5652.5
R1495,O519418,C109901,P2266,2025-03-25,Changed my mind,14927.19
R1496,O508467,C100192,P2498,2025-01-04,Not Specified,17703.93
R1497,O551868,C111636,P2715,2025-10-24,Wrong item delivered,13522.91
R1498,O502198,C100270,P2546,2024-11-07,Size issue,5665.11
R1499,O534747,C112481,P2492,2024-07-17,Size issue,3723.6
R1500,O518654,C105060,P2654,2025-12-06,Not Specified,5188.88
R1501,O559097,C104029,P2733,2024-07-19,Size issue,15701.88
R1502,O524284,C110692,P2236,2025-07-25,Changed my mind,9495.42
R1503,O535790,C114608,P2451,2025-07-19,Better price found elsewhere,13218.27
R1504,O552951,C105506,P2422,2023-09-22,Better price found elsewhere,34101.67
R1505,O547834,C109298,P2587,2026-01-22,Better price found elsewhere,10962.8
R1506,O502331,C104468,P2557,2025-10-09,Defective product,11588.16
R1507,O535793,C102431,P2098,2025-08-05,Better price found elsewhere,11447.28
R1508,O500177,C107576,P2505,2025-03-26,Defective product,11707.53
R1509,O532442,C104596,P2570,2025-11-11,Better price found elsewhere,9182.13
R1510,O533907,C113207,P2776,2024-07-17,Better price found elsewhere,26117.9
R1511,O532357,C112980,P2684,2025-11-14,Size issue,16976.04
R1512,O506937,C111175,P2765,2024-09-20,Size issue,4547.97
R1513,O530994,C111838,P2618,2025-11-14,Better price found elsewhere,10505.43
R1514,O511424,C109884,P2509,2025-05-07,Wrong item delivered,2124.01
R1515,O542712,C113557,P2475,2025-06-04,Changed my mind,4748.47
R1516,O535124,C105999,P2544,2023-05-09,Size issue,16648.42
R1517,O529125,C113410,P2205,2025-06-22,Changed my mind,10463.33
R1518,O509901,C100531,P2080,2024-11-16,Size issue,3742.76
R1519,O542355,C107734,P2188,2024-05-17,Wrong item delivered,8408.57
R1520,O500836,C106035,P2048,2024-12-07,Not as described,17701.78
R1521,O536741,C106423,P2388,2024-02-22,Changed my mind,8393.77
R1522,O501606,C104882,P2209,2024-04-21,Better price found elsewhere,10395.01
R1523,O558978,C100961,P2252,2025-11-23,Wrong item delivered,455.03
R1524,O500974,C114683,P2728,2026-01-06,Size issue,6133.73
R1525,O510162,C110546,P2650,2025-02-28,Size issue,18932.34
R1526,O539445,C101359,P2437,2025-12-12,Better price found elsewhere,13906.16
R1527,O532765,C105608,P2133,2025-08-13,Defective product,4755.27
R1528,O544985,C111786,P2134,2025-10-06,Late delivery,3723.69
R1529,O552822,C114042,P2111,2025-12-23,Damaged in transit,42906.51
R1530,O531655,C110679,P2408,2026-01-16,Late delivery,29971.25
R1531,O544702,C114392,P2200,2025-10-16,Not as described,11390.62
R1532,O545083,C108555,P2379,2023-07-28,Late delivery,34605.58
R1533,O535428,C100202,P2768,2025-11-22,Defective product,12953.94
R1534,O517258,C101110,P2051,2024-06-10,Damaged in transit,8901.06
R1535,O505169,C100805,P2474,2024-08-10,Size issue,1573.56
R1536,O538413,C109529,P2557,2026-01-03,Not Specified,9355.2
R1537,O527662,C104005,P2007,2023-06-28,Defective product,17689.64
R1538,O548829,C105079,P2469,2025-12-29,Better price found elsewhere,81.87
R1539,O559384,C100878,P2323,2025-06-25,Defective product,10149.69
R1540,O523490,C109553,P2729,2024-07-03,Damaged in transit,3042.8
R1541,O542134,C107908,P2047,2025-02-26,Size issue,5196.97
R1542,O552838,C109035,P2419,2025-11-30,Not as described,16493.59
R1543,O555382,C110524,P2643,2024-12-26,Better price found elsewhere,12972.58
R1544,O512963,C109755,P2747,2024-05-01,Not as described,6998.59
R1545,O511275,C107933,P2360,2026-01-18,Damaged in transit,18924.4
R1546,O526735,C100089,P2493,2025-10-18,Not Specified,4120.16
R1547,O554597,C101125,P2186,2024-05-13,Changed my mind,14055.63
R1548,O547584,C102665,P2323,2025-04-27,Defective product,19458.93
R1549,O526630,C106816,P2755,2023-11-10,Damaged in transit,12797.17
R1550,O545701,C102299,P2300,2024-02-03,Wrong item delivered,4906.28
R1551,O546917,C100202,P2429,2025-05-30,Better price found elsewhere,8448.49
R1552,O537689,C100909,P2687,2025-08-12,Better price found elsewhere,2651.75
R1553,O503430,C110010,P2541,2025-03-02,Late delivery,14983.46
R1554,O532904,C108438,P2276,2024-03-03,Not Specified,8551.7
R1555,O520492,C101432,P2620,2025-07-31,Defective product,1513.98
R1556,O533131,C110444,P2073,2024-12-15,Damaged in transit,10607.24
R1557,O537242,C106585,P2684,2025-02-03,Changed my mind,18194.59
R1558,O509398,C111965,P2456,2025-12-01,Better price found elsewhere,2890.42
R1559,O503957,C108568,P2214,2025-10-28,Damaged in transit,17846.29
R1560,O532360,C105512,P2366,2025-10-03,Damaged in transit,3719.74
R1561,O518305,C100230,P2486,2024-06-10,Late delivery,12303.97
R1562,O528548,C107310,P2368,2025-04-22,Late delivery,25007.02
R1563,O523797,C107549,P2298,2024-08-03,Defective product,14509.11
R1564,O524731,C111484,P2083,2024-06-28,Damaged in transit,10700.77
R1565,O549907,C109423,P2248,2025-05-07,Size issue,14593.9
R1566,O529516,C106685,P2256,2025-12-29,Changed my mind,4199.36
R1567,O547641,C100348,P2672,2024-08-15,Not as described,1654.94
R1568,O513177,C101057,P2269,2025-10-08,Size issue,3533.77
R1569,O553270,C112092,P2320,2025-05-08,Changed my mind,1407.98
R1570,O549923,C100325,P2744,2025-06-27,Size issue,8003.46
R1571,O530059,C103335,P2757,2025-12-23,Not Specified,7712.55
R1572,O519754,C104806,P2120,2023-12-20,Not Specified,674.24
R1573,O520443,C101434,P2173,2025-02-16,Better price found elsewhere,8473.08
R1574,O553427,C103592,P2692,2024-01-12,Size issue,13048.17
R1575,O510365,C106448,P2378,2024-09-16,Changed my mind,9679.36
R1576,O521007,C108341,P2302,2025-04-21,Damaged in transit,13812.89
R1577,O539075,C112735,P2174,2023-11-12,Not Specified,5726.73
R1578,O512149,C114598,P2798,2023-08-07,Size issue,46438.85
R1579,O556799,C109653,P2755,2024-08-02,Changed my mind,14808.77
R1580,O512209,C102509,P2105,2024-12-02,Wrong item delivered,3303.48
R1581,O533948,C108538,P2440,2025-04-02,Wrong item delivered,16597.74
R1582,O537030,C104592,P2684,2024-09-07,Wrong item delivered,16520.78
R1583,O540950,C108603,P2736,2024-05-20,Better price found elsewhere,11045.67
R1584,O542060,C111328,P2059,2025-02-01,Size issue,3089.86
R1585,O532853,C113984,P2141,2025-07-24,Changed my mind,694.62
R1586,O541253,C110042,P2055,2025-05-21,Damaged in transit,6993.39
R1587,O500144,C114320,P2445,2025-08-14,Changed my mind,9781.36
R1588,O533764,C102186,P2442,2025-11-06,Wrong item delivered,8891.69
R1589,O510157,C112598,P2523,2024-10-04,Better price found elsewhere,4165.58
R1590,O543016,C102157,P2721,2024-06-27,Wrong item delivered,2513.91
R1591,O545245,C100157,P2512,2025-04-01,Damaged in transit,12168.01
R1592,O538541,C110279,P2238,2024-06-08,Wrong item delivered,8649.61
R1593,O522178,C104194,P2758,2025-05-16,Late delivery,8011.37
R1594,O540176,C103826,P2073,2025-08-20,Not as described,11798.13
R1595,O530851,C101717,P2126,2024-05-14,Not as described,6780.4
R1596,O516965,C111211,P2612,2025-10-22,Damaged in transit,15304.01
R1597,O524090,C112261,P2428,2025-02-04,Not as described,13769.17
R1598,O553557,C108527,P2169,2025-08-18,Damaged in transit,1421.79
R1599,O543026,C101515,P2310,2025-02-08,Not Specified,356.55
R1600,O556924,C109171,P2322,2025-04-02,Damaged in transit,12726.92
R1601,O543448,C103586,P2496,2025-01-02,Not as described,4280.53
R1602,O528794,C106605,P2022,2025-01-22,Changed my mind,9430.57
R1603,O538324,C103763,P2115,2024-01-25,Better price found elsewhere,13174.58
R1604,O537309,C109495,P2574,2025-09-17,Not Specified,17610.99
R1605,O555468,C108600,P2669,2024-08-27,Changed my mind,3560.54
R1606,O539356,C111090,P2341,2025-10-31,Wrong item delivered,12701.56
R1607,O553673,C108754,P2535,2025-12-22,Late delivery,6111.66
R1608,O536627,C109886,P2180,2024-03-14,Better price found elsewhere,14604.73
R1609,O546183,C110973,P2166,2025-07-19,Size issue,5912.07
R1610,O503766,C102521,P2029,2025-12-26,Damaged in transit,36037.84
R1611,O525489,C104927,P2531,2025-12-17,Size issue,7181.5
R1612,O534719,C110548,P2087,2023-07-10,Not as described,8829.46
R1613,O505718,C102967,P2329,2025-12-17,Not Specified,7133.22
R1614,O512740,C112788,P2463,2025-09-20,Not as described,15490.32
R1615,O558092,C107685,P2137,2025-12-03,Wrong item delivered,2172.04
R1616,O507454,C104200,P2659,2025-12-22,Not Specified,31746.95
R1617,O513353,C109726,P2343,2026-01-02,Damaged in transit,6155.58
R1618,O544765,C109954,P2703,2025-11-17,Not as described,14606.81
R1619,O509392,C108997,P2268,2025-10-11,Better price found elsewhere,14837.25
R1620,O523389,C105209,P2289,2026-01-15,Better price found elsewhere,1391.84
R1621,O527548,C108538,P2625,2024-01-04,Wrong item delivered,1776.52
R1622,O544391,C102166,P2092,2025-09-08,Not Specified,2340.0
R1623,O556873,C112615,P2134,2025-09-13,Better price found elsewhere,4291.76
R1624,O533352,C111287,P2308,2024-10-13,Changed my mind,19284.7
R1625,O551255,C101833,P2575,2025-07-02,Wrong item delivered,5625.01
R1626,O501749,C114027,P2079,2025-06-29,Defective product,24539.47
R1627,O526659,C109867,P2626,2025-02-03,Late delivery,3842.15
R1628,O517553,C103981,P2347,2024-01-13,Not as described,2388.65
R1629,O509335,C109390,P2455,2025-08-31,Late delivery,2159.57
R1630,O521753,C111392,P2759,2024-08-22,Changed my mind,11566.38
R1631,O556408,C114365,P2538,2025-12-28,Defective product,8239.87
R1632,O500609,C102530,P2788,2025-01-28,Changed my mind,14498.1
R1633,O506582,C104153,P2793,2025-12-25,Not as described,14878.94
R1634,O515642,C106108,P2233,2026-01-05,Defective product,14237.74
R1635,O511504,C109834,P2066,2026-01-05,Wrong item delivered,1767.5
R1636,O529288,C100141,P2602,2024-01-31,Not Specified,21710.4
R1637,O518314,C106939,P2737,2025-04-10,Defective product,10650.67
R1638,O516861,C103368,P2173,2026-01-20,Not as described,7801.23
R1639,O549862,C100358,P2407,2025-07-25,Damaged in transit,2476.54
R1640,O538644,C113167,P2132,2025-10-20,Changed my mind,36631.4
R1641,O506085,C114480,P2050,2026-01-13,Late delivery,15768.67
R1642,O545758,C103008,P2173,2025-11-24,Wrong item delivered,7861.91
R1643,O537304,C106989,P2344,2025-10-08,Not as described,16545.59
R1644,O515114,C112151,P2692,2025-08-17,Not as described,12483.97
R1645,O541637,C113027,P2614,2025-11-28,Defective product,5732.03
R1646,O533771,C106695,P2528,2023-10-21,Damaged in transit,3139.98
R1647,O555212,C104889,P2236,2026-01-14,Size issue,9058.84
R1648,O506578,C108017,P2393,2025-12-04,Not as described,9906.67
R1649,O534424,C101698,P2610,2025-12-02,Wrong item delivered,8432.9
R1650,O550514,C106267,P2704,2025-05-07,Changed my mind,1648.61
R1651,O527681,C109012,P2189,2025-06-12,Changed my mind,3508.08
R1652,O527705,C100554,P2680,2025-12-23,Size issue,10981.53
R1653,O546522,C112486,P2416,2023-09-23,Damaged in transit,16659.03
R1654,O539352,C114849,P2398,2025-12-23,Defective product,29563.23
R1655,O554288,C109659,P2322,2025-05-26,Wrong item delivered,11201.65
R1656,O539619,C110824,P2506,2024-11-02,Defective product,13042.34
R1657,O544237,C111860,P2330,2025-09-04,Better price found elsewhere,10559.27
R1658,O519553,C108961,P2621,2025-12-31,Not as described,6170.04
R1659,O551775,C109844,P2119,2024-11-07,Defective product,32748.74
R1660,O505860,C100504,P2736,2024-12-06,Late delivery,10081.66
R1661,O532173,C113548,P2450,2024-10-31,Not Specified,2474.05
R1662,O508693,C110840,P2720,2025-12-17,Changed my mind,8802.87
R1663,O531644,C113808,P2336,2025-11-24,Late delivery,5374.02
R1664,O510830,C109419,P2072,2025-09-22,Not as described,4984.41
R1665,O551241,C111119,P2484,2026-01-10,Not as described,4006.94
R1666,O500112,C100461,P2206,2025-08-11,Not as described,4263.7
R1667,O559440,C107938,P2424,2025-12-09,Changed my mind,8490.6
R1668,O551036,C113074,P2480,2025-05-22,Damaged in transit,38027.43
R1669,O555252,C108552,P2761,2025-01-09,Not as described,12648.44
R1670,O522134,C106204,P2767,2024-09-24,Late delivery,3895.78
R1671,O531136,C110225,P2240,2026-01-15,Not Specified,3172.63
R1672,O552291,C105355,P2575,2024-09-02,Better price found elsewhere,6148.93
R1673,O542479,C109243,P2371,2024-05-11,Not as described,3882.97
R1674,O515762,C102275,P2441,2024-10-30,Changed my mind,11200.63
R1675,O559845,C110897,P2709,2025-12-12,Damaged in transit,16776.39
R1676,O502358,C100997,P2452,2025-05-09,Not as described,11060.82
R1677,O511980,C108013,P2390,2025-09-16,Not as described,15372.81
R1678,O548141,C113671,P2372,2026-01-05,Late delivery,8608.94
R1679,O515317,C112556,P2304,2024-08-17,Better price found elsewhere,15644.18
R1680,O536573,C110470,P2404,2025-07-14,Defective product,8215.43
R1681,O522978,C105881,P2150,2025-08-22,Not Specified,7637.18
R1682,O523620,C114766,P2772,2023-08-24,Changed my mind,11643.1
R1683,O536971,C109323,P2777,2025-10-18,Wrong item delivered,1777.16
R1684,O549041,C105890,P2199,2025-04-15,Changed my mind,17115.34
R1685,O529850,C108497,P2489,2025-12-19,Damaged in transit,6261.75
R1686,O525869,C112093,P2128,2025-07-08,Better price found elsewhere,15026.76
R1687,O535459,C110868,P2303,2026-01-23,Damaged in transit,1276.87
R1688,O532929,C107843,P2103,2025-07-24,Changed my mind,24059.22
R1689,O556056,C103425,P2687,2025-11-07,Not as described,2649.86
R1690,O527855,C110252,P2398,2025-09-21,Size issue,14194.02
R1691,O521603,C101889,P2554,2024-06-04,Wrong item delivered,15956.81
R1692,O522897,C112654,P2729,2025-02-26,Not Specified,3351.82
R1693,O511878,C113550,P2553,2025-12-15,Defective product,20484.87
R1694,O512085,C110367,P2132,2026-01-07,Wrong item delivered,12470.37
R1695,O512642,C112015,P2545,2025-06-12,Better price found elsewhere,7282.83
R1696,O514598,C111137,P2644,2026-01-22,Better price found elsewhere,3831.18
R1697,O548663,C107018,P2068,2025-10-31,Defective product,41073.8
R1698,O534777,C109563,P2330,2025-12-11,Damaged in transit,9763.27
R1699,O526756,C104432,P2697,2023-11-05,Not as described,12780.94
R1700,O514944,C103165,P2252,2024-11-02,Late delivery,482.99
R1701,O510698,C111169,P2647,2024-09-24,Not Specified,19785.28
R1702,O501377,C102542,P2025,2025-07-24,Wrong item delivered,10323.82
R1703,O512419,C114236,P2530,2025-07-15,Late delivery,3781.48
R1704,O534678,C107859,P2507,2025-10-12,Defective product,411.35
R1705,O525117,C113081,P2040,2023-11-20,Size issue,6699.65
R1706,O541473,C113291,P2124,2025-01-03,Not as described,13819.56
R1707,O500553,C114392,P2384,2024-05-04,Size issue,6324.69
R1708,O542116,C110133,P2055,2024-08-08,Damaged in transit,7483.23
R1709,O521408,C102206,P2136,2023-09-30,Late delivery,4494.79
R1710,O513024,C109651,P2742,2025-09-20,Size issue,13568.94
R1711,O527050,C112933,P2785,2024-04-12,Late delivery,30294.89
R1712,O557984,C100770,P2204,2025-02-13,Wrong item delivered,3328.71
R1713,O553793,C108920,P2152,2025-06-10,Size issue,3537.15
R1714,O519451,C101859,P2713,2024-11-10,Late delivery,17903.6
R1715,O556459,C113414,P2109,2025-02-08,Changed my mind,1398.3
R1716,O503361,C100011,P2070,2025-12-03,Not Specified,17543.66
R1717,O509567,C106698,P2409,2025-05-05,Damaged in transit,13703.47
R1718,O510267,C107498,P2114,2026-01-07,Better price found elsewhere,32830.94
R1719,O507467,C110859,P2357,2025-12-18,Not as described,10767.24
R1720,O523527,C112259,P2498,2025-07-11,Size issue,18248.2
R1721,O509690,C105900,P2664,2025-11-14,Better price found elsewhere,5460.66
R1722,O532179,C106325,P2505,2025-03-02,Not Specified,15242.71
R1723,O504662,C112878,P2776,2025-04-13,Changed my mind,14670.7
R1724,O504241,C100358,P2166,2025-11-11,Late delivery,5840.46
R1725,O538037,C102002,P2280,2026-01-20,Late delivery,2684.41
R1726,O521120,C103637,P2022,2025-12-09,Late delivery,8855.82
R1727,O524911,C104153,P2370,2025-12-25,Not Specified,4969.28
R1728,O522440,C100884,P2574,2025-12-07,Wrong item delivered,20491.33
R1729,O513741,C104194,P2736,2025-12-26,Damaged in transit,11170.83
R1730,O559026,C100869,P2429,2025-03-17,Wrong item delivered,8473.03
R1731,O502749,C112874,P2601,2025-07-16,Defective product,10552.18
R1732,O541682,C106737,P2342,2024-07-19,Better price found elsewhere,16606.7
R1733,O537546,C105292,P2071,2025-11-19,Wrong item delivered,16362.93
R1734,O511494,C111831,P2606,2026-01-09,Changed my mind,15972.95
R1735,O539499,C107582,P2121,2026-01-07,Defective product,16732.6
R1736,O551907,C104000,P2509,2026-01-09,Late delivery,2395.97
R1737,O539831,C110976,P2600,2025-09-28,Defective product,4895.5
R1738,O538733,C109256,P2340,2025-08-01,Damaged in transit,6068.9
R1739,O558037,C104533,P2677,2025-11-21,Changed my mind,13208.07
R1740,O546838,C114564,P2156,2024-12-11,Changed my mind,23822.3
R1741,O538575,C106591,P2577,2025-08-07,Size issue,14410.54
R1742,O520519,C104448,P2457,2025-11-18,Wrong item delivered,23996.62
R1743,O505416,C111605,P2485,2024-02-13,Better price found elsewhere,2435.92
R1744,O557598,C111670,P2404,2024-03-02,Not as described,9025.7
R1745,O536401,C104947,P2455,2025-09-22,Not as described,2297.66
R1746,O555721,C105796,P2490,2025-12-03,Better price found elsewhere,4626.83
R1747,O538516,C105125,P2655,2023-12-08,Wrong item delivered,10182.71
R1748,O500213,C112755,P2198,2025-12-22,Wrong item delivered,12659.0
R1749,O534133,C107129,P2477,2025-05-02,Not as described,8657.8
R1750,O505459,C108782,P2305,2025-03-28,Better price found elsewhere,7258.17
R1751,O540189,C108701,P2589,2024-10-31,Wrong item delivered,7979.06
R1752,O539657,C106141,P2092,2025-05-08,Late delivery,2532.54
R1753,O545234,C108557,P2247,2025-04-18,Damaged in transit,6953.38
R1754,O503287,C110271,P2372,2025-01-16,Not Specified,7497.95
R1755,O548315,C114929,P2313,2025-12-27,Better price found elsewhere,8630.09
R1756,O500390,C102606,P2237,2025-02-18,Wrong item delivered,4797.78
R1757,O553817,C110132,P2739,2025-09-13,Better price found elsewhere,10452.33
R1758,O524563,C111850,P2149,2025-10-11,Damaged in transit,7928.91
R1759,O522288,C108156,P2441,2025-07-21,Defective product,8650.9
R1760,O522719,C106310,P2435,2025-09-25,Better price found elsewhere,10378.31
R1761,O559672,C106685,P2420,2026-01-12,Defective product,13237.74
R1762,O533711,C101612,P2100,2025-12-21,Better price found elsewhere,31726.3
R1763,O500710,C102901,P2749,2025-12-26,Not as described,8214.4
R1764,O514391,C106090,P2668,2025-02-05,Size issue,11692.59
R1765,O535804,C105907,P2032,2024-08-27,Size issue,10568.1
R1766,O518240,C108048,P2489,2024-05-23,Not as described,6290.4
R1767,O531770,C109819,P2378,2025-09-12,Size issue,20787.75
R1768,O513055,C112230,P2576,2025-09-27,Not Specified,10513.72
R1769,O535885,C107936,P2727,2025-02-23,Not as described,11503.78
R1770,O547531,C109126,P2237,2023-12-31,Defective product,5253.44
R1771,O515141,C103372,P2646,2024-03-10,Not as described,9860.52
R1772,O552043,C111965,P2051,2024-12-09,Defective product,4714.67
R1773,O509553,C109655,P2039,2025-12-29,Size issue,8928.21
R1774,O554147,C109993,P2740,2025-07-07,Not as described,9438.69
R1775,O531141,C100815,P2153,2024-11-23,Not as described,12229.59
R1776,O515044,C108358,P2553,2025-11-16,Not Specified,11692.26
R1777,O539094,C105739,P2389,2024-10-07,Better price found elsewhere,2790.73
R1778,O508958,C112114,P2732,2025-11-05,Size issue,16254.81
R1779,O550951,C108736,P2327,2025-10-06,Late delivery,7363.65
R1780,O513664,C113882,P2037,2026-01-03,Not as described,7621.34
R1781,O539945,C101941,P2253,2026-01-27,Late delivery,12841.69
R1782,O550304,C108057,P2187,2025-12-22,Wrong item delivered,15481.51
R1783,O517448,C108894,P2735,2023-12-15,Late delivery,8431.91
R1784,O523900,C108558,P2563,2024-07-24,Damaged in transit,13185.69
R1785,O552952,C102975,P2484,2025-03-20,Late delivery,4216.43
R1786,O546506,C113245,P2323,2025-04-28,Better price found elsewhere,9297.91
R1787,O521198,C103036,P2123,2024-10-27,Not as described,18738.32
R1788,O539291,C102463,P2586,2024-06-24,Not Specified,6271.4
R1789,O547842,C100776,P2442,2025-08-13,Defective product,9175.73
R1790,O502285,C113998,P2148,2023-11-09,Changed my mind,18974.77
R1791,O512543,C102158,P2609,2025-06-05,Defective product,6562.99
R1792,O534663,C104377,P2722,2023-01-31,Defective product,12212.01
R1793,O553264,C105303,P2287,2025-01-13,Better price found elsewhere,11078.58
R1794,O548278,C109867,P2095,2025-04-26,Better price found elsewhere,12841.76
R1795,O547497,C113851,P2130,2026-01-09,Late delivery,9194.62
R1796,O510358,C114932,P2701,2025-06-10,Not Specified,7435.32
R1797,O503476,C104259,P2709,2023-06-12,Better price found elsewhere,7904.61
R1798,O540307,C100221,P2098,2026-01-10,Wrong item delivered,11420.49
R1799,O531115,C100760,P2357,2023-07-10,Not as described,9812.09
R1800,O545941,C113652,P2512,2025-02-21,Not Specified,12547.92
R1801,O541660,C107681,P2176,2025-11-28,Wrong item delivered,3933.67
R1802,O546516,C111144,P2738,2025-08-11,Late delivery,5718.17
R1803,O538103,C108169,P2061,2025-08-25,Not as described,6181.19
R1804,O554466,C104484,P2577,2025-01-07,Better price found elsewhere,7488.05
R1805,O531755,C105445,P2489,2025-01-18,Defective product,6764.93
R1806,O531290,C101294,P2405,2025-04-15,Damaged in transit,12750.0
R1807,O556497,C110096,P2730,2023-12-27,Better price found elsewhere,11191.7
R1808,O535465,C110190,P2145,2023-12-22,Late delivery,8927.24
R1809,O511529,C112948,P2773,2025-05-02,Better price found elsewhere,6779.41
R1810,O529585,C107554,P2667,2024-06-04,Late delivery,8598.08
R1811,O555485,C111945,P2492,2024-08-13,Changed my mind,3398.4
R1812,O548802,C114097,P2252,2024-12-07,Size issue,479.32
R1813,O516312,C107052,P2386,2025-02-04,Better price found elsewhere,3184.6
R1814,O512234,C111043,P2154,2024-09-15,Not Specified,6481.74
R1815,O510649,C111850,P2412,2025-11-17,Better price found elsewhere,3603.2
R1816,O515304,C100804,P2575,2025-10-23,Not Specified,5380.45
R1817,O522524,C102166,P2419,2025-12-06,Wrong item delivered,17760.19
R1818,O523260,C108769,P2769,2026-01-02,Defective product,11415.03
R1819,O549054,C114600,P2475,2024-04-23,Not as described,4210.37
R1820,O519384,C104935,P2427,2025-08-14,Changed my mind,14618.85
R1821,O531855,C107538,P2096,2025-11-21,Late delivery,6184.77
R1822,O555642,C101259,P2218,2025-12-30,Damaged in transit,19292.18
R1823,O542769,C104158,P2736,2025-10-18,Defective product,10945.84
R1824,O515055,C107138,P2026,2026-01-18,Better price found elsewhere,8334.04
R1825,O517434,C103068,P2710,2025-09-10,Defective product,1581.84
R1826,O520839,C107914,P2294,2025-06-17,Damaged in transit,14773.23
R1827,O519095,C105575,P2447,2024-04-14,Defective product,7285.79
R1828,O549335,C112857,P2325,2024-01-06,Not as described,1615.33
R1829,O523048,C105884,P2441,2025-01-02,Size issue,9844.23
R1830,O531184,C111755,P2740,2025-12-18,Wrong item delivered,8812.77
R1831,O539051,C103945,P2527,2026-01-09,Damaged in transit,16027.87
R1832,O520576,C101725,P2431,2025-06-19,Better price found elsewhere,2614.86
R1833,O539535,C106080,P2336,2025-12-28,Not as described,5050.65
R1834,O558935,C103703,P2231,2025-12-02,Size issue,8077.73
R1835,O553354,C108859,P2644,2025-04-28,Better price found elsewhere,4447.36
R1836,O539714,C107547,P2289,2025-07-21,Better price found elsewhere,1477.0
R1837,O520534,C102069,P2691,2026-01-04,Changed my mind,15019.18
R1838,O550246,C101209,P2542,2025-12-20,Size issue,2759.82
R1839,O521669,C107964,P2091,2025-05-14,Not Specified,1644.55
R1840,O502225,C102795,P2797,2025-08-19,Better price found elsewhere,13142.11
R1841,O531072,C106859,P2683,2024-03-28,Changed my mind,6104.43
R1842,O537521,C110402,P2638,2024-01-18,Late delivery,16538.9
R1843,O508570,C108673,P2287,2026-01-04,Defective product,10083.89
R1844,O508959,C112857,P2157,2024-12-16,Late delivery,1420.46
R1845,O535231,C105229,P2340,2025-02-18,Defective product,6711.13
R1846,O527862,C103259,P2046,2025-10-04,Not Specified,14246.01
R1847,O555957,C114206,P2073,2025-06-11,Better price found elsewhere,11941.78
R1848,O500742,C111180,P2214,2025-07-20,Late delivery,20901.21
R1849,O537654,C109993,P2317,2025-04-05,Late delivery,2319.04
R1850,O547721,C103674,P2283,2025-10-01,Defective product,5488.95
R1851,O506003,C106350,P2634,2026-01-10,Wrong item delivered,7741.55
R1852,O514310,C104751,P2376,2025-11-27,Size issue,763.13
R1853,O501807,C111674,P2228,2025-11-19,Damaged in transit,6334.14
R1854,O522642,C101725,P2788,2024-08-01,Not Specified,15304.39
R1855,O537169,C105806,P2127,2023-08-01,Damaged in transit,20449.05
R1856,O558406,C113099,P2539,2024-08-08,Better price found elsewhere,11304.15
R1857,O550053,C107075,P2524,2025-03-02,Wrong item delivered,2982.31
R1858,O545995,C102570,P2095,2025-12-30,Wrong item delivered,15836.23
R1859,O501196,C103409,P2466,2026-01-06,Late delivery,6813.52
R1860,O555456,C109134,P2168,2024-11-26,Not Specified,9680.99
R1861,O505127,C102347,P2405,2025-11-23,Better price found elsewhere,14105.02
R1862,O528383,C106898,P2423,2024-10-31,Defective product,14199.77
R1863,O505753,C105209,P2521,2025-03-06,Not Specified,10790.92
R1864,O503987,C105690,P2749,2024-08-28,Late delivery,6935.38
R1865,O516336,C100742,P2331,2025-06-05,Size issue,14190.76
R1866,O516886,C103645,P2535,2025-11-11,Wrong item delivered,7002.29
R1867,O532012,C112061,P2647,2025-11-03,Size issue,16651.71
R1868,O530991,C109678,P2149,2025-07-01,Wrong item delivered,7164.33
R1869,O506728,C103999,P2083,2025-11-06,Wrong item delivered,11857.27
R1870,O521776,C108934,P2192,2025-09-22,Not as described,16471.15
R1871,O551390,C113889,P2578,2025-10-18,Better price found elsewhere,6510.72
R1872,O538972,C105147,P2133,2025-10-08,Size issue,4844.77
R1873,O557355,C113782,P2193,2025-02-25,Not Specified,5521.41
R1874,O556697,C103685,P2235,2025-01-02,Changed my mind,15928.57
R1875,O547383,C108279,P2416,2026-01-08,Changed my mind,35513.36
R1876,O534085,C103925,P2341,2024-04-19,Late delivery,10592.99
R1877,O531980,C102975,P2013,2026-01-28,Not Specified,13664.73
R1878,O545997,C107408,P2116,2025-11-11,Defective product,11439.77
R1879,O533384,C104634,P2445,2025-02-28,Not Specified,9389.18
R1880,O536254,C105068,P2373,2025-05-20,Wrong item delivered,11548.54
R1881,O534825,C113986,P2682,2024-10-22,Size issue,5163.27
R1882,O507016,C109557,P2670,2025-02-16,Changed my mind,14333.24
R1883,O512531,C107911,P2229,2025-08-10,Not as described,5573.19
R1884,O515605,C114600,P2502,2025-04-30,Changed my mind,12038.54
R1885,O506811,C112519,P2252,2025-12-06,Changed my mind,525.55
R1886,O536734,C111331,P2377,2024-06-19,Changed my mind,7891.71
R1887,O530582,C104388,P2566,2025-02-26,Changed my mind,24887.77
R1888,O549700,C106572,P2599,2026-01-02,Wrong item delivered,16635.38
R1889,O537460,C108242,P2203,2025-06-17,Defective product,14099.17
R1890,O548635,C103904,P2496,2024-05-24,Damaged in transit,3466.96
R1891,O540195,C101702,P2298,2025-09-23,Size issue,13354.53
R1892,O500544,C107007,P2071,2024-11-12,Late delivery,17202.16
R1893,O550606,C106857,P2710,2025-09-12,Damaged in transit,750.4
R1894,O525259,C103560,P2496,2025-12-22,Better price found elsewhere,3533.27
R1895,O516221,C113723,P2239,2024-01-04,Better price found elsewhere,15396.6
R1896,O532400,C103910,P2219,2025-02-24,Size issue,11231.97
R1897,O523313,C102233,P2448,2024-02-04,Not Specified,12458.87
R1898,O530981,C101001,P2446,2025-06-17,Size issue,11189.56
R1899,O541036,C112215,P2223,2024-07-17,Changed my mind,4322.55
R1900,O551092,C112488,P2283,2025-10-14,Better price found elsewhere,5115.03
R1901,O550255,C109556,P2018,2025-09-17,Defective product,31107.09
R1902,O516412,C111502,P2262,2024-05-24,Not Specified,12386.31
R1903,O508560,C101797,P2466,2025-06-30,Late delivery,5619.46
R1904,O526043,C103308,P2550,2024-10-16,Defective product,10165.02
R1905,O511846,C105553,P2082,2026-01-07,Better price found elsewhere,16602.01
R1906,O539337,C104128,P2731,2025-02-18,Late delivery,670.71
R1907,O502987,C100809,P2061,2025-10-15,Changed my mind,5714.87
R1908,O538841,C112162,P2147,2026-01-08,Changed my mind,3490.67
R1909,O555847,C112724,P2205,2026-01-17,Late delivery,19297.17
R1910,O508022,C101296,P2710,2025-11-28,Size issue,907.86
R1911,O549839,C113400,P2072,2025-07-16,Size issue,5100.43
R1912,O503372,C111095,P2625,2025-11-02,Defective product,1929.01
R1913,O505838,C110888,P2795,2025-07-09,Damaged in transit,11459.56
R1914,O510271,C113425,P2634,2025-06-04,Wrong item delivered,8034.23
R1915,O508095,C100977,P2299,2024-10-30,Size issue,9816.49
R1916,O502891,C106201,P2383,2025-01-10,Late delivery,15182.52
R1917,O516855,C112210,P2092,2025-07-06,Damaged in transit,2990.09
R1918,O542316,C101278,P2750,2023-05-18,Not Specified,7954.53
R1919,O557765,C114546,P2477,2024-08-24,Damaged in transit,8795.23
R1920,O518007,C108882,P2233,2024-02-27,Late delivery,26450.99
R1921,O545766,C112321,P2129,2025-08-17,Defective product,9692.43
R1922,O527850,C104741,P2033,2025-10-18,Defective product,11881.6
R1923,O510179,C114592,P2659,2026-01-03,Damaged in transit,11055.06
R1924,O527638,C106726,P2047,2025-02-10,Late delivery,4953.75
R1925,O517874,C102414,P2105,2024-03-05,Wrong item delivered,3541.4
R1926,O527590,C105581,P2262,2025-11-20,Not Specified,12914.87
R1927,O554736,C103977,P2558,2024-05-23,Late delivery,1592.92
R1928,O521770,C110366,P2300,2025-11-23,Not Specified,4632.78
R1929,O554364,C114990,P2579,2023-09-17,Defective product,838.67
R1930,O502224,C100215,P2665,2025-11-10,Size issue,30277.16
R1931,O536676,C106382,P2340,2024-11-28,Wrong item delivered,6578.58
R1932,O558734,C109700,P2639,2025-03-16,Better price found elsewhere,7008.43
R1933,O504100,C109878,P2439,2025-10-01,Not as described,8791.33
R1934,O557749,C100362,P2411,2025-11-08,Wrong item delivered,3982.28
R1935,O524589,C100553,P2455,2025-04-11,Wrong item delivered,2147.2
R1936,O529688,C101170,P2499,2023-05-28,Better price found elsewhere,13237.27
R1937,O507449,C107578,P2664,2025-09-23,Not Specified,6125.4
R1938,O548633,C108816,P2391,2026-01-06,Better price found elsewhere,3147.75
R1939,O513008,C113423,P2260,2025-11-19,Not as described,6023.4
R1940,O555966,C104200,P2202,2025-11-14,Not Specified,151.35
R1941,O554838,C100589,P2372,2025-11-14,Wrong item delivered,8454.94
R1942,O518792,C110614,P2508,2024-07-26,Better price found elsewhere,6546.86
R1943,O543619,C110734,P2648,2025-08-29,Late delivery,145.62
R1944,O519493,C113749,P2231,2025-08-11,Size issue,8076.95
R1945,O548961,C110500,P2080,2025-04-16,Not as described,4424.33
R1946,O526129,C102455,P2567,2025-11-07,Late delivery,3836.69
R1947,O521551,C114200,P2262,2024-01-02,Not Specified,13487.76
R1948,O558878,C102571,P2794,2025-10-28,Changed my mind,11885.96
R1949,O521378,C108263,P2207,2025-09-03,Wrong item delivered,14617.23
R1950,O516055,C100344,P2608,2025-11-18,Damaged in transit,1082.83
R1951,O553843,C100385,P2117,2025-09-25,Not Specified,12507.69
R1952,O555565,C105972,P2001,2025-04-03,Wrong item delivered,11506.4
R1953,O501936,C107363,P2740,2025-04-27,Defective product,8291.22
R1954,O548696,C114633,P2624,2024-12-16,Not as described,11718.81
R1955,O547010,C100978,P2344,2024-11-14,Defective product,16249.75
R1956,O504979,C102088,P2020,2024-07-09,Defective product,711.65
R1957,O556898,C108999,P2014,2025-02-04,Changed my mind,4551.42
R1958,O527576,C108835,P2264,2025-09-23,Late delivery,5246.51
R1959,O538568,C100310,P2464,2024-09-03,Size issue,54783.9
R1960,O548257,C100943,P2625,2025-10-24,Late delivery,2007.85
R1961,O552368,C112945,P2669,2025-06-15,Changed my mind,3343.51
R1962,O501446,C109694,P2523,2024-07-23,Damaged in transit,3801.14
R1963,O552910,C109598,P2060,2024-07-07,Late delivery,1460.51
R1964,O549834,C114689,P2645,2025-10-01,Defective product,6904.63
R1965,O507639,C104574,P2565,2025-09-20,Defective product,13158.58
R1966,O513956,C101877,P2043,2025-12-04,Late delivery,8263.64
R1967,O532997,C100774,P2048,2024-07-12,Better price found elsewhere,52308.3
R1968,O538175,C103103,P2341,2025-12-28,Not Specified,10576.83
R1969,O503722,C113190,P2692,2024-07-22,Damaged in transit,40654.16
R1970,O543148,C109692,P2274,2024-08-12,Better price found elsewhere,11115.44
R1971,O507899,C106401,P2134,2025-02-13,Better price found elsewhere,4158.09
R1972,O541254,C108885,P2506,2023-10-17,Not Specified,11703.93
R1973,O515178,C106870,P2455,2025-10-24,Not as described,2110.15
R1974,O504240,C109437,P2472,2023-08-11,Not Specified,11640.5
R1975,O546934,C103138,P2162,2025-10-20,Damaged in transit,10595.17
R1976,O532655,C104878,P2295,2025-02-14,Size issue,15229.39
R1977,O521491,C103431,P2695,2025-12-30,Not as described,0.0
R1978,O506985,C114733,P2655,2025-09-21,Late delivery,10264.73
R1979,O555095,C106331,P2008,2025-12-11,Size issue,7053.72
R1980,O521280,C101253,P2213,2025-07-26,Size issue,15311.42
R1981,O544669,C106457,P2030,2025-08-07,Damaged in transit,10516.1
R1982,O543300,C102113,P2668,2024-11-19,Changed my mind,13665.71
R1983,O507195,C105906,P2509,2024-12-04,Changed my mind,2381.67
R1984,O532656,C103513,P2398,2024-07-03,Damaged in transit,13414.94
R1985,O526356,C107554,P2094,2023-04-20,Better price found elsewhere,1034.95
R1986,O505312,C111752,P2121,2024-04-05,Changed my mind,17053.04
R1987,O509390,C109980,P2370,2024-04-19,Defective product,4448.42
R1988,O555267,C102974,P2304,2026-01-17,Changed my mind,13919.2
R1989,O504012,C108389,P2589,2026-01-24,Damaged in transit,7689.62
R1990,O543694,C111606,P2094,2025-11-04,Not Specified,989.96
R1991,O527002,C106549,P2381,2025-12-03,Better price found elsewhere,14086.74
R1992,O545708,C102903,P2623,2025-11-22,Size issue,3472.22
R1993,O515611,C112176,P2712,2025-11-12,Damaged in transit,31116.26
R1994,O512009,C100759,P2613,2025-04-21,Changed my mind,10830.92
R1995,O509128,C101126,P2101,2025-12-18,Wrong item delivered,15712.68
R1996,O520380,C100575,P2570,2025-11-04,Defective product,11112.79
R1997,O543568,C102173,P2607,2024-12-30,Damaged in transit,10253.04
R1998,O556660,C108352,P2176,2025-07-27,Wrong item delivered,7547.8
R1999,O546744,C103538,P2560,2024-05-03,Size issue,8550.25
R2000,O537249,C111091,P2775,2025-05-24,Not Specified,12483.2
R2001,O501952,C107538,P2125,2025-12-22,Defective product,3026.45
R2002,O505354,C113286,P2639,2023-12-13,Damaged in transit,6034.63
R2003,O522444,C114101,P2414,2024-11-14,Wrong item delivered,6158.77
R2004,O504430,C112157,P2027,2025-06-28,Damaged in transit,11830.09
R2005,O507711,C112389,P2484,2024-06-21,Wrong item delivered,3662.48
R2006,O505466,C100192,P2415,2024-02-27,Late delivery,8610.18
R2007,O500427,C104927,P2594,2025-02-13,Size issue,16430.64
R2008,O511448,C111799,P2621,2025-10-30,Not as described,7001.5
R2009,O504691,C113146,P2781,2024-01-13,Defective product,4167.6
R2010,O525962,C114859,P2796,2025-05-09,Defective product,18540.37
R2011,O528744,C110356,P2361,2025-03-21,Damaged in transit,25860.44
R2012,O535925,C107595,P2250,2025-07-26,Damaged in transit,5628.59
R2013,O546548,C101888,P2738,2025-03-10,Wrong item delivered,3165.59
R2014,O523555,C105138,P2203,2025-04-20,Not as described,12167.58
R2015,O512429,C111525,P2264,2025-06-28,Wrong item delivered,4985.38
R2016,O541448,C100561,P2584,2025-10-07,Damaged in transit,629.84
R2017,O535813,C100123,P2512,2025-10-30,Late delivery,14007.71
R2018,O545246,C112648,P2635,2024-07-15,Late delivery,3293.34
R2019,O536910,C106259,P2592,2025-05-28,Size issue,747.9
R2020,O527051,C113443,P2070,2025-12-16,Changed my mind,18012.34
R2021,O508313,C103314,P2405,2025-11-13,Defective product,11342.6
R2022,O500257,C107826,P2295,2025-04-15,Not as described,14973.91
R2023,O527913,C100732,P2062,2025-10-18,Not as described,12263.72
R2024,O528484,C106287,P2760,2026-01-08,Defective product,7617.55
R2025,O535287,C114501,P2440,2025-03-19,Late delivery,15464.14
R2026,O552135,C108131,P2127,2024-12-30,Changed my mind,11019.76
R2027,O536342,C114094,P2636,2025-09-19,Defective product,8137.96
R2028,O508617,C103108,P2655,2025-11-19,Changed my mind,31492.09
R2029,O517279,C100562,P2456,2025-04-03,Damaged in transit,2518.9
R2030,O559289,C108614,P2761,2025-10-01,Damaged in transit,11677.74
R2031,O551752,C108675,P2515,2024-12-29,Wrong item delivered,14931.76
R2032,O521573,C109555,P2071,2024-06-09,Defective product,18556.5
R2033,O510670,C107201,P2269,2025-07-21,Wrong item delivered,3828.98
R2034,O541161,C101693,P2104,2025-11-28,Better price found elsewhere,14238.63
R2035,O559485,C114317,P2715,2025-12-18,Changed my mind,15637.96
R2036,O542118,C108712,P2171,2024-06-14,Not as described,8771.6
R2037,O534172,C111586,P2073,2024-01-05,Damaged in transit,11954.32
R2038,O552064,C112089,P2433,2026-01-04,Changed my mind,805.11
R2039,O555753,C101796,P2503,2024-12-29,Not as described,13496.18
R2040,O557120,C102497,P2541,2024-05-11,Damaged in transit,14324.26
R2041,O553758,C111724,P2781,2025-07-21,Defective product,4128.75
R2042,O555171,C104634,P2786,2024-04-25,Not Specified,13566.76
R2043,O559356,C113916,P2043,2025-02-22,Wrong item delivered,7293.85
R2044,O554741,C114769,P2313,2025-04-17,Damaged in transit,9678.46
R2045,O534569,C113637,P2430,2025-09-03,Not Specified,10951.67
R2046,O520962,C113550,P2674,2025-09-28,Damaged in transit,1956.94
R2047,O512662,C112538,P2744,2025-12-30,Not Specified,9559.28
R2048,O515105,C112152,P2513,2024-11-17,Not as described,33855.15
R2049,O531107,C107340,P2378,2024-07-02,Wrong item delivered,10869.87
R2050,O510230,C109387,P2028,2025-12-22,Size issue,568.06
R2051,O558846,C106437,P2223,2025-11-10,Damaged in transit,4278.22
R2052,O515991,C110183,P2533,2025-02-03,Changed my mind,41713.93
R2053,O531635,C106392,P2279,2026-01-21,Not as described,15456.14
R2054,O547518,C107018,P2147,2026-01-17,Size issue,3029.17
R2055,O518166,C109481,P2623,2024-11-02,Size issue,2846.83
R2056,O545612,C104712,P2034,2025-08-31,Late delivery,2080.88
R2057,O549054,C114600,P2148,2024-05-02,Damaged in transit,17831.95
R2058,O547983,C102821,P2221,2025-04-13,Changed my mind,12775.78
R2059,O546786,C106418,P2192,2025-10-01,Damaged in transit,18084.97
R2060,O522883,C101909,P2498,2024-09-12,Not Specified,16615.17
R2061,O550262,C102432,P2785,2025-04-14,Not as described,16076.73
R2062,O513811,C105309,P2260,2024-08-13,Wrong item delivered,2345.16
R2063,O532989,C108532,P2610,2025-03-26,Changed my mind,4263.15
R2064,O523470,C104435,P2431,2025-04-14,Wrong item delivered,2780.96
R2065,O545556,C110495,P2770,2025-04-02,Wrong item delivered,4114.26
R2066,O542351,C102571,P2734,2026-01-03,Better price found elsewhere,36197.66
R2067,O559252,C109511,P2311,2025-06-10,Defective product,9748.97
R2068,O555065,C110243,P2768,2025-08-02,Wrong item delivered,37819.83
R2069,O511755,C108012,P2653,2025-04-05,Changed my mind,6907.31
R2070,O525996,C104525,P2118,2026-01-10,Changed my mind,7772.13
R2071,O524089,C107588,P2124,2024-08-30,Size issue,13368.97
R2072,O541329,C107896,P2017,2024-09-17,Changed my mind,19667.05
R2073,O521543,C103205,P2515,2025-07-11,Not Specified,16453.91
R2074,O535738,C105652,P2684,2025-07-27,Wrong item delivered,18920.02
R2075,O513086,C106485,P2769,2025-08-22,Better price found elsewhere,11770.69
R2076,O519991,C103241,P2595,2024-11-25,Damaged in transit,8175.14
R2077,O526084,C102821,P2087,2023-12-29,Size issue,9499.54
R2078,O516119,C101872,P2443,2025-05-08,Wrong item delivered,1578.58
R2079,O510976,C113242,P2271,2025-04-08,Defective product,14968.75
R2080,O539262,C101331,P2521,2025-11-10,Defective product,12126.7
R2081,O539618,C105691,P2261,2025-05-19,Not as described,2763.36
R2082,O538570,C109393,P2142,2025-12-10,Better price found elsewhere,5726.61
R2083,O532680,C108928,P2735,2025-12-20,Late delivery,15973.69
R2084,O503219,C106561,P2732,2026-01-16,Damaged in transit,14982.3
R2085,O509122,C100190,P2228,2025-08-26,Damaged in transit,6686.51
R2086,O534206,C104353,P2322,2025-11-20,Defective product,11565.37
R2087,O524603,C108313,P2430,2025-04-14,Damaged in transit,10589.09
R2088,O553315,C100573,P2430,2025-10-22,Defective product,9304.54
R2089,O556056,C103425,P2619,2025-10-30,Size issue,4993.44
R2090,O559283,C108308,P2247,2024-12-21,Changed my mind,8426.13
R2091,O510891,C104245,P2281,2025-11-04,Damaged in transit,18024.87
R2092,O515444,C113030,P2533,2023-12-07,Damaged in transit,17960.99
R2093,O539153,C113071,P2226,2023-09-24,Better price found elsewhere,10613.32
R2094,O554528,C105690,P2790,2024-03-29,Not as described,9596.84
R2095,O514598,C111137,P2060,2026-01-12,Not as described,1556.46
R2096,O556979,C113348,P2707,2025-09-02,Damaged in transit,6468.69
R2097,O504015,C110819,P2615,2024-05-18,Size issue,16074.85
R2098,O503822,C103768,P2494,2024-12-11,Damaged in transit,2693.21
R2099,O512050,C101118,P2277,2024-05-25,Not as described,8906.81
R2100,O523713,C106985,P2183,2024-10-04,Not Specified,6591.78
R2101,O555501,C114762,P2665,2025-07-25,Wrong item delivered,9487.56
R2102,O524000,C108514,P2611,2026-01-21,Defective product,2738.44
R2103,O505273,C109422,P2149,2025-05-22,Not as described,7927.98
R2104,O528465,C113426,P2428,2024-02-02,Not Specified,13244.03
R2105,O536818,C110423,P2749,2025-07-09,Late delivery,7855.02
R2106,O515377,C103848,P2491,2024-01-03,Not Specified,16140.29
R2107,O528841,C108956,P2155,2025-12-20,Not Specified,6008.25
R2108,O559397,C112492,P2024,2025-04-01,Not Specified,3168.76
R2109,O520554,C102765,P2529,2024-08-08,Not Specified,6138.94
R2110,O538900,C111731,P2727,2025-07-15,Late delivery,13368.33
R2111,O555504,C113722,P2694,2025-03-03,Damaged in transit,19800.3
R2112,O540065,C100250,P2370,2024-11-23,Wrong item delivered,4981.5
R2113,O556022,C105288,P2464,2025-04-03,Not Specified,57006.67
R2114,O542386,C100847,P2535,2024-12-16,Wrong item delivered,7799.08
R2115,O541640,C104060,P2262,2024-05-23,Damaged in transit,12690.57
R2116,O509265,C103603,P2551,2026-01-13,Wrong item delivered,6026.32
R2117,O517456,C101132,P2696,2026-01-01,Damaged in transit,7598.73
R2118,O533324,C113070,P2201,2025-06-28,Size issue,18556.91
R2119,O557223,C100715,P2301,2025-12-23,Wrong item delivered,9673.5
R2120,O507165,C109953,P2690,2025-10-03,Better price found elsewhere,3578.62
R2121,O547793,C106240,P2351,2025-02-09,Better price found elsewhere,18582.71
R2122,O510191,C100097,P2567,2024-02-28,Defective product,4458.34
R2123,O507804,C102410,P2659,2025-06-14,Late delivery,11950.62
R2124,O534180,C113981,P2628,2025-05-14,Defective product,8814.62
R2125,O552764,C105751,P2752,2024-10-10,Not as described,10855.2
R2126,O531001,C105850,P2539,2025-05-11,Better price found elsewhere,11096.89
R2127,O543713,C108956,P2553,2025-12-13,Damaged in transit,11680.64
R2128,O532121,C102793,P2417,2026-01-02,Damaged in transit,15495.6
R2129,O523978,C111175,P2542,2025-01-22,Late delivery,2371.06
R2130,O539328,C101414,P2605,2025-11-02,Changed my mind,3460.48
R2131,O501967,C104457,P2103,2025-10-07,Better price found elsewhere,12537.86
R2132,O547751,C108685,P2687,2026-01-12,Damaged in transit,2818.75
R2133,O542647,C106239,P2231,2026-01-27,Size issue,9065.96
R2134,O501879,C113699,P2142,2025-08-15,Better price found elsewhere,5674.19
R2135,O555767,C100886,P2517,2025-09-25,Not as described,7652.06
R2136,O508579,C110004,P2518,2025-08-15,Size issue,7701.84
R2137,O537583,C114142,P2074,2026-01-15,Size issue,12555.27
R2138,O505819,C110765,P2197,2025-08-13,Not as described,11253.83
R2139,O508993,C113628,P2377,2025-05-10,Better price found elsewhere,8829.41
R2140,O528359,C100854,P2580,2024-08-13,Defective product,10854.57
R2141,O557024,C100048,P2786,2025-11-21,Wrong item delivered,13784.27
R2142,O526158,C109651,P2276,2025-07-30,Not as described,8964.42
R2143,O505867,C102049,P2287,2025-06-23,Not Specified,10290.77
R2144,O540426,C111315,P2482,2025-06-09,Damaged in transit,9981.83
R2145,O523036,C107998,P2407,2024-04-26,Damaged in transit,2504.38
R2146,O519584,C106282,P2357,2025-04-30,Late delivery,30497.31
R2147,O537981,C114880,P2541,2024-12-12,Better price found elsewhere,16204.09
R2148,O552091,C105670,P2553,2025-12-04,Late delivery,10966.73
R2149,O525196,C101658,P2020,2024-08-01,Better price found elsewhere,618.47
R2150,O542285,C107897,P2459,2025-12-31,Size issue,10817.9
R2151,O511737,C106257,P2789,2025-04-04,Better price found elsewhere,15929.7
R2152,O548516,C111421,P2024,2025-10-13,Late delivery,2771.77
R2153,O526001,C112267,P2301,2024-12-07,Better price found elsewhere,9457.8
R2154,O535209,C110227,P2396,2025-07-05,Wrong item delivered,3066.24
R2155,O501148,C112205,P2625,2023-10-18,Better price found elsewhere,1772.67
R2156,O536945,C101281,P2668,2025-12-30,Wrong item delivered,13799.8
R2157,O509606,C101136,P2110,2024-05-05,Defective product,4138.3
R2158,O527502,C113406,P2228,2025-10-27,Changed my mind,6531.89
R2159,O550840,C106482,P2613,2025-03-11,Not as described,10325.24
R2160,O544056,C113769,P2454,2025-12-13,Not Specified,3770.25
R2161,O504288,C111681,P2720,2024-10-15,Not Specified,8993.82
R2162,O541452,C103402,P2502,2025-02-14,Not Specified,25180.54
R2163,O558878,C102571,P2478,2025-10-18,Size issue,7287.92
R2164,O542536,C102922,P2368,2023-11-01,Size issue,14256.05
R2165,O525582,C112636,P2110,2025-03-24,Size issue,4602.43
R2166,O530099,C113463,P2626,2025-10-06,Changed my mind,13040.17
R2167,O538570,C109393,P2724,2025-12-08,Better price found elsewhere,8988.46
R2168,O519718,C110763,P2705,2026-01-11,Better price found elsewhere,14932.51
R2169,O532811,C105925,P2243,2025-05-07,Size issue,8263.39
R2170,O559813,C114885,P2406,2025-02-02,Wrong item delivered,14909.64
R2171,O541141,C102266,P2366,2025-12-17,Better price found elsewhere,3512.49
R2172,O531276,C105172,P2104,2025-03-20,Not as described,11537.87
R2173,O533408,C105745,P2100,2026-01-03,Not Specified,18354.84
R2174,O559187,C109631,P2389,2025-04-02,Wrong item delivered,5801.07
R2175,O548885,C100295,P2240,2025-12-15,Not as described,9811.56
R2176,O514860,C105607,P2398,2025-11-16,Wrong item delivered,15161.86
R2177,O513475,C111706,P2775,2025-04-11,Changed my mind,12240.92
R2178,O504498,C105829,P2619,2026-01-01,Size issue,5034.1
R2179,O532319,C108725,P2006,2025-10-18,Not as described,9297.77
R2180,O528771,C108169,P2650,2025-10-12,Not Specified,6357.75
R2181,O556419,C106474,P2289,2024-10-20,Changed my mind,1546.31
R2182,O558239,C106113,P2363,2025-12-26,Not Specified,12285.75
R2183,O550635,C113061,P2345,2025-11-27,Changed my mind,363.82
R2184,O529080,C111417,P2047,2023-09-04,Not Specified,10231.26
R2185,O516368,C100591,P2007,2025-04-14,Damaged in transit,16511.75
R2186,O501131,C110348,P2530,2025-05-19,Defective product,3931.18
R2187,O553951,C114880,P2768,2025-08-21,Size issue,13810.71
R2188,O529445,C109756,P2164,2024-11-21,Changed my mind,12234.68
R2189,O533477,C109193,P2350,2025-03-03,Size issue,1349.1
R2190,O501261,C112836,P2696,2025-09-26,Defective product,6527.22
R2191,O538507,C103475,P2096,2024-08-17,Wrong item delivered,6078.35
R2192,O514851,C100006,P2573,2023-05-26,Wrong item delivered,10101.12
R2193,O525753,C107628,P2103,2025-09-24,Not as described,12554.23
R2194,O502528,C103462,P2554,2024-07-22,Better price found elsewhere,18300.81
R2195,O527527,C106523,P2581,2024-01-02,Wrong item delivered,4465.6
R2196,O514688,C107653,P2092,2025-10-06,Better price found elsewhere,4952.93
R2197,O530254,C110772,P2258,2025-10-19,Defective product,7640.24
R2198,O542048,C101519,P2616,2025-11-02,Damaged in transit,13296.41
R2199,O505664,C114069,P2235,2024-06-01,Size issue,14148.81
R2200,O500906,C107964,P2323,2025-09-27,Damaged in transit,10013.54
R2201,O528185,C108940,P2211,2025-04-05,Size issue,12282.95
R2202,O547735,C104920,P2505,2025-10-11,Defective product,15142.79
R2203,O553024,C114114,P2754,2025-02-06,Not as described,3975.25
R2204,O546972,C107912,P2568,2024-10-25,Size issue,12555.64
R2205,O538180,C101516,P2356,2026-01-20,Damaged in transit,13931.35
R2206,O515985,C112215,P2381,2025-11-10,Defective product,15393.73
R2207,O553188,C114756,P2453,2025-10-17,Not Specified,16332.91
R2208,O512464,C106012,P2597,2025-03-23,Not Specified,11900.23
R2209,O557200,C107198,P2406,2025-11-03,Better price found elsewhere,13557.59
R2210,O522032,C107562,P2207,2025-03-13,Changed my mind,41490.44
R2211,O506641,C110317,P2017,2024-03-01,Changed my mind,18585.78
R2212,O552570,C114402,P2354,2024-12-18,Better price found elsewhere,3210.35
R2213,O547024,C103531,P2742,2024-08-26,Late delivery,35297.34
R2214,O559919,C106629,P2450,2025-02-27,Damaged in transit,2507.49
R2215,O526847,C111535,P2768,2025-04-14,Size issue,14678.43
R2216,O535348,C102602,P2692,2026-01-02,Defective product,12569.11
R2217,O519739,C105790,P2316,2024-03-31,Changed my mind,12642.83
R2218,O558556,C103460,P2329,2025-11-19,Defective product,5701.66
R2219,O539310,C111195,P2604,2025-09-15,Wrong item delivered,8307.59
R2220,O551835,C111161,P2534,2025-11-28,Damaged in transit,0.0
R2221,O516023,C106815,P2431,2026-01-01,Size issue,2605.02
R2222,O546950,C104284,P2254,2024-12-29,Not as described,2759.19
R2223,O534297,C104701,P2622,2025-04-16,Better price found elsewhere,213.8
R2224,O541811,C108651,P2587,2023-12-24,Damaged in transit,10600.99
R2225,O531252,C113947,P2226,2025-11-20,Defective product,13418.96
R2226,O508901,C112245,P2314,2024-11-02,Wrong item delivered,10146.14
R2227,O524195,C112845,P2533,2024-10-07,Better price found elsewhere,18034.15
R2228,O550416,C106069,P2155,2025-06-09,Damaged in transit,5642.72
R2229,O501907,C114648,P2526,2025-09-02,Damaged in transit,3347.43
R2230,O551621,C111331,P2403,2025-06-09,Size issue,15069.16
R2231,O500851,C114321,P2477,2025-11-22,Not as described,8731.43
R2232,O555587,C104631,P2446,2024-12-27,Not as described,11275.04
R2233,O545030,C106314,P2339,2025-07-31,Not as described,49545.23
R2234,O540284,C114347,P2554,2024-03-29,Wrong item delivered,16833.29
R2235,O509333,C109323,P2772,2025-02-02,Better price found elsewhere,12320.1
R2236,O537949,C109895,P2672,2025-10-24,Damaged in transit,1632.89
R2237,O549577,C104571,P2383,2024-10-06,Not Specified,12685.08
R2238,O549951,C114593,P2035,2025-08-11,Defective product,12416.03
R2239,O527836,C110804,P2641,2024-11-06,Defective product,6874.32
R2240,O501566,C108253,P2013,2024-11-23,Not Specified,12937.03
R2241,O500777,C112159,P2189,2025-08-01,Not as described,4614.77
R2242,O544927,C109492,P2457,2023-09-09,Late delivery,11101.06
R2243,O554936,C100814,P2304,2025-01-18,Wrong item delivered,15654.84
R2244,O545578,C100488,P2448,2025-11-13,Defective product,13594.06
R2245,O513751,C113346,P2197,2025-03-27,Late delivery,9748.0
R2246,O531395,C107735,P2406,2025-05-07,Better price found elsewhere,14493.57
R2247,O542128,C103933,P2360,2025-11-15,Size issue,17826.52
R2248,O556844,C107213,P2027,2025-08-09,Not as described,32906.93
R2249,O550917,C110880,P2269,2025-06-03,Defective product,2939.02
R2250,O508282,C102569,P2391,2025-11-24,Late delivery,3655.73
R2251,O523710,C106823,P2104,2025-11-13,Not Specified,14533.97
R2252,O517781,C101913,P2784,2024-02-09,Defective product,4214.36
R2253,O554331,C101152,P2374,2023-11-23,Wrong item delivered,1288.88
R2254,O555875,C113986,P2689,2025-02-01,Wrong item delivered,13835.9
R2255,O556312,C102424,P2553,2025-12-05,Better price found elsewhere,10973.89
R2256,O548204,C110550,P2140,2026-01-16,Changed my mind,4270.23
R2257,O521645,C113288,P2395,2024-10-14,Better price found elsewhere,5279.49
R2258,O515269,C109312,P2553,2025-12-07,Defective product,10297.52
R2259,O510968,C110132,P2438,2025-11-29,Better price found elsewhere,9044.79
R2260,O511048,C100825,P2282,2024-03-03,Better price found elsewhere,9361.23
R2261,O550803,C110259,P2145,2025-10-10,Late delivery,9493.76
R2262,O535384,C113639,P2505,2024-05-13,Wrong item delivered,15637.81
R2263,O543293,C113780,P2717,2025-03-25,Better price found elsewhere,766.01
R2264,O554741,C114769,P2098,2025-04-06,Not Specified,13214.2
R2265,O539821,C100718,P2476,2025-07-27,Not Specified,8753.28
R2266,O533173,C112785,P2695,2025-09-25,Wrong item delivered,0.0
R2267,O505518,C109439,P2404,2025-03-22,Changed my mind,10265.11
R2268,O506872,C112456,P2309,2025-08-23,Late delivery,9173.48
R2269,O540960,C101013,P2645,2024-11-07,Changed my mind,5872.32
R2270,O527976,C113743,P2791,2023-03-30,Size issue,12770.9
R2271,O514537,C109145,P2171,2025-09-26,Defective product,8100.8
R2272,O531304,C107795,P2668,2025-08-01,Late delivery,11128.22
R2273,O538553,C110235,P2588,2025-02-26,Damaged in transit,1463.89
R2274,O551796,C106720,P2555,2025-12-11,Better price found elsewhere,9759.45
R2275,O555884,C101077,P2101,2025-07-21,Late delivery,16753.76
R2276,O537057,C103469,P2121,2023-10-09,Not Specified,15793.76
R2277,O513503,C106853,P2068,2024-08-15,Wrong item delivered,14478.61
R2278,O513381,C111119,P2754,2026-01-24,Changed my mind,4011.18
R2279,O521975,C103572,P2311,2025-07-02,Size issue,8920.27
R2280,O521243,C113785,P2180,2025-07-29,Wrong item delivered,13450.65
R2281,O532769,C103298,P2396,2024-11-14,Size issue,3103.11
R2282,O504377,C113865,P2006,2025-07-26,Not as described,8675.87
R2283,O518563,C104894,P2365,2023-09-12,Wrong item delivered,482.7
R2284,O508353,C113046,P2193,2025-09-17,Wrong item delivered,5409.57
R2285,O553284,C113168,P2062,2024-11-12,Damaged in transit,10941.98
R2286,O533536,C110771,P2023,2025-12-15,Size issue,6015.19
R2287,O506264,C112226,P2296,2025-05-28,Size issue,2802.44
R2288,O517754,C111970,P2093,2025-12-27,Not as described,10245.01
R2289,O519794,C102466,P2574,2025-05-15,Changed my mind,20522.22
R2290,O503517,C106113,P2623,2026-01-01,Size issue,9100.5
R2291,O510333,C104935,P2550,2025-05-18,Better price found elsewhere,10115.8
R2292,O551532,C102605,P2642,2025-04-08,Size issue,4533.39
R2293,O517837,C103966,P2549,2025-11-14,Damaged in transit,15196.24
R2294,O531859,C103226,P2223,2025-08-09,Not as described,3805.19
R2295,O544502,C109328,P2116,2024-02-23,Changed my mind,11908.84
R2296,O554872,C108740,P2696,2025-12-29,Size issue,6500.07
R2297,O539938,C110121,P2030,2025-09-28,Changed my mind,10460.68
R2298,O506889,C112498,P2231,2025-08-11,Late delivery,9375.61
R2299,O515117,C114470,P2177,2025-12-17,Size issue,15030.76
R2300,O538304,C101830,P2644,2024-07-19,Size issue,4108.75
R2301,O540613,C107602,P2546,2023-09-25,Defective product,5711.18
R2302,O504483,C109244,P2537,2025-07-04,Wrong item delivered,2820.07
R2303,O543721,C113161,P2316,2025-12-09,Not as described,11994.89
R2304,O544693,C112959,P2464,2025-11-09,Not Specified,18814.73
R2305,O523974,C106099,P2073,2025-12-09,Size issue,12240.94
R2306,O556471,C107095,P2147,2024-12-09,Changed my mind,3572.16
R2307,O540506,C101081,P2156,2025-11-14,Not Specified,11385.94
R2308,O546092,C102438,P2251,2025-04-26,Not as described,16825.86
R2309,O552123,C108223,P2755,2025-08-10,Not as described,30951.72
R2310,O515352,C112635,P2495,2025-11-08,Better price found elsewhere,7108.36
R2311,O534895,C104143,P2211,2025-04-25,Late delivery,29273.22
R2312,O525931,C107798,P2448,2025-11-12,Better price found elsewhere,12252.57
R2313,O538751,C101581,P2196,2025-11-23,Not as described,12659.55
R2314,O559080,C101261,P2584,2025-07-31,Late delivery,568.19
R2315,O558844,C112463,P2205,2025-06-22,Size issue,9219.01
R2316,O526425,C111731,P2062,2025-07-31,Size issue,10746.34
R2317,O512594,C105558,P2435,2024-09-03,Late delivery,5733.54
R2318,O537222,C112314,P2173,2026-01-06,Better price found elsewhere,7372.77
R2319,O536525,C111874,P2752,2025-08-16,Wrong item delivered,4747.02
R2320,O505876,C103986,P2667,2026-01-08,Defective product,8413.26
R2321,O553532,C101056,P2283,2025-08-30,Better price found elsewhere,4755.78
R2322,O516586,C113018,P2053,2025-09-24,Not Specified,10755.04
R2323,O517266,C110806,P2565,2025-12-19,Size issue,5853.1
R2324,O538541,C110279,P2622,2024-05-20,Not Specified,197.35
R2325,O547925,C102271,P2689,2025-06-13,Better price found elsewhere,13415.77
R2326,O532242,C105270,P2442,2025-01-16,Not as described,9271.94
R2327,O558085,C112414,P2463,2025-08-31,Wrong item delivered,12351.37
R2328,O547958,C100884,P2511,2025-06-02,Not Specified,913.75
R2329,O524606,C107538,P2344,2025-07-14,Changed my mind,31276.09
R2330,O540643,C101180,P2526,2025-05-03,Changed my mind,3395.68
R2331,O531342,C101559,P2327,2025-01-06,Wrong item delivered,6720.28
R2332,O512422,C109610,P2407,2025-12-29,Changed my mind,2343.41
R2333,O508136,C102381,P2207,2025-04-26,Better price found elsewhere,14084.51
R2334,O553547,C105806,P2679,2025-09-25,Wrong item delivered,5384.22
R2335,O533828,C108522,P2565,2025-12-11,Defective product,6021.02
R2336,O508670,C114932,P2358,2025-03-19,Better price found elsewhere,9575.89
R2337,O557310,C105097,P2575,2025-12-30,Not Specified,5006.02
R2338,O508417,C113074,P2371,2025-11-18,Not Specified,4092.39
R2339,O534567,C102339,P2078,2024-11-08,Not Specified,44124.06
R2340,O506410,C103469,P2178,2023-05-15,Changed my mind,17201.27
R2341,O517028,C114727,P2704,2025-07-19,Defective product,2146.82
R2342,O539157,C105345,P2660,2025-01-31,Size issue,1121.38
R2343,O511944,C102157,P2001,2025-06-09,Damaged in transit,10450.15
R2344,O554074,C113488,P2138,2025-11-07,Not Specified,8852.76
R2345,O506680,C102570,P2587,2025-10-15,Not as described,12756.26
R2346,O527373,C108374,P2092,2025-12-10,Size issue,2562.47
R2347,O558311,C107929,P2223,2025-09-15,Wrong item delivered,4609.38
R2348,O553212,C112116,P2274,2025-07-11,Changed my mind,16660.91
R2349,O555643,C102124,P2709,2025-11-13,Wrong item delivered,8279.32
R2350,O512414,C107604,P2142,2025-09-20,Not Specified,16603.81
R2351,O510788,C111499,P2149,2025-03-31,Not Specified,8698.21
R2352,O521754,C108766,P2545,2025-01-14,Size issue,7654.93
R2353,O531316,C100019,P2075,2024-10-22,Not as described,7921.16
R2354,O526474,C108203,P2472,2025-07-07,Not Specified,12748.3
R2355,O527553,C103105,P2282,2025-12-05,Defective product,9342.13
R2356,O552521,C104370,P2267,2024-06-20,Late delivery,4846.95
R2357,O503030,C102298,P2557,2025-12-24,Wrong item delivered,11771.66
R2358,O546128,C105215,P2020,2024-12-21,Not Specified,665.1
R2359,O530690,C104128,P2326,2024-09-06,Size issue,1695.01
R2360,O509081,C106235,P2092,2024-10-09,Better price found elsewhere,5163.28
R2361,O539414,C103901,P2642,2025-06-08,Changed my mind,3859.93
R2362,O559405,C102502,P2476,2025-08-10,Wrong item delivered,7542.63
R2363,O551527,C112087,P2674,2025-02-28,Not Specified,4587.79
R2364,O512270,C111635,P2349,2025-09-27,Size issue,13607.71
R2365,O534983,C113162,P2672,2025-09-19,Better price found elsewhere,1575.73
R2366,O519059,C104344,P2478,2025-08-16,Not Specified,8547.97
R2367,O509263,C109868,P2723,2025-10-05,Damaged in transit,6016.17
R2368,O516319,C113002,P2166,2025-04-04,Changed my mind,5511.88
R2369,O533852,C113992,P2084,2023-04-14,Better price found elsewhere,14929.6
R2370,O546305,C104517,P2374,2025-05-25,Size issue,1366.09
R2371,O540398,C105723,P2688,2025-09-09,Changed my mind,1446.61
R2372,O526018,C103605,P2097,2025-10-28,Better price found elsewhere,10819.68
R2373,O542348,C108997,P2212,2025-08-04,Size issue,6441.83
R2374,O536438,C109651,P2272,2025-12-31,Wrong item delivered,12530.0
R2375,O501707,C114297,P2254,2024-01-17,Not Specified,3883.23
R2376,O514014,C113079,P2443,2025-11-05,Late delivery,1709.28
R2377,O525646,C112087,P2467,2025-01-26,Not as described,12401.17
R2378,O559048,C111635,P2738,2025-06-23,Size issue,2933.03
R2379,O549334,C112747,P2427,2025-11-14,Not as described,13626.21
R2380,O540289,C113317,P2125,2024-11-08,Not Specified,2667.44
R2381,O514251,C108541,P2191,2024-12-19,Not Specified,1973.39
R2382,O553382,C105499,P2153,2024-07-18,Better price found elsewhere,13991.14
R2383,O556490,C106885,P2279,2025-08-25,Not Specified,12352.0
R2384,O526971,C106460,P2221,2025-01-02,Not Specified,12418.22
R2385,O530640,C109265,P2602,2026-01-07,Better price found elsewhere,16799.61
R2386,O507357,C100057,P2690,2024-07-24,Changed my mind,3681.03
R2387,O508554,C105316,P2077,2025-08-07,Size issue,13775.01
R2388,O548940,C108691,P2034,2025-08-30,Defective product,2394.95
R2389,O515168,C113012,P2237,2025-10-26,Not as described,5587.2
R2390,O547809,C107677,P2690,2023-08-29,Defective product,3792.23
R2391,O532554,C112703,P2372,2025-12-19,Defective product,9655.53
R2392,O502120,C107417,P2620,2024-10-27,Better price found elsewhere,1671.74
R2393,O528164,C113280,P2151,2025-08-10,Changed my mind,38145.6
R2394,O514797,C109052,P2121,2024-07-20,Late delivery,17136.68
R2395,O517879,C101575,P2306,2024-06-25,Defective product,13722.41
R2396,O554168,C103258,P2546,2025-08-02,Defective product,5501.57
R2397,O530952,C110801,P2358,2025-12-28,Damaged in transit,10513.43
R2398,O509565,C112434,P2734,2025-02-26,Better price found elsewhere,17205.57
R2399,O507668,C100463,P2125,2025-11-23,Damaged in transit,8658.03
R2400,O511590,C104155,P2431,2025-08-01,Better price found elsewhere,4779.45
R2401,O527909,C100958,P2068,2025-12-25,Better price found elsewhere,16402.14
R2402,O500235,C103928,P2179,2025-05-27,Late delivery,6653.59
R2403,O528579,C106837,P2579,2025-09-25,Wrong item delivered,788.16
R2404,O555200,C112024,P2181,2025-04-12,Size issue,11008.64
R2405,O550639,C105345,P2159,2024-03-20,Not as described,4255.97
R2406,O553505,C100243,P2028,2023-06-16,Defective product,593.4
R2407,O535953,C113184,P2139,2025-07-16,Not Specified,6848.31
R2408,O502594,C111419,P2654,2025-04-22,Not Specified,5009.62
R2409,O558297,C104823,P2513,2025-04-25,Not as described,16715.35
R2410,O543124,C106301,P2494,2024-08-18,Defective product,2523.35
R2411,O544827,C106624,P2159,2025-05-07,Defective product,13736.48
R2412,O533482,C114045,P2360,2025-12-29,Better price found elsewhere,16790.64
R2413,O554443,C113264,P2568,2024-07-09,Wrong item delivered,13430.57
R2414,O513978,C106714,P2632,2024-12-20,Defective product,11719.32
R2415,O502052,C106472,P2338,2025-10-21,Wrong item delivered,4532.91
R2416,O524486,C112787,P2013,2025-12-20,Late delivery,14143.44
R2417,O550173,C109476,P2319,2025-11-18,Not as described,14810.92
R2418,O541086,C105180,P2191,2025-01-31,Late delivery,1900.09
R2419,O514208,C106165,P2406,2024-07-22,Late delivery,14242.76
R2420,O527905,C100514,P2162,2025-07-22,Not as described,10127.98
R2421,O526674,C108922,P2149,2025-06-28,Wrong item delivered,7086.71
R2422,O503699,C101571,P2306,2025-05-17,Not Specified,15271.36
R2423,O524640,C108871,P2769,2026-01-17,Size issue,11475.88
R2424,O522972,C107315,P2690,2024-03-14,Defective product,3862.28
R2425,O556341,C110666,P2690,2025-06-28,Damaged in transit,3768.78
R2426,O504265,C100036,P2574,2024-08-15,Not as described,17393.75
R2427,O545052,C112345,P2494,2025-07-30,Not Specified,2732.93
R2428,O520313,C103831,P2700,2025-08-20,Damaged in transit,3645.87
R2429,O559416,C106915,P2355,2025-01-08,Late delivery,9763.16
R2430,O553583,C113016,P2746,2025-07-08,Not Specified,3898.31
R2431,O551967,C108516,P2144,2024-10-15,Wrong item delivered,5421.7
R2432,O545545,C108383,P2698,2025-04-13,Not as described,11924.33
R2433,O506262,C104147,P2470,2025-08-19,Changed my mind,4511.37
R2434,O549194,C108718,P2577,2025-06-03,Changed my mind,7337.9
R2435,O515274,C108110,P2523,2024-12-20,Defective product,3860.23
R2436,O558044,C108641,P2384,2025-07-20,Not Specified,6149.44
R2437,O505247,C109620,P2310,2024-12-06,Not Specified,718.92
R2438,O536989,C100167,P2075,2025-02-08,Changed my mind,7241.03
R2439,O505726,C108654,P2761,2025-11-01,Size issue,12530.16
R2440,O530738,C106651,P2699,2025-12-11,Damaged in transit,7013.48
R2441,O558457,C104094,P2216,2025-11-05,Late delivery,2056.54
R2442,O521648,C104456,P2184,2025-08-27,Changed my mind,3647.6
R2443,O553894,C103488,P2690,2024-10-28,Defective product,4525.58
R2444,O523169,C103215,P2566,2025-12-20,Late delivery,8272.73
R2445,O517551,C112456,P2784,2025-01-19,Defective product,4807.92
R2446,O547846,C109648,P2781,2025-10-03,Defective product,4076.42
R2447,O522580,C110070,P2600,2025-08-03,Not Specified,5378.96
R2448,O558013,C105965,P2555,2025-09-23,Better price found elsewhere,10357.29
R2449,O544092,C113687,P2374,2025-11-17,Late delivery,1432.44
R2450,O539532,C109203,P2263,2025-07-03,Wrong item delivered,9089.36
R2451,O524295,C111634,P2130,2025-10-01,Damaged in transit,8266.03
R2452,O555140,C105986,P2585,2026-01-04,Late delivery,9583.72
R2453,O557152,C101359,P2724,2025-07-02,Changed my mind,9134.72
R2454,O534321,C100404,P2243,2025-12-04,Damaged in transit,17560.49
R2455,O530722,C110253,P2431,2025-11-21,Wrong item delivered,2432.52
R2456,O524138,C101002,P2636,2025-03-23,Better price found elsewhere,24615.48
R2457,O536099,C111821,P2581,2025-11-17,Not as described,4462.67
R2458,O528257,C110954,P2234,2025-12-18,Late delivery,3386.76
R2459,O549542,C101538,P2004,2025-07-17,Better price found elsewhere,12493.05
R2460,O547525,C111675,P2617,2025-01-05,Better price found elsewhere,5580.33
R2461,O508475,C101039,P2179,2025-05-24,Changed my mind,6977.38
R2462,O511076,C110609,P2026,2024-05-04,Changed my mind,7479.4
R2463,O546951,C113703,P2332,2025-08-04,Wrong item delivered,16912.75
R2464,O514461,C113870,P2396,2025-10-04,Late delivery,2993.96
R2465,O521403,C111746,P2598,2025-08-06,Late delivery,10998.54
R2466,O541704,C113161,P2091,2023-09-08,Damaged in transit,1883.49
R2467,O552113,C103250,P2750,2025-07-01,Not as described,7243.55
R2468,O506867,C104581,P2537,2024-10-03,Not Specified,2731.77
R2469,O516413,C110416,P2279,2025-12-26,Size issue,13501.93
R2470,O538729,C103221,P2043,2024-02-20,Size issue,7705.21
R2471,O546962,C102947,P2783,2025-09-21,Wrong item delivered,14758.87
R2472,O533535,C108890,P2647,2025-06-03,Late delivery,17676.59
R2473,O523277,C107756,P2721,2025-10-17,Wrong item delivered,2678.17
R2474,O532010,C104719,P2479,2025-12-10,Late delivery,3202.69
R2475,O546131,C104384,P2796,2024-04-03,Size issue,15586.38
R2476,O512806,C105440,P2143,2025-11-25,Defective product,11735.27
R2477,O540050,C101178,P2151,2025-11-17,Damaged in transit,12834.11
R2478,O503543,C111082,P2167,2025-12-31,Damaged in transit,4338.42
R2479,O551825,C105421,P2395,2025-11-11,Defective product,5755.29
R2480,O537595,C105794,P2079,2024-02-08,Better price found elsewhere,7781.37
R2481,O533957,C114079,P2570,2024-09-15,Not as described,28379.32
R2482,O517297,C109169,P2280,2025-07-16,Changed my mind,3015.45
R2483,O512776,C104222,P2713,2025-07-01,Damaged in transit,7430.54
R2484,O549024,C114672,P2507,2025-10-18,Damaged in transit,954.05
R2485,O502387,C114095,P2305,2023-08-22,Late delivery,6607.06
R2486,O547579,C108630,P2400,2025-12-21,Changed my mind,8386.77
R2487,O518620,C102613,P2245,2025-11-05,Better price found elsewhere,347.94
R2488,O530978,C109011,P2547,2025-03-26,Damaged in transit,8322.38
R2489,O516863,C101869,P2690,2026-01-10,Changed my mind,3936.69
R2490,O513124,C102224,P2196,2025-02-11,Size issue,12629.74
R2491,O556674,C100932,P2785,2025-05-09,Not Specified,15763.25
R2492,O558146,C109298,P2185,2025-12-30,Not Specified,15603.51
R2493,O518125,C108580,P2264,2025-12-18,Defective product,5316.63
R2494,O545907,C108231,P2046,2024-02-25,Late delivery,15012.04
R2495,O531301,C108582,P2015,2025-04-09,Not as described,5748.62
R2496,O545143,C111186,P2237,2025-12-26,Better price found elsewhere,5098.66
R2497,O559708,C111596,P2623,2025-12-04,Late delivery,3269.39
R2498,O523304,C113321,P2536,2025-03-22,Damaged in transit,5887.52
R2499,O512167,C107330,P2661,2025-11-22,Changed my mind,2470.1
R2500,O527708,C108984,P2121,2025-10-31,Changed my mind,28537.26
R2501,O500880,C111869,P2689,2023-11-09,Better price found elsewhere,13646.81
R2502,O502578,C104547,P2469,2025-08-19,Late delivery,95.89
R2503,O536593,C114651,P2704,2023-10-26,Changed my mind,1908.34
R2504,O533709,C108882,P2420,2024-10-17,Changed my mind,4661.74
R2505,O501031,C101013,P2023,2024-11-13,Not as described,6514.41
R2506,O504888,C102771,P2399,2025-06-14,Defective product,3198.93
R2507,O559283,C108308,P2007,2025-01-11,Late delivery,17735.95
R2508,O507433,C110380,P2106,2024-10-12,Late delivery,13677.37
R2509,O520533,C106571,P2023,2023-08-30,Better price found elsewhere,5736.54
R2510,O541763,C114572,P2623,2023-10-11,Wrong item delivered,3081.62
R2511,O528727,C100041,P2238,2025-06-21,Wrong item delivered,9378.38
R2512,O551814,C105351,P2642,2025-02-13,Better price found elsewhere,4240.71
R2513,O555689,C113426,P2754,2024-12-16,Not Specified,4570.01
R2514,O541480,C113899,P2005,2025-08-15,Changed my mind,10625.78
R2515,O537495,C102951,P2567,2025-03-05,Late delivery,4565.09
R2516,O528664,C100155,P2339,2024-04-20,Wrong item delivered,17234.58
R2517,O525246,C111489,P2200,2025-10-07,Better price found elsewhere,13674.39
R2518,O536710,C107148,P2078,2025-08-12,Better price found elsewhere,14373.46
R2519,O515858,C101056,P2041,2025-08-29,Better price found elsewhere,14978.85
R2520,O502932,C110871,P2204,2026-01-07,Better price found elsewhere,7337.25
R2521,O506385,C107740,P2169,2024-09-08,Not as described,1595.8
R2522,O553988,C103054,P2451,2025-04-26,Changed my mind,15219.75
R2523,O551097,C101945,P2095,2025-10-27,Not as described,15828.9
R2524,O530610,C108829,P2231,2025-12-21,Better price found elsewhere,8472.84
R2525,O535661,C108675,P2572,2024-07-25,Not Specified,13902.88
R2526,O505645,C105169,P2321,2024-10-15,Changed my mind,13538.37
R2527,O518354,C111394,P2579,2025-02-04,Changed my mind,893.85
R2528,O541471,C112735,P2749,2025-10-17,Size issue,6505.12
R2529,O508120,C102432,P2448,2025-06-30,Late delivery,11683.04
R2530,O516201,C103741,P2006,2025-08-12,Changed my mind,7723.7
R2531,O516128,C111815,P2504,2025-01-12,Wrong item delivered,11076.71
R2532,O515005,C113589,P2557,2025-03-26,Not Specified,11026.81
R2533,O527653,C110221,P2361,2025-11-14,Changed my mind,8896.1
R2534,O518560,C105419,P2240,2025-03-14,Late delivery,2798.71
R2535,O504046,C107690,P2055,2024-04-18,Late delivery,7305.54
R2536,O541632,C106406,P2527,2025-12-25,Damaged in transit,15711.89
R2537,O531470,C103822,P2197,2025-10-07,Not as described,10019.13
R2538,O540010,C103766,P2299,2025-12-27,Late delivery,10629.99
R2539,O546195,C104414,P2678,2025-02-22,Size issue,14278.94
R2540,O557119,C112647,P2724,2024-11-13,Not Specified,10012.98
R2541,O511224,C114965,P2522,2025-10-18,Damaged in transit,16327.37
R2542,O534253,C114931,P2638,2025-12-25,Not Specified,17122.83
R2543,O506901,C106409,P2488,2025-12-19,Wrong item delivered,11561.13
R2544,O500580,C109813,P2154,2024-02-13,Not as described,7397.16
R2545,O538045,C106264,P2377,2025-06-23,Defective product,8741.05
R2546,O557912,C105076,P2648,2024-05-04,Damaged in transit,136.69
R2547,O539892,C100512,P2515,2026-01-02,Not as described,16471.49
R2548,O550124,C102088,P2394,2025-12-28,Not as described,3460.23
R2549,O541800,C101896,P2390,2025-05-03,Late delivery,26851.74
R2550,O513462,C105947,P2201,2025-10-24,Better price found elsewhere,52307.88
R2551,O527152,C105320,P2621,2025-12-22,Size issue,6411.42
R2552,O507764,C113662,P2504,2025-10-29,Damaged in transit,9871.28
R2553,O534393,C112280,P2107,2025-11-19,Wrong item delivered,8349.98
R2554,O539108,C109585,P2214,2025-11-07,Defective product,19157.1
R2555,O548913,C108018,P2710,2025-12-12,Wrong item delivered,850.17
R2556,O540642,C111980,P2498,2025-01-06,Not Specified,18357.6
R2557,O547694,C104395,P2628,2025-12-13,Changed my mind,7545.4
R2558,O515503,C107249,P2654,2025-04-08,Changed my mind,6248.62
R2559,O554413,C109718,P2032,2025-02-11,Better price found elsewhere,9344.77
R2560,O550281,C103099,P2005,2025-11-14,Size issue,11689.98
R2561,O509205,C104416,P2399,2025-12-08,Defective product,3471.18
R2562,O556881,C113867,P2343,2024-10-22,Damaged in transit,6603.08
R2563,O512766,C112249,P2434,2026-01-15,Late delivery,10066.06
R2564,O513953,C101945,P2613,2025-10-13,Damaged in transit,12014.68
R2565,O549895,C110202,P2709,2025-10-21,Not Specified,8489.87
R2566,O549193,C112767,P2187,2024-09-13,Wrong item delivered,16577.17
R2567,O557289,C105778,P2605,2024-02-29,Changed my mind,3310.61
R2568,O559493,C113943,P2546,2025-11-25,Wrong item delivered,5308.97
R2569,O514511,C114241,P2477,2026-01-15,Damaged in transit,8288.99
R2570,O513135,C108793,P2462,2025-04-28,Not as described,10092.53
R2571,O521776,C108934,P2240,2025-08-28,Not as described,2882.75
R2572,O516065,C112753,P2740,2024-08-01,Damaged in transit,8973.91
R2573,O528057,C108972,P2101,2025-12-04,Late delivery,15610.75
R2574,O517297,C109169,P2558,2025-07-31,Defective product,1588.41
R2575,O547075,C107200,P2097,2024-05-27,Late delivery,11755.76
R2576,O518752,C113236,P2115,2026-01-06,Size issue,11275.49
R2577,O543731,C101011,P2408,2026-01-02,Changed my mind,16167.44
R2578,O554206,C112997,P2175,2023-12-10,Damaged in transit,10189.25
R2579,O501875,C104947,P2776,2025-11-27,Better price found elsewhere,13281.49
R2580,O553534,C112106,P2212,2024-06-17,Damaged in transit,2065.65
R2581,O500500,C100019,P2406,2024-12-30,Changed my mind,14760.52
R2582,O504298,C101388,P2208,2025-03-02,Not Specified,903.02
R2583,O538281,C105189,P2257,2024-10-20,Better price found elsewhere,3167.82
R2584,O529634,C113765,P2240,2024-06-30,Not Specified,3072.93
R2585,O546650,C101793,P2466,2023-12-23,Not as described,6159.2
R2586,O549480,C109211,P2060,2025-12-26,Wrong item delivered,1519.26
R2587,O556567,C113793,P2686,2023-11-12,Damaged in transit,10730.72
R2588,O503158,C103820,P2468,2024-03-31,Changed my mind,6321.16
R2589,O527994,C110622,P2454,2024-11-18,Wrong item delivered,4019.71
R2590,O552864,C106733,P2662,2024-10-17,Better price found elsewhere,6700.43
R2591,O500768,C108000,P2627,2025-12-15,Size issue,33505.53
R2592,O507665,C102964,P2523,2025-12-31,Defective product,3975.52
R2593,O559260,C111859,P2375,2025-07-03,Better price found elsewhere,12410.78
R2594,O530314,C102785,P2701,2025-09-13,Damaged in transit,7687.44
R2595,O550763,C101945,P2515,2025-09-16,Defective product,13734.87
R2596,O517599,C112876,P2268,2025-10-02,Size issue,13754.62
R2597,O533445,C111885,P2341,2025-01-22,Better price found elsewhere,27293.86
R2598,O541004,C104645,P2338,2024-08-29,Size issue,4899.67
R2599,O549733,C108676,P2226,2024-04-26,Late delivery,13167.39
R2600,O507312,C103620,P2798,2024-11-05,Better price found elsewhere,15363.41
R2601,O554613,C113661,P2233,2025-12-16,Not Specified,14825.73
R2602,O517148,C109653,P2047,2025-10-27,Better price found elsewhere,4604.18
R2603,O552177,C107915,P2794,2025-11-23,Late delivery,10280.71
R2604,O517830,C102847,P2399,2024-11-28,Wrong item delivered,3129.06
R2605,O535637,C104645,P2572,2024-11-11,Not as described,15129.21
R2606,O546260,C110910,P2681,2025-10-25,Changed my mind,14044.53
R2607,O548883,C110361,P2130,2025-11-11,Wrong item delivered,9523.68
R2608,O520886,C103985,P2617,2025-06-05,Late delivery,5515.75
R2609,O553187,C105340,P2481,2025-04-11,Not as described,16213.26
R2610,O526452,C113993,P2050,2026-01-09,Not Specified,14704.64
R2611,O510762,C110420,P2082,2025-11-14,Damaged in transit,13440.17
R2612,O523295,C106575,P2241,2025-09-09,Not Specified,12364.4
R2613,O547614,C106472,P2655,2025-05-05,Damaged in transit,10594.41
R2614,O504209,C114751,P2457,2025-08-10,Changed my mind,11648.93
R2615,O518671,C106237,P2271,2023-06-07,Not Specified,15658.18
R2616,O540977,C105667,P2331,2024-10-21,Changed my mind,12918.47
R2617,O556406,C108991,P2187,2024-04-29,Damaged in transit,14023.37
R2618,O535641,C100351,P2021,2025-12-21,Not as described,6072.63
R2619,O518945,C104355,P2007,2025-08-08,Changed my mind,15256.59
R2620,O508649,C101362,P2549,2024-12-14,Not as described,15915.59
R2621,O535373,C108619,P2214,2023-04-01,Wrong item delivered,18306.3
R2622,O527732,C113349,P2546,2024-04-23,Not as described,5796.24
R2623,O506255,C108560,P2383,2025-12-06,Changed my mind,16762.8
R2624,O535760,C101906,P2021,2025-02-06,Better price found elsewhere,7786.1
R2625,O555274,C106409,P2572,2024-04-24,Not as described,14491.85
R2626,O551218,C104951,P2775,2024-11-25,Not as described,12550.7
R2627,O542400,C108233,P2215,2025-12-20,Better price found elsewhere,9874.99
R2628,O533270,C114444,P2506,2025-07-31,Late delivery,12314.37
R2629,O544776,C107814,P2558,2025-10-24,Late delivery,4872.56
R2630,O542316,C101278,P2216,2023-04-29,Not as described,1891.37
R2631,O521513,C112889,P2114,2025-03-29,Changed my mind,14022.2
R2632,O539032,C105668,P2619,2025-12-03,Size issue,4352.58
R2633,O521820,C100719,P2794,2025-02-09,Changed my mind,12615.56
R2634,O535425,C101350,P2053,2025-12-10,Changed my mind,12670.37
R2635,O522194,C114404,P2750,2025-02-12,Not as described,7302.06
R2636,O504318,C103478,P2672,2023-11-26,Better price found elsewhere,1563.23
R2637,O551926,C106321,P2714,2024-10-25,Changed my mind,24586.03
R2638,O538585,C111334,P2358,2024-11-08,Damaged in transit,9171.92
R2639,O539032,C105668,P2332,2025-12-04,Wrong item delivered,16810.11
R2640,O541464,C114740,P2797,2025-11-17,Better price found elsewhere,14326.21
R2641,O542576,C103371,P2159,2025-01-08,Wrong item delivered,8926.64
R2642,O534253,C114931,P2494,2025-12-31,Better price found elsewhere,2834.85
R2643,O509320,C112824,P2196,2024-03-02,Not as described,14153.08
R2644,O508156,C102367,P2752,2025-05-17,Defective product,5430.35
R2645,O510214,C108816,P2273,2025-10-23,Better price found elsewhere,15754.4
R2646,O545739,C102381,P2533,2024-11-07,Size issue,20547.26
R2647,O504397,C113424,P2618,2025-07-04,Late delivery,5484.09
R2648,O518681,C103286,P2175,2024-08-17,Size issue,10443.65
R2649,O527791,C100702,P2065,2025-10-02,Not as described,12935.97
R2650,O531580,C112779,P2013,2023-12-14,Not Specified,12965.72
R2651,O545249,C106025,P2674,2025-10-12,Late delivery,6892.16
R2652,O519458,C106153,P2685,2025-07-09,Not as described,1827.27
R2653,O510951,C111045,P2138,2023-08-20,Wrong item delivered,7576.21
R2654,O515532,C100797,P2041,2025-11-29,Changed my mind,15396.47
R2655,O529214,C110158,P2622,2025-02-12,Damaged in transit,180.79
R2656,O557560,C113778,P2759,2025-09-06,Wrong item delivered,12180.69
R2657,O532369,C113321,P2744,2025-07-14,Not Specified,8982.98
R2658,O531566,C105851,P2280,2024-06-11,Changed my mind,2892.54
R2659,O553976,C100604,P2549,2025-08-01,Better price found elsewhere,17353.6
R2660,O552485,C112018,P2464,2025-10-10,Late delivery,15341.94
R2661,O525575,C108922,P2035,2023-06-26,Not Specified,11355.58
R2662,O508324,C103261,P2459,2025-12-30,Late delivery,10830.0
R2663,O501763,C106622,P2075,2025-09-09,Not as described,7653.32
R2664,O510903,C111491,P2028,2025-11-04,Changed my mind,643.77
R2665,O505912,C105396,P2116,2025-06-01,Size issue,11716.9
R2666,O502367,C107548,P2313,2023-12-05,Defective product,8649.99
R2667,O525202,C109864,P2381,2025-11-20,Size issue,14013.02
R2668,O538051,C103464,P2580,2025-01-01,Defective product,9826.97
R2669,O522350,C102584,P2146,2025-10-01,Changed my mind,6678.05
R2670,O506299,C111569,P2235,2025-11-12,Late delivery,7053.91
R2671,O548763,C111425,P2200,2024-09-12,Not Specified,12880.92
R2672,O510362,C113051,P2376,2025-11-22,Not as described,690.03
R2673,O520088,C112749,P2355,2024-11-13,Defective product,16660.38
R2674,O500976,C105625,P2405,2025-11-23,Late delivery,12313.93
R2675,O548978,C113460,P2193,2025-04-18,Size issue,5396.9
R2676,O526863,C101239,P2073,2024-06-03,Defective product,10904.83
R2677,O510485,C107891,P2303,2025-02-13,Not as described,1329.77
R2678,O537011,C114788,P2740,2025-12-05,Not Specified,9411.58
R2679,O554810,C105125,P2598,2024-07-19,Better price found elsewhere,12658.78
R2680,O559174,C106585,P2404,2025-08-20,Better price found elsewhere,9315.89
R2681,O534883,C104026,P2724,2025-09-08,Late delivery,9415.77
R2682,O543611,C112027,P2180,2025-08-26,Defective product,11643.09
R2683,O548050,C113548,P2759,2024-09-17,Changed my mind,11733.51
R2684,O546055,C101584,P2402,2025-07-23,Not as described,2956.69
R2685,O539278,C111754,P2545,2023-05-20,Not as described,6944.7
R2686,O556309,C106807,P2296,2025-12-11,Late delivery,2470.28
R2687,O524841,C105525,P2288,2024-04-18,Wrong item delivered,9620.78
R2688,O510982,C106228,P2460,2025-12-01,Changed my mind,7437.69
R2689,O501142,C108364,P2798,2023-07-08,Late delivery,14999.96
R2690,O522854,C105266,P2284,2025-04-21,Size issue,40041.88
R2691,O530868,C114650,P2541,2023-08-29,Wrong item delivered,16483.58
R2692,O539656,C113058,P2043,2025-12-31,Defective product,16646.12
R2693,O518672,C106890,P2243,2024-10-12,Changed my mind,9406.53
R2694,O523480,C112941,P2615,2024-10-03,Changed my mind,15558.69
R2695,O524047,C112245,P2617,2024-12-07,Not as described,2507.71
R2696,O555795,C103593,P2488,2024-05-19,Damaged in transit,13286.1
R2697,O552725,C107462,P2750,2025-11-12,Wrong item delivered,8131.7
R2698,O556826,C103136,P2096,2023-07-28,Not as described,6328.95
R2699,O544651,C107416,P2068,2025-07-12,Changed my mind,15727.85
R2700,O517930,C114334,P2672,2026-01-11,Not Specified,1500.24
R2701,O525575,C108922,P2326,2023-06-13,Size issue,1716.08
R2702,O555609,C101971,P2768,2025-04-09,Defective product,15358.93
R2703,O548563,C111389,P2243,2025-09-02,Not as described,8766.85
R2704,O538844,C113612,P2176,2024-08-27,Better price found elsewhere,12470.49
R2705,O552388,C112426,P2241,2024-02-15,Late delivery,11618.65
R2706,O534979,C106046,P2125,2025-11-09,Not as described,2662.64
R2707,O518714,C112810,P2500,2025-12-02,Not as described,9774.69
R2708,O541938,C108013,P2158,2025-12-26,Better price found elsewhere,721.96
R2709,O528141,C108648,P2470,2025-12-10,Defective product,4538.09
R2710,O557874,C111448,P2065,2025-05-17,Changed my mind,25909.2
R2711,O511882,C106321,P2475,2024-09-15,Size issue,4578.73
R2712,O511298,C110761,P2545,2025-01-16,Damaged in transit,7137.75
R2713,O506748,C109884,P2321,2023-08-18,Changed my mind,15676.77
R2714,O524111,C103695,P2277,2025-11-14,Late delivery,10226.72
R2715,O558763,C111161,P2725,2025-10-16,Damaged in transit,6865.3
R2716,O527355,C104600,P2011,2024-05-20,Damaged in transit,17047.25
R2717,O555526,C113760,P2646,2025-12-07,Wrong item delivered,11830.94
R2718,O552141,C112053,P2257,2025-05-13,Wrong item delivered,2813.06
R2719,O537767,C113264,P2383,2024-09-11,Changed my mind,30579.19
R2720,O500852,C101901,P2546,2024-04-24,Size issue,5371.15
R2721,O557588,C106715,P2300,2024-04-05,Defective product,4835.01
R2722,O532714,C113657,P2490,2024-06-01,Damaged in transit,4269.91
R2723,O519486,C113197,P2527,2025-05-26,Better price found elsewhere,15543.65
R2724,O555722,C104947,P2339,2025-07-23,Size issue,16586.67
R2725,O543845,C109456,P2549,2025-03-16,Damaged in transit,15126.57
R2726,O524769,C108759,P2287,2025-08-10,Defective product,31717.72
R2727,O510453,C106211,P2492,2024-03-09,Size issue,3803.81
R2728,O502892,C108381,P2133,2025-10-10,Not Specified,4133.82
R2729,O510295,C103205,P2637,2025-11-15,Better price found elsewhere,8108.66
R2730,O514318,C109287,P2456,2024-10-25,Defective product,2368.59
R2731,O506325,C105266,P2609,2025-03-15,Not Specified,6666.54
R2732,O517567,C105270,P2180,2024-06-22,Late delivery,12214.57
R2733,O518730,C103134,P2360,2025-03-26,Defective product,17930.75
R2734,O521687,C110410,P2633,2023-11-14,Defective product,11555.9
R2735,O523847,C109707,P2197,2025-10-15,Changed my mind,10060.12
R2736,O531093,C108362,P2267,2025-09-29,Not as described,4948.3
R2737,O529411,C111484,P2591,2025-12-03,Damaged in transit,3527.06
R2738,O545697,C103427,P2750,2025-08-05,Wrong item delivered,8379.21
R2739,O519595,C107195,P2207,2025-07-11,Better price found elsewhere,14742.31
R2740,O538455,C110357,P2516,2025-10-01,Damaged in transit,5394.0
R2741,O555610,C102576,P2623,2026-01-14,Defective product,3396.64
R2742,O510070,C110147,P2712,2024-12-29,Size issue,9326.12
R2743,O550487,C107244,P2661,2024-01-22,Defective product,2602.86
R2744,O532255,C102470,P2358,2025-08-19,Late delivery,9834.85
R2745,O557484,C112691,P2200,2025-04-10,Defective product,11530.19
R2746,O511776,C111533,P2325,2024-05-15,Not Specified,1640.66
R2747,O510845,C113020,P2252,2025-10-09,Damaged in transit,423.88
R2748,O502241,C103327,P2530,2025-08-17,Size issue,3852.37
R2749,O535581,C113233,P2040,2025-12-28,Not as described,6545.16
R2750,O559916,C107178,P2261,2026-01-01,Not Specified,1436.14
R2751,O518959,C113470,P2452,2025-03-07,Better price found elsewhere,10874.96
R2752,O516066,C114612,P2741,2025-12-22,Changed my mind,13099.25
R2753,O511603,C110173,P2437,2025-09-22,Changed my mind,13309.83
R2754,O529701,C106591,P2579,2025-05-14,Defective product,726.25
R2755,O547076,C101183,P2021,2025-08-30,Defective product,7678.75
R2756,O527410,C102867,P2650,2025-11-10,Size issue,6747.33
R2757,O555993,C101850,P2445,2025-11-28,Wrong item delivered,11151.09
R2758,O541911,C111242,P2703,2024-08-20,Defective product,13444.92
R2759,O507636,C111815,P2097,2024-11-02,Changed my mind,13195.3
R2760,O546340,C111064,P2139,2023-05-11,Size issue,6914.9
R2761,O552435,C104567,P2417,2026-01-01,Late delivery,15752.05
R2762,O530740,C108957,P2079,2025-12-27,Damaged in transit,22982.82
R2763,O531412,C105553,P2793,2025-10-25,Better price found elsewhere,13848.67
R2764,O538684,C103881,P2638,2025-10-22,Changed my mind,14706.89
R2765,O504584,C105238,P2238,2025-07-02,Changed my mind,8383.69
R2766,O504494,C103173,P2750,2025-06-26,Defective product,13880.0
R2767,O515546,C105657,P2722,2025-12-22,Better price found elsewhere,14216.95
R2768,O527446,C114698,P2731,2024-12-25,Better price found elsewhere,662.15
R2769,O520866,C100358,P2454,2025-12-26,Size issue,4318.53
R2770,O518960,C108076,P2719,2025-01-17,Not as described,190.86
R2771,O545676,C108527,P2646,2025-10-05,Not as described,9946.22
R2772,O544945,C111118,P2385,2025-12-21,Better price found elsewhere,3906.97
R2773,O541882,C107316,P2192,2024-06-12,Damaged in transit,18522.61
R2774,O517992,C111364,P2781,2024-09-09,Not Specified,4199.43
R2775,O508995,C106550,P2729,2025-08-26,Not Specified,6545.72
R2776,O542900,C108408,P2235,2025-02-22,Changed my mind,6905.1
R2777,O523620,C114766,P2795,2023-08-12,Damaged in transit,11324.37
R2778,O549576,C102611,P2075,2025-09-30,Damaged in transit,16172.16
R2779,O504296,C111576,P2087,2024-11-22,Not as described,7684.31
R2780,O511102,C114298,P2338,2025-09-09,Not as described,3976.18
R2781,O553433,C108648,P2275,2025-02-23,Size issue,1838.7
R2782,O554395,C100873,P2773,2025-03-20,Changed my mind,6998.17
R2783,O550287,C112661,P2463,2025-01-16,Damaged in transit,13326.11
R2784,O537126,C109707,P2597,2025-10-20,Damaged in transit,33077.86
R2785,O527609,C114851,P2383,2025-09-17,Not Specified,13957.16
R2786,O510112,C112939,P2415,2025-12-10,Defective product,8373.01
R2787,O529245,C112245,P2077,2025-05-02,Not as described,12465.91
R2788,O510463,C102663,P2794,2025-09-18,Better price found elsewhere,11699.32
R2789,O540552,C107252,P2352,2025-04-25,Changed my mind,13828.4
R2790,O542449,C104349,P2205,2025-06-22,Not as described,10336.84
R2791,O559730,C109312,P2450,2025-12-01,Size issue,2459.48
R2792,O529712,C108018,P2058,2025-11-29,Wrong item delivered,9306.66
R2793,O503844,C100078,P2611,2025-09-18,Not Specified,2766.98
R2794,O552679,C109834,P2062,2025-10-07,Size issue,21391.82
R2795,O555220,C102574,P2615,2026-01-09,Not as described,16142.84
R2796,O547462,C101331,P2528,2025-07-10,Defective product,2889.2
R2797,O525818,C114040,P2454,2025-10-22,Defective product,3796.17
R2798,O501029,C105139,P2416,2025-10-23,Not Specified,15215.29
R2799,O506851,C107319,P2718,2023-04-20,Not as described,8572.2
R2800,O506101,C110471,P2709,2025-07-19,Not as described,8933.87
R2801,O528164,C113280,P2665,2025-08-05,Better price found elsewhere,17661.33
R2802,O554703,C104581,P2587,2024-12-07,Wrong item delivered,10694.32
R2803,O502746,C112396,P2723,2024-11-07,Better price found elsewhere,6384.51
R2804,O548583,C113940,P2569,2025-04-07,Late delivery,8898.43
R2805,O521907,C107950,P2595,2025-10-07,Defective product,10292.04
R2806,O556400,C110457,P2707,2025-08-09,Damaged in transit,6046.75
R2807,O550708,C111282,P2708,2025-06-12,Better price found elsewhere,15877.41
R2808,O555018,C105881,P2413,2025-05-29,Not Specified,8894.84
R2809,O544345,C103094,P2494,2025-09-22,Not as described,2930.56
R2810,O523109,C101347,P2505,2025-07-10,Wrong item delivered,12657.44
R2811,O507413,C112463,P2130,2025-12-31,Not Specified,9346.99
R2812,O534423,C106976,P2083,2025-11-23,Damaged in transit,22497.21
R2813,O532719,C108049,P2646,2024-03-27,Wrong item delivered,10736.24
R2814,O523848,C103596,P2528,2024-09-20,Damaged in transit,3030.56
R2815,O501129,C102002,P2683,2025-12-18,Damaged in transit,6687.07
R2816,O553718,C104173,P2686,2025-09-29,Changed my mind,9137.24
R2817,O519714,C112739,P2471,2024-04-24,Late delivery,12553.05
R2818,O507534,C111042,P2536,2025-09-28,Late delivery,6538.54
R2819,O527930,C102214,P2212,2025-10-22,Not as described,2067.16
R2820,O506098,C104192,P2263,2023-11-25,Better price found elsewhere,14793.4
R2821,O559299,C100430,P2433,2025-09-14,Better price found elsewhere,269.13
R2822,O512524,C104587,P2559,2024-03-31,Better price found elsewhere,16144.66
R2823,O514110,C104517,P2079,2025-01-15,Not Specified,8216.07
R2824,O527177,C107911,P2547,2025-07-13,Wrong item delivered,9335.58
R2825,O500403,C102157,P2573,2025-08-12,Damaged in transit,10230.27
R2826,O548407,C106920,P2579,2025-07-17,Damaged in transit,794.41
R2827,O525114,C103174,P2526,2025-09-13,Defective product,3415.55
R2828,O518856,C109188,P2770,2023-04-26,Wrong item delivered,4829.59
R2829,O514341,C108044,P2114,2025-12-31,Not as described,14505.61
R2830,O531793,C102571,P2714,2025-12-07,Changed my mind,12289.79
R2831,O538308,C101857,P2682,2024-09-20,Changed my mind,5075.48
R2832,O546473,C103548,P2545,2025-09-21,Better price found elsewhere,13256.74
R2833,O531323,C110190,P2067,2024-08-10,Late delivery,0.0
R2834,O512483,C102689,P2037,2024-11-14,Defective product,7175.44
R2835,O502745,C113002,P2389,2025-01-07,Late delivery,2772.73
R2836,O507176,C105019,P2189,2025-09-05,Better price found elsewhere,4246.14
R2837,O513576,C108403,P2423,2023-10-30,Changed my mind,16447.66
R2838,O555506,C107105,P2761,2025-08-23,Better price found elsewhere,10319.6
R2839,O548509,C104774,P2596,2025-11-06,Damaged in transit,6141.52
R2840,O520502,C112941,P2655,2024-11-09,Better price found elsewhere,10724.52
R2841,O532176,C108497,P2642,2025-08-09,Changed my mind,4294.46
R2842,O556993,C113381,P2414,2026-01-21,Better price found elsewhere,6128.65
R2843,O500759,C104123,P2078,2026-01-02,Not Specified,14748.93
R2844,O539091,C102569,P2671,2025-08-26,Defective product,11995.32
R2845,O504806,C107766,P2251,2026-01-14,Size issue,15492.51
R2846,O551587,C106663,P2610,2025-03-18,Size issue,12990.94
R2847,O522061,C112849,P2400,2025-12-21,Not Specified,9160.07
R2848,O541364,C100089,P2566,2025-11-06,Size issue,7805.39
R2849,O525250,C113920,P2099,2025-11-25,Better price found elsewhere,8770.08
R2850,O508172,C107899,P2734,2025-07-16,Not Specified,17160.27
R2851,O543755,C100631,P2288,2026-01-05,Changed my mind,8959.52
R2852,O555917,C113973,P2462,2025-06-30,Not Specified,9895.45
R2853,O551809,C112728,P2489,2025-12-11,Not Specified,6155.1
R2854,O517631,C107044,P2224,2025-07-25,Better price found elsewhere,10330.47
R2855,O520088,C112749,P2224,2024-11-26,Damaged in transit,13014.58
R2856,O526041,C100169,P2731,2025-10-29,Not Specified,715.4
R2857,O534726,C106492,P2430,2025-05-27,Not Specified,10096.0
R2858,O555508,C109477,P2611,2023-09-26,Damaged in transit,3013.48
R2859,O506147,C114083,P2399,2025-08-14,Not as described,2997.91
R2860,O542005,C101766,P2703,2025-11-15,Damaged in transit,15444.49
R2861,O514648,C102410,P2410,2026-01-13,Wrong item delivered,23550.68
R2862,O537702,C110137,P2402,2023-05-28,Size issue,2665.33
R2863,O531698,C114766,P2459,2025-08-18,Not Specified,11964.91
R2864,O514972,C107839,P2745,2026-01-01,Not as described,18228.34
R2865,O501152,C103267,P2183,2023-10-03,Wrong item delivered,5010.0
R2866,O548598,C102019,P2493,2026-01-03,Size issue,3596.62
R2867,O508143,C103918,P2361,2025-03-16,Late delivery,10602.16
R2868,O544241,C109906,P2019,2025-09-13,Not Specified,14174.74
R2869,O539345,C102572,P2480,2025-11-06,Late delivery,12078.56
R2870,O542372,C103493,P2444,2025-11-01,Damaged in transit,17399.61
R2871,O537828,C111849,P2772,2025-01-07,Size issue,13768.9
R2872,O558174,C112414,P2717,2024-10-10,Late delivery,907.95
R2873,O530630,C113106,P2311,2025-04-21,Defective product,8862.58
R2874,O536465,C103821,P2190,2024-11-10,Better price found elsewhere,18877.21
R2875,O556418,C104395,P2685,2025-12-16,Size issue,1996.28
R2876,O503924,C110051,P2199,2025-10-26,Wrong item delivered,15075.2
R2877,O516577,C106935,P2680,2024-03-18,Not as described,11661.45
R2878,O550806,C106497,P2476,2025-12-06,Not Specified,8962.04
R2879,O501659,C107332,P2376,2025-11-10,Better price found elsewhere,785.57
R2880,O549270,C114393,P2666,2025-12-25,Not Specified,0.0
R2881,O517091,C112334,P2504,2025-10-23,Damaged in transit,9515.23
R2882,O559485,C114317,P2396,2025-12-23,Changed my mind,3109.91
R2883,O555318,C102547,P2103,2023-09-16,Damaged in transit,12101.45
R2884,O539196,C110597,P2315,2025-07-22,Wrong item delivered,14296.44
R2885,O531135,C102490,P2505,2024-11-30,Damaged in transit,12975.65
R2886,O554068,C108849,P2482,2025-10-23,Defective product,10133.02
R2887,O544216,C101386,P2590,2025-08-26,Size issue,14267.34
R2888,O535436,C111529,P2767,2024-04-28,Late delivery,4208.12
R2889,O556696,C112773,P2489,2025-11-18,Not as described,6445.04
R2890,O503933,C110184,P2616,2025-02-16,Late delivery,11392.8
R2891,O503241,C109767,P2129,2025-12-08,Defective product,9603.75
R2892,O534193,C101777,P2789,2024-07-01,Late delivery,16508.55
R2893,O539127,C106701,P2034,2025-12-31,Size issue,2420.5
R2894,O510306,C110780,P2205,2024-07-09,Wrong item delivered,10403.31
R2895,O516176,C101441,P2539,2025-10-04,Not Specified,10329.62
R2896,O559287,C103410,P2756,2025-11-01,Wrong item delivered,9520.31
R2897,O529239,C110847,P2142,2025-05-16,Size issue,5858.02
R2898,O533397,C103901,P2653,2025-09-18,Size issue,5623.73
R2899,O517053,C110342,P2297,2025-09-10,Not as described,5471.28
R2900,O552179,C109403,P2313,2025-12-23,Late delivery,8001.05
R2901,O514200,C114373,P2055,2025-07-15,Late delivery,6873.56
R2902,O543485,C102034,P2562,2024-02-18,Not Specified,31388.52
R2903,O525984,C108154,P2635,2023-05-14,Damaged in transit,4154.29
R2904,O553935,C114814,P2468,2024-09-18,Better price found elsewhere,5355.16
R2905,O514650,C105876,P2462,2024-11-12,Better price found elsewhere,10878.81
R2906,O542392,C101657,P2202,2026-01-20,Changed my mind,370.23
R2907,O545628,C108306,P2084,2025-09-02,Wrong item delivered,17521.43
R2908,O539464,C101457,P2098,2025-09-23,Better price found elsewhere,12342.21
R2909,O556748,C113178,P2343,2025-08-30,Better price found elsewhere,6682.34
R2910,O531909,C103927,P2219,2025-10-18,Changed my mind,4387.62
R2911,O516569,C101801,P2173,2026-01-21,Better price found elsewhere,7807.14
R2912,O552953,C103058,P2195,2025-09-29,Changed my mind,4153.0
R2913,O523776,C113984,P2020,2024-07-28,Not as described,634.48
R2914,O516839,C101679,P2474,2025-11-26,Size issue,1333.3
R2915,O551353,C108157,P2503,2025-10-11,Defective product,13130.39
R2916,O545566,C107860,P2219,2024-01-30,Not as described,4383.93
R2917,O508229,C101331,P2213,2025-09-21,Not Specified,15156.85
R2918,O538770,C107185,P2205,2025-06-05,Late delivery,10920.63
R2919,O557625,C106866,P2619,2025-11-01,Late delivery,5323.65
R2920,O551347,C108999,P2741,2024-06-12,Late delivery,13129.9
R2921,O539944,C100931,P2001,2025-07-29,Not as described,10213.92
R2922,O533249,C105231,P2591,2025-01-06,Late delivery,3543.24
R2923,O531645,C108429,P2444,2025-06-01,Wrong item delivered,15996.41
R2924,O530437,C100735,P2712,2025-11-07,Damaged in transit,9033.6
R2925,O558428,C113637,P2113,2025-11-08,Damaged in transit,9322.79
R2926,O553991,C112476,P2577,2024-05-02,Not Specified,16753.45
R2927,O519795,C110047,P2369,2024-10-13,Changed my mind,11213.01
R2928,O533432,C103017,P2122,2025-10-11,Damaged in transit,17137.04
R2929,O500544,C107007,P2330,2024-10-30,Wrong item delivered,11230.89
R2930,O522806,C114724,P2092,2024-07-01,Damaged in transit,2838.08
R2931,O510303,C107911,P2284,2025-12-22,Not Specified,13555.88
R2932,O542383,C105799,P2745,2024-08-09,Better price found elsewhere,14843.86
R2933,O545993,C102557,P2368,2025-12-18,Better price found elsewhere,13301.51
R2934,O512873,C114738,P2710,2024-11-19,Not as described,923.76
R2935,O551923,C108448,P2523,2023-12-09,Damaged in transit,3880.48
R2936,O537757,C100190,P2148,2025-04-17,Late delivery,15339.79
R2937,O551895,C112294,P2444,2024-12-08,Not Specified,17892.8
R2938,O515562,C108939,P2333,2024-03-05,Defective product,14902.71
R2939,O513661,C107109,P2681,2024-11-01,Damaged in transit,16038.68
R2940,O526390,C103620,P2078,2024-01-19,Damaged in transit,16104.07
R2941,O502403,C108362,P2468,2024-07-25,Not Specified,6172.74
R2942,O535093,C113994,P2252,2024-05-29,Late delivery,482.92
R2943,O521389,C104875,P2468,2025-12-31,Not Specified,12347.27
R2944,O500795,C102848,P2619,2024-07-28,Damaged in transit,5086.16
R2945,O534821,C103695,P2342,2025-04-21,Not Specified,51701.13
R2946,O537752,C111549,P2016,2025-12-12,Not Specified,9526.37
R2947,O534111,C110391,P2695,2024-11-10,Defective product,0.0
R2948,O507997,C100566,P2694,2025-09-28,Size issue,15624.19
R2949,O520465,C114949,P2539,2025-09-01,Better price found elsewhere,9955.83
R2950,O522004,C107371,P2611,2025-09-25,Late delivery,2773.35
R2951,O518221,C113066,P2560,2025-12-20,Not as described,7690.91
R2952,O535958,C105340,P2765,2025-02-07,Wrong item delivered,5452.83
R2953,O519590,C107785,P2356,2025-07-27,Not as described,33411.55
R2954,O555031,C101818,P2149,2025-04-16,Better price found elsewhere,8205.45
R2955,O503216,C112542,P2550,2025-08-22,Not as described,9757.16
R2956,O548092,C110157,P2298,2023-10-09,Wrong item delivered,13816.03
R2957,O519243,C112020,P2532,2025-11-30,Not Specified,7291.69
R2958,O503614,C107496,P2747,2023-08-30,Defective product,7427.8
R2959,O506110,C109418,P2479,2025-12-30,Late delivery,3388.66
R2960,O518259,C106519,P2568,2024-10-12,Not Specified,14577.01
R2961,O508575,C111629,P2469,2026-01-25,Size issue,95.13
R2962,O518663,C102872,P2211,2025-12-21,Better price found elsewhere,12412.56
R2963,O509975,C105582,P2371,2025-05-11,Not Specified,7164.65
R2964,O541896,C109620,P2455,2025-01-12,Not Specified,2021.15
R2965,O520533,C106571,P2648,2023-08-13,Not as described,130.15
R2966,O549119,C100201,P2511,2025-04-16,Damaged in transit,747.52
R2967,O546336,C113708,P2116,2024-12-13,Damaged in transit,13658.49
R2968,O551030,C111223,P2304,2024-11-20,Late delivery,15875.88
R2969,O551705,C101347,P2763,2025-09-06,Better price found elsewhere,13453.55
R2970,O535325,C102303,P2781,2025-05-31,Size issue,8236.42
R2971,O512762,C108018,P2444,2025-12-18,Not as described,15938.08
R2972,O526566,C109572,P2700,2023-10-29,Not Specified,3617.78
R2973,O503986,C113206,P2218,2025-12-27,Late delivery,58822.85
R2974,O515722,C102912,P2449,2025-12-25,Damaged in transit,12599.79
R2975,O507847,C113049,P2311,2024-12-11,Better price found elsewhere,9810.31
R2976,O545783,C110543,P2713,2024-12-12,Defective product,8085.15
R2977,O553736,C111356,P2256,2025-09-28,Not Specified,4220.96
R2978,O555588,C112301,P2621,2025-08-02,Size issue,6661.23
R2979,O534005,C105209,P2669,2023-12-28,Size issue,3730.84
R2980,O541460,C113940,P2093,2025-05-21,Not Specified,10581.94
R2981,O546830,C111315,P2164,2025-10-19,Not as described,12816.66
R2982,O550791,C108641,P2193,2025-10-05,Damaged in transit,5322.05
R2983,O533810,C114773,P2367,2024-05-29,Not as described,11481.5
R2984,O503834,C111848,P2120,2025-08-09,Wrong item delivered,307.08
R2985,O511549,C103978,P2478,2025-01-27,Changed my mind,7661.14
R2986,O521209,C106801,P2645,2026-01-17,Size issue,6542.06
R2987,O523827,C101294,P2646,2025-10-16,Not as described,11042.83
R2988,O559602,C101703,P2768,2025-12-30,Size issue,15323.44
R2989,O521705,C102806,P2003,2025-04-22,Defective product,23518.16
R2990,O523340,C104128,P2499,2025-11-18,Not as described,12157.89
R2991,O557323,C108542,P2687,2025-09-15,Not Specified,3019.67
R2992,O544705,C105819,P2794,2025-07-27,Late delivery,11949.92
R2993,O518675,C110086,P2500,2025-11-26,Better price found elsewhere,20570.5
R2994,O537731,C110761,P2515,2024-06-28,Not Specified,13924.12
R2995,O514368,C102069,P2712,2025-08-23,Not as described,10196.16
R2996,O544361,C100809,P2042,2025-08-07,Better price found elsewhere,14493.25
R2997,O500421,C112542,P2786,2024-05-02,Size issue,14371.21
R2998,O541506,C101850,P2675,2025-06-30,Size issue,4914.74
R2999,O532726,C108785,P2332,2025-10-03,Damaged in transit,52428.12
R3000,O519175,C101278,P2467,2023-07-14,Changed my mind,13890.13
R3001,O534708,C112116,P2173,2025-11-24,Damaged in transit,8735.09
R3002,O543430,C109345,P2474,2025-10-11,Not Specified,1470.98
R3003,O500654,C111965,P2189,2025-07-28,Wrong item delivered,4412.09
R3004,O538272,C100925,P2591,2025-11-30,Late delivery,3845.83
R3005,O510027,C107454,P2754,2025-10-21,Wrong item delivered,4834.1
R3006,O536672,C114143,P2788,2025-03-10,Late delivery,14361.21
R3007,O527175,C104334,P2723,2024-06-09,Size issue,5386.91
R3008,O532172,C107065,P2329,2024-03-14,Damaged in transit,6257.21
R3009,O507760,C104227,P2420,2025-10-21,Not as described,4089.42
R3010,O534936,C108028,P2482,2025-08-13,Not Specified,11392.22
R3011,O534718,C111018,P2473,2026-01-09,Not as described,26087.88
R3012,O509566,C111290,P2459,2024-08-09,Wrong item delivered,12183.81
R3013,O539051,C103945,P2414,2025-12-22,Not as described,6083.62
R3014,O539320,C105105,P2199,2025-12-27,Changed my mind,15369.58
R3015,O534312,C114769,P2024,2025-08-10,Damaged in transit,3189.97
R3016,O529304,C101414,P2449,2025-11-05,Size issue,12792.6
R3017,O512898,C101832,P2096,2025-01-18,Not Specified,5316.02
R3018,O508617,C103108,P2088,2025-12-07,Not Specified,6914.77
R3019,O551662,C110516,P2712,2024-12-14,Size issue,18008.52
R3020,O553981,C104333,P2493,2024-10-08,Damaged in transit,3632.53
R3021,O503571,C100576,P2253,2025-10-16,Better price found elsewhere,21469.26
R3022,O530384,C111985,P2129,2025-08-20,Better price found elsewhere,9629.85
R3023,O533538,C101040,P2443,2025-12-13,Wrong item delivered,1757.15
R3024,O538397,C102540,P2671,2026-01-04,Damaged in transit,12212.21
R3025,O522258,C109858,P2551,2023-01-25,Late delivery,6350.65
R3026,O546779,C112845,P2432,2024-11-09,Wrong item delivered,929.85
R3027,O528332,C103275,P2238,2025-06-19,Not as described,9106.86
R3028,O511224,C114965,P2679,2025-10-25,Changed my mind,5200.51
R3029,O524996,C101247,P2495,2025-10-17,Not Specified,8668.61
R3030,O548029,C107946,P2068,2025-11-23,Wrong item delivered,14499.24
R3031,O538605,C109060,P2691,2025-09-10,Late delivery,45994.35
R3032,O501098,C108944,P2774,2025-10-14,Changed my mind,6152.8
R3033,O540829,C102411,P2137,2024-06-06,Wrong item delivered,1912.96
R3034,O514099,C110153,P2686,2025-05-06,Size issue,10658.79
R3035,O524318,C113197,P2743,2025-09-22,Changed my mind,9871.24
R3036,O513634,C104215,P2523,2025-11-27,Defective product,4069.25
R3037,O530595,C103122,P2734,2025-11-13,Late delivery,21221.31
R3038,O522823,C107998,P2774,2024-08-20,Defective product,6713.61
R3039,O511854,C102241,P2358,2025-07-23,Better price found elsewhere,10965.48
R3040,O558467,C107597,P2312,2025-09-15,Better price found elsewhere,15055.56
R3041,O544227,C103231,P2693,2025-08-19,Defective product,6996.55
R3042,O514526,C104901,P2058,2025-03-30,Late delivery,8072.86
R3043,O504529,C113779,P2415,2025-02-22,Damaged in transit,29086.96
R3044,O507345,C112812,P2515,2023-08-22,Size issue,14170.83
R3045,O550751,C111788,P2231,2025-09-13,Defective product,8455.79
R3046,O508169,C102950,P2329,2025-08-26,Wrong item delivered,6688.56
R3047,O558613,C108928,P2071,2025-10-06,Defective product,15773.22
R3048,O501295,C101296,P2488,2025-06-09,Not Specified,12627.97
R3049,O509960,C110896,P2231,2025-09-15,Not as described,8854.51
R3050,O508913,C103403,P2176,2025-05-01,Late delivery,4199.12
R3051,O520932,C108821,P2162,2026-01-04,Changed my mind,9627.77
R3052,O520648,C113730,P2183,2025-12-04,Not Specified,5580.33
R3053,O523892,C113994,P2493,2025-06-28,Not Specified,3800.84
R3054,O526123,C106591,P2594,2025-06-10,Better price found elsewhere,17935.58
R3055,O524341,C103325,P2783,2025-12-18,Changed my mind,13706.53
R3056,O522158,C105707,P2342,2025-05-05,Defective product,16574.7
R3057,O539699,C103708,P2243,2025-07-16,Not as described,8187.23
R3058,O551909,C101002,P2734,2025-04-21,Changed my mind,18249.65
R3059,O512098,C101678,P2128,2025-11-17,Not Specified,14227.84
R3060,O547353,C105630,P2516,2025-10-08,Wrong item delivered,6047.05
R3061,O532068,C101331,P2039,2025-11-14,Wrong item delivered,8740.4
R3062,O511346,C101136,P2571,2025-03-11,Size issue,1609.55
R3063,O550805,C107257,P2140,2025-01-09,Size issue,4468.56
R3064,O534685,C105926,P2657,2025-12-29,Late delivery,15822.54
R3065,O502516,C108857,P2028,2025-06-25,Defective product,486.61
R3066,O502646,C106231,P2547,2024-10-01,Wrong item delivered,9860.27
R3067,O519636,C106917,P2458,2024-06-19,Defective product,8203.18
R3068,O550089,C107176,P2797,2025-10-03,Not Specified,13901.83
R3069,O520987,C108018,P2127,2025-12-12,Not Specified,12162.31
R3070,O529473,C112297,P2769,2025-01-15,Size issue,35533.66
R3071,O549291,C103606,P2004,2023-11-04,Size issue,15189.59
R3072,O559846,C110551,P2331,2024-07-01,Defective product,15263.68
R3073,O527666,C106386,P2316,2025-01-25,Changed my mind,28320.31
R3074,O505973,C109712,P2543,2024-12-21,Size issue,3312.47
R3075,O523107,C110255,P2509,2025-09-01,Wrong item delivered,2618.2
R3076,O514066,C111356,P2677,2025-07-18,Size issue,13318.73
R3077,O548056,C112184,P2010,2024-04-10,Damaged in transit,10106.13
R3078,O513306,C113168,P2737,2023-12-25,Damaged in transit,10429.47
R3079,O543926,C101668,P2169,2024-08-21,Defective product,1404.01
R3080,O536032,C108224,P2598,2023-09-13,Wrong item delivered,11169.6
R3081,O527067,C104725,P2706,2025-07-16,Defective product,12638.08
R3082,O555897,C109481,P2616,2023-08-20,Damaged in transit,13395.23
R3083,O532338,C100608,P2536,2025-05-12,Defective product,5482.51
R3084,O518333,C113100,P2562,2024-09-01,Better price found elsewhere,15576.52
R3085,O503224,C105839,P2607,2024-10-25,Damaged in transit,10703.65
R3086,O509795,C108928,P2701,2024-12-28,Damaged in transit,7802.12
R3087,O534633,C103907,P2570,2023-09-22,Late delivery,9860.27
R3088,O508380,C104507,P2530,2025-05-29,Damaged in transit,4280.73
R3089,O550633,C106154,P2499,2026-01-06,Damaged in transit,14463.55
R3090,O502943,C107365,P2539,2025-01-21,Size issue,9775.04
R3091,O512785,C103290,P2709,2025-07-23,Wrong item delivered,9618.92
R3092,O501566,C108253,P2772,2024-12-06,Not as described,11834.06
R3093,O539380,C106224,P2127,2026-01-06,Changed my mind,11588.52
R3094,O544510,C100249,P2674,2025-05-18,Wrong item delivered,5027.86
R3095,O501288,C106601,P2796,2025-01-08,Damaged in transit,18444.82
R3096,O512873,C114738,P2617,2024-11-21,Damaged in transit,2382.17
R3097,O513114,C106702,P2487,2025-06-25,Not as described,6894.07
R3098,O529505,C100149,P2685,2025-05-29,Changed my mind,1632.21
R3099,O521712,C103541,P2101,2025-08-03,Changed my mind,15354.74
R3100,O501284,C104189,P2461,2025-11-11,Changed my mind,11981.78
R3101,O507760,C104227,P2307,2025-10-29,Not Specified,3857.24
R3102,O514964,C107969,P2307,2025-11-25,Not Specified,4586.39
R3103,O527896,C104336,P2547,2025-05-07,Not as described,18553.66
R3104,O513458,C101023,P2471,2026-01-25,Defective product,14215.75
R3105,O530900,C110934,P2607,2024-09-22,Damaged in transit,10799.12
R3106,O518321,C107670,P2554,2025-03-12,Defective product,18041.75
R3107,O529571,C100353,P2560,2026-01-17,Late delivery,7465.99
R3108,O506101,C110471,P2371,2025-06-26,Not as described,3663.44
R3109,O546158,C111305,P2280,2025-12-02,Defective product,5990.9
R3110,O500162,C114995,P2050,2026-01-09,Not as described,18146.79
R3111,O512425,C112022,P2089,2025-04-13,Late delivery,8227.02
R3112,O535975,C111218,P2004,2025-02-21,Damaged in transit,14152.06
R3113,O507477,C101085,P2303,2025-03-08,Wrong item delivered,1278.7
R3114,O537906,C112755,P2624,2025-12-17,Not Specified,11490.07
R3115,O521638,C112817,P2326,2025-03-03,Changed my mind,1618.87
R3116,O554889,C110451,P2574,2024-04-21,Damaged in transit,18856.7
R3117,O559745,C100475,P2687,2025-10-01,Wrong item delivered,2626.33
R3118,O531157,C101329,P2298,2023-09-22,Wrong item delivered,14565.42
R3119,O513157,C110871,P2560,2025-12-07,Not as described,8243.0
R3120,O559607,C103215,P2201,2025-12-17,Not as described,17182.97
R3121,O537037,C106370,P2225,2023-04-26,Size issue,1387.73
R3122,O523389,C105209,P2394,2026-01-04,Changed my mind,9717.03
R3123,O549957,C110771,P2163,2025-11-09,Wrong item delivered,5305.42
R3124,O500800,C100298,P2572,2025-10-29,Defective product,14359.74
R3125,O517501,C105139,P2077,2023-11-17,Not as described,11679.61
R3126,O559265,C112870,P2632,2025-11-12,Better price found elsewhere,12269.69
R3127,O527727,C113206,P2616,2025-01-19,Better price found elsewhere,12444.64
R3128,O557241,C103667,P2376,2023-07-23,Wrong item delivered,716.04
R3129,O525455,C110356,P2439,2025-02-17,Better price found elsewhere,7621.56
R3130,O506255,C108560,P2287,2025-11-24,Not as described,11233.57
R3131,O512304,C110572,P2282,2025-12-22,Defective product,7735.52
R3132,O548942,C113504,P2412,2024-03-28,Defective product,3569.15
R3133,O512739,C100918,P2608,2024-08-24,Wrong item delivered,1164.21
R3134,O553942,C110509,P2753,2025-09-10,Not as described,37297.7
R3135,O555509,C108446,P2329,2024-09-23,Damaged in transit,6982.51
R3136,O512312,C113968,P2477,2025-04-26,Size issue,8420.87
R3137,O522059,C110690,P2713,2024-06-27,Changed my mind,8421.04
R3138,O542895,C104634,P2105,2025-08-22,Size issue,2809.39
R3139,O517922,C111360,P2122,2024-07-25,Damaged in transit,16976.42
R3140,O532745,C101819,P2031,2025-08-30,Not as described,8107.73
R3141,O552913,C111360,P2047,2025-01-29,Damaged in transit,5345.45
R3142,O548569,C112955,P2771,2025-10-18,Damaged in transit,7214.17
R3143,O516311,C103777,P2539,2025-10-30,Not Specified,11861.84
R3144,O540176,C103826,P2585,2025-08-19,Wrong item delivered,8893.23
R3145,O539492,C109565,P2097,2024-11-22,Late delivery,11695.6
R3146,O500810,C114963,P2542,2025-11-04,Defective product,2515.98
R3147,O507191,C110666,P2787,2025-11-11,Not as described,15940.57
R3148,O509657,C114769,P2729,2025-05-20,Not as described,3056.85
R3149,O547357,C107816,P2300,2024-11-30,Not as described,4928.18
R3150,O552673,C104701,P2728,2025-11-04,Late delivery,6071.75
R3151,O508332,C101850,P2443,2025-08-20,Changed my mind,1818.98
R3152,O531433,C102844,P2059,2024-08-31,Changed my mind,3357.14
R3153,O523739,C113977,P2415,2025-01-25,Size issue,9176.29
R3154,O527547,C108461,P2479,2025-07-08,Changed my mind,3947.74
R3155,O513704,C106441,P2087,2025-09-04,Changed my mind,7608.42
R3156,O534012,C100364,P2408,2025-11-06,Damaged in transit,14420.94
R3157,O536024,C105867,P2153,2024-09-09,Wrong item delivered,14519.45
R3158,O532175,C112098,P2430,2025-05-01,Damaged in transit,10376.56
R3159,O516660,C101265,P2790,2025-06-16,Not as described,9331.21
R3160,O553093,C108648,P2068,2025-09-16,Not Specified,14253.49
R3161,O554856,C109549,P2320,2025-06-04,Damaged in transit,1380.15
R3162,O506551,C114528,P2269,2025-05-18,Changed my mind,3349.28
R3163,O558984,C107138,P2549,2026-01-05,Changed my mind,31612.69
R3164,O500192,C104493,P2528,2025-06-17,Not Specified,2974.57
R3165,O536889,C102907,P2608,2025-05-12,Changed my mind,1019.4
R3166,O550080,C109471,P2061,2025-06-03,Not Specified,5920.13
R3167,O541985,C113725,P2614,2025-06-09,Better price found elsewhere,5269.54
R3168,O557639,C113280,P2237,2025-11-27,Defective product,5566.12
R3169,O514222,C106941,P2704,2025-01-26,Damaged in transit,1779.29
R3170,O515937,C100272,P2363,2024-05-05,Defective product,38179.25
R3171,O535995,C105569,P2603,2024-12-07,Wrong item delivered,10786.37
R3172,O539882,C110220,P2655,2024-04-24,Better price found elsewhere,9214.91
R3173,O502271,C101586,P2259,2023-06-28,Changed my mind,22509.26
R3174,O509869,C100488,P2655,2025-10-27,Wrong item delivered,11976.23
R3175,O527584,C107873,P2741,2025-12-20,Better price found elsewhere,11793.93
R3176,O538876,C109999,P2684,2025-06-24,Late delivery,17082.38
R3177,O502425,C113767,P2671,2024-06-28,Size issue,13970.61
R3178,O530206,C113669,P2226,2025-10-23,Damaged in transit,13065.94
R3179,O503424,C110780,P2099,2025-03-25,Not as described,9903.62
R3180,O517026,C107161,P2284,2025-11-19,Not Specified,15684.66
R3181,O540858,C106685,P2303,2025-12-01,Late delivery,1275.05
R3182,O543373,C112996,P2727,2025-12-30,Size issue,11690.2
R3183,O530155,C113324,P2372,2025-05-16,Changed my mind,7679.04
R3184,O501352,C111205,P2299,2024-12-17,Not Specified,11198.16
R3185,O522511,C114793,P2639,2025-10-09,Not Specified,6681.71
R3186,O530293,C106318,P2328,2025-01-23,Damaged in transit,4743.41
R3187,O502443,C105057,P2186,2025-01-18,Damaged in transit,25040.51
R3188,O547357,C107816,P2669,2024-11-30,Not Specified,4204.57
R3189,O554523,C100056,P2383,2024-06-21,Changed my mind,27853.92
R3190,O532296,C108785,P2738,2025-07-20,Not Specified,3077.97
R3191,O535344,C103123,P2659,2025-12-10,Better price found elsewhere,10984.17
R3192,O537554,C107583,P2531,2025-06-05,Better price found elsewhere,7651.98
R3193,O501906,C108104,P2716,2025-01-25,Better price found elsewhere,5601.29
R3194,O515328,C108961,P2228,2025-11-22,Late delivery,7738.43
R3195,O535165,C100725,P2078,2025-03-22,Not Specified,16351.63
R3196,O526325,C112633,P2234,2025-12-22,Size issue,3163.76
R3197,O543400,C101038,P2070,2024-09-21,Better price found elsewhere,15570.88
R3198,O555614,C103857,P2285,2024-08-23,Changed my mind,12032.96
R3199,O553981,C104333,P2150,2024-10-13,Not as described,6908.27
R3200,O517320,C101671,P2373,2024-06-23,Damaged in transit,12102.31
R3201,O518837,C109130,P2759,2025-12-25,Size issue,13630.19
R3202,O520804,C108939,P2645,2025-11-20,Wrong item delivered,6902.15
R3203,O505246,C105270,P2413,2024-11-27,Not as described,7887.2
R3204,O503024,C105164,P2362,2023-10-13,Size issue,8287.82
R3205,O519996,C110936,P2101,2025-12-25,Late delivery,31371.45
R3206,O549498,C107257,P2482,2025-08-08,Not as described,10557.3
R3207,O542446,C114123,P2106,2025-03-10,Not Specified,13644.61
R3208,O521419,C106882,P2073,2025-08-12,Changed my mind,21821.04
R3209,O518764,C112357,P2227,2025-04-14,Size issue,5160.15
R3210,O547793,C106240,P2713,2025-02-18,Wrong item delivered,8551.99
R3211,O544518,C100879,P2308,2025-08-30,Better price found elsewhere,15404.85
R3212,O520965,C109737,P2238,2025-03-19,Better price found elsewhere,9044.89
R3213,O530546,C110972,P2688,2025-11-14,Defective product,1438.64
R3214,O537960,C109032,P2394,2025-01-06,Late delivery,3339.77
R3215,O507263,C108831,P2003,2025-07-19,Changed my mind,10261.62
R3216,O507836,C103503,P2034,2025-12-17,Late delivery,2487.13
R3217,O527403,C112174,P2613,2024-11-25,Not as described,11064.87
R3218,O515568,C102254,P2776,2026-01-03,Changed my mind,13836.4
R3219,O559044,C113280,P2054,2025-07-01,Late delivery,479.43
R3220,O521767,C112176,P2435,2025-11-23,Better price found elsewhere,5351.34
R3221,O538260,C110092,P2198,2025-01-24,Defective product,11934.22
R3222,O544752,C104817,P2582,2024-02-28,Defective product,15066.85
R3223,O504232,C106387,P2623,2025-01-17,Wrong item delivered,2775.54
R3224,O502065,C109460,P2429,2025-09-30,Size issue,7431.29
R3225,O503223,C100420,P2216,2024-07-23,Defective product,1952.9
R3226,O508768,C109573,P2761,2025-04-29,Wrong item delivered,11869.87
R3227,O554940,C112321,P2355,2025-09-19,Wrong item delivered,10492.42
R3228,O529500,C114076,P2122,2026-01-08,Late delivery,17954.93
R3229,O550705,C109101,P2052,2024-11-17,Better price found elsewhere,1712.74
R3230,O510130,C103592,P2101,2025-01-03,Not Specified,16188.22
R3231,O526224,C106191,P2508,2025-12-13,Changed my mind,5550.59
R3232,O556557,C103592,P2695,2025-06-01,Size issue,0.0
R3233,O545432,C109267,P2090,2025-08-23,Defective product,10651.23
R3234,O552185,C107542,P2320,2025-07-20,Defective product,1424.83
R3235,O501396,C106565,P2117,2025-08-22,Wrong item delivered,14179.7
R3236,O512472,C103632,P2201,2025-08-06,Size issue,15733.68
R3237,O538501,C106371,P2462,2024-10-17,Changed my mind,9364.11
R3238,O554627,C103227,P2467,2024-04-08,Late delivery,13454.76
R3239,O542936,C107814,P2255,2025-07-18,Not as described,12098.07
R3240,O557248,C103256,P2693,2025-01-04,Better price found elsewhere,7331.77
R3241,O541974,C102759,P2404,2025-11-17,Better price found elsewhere,9722.92
R3242,O527255,C114908,P2292,2025-01-31,Wrong item delivered,16233.51
R3243,O504732,C113054,P2196,2024-09-16,Better price found elsewhere,12052.11
R3244,O501909,C114042,P2271,2024-01-09,Changed my mind,32610.44
R3245,O549590,C110921,P2782,2026-01-16,Better price found elsewhere,1875.92
R3246,O558038,C107275,P2647,2025-08-24,Not as described,17027.09
R3247,O540901,C111024,P2622,2024-09-17,Defective product,197.9
R3248,O551342,C102219,P2205,2025-04-27,Not Specified,11337.24
R3249,O502326,C108114,P2762,2025-09-28,Size issue,36482.69
R3250,O549177,C110967,P2299,2025-07-03,Defective product,12045.43
R3251,O540285,C101013,P2506,2024-11-29,Not as described,13840.71
R3252,O551081,C112256,P2427,2025-06-06,Late delivery,13701.11
R3253,O505576,C101138,P2676,2024-10-18,Not as described,13831.54
R3254,O538165,C107912,P2410,2025-10-06,Not as described,11289.75
R3255,O557666,C102828,P2567,2025-11-18,Not Specified,4657.19
R3256,O516388,C100818,P2133,2025-12-30,Better price found elsewhere,5060.63
R3257,O533272,C102281,P2620,2025-03-02,Not Specified,1776.93
R3258,O542538,C103539,P2188,2024-05-30,Wrong item delivered,9191.38
R3259,O501915,C100733,P2487,2025-12-20,Late delivery,7103.87
R3260,O524617,C109327,P2041,2024-07-05,Late delivery,14875.38
R3261,O513973,C101482,P2512,2025-04-09,Damaged in transit,12688.59
R3262,O556684,C109541,P2767,2026-01-26,Not Specified,3735.41
R3263,O554120,C100723,P2655,2025-12-04,Damaged in transit,11008.93
R3264,O529007,C111068,P2611,2024-06-22,Wrong item delivered,2733.74
R3265,O542649,C102747,P2792,2024-03-16,Size issue,8212.43
R3266,O533743,C102884,P2076,2025-09-28,Wrong item delivered,13864.35
R3267,O539342,C107545,P2315,2024-11-01,Defective product,13524.59
R3268,O500234,C110149,P2666,2024-10-09,Late delivery,0.0
R3269,O555735,C111433,P2207,2025-07-12,Damaged in transit,13045.28
R3270,O539221,C113249,P2651,2023-07-17,Changed my mind,2037.55
R3271,O555419,C110546,P2772,2025-05-12,Not Specified,10846.95
R3272,O502832,C102576,P2270,2025-10-21,Not as described,9488.38
R3273,O544532,C113708,P2538,2025-09-03,Defective product,8785.72
R3274,O502645,C106346,P2403,2025-06-25,Not as described,14582.64
R3275,O510651,C101658,P2400,2023-12-18,Changed my mind,8818.1
R3276,O519383,C106224,P2569,2025-12-29,Damaged in transit,7882.93
R3277,O520597,C106331,P2631,2025-05-02,Changed my mind,2697.89
R3278,O502649,C113280,P2117,2025-10-17,Not Specified,13552.33
R3279,O500439,C109223,P2112,2025-09-26,Better price found elsewhere,10988.57
R3280,O520350,C108935,P2188,2023-08-16,Damaged in transit,25605.6
R3281,O548439,C113258,P2213,2025-10-15,Size issue,15928.77
R3282,O542184,C110020,P2697,2025-11-20,Size issue,12568.21
R3283,O533867,C114114,P2646,2024-09-09,Not Specified,11086.25
R3284,O507733,C110184,P2262,2025-11-20,Better price found elsewhere,12028.33
R3285,O516308,C110235,P2571,2025-03-01,Not as described,1634.63
R3286,O509683,C106657,P2199,2025-10-04,Damaged in transit,13206.49
R3287,O548423,C108555,P2194,2025-02-15,Not as described,4572.14
R3288,O550253,C101428,P2597,2025-12-12,Not as described,11345.18
R3289,O521119,C112925,P2378,2025-08-28,Late delivery,11247.92
R3290,O529395,C101722,P2174,2024-03-10,Late delivery,6780.61
R3291,O503604,C108253,P2359,2025-11-29,Damaged in transit,4179.62
R3292,O541583,C112447,P2019,2025-01-05,Late delivery,16685.32
R3293,O545953,C107627,P2033,2024-07-20,Damaged in transit,10913.92
R3294,O518462,C106650,P2075,2025-08-09,Damaged in transit,14797.47
R3295,O508524,C111783,P2281,2025-03-21,Late delivery,5944.61
R3296,O535962,C114914,P2227,2024-07-24,Defective product,5106.32
R3297,O547747,C100401,P2782,2025-05-12,Not as described,1552.47
R3298,O517360,C101403,P2133,2025-07-09,Size issue,4743.53
R3299,O547015,C101459,P2457,2024-12-29,Not Specified,10826.65
R3300,O542491,C106941,P2667,2023-05-14,Damaged in transit,8282.68
R3301,O551537,C100167,P2103,2025-01-08,Not Specified,26074.59
R3302,O520271,C114180,P2499,2025-03-14,Changed my mind,12611.07
R3303,O552461,C104784,P2112,2025-12-17,Changed my mind,12425.18
R3304,O524538,C113456,P2524,2025-12-05,Changed my mind,2704.62
R3305,O521382,C108102,P2558,2025-04-21,Wrong item delivered,1596.36
R3306,O549413,C107221,P2007,2025-06-10,Late delivery,19357.38
R3307,O527682,C109051,P2400,2025-10-01,Damaged in transit,8604.44
R3308,O541817,C101556,P2526,2025-08-30,Changed my mind,3241.37
R3309,O526531,C108541,P2556,2025-06-30,Damaged in transit,3805.95
R3310,O529651,C113916,P2539,2025-06-07,Better price found elsewhere,31279.3
R3311,O554164,C114092,P2436,2025-12-12,Not as described,9140.51
R3312,O551200,C100882,P2146,2025-08-19,Late delivery,6142.07
R3313,O516019,C113232,P2423,2023-07-02,Damaged in transit,15467.56
R3314,O543954,C103399,P2257,2025-02-18,Not Specified,3572.83
R3315,O521381,C103585,P2568,2025-11-04,Changed my mind,13932.17
R3316,O546480,C102239,P2474,2024-09-18,Not Specified,1269.19
R3317,O538140,C113149,P2765,2025-02-23,Damaged in transit,4707.53
R3318,O538106,C112213,P2354,2025-12-28,Defective product,2891.65
R3319,O531166,C110994,P2691,2025-12-30,Damaged in transit,16304.01
R3320,O506158,C114696,P2244,2024-08-17,Damaged in transit,11694.09
R3321,O558481,C114489,P2382,2025-08-02,Late delivery,12560.66
R3322,O502980,C101205,P2036,2024-10-07,Defective product,2047.46
R3323,O538352,C111471,P2733,2026-01-01,Better price found elsewhere,14613.47
R3324,O556356,C112389,P2724,2025-04-13,Wrong item delivered,8682.91
R3325,O521469,C102983,P2248,2025-06-09,Better price found elsewhere,12170.8
R3326,O556203,C101598,P2711,2025-12-31,Wrong item delivered,460.47
R3327,O521676,C106297,P2648,2026-01-13,Wrong item delivered,133.71
R3328,O536100,C112940,P2686,2025-12-02,Late delivery,8940.12
R3329,O504398,C102124,P2692,2023-08-12,Defective product,34094.45
R3330,O519077,C110380,P2774,2025-07-09,Changed my mind,6456.62
R3331,O531026,C111904,P2608,2024-04-11,Defective product,1182.03
R3332,O531585,C103316,P2087,2025-07-20,Not Specified,8425.87
R3333,O548939,C102371,P2616,2026-01-16,Changed my mind,14197.14
R3334,O524347,C114080,P2202,2024-12-13,Changed my mind,190.8
R3335,O528148,C101456,P2412,2024-07-22,Not as described,3232.65
R3336,O520803,C102804,P2117,2025-11-23,Size issue,43800.46
R3337,O530091,C102078,P2631,2026-01-20,Damaged in transit,2408.03
R3338,O535573,C107808,P2224,2025-11-04,Late delivery,11582.37
R3339,O514227,C114579,P2209,2025-06-30,Not Specified,10622.56
R3340,O553959,C108457,P2004,2025-06-03,Better price found elsewhere,11929.42
R3341,O519060,C112166,P2316,2024-11-28,Defective product,13825.61
R3342,O504182,C106129,P2513,2024-10-19,Changed my mind,17928.48
R3343,O558156,C114560,P2123,2025-12-23,Changed my mind,17992.62
R3344,O524555,C113116,P2575,2024-07-06,Late delivery,5364.16
R3345,O528498,C103108,P2295,2025-12-13,Defective product,14520.86
R3346,O557209,C106868,P2597,2025-11-12,Defective product,12088.44
R3347,O502658,C105286,P2536,2025-10-30,Better price found elsewhere,5897.02
R3348,O510908,C108710,P2783,2025-12-31,Better price found elsewhere,14858.31
R3349,O517797,C103736,P2066,2025-12-09,Not Specified,1798.95
R3350,O516491,C114400,P2661,2025-11-25,Size issue,6291.67
R3351,O539966,C103909,P2295,2025-08-26,Changed my mind,33142.42
R3352,O527083,C110245,P2211,2025-08-12,Changed my mind,14326.6
R3353,O518516,C113762,P2664,2025-07-30,Defective product,6186.31
R3354,O549375,C101947,P2096,2025-01-12,Better price found elsewhere,6064.86
R3355,O541870,C105412,P2569,2025-08-28,Not as described,6869.13
R3356,O527767,C102089,P2179,2025-02-26,Better price found elsewhere,6590.9
R3357,O545595,C103996,P2442,2025-10-19,Damaged in transit,9511.43
R3358,O533686,C109007,P2725,2024-12-15,Damaged in transit,7380.73
R3359,O543684,C100193,P2271,2025-06-06,Size issue,18058.49
R3360,O526845,C113576,P2603,2025-12-08,Not Specified,10038.8
R3361,O502880,C103719,P2638,2025-05-27,Not as described,16896.56
R3362,O507570,C106634,P2035,2026-01-12,Defective product,33986.84
R3363,O555754,C112389,P2518,2024-01-10,Not Specified,7314.52
R3364,O521272,C107563,P2534,2024-04-18,Changed my mind,0.0
R3365,O515269,C109312,P2520,2025-11-15,Damaged in transit,13472.51
R3366,O557168,C112440,P2419,2025-03-27,Late delivery,33788.41
R3367,O557765,C114546,P2180,2024-08-27,Changed my mind,12885.37
R3368,O521275,C106025,P2484,2024-06-19,Damaged in transit,4086.45
R3369,O530449,C100030,P2443,2025-07-05,Defective product,1725.87
R3370,O505088,C102419,P2418,2026-01-02,Not as described,16218.28
R3371,O516797,C113402,P2579,2025-12-22,Changed my mind,721.71
R3372,O507984,C114300,P2030,2025-06-08,Not as described,32952.63
R3373,O529907,C101059,P2161,2024-11-25,Better price found elsewhere,15153.15
R3374,O535058,C113510,P2648,2025-10-18,Not Specified,143.54
R3375,O536238,C104768,P2012,2026-01-04,Defective product,8558.69
R3376,O534444,C114366,P2727,2024-11-08,Wrong item delivered,12847.74
R3377,O515940,C110259,P2686,2023-12-06,Defective product,10177.85
R3378,O514560,C108984,P2777,2025-12-08,Late delivery,1783.32
R3379,O522136,C112498,P2483,2024-07-09,Wrong item delivered,2393.75
R3380,O529102,C107670,P2633,2025-03-25,Not Specified,11452.72
R3381,O513811,C105309,P2058,2024-08-12,Damaged in transit,8679.56
R3382,O531854,C114438,P2181,2025-09-06,Defective product,32848.45
R3383,O531792,C114650,P2470,2025-11-23,Size issue,8768.01
R3384,O559075,C112755,P2661,2026-01-02,Better price found elsewhere,2457.43
R3385,O522660,C102884,P2459,2025-12-30,Size issue,11460.15
R3386,O539539,C102067,P2428,2026-01-09,Not Specified,13526.51
R3387,O524739,C114683,P2195,2025-09-10,Wrong item delivered,4386.8
R3388,O538935,C111799,P2286,2024-11-13,Better price found elsewhere,13989.16
R3389,O527841,C110888,P2148,2025-06-17,Wrong item delivered,17496.34
R3390,O531446,C112303,P2086,2024-10-24,Size issue,16500.26
R3391,O547613,C106521,P2549,2024-08-23,Not Specified,18194.11
R3392,O513452,C109187,P2766,2025-11-08,Not Specified,5994.29
R3393,O510602,C112261,P2373,2023-11-27,Wrong item delivered,12459.78
R3394,O539956,C105838,P2629,2025-12-30,Damaged in transit,13560.32
R3395,O504646,C110479,P2497,2025-12-20,Size issue,14562.49
R3396,O532316,C100232,P2587,2025-12-24,Wrong item delivered,11753.65
R3397,O551434,C103736,P2294,2025-08-31,Damaged in transit,14852.62
R3398,O536280,C107540,P2574,2025-12-13,Size issue,17569.48
R3399,O525426,C107826,P2394,2025-05-20,Damaged in transit,3804.15
R3400,O527411,C104735,P2282,2024-12-04,Better price found elsewhere,8470.25
R3401,O514498,C102969,P2336,2025-02-22,Defective product,5363.29
R3402,O553683,C105193,P2038,2025-07-04,Wrong item delivered,7277.76
R3403,O557210,C108251,P2304,2025-06-02,Wrong item delivered,15879.65
R3404,O528916,C107057,P2170,2025-07-12,Late delivery,8185.3
R3405,O534407,C101571,P2170,2025-12-02,Better price found elsewhere,8701.93
R3406,O521277,C111529,P2667,2025-03-04,Wrong item delivered,8288.73
R3407,O503041,C108813,P2711,2025-12-27,Defective product,488.61
R3408,O550305,C104548,P2217,2024-12-12,Changed my mind,3130.65
R3409,O510089,C113327,P2792,2024-06-11,Wrong item delivered,7535.3
R3410,O500848,C112577,P2612,2025-07-28,Better price found elsewhere,16505.43
R3411,O508739,C104582,P2719,2024-05-21,Wrong item delivered,204.75
R3412,O541279,C114567,P2043,2025-08-14,Not Specified,13927.99
R3413,O523946,C111430,P2209,2025-12-25,Changed my mind,12112.64
R3414,O536543,C101536,P2134,2023-12-08,Late delivery,3780.93
R3415,O559595,C114337,P2459,2024-05-29,Not as described,11453.75
R3416,O517678,C114040,P2086,2026-01-25,Wrong item delivered,15688.88
R3417,O536244,C108755,P2403,2024-12-02,Size issue,14246.07
R3418,O519088,C103635,P2484,2025-06-07,Changed my mind,10624.25
R3419,O553653,C102300,P2267,2024-08-14,Defective product,4408.49
R3420,O522672,C111559,P2673,2025-01-31,Not as described,2869.58
R3421,O518926,C108186,P2005,2025-12-10,Not as described,12110.72
R3422,O510643,C101077,P2232,2026-01-16,Wrong item delivered,5869.05
R3423,O542163,C107109,P2070,2025-02-27,Not Specified,17218.56
R3424,O500502,C105447,P2214,2025-05-29,Better price found elsewhere,15347.03
R3425,O515535,C107701,P2344,2025-07-14,Not Specified,30939.55
R3426,O512602,C104878,P2408,2024-09-09,Better price found elsewhere,14173.41
R3427,O538454,C100805,P2661,2025-06-11,Wrong item delivered,2317.43
R3428,O524457,C110133,P2784,2025-10-15,Defective product,5161.34
R3429,O557922,C113162,P2519,2024-11-28,Not as described,10188.7
R3430,O552981,C114697,P2469,2024-04-20,Defective product,86.06
R3431,O523248,C114430,P2622,2024-04-21,Damaged in transit,379.19
R3432,O514433,C102542,P2741,2025-10-27,Defective product,13552.23
R3433,O524189,C112176,P2015,2025-09-07,Changed my mind,5169.02
R3434,O537643,C111751,P2637,2025-06-23,Not Specified,7623.91
R3435,O558144,C105833,P2237,2025-02-15,Defective product,4414.81
R3436,O548604,C110970,P2433,2025-03-28,Not as described,281.19
R3437,O536462,C109223,P2529,2025-06-08,Damaged in transit,5014.07
R3438,O536362,C111131,P2752,2025-02-04,Damaged in transit,5544.34
R3439,O531251,C110793,P2293,2025-06-10,Defective product,15519.88
R3440,O552876,C102407,P2381,2025-06-23,Damaged in transit,13586.67
R3441,O534779,C105133,P2119,2025-12-10,Size issue,9938.17
R3442,O542206,C111230,P2217,2025-02-12,Late delivery,2799.62
R3443,O511190,C102291,P2005,2025-05-12,Defective product,11555.02
R3444,O533413,C103460,P2440,2025-11-19,Changed my mind,32833.87
R3445,O514147,C105784,P2536,2024-02-24,Not as described,12451.25
R3446,O525336,C102820,P2278,2025-05-06,Not as described,191.29
R3447,O537688,C102942,P2294,2024-11-13,Changed my mind,37037.48
R3448,O548671,C106225,P2304,2025-11-29,Size issue,27009.11
R3449,O527142,C103980,P2669,2025-06-25,Late delivery,3439.83
R3450,O559615,C114655,P2648,2025-12-23,Wrong item delivered,126.65
R3451,O520200,C113088,P2559,2025-01-23,Defective product,6113.37
R3452,O517073,C106387,P2019,2025-11-30,Better price found elsewhere,14404.73
R3453,O532994,C112871,P2475,2026-01-01,Defective product,4910.73
R3454,O553251,C106051,P2117,2024-08-16,Late delivery,14851.67
R3455,O533763,C108160,P2738,2025-09-15,Damaged in transit,3317.54
R3456,O531159,C102616,P2530,2025-12-20,Wrong item delivered,4469.17
R3457,O500897,C106032,P2531,2024-09-10,Not as described,7244.65
R3458,O545183,C101655,P2575,2026-01-12,Late delivery,5690.75
R3459,O553832,C110658,P2745,2023-05-05,Better price found elsewhere,17843.26
R3460,O546303,C106101,P2323,2025-11-05,Wrong item delivered,10755.92
R3461,O529975,C103255,P2148,2026-01-16,Not as described,37824.34
R3462,O553191,C103739,P2362,2024-08-04,Size issue,7323.89
R3463,O545425,C114219,P2086,2025-12-29,Not Specified,16183.8
R3464,O508723,C110057,P2215,2025-05-26,Better price found elsewhere,9602.18
R3465,O510940,C112812,P2562,2024-12-02,Wrong item delivered,17982.06
R3466,O506857,C101392,P2795,2023-12-20,Wrong item delivered,12066.64
R3467,O502609,C102480,P2684,2024-08-30,Size issue,17312.25
R3468,O555603,C101197,P2218,2026-01-14,Changed my mind,17617.38
R3469,O528703,C103377,P2309,2025-12-03,Better price found elsewhere,10067.93
R3470,O550847,C113824,P2098,2025-11-30,Changed my mind,11816.05
R3471,O534127,C114468,P2719,2024-08-11,Defective product,228.13
R3472,O545697,C103427,P2072,2025-07-11,Defective product,6041.13
R3473,O514750,C108365,P2353,2025-04-11,Late delivery,19931.76
R3474,O535121,C114530,P2624,2025-11-23,Late delivery,32180.57
R3475,O548471,C101459,P2655,2025-03-05,Better price found elsewhere,10376.84
R3476,O509082,C114923,P2064,2024-10-29,Not Specified,0.0
R3477,O524240,C114686,P2016,2024-12-22,Wrong item delivered,9372.39
R3478,O545276,C105765,P2425,2025-12-31,Defective product,4512.04
R3479,O501238,C106671,P2289,2025-12-15,Better price found elsewhere,4289.83
R3480,O515696,C105183,P2152,2025-11-26,Better price found elsewhere,3547.77
R3481,O543384,C114092,P2496,2026-01-02,Not Specified,3497.22
R3482,O514736,C104854,P2071,2025-03-07,Defective product,17885.36
R3483,O539414,C103901,P2519,2025-05-14,Defective product,9411.16
R3484,O555361,C104205,P2181,2025-09-12,Better price found elsewhere,10530.22
R3485,O518781,C101320,P2330,2025-08-20,Changed my mind,30274.12
R3486,O502018,C114293,P2106,2025-12-16,Better price found elsewhere,14862.9
R3487,O538531,C109768,P2797,2026-01-11,Better price found elsewhere,14477.76
R3488,O527793,C100931,P2578,2025-02-13,Not as described,7038.02
R3489,O525151,C113612,P2017,2025-04-29,Damaged in transit,17305.53
R3490,O524671,C114719,P2337,2024-06-03,Changed my mind,461.55
R3491,O507715,C107393,P2754,2025-07-02,Better price found elsewhere,4797.31
R3492,O514063,C108731,P2380,2024-03-10,Wrong item delivered,7764.5
R3493,O548516,C111421,P2681,2025-11-04,Defective product,16918.23
R3494,O510921,C113215,P2750,2026-01-03,Damaged in transit,8082.7
R3495,O541508,C109435,P2201,2025-03-19,Better price found elsewhere,15745.47
R3496,O518287,C106888,P2442,2025-05-29,Not Specified,8036.27
R3497,O545440,C111834,P2795,2025-11-06,Changed my mind,12490.27
R3498,O548461,C106934,P2103,2025-08-10,Damaged in transit,11677.09
R3499,O520752,C114667,P2081,2025-07-22,Late delivery,457.99
R3500,O521362,C108804,P2608,2025-01-20,Defective product,2368.66
R3501,O520366,C110189,P2791,2025-12-07,Late delivery,13504.7
R3502,O516468,C111114,P2326,2024-08-07,Not as described,1519.56
R3503,O552109,C109052,P2286,2024-08-06,Better price found elsewhere,14711.73
R3504,O529850,C108497,P2644,2025-12-20,Not Specified,3513.08
R3505,O511290,C104105,P2611,2023-10-02,Not Specified,2512.32
R3506,O534317,C113526,P2718,2025-12-23,Not Specified,7760.17
R3507,O552679,C109834,P2219,2025-10-22,Changed my mind,3666.77
R3508,O543216,C108825,P2080,2025-02-10,Not as described,4217.3
R3509,O552819,C100737,P2045,2025-12-25,Better price found elsewhere,14409.47
R3510,O504222,C113801,P2659,2023-08-15,Changed my mind,12022.56
R3511,O521672,C112451,P2332,2025-09-20,Changed my mind,18451.17
R3512,O529303,C110235,P2625,2025-08-21,Damaged in transit,1672.46
R3513,O525333,C114798,P2283,2024-10-30,Changed my mind,5057.47
R3514,O539680,C111059,P2434,2025-08-08,Defective product,10500.46
R3515,O520954,C114192,P2654,2025-12-06,Changed my mind,4984.05
R3516,O532552,C101314,P2012,2025-07-23,Changed my mind,23724.9
R3517,O510310,C113393,P2749,2025-05-03,Changed my mind,15698.04
R3518,O549960,C102929,P2276,2025-06-30,Size issue,10457.31
R3519,O506700,C109142,P2728,2024-10-12,Not Specified,5744.65
R3520,O530500,C102153,P2531,2025-08-30,Changed my mind,7425.7
R3521,O558710,C104162,P2703,2025-12-10,Wrong item delivered,15309.3
R3522,O552007,C102307,P2392,2025-12-07,Changed my mind,8895.32
R3523,O538154,C111169,P2482,2025-08-30,Not Specified,23620.21
R3524,O532849,C110759,P2155,2023-09-14,Damaged in transit,6305.29
R3525,O535794,C103405,P2547,2025-07-05,Better price found elsewhere,10217.98
R3526,O533288,C112434,P2505,2025-08-22,Not Specified,15106.93
R3527,O503875,C107771,P2443,2025-07-28,Late delivery,1843.38
R3528,O515665,C107009,P2503,2025-10-16,Wrong item delivered,12331.47
R3529,O549033,C112872,P2414,2025-11-12,Defective product,5701.34
R3530,O511774,C111119,P2341,2026-01-07,Size issue,12616.88
R3531,O527351,C102737,P2173,2025-04-15,Not as described,7616.3
R3532,O519064,C114130,P2615,2024-09-15,Not Specified,15518.51
R3533,O531072,C106859,P2556,2024-04-01,Changed my mind,9242.59
R3534,O506664,C104355,P2509,2024-03-07,Wrong item delivered,2152.34
R3535,O552344,C109724,P2108,2025-11-04,Changed my mind,7442.87
R3536,O511824,C106370,P2050,2023-11-23,Wrong item delivered,16002.64
R3537,O531090,C108103,P2489,2025-06-30,Not Specified,6579.84
R3538,O543343,C111716,P2350,2025-09-18,Better price found elsewhere,1301.67
R3539,O519013,C102821,P2788,2024-07-02,Changed my mind,17888.46
R3540,O552780,C101720,P2674,2025-01-29,Wrong item delivered,2510.86
R3541,O555848,C103209,P2535,2025-05-17,Late delivery,6378.45
R3542,O503907,C105335,P2455,2025-11-01,Late delivery,2010.69
R3543,O549395,C104419,P2521,2025-02-15,Wrong item delivered,10091.2
R3544,O523610,C104840,P2639,2026-01-04,Better price found elsewhere,5777.1
R3545,O528771,C108169,P2564,2025-10-28,Size issue,11128.73
R3546,O536438,C109651,P2791,2026-01-02,Damaged in transit,12861.31
R3547,O506933,C114635,P2115,2024-04-20,Changed my mind,11929.54
R3548,O531821,C100092,P2708,2025-07-13,Damaged in transit,15154.17
R3549,O510583,C101035,P2319,2025-01-17,Late delivery,13110.72
R3550,O530127,C106492,P2470,2025-04-04,Damaged in transit,5154.04
R3551,O537755,C102671,P2073,2026-01-05,Defective product,33723.05
R3552,O526718,C108361,P2029,2025-09-02,Better price found elsewhere,23709.82
R3553,O531342,C101559,P2700,2025-01-23,Size issue,2915.68
R3554,O518442,C104630,P2491,2024-11-09,Changed my mind,14170.49
R3555,O518032,C104839,P2252,2025-09-11,Wrong item delivered,461.41
R3556,O504454,C111282,P2494,2025-06-18,Not as described,2917.46
R3557,O545846,C101673,P2781,2024-08-27,Better price found elsewhere,4242.47
R3558,O536411,C111398,P2688,2025-11-16,Defective product,1188.06
R3559,O516843,C105952,P2586,2024-06-05,Wrong item delivered,5209.82
R3560,O550023,C106662,P2090,2025-06-28,Wrong item delivered,10994.64
R3561,O515726,C108706,P2043,2025-09-29,Not Specified,8644.69
R3562,O551639,C111733,P2685,2025-09-22,Changed my mind,1890.74
R3563,O528414,C103259,P2756,2025-06-22,Changed my mind,9300.06
R3564,O550046,C109666,P2183,2026-01-15,Better price found elsewhere,5601.79
R3565,O508459,C105231,P2308,2024-10-06,Size issue,18518.6
R3566,O507199,C104771,P2210,2025-11-23,Not Specified,15208.83
R3567,O506606,C103271,P2139,2023-10-20,Size issue,7166.31
R3568,O523233,C107052,P2231,2025-04-07,Not as described,7826.09
R3569,O518132,C109224,P2351,2025-11-07,Not Specified,17134.9
R3570,O511057,C109065,P2366,2025-08-12,Damaged in transit,3624.11
R3571,O553568,C107754,P2072,2023-11-16,Better price found elsewhere,5105.5
R3572,O533972,C101349,P2313,2025-12-06,Damaged in transit,9644.01
R3573,O528369,C102145,P2324,2024-03-20,Defective product,3833.49
R3574,O516415,C107130,P2059,2025-12-18,Not as described,3043.75
R3575,O519172,C100169,P2286,2025-09-15,Not as described,13378.11
R3576,O537963,C114830,P2395,2023-09-11,Wrong item delivered,5022.89
R3577,O510628,C105864,P2054,2024-05-29,Wrong item delivered,485.02
R3578,O519775,C103191,P2711,2025-12-04,Not Specified,464.85
R3579,O544161,C102635,P2429,2026-01-11,Better price found elsewhere,23687.14
R3580,O538876,C109999,P2085,2025-06-14,Late delivery,12737.53
R3581,O509654,C104103,P2436,2025-06-28,Not as described,10575.66
R3582,O501644,C112520,P2300,2024-09-14,Size issue,4484.08
R3583,O546993,C104854,P2649,2023-07-30,Size issue,1140.25
R3584,O531220,C110327,P2773,2025-11-01,Changed my mind,5568.98
R3585,O516455,C104443,P2718,2025-09-08,Better price found elsewhere,7119.53
R3586,O503576,C100562,P2587,2025-06-07,Wrong item delivered,12893.86
R3587,O535478,C108598,P2689,2026-01-05,Late delivery,12901.84
R3588,O539881,C108926,P2438,2025-09-13,Late delivery,8690.44
R3589,O505675,C109655,P2442,2025-09-25,Defective product,8916.8
R3590,O518268,C109920,P2269,2023-09-19,Late delivery,3679.52
R3591,O548318,C110857,P2239,2025-12-17,Not as described,15539.47
R3592,O531048,C111281,P2555,2025-12-13,Not as described,9481.51
R3593,O540658,C108097,P2410,2025-05-11,Size issue,9676.3
R3594,O556907,C107316,P2764,2025-10-02,Not Specified,16974.52
R3595,O508639,C111842,P2036,2025-01-25,Size issue,1894.9
R3596,O536544,C100161,P2064,2024-11-19,Not as described,0.0
R3597,O535581,C113233,P2045,2025-12-24,Size issue,13533.6
R3598,O512775,C111017,P2238,2025-12-21,Damaged in transit,8990.05
R3599,O522249,C109640,P2026,2024-08-04,Damaged in transit,7610.46
R3600,O508043,C105803,P2625,2025-12-21,Damaged in transit,1713.59
R3601,O522323,C100676,P2626,2026-01-01,Changed my mind,3887.76
R3602,O555498,C102317,P2317,2025-02-22,Late delivery,2224.51
R3603,O554218,C104884,P2496,2025-08-30,Size issue,3656.59
R3604,O513304,C112106,P2595,2025-12-22,Damaged in transit,9467.29
R3605,O500116,C103610,P2201,2025-10-07,Wrong item delivered,17362.93
R3606,O505653,C113184,P2552,2024-06-22,Damaged in transit,9779.91
R3607,O504880,C111684,P2711,2025-07-28,Better price found elsewhere,484.76
R3608,O525789,C108959,P2493,2024-08-24,Wrong item delivered,4376.72
R3609,O530835,C102618,P2202,2025-01-06,Better price found elsewhere,154.23
R3610,O512261,C110486,P2251,2025-10-20,Wrong item delivered,18311.46
R3611,O541435,C111809,P2461,2025-05-18,Size issue,10083.34
R3612,O537287,C108956,P2143,2026-01-04,Changed my mind,25117.72
R3613,O525294,C111046,P2152,2024-12-19,Defective product,3575.4
R3614,O548084,C113105,P2775,2025-02-23,Not Specified,14361.03
R3615,O504172,C101910,P2733,2025-03-25,Size issue,14820.46
R3616,O510442,C101013,P2431,2025-12-26,Defective product,3036.89
R3617,O501234,C108253,P2592,2024-08-03,Better price found elsewhere,441.72
R3618,O513797,C107873,P2467,2025-12-27,Defective product,16136.64
R3619,O550134,C107213,P2276,2025-10-01,Size issue,8813.28
R3620,O550578,C113098,P2405,2025-07-05,Late delivery,11840.63
R3621,O524267,C105168,P2573,2024-10-27,Not as described,10616.34
R3622,O502644,C107722,P2508,2024-04-30,Not Specified,6308.8
R3623,O550451,C107190,P2313,2025-04-07,Late delivery,8976.27
R3624,O537010,C102565,P2488,2025-12-08,Changed my mind,13381.75
R3625,O502620,C114470,P2432,2025-01-29,Not Specified,1137.49
R3626,O548637,C103342,P2478,2024-10-29,Size issue,7429.63
R3627,O515045,C107327,P2554,2025-12-24,Damaged in transit,29896.4
R3628,O531305,C106412,P2019,2025-03-13,Damaged in transit,14434.42
R3629,O518310,C112767,P2195,2024-12-21,Not as described,4523.49
R3630,O520431,C110922,P2679,2024-10-13,Defective product,4196.93
R3631,O523204,C110794,P2772,2024-09-13,Not as described,12890.67
R3632,O518014,C113233,P2249,2025-01-06,Not Specified,13347.01
R3633,O500484,C113969,P2740,2024-02-23,Defective product,8196.65
R3634,O552454,C113081,P2528,2025-02-16,Size issue,9825.84
R3635,O529661,C104558,P2353,2024-09-28,Damaged in transit,17466.19
R3636,O526610,C100729,P2495,2025-06-04,Size issue,7610.75
R3637,O545456,C107584,P2309,2025-12-29,Wrong item delivered,10395.1
R3638,O538807,C107947,P2119,2025-07-18,Defective product,12177.96
R3639,O512813,C111761,P2263,2025-08-13,Not Specified,8559.05
R3640,O557149,C114431,P2730,2025-04-29,Size issue,12032.87
R3641,O515344,C109060,P2091,2025-05-25,Late delivery,1926.2
R3642,O553432,C104428,P2501,2025-11-06,Size issue,5394.02
R3643,O557848,C112707,P2259,2025-12-27,Damaged in transit,10877.9
R3644,O519780,C111160,P2336,2025-12-12,Not Specified,6063.52
R3645,O550568,C109109,P2720,2025-10-22,Damaged in transit,7664.63
R3646,O548507,C106353,P2652,2025-07-15,Changed my mind,12019.42
R3647,O515860,C114352,P2702,2025-08-04,Wrong item delivered,15129.89
R3648,O535053,C100967,P2534,2025-10-20,Better price found elsewhere,0.0
R3649,O541420,C102237,P2321,2025-10-17,Damaged in transit,12848.53
R3650,O535952,C104829,P2108,2025-08-13,Wrong item delivered,7053.08
R3651,O558657,C111965,P2278,2025-02-12,Better price found elsewhere,194.52
R3652,O502666,C100773,P2743,2025-09-06,Late delivery,8571.24
R3653,O528703,C103377,P2793,2025-12-26,Not Specified,45380.74
R3654,O544794,C108360,P2489,2025-12-29,Not Specified,7387.63
R3655,O534533,C113125,P2174,2025-11-08,Wrong item delivered,6081.36
R3656,O535456,C104510,P2444,2026-01-15,Defective product,15693.25
R3657,O521945,C105253,P2381,2024-09-11,Late delivery,13566.93
R3658,O528923,C103728,P2102,2023-10-05,Better price found elsewhere,16582.07
R3659,O547050,C100924,P2283,2025-01-28,Not as described,4988.82
R3660,O549312,C105612,P2368,2023-05-07,Not Specified,14824.65
R3661,O544752,C104817,P2396,2024-02-18,Defective product,3181.53
R3662,O546849,C110916,P2798,2025-11-15,Late delivery,49180.79
R3663,O524131,C105309,P2586,2024-11-16,Changed my mind,5384.29
R3664,O523797,C107549,P2729,2024-07-17,Changed my mind,9606.38
R3665,O548452,C110070,P2671,2024-03-26,Better price found elsewhere,12369.84
R3666,O559865,C108977,P2434,2025-12-14,Wrong item delivered,11053.48
R3667,O557147,C102088,P2034,2025-12-15,Size issue,2406.62
R3668,O505414,C107627,P2444,2024-02-20,Not Specified,15060.85
R3669,O559986,C110393,P2603,2025-07-19,Not as described,11784.09
R3670,O558892,C107017,P2181,2025-07-02,Better price found elsewhere,11087.56
R3671,O541217,C103205,P2389,2025-11-16,Size issue,7229.21
R3672,O521966,C112093,P2203,2025-05-06,Size issue,13676.13
R3673,O529281,C104382,P2091,2025-04-07,Not Specified,1768.63
R3674,O549252,C108083,P2169,2025-04-22,Not Specified,1561.9
R3675,O558108,C104926,P2498,2024-04-06,Size issue,16747.82
R3676,O501146,C112013,P2347,2025-05-12,Size issue,2854.68
R3677,O550942,C111048,P2307,2024-11-12,Better price found elsewhere,4323.52
R3678,O506025,C102299,P2657,2024-03-10,Defective product,6651.92
R3679,O520882,C108895,P2333,2025-07-24,Changed my mind,13780.76
R3680,O553224,C105116,P2731,2026-01-08,Not Specified,1476.79
R3681,O531970,C110001,P2008,2025-11-08,Not Specified,6214.97
R3682,O522696,C112530,P2749,2026-01-04,Damaged in transit,7985.15
R3683,O530107,C105753,P2258,2025-06-01,Better price found elsewhere,7566.09
R3684,O541153,C105421,P2751,2025-08-31,Not Specified,4029.16
R3685,O536396,C101593,P2546,2025-12-09,Size issue,5826.65
R3686,O508232,C100891,P2246,2025-04-21,Not Specified,2696.7
R3687,O514404,C104979,P2031,2025-11-11,Damaged in transit,9215.11
R3688,O559954,C112406,P2059,2025-11-11,Defective product,3328.62
R3689,O504678,C104120,P2700,2025-11-28,Not Specified,3332.35
R3690,O553983,C104855,P2366,2025-06-13,Damaged in transit,3355.1
R3691,O540626,C113081,P2127,2024-12-16,Damaged in transit,11284.68
R3692,O517632,C100024,P2574,2025-02-06,Better price found elsewhere,37247.04
R3693,O557204,C106201,P2641,2025-04-13,Not Specified,7016.41
R3694,O539751,C114323,P2390,2024-11-03,Damaged in transit,13199.37
R3695,O523931,C102017,P2316,2026-01-01,Wrong item delivered,24902.59
R3696,O519100,C102492,P2615,2025-11-02,Better price found elsewhere,15251.84
R3697,O513540,C105705,P2250,2025-09-12,Damaged in transit,6092.33
R3698,O517992,C111364,P2149,2024-10-02,Better price found elsewhere,7876.6
R3699,O551834,C102143,P2169,2026-01-01,Not Specified,1546.0
R3700,O549821,C111926,P2531,2024-11-29,Changed my mind,7035.99
R3701,O535349,C112106,P2246,2023-12-11,Damaged in transit,2995.24
R3702,O549303,C100158,P2229,2024-10-01,Wrong item delivered,6107.4
R3703,O533766,C113529,P2391,2024-01-27,Changed my mind,3238.82
R3704,O531912,C112533,P2375,2025-07-24,Defective product,13343.91
R3705,O553842,C104485,P2154,2025-05-26,Changed my mind,6525.98
R3706,O528547,C114176,P2183,2025-08-16,Late delivery,5903.57
R3707,O518285,C110474,P2750,2023-10-29,Defective product,7613.62
R3708,O545951,C106399,P2384,2025-09-11,Size issue,6295.36
R3709,O534289,C103138,P2147,2025-12-05,Better price found elsewhere,3244.75
R3710,O538245,C102443,P2454,2024-09-11,Defective product,4133.84
R3711,O531687,C114227,P2270,2023-07-09,Size issue,11429.8
R3712,O517524,C109656,P2147,2025-10-11,Damaged in transit,6338.79
R3713,O521345,C111697,P2051,2025-11-24,Not Specified,4545.92
R3714,O524187,C104758,P2788,2024-11-02,Late delivery,17167.35
R3715,O530095,C114320,P2110,2024-07-04,Not as described,4748.82
R3716,O516322,C111522,P2791,2025-01-23,Late delivery,27218.39
R3717,O505872,C103086,P2680,2026-01-15,Late delivery,11814.92
R3718,O520091,C111686,P2483,2025-06-15,Late delivery,2043.91
R3719,O500685,C100670,P2311,2024-11-14,Damaged in transit,8184.13
R3720,O546588,C102678,P2692,2024-07-10,Not as described,11706.05
R3721,O512826,C100852,P2082,2024-06-09,Not as described,13634.63
R3722,O514149,C101819,P2724,2025-05-05,Not Specified,10964.9
R3723,O546834,C101125,P2324,2023-11-30,Damaged in transit,11588.35
R3724,O505787,C106572,P2513,2025-12-01,Not as described,45478.07
R3725,O551691,C103082,P2200,2025-12-25,Better price found elsewhere,12936.09
R3726,O508473,C101239,P2222,2024-08-10,Not Specified,209.06
R3727,O504968,C103121,P2716,2024-05-25,Better price found elsewhere,3050.13
R3728,O555066,C110742,P2128,2025-10-13,Changed my mind,14371.75
R3729,O500837,C109516,P2006,2025-11-03,Late delivery,7488.69
R3730,O558654,C107928,P2406,2025-06-19,Wrong item delivered,13025.91
R3731,O543221,C108928,P2221,2024-03-20,Damaged in transit,37872.84
R3732,O507165,C109953,P2605,2025-10-21,Late delivery,3257.05
R3733,O514696,C100814,P2625,2025-05-24,Better price found elsewhere,1713.27
R3734,O516390,C112348,P2632,2025-03-19,Size issue,13956.36
R3735,O553699,C110138,P2722,2025-02-26,Not Specified,13484.06
R3736,O524055,C113662,P2175,2025-10-29,Wrong item delivered,9187.86
R3737,O535698,C100588,P2162,2024-02-18,Not as described,10278.67
R3738,O541574,C110202,P2351,2025-03-12,Wrong item delivered,16368.7
R3739,O538776,C107952,P2568,2026-01-06,Better price found elsewhere,12469.51
R3740,O540941,C109122,P2174,2025-07-19,Late delivery,6829.33
R3741,O507822,C110379,P2099,2025-07-20,Not Specified,10532.52
R3742,O506905,C109112,P2089,2024-08-14,Better price found elsewhere,3443.86
R3743,O557468,C110340,P2519,2025-07-02,Better price found elsewhere,19711.96
R3744,O532756,C109997,P2053,2023-04-27,Changed my mind,10326.29
R3745,O531649,C108263,P2587,2025-10-05,Not as described,12535.32
R3746,O504670,C100670,P2310,2025-08-03,Not as described,346.94
R3747,O541086,C105180,P2508,2025-02-11,Not as described,5834.32
R3748,O531237,C102586,P2643,2024-12-27,Changed my mind,25910.55
R3749,O517553,C103981,P2222,2024-01-18,Defective product,489.45
R3750,O519251,C104070,P2114,2024-11-17,Wrong item delivered,16528.85
R3751,O550027,C114397,P2348,2025-12-03,Size issue,12741.1
R3752,O559687,C101498,P2631,2025-12-05,Late delivery,2432.35
R3753,O537711,C105695,P2124,2025-06-03,Defective product,14713.3
R3754,O559597,C103159,P2553,2025-09-17,Size issue,9715.94
R3755,O530627,C112516,P2167,2024-09-12,Late delivery,4009.02
R3756,O526055,C102584,P2413,2026-01-14,Better price found elsewhere,16794.55
R3757,O536310,C102785,P2223,2025-05-22,Wrong item delivered,8755.75
R3758,O503779,C111629,P2732,2026-01-08,Not as described,17274.91
R3759,O546415,C112903,P2614,2025-05-14,Defective product,5778.25
R3760,O556367,C113554,P2548,2024-10-10,Changed my mind,14331.58
R3761,O514944,C103165,P2316,2024-11-03,Wrong item delivered,13013.51
R3762,O507626,C110566,P2574,2025-11-11,Damaged in transit,18230.47
R3763,O517847,C109749,P2640,2025-09-15,Better price found elsewhere,18699.6
R3764,O555670,C109090,P2640,2024-04-18,Defective product,17525.28
R3765,O518870,C102889,P2264,2025-06-07,Wrong item delivered,5697.61
R3766,O505878,C111738,P2413,2024-08-13,Not as described,7457.97
R3767,O538902,C104732,P2748,2025-01-18,Size issue,2382.43
R3768,O536556,C113993,P2168,2026-01-22,Not Specified,9513.28
R3769,O556874,C111504,P2109,2025-11-14,Defective product,1688.09
R3770,O503281,C112205,P2550,2023-05-30,Late delivery,18728.94
R3771,O505716,C113903,P2718,2024-04-29,Not Specified,7555.07
R3772,O552993,C109565,P2099,2024-05-09,Not Specified,9696.57
R3773,O505117,C104965,P2372,2025-11-13,Better price found elsewhere,16383.09
R3774,O543448,C103586,P2283,2025-01-03,Late delivery,4796.95
R3775,O524421,C104394,P2043,2025-02-20,Damaged in transit,6715.85
R3776,O510504,C106021,P2128,2025-05-04,Size issue,13723.24
R3777,O535699,C100194,P2718,2024-08-15,Changed my mind,8999.38
R3778,O555508,C109477,P2412,2023-10-10,Not as described,3670.28
R3779,O502018,C114293,P2330,2025-12-18,Not Specified,11132.28
R3780,O523775,C108854,P2097,2024-11-23,Not Specified,11709.65
R3781,O529215,C113664,P2672,2025-05-01,Not as described,1552.66
R3782,O521115,C109336,P2660,2025-01-09,Wrong item delivered,1166.91
R3783,O550182,C107474,P2154,2025-02-13,Defective product,6409.02
R3784,O559671,C107350,P2091,2024-04-20,Size issue,2032.56
R3785,O527012,C101841,P2256,2024-06-19,Wrong item delivered,4715.55
R3786,O547001,C110057,P2456,2025-03-26,Changed my mind,2844.4
R3787,O501205,C103705,P2050,2024-11-04,Better price found elsewhere,17742.89
R3788,O520159,C103869,P2192,2024-05-05,Not Specified,17817.89
R3789,O530482,C105072,P2405,2024-10-04,Not as described,13815.3
R3790,O541993,C106487,P2360,2025-12-23,Not as described,15512.4
R3791,O529184,C102929,P2284,2026-01-06,Not as described,15736.78
R3792,O522670,C111203,P2627,2025-09-06,Defective product,12676.6
R3793,O557971,C111658,P2147,2023-10-23,Size issue,3181.09
R3794,O526404,C103488,P2501,2025-02-08,Not as described,6070.46
R3795,O507941,C100768,P2704,2025-10-02,Defective product,2125.96
R3796,O537912,C100013,P2230,2025-12-28,Changed my mind,17047.11
R3797,O533403,C101901,P2343,2025-12-26,Not Specified,5367.39
R3798,O501548,C111686,P2070,2025-09-25,Defective product,18301.01
R3799,O537298,C107843,P2738,2024-10-11,Late delivery,6009.49
R3800,O531831,C103877,P2081,2025-12-26,Wrong item delivered,211.84
R3801,O504529,C113779,P2171,2025-03-14,Not Specified,8256.07
R3802,O538941,C109880,P2721,2025-05-06,Not as described,2347.49
R3803,O559560,C112176,P2475,2025-11-12,Size issue,4784.14
R3804,O513503,C106853,P2797,2024-08-04,Late delivery,14257.16
R3805,O556453,C100235,P2406,2025-05-06,Better price found elsewhere,15199.82
R3806,O537149,C112072,P2283,2025-08-15,Damaged in transit,5402.38
R3807,O533270,C114444,P2122,2025-08-08,Not Specified,18332.4
R3808,O526464,C109720,P2159,2025-11-19,Late delivery,4101.41
R3809,O519494,C110710,P2530,2025-10-10,Better price found elsewhere,4013.03
R3810,O550539,C108242,P2399,2025-06-12,Damaged in transit,3069.26
R3811,O527719,C105937,P2072,2025-02-11,Not Specified,5010.28
R3812,O559125,C108928,P2598,2026-01-01,Damaged in transit,12387.03
R3813,O518961,C111081,P2206,2024-08-14,Better price found elsewhere,4780.13
R3814,O533482,C114045,P2688,2025-12-28,Damaged in transit,1254.03
R3815,O545972,C110921,P2374,2025-04-20,Not Specified,1132.72
R3816,O537275,C110611,P2646,2025-09-03,Better price found elsewhere,28629.13
R3817,O537804,C113635,P2521,2025-04-08,Better price found elsewhere,10660.91
R3818,O517932,C106297,P2529,2026-01-10,Wrong item delivered,5830.55
R3819,O506961,C104355,P2143,2025-02-03,Not Specified,12737.44
R3820,O521818,C107110,P2610,2026-01-01,Damaged in transit,4899.64
R3821,O521685,C114786,P2637,2025-12-04,Changed my mind,17498.03
R3822,O532509,C110063,P2148,2023-12-01,Size issue,19407.93
R3823,O501978,C100696,P2768,2025-12-13,Not Specified,12855.6
R3824,O540594,C110816,P2256,2025-05-24,Late delivery,5485.22
R3825,O505600,C104490,P2761,2025-11-08,Not Specified,12518.92
R3826,O520021,C109538,P2194,2024-03-07,Late delivery,4173.39
R3827,O502516,C108857,P2121,2025-07-17,Damaged in transit,14465.51
R3828,O525878,C108006,P2368,2025-06-15,Changed my mind,15798.59
R3829,O554266,C114647,P2224,2025-11-30,Better price found elsewhere,11041.27
R3830,O556312,C102424,P2033,2025-11-20,Damaged in transit,10772.64
R3831,O558628,C114899,P2253,2024-05-06,Late delivery,11005.59
R3832,O527669,C102431,P2538,2025-11-22,Defective product,7830.63
R3833,O517070,C107678,P2064,2024-12-22,Not as described,0.0
R3834,O513793,C109834,P2466,2025-07-12,Damaged in transit,6853.75
R3835,O517175,C106822,P2514,2024-10-30,Not Specified,1213.96
R3836,O516055,C100344,P2515,2025-11-15,Better price found elsewhere,15003.91
R3837,O524022,C107285,P2248,2025-12-12,Not as described,12745.46
R3838,O559641,C104820,P2767,2025-12-24,Wrong item delivered,3711.75
R3839,O556116,C114400,P2501,2025-10-03,Not Specified,5535.17
R3840,O501742,C104487,P2636,2024-03-22,Defective product,9234.25
R3841,O542840,C106888,P2088,2025-08-03,Changed my mind,6349.99
R3842,O531620,C112451,P2517,2025-03-11,Damaged in transit,7488.84
R3843,O518525,C106160,P2150,2025-11-29,Not as described,6938.27
R3844,O532677,C108556,P2252,2025-09-27,Defective product,496.46
R3845,O510333,C104935,P2436,2025-06-01,Not as described,9530.71
R3846,O554311,C114426,P2737,2024-11-21,Changed my mind,8325.25
R3847,O558844,C112463,P2268,2025-06-29,Changed my mind,14294.03
R3848,O551361,C101622,P2649,2025-11-21,Defective product,1195.66
R3849,O547865,C105139,P2519,2025-10-11,Wrong item delivered,9573.01
R3850,O528845,C106974,P2462,2025-05-14,Better price found elsewhere,11046.25
R3851,O552476,C107079,P2586,2025-10-18,Changed my mind,5177.24
R3852,O530265,C102013,P2729,2025-06-11,Not Specified,3384.39
R3853,O555736,C102752,P2283,2025-07-21,Late delivery,4896.34
R3854,O527135,C114863,P2435,2026-01-13,Changed my mind,5020.15
R3855,O501494,C110017,P2505,2025-10-08,Not Specified,12433.06
R3856,O501114,C101943,P2068,2025-05-06,Defective product,14629.47
R3857,O535952,C104829,P2512,2025-07-18,Size issue,22694.05
R3858,O525508,C114470,P2406,2025-08-18,Wrong item delivered,13367.0
R3859,O516890,C105681,P2431,2023-09-30,Late delivery,7865.65
R3860,O504084,C100011,P2188,2025-08-17,Not Specified,9068.68
R3861,O543598,C107217,P2444,2024-05-28,Wrong item delivered,17808.0
R3862,O525309,C104600,P2048,2024-01-22,Better price found elsewhere,18024.64
R3863,O544304,C100994,P2199,2024-01-05,Wrong item delivered,13074.94
R3864,O554944,C111499,P2303,2024-06-06,Size issue,1072.48
R3865,O554690,C100970,P2275,2024-02-17,Defective product,2112.59
R3866,O505516,C101121,P2088,2025-01-17,Better price found elsewhere,6807.23
R3867,O508085,C105050,P2777,2024-11-26,Wrong item delivered,1770.22
R3868,O523590,C107747,P2336,2024-04-10,Size issue,4750.07
R3869,O555239,C112143,P2184,2025-11-13,Better price found elsewhere,3594.95
R3870,O549777,C102064,P2118,2025-07-30,Better price found elsewhere,8808.54
R3871,O505380,C110515,P2741,2025-06-27,Not as described,12716.79
R3872,O521827,C107310,P2716,2025-02-04,Defective product,2740.11
R3873,O515402,C113642,P2096,2024-07-10,Late delivery,6149.51
R3874,O506354,C109879,P2694,2023-06-17,Wrong item delivered,17683.28
R3875,O556725,C100566,P2528,2025-03-17,Better price found elsewhere,3362.08
R3876,O538210,C108351,P2610,2025-09-08,Late delivery,4398.39
R3877,O514930,C108769,P2664,2025-03-26,Wrong item delivered,5790.49
R3878,O544582,C105962,P2253,2025-09-20,Better price found elsewhere,11068.39
R3879,O544176,C109019,P2337,2024-02-17,Defective product,546.18
R3880,O548031,C108999,P2026,2024-04-11,Better price found elsewhere,6330.23
R3881,O508098,C104817,P2087,2023-06-07,Damaged in transit,8588.52
R3882,O528458,C102713,P2614,2023-10-30,Damaged in transit,5421.65
R3883,O520327,C107332,P2588,2025-05-20,Late delivery,1413.79
R3884,O526651,C104664,P2579,2024-06-04,Not as described,861.42
R3885,O504389,C102033,P2718,2025-06-08,Not as described,7759.59
R3886,O539644,C112255,P2315,2025-05-02,Changed my mind,13795.99
R3887,O525058,C109305,P2535,2025-06-02,Damaged in transit,7209.16
R3888,O550265,C111360,P2456,2025-04-11,Not as described,2721.22
R3889,O557528,C102823,P2343,2025-08-29,Not Specified,5912.77
R3890,O521055,C109531,P2334,2025-08-08,Size issue,2072.72
R3891,O547671,C113049,P2165,2025-01-07,Not Specified,2645.55
R3892,O534896,C106700,P2477,2024-07-31,Wrong item delivered,8377.07
R3893,O545245,C100157,P2353,2025-03-22,Better price found elsewhere,20877.57
R3894,O515909,C103444,P2399,2025-08-24,Changed my mind,2786.8
R3895,O523156,C110722,P2224,2024-12-14,Changed my mind,10653.62
R3896,O514716,C101424,P2139,2025-09-09,Better price found elsewhere,6135.17
R3897,O540288,C106036,P2474,2025-08-18,Late delivery,1319.91
R3898,O551973,C114302,P2133,2025-09-28,Not as described,4752.01
R3899,O500072,C110908,P2067,2025-09-02,Not as described,0.0
R3900,O520628,C113218,P2700,2025-04-21,Not Specified,3323.33
R3901,O503382,C100216,P2545,2023-08-13,Not as described,6851.42
R3902,O544088,C107210,P2526,2024-09-20,Damaged in transit,3322.67
R3903,O536443,C102984,P2044,2024-12-08,Defective product,12949.99
R3904,O501922,C113779,P2745,2025-05-15,Not as described,33116.16
R3905,O534455,C112586,P2611,2025-08-09,Wrong item delivered,2631.78
R3906,O557379,C111290,P2623,2024-11-18,Changed my mind,2964.61
R3907,O550494,C104709,P2090,2025-08-28,Wrong item delivered,8794.74
R3908,O507342,C110153,P2747,2025-12-07,Late delivery,21513.49
R3909,O523034,C108097,P2078,2023-07-18,Late delivery,46189.39
R3910,O532212,C109599,P2648,2025-06-27,Not Specified,137.89
R3911,O538820,C107643,P2620,2025-07-13,Not as described,1659.24
R3912,O529705,C113229,P2790,2025-07-06,Changed my mind,29031.38
R3913,O503246,C108615,P2108,2024-01-04,Size issue,8318.25
R3914,O510880,C109915,P2348,2025-06-14,Late delivery,12775.76
R3915,O501292,C103315,P2475,2025-10-22,Changed my mind,4466.58
R3916,O549615,C104538,P2044,2024-09-26,Not Specified,12987.64
R3917,O511928,C103324,P2599,2025-01-30,Late delivery,16073.76
R3918,O537782,C106531,P2500,2023-10-19,Not as described,9881.47
R3919,O535491,C102619,P2016,2025-03-23,Late delivery,10255.74
R3920,O554987,C109709,P2646,2025-09-16,Defective product,9317.18
R3921,O553894,C103488,P2188,2024-11-03,Wrong item delivered,7782.12
R3922,O542415,C109694,P2166,2024-09-03,Size issue,6292.81
R3923,O552450,C105498,P2187,2025-11-08,Changed my mind,34317.92
R3924,O504415,C106645,P2034,2025-06-25,Changed my mind,4305.93
R3925,O500317,C106990,P2296,2025-08-01,Late delivery,2679.3
R3926,O534100,C114769,P2555,2025-04-21,Not Specified,10161.07
R3927,O506673,C112268,P2431,2024-10-29,Not Specified,2985.16
R3928,O555933,C107860,P2310,2025-04-25,Better price found elsewhere,364.61
R3929,O535916,C113343,P2272,2024-09-22,Late delivery,15217.1
R3930,O502016,C111072,P2493,2025-10-27,Damaged in transit,4008.89
R3931,O527851,C112749,P2269,2024-03-17,Not as described,3174.96
R3932,O504454,C111282,P2467,2025-06-05,Late delivery,12761.44
R3933,O551241,C111119,P2453,2026-01-10,Better price found elsewhere,16115.63
R3934,O553197,C103814,P2377,2024-11-21,Damaged in transit,7467.49
R3935,O525362,C106805,P2391,2025-10-03,Defective product,3434.16
R3936,O559846,C110551,P2021,2024-07-01,Changed my mind,6675.94
R3937,O518377,C107227,P2278,2024-08-03,Size issue,166.52
R3938,O541559,C106093,P2258,2024-04-08,Not Specified,8843.3
R3939,O559043,C106954,P2591,2025-04-20,Not Specified,3125.77
R3940,O539697,C102785,P2607,2025-10-21,Size issue,9718.4
R3941,O532225,C109039,P2612,2024-04-04,Wrong item delivered,15387.06
R3942,O523747,C108082,P2152,2024-11-03,Changed my mind,3585.98
R3943,O521241,C102309,P2063,2024-08-14,Not as described,32234.31
R3944,O544033,C103579,P2211,2024-10-18,Late delivery,12971.74
R3945,O519389,C112720,P2780,2025-07-26,Damaged in transit,5367.66
R3946,O525846,C103094,P2533,2025-11-19,Not as described,16835.0
R3947,O502348,C102898,P2786,2025-05-09,Size issue,16443.41
R3948,O535411,C112787,P2623,2025-12-02,Not Specified,3320.56
R3949,O539428,C112431,P2417,2025-10-15,Damaged in transit,12870.47
R3950,O508629,C102371,P2357,2025-10-11,Late delivery,10875.35
R3951,O557685,C107892,P2105,2026-01-14,Damaged in transit,2956.06
R3952,O558100,C104264,P2492,2024-03-21,Damaged in transit,3590.94
R3953,O526603,C111567,P2739,2023-11-20,Damaged in transit,9796.94
R3954,O520781,C104596,P2347,2025-08-05,Defective product,2513.96
R3955,O559834,C107948,P2210,2025-07-21,Not as described,16583.14
R3956,O519238,C113563,P2219,2023-09-09,Late delivery,4127.86
R3957,O555908,C100765,P2705,2025-10-24,Better price found elsewhere,30890.08
R3958,O501359,C104780,P2047,2025-10-09,Size issue,4545.41
R3959,O539383,C109382,P2717,2025-01-12,Size issue,908.84
R3960,O536692,C100089,P2065,2025-10-15,Not as described,12879.27
R3961,O524065,C108700,P2420,2024-05-21,Better price found elsewhere,4636.94
R3962,O543991,C104431,P2460,2025-03-06,Defective product,5928.13
R3963,O547205,C111530,P2501,2024-02-06,Not as described,6026.48
R3964,O510798,C112106,P2268,2024-03-17,Not Specified,14473.71
R3965,O541610,C105962,P2479,2025-06-18,Late delivery,3341.46
R3966,O517776,C108111,P2163,2026-01-15,Better price found elsewhere,5336.19
R3967,O513253,C103541,P2672,2025-08-21,Changed my mind,1747.45
R3968,O532945,C106779,P2427,2025-12-30,Wrong item delivered,12214.14
R3969,O521902,C106673,P2007,2025-05-12,Wrong item delivered,17232.74
R3970,O501223,C110566,P2344,2025-12-14,Better price found elsewhere,31648.62
R3971,O531916,C107964,P2211,2025-04-15,Not Specified,14271.39
R3972,O541878,C110062,P2694,2025-10-31,Not Specified,18614.89
R3973,O558282,C105867,P2044,2025-10-24,Defective product,13251.1
R3974,O515862,C108073,P2623,2025-12-29,Late delivery,3087.21
R3975,O522582,C103558,P2507,2023-02-26,Late delivery,404.77
R3976,O530217,C107434,P2543,2025-12-10,Wrong item delivered,3572.02
R3977,O552412,C108939,P2456,2025-07-13,Not as described,2705.95
R3978,O547060,C106809,P2149,2025-09-20,Damaged in transit,15133.86
R3979,O545006,C111446,P2074,2024-12-14,Better price found elsewhere,10296.66
R3980,O546454,C100992,P2014,2025-11-10,Late delivery,4244.49
R3981,O512763,C110124,P2110,2025-11-29,Better price found elsewhere,4050.04
R3982,O522269,C105342,P2089,2025-12-06,Not Specified,3716.56
R3983,O546109,C104848,P2382,2025-12-16,Not Specified,13015.27
R3984,O514001,C112585,P2517,2025-10-27,Better price found elsewhere,6647.59
R3985,O549469,C109816,P2679,2025-10-09,Better price found elsewhere,4840.78
R3986,O518562,C113117,P2266,2025-03-02,Not Specified,14211.26
R3987,O512733,C114188,P2215,2025-05-18,Not Specified,11136.0
R3988,O553864,C101574,P2048,2023-10-13,Size issue,16748.81
R3989,O542275,C113733,P2176,2025-11-30,Late delivery,4187.73
R3990,O519634,C111350,P2612,2025-03-10,Size issue,15013.75
R3991,O532187,C114366,P2200,2024-06-12,Not as described,12113.54
R3992,O508045,C105237,P2331,2025-08-06,Not Specified,15787.93
R3993,O519645,C102466,P2289,2025-03-26,Damaged in transit,1604.18
R3994,O505151,C105591,P2243,2024-11-09,Better price found elsewhere,8504.65
R3995,O539214,C114932,P2299,2025-05-22,Better price found elsewhere,11658.71
R3996,O548648,C101593,P2136,2025-10-27,Damaged in transit,4287.67
R3997,O509690,C105900,P2116,2025-12-02,Wrong item delivered,12163.46
R3998,O507670,C105642,P2427,2026-01-12,Changed my mind,12170.95
R3999,O559775,C112324,P2004,2025-11-11,Late delivery,14323.3
R4000,O541282,C107354,P2718,2025-11-24,Size issue,8354.4
R4001,O512335,C104782,P2529,2026-01-02,Damaged in transit,5740.41
R4002,O519010,C104370,P2490,2024-04-09,Size issue,4493.78
R4003,O542124,C103680,P2616,2025-02-19,Not as described,13159.73
R4004,O542781,C110474,P2250,2023-10-27,Better price found elsewhere,7091.2
R4005,O520752,C114667,P2765,2025-07-13,Better price found elsewhere,4958.58
R4006,O505924,C113002,P2460,2025-05-11,Wrong item delivered,5657.28
R4007,O548192,C107938,P2358,2026-01-12,Wrong item delivered,10156.62
R4008,O548372,C108487,P2787,2025-09-18,Size issue,15538.54
R4009,O549810,C105296,P2722,2023-10-29,Size issue,12390.23
R4010,O516136,C103215,P2237,2025-10-31,Not as described,15696.19
R4011,O527004,C110465,P2019,2025-02-10,Not as described,13097.08
R4012,O541104,C102239,P2638,2025-01-11,Not as described,16528.71
R4013,O532355,C106337,P2259,2024-05-21,Size issue,22607.27
R4014,O523597,C108712,P2002,2025-02-12,Defective product,16720.53
R4015,O544686,C109186,P2694,2025-07-12,Not Specified,18138.27
R4016,O558260,C100438,P2369,2025-09-27,Wrong item delivered,13687.51
R4017,O530847,C101432,P2116,2024-03-14,Size issue,13074.11
R4018,O531255,C114570,P2090,2025-07-13,Wrong item delivered,10171.34
R4019,O508636,C100858,P2660,2025-12-14,Better price found elsewhere,1268.78
R4020,O540272,C104619,P2356,2024-01-30,Better price found elsewhere,15329.11
R4021,O527838,C104819,P2430,2025-02-10,Defective product,11076.83
R4022,O549115,C101825,P2540,2024-08-02,Not as described,11944.34
R4023,O523266,C113994,P2574,2024-12-14,Changed my mind,19720.76
R4024,O508543,C110078,P2171,2025-12-08,Better price found elsewhere,10166.36
R4025,O501737,C103622,P2315,2024-04-17,Changed my mind,15617.76
R4026,O534774,C102374,P2047,2026-01-04,Size issue,13215.81
R4027,O507694,C101781,P2702,2025-10-26,Size issue,14186.57
R4028,O537081,C114453,P2653,2023-12-21,Size issue,6052.7
R4029,O557474,C113585,P2094,2025-08-17,Better price found elsewhere,1048.55
R4030,O540064,C102986,P2202,2025-04-19,Not as described,161.12
R4031,O540152,C109819,P2749,2025-01-17,Not as described,8602.38
R4032,O555480,C109766,P2134,2025-08-24,Size issue,4147.93
R4033,O546506,C113245,P2672,2025-04-12,Not as described,1507.7
R4034,O517270,C109564,P2528,2025-05-06,Damaged in transit,3183.4
R4035,O546374,C101474,P2045,2023-10-07,Size issue,14528.53
R4036,O502877,C100570,P2637,2025-06-01,Size issue,8091.88
R4037,O503879,C101207,P2358,2024-11-10,Better price found elsewhere,11242.78
R4038,O505084,C110202,P2601,2025-10-19,Defective product,10400.48
R4039,O533857,C109463,P2594,2024-10-10,Better price found elsewhere,18327.84
R4040,O505031,C109804,P2337,2025-11-19,Not Specified,1668.8
R4041,O534586,C101570,P2003,2024-08-27,Size issue,11517.42
R4042,O528956,C114863,P2174,2026-01-12,Wrong item delivered,7004.61
R4043,O535249,C101166,P2149,2024-03-12,Size issue,7593.16
R4044,O506785,C100144,P2714,2025-06-24,Size issue,13631.48
R4045,O544592,C110073,P2249,2024-12-23,Wrong item delivered,38172.45
R4046,O541509,C107595,P2770,2026-01-21,Not as described,4823.52
R4047,O501657,C102179,P2603,2026-01-22,Damaged in transit,11325.62
R4048,O535300,C114104,P2318,2024-09-28,Late delivery,10497.76
R4049,O500303,C103860,P2211,2025-08-13,Not Specified,15135.91
R4050,O530529,C110755,P2251,2025-05-14,Damaged in transit,18905.36
R4051,O505173,C103622,P2258,2025-08-17,Late delivery,9423.37
R4052,O513690,C107807,P2459,2024-06-16,Better price found elsewhere,12825.89
R4053,O536225,C109787,P2183,2024-11-24,Size issue,5655.64
R4054,O538045,C106264,P2592,2025-06-30,Not as described,832.25
R4055,O549589,C108044,P2579,2025-12-31,Damaged in transit,810.88
R4056,O507788,C102387,P2415,2025-03-08,Wrong item delivered,15626.81
R4057,O545232,C100023,P2143,2024-08-06,Better price found elsewhere,13191.89
R4058,O553870,C105207,P2218,2023-11-01,Defective product,38184.05
R4059,O516986,C111957,P2314,2025-10-13,Late delivery,9366.87
R4060,O543888,C100498,P2302,2025-12-14,Not as described,13942.02
R4061,O526896,C102453,P2770,2025-02-24,Defective product,4636.9
R4062,O551623,C101123,P2785,2025-10-09,Changed my mind,14650.18
R4063,O530835,C102618,P2607,2025-01-15,Changed my mind,10223.76
R4064,O551735,C105699,P2472,2026-01-15,Better price found elsewhere,10895.39
R4065,O536901,C101906,P2762,2025-06-08,Damaged in transit,11146.85
R4066,O552654,C102506,P2363,2025-07-11,Not as described,13816.67
R4067,O526301,C109205,P2710,2025-01-06,Late delivery,753.66
R4068,O559907,C103671,P2123,2025-09-09,Not as described,17864.5
R4069,O542188,C110962,P2776,2024-11-18,Wrong item delivered,14657.29
R4070,O529905,C105408,P2693,2025-03-03,Damaged in transit,9026.64
R4071,O557553,C112827,P2068,2024-04-13,Changed my mind,14892.55
R4072,O544394,C104344,P2442,2025-08-21,Not as described,8091.77
R4073,O554422,C111869,P2619,2026-01-06,Wrong item delivered,5712.53
R4074,O533297,C103319,P2074,2025-08-08,Late delivery,10925.85
R4075,O504015,C110819,P2175,2024-04-30,Changed my mind,9487.18
R4076,O540307,C100221,P2642,2025-12-25,Not Specified,3612.04
R4077,O550505,C110551,P2261,2024-07-20,Late delivery,1514.19
R4078,O530052,C102116,P2712,2025-01-29,Not Specified,9950.69
R4079,O526671,C112758,P2736,2023-10-26,Changed my mind,12706.98
R4080,O556908,C105225,P2722,2025-11-09,Better price found elsewhere,11393.43
R4081,O532980,C112281,P2321,2025-06-06,Damaged in transit,14936.35
R4082,O505464,C106967,P2027,2024-07-26,Better price found elsewhere,10123.73
R4083,O513067,C108854,P2559,2025-10-23,Not as described,5718.11
R4084,O548145,C106650,P2516,2024-08-11,Wrong item delivered,6755.0
R4085,O556752,C110650,P2667,2025-11-13,Better price found elsewhere,7459.31
R4086,O537855,C105979,P2656,2025-08-17,Not Specified,15372.32
R4087,O558800,C107171,P2034,2025-08-10,Damaged in transit,4595.57
R4088,O544472,C114228,P2097,2024-05-24,Size issue,31927.84
R4089,O541609,C104891,P2791,2025-11-25,Changed my mind,12818.08
R4090,O506539,C106094,P2482,2026-01-06,Better price found elsewhere,9449.41
R4091,O548635,C103904,P2533,2024-05-30,Late delivery,20576.79
R4092,O556882,C104813,P2337,2025-11-20,Wrong item delivered,475.62
R4093,O510385,C109495,P2469,2025-10-06,Better price found elsewhere,101.62
R4094,O554911,C100766,P2648,2025-04-10,Wrong item delivered,149.65
R4095,O548197,C111324,P2356,2025-04-08,Damaged in transit,14063.87
R4096,O546339,C114352,P2028,2023-06-13,Late delivery,502.76
R4097,O540727,C108486,P2121,2026-01-06,Wrong item delivered,18111.55
R4098,O556230,C109740,P2082,2025-09-30,Not as described,15282.01
R4099,O541657,C105833,P2797,2025-05-06,Late delivery,14043.16
R4100,O513311,C102984,P2220,2024-05-26,Not Specified,751.75
R4101,O500539,C109655,P2184,2025-10-09,Size issue,3543.56
R4102,O533952,C114901,P2519,2024-01-16,Damaged in transit,8843.01
R4103,O506313,C114504,P2544,2025-12-24,Not Specified,16669.87
R4104,O554837,C109226,P2086,2025-09-20,Damaged in transit,19243.37
R4105,O504559,C114384,P2522,2025-12-08,Not as described,19332.38
R4106,O518911,C103881,P2384,2024-07-21,Not as described,5806.98
R4107,O522806,C114724,P2229,2024-07-09,Late delivery,5496.5
R4108,O536703,C102671,P2721,2024-12-10,Not as described,2597.98
R4109,O558277,C106565,P2301,2026-01-10,Late delivery,9632.48
R4110,O557498,C107594,P2199,2024-02-02,Not Specified,15630.17
R4111,O526022,C103565,P2079,2025-03-21,Not Specified,8203.71
R4112,O514799,C100392,P2456,2025-12-19,Not Specified,8017.24
R4113,O546832,C104551,P2458,2024-10-11,Better price found elsewhere,8075.76
R4114,O553778,C104774,P2534,2025-10-25,Defective product,0.0
R4115,O557868,C113927,P2179,2023-07-06,Damaged in transit,18778.38
R4116,O540478,C111850,P2316,2025-11-24,Better price found elsewhere,13520.07
R4117,O503548,C106470,P2447,2026-01-11,Late delivery,6993.71
R4118,O550079,C114738,P2499,2025-05-11,Wrong item delivered,13541.17
R4119,O540169,C112025,P2186,2024-09-07,Size issue,15650.15
R4120,O520220,C111824,P2313,2024-01-23,Better price found elsewhere,8658.5
R4121,O522233,C103305,P2448,2025-08-04,Size issue,11857.15
R4122,O556575,C107833,P2607,2025-01-18,Changed my mind,10586.29
R4123,O549468,C113562,P2322,2025-08-04,Not as described,26232.22
R4124,O555630,C110915,P2638,2026-01-20,Changed my mind,17635.23
R4125,O507521,C102875,P2062,2024-06-06,Damaged in transit,10878.58
R4126,O542453,C110329,P2697,2025-12-31,Not as described,13456.79
R4127,O532047,C106657,P2718,2025-06-28,Not Specified,7094.27
R4128,O509076,C110640,P2497,2024-10-27,Size issue,30051.55
R4129,O526118,C112254,P2002,2024-04-10,Late delivery,16671.58
R4130,O556784,C111556,P2426,2025-10-05,Late delivery,6666.03
R4131,O528000,C109579,P2242,2024-07-16,Defective product,15181.75
R4132,O514616,C100203,P2267,2024-06-28,Size issue,8610.55
R4133,O515021,C106167,P2035,2026-01-17,Defective product,12631.69
R4134,O513937,C107949,P2749,2025-10-04,Damaged in transit,8421.59
R4135,O551690,C105029,P2555,2024-04-20,Changed my mind,12189.57
R4136,O543893,C104808,P2139,2025-09-07,Not as described,7103.37
R4137,O534466,C107434,P2160,2025-12-22,Size issue,8079.81
R4138,O547975,C100887,P2229,2025-09-23,Late delivery,6831.45
R4139,O510717,C113416,P2095,2025-09-20,Damaged in transit,14324.86
R4140,O550519,C110081,P2545,2025-06-03,Damaged in transit,8174.56
R4141,O557743,C107740,P2397,2025-03-08,Defective product,8660.09
R4142,O555175,C107343,P2544,2025-11-10,Late delivery,15447.57
R4143,O557879,C111244,P2089,2025-09-17,Changed my mind,3605.86
R4144,O554508,C104856,P2164,2025-09-19,Wrong item delivered,40940.64
R4145,O500882,C106106,P2678,2025-12-16,Damaged in transit,12793.39
R4146,O510053,C111127,P2427,2025-11-03,Wrong item delivered,11979.37
R4147,O500401,C108654,P2762,2025-09-20,Better price found elsewhere,10453.37
R4148,O528613,C100298,P2063,2025-03-01,Changed my mind,16790.29
R4149,O556001,C102526,P2310,2025-10-01,Better price found elsewhere,356.56
R4150,O525820,C107735,P2721,2024-03-21,Damaged in transit,2622.39
R4151,O555521,C111283,P2619,2025-12-13,Not Specified,4764.97
R4152,O534361,C108672,P2770,2026-01-02,Size issue,12515.54
R4153,O524034,C102737,P2137,2025-01-07,Size issue,1859.7
R4154,O530268,C103455,P2644,2024-12-16,Late delivery,4353.66
R4155,O527665,C104349,P2250,2025-11-21,Size issue,6837.12
R4156,O537260,C106737,P2668,2024-01-07,Changed my mind,12242.45
R4157,O521523,C112762,P2045,2025-12-16,Not as described,14439.09
R4158,O528753,C101473,P2611,2025-12-24,Not Specified,2631.0
R4159,O544148,C102487,P2538,2023-08-26,Damaged in transit,8785.35
R4160,O522357,C114847,P2410,2024-09-05,Not Specified,10320.8
R4161,O503036,C112300,P2682,2024-10-24,Better price found elsewhere,4938.8
R4162,O525804,C105564,P2742,2023-09-17,Wrong item delivered,14034.45
R4163,O557223,C100715,P2385,2025-12-16,Damaged in transit,3870.79
R4164,O532873,C112876,P2349,2025-01-27,Defective product,15274.38
R4165,O515257,C101854,P2116,2025-08-06,Changed my mind,13170.73
R4166,O525360,C113819,P2732,2025-09-22,Wrong item delivered,15800.78
R4167,O539775,C110661,P2342,2025-11-20,Late delivery,17859.53
R4168,O514307,C100656,P2461,2024-09-14,Changed my mind,22104.11
R4169,O541940,C110789,P2656,2024-05-09,Size issue,16772.91
R4170,O557554,C103691,P2033,2025-09-17,Late delivery,13274.12
R4171,O535954,C108293,P2510,2025-10-29,Size issue,8266.17
R4172,O506400,C103710,P2450,2025-05-07,Better price found elsewhere,2536.28
R4173,O504447,C112348,P2702,2023-09-27,Not as described,17712.23
R4174,O545739,C102381,P2633,2024-11-07,Wrong item delivered,12209.75
R4175,O554229,C110372,P2436,2025-07-12,Not Specified,8933.71
R4176,O556275,C100791,P2752,2025-07-09,Better price found elsewhere,5328.78
R4177,O546688,C101509,P2305,2024-01-02,Changed my mind,6564.83
R4178,O512448,C104086,P2648,2025-04-25,Changed my mind,153.0
R4179,O516999,C108153,P2098,2025-12-07,Damaged in transit,11588.34
R4180,O521224,C111553,P2282,2025-03-02,Changed my mind,9070.67
R4181,O529038,C113232,P2321,2023-07-05,Damaged in transit,30294.4
R4182,O530016,C103333,P2408,2025-08-03,Damaged in transit,17820.14
R4183,O517397,C104230,P2414,2024-12-16,Defective product,6348.81
R4184,O552003,C111038,P2024,2025-03-21,Not as described,3171.2
R4185,O503226,C107674,P2198,2025-09-13,Not Specified,32072.49
R4186,O537569,C103076,P2280,2025-11-30,Wrong item delivered,3007.06
R4187,O518260,C108676,P2766,2024-11-20,Not as described,13461.45
R4188,O515151,C101268,P2176,2025-09-22,Not as described,4508.59
R4189,O537170,C110745,P2085,2025-11-21,Defective product,15431.91
R4190,O523653,C104235,P2546,2024-10-20,Late delivery,5055.49
R4191,O521124,C100759,P2190,2025-11-20,Defective product,6825.39
R4192,O507051,C100725,P2553,2025-04-28,Changed my mind,11162.22
R4193,O513828,C100063,P2320,2023-04-07,Damaged in transit,1500.81
R4194,O516114,C100032,P2318,2025-10-03,Not as described,9862.52
R4195,O541347,C114360,P2665,2025-10-12,Changed my mind,8422.96
R4196,O536543,C101536,P2076,2023-11-27,Size issue,4987.54
R4197,O545926,C101256,P2032,2024-10-15,Changed my mind,11515.29
R4198,O510311,C111708,P2014,2025-11-27,Size issue,4487.5
R4199,O507355,C106284,P2660,2025-08-02,Not as described,1231.24
R4200,O501495,C110030,P2178,2025-08-24,Size issue,9418.03
R4201,O500874,C107806,P2532,2025-09-06,Changed my mind,7797.64
R4202,O546098,C106692,P2262,2025-11-27,Wrong item delivered,14057.55
R4203,O557472,C113209,P2635,2025-04-02,Not Specified,4032.29
R4204,O520399,C103778,P2296,2024-10-03,Size issue,2608.05
R4205,O534904,C107791,P2540,2025-12-14,Defective product,10509.3
R4206,O510475,C111833,P2400,2025-10-01,Changed my mind,8502.32
R4207,O546543,C111304,P2033,2026-01-04,Not as described,12825.99
R4208,O555920,C112432,P2037,2025-11-11,Wrong item delivered,6102.35
R4209,O529556,C110848,P2556,2025-12-11,Damaged in transit,4257.83
R4210,O545545,C108383,P2594,2025-05-09,Not Specified,16080.44
R4211,O551690,C105029,P2673,2024-04-06,Better price found elsewhere,9867.53
R4212,O537042,C105207,P2284,2024-11-26,Damaged in transit,12564.18
R4213,O543821,C102041,P2121,2025-12-09,Wrong item delivered,16575.91
R4214,O538960,C108329,P2632,2025-07-19,Better price found elsewhere,14413.12
R4215,O538681,C114576,P2072,2023-11-14,Defective product,5164.17
R4216,O522141,C110489,P2405,2024-08-28,Size issue,11960.8
R4217,O504056,C110974,P2456,2025-06-01,Late delivery,2436.32
R4218,O506929,C105765,P2527,2025-11-17,Defective product,14317.32
R4219,O557031,C110051,P2774,2026-01-11,Better price found elsewhere,6265.74
R4220,O544903,C113168,P2056,2024-02-23,Late delivery,780.06
R4221,O543893,C104808,P2756,2025-09-25,Size issue,19549.68
R4222,O512929,C103880,P2417,2023-07-30,Damaged in transit,14512.68
R4223,O555871,C114839,P2193,2024-10-29,Damaged in transit,6019.68
R4224,O543608,C105064,P2735,2025-10-23,Changed my mind,8253.26
R4225,O529743,C100666,P2547,2025-09-06,Wrong item delivered,8330.14
R4226,O520849,C105172,P2649,2025-03-18,Wrong item delivered,1266.38
R4227,O541473,C113291,P2207,2024-12-28,Changed my mind,14714.23
R4228,O545257,C110943,P2635,2025-09-26,Not as described,3630.7
R4229,O542062,C105894,P2427,2026-01-05,Not as described,13509.02
R4230,O537427,C100927,P2181,2025-03-14,Changed my mind,12298.36
R4231,O525431,C113955,P2250,2025-12-21,Defective product,6495.98
R4232,O533035,C109235,P2724,2025-10-10,Late delivery,8379.88
R4233,O511565,C103189,P2457,2025-09-20,Size issue,12809.36
R4234,O522448,C113159,P2386,2024-12-16,Damaged in transit,2849.72
R4235,O541774,C102561,P2606,2025-04-14,Not Specified,22018.18
R4236,O558749,C101593,P2436,2025-11-21,Damaged in transit,9829.97
R4237,O532608,C109303,P2470,2025-11-03,Wrong item delivered,4308.13
R4238,O554770,C104332,P2047,2025-07-01,Late delivery,4459.11
R4239,O506341,C114684,P2359,2024-12-03,Not as described,4367.33
R4240,O512884,C103619,P2762,2025-05-18,Changed my mind,12339.27
R4241,O502535,C111070,P2731,2026-01-10,Changed my mind,648.37
R4242,O500383,C102431,P2662,2024-03-31,Not Specified,6780.92
R4243,O557636,C112330,P2244,2025-03-27,Wrong item delivered,14223.97
R4244,O550742,C104189,P2343,2025-08-01,Wrong item delivered,6902.49
R4245,O546068,C111232,P2784,2025-12-17,Size issue,4501.35
R4246,O515681,C111159,P2217,2025-07-10,Changed my mind,2969.12
R4247,O522531,C101515,P2670,2025-10-12,Not as described,14820.67
R4248,O502727,C100341,P2402,2025-07-26,Not Specified,6762.92
R4249,O504970,C113652,P2774,2025-06-23,Size issue,6949.7
R4250,O552793,C109980,P2373,2025-01-05,Defective product,11789.16
R4251,O546557,C113687,P2061,2025-11-29,Changed my mind,6081.82
R4252,O533194,C107667,P2520,2024-12-24,Damaged in transit,15031.76
R4253,O540548,C105212,P2615,2025-06-02,Defective product,16537.89
R4254,O512720,C104930,P2651,2025-11-11,Defective product,2311.06
R4255,O533198,C112138,P2477,2025-04-30,Better price found elsewhere,9919.22
R4256,O538735,C106884,P2128,2025-07-28,Late delivery,15866.93
R4257,O543777,C104890,P2560,2024-09-11,Damaged in transit,8465.03
R4258,O502436,C100260,P2398,2025-11-18,Damaged in transit,15929.32
R4259,O547955,C100539,P2228,2025-01-26,Size issue,7426.44
R4260,O536512,C103721,P2185,2025-12-31,Not as described,12824.51
R4261,O538725,C110491,P2105,2023-06-30,Not Specified,3247.1
R4262,O533787,C103410,P2588,2024-04-15,Changed my mind,1471.81
R4263,O532198,C100482,P2133,2025-01-11,Not Specified,4400.83
R4264,O552633,C102912,P2398,2023-11-01,Changed my mind,14737.45
R4265,O520812,C106307,P2602,2025-11-11,Changed my mind,21084.44
R4266,O527351,C102737,P2126,2025-04-19,Not Specified,8003.15
R4267,O556872,C107771,P2313,2025-08-13,Better price found elsewhere,25339.43
R4268,O545210,C108299,P2075,2024-10-18,Size issue,7651.7
R4269,O503917,C108088,P2459,2025-09-01,Changed my mind,13502.54
R4270,O540068,C101466,P2012,2025-06-27,Defective product,8710.46
R4271,O519868,C113039,P2215,2025-04-23,Not Specified,11570.79
R4272,O535212,C114566,P2433,2025-07-08,Late delivery,278.26
R4273,O558554,C112812,P2308,2023-12-17,Defective product,18240.02
R4274,O547496,C100353,P2153,2025-12-06,Not as described,13782.18
R4275,O547395,C105061,P2673,2025-08-14,Wrong item delivered,2938.13
R4276,O531647,C106902,P2421,2025-12-29,Size issue,10185.57
R4277,O555068,C107755,P2446,2025-07-31,Not as described,13129.4
R4278,O514899,C105035,P2565,2026-01-12,Wrong item delivered,11367.26
R4279,O550242,C100802,P2266,2025-03-29,Defective product,13408.52
R4280,O503525,C107574,P2675,2025-02-25,Not as described,4767.81
R4281,O521602,C106400,P2650,2025-12-04,Not Specified,5898.16
R4282,O527454,C102959,P2642,2024-09-19,Not Specified,4078.31
R4283,O542157,C107405,P2666,2025-07-01,Not Specified,0.0
R4284,O507361,C113242,P2667,2025-08-08,Size issue,7820.44
R4285,O540234,C113044,P2384,2025-09-24,Defective product,6442.78
R4286,O507141,C106056,P2551,2025-11-04,Defective product,6096.74
R4287,O552236,C106090,P2641,2024-12-05,Size issue,6176.75
R4288,O540389,C103133,P2307,2025-02-28,Damaged in transit,4061.42
R4289,O512641,C111292,P2614,2025-08-30,Not as described,6049.02
R4290,O524427,C101896,P2776,2025-10-19,Damaged in transit,12971.73
R4291,O504877,C112407,P2135,2024-04-25,Late delivery,14943.31
R4292,O515562,C108939,P2634,2024-04-01,Damaged in transit,8067.71
R4293,O505590,C112829,P2264,2026-01-24,Wrong item delivered,5737.59
R4294,O531313,C107178,P2663,2026-01-01,Damaged in transit,15495.44
R4295,O525791,C112131,P2570,2025-12-23,Not Specified,9418.38
R4296,O542252,C105043,P2619,2025-11-28,Better price found elsewhere,15763.91
R4297,O514135,C114696,P2170,2025-12-08,Size issue,14494.29
R4298,O522991,C109218,P2745,2025-11-27,Late delivery,15237.27
R4299,O533796,C108340,P2081,2025-03-08,Not Specified,220.07
R4300,O556525,C109706,P2350,2024-05-30,Damaged in transit,2551.9
R4301,O555431,C111020,P2660,2025-02-09,Damaged in transit,1213.61
R4302,O502925,C108965,P2371,2025-05-23,Late delivery,3594.46
R4303,O519159,C100769,P2031,2026-01-19,Changed my mind,9161.79
R4304,O540133,C111939,P2057,2025-09-25,Wrong item delivered,20494.17
R4305,O516242,C110208,P2405,2024-07-20,Changed my mind,12152.85
R4306,O546608,C106776,P2671,2025-05-04,Changed my mind,42490.51
R4307,O558780,C102298,P2744,2025-06-28,Wrong item delivered,9262.81
R4308,O521482,C100395,P2241,2025-10-02,Defective product,11033.07
R4309,O550631,C111033,P2596,2025-08-24,Changed my mind,5703.29
R4310,O511397,C111994,P2060,2025-11-23,Better price found elsewhere,1768.46
R4311,O500440,C104902,P2689,2025-10-25,Late delivery,14137.69
R4312,O545465,C104451,P2411,2025-01-09,Wrong item delivered,3576.36
R4313,O522304,C111121,P2549,2026-01-03,Better price found elsewhere,16611.22
R4314,O505469,C105696,P2466,2025-10-26,Damaged in transit,6526.51
R4315,O532853,C113984,P2350,2025-08-06,Better price found elsewhere,1149.25
R4316,O511854,C102241,P2458,2025-08-02,Size issue,8141.68
R4317,O543459,C103945,P2457,2025-12-27,Size issue,11088.8
R4318,O536442,C107747,P2258,2023-05-26,Late delivery,9303.72
R4319,O543570,C108503,P2453,2025-11-15,Wrong item delivered,37872.56
R4320,O536511,C102381,P2115,2023-12-07,Size issue,12878.12
R4321,O536278,C113657,P2188,2024-07-29,Late delivery,7794.02
R4322,O515410,C100459,P2019,2025-10-16,Not Specified,16511.49
R4323,O558766,C112407,P2096,2025-10-17,Defective product,5780.55
R4324,O507430,C103559,P2653,2025-01-24,Changed my mind,5613.91
R4325,O551728,C113083,P2499,2025-07-21,Wrong item delivered,13734.69
R4326,O513105,C112946,P2715,2025-10-23,Changed my mind,16621.1
R4327,O546306,C103031,P2634,2025-12-28,Better price found elsewhere,7999.52
R4328,O547627,C105862,P2585,2025-03-09,Damaged in transit,17813.39
R4329,O509851,C103936,P2417,2024-11-29,Late delivery,43282.52
R4330,O519457,C100501,P2155,2023-11-25,Changed my mind,6234.42
R4331,O546779,C112845,P2287,2024-12-06,Changed my mind,10814.59
R4332,O513794,C103190,P2629,2026-01-01,Wrong item delivered,13745.35
R4333,O521042,C114230,P2224,2025-05-25,Better price found elsewhere,12791.97
R4334,O527559,C113766,P2702,2024-02-27,Size issue,14224.33
R4335,O509054,C100386,P2177,2025-02-09,Better price found elsewhere,13495.74
R4336,O513446,C105796,P2772,2025-12-05,Size issue,11956.57
R4337,O508412,C109060,P2311,2025-07-11,Wrong item delivered,8918.46
R4338,O548590,C113031,P2448,2025-12-18,Damaged in transit,13125.33
R4339,O531043,C101289,P2442,2025-09-28,Not as described,8774.21
R4340,O515258,C103324,P2072,2025-11-08,Changed my mind,5515.74
R4341,O508345,C103000,P2377,2025-10-12,Not Specified,16836.56
R4342,O528326,C106251,P2015,2025-08-12,Not as described,5325.97
R4343,O520538,C106948,P2314,2025-12-17,Defective product,10826.59
R4344,O524090,C112261,P2185,2025-02-09,Better price found elsewhere,13384.78
R4345,O518834,C113855,P2164,2026-01-17,Changed my mind,13418.7
R4346,O540769,C105643,P2496,2023-10-31,Size issue,4496.37
R4347,O523508,C106258,P2066,2025-03-16,Changed my mind,1751.24
R4348,O530510,C112960,P2023,2025-03-12,Damaged in transit,6559.59
R4349,O558096,C101533,P2367,2026-01-03,Defective product,12359.56
R4350,O509459,C102227,P2267,2025-05-28,Not as described,4839.33
R4351,O555463,C105154,P2616,2025-04-11,Size issue,13908.74
R4352,O548988,C104509,P2700,2024-09-19,Not as described,3823.66
R4353,O520511,C110600,P2068,2025-05-08,Wrong item delivered,13865.7
R4354,O553642,C104223,P2731,2025-12-07,Wrong item delivered,690.47
R4355,O557120,C102497,P2669,2024-05-06,Wrong item delivered,3973.48
R4356,O538118,C111877,P2663,2025-04-05,Size issue,28456.11
R4357,O502973,C111323,P2722,2025-06-22,Not Specified,12346.71
R4358,O524357,C111940,P2086,2025-11-12,Changed my mind,17291.26
R4359,O504909,C104445,P2039,2025-12-01,Not as described,9225.29
R4360,O542109,C114621,P2514,2025-08-13,Not as described,1370.28
R4361,O513869,C104454,P2108,2026-01-02,Size issue,8326.39
R4362,O544910,C107843,P2066,2023-11-19,Not Specified,1736.69
R4363,O544352,C111835,P2405,2025-09-04,Defective product,12749.54
R4364,O519338,C109122,P2787,2025-06-17,Better price found elsewhere,15157.24
R4365,O546735,C101810,P2586,2025-05-09,Not as described,5227.15
R4366,O559418,C113836,P2385,2026-01-05,Damaged in transit,3781.31
R4367,O557339,C104175,P2423,2025-04-15,Late delivery,14794.48
R4368,O533198,C112138,P2745,2025-04-21,Size issue,17842.17
R4369,O544109,C108352,P2061,2025-12-13,Changed my mind,19780.63
R4370,O508955,C104919,P2692,2026-01-20,Not as described,13300.28
R4371,O515562,C108939,P2311,2024-03-05,Not as described,8954.24
R4372,O523849,C112813,P2682,2024-09-24,Damaged in transit,5602.67
R4373,O543238,C100232,P2004,2025-08-28,Not Specified,31039.61
R4374,O509594,C104972,P2273,2024-03-26,Not as described,12589.58
R4375,O543727,C103828,P2774,2025-04-26,Wrong item delivered,6656.87
R4376,O532808,C103235,P2159,2024-04-30,Defective product,3908.13
R4377,O545942,C104115,P2611,2025-09-10,Not as described,3181.61
R4378,O519753,C100135,P2679,2023-05-23,Damaged in transit,4310.48
R4379,O550961,C113879,P2745,2025-03-22,Changed my mind,15220.01
R4380,O523177,C112845,P2749,2025-02-05,Wrong item delivered,7778.51
R4381,O511124,C109746,P2404,2024-07-02,Not as described,8608.64
R4382,O543257,C112106,P2469,2023-07-15,Not as described,97.92
R4383,O525270,C112361,P2757,2025-03-04,Changed my mind,6857.58
R4384,O557695,C110548,P2440,2025-08-16,Wrong item delivered,18827.26
R4385,O508753,C101289,P2339,2024-04-24,Late delivery,16931.64
R4386,O506306,C102570,P2576,2025-12-18,Changed my mind,10042.97
R4387,O547331,C109641,P2702,2026-01-03,Not as described,17663.95
R4388,O548458,C106892,P2575,2025-12-01,Damaged in transit,5271.97
R4389,O540385,C114265,P2491,2026-01-05,Wrong item delivered,28420.15
R4390,O533013,C109724,P2367,2025-12-28,Defective product,11291.69
R4391,O526589,C110448,P2124,2025-11-17,Better price found elsewhere,13695.9
R4392,O541435,C111809,P2603,2025-05-11,Damaged in transit,11613.08
R4393,O503119,C113632,P2312,2024-06-30,Late delivery,13243.52
R4394,O501355,C103559,P2172,2025-05-04,Not Specified,10785.85
R4395,O522897,C112654,P2059,2025-03-08,Defective product,3263.8
R4396,O523737,C114750,P2172,2024-07-31,Size issue,11591.6
R4397,O540426,C111315,P2027,2025-06-08,Not Specified,11391.69
R4398,O514288,C107620,P2283,2023-03-26,Changed my mind,5713.84
R4399,O526575,C103176,P2096,2024-02-04,Better price found elsewhere,5453.51
R4400,O540065,C100250,P2204,2024-11-30,Late delivery,7548.96
R4401,O530705,C113283,P2224,2025-07-16,Size issue,12079.23
R4402,O525833,C106735,P2220,2025-11-02,Late delivery,757.65
R4403,O540347,C105854,P2735,2024-11-22,Size issue,8088.85
R4404,O511097,C109039,P2654,2024-07-05,Better price found elsewhere,5818.18
R4405,O508958,C112114,P2374,2025-10-17,Damaged in transit,1435.46
R4406,O530133,C112781,P2095,2024-09-11,Late delivery,14239.55
R4407,O517619,C103577,P2529,2025-03-15,Changed my mind,4991.31
R4408,O525845,C100774,P2215,2025-02-11,Better price found elsewhere,24074.91
R4409,O531419,C106537,P2558,2026-01-01,Not as described,3393.96
R4410,O510071,C103401,P2556,2025-10-19,Wrong item delivered,3787.0
R4411,O541357,C101532,P2515,2025-02-13,Late delivery,16870.41
R4412,O559176,C102101,P2045,2025-12-01,Not as described,16473.94
R4413,O512491,C101230,P2498,2025-12-12,Better price found elsewhere,16953.63
R4414,O516266,C114433,P2437,2025-04-07,Wrong item delivered,21435.28
R4415,O555942,C109744,P2180,2025-12-30,Wrong item delivered,12651.33
R4416,O558117,C102524,P2381,2023-10-19,Better price found elsewhere,15645.51
R4417,O547057,C100290,P2431,2026-01-18,Damaged in transit,2413.37
R4418,O544536,C104396,P2540,2025-10-12,Defective product,12964.44
R4419,O553895,C101031,P2527,2023-12-10,Late delivery,16821.71
R4420,O537056,C113101,P2054,2024-09-03,Better price found elsewhere,418.2
R4421,O552052,C110801,P2730,2025-12-12,Changed my mind,12309.4
R4422,O500605,C103428,P2184,2023-04-05,Damaged in transit,3229.58
R4423,O503512,C114103,P2387,2023-04-24,Defective product,6065.08
R4424,O545297,C111689,P2732,2023-10-20,Changed my mind,30750.4
R4425,O538840,C108736,P2652,2025-01-11,Better price found elsewhere,11255.43
R4426,O501701,C103701,P2387,2024-10-19,Not as described,6462.73
R4427,O503677,C109363,P2385,2025-11-04,Wrong item delivered,3980.24
R4428,O557570,C101146,P2455,2025-04-08,Damaged in transit,2048.33
R4429,O555092,C109982,P2390,2024-04-29,Changed my mind,14531.09
R4430,O522685,C114552,P2149,2025-12-12,Better price found elsewhere,7253.36
R4431,O514412,C113904,P2664,2026-01-09,Not Specified,4905.07
R4432,O526924,C109248,P2632,2025-02-15,Wrong item delivered,11014.91
R4433,O531457,C113176,P2586,2025-07-22,Changed my mind,16397.53
R4434,O555440,C100595,P2658,2025-06-22,Defective product,19159.36
R4435,O551198,C102549,P2456,2025-09-22,Size issue,2845.21
R4436,O552570,C114402,P2524,2024-12-28,Better price found elsewhere,2797.94
R4437,O521167,C110520,P2164,2025-07-08,Damaged in transit,13390.98
R4438,O554954,C107777,P2316,2025-05-29,Changed my mind,10845.43
R4439,O512339,C102435,P2075,2024-12-12,Not as described,22629.11
R4440,O503584,C113948,P2142,2025-04-02,Changed my mind,4558.05
R4441,O554440,C111530,P2375,2025-11-01,Not as described,11615.38
R4442,O531508,C108728,P2383,2025-12-19,Wrong item delivered,14115.99
R4443,O545112,C108076,P2033,2023-11-18,Defective product,11900.49
R4444,O559452,C109454,P2631,2024-12-03,Damaged in transit,2557.01
R4445,O516540,C114131,P2072,2025-06-08,Defective product,5221.7
R4446,O519530,C102333,P2084,2024-07-13,Wrong item delivered,16168.8
R4447,O558501,C100541,P2138,2024-10-05,Changed my mind,7594.15
R4448,O545238,C103175,P2273,2025-11-17,Damaged in transit,13575.26
R4449,O519657,C109087,P2510,2025-12-23,Size issue,3879.99
R4450,O523574,C101753,P2055,2025-08-25,Not Specified,6852.96
R4451,O523662,C101456,P2006,2025-12-01,Better price found elsewhere,8024.89
R4452,O525509,C103885,P2131,2025-11-16,Size issue,2106.4
R4453,O553601,C104856,P2722,2025-10-15,Late delivery,36347.94
R4454,O521833,C105575,P2232,2025-04-01,Late delivery,2269.41
R4455,O503714,C107884,P2257,2025-12-10,Late delivery,3478.27
R4456,O542818,C103578,P2275,2025-02-16,Not as described,1605.38
R4457,O526227,C102828,P2321,2025-07-20,Better price found elsewhere,15435.26
R4458,O558800,C107171,P2368,2025-08-11,Size issue,13700.81
R4459,O521306,C103308,P2244,2024-01-17,Not as described,12945.36
R4460,O556523,C100129,P2726,2025-10-06,Size issue,2077.71
R4461,O509131,C111315,P2557,2024-02-25,Size issue,23413.6
R4462,O550601,C102176,P2014,2025-06-19,Defective product,3757.81
R4463,O507387,C114876,P2151,2023-08-02,Changed my mind,12177.29
R4464,O541573,C106454,P2324,2025-12-17,Size issue,8204.88
R4465,O542060,C111328,P2769,2025-02-18,Defective product,9888.36
R4466,O523442,C106286,P2319,2026-01-03,Not Specified,14515.87
R4467,O513085,C102233,P2497,2025-01-06,Not as described,17087.92
R4468,O523468,C112165,P2230,2025-10-17,Not Specified,17216.65
R4469,O524424,C107917,P2687,2024-08-01,Wrong item delivered,2618.31
R4470,O559519,C112721,P2204,2024-12-17,Wrong item delivered,6390.47
R4471,O536988,C100578,P2030,2025-07-23,Not as described,9414.3
R4472,O534027,C107952,P2373,2025-12-31,Not as described,12507.41
R4473,O549975,C107771,P2693,2025-08-20,Changed my mind,7745.15
R4474,O512290,C108659,P2080,2025-02-15,Defective product,3867.54
R4475,O507412,C111098,P2039,2025-10-04,Changed my mind,17621.62
R4476,O540520,C111495,P2640,2024-10-02,Wrong item delivered,15618.71
R4477,O558404,C108181,P2217,2025-01-31,Changed my mind,3363.62
R4478,O538295,C111692,P2754,2025-11-01,Better price found elsewhere,3744.25
R4479,O507378,C105789,P2609,2025-12-04,Size issue,6267.4
R4480,O503518,C111669,P2289,2024-01-09,Not as described,1301.23
R4481,O528365,C102738,P2162,2025-09-25,Changed my mind,9548.07
R4482,O512932,C102848,P2507,2025-08-02,Better price found elsewhere,496.07
R4483,O516803,C106437,P2619,2025-12-22,Not Specified,4675.72
R4484,O515315,C108965,P2162,2024-01-29,Not Specified,10390.56
R4485,O511878,C113550,P2529,2025-12-04,Better price found elsewhere,5599.2
R4486,O537309,C109495,P2047,2025-10-08,Defective product,5201.4
R4487,O549455,C106585,P2011,2025-03-23,Better price found elsewhere,17542.57
R4488,O542859,C107602,P2315,2025-11-07,Size issue,13822.68
R4489,O534548,C110623,P2378,2024-10-26,Changed my mind,8958.66
R4490,O506915,C106902,P2675,2025-05-16,Changed my mind,4893.15
R4491,O507916,C107417,P2151,2025-01-21,Not as described,13185.36
R4492,O549991,C114328,P2090,2024-03-14,Size issue,9820.31
R4493,O508408,C107434,P2572,2026-01-05,Defective product,14358.38
R4494,O504437,C105947,P2161,2025-05-31,Late delivery,12950.82
R4495,O551295,C103070,P2015,2024-12-25,Damaged in transit,5410.37
R4496,O542870,C114149,P2165,2025-01-08,Changed my mind,2269.11
R4497,O529759,C108324,P2628,2025-09-06,Damaged in transit,7596.21
R4498,O511635,C111442,P2235,2024-11-25,Not as described,8137.96
R4499,O533990,C111068,P2225,2024-04-04,Damaged in transit,1499.56
R4500,O559044,C113280,P2408,2025-07-06,Size issue,14914.48
R4501,O533237,C111693,P2478,2025-11-05,Damaged in transit,7312.6
R4502,O548439,C113258,P2773,2025-10-13,Better price found elsewhere,6336.06
R4503,O545856,C102571,P2354,2025-11-04,Not Specified,6277.85
R4504,O547747,C100401,P2559,2025-05-18,Changed my mind,6400.04
R4505,O557289,C105778,P2077,2024-02-20,Defective product,13003.22
R4506,O536117,C112984,P2109,2025-11-25,Damaged in transit,1572.25
R4507,O548335,C109899,P2230,2024-11-01,Size issue,16031.97
R4508,O548919,C108157,P2702,2025-07-15,Changed my mind,15825.32
R4509,O519645,C102466,P2280,2025-03-20,Wrong item delivered,2572.72
R4510,O503472,C103218,P2719,2025-08-17,Late delivery,180.57
R4511,O535570,C101066,P2252,2024-10-13,Changed my mind,995.15
R4512,O521878,C112734,P2537,2024-10-04,Late delivery,2890.4
R4513,O510939,C102688,P2220,2025-09-05,Late delivery,715.96
R4514,O532358,C100011,P2132,2025-07-14,Changed my mind,11904.86
R4515,O545061,C111564,P2282,2024-01-06,Changed my mind,8531.23
R4516,O517584,C107216,P2642,2025-09-30,Not Specified,4023.19
R4517,O528162,C114213,P2238,2025-10-30,Size issue,8911.47
R4518,O546098,C106692,P2075,2025-12-08,Damaged in transit,8160.15
R4519,O550931,C108676,P2484,2024-01-01,Defective product,3687.69
R4520,O554271,C111250,P2446,2025-08-31,Not as described,13538.39
R4521,O502049,C111722,P2243,2025-05-13,Wrong item delivered,16457.81
R4522,O535953,C113184,P2150,2025-07-14,Size issue,8023.37
R4523,O555734,C104681,P2559,2025-11-12,Better price found elsewhere,5917.91
R4524,O510512,C109171,P2412,2025-11-21,Not as described,3580.69
R4525,O525804,C105564,P2704,2023-09-20,Defective product,1644.38
R4526,O526049,C109429,P2375,2023-11-02,Changed my mind,13171.33
R4527,O515113,C112793,P2765,2025-02-03,Size issue,5248.56
R4528,O516656,C106476,P2208,2025-07-16,Wrong item delivered,756.65
R4529,O527767,C102089,P2783,2025-03-09,Not as described,14102.13
R4530,O552989,C104115,P2554,2025-12-25,Not as described,14826.04
R4531,O507586,C106447,P2594,2025-02-20,Size issue,18388.25
R4532,O531715,C103708,P2283,2025-08-19,Changed my mind,5608.04
R4533,O519315,C107089,P2285,2025-04-02,Changed my mind,32859.74
R4534,O519620,C106657,P2016,2025-12-06,Damaged in transit,8727.56
R4535,O519947,C108930,P2633,2025-07-16,Late delivery,10852.74
R4536,O503184,C107704,P2277,2025-04-07,Not Specified,11064.98
R4537,O516665,C111707,P2475,2025-10-19,Late delivery,4794.04
R4538,O559174,C106585,P2438,2025-08-05,Wrong item delivered,8420.48
R4539,O538190,C112262,P2710,2025-03-18,Size issue,846.94
R4540,O557297,C111290,P2001,2024-09-16,Better price found elsewhere,9842.13
R4541,O538236,C103766,P2268,2025-12-29,Defective product,14810.62
R4542,O517802,C103636,P2213,2024-06-09,Damaged in transit,16340.02
R4543,O548450,C112249,P2798,2025-12-19,Late delivery,16796.58
R4544,O542252,C105043,P2196,2025-11-11,Better price found elsewhere,12890.64
R4545,O525465,C107908,P2140,2025-05-19,Changed my mind,4066.47
R4546,O543459,C103945,P2739,2025-12-25,Changed my mind,23336.44
R4547,O535459,C110868,P2777,2026-01-20,Damaged in transit,1817.67
R4548,O515690,C114478,P2661,2024-10-31,Damaged in transit,4432.74
R4549,O512466,C104035,P2268,2025-09-28,Size issue,16102.49
R4550,O541424,C103459,P2670,2025-11-03,Not Specified,14529.38
R4551,O539149,C112970,P2488,2025-02-14,Size issue,13245.14
R4552,O540235,C109104,P2626,2024-05-13,Damaged in transit,3471.7
R4553,O523888,C100878,P2551,2025-08-17,Late delivery,6152.44
R4554,O510658,C101081,P2229,2025-06-18,Not Specified,6454.18
R4555,O546123,C109771,P2750,2024-01-18,Not Specified,7797.19
R4556,O553478,C114234,P2619,2025-11-13,Defective product,4722.05
R4557,O513439,C108852,P2079,2025-09-08,Defective product,7373.18
R4558,O556987,C107297,P2642,2024-12-17,Size issue,4109.52
R4559,O535810,C106005,P2782,2025-08-28,Late delivery,1874.33
R4560,O510075,C114472,P2672,2024-02-20,Size issue,1486.58
R4561,O550262,C102432,P2352,2025-04-08,Size issue,13930.05
R4562,O515166,C110455,P2104,2024-03-01,Not as described,10942.17
R4563,O551712,C111232,P2686,2025-12-03,Damaged in transit,10618.5
R4564,O520844,C102164,P2199,2025-12-02,Defective product,15756.44
R4565,O509179,C106140,P2564,2025-12-25,Not as described,9785.9
R4566,O554648,C110137,P2296,2024-06-27,Not as described,2105.71
R4567,O554285,C101234,P2203,2025-11-11,Damaged in transit,13587.19
R4568,O537127,C108286,P2184,2025-11-26,Late delivery,4272.73
R4569,O524862,C103980,P2135,2024-05-15,Not as described,16524.85
R4570,O502865,C111500,P2016,2025-10-24,Damaged in transit,9664.26
R4571,O500374,C114055,P2013,2025-03-21,Size issue,34370.35
R4572,O534204,C108483,P2751,2025-10-02,Late delivery,4299.56
R4573,O513336,C114157,P2450,2023-06-21,Not Specified,2386.35
R4574,O509245,C108328,P2796,2023-12-22,Better price found elsewhere,15023.22
R4575,O545660,C102200,P2112,2025-07-15,Not as described,11138.61
R4576,O519564,C103410,P2216,2023-10-23,Not as described,4053.5
R4577,O506534,C113760,P2732,2025-09-29,Defective product,17009.62
R4578,O514443,C104581,P2308,2024-09-10,Better price found elsewhere,15244.64
R4579,O530837,C111386,P2064,2023-12-13,Size issue,0.0
R4580,O529903,C103865,P2029,2026-01-16,Size issue,12388.15
R4581,O525733,C113823,P2317,2024-09-10,Defective product,7130.33
R4582,O545515,C110143,P2546,2025-02-06,Late delivery,5967.3
R4583,O517551,C112456,P2103,2025-01-03,Not Specified,12259.65
R4584,O500888,C106955,P2215,2025-11-10,Size issue,10997.52
R4585,O558903,C103404,P2469,2025-12-03,Late delivery,88.19
R4586,O511516,C107777,P2464,2024-06-07,Not Specified,16949.65
R4587,O553942,C110509,P2082,2025-09-11,Size issue,14275.59
R4588,O527310,C112589,P2429,2024-05-28,Not Specified,8466.17
R4589,O532328,C114425,P2072,2025-04-26,Wrong item delivered,5153.82
R4590,O509766,C106031,P2736,2025-03-14,Size issue,11386.37
R4591,O552678,C107466,P2636,2025-09-22,Not as described,8335.14
R4592,O548605,C114866,P2342,2025-10-29,Late delivery,32874.27
R4593,O538826,C113046,P2323,2025-10-30,Not Specified,9983.14
R4594,O541040,C101329,P2629,2024-04-10,Defective product,13875.35
R4595,O524346,C109828,P2524,2023-06-01,Not Specified,2523.19
R4596,O537351,C106805,P2214,2025-11-24,Changed my mind,17247.25
R4597,O548406,C100558,P2575,2025-07-28,Not as described,5921.57
R4598,O522003,C107970,P2659,2025-10-10,Better price found elsewhere,11864.53
R4599,O548536,C101576,P2423,2024-09-23,Changed my mind,14229.33
R4600,O500768,C108000,P2373,2025-12-21,Changed my mind,11628.13
R4601,O535270,C114933,P2224,2024-12-22,Changed my mind,24744.41
R4602,O537366,C102759,P2599,2025-12-26,Damaged in transit,14550.95
R4603,O501943,C106987,P2481,2026-01-12,Damaged in transit,16255.24
R4604,O529996,C100940,P2798,2025-01-04,Not as described,16071.84
R4605,O520594,C100534,P2106,2023-07-14,Not Specified,12276.63
R4606,O517684,C108705,P2694,2024-02-10,Damaged in transit,17308.69
R4607,O546478,C106603,P2318,2024-11-12,Better price found elsewhere,11347.72
R4608,O527830,C104708,P2022,2025-07-05,Wrong item delivered,7922.54
R4609,O508920,C103359,P2721,2025-10-10,Not Specified,4817.91
R4610,O505885,C109212,P2501,2024-11-24,Better price found elsewhere,5454.8
R4611,O505776,C107814,P2540,2025-08-10,Damaged in transit,11287.36
R4612,O523156,C110722,P2004,2024-11-30,Better price found elsewhere,12681.12
R4613,O514344,C109690,P2141,2025-09-13,Changed my mind,658.35
R4614,O524988,C110163,P2361,2025-11-07,Late delivery,9648.89
R4615,O527529,C114372,P2579,2025-10-14,Not as described,762.91
R4616,O548192,C107938,P2242,2026-01-08,Size issue,15096.33
R4617,O537547,C100459,P2242,2025-10-07,Late delivery,14850.33
R4618,O512393,C100439,P2797,2024-09-19,Wrong item delivered,14996.91
R4619,O514780,C107195,P2046,2025-11-03,Size issue,14542.85
R4620,O553655,C111823,P2565,2025-10-19,Defective product,5722.37
R4621,O544708,C108278,P2426,2025-09-04,Defective product,7618.34
R4622,O540060,C105068,P2316,2024-10-27,Wrong item delivered,14241.76
R4623,O509355,C112612,P2443,2025-12-11,Defective product,1983.82
R4624,O513869,C104454,P2227,2025-12-18,Wrong item delivered,6109.3
R4625,O553796,C102423,P2519,2026-01-09,Defective product,9648.41
R4626,O530701,C100038,P2087,2025-05-25,Size issue,7620.81
R4627,O513630,C109620,P2265,2024-12-06,Not Specified,8195.74
R4628,O545852,C106623,P2581,2026-01-18,Not Specified,4599.39
R4629,O547617,C114258,P2431,2025-03-04,Damaged in transit,2670.82
R4630,O502954,C108577,P2714,2025-06-19,Not Specified,12549.35
R4631,O512319,C106191,P2091,2025-12-24,Not as described,1616.64
R4632,O553377,C114863,P2008,2025-12-21,Damaged in transit,7727.89
R4633,O537621,C111061,P2390,2025-09-23,Changed my mind,13416.39
R4634,O531251,C110793,P2052,2025-05-29,Not as described,1720.69
R4635,O501311,C105469,P2059,2025-07-23,Not as described,3321.9
R4636,O544456,C112383,P2006,2026-01-22,Wrong item delivered,18592.86
R4637,O551548,C102793,P2237,2026-01-20,Not Specified,4884.17
R4638,O551829,C105154,P2075,2025-07-08,Not Specified,8295.53
R4639,O527163,C109365,P2108,2024-06-17,Defective product,6879.98
R4640,O550324,C111683,P2055,2024-04-23,Not as described,6625.79
R4641,O525180,C114961,P2279,2024-02-25,Not Specified,13520.68
R4642,O523969,C106382,P2523,2023-12-14,Not as described,4013.0
R4643,O501419,C103772,P2076,2026-01-15,Wrong item delivered,5008.16
R4644,O556441,C104287,P2744,2024-07-10,Wrong item delivered,8749.31
R4645,O529743,C100666,P2075,2025-09-18,Not Specified,7867.04
R4646,O543701,C100357,P2225,2025-12-13,Not as described,1475.94
R4647,O537274,C105231,P2690,2024-03-04,Defective product,3640.69
R4648,O543052,C100209,P2766,2025-08-25,Defective product,5561.68
R4649,O508789,C108494,P2191,2026-01-18,Defective product,2058.58
R4650,O518761,C101701,P2601,2025-06-19,Damaged in transit,10739.76
R4651,O511056,C108430,P2420,2025-06-30,Defective product,5061.09
R4652,O531430,C101127,P2321,2025-06-11,Changed my mind,14253.25
R4653,O501129,C102002,P2658,2025-12-29,Not Specified,19824.83
R4654,O509956,C102947,P2059,2025-10-08,Not as described,2866.16
R4655,O514401,C109702,P2748,2025-09-20,Not Specified,2473.67
R4656,O515848,C104492,P2494,2025-01-29,Changed my mind,2972.07
R4657,O547656,C103094,P2204,2025-12-27,Not Specified,3224.1
R4658,O540909,C100295,P2300,2023-08-30,Wrong item delivered,4468.25
R4659,O517453,C102273,P2579,2025-01-10,Damaged in transit,859.16
R4660,O538300,C114969,P2326,2025-11-25,Late delivery,1820.78
R4661,O533690,C106638,P2165,2025-05-02,Late delivery,4965.86
R4662,O526460,C100931,P2615,2025-02-27,Size issue,16251.16
R4663,O523530,C103548,P2517,2025-03-21,Wrong item delivered,8108.18
R4664,O538820,C107643,P2271,2025-07-21,Defective product,17732.01
R4665,O519857,C104959,P2383,2025-10-01,Defective product,16961.15
R4666,O515891,C100544,P2545,2026-01-21,Late delivery,7651.16
R4667,O504554,C114188,P2439,2024-07-24,Not Specified,7330.68
R4668,O551340,C104930,P2124,2025-10-07,Defective product,14055.32
R4669,O519350,C111627,P2672,2025-02-25,Not as described,1577.91
R4670,O529720,C103331,P2453,2026-01-16,Wrong item delivered,32103.81
R4671,O553644,C101511,P2416,2025-08-18,Damaged in transit,33356.15
R4672,O540941,C109122,P2564,2025-07-21,Not Specified,9975.88
R4673,O553339,C104779,P2318,2024-02-20,Size issue,9658.91
R4674,O502004,C110703,P2576,2024-10-22,Size issue,10112.22
R4675,O528703,C103377,P2550,2025-12-12,Late delivery,8937.38
R4676,O541344,C111497,P2582,2025-06-14,Not Specified,41543.44
R4677,O500733,C100867,P2595,2025-03-19,Late delivery,9245.82
R4678,O533222,C110776,P2358,2025-02-03,Late delivery,9556.23
R4679,O502051,C109082,P2282,2025-08-15,Wrong item delivered,7537.24
R4680,O551786,C112165,P2098,2025-10-27,Defective product,11880.23
R4681,O506869,C114402,P2093,2024-12-09,Wrong item delivered,11442.17
R4682,O548934,C112795,P2511,2025-09-16,Better price found elsewhere,871.18
R4683,O548838,C101347,P2784,2025-08-22,Damaged in transit,13535.63
R4684,O533723,C110924,P2446,2025-05-04,Damaged in transit,12910.39
R4685,O537958,C109460,P2464,2025-08-30,Better price found elsewhere,17965.98
R4686,O526552,C109953,P2335,2025-04-17,Wrong item delivered,4218.65
R4687,O541326,C106754,P2734,2025-11-02,Not Specified,57066.33
R4688,O515848,C104492,P2476,2025-02-24,Not as described,8566.6
R4689,O547269,C104861,P2682,2024-05-02,Changed my mind,5491.84
R4690,O504122,C103639,P2600,2024-12-20,Defective product,5625.1
R4691,O551108,C102218,P2631,2024-05-21,Not Specified,2680.95
R4692,O556849,C100161,P2445,2025-06-21,Defective product,35041.9
R4693,O525584,C108152,P2502,2025-05-27,Late delivery,15297.3
R4694,O533730,C105305,P2421,2026-01-06,Not Specified,9717.91
R4695,O545612,C104712,P2060,2025-09-11,Size issue,1654.55
R4696,O502981,C101574,P2328,2025-10-04,Wrong item delivered,5168.96
R4697,O551326,C104457,P2146,2024-08-18,Damaged in transit,17703.33
R4698,O553228,C104709,P2027,2023-08-13,Not as described,10904.45
R4699,O521566,C113798,P2021,2025-05-21,Defective product,7608.87
R4700,O530844,C112294,P2061,2025-01-21,Damaged in transit,6238.84
R4701,O535883,C101559,P2571,2024-07-06,Better price found elsewhere,1784.06
R4702,O524897,C113940,P2373,2023-10-30,Better price found elsewhere,12060.51
R4703,O523144,C109039,P2133,2024-06-29,Not as described,4383.19
R4704,O520852,C102978,P2701,2025-10-15,Better price found elsewhere,15373.43
R4705,O500039,C104967,P2482,2025-09-26,Wrong item delivered,10248.68
R4706,O556312,C102424,P2224,2025-11-29,Better price found elsewhere,11861.38
R4707,O501425,C100981,P2230,2025-12-06,Wrong item delivered,16101.34
R4708,O508124,C112665,P2785,2024-03-23,Better price found elsewhere,15663.5
R4709,O530588,C113433,P2698,2025-09-23,Not Specified,11550.97
R4710,O557355,C113782,P2022,2025-02-11,Late delivery,7483.47
R4711,O509646,C108615,P2358,2025-02-07,Not as described,10399.07
R4712,O502296,C110061,P2153,2025-05-24,Defective product,12262.84
R4713,O536620,C114190,P2242,2025-10-28,Not Specified,17796.18
R4714,O506407,C110113,P2553,2025-12-06,Defective product,11924.81
R4715,O551375,C102820,P2336,2024-03-16,Changed my mind,5922.06
R4716,O520851,C114559,P2707,2024-12-19,Late delivery,6183.04
R4717,O544507,C108799,P2262,2024-05-28,Better price found elsewhere,22196.53
R4718,O519836,C109883,P2004,2025-04-09,Size issue,14097.34
R4719,O556791,C112391,P2610,2024-12-24,Damaged in transit,4713.91
R4720,O508469,C100462,P2715,2025-01-03,Late delivery,14163.72
R4721,O512442,C111877,P2177,2025-08-15,Not Specified,13554.03
R4722,O517279,C100562,P2197,2025-03-20,Defective product,9411.16
R4723,O505164,C112607,P2025,2023-11-15,Damaged in transit,24059.92
R4724,O518192,C112025,P2162,2023-11-23,Not as described,10359.03
R4725,O556531,C104057,P2778,2025-04-07,Late delivery,5940.15
R4726,O546014,C110508,P2774,2024-09-09,Late delivery,6178.15
R4727,O537434,C113239,P2158,2025-10-02,Not as described,729.8
R4728,O538328,C104950,P2066,2026-01-01,Damaged in transit,1960.98
R4729,O535817,C100542,P2609,2023-10-13,Defective product,6708.06
R4730,O510123,C105812,P2344,2024-09-23,Changed my mind,15254.81
R4731,O555530,C110312,P2005,2025-11-03,Not as described,11980.42
R4732,O502551,C104825,P2735,2025-01-30,Not as described,8407.47
R4733,O504810,C112049,P2169,2024-05-14,Size issue,1479.02
R4734,O544337,C102419,P2006,2025-05-13,Defective product,7532.28
R4735,O542945,C114891,P2530,2024-10-21,Changed my mind,4747.98
R4736,O526540,C108886,P2757,2025-07-10,Damaged in transit,7564.37
R4737,O531029,C100566,P2517,2025-07-24,Better price found elsewhere,6576.07
R4738,O533444,C106413,P2318,2025-08-20,Defective product,9613.2
R4739,O546305,C104517,P2135,2025-06-13,Changed my mind,17349.64
R4740,O507786,C108721,P2407,2024-12-30,Better price found elsewhere,2515.61
R4741,O525702,C110922,P2664,2025-12-01,Not Specified,5027.47
R4742,O539541,C113029,P2765,2025-03-15,Not Specified,5007.28
R4743,O515268,C110611,P2515,2025-06-10,Changed my mind,29027.18
R4744,O501230,C112931,P2669,2026-01-03,Size issue,4245.38
R4745,O531468,C111282,P2028,2025-08-03,Better price found elsewhere,553.14
R4746,O559711,C111240,P2185,2025-01-26,Damaged in transit,13896.7
R4747,O514330,C102996,P2085,2025-05-26,Changed my mind,12718.43
R4748,O547158,C114380,P2482,2025-03-19,Damaged in transit,9416.82
R4749,O545868,C101945,P2708,2025-08-22,Defective product,15123.69
R4750,O516928,C108402,P2125,2024-11-23,Damaged in transit,5141.88
R4751,O514040,C106270,P2245,2024-08-09,Wrong item delivered,270.06
R4752,O535135,C107616,P2196,2025-09-27,Late delivery,14536.39
R4753,O506458,C104336,P2658,2025-02-22,Wrong item delivered,19494.71
R4754,O539880,C105085,P2035,2025-05-03,Size issue,10994.17
R4755,O530149,C104086,P2636,2024-09-20,Changed my mind,18326.06
R4756,O504680,C103249,P2326,2025-12-21,Late delivery,1621.14
R4757,O504232,C106387,P2530,2025-01-18,Not Specified,3604.86
R4758,O557083,C112019,P2660,2025-06-24,Changed my mind,1092.43
R4759,O528747,C113020,P2558,2025-03-14,Defective product,1604.49
R4760,O519384,C104935,P2797,2025-08-21,Size issue,13902.72
R4761,O535324,C109742,P2558,2025-06-22,Changed my mind,1611.37
R4762,O512203,C110573,P2213,2025-09-10,Size issue,14039.29
R4763,O525711,C114604,P2707,2023-03-23,Damaged in transit,5998.61
R4764,O537150,C104808,P2103,2025-12-13,Damaged in transit,13799.52
R4765,O550345,C107627,P2429,2024-05-17,Defective product,8007.04
R4766,O511556,C108563,P2290,2025-10-30,Damaged in transit,15123.01
R4767,O548696,C114633,P2010,2024-12-26,Not as described,11078.75
R4768,O526953,C107385,P2350,2024-09-02,Better price found elsewhere,1287.74
R4769,O518870,C102889,P2626,2025-06-17,Damaged in transit,3876.13
R4770,O529582,C110220,P2743,2025-10-30,Wrong item delivered,8189.09
R4771,O522465,C110122,P2238,2025-08-07,Damaged in transit,9965.07
R4772,O504927,C101429,P2021,2025-09-18,Late delivery,7810.69
R4773,O516524,C111059,P2357,2024-12-30,Not as described,10809.46
R4774,O556914,C113904,P2142,2025-11-28,Changed my mind,5047.45
R4775,O554731,C109975,P2729,2025-07-29,Better price found elsewhere,2839.52
R4776,O504694,C100745,P2540,2025-11-28,Size issue,12960.82
R4777,O549290,C105313,P2392,2026-01-05,Wrong item delivered,5686.73
R4778,O514184,C106897,P2150,2025-11-25,Wrong item delivered,6755.37
R4779,O510998,C100016,P2173,2024-01-07,Not as described,8458.57
R4780,O532077,C112245,P2562,2025-10-07,Late delivery,14610.21
R4781,O525678,C108620,P2143,2024-12-23,Defective product,13164.76
R4782,O558850,C106518,P2270,2025-05-22,Defective product,9251.94
R4783,O528556,C105725,P2043,2024-04-21,Not as described,8298.04
R4784,O528712,C103068,P2190,2025-06-20,Not Specified,7118.87
R4785,O503636,C100737,P2126,2025-12-06,Changed my mind,7749.62
R4786,O553935,C114814,P2240,2024-10-10,Defective product,9774.51
R4787,O522852,C113271,P2403,2024-04-16,Size issue,16126.37
R4788,O556554,C112983,P2460,2026-01-22,Better price found elsewhere,7001.86
R4789,O514851,C100006,P2701,2023-06-22,Size issue,6964.16
R4790,O553541,C108961,P2401,2025-10-15,Better price found elsewhere,22712.29
R4791,O534297,C104701,P2351,2025-05-01,Better price found elsewhere,16512.42
R4792,O554969,C108154,P2012,2023-04-06,Changed my mind,8371.7
R4793,O528180,C100686,P2749,2025-01-12,Changed my mind,14442.48
R4794,O533889,C114906,P2514,2025-12-22,Not Specified,1153.92
R4795,O536764,C105245,P2632,2025-12-22,Size issue,13385.51
R4796,O526894,C102571,P2492,2026-01-09,Late delivery,3685.93
R4797,O556180,C114879,P2741,2025-02-27,Not as described,12106.3
R4798,O523458,C109872,P2108,2025-06-02,Wrong item delivered,7067.26
R4799,O505284,C108669,P2564,2024-08-26,Size issue,9161.94
R4800,O509536,C114297,P2764,2025-02-25,Size issue,16876.0
R4801,O513018,C109641,P2005,2025-08-31,Size issue,11011.3
R4802,O541530,C105864,P2113,2024-06-29,Size issue,8855.97
R4803,O502160,C109254,P2349,2025-09-10,Better price found elsewhere,14239.5
R4804,O528166,C113289,P2126,2023-09-13,Better price found elsewhere,6912.93
R4805,O507922,C111141,P2195,2025-01-02,Not Specified,4219.81
R4806,O548127,C100727,P2616,2025-11-30,Damaged in transit,35561.28
R4807,O526090,C109213,P2263,2024-01-13,Late delivery,8103.06
R4808,O550427,C112753,P2077,2025-11-07,Wrong item delivered,12786.65
R4809,O510997,C110780,P2232,2025-08-18,Wrong item delivered,2348.13
R4810,O548278,C109867,P2251,2025-04-09,Defective product,19689.82
R4811,O558020,C102247,P2227,2025-01-16,Late delivery,5290.62
R4812,O541452,C103402,P2050,2025-01-22,Late delivery,15426.15
R4813,O538198,C105444,P2627,2023-11-13,Defective product,10711.0
R4814,O505717,C112974,P2224,2025-03-06,Better price found elsewhere,12504.79
R4815,O543544,C111927,P2569,2024-02-14,Late delivery,7521.72
R4816,O548432,C103482,P2393,2025-02-20,Defective product,9311.12
R4817,O544102,C112730,P2644,2025-02-12,Better price found elsewhere,3788.02
R4818,O543494,C112920,P2261,2025-10-17,Not Specified,1325.4
R4819,O529869,C111118,P2542,2026-01-27,Defective product,2632.97
R4820,O547231,C108630,P2211,2026-01-08,Wrong item delivered,15447.64
R4821,O551977,C106549,P2432,2025-07-18,Wrong item delivered,1180.79
R4822,O528764,C104175,P2376,2024-07-09,Size issue,669.22
R4823,O539904,C100912,P2705,2025-05-23,Not as described,13590.45
R4824,O544646,C101564,P2633,2025-11-19,Late delivery,10290.93
R4825,O514473,C104558,P2501,2025-04-05,Size issue,5116.86
R4826,O531890,C107440,P2017,2025-09-30,Late delivery,17892.13
R4827,O525578,C114930,P2412,2025-05-29,Changed my mind,3747.24
R4828,O518856,C109188,P2300,2023-05-11,Changed my mind,4473.69
R4829,O531201,C102968,P2492,2025-08-08,Late delivery,3367.1
R4830,O516616,C113765,P2448,2024-11-01,Late delivery,12482.84
R4831,O541199,C105810,P2185,2025-01-12,Late delivery,15604.29
R4832,O524379,C111555,P2553,2025-08-19,Not Specified,11074.83
R4833,O550994,C112609,P2001,2025-08-24,Defective product,11561.31
R4834,O536278,C113657,P2616,2024-07-27,Defective product,12828.29
R4835,O557714,C100504,P2653,2025-05-09,Size issue,6758.5
R4836,O542906,C102832,P2210,2024-09-17,Better price found elsewhere,13313.91
R4837,O502027,C111901,P2751,2026-01-05,Wrong item delivered,14906.17
R4838,O517995,C102739,P2435,2024-10-15,Not Specified,5740.15
R4839,O549955,C114453,P2447,2025-05-03,Defective product,7320.86
R4840,O519438,C113537,P2569,2025-07-21,Changed my mind,7307.33
R4841,O510888,C106620,P2599,2025-09-23,Late delivery,13167.3
R4842,O512906,C109606,P2218,2025-07-18,Size issue,15525.93
R4843,O511470,C110101,P2426,2025-12-30,Wrong item delivered,19960.55
R4844,O551706,C104932,P2454,2026-01-19,Size issue,4588.01
R4845,O555321,C108131,P2312,2026-01-16,Late delivery,15540.9
R4846,O553841,C111662,P2243,2024-06-29,Defective product,9045.45
R4847,O537608,C112491,P2138,2025-09-17,Damaged in transit,8739.4
R4848,O503336,C110584,P2017,2025-05-29,Size issue,17444.21
R4849,O529703,C108001,P2695,2025-09-23,Changed my mind,0.0
R4850,O526655,C101832,P2347,2025-08-20,Changed my mind,2634.68
R4851,O524542,C102246,P2141,2025-07-28,Better price found elsewhere,2053.49
R4852,O521214,C109671,P2341,2025-12-16,Late delivery,10860.19
R4853,O523019,C111575,P2356,2025-08-13,Defective product,14972.7
R4854,O529053,C103347,P2337,2025-05-11,Better price found elsewhere,516.92
R4855,O501618,C112552,P2551,2025-10-16,Wrong item delivered,6765.55
R4856,O505813,C105187,P2191,2025-06-13,Size issue,1999.97
R4857,O530322,C110653,P2747,2025-12-19,Changed my mind,22223.6
R4858,O537393,C109052,P2318,2023-11-03,Defective product,11157.31
R4859,O556128,C107701,P2139,2025-04-19,Late delivery,6856.23
R4860,O521150,C113197,P2628,2025-12-11,Defective product,9060.04
R4861,O547136,C104887,P2681,2024-10-09,Damaged in transit,17415.96
R4862,O554502,C103861,P2153,2024-09-05,Better price found elsewhere,11568.48
R4863,O531511,C105229,P2192,2024-12-03,Defective product,32097.76
R4864,O527048,C101508,P2190,2025-11-09,Late delivery,6987.77
R4865,O552302,C113461,P2012,2025-04-09,Size issue,7677.51
R4866,O506472,C102051,P2139,2025-01-25,Late delivery,6536.75
R4867,O509779,C108010,P2722,2025-12-12,Damaged in transit,13385.74
R4868,O502984,C105154,P2114,2025-07-04,Size issue,16354.04
R4869,O507521,C102875,P2777,2024-06-05,Changed my mind,1781.68
R4870,O548615,C114720,P2408,2024-09-24,Wrong item delivered,16562.38
R4871,O537757,C100190,P2321,2025-04-15,Wrong item delivered,15564.2
R4872,O523989,C108281,P2626,2025-10-02,Defective product,4211.7
R4873,O546471,C101618,P2223,2025-02-20,Size issue,4632.59
R4874,O505501,C110066,P2635,2024-10-08,Not as described,3727.75
R4875,O507286,C112151,P2051,2025-09-09,Size issue,4640.41
R4876,O559737,C101570,P2664,2025-02-28,Damaged in transit,5548.22
R4877,O543101,C108837,P2546,2025-05-10,Defective product,5700.77
R4878,O508730,C102574,P2788,2026-01-29,Changed my mind,15102.8
R4879,O504905,C112845,P2292,2025-12-03,Late delivery,16281.29
R4880,O516740,C100168,P2297,2025-10-26,Not Specified,4950.07
R4881,O507620,C103209,P2181,2025-05-27,Defective product,12381.96
R4882,O504834,C110745,P2074,2026-01-12,Not Specified,12720.03
R4883,O523709,C103708,P2667,2025-09-04,Not Specified,9155.07
R4884,O526631,C101068,P2318,2024-09-23,Not as described,29750.49
R4885,O504910,C109299,P2526,2025-07-23,Changed my mind,2831.65
R4886,O526662,C112836,P2604,2025-11-01,Better price found elsewhere,4245.96
R4887,O537242,C106585,P2511,2025-01-25,Not as described,738.18
R4888,O528046,C104190,P2021,2026-01-27,Better price found elsewhere,6764.27
R4889,O533621,C109731,P2119,2025-04-06,Changed my mind,10274.37
R4890,O551291,C112306,P2358,2026-01-08,Size issue,8844.28
R4891,O554696,C102385,P2556,2024-12-07,Size issue,4347.32
R4892,O525568,C103781,P2343,2025-06-15,Not Specified,6658.8
R4893,O514080,C108417,P2761,2024-08-28,Changed my mind,11666.42
R4894,O553097,C102618,P2354,2025-08-12,Size issue,3184.73
R4895,O507116,C107800,P2461,2025-12-04,Damaged in transit,10288.0
R4896,O528826,C114570,P2061,2025-08-02,Damaged in transit,5008.32
R4897,O544647,C103861,P2121,2025-03-06,Size issue,14784.62
R4898,O552192,C110435,P2535,2024-09-21,Late delivery,21545.0
R4899,O510306,C110780,P2227,2024-07-19,Not Specified,5487.55
R4900,O535112,C112131,P2515,2025-12-12,Size issue,17195.07
R4901,O509177,C100202,P2222,2025-01-27,Damaged in transit,201.65
R4902,O558204,C106231,P2649,2025-11-03,Defective product,1299.27
R4903,O550296,C103319,P2217,2025-01-07,Size issue,3008.13
R4904,O518958,C100367,P2006,2024-11-18,Not as described,8884.58
R4905,O526398,C106371,P2241,2025-01-13,Size issue,13248.57
R4906,O520048,C105274,P2666,2025-10-17,Not Specified,0.0
R4907,O534076,C102827,P2393,2025-09-11,Changed my mind,10557.43
R4908,O559544,C106098,P2261,2025-02-18,Size issue,1245.96
R4909,O507061,C112330,P2594,2025-09-08,Size issue,17756.15
R4910,O551198,C102549,P2418,2025-09-30,Wrong item delivered,14622.07
R4911,O543328,C109674,P2102,2025-06-16,Better price found elsewhere,16387.65
R4912,O516929,C112863,P2713,2024-07-23,Not Specified,8010.81
R4913,O526566,C109572,P2576,2023-11-02,Late delivery,26159.25
R4914,O557326,C112269,P2562,2024-05-12,Wrong item delivered,15721.93
R4915,O550954,C107487,P2245,2024-11-25,Not Specified,305.46
R4916,O526689,C104042,P2303,2024-02-24,Size issue,1159.6
R4917,O558751,C110528,P2289,2024-08-05,Late delivery,1394.58
R4918,O543129,C109657,P2433,2025-09-11,Late delivery,265.44
R4919,O552859,C111984,P2429,2025-10-13,Not as described,8787.77
R4920,O553452,C114215,P2615,2025-09-28,Not as described,17133.88
R4921,O555877,C102487,P2717,2023-10-10,Wrong item delivered,1485.34
R4922,O506726,C104343,P2519,2026-01-24,Wrong item delivered,19111.01
R4923,O518499,C102451,P2101,2025-09-11,Wrong item delivered,14251.72
R4924,O539865,C107899,P2472,2024-08-05,Changed my mind,12828.7
R4925,O534018,C101180,P2188,2025-12-12,Size issue,8238.69
R4926,O531731,C110124,P2255,2026-01-21,Late delivery,10620.04
R4927,O545028,C108003,P2625,2025-08-30,Late delivery,1899.92
R4928,O520750,C104220,P2773,2025-09-13,Better price found elsewhere,13615.72
R4929,O507983,C102935,P2772,2025-01-21,Damaged in transit,13386.96
R4930,O504762,C108928,P2611,2024-09-07,Not as described,2865.29
R4931,O532183,C106168,P2241,2025-12-20,Not Specified,10618.22
R4932,O516669,C100202,P2166,2025-03-01,Changed my mind,6220.32
R4933,O543541,C107754,P2353,2025-07-12,Not as described,18840.94
R4934,O531101,C103266,P2070,2024-01-28,Size issue,17038.48
R4935,O543708,C113471,P2030,2025-01-30,Not Specified,32559.74
R4936,O553816,C108714,P2175,2024-03-01,Not as described,26949.22
R4937,O506049,C100184,P2603,2025-02-19,Not Specified,11377.91
R4938,O538778,C113889,P2366,2025-12-04,Defective product,3731.52
R4939,O553008,C104118,P2567,2025-11-07,Changed my mind,3896.64
R4940,O532674,C112214,P2471,2024-11-27,Defective product,13627.35
R4941,O508934,C111397,P2710,2025-11-18,Not Specified,815.97
R4942,O508793,C103935,P2376,2025-10-19,Late delivery,655.78
R4943,O514394,C100044,P2191,2025-06-24,Not Specified,1964.54
R4944,O510333,C104935,P2511,2025-05-16,Changed my mind,745.22
R4945,O540216,C103856,P2183,2025-08-19,Not Specified,6288.72
R4946,O544235,C108600,P2351,2025-02-10,Not as described,17932.92
R4947,O533516,C107372,P2280,2024-05-20,Size issue,3004.55
R4948,O502051,C109082,P2178,2025-08-28,Wrong item delivered,9293.14
R4949,O551739,C106935,P2420,2025-06-18,Not as described,4026.12
R4950,O527642,C104654,P2376,2025-09-22,Size issue,691.68
R4951,O542660,C112157,P2560,2025-09-03,Not Specified,8632.64
R4952,O535402,C104185,P2273,2025-03-19,Damaged in transit,14395.34
R4953,O543362,C102438,P2630,2025-09-20,Defective product,6217.19
R4954,O506911,C100029,P2182,2025-04-06,Wrong item delivered,323.36
R4955,O514199,C102199,P2201,2025-08-26,Size issue,17574.63
R4956,O553327,C102888,P2045,2024-01-11,Better price found elsewhere,16153.08
R4957,O545048,C111565,P2137,2026-01-02,Changed my mind,2340.28
R4958,O521706,C103781,P2793,2025-09-07,Changed my mind,14118.67
R4959,O552216,C107845,P2576,2025-08-04,Better price found elsewhere,10101.1
R4960,O540098,C104916,P2472,2025-03-03,Damaged in transit,12473.74
R4961,O519498,C112303,P2338,2024-11-12,Defective product,4866.67
R4962,O524978,C104821,P2392,2025-09-14,Changed my mind,2897.67
R4963,O551153,C102900,P2449,2025-09-23,Better price found elsewhere,10963.11
R4964,O507947,C103725,P2080,2025-12-19,Better price found elsewhere,11675.89
R4965,O507299,C109806,P2137,2024-04-11,Not Specified,2199.18
R4966,O510593,C108568,P2143,2025-12-17,Late delivery,13184.27
R4967,O540262,C114659,P2635,2024-11-03,Not as described,3816.46
R4968,O507310,C111387,P2696,2025-10-13,Late delivery,6600.96
R4969,O557088,C103784,P2724,2025-08-11,Late delivery,9785.53
R4970,O538891,C102351,P2189,2025-02-17,Better price found elsewhere,4096.89
R4971,O513091,C107191,P2473,2025-06-28,Damaged in transit,15286.01
R4972,O547579,C108630,P2125,2025-12-06,Damaged in transit,3081.28
R4973,O535483,C111360,P2627,2024-10-12,Better price found elsewhere,12005.25
R4974,O524807,C100813,P2736,2025-07-03,Wrong item delivered,22522.0
R4975,O552976,C105936,P2283,2025-04-02,Changed my mind,4567.42
R4976,O515116,C109571,P2752,2024-12-11,Defective product,5962.59
R4977,O536724,C107009,P2095,2025-12-09,Not Specified,14862.82
R4978,O500379,C113824,P2627,2025-08-30,Not as described,10413.1
R4979,O510944,C108957,P2189,2024-10-17,Defective product,3612.46
R4980,O505292,C105895,P2389,2025-08-04,Size issue,5003.31
R4981,O533296,C112304,P2276,2025-03-06,Wrong item delivered,8977.68
R4982,O535584,C107325,P2345,2025-07-23,Not Specified,383.05
R4983,O519770,C112435,P2344,2024-08-22,Late delivery,16705.8
R4984,O555442,C102268,P2349,2025-03-31,Better price found elsewhere,13783.03
R4985,O505870,C106240,P2672,2024-11-10,Not as described,4937.83
R4986,O515890,C112758,P2318,2024-03-02,Not as described,11608.44
R4987,O550787,C106685,P2020,2025-12-21,Late delivery,599.67
R4988,O541524,C109574,P2349,2023-11-16,Damaged in transit,13582.81
R4989,O555752,C111276,P2541,2025-12-25,Not as described,17916.97
R4990,O544915,C110235,P2722,2025-04-24,Late delivery,14971.26
R4991,O524491,C106733,P2365,2025-07-27,Size issue,471.86
R4992,O541738,C107729,P2058,2025-06-09,Not Specified,9204.88
R4993,O534214,C102600,P2759,2024-07-09,Size issue,13778.9
R4994,O556784,C111556,P2170,2025-09-17,Size issue,9167.75
R4995,O530254,C110772,P2059,2025-09-29,Wrong item delivered,3033.25
R4996,O503582,C105277,P2242,2025-09-21,Size issue,16226.53
R4997,O505194,C107505,P2695,2024-05-15,Damaged in transit,0.0
R4998,O524469,C111698,P2268,2024-03-25,Wrong item delivered,13881.08
R4999,O539143,C103376,P2201,2024-05-24,Defective product,51923.15
R5000,O549518,C103459,P2704,2025-05-04,Changed my mind,1857.63
R5001,O539934,C100958,P2071,2025-01-22,Damaged in transit,17201.01
R5002,O504854,C112617,P2342,2025-11-02,Better price found elsewhere,15535.11
R5003,O547491,C113400,P2142,2025-08-06,Wrong item delivered,4995.64
R5004,O544280,C108018,P2713,2026-01-02,Not Specified,6889.66
R5005,O509702,C104881,P2135,2024-07-21,Not as described,16312.96
R5006,O526887,C105020,P2721,2025-08-13,Size issue,2373.51
R5007,O536165,C103971,P2701,2026-01-09,Not as described,6622.13
R5008,O509301,C114533,P2419,2024-09-27,Size issue,14096.49
R5009,O533733,C100408,P2538,2026-01-07,Damaged in transit,8508.87
R5010,O501417,C105077,P2634,2024-07-13,Defective product,8899.6
R5011,O507148,C105514,P2701,2025-11-23,Defective product,8091.35
R5012,O543126,C102048,P2629,2025-12-07,Not Specified,14252.47
R5013,O522396,C101360,P2652,2024-08-31,Late delivery,12474.37
R5014,O549282,C102309,P2105,2024-09-07,Not Specified,9609.02
R5015,O543838,C111454,P2357,2025-10-11,Size issue,9674.82
R5016,O535416,C114365,P2798,2026-01-12,Size issue,15814.87
R5017,O547672,C113079,P2726,2025-09-22,Wrong item delivered,1861.95
R5018,O522645,C102694,P2427,2025-09-05,Wrong item delivered,13047.32
R5019,O518774,C101278,P2144,2023-06-06,Not Specified,5960.3
R5020,O522897,C112654,P2335,2025-03-14,Wrong item delivered,3738.86
R5021,O504159,C100989,P2004,2024-07-08,Not as described,13210.22
R5022,O554229,C110372,P2391,2025-07-09,Not as described,3032.47
R5023,O527765,C110147,P2708,2025-06-26,Not Specified,14671.25
R5024,O543430,C109345,P2457,2025-10-18,Size issue,11489.63
R5025,O511746,C109051,P2170,2025-06-08,Wrong item delivered,7915.85
R5026,O518539,C107969,P2477,2025-08-13,Size issue,8335.7
R5027,O519217,C111931,P2222,2025-07-08,Not Specified,223.19
R5028,O546319,C106041,P2708,2025-07-02,Changed my mind,15247.11
R5029,O558977,C100862,P2555,2025-08-19,Changed my mind,10380.45
R5030,O516320,C104857,P2349,2024-08-25,Late delivery,16559.4
R5031,O517450,C107332,P2009,2025-06-19,Defective product,493.18
R5032,O540567,C109603,P2057,2025-12-30,Changed my mind,31801.4
R5033,O537384,C109692,P2020,2024-09-08,Not Specified,698.49
R5034,O541127,C103639,P2086,2025-11-05,Better price found elsewhere,18316.76
R5035,O541523,C106260,P2606,2025-11-09,Damaged in transit,25203.99
R5036,O519348,C107725,P2319,2024-08-04,Damaged in transit,26164.71
R5037,O536763,C113002,P2278,2024-12-01,Defective product,174.81
R5038,O508200,C100036,P2592,2023-06-04,Damaged in transit,402.51
R5039,O500768,C108000,P2548,2025-12-25,Better price found elsewhere,14091.7
R5040,O535268,C102451,P2127,2025-07-28,Not as described,13258.95
R5041,O529272,C114538,P2314,2025-12-05,Size issue,10165.29
R5042,O531975,C102266,P2261,2024-07-03,Changed my mind,1502.21
R5043,O543047,C114492,P2226,2025-12-21,Changed my mind,11990.69
R5044,O525287,C113599,P2783,2023-04-23,Late delivery,15762.25
R5045,O508555,C110338,P2137,2025-12-06,Not Specified,1912.48
R5046,O539594,C112238,P2434,2024-10-23,Defective product,35503.51
R5047,O504374,C112280,P2765,2025-10-06,Not Specified,4941.48
R5048,O534635,C104765,P2430,2024-05-31,Size issue,10103.72
R5049,O545099,C102033,P2151,2025-06-22,Better price found elsewhere,13022.33
R5050,O534982,C107360,P2413,2025-12-10,Better price found elsewhere,8328.64
R5051,O503470,C106416,P2073,2025-04-29,Not as described,12654.07
R5052,O547235,C101224,P2381,2023-12-27,Wrong item delivered,13108.48
R5053,O542837,C113854,P2339,2025-02-17,Changed my mind,34108.1
R5054,O546936,C110716,P2211,2025-11-20,Size issue,25995.73
R5055,O523074,C111072,P2483,2025-06-21,Not as described,2097.13
R5056,O525071,C102365,P2496,2026-01-07,Better price found elsewhere,3771.34
R5057,O514705,C109223,P2795,2025-01-06,Late delivery,13214.22
R5058,O556251,C106113,P2699,2025-12-11,Wrong item delivered,7543.04
R5059,O545439,C114182,P2219,2025-07-03,Size issue,4674.01
R5060,O517111,C101601,P2601,2025-12-22,Late delivery,11371.67
R5061,O500339,C108831,P2420,2025-07-01,Changed my mind,4871.26
R5062,O550345,C107627,P2444,2024-05-11,Not as described,48851.74
R5063,O519093,C108736,P2708,2025-12-12,Not as described,15507.19
R5064,O546709,C108478,P2164,2024-05-20,Not Specified,12600.85
R5065,O514460,C104353,P2010,2025-02-26,Not Specified,9402.87
R5066,O550078,C111792,P2173,2024-09-29,Late delivery,8071.19
R5067,O538212,C100575,P2200,2024-08-09,Defective product,12947.28
R5068,O513683,C113027,P2067,2025-06-27,Defective product,0.0
R5069,O559148,C105948,P2002,2025-01-12,Size issue,17818.49
R5070,O509944,C110020,P2269,2023-10-09,Size issue,3340.54
R5071,O553577,C107057,P2365,2025-07-27,Late delivery,477.17
R5072,O532969,C102132,P2315,2025-03-14,Wrong item delivered,15776.47
R5073,O505726,C108654,P2276,2025-11-11,Damaged in transit,8852.16
R5074,O505038,C100689,P2187,2025-06-27,Defective product,14241.36
R5075,O550345,C107627,P2145,2024-05-27,Damaged in transit,9964.45
R5076,O524142,C100145,P2759,2024-02-07,Not Specified,12692.28
R5077,O526763,C100042,P2253,2024-04-11,Changed my mind,13339.18
R5078,O558054,C108598,P2357,2026-01-09,Not as described,9411.34
R5079,O546915,C106285,P2017,2023-09-20,Better price found elsewhere,37568.88
R5080,O552670,C113385,P2505,2024-08-05,Better price found elsewhere,13017.0
R5081,O533815,C108799,P2171,2024-05-01,Damaged in transit,8182.1
R5082,O545284,C101345,P2705,2025-05-20,Damaged in transit,15282.45
R5083,O502496,C109011,P2311,2024-09-09,Defective product,9591.3
R5084,O510675,C111351,P2718,2025-05-06,Not Specified,7951.32
R5085,O540610,C114216,P2233,2024-03-27,Defective product,14083.78
R5086,O543983,C113969,P2033,2024-01-10,Size issue,12648.15
R5087,O500684,C109724,P2596,2025-09-05,Late delivery,5488.81
R5088,O555517,C111877,P2305,2025-12-03,Changed my mind,6811.03
R5089,O545437,C101386,P2419,2024-03-08,Better price found elsewhere,15668.52
R5090,O526663,C114076,P2670,2026-01-23,Damaged in transit,12877.7
R5091,O516254,C112424,P2686,2025-06-06,Not as described,21624.92
R5092,O516322,C111522,P2121,2025-01-04,Not as described,15089.02
R5093,O509838,C110478,P2471,2025-10-02,Damaged in transit,14321.48
R5094,O518542,C100229,P2106,2024-11-20,Size issue,13499.62
R5095,O502783,C111999,P2144,2026-01-18,Better price found elsewhere,5928.48
R5096,O537653,C110741,P2101,2025-11-05,Not as described,15857.98
R5097,O537695,C104238,P2445,2026-01-27,Better price found elsewhere,9915.4
R5098,O549566,C103739,P2564,2026-01-06,Not as described,10724.35
R5099,O506967,C105678,P2424,2025-01-06,Wrong item delivered,8566.83
R5100,O544609,C104178,P2454,2025-11-16,Size issue,3728.35
R5101,O551004,C101519,P2274,2025-08-09,Damaged in transit,5020.69
R5102,O543735,C108931,P2271,2025-03-24,Defective product,47476.48
R5103,O533613,C112167,P2129,2026-01-07,Better price found elsewhere,9475.5
R5104,O518733,C107872,P2409,2025-10-22,Not Specified,13425.21
R5105,O522672,C111559,P2647,2025-01-25,Defective product,18238.84
R5106,O509386,C112397,P2423,2024-02-02,Not as described,16907.47
R5107,O515456,C112773,P2457,2025-11-13,Late delivery,11699.37
R5108,O507909,C110200,P2709,2024-12-24,Better price found elsewhere,8838.07
R5109,O515827,C108598,P2075,2026-01-19,Better price found elsewhere,7851.33
R5110,O530611,C110375,P2356,2025-05-08,Not Specified,15836.16
R5111,O515117,C114470,P2117,2025-12-20,Damaged in transit,27215.56
R5112,O555009,C104708,P2210,2025-09-03,Changed my mind,15513.01
R5113,O527616,C102168,P2513,2025-06-23,Wrong item delivered,16430.03
R5114,O517696,C107156,P2455,2025-02-20,Size issue,1873.13
R5115,O559958,C108249,P2761,2025-05-23,Size issue,11804.76
R5116,O501216,C111122,P2398,2023-10-07,Not as described,13307.49
R5117,O503015,C109697,P2086,2025-11-13,Wrong item delivered,16059.69
R5118,O518403,C102766,P2253,2023-12-21,Damaged in transit,23311.33
R5119,O506767,C112592,P2278,2025-03-04,Damaged in transit,567.47
R5120,O517912,C110138,P2695,2025-06-18,Damaged in transit,0.0
R5121,O553916,C102775,P2449,2025-03-20,Changed my mind,11125.72
R5122,O518221,C113066,P2779,2025-12-06,Better price found elsewhere,30735.43
R5123,O536202,C104642,P2294,2025-08-11,Better price found elsewhere,15242.39
R5124,O503288,C101754,P2505,2023-10-31,Late delivery,14036.96
R5125,O533928,C106780,P2037,2025-03-20,Defective product,8008.62
R5126,O507393,C101517,P2340,2024-01-19,Size issue,7400.73
R5127,O512387,C100975,P2160,2026-01-01,Size issue,8894.35
R5128,O510963,C109392,P2041,2025-11-20,Late delivery,15115.74
R5129,O514695,C113290,P2448,2025-05-09,Better price found elsewhere,13862.56
R5130,O549261,C108515,P2029,2025-07-12,Not Specified,12202.29
R5131,O521496,C100805,P2354,2025-09-07,Not Specified,2624.96
R5132,O545771,C110592,P2664,2024-11-13,Not Specified,6389.85
R5133,O522826,C106301,P2048,2024-03-21,Not as described,18432.66
R5134,O534575,C112184,P2167,2025-06-23,Size issue,4448.43
R5135,O525040,C112002,P2434,2025-12-05,Not as described,12150.52
R5136,O554102,C104809,P2194,2025-02-02,Size issue,4018.53
R5137,O550174,C110163,P2341,2025-12-14,Late delivery,12965.8
R5138,O536972,C100339,P2582,2024-10-02,Size issue,29979.63
R5139,O556178,C107882,P2641,2025-08-26,Defective product,6117.06
R5140,O549578,C107424,P2281,2025-12-21,Damaged in transit,13736.04
R5141,O520177,C112934,P2612,2025-12-11,Better price found elsewhere,14112.77
R5142,O511858,C114441,P2539,2025-12-18,Changed my mind,11124.12
R5143,O506766,C100716,P2027,2025-08-26,Damaged in transit,9913.92
R5144,O510145,C112081,P2663,2025-10-13,Damaged in transit,32521.51
R5145,O536429,C112949,P2725,2025-08-08,Size issue,8048.34
R5146,O536313,C104492,P2330,2025-09-01,Size issue,10322.32
R5147,O517258,C101110,P2480,2024-06-22,Late delivery,11152.38
R5148,O514101,C110975,P2035,2025-11-25,Size issue,12519.6
R5149,O505469,C105696,P2525,2025-11-05,Not Specified,9462.2
R5150,O522101,C104684,P2047,2025-06-29,Damaged in transit,8900.55
R5151,O550112,C103725,P2737,2025-12-08,Damaged in transit,10006.96
R5152,O541607,C114895,P2521,2025-10-06,Not Specified,11465.75
R5153,O527608,C113535,P2497,2024-01-31,Damaged in transit,15327.75
R5154,O524697,C106407,P2316,2025-01-16,Not as described,12308.06
R5155,O554030,C103930,P2110,2025-06-10,Late delivery,4371.7
R5156,O547378,C103470,P2073,2024-02-16,Better price found elsewhere,12985.74
R5157,O510714,C101931,P2706,2025-12-14,Defective product,12607.65
R5158,O546613,C100610,P2257,2025-04-02,Changed my mind,3040.35
R5159,O548383,C114079,P2546,2023-03-01,Wrong item delivered,6269.22
R5160,O511035,C103728,P2559,2025-02-03,Not Specified,5966.05
R5161,O544345,C103094,P2783,2025-09-22,Size issue,31583.18
R5162,O548479,C111708,P2533,2025-06-15,Late delivery,20461.73
R5163,O557573,C106579,P2128,2025-01-21,Wrong item delivered,15797.26
R5164,O545389,C109764,P2721,2024-02-06,Late delivery,2735.52
R5165,O516028,C111814,P2019,2025-01-03,Not as described,13863.71
R5166,O515904,C104788,P2313,2025-06-24,Better price found elsewhere,8444.19
R5167,O517797,C103736,P2666,2025-12-22,Not Specified,0.0
R5168,O541151,C105068,P2258,2025-04-08,Damaged in transit,24638.53
R5169,O509245,C108328,P2477,2023-11-30,Not Specified,8357.46
R5170,O535299,C105259,P2268,2025-07-20,Changed my mind,13107.94
R5171,O542066,C105906,P2284,2025-10-23,Changed my mind,12463.87
R5172,O558890,C103790,P2618,2025-07-03,Not as described,4973.32
R5173,O505230,C105696,P2131,2025-12-18,Not Specified,2469.52
R5174,O543512,C103880,P2716,2024-10-19,Damaged in transit,3141.71
R5175,O524860,C104993,P2203,2026-01-15,Better price found elsewhere,14492.3
R5176,O501449,C110181,P2273,2024-01-21,Better price found elsewhere,12477.4
R5177,O518156,C101068,P2574,2024-05-22,Better price found elsewhere,17481.69
R5178,O505651,C103419,P2737,2025-10-14,Better price found elsewhere,8373.06
R5179,O515494,C114962,P2603,2025-05-02,Late delivery,11139.75
R5180,O523439,C100460,P2152,2024-04-03,Better price found elsewhere,3813.89
R5181,O536201,C103836,P2266,2025-03-29,Damaged in transit,14496.26
R5182,O559791,C114150,P2703,2024-11-05,Late delivery,12879.57
R5183,O502039,C110674,P2097,2025-07-04,Wrong item delivered,11593.88
R5184,O519911,C101571,P2733,2024-12-17,Not as described,14215.06
R5185,O546815,C103453,P2772,2024-02-24,Late delivery,13293.32
R5186,O521289,C106701,P2607,2024-08-22,Wrong item delivered,8948.78
R5187,O501025,C104219,P2250,2023-10-16,Not as described,6690.87
R5188,O523181,C111431,P2423,2025-04-08,Wrong item delivered,13624.12
R5189,O509436,C103097,P2469,2025-08-14,Wrong item delivered,105.87
R5190,O550894,C114697,P2135,2023-08-11,Late delivery,15425.63
R5191,O526079,C103754,P2339,2025-10-09,Wrong item delivered,15329.71
R5192,O548772,C111754,P2616,2023-11-02,Not as described,12858.11
R5193,O550665,C111314,P2354,2025-12-25,Late delivery,3006.77
R5194,O559076,C106058,P2018,2025-09-02,Better price found elsewhere,17460.24
R5195,O550056,C108814,P2124,2025-01-09,Not as described,14371.71
R5196,O522706,C102394,P2372,2026-01-05,Not Specified,8606.41
R5197,O545249,C106025,P2772,2025-10-15,Changed my mind,12826.6
R5198,O541052,C105868,P2377,2025-06-03,Wrong item delivered,7812.09
R5199,O520854,C102803,P2632,2024-11-27,Late delivery,13129.37
R5200,O514223,C114845,P2176,2025-10-17,Wrong item delivered,3707.02
R5201,O551533,C103003,P2300,2024-11-12,Damaged in transit,5218.48
R5202,O501839,C109255,P2022,2025-11-24,Late delivery,25605.1
R5203,O522954,C105112,P2129,2024-01-28,Not Specified,10087.59
R5204,O538951,C101078,P2791,2023-09-05,Better price found elsewhere,12220.02
R5205,O548675,C110809,P2364,2025-07-06,Late delivery,9293.57
R5206,O519868,C113039,P2357,2025-05-13,Not Specified,30507.77
R5207,O537470,C100544,P2753,2025-12-16,Late delivery,35451.3
R5208,O545260,C110141,P2542,2024-04-28,Not Specified,2275.0
R5209,O528827,C104913,P2326,2025-05-29,Damaged in transit,1454.64
R5210,O538315,C108675,P2149,2024-08-14,Changed my mind,7424.28
R5211,O542936,C107814,P2277,2025-07-20,Late delivery,9173.22
R5212,O538526,C113167,P2527,2025-11-04,Late delivery,16982.19
R5213,O501228,C101852,P2161,2025-11-16,Defective product,12270.89
R5214,O516637,C108293,P2773,2024-11-10,Not as described,11481.98
R5215,O553683,C105193,P2222,2025-06-23,Changed my mind,222.36
R5216,O503653,C110066,P2328,2024-08-14,Better price found elsewhere,4704.06
R5217,O557091,C114665,P2381,2025-12-22,Late delivery,14778.05
R5218,O516055,C100344,P2189,2025-12-03,Changed my mind,4054.04
R5219,O534258,C103530,P2414,2024-07-13,Wrong item delivered,5345.74
R5220,O534388,C113790,P2164,2025-12-08,Changed my mind,13756.52
R5221,O547413,C104105,P2120,2025-02-09,Changed my mind,334.73
R5222,O552340,C106076,P2275,2024-08-12,Late delivery,1711.79
R5223,O513908,C103108,P2443,2025-12-30,Size issue,1672.4
R5224,O540472,C112060,P2706,2025-12-04,Defective product,13456.85
R5225,O504598,C107872,P2450,2025-10-16,Better price found elsewhere,2681.04
R5226,O539805,C104102,P2015,2023-08-30,Late delivery,5302.84
R5227,O545555,C107881,P2053,2024-06-23,Damaged in transit,12750.9
R5228,O508629,C102371,P2049,2025-09-23,Late delivery,32941.53
R5229,O526011,C104218,P2029,2025-11-11,Late delivery,13015.55
R5230,O521930,C114200,P2022,2026-01-08,Late delivery,8652.02
R5231,O536775,C108894,P2124,2025-11-10,Defective product,12714.99
R5232,O554760,C105425,P2185,2023-09-14,Not Specified,14789.48
R5233,O534021,C114659,P2674,2025-11-27,Not Specified,2205.71
R5234,O548776,C100048,P2084,2025-08-13,Late delivery,15211.37
R5235,O519192,C108110,P2721,2025-08-23,Not Specified,2182.36
R5236,O527141,C102274,P2490,2025-07-05,Not as described,4467.39
R5237,O542940,C110640,P2312,2024-02-05,Late delivery,12519.51
R5238,O500395,C114619,P2489,2025-04-07,Wrong item delivered,7029.27
R5239,O500214,C100660,P2268,2025-05-24,Better price found elsewhere,28265.78
R5240,O503527,C106584,P2243,2026-01-09,Wrong item delivered,7980.3
R5241,O556298,C109585,P2518,2025-12-08,Size issue,7296.17
R5242,O514303,C111360,P2199,2025-07-15,Defective product,15016.86
R5243,O510818,C109498,P2050,2023-08-24,Late delivery,17083.86
R5244,O546963,C107740,P2297,2025-11-11,Wrong item delivered,5422.33
R5245,O546970,C105895,P2016,2026-01-11,Size issue,10149.35
R5246,O535477,C110049,P2205,2026-01-28,Defective product,10837.88
R5247,O521932,C101386,P2704,2024-01-16,Size issue,1957.99
R5248,O535208,C102614,P2690,2025-04-03,Not as described,3530.32
R5249,O531045,C105799,P2531,2024-01-27,Late delivery,7001.37
R5250,O531053,C102764,P2704,2024-06-22,Better price found elsewhere,1728.72
R5251,O525660,C107269,P2320,2024-01-26,Defective product,1368.76
R5252,O501379,C104825,P2307,2025-06-28,Not as described,4760.93
R5253,O533454,C104871,P2636,2025-12-24,Not Specified,8648.47
R5254,O545257,C110943,P2177,2025-10-04,Size issue,14837.23
R5255,O511524,C110863,P2320,2025-08-31,Better price found elsewhere,3998.68
R5256,O517301,C104000,P2720,2025-10-20,Wrong item delivered,8592.32
R5257,O518077,C104442,P2637,2025-07-27,Changed my mind,7427.77
R5258,O522520,C100900,P2755,2024-09-21,Not Specified,14842.42
R5259,O529104,C111176,P2247,2025-08-24,Wrong item delivered,7581.16
R5260,O506469,C107325,P2688,2025-10-17,Size issue,1375.58
R5261,O548968,C112298,P2085,2025-12-04,Wrong item delivered,14653.5
R5262,O540972,C112576,P2184,2025-12-28,Wrong item delivered,4086.28
R5263,O502293,C114643,P2110,2025-11-15,Better price found elsewhere,4307.88
R5264,O533012,C105057,P2209,2024-07-13,Better price found elsewhere,22302.8
R5265,O522913,C108154,P2342,2024-06-24,Changed my mind,17403.45
R5266,O545176,C103371,P2441,2025-04-25,Wrong item delivered,10867.93
R5267,O506400,C103710,P2245,2025-05-04,Defective product,294.15
R5268,O544384,C114631,P2789,2025-12-15,Size issue,16143.87
R5269,O522118,C112729,P2067,2023-11-12,Size issue,0.0
R5270,O522691,C101409,P2742,2024-05-05,Not Specified,12859.73
R5271,O500388,C106167,P2762,2025-08-09,Not as described,12409.3
R5272,O559957,C103046,P2113,2024-11-01,Not Specified,7415.6
R5273,O551448,C101793,P2670,2025-07-15,Defective product,15098.61
R5274,O513388,C108351,P2019,2026-01-01,Size issue,15130.62
R5275,O519001,C109813,P2284,2025-01-02,Defective product,26128.26
R5276,O534809,C106393,P2621,2025-09-20,Better price found elsewhere,5837.29
R5277,O523148,C107392,P2164,2025-09-01,Defective product,12700.1
R5278,O537430,C106007,P2662,2025-10-31,Wrong item delivered,14907.95
R5279,O511236,C110026,P2699,2023-11-28,Not Specified,6438.5
R5280,O510106,C107658,P2301,2025-11-17,Defective product,9183.49
R5281,O510842,C106094,P2049,2024-06-22,Not as described,9907.69
R5282,O533878,C111860,P2060,2025-05-25,Better price found elsewhere,1521.29
R5283,O547983,C102821,P2675,2025-04-10,Wrong item delivered,4597.36
R5284,O501876,C111708,P2745,2025-05-29,Defective product,30321.59
R5285,O511475,C104507,P2367,2025-09-22,Not as described,12334.05
R5286,O537890,C103869,P2169,2024-10-21,Size issue,1517.5
R5287,O551235,C108598,P2560,2025-12-24,Late delivery,7418.82
R5288,O557864,C100780,P2410,2025-10-08,Late delivery,10837.18
R5289,O523678,C108541,P2001,2025-09-28,Late delivery,10003.95
R5290,O532463,C109464,P2246,2025-11-30,Not Specified,3469.2
R5291,O503051,C112799,P2184,2025-10-31,Not Specified,3708.51
R5292,O534406,C113460,P2419,2025-09-27,Not as described,15293.05
R5293,O544788,C108049,P2482,2025-03-31,Not Specified,33397.43
R5294,O518040,C112637,P2335,2023-11-18,Late delivery,3834.36
R5295,O501277,C101213,P2251,2025-05-29,Better price found elsewhere,17993.3
R5296,O551620,C110691,P2417,2025-12-30,Not Specified,15560.32
R5297,O514068,C112298,P2503,2025-04-28,Not as described,12303.81
R5298,O544479,C112010,P2503,2023-10-07,Defective product,11390.08
R5299,O503635,C104514,P2600,2025-02-18,Better price found elsewhere,5017.68
R5300,O507200,C104989,P2134,2025-11-24,Defective product,11500.27
R5301,O501544,C112192,P2546,2024-11-18,Not Specified,6052.23
R5302,O519911,C101571,P2532,2024-11-19,Changed my mind,7885.41
R5303,O536645,C112871,P2751,2025-12-30,Wrong item delivered,3839.86
R5304,O504222,C113801,P2135,2023-08-06,Damaged in transit,15793.33
R5305,O514532,C114003,P2539,2025-12-24,Better price found elsewhere,11622.7
R5306,O527924,C106627,P2001,2025-07-21,Size issue,11876.3
R5307,O554317,C100660,P2019,2025-04-02,Wrong item delivered,15779.59
R5308,O520456,C108145,P2228,2025-12-19,Not as described,6373.28
R5309,O559761,C107337,P2446,2025-07-26,Defective product,37322.98
R5310,O559286,C109231,P2752,2025-06-29,Defective product,4960.68
R5311,O553485,C107010,P2410,2025-07-05,Changed my mind,10622.81
R5312,O521731,C109774,P2784,2025-01-24,Not Specified,4272.59
R5313,O516093,C108230,P2268,2025-11-04,Changed my mind,16103.18
R5314,O522849,C112440,P2147,2023-05-10,Better price found elsewhere,3138.99
R5315,O552345,C105689,P2082,2025-12-10,Not Specified,16105.82
R5316,O527493,C114004,P2680,2025-07-07,Size issue,10270.25
R5317,O506787,C106334,P2156,2024-07-28,Not as described,11845.81
R5318,O550231,C107614,P2336,2025-12-29,Wrong item delivered,11121.35
R5319,O538042,C104997,P2312,2025-05-06,Not as described,15579.33
R5320,O536757,C102157,P2447,2025-11-03,Damaged in transit,7616.49
R5321,O519823,C112516,P2418,2024-09-06,Wrong item delivered,13878.2
R5322,O542489,C109440,P2593,2025-12-09,Not as described,11668.44
R5323,O509659,C111384,P2656,2024-08-19,Damaged in transit,17275.42
R5324,O549463,C102152,P2647,2024-08-14,Late delivery,16481.91
R5325,O515697,C106430,P2056,2025-08-09,Not Specified,658.12
R5326,O515443,C101625,P2460,2025-07-20,Wrong item delivered,6723.96
R5327,O530651,C114330,P2454,2025-06-09,Not as described,4025.01
R5328,O525986,C107710,P2085,2025-07-08,Not Specified,12555.13
R5329,O555168,C101544,P2335,2024-10-16,Better price found elsewhere,4215.39
R5330,O509665,C103415,P2267,2025-05-25,Not Specified,4649.36
R5331,O532551,C106758,P2013,2025-07-18,Not Specified,14304.91
R5332,O522193,C103076,P2399,2025-09-17,Late delivery,3146.58
R5333,O500112,C100461,P2232,2025-08-12,Late delivery,2466.06
R5334,O548060,C113942,P2665,2025-12-18,Damaged in transit,9672.94
R5335,O542882,C112274,P2699,2024-03-12,Wrong item delivered,6364.22
R5336,O540578,C103575,P2257,2025-02-23,Late delivery,2972.0
R5337,O537647,C105058,P2592,2025-09-24,Better price found elsewhere,372.34
R5338,O553555,C105329,P2078,2025-04-14,Late delivery,16550.49
R5339,O525635,C105220,P2441,2025-05-25,Better price found elsewhere,10705.6
R5340,O527731,C107166,P2170,2025-09-03,Size issue,27949.38
R5341,O551315,C105887,P2610,2025-11-20,Changed my mind,4610.13
R5342,O540607,C101535,P2104,2025-12-17,Size issue,25159.33
R5343,O527339,C104422,P2119,2024-11-21,Better price found elsewhere,10131.55
R5344,O507633,C111461,P2797,2024-09-19,Size issue,13266.77
R5345,O545197,C111965,P2316,2025-05-01,Wrong item delivered,13302.91
R5346,O543242,C109969,P2662,2025-12-27,Not as described,6816.31
R5347,O520451,C111522,P2405,2024-12-03,Not Specified,11772.91
R5348,O550261,C106471,P2096,2024-05-04,Defective product,6017.16
R5349,O507347,C105076,P2234,2023-05-09,Damaged in transit,11130.98
R5350,O542802,C102892,P2581,2024-12-20,Changed my mind,4449.36
R5351,O518408,C110804,P2415,2025-03-08,Wrong item delivered,8708.56
R5352,O529823,C110148,P2019,2025-03-28,Not Specified,47341.96
R5353,O523446,C106202,P2198,2024-10-16,Wrong item delivered,36085.41
R5354,O555052,C110998,P2221,2025-07-21,Size issue,11381.65
R5355,O524407,C105267,P2720,2025-02-02,Defective product,7757.55
R5356,O506270,C114947,P2786,2026-01-22,Defective product,14231.13
R5357,O557965,C113726,P2656,2025-05-17,Wrong item delivered,17075.46
R5358,O507281,C112140,P2028,2025-06-30,Wrong item delivered,563.6
R5359,O550042,C109468,P2440,2024-07-11,Better price found elsewhere,18459.06
R5360,O504026,C101920,P2359,2025-05-12,Damaged in transit,4578.69
R5361,O520766,C101739,P2753,2025-10-24,Not as described,17703.28
R5362,O514445,C101947,P2666,2025-06-22,Size issue,0.0
R5363,O531962,C108423,P2222,2025-02-16,Wrong item delivered,234.15
R5364,O539749,C114809,P2445,2026-01-09,Defective product,10184.13
R5365,O543654,C104050,P2218,2025-06-16,Damaged in transit,30787.2
R5366,O543806,C113471,P2196,2024-10-28,Late delivery,12278.08
R5367,O536620,C114190,P2329,2025-11-03,Wrong item delivered,6699.78
R5368,O557693,C111815,P2362,2025-02-07,Late delivery,23192.62
R5369,O515647,C112532,P2653,2025-08-09,Better price found elsewhere,5781.04
R5370,O555860,C108411,P2709,2024-11-04,Damaged in transit,8610.11
R5371,O544844,C107127,P2012,2025-10-14,Better price found elsewhere,6977.36
R5372,O538985,C106931,P2234,2025-12-22,Not as described,3979.42
R5373,O553250,C108938,P2410,2023-08-08,Damaged in transit,11217.99
R5374,O545023,C108527,P2211,2026-01-03,Defective product,13196.93
R5375,O541317,C100332,P2737,2025-07-10,Defective product,8564.73
R5376,O511610,C114420,P2493,2024-11-01,Not as described,8311.59
R5377,O557055,C109506,P2421,2026-01-09,Defective product,9838.49
R5378,O527983,C110479,P2295,2025-10-23,Changed my mind,13861.6
R5379,O519405,C104134,P2475,2025-11-25,Not Specified,5006.26
R5380,O501819,C103151,P2016,2025-04-23,Not Specified,9200.14
R5381,O501720,C104452,P2486,2025-12-12,Not Specified,12662.71
R5382,O540219,C106448,P2249,2025-05-12,Better price found elsewhere,12210.8
R5383,O554659,C106329,P2604,2024-03-10,Defective product,4305.37
R5384,O536033,C105456,P2747,2025-12-09,Changed my mind,7065.04
R5385,O534693,C106293,P2228,2025-09-04,Wrong item delivered,7305.45
R5386,O518588,C102752,P2173,2025-09-20,Defective product,8244.88
R5387,O529087,C104211,P2425,2025-10-11,Changed my mind,4775.49
R5388,O511079,C104844,P2645,2026-01-15,Changed my mind,6702.67
R5389,O539810,C113285,P2588,2024-10-15,Defective product,1612.85
R5390,O545525,C109362,P2126,2025-07-25,Late delivery,8421.52
R5391,O548635,C103904,P2350,2024-05-29,Size issue,1290.46
R5392,O504783,C102330,P2355,2025-11-24,Better price found elsewhere,9841.32
R5393,O542527,C113737,P2757,2025-02-19,Wrong item delivered,6618.8
R5394,O514581,C113792,P2620,2024-02-12,Not Specified,1837.02
R5395,O540893,C102423,P2450,2025-01-20,Wrong item delivered,2568.49
R5396,O527294,C107229,P2107,2025-02-23,Wrong item delivered,6814.97
R5397,O548669,C102220,P2200,2025-08-18,Defective product,11955.17
R5398,O559914,C108804,P2453,2024-05-29,Defective product,17125.79
R5399,O557314,C114456,P2503,2024-11-21,Not as described,11096.98
R5400,O528499,C101164,P2467,2025-01-17,Late delivery,15814.2
R5401,O543779,C100108,P2435,2024-01-29,Not as described,4789.9
R5402,O522000,C106976,P2517,2025-10-29,Changed my mind,7163.39
R5403,O528292,C101074,P2472,2025-07-10,Better price found elsewhere,11957.13
R5404,O559801,C104005,P2229,2024-04-04,Changed my mind,6113.4
R5405,O541441,C102275,P2136,2024-11-07,Changed my mind,3652.43
R5406,O513699,C113410,P2294,2025-05-19,Not as described,13934.63
R5407,O552906,C113510,P2589,2025-03-08,Not Specified,8890.44
R5408,O514432,C111556,P2181,2025-08-19,Changed my mind,12167.55
R5409,O551422,C105280,P2318,2024-08-08,Not Specified,9631.5
R5410,O520373,C100503,P2245,2024-09-27,Not as described,316.5
R5411,O502983,C109597,P2633,2025-05-16,Not Specified,20595.59
R5412,O558753,C104532,P2085,2024-05-05,Changed my mind,44334.06
R5413,O514388,C101545,P2002,2025-12-12,Damaged in transit,16498.51
R5414,O530987,C104370,P2129,2024-04-14,Defective product,9138.36
R5415,O517600,C103214,P2185,2025-08-26,Not as described,13507.13
R5416,O513424,C108332,P2042,2024-02-12,Not as described,12818.15
R5417,O537446,C108655,P2752,2024-10-25,Wrong item delivered,14389.02
R5418,O528946,C111241,P2665,2025-12-11,Size issue,9580.68
R5419,O547146,C110549,P2730,2025-01-28,Damaged in transit,13177.44
R5420,O504373,C110674,P2410,2025-05-23,Damaged in transit,11692.12
R5421,O557996,C114453,P2650,2023-12-05,Defective product,5951.45
R5422,O551295,C103070,P2659,2025-01-10,Wrong item delivered,11421.44
R5423,O536913,C109511,P2155,2023-12-21,Not as described,6318.15
R5424,O556007,C109835,P2317,2025-12-27,Better price found elsewhere,2251.0
R5425,O505649,C113794,P2630,2025-11-23,Size issue,5281.68
R5426,O505473,C102100,P2008,2025-11-19,Late delivery,6754.32
R5427,O509855,C111257,P2755,2024-10-01,Size issue,13528.56
R5428,O537239,C109655,P2188,2025-10-02,Damaged in transit,8806.01
R5429,O550572,C114360,P2696,2025-07-16,Better price found elsewhere,7398.99
R5430,O543637,C104577,P2171,2023-10-09,Damaged in transit,10015.28
R5431,O549839,C113400,P2091,2025-06-29,Late delivery,3966.2
R5432,O504296,C111576,P2600,2024-11-21,Changed my mind,5442.6
R5433,O537871,C109701,P2289,2025-05-01,Changed my mind,1410.86
R5434,O533375,C110362,P2597,2024-11-18,Size issue,11787.05
R5435,O552655,C110057,P2622,2025-05-16,Not as described,206.29
R5436,O511015,C105380,P2184,2025-10-22,Damaged in transit,3633.42
R5437,O521976,C110940,P2748,2024-12-31,Changed my mind,2320.59
R5438,O544021,C114422,P2705,2025-04-18,Not Specified,16855.1
R5439,O520349,C101791,P2445,2025-10-29,Size issue,10320.93
R5440,O546583,C100297,P2168,2024-11-30,Size issue,11415.45
R5441,O543023,C101168,P2664,2024-09-14,Damaged in transit,5708.23
R5442,O505256,C104634,P2739,2026-01-04,Damaged in transit,19736.67
R5443,O518792,C110614,P2776,2024-07-27,Late delivery,12475.23
R5444,O556357,C105962,P2009,2026-01-07,Better price found elsewhere,463.13
R5445,O540011,C109536,P2581,2024-12-07,Late delivery,4217.22
R5446,O551586,C112970,P2720,2023-05-02,Late delivery,8251.91
R5447,O504587,C113079,P2456,2025-12-10,Better price found elsewhere,2639.87
R5448,O557137,C105077,P2331,2024-06-25,Not Specified,15233.59
R5449,O534477,C104598,P2694,2026-01-13,Changed my mind,18918.2
R5450,O532431,C105832,P2184,2025-09-14,Changed my mind,3541.76
R5451,O543313,C103457,P2583,2025-09-02,Better price found elsewhere,14072.14
R5452,O516073,C108384,P2369,2025-04-04,Not as described,11231.42
R5453,O536778,C100891,P2038,2026-01-01,Not Specified,7253.97
R5454,O552595,C102446,P2352,2023-05-26,Wrong item delivered,12528.96
